level_id,session_date,created_at,expiry_at,physical_touch,side,eligibility,skip_reason,position_state,sal_state,entry_time,exit_time,entry_price,exit_price,anchor,cap,exit_reason,pnl
0_upper,2018-01-03,2018-01-02 10:30:00-05:00,2018-01-30 10:30:00-05:00,2018-01-03 03:21:00-05:00,upper,executed,,flat,inactive,2018-01-03 03:21:00-05:00,2018-01-03 08:55:00-05:00,6527.385270858703,6521.010270858703,4.25,6.375,TP,6.375
1_upper,2018-01-03,2018-01-03 10:30:00-05:00,2018-01-31 10:30:00-05:00,2018-01-03 12:51:00-05:00,upper,skipped,blocked_time,n/a,n/a,,,,,,,,
2_upper,2018-01-04,2018-01-04 10:30:00-05:00,2018-02-01 10:30:00-05:00,2018-01-05 11:16:00-05:00,upper,skipped,blocked_time,n/a,n/a,,,,,,,,
3_upper,2018-01-05,2018-01-05 10:30:00-05:00,2018-02-02 10:30:00-05:00,2018-01-05 15:48:00-05:00,upper,skipped,no_cutoff,n/a,n/a,,,,,,,,
4_upper,2018-01-09,2018-01-08 10:30:00-05:00,2018-02-05 10:30:00-05:00,2018-01-09 08:28:00-05:00,upper,executed,,flat,inactive,2018-01-09 08:28:00-05:00,2018-01-09 09:35:00-05:00,6701.613486663663,6692.988486663663,5.75,8.625,TP,8.625
5_lower,2018-01-10,2018-01-09 10:30:00-05:00,2018-02-06 10:30:00-05:00,2018-01-10 05:59:00-05:00,lower,executed,,flat,inactive,2018-01-10 05:59:00-05:00,2018-01-10 07:02:00-05:00,6644.602837157447,6644.602837157447,7.0,10.5,BE,0.0
4_lower,2018-01-10,2018-01-08 10:30:00-05:00,2018-02-05 10:30:00-05:00,2018-01-10 10:02:00-05:00,lower,executed,,flat,inactive,2018-01-10 10:02:00-05:00,2018-01-10 15:00:00-05:00,6629.011513336337,6662.0,35.5,53.25,cutoff,32.988486663663025
6_upper,2018-01-10,2018-01-10 10:30:00-05:00,2018-02-07 10:30:00-05:00,2018-01-11 12:37:00-05:00,upper,skipped,blocked_time,n/a,n/a,,,,,,,,
7_upper,2018-01-11,2018-01-11 10:30:00-05:00,2018-02-08 10:30:00-05:00,2018-01-11 16:00:00-05:00,upper,skipped,no_cutoff,n/a,n/a,,,,,,,,
5_upper,2018-01-12,2018-01-09 10:30:00-05:00,2018-02-06 10:30:00-05:00,2018-01-12 03:25:00-05:00,upper,executed,,flat,inactive,2018-01-12 03:25:00-05:00,2018-01-12 04:13:00-05:00,6741.522162842553,6741.522162842553,6.25,9.375,BE,-0.0
8_upper,2018-01-12,2018-01-12 10:30:00-05:00,2018-02-09 10:30:00-05:00,2018-01-12 12:53:00-05:00,upper,skipped,blocked_time,n/a,n/a,,,,,,,,
9_upper,2018-01-16,2018-01-15 10:30:00-05:00,2018-02-12 10:30:00-05:00,2018-01-16 04:51:00-05:00,upper,executed,,flat,inactive,2018-01-16 04:51:00-05:00,2018-01-16 09:31:00-05:00,6807.90194903661,6821.40194903661,9.0,13.5,SL,-13.5
10_lower,2018-01-16,2018-01-16 10:30:00-05:00,2018-02-13 10:30:00-05:00,2018-01-16 13:52:00-05:00,lower,skipped,blocked_time,n/a,n/a,,,,,,,,
9_lower,2018-01-15,2018-01-15 10:30:00-05:00,2018-02-12 10:30:00-05:00,2018-01-16 14:18:00-05:00,lower,skipped,blocked_time,n/a,n/a,,,,,,,,
11_upper,2018-01-17,2018-01-17 10:30:00-05:00,2018-02-14 10:30:00-05:00,2018-01-17 14:47:00-05:00,upper,skipped,blocked_time,n/a,n/a,,,,,,,,
12_upper,2018-01-22,2018-01-18 10:30:00-05:00,2018-02-15 10:30:00-05:00,2018-01-22 10:09:00-05:00,upper,executed,,flat,inactive,2018-01-22 10:09:00-05:00,2018-01-22 12:05:00-05:00,6861.2634332827965,6896.8884332827965,23.75,35.625,SL,-35.625
10_upper,2018-01-16,2018-01-16 10:30:00-05:00,2018-02-13 10:30:00-05:00,2018-01-22 10:11:00-05:00,upper,skipped,position_open,open,active,,,,,,,,
13_upper,2018-01-19,2018-01-19 10:30:00-05:00,2018-02-16 10:30:00-05:00,2018-01-22 12:05:00-05:00,upper,skipped,blocked_time,n/a,n/a,,,,,,,,
14_upper,2018-01-22,2018-01-22 10:30:00-05:00,2018-02-19 10:30:00-05:00,2018-01-22 15:49:00-05:00,upper,skipped,no_cutoff,n/a,n/a,,,,,,,,
15_upper,2018-01-24,2018-01-23 10:30:00-05:00,2018-02-20 10:30:00-05:00,2018-01-24 10:13:00-05:00,upper,executed,,flat,inactive,2018-01-24 10:13:00-05:00,2018-01-24 11:14:00-05:00,6996.916751578545,6954.541751578545,28.25,42.375,TP,42.375
16_lower,2018-01-24,2018-01-24 10:30:00-05:00,2018-02-21 10:30:00-05:00,2018-01-24 11:33:00-05:00,lower,skipped,blocked_time,n/a,n/a,,,,,,,,
15_lower,2018-01-23,2018-01-23 10:30:00-05:00,2018-02-20 10:30:00-05:00,2018-01-24 13:16:00-05:00,lower,skipped,blocked_time,n/a,n/a,,,,,,,,
18_upper,2018-01-26,2018-01-26 10:30:00-05:00,2018-02-23 10:30:00-05:00,2018-01-26 15:12:00-05:00,upper,skipped,no_cutoff,n/a,n/a,,,,,,,,
17_upper,2018-01-25,2018-01-25 10:30:00-05:00,2018-02-22 10:30:00-05:00,2018-01-28 18:04:00-05:00,upper,skipped,no_anchor,n/a,n/a,,,,,,,,
16_upper,2018-01-24,2018-01-24 10:30:00-05:00,2018-02-21 10:30:00-05:00,2018-01-28 18:16:00-05:00,upper,skipped,no_anchor,n/a,n/a,,,,,,,,
19_lower,2018-01-30,2018-01-29 10:30:00-05:00,2018-02-26 10:30:00-05:00,2018-01-29 22:52:00-05:00,lower,executed,,flat,inactive,2018-01-29 22:52:00-05:00,2018-01-29 23:13:00-05:00,6959.073113519298,6950.823113519298,5.5,8.25,SL,-8.25
18_lower,2018-01-26,2018-01-26 10:30:00-05:00,2018-02-23 10:30:00-05:00,2018-01-30 09:30:00-05:00,lower,skipped,SAL,n/a,active,,,,,,,,
21_lower,2018-01-31,2018-01-31 10:30:00-05:00,2018-02-28 10:30:00-05:00,2018-01-31 15:05:00-05:00,lower,skipped,no_cutoff,n/a,n/a,,,,,,,,
17_lower,2018-01-25,2018-01-25 10:30:00-05:00,2018-02-22 10:30:00-05:00,2018-02-01 15:40:00-05:00,lower,skipped,no_cutoff,n/a,n/a,,,,,,,,
20_lower,2018-02-02,2018-01-30 10:30:00-05:00,2018-02-27 10:30:00-05:00,2018-02-02 05:12:00-05:00,lower,executed,,flat,inactive,2018-02-02 05:12:00-05:00,2018-02-02 06:29:00-05:00,6860.856992597841,6860.856992597841,31.0,46.5,BE,0.0
22_lower,2018-02-02,2018-02-01 10:30:00-05:00,2018-03-01 10:30:00-05:00,2018-02-02 06:35:00-05:00,lower,executed,,flat,inactive,2018-02-02 06:35:00-05:00,2018-02-02 07:50:00-05:00,6854.004469975516,6879.879469975516,17.25,25.875,TP,25.875
14_lower,2018-01-22,2018-01-22 10:30:00-05:00,2018-02-19 10:30:00-05:00,2018-02-02 14:58:00-05:00,lower,skipped,blocked_time,n/a,n/a,,,,,,,,
13_lower,2018-01-19,2018-01-19 10:30:00-05:00,2018-02-16 10:30:00-05:00,2018-02-02 15:04:00-05:00,lower,skipped,no_cutoff,n/a,n/a,,,,,,,,
23_lower,2018-02-02,2018-02-02 10:30:00-05:00,2018-03-02 10:30:00-05:00,2018-02-02 15:58:00-05:00,lower,skipped,no_cutoff,n/a,n/a,,,,,,,,
12_lower,2018-01-18,2018-01-18 10:30:00-05:00,2018-02-15 10:30:00-05:00,2018-02-02 15:59:00-05:00,lower,skipped,no_cutoff,n/a,n/a,,,,,,,,
11_lower,2018-01-17,2018-01-17 10:30:00-05:00,2018-02-14 10:30:00-05:00,2018-02-04 18:00:00-05:00,lower,skipped,no_anchor,n/a,n/a,,,,,,,,
8_lower,2018-01-12,2018-01-12 10:30:00-05:00,2018-02-09 10:30:00-05:00,2018-02-05 14:47:00-05:00,lower,skipped,blocked_time,n/a,n/a,,,,,,,,
7_lower,2018-01-11,2018-01-11 10:30:00-05:00,2018-02-08 10:30:00-05:00,2018-02-05 14:51:00-05:00,lower,skipped,blocked_time,n/a,n/a,,,,,,,,
6_lower,2018-01-10,2018-01-10 10:30:00-05:00,2018-02-07 10:30:00-05:00,2018-02-05 15:04:00-05:00,lower,skipped,no_cutoff,n/a,n/a,,,,,,,,
24_lower,2018-02-05,2018-02-05 10:30:00-05:00,2018-03-05 10:30:00-05:00,2018-02-05 15:07:00-05:00,lower,skipped,no_cutoff,n/a,n/a,,,,,,,,
25_upper,2018-02-07,2018-02-06 10:30:00-05:00,2018-03-06 10:30:00-05:00,2018-02-07 10:15:00-05:00,upper,executed,,flat,inactive,2018-02-07 10:15:00-05:00,2018-02-07 11:01:00-05:00,6688.653843610658,6688.653843610658,44.75,67.125,BE,-0.0
26_lower,2018-02-07,2018-02-07 10:30:00-05:00,2018-03-07 10:30:00-05:00,2018-02-07 16:14:00-05:00,lower,skipped,no_cutoff,n/a,n/a,,,,,,,,
27_lower,2018-02-08,2018-02-08 10:30:00-05:00,2018-03-08 10:30:00-05:00,2018-02-08 10:52:00-05:00,lower,executed,,flat,inactive,2018-02-08 10:52:00-05:00,2018-02-08 12:55:00-05:00,6495.912817376062,6392.412817376062,69.0,103.5,SL,-103.5
28_lower,2018-02-09,2018-02-09 10:30:00-05:00,2018-03-09 10:30:00-05:00,2018-02-09 11:59:00-05:00,lower,skipped,blocked_time,n/a,n/a,,,,,,,,
25_lower,2018-02-06,2018-02-06 10:30:00-05:00,2018-03-06 10:30:00-05:00,2018-02-09 12:41:00-05:00,lower,skipped,blocked_time,n/a,n/a,,,,,,,,
28_upper,2018-02-12,2018-02-09 10:30:00-05:00,2018-03-09 10:30:00-05:00,2018-02-12 04:55:00-05:00,upper,executed,,flat,inactive,2018-02-12 04:55:00-05:00,2018-02-12 09:34:00-05:00,6498.455276795369,6498.455276795369,47.5,71.25,BE,-0.0
30_upper,2018-02-14,2018-02-13 10:30:00-05:00,2018-03-13 10:30:00-04:00,2018-02-14 02:33:00-05:00,upper,executed,,flat,inactive,2018-02-14 02:33:00-05:00,2018-02-14 02:35:00-05:00,6582.116241051749,6594.116241051749,8.0,12.0,SL,-12.0
29_upper,2018-02-12,2018-02-12 10:30:00-05:00,2018-03-12 10:30:00-04:00,2018-02-14 02:36:00-05:00,upper,skipped,SAL,n/a,active,,,,,,,,
31_upper,2018-02-14,2018-02-14 10:30:00-05:00,2018-03-14 10:30:00-04:00,2018-02-14 13:03:00-05:00,upper,skipped,blocked_time,n/a,n/a,,,,,,,,
27_upper,2018-02-08,2018-02-08 10:30:00-05:00,2018-03-08 10:30:00-05:00,2018-02-14 15:00:00-05:00,upper,skipped,no_cutoff,n/a,n/a,,,,,,,,
26_upper,2018-02-15,2018-02-07 10:30:00-05:00,2018-03-07 10:30:00-05:00,2018-02-15 09:52:00-05:00,upper,executed,,flat,inactive,2018-02-15 09:52:00-05:00,2018-02-15 10:43:00-05:00,6747.689415846846,6711.314415846846,24.25,36.375,TP,36.375
32_upper,2018-02-15,2018-02-15 10:30:00-05:00,2018-03-15 10:30:00-04:00,2018-02-15 16:00:00-05:00,upper,skipped,no_cutoff,n/a,n/a,,,,,,,,
34_lower,2018-02-20,2018-02-19 10:30:00-05:00,2018-03-19 10:30:00-04:00,2018-02-20 04:54:00-05:00,lower,executed,,flat,inactive,2018-02-20 04:54:00-05:00,2018-02-20 09:33:00-05:00,6734.499193113248,6765.249193113248,20.5,30.75,TP,30.75
33_lower,2018-02-16,2018-02-16 10:30:00-05:00,2018-03-16 10:30:00-04:00,2018-02-20 05:04:00-05:00,lower,skipped,position_open,open,inactive,,,,,,,,
35_upper,2018-02-21,2018-02-20 10:30:00-05:00,2018-03-20 10:30:00-04:00,2018-02-21 10:45:00-05:00,upper,executed,,flat,inactive,2018-02-21 10:45:00-05:00,2018-02-21 14:25:00-05:00,6844.588916165161,6884.338916165161,26.5,39.75,SL,-39.75
34_upper,2018-02-19,2018-02-19 10:30:00-05:00,2018-03-19 10:30:00-04:00,2018-02-21 11:32:00-05:00,upper,skipped,blocked_time,n/a,n/a,,,,,,,,
33_upper,2018-02-16,2018-02-16 10:30:00-05:00,2018-03-16 10:30:00-04:00,2018-02-21 11:33:00-05:00,upper,skipped,blocked_time,n/a,n/a,,,,,,,,
24_upper,2018-02-05,2018-02-05 10:30:00-05:00,2018-03-05 10:30:00-05:00,2018-02-21 14:00:00-05:00,upper,skipped,blocked_time,n/a,n/a,,,,,,,,
36_upper,2018-02-21,2018-02-21 10:30:00-05:00,2018-03-21 10:30:00-04:00,2018-02-21 14:24:00-05:00,upper,skipped,blocked_time,n/a,n/a,,,,,,,,
36_lower,2018-02-21,2018-02-21 10:30:00-05:00,2018-03-21 10:30:00-04:00,2018-02-21 16:00:00-05:00,lower,skipped,no_cutoff,n/a,n/a,,,,,,,,
37_upper,2018-02-22,2018-02-22 10:30:00-05:00,2018-03-22 10:30:00-04:00,2018-02-23 14:46:00-05:00,upper,skipped,blocked_time,n/a,n/a,,,,,,,,
38_upper,2018-02-23,2018-02-23 10:30:00-05:00,2018-03-23 10:30:00-04:00,2018-02-23 14:49:00-05:00,upper,skipped,blocked_time,n/a,n/a,,,,,,,,
23_upper,2018-02-26,2018-02-02 10:30:00-05:00,2018-03-02 10:30:00-05:00,2018-02-26 10:06:00-05:00,upper,executed,,flat,inactive,2018-02-26 10:06:00-05:00,2018-02-26 11:32:00-05:00,6965.4800541578115,6965.4800541578115,35.25,52.875,BE,-0.0
22_upper,2018-02-01,2018-02-01 10:30:00-05:00,2018-03-01 10:30:00-05:00,2018-02-26 16:07:00-05:00,upper,skipped,no_cutoff,n/a,n/a,,,,,,,,
20_upper,2018-01-30,2018-01-30 10:30:00-05:00,2018-02-27 10:30:00-05:00,2018-02-26 16:14:00-05:00,upper,skipped,no_cutoff,n/a,n/a,,,,,,,,
39_upper,2018-02-26,2018-02-26 10:30:00-05:00,2018-03-26 10:30:00-04:00,2018-02-26 16:14:00-05:00,upper,skipped,no_cutoff,n/a,n/a,,,,,,,,
40_lower,2018-02-27,2018-02-27 10:30:00-05:00,2018-03-27 10:30:00-04:00,2018-02-27 12:18:00-05:00,lower,skipped,blocked_time,n/a,n/a,,,,,,,,
39_lower,2018-02-26,2018-02-26 10:30:00-05:00,2018-03-26 10:30:00-04:00,2018-02-28 15:45:00-05:00,lower,skipped,no_cutoff,n/a,n/a,,,,,,,,
41_lower,2018-02-28,2018-02-28 10:30:00-05:00,2018-03-28 10:30:00-04:00,2018-02-28 15:45:00-05:00,lower,skipped,no_cutoff,n/a,n/a,,,,,,,,
38_lower,2018-02-23,2018-02-23 10:30:00-05:00,2018-03-23 10:30:00-04:00,2018-03-01 13:45:00-05:00,lower,skipped,blocked_time,n/a,n/a,,,,,,,,
42_lower,2018-03-01,2018-03-01 10:30:00-05:00,2018-03-29 10:30:00-04:00,2018-03-01 13:47:00-05:00,lower,skipped,blocked_time,n/a,n/a,,,,,,,,
37_lower,2018-02-22,2018-02-22 10:30:00-05:00,2018-03-22 10:30:00-04:00,2018-03-01 13:57:00-05:00,lower,skipped,blocked_time,n/a,n/a,,,,,,,,
35_lower,2018-03-02,2018-02-20 10:30:00-05:00,2018-03-20 10:30:00-04:00,2018-03-02 07:47:00-05:00,lower,executed,,flat,inactive,2018-03-02 07:47:00-05:00,2018-03-02 10:42:00-05:00,6681.286083834839,6724.411083834839,28.75,43.125,TP,43.125
32_lower,2018-02-15,2018-02-15 10:30:00-05:00,2018-03-15 10:30:00-04:00,2018-03-02 09:44:00-05:00,lower,skipped,position_open,open,inactive,,,,,,,,
43_upper,2018-03-02,2018-03-02 10:30:00-05:00,2018-04-02 10:30:00-04:00,2018-03-02 12:01:00-05:00,upper,skipped,blocked_time,n/a,n/a,,,,,,,,
44_upper,2018-03-05,2018-03-05 10:30:00-05:00,2018-04-03 10:30:00-04:00,2018-03-05 11:40:00-05:00,upper,skipped,blocked_time,n/a,n/a,,,,,,,,
45_lower,2018-03-06,2018-03-06 10:30:00-05:00,2018-04-04 10:30:00-04:00,2018-03-06 18:00:00-05:00,lower,skipped,no_anchor,n/a,n/a,,,,,,,,
46_upper,2018-03-08,2018-03-07 10:30:00-05:00,2018-04-05 10:30:00-04:00,2018-03-08 02:03:00-05:00,upper,executed,,flat,inactive,2018-03-08 02:03:00-05:00,2018-03-08 07:10:00-05:00,6942.228767742183,6958.728767742183,11.0,16.5,SL,-16.5
42_upper,2018-03-01,2018-03-01 10:30:00-05:00,2018-03-29 10:30:00-04:00,2018-03-08 09:08:00-05:00,upper,skipped,SAL,n/a,active,,,,,,,,
45_upper,2018-03-09,2018-03-06 10:30:00-05:00,2018-04-04 10:30:00-04:00,2018-03-08 19:00:00-05:00,upper,executed,,flat,inactive,2018-03-08 19:00:00-05:00,2018-03-08 19:46:00-05:00,7000.75,7000.75,16.0,24.0,BE,-0.0
41_upper,2018-03-09,2018-02-28 10:30:00-05:00,2018-03-28 10:30:00-04:00,2018-03-08 20:06:00-05:00,upper,executed,,flat,inactive,2018-03-08 20:06:00-05:00,2018-03-09 08:25:00-05:00,7011.102750111191,6989.727750111191,14.25,21.375,TP,21.375
47_upper,2018-03-08,2018-03-08 10:30:00-05:00,2018-04-06 10:30:00-04:00,2018-03-08 20:21:00-05:00,upper,skipped,position_open,open,inactive,,,,,,,,
40_upper,2018-03-09,2018-02-27 10:30:00-05:00,2018-03-27 10:30:00-04:00,2018-03-09 08:35:00-05:00,upper,executed,,flat,inactive,2018-03-09 08:35:00-05:00,2018-03-09 08:39:00-05:00,7054.752649835211,7045.002649835211,6.5,9.75,TP,9.75
48_upper,2018-03-09,2018-03-09 10:30:00-05:00,2018-04-09 10:30:00-04:00,2018-03-09 14:13:00-05:00,upper,skipped,blocked_time,n/a,n/a,,,,,,,,
49_upper,2018-03-13,2018-03-12 10:30:00-04:00,2018-04-10 10:30:00-04:00,2018-03-13 09:41:00-04:00,upper,executed,,flat,inactive,2018-03-13 09:41:00-04:00,2018-03-13 11:00:00-04:00,7209.175126088089,7158.175126088089,34.0,51.0,TP,51.0
50_lower,2018-03-13,2018-03-13 10:30:00-04:00,2018-04-11 10:30:00-04:00,2018-03-13 11:03:00-04:00,lower,skipped,blocked_time,n/a,n/a,,,,,,,,
49_lower,2018-03-12,2018-03-12 10:30:00-04:00,2018-04-10 10:30:00-04:00,2018-03-13 12:06:00-04:00,lower,skipped,blocked_time,n/a,n/a,,,,,,,,
51_lower,2018-03-15,2018-03-14 10:30:00-04:00,2018-04-12 10:30:00-04:00,2018-03-14 20:52:00-04:00,lower,executed,,flat,inactive,2018-03-14 20:52:00-04:00,2018-03-14 22:33:00-04:00,7035.004957374382,7056.004957374382,14.0,21.0,TP,21.0
53_lower,2018-03-19,2018-03-16 10:30:00-04:00,2018-04-16 10:30:00-04:00,2018-03-18 20:59:00-04:00,lower,executed,,flat,inactive,2018-03-18 20:59:00-04:00,2018-03-18 21:09:00-04:00,7020.538370639544,7007.413370639544,8.75,13.125,SL,-13.125
52_lower,2018-03-15,2018-03-15 10:30:00-04:00,2018-04-13 10:30:00-04:00,2018-03-19 01:01:00-04:00,lower,skipped,SAL,n/a,active,,,,,,,,
48_lower,2018-03-09,2018-03-09 10:30:00-05:00,2018-04-09 10:30:00-04:00,2018-03-19 01:09:00-04:00,lower,skipped,SAL,n/a,active,,,,,,,,
54_lower,2018-03-19,2018-03-19 10:30:00-04:00,2018-04-17 10:30:00-04:00,2018-03-19 11:01:00-04:00,lower,skipped,blocked_time,n/a,n/a,,,,,,,,
47_lower,2018-03-08,2018-03-08 10:30:00-05:00,2018-04-06 10:30:00-04:00,2018-03-19 11:05:00-04:00,lower,skipped,blocked_time,n/a,n/a,,,,,,,,
56_lower,2018-03-22,2018-03-21 10:30:00-04:00,2018-04-19 10:30:00-04:00,2018-03-22 03:51:00-04:00,lower,executed,,flat,inactive,2018-03-22 03:51:00-04:00,2018-03-22 05:01:00-04:00,6827.380387581346,6827.380387581346,26.75,40.125,BE,0.0
55_lower,2018-03-20,2018-03-20 10:30:00-04:00,2018-04-18 10:30:00-04:00,2018-03-22 03:57:00-04:00,lower,skipped,position_open,open,inactive,,,,,,,,
46_lower,2018-03-22,2018-03-07 10:30:00-05:00,2018-04-05 10:30:00-04:00,2018-03-22 05:53:00-04:00,lower,executed,,flat,inactive,2018-03-22 05:53:00-04:00,2018-03-22 06:46:00-04:00,6799.896232257817,6799.896232257817,26.5,39.75,BE,0.0
57_lower,2018-03-22,2018-03-22 10:30:00-04:00,2018-04-20 10:30:00-04:00,2018-03-22 15:45:00-04:00,lower,skipped,no_cutoff,n/a,n/a,,,,,,,,
44_lower,2018-03-05,2018-03-05 10:30:00-05:00,2018-04-03 10:30:00-04:00,2018-03-22 15:46:00-04:00,lower,skipped,no_cutoff,n/a,n/a,,,,,,,,
43_lower,2018-03-02,2018-03-02 10:30:00-05:00,2018-04-02 10:30:00-04:00,2018-03-23 14:58:00-04:00,lower,skipped,blocked_time,n/a,n/a,,,,,,,,
58_lower,2018-03-23,2018-03-23 10:30:00-04:00,2018-04-23 10:30:00-04:00,2018-03-23 14:58:00-04:00,lower,skipped,blocked_time,n/a,n/a,,,,,,,,
59_lower,2018-03-26,2018-03-26 10:30:00-04:00,2018-04-24 10:30:00-04:00,2018-03-26 11:18:00-04:00,lower,skipped,blocked_time,n/a,n/a,,,,,,,,
59_upper,2018-03-26,2018-03-26 10:30:00-04:00,2018-04-24 10:30:00-04:00,2018-03-26 15:32:00-04:00,upper,skipped,no_cutoff,n/a,n/a,,,,,,,,
58_upper,2018-03-23,2018-03-23 10:30:00-04:00,2018-04-23 10:30:00-04:00,2018-03-26 18:08:00-04:00,upper,skipped,no_anchor,n/a,n/a,,,,,,,,
60_lower,2018-03-27,2018-03-27 10:30:00-04:00,2018-04-25 10:30:00-04:00,2018-03-27 13:33:00-04:00,lower,skipped,blocked_time,n/a,n/a,,,,,,,,
62_upper,2018-03-29,2018-03-29 10:30:00-04:00,2018-04-27 10:30:00-04:00,2018-03-29 13:51:00-04:00,upper,skipped,blocked_time,n/a,n/a,,,,,,,,
61_upper,2018-03-28,2018-03-28 10:30:00-04:00,2018-04-26 10:30:00-04:00,2018-03-29 14:43:00-04:00,upper,skipped,blocked_time,n/a,n/a,,,,,,,,
63_lower,2018-04-02,2018-04-02 10:30:00-04:00,2018-04-30 10:30:00-04:00,2018-04-02 11:35:00-04:00,lower,skipped,blocked_time,n/a,n/a,,,,,,,,
62_lower,2018-03-29,2018-03-29 10:30:00-04:00,2018-04-27 10:30:00-04:00,2018-04-02 11:36:00-04:00,lower,skipped,blocked_time,n/a,n/a,,,,,,,,
61_lower,2018-03-28,2018-03-28 10:30:00-04:00,2018-04-26 10:30:00-04:00,2018-04-02 11:40:00-04:00,lower,skipped,blocked_time,n/a,n/a,,,,,,,,
65_upper,2018-04-04,2018-04-04 10:30:00-04:00,2018-05-02 10:30:00-04:00,2018-04-04 11:24:00-04:00,upper,skipped,blocked_time,n/a,n/a,,,,,,,,
64_upper,2018-04-03,2018-04-03 10:30:00-04:00,2018-05-01 10:30:00-04:00,2018-04-04 15:31:00-04:00,upper,skipped,no_cutoff,n/a,n/a,,,,,,,,
63_upper,2018-04-05,2018-04-02 10:30:00-04:00,2018-04-30 10:30:00-04:00,2018-04-05 03:20:00-04:00,upper,executed,,flat,inactive,2018-04-05 03:20:00-04:00,2018-04-05 05:32:00-04:00,6646.391509124816,6607.391509124816,26.0,39.0,TP,39.0
66_lower,2018-04-05,2018-04-05 10:30:00-04:00,2018-05-03 10:30:00-04:00,2018-04-05 18:55:00-04:00,lower,skipped,no_anchor,n/a,n/a,,,,,,,,
67_lower,2018-04-06,2018-04-06 10:30:00-04:00,2018-05-04 10:30:00-04:00,2018-04-06 14:08:00-04:00,lower,skipped,blocked_time,n/a,n/a,,,,,,,,
68_upper,2018-04-09,2018-04-09 10:30:00-04:00,2018-05-07 10:30:00-04:00,2018-04-09 12:07:00-04:00,upper,skipped,blocked_time,n/a,n/a,,,,,,,,
67_upper,2018-04-06,2018-04-06 10:30:00-04:00,2018-05-04 10:30:00-04:00,2018-04-10 15:10:00-04:00,upper,skipped,no_cutoff,n/a,n/a,,,,,,,,
69_upper,2018-04-10,2018-04-10 10:30:00-04:00,2018-05-08 10:30:00-04:00,2018-04-11 12:11:00-04:00,upper,skipped,blocked_time,n/a,n/a,,,,,,,,
70_upper,2018-04-12,2018-04-11 10:30:00-04:00,2018-05-09 10:30:00-04:00,2018-04-12 10:00:00-04:00,upper,executed,,flat,inactive,2018-04-12 10:00:00-04:00,2018-04-12 15:00:00-04:00,6675.72381656032,6678.0,47.25,70.875,cutoff,-2.2761834396796985
66_upper,2018-04-13,2018-04-05 10:30:00-04:00,2018-05-03 10:30:00-04:00,2018-04-13 09:02:00-04:00,upper,executed,,flat,inactive,2018-04-13 09:02:00-04:00,2018-04-13 10:08:00-04:00,6706.922112311857,6667.922112311857,26.0,39.0,TP,39.0
71_upper,2018-04-17,2018-04-12 10:30:00-04:00,2018-05-10 10:30:00-04:00,2018-04-16 20:32:00-04:00,upper,executed,,flat,inactive,2018-04-16 20:32:00-04:00,2018-04-16 21:07:00-04:00,6729.351261084411,6714.351261084411,10.0,15.0,TP,15.0
73_upper,2018-04-17,2018-04-16 10:30:00-04:00,2018-05-14 10:30:00-04:00,2018-04-17 00:58:00-04:00,upper,executed,,flat,inactive,2018-04-17 00:58:00-04:00,2018-04-17 01:44:00-04:00,6735.760630831166,6735.760630831166,8.75,13.125,BE,-0.0
72_upper,2018-04-17,2018-04-13 10:30:00-04:00,2018-05-11 10:30:00-04:00,2018-04-17 10:13:00-04:00,upper,executed,,flat,inactive,2018-04-17 10:13:00-04:00,2018-04-17 12:24:00-04:00,6778.631447073141,6822.881447073141,29.5,44.25,SL,-44.25
74_upper,2018-04-17,2018-04-17 10:30:00-04:00,2018-05-15 10:30:00-04:00,2018-04-17 11:27:00-04:00,upper,skipped,blocked_time,n/a,n/a,,,,,,,,
57_upper,2018-03-22,2018-03-22 10:30:00-04:00,2018-04-20 10:30:00-04:00,2018-04-18 14:51:00-04:00,upper,skipped,blocked_time,n/a,n/a,,,,,,,,
75_lower,2018-04-18,2018-04-18 10:30:00-04:00,2018-05-16 10:30:00-04:00,2018-04-19 11:59:00-04:00,lower,skipped,blocked_time,n/a,n/a,,,,,,,,
76_lower,2018-04-20,2018-04-19 10:30:00-04:00,2018-05-17 10:30:00-04:00,2018-04-20 03:30:00-04:00,lower,executed,,flat,inactive,2018-04-20 03:30:00-04:00,2018-04-20 06:53:00-04:00,6753.901510256249,6775.276510256249,14.25,21.375,TP,21.375
74_lower,2018-04-17,2018-04-17 10:30:00-04:00,2018-05-15 10:30:00-04:00,2018-04-20 11:03:00-04:00,lower,skipped,blocked_time,n/a,n/a,,,,,,,,
77_lower,2018-04-20,2018-04-20 10:30:00-04:00,2018-05-18 10:30:00-04:00,2018-04-20 11:26:00-04:00,lower,skipped,blocked_time,n/a,n/a,,,,,,,,
78_lower,2018-04-23,2018-04-23 10:30:00-04:00,2018-05-21 10:30:00-04:00,2018-04-23 14:53:00-04:00,lower,skipped,blocked_time,n/a,n/a,,,,,,,,
73_lower,2018-04-24,2018-04-16 10:30:00-04:00,2018-05-14 10:30:00-04:00,2018-04-24 10:32:00-04:00,lower,executed,,flat,inactive,2018-04-24 10:32:00-04:00,2018-04-24 12:28:00-04:00,6611.614369168834,6539.614369168834,48.0,72.0,SL,-72.0
72_lower,2018-04-13,2018-04-13 10:30:00-04:00,2018-05-11 10:30:00-04:00,2018-04-24 11:01:00-04:00,lower,skipped,blocked_time,n/a,n/a,,,,,,,,
79_lower,2018-04-24,2018-04-24 10:30:00-04:00,2018-05-22 10:30:00-04:00,2018-04-24 11:05:00-04:00,lower,skipped,blocked_time,n/a,n/a,,,,,,,,
71_lower,2018-04-12,2018-04-12 10:30:00-04:00,2018-05-10 10:30:00-04:00,2018-04-24 11:18:00-04:00,lower,skipped,blocked_time,n/a,n/a,,,,,,,,
70_lower,2018-04-11,2018-04-11 10:30:00-04:00,2018-05-09 10:30:00-04:00,2018-04-24 12:35:00-04:00,lower,skipped,blocked_time,n/a,n/a,,,,,,,,
69_lower,2018-04-10,2018-04-10 10:30:00-04:00,2018-05-08 10:30:00-04:00,2018-04-24 13:59:00-04:00,lower,skipped,blocked_time,n/a,n/a,,,,,,,,
80_upper,2018-04-26,2018-04-25 10:30:00-04:00,2018-05-23 10:30:00-04:00,2018-04-25 20:17:00-04:00,upper,executed,,flat,inactive,2018-04-25 20:17:00-04:00,2018-04-26 01:13:00-04:00,6604.400839902133,6585.650839902133,12.5,18.75,TP,18.75
81_upper,2018-04-26,2018-04-26 10:30:00-04:00,2018-05-24 10:30:00-04:00,2018-04-26 16:01:00-04:00,upper,skipped,no_cutoff,n/a,n/a,,,,,,,,
78_upper,2018-04-27,2018-04-23 10:30:00-04:00,2018-05-21 10:30:00-04:00,2018-04-27 08:00:00-04:00,upper,executed,,flat,inactive,2018-04-27 08:00:00-04:00,2018-04-27 09:34:00-04:00,6756.652413219133,6733.777413219133,15.25,22.875,TP,22.875
79_upper,2018-04-24,2018-04-24 10:30:00-04:00,2018-05-22 10:30:00-04:00,2018-04-27 08:03:00-04:00,upper,skipped,position_open,open,inactive,,,,,,,,
83_lower,2018-04-30,2018-04-30 10:30:00-04:00,2018-05-28 10:30:00-04:00,2018-04-30 12:03:00-04:00,lower,skipped,blocked_time,n/a,n/a,,,,,,,,
82_lower,2018-04-27,2018-04-27 10:30:00-04:00,2018-05-25 10:30:00-04:00,2018-04-30 12:08:00-04:00,lower,skipped,blocked_time,n/a,n/a,,,,,,,,
84_upper,2018-05-01,2018-05-01 10:30:00-04:00,2018-05-29 10:30:00-04:00,2018-05-01 15:47:00-04:00,upper,skipped,no_cutoff,n/a,n/a,,,,,,,,
85_lower,2018-05-02,2018-05-02 10:30:00-04:00,2018-05-30 10:30:00-04:00,2018-05-02 16:09:00-04:00,lower,skipped,no_cutoff,n/a,n/a,,,,,,,,
86_lower,2018-05-03,2018-05-03 10:30:00-04:00,2018-05-31 10:30:00-04:00,2018-05-03 10:56:00-04:00,lower,executed,,flat,inactive,2018-05-03 10:56:00-04:00,2018-05-03 12:41:00-04:00,6538.742395885829,6611.492395885829,48.5,72.75,TP,72.75
86_upper,2018-05-04,2018-05-03 10:30:00-04:00,2018-05-31 10:30:00-04:00,2018-05-04 10:12:00-04:00,upper,executed,,flat,inactive,2018-05-04 10:12:00-04:00,2018-05-04 13:56:00-04:00,6684.007604114171,6764.257604114171,53.5,80.25,SL,-80.25
87_upper,2018-05-04,2018-05-04 10:30:00-04:00,2018-06-01 10:30:00-04:00,2018-05-04 10:43:00-04:00,upper,skipped,position_open,open,active,,,,,,,,
83_upper,2018-04-30,2018-04-30 10:30:00-04:00,2018-05-28 10:30:00-04:00,2018-05-04 11:29:00-04:00,upper,skipped,blocked_time,n/a,n/a,,,,,,,,
85_upper,2018-05-02,2018-05-02 10:30:00-04:00,2018-05-30 10:30:00-04:00,2018-05-04 11:35:00-04:00,upper,skipped,blocked_time,n/a,n/a,,,,,,,,
77_upper,2018-05-07,2018-04-20 10:30:00-04:00,2018-05-18 10:30:00-04:00,2018-05-06 23:29:00-04:00,upper,executed,,flat,inactive,2018-05-06 23:29:00-04:00,2018-05-07 11:25:00-04:00,6820.683852984341,6848.433852984341,18.5,27.75,SL,-27.75
82_upper,2018-04-27,2018-04-27 10:30:00-04:00,2018-05-25 10:30:00-04:00,2018-05-07 09:43:00-04:00,upper,skipped,position_open,open,active,,,,,,,,
76_upper,2018-04-19,2018-04-19 10:30:00-04:00,2018-05-17 10:30:00-04:00,2018-05-09 12:31:00-04:00,upper,skipped,blocked_time,n/a,n/a,,,,,,,,
89_upper,2018-05-08,2018-05-08 10:30:00-04:00,2018-06-05 10:30:00-04:00,2018-05-09 12:35:00-04:00,upper,skipped,blocked_time,n/a,n/a,,,,,,,,
88_upper,2018-05-07,2018-05-07 10:30:00-04:00,2018-06-04 10:30:00-04:00,2018-05-09 12:48:00-04:00,upper,skipped,blocked_time,n/a,n/a,,,,,,,,
90_upper,2018-05-09,2018-05-09 10:30:00-04:00,2018-06-06 10:30:00-04:00,2018-05-09 13:28:00-04:00,upper,skipped,blocked_time,n/a,n/a,,,,,,,,
75_upper,2018-04-18,2018-04-18 10:30:00-04:00,2018-05-16 10:30:00-04:00,2018-05-09 13:33:00-04:00,upper,skipped,blocked_time,n/a,n/a,,,,,,,,
91_upper,2018-05-10,2018-05-10 10:30:00-04:00,2018-06-07 10:30:00-04:00,2018-05-10 13:00:00-04:00,upper,skipped,blocked_time,n/a,n/a,,,,,,,,
92_upper,2018-05-14,2018-05-11 10:30:00-04:00,2018-06-08 10:30:00-04:00,2018-05-14 10:13:00-04:00,upper,executed,,flat,inactive,2018-05-14 10:13:00-04:00,2018-05-14 11:02:00-04:00,7002.777112785576,7002.777112785576,27.25,40.875,BE,-0.0
93_lower,2018-05-15,2018-05-14 10:30:00-04:00,2018-06-11 10:30:00-04:00,2018-05-15 08:37:00-04:00,lower,executed,,flat,inactive,2018-05-15 08:37:00-04:00,2018-05-15 09:32:00-04:00,6933.870194435114,6902.370194435114,21.0,31.5,SL,-31.5
92_lower,2018-05-11,2018-05-11 10:30:00-04:00,2018-06-08 10:30:00-04:00,2018-05-15 08:56:00-04:00,lower,skipped,position_open,open,active,,,,,,,,
91_lower,2018-05-10,2018-05-10 10:30:00-04:00,2018-06-07 10:30:00-04:00,2018-05-15 09:42:00-04:00,lower,skipped,SAL,n/a,active,,,,,,,,
95_upper,2018-05-16,2018-05-16 10:30:00-04:00,2018-06-13 10:30:00-04:00,2018-05-16 12:35:00-04:00,upper,skipped,blocked_time,n/a,n/a,,,,,,,,
96_lower,2018-05-18,2018-05-17 10:30:00-04:00,2018-06-14 10:30:00-04:00,2018-05-18 10:05:00-04:00,lower,executed,,flat,inactive,2018-05-18 10:05:00-04:00,2018-05-18 15:00:00-04:00,6867.81029426583,6881.75,27.0,40.5,cutoff,13.939705734170275
97_upper,2018-05-18,2018-05-18 10:30:00-04:00,2018-06-15 10:30:00-04:00,2018-05-20 18:00:00-04:00,upper,skipped,no_anchor,n/a,n/a,,,,,,,,
98_lower,2018-05-21,2018-05-21 10:30:00-04:00,2018-06-18 10:30:00-04:00,2018-05-21 11:34:00-04:00,lower,skipped,blocked_time,n/a,n/a,,,,,,,,
99_lower,2018-05-23,2018-05-22 10:30:00-04:00,2018-06-19 10:30:00-04:00,2018-05-22 21:51:00-04:00,lower,executed,,flat,inactive,2018-05-22 21:51:00-04:00,2018-05-22 22:52:00-04:00,6876.233392888157,6876.233392888157,10.25,15.375,BE,0.0
95_lower,2018-05-23,2018-05-16 10:30:00-04:00,2018-06-13 10:30:00-04:00,2018-05-23 03:24:00-04:00,lower,executed,,flat,inactive,2018-05-23 03:24:00-04:00,2018-05-23 04:22:00-04:00,6858.353865808161,6840.353865808161,12.0,18.0,SL,-18.0
97_lower,2018-05-18,2018-05-18 10:30:00-04:00,2018-06-15 10:30:00-04:00,2018-05-23 04:22:00-04:00,lower,skipped,SAL,n/a,active,,,,,,,,
94_lower,2018-05-15,2018-05-15 10:30:00-04:00,2018-06-12 10:30:00-04:00,2018-05-23 05:41:00-04:00,lower,skipped,SAL,n/a,active,,,,,,,,
100_upper,2018-05-23,2018-05-23 10:30:00-04:00,2018-06-20 10:30:00-04:00,2018-05-23 14:06:00-04:00,upper,skipped,blocked_time,n/a,n/a,,,,,,,,
96_upper,2018-05-17,2018-05-17 10:30:00-04:00,2018-06-14 10:30:00-04:00,2018-05-24 03:19:00-04:00,upper,skipped,simultaneous_collision,flat,inactive,,,,,,,,
94_upper,2018-05-24,2018-05-15 10:30:00-04:00,2018-06-12 10:30:00-04:00,2018-05-24 03:19:00-04:00,upper,executed,,flat,inactive,2018-05-24 03:19:00-04:00,2018-05-24 08:26:00-04:00,6968.1184169210355,6943.3684169210355,16.5,24.75,TP,24.75
99_upper,2018-05-22,2018-05-22 10:30:00-04:00,2018-06-19 10:30:00-04:00,2018-05-24 21:33:00-04:00,upper,skipped,simultaneous_collision,flat,inactive,,,,,,,,
98_upper,2018-05-25,2018-05-21 10:30:00-04:00,2018-06-18 10:30:00-04:00,2018-05-24 21:33:00-04:00,upper,executed,,flat,inactive,2018-05-24 21:33:00-04:00,2018-05-24 21:33:00-04:00,6981.877224652335,6999.502224652335,11.75,17.625,SL,-17.625
103_lower,2018-05-29,2018-05-28 10:30:00-04:00,2018-06-25 10:30:00-04:00,2018-05-29 02:46:00-04:00,lower,executed,,flat,inactive,2018-05-29 02:46:00-04:00,2018-05-29 03:34:00-04:00,6939.803596409367,6939.803596409367,12.75,19.125,BE,0.0
102_lower,2018-05-29,2018-05-25 10:30:00-04:00,2018-06-22 10:30:00-04:00,2018-05-29 04:31:00-04:00,lower,executed,,flat,inactive,2018-05-29 04:31:00-04:00,2018-05-29 09:46:00-04:00,6904.222584420282,6948.097584420282,29.25,43.875,TP,43.875
104_upper,2018-05-31,2018-05-29 10:30:00-04:00,2018-06-26 10:30:00-04:00,2018-05-31 04:29:00-04:00,upper,executed,,flat,inactive,2018-05-31 04:29:00-04:00,2018-05-31 09:07:00-04:00,7003.320671408351,6978.945671408351,16.25,24.375,TP,24.375
101_upper,2018-05-24,2018-05-24 10:30:00-04:00,2018-06-21 10:30:00-04:00,2018-05-31 11:40:00-04:00,upper,skipped,blocked_time,n/a,n/a,,,,,,,,
102_upper,2018-05-25,2018-05-25 10:30:00-04:00,2018-06-22 10:30:00-04:00,2018-05-31 11:40:00-04:00,upper,skipped,blocked_time,n/a,n/a,,,,,,,,
103_upper,2018-05-28,2018-05-28 10:30:00-04:00,2018-06-25 10:30:00-04:00,2018-05-31 11:40:00-04:00,upper,skipped,blocked_time,n/a,n/a,,,,,,,,
105_upper,2018-05-30,2018-05-30 10:30:00-04:00,2018-06-27 10:30:00-04:00,2018-05-31 11:40:00-04:00,upper,skipped,blocked_time,n/a,n/a,,,,,,,,
106_upper,2018-05-31,2018-05-31 10:30:00-04:00,2018-06-28 10:30:00-04:00,2018-06-01 09:35:00-04:00,upper,skipped,simultaneous_collision,flat,inactive,,,,,,,,
93_upper,2018-06-01,2018-05-14 10:30:00-04:00,2018-06-11 10:30:00-04:00,2018-06-01 09:35:00-04:00,upper,executed,,flat,inactive,2018-06-01 09:35:00-04:00,2018-06-01 10:50:00-04:00,7031.254805564886,7063.879805564886,21.75,32.625,SL,-32.625
107_upper,2018-06-04,2018-06-01 10:30:00-04:00,2018-06-29 10:30:00-04:00,2018-06-03 20:18:00-04:00,upper,executed,,flat,inactive,2018-06-03 20:18:00-04:00,2018-06-04 03:48:00-04:00,7090.753037036667,7114.003037036667,15.5,23.25,SL,-23.25
108_upper,2018-06-05,2018-06-04 10:30:00-04:00,2018-07-02 10:30:00-04:00,2018-06-05 04:00:00-04:00,upper,executed,,flat,inactive,2018-06-05 04:00:00-04:00,2018-06-05 10:04:00-04:00,7155.880085892779,7179.880085892779,16.0,24.0,SL,-24.0
109_upper,2018-06-05,2018-06-05 10:30:00-04:00,2018-07-03 10:30:00-04:00,2018-06-06 16:00:00-04:00,upper,skipped,no_cutoff,n/a,n/a,,,,,,,,
110_upper,2018-06-07,2018-06-06 10:30:00-04:00,2018-07-04 10:30:00-04:00,2018-06-07 02:29:00-04:00,upper,executed,,flat,inactive,2018-06-07 02:29:00-04:00,2018-06-07 02:47:00-04:00,7229.0656844758205,7233.9406844758205,3.25,4.875,SL,-4.875
111_lower,2018-06-07,2018-06-07 10:30:00-04:00,2018-07-05 10:30:00-04:00,2018-06-07 10:48:00-04:00,lower,skipped,SAL,n/a,active,,,,,,,,
109_lower,2018-06-05,2018-06-05 10:30:00-04:00,2018-07-03 10:30:00-04:00,2018-06-07 13:39:00-04:00,lower,skipped,blocked_time,n/a,n/a,,,,,,,,
110_lower,2018-06-08,2018-06-06 10:30:00-04:00,2018-07-04 10:30:00-04:00,2018-06-08 04:08:00-04:00,lower,executed,,flat,inactive,2018-06-08 04:08:00-04:00,2018-06-08 05:00:00-04:00,7115.8093155241795,7115.8093155241795,27.25,40.875,BE,0.0
112_upper,2018-06-11,2018-06-08 10:30:00-04:00,2018-07-06 10:30:00-04:00,2018-06-11 09:42:00-04:00,upper,executed,,flat,inactive,2018-06-11 09:42:00-04:00,2018-06-11 10:30:00-04:00,7189.372230520117,7172.872230520117,11.0,16.5,TP,16.5
113_upper,2018-06-11,2018-06-11 10:30:00-04:00,2018-07-09 10:30:00-04:00,2018-06-12 11:39:00-04:00,upper,skipped,blocked_time,n/a,n/a,,,,,,,,
114_upper,2018-06-12,2018-06-12 10:30:00-04:00,2018-07-10 10:30:00-04:00,2018-06-12 18:26:00-04:00,upper,skipped,no_cutoff,n/a,n/a,,,,,,,,
111_upper,2018-06-13,2018-06-07 10:30:00-04:00,2018-07-05 10:30:00-04:00,2018-06-13 10:15:00-04:00,upper,executed,,flat,inactive,2018-06-13 10:15:00-04:00,2018-06-13 11:37:00-04:00,7265.87127915255,7288.37127915255,15.0,22.5,SL,-22.5
115_lower,2018-06-14,2018-06-13 10:30:00-04:00,2018-07-11 10:30:00-04:00,2018-06-14 03:17:00-04:00,lower,executed,,flat,inactive,2018-06-14 03:17:00-04:00,2018-06-14 04:41:00-04:00,7205.589828886957,7222.089828886957,11.0,16.5,TP,16.5
115_upper,2018-06-14,2018-06-13 10:30:00-04:00,2018-07-11 10:30:00-04:00,2018-06-14 10:06:00-04:00,upper,executed,,flat,inactive,2018-06-14 10:06:00-04:00,2018-06-14 11:25:00-04:00,7296.785171113043,7296.785171113043,33.0,49.5,BE,-0.0
117_lower,2018-06-18,2018-06-15 10:30:00-04:00,2018-07-13 10:30:00-04:00,2018-06-18 07:53:00-04:00,lower,executed,,flat,inactive,2018-06-18 07:53:00-04:00,2018-06-18 09:30:00-04:00,7223.173093706026,7223.173093706026,19.25,28.875,BE,0.0
116_lower,2018-06-18,2018-06-14 10:30:00-04:00,2018-07-12 10:30:00-04:00,2018-06-18 09:33:00-04:00,lower,executed,,flat,inactive,2018-06-18 09:33:00-04:00,2018-06-18 09:48:00-04:00,7215.829738208779,7238.329738208779,15.0,22.5,TP,22.5
118_lower,2018-06-19,2018-06-18 10:30:00-04:00,2018-07-16 10:30:00-04:00,2018-06-19 03:05:00-04:00,lower,executed,,flat,inactive,2018-06-19 03:05:00-04:00,2018-06-19 06:20:00-04:00,7178.06859293047,7205.06859293047,18.0,27.0,TP,27.0
114_lower,2018-06-12,2018-06-12 10:30:00-04:00,2018-07-10 10:30:00-04:00,2018-06-19 03:08:00-04:00,lower,skipped,position_open,open,inactive,,,,,,,,
119_upper,2018-06-19,2018-06-19 10:30:00-04:00,2018-07-17 10:30:00-04:00,2018-06-19 16:50:00-04:00,upper,skipped,no_cutoff,n/a,n/a,,,,,,,,
118_upper,2018-06-20,2018-06-18 10:30:00-04:00,2018-07-16 10:30:00-04:00,2018-06-20 08:49:00-04:00,upper,executed,,flat,inactive,2018-06-20 08:49:00-04:00,2018-06-20 09:35:00-04:00,7282.18140706953,7297.55640706953,10.25,15.375,SL,-15.375
117_upper,2018-06-15,2018-06-15 10:30:00-04:00,2018-07-13 10:30:00-04:00,2018-06-20 12:03:00-04:00,upper,skipped,blocked_time,n/a,n/a,,,,,,,,
116_upper,2018-06-14,2018-06-14 10:30:00-04:00,2018-07-12 10:30:00-04:00,2018-06-20 14:18:00-04:00,upper,skipped,blocked_time,n/a,n/a,,,,,,,,
120_upper,2018-06-20,2018-06-20 10:30:00-04:00,2018-07-18 10:30:00-04:00,2018-06-20 14:18:00-04:00,upper,skipped,blocked_time,n/a,n/a,,,,,,,,
120_lower,2018-06-21,2018-06-20 10:30:00-04:00,2018-07-18 10:30:00-04:00,2018-06-21 10:19:00-04:00,lower,executed,,flat,inactive,2018-06-21 10:19:00-04:00,2018-06-21 12:37:00-04:00,7245.439050356511,7245.439050356511,32.25,48.375,BE,0.0
121_lower,2018-06-22,2018-06-21 10:30:00-04:00,2018-07-19 10:30:00-04:00,2018-06-22 10:27:00-04:00,lower,executed,,flat,inactive,2018-06-22 10:27:00-04:00,2018-06-22 15:00:00-04:00,7204.638346338454,7240.5,54.5,81.75,cutoff,35.86165366154637
122_lower,2018-06-25,2018-06-22 10:30:00-04:00,2018-07-20 10:30:00-04:00,2018-06-25 04:28:00-04:00,lower,executed,,flat,inactive,2018-06-25 04:28:00-04:00,2018-06-25 06:35:00-04:00,7166.927475400718,7144.052475400718,15.25,22.875,SL,-22.875
113_lower,2018-06-11,2018-06-11 10:30:00-04:00,2018-07-09 10:30:00-04:00,2018-06-25 09:38:00-04:00,lower,skipped,SAL,n/a,active,,,,,,,,
119_lower,2018-06-19,2018-06-19 10:30:00-04:00,2018-07-17 10:30:00-04:00,2018-06-25 09:48:00-04:00,lower,skipped,SAL,n/a,active,,,,,,,,
112_lower,2018-06-08,2018-06-08 10:30:00-04:00,2018-07-06 10:30:00-04:00,2018-06-25 10:11:00-04:00,lower,skipped,SAL,n/a,active,,,,,,,,
108_lower,2018-06-04,2018-06-04 10:30:00-04:00,2018-07-02 10:30:00-04:00,2018-06-25 11:23:00-04:00,lower,skipped,blocked_time,n/a,n/a,,,,,,,,
123_lower,2018-06-25,2018-06-25 10:30:00-04:00,2018-07-23 10:30:00-04:00,2018-06-25 12:01:00-04:00,lower,skipped,blocked_time,n/a,n/a,,,,,,,,
125_lower,2018-06-27,2018-06-27 10:30:00-04:00,2018-07-25 10:30:00-04:00,2018-06-27 13:09:00-04:00,lower,skipped,blocked_time,n/a,n/a,,,,,,,,
124_lower,2018-06-26,2018-06-26 10:30:00-04:00,2018-07-24 10:30:00-04:00,2018-06-27 15:10:00-04:00,lower,skipped,no_cutoff,n/a,n/a,,,,,,,,
126_upper,2018-06-28,2018-06-28 10:30:00-04:00,2018-07-26 10:30:00-04:00,2018-06-28 15:08:00-04:00,upper,skipped,no_cutoff,n/a,n/a,,,,,,,,
127_lower,2018-07-02,2018-06-29 10:30:00-04:00,2018-07-27 10:30:00-04:00,2018-07-02 02:00:00-04:00,lower,executed,,flat,inactive,2018-07-02 02:00:00-04:00,2018-07-02 03:45:00-04:00,7029.050884448943,6992.675884448943,24.25,36.375,SL,-36.375
128_upper,2018-07-02,2018-07-02 10:30:00-04:00,2018-07-30 10:30:00-04:00,2018-07-02 14:30:00-04:00,upper,skipped,blocked_time,n/a,n/a,,,,,,,,
127_upper,2018-07-03,2018-06-29 10:30:00-04:00,2018-07-27 10:30:00-04:00,2018-07-03 06:42:00-04:00,upper,executed,,flat,inactive,2018-07-03 06:42:00-04:00,2018-07-03 07:28:00-04:00,7154.574115551057,7154.574115551057,12.25,18.375,BE,-0.0
124_upper,2018-07-03,2018-06-26 10:30:00-04:00,2018-07-24 10:30:00-04:00,2018-07-03 07:36:00-04:00,upper,executed,,flat,inactive,2018-07-03 07:36:00-04:00,2018-07-03 09:30:00-04:00,7161.65256908026,7140.65256908026,14.0,21.0,TP,21.0
129_lower,2018-07-03,2018-07-03 10:30:00-04:00,2018-07-31 10:30:00-04:00,2018-07-03 12:39:00-04:00,lower,skipped,blocked_time,n/a,n/a,,,,,,,,
130_upper,2018-07-05,2018-07-04 10:30:00-04:00,2018-08-01 10:30:00-04:00,2018-07-05 08:00:00-04:00,upper,executed,,flat,inactive,2018-07-05 08:00:00-04:00,2018-07-05 09:30:00-04:00,7088.20469202043,7088.20469202043,19.0,28.5,BE,-0.0
131_upper,2018-07-06,2018-07-05 10:30:00-04:00,2018-08-02 10:30:00-04:00,2018-07-06 00:12:00-04:00,upper,executed,,flat,inactive,2018-07-06 00:12:00-04:00,2018-07-06 01:06:00-04:00,7143.052020763135,7143.052020763135,16.25,24.375,BE,-0.0
125_upper,2018-06-27,2018-06-27 10:30:00-04:00,2018-07-25 10:30:00-04:00,2018-07-06 11:07:00-04:00,upper,skipped,blocked_time,n/a,n/a,,,,,,,,
129_upper,2018-07-03,2018-07-03 10:30:00-04:00,2018-07-31 10:30:00-04:00,2018-07-06 11:34:00-04:00,upper,skipped,blocked_time,n/a,n/a,,,,,,,,
132_upper,2018-07-06,2018-07-06 10:30:00-04:00,2018-08-03 10:30:00-04:00,2018-07-06 11:39:00-04:00,upper,skipped,blocked_time,n/a,n/a,,,,,,,,
123_upper,2018-06-25,2018-06-25 10:30:00-04:00,2018-07-23 10:30:00-04:00,2018-07-08 18:00:00-04:00,upper,skipped,no_anchor,n/a,n/a,,,,,,,,
133_upper,2018-07-10,2018-07-09 10:30:00-04:00,2018-08-06 10:30:00-04:00,2018-07-09 20:30:00-04:00,upper,executed,,flat,inactive,2018-07-09 20:30:00-04:00,2018-07-09 20:54:00-04:00,7323.71025655453,7334.21025655453,7.0,10.5,SL,-10.5
122_upper,2018-06-22,2018-06-22 10:30:00-04:00,2018-07-20 10:30:00-04:00,2018-07-09 20:54:00-04:00,upper,skipped,SAL,n/a,active,,,,,,,,
134_lower,2018-07-10,2018-07-10 10:30:00-04:00,2018-08-07 10:30:00-04:00,2018-07-10 16:56:00-04:00,lower,skipped,no_cutoff,n/a,n/a,,,,,,,,
133_lower,2018-07-11,2018-07-09 10:30:00-04:00,2018-08-06 10:30:00-04:00,2018-07-10 21:15:00-04:00,lower,executed,,flat,inactive,2018-07-10 21:15:00-04:00,2018-07-10 21:52:00-04:00,7204.91474344547,7230.41474344547,17.0,25.5,TP,25.5
135_upper,2018-07-12,2018-07-11 10:30:00-04:00,2018-08-08 10:30:00-04:00,2018-07-12 10:00:00-04:00,upper,executed,,flat,inactive,2018-07-12 10:00:00-04:00,2018-07-12 12:11:00-04:00,7320.9735414771285,7367.4735414771285,31.0,46.5,SL,-46.5
134_upper,2018-07-10,2018-07-10 10:30:00-04:00,2018-08-07 10:30:00-04:00,2018-07-12 10:35:00-04:00,upper,skipped,position_open,open,active,,,,,,,,
136_upper,2018-07-12,2018-07-12 10:30:00-04:00,2018-08-09 10:30:00-04:00,2018-07-12 15:01:00-04:00,upper,skipped,no_cutoff,n/a,n/a,,,,,,,,
121_upper,2018-07-13,2018-06-21 10:30:00-04:00,2018-07-19 10:30:00-04:00,2018-07-12 20:14:00-04:00,upper,executed,,flat,inactive,2018-07-12 20:14:00-04:00,2018-07-13 09:53:00-04:00,7400.486653661546,7376.861653661546,15.75,23.625,TP,23.625
138_lower,2018-07-16,2018-07-16 10:30:00-04:00,2018-08-13 10:30:00-04:00,2018-07-16 16:05:00-04:00,lower,skipped,no_cutoff,n/a,n/a,,,,,,,,
137_lower,2018-07-13,2018-07-13 10:30:00-04:00,2018-08-10 10:30:00-04:00,2018-07-16 16:10:00-04:00,lower,skipped,no_cutoff,n/a,n/a,,,,,,,,
139_upper,2018-07-17,2018-07-17 10:30:00-04:00,2018-08-14 10:30:00-04:00,2018-07-17 11:45:00-04:00,upper,skipped,blocked_time,n/a,n/a,,,,,,,,
137_upper,2018-07-18,2018-07-13 10:30:00-04:00,2018-08-10 10:30:00-04:00,2018-07-17 20:08:00-04:00,upper,executed,,flat,inactive,2018-07-17 20:08:00-04:00,2018-07-17 21:07:00-04:00,7437.619887053834,7437.619887053834,7.5,11.25,BE,-0.0
140_lower,2018-07-20,2018-07-18 10:30:00-04:00,2018-08-15 10:30:00-04:00,2018-07-19 21:40:00-04:00,lower,executed,,flat,inactive,2018-07-19 21:40:00-04:00,2018-07-19 22:31:00-04:00,7354.514834752603,7378.514834752603,16.0,24.0,TP,24.0
142_lower,2018-07-23,2018-07-20 10:30:00-04:00,2018-08-17 10:30:00-04:00,2018-07-22 21:00:00-04:00,lower,executed,,flat,inactive,2018-07-22 21:00:00-04:00,2018-07-23 09:38:00-04:00,7348.216434754009,7320.466434754009,18.5,27.75,SL,-27.75
141_lower,2018-07-19,2018-07-19 10:30:00-04:00,2018-08-16 10:30:00-04:00,2018-07-23 06:45:00-04:00,lower,skipped,position_open,open,active,,,,,,,,
143_upper,2018-07-23,2018-07-23 10:30:00-04:00,2018-08-20 10:30:00-04:00,2018-07-23 16:02:00-04:00,upper,skipped,no_cutoff,n/a,n/a,,,,,,,,
142_upper,2018-07-20,2018-07-20 10:30:00-04:00,2018-08-17 10:30:00-04:00,2018-07-23 16:11:00-04:00,upper,skipped,no_cutoff,n/a,n/a,,,,,,,,
141_upper,2018-07-24,2018-07-19 10:30:00-04:00,2018-08-16 10:30:00-04:00,2018-07-23 19:43:00-04:00,upper,executed,,flat,inactive,2018-07-23 19:43:00-04:00,2018-07-23 20:29:00-04:00,7435.518913712503,7435.518913712503,10.5,15.75,BE,-0.0
138_upper,2018-07-16,2018-07-16 10:30:00-04:00,2018-08-13 10:30:00-04:00,2018-07-23 19:52:00-04:00,upper,skipped,position_open,open,inactive,,,,,,,,
140_upper,2018-07-24,2018-07-18 10:30:00-04:00,2018-08-15 10:30:00-04:00,2018-07-24 09:35:00-04:00,upper,executed,,flat,inactive,2018-07-24 09:35:00-04:00,2018-07-24 11:06:00-04:00,7470.235165247397,7442.110165247397,18.75,28.125,TP,28.125
144_lower,2018-07-24,2018-07-24 10:30:00-04:00,2018-08-21 10:30:00-04:00,2018-07-24 12:43:00-04:00,lower,skipped,blocked_time,n/a,n/a,,,,,,,,
145_upper,2018-07-25,2018-07-25 10:30:00-04:00,2018-08-22 10:30:00-04:00,2018-07-25 14:02:00-04:00,upper,skipped,blocked_time,n/a,n/a,,,,,,,,
144_upper,2018-07-24,2018-07-24 10:30:00-04:00,2018-08-21 10:30:00-04:00,2018-07-25 15:50:00-04:00,upper,skipped,no_cutoff,n/a,n/a,,,,,,,,
145_lower,2018-07-25,2018-07-25 10:30:00-04:00,2018-08-22 10:30:00-04:00,2018-07-26 16:01:00-04:00,lower,skipped,no_cutoff,n/a,n/a,,,,,,,,
146_lower,2018-07-26,2018-07-26 10:30:00-04:00,2018-08-23 10:30:00-04:00,2018-07-27 12:00:00-04:00,lower,skipped,blocked_time,n/a,n/a,,,,,,,,
147_lower,2018-07-27,2018-07-27 10:30:00-04:00,2018-08-24 10:30:00-04:00,2018-07-27 12:00:00-04:00,lower,skipped,blocked_time,n/a,n/a,,,,,,,,
143_lower,2018-07-23,2018-07-23 10:30:00-04:00,2018-08-20 10:30:00-04:00,2018-07-27 13:00:00-04:00,lower,skipped,blocked_time,n/a,n/a,,,,,,,,
139_lower,2018-07-30,2018-07-17 10:30:00-04:00,2018-08-14 10:30:00-04:00,2018-07-30 09:43:00-04:00,lower,executed,,flat,inactive,2018-07-30 09:43:00-04:00,2018-07-30 10:30:00-04:00,7238.187824498016,7238.187824498016,20.5,30.75,BE,0.0
136_lower,2018-07-12,2018-07-12 10:30:00-04:00,2018-08-09 10:30:00-04:00,2018-07-30 09:44:00-04:00,lower,skipped,position_open,open,inactive,,,,,,,,
135_lower,2018-07-11,2018-07-11 10:30:00-04:00,2018-08-08 10:30:00-04:00,2018-07-30 12:41:00-04:00,lower,skipped,blocked_time,n/a,n/a,,,,,,,,
148_lower,2018-07-30,2018-07-30 10:30:00-04:00,2018-08-27 10:30:00-04:00,2018-07-30 12:47:00-04:00,lower,skipped,blocked_time,n/a,n/a,,,,,,,,
149_upper,2018-07-31,2018-07-31 10:30:00-04:00,2018-08-28 10:30:00-04:00,2018-08-02 11:30:00-04:00,upper,skipped,blocked_time,n/a,n/a,,,,,,,,
151_upper,2018-08-02,2018-08-02 10:30:00-04:00,2018-08-30 10:30:00-04:00,2018-08-02 11:35:00-04:00,upper,skipped,blocked_time,n/a,n/a,,,,,,,,
150_upper,2018-08-01,2018-08-01 10:30:00-04:00,2018-08-29 10:30:00-04:00,2018-08-02 12:09:00-04:00,upper,skipped,blocked_time,n/a,n/a,,,,,,,,
148_upper,2018-07-30,2018-07-30 10:30:00-04:00,2018-08-27 10:30:00-04:00,2018-08-02 15:48:00-04:00,upper,skipped,no_cutoff,n/a,n/a,,,,,,,,
152_upper,2018-08-03,2018-08-03 10:30:00-04:00,2018-08-31 10:30:00-04:00,2018-08-06 13:03:00-04:00,upper,skipped,blocked_time,n/a,n/a,,,,,,,,
153_upper,2018-08-07,2018-08-06 10:30:00-04:00,2018-09-03 10:30:00-04:00,2018-08-06 23:02:00-04:00,upper,executed,,flat,inactive,2018-08-06 23:02:00-04:00,2018-08-06 23:55:00-04:00,7457.451426432502,7457.451426432502,5.5,8.25,BE,-0.0
146_upper,2018-08-07,2018-07-26 10:30:00-04:00,2018-08-23 10:30:00-04:00,2018-08-07 09:34:00-04:00,upper,executed,,flat,inactive,2018-08-07 09:34:00-04:00,2018-08-07 09:35:00-04:00,7477.221418627583,7484.721418627583,5.0,7.5,SL,-7.5
156_lower,2018-08-10,2018-08-09 10:30:00-04:00,2018-09-06 10:30:00-04:00,2018-08-10 05:55:00-04:00,lower,executed,,flat,inactive,2018-08-10 05:55:00-04:00,2018-08-10 08:02:00-04:00,7427.8109019397725,7427.8109019397725,9.0,13.5,BE,0.0
154_lower,2018-08-10,2018-08-07 10:30:00-04:00,2018-09-04 10:30:00-04:00,2018-08-10 10:00:00-04:00,lower,executed,,flat,inactive,2018-08-10 10:00:00-04:00,2018-08-10 10:46:00-04:00,7416.179180219551,7416.179180219551,28.75,43.125,BE,0.0
155_lower,2018-08-08,2018-08-08 10:30:00-04:00,2018-09-05 10:30:00-04:00,2018-08-10 13:47:00-04:00,lower,skipped,blocked_time,n/a,n/a,,,,,,,,
157_upper,2018-08-13,2018-08-10 10:30:00-04:00,2018-09-07 10:30:00-04:00,2018-08-13 10:25:00-04:00,upper,executed,,flat,inactive,2018-08-13 10:25:00-04:00,2018-08-13 11:32:00-04:00,7477.406521200986,7427.156521200986,33.5,50.25,TP,50.25
158_lower,2018-08-13,2018-08-13 10:30:00-04:00,2018-09-10 10:30:00-04:00,2018-08-15 09:58:00-04:00,lower,skipped,simultaneous_collision,flat,inactive,,,,,,,,
157_lower,2018-08-15,2018-08-10 10:30:00-04:00,2018-09-07 10:30:00-04:00,2018-08-15 09:58:00-04:00,lower,executed,,flat,inactive,2018-08-15 09:58:00-04:00,2018-08-15 10:02:00-04:00,7375.843478799014,7353.343478799014,15.0,22.5,SL,-22.5
159_lower,2018-08-14,2018-08-14 10:30:00-04:00,2018-09-11 10:30:00-04:00,2018-08-15 10:00:00-04:00,lower,skipped,position_open,open,active,,,,,,,,
153_lower,2018-08-06,2018-08-06 10:30:00-04:00,2018-09-03 10:30:00-04:00,2018-08-15 10:05:00-04:00,lower,skipped,SAL,n/a,active,,,,,,,,
152_lower,2018-08-03,2018-08-03 10:30:00-04:00,2018-08-31 10:30:00-04:00,2018-08-15 10:25:00-04:00,lower,skipped,SAL,n/a,active,,,,,,,,
161_lower,2018-08-17,2018-08-16 10:30:00-04:00,2018-09-13 10:30:00-04:00,2018-08-17 08:07:00-04:00,lower,executed,,flat,inactive,2018-08-17 08:07:00-04:00,2018-08-17 09:04:00-04:00,7363.415512734356,7363.415512734356,10.25,15.375,BE,0.0
162_upper,2018-08-21,2018-08-17 10:30:00-04:00,2018-09-14 10:30:00-04:00,2018-08-21 10:35:00-04:00,upper,executed,,flat,inactive,2018-08-21 10:35:00-04:00,2018-08-21 11:37:00-04:00,7430.842149429597,7430.842149429597,30.75,46.125,BE,-0.0
164_lower,2018-08-22,2018-08-21 10:30:00-04:00,2018-09-18 10:30:00-04:00,2018-08-21 19:04:00-04:00,lower,executed,,flat,inactive,2018-08-21 19:04:00-04:00,2018-08-21 20:06:00-04:00,7357.705858335822,7357.705858335822,18.5,27.75,BE,0.0
165_upper,2018-08-23,2018-08-22 10:30:00-04:00,2018-09-19 10:30:00-04:00,2018-08-23 09:39:00-04:00,upper,executed,,flat,inactive,2018-08-23 09:39:00-04:00,2018-08-23 09:46:00-04:00,7446.977023875339,7457.852023875339,7.25,10.875,SL,-10.875
163_upper,2018-08-20,2018-08-20 10:30:00-04:00,2018-09-17 10:30:00-04:00,2018-08-23 09:46:00-04:00,upper,skipped,SAL,n/a,active,,,,,,,,
164_upper,2018-08-21,2018-08-21 10:30:00-04:00,2018-09-18 10:30:00-04:00,2018-08-23 09:46:00-04:00,upper,skipped,SAL,n/a,active,,,,,,,,
161_upper,2018-08-16,2018-08-16 10:30:00-04:00,2018-09-13 10:30:00-04:00,2018-08-23 09:49:00-04:00,upper,skipped,SAL,n/a,active,,,,,,,,
160_upper,2018-08-24,2018-08-15 10:30:00-04:00,2018-09-12 10:30:00-04:00,2018-08-24 10:37:00-04:00,upper,executed,,flat,inactive,2018-08-24 10:37:00-04:00,2018-08-24 15:00:00-04:00,7483.851687374614,7492.75,19.0,28.5,cutoff,-8.898312625386097
159_upper,2018-08-14,2018-08-14 10:30:00-04:00,2018-09-11 10:30:00-04:00,2018-08-24 10:48:00-04:00,upper,skipped,position_open,open,active,,,,,,,,
166_upper,2018-08-23,2018-08-23 10:30:00-04:00,2018-09-20 10:30:00-04:00,2018-08-26 18:02:00-04:00,upper,skipped,no_anchor,n/a,n/a,,,,,,,,
167_upper,2018-08-24,2018-08-24 10:30:00-04:00,2018-09-21 10:30:00-04:00,2018-08-26 18:02:00-04:00,upper,skipped,no_anchor,n/a,n/a,,,,,,,,
158_upper,2018-08-13,2018-08-13 10:30:00-04:00,2018-09-10 10:30:00-04:00,2018-08-26 18:11:00-04:00,upper,skipped,no_anchor,n/a,n/a,,,,,,,,
155_upper,2018-08-08,2018-08-08 10:30:00-04:00,2018-09-05 10:30:00-04:00,2018-08-26 18:25:00-04:00,upper,skipped,no_anchor,n/a,n/a,,,,,,,,
154_upper,2018-08-27,2018-08-07 10:30:00-04:00,2018-09-04 10:30:00-04:00,2018-08-26 19:38:00-04:00,upper,executed,,flat,inactive,2018-08-26 19:38:00-04:00,2018-08-27 10:03:00-04:00,7519.820819780449,7547.945819780449,18.75,28.125,SL,-28.125
156_upper,2018-08-09,2018-08-09 10:30:00-04:00,2018-09-06 10:30:00-04:00,2018-08-27 05:25:00-04:00,upper,skipped,position_open,open,active,,,,,,,,
168_upper,2018-08-28,2018-08-27 10:30:00-04:00,2018-09-24 10:30:00-04:00,2018-08-28 09:35:00-04:00,upper,executed,,flat,inactive,2018-08-28 09:35:00-04:00,2018-08-28 09:37:00-04:00,7596.096992533001,7584.471992533001,7.75,11.625,TP,11.625
169_upper,2018-08-29,2018-08-28 10:30:00-04:00,2018-09-25 10:30:00-04:00,2018-08-29 10:40:00-04:00,upper,executed,,flat,inactive,2018-08-29 10:40:00-04:00,2018-08-29 15:00:00-04:00,7629.841019411366,7662.0,30.25,45.375,cutoff,-32.15898058863422
170_upper,2018-08-29,2018-08-29 10:30:00-04:00,2018-09-26 10:30:00-04:00,2018-08-29 11:28:00-04:00,upper,skipped,blocked_time,n/a,n/a,,,,,,,,
173_lower,2018-09-04,2018-09-03 10:30:00-04:00,2018-10-01 10:30:00-04:00,2018-09-04 07:36:00-04:00,lower,executed,,flat,inactive,2018-09-04 07:36:00-04:00,2018-09-04 08:33:00-04:00,7637.923173701043,7637.923173701043,14.5,21.75,BE,0.0
171_lower,2018-09-04,2018-08-30 10:30:00-04:00,2018-09-27 10:30:00-04:00,2018-09-04 09:39:00-04:00,lower,executed,,flat,inactive,2018-09-04 09:39:00-04:00,2018-09-04 09:40:00-04:00,7607.1817378190335,7592.9317378190335,9.5,14.25,SL,-14.25
172_lower,2018-08-31,2018-08-31 10:30:00-04:00,2018-09-28 10:30:00-04:00,2018-09-04 09:41:00-04:00,lower,skipped,SAL,n/a,active,,,,,,,,
174_lower,2018-09-05,2018-09-04 10:30:00-04:00,2018-10-02 10:30:00-04:00,2018-09-05 10:00:00-04:00,lower,executed,,flat,inactive,2018-09-05 10:00:00-04:00,2018-09-05 15:00:00-04:00,7554.7313949321815,7537.5,69.5,104.25,cutoff,-17.2313949321815
170_lower,2018-08-29,2018-08-29 10:30:00-04:00,2018-09-26 10:30:00-04:00,2018-09-05 10:01:00-04:00,lower,skipped,position_open,open,active,,,,,,,,
169_lower,2018-08-28,2018-08-28 10:30:00-04:00,2018-09-25 10:30:00-04:00,2018-09-05 10:02:00-04:00,lower,skipped,position_open,open,active,,,,,,,,
175_lower,2018-09-06,2018-09-05 10:30:00-04:00,2018-10-03 10:30:00-04:00,2018-09-06 10:10:00-04:00,lower,executed,,flat,inactive,2018-09-06 10:10:00-04:00,2018-09-06 15:00:00-04:00,7482.691781382324,7445.25,55.25,82.875,cutoff,-37.441781382323825
168_lower,2018-08-27,2018-08-27 10:30:00-04:00,2018-09-24 10:30:00-04:00,2018-09-06 10:12:00-04:00,lower,skipped,position_open,open,active,,,,,,,,
176_lower,2018-09-06,2018-09-06 10:30:00-04:00,2018-10-04 10:30:00-04:00,2018-09-06 10:53:00-04:00,lower,skipped,position_open,open,active,,,,,,,,
167_lower,2018-09-07,2018-08-24 10:30:00-04:00,2018-09-21 10:30:00-04:00,2018-09-07 09:00:00-04:00,lower,executed,,flat,inactive,2018-09-07 09:00:00-04:00,2018-09-07 09:54:00-04:00,7405.3724167727105,7465.7474167727105,40.25,60.375,TP,60.375
177_upper,2018-09-07,2018-09-07 10:30:00-04:00,2018-10-05 10:30:00-04:00,2018-09-11 12:00:00-04:00,upper,skipped,blocked_time,n/a,n/a,,,,,,,,
179_upper,2018-09-11,2018-09-11 10:30:00-04:00,2018-10-09 10:30:00-04:00,2018-09-11 12:00:00-04:00,upper,skipped,blocked_time,n/a,n/a,,,,,,,,
178_upper,2018-09-12,2018-09-10 10:30:00-04:00,2018-10-08 10:30:00-04:00,2018-09-12 03:51:00-04:00,upper,executed,,flat,inactive,2018-09-12 03:51:00-04:00,2018-09-12 05:53:00-04:00,7535.592204473896,7525.092204473896,7.0,10.5,TP,10.5
180_upper,2018-09-13,2018-09-12 10:30:00-04:00,2018-10-10 10:30:00-04:00,2018-09-13 09:39:00-04:00,upper,executed,,flat,inactive,2018-09-13 09:39:00-04:00,2018-09-13 11:11:00-04:00,7563.161360966313,7563.161360966313,20.5,30.75,BE,-0.0
176_upper,2018-09-14,2018-09-06 10:30:00-04:00,2018-10-04 10:30:00-04:00,2018-09-13 20:04:00-04:00,upper,executed,,flat,inactive,2018-09-13 20:04:00-04:00,2018-09-13 20:52:00-04:00,7602.743167078744,7602.743167078744,8.25,12.375,BE,-0.0
181_upper,2018-09-14,2018-09-13 10:30:00-04:00,2018-10-11 10:30:00-04:00,2018-09-14 01:45:00-04:00,upper,executed,,flat,inactive,2018-09-14 01:45:00-04:00,2018-09-14 02:26:00-04:00,7608.728504043576,7614.728504043576,4.0,6.0,SL,-6.0
182_lower,2018-09-14,2018-09-14 10:30:00-04:00,2018-10-12 10:30:00-04:00,2018-09-14 12:23:00-04:00,lower,skipped,blocked_time,n/a,n/a,,,,,,,,
181_lower,2018-09-13,2018-09-13 10:30:00-04:00,2018-10-11 10:30:00-04:00,2018-09-17 15:19:00-04:00,lower,skipped,no_cutoff,n/a,n/a,,,,,,,,
183_lower,2018-09-17,2018-09-17 10:30:00-04:00,2018-10-15 10:30:00-04:00,2018-09-17 15:38:00-04:00,lower,skipped,no_cutoff,n/a,n/a,,,,,,,,
184_upper,2018-09-20,2018-09-18 10:30:00-04:00,2018-10-16 10:30:00-04:00,2018-09-20 08:46:00-04:00,upper,executed,,flat,inactive,2018-09-20 08:46:00-04:00,2018-09-20 09:32:00-04:00,7574.3523180451275,7574.3523180451275,21.25,31.875,BE,-0.0
185_upper,2018-09-20,2018-09-19 10:30:00-04:00,2018-10-17 10:30:00-04:00,2018-09-20 10:03:00-04:00,upper,executed,,flat,inactive,2018-09-20 10:03:00-04:00,2018-09-20 11:33:00-04:00,7600.523509444505,7600.523509444505,33.75,50.625,BE,-0.0
183_upper,2018-09-21,2018-09-17 10:30:00-04:00,2018-10-15 10:30:00-04:00,2018-09-21 01:20:00-04:00,upper,executed,,flat,inactive,2018-09-21 01:20:00-04:00,2018-09-21 02:16:00-04:00,7623.972711306981,7623.972711306981,5.25,7.875,BE,-0.0
187_lower,2018-09-21,2018-09-21 10:30:00-04:00,2018-10-19 10:30:00-04:00,2018-09-21 15:42:00-04:00,lower,skipped,no_cutoff,n/a,n/a,,,,,,,,
186_lower,2018-09-24,2018-09-20 10:30:00-04:00,2018-10-18 10:30:00-04:00,2018-09-23 21:15:00-04:00,lower,executed,,flat,inactive,2018-09-23 21:15:00-04:00,2018-09-23 22:06:00-04:00,7507.169829474033,7520.294829474033,8.75,13.125,TP,13.125
188_upper,2018-09-24,2018-09-24 10:30:00-04:00,2018-10-22 10:30:00-04:00,2018-09-24 15:58:00-04:00,upper,skipped,no_cutoff,n/a,n/a,,,,,,,,
189_upper,2018-09-26,2018-09-25 10:30:00-04:00,2018-10-23 10:30:00-04:00,2018-09-25 22:58:00-04:00,upper,executed,,flat,inactive,2018-09-25 22:58:00-04:00,2018-09-26 07:46:00-04:00,7622.372233707154,7609.622233707154,8.5,12.75,TP,12.75
182_upper,2018-09-14,2018-09-14 10:30:00-04:00,2018-10-12 10:30:00-04:00,2018-09-26 14:02:00-04:00,upper,skipped,blocked_time,n/a,n/a,,,,,,,,
186_upper,2018-09-20,2018-09-20 10:30:00-04:00,2018-10-18 10:30:00-04:00,2018-09-26 14:02:00-04:00,upper,skipped,blocked_time,n/a,n/a,,,,,,,,
190_upper,2018-09-26,2018-09-26 10:30:00-04:00,2018-10-24 10:30:00-04:00,2018-09-26 14:02:00-04:00,upper,skipped,blocked_time,n/a,n/a,,,,,,,,
187_upper,2018-09-21,2018-09-21 10:30:00-04:00,2018-10-19 10:30:00-04:00,2018-09-27 11:00:00-04:00,upper,skipped,blocked_time,n/a,n/a,,,,,,,,
192_upper,2018-10-01,2018-09-28 10:30:00-04:00,2018-10-26 10:30:00-04:00,2018-09-30 19:08:00-04:00,upper,executed,,flat,inactive,2018-09-30 19:08:00-04:00,2018-09-30 20:00:00-04:00,7687.167678029338,7687.167678029338,16.0,24.0,BE,-0.0
175_upper,2018-10-01,2018-09-05 10:30:00-04:00,2018-10-03 10:30:00-04:00,2018-09-30 22:14:00-04:00,upper,executed,,flat,inactive,2018-09-30 22:14:00-04:00,2018-09-30 22:32:00-04:00,7696.808218617676,7708.808218617676,8.0,12.0,SL,-12.0
174_upper,2018-09-04,2018-09-04 10:30:00-04:00,2018-10-02 10:30:00-04:00,2018-09-30 22:17:00-04:00,upper,skipped,position_open,open,active,,,,,,,,
173_upper,2018-09-03,2018-09-03 10:30:00-04:00,2018-10-01 10:30:00-04:00,2018-09-30 22:23:00-04:00,upper,skipped,position_open,open,active,,,,,,,,
191_upper,2018-09-27,2018-09-27 10:30:00-04:00,2018-10-25 10:30:00-04:00,2018-09-30 22:28:00-04:00,upper,skipped,position_open,open,active,,,,,,,,
193_lower,2018-10-02,2018-10-01 10:30:00-04:00,2018-10-29 10:30:00-04:00,2018-10-02 02:16:00-04:00,lower,executed,,flat,inactive,2018-10-02 02:16:00-04:00,2018-10-02 04:49:00-04:00,7648.349847547055,7635.224847547055,8.75,13.125,SL,-13.125
195_lower,2018-10-04,2018-10-03 10:30:00-04:00,2018-10-31 10:30:00-04:00,2018-10-03 21:32:00-04:00,lower,executed,,flat,inactive,2018-10-03 21:32:00-04:00,2018-10-04 04:32:00-04:00,7630.85554078797,7606.48054078797,16.25,24.375,SL,-24.375
194_lower,2018-10-02,2018-10-02 10:30:00-04:00,2018-10-30 10:30:00-04:00,2018-10-04 09:37:00-04:00,lower,skipped,SAL,n/a,active,,,,,,,,
192_lower,2018-09-28,2018-09-28 10:30:00-04:00,2018-10-26 10:30:00-04:00,2018-10-04 09:41:00-04:00,lower,skipped,SAL,n/a,active,,,,,,,,
191_lower,2018-09-27,2018-09-27 10:30:00-04:00,2018-10-25 10:30:00-04:00,2018-10-04 10:11:00-04:00,lower,skipped,SAL,n/a,active,,,,,,,,
190_lower,2018-09-26,2018-09-26 10:30:00-04:00,2018-10-24 10:30:00-04:00,2018-10-04 10:24:00-04:00,lower,skipped,SAL,n/a,active,,,,,,,,
189_lower,2018-09-25,2018-09-25 10:30:00-04:00,2018-10-23 10:30:00-04:00,2018-10-04 11:39:00-04:00,lower,skipped,blocked_time,n/a,n/a,,,,,,,,
196_lower,2018-10-04,2018-10-04 10:30:00-04:00,2018-11-01 10:30:00-04:00,2018-10-04 12:14:00-04:00,lower,skipped,blocked_time,n/a,n/a,,,,,,,,
185_lower,2018-09-19,2018-09-19 10:30:00-04:00,2018-10-17 10:30:00-04:00,2018-10-05 11:11:00-04:00,lower,skipped,blocked_time,n/a,n/a,,,,,,,,
188_lower,2018-09-24,2018-09-24 10:30:00-04:00,2018-10-22 10:30:00-04:00,2018-10-05 11:16:00-04:00,lower,skipped,blocked_time,n/a,n/a,,,,,,,,
180_lower,2018-09-12,2018-09-12 10:30:00-04:00,2018-10-10 10:30:00-04:00,2018-10-05 11:21:00-04:00,lower,skipped,blocked_time,n/a,n/a,,,,,,,,
197_lower,2018-10-05,2018-10-05 10:30:00-04:00,2018-11-02 10:30:00-04:00,2018-10-05 11:21:00-04:00,lower,skipped,blocked_time,n/a,n/a,,,,,,,,
184_lower,2018-09-18,2018-09-18 10:30:00-04:00,2018-10-16 10:30:00-04:00,2018-10-05 11:45:00-04:00,lower,skipped,blocked_time,n/a,n/a,,,,,,,,
178_lower,2018-09-10,2018-09-10 10:30:00-04:00,2018-10-08 10:30:00-04:00,2018-10-05 12:32:00-04:00,lower,skipped,blocked_time,n/a,n/a,,,,,,,,
179_lower,2018-09-11,2018-09-11 10:30:00-04:00,2018-10-09 10:30:00-04:00,2018-10-08 11:33:00-04:00,lower,skipped,blocked_time,n/a,n/a,,,,,,,,
198_lower,2018-10-08,2018-10-08 10:30:00-04:00,2018-11-05 10:30:00-05:00,2018-10-08 12:59:00-04:00,lower,skipped,blocked_time,n/a,n/a,,,,,,,,
199_lower,2018-10-10,2018-10-09 10:30:00-04:00,2018-11-06 10:30:00-05:00,2018-10-10 09:50:00-04:00,lower,executed,,flat,inactive,2018-10-10 09:50:00-04:00,2018-10-10 09:57:00-04:00,7290.544415448341,7255.294415448341,23.5,35.25,SL,-35.25
200_lower,2018-10-10,2018-10-10 10:30:00-04:00,2018-11-07 10:30:00-05:00,2018-10-10 14:38:00-04:00,lower,skipped,blocked_time,n/a,n/a,,,,,,,,
202_lower,2018-10-12,2018-10-12 10:30:00-04:00,2018-11-09 10:30:00-05:00,2018-10-12 12:41:00-04:00,lower,skipped,blocked_time,n/a,n/a,,,,,,,,
201_upper,2018-10-11,2018-10-11 10:30:00-04:00,2018-11-08 10:30:00-05:00,2018-10-16 11:14:00-04:00,upper,skipped,blocked_time,n/a,n/a,,,,,,,,
202_upper,2018-10-12,2018-10-12 10:30:00-04:00,2018-11-09 10:30:00-05:00,2018-10-16 13:01:00-04:00,upper,skipped,blocked_time,n/a,n/a,,,,,,,,
204_upper,2018-10-16,2018-10-16 10:30:00-04:00,2018-11-13 10:30:00-05:00,2018-10-16 13:17:00-04:00,upper,skipped,blocked_time,n/a,n/a,,,,,,,,
203_upper,2018-10-15,2018-10-15 10:30:00-04:00,2018-11-12 10:30:00-05:00,2018-10-16 13:22:00-04:00,upper,skipped,blocked_time,n/a,n/a,,,,,,,,
205_lower,2018-10-17,2018-10-17 10:30:00-04:00,2018-11-14 10:30:00-05:00,2018-10-18 11:21:00-04:00,lower,skipped,blocked_time,n/a,n/a,,,,,,,,
206_lower,2018-10-18,2018-10-18 10:30:00-04:00,2018-11-15 10:30:00-05:00,2018-10-18 11:35:00-04:00,lower,skipped,blocked_time,n/a,n/a,,,,,,,,
204_lower,2018-10-16,2018-10-16 10:30:00-04:00,2018-11-13 10:30:00-05:00,2018-10-21 18:00:00-04:00,lower,skipped,no_anchor,n/a,n/a,,,,,,,,
207_lower,2018-10-19,2018-10-19 10:30:00-04:00,2018-11-16 10:30:00-05:00,2018-10-21 18:00:00-04:00,lower,skipped,no_anchor,n/a,n/a,,,,,,,,
208_lower,2018-10-23,2018-10-22 10:30:00-04:00,2018-11-19 10:30:00-05:00,2018-10-23 05:03:00-04:00,lower,executed,,flat,inactive,2018-10-23 05:03:00-04:00,2018-10-23 06:31:00-04:00,7038.664650261084,7038.664650261084,17.5,26.25,BE,0.0
203_lower,2018-10-23,2018-10-15 10:30:00-04:00,2018-11-12 10:30:00-05:00,2018-10-23 09:30:00-04:00,lower,executed,,flat,inactive,2018-10-23 09:30:00-04:00,2018-10-23 09:32:00-04:00,7004.61685510068,7035.36685510068,20.5,30.75,TP,30.75
209_upper,2018-10-23,2018-10-23 10:30:00-04:00,2018-11-20 10:30:00-05:00,2018-10-23 14:37:00-04:00,upper,skipped,blocked_time,n/a,n/a,,,,,,,,
210_lower,2018-10-24,2018-10-24 10:30:00-04:00,2018-11-21 10:30:00-05:00,2018-10-24 11:29:00-04:00,lower,skipped,blocked_time,n/a,n/a,,,,,,,,
201_lower,2018-10-11,2018-10-11 10:30:00-04:00,2018-11-08 10:30:00-05:00,2018-10-24 15:03:00-04:00,lower,skipped,no_cutoff,n/a,n/a,,,,,,,,
209_lower,2018-10-23,2018-10-23 10:30:00-04:00,2018-11-20 10:30:00-05:00,2018-10-24 15:28:00-04:00,lower,skipped,no_cutoff,n/a,n/a,,,,,,,,
211_upper,2018-10-25,2018-10-25 10:30:00-04:00,2018-11-22 10:30:00-05:00,2018-10-25 14:46:00-04:00,upper,skipped,blocked_time,n/a,n/a,,,,,,,,
211_lower,2018-10-26,2018-10-25 10:30:00-04:00,2018-11-22 10:30:00-05:00,2018-10-26 05:25:00-04:00,lower,executed,,flat,inactive,2018-10-26 05:25:00-04:00,2018-10-26 09:30:00-04:00,6768.811310291439,6824.686310291439,37.25,55.875,TP,55.875
212_upper,2018-10-26,2018-10-26 10:30:00-04:00,2018-11-23 10:30:00-05:00,2018-10-26 12:49:00-04:00,upper,skipped,blocked_time,n/a,n/a,,,,,,,,
213_lower,2018-10-29,2018-10-29 10:30:00-04:00,2018-11-26 10:30:00-05:00,2018-10-29 12:04:00-04:00,lower,skipped,blocked_time,n/a,n/a,,,,,,,,
212_lower,2018-10-26,2018-10-26 10:30:00-04:00,2018-11-23 10:30:00-05:00,2018-10-29 15:15:00-04:00,lower,skipped,no_cutoff,n/a,n/a,,,,,,,,
214_upper,2018-10-31,2018-10-30 10:30:00-04:00,2018-11-27 10:30:00-05:00,2018-10-31 04:24:00-04:00,upper,executed,,flat,inactive,2018-10-31 04:24:00-04:00,2018-10-31 08:18:00-04:00,6883.384493449468,6915.259493449468,21.25,31.875,SL,-31.875
213_upper,2018-10-29,2018-10-29 10:30:00-04:00,2018-11-26 10:30:00-05:00,2018-11-01 13:22:00-04:00,upper,skipped,blocked_time,n/a,n/a,,,,,,,,
215_upper,2018-11-02,2018-10-31 10:30:00-04:00,2018-11-28 10:30:00-05:00,2018-11-02 01:03:00-04:00,upper,executed,,flat,inactive,2018-11-02 01:03:00-04:00,2018-11-02 10:29:00-04:00,7083.075906003304,6987.450906003304,63.75,95.625,TP,95.625
216_upper,2018-11-01,2018-11-01 10:30:00-04:00,2018-11-29 10:30:00-05:00,2018-11-02 01:35:00-04:00,upper,skipped,position_open,open,inactive,,,,,,,,
217_lower,2018-11-05,2018-11-02 10:30:00-04:00,2018-11-30 10:30:00-05:00,2018-11-05 09:44:00-05:00,lower,executed,,flat,inactive,2018-11-05 09:44:00-05:00,2018-11-05 10:10:00-05:00,6909.973752548927,6883.348752548927,17.75,26.625,SL,-26.625
216_lower,2018-11-01,2018-11-01 10:30:00-04:00,2018-11-29 10:30:00-05:00,2018-11-05 10:21:00-05:00,lower,skipped,SAL,n/a,active,,,,,,,,
218_upper,2018-11-07,2018-11-05 10:30:00-05:00,2018-12-03 10:30:00-05:00,2018-11-06 21:10:00-05:00,upper,executed,,flat,inactive,2018-11-06 21:10:00-05:00,2018-11-07 03:18:00-05:00,7073.431098219492,7073.431098219492,71.5,107.25,BE,-0.0
219_upper,2018-11-07,2018-11-06 10:30:00-05:00,2018-12-04 10:30:00-05:00,2018-11-07 03:45:00-05:00,upper,executed,,flat,inactive,2018-11-07 03:45:00-05:00,2018-11-07 04:54:00-05:00,7086.01947564954,7119.01947564954,22.0,33.0,SL,-33.0
217_upper,2018-11-02,2018-11-02 10:30:00-04:00,2018-11-30 10:30:00-05:00,2018-11-07 11:58:00-05:00,upper,skipped,blocked_time,n/a,n/a,,,,,,,,
220_upper,2018-11-07,2018-11-07 10:30:00-05:00,2018-12-06 10:30:00-05:00,2018-11-07 14:41:00-05:00,upper,skipped,blocked_time,n/a,n/a,,,,,,,,
210_upper,2018-10-24,2018-10-24 10:30:00-04:00,2018-11-21 10:30:00-05:00,2018-11-07 15:59:00-05:00,upper,skipped,no_cutoff,n/a,n/a,,,,,,,,
221_lower,2018-11-09,2018-11-08 10:30:00-05:00,2018-12-07 10:30:00-05:00,2018-11-09 06:35:00-05:00,lower,executed,,flat,inactive,2018-11-09 06:35:00-05:00,2018-11-09 07:22:00-05:00,7100.594885640762,7100.594885640762,24.75,37.125,BE,0.0
222_lower,2018-11-09,2018-11-09 10:30:00-05:00,2018-12-10 10:30:00-05:00,2018-11-09 14:10:00-05:00,lower,skipped,blocked_time,n/a,n/a,,,,,,,,
220_lower,2018-11-12,2018-11-07 10:30:00-05:00,2018-12-06 10:30:00-05:00,2018-11-12 09:32:00-05:00,lower,executed,,flat,inactive,2018-11-12 09:32:00-05:00,2018-11-12 10:00:00-05:00,6983.452052011109,6920.827052011109,41.75,62.625,SL,-62.625
223_lower,2018-11-12,2018-11-12 10:30:00-05:00,2018-12-11 10:30:00-05:00,2018-11-12 11:15:00-05:00,lower,skipped,blocked_time,n/a,n/a,,,,,,,,
219_lower,2018-11-06,2018-11-06 10:30:00-05:00,2018-12-04 10:30:00-05:00,2018-11-12 11:16:00-05:00,lower,skipped,blocked_time,n/a,n/a,,,,,,,,
218_lower,2018-11-05,2018-11-05 10:30:00-05:00,2018-12-03 10:30:00-05:00,2018-11-12 19:25:00-05:00,lower,skipped,simultaneous_collision,flat,inactive,,,,,,,,
215_lower,2018-11-13,2018-10-31 10:30:00-04:00,2018-11-28 10:30:00-05:00,2018-11-12 19:25:00-05:00,lower,executed,,flat,inactive,2018-11-12 19:25:00-05:00,2018-11-12 22:30:00-05:00,6818.924093996696,6851.549093996696,21.75,32.625,TP,32.625
225_lower,2018-11-14,2018-11-14 10:30:00-05:00,2018-12-13 10:30:00-05:00,2018-11-14 13:44:00-05:00,lower,skipped,blocked_time,n/a,n/a,,,,,,,,
224_lower,2018-11-13,2018-11-13 10:30:00-05:00,2018-12-12 10:30:00-05:00,2018-11-14 14:02:00-05:00,lower,skipped,blocked_time,n/a,n/a,,,,,,,,
226_upper,2018-11-15,2018-11-15 10:30:00-05:00,2018-12-14 10:30:00-05:00,2018-11-15 13:45:00-05:00,upper,skipped,blocked_time,n/a,n/a,,,,,,,,
227_lower,2018-11-19,2018-11-16 10:30:00-05:00,2018-12-17 10:30:00-05:00,2018-11-19 10:24:00-05:00,lower,executed,,flat,inactive,2018-11-19 10:24:00-05:00,2018-11-19 11:15:00-05:00,6736.281626934191,6736.281626934191,76.75,115.125,BE,0.0
228_lower,2018-11-19,2018-11-19 10:30:00-05:00,2018-12-18 10:30:00-05:00,2018-11-19 11:54:00-05:00,lower,skipped,blocked_time,n/a,n/a,,,,,,,,
226_lower,2018-11-15,2018-11-15 10:30:00-05:00,2018-12-14 10:30:00-05:00,2018-11-19 13:09:00-05:00,lower,skipped,blocked_time,n/a,n/a,,,,,,,,
214_lower,2018-11-20,2018-10-30 10:30:00-04:00,2018-11-27 10:30:00-05:00,2018-11-20 08:40:00-05:00,lower,executed,,flat,inactive,2018-11-20 08:40:00-05:00,2018-11-20 10:13:00-05:00,6544.115506550532,6462.740506550532,54.25,81.375,SL,-81.375
229_upper,2018-11-21,2018-11-20 10:30:00-05:00,2018-12-19 10:30:00-05:00,2018-11-21 09:31:00-05:00,upper,executed,,flat,inactive,2018-11-21 09:31:00-05:00,2018-11-21 09:42:00-05:00,6626.995689258474,6589.495689258474,25.0,37.5,TP,37.5
230_lower,2018-11-21,2018-11-21 10:30:00-05:00,2018-12-20 10:30:00-05:00,2018-11-22 11:00:00-05:00,lower,skipped,blocked_time,n/a,n/a,,,,,,,,
231_upper,2018-11-26,2018-11-22 10:30:00-05:00,2018-12-21 10:30:00-05:00,2018-11-26 03:02:00-05:00,upper,executed,,flat,inactive,2018-11-26 03:02:00-05:00,2018-11-26 04:29:00-05:00,6615.089987512512,6651.464987512512,24.25,36.375,SL,-36.375
232_upper,2018-11-23,2018-11-23 10:30:00-05:00,2018-12-24 10:30:00-05:00,2018-11-26 04:22:00-05:00,upper,skipped,position_open,open,active,,,,,,,,
230_upper,2018-11-21,2018-11-21 10:30:00-05:00,2018-12-20 10:30:00-05:00,2018-11-27 11:04:00-05:00,upper,skipped,blocked_time,n/a,n/a,,,,,,,,
233_upper,2018-11-26,2018-11-26 10:30:00-05:00,2018-12-26 10:30:00-05:00,2018-11-27 18:00:00-05:00,upper,skipped,no_anchor,n/a,n/a,,,,,,,,
234_upper,2018-11-27,2018-11-27 10:30:00-05:00,2018-12-27 10:30:00-05:00,2018-11-28 12:01:00-05:00,upper,skipped,blocked_time,n/a,n/a,,,,,,,,
235_upper,2018-11-28,2018-11-28 10:30:00-05:00,2018-12-28 10:30:00-05:00,2018-11-28 12:09:00-05:00,upper,skipped,blocked_time,n/a,n/a,,,,,,,,
227_upper,2018-11-16,2018-11-16 10:30:00-05:00,2018-12-17 10:30:00-05:00,2018-11-30 15:30:00-05:00,upper,skipped,no_cutoff,n/a,n/a,,,,,,,,
228_upper,2018-11-19,2018-11-19 10:30:00-05:00,2018-12-18 10:30:00-05:00,2018-11-30 15:59:00-05:00,upper,skipped,no_cutoff,n/a,n/a,,,,,,,,
224_upper,2018-11-13,2018-11-13 10:30:00-05:00,2018-12-12 10:30:00-05:00,2018-12-02 18:00:00-05:00,upper,skipped,no_anchor,n/a,n/a,,,,,,,,
225_upper,2018-11-14,2018-11-14 10:30:00-05:00,2018-12-13 10:30:00-05:00,2018-12-02 18:00:00-05:00,upper,skipped,no_anchor,n/a,n/a,,,,,,,,
236_upper,2018-11-29,2018-11-29 10:30:00-05:00,2018-12-31 10:30:00-05:00,2018-12-02 18:00:00-05:00,upper,skipped,no_anchor,n/a,n/a,,,,,,,,
237_upper,2018-11-30,2018-11-30 10:30:00-05:00,2019-01-02 10:30:00-05:00,2018-12-02 18:00:00-05:00,upper,skipped,no_anchor,n/a,n/a,,,,,,,,
223_upper,2018-11-12,2018-11-12 10:30:00-05:00,2018-12-11 10:30:00-05:00,2018-12-02 18:10:00-05:00,upper,skipped,no_anchor,n/a,n/a,,,,,,,,
238_lower,2018-12-04,2018-12-03 10:30:00-05:00,2019-01-03 10:30:00-05:00,2018-12-04 00:48:00-05:00,lower,executed,,flat,inactive,2018-12-04 00:48:00-05:00,2018-12-04 03:16:00-05:00,6986.7350129611295,7019.3600129611295,21.75,32.625,TP,32.625
239_lower,2018-12-04,2018-12-04 10:30:00-05:00,2019-01-04 10:30:00-05:00,2018-12-04 12:07:00-05:00,lower,skipped,blocked_time,n/a,n/a,,,,,,,,
237_lower,2018-11-30,2018-11-30 10:30:00-05:00,2019-01-02 10:30:00-05:00,2018-12-04 13:39:00-05:00,lower,skipped,blocked_time,n/a,n/a,,,,,,,,
236_lower,2018-11-29,2018-11-29 10:30:00-05:00,2018-12-31 10:30:00-05:00,2018-12-04 15:32:00-05:00,lower,skipped,no_cutoff,n/a,n/a,,,,,,,,
235_lower,2018-11-28,2018-11-28 10:30:00-05:00,2018-12-28 10:30:00-05:00,2018-12-05 18:02:00-05:00,lower,skipped,no_anchor,n/a,n/a,,,,,,,,
240_upper,2018-12-06,2018-12-06 10:30:00-05:00,2019-01-07 10:30:00-05:00,2018-12-06 12:53:00-05:00,upper,skipped,blocked_time,n/a,n/a,,,,,,,,
241_lower,2018-12-07,2018-12-07 10:30:00-05:00,2019-01-08 10:30:00-05:00,2018-12-07 12:00:00-05:00,lower,skipped,blocked_time,n/a,n/a,,,,,,,,
240_lower,2018-12-06,2018-12-06 10:30:00-05:00,2019-01-07 10:30:00-05:00,2018-12-09 18:47:00-05:00,lower,skipped,no_anchor,n/a,n/a,,,,,,,,
242_upper,2018-12-11,2018-12-10 10:30:00-05:00,2019-01-09 10:30:00-05:00,2018-12-11 05:20:00-05:00,upper,executed,,flat,inactive,2018-12-11 05:20:00-05:00,2018-12-11 07:19:00-05:00,6736.0939142837115,6780.3439142837115,29.5,44.25,SL,-44.25
243_lower,2018-12-11,2018-12-11 10:30:00-05:00,2019-01-10 10:30:00-05:00,2018-12-11 13:40:00-05:00,lower,skipped,blocked_time,n/a,n/a,,,,,,,,
245_lower,2018-12-14,2018-12-13 10:30:00-05:00,2019-01-14 10:30:00-05:00,2018-12-13 20:53:00-05:00,lower,executed,,flat,inactive,2018-12-13 20:53:00-05:00,2018-12-13 21:47:00-05:00,6713.482693461282,6713.482693461282,32.5,48.75,BE,0.0
244_lower,2018-12-12,2018-12-12 10:30:00-05:00,2019-01-11 10:30:00-05:00,2018-12-13 21:06:00-05:00,lower,skipped,position_open,open,inactive,,,,,,,,
246_lower,2018-12-14,2018-12-14 10:30:00-05:00,2019-01-15 10:30:00-05:00,2018-12-14 14:54:00-05:00,lower,skipped,blocked_time,n/a,n/a,,,,,,,,
234_lower,2018-12-17,2018-11-27 10:30:00-05:00,2018-12-27 10:30:00-05:00,2018-12-17 09:43:00-05:00,lower,executed,,flat,inactive,2018-12-17 09:43:00-05:00,2018-12-17 10:12:00-05:00,6535.225911369753,6577.975911369753,28.5,42.75,TP,42.75
233_lower,2018-11-26,2018-11-26 10:30:00-05:00,2018-12-26 10:30:00-05:00,2018-12-17 09:50:00-05:00,lower,skipped,position_open,open,inactive,,,,,,,,
242_lower,2018-12-10,2018-12-10 10:30:00-05:00,2019-01-09 10:30:00-05:00,2018-12-17 14:04:00-05:00,lower,skipped,blocked_time,n/a,n/a,,,,,,,,
231_lower,2018-11-22,2018-11-22 10:30:00-05:00,2018-12-21 10:30:00-05:00,2018-12-17 15:22:00-05:00,lower,skipped,no_cutoff,n/a,n/a,,,,,,,,
247_lower,2018-12-17,2018-12-17 10:30:00-05:00,2019-01-16 10:30:00-05:00,2018-12-17 15:22:00-05:00,lower,skipped,no_cutoff,n/a,n/a,,,,,,,,
232_lower,2018-11-23,2018-11-23 10:30:00-05:00,2018-12-24 10:30:00-05:00,2018-12-17 15:26:00-05:00,lower,skipped,no_cutoff,n/a,n/a,,,,,,,,
248_lower,2018-12-18,2018-12-18 10:30:00-05:00,2019-01-17 10:30:00-05:00,2018-12-19 14:13:00-05:00,lower,skipped,blocked_time,n/a,n/a,,,,,,,,
249_lower,2018-12-19,2018-12-19 10:30:00-05:00,2019-01-18 10:30:00-05:00,2018-12-19 14:57:00-05:00,lower,skipped,blocked_time,n/a,n/a,,,,,,,,
250_lower,2018-12-20,2018-12-20 10:30:00-05:00,2019-01-21 10:30:00-05:00,2018-12-20 11:50:00-05:00,lower,skipped,blocked_time,n/a,n/a,,,,,,,,
251_lower,2018-12-21,2018-12-21 10:30:00-05:00,2019-01-22 10:30:00-05:00,2018-12-21 12:19:00-05:00,lower,skipped,blocked_time,n/a,n/a,,,,,,,,
252_lower,2018-12-24,2018-12-24 10:30:00-05:00,2019-01-23 10:30:00-05:00,2018-12-25 18:07:00-05:00,lower,skipped,no_anchor,n/a,n/a,,,,,,,,
253_upper,2018-12-26,2018-12-26 10:30:00-05:00,2019-01-24 10:30:00-05:00,2018-12-26 12:54:00-05:00,upper,skipped,blocked_time,n/a,n/a,,,,,,,,
252_upper,2018-12-24,2018-12-24 10:30:00-05:00,2019-01-23 10:30:00-05:00,2018-12-26 14:59:00-05:00,upper,skipped,blocked_time,n/a,n/a,,,,,,,,
254_upper,2018-12-27,2018-12-27 10:30:00-05:00,2019-01-25 10:30:00-05:00,2018-12-27 16:08:00-05:00,upper,skipped,no_cutoff,n/a,n/a,,,,,,,,
256_lower,2019-01-02,2018-12-31 10:30:00-05:00,2019-01-29 10:30:00-05:00,2019-01-02 02:21:00-05:00,lower,executed,,flat,inactive,2019-01-02 02:21:00-05:00,2019-01-02 03:16:00-05:00,6250.381351516346,6221.881351516346,19.0,28.5,SL,-28.5
255_lower,2018-12-28,2018-12-28 10:30:00-05:00,2019-01-28 10:30:00-05:00,2019-01-02 03:21:00-05:00,lower,skipped,SAL,n/a,active,,,,,,,,
257_upper,2019-01-02,2019-01-02 10:30:00-05:00,2019-01-30 10:30:00-05:00,2019-01-02 12:57:00-05:00,upper,skipped,blocked_time,n/a,n/a,,,,,,,,
258_upper,2019-01-03,2019-01-03 10:30:00-05:00,2019-01-31 10:30:00-05:00,2019-01-04 11:03:00-05:00,upper,skipped,blocked_time,n/a,n/a,,,,,,,,
251_upper,2018-12-21,2018-12-21 10:30:00-05:00,2019-01-22 10:30:00-05:00,2019-01-04 12:17:00-05:00,upper,skipped,blocked_time,n/a,n/a,,,,,,,,
259_upper,2019-01-04,2019-01-04 10:30:00-05:00,2019-02-01 10:30:00-05:00,2019-01-04 12:49:00-05:00,upper,skipped,blocked_time,n/a,n/a,,,,,,,,
255_upper,2018-12-28,2018-12-28 10:30:00-05:00,2019-01-28 10:30:00-05:00,2019-01-04 13:09:00-05:00,upper,skipped,blocked_time,n/a,n/a,,,,,,,,
256_upper,2018-12-31,2018-12-31 10:30:00-05:00,2019-01-29 10:30:00-05:00,2019-01-04 13:09:00-05:00,upper,skipped,blocked_time,n/a,n/a,,,,,,,,
250_upper,2019-01-07,2018-12-20 10:30:00-05:00,2019-01-21 10:30:00-05:00,2019-01-06 19:03:00-05:00,upper,executed,,flat,inactive,2019-01-06 19:03:00-05:00,2019-01-06 19:20:00-05:00,6466.91432528912,6489.78932528912,15.25,22.875,SL,-22.875
260_upper,2019-01-07,2019-01-07 10:30:00-05:00,2019-02-04 10:30:00-05:00,2019-01-07 12:40:00-05:00,upper,skipped,blocked_time,n/a,n/a,,,,,,,,
248_upper,2019-01-09,2018-12-18 10:30:00-05:00,2019-01-17 10:30:00-05:00,2019-01-09 10:00:00-05:00,upper,executed,,flat,inactive,2019-01-09 10:00:00-05:00,2019-01-09 11:52:00-05:00,6614.536882788747,6614.536882788747,44.25,66.375,BE,-0.0
265_upper,2019-01-15,2019-01-14 10:30:00-05:00,2019-02-11 10:30:00-05:00,2019-01-15 09:36:00-05:00,upper,executed,,flat,inactive,2019-01-15 09:36:00-05:00,2019-01-15 09:50:00-05:00,6615.953527834865,6644.078527834865,18.75,28.125,SL,-28.125
249_upper,2018-12-19,2018-12-19 10:30:00-05:00,2019-01-18 10:30:00-05:00,2019-01-15 10:00:00-05:00,upper,skipped,SAL,n/a,active,,,,,,,,
261_upper,2019-01-08,2019-01-08 10:30:00-05:00,2019-02-05 10:30:00-05:00,2019-01-15 10:00:00-05:00,upper,skipped,SAL,n/a,active,,,,,,,,
263_upper,2019-01-10,2019-01-10 10:30:00-05:00,2019-02-07 10:30:00-05:00,2019-01-15 10:00:00-05:00,upper,skipped,SAL,n/a,active,,,,,,,,
264_upper,2019-01-11,2019-01-11 10:30:00-05:00,2019-02-08 10:30:00-05:00,2019-01-15 10:00:00-05:00,upper,skipped,SAL,n/a,active,,,,,,,,
262_upper,2019-01-09,2019-01-09 10:30:00-05:00,2019-02-06 10:30:00-05:00,2019-01-15 11:57:00-05:00,upper,skipped,blocked_time,n/a,n/a,,,,,,,,
247_upper,2019-01-16,2018-12-17 10:30:00-05:00,2019-01-16 10:30:00-05:00,2019-01-16 02:06:00-05:00,upper,executed,,flat,inactive,2019-01-16 02:06:00-05:00,2019-01-16 03:23:00-05:00,6693.076861410677,6678.826861410677,9.5,14.25,TP,14.25
266_upper,2019-01-16,2019-01-15 10:30:00-05:00,2019-02-12 10:30:00-05:00,2019-01-16 09:41:00-05:00,upper,executed,,flat,inactive,2019-01-16 09:41:00-05:00,2019-01-16 09:46:00-05:00,6711.74453826739,6724.11953826739,8.25,12.375,SL,-12.375
267_lower,2019-01-17,2019-01-16 10:30:00-05:00,2019-02-13 10:30:00-05:00,2019-01-17 02:43:00-05:00,lower,executed,,flat,inactive,2019-01-17 02:43:00-05:00,2019-01-17 08:30:00-05:00,6621.377032795364,6660.752032795364,26.25,39.375,TP,39.375
268_upper,2019-01-17,2019-01-17 10:30:00-05:00,2019-02-14 10:30:00-05:00,2019-01-17 14:45:00-05:00,upper,skipped,blocked_time,n/a,n/a,,,,,,,,
267_upper,2019-01-18,2019-01-16 10:30:00-05:00,2019-02-13 10:30:00-05:00,2019-01-18 09:28:00-05:00,upper,executed,,flat,inactive,2019-01-18 09:28:00-05:00,2019-01-18 09:39:00-05:00,6779.372967204636,6760.247967204636,12.75,19.125,TP,19.125
270_lower,2019-01-21,2019-01-21 10:30:00-05:00,2019-02-18 10:30:00-05:00,2019-01-22 11:41:00-05:00,lower,skipped,blocked_time,n/a,n/a,,,,,,,,
269_lower,2019-01-18,2019-01-18 10:30:00-05:00,2019-02-15 10:30:00-05:00,2019-01-22 11:54:00-05:00,lower,skipped,blocked_time,n/a,n/a,,,,,,,,
271_lower,2019-01-22,2019-01-22 10:30:00-05:00,2019-02-19 10:30:00-05:00,2019-01-22 13:03:00-05:00,lower,skipped,blocked_time,n/a,n/a,,,,,,,,
272_lower,2019-01-23,2019-01-23 10:30:00-05:00,2019-02-20 10:30:00-05:00,2019-01-23 11:53:00-05:00,lower,skipped,blocked_time,n/a,n/a,,,,,,,,
273_upper,2019-01-25,2019-01-24 10:30:00-05:00,2019-02-21 10:30:00-05:00,2019-01-25 10:00:00-05:00,upper,executed,,flat,inactive,2019-01-25 10:00:00-05:00,2019-01-25 15:00:00-05:00,6771.384902779468,6787.25,30.75,46.125,cutoff,-15.865097220532334
272_upper,2019-01-23,2019-01-23 10:30:00-05:00,2019-02-20 10:30:00-05:00,2019-01-25 10:06:00-05:00,upper,skipped,position_open,open,active,,,,,,,,
271_upper,2019-01-22,2019-01-22 10:30:00-05:00,2019-02-19 10:30:00-05:00,2019-01-25 12:39:00-05:00,upper,skipped,blocked_time,n/a,n/a,,,,,,,,
274_lower,2019-01-28,2019-01-25 10:30:00-05:00,2019-02-22 10:30:00-05:00,2019-01-28 09:33:00-05:00,lower,executed,,flat,inactive,2019-01-28 09:33:00-05:00,2019-01-28 09:49:00-05:00,6683.080776329827,6663.955776329827,12.75,19.125,SL,-19.125
276_lower,2019-01-29,2019-01-29 10:30:00-05:00,2019-02-26 10:30:00-05:00,2019-01-29 10:57:00-05:00,lower,executed,,flat,inactive,2019-01-29 10:57:00-05:00,2019-01-29 15:00:00-05:00,6624.683434342751,6628.75,43.5,65.25,cutoff,4.066565657249157
275_upper,2019-01-28,2019-01-28 10:30:00-05:00,2019-02-25 10:30:00-05:00,2019-01-30 14:00:00-05:00,upper,skipped,blocked_time,n/a,n/a,,,,,,,,
276_upper,2019-01-29,2019-01-29 10:30:00-05:00,2019-02-26 10:30:00-05:00,2019-01-30 14:00:00-05:00,upper,skipped,blocked_time,n/a,n/a,,,,,,,,
277_upper,2019-01-30,2019-01-30 10:30:00-05:00,2019-02-27 10:30:00-05:00,2019-01-30 14:05:00-05:00,upper,skipped,blocked_time,n/a,n/a,,,,,,,,
270_upper,2019-01-21,2019-01-21 10:30:00-05:00,2019-02-18 10:30:00-05:00,2019-01-30 14:52:00-05:00,upper,skipped,blocked_time,n/a,n/a,,,,,,,,
274_upper,2019-01-25,2019-01-25 10:30:00-05:00,2019-02-22 10:30:00-05:00,2019-01-30 16:43:00-05:00,upper,skipped,no_cutoff,n/a,n/a,,,,,,,,
269_upper,2019-01-18,2019-01-18 10:30:00-05:00,2019-02-15 10:30:00-05:00,2019-01-30 18:00:00-05:00,upper,skipped,no_anchor,n/a,n/a,,,,,,,,
278_upper,2019-01-31,2019-01-31 10:30:00-05:00,2019-02-28 10:30:00-05:00,2019-02-04 11:52:00-05:00,upper,skipped,blocked_time,n/a,n/a,,,,,,,,
280_upper,2019-02-04,2019-02-04 10:30:00-05:00,2019-03-04 10:30:00-05:00,2019-02-04 15:59:00-05:00,upper,skipped,no_cutoff,n/a,n/a,,,,,,,,
279_upper,2019-02-01,2019-02-01 10:30:00-05:00,2019-03-01 10:30:00-05:00,2019-02-04 16:00:00-05:00,upper,skipped,no_cutoff,n/a,n/a,,,,,,,,
282_lower,2019-02-07,2019-02-06 10:30:00-05:00,2019-03-06 10:30:00-05:00,2019-02-07 09:30:00-05:00,lower,executed,,flat,inactive,2019-02-07 09:30:00-05:00,2019-02-07 10:19:00-05:00,6932.260429379139,6932.260429379139,15.5,23.25,BE,0.0
281_lower,2019-02-05,2019-02-05 10:30:00-05:00,2019-03-05 10:30:00-05:00,2019-02-07 09:41:00-05:00,lower,skipped,position_open,open,inactive,,,,,,,,
283_lower,2019-02-07,2019-02-07 10:30:00-05:00,2019-03-07 10:30:00-05:00,2019-02-07 11:34:00-05:00,lower,skipped,blocked_time,n/a,n/a,,,,,,,,
284_upper,2019-02-08,2019-02-08 10:30:00-05:00,2019-03-08 10:30:00-05:00,2019-02-08 15:59:00-05:00,upper,skipped,no_cutoff,n/a,n/a,,,,,,,,
283_upper,2019-02-12,2019-02-07 10:30:00-05:00,2019-03-07 10:30:00-05:00,2019-02-12 10:56:00-05:00,upper,executed,,flat,inactive,2019-02-12 10:56:00-05:00,2019-02-12 15:00:00-05:00,7005.608141232537,7017.25,34.5,51.75,cutoff,-11.641858767463418
285_upper,2019-02-11,2019-02-11 10:30:00-05:00,2019-03-11 10:30:00-04:00,2019-02-12 10:58:00-05:00,upper,skipped,position_open,open,active,,,,,,,,
286_upper,2019-02-13,2019-02-12 10:30:00-05:00,2019-03-12 10:30:00-04:00,2019-02-12 19:12:00-05:00,upper,executed,,flat,inactive,2019-02-12 19:12:00-05:00,2019-02-13 00:20:00-05:00,7036.725329533168,7056.975329533168,13.5,20.25,SL,-20.25
281_upper,2019-02-05,2019-02-05 10:30:00-05:00,2019-03-05 10:30:00-05:00,2019-02-12 22:25:00-05:00,upper,skipped,position_open,open,active,,,,,,,,
287_lower,2019-02-14,2019-02-13 10:30:00-05:00,2019-03-13 10:30:00-04:00,2019-02-14 09:02:00-05:00,lower,executed,,flat,inactive,2019-02-14 09:02:00-05:00,2019-02-14 09:48:00-05:00,6986.149459087077,6986.149459087077,58.0,87.0,BE,0.0
288_upper,2019-02-15,2019-02-14 10:30:00-05:00,2019-03-14 10:30:00-04:00,2019-02-15 09:27:00-05:00,upper,executed,,flat,inactive,2019-02-15 09:27:00-05:00,2019-02-15 10:38:00-05:00,7066.851419753295,7066.851419753295,27.5,41.25,BE,-0.0
282_upper,2019-02-20,2019-02-06 10:30:00-05:00,2019-03-06 10:30:00-05:00,2019-02-20 10:30:00-05:00,upper,executed,,flat,inactive,2019-02-20 10:30:00-05:00,2019-02-20 12:26:00-05:00,7099.489570620861,7066.864570620861,21.75,32.625,TP,32.625
292_lower,2019-02-20,2019-02-20 10:30:00-05:00,2019-03-20 10:30:00-04:00,2019-02-20 14:21:00-05:00,lower,skipped,blocked_time,n/a,n/a,,,,,,,,
291_upper,2019-02-19,2019-02-19 10:30:00-05:00,2019-03-19 10:30:00-04:00,2019-02-20 22:39:00-05:00,upper,skipped,simultaneous_collision,flat,inactive,,,,,,,,
290_upper,2019-02-21,2019-02-18 10:30:00-05:00,2019-03-18 10:30:00-04:00,2019-02-20 22:39:00-05:00,upper,executed,,flat,inactive,2019-02-20 22:39:00-05:00,2019-02-20 23:33:00-05:00,7105.646065216545,7105.646065216545,29.0,43.5,BE,-0.0
287_upper,2019-02-13,2019-02-13 10:30:00-05:00,2019-03-13 10:30:00-04:00,2019-02-20 22:40:00-05:00,upper,skipped,position_open,open,inactive,,,,,,,,
290_lower,2019-02-21,2019-02-18 10:30:00-05:00,2019-03-18 10:30:00-04:00,2019-02-21 09:45:00-05:00,lower,executed,,flat,inactive,2019-02-21 09:45:00-05:00,2019-02-21 12:22:00-05:00,7031.228934783455,7062.353934783455,20.75,31.125,TP,31.125
294_upper,2019-02-22,2019-02-22 10:30:00-05:00,2019-03-22 10:30:00-04:00,2019-02-24 18:00:00-05:00,upper,skipped,no_anchor,n/a,n/a,,,,,,,,
293_upper,2019-02-21,2019-02-21 10:30:00-05:00,2019-03-21 10:30:00-04:00,2019-02-24 18:01:00-05:00,upper,skipped,no_anchor,n/a,n/a,,,,,,,,
292_upper,2019-02-25,2019-02-20 10:30:00-05:00,2019-03-20 10:30:00-04:00,2019-02-25 05:54:00-05:00,upper,executed,,flat,inactive,2019-02-25 05:54:00-05:00,2019-02-25 08:47:00-05:00,7132.881801235798,7147.131801235798,9.5,14.25,SL,-14.25
289_upper,2019-02-15,2019-02-15 10:30:00-05:00,2019-03-15 10:30:00-04:00,2019-02-25 08:03:00-05:00,upper,skipped,position_open,open,active,,,,,,,,
295_lower,2019-02-26,2019-02-25 10:30:00-05:00,2019-03-25 10:30:00-04:00,2019-02-25 19:53:00-05:00,lower,executed,,flat,inactive,2019-02-25 19:53:00-05:00,2019-02-25 21:42:00-05:00,7104.924301812651,7081.299301812651,15.75,23.625,SL,-23.625
298_upper,2019-02-28,2019-02-28 10:30:00-05:00,2019-03-28 10:30:00-04:00,2019-03-01 14:29:00-05:00,upper,skipped,blocked_time,n/a,n/a,,,,,,,,
296_upper,2019-02-26,2019-02-26 10:30:00-05:00,2019-03-26 10:30:00-04:00,2019-03-03 18:00:00-05:00,upper,skipped,no_anchor,n/a,n/a,,,,,,,,
297_upper,2019-02-27,2019-02-27 10:30:00-05:00,2019-03-27 10:30:00-04:00,2019-03-03 18:00:00-05:00,upper,skipped,no_anchor,n/a,n/a,,,,,,,,
295_upper,2019-02-25,2019-02-25 10:30:00-05:00,2019-03-25 10:30:00-04:00,2019-03-03 18:06:00-05:00,upper,skipped,no_anchor,n/a,n/a,,,,,,,,
300_lower,2019-03-04,2019-03-04 10:30:00-05:00,2019-04-01 10:30:00-04:00,2019-03-04 11:24:00-05:00,lower,skipped,blocked_time,n/a,n/a,,,,,,,,
299_lower,2019-03-01,2019-03-01 10:30:00-05:00,2019-03-29 10:30:00-04:00,2019-03-04 12:18:00-05:00,lower,skipped,blocked_time,n/a,n/a,,,,,,,,
302_lower,2019-03-07,2019-03-06 10:30:00-05:00,2019-04-03 10:30:00-04:00,2019-03-06 19:09:00-05:00,lower,executed,,flat,inactive,2019-03-06 19:09:00-05:00,2019-03-06 19:56:00-05:00,7096.704063272711,7096.704063272711,12.5,18.75,BE,0.0
301_lower,2019-03-07,2019-03-05 10:30:00-05:00,2019-04-02 10:30:00-04:00,2019-03-07 02:04:00-05:00,lower,executed,,flat,inactive,2019-03-07 02:04:00-05:00,2019-03-07 05:58:00-05:00,7088.110997519376,7095.610997519376,5.0,7.5,TP,7.5
298_lower,2019-02-28,2019-02-28 10:30:00-05:00,2019-03-28 10:30:00-04:00,2019-03-07 09:52:00-05:00,lower,skipped,simultaneous_collision,flat,inactive,,,,,,,,
296_lower,2019-03-07,2019-02-26 10:30:00-05:00,2019-03-26 10:30:00-04:00,2019-03-07 09:52:00-05:00,lower,executed,,flat,inactive,2019-03-07 09:52:00-05:00,2019-03-07 12:45:00-05:00,7042.148029723088,7074.023029723088,21.25,31.875,TP,31.875
294_lower,2019-02-22,2019-02-22 10:30:00-05:00,2019-03-22 10:30:00-04:00,2019-03-07 14:48:00-05:00,lower,skipped,blocked_time,n/a,n/a,,,,,,,,
297_lower,2019-02-27,2019-02-27 10:30:00-05:00,2019-03-27 10:30:00-04:00,2019-03-08 08:30:00-05:00,lower,skipped,simultaneous_collision,flat,inactive,,,,,,,,
289_lower,2019-03-08,2019-02-15 10:30:00-05:00,2019-03-15 10:30:00-04:00,2019-03-08 08:30:00-05:00,lower,executed,,flat,inactive,2019-03-08 08:30:00-05:00,2019-03-08 08:31:00-05:00,7002.823290270129,6985.198290270129,11.75,17.625,SL,-17.625
291_lower,2019-02-19,2019-02-19 10:30:00-05:00,2019-03-19 10:30:00-04:00,2019-03-08 08:31:00-05:00,lower,skipped,SAL,n/a,active,,,,,,,,
303_lower,2019-03-07,2019-03-07 10:30:00-05:00,2019-04-04 10:30:00-04:00,2019-03-08 08:31:00-05:00,lower,skipped,SAL,n/a,active,,,,,,,,
293_lower,2019-02-21,2019-02-21 10:30:00-05:00,2019-03-21 10:30:00-04:00,2019-03-08 09:08:00-05:00,lower,skipped,SAL,n/a,active,,,,,,,,
304_upper,2019-03-08,2019-03-08 10:30:00-05:00,2019-04-05 10:30:00-04:00,2019-03-08 16:01:00-05:00,upper,skipped,no_cutoff,n/a,n/a,,,,,,,,
305_upper,2019-03-11,2019-03-11 10:30:00-04:00,2019-04-08 10:30:00-04:00,2019-03-11 12:04:00-04:00,upper,skipped,blocked_time,n/a,n/a,,,,,,,,
303_upper,2019-03-07,2019-03-07 10:30:00-05:00,2019-04-04 10:30:00-04:00,2019-03-11 12:05:00-04:00,upper,skipped,blocked_time,n/a,n/a,,,,,,,,
299_upper,2019-03-01,2019-03-01 10:30:00-05:00,2019-03-29 10:30:00-04:00,2019-03-11 18:56:00-04:00,upper,skipped,no_anchor,n/a,n/a,,,,,,,,
301_upper,2019-03-05,2019-03-05 10:30:00-05:00,2019-04-02 10:30:00-04:00,2019-03-11 18:56:00-04:00,upper,skipped,no_anchor,n/a,n/a,,,,,,,,
302_upper,2019-03-06,2019-03-06 10:30:00-05:00,2019-04-03 10:30:00-04:00,2019-03-11 18:57:00-04:00,upper,skipped,no_anchor,n/a,n/a,,,,,,,,
300_upper,2019-03-04,2019-03-04 10:30:00-05:00,2019-04-01 10:30:00-04:00,2019-03-12 11:58:00-04:00,upper,skipped,blocked_time,n/a,n/a,,,,,,,,
306_upper,2019-03-13,2019-03-12 10:30:00-04:00,2019-04-09 10:30:00-04:00,2019-03-13 08:01:00-04:00,upper,executed,,flat,inactive,2019-03-13 08:01:00-04:00,2019-03-13 09:19:00-04:00,7264.989626174274,7264.989626174274,15.5,23.25,BE,-0.0
307_upper,2019-03-13,2019-03-13 10:30:00-04:00,2019-04-10 10:30:00-04:00,2019-03-13 14:06:00-04:00,upper,skipped,blocked_time,n/a,n/a,,,,,,,,
308_upper,2019-03-14,2019-03-14 10:30:00-04:00,2019-04-11 10:30:00-04:00,2019-03-15 11:16:00-04:00,upper,skipped,blocked_time,n/a,n/a,,,,,,,,
309_upper,2019-03-18,2019-03-15 10:30:00-04:00,2019-04-12 10:30:00-04:00,2019-03-18 09:58:00-04:00,upper,executed,,flat,inactive,2019-03-18 09:58:00-04:00,2019-03-18 11:22:00-04:00,7364.855795694172,7348.355795694172,11.0,16.5,TP,16.5
310_upper,2019-03-18,2019-03-18 10:30:00-04:00,2019-04-15 10:30:00-04:00,2019-03-19 11:50:00-04:00,upper,skipped,blocked_time,n/a,n/a,,,,,,,,
312_upper,2019-03-20,2019-03-20 10:30:00-04:00,2019-04-17 10:30:00-04:00,2019-03-20 14:25:00-04:00,upper,skipped,blocked_time,n/a,n/a,,,,,,,,
311_upper,2019-03-19,2019-03-19 10:30:00-04:00,2019-04-16 10:30:00-04:00,2019-03-20 14:26:00-04:00,upper,skipped,blocked_time,n/a,n/a,,,,,,,,
313_upper,2019-03-21,2019-03-21 10:30:00-04:00,2019-04-18 10:30:00-04:00,2019-03-21 13:29:00-04:00,upper,skipped,blocked_time,n/a,n/a,,,,,,,,
314_lower,2019-03-22,2019-03-22 10:30:00-04:00,2019-04-22 10:30:00-04:00,2019-03-22 11:53:00-04:00,lower,skipped,blocked_time,n/a,n/a,,,,,,,,
311_lower,2019-03-25,2019-03-19 10:30:00-04:00,2019-04-16 10:30:00-04:00,2019-03-24 20:24:00-04:00,lower,executed,,flat,inactive,2019-03-24 20:24:00-04:00,2019-03-24 20:36:00-04:00,7338.404159772443,7323.404159772443,10.0,15.0,SL,-15.0
312_lower,2019-03-20,2019-03-20 10:30:00-04:00,2019-04-17 10:30:00-04:00,2019-03-24 20:37:00-04:00,lower,skipped,SAL,n/a,active,,,,,,,,
313_lower,2019-03-21,2019-03-21 10:30:00-04:00,2019-04-18 10:30:00-04:00,2019-03-24 20:37:00-04:00,lower,skipped,SAL,n/a,active,,,,,,,,
315_upper,2019-03-26,2019-03-25 10:30:00-04:00,2019-04-23 10:30:00-04:00,2019-03-26 09:58:00-04:00,upper,executed,,flat,inactive,2019-03-26 09:58:00-04:00,2019-03-26 10:21:00-04:00,7436.429416775671,7412.429416775671,16.0,24.0,TP,24.0
316_lower,2019-03-26,2019-03-26 10:30:00-04:00,2019-04-24 10:30:00-04:00,2019-03-27 11:14:00-04:00,lower,skipped,blocked_time,n/a,n/a,,,,,,,,
317_lower,2019-03-27,2019-03-27 10:30:00-04:00,2019-04-25 10:30:00-04:00,2019-03-27 11:28:00-04:00,lower,skipped,blocked_time,n/a,n/a,,,,,,,,
310_lower,2019-03-18,2019-03-18 10:30:00-04:00,2019-04-15 10:30:00-04:00,2019-03-27 11:43:00-04:00,lower,skipped,blocked_time,n/a,n/a,,,,,,,,
318_upper,2019-03-28,2019-03-28 10:30:00-04:00,2019-04-26 10:30:00-04:00,2019-03-31 18:00:00-04:00,upper,skipped,no_anchor,n/a,n/a,,,,,,,,
319_upper,2019-03-29,2019-03-29 10:30:00-04:00,2019-04-29 10:30:00-04:00,2019-03-31 19:05:00-04:00,upper,skipped,simultaneous_collision,flat,inactive,,,,,,,,
317_upper,2019-04-01,2019-03-27 10:30:00-04:00,2019-04-25 10:30:00-04:00,2019-03-31 19:05:00-04:00,upper,executed,,flat,inactive,2019-03-31 19:05:00-04:00,2019-03-31 19:57:00-04:00,7456.58924329144,7456.58924329144,26.0,39.0,BE,-0.0
316_upper,2019-03-26,2019-03-26 10:30:00-04:00,2019-04-24 10:30:00-04:00,2019-04-01 12:58:00-04:00,upper,skipped,blocked_time,n/a,n/a,,,,,,,,
320_upper,2019-04-01,2019-04-01 10:30:00-04:00,2019-04-30 10:30:00-04:00,2019-04-02 15:50:00-04:00,upper,skipped,no_cutoff,n/a,n/a,,,,,,,,
321_upper,2019-04-03,2019-04-02 10:30:00-04:00,2019-05-01 10:30:00-04:00,2019-04-02 21:45:00-04:00,upper,executed,,flat,inactive,2019-04-02 21:45:00-04:00,2019-04-03 15:00:00-04:00,7560.942742879464,7564.5,41.5,62.25,cutoff,-3.5572571205357235
314_upper,2019-03-22,2019-03-22 10:30:00-04:00,2019-04-22 10:30:00-04:00,2019-04-03 04:00:00-04:00,upper,skipped,position_open,open,active,,,,,,,,
322_upper,2019-04-03,2019-04-03 10:30:00-04:00,2019-05-02 10:30:00-04:00,2019-04-08 15:50:00-04:00,upper,skipped,no_cutoff,n/a,n/a,,,,,,,,
325_upper,2019-04-08,2019-04-08 10:30:00-04:00,2019-05-07 10:30:00-04:00,2019-04-10 16:01:00-04:00,upper,skipped,no_cutoff,n/a,n/a,,,,,,,,
323_upper,2019-04-04,2019-04-04 10:30:00-04:00,2019-05-03 10:30:00-04:00,2019-04-10 16:30:00-04:00,upper,skipped,no_cutoff,n/a,n/a,,,,,,,,
324_upper,2019-04-05,2019-04-05 10:30:00-04:00,2019-05-06 10:30:00-04:00,2019-04-10 18:29:00-04:00,upper,skipped,no_anchor,n/a,n/a,,,,,,,,
327_upper,2019-04-10,2019-04-10 10:30:00-04:00,2019-05-09 10:30:00-04:00,2019-04-10 19:42:00-04:00,upper,skipped,simultaneous_collision,flat,inactive,,,,,,,,
326_upper,2019-04-11,2019-04-09 10:30:00-04:00,2019-05-08 10:30:00-04:00,2019-04-10 19:42:00-04:00,upper,executed,,flat,inactive,2019-04-10 19:42:00-04:00,2019-04-10 21:31:00-04:00,7657.866593011651,7657.866593011651,6.75,10.125,BE,-0.0
329_lower,2019-04-15,2019-04-12 10:30:00-04:00,2019-05-13 10:30:00-04:00,2019-04-15 10:43:00-04:00,lower,executed,,flat,inactive,2019-04-15 10:43:00-04:00,2019-04-15 11:29:00-04:00,7598.850929913289,7628.100929913289,19.5,29.25,TP,29.25
329_upper,2019-04-12,2019-04-12 10:30:00-04:00,2019-05-13 10:30:00-04:00,2019-04-16 16:00:00-04:00,upper,skipped,no_cutoff,n/a,n/a,,,,,,,,
328_upper,2019-04-17,2019-04-11 10:30:00-04:00,2019-05-10 10:30:00-04:00,2019-04-16 21:59:00-04:00,upper,executed,,flat,inactive,2019-04-16 21:59:00-04:00,2019-04-17 05:35:00-04:00,7699.634134584332,7699.634134584332,16.25,24.375,BE,-0.0
330_upper,2019-04-17,2019-04-15 10:30:00-04:00,2019-05-14 10:30:00-04:00,2019-04-17 08:06:00-04:00,upper,executed,,flat,inactive,2019-04-17 08:06:00-04:00,2019-04-17 09:09:00-04:00,7710.238280784006,7723.363280784006,8.75,13.125,SL,-13.125
331_upper,2019-04-16,2019-04-16 10:30:00-04:00,2019-05-15 10:30:00-04:00,2019-04-17 09:32:00-04:00,upper,skipped,SAL,n/a,active,,,,,,,,
334_upper,2019-04-22,2019-04-22 10:30:00-04:00,2019-05-20 10:30:00-04:00,2019-04-22 16:32:00-04:00,upper,skipped,no_cutoff,n/a,n/a,,,,,,,,
333_upper,2019-04-23,2019-04-18 10:30:00-04:00,2019-05-17 10:30:00-04:00,2019-04-23 09:45:00-04:00,upper,executed,,flat,inactive,2019-04-23 09:45:00-04:00,2019-04-23 10:04:00-04:00,7773.90282063656,7788.15282063656,9.5,14.25,SL,-14.25
332_upper,2019-04-17,2019-04-17 10:30:00-04:00,2019-05-16 10:30:00-04:00,2019-04-23 10:04:00-04:00,upper,skipped,SAL,n/a,active,,,,,,,,
335_upper,2019-04-23,2019-04-23 10:30:00-04:00,2019-05-21 10:30:00-04:00,2019-04-23 14:55:00-04:00,upper,skipped,blocked_time,n/a,n/a,,,,,,,,
336_lower,2019-04-26,2019-04-24 10:30:00-04:00,2019-05-22 10:30:00-04:00,2019-04-26 09:43:00-04:00,lower,executed,,flat,inactive,2019-04-26 09:43:00-04:00,2019-04-26 15:00:00-04:00,7774.610071123734,7822.75,38.5,57.75,cutoff,48.13992887626591
339_lower,2019-04-30,2019-04-29 10:30:00-04:00,2019-05-27 10:30:00-04:00,2019-04-29 21:00:00-04:00,lower,executed,,flat,inactive,2019-04-29 21:00:00-04:00,2019-04-30 03:00:00-04:00,7786.750170326715,7801.375170326715,9.75,14.625,TP,14.625
337_lower,2019-04-25,2019-04-25 10:30:00-04:00,2019-05-23 10:30:00-04:00,2019-04-30 11:03:00-04:00,lower,skipped,blocked_time,n/a,n/a,,,,,,,,
340_upper,2019-04-30,2019-04-30 10:30:00-04:00,2019-05-28 10:30:00-04:00,2019-04-30 16:30:00-04:00,upper,skipped,no_cutoff,n/a,n/a,,,,,,,,
341_lower,2019-05-01,2019-05-01 10:30:00-04:00,2019-05-29 10:30:00-04:00,2019-05-01 15:50:00-04:00,lower,skipped,no_cutoff,n/a,n/a,,,,,,,,
340_lower,2019-04-30,2019-04-30 10:30:00-04:00,2019-05-28 10:30:00-04:00,2019-05-01 18:02:00-04:00,lower,skipped,no_anchor,n/a,n/a,,,,,,,,
338_lower,2019-04-26,2019-04-26 10:30:00-04:00,2019-05-24 10:30:00-04:00,2019-05-02 11:42:00-04:00,lower,skipped,blocked_time,n/a,n/a,,,,,,,,
342_lower,2019-05-02,2019-05-02 10:30:00-04:00,2019-05-30 10:30:00-04:00,2019-05-02 11:47:00-04:00,lower,skipped,blocked_time,n/a,n/a,,,,,,,,
335_lower,2019-04-23,2019-04-23 10:30:00-04:00,2019-05-21 10:30:00-04:00,2019-05-02 11:57:00-04:00,lower,skipped,blocked_time,n/a,n/a,,,,,,,,
342_upper,2019-05-02,2019-05-02 10:30:00-04:00,2019-05-30 10:30:00-04:00,2019-05-03 13:21:00-04:00,upper,skipped,blocked_time,n/a,n/a,,,,,,,,
343_upper,2019-05-03,2019-05-03 10:30:00-04:00,2019-05-31 10:30:00-04:00,2019-05-03 16:30:00-04:00,upper,skipped,no_cutoff,n/a,n/a,,,,,,,,
343_lower,2019-05-03,2019-05-03 10:30:00-04:00,2019-05-31 10:30:00-04:00,2019-05-05 18:01:00-04:00,lower,skipped,no_anchor,n/a,n/a,,,,,,,,
344_upper,2019-05-06,2019-05-06 10:30:00-04:00,2019-06-03 10:30:00-04:00,2019-05-06 14:50:00-04:00,upper,skipped,blocked_time,n/a,n/a,,,,,,,,
332_lower,2019-04-17,2019-04-17 10:30:00-04:00,2019-05-16 10:30:00-04:00,2019-05-07 11:04:00-04:00,lower,skipped,blocked_time,n/a,n/a,,,,,,,,
333_lower,2019-04-18,2019-04-18 10:30:00-04:00,2019-05-17 10:30:00-04:00,2019-05-07 13:15:00-04:00,lower,skipped,blocked_time,n/a,n/a,,,,,,,,
331_lower,2019-04-16,2019-04-16 10:30:00-04:00,2019-05-15 10:30:00-04:00,2019-05-07 13:21:00-04:00,lower,skipped,blocked_time,n/a,n/a,,,,,,,,
334_lower,2019-04-22,2019-04-22 10:30:00-04:00,2019-05-20 10:30:00-04:00,2019-05-07 13:24:00-04:00,lower,skipped,blocked_time,n/a,n/a,,,,,,,,
345_lower,2019-05-07,2019-05-07 10:30:00-04:00,2019-06-04 10:30:00-04:00,2019-05-07 13:24:00-04:00,lower,skipped,blocked_time,n/a,n/a,,,,,,,,
344_lower,2019-05-06,2019-05-06 10:30:00-04:00,2019-06-03 10:30:00-04:00,2019-05-07 14:31:00-04:00,lower,skipped,blocked_time,n/a,n/a,,,,,,,,
328_lower,2019-05-09,2019-04-11 10:30:00-04:00,2019-05-10 10:30:00-04:00,2019-05-09 02:52:00-04:00,lower,executed,,flat,inactive,2019-05-09 02:52:00-04:00,2019-05-09 09:06:00-04:00,7578.615865415668,7544.490865415668,22.75,34.125,SL,-34.125
330_lower,2019-04-15,2019-04-15 10:30:00-04:00,2019-05-14 10:30:00-04:00,2019-05-09 03:00:00-04:00,lower,skipped,position_open,open,active,,,,,,,,
327_lower,2019-04-10,2019-04-10 10:30:00-04:00,2019-05-09 10:30:00-04:00,2019-05-09 08:49:00-04:00,lower,skipped,position_open,open,active,,,,,,,,
346_lower,2019-05-08,2019-05-08 10:30:00-04:00,2019-06-05 10:30:00-04:00,2019-05-09 09:37:00-04:00,lower,skipped,SAL,n/a,active,,,,,,,,
347_upper,2019-05-10,2019-05-09 10:30:00-04:00,2019-06-06 10:30:00-04:00,2019-05-09 20:24:00-04:00,upper,executed,,flat,inactive,2019-05-09 20:24:00-04:00,2019-05-09 20:28:00-04:00,7650.354235476605,7607.979235476605,28.25,42.375,TP,42.375
348_lower,2019-05-10,2019-05-10 10:30:00-04:00,2019-06-07 10:30:00-04:00,2019-05-10 11:43:00-04:00,lower,skipped,blocked_time,n/a,n/a,,,,,,,,
347_lower,2019-05-13,2019-05-09 10:30:00-04:00,2019-06-06 10:30:00-04:00,2019-05-13 08:14:00-04:00,lower,executed,,flat,inactive,2019-05-13 08:14:00-04:00,2019-05-13 10:01:00-04:00,7423.645764523395,7370.770764523395,35.25,52.875,SL,-52.875
349_lower,2019-05-13,2019-05-13 10:30:00-04:00,2019-06-10 10:30:00-04:00,2019-05-13 18:01:00-04:00,lower,skipped,no_anchor,n/a,n/a,,,,,,,,
350_upper,2019-05-15,2019-05-14 10:30:00-04:00,2019-06-11 10:30:00-04:00,2019-05-15 10:29:00-04:00,upper,executed,,flat,inactive,2019-05-15 10:29:00-04:00,2019-05-15 15:00:00-04:00,7476.906551494811,7521.25,58.25,87.375,cutoff,-44.34344850518937
349_upper,2019-05-13,2019-05-13 10:30:00-04:00,2019-06-10 10:30:00-04:00,2019-05-15 11:30:00-04:00,upper,skipped,blocked_time,n/a,n/a,,,,,,,,
351_upper,2019-05-15,2019-05-15 10:30:00-04:00,2019-06-12 10:30:00-04:00,2019-05-15 13:39:00-04:00,upper,skipped,blocked_time,n/a,n/a,,,,,,,,
353_upper,2019-05-17,2019-05-17 10:30:00-04:00,2019-06-14 10:30:00-04:00,2019-05-17 11:08:00-04:00,upper,skipped,blocked_time,n/a,n/a,,,,,,,,
353_lower,2019-05-20,2019-05-17 10:30:00-04:00,2019-06-14 10:30:00-04:00,2019-05-20 06:14:00-04:00,lower,executed,,flat,inactive,2019-05-20 06:14:00-04:00,2019-05-20 07:10:00-04:00,7445.914503871969,7415.914503871969,20.0,30.0,SL,-30.0
352_lower,2019-05-16,2019-05-16 10:30:00-04:00,2019-06-13 10:30:00-04:00,2019-05-20 06:25:00-04:00,lower,skipped,position_open,open,active,,,,,,,,
355_lower,2019-05-23,2019-05-21 10:30:00-04:00,2019-06-18 10:30:00-04:00,2019-05-22 22:21:00-04:00,lower,executed,,flat,inactive,2019-05-22 22:21:00-04:00,2019-05-23 02:04:00-04:00,7376.897830752936,7376.897830752936,25.75,38.625,BE,0.0
356_lower,2019-05-23,2019-05-22 10:30:00-04:00,2019-06-19 10:30:00-04:00,2019-05-23 03:06:00-04:00,lower,executed,,flat,inactive,2019-05-23 03:06:00-04:00,2019-05-23 04:00:00-04:00,7356.2820826230345,7356.2820826230345,24.5,36.75,BE,0.0
354_lower,2019-05-23,2019-05-20 10:30:00-04:00,2019-06-17 10:30:00-04:00,2019-05-23 09:45:00-04:00,lower,executed,,flat,inactive,2019-05-23 09:45:00-04:00,2019-05-23 11:11:00-04:00,7312.987798287939,7312.987798287939,25.5,38.25,BE,0.0
350_lower,2019-05-14,2019-05-14 10:30:00-04:00,2019-06-11 10:30:00-04:00,2019-05-23 12:53:00-04:00,lower,skipped,blocked_time,n/a,n/a,,,,,,,,
359_upper,2019-05-28,2019-05-27 10:30:00-04:00,2019-06-24 10:30:00-04:00,2019-05-28 09:35:00-04:00,upper,executed,,flat,inactive,2019-05-28 09:35:00-04:00,2019-05-28 10:32:00-04:00,7361.149094122717,7325.899094122717,23.5,35.25,TP,35.25
358_lower,2019-05-29,2019-05-24 10:30:00-04:00,2019-06-21 10:30:00-04:00,2019-05-28 20:09:00-04:00,lower,executed,,flat,inactive,2019-05-28 20:09:00-04:00,2019-05-28 20:12:00-04:00,7279.945951407919,7258.945951407919,14.0,21.0,SL,-21.0
351_lower,2019-05-15,2019-05-15 10:30:00-04:00,2019-06-12 10:30:00-04:00,2019-05-28 20:12:00-04:00,lower,skipped,SAL,n/a,active,,,,,,,,
357_lower,2019-05-23,2019-05-23 10:30:00-04:00,2019-06-20 10:30:00-04:00,2019-05-28 20:12:00-04:00,lower,skipped,SAL,n/a,active,,,,,,,,
359_lower,2019-05-27,2019-05-27 10:30:00-04:00,2019-06-24 10:30:00-04:00,2019-05-28 20:12:00-04:00,lower,skipped,SAL,n/a,active,,,,,,,,
360_lower,2019-05-28,2019-05-28 10:30:00-04:00,2019-06-25 10:30:00-04:00,2019-05-28 20:12:00-04:00,lower,skipped,SAL,n/a,active,,,,,,,,
362_lower,2019-05-31,2019-05-30 10:30:00-04:00,2019-06-27 10:30:00-04:00,2019-05-30 20:00:00-04:00,lower,executed,,flat,inactive,2019-05-30 20:00:00-04:00,2019-05-31 03:04:00-04:00,7180.145028259732,7180.145028259732,72.75,109.125,BE,0.0
361_lower,2019-05-31,2019-05-29 10:30:00-04:00,2019-06-26 10:30:00-04:00,2019-05-31 03:51:00-04:00,lower,executed,,flat,inactive,2019-05-31 03:51:00-04:00,2019-05-31 04:46:00-04:00,7158.556468179946,7158.556468179946,15.75,23.625,BE,0.0
363_lower,2019-05-31,2019-05-31 10:30:00-04:00,2019-06-28 10:30:00-04:00,2019-06-02 18:21:00-04:00,lower,skipped,no_anchor,n/a,n/a,,,,,,,,
364_lower,2019-06-03,2019-06-03 10:30:00-04:00,2019-07-01 10:30:00-04:00,2019-06-03 13:31:00-04:00,lower,skipped,blocked_time,n/a,n/a,,,,,,,,
365_upper,2019-06-04,2019-06-04 10:30:00-04:00,2019-07-02 10:30:00-04:00,2019-06-04 13:31:00-04:00,upper,skipped,blocked_time,n/a,n/a,,,,,,,,
364_upper,2019-06-05,2019-06-03 10:30:00-04:00,2019-07-01 10:30:00-04:00,2019-06-04 21:59:00-04:00,upper,executed,,flat,inactive,2019-06-04 21:59:00-04:00,2019-06-05 01:34:00-04:00,7220.128156266359,7198.003156266359,14.75,22.125,TP,22.125
363_upper,2019-06-05,2019-05-31 10:30:00-04:00,2019-06-28 10:30:00-04:00,2019-06-05 05:27:00-04:00,upper,executed,,flat,inactive,2019-06-05 05:27:00-04:00,2019-06-05 08:24:00-04:00,7229.097752035053,7209.222752035053,13.25,19.875,TP,19.875
367_upper,2019-06-07,2019-06-06 10:30:00-04:00,2019-07-04 10:30:00-04:00,2019-06-07 04:08:00-04:00,upper,executed,,flat,inactive,2019-06-07 04:08:00-04:00,2019-06-07 08:50:00-04:00,7302.026438009016,7324.901438009016,15.25,22.875,SL,-22.875
362_upper,2019-05-30,2019-05-30 10:30:00-04:00,2019-06-27 10:30:00-04:00,2019-06-07 05:28:00-04:00,upper,skipped,position_open,open,active,,,,,,,,
361_upper,2019-05-29,2019-05-29 10:30:00-04:00,2019-06-26 10:30:00-04:00,2019-06-07 06:53:00-04:00,upper,skipped,position_open,open,active,,,,,,,,
366_upper,2019-06-05,2019-06-05 10:30:00-04:00,2019-07-03 10:30:00-04:00,2019-06-07 06:59:00-04:00,upper,skipped,position_open,open,active,,,,,,,,
357_upper,2019-05-23,2019-05-23 10:30:00-04:00,2019-06-20 10:30:00-04:00,2019-06-07 10:31:00-04:00,upper,skipped,SAL,n/a,active,,,,,,,,
360_upper,2019-05-28,2019-05-28 10:30:00-04:00,2019-06-25 10:30:00-04:00,2019-06-07 10:36:00-04:00,upper,skipped,SAL,n/a,active,,,,,,,,
358_upper,2019-05-24,2019-05-24 10:30:00-04:00,2019-06-21 10:30:00-04:00,2019-06-07 10:56:00-04:00,upper,skipped,SAL,n/a,active,,,,,,,,
368_upper,2019-06-07,2019-06-07 10:30:00-04:00,2019-07-05 10:30:00-04:00,2019-06-07 11:01:00-04:00,upper,skipped,blocked_time,n/a,n/a,,,,,,,,
354_upper,2019-06-10,2019-05-20 10:30:00-04:00,2019-06-17 10:30:00-04:00,2019-06-10 09:33:00-04:00,upper,executed,,flat,inactive,2019-06-10 09:33:00-04:00,2019-06-10 09:41:00-04:00,7490.887201712061,7514.137201712061,15.5,23.25,SL,-23.25
356_upper,2019-05-22,2019-05-22 10:30:00-04:00,2019-06-19 10:30:00-04:00,2019-06-10 09:41:00-04:00,upper,skipped,SAL,n/a,active,,,,,,,,
355_upper,2019-05-21,2019-05-21 10:30:00-04:00,2019-06-18 10:30:00-04:00,2019-06-10 09:45:00-04:00,upper,skipped,SAL,n/a,active,,,,,,,,
369_upper,2019-06-11,2019-06-10 10:30:00-04:00,2019-07-08 10:30:00-04:00,2019-06-11 08:33:00-04:00,upper,executed,,flat,inactive,2019-06-11 08:33:00-04:00,2019-06-11 09:31:00-04:00,7581.68850577757,7597.81350577757,10.75,16.125,SL,-16.125
370_lower,2019-06-11,2019-06-11 10:30:00-04:00,2019-07-09 10:30:00-04:00,2019-06-11 12:06:00-04:00,lower,skipped,blocked_time,n/a,n/a,,,,,,,,
373_upper,2019-06-17,2019-06-14 10:30:00-04:00,2019-07-12 10:30:00-04:00,2019-06-17 09:48:00-04:00,upper,executed,,flat,inactive,2019-06-17 09:48:00-04:00,2019-06-17 15:00:00-04:00,7557.426017325325,7558.5,17.25,25.875,cutoff,-1.0739826746748804
371_upper,2019-06-12,2019-06-12 10:30:00-04:00,2019-07-10 10:30:00-04:00,2019-06-17 09:55:00-04:00,upper,skipped,position_open,open,active,,,,,,,,
372_upper,2019-06-18,2019-06-13 10:30:00-04:00,2019-07-11 10:30:00-04:00,2019-06-18 04:18:00-04:00,upper,executed,,flat,inactive,2019-06-18 04:18:00-04:00,2019-06-18 06:40:00-04:00,7581.479889253155,7620.104889253155,25.75,38.625,SL,-38.625
374_upper,2019-06-17,2019-06-17 10:30:00-04:00,2019-07-15 10:30:00-04:00,2019-06-18 06:37:00-04:00,upper,skipped,position_open,open,active,,,,,,,,
370_upper,2019-06-11,2019-06-11 10:30:00-04:00,2019-07-09 10:30:00-04:00,2019-06-18 09:39:00-04:00,upper,skipped,SAL,n/a,active,,,,,,,,
376_upper,2019-06-20,2019-06-19 10:30:00-04:00,2019-07-17 10:30:00-04:00,2019-06-19 21:04:00-04:00,upper,executed,,flat,inactive,2019-06-19 21:04:00-04:00,2019-06-19 21:50:00-04:00,7744.217574103359,7744.217574103359,15.0,22.5,BE,-0.0
375_upper,2019-06-20,2019-06-18 10:30:00-04:00,2019-07-16 10:30:00-04:00,2019-06-19 23:21:00-04:00,upper,executed,,flat,inactive,2019-06-19 23:21:00-04:00,2019-06-20 03:34:00-04:00,7761.613193155707,7786.363193155707,16.5,24.75,SL,-24.75
377_lower,2019-06-20,2019-06-20 10:30:00-04:00,2019-07-18 10:30:00-04:00,2019-06-20 12:16:00-04:00,lower,skipped,blocked_time,n/a,n/a,,,,,,,,
379_lower,2019-06-25,2019-06-24 10:30:00-04:00,2019-07-22 10:30:00-04:00,2019-06-25 10:20:00-04:00,lower,executed,,flat,inactive,2019-06-25 10:20:00-04:00,2019-06-25 13:01:00-04:00,7706.652958052631,7641.777958052631,43.25,64.875,SL,-64.875
378_lower,2019-06-21,2019-06-21 10:30:00-04:00,2019-07-19 10:30:00-04:00,2019-06-25 10:47:00-04:00,lower,skipped,position_open,open,active,,,,,,,,
380_lower,2019-06-25,2019-06-25 10:30:00-04:00,2019-07-23 10:30:00-04:00,2019-06-25 12:45:00-04:00,lower,skipped,blocked_time,n/a,n/a,,,,,,,,
378_upper,2019-06-21,2019-06-21 10:30:00-04:00,2019-07-19 10:30:00-04:00,2019-06-30 18:00:00-04:00,upper,skipped,no_anchor,n/a,n/a,,,,,,,,
381_upper,2019-06-26,2019-06-26 10:30:00-04:00,2019-07-24 10:30:00-04:00,2019-06-30 18:00:00-04:00,upper,skipped,no_anchor,n/a,n/a,,,,,,,,
382_upper,2019-06-27,2019-06-27 10:30:00-04:00,2019-07-25 10:30:00-04:00,2019-06-30 18:00:00-04:00,upper,skipped,no_anchor,n/a,n/a,,,,,,,,
383_upper,2019-06-28,2019-06-28 10:30:00-04:00,2019-07-26 10:30:00-04:00,2019-06-30 18:00:00-04:00,upper,skipped,no_anchor,n/a,n/a,,,,,,,,
380_upper,2019-06-25,2019-06-25 10:30:00-04:00,2019-07-23 10:30:00-04:00,2019-06-30 18:07:00-04:00,upper,skipped,no_anchor,n/a,n/a,,,,,,,,
379_upper,2019-07-01,2019-06-24 10:30:00-04:00,2019-07-22 10:30:00-04:00,2019-07-01 02:18:00-04:00,upper,executed,,flat,inactive,2019-07-01 02:18:00-04:00,2019-07-01 12:43:00-04:00,7825.222041947369,7783.222041947369,28.0,42.0,TP,42.0
385_upper,2019-07-02,2019-07-02 10:30:00-04:00,2019-07-30 10:30:00-04:00,2019-07-02 16:39:00-04:00,upper,skipped,no_cutoff,n/a,n/a,,,,,,,,
377_upper,2019-07-03,2019-06-20 10:30:00-04:00,2019-07-18 10:30:00-04:00,2019-07-03 04:10:00-04:00,upper,executed,,flat,inactive,2019-07-03 04:10:00-04:00,2019-07-03 13:14:00-04:00,7861.301557393486,7888.25,24.75,37.125,cutoff,-26.94844260651371
386_upper,2019-07-03,2019-07-03 10:30:00-04:00,2019-07-31 10:30:00-04:00,2019-07-03 18:00:00-04:00,upper,skipped,no_anchor,n/a,n/a,,,,,,,,
384_upper,2019-07-01,2019-07-01 10:30:00-04:00,2019-07-29 10:30:00-04:00,2019-07-04 18:02:00-04:00,upper,skipped,no_anchor,n/a,n/a,,,,,,,,
387_lower,2019-07-05,2019-07-04 10:30:00-04:00,2019-08-01 10:30:00-04:00,2019-07-05 08:30:00-04:00,lower,executed,,flat,inactive,2019-07-05 08:30:00-04:00,2019-07-05 08:31:00-04:00,7859.180140101164,7875.305140101164,10.75,16.125,TP,16.125
386_lower,2019-07-08,2019-07-03 10:30:00-04:00,2019-07-31 10:30:00-04:00,2019-07-08 09:37:00-04:00,lower,executed,,flat,inactive,2019-07-08 09:37:00-04:00,2019-07-08 09:47:00-04:00,7792.468909205383,7778.593909205383,9.25,13.875,SL,-13.875
388_lower,2019-07-05,2019-07-05 10:30:00-04:00,2019-08-02 10:30:00-04:00,2019-07-08 23:23:00-04:00,lower,skipped,simultaneous_collision,flat,inactive,,,,,,,,
384_lower,2019-07-09,2019-07-01 10:30:00-04:00,2019-07-29 10:30:00-04:00,2019-07-08 23:23:00-04:00,lower,executed,,flat,inactive,2019-07-08 23:23:00-04:00,2019-07-09 00:26:00-04:00,7756.670546753776,7756.670546753776,12.0,18.0,BE,0.0
389_lower,2019-07-09,2019-07-08 10:30:00-04:00,2019-08-05 10:30:00-04:00,2019-07-09 03:50:00-04:00,lower,executed,,flat,inactive,2019-07-09 03:50:00-04:00,2019-07-09 07:28:00-04:00,7744.552734267011,7770.802734267011,17.5,26.25,TP,26.25
390_upper,2019-07-09,2019-07-09 10:30:00-04:00,2019-08-06 10:30:00-04:00,2019-07-09 15:52:00-04:00,upper,skipped,no_cutoff,n/a,n/a,,,,,,,,
389_upper,2019-07-10,2019-07-08 10:30:00-04:00,2019-08-05 10:30:00-04:00,2019-07-10 08:32:00-04:00,upper,executed,,flat,inactive,2019-07-10 08:32:00-04:00,2019-07-10 08:35:00-04:00,7870.822265732989,7886.947265732989,10.75,16.125,SL,-16.125
388_upper,2019-07-05,2019-07-05 10:30:00-04:00,2019-08-02 10:30:00-04:00,2019-07-10 08:35:00-04:00,upper,skipped,SAL,n/a,active,,,,,,,,
387_upper,2019-07-04,2019-07-04 10:30:00-04:00,2019-08-01 10:30:00-04:00,2019-07-10 09:48:00-04:00,upper,skipped,SAL,n/a,active,,,,,,,,
393_upper,2019-07-15,2019-07-12 10:30:00-04:00,2019-08-09 10:30:00-04:00,2019-07-15 09:23:00-04:00,upper,executed,,flat,inactive,2019-07-15 09:23:00-04:00,2019-07-15 09:37:00-04:00,7985.154519632008,7970.904519632008,9.5,14.25,TP,14.25
391_upper,2019-07-10,2019-07-10 10:30:00-04:00,2019-08-07 10:30:00-04:00,2019-07-15 15:42:00-04:00,upper,skipped,no_cutoff,n/a,n/a,,,,,,,,
392_upper,2019-07-16,2019-07-11 10:30:00-04:00,2019-08-08 10:30:00-04:00,2019-07-15 19:52:00-04:00,upper,executed,,flat,inactive,2019-07-15 19:52:00-04:00,2019-07-16 01:56:00-04:00,7993.576808065969,8001.451808065969,5.25,7.875,SL,-7.875
394_lower,2019-07-15,2019-07-15 10:30:00-04:00,2019-08-12 10:30:00-04:00,2019-07-16 12:17:00-04:00,lower,skipped,blocked_time,n/a,n/a,,,,,,,,
395_lower,2019-07-16,2019-07-16 10:30:00-04:00,2019-08-13 10:30:00-04:00,2019-07-16 12:17:00-04:00,lower,skipped,blocked_time,n/a,n/a,,,,,,,,
396_lower,2019-07-17,2019-07-17 10:30:00-04:00,2019-08-14 10:30:00-04:00,2019-07-17 16:04:00-04:00,lower,skipped,no_cutoff,n/a,n/a,,,,,,,,
392_lower,2019-07-11,2019-07-11 10:30:00-04:00,2019-08-08 10:30:00-04:00,2019-07-17 16:08:00-04:00,lower,skipped,no_cutoff,n/a,n/a,,,,,,,,
393_lower,2019-07-12,2019-07-12 10:30:00-04:00,2019-08-09 10:30:00-04:00,2019-07-17 16:36:00-04:00,lower,skipped,no_cutoff,n/a,n/a,,,,,,,,
397_upper,2019-07-18,2019-07-18 10:30:00-04:00,2019-08-15 10:30:00-04:00,2019-07-18 16:01:00-04:00,upper,skipped,no_cutoff,n/a,n/a,,,,,,,,
398_lower,2019-07-19,2019-07-19 10:30:00-04:00,2019-08-16 10:30:00-04:00,2019-07-19 14:15:00-04:00,lower,skipped,blocked_time,n/a,n/a,,,,,,,,
391_lower,2019-07-10,2019-07-10 10:30:00-04:00,2019-08-07 10:30:00-04:00,2019-07-19 16:59:00-04:00,lower,skipped,no_cutoff,n/a,n/a,,,,,,,,
399_upper,2019-07-23,2019-07-22 10:30:00-04:00,2019-08-19 10:30:00-04:00,2019-07-23 06:27:00-04:00,upper,executed,,flat,inactive,2019-07-23 06:27:00-04:00,2019-07-23 07:13:00-04:00,7956.57845532125,7956.57845532125,5.75,8.625,BE,-0.0
396_upper,2019-07-17,2019-07-17 10:30:00-04:00,2019-08-14 10:30:00-04:00,2019-07-24 14:53:00-04:00,upper,skipped,blocked_time,n/a,n/a,,,,,,,,
401_upper,2019-07-24,2019-07-24 10:30:00-04:00,2019-08-21 10:30:00-04:00,2019-07-24 15:11:00-04:00,upper,skipped,no_cutoff,n/a,n/a,,,,,,,,
400_upper,2019-07-23,2019-07-23 10:30:00-04:00,2019-08-20 10:30:00-04:00,2019-07-24 15:14:00-04:00,upper,skipped,no_cutoff,n/a,n/a,,,,,,,,
395_upper,2019-07-16,2019-07-16 10:30:00-04:00,2019-08-13 10:30:00-04:00,2019-07-24 15:42:00-04:00,upper,skipped,no_cutoff,n/a,n/a,,,,,,,,
394_upper,2019-07-15,2019-07-15 10:30:00-04:00,2019-08-12 10:30:00-04:00,2019-07-24 16:00:00-04:00,upper,skipped,no_cutoff,n/a,n/a,,,,,,,,
398_upper,2019-07-19,2019-07-19 10:30:00-04:00,2019-08-16 10:30:00-04:00,2019-07-24 16:05:00-04:00,upper,skipped,no_cutoff,n/a,n/a,,,,,,,,
403_lower,2019-07-30,2019-07-26 10:30:00-04:00,2019-08-23 10:30:00-04:00,2019-07-30 07:32:00-04:00,lower,executed,,flat,inactive,2019-07-30 07:32:00-04:00,2019-07-30 08:35:00-04:00,7941.17807606759,7941.17807606759,13.75,20.625,BE,0.0
406_lower,2019-07-31,2019-07-31 10:30:00-04:00,2019-08-28 10:30:00-04:00,2019-07-31 14:38:00-04:00,lower,skipped,blocked_time,n/a,n/a,,,,,,,,
404_lower,2019-07-29,2019-07-29 10:30:00-04:00,2019-08-26 10:30:00-04:00,2019-07-31 14:40:00-04:00,lower,skipped,blocked_time,n/a,n/a,,,,,,,,
402_lower,2019-07-25,2019-07-25 10:30:00-04:00,2019-08-22 10:30:00-04:00,2019-07-31 14:43:00-04:00,lower,skipped,blocked_time,n/a,n/a,,,,,,,,
401_lower,2019-07-24,2019-07-24 10:30:00-04:00,2019-08-21 10:30:00-04:00,2019-07-31 14:45:00-04:00,lower,skipped,blocked_time,n/a,n/a,,,,,,,,
400_lower,2019-07-23,2019-07-23 10:30:00-04:00,2019-08-20 10:30:00-04:00,2019-07-31 14:48:00-04:00,lower,skipped,blocked_time,n/a,n/a,,,,,,,,
405_lower,2019-07-30,2019-07-30 10:30:00-04:00,2019-08-27 10:30:00-04:00,2019-07-31 14:48:00-04:00,lower,skipped,blocked_time,n/a,n/a,,,,,,,,
397_lower,2019-07-18,2019-07-18 10:30:00-04:00,2019-08-15 10:30:00-04:00,2019-07-31 14:52:00-04:00,lower,skipped,blocked_time,n/a,n/a,,,,,,,,
399_lower,2019-07-22,2019-07-22 10:30:00-04:00,2019-08-19 10:30:00-04:00,2019-07-31 14:52:00-04:00,lower,skipped,blocked_time,n/a,n/a,,,,,,,,
407_lower,2019-08-01,2019-08-01 10:30:00-04:00,2019-08-29 10:30:00-04:00,2019-08-01 18:31:00-04:00,lower,skipped,no_anchor,n/a,n/a,,,,,,,,
390_lower,2019-08-02,2019-07-09 10:30:00-04:00,2019-08-06 10:30:00-04:00,2019-08-02 10:07:00-04:00,lower,executed,,flat,inactive,2019-08-02 10:07:00-04:00,2019-08-02 15:00:00-04:00,7708.768519754334,7683.5,85.0,127.5,cutoff,-25.268519754334193
408_lower,2019-08-05,2019-08-02 10:30:00-04:00,2019-08-30 10:30:00-04:00,2019-08-04 21:35:00-04:00,lower,executed,,flat,inactive,2019-08-04 21:35:00-04:00,2019-08-04 21:40:00-04:00,7638.530159795815,7608.905159795815,19.75,29.625,SL,-29.625
409_lower,2019-08-05,2019-08-05 10:30:00-04:00,2019-09-02 10:30:00-04:00,2019-08-05 12:49:00-04:00,lower,skipped,blocked_time,n/a,n/a,,,,,,,,
411_upper,2019-08-08,2019-08-07 10:30:00-04:00,2019-09-04 10:30:00-04:00,2019-08-07 21:23:00-04:00,upper,executed,,flat,inactive,2019-08-07 21:23:00-04:00,2019-08-08 02:24:00-04:00,7579.8483194365635,7609.8483194365635,20.0,30.0,SL,-30.0
410_upper,2019-08-06,2019-08-06 10:30:00-04:00,2019-09-03 10:30:00-04:00,2019-08-08 02:24:00-04:00,upper,skipped,SAL,n/a,active,,,,,,,,
409_upper,2019-08-05,2019-08-05 10:30:00-04:00,2019-09-02 10:30:00-04:00,2019-08-08 09:05:00-04:00,upper,skipped,SAL,n/a,active,,,,,,,,
412_upper,2019-08-08,2019-08-08 10:30:00-04:00,2019-09-05 10:30:00-04:00,2019-08-08 14:42:00-04:00,upper,skipped,blocked_time,n/a,n/a,,,,,,,,
413_lower,2019-08-12,2019-08-09 10:30:00-04:00,2019-09-06 10:30:00-04:00,2019-08-12 09:36:00-04:00,lower,executed,,flat,inactive,2019-08-12 09:36:00-04:00,2019-08-12 10:25:00-04:00,7583.39318402407,7627.26818402407,29.25,43.875,TP,43.875
414_lower,2019-08-13,2019-08-12 10:30:00-04:00,2019-09-09 10:30:00-04:00,2019-08-13 05:28:00-04:00,lower,executed,,flat,inactive,2019-08-13 05:28:00-04:00,2019-08-13 06:16:00-04:00,7525.385802462935,7525.385802462935,27.25,40.875,BE,0.0
414_upper,2019-08-13,2019-08-12 10:30:00-04:00,2019-09-09 10:30:00-04:00,2019-08-13 09:46:00-04:00,upper,executed,,flat,inactive,2019-08-13 09:46:00-04:00,2019-08-13 09:48:00-04:00,7690.739197537065,7728.989197537065,25.5,38.25,SL,-38.25
416_lower,2019-08-14,2019-08-14 10:30:00-04:00,2019-09-11 10:30:00-04:00,2019-08-14 12:00:00-04:00,lower,skipped,blocked_time,n/a,n/a,,,,,,,,
412_lower,2019-08-08,2019-08-08 10:30:00-04:00,2019-09-05 10:30:00-04:00,2019-08-14 12:10:00-04:00,lower,skipped,blocked_time,n/a,n/a,,,,,,,,
415_lower,2019-08-15,2019-08-13 10:30:00-04:00,2019-09-10 10:30:00-04:00,2019-08-15 06:40:00-04:00,lower,executed,,flat,inactive,2019-08-15 06:40:00-04:00,2019-08-15 07:30:00-04:00,7389.40343917331,7534.52843917331,96.75,145.125,TP,145.125
417_upper,2019-08-16,2019-08-15 10:30:00-04:00,2019-09-12 10:30:00-04:00,2019-08-16 10:57:00-04:00,upper,executed,,flat,inactive,2019-08-16 10:57:00-04:00,2019-08-16 13:17:00-04:00,7621.2062964364995,7621.2062964364995,37.0,55.5,BE,-0.0
418_upper,2019-08-19,2019-08-16 10:30:00-04:00,2019-09-13 10:30:00-04:00,2019-08-19 01:00:00-04:00,upper,executed,,flat,inactive,2019-08-19 01:00:00-04:00,2019-08-19 02:17:00-04:00,7663.2376291694745,7674.4876291694745,7.5,11.25,SL,-11.25
416_upper,2019-08-14,2019-08-14 10:30:00-04:00,2019-09-11 10:30:00-04:00,2019-08-19 03:00:00-04:00,upper,skipped,SAL,n/a,active,,,,,,,,
421_lower,2019-08-22,2019-08-21 10:30:00-04:00,2019-09-18 10:30:00-04:00,2019-08-22 10:33:00-04:00,lower,executed,,flat,inactive,2019-08-22 10:33:00-04:00,2019-08-22 12:54:00-04:00,7673.029597584693,7709.029597584693,24.0,36.0,TP,36.0
422_lower,2019-08-23,2019-08-22 10:30:00-04:00,2019-09-19 10:30:00-04:00,2019-08-23 08:25:00-04:00,lower,executed,,flat,inactive,2019-08-23 08:25:00-04:00,2019-08-23 08:55:00-04:00,7650.327996096678,7676.577996096678,17.5,26.25,TP,26.25
420_lower,2019-08-20,2019-08-20 10:30:00-04:00,2019-09-17 10:30:00-04:00,2019-08-23 09:50:00-04:00,lower,skipped,simultaneous_collision,flat,inactive,,,,,,,,
419_lower,2019-08-23,2019-08-19 10:30:00-04:00,2019-09-16 10:30:00-04:00,2019-08-23 09:50:00-04:00,lower,executed,,flat,inactive,2019-08-23 09:50:00-04:00,2019-08-23 11:02:00-04:00,7631.648646316677,7631.648646316677,101.5,152.25,BE,0.0
423_lower,2019-08-23,2019-08-23 10:30:00-04:00,2019-09-20 10:30:00-04:00,2019-08-23 11:10:00-04:00,lower,skipped,blocked_time,n/a,n/a,,,,,,,,
418_lower,2019-08-16,2019-08-16 10:30:00-04:00,2019-09-13 10:30:00-04:00,2019-08-23 15:48:00-04:00,lower,skipped,no_cutoff,n/a,n/a,,,,,,,,
410_lower,2019-08-06,2019-08-06 10:30:00-04:00,2019-09-03 10:30:00-04:00,2019-08-25 18:01:00-04:00,lower,skipped,no_anchor,n/a,n/a,,,,,,,,
417_lower,2019-08-15,2019-08-15 10:30:00-04:00,2019-09-12 10:30:00-04:00,2019-08-25 18:01:00-04:00,lower,skipped,no_anchor,n/a,n/a,,,,,,,,
424_upper,2019-08-27,2019-08-26 10:30:00-04:00,2019-09-23 10:30:00-04:00,2019-08-27 09:08:00-04:00,upper,executed,,flat,inactive,2019-08-27 09:08:00-04:00,2019-08-27 11:13:00-04:00,7644.412565756906,7591.912565756906,35.0,52.5,TP,52.5
425_lower,2019-08-27,2019-08-27 10:30:00-04:00,2019-09-24 10:30:00-04:00,2019-08-27 12:41:00-04:00,lower,skipped,blocked_time,n/a,n/a,,,,,,,,
426_upper,2019-08-29,2019-08-28 10:30:00-04:00,2019-09-25 10:30:00-04:00,2019-08-29 03:13:00-04:00,upper,executed,,flat,inactive,2019-08-29 03:13:00-04:00,2019-08-29 03:14:00-04:00,7646.924692117082,7663.049692117082,10.75,16.125,SL,-16.125
425_upper,2019-08-27,2019-08-27 10:30:00-04:00,2019-09-24 10:30:00-04:00,2019-08-29 09:33:00-04:00,upper,skipped,SAL,n/a,active,,,,,,,,
423_upper,2019-08-30,2019-08-23 10:30:00-04:00,2019-09-20 10:30:00-04:00,2019-08-30 05:30:00-04:00,upper,executed,,flat,inactive,2019-08-30 05:30:00-04:00,2019-08-30 06:16:00-04:00,7760.622558156349,7760.622558156349,22.75,34.125,BE,-0.0
428_lower,2019-08-30,2019-08-30 10:30:00-04:00,2019-09-27 10:30:00-04:00,2019-08-30 11:25:00-04:00,lower,skipped,blocked_time,n/a,n/a,,,,,,,,
427_lower,2019-08-29,2019-08-29 10:30:00-04:00,2019-09-26 10:30:00-04:00,2019-09-01 18:00:00-04:00,lower,skipped,no_anchor,n/a,n/a,,,,,,,,
429_lower,2019-09-02,2019-09-02 10:30:00-04:00,2019-09-30 10:30:00-04:00,2019-09-02 11:50:00-04:00,lower,skipped,blocked_time,n/a,n/a,,,,,,,,
429_upper,2019-09-05,2019-09-02 10:30:00-04:00,2019-09-30 10:30:00-04:00,2019-09-04 20:04:00-04:00,upper,executed,,flat,inactive,2019-09-04 20:04:00-04:00,2019-09-04 20:09:00-04:00,7733.176169483511,7743.676169483511,7.0,10.5,SL,-10.5
430_upper,2019-09-03,2019-09-03 10:30:00-04:00,2019-10-01 10:30:00-04:00,2019-09-04 20:09:00-04:00,upper,skipped,SAL,n/a,active,,,,,,,,
431_upper,2019-09-04,2019-09-04 10:30:00-04:00,2019-10-02 10:30:00-04:00,2019-09-04 21:29:00-04:00,upper,skipped,SAL,n/a,active,,,,,,,,
420_upper,2019-08-20,2019-08-20 10:30:00-04:00,2019-09-17 10:30:00-04:00,2019-09-04 21:30:00-04:00,upper,skipped,SAL,n/a,active,,,,,,,,
427_upper,2019-08-29,2019-08-29 10:30:00-04:00,2019-09-26 10:30:00-04:00,2019-09-04 21:30:00-04:00,upper,skipped,SAL,n/a,active,,,,,,,,
413_upper,2019-08-09,2019-08-09 10:30:00-04:00,2019-09-06 10:30:00-04:00,2019-09-04 21:31:00-04:00,upper,skipped,SAL,n/a,active,,,,,,,,
419_upper,2019-08-19,2019-08-19 10:30:00-04:00,2019-09-16 10:30:00-04:00,2019-09-04 21:51:00-04:00,upper,skipped,SAL,n/a,active,,,,,,,,
421_upper,2019-08-21,2019-08-21 10:30:00-04:00,2019-09-18 10:30:00-04:00,2019-09-04 21:58:00-04:00,upper,skipped,SAL,n/a,active,,,,,,,,
428_upper,2019-08-30,2019-08-30 10:30:00-04:00,2019-09-27 10:30:00-04:00,2019-09-04 22:00:00-04:00,upper,skipped,SAL,n/a,active,,,,,,,,
422_upper,2019-08-22,2019-08-22 10:30:00-04:00,2019-09-19 10:30:00-04:00,2019-09-05 09:45:00-04:00,upper,skipped,SAL,n/a,active,,,,,,,,
415_upper,2019-08-13,2019-08-13 10:30:00-04:00,2019-09-10 10:30:00-04:00,2019-09-05 10:00:00-04:00,upper,skipped,SAL,n/a,active,,,,,,,,
434_lower,2019-09-10,2019-09-09 10:30:00-04:00,2019-10-07 10:30:00-04:00,2019-09-10 03:40:00-04:00,lower,executed,,flat,inactive,2019-09-10 03:40:00-04:00,2019-09-10 07:08:00-04:00,7798.000443006908,7820.125443006908,14.75,22.125,TP,22.125
433_lower,2019-09-06,2019-09-06 10:30:00-04:00,2019-10-04 10:30:00-04:00,2019-09-10 03:41:00-04:00,lower,skipped,position_open,open,inactive,,,,,,,,
435_upper,2019-09-10,2019-09-10 10:30:00-04:00,2019-10-08 10:30:00-04:00,2019-09-11 11:30:00-04:00,upper,skipped,blocked_time,n/a,n/a,,,,,,,,
436_upper,2019-09-12,2019-09-11 10:30:00-04:00,2019-10-09 10:30:00-04:00,2019-09-11 19:22:00-04:00,upper,executed,,flat,inactive,2019-09-11 19:22:00-04:00,2019-09-11 19:24:00-04:00,7920.9214481485815,7933.2964481485815,8.25,12.375,SL,-12.375
432_upper,2019-09-05,2019-09-05 10:30:00-04:00,2019-10-03 10:30:00-04:00,2019-09-11 19:25:00-04:00,upper,skipped,SAL,n/a,active,,,,,,,,
433_upper,2019-09-06,2019-09-06 10:30:00-04:00,2019-10-04 10:30:00-04:00,2019-09-11 19:25:00-04:00,upper,skipped,SAL,n/a,active,,,,,,,,
434_upper,2019-09-09,2019-09-09 10:30:00-04:00,2019-10-07 10:30:00-04:00,2019-09-11 19:25:00-04:00,upper,skipped,SAL,n/a,active,,,,,,,,
437_lower,2019-09-12,2019-09-12 10:30:00-04:00,2019-10-10 10:30:00-04:00,2019-09-15 18:00:00-04:00,lower,skipped,no_anchor,n/a,n/a,,,,,,,,
438_lower,2019-09-13,2019-09-13 10:30:00-04:00,2019-10-11 10:30:00-04:00,2019-09-15 18:00:00-04:00,lower,skipped,no_anchor,n/a,n/a,,,,,,,,
441_lower,2019-09-18,2019-09-18 10:30:00-04:00,2019-10-16 10:30:00-04:00,2019-09-18 14:14:00-04:00,lower,skipped,blocked_time,n/a,n/a,,,,,,,,
440_upper,2019-09-17,2019-09-17 10:30:00-04:00,2019-10-15 10:30:00-04:00,2019-09-19 09:32:00-04:00,upper,skipped,simultaneous_collision,flat,inactive,,,,,,,,
439_upper,2019-09-19,2019-09-16 10:30:00-04:00,2019-10-14 10:30:00-04:00,2019-09-19 09:32:00-04:00,upper,executed,,flat,inactive,2019-09-19 09:32:00-04:00,2019-09-19 15:00:00-04:00,7940.770653126313,7930.75,39.25,58.875,cutoff,10.020653126312936
441_upper,2019-09-18,2019-09-18 10:30:00-04:00,2019-10-16 10:30:00-04:00,2019-09-19 09:37:00-04:00,upper,skipped,position_open,open,inactive,,,,,,,,
443_lower,2019-09-20,2019-09-20 10:30:00-04:00,2019-10-18 10:30:00-04:00,2019-09-20 12:37:00-04:00,lower,skipped,blocked_time,n/a,n/a,,,,,,,,
442_lower,2019-09-19,2019-09-19 10:30:00-04:00,2019-10-17 10:30:00-04:00,2019-09-20 13:13:00-04:00,lower,skipped,blocked_time,n/a,n/a,,,,,,,,
440_lower,2019-09-17,2019-09-17 10:30:00-04:00,2019-10-15 10:30:00-04:00,2019-09-20 13:17:00-04:00,lower,skipped,blocked_time,n/a,n/a,,,,,,,,
444_upper,2019-09-24,2019-09-23 10:30:00-04:00,2019-10-21 10:30:00-04:00,2019-09-23 19:02:00-04:00,upper,executed,,flat,inactive,2019-09-23 19:02:00-04:00,2019-09-23 19:03:00-04:00,7904.035788926782,7891.285788926782,8.5,12.75,TP,12.75
439_lower,2019-09-16,2019-09-16 10:30:00-04:00,2019-10-14 10:30:00-04:00,2019-09-24 11:39:00-04:00,lower,skipped,blocked_time,n/a,n/a,,,,,,,,
445_lower,2019-09-24,2019-09-24 10:30:00-04:00,2019-10-22 10:30:00-04:00,2019-09-24 11:39:00-04:00,lower,skipped,blocked_time,n/a,n/a,,,,,,,,
436_lower,2019-09-11,2019-09-11 10:30:00-04:00,2019-10-09 10:30:00-04:00,2019-09-24 12:23:00-04:00,lower,skipped,blocked_time,n/a,n/a,,,,,,,,
444_lower,2019-09-23,2019-09-23 10:30:00-04:00,2019-10-21 10:30:00-04:00,2019-09-24 12:23:00-04:00,lower,skipped,blocked_time,n/a,n/a,,,,,,,,
432_lower,2019-09-05,2019-09-05 10:30:00-04:00,2019-10-03 10:30:00-04:00,2019-09-24 12:54:00-04:00,lower,skipped,blocked_time,n/a,n/a,,,,,,,,
435_lower,2019-09-25,2019-09-10 10:30:00-04:00,2019-10-08 10:30:00-04:00,2019-09-25 04:50:00-04:00,lower,executed,,flat,inactive,2019-09-25 04:50:00-04:00,2019-09-25 10:54:00-04:00,7697.902269013319,7743.652269013319,30.5,45.75,TP,45.75
446_upper,2019-09-25,2019-09-25 10:30:00-04:00,2019-10-23 10:30:00-04:00,2019-09-25 15:06:00-04:00,upper,skipped,no_cutoff,n/a,n/a,,,,,,,,
447_lower,2019-09-26,2019-09-26 10:30:00-04:00,2019-10-24 10:30:00-04:00,2019-09-27 11:39:00-04:00,lower,skipped,blocked_time,n/a,n/a,,,,,,,,
448_lower,2019-09-27,2019-09-27 10:30:00-04:00,2019-10-25 10:30:00-04:00,2019-09-27 12:59:00-04:00,lower,skipped,blocked_time,n/a,n/a,,,,,,,,
449_upper,2019-10-01,2019-09-30 10:30:00-04:00,2019-10-28 10:30:00-04:00,2019-09-30 21:02:00-04:00,upper,executed,,flat,inactive,2019-09-30 21:02:00-04:00,2019-10-01 10:13:00-04:00,7807.210399820228,7769.335399820228,25.25,37.875,TP,37.875
450_lower,2019-10-02,2019-10-01 10:30:00-04:00,2019-10-29 10:30:00-04:00,2019-10-02 03:10:00-04:00,lower,executed,,flat,inactive,2019-10-02 03:10:00-04:00,2019-10-02 03:22:00-04:00,7689.227884181555,7663.727884181555,17.0,25.5,SL,-25.5
449_lower,2019-09-30,2019-09-30 10:30:00-04:00,2019-10-28 10:30:00-04:00,2019-10-02 04:45:00-04:00,lower,skipped,SAL,n/a,active,,,,,,,,
446_lower,2019-09-25,2019-09-25 10:30:00-04:00,2019-10-23 10:30:00-04:00,2019-10-02 09:39:00-04:00,lower,skipped,SAL,n/a,active,,,,,,,,
431_lower,2019-09-04,2019-09-04 10:30:00-04:00,2019-10-02 10:30:00-04:00,2019-10-02 09:53:00-04:00,lower,skipped,SAL,n/a,active,,,,,,,,
451_lower,2019-10-02,2019-10-02 10:30:00-04:00,2019-10-30 10:30:00-04:00,2019-10-02 12:47:00-04:00,lower,skipped,blocked_time,n/a,n/a,,,,,,,,
452_upper,2019-10-04,2019-10-03 10:30:00-04:00,2019-10-31 10:30:00-04:00,2019-10-04 08:31:00-04:00,upper,executed,,flat,inactive,2019-10-04 08:31:00-04:00,2019-10-04 09:31:00-04:00,7685.601622254979,7709.226622254979,15.75,23.625,SL,-23.625
451_upper,2019-10-02,2019-10-02 10:30:00-04:00,2019-10-30 10:30:00-04:00,2019-10-04 11:38:00-04:00,upper,skipped,blocked_time,n/a,n/a,,,,,,,,
453_upper,2019-10-04,2019-10-04 10:30:00-04:00,2019-11-01 10:30:00-04:00,2019-10-07 11:02:00-04:00,upper,skipped,blocked_time,n/a,n/a,,,,,,,,
454_lower,2019-10-08,2019-10-07 10:30:00-04:00,2019-11-04 10:30:00-05:00,2019-10-08 09:39:00-04:00,lower,executed,,flat,inactive,2019-10-08 09:39:00-04:00,2019-10-08 10:02:00-04:00,7664.877684348792,7636.377684348792,19.0,28.5,SL,-28.5
453_lower,2019-10-04,2019-10-04 10:30:00-04:00,2019-11-01 10:30:00-04:00,2019-10-08 18:59:00-04:00,lower,skipped,no_anchor,n/a,n/a,,,,,,,,
456_lower,2019-10-09,2019-10-09 10:30:00-04:00,2019-11-06 10:30:00-05:00,2019-10-09 18:28:00-04:00,lower,skipped,no_anchor,n/a,n/a,,,,,,,,
456_upper,2019-10-10,2019-10-09 10:30:00-04:00,2019-11-06 10:30:00-05:00,2019-10-10 10:19:00-04:00,upper,executed,,flat,inactive,2019-10-10 10:19:00-04:00,2019-10-10 15:00:00-04:00,7762.977249057094,7741.25,75.5,113.25,cutoff,21.727249057094014
455_upper,2019-10-08,2019-10-08 10:30:00-04:00,2019-11-05 10:30:00-05:00,2019-10-10 10:57:00-04:00,upper,skipped,position_open,open,inactive,,,,,,,,
457_upper,2019-10-10,2019-10-10 10:30:00-04:00,2019-11-07 10:30:00-05:00,2019-10-11 04:10:00-04:00,upper,skipped,simultaneous_collision,flat,inactive,,,,,,,,
454_upper,2019-10-11,2019-10-07 10:30:00-04:00,2019-11-04 10:30:00-05:00,2019-10-11 04:10:00-04:00,upper,executed,,flat,inactive,2019-10-11 04:10:00-04:00,2019-10-11 05:02:00-04:00,7817.372315651208,7845.497315651208,18.75,28.125,SL,-28.125
447_upper,2019-09-26,2019-09-26 10:30:00-04:00,2019-10-24 10:30:00-04:00,2019-10-11 09:49:00-04:00,upper,skipped,SAL,n/a,active,,,,,,,,
448_upper,2019-09-27,2019-09-27 10:30:00-04:00,2019-10-25 10:30:00-04:00,2019-10-11 10:26:00-04:00,upper,skipped,SAL,n/a,active,,,,,,,,
450_upper,2019-10-01,2019-10-01 10:30:00-04:00,2019-10-29 10:30:00-04:00,2019-10-11 11:31:00-04:00,upper,skipped,blocked_time,n/a,n/a,,,,,,,,
459_upper,2019-10-15,2019-10-14 10:30:00-04:00,2019-11-11 10:30:00-05:00,2019-10-15 10:28:00-04:00,upper,executed,,flat,inactive,2019-10-15 10:28:00-04:00,2019-10-15 14:18:00-04:00,7924.166161560583,7970.291161560583,30.75,46.125,SL,-46.125
458_upper,2019-10-11,2019-10-11 10:30:00-04:00,2019-11-08 10:30:00-05:00,2019-10-15 10:41:00-04:00,upper,skipped,position_open,open,active,,,,,,,,
445_upper,2019-09-24,2019-09-24 10:30:00-04:00,2019-10-22 10:30:00-04:00,2019-10-15 10:59:00-04:00,upper,skipped,position_open,open,active,,,,,,,,
460_upper,2019-10-17,2019-10-15 10:30:00-04:00,2019-11-12 10:30:00-05:00,2019-10-17 05:31:00-04:00,upper,executed,,flat,inactive,2019-10-17 05:31:00-04:00,2019-10-17 10:49:00-04:00,7973.568019008881,7945.443019008881,18.75,28.125,TP,28.125
461_upper,2019-10-16,2019-10-16 10:30:00-04:00,2019-11-13 10:30:00-05:00,2019-10-17 05:34:00-04:00,upper,skipped,position_open,open,inactive,,,,,,,,
443_upper,2019-09-20,2019-09-20 10:30:00-04:00,2019-10-18 10:30:00-04:00,2019-10-17 05:36:00-04:00,upper,skipped,position_open,open,inactive,,,,,,,,
462_lower,2019-10-18,2019-10-17 10:30:00-04:00,2019-11-14 10:30:00-05:00,2019-10-18 10:35:00-04:00,lower,executed,,flat,inactive,2019-10-18 10:35:00-04:00,2019-10-18 11:25:00-04:00,7912.113425826568,7912.113425826568,23.5,35.25,BE,0.0
463_lower,2019-10-18,2019-10-18 10:30:00-04:00,2019-11-15 10:30:00-05:00,2019-10-18 11:53:00-04:00,lower,skipped,blocked_time,n/a,n/a,,,,,,,,
461_lower,2019-10-16,2019-10-16 10:30:00-04:00,2019-11-13 10:30:00-05:00,2019-10-18 12:00:00-04:00,lower,skipped,blocked_time,n/a,n/a,,,,,,,,
464_upper,2019-10-22,2019-10-21 10:30:00-04:00,2019-11-18 10:30:00-05:00,2019-10-22 09:34:00-04:00,upper,executed,,flat,inactive,2019-10-22 09:34:00-04:00,2019-10-22 09:36:00-04:00,7986.432264628179,7971.057264628179,10.25,15.375,TP,15.375
465_lower,2019-10-22,2019-10-22 10:30:00-04:00,2019-11-19 10:30:00-05:00,2019-10-22 14:47:00-04:00,lower,skipped,blocked_time,n/a,n/a,,,,,,,,
464_lower,2019-10-21,2019-10-21 10:30:00-04:00,2019-11-18 10:30:00-05:00,2019-10-22 16:38:00-04:00,lower,skipped,no_cutoff,n/a,n/a,,,,,,,,
466_upper,2019-10-23,2019-10-23 10:30:00-04:00,2019-11-20 10:30:00-05:00,2019-10-23 18:00:00-04:00,upper,skipped,no_anchor,n/a,n/a,,,,,,,,
463_upper,2019-10-25,2019-10-18 10:30:00-04:00,2019-11-15 10:30:00-05:00,2019-10-25 10:50:00-04:00,upper,executed,,flat,inactive,2019-10-25 10:50:00-04:00,2019-10-25 15:00:00-04:00,8006.882457972824,8024.25,46.25,69.375,cutoff,-17.36754202717566
467_upper,2019-10-24,2019-10-24 10:30:00-04:00,2019-11-21 10:30:00-05:00,2019-10-25 11:14:00-04:00,upper,skipped,blocked_time,n/a,n/a,,,,,,,,
468_upper,2019-10-25,2019-10-25 10:30:00-04:00,2019-11-22 10:30:00-05:00,2019-10-25 11:25:00-04:00,upper,skipped,blocked_time,n/a,n/a,,,,,,,,
465_upper,2019-10-22,2019-10-22 10:30:00-04:00,2019-11-19 10:30:00-05:00,2019-10-25 11:26:00-04:00,upper,skipped,blocked_time,n/a,n/a,,,,,,,,
462_upper,2019-10-17,2019-10-17 10:30:00-04:00,2019-11-14 10:30:00-05:00,2019-10-27 18:00:00-04:00,upper,skipped,no_anchor,n/a,n/a,,,,,,,,
470_lower,2019-10-30,2019-10-29 10:30:00-04:00,2019-11-26 10:30:00-05:00,2019-10-30 10:03:00-04:00,lower,executed,,flat,inactive,2019-10-30 10:03:00-04:00,2019-10-30 14:00:00-04:00,8030.737754229416,8030.737754229416,35.25,52.875,BE,0.0
469_lower,2019-10-28,2019-10-28 10:30:00-04:00,2019-11-25 10:30:00-05:00,2019-10-30 10:04:00-04:00,lower,skipped,position_open,open,inactive,,,,,,,,
471_upper,2019-10-30,2019-10-30 10:30:00-04:00,2019-11-27 10:30:00-05:00,2019-10-30 16:30:00-04:00,upper,skipped,no_cutoff,n/a,n/a,,,,,,,,
469_upper,2019-11-01,2019-10-28 10:30:00-04:00,2019-11-25 10:30:00-05:00,2019-11-01 09:54:00-04:00,upper,executed,,flat,inactive,2019-11-01 09:54:00-04:00,2019-11-01 15:00:00-04:00,8143.238572799403,8146.25,35.5,53.25,cutoff,-3.0114272005966995
470_upper,2019-10-29,2019-10-29 10:30:00-04:00,2019-11-26 10:30:00-05:00,2019-11-01 15:59:00-04:00,upper,skipped,no_cutoff,n/a,n/a,,,,,,,,
472_upper,2019-11-04,2019-10-31 10:30:00-04:00,2019-11-28 10:30:00-05:00,2019-11-03 21:37:00-05:00,upper,executed,,flat,inactive,2019-11-03 21:37:00-05:00,2019-11-03 21:37:00-05:00,8184.627741291171,8184.75,10.25,15.375,cutoff,-0.1222587088286673
473_upper,2019-11-01,2019-11-01 10:30:00-04:00,2019-11-29 10:30:00-05:00,2019-11-04 05:02:00-05:00,upper,skipped,SAL,n/a,active,,,,,,,,
474_lower,2019-11-04,2019-11-04 10:30:00-05:00,2019-12-02 10:30:00-05:00,2019-11-06 11:52:00-05:00,lower,skipped,blocked_time,n/a,n/a,,,,,,,,
476_upper,2019-11-07,2019-11-06 10:30:00-05:00,2019-12-04 10:30:00-05:00,2019-11-07 10:15:00-05:00,upper,executed,,flat,inactive,2019-11-07 10:15:00-05:00,2019-11-07 14:50:00-05:00,8263.924750312792,8223.424750312792,27.0,40.5,TP,40.5
474_upper,2019-11-04,2019-11-04 10:30:00-05:00,2019-12-02 10:30:00-05:00,2019-11-07 11:59:00-05:00,upper,skipped,blocked_time,n/a,n/a,,,,,,,,
479_upper,2019-11-11,2019-11-11 10:30:00-05:00,2019-12-09 10:30:00-05:00,2019-11-12 10:20:00-05:00,upper,skipped,simultaneous_collision,flat,inactive,,,,,,,,
478_upper,2019-11-12,2019-11-08 10:30:00-05:00,2019-12-06 10:30:00-05:00,2019-11-12 10:20:00-05:00,upper,executed,,flat,inactive,2019-11-12 10:20:00-05:00,2019-11-12 14:50:00-05:00,8283.29557664536,8250.67057664536,21.75,32.625,TP,32.625
475_upper,2019-11-05,2019-11-05 10:30:00-05:00,2019-12-03 10:30:00-05:00,2019-11-12 10:37:00-05:00,upper,skipped,position_open,open,inactive,,,,,,,,
482_upper,2019-11-14,2019-11-14 10:30:00-05:00,2019-12-12 10:30:00-05:00,2019-11-14 21:56:00-05:00,upper,skipped,simultaneous_collision,flat,inactive,,,,,,,,
477_upper,2019-11-15,2019-11-07 10:30:00-05:00,2019-12-05 10:30:00-05:00,2019-11-14 21:56:00-05:00,upper,executed,,flat,inactive,2019-11-14 21:56:00-05:00,2019-11-15 03:04:00-05:00,8308.36932499459,8292.24432499459,10.75,16.125,TP,16.125
481_upper,2019-11-15,2019-11-13 10:30:00-05:00,2019-12-11 10:30:00-05:00,2019-11-15 08:48:00-05:00,upper,executed,,flat,inactive,2019-11-15 08:48:00-05:00,2019-11-15 09:58:00-05:00,8309.313814731962,8291.688814731962,11.75,17.625,TP,17.625
480_upper,2019-11-18,2019-11-12 10:30:00-05:00,2019-12-10 10:30:00-05:00,2019-11-18 02:16:00-05:00,upper,executed,,flat,inactive,2019-11-18 02:16:00-05:00,2019-11-18 02:17:00-05:00,8326.200752660592,8333.700752660592,5.0,7.5,SL,-7.5
484_upper,2019-11-19,2019-11-18 10:30:00-05:00,2019-12-16 10:30:00-05:00,2019-11-19 04:51:00-05:00,upper,executed,,flat,inactive,2019-11-19 04:51:00-05:00,2019-11-19 10:02:00-05:00,8366.63688965294,8337.38688965294,19.5,29.25,TP,29.25
483_upper,2019-11-15,2019-11-15 10:30:00-05:00,2019-12-13 10:30:00-05:00,2019-11-19 04:52:00-05:00,upper,skipped,position_open,open,inactive,,,,,,,,
485_lower,2019-11-20,2019-11-19 10:30:00-05:00,2019-12-17 10:30:00-05:00,2019-11-20 04:06:00-05:00,lower,executed,,flat,inactive,2019-11-20 04:06:00-05:00,2019-11-20 06:08:00-05:00,8294.126731529404,8294.126731529404,16.25,24.375,BE,0.0
486_lower,2019-11-20,2019-11-20 10:30:00-05:00,2019-12-18 10:30:00-05:00,2019-11-20 12:58:00-05:00,lower,skipped,blocked_time,n/a,n/a,,,,,,,,
483_lower,2019-11-15,2019-11-15 10:30:00-05:00,2019-12-13 10:30:00-05:00,2019-11-20 13:10:00-05:00,lower,skipped,blocked_time,n/a,n/a,,,,,,,,
484_lower,2019-11-18,2019-11-18 10:30:00-05:00,2019-12-16 10:30:00-05:00,2019-11-20 13:10:00-05:00,lower,skipped,blocked_time,n/a,n/a,,,,,,,,
487_upper,2019-11-25,2019-11-21 10:30:00-05:00,2019-12-19 10:30:00-05:00,2019-11-25 09:35:00-05:00,upper,executed,,flat,inactive,2019-11-25 09:35:00-05:00,2019-11-25 10:10:00-05:00,8338.78285597118,8360.53285597118,14.5,21.75,SL,-21.75
488_upper,2019-11-22,2019-11-22 10:30:00-05:00,2019-12-20 10:30:00-05:00,2019-11-25 10:07:00-05:00,upper,skipped,position_open,open,active,,,,,,,,
486_upper,2019-11-26,2019-11-20 10:30:00-05:00,2019-12-18 10:30:00-05:00,2019-11-25 19:17:00-05:00,upper,executed,,flat,inactive,2019-11-25 19:17:00-05:00,2019-11-25 19:38:00-05:00,8379.397994135285,8387.647994135285,5.5,8.25,SL,-8.25
485_upper,2019-11-19,2019-11-19 10:30:00-05:00,2019-12-17 10:30:00-05:00,2019-11-25 20:46:00-05:00,upper,skipped,SAL,n/a,active,,,,,,,,
489_upper,2019-11-25,2019-11-25 10:30:00-05:00,2019-12-23 10:30:00-05:00,2019-11-25 20:46:00-05:00,upper,skipped,SAL,n/a,active,,,,,,,,
490_upper,2019-11-26,2019-11-26 10:30:00-05:00,2019-12-24 10:30:00-05:00,2019-11-27 11:00:00-05:00,upper,skipped,blocked_time,n/a,n/a,,,,,,,,
492_lower,2019-12-02,2019-11-28 10:30:00-05:00,2019-12-27 10:30:00-05:00,2019-12-02 09:30:00-05:00,lower,executed,,flat,inactive,2019-12-02 09:30:00-05:00,2019-12-02 09:39:00-05:00,8403.443258989733,8373.818258989733,19.75,29.625,SL,-29.625
493_lower,2019-11-29,2019-11-29 10:30:00-05:00,2019-12-30 10:30:00-05:00,2019-12-02 09:38:00-05:00,lower,skipped,position_open,open,active,,,,,,,,
491_lower,2019-11-27,2019-11-27 10:30:00-05:00,2019-12-26 10:30:00-05:00,2019-12-02 09:40:00-05:00,lower,skipped,SAL,n/a,active,,,,,,,,
490_lower,2019-11-26,2019-11-26 10:30:00-05:00,2019-12-24 10:30:00-05:00,2019-12-02 10:00:00-05:00,lower,skipped,SAL,n/a,active,,,,,,,,
494_lower,2019-12-03,2019-12-02 10:30:00-05:00,2020-01-02 10:30:00-05:00,2019-12-03 07:44:00-05:00,lower,executed,,flat,inactive,2019-12-03 07:44:00-05:00,2019-12-03 08:27:00-05:00,8263.225163955693,8231.725163955693,21.0,31.5,SL,-31.5
489_lower,2019-11-25,2019-11-25 10:30:00-05:00,2019-12-23 10:30:00-05:00,2019-12-03 08:11:00-05:00,lower,skipped,position_open,open,active,,,,,,,,
487_lower,2019-11-21,2019-11-21 10:30:00-05:00,2019-12-19 10:30:00-05:00,2019-12-03 09:04:00-05:00,lower,skipped,SAL,n/a,active,,,,,,,,
488_lower,2019-11-22,2019-11-22 10:30:00-05:00,2019-12-20 10:30:00-05:00,2019-12-03 09:16:00-05:00,lower,skipped,SAL,n/a,active,,,,,,,,
480_lower,2019-11-12,2019-11-12 10:30:00-05:00,2019-12-10 10:30:00-05:00,2019-12-03 09:31:00-05:00,lower,skipped,SAL,n/a,active,,,,,,,,
481_lower,2019-11-13,2019-11-13 10:30:00-05:00,2019-12-11 10:30:00-05:00,2019-12-03 09:31:00-05:00,lower,skipped,SAL,n/a,active,,,,,,,,
482_lower,2019-11-14,2019-11-14 10:30:00-05:00,2019-12-12 10:30:00-05:00,2019-12-03 09:31:00-05:00,lower,skipped,SAL,n/a,active,,,,,,,,
477_lower,2019-11-07,2019-11-07 10:30:00-05:00,2019-12-05 10:30:00-05:00,2019-12-03 09:48:00-05:00,lower,skipped,SAL,n/a,active,,,,,,,,
495_upper,2019-12-04,2019-12-03 10:30:00-05:00,2020-01-03 10:30:00-05:00,2019-12-04 04:07:00-05:00,upper,executed,,flat,inactive,2019-12-04 04:07:00-05:00,2019-12-04 15:00:00-05:00,8287.443944365086,8313.5,27.25,40.875,cutoff,-26.05605563491372
496_upper,2019-12-06,2019-12-04 10:30:00-05:00,2020-01-06 10:30:00-05:00,2019-12-06 08:41:00-05:00,upper,executed,,flat,inactive,2019-12-06 08:41:00-05:00,2019-12-06 10:50:00-05:00,8372.672840653737,8392.922840653737,13.5,20.25,SL,-20.25
497_upper,2019-12-05,2019-12-05 10:30:00-05:00,2020-01-07 10:30:00-05:00,2019-12-06 12:40:00-05:00,upper,skipped,blocked_time,n/a,n/a,,,,,,,,
499_lower,2019-12-10,2019-12-09 10:30:00-05:00,2020-01-09 10:30:00-05:00,2019-12-10 03:52:00-05:00,lower,executed,,flat,inactive,2019-12-10 03:52:00-05:00,2019-12-10 03:55:00-05:00,8330.790196985872,8321.790196985872,6.0,9.0,SL,-9.0
498_lower,2019-12-06,2019-12-06 10:30:00-05:00,2020-01-08 10:30:00-05:00,2019-12-10 06:27:00-05:00,lower,skipped,SAL,n/a,active,,,,,,,,
498_upper,2019-12-12,2019-12-06 10:30:00-05:00,2020-01-08 10:30:00-05:00,2019-12-12 09:38:00-05:00,upper,executed,,flat,inactive,2019-12-12 09:38:00-05:00,2019-12-12 10:00:00-05:00,8436.359542507136,8469.359542507136,22.0,33.0,SL,-33.0
491_upper,2019-11-27,2019-11-27 10:30:00-05:00,2019-12-26 10:30:00-05:00,2019-12-12 09:39:00-05:00,upper,skipped,position_open,open,active,,,,,,,,
500_upper,2019-12-10,2019-12-10 10:30:00-05:00,2020-01-10 10:30:00-05:00,2019-12-12 09:39:00-05:00,upper,skipped,position_open,open,active,,,,,,,,
501_upper,2019-12-11,2019-12-11 10:30:00-05:00,2020-01-13 10:30:00-05:00,2019-12-12 09:39:00-05:00,upper,skipped,position_open,open,active,,,,,,,,
499_upper,2019-12-09,2019-12-09 10:30:00-05:00,2020-01-09 10:30:00-05:00,2019-12-12 10:00:00-05:00,upper,skipped,SAL,n/a,active,,,,,,,,
492_upper,2019-11-28,2019-11-28 10:30:00-05:00,2019-12-27 10:30:00-05:00,2019-12-12 10:01:00-05:00,upper,skipped,SAL,n/a,active,,,,,,,,
493_upper,2019-11-29,2019-11-29 10:30:00-05:00,2019-12-30 10:30:00-05:00,2019-12-12 10:01:00-05:00,upper,skipped,SAL,n/a,active,,,,,,,,
494_upper,2019-12-02,2019-12-02 10:30:00-05:00,2020-01-02 10:30:00-05:00,2019-12-12 18:52:00-05:00,upper,skipped,no_anchor,n/a,n/a,,,,,,,,
502_upper,2019-12-13,2019-12-12 10:30:00-05:00,2020-01-14 10:30:00-05:00,2019-12-13 05:31:00-05:00,upper,executed,,flat,inactive,2019-12-13 05:31:00-05:00,2019-12-13 06:53:00-05:00,8545.060867769846,8531.560867769846,9.0,13.5,TP,13.5
503_upper,2019-12-16,2019-12-13 10:30:00-05:00,2020-01-15 10:30:00-05:00,2019-12-16 09:45:00-05:00,upper,executed,,flat,inactive,2019-12-16 09:45:00-05:00,2019-12-16 10:23:00-05:00,8594.836260791635,8609.086260791635,9.5,14.25,SL,-14.25
504_upper,2019-12-16,2019-12-16 10:30:00-05:00,2020-01-16 10:30:00-05:00,2019-12-19 11:23:00-05:00,upper,skipped,blocked_time,n/a,n/a,,,,,,,,
506_upper,2019-12-18,2019-12-18 10:30:00-05:00,2020-01-20 10:30:00-05:00,2019-12-19 15:55:00-05:00,upper,skipped,no_cutoff,n/a,n/a,,,,,,,,
505_upper,2019-12-17,2019-12-17 10:30:00-05:00,2020-01-17 10:30:00-05:00,2019-12-19 15:56:00-05:00,upper,skipped,no_cutoff,n/a,n/a,,,,,,,,
507_upper,2019-12-19,2019-12-19 10:30:00-05:00,2020-01-21 10:30:00-05:00,2019-12-19 15:59:00-05:00,upper,skipped,no_cutoff,n/a,n/a,,,,,,,,
508_upper,2019-12-26,2019-12-20 10:30:00-05:00,2020-01-22 10:30:00-05:00,2019-12-26 09:42:00-05:00,upper,executed,,flat,inactive,2019-12-26 09:42:00-05:00,2019-12-26 11:03:00-05:00,8755.560692477626,8774.685692477626,12.75,19.125,SL,-19.125
509_upper,2019-12-23,2019-12-23 10:30:00-05:00,2020-01-23 10:30:00-05:00,2019-12-26 11:20:00-05:00,upper,skipped,blocked_time,n/a,n/a,,,,,,,,
510_upper,2019-12-24,2019-12-24 10:30:00-05:00,2020-01-24 10:30:00-05:00,2019-12-26 13:14:00-05:00,upper,skipped,blocked_time,n/a,n/a,,,,,,,,
511_upper,2019-12-26,2019-12-26 10:30:00-05:00,2020-01-27 10:30:00-05:00,2019-12-26 16:00:00-05:00,upper,skipped,no_cutoff,n/a,n/a,,,,,,,,
512_lower,2019-12-30,2019-12-27 10:30:00-05:00,2020-01-28 10:30:00-05:00,2019-12-30 09:38:00-05:00,lower,executed,,flat,inactive,2019-12-30 09:38:00-05:00,2019-12-30 09:45:00-05:00,8743.042039067142,8723.167039067142,13.25,19.875,SL,-19.875
513_upper,2019-12-30,2019-12-30 10:30:00-05:00,2020-01-29 10:30:00-05:00,2020-01-02 15:54:00-05:00,upper,skipped,no_cutoff,n/a,n/a,,,,,,,,
512_upper,2019-12-27,2019-12-27 10:30:00-05:00,2020-01-28 10:30:00-05:00,2020-01-02 16:43:00-05:00,upper,skipped,no_cutoff,n/a,n/a,,,,,,,,
514_upper,2020-01-02,2020-01-02 10:30:00-05:00,2020-01-30 10:30:00-05:00,2020-01-02 18:00:00-05:00,upper,skipped,no_anchor,n/a,n/a,,,,,,,,
514_lower,2020-01-03,2020-01-02 10:30:00-05:00,2020-01-30 10:30:00-05:00,2020-01-03 05:52:00-05:00,lower,executed,,flat,inactive,2020-01-03 05:52:00-05:00,2020-01-03 08:18:00-05:00,8746.702156985679,8796.952156985679,33.5,50.25,TP,50.25
516_upper,2020-01-06,2020-01-06 10:30:00-05:00,2020-02-03 10:30:00-05:00,2020-01-06 15:55:00-05:00,upper,skipped,no_cutoff,n/a,n/a,,,,,,,,
515_upper,2020-01-07,2020-01-03 10:30:00-05:00,2020-01-31 10:30:00-05:00,2020-01-06 21:07:00-05:00,upper,executed,,flat,inactive,2020-01-06 21:07:00-05:00,2020-01-06 23:21:00-05:00,8877.86558411532,8877.86558411532,14.0,21.0,BE,-0.0
517_lower,2020-01-07,2020-01-07 10:30:00-05:00,2020-02-04 10:30:00-05:00,2020-01-07 18:22:00-05:00,lower,skipped,no_anchor,n/a,n/a,,,,,,,,
515_lower,2020-01-08,2020-01-03 10:30:00-05:00,2020-01-31 10:30:00-05:00,2020-01-07 19:30:00-05:00,lower,executed,,flat,inactive,2020-01-07 19:30:00-05:00,2020-01-08 06:28:00-05:00,8699.75941588468,8880.13441588468,120.25,180.375,TP,180.375
509_lower,2019-12-23,2019-12-23 10:30:00-05:00,2020-01-23 10:30:00-05:00,2020-01-07 19:38:00-05:00,lower,skipped,position_open,open,inactive,,,,,,,,
511_lower,2019-12-26,2019-12-26 10:30:00-05:00,2020-01-27 10:30:00-05:00,2020-01-07 19:38:00-05:00,lower,skipped,position_open,open,inactive,,,,,,,,
517_upper,2020-01-07,2020-01-07 10:30:00-05:00,2020-02-04 10:30:00-05:00,2020-01-08 11:51:00-05:00,upper,skipped,blocked_time,n/a,n/a,,,,,,,,
518_upper,2020-01-08,2020-01-08 10:30:00-05:00,2020-02-05 10:30:00-05:00,2020-01-08 12:58:00-05:00,upper,skipped,blocked_time,n/a,n/a,,,,,,,,
519_upper,2020-01-09,2020-01-09 10:30:00-05:00,2020-02-06 10:30:00-05:00,2020-01-13 12:30:00-05:00,upper,skipped,blocked_time,n/a,n/a,,,,,,,,
521_upper,2020-01-13,2020-01-13 10:30:00-05:00,2020-02-10 10:30:00-05:00,2020-01-13 15:53:00-05:00,upper,skipped,no_cutoff,n/a,n/a,,,,,,,,
520_upper,2020-01-10,2020-01-10 10:30:00-05:00,2020-02-07 10:30:00-05:00,2020-01-13 18:23:00-05:00,upper,skipped,no_anchor,n/a,n/a,,,,,,,,
523_upper,2020-01-15,2020-01-15 10:30:00-05:00,2020-02-12 10:30:00-05:00,2020-01-16 15:46:00-05:00,upper,skipped,no_cutoff,n/a,n/a,,,,,,,,
522_upper,2020-01-14,2020-01-14 10:30:00-05:00,2020-02-11 10:30:00-05:00,2020-01-16 16:01:00-05:00,upper,skipped,no_cutoff,n/a,n/a,,,,,,,,
524_upper,2020-01-17,2020-01-16 10:30:00-05:00,2020-02-13 10:30:00-05:00,2020-01-17 03:40:00-05:00,upper,executed,,flat,inactive,2020-01-17 03:40:00-05:00,2020-01-17 05:14:00-05:00,9158.011287395944,9169.636287395944,7.75,11.625,SL,-11.625
526_lower,2020-01-21,2020-01-20 10:30:00-05:00,2020-02-17 10:30:00-05:00,2020-01-20 21:35:00-05:00,lower,executed,,flat,inactive,2020-01-20 21:35:00-05:00,2020-01-20 22:32:00-05:00,9126.591851194598,9126.591851194598,39.75,59.625,BE,0.0
526_upper,2020-01-22,2020-01-20 10:30:00-05:00,2020-02-17 10:30:00-05:00,2020-01-21 21:34:00-05:00,upper,executed,,flat,inactive,2020-01-21 21:34:00-05:00,2020-01-21 21:51:00-05:00,9208.158148805402,9225.408148805402,11.5,17.25,SL,-17.25
527_upper,2020-01-21,2020-01-21 10:30:00-05:00,2020-02-18 10:30:00-05:00,2020-01-21 21:51:00-05:00,upper,skipped,SAL,n/a,active,,,,,,,,
525_upper,2020-01-17,2020-01-17 10:30:00-05:00,2020-02-14 10:30:00-05:00,2020-01-21 21:57:00-05:00,upper,skipped,SAL,n/a,active,,,,,,,,
528_lower,2020-01-23,2020-01-22 10:30:00-05:00,2020-02-19 10:30:00-05:00,2020-01-23 09:35:00-05:00,lower,executed,,flat,inactive,2020-01-23 09:35:00-05:00,2020-01-23 09:59:00-05:00,9161.651107663507,9188.276107663507,17.75,26.625,TP,26.625
529_upper,2020-01-23,2020-01-23 10:30:00-05:00,2020-02-20 10:30:00-05:00,2020-01-23 18:02:00-05:00,upper,skipped,no_anchor,n/a,n/a,,,,,,,,
530_lower,2020-01-24,2020-01-24 10:30:00-05:00,2020-02-21 10:30:00-05:00,2020-01-24 12:14:00-05:00,lower,skipped,blocked_time,n/a,n/a,,,,,,,,
525_lower,2020-01-17,2020-01-17 10:30:00-05:00,2020-02-14 10:30:00-05:00,2020-01-26 18:00:00-05:00,lower,skipped,no_anchor,n/a,n/a,,,,,,,,
527_lower,2020-01-21,2020-01-21 10:30:00-05:00,2020-02-18 10:30:00-05:00,2020-01-26 18:00:00-05:00,lower,skipped,no_anchor,n/a,n/a,,,,,,,,
529_lower,2020-01-23,2020-01-23 10:30:00-05:00,2020-02-20 10:30:00-05:00,2020-01-26 18:00:00-05:00,lower,skipped,no_anchor,n/a,n/a,,,,,,,,
524_lower,2020-01-16,2020-01-16 10:30:00-05:00,2020-02-13 10:30:00-05:00,2020-01-26 18:06:00-05:00,lower,skipped,no_anchor,n/a,n/a,,,,,,,,
522_lower,2020-01-14,2020-01-14 10:30:00-05:00,2020-02-11 10:30:00-05:00,2020-01-26 18:45:00-05:00,lower,skipped,no_anchor,n/a,n/a,,,,,,,,
523_lower,2020-01-15,2020-01-15 10:30:00-05:00,2020-02-12 10:30:00-05:00,2020-01-26 18:45:00-05:00,lower,skipped,no_anchor,n/a,n/a,,,,,,,,
520_lower,2020-01-27,2020-01-10 10:30:00-05:00,2020-02-07 10:30:00-05:00,2020-01-27 05:20:00-05:00,lower,executed,,flat,inactive,2020-01-27 05:20:00-05:00,2020-01-27 15:00:00-05:00,8964.607907994128,8974.0,48.0,72.0,cutoff,9.392092005871746
521_lower,2020-01-13,2020-01-13 10:30:00-05:00,2020-02-10 10:30:00-05:00,2020-01-27 05:21:00-05:00,lower,skipped,position_open,open,inactive,,,,,,,,
519_lower,2020-01-09,2020-01-09 10:30:00-05:00,2020-02-06 10:30:00-05:00,2020-01-27 06:00:00-05:00,lower,skipped,position_open,open,inactive,,,,,,,,
531_upper,2020-01-28,2020-01-27 10:30:00-05:00,2020-02-24 10:30:00-05:00,2020-01-28 10:24:00-05:00,upper,executed,,flat,inactive,2020-01-28 10:24:00-05:00,2020-01-28 12:20:00-05:00,9046.723718786277,9104.848718786277,38.75,58.125,SL,-58.125
532_upper,2020-01-28,2020-01-28 10:30:00-05:00,2020-02-25 10:30:00-05:00,2020-01-28 16:31:00-05:00,upper,skipped,no_cutoff,n/a,n/a,,,,,,,,
533_lower,2020-01-30,2020-01-29 10:30:00-05:00,2020-02-26 10:30:00-05:00,2020-01-30 02:06:00-05:00,lower,executed,,flat,inactive,2020-01-30 02:06:00-05:00,2020-01-30 02:52:00-05:00,9017.531120097445,9017.531120097445,19.5,29.25,BE,0.0
534_upper,2020-01-30,2020-01-30 10:30:00-05:00,2020-02-27 10:30:00-05:00,2020-01-30 16:01:00-05:00,upper,skipped,no_cutoff,n/a,n/a,,,,,,,,
533_upper,2020-01-31,2020-01-29 10:30:00-05:00,2020-02-26 10:30:00-05:00,2020-01-30 20:10:00-05:00,upper,executed,,flat,inactive,2020-01-30 20:10:00-05:00,2020-01-31 02:33:00-05:00,9246.968879902555,9206.468879902555,27.0,40.5,TP,40.5
535_lower,2020-01-31,2020-01-31 10:30:00-05:00,2020-02-28 10:30:00-05:00,2020-01-31 11:39:00-05:00,lower,skipped,blocked_time,n/a,n/a,,,,,,,,
536_upper,2020-02-04,2020-02-03 10:30:00-05:00,2020-03-02 10:30:00-05:00,2020-02-04 03:19:00-05:00,upper,executed,,flat,inactive,2020-02-04 03:19:00-05:00,2020-02-04 07:56:00-05:00,9215.244839960993,9257.244839960993,28.0,42.0,SL,-42.0
528_upper,2020-01-22,2020-01-22 10:30:00-05:00,2020-02-19 10:30:00-05:00,2020-02-04 10:40:00-05:00,upper,skipped,SAL,n/a,active,,,,,,,,
535_upper,2020-01-31,2020-01-31 10:30:00-05:00,2020-02-28 10:30:00-05:00,2020-02-04 10:40:00-05:00,upper,skipped,SAL,n/a,active,,,,,,,,
530_upper,2020-01-24,2020-01-24 10:30:00-05:00,2020-02-21 10:30:00-05:00,2020-02-04 14:41:00-05:00,upper,skipped,blocked_time,n/a,n/a,,,,,,,,
537_upper,2020-02-04,2020-02-04 10:30:00-05:00,2020-03-03 10:30:00-05:00,2020-02-04 14:45:00-05:00,upper,skipped,blocked_time,n/a,n/a,,,,,,,,
540_lower,2020-02-07,2020-02-07 10:30:00-05:00,2020-03-06 10:30:00-05:00,2020-02-09 18:35:00-05:00,lower,skipped,no_anchor,n/a,n/a,,,,,,,,
539_upper,2020-02-06,2020-02-06 10:30:00-05:00,2020-03-05 10:30:00-05:00,2020-02-10 11:46:00-05:00,upper,skipped,blocked_time,n/a,n/a,,,,,,,,
540_upper,2020-02-07,2020-02-07 10:30:00-05:00,2020-03-06 10:30:00-05:00,2020-02-10 14:50:00-05:00,upper,skipped,blocked_time,n/a,n/a,,,,,,,,
541_upper,2020-02-10,2020-02-10 10:30:00-05:00,2020-03-09 10:30:00-04:00,2020-02-10 15:54:00-05:00,upper,skipped,no_cutoff,n/a,n/a,,,,,,,,
538_upper,2020-02-11,2020-02-05 10:30:00-05:00,2020-03-04 10:30:00-05:00,2020-02-10 20:40:00-05:00,upper,executed,,flat,inactive,2020-02-10 20:40:00-05:00,2020-02-11 15:00:00-05:00,9564.307449763222,9536.0,32.5,48.75,cutoff,28.307449763222394
544_upper,2020-02-13,2020-02-13 10:30:00-05:00,2020-03-12 10:30:00-04:00,2020-02-13 13:46:00-05:00,upper,skipped,blocked_time,n/a,n/a,,,,,,,,
543_upper,2020-02-12,2020-02-12 10:30:00-05:00,2020-03-11 10:30:00-04:00,2020-02-16 18:16:00-05:00,upper,skipped,no_anchor,n/a,n/a,,,,,,,,
542_upper,2020-02-11,2020-02-11 10:30:00-05:00,2020-03-10 10:30:00-04:00,2020-02-16 18:45:00-05:00,upper,skipped,no_anchor,n/a,n/a,,,,,,,,
546_lower,2020-02-17,2020-02-17 10:30:00-05:00,2020-03-16 10:30:00-04:00,2020-02-17 18:00:00-05:00,lower,skipped,no_anchor,n/a,n/a,,,,,,,,
545_lower,2020-02-18,2020-02-14 10:30:00-05:00,2020-03-13 10:30:00-04:00,2020-02-18 02:51:00-05:00,lower,executed,,flat,inactive,2020-02-18 02:51:00-05:00,2020-02-18 03:11:00-05:00,9538.085532568604,9557.585532568604,13.0,19.5,TP,19.5
547_upper,2020-02-19,2020-02-18 10:30:00-05:00,2020-03-17 10:30:00-04:00,2020-02-18 22:54:00-05:00,upper,executed,,flat,inactive,2020-02-18 22:54:00-05:00,2020-02-19 03:06:00-05:00,9676.190441173061,9656.315441173061,13.25,19.875,TP,19.875
545_upper,2020-02-19,2020-02-14 10:30:00-05:00,2020-03-13 10:30:00-04:00,2020-02-19 09:32:00-05:00,upper,executed,,flat,inactive,2020-02-19 09:32:00-05:00,2020-02-19 09:33:00-05:00,9697.289467431396,9684.164467431396,8.75,13.125,TP,13.125
546_upper,2020-02-19,2020-02-17 10:30:00-05:00,2020-03-16 10:30:00-04:00,2020-02-19 09:41:00-05:00,upper,executed,,flat,inactive,2020-02-19 09:41:00-05:00,2020-02-19 10:24:00-05:00,9708.76415587086,9721.88915587086,8.75,13.125,SL,-13.125
549_lower,2020-02-20,2020-02-20 10:30:00-05:00,2020-03-19 10:30:00-04:00,2020-02-20 11:25:00-05:00,lower,skipped,blocked_time,n/a,n/a,,,,,,,,
548_lower,2020-02-19,2020-02-19 10:30:00-05:00,2020-03-18 10:30:00-04:00,2020-02-20 11:28:00-05:00,lower,skipped,blocked_time,n/a,n/a,,,,,,,,
547_lower,2020-02-21,2020-02-18 10:30:00-05:00,2020-03-17 10:30:00-04:00,2020-02-21 09:47:00-05:00,lower,executed,,flat,inactive,2020-02-21 09:47:00-05:00,2020-02-21 10:33:00-05:00,9508.809558826939,9508.809558826939,21.5,32.25,BE,0.0
543_lower,2020-02-12,2020-02-12 10:30:00-05:00,2020-03-11 10:30:00-04:00,2020-02-21 09:49:00-05:00,lower,skipped,position_open,open,inactive,,,,,,,,
542_lower,2020-02-21,2020-02-11 10:30:00-05:00,2020-03-10 10:30:00-04:00,2020-02-21 10:40:00-05:00,lower,executed,,flat,inactive,2020-02-21 10:40:00-05:00,2020-02-21 12:54:00-05:00,9478.514769375894,9478.514769375894,123.75,185.625,BE,0.0
544_lower,2020-02-13,2020-02-13 10:30:00-05:00,2020-03-12 10:30:00-04:00,2020-02-21 10:41:00-05:00,lower,skipped,position_open,open,inactive,,,,,,,,
550_lower,2020-02-21,2020-02-21 10:30:00-05:00,2020-03-20 10:30:00-04:00,2020-02-21 13:52:00-05:00,lower,skipped,blocked_time,n/a,n/a,,,,,,,,
538_lower,2020-02-05,2020-02-05 10:30:00-05:00,2020-03-04 10:30:00-05:00,2020-02-23 18:12:00-05:00,lower,skipped,no_anchor,n/a,n/a,,,,,,,,
539_lower,2020-02-06,2020-02-06 10:30:00-05:00,2020-03-05 10:30:00-05:00,2020-02-23 18:12:00-05:00,lower,skipped,no_anchor,n/a,n/a,,,,,,,,
541_lower,2020-02-24,2020-02-10 10:30:00-05:00,2020-03-09 10:30:00-04:00,2020-02-23 19:51:00-05:00,lower,executed,,flat,inactive,2020-02-23 19:51:00-05:00,2020-02-23 21:24:00-05:00,9287.765183332012,9287.765183332012,76.0,114.0,BE,0.0
537_lower,2020-02-24,2020-02-04 10:30:00-05:00,2020-03-03 10:30:00-05:00,2020-02-24 04:16:00-05:00,lower,executed,,flat,inactive,2020-02-24 04:16:00-05:00,2020-02-24 05:37:00-05:00,9159.027001143393,9159.027001143393,87.0,130.5,BE,0.0
534_lower,2020-01-30,2020-01-30 10:30:00-05:00,2020-02-27 10:30:00-05:00,2020-02-25 11:17:00-05:00,lower,skipped,blocked_time,n/a,n/a,,,,,,,,
552_lower,2020-02-25,2020-02-25 10:30:00-05:00,2020-03-24 10:30:00-04:00,2020-02-25 11:18:00-05:00,lower,skipped,blocked_time,n/a,n/a,,,,,,,,
551_lower,2020-02-24,2020-02-24 10:30:00-05:00,2020-03-23 10:30:00-04:00,2020-02-25 13:17:00-05:00,lower,skipped,blocked_time,n/a,n/a,,,,,,,,
536_lower,2020-02-03,2020-02-03 10:30:00-05:00,2020-03-02 10:30:00-05:00,2020-02-25 13:58:00-05:00,lower,skipped,blocked_time,n/a,n/a,,,,,,,,
553_lower,2020-02-27,2020-02-26 10:30:00-05:00,2020-03-25 10:30:00-04:00,2020-02-26 22:07:00-05:00,lower,executed,,flat,inactive,2020-02-26 22:07:00-05:00,2020-02-26 22:55:00-05:00,8732.458358734097,8732.458358734097,50.25,75.375,BE,0.0
554_lower,2020-02-27,2020-02-27 10:30:00-05:00,2020-03-26 10:30:00-04:00,2020-02-27 15:59:00-05:00,lower,skipped,no_cutoff,n/a,n/a,,,,,,,,
555_upper,2020-03-02,2020-02-28 10:30:00-05:00,2020-03-27 10:30:00-04:00,2020-03-01 20:31:00-05:00,upper,executed,,flat,inactive,2020-03-01 20:31:00-05:00,2020-03-01 21:55:00-05:00,8445.947402297053,8555.822402297053,73.25,109.875,SL,-109.875
556_upper,2020-03-02,2020-03-02 10:30:00-05:00,2020-03-30 10:30:00-04:00,2020-03-02 15:50:00-05:00,upper,skipped,no_cutoff,n/a,n/a,,,,,,,,
554_upper,2020-02-27,2020-02-27 10:30:00-05:00,2020-03-26 10:30:00-04:00,2020-03-02 15:54:00-05:00,upper,skipped,no_cutoff,n/a,n/a,,,,,,,,
557_lower,2020-03-03,2020-03-03 10:30:00-05:00,2020-03-31 10:30:00-04:00,2020-03-03 13:57:00-05:00,lower,skipped,blocked_time,n/a,n/a,,,,,,,,
558_upper,2020-03-04,2020-03-04 10:30:00-05:00,2020-04-01 10:30:00-04:00,2020-03-04 15:59:00-05:00,upper,skipped,no_cutoff,n/a,n/a,,,,,,,,
559_lower,2020-03-06,2020-03-05 10:30:00-05:00,2020-04-02 10:30:00-04:00,2020-03-05 21:59:00-05:00,lower,executed,,flat,inactive,2020-03-05 21:59:00-05:00,2020-03-05 22:53:00-05:00,8560.850198162083,8560.850198162083,75.5,113.25,BE,0.0
558_lower,2020-03-06,2020-03-04 10:30:00-05:00,2020-04-01 10:30:00-04:00,2020-03-06 00:07:00-05:00,lower,executed,,flat,inactive,2020-03-06 00:07:00-05:00,2020-03-06 01:13:00-05:00,8528.732012479539,8571.857012479539,28.75,43.125,TP,43.125
556_lower,2020-03-02,2020-03-02 10:30:00-05:00,2020-03-30 10:30:00-04:00,2020-03-08 18:00:00-04:00,lower,skipped,no_anchor,n/a,n/a,,,,,,,,
560_lower,2020-03-06,2020-03-06 10:30:00-05:00,2020-04-03 10:30:00-04:00,2020-03-08 18:04:00-04:00,lower,skipped,no_anchor,n/a,n/a,,,,,,,,
555_lower,2020-02-28,2020-02-28 10:30:00-05:00,2020-03-27 10:30:00-04:00,2020-03-09 09:30:00-04:00,lower,skipped,no_anchor,n/a,n/a,,,,,,,,
562_lower,2020-03-10,2020-03-10 10:30:00-04:00,2020-04-07 10:30:00-04:00,2020-03-10 11:30:00-04:00,lower,skipped,blocked_time,n/a,n/a,,,,,,,,
561_upper,2020-03-09,2020-03-09 10:30:00-04:00,2020-04-06 10:30:00-04:00,2020-03-10 16:00:00-04:00,upper,skipped,no_cutoff,n/a,n/a,,,,,,,,
563_lower,2020-03-11,2020-03-11 10:30:00-04:00,2020-04-08 10:30:00-04:00,2020-03-11 15:03:00-04:00,lower,skipped,no_cutoff,n/a,n/a,,,,,,,,
561_lower,2020-03-12,2020-03-09 10:30:00-04:00,2020-04-06 10:30:00-04:00,2020-03-12 09:30:00-04:00,lower,executed,,flat,inactive,2020-03-12 09:30:00-04:00,2020-03-12 09:30:00-04:00,7504.25,7497.875,4.25,6.375,SL,-6.375
564_lower,2020-03-12,2020-03-12 10:30:00-04:00,2020-04-09 10:30:00-04:00,2020-03-12 16:38:00-04:00,lower,skipped,no_cutoff,n/a,n/a,,,,,,,,
564_upper,2020-03-12,2020-03-12 10:30:00-04:00,2020-04-09 10:30:00-04:00,2020-03-13 15:54:00-04:00,upper,skipped,no_cutoff,n/a,n/a,,,,,,,,
565_lower,2020-03-13,2020-03-13 10:30:00-04:00,2020-04-13 10:30:00-04:00,2020-03-16 09:45:00-04:00,lower,skipped,no_anchor,n/a,n/a,,,,,,,,
566_lower,2020-03-16,2020-03-16 10:30:00-04:00,2020-04-14 10:30:00-04:00,2020-03-18 13:32:00-04:00,lower,skipped,blocked_time,n/a,n/a,,,,,,,,
568_upper,2020-03-20,2020-03-18 10:30:00-04:00,2020-04-16 10:30:00-04:00,2020-03-20 03:26:00-04:00,upper,executed,,flat,inactive,2020-03-20 03:26:00-04:00,2020-03-20 09:44:00-04:00,7515.412614474579,7315.412614474579,169.5,200.0,TP,200.0
567_upper,2020-03-17,2020-03-17 10:30:00-04:00,2020-04-15 10:30:00-04:00,2020-03-20 03:52:00-04:00,upper,skipped,position_open,open,inactive,,,,,,,,
570_lower,2020-03-20,2020-03-20 10:30:00-04:00,2020-04-20 10:30:00-04:00,2020-03-20 15:17:00-04:00,lower,skipped,no_cutoff,n/a,n/a,,,,,,,,
569_lower,2020-03-19,2020-03-19 10:30:00-04:00,2020-04-17 10:30:00-04:00,2020-03-22 18:00:00-04:00,lower,skipped,no_anchor,n/a,n/a,,,,,,,,
567_lower,2020-03-17,2020-03-17 10:30:00-04:00,2020-04-15 10:30:00-04:00,2020-03-22 18:02:00-04:00,lower,skipped,no_anchor,n/a,n/a,,,,,,,,
571_upper,2020-03-24,2020-03-23 10:30:00-04:00,2020-04-21 10:30:00-04:00,2020-03-24 05:38:00-04:00,upper,executed,,flat,inactive,2020-03-24 05:38:00-04:00,2020-03-24 10:28:00-04:00,7337.610321363007,7456.485321363007,79.25,118.875,SL,-118.875
572_upper,2020-03-25,2020-03-24 10:30:00-04:00,2020-04-22 10:30:00-04:00,2020-03-25 04:29:00-04:00,upper,executed,,flat,inactive,2020-03-25 04:29:00-04:00,2020-03-25 06:53:00-04:00,7667.163794663221,7493.538794663221,115.75,173.625,TP,173.625
569_upper,2020-03-19,2020-03-19 10:30:00-04:00,2020-04-17 10:30:00-04:00,2020-03-25 04:47:00-04:00,upper,skipped,position_open,open,inactive,,,,,,,,
566_upper,2020-03-16,2020-03-16 10:30:00-04:00,2020-04-14 10:30:00-04:00,2020-03-25 04:52:00-04:00,upper,skipped,position_open,open,inactive,,,,,,,,
570_upper,2020-03-20,2020-03-20 10:30:00-04:00,2020-04-20 10:30:00-04:00,2020-03-25 05:25:00-04:00,upper,skipped,position_open,open,inactive,,,,,,,,
575_lower,2020-03-27,2020-03-27 10:30:00-04:00,2020-04-27 10:30:00-04:00,2020-03-29 18:00:00-04:00,lower,skipped,no_anchor,n/a,n/a,,,,,,,,
574_upper,2020-03-31,2020-03-26 10:30:00-04:00,2020-04-24 10:30:00-04:00,2020-03-30 21:01:00-04:00,upper,executed,,flat,inactive,2020-03-30 21:01:00-04:00,2020-03-31 00:16:00-04:00,7902.78542805311,7859.28542805311,29.0,43.5,TP,43.5
575_upper,2020-03-27,2020-03-27 10:30:00-04:00,2020-04-27 10:30:00-04:00,2020-03-30 21:06:00-04:00,upper,skipped,position_open,open,inactive,,,,,,,,
573_upper,2020-03-25,2020-03-25 10:30:00-04:00,2020-04-23 10:30:00-04:00,2020-03-30 21:08:00-04:00,upper,skipped,position_open,open,inactive,,,,,,,,
576_upper,2020-03-31,2020-03-30 10:30:00-04:00,2020-04-28 10:30:00-04:00,2020-03-31 10:31:00-04:00,upper,executed,,flat,inactive,2020-03-31 10:31:00-04:00,2020-03-31 12:27:00-04:00,7976.8592623862005,7860.2342623862005,77.75,116.625,TP,116.625
577_lower,2020-04-01,2020-03-31 10:30:00-04:00,2020-04-29 10:30:00-04:00,2020-04-01 02:05:00-04:00,lower,executed,,flat,inactive,2020-04-01 02:05:00-04:00,2020-04-01 03:47:00-04:00,7557.190441223253,7557.190441223253,120.75,181.125,BE,0.0
576_lower,2020-04-02,2020-03-30 10:30:00-04:00,2020-04-28 10:30:00-04:00,2020-04-02 09:14:00-04:00,lower,executed,,flat,inactive,2020-04-02 09:14:00-04:00,2020-04-02 10:35:00-04:00,7381.1407376137995,7581.1407376137995,145.0,200.0,TP,200.0
579_upper,2020-04-06,2020-04-02 10:30:00-04:00,2020-05-01 10:30:00-04:00,2020-04-05 20:30:00-04:00,upper,executed,,flat,inactive,2020-04-05 20:30:00-04:00,2020-04-05 20:34:00-04:00,7735.330652012273,7784.080652012273,32.5,48.75,SL,-48.75
578_upper,2020-04-01,2020-04-01 10:30:00-04:00,2020-04-30 10:30:00-04:00,2020-04-05 20:35:00-04:00,upper,skipped,SAL,n/a,active,,,,,,,,
580_upper,2020-04-03,2020-04-03 10:30:00-04:00,2020-05-04 10:30:00-04:00,2020-04-06 01:42:00-04:00,upper,skipped,SAL,n/a,active,,,,,,,,
581_upper,2020-04-06,2020-04-06 10:30:00-04:00,2020-05-05 10:30:00-04:00,2020-04-06 15:50:00-04:00,upper,skipped,no_cutoff,n/a,n/a,,,,,,,,
565_upper,2020-03-13,2020-03-13 10:30:00-04:00,2020-04-13 10:30:00-04:00,2020-04-06 15:54:00-04:00,upper,skipped,no_cutoff,n/a,n/a,,,,,,,,
577_upper,2020-04-07,2020-03-31 10:30:00-04:00,2020-04-29 10:30:00-04:00,2020-04-07 03:05:00-04:00,upper,executed,,flat,inactive,2020-04-07 03:05:00-04:00,2020-04-07 15:00:00-04:00,8172.934558776747,8081.25,105.75,158.625,cutoff,91.6845587767466
582_lower,2020-04-08,2020-04-07 10:30:00-04:00,2020-05-06 10:30:00-04:00,2020-04-07 20:40:00-04:00,lower,executed,,flat,inactive,2020-04-07 20:40:00-04:00,2020-04-08 00:17:00-04:00,7954.572968651651,8069.322968651651,76.5,114.75,TP,114.75
583_upper,2020-04-08,2020-04-08 10:30:00-04:00,2020-05-07 10:30:00-04:00,2020-04-13 18:00:00-04:00,upper,skipped,no_anchor,n/a,n/a,,,,,,,,
585_upper,2020-04-14,2020-04-13 10:30:00-04:00,2020-05-11 10:30:00-04:00,2020-04-13 21:54:00-04:00,upper,executed,,flat,inactive,2020-04-13 21:54:00-04:00,2020-04-14 01:27:00-04:00,8413.826591797833,8484.326591797833,47.0,70.5,SL,-70.5
582_upper,2020-04-07,2020-04-07 10:30:00-04:00,2020-05-06 10:30:00-04:00,2020-04-14 09:44:00-04:00,upper,skipped,SAL,n/a,active,,,,,,,,
584_upper,2020-04-09,2020-04-09 10:30:00-04:00,2020-05-08 10:30:00-04:00,2020-04-14 09:46:00-04:00,upper,skipped,SAL,n/a,active,,,,,,,,
587_upper,2020-04-15,2020-04-15 10:30:00-04:00,2020-05-13 10:30:00-04:00,2020-04-16 11:22:00-04:00,upper,skipped,blocked_time,n/a,n/a,,,,,,,,
586_upper,2020-04-14,2020-04-14 10:30:00-04:00,2020-05-12 10:30:00-04:00,2020-04-16 12:00:00-04:00,upper,skipped,blocked_time,n/a,n/a,,,,,,,,
588_upper,2020-04-16,2020-04-16 10:30:00-04:00,2020-05-14 10:30:00-04:00,2020-04-16 18:00:00-04:00,upper,skipped,no_anchor,n/a,n/a,,,,,,,,
589_lower,2020-04-21,2020-04-17 10:30:00-04:00,2020-05-15 10:30:00-04:00,2020-04-21 09:37:00-04:00,lower,executed,,flat,inactive,2020-04-21 09:37:00-04:00,2020-04-21 09:45:00-04:00,8580.60969892078,8531.85969892078,32.5,48.75,SL,-48.75
590_lower,2020-04-20,2020-04-20 10:30:00-04:00,2020-05-18 10:30:00-04:00,2020-04-21 09:45:00-04:00,lower,skipped,SAL,n/a,active,,,,,,,,
588_lower,2020-04-16,2020-04-16 10:30:00-04:00,2020-05-14 10:30:00-04:00,2020-04-21 10:54:00-04:00,lower,skipped,SAL,n/a,active,,,,,,,,
592_upper,2020-04-23,2020-04-22 10:30:00-04:00,2020-05-20 10:30:00-04:00,2020-04-23 10:43:00-04:00,upper,executed,,flat,inactive,2020-04-23 10:43:00-04:00,2020-04-23 12:45:00-04:00,8782.609853670157,8660.734853670157,81.25,121.875,TP,121.875
594_upper,2020-04-27,2020-04-24 10:30:00-04:00,2020-05-22 10:30:00-04:00,2020-04-27 00:28:00-04:00,upper,executed,,flat,inactive,2020-04-27 00:28:00-04:00,2020-04-27 00:32:00-04:00,8848.462835635064,8879.212835635064,20.5,30.75,SL,-30.75
591_upper,2020-04-21,2020-04-21 10:30:00-04:00,2020-05-19 10:30:00-04:00,2020-04-27 00:48:00-04:00,upper,skipped,SAL,n/a,active,,,,,,,,
593_upper,2020-04-28,2020-04-23 10:30:00-04:00,2020-05-21 10:30:00-04:00,2020-04-28 05:26:00-04:00,upper,executed,,flat,inactive,2020-04-28 05:26:00-04:00,2020-04-28 09:30:00-04:00,8923.475938699594,8890.850938699594,21.75,32.625,TP,32.625
595_lower,2020-04-27,2020-04-27 10:30:00-04:00,2020-05-25 10:30:00-04:00,2020-04-28 15:53:00-04:00,lower,skipped,no_cutoff,n/a,n/a,,,,,,,,
590_upper,2020-04-20,2020-04-20 10:30:00-04:00,2020-05-18 10:30:00-04:00,2020-04-29 13:57:00-04:00,upper,skipped,blocked_time,n/a,n/a,,,,,,,,
595_upper,2020-04-27,2020-04-27 10:30:00-04:00,2020-05-25 10:30:00-04:00,2020-04-29 16:14:00-04:00,upper,skipped,no_cutoff,n/a,n/a,,,,,,,,
589_upper,2020-04-17,2020-04-17 10:30:00-04:00,2020-05-15 10:30:00-04:00,2020-04-29 16:37:00-04:00,upper,skipped,no_cutoff,n/a,n/a,,,,,,,,
597_upper,2020-04-29,2020-04-29 10:30:00-04:00,2020-05-27 10:30:00-04:00,2020-04-29 16:37:00-04:00,upper,skipped,no_cutoff,n/a,n/a,,,,,,,,
596_upper,2020-04-28,2020-04-28 10:30:00-04:00,2020-05-26 10:30:00-04:00,2020-04-29 16:57:00-04:00,upper,skipped,no_cutoff,n/a,n/a,,,,,,,,
598_lower,2020-04-30,2020-04-30 10:30:00-04:00,2020-05-28 10:30:00-04:00,2020-04-30 18:14:00-04:00,lower,skipped,no_anchor,n/a,n/a,,,,,,,,
596_lower,2020-04-28,2020-04-28 10:30:00-04:00,2020-05-26 10:30:00-04:00,2020-05-03 18:00:00-04:00,lower,skipped,no_anchor,n/a,n/a,,,,,,,,
597_lower,2020-04-29,2020-04-29 10:30:00-04:00,2020-05-27 10:30:00-04:00,2020-05-03 18:00:00-04:00,lower,skipped,no_anchor,n/a,n/a,,,,,,,,
599_lower,2020-05-01,2020-05-01 10:30:00-04:00,2020-05-29 10:30:00-04:00,2020-05-03 18:00:00-04:00,lower,skipped,no_anchor,n/a,n/a,,,,,,,,
600_upper,2020-05-05,2020-05-04 10:30:00-04:00,2020-06-01 10:30:00-04:00,2020-05-05 08:10:00-04:00,upper,executed,,flat,inactive,2020-05-05 08:10:00-04:00,2020-05-05 09:10:00-04:00,8921.323920186203,8921.323920186203,27.0,40.5,BE,-0.0
599_upper,2020-05-01,2020-05-01 10:30:00-04:00,2020-05-29 10:30:00-04:00,2020-05-05 14:31:00-04:00,upper,skipped,blocked_time,n/a,n/a,,,,,,,,
601_upper,2020-05-05,2020-05-05 10:30:00-04:00,2020-06-02 10:30:00-04:00,2020-05-07 13:13:00-04:00,upper,skipped,blocked_time,n/a,n/a,,,,,,,,
598_upper,2020-05-08,2020-04-30 10:30:00-04:00,2020-05-28 10:30:00-04:00,2020-05-07 20:37:00-04:00,upper,executed,,flat,inactive,2020-05-07 20:37:00-04:00,2020-05-08 01:18:00-04:00,9178.830136858367,9221.955136858367,28.75,43.125,SL,-43.125
602_upper,2020-05-06,2020-05-06 10:30:00-04:00,2020-06-03 10:30:00-04:00,2020-05-07 21:48:00-04:00,upper,skipped,position_open,open,active,,,,,,,,
603_upper,2020-05-11,2020-05-07 10:30:00-04:00,2020-06-04 10:30:00-04:00,2020-05-10 21:34:00-04:00,upper,executed,,flat,inactive,2020-05-10 21:34:00-04:00,2020-05-11 01:56:00-04:00,9275.054454396424,9242.429454396424,21.75,32.625,TP,32.625
604_upper,2020-05-12,2020-05-08 10:30:00-04:00,2020-06-05 10:30:00-04:00,2020-05-12 09:32:00-04:00,upper,executed,,flat,inactive,2020-05-12 09:32:00-04:00,2020-05-12 09:34:00-04:00,9344.701680933107,9305.326680933107,26.25,39.375,TP,39.375
606_lower,2020-05-12,2020-05-12 10:30:00-04:00,2020-06-09 10:30:00-04:00,2020-05-12 16:04:00-04:00,lower,skipped,no_cutoff,n/a,n/a,,,,,,,,
605_lower,2020-05-11,2020-05-11 10:30:00-04:00,2020-06-08 10:30:00-04:00,2020-05-13 12:03:00-04:00,lower,skipped,blocked_time,n/a,n/a,,,,,,,,
604_lower,2020-05-08,2020-05-08 10:30:00-04:00,2020-06-05 10:30:00-04:00,2020-05-13 12:04:00-04:00,lower,skipped,blocked_time,n/a,n/a,,,,,,,,
603_lower,2020-05-07,2020-05-07 10:30:00-04:00,2020-06-04 10:30:00-04:00,2020-05-13 12:19:00-04:00,lower,skipped,blocked_time,n/a,n/a,,,,,,,,
607_lower,2020-05-14,2020-05-13 10:30:00-04:00,2020-06-10 10:30:00-04:00,2020-05-14 09:53:00-04:00,lower,executed,,flat,inactive,2020-05-14 09:53:00-04:00,2020-05-14 11:07:00-04:00,8865.087188595084,8947.212188595084,54.75,82.125,TP,82.125
608_upper,2020-05-18,2020-05-14 10:30:00-04:00,2020-06-11 10:30:00-04:00,2020-05-17 19:23:00-04:00,upper,executed,,flat,inactive,2020-05-17 19:23:00-04:00,2020-05-17 20:27:00-04:00,9176.406088590948,9176.406088590948,57.75,86.625,BE,-0.0
609_upper,2020-05-18,2020-05-15 10:30:00-04:00,2020-06-12 10:30:00-04:00,2020-05-18 03:55:00-04:00,upper,executed,,flat,inactive,2020-05-18 03:55:00-04:00,2020-05-18 07:59:00-04:00,9223.185636936876,9275.685636936876,35.0,52.5,SL,-52.5
607_upper,2020-05-19,2020-05-13 10:30:00-04:00,2020-06-10 10:30:00-04:00,2020-05-19 02:32:00-04:00,upper,executed,,flat,inactive,2020-05-19 02:32:00-04:00,2020-05-19 02:59:00-04:00,9372.162811404916,9415.287811404916,28.75,43.125,SL,-43.125
605_upper,2020-05-11,2020-05-11 10:30:00-04:00,2020-06-08 10:30:00-04:00,2020-05-19 02:50:00-04:00,upper,skipped,position_open,open,active,,,,,,,,
610_upper,2020-05-20,2020-05-18 10:30:00-04:00,2020-06-15 10:30:00-04:00,2020-05-20 10:12:00-04:00,upper,executed,,flat,inactive,2020-05-20 10:12:00-04:00,2020-05-20 11:14:00-04:00,9473.350561781344,9473.350561781344,64.5,96.75,BE,-0.0
613_lower,2020-05-22,2020-05-21 10:30:00-04:00,2020-06-18 10:30:00-04:00,2020-05-22 01:29:00-04:00,lower,executed,,flat,inactive,2020-05-22 01:29:00-04:00,2020-05-22 03:06:00-04:00,9268.186225859561,9268.186225859561,26.0,39.0,BE,0.0
606_upper,2020-05-25,2020-05-12 10:30:00-04:00,2020-06-09 10:30:00-04:00,2020-05-25 09:35:00-04:00,upper,executed,,flat,inactive,2020-05-25 09:35:00-04:00,2020-05-25 10:29:00-04:00,9523.875475628975,9523.875475628975,20.25,30.375,BE,-0.0
611_upper,2020-05-26,2020-05-19 10:30:00-04:00,2020-06-16 10:30:00-04:00,2020-05-25 21:33:00-04:00,upper,executed,,flat,inactive,2020-05-25 21:33:00-04:00,2020-05-25 23:02:00-04:00,9550.291829920581,9550.291829920581,26.0,39.0,BE,-0.0
614_upper,2020-05-22,2020-05-22 10:30:00-04:00,2020-06-19 10:30:00-04:00,2020-05-25 21:37:00-04:00,upper,skipped,position_open,open,inactive,,,,,,,,
615_lower,2020-05-25,2020-05-25 10:30:00-04:00,2020-06-22 10:30:00-04:00,2020-05-26 15:47:00-04:00,lower,skipped,no_cutoff,n/a,n/a,,,,,,,,
616_lower,2020-05-27,2020-05-26 10:30:00-04:00,2020-06-23 10:30:00-04:00,2020-05-27 09:34:00-04:00,lower,executed,,flat,inactive,2020-05-27 09:34:00-04:00,2020-05-27 10:37:00-04:00,9346.490679588276,9260.240679588276,57.5,86.25,SL,-86.25
612_lower,2020-05-20,2020-05-20 10:30:00-04:00,2020-06-17 10:30:00-04:00,2020-05-27 10:41:00-04:00,lower,skipped,SAL,n/a,active,,,,,,,,
617_upper,2020-05-27,2020-05-27 10:30:00-04:00,2020-06-24 10:30:00-04:00,2020-05-28 13:22:00-04:00,upper,skipped,blocked_time,n/a,n/a,,,,,,,,
618_upper,2020-05-28,2020-05-28 10:30:00-04:00,2020-06-25 10:30:00-04:00,2020-06-01 13:06:00-04:00,upper,skipped,blocked_time,n/a,n/a,,,,,,,,
612_upper,2020-06-02,2020-05-20 10:30:00-04:00,2020-06-17 10:30:00-04:00,2020-06-02 04:09:00-04:00,upper,executed,,flat,inactive,2020-06-02 04:09:00-04:00,2020-06-02 09:31:00-04:00,9625.927418687268,9575.677418687268,33.5,50.25,TP,50.25
619_upper,2020-05-29,2020-05-29 10:30:00-04:00,2020-06-26 10:30:00-04:00,2020-06-02 04:39:00-04:00,upper,skipped,position_open,open,inactive,,,,,,,,
615_upper,2020-05-25,2020-05-25 10:30:00-04:00,2020-06-22 10:30:00-04:00,2020-06-02 05:40:00-04:00,upper,skipped,position_open,open,inactive,,,,,,,,
613_upper,2020-06-03,2020-05-21 10:30:00-04:00,2020-06-18 10:30:00-04:00,2020-06-02 20:45:00-04:00,upper,executed,,flat,inactive,2020-06-02 20:45:00-04:00,2020-06-02 21:45:00-04:00,9682.688774140439,9682.688774140439,37.5,56.25,BE,-0.0
620_upper,2020-06-01,2020-06-01 10:30:00-04:00,2020-06-29 10:30:00-04:00,2020-06-03 15:44:00-04:00,upper,skipped,no_cutoff,n/a,n/a,,,,,,,,
616_upper,2020-06-04,2020-05-26 10:30:00-04:00,2020-06-23 10:30:00-04:00,2020-06-04 09:51:00-04:00,upper,executed,,flat,inactive,2020-06-04 09:51:00-04:00,2020-06-04 11:10:00-04:00,9738.509320411724,9677.384320411724,40.75,61.125,TP,61.125
621_upper,2020-06-05,2020-06-02 10:30:00-04:00,2020-07-01 10:30:00-04:00,2020-06-05 09:45:00-04:00,upper,executed,,flat,inactive,2020-06-05 09:45:00-04:00,2020-06-05 10:38:00-04:00,9769.548962251216,9769.548962251216,67.75,101.625,BE,-0.0
622_upper,2020-06-03,2020-06-03 10:30:00-04:00,2020-07-02 10:30:00-04:00,2020-06-07 18:06:00-04:00,upper,skipped,no_anchor,n/a,n/a,,,,,,,,
623_upper,2020-06-08,2020-06-04 10:30:00-04:00,2020-07-03 10:30:00-04:00,2020-06-07 19:30:00-04:00,upper,executed,,flat,inactive,2020-06-07 19:30:00-04:00,2020-06-08 08:12:00-04:00,9871.014776316677,9790.764776316677,53.5,80.25,TP,80.25
624_upper,2020-06-09,2020-06-05 10:30:00-04:00,2020-07-06 10:30:00-04:00,2020-06-09 09:54:00-04:00,upper,executed,,flat,inactive,2020-06-09 09:54:00-04:00,2020-06-09 10:00:00-04:00,9910.021872256857,9881.521872256857,19.0,28.5,TP,28.5
625_upper,2020-06-08,2020-06-08 10:30:00-04:00,2020-07-07 10:30:00-04:00,2020-06-09 12:45:00-04:00,upper,skipped,blocked_time,n/a,n/a,,,,,,,,
626_upper,2020-06-10,2020-06-09 10:30:00-04:00,2020-07-08 10:30:00-04:00,2020-06-10 08:50:00-04:00,upper,executed,,flat,inactive,2020-06-10 08:50:00-04:00,2020-06-10 09:36:00-04:00,10044.576283743734,10044.576283743734,53.0,79.5,BE,-0.0
627_lower,2020-06-10,2020-06-10 10:30:00-04:00,2020-07-09 10:30:00-04:00,2020-06-11 11:42:00-04:00,lower,skipped,blocked_time,n/a,n/a,,,,,,,,
628_lower,2020-06-11,2020-06-11 10:30:00-04:00,2020-07-10 10:30:00-04:00,2020-06-11 12:55:00-04:00,lower,skipped,blocked_time,n/a,n/a,,,,,,,,
626_lower,2020-06-09,2020-06-09 10:30:00-04:00,2020-07-08 10:30:00-04:00,2020-06-11 14:11:00-04:00,lower,skipped,blocked_time,n/a,n/a,,,,,,,,
625_lower,2020-06-08,2020-06-08 10:30:00-04:00,2020-07-07 10:30:00-04:00,2020-06-11 14:58:00-04:00,lower,skipped,blocked_time,n/a,n/a,,,,,,,,
629_lower,2020-06-12,2020-06-12 10:30:00-04:00,2020-07-13 10:30:00-04:00,2020-06-12 13:46:00-04:00,lower,skipped,blocked_time,n/a,n/a,,,,,,,,
623_lower,2020-06-04,2020-06-04 10:30:00-04:00,2020-07-03 10:30:00-04:00,2020-06-12 13:48:00-04:00,lower,skipped,blocked_time,n/a,n/a,,,,,,,,
622_lower,2020-06-03,2020-06-03 10:30:00-04:00,2020-07-02 10:30:00-04:00,2020-06-12 13:52:00-04:00,lower,skipped,blocked_time,n/a,n/a,,,,,,,,
624_lower,2020-06-15,2020-06-05 10:30:00-04:00,2020-07-06 10:30:00-04:00,2020-06-15 01:29:00-04:00,lower,executed,,flat,inactive,2020-06-15 01:29:00-04:00,2020-06-15 01:57:00-04:00,9476.853127743143,9412.353127743143,43.0,64.5,SL,-64.5
621_lower,2020-06-02,2020-06-02 10:30:00-04:00,2020-07-01 10:30:00-04:00,2020-06-15 01:56:00-04:00,lower,skipped,position_open,open,active,,,,,,,,
630_upper,2020-06-15,2020-06-15 10:30:00-04:00,2020-07-14 10:30:00-04:00,2020-06-15 18:01:00-04:00,upper,skipped,no_anchor,n/a,n/a,,,,,,,,
629_upper,2020-06-19,2020-06-12 10:30:00-04:00,2020-07-13 10:30:00-04:00,2020-06-19 02:22:00-04:00,upper,executed,,flat,inactive,2020-06-19 02:22:00-04:00,2020-06-19 03:14:00-04:00,10053.636777685642,10053.636777685642,20.25,30.375,BE,-0.0
634_lower,2020-06-19,2020-06-19 10:30:00-04:00,2020-07-20 10:30:00-04:00,2020-06-21 18:00:00-04:00,lower,skipped,no_anchor,n/a,n/a,,,,,,,,
628_upper,2020-06-11,2020-06-11 10:30:00-04:00,2020-07-10 10:30:00-04:00,2020-06-22 18:30:00-04:00,upper,skipped,no_anchor,n/a,n/a,,,,,,,,
633_upper,2020-06-23,2020-06-18 10:30:00-04:00,2020-07-17 10:30:00-04:00,2020-06-23 03:16:00-04:00,upper,executed,,flat,inactive,2020-06-23 03:16:00-04:00,2020-06-23 11:49:00-04:00,10171.070285067217,10256.195285067217,56.75,85.125,SL,-85.125
631_upper,2020-06-16,2020-06-16 10:30:00-04:00,2020-07-15 10:30:00-04:00,2020-06-23 03:59:00-04:00,upper,skipped,position_open,open,active,,,,,,,,
627_upper,2020-06-10,2020-06-10 10:30:00-04:00,2020-07-09 10:30:00-04:00,2020-06-23 10:40:00-04:00,upper,skipped,position_open,open,active,,,,,,,,
632_upper,2020-06-17,2020-06-17 10:30:00-04:00,2020-07-16 10:30:00-04:00,2020-06-23 10:40:00-04:00,upper,skipped,position_open,open,active,,,,,,,,
635_upper,2020-06-22,2020-06-22 10:30:00-04:00,2020-07-21 10:30:00-04:00,2020-06-23 11:08:00-04:00,upper,skipped,blocked_time,n/a,n/a,,,,,,,,
634_upper,2020-06-19,2020-06-19 10:30:00-04:00,2020-07-20 10:30:00-04:00,2020-06-23 13:51:00-04:00,upper,skipped,blocked_time,n/a,n/a,,,,,,,,
636_lower,2020-06-23,2020-06-23 10:30:00-04:00,2020-07-22 10:30:00-04:00,2020-06-24 11:39:00-04:00,lower,skipped,blocked_time,n/a,n/a,,,,,,,,
637_lower,2020-06-25,2020-06-24 10:30:00-04:00,2020-07-23 10:30:00-04:00,2020-06-25 09:48:00-04:00,lower,executed,,flat,inactive,2020-06-25 09:48:00-04:00,2020-06-25 10:02:00-04:00,9892.390382689151,9963.265382689151,47.25,70.875,TP,70.875
635_lower,2020-06-29,2020-06-22 10:30:00-04:00,2020-07-21 10:30:00-04:00,2020-06-29 09:40:00-04:00,lower,executed,,flat,inactive,2020-06-29 09:40:00-04:00,2020-06-29 10:14:00-04:00,9773.855693930514,9838.730693930514,43.25,64.875,TP,64.875
631_lower,2020-06-16,2020-06-16 10:30:00-04:00,2020-07-15 10:30:00-04:00,2020-06-29 09:41:00-04:00,lower,skipped,position_open,open,inactive,,,,,,,,
632_lower,2020-06-17,2020-06-17 10:30:00-04:00,2020-07-16 10:30:00-04:00,2020-06-29 09:41:00-04:00,lower,skipped,position_open,open,inactive,,,,,,,,
633_lower,2020-06-18,2020-06-18 10:30:00-04:00,2020-07-17 10:30:00-04:00,2020-06-29 09:42:00-04:00,lower,skipped,position_open,open,inactive,,,,,,,,
639_lower,2020-06-26,2020-06-26 10:30:00-04:00,2020-07-27 10:30:00-04:00,2020-06-29 09:47:00-04:00,lower,skipped,position_open,open,inactive,,,,,,,,
640_upper,2020-06-29,2020-06-29 10:30:00-04:00,2020-07-28 10:30:00-04:00,2020-06-30 20:00:00-04:00,upper,skipped,no_anchor,n/a,n/a,,,,,,,,
638_upper,2020-06-25,2020-06-25 10:30:00-04:00,2020-07-24 10:30:00-04:00,2020-07-01 11:15:00-04:00,upper,skipped,blocked_time,n/a,n/a,,,,,,,,
639_upper,2020-07-02,2020-06-26 10:30:00-04:00,2020-07-27 10:30:00-04:00,2020-07-02 03:56:00-04:00,upper,executed,,flat,inactive,2020-07-02 03:56:00-04:00,2020-07-02 08:32:00-04:00,10323.947937342804,10377.572937342804,35.75,53.625,SL,-53.625
641_upper,2020-07-01,2020-07-01 10:30:00-04:00,2020-07-29 10:30:00-04:00,2020-07-02 08:30:00-04:00,upper,skipped,position_open,open,active,,,,,,,,
636_upper,2020-06-23,2020-06-23 10:30:00-04:00,2020-07-22 10:30:00-04:00,2020-07-02 09:33:00-04:00,upper,skipped,SAL,n/a,active,,,,,,,,
637_upper,2020-06-24,2020-06-24 10:30:00-04:00,2020-07-23 10:30:00-04:00,2020-07-02 10:02:00-04:00,upper,skipped,SAL,n/a,active,,,,,,,,
643_upper,2020-07-06,2020-07-03 10:30:00-04:00,2020-07-31 10:30:00-04:00,2020-07-05 23:54:00-04:00,upper,executed,,flat,inactive,2020-07-05 23:54:00-04:00,2020-07-06 03:20:00-04:00,10497.926167119494,10497.926167119494,23.5,35.25,BE,-0.0
642_upper,2020-07-06,2020-07-02 10:30:00-04:00,2020-07-30 10:30:00-04:00,2020-07-06 10:49:00-04:00,upper,executed,,flat,inactive,2020-07-06 10:49:00-04:00,2020-07-06 15:00:00-04:00,10563.41463795065,10558.75,53.5,80.25,cutoff,4.664637950649194
644_upper,2020-07-06,2020-07-06 10:30:00-04:00,2020-08-03 10:30:00-04:00,2020-07-07 11:05:00-04:00,upper,skipped,blocked_time,n/a,n/a,,,,,,,,
646_upper,2020-07-08,2020-07-08 10:30:00-04:00,2020-08-05 10:30:00-04:00,2020-07-10 14:56:00-04:00,upper,skipped,blocked_time,n/a,n/a,,,,,,,,
645_upper,2020-07-07,2020-07-07 10:30:00-04:00,2020-08-04 10:30:00-04:00,2020-07-10 15:50:00-04:00,upper,skipped,no_cutoff,n/a,n/a,,,,,,,,
647_upper,2020-07-13,2020-07-09 10:30:00-04:00,2020-08-06 10:30:00-04:00,2020-07-13 07:02:00-04:00,upper,executed,,flat,inactive,2020-07-13 07:02:00-04:00,2020-07-13 08:00:00-04:00,10917.25731588311,10949.50731588311,21.5,32.25,SL,-32.25
648_upper,2020-07-10,2020-07-10 10:30:00-04:00,2020-08-07 10:30:00-04:00,2020-07-13 09:32:00-04:00,upper,skipped,SAL,n/a,active,,,,,,,,
649_lower,2020-07-13,2020-07-13 10:30:00-04:00,2020-08-10 10:30:00-04:00,2020-07-13 15:19:00-04:00,lower,skipped,no_cutoff,n/a,n/a,,,,,,,,
647_lower,2020-07-14,2020-07-09 10:30:00-04:00,2020-08-06 10:30:00-04:00,2020-07-14 08:56:00-04:00,lower,executed,,flat,inactive,2020-07-14 08:56:00-04:00,2020-07-14 09:48:00-04:00,10530.24268411689,10530.24268411689,82.5,123.75,BE,0.0
648_lower,2020-07-10,2020-07-10 10:30:00-04:00,2020-08-07 10:30:00-04:00,2020-07-14 09:09:00-04:00,lower,skipped,position_open,open,inactive,,,,,,,,
646_lower,2020-07-14,2020-07-08 10:30:00-04:00,2020-08-05 10:30:00-04:00,2020-07-14 09:53:00-04:00,lower,executed,,flat,inactive,2020-07-14 09:53:00-04:00,2020-07-14 11:41:00-04:00,10388.852076542193,10588.852076542193,164.5,200.0,TP,200.0
645_lower,2020-07-07,2020-07-07 10:30:00-04:00,2020-08-04 10:30:00-04:00,2020-07-14 10:13:00-04:00,lower,skipped,position_open,open,inactive,,,,,,,,
651_lower,2020-07-16,2020-07-15 10:30:00-04:00,2020-08-12 10:30:00-04:00,2020-07-16 05:14:00-04:00,lower,executed,,flat,inactive,2020-07-16 05:14:00-04:00,2020-07-16 06:35:00-04:00,10501.705972823214,10501.705972823214,68.25,102.375,BE,0.0
652_upper,2020-07-16,2020-07-16 10:30:00-04:00,2020-08-13 10:30:00-04:00,2020-07-20 11:16:00-04:00,upper,skipped,blocked_time,n/a,n/a,,,,,,,,
653_upper,2020-07-17,2020-07-17 10:30:00-04:00,2020-08-14 10:30:00-04:00,2020-07-20 13:40:00-04:00,upper,skipped,blocked_time,n/a,n/a,,,,,,,,
650_upper,2020-07-14,2020-07-14 10:30:00-04:00,2020-08-11 10:30:00-04:00,2020-07-20 13:41:00-04:00,upper,skipped,blocked_time,n/a,n/a,,,,,,,,
654_upper,2020-07-20,2020-07-20 10:30:00-04:00,2020-08-17 10:30:00-04:00,2020-07-20 15:30:00-04:00,upper,skipped,no_cutoff,n/a,n/a,,,,,,,,
651_upper,2020-07-15,2020-07-15 10:30:00-04:00,2020-08-12 10:30:00-04:00,2020-07-20 15:35:00-04:00,upper,skipped,no_cutoff,n/a,n/a,,,,,,,,
655_lower,2020-07-21,2020-07-21 10:30:00-04:00,2020-08-18 10:30:00-04:00,2020-07-23 12:05:00-04:00,lower,skipped,blocked_time,n/a,n/a,,,,,,,,
656_lower,2020-07-22,2020-07-22 10:30:00-04:00,2020-08-19 10:30:00-04:00,2020-07-23 12:54:00-04:00,lower,skipped,blocked_time,n/a,n/a,,,,,,,,
657_lower,2020-07-23,2020-07-23 10:30:00-04:00,2020-08-20 10:30:00-04:00,2020-07-23 13:37:00-04:00,lower,skipped,blocked_time,n/a,n/a,,,,,,,,
654_lower,2020-07-24,2020-07-20 10:30:00-04:00,2020-08-17 10:30:00-04:00,2020-07-24 03:08:00-04:00,lower,executed,,flat,inactive,2020-07-24 03:08:00-04:00,2020-07-24 03:54:00-04:00,10416.172934391481,10416.172934391481,63.5,95.25,BE,0.0
653_lower,2020-07-17,2020-07-17 10:30:00-04:00,2020-08-14 10:30:00-04:00,2020-07-24 03:21:00-04:00,lower,skipped,position_open,open,inactive,,,,,,,,
652_lower,2020-07-24,2020-07-16 10:30:00-04:00,2020-08-13 10:30:00-04:00,2020-07-24 09:38:00-04:00,lower,executed,,flat,inactive,2020-07-24 09:38:00-04:00,2020-07-24 10:00:00-04:00,10338.853367947966,10390.603367947966,34.5,51.75,TP,51.75
644_lower,2020-07-06,2020-07-06 10:30:00-04:00,2020-08-03 10:30:00-04:00,2020-07-24 09:40:00-04:00,lower,skipped,position_open,open,inactive,,,,,,,,
658_upper,2020-07-24,2020-07-24 10:30:00-04:00,2020-08-21 10:30:00-04:00,2020-07-27 14:23:00-04:00,upper,skipped,blocked_time,n/a,n/a,,,,,,,,
661_upper,2020-07-29,2020-07-29 10:30:00-04:00,2020-08-26 10:30:00-04:00,2020-07-30 16:08:00-04:00,upper,skipped,no_cutoff,n/a,n/a,,,,,,,,
662_upper,2020-07-30,2020-07-30 10:30:00-04:00,2020-08-27 10:30:00-04:00,2020-07-30 16:08:00-04:00,upper,skipped,no_cutoff,n/a,n/a,,,,,,,,
659_upper,2020-07-27,2020-07-27 10:30:00-04:00,2020-08-24 10:30:00-04:00,2020-07-30 16:09:00-04:00,upper,skipped,no_cutoff,n/a,n/a,,,,,,,,
660_upper,2020-07-28,2020-07-28 10:30:00-04:00,2020-08-25 10:30:00-04:00,2020-07-30 16:11:00-04:00,upper,skipped,no_cutoff,n/a,n/a,,,,,,,,
657_upper,2020-08-03,2020-07-23 10:30:00-04:00,2020-08-20 10:30:00-04:00,2020-08-03 09:43:00-04:00,upper,executed,,flat,inactive,2020-08-03 09:43:00-04:00,2020-08-03 10:02:00-04:00,11035.856611269737,11065.481611269737,19.75,29.625,SL,-29.625
656_upper,2020-07-22,2020-07-22 10:30:00-04:00,2020-08-19 10:30:00-04:00,2020-08-03 09:44:00-04:00,upper,skipped,position_open,open,active,,,,,,,,
663_upper,2020-08-05,2020-07-31 10:30:00-04:00,2020-08-28 10:30:00-04:00,2020-08-05 02:45:00-04:00,upper,executed,,flat,inactive,2020-08-05 02:45:00-04:00,2020-08-05 05:45:00-04:00,11112.911893274715,11138.411893274715,17.0,25.5,SL,-25.5
649_upper,2020-07-13,2020-07-13 10:30:00-04:00,2020-08-10 10:30:00-04:00,2020-08-06 12:20:00-04:00,upper,skipped,blocked_time,n/a,n/a,,,,,,,,
655_upper,2020-07-21,2020-07-21 10:30:00-04:00,2020-08-18 10:30:00-04:00,2020-08-06 13:51:00-04:00,upper,skipped,blocked_time,n/a,n/a,,,,,,,,
664_upper,2020-08-03,2020-08-03 10:30:00-04:00,2020-08-31 10:30:00-04:00,2020-08-06 14:00:00-04:00,upper,skipped,blocked_time,n/a,n/a,,,,,,,,
665_upper,2020-08-04,2020-08-04 10:30:00-04:00,2020-09-01 10:30:00-04:00,2020-08-06 14:02:00-04:00,upper,skipped,blocked_time,n/a,n/a,,,,,,,,
666_upper,2020-08-05,2020-08-05 10:30:00-04:00,2020-09-02 10:30:00-04:00,2020-08-06 15:18:00-04:00,upper,skipped,no_cutoff,n/a,n/a,,,,,,,,
667_upper,2020-08-07,2020-08-06 10:30:00-04:00,2020-09-03 10:30:00-04:00,2020-08-06 20:24:00-04:00,upper,executed,,flat,inactive,2020-08-06 20:24:00-04:00,2020-08-06 21:02:00-04:00,11275.391451220967,11259.266451220967,10.75,16.125,TP,16.125
668_lower,2020-08-07,2020-08-07 10:30:00-04:00,2020-09-04 10:30:00-04:00,2020-08-07 13:23:00-04:00,lower,skipped,blocked_time,n/a,n/a,,,,,,,,
666_lower,2020-08-05,2020-08-05 10:30:00-04:00,2020-09-02 10:30:00-04:00,2020-08-10 11:00:00-04:00,lower,skipped,blocked_time,n/a,n/a,,,,,,,,
667_lower,2020-08-06,2020-08-06 10:30:00-04:00,2020-09-03 10:30:00-04:00,2020-08-10 11:00:00-04:00,lower,skipped,blocked_time,n/a,n/a,,,,,,,,
669_lower,2020-08-10,2020-08-10 10:30:00-04:00,2020-09-07 10:30:00-04:00,2020-08-11 15:18:00-04:00,lower,skipped,no_cutoff,n/a,n/a,,,,,,,,
665_lower,2020-08-04,2020-08-04 10:30:00-04:00,2020-09-01 10:30:00-04:00,2020-08-11 15:53:00-04:00,lower,skipped,no_cutoff,n/a,n/a,,,,,,,,
670_upper,2020-08-13,2020-08-11 10:30:00-04:00,2020-09-08 10:30:00-04:00,2020-08-13 09:31:00-04:00,upper,executed,,flat,inactive,2020-08-13 09:31:00-04:00,2020-08-13 10:21:00-04:00,11204.272876727313,11204.272876727313,62.25,93.375,BE,-0.0
671_upper,2020-08-13,2020-08-12 10:30:00-04:00,2020-09-09 10:30:00-04:00,2020-08-13 10:30:00-04:00,upper,executed,,flat,inactive,2020-08-13 10:30:00-04:00,2020-08-13 14:51:00-04:00,11230.344353146382,11132.844353146382,65.0,97.5,TP,97.5
669_upper,2020-08-18,2020-08-10 10:30:00-04:00,2020-09-07 10:30:00-04:00,2020-08-17 20:05:00-04:00,upper,executed,,flat,inactive,2020-08-17 20:05:00-04:00,2020-08-18 03:02:00-04:00,11309.828515765486,11278.328515765486,21.0,31.5,TP,31.5
672_upper,2020-08-18,2020-08-13 10:30:00-04:00,2020-09-10 10:30:00-04:00,2020-08-18 09:37:00-04:00,upper,executed,,flat,inactive,2020-08-18 09:37:00-04:00,2020-08-18 10:10:00-04:00,11357.695605624289,11295.070605624289,41.75,62.625,TP,62.625
673_upper,2020-08-14,2020-08-14 10:30:00-04:00,2020-09-11 10:30:00-04:00,2020-08-18 09:38:00-04:00,upper,skipped,position_open,open,inactive,,,,,,,,
668_upper,2020-08-07,2020-08-07 10:30:00-04:00,2020-09-04 10:30:00-04:00,2020-08-18 12:32:00-04:00,upper,skipped,blocked_time,n/a,n/a,,,,,,,,
674_upper,2020-08-17,2020-08-17 10:30:00-04:00,2020-09-14 10:30:00-04:00,2020-08-18 14:49:00-04:00,upper,skipped,blocked_time,n/a,n/a,,,,,,,,
677_upper,2020-08-21,2020-08-20 10:30:00-04:00,2020-09-17 10:30:00-04:00,2020-08-20 19:54:00-04:00,upper,executed,,flat,inactive,2020-08-20 19:54:00-04:00,2020-08-21 03:15:00-04:00,11502.03777473023,11473.53777473023,19.0,28.5,TP,28.5
675_upper,2020-08-18,2020-08-18 10:30:00-04:00,2020-09-15 10:30:00-04:00,2020-08-20 21:00:00-04:00,upper,skipped,position_open,open,inactive,,,,,,,,
676_upper,2020-08-21,2020-08-19 10:30:00-04:00,2020-09-16 10:30:00-04:00,2020-08-21 10:55:00-04:00,upper,executed,,flat,inactive,2020-08-21 10:55:00-04:00,2020-08-21 14:56:00-04:00,11555.872143859091,11555.872143859091,55.5,83.25,BE,-0.0
678_upper,2020-08-24,2020-08-21 10:30:00-04:00,2020-09-18 10:30:00-04:00,2020-08-24 04:00:00-04:00,upper,executed,,flat,inactive,2020-08-24 04:00:00-04:00,2020-08-24 09:40:00-04:00,11658.493715961282,11715.118715961282,37.75,56.625,SL,-56.625
680_upper,2020-08-26,2020-08-25 10:30:00-04:00,2020-09-22 10:30:00-04:00,2020-08-26 05:07:00-04:00,upper,executed,,flat,inactive,2020-08-26 05:07:00-04:00,2020-08-26 06:16:00-04:00,11767.676424443187,11767.676424443187,31.75,47.625,BE,-0.0
679_upper,2020-08-24,2020-08-24 10:30:00-04:00,2020-09-21 10:30:00-04:00,2020-08-26 11:41:00-04:00,upper,skipped,blocked_time,n/a,n/a,,,,,,,,
681_upper,2020-08-26,2020-08-26 10:30:00-04:00,2020-09-23 10:30:00-04:00,2020-08-26 12:18:00-04:00,upper,skipped,blocked_time,n/a,n/a,,,,,,,,
683_upper,2020-08-28,2020-08-28 10:30:00-04:00,2020-09-25 10:30:00-04:00,2020-08-31 15:00:00-04:00,upper,skipped,no_cutoff,n/a,n/a,,,,,,,,
682_upper,2020-09-01,2020-08-27 10:30:00-04:00,2020-09-24 10:30:00-04:00,2020-09-01 02:58:00-04:00,upper,executed,,flat,inactive,2020-09-01 02:58:00-04:00,2020-09-01 03:22:00-04:00,12190.602580722072,12218.727580722072,18.75,28.125,SL,-28.125
684_upper,2020-08-31,2020-08-31 10:30:00-04:00,2020-09-28 10:30:00-04:00,2020-09-01 03:05:00-04:00,upper,skipped,position_open,open,active,,,,,,,,
685_upper,2020-09-02,2020-09-01 10:30:00-04:00,2020-09-29 10:30:00-04:00,2020-09-02 04:44:00-04:00,upper,executed,,flat,inactive,2020-09-02 04:44:00-04:00,2020-09-02 05:54:00-04:00,12444.383821607906,12444.383821607906,49.25,73.875,BE,-0.0
686_lower,2020-09-03,2020-09-02 10:30:00-04:00,2020-09-30 10:30:00-04:00,2020-09-03 10:18:00-04:00,lower,executed,,flat,inactive,2020-09-03 10:18:00-04:00,2020-09-03 10:48:00-04:00,12099.634161927977,11899.634161927977,138.0,200.0,SL,-200.0
685_lower,2020-09-01,2020-09-01 10:30:00-04:00,2020-09-29 10:30:00-04:00,2020-09-03 10:45:00-04:00,lower,skipped,position_open,open,active,,,,,,,,
687_lower,2020-09-03,2020-09-03 10:30:00-04:00,2020-10-01 10:30:00-04:00,2020-09-03 11:08:00-04:00,lower,skipped,blocked_time,n/a,n/a,,,,,,,,
684_lower,2020-08-31,2020-08-31 10:30:00-04:00,2020-09-28 10:30:00-04:00,2020-09-03 11:17:00-04:00,lower,skipped,blocked_time,n/a,n/a,,,,,,,,
683_lower,2020-08-28,2020-08-28 10:30:00-04:00,2020-09-25 10:30:00-04:00,2020-09-03 11:18:00-04:00,lower,skipped,blocked_time,n/a,n/a,,,,,,,,
682_lower,2020-08-27,2020-08-27 10:30:00-04:00,2020-09-24 10:30:00-04:00,2020-09-03 11:19:00-04:00,lower,skipped,blocked_time,n/a,n/a,,,,,,,,
681_lower,2020-08-26,2020-08-26 10:30:00-04:00,2020-09-23 10:30:00-04:00,2020-09-03 18:59:00-04:00,lower,skipped,no_anchor,n/a,n/a,,,,,,,,
679_lower,2020-09-04,2020-08-24 10:30:00-04:00,2020-09-21 10:30:00-04:00,2020-09-04 10:16:00-04:00,lower,executed,,flat,inactive,2020-09-04 10:16:00-04:00,2020-09-04 10:37:00-04:00,11457.176140936877,11257.176140936877,342.0,200.0,SL,-200.0
680_lower,2020-08-25,2020-08-25 10:30:00-04:00,2020-09-22 10:30:00-04:00,2020-09-04 10:17:00-04:00,lower,skipped,position_open,open,active,,,,,,,,
678_lower,2020-08-21,2020-08-21 10:30:00-04:00,2020-09-18 10:30:00-04:00,2020-09-04 10:35:00-04:00,lower,skipped,position_open,open,active,,,,,,,,
676_lower,2020-08-19,2020-08-19 10:30:00-04:00,2020-09-16 10:30:00-04:00,2020-09-04 10:42:00-04:00,lower,skipped,SAL,n/a,active,,,,,,,,
689_lower,2020-09-08,2020-09-07 10:30:00-04:00,2020-10-05 10:30:00-04:00,2020-09-08 05:54:00-04:00,lower,executed,,flat,inactive,2020-09-08 05:54:00-04:00,2020-09-08 15:00:00-04:00,11279.726658476695,11138.0,188.0,200.0,cutoff,-141.72665847669487
675_lower,2020-08-18,2020-08-18 10:30:00-04:00,2020-09-15 10:30:00-04:00,2020-09-08 09:41:00-04:00,lower,skipped,position_open,open,active,,,,,,,,
688_lower,2020-09-04,2020-09-04 10:30:00-04:00,2020-10-02 10:30:00-04:00,2020-09-08 09:42:00-04:00,lower,skipped,position_open,open,active,,,,,,,,
677_lower,2020-08-20,2020-08-20 10:30:00-04:00,2020-09-17 10:30:00-04:00,2020-09-08 14:51:00-04:00,lower,skipped,blocked_time,n/a,n/a,,,,,,,,
674_lower,2020-08-17,2020-08-17 10:30:00-04:00,2020-09-14 10:30:00-04:00,2020-09-08 14:53:00-04:00,lower,skipped,blocked_time,n/a,n/a,,,,,,,,
672_lower,2020-08-13,2020-08-13 10:30:00-04:00,2020-09-10 10:30:00-04:00,2020-09-08 18:00:00-04:00,lower,skipped,no_anchor,n/a,n/a,,,,,,,,
673_lower,2020-08-14,2020-08-14 10:30:00-04:00,2020-09-11 10:30:00-04:00,2020-09-08 18:02:00-04:00,lower,skipped,no_anchor,n/a,n/a,,,,,,,,
690_upper,2020-09-10,2020-09-08 10:30:00-04:00,2020-10-06 10:30:00-04:00,2020-09-10 10:03:00-04:00,upper,executed,,flat,inactive,2020-09-10 10:03:00-04:00,2020-09-10 10:57:00-04:00,11557.77832803582,11423.15332803582,89.75,134.625,TP,134.625
691_upper,2020-09-09,2020-09-09 10:30:00-04:00,2020-10-07 10:30:00-04:00,2020-09-10 10:05:00-04:00,upper,skipped,position_open,open,inactive,,,,,,,,
692_lower,2020-09-10,2020-09-10 10:30:00-04:00,2020-10-08 10:30:00-04:00,2020-09-10 14:11:00-04:00,lower,skipped,blocked_time,n/a,n/a,,,,,,,,
691_lower,2020-09-09,2020-09-09 10:30:00-04:00,2020-10-07 10:30:00-04:00,2020-09-11 13:05:00-04:00,lower,skipped,blocked_time,n/a,n/a,,,,,,,,
693_lower,2020-09-11,2020-09-11 10:30:00-04:00,2020-10-09 10:30:00-04:00,2020-09-11 13:31:00-04:00,lower,skipped,blocked_time,n/a,n/a,,,,,,,,
694_upper,2020-09-14,2020-09-14 10:30:00-04:00,2020-10-12 10:30:00-04:00,2020-09-15 23:07:00-04:00,upper,skipped,simultaneous_collision,flat,inactive,,,,,,,,
693_upper,2020-09-16,2020-09-11 10:30:00-04:00,2020-10-09 10:30:00-04:00,2020-09-15 23:07:00-04:00,upper,executed,,flat,inactive,2020-09-15 23:07:00-04:00,2020-09-15 23:53:00-04:00,11485.683042511668,11485.683042511668,32.5,48.75,BE,-0.0
695_lower,2020-09-15,2020-09-15 10:30:00-04:00,2020-10-13 10:30:00-04:00,2020-09-16 15:31:00-04:00,lower,skipped,no_cutoff,n/a,n/a,,,,,,,,
696_lower,2020-09-16,2020-09-16 10:30:00-04:00,2020-10-14 10:30:00-04:00,2020-09-16 15:31:00-04:00,lower,skipped,no_cutoff,n/a,n/a,,,,,,,,
694_lower,2020-09-17,2020-09-14 10:30:00-04:00,2020-10-12 10:30:00-04:00,2020-09-17 02:31:00-04:00,lower,executed,,flat,inactive,2020-09-17 02:31:00-04:00,2020-09-17 03:32:00-04:00,11007.90866233028,11087.03366233028,52.75,79.125,TP,79.125
698_lower,2020-09-18,2020-09-18 10:30:00-04:00,2020-10-16 10:30:00-04:00,2020-09-18 11:44:00-04:00,lower,skipped,blocked_time,n/a,n/a,,,,,,,,
690_lower,2020-09-08,2020-09-08 10:30:00-04:00,2020-10-06 10:30:00-04:00,2020-09-18 12:37:00-04:00,lower,skipped,blocked_time,n/a,n/a,,,,,,,,
697_lower,2020-09-17,2020-09-17 10:30:00-04:00,2020-10-15 10:30:00-04:00,2020-09-18 13:31:00-04:00,lower,skipped,blocked_time,n/a,n/a,,,,,,,,
699_upper,2020-09-21,2020-09-21 10:30:00-04:00,2020-10-19 10:30:00-04:00,2020-09-21 16:01:00-04:00,upper,skipped,no_cutoff,n/a,n/a,,,,,,,,
701_lower,2020-09-23,2020-09-23 10:30:00-04:00,2020-10-21 10:30:00-04:00,2020-09-23 14:16:00-04:00,lower,skipped,blocked_time,n/a,n/a,,,,,,,,
700_lower,2020-09-22,2020-09-22 10:30:00-04:00,2020-10-20 10:30:00-04:00,2020-09-23 15:04:00-04:00,lower,skipped,no_cutoff,n/a,n/a,,,,,,,,
702_upper,2020-09-24,2020-09-24 10:30:00-04:00,2020-10-22 10:30:00-04:00,2020-09-25 14:07:00-04:00,upper,skipped,blocked_time,n/a,n/a,,,,,,,,
703_upper,2020-09-25,2020-09-25 10:30:00-04:00,2020-10-23 10:30:00-04:00,2020-09-25 15:00:00-04:00,upper,skipped,no_cutoff,n/a,n/a,,,,,,,,
697_upper,2020-09-28,2020-09-17 10:30:00-04:00,2020-10-15 10:30:00-04:00,2020-09-28 03:35:00-04:00,upper,executed,,flat,inactive,2020-09-28 03:35:00-04:00,2020-09-28 04:10:00-04:00,11222.424604456515,11256.174604456515,22.5,33.75,SL,-33.75
700_upper,2020-09-22,2020-09-22 10:30:00-04:00,2020-10-20 10:30:00-04:00,2020-09-28 04:32:00-04:00,upper,skipped,SAL,n/a,active,,,,,,,,
698_upper,2020-09-18,2020-09-18 10:30:00-04:00,2020-10-16 10:30:00-04:00,2020-09-28 06:05:00-04:00,upper,skipped,SAL,n/a,active,,,,,,,,
701_upper,2020-09-23,2020-09-23 10:30:00-04:00,2020-10-21 10:30:00-04:00,2020-09-28 08:05:00-04:00,upper,skipped,SAL,n/a,active,,,,,,,,
705_lower,2020-09-30,2020-09-29 10:30:00-04:00,2020-10-27 10:30:00-04:00,2020-09-30 02:07:00-04:00,lower,executed,,flat,inactive,2020-09-30 02:07:00-04:00,2020-09-30 08:39:00-04:00,11173.450419867153,11313.325419867153,93.25,139.875,TP,139.875
704_upper,2020-10-01,2020-09-28 10:30:00-04:00,2020-10-26 10:30:00-04:00,2020-10-01 05:39:00-04:00,upper,executed,,flat,inactive,2020-10-01 05:39:00-04:00,2020-10-01 15:00:00-04:00,11528.095721141202,11585.25,56.75,85.125,cutoff,-57.154278858797625
705_upper,2020-09-29,2020-09-29 10:30:00-04:00,2020-10-27 10:30:00-04:00,2020-10-01 05:41:00-04:00,upper,skipped,position_open,open,active,,,,,,,,
695_upper,2020-09-15,2020-09-15 10:30:00-04:00,2020-10-13 10:30:00-04:00,2020-10-01 18:21:00-04:00,upper,skipped,no_anchor,n/a,n/a,,,,,,,,
707_lower,2020-10-02,2020-10-01 10:30:00-04:00,2020-10-29 10:30:00-04:00,2020-10-02 01:25:00-04:00,lower,executed,,flat,inactive,2020-10-02 01:25:00-04:00,2020-10-02 05:28:00-04:00,11336.836003691222,11336.836003691222,116.25,174.375,BE,0.0
710_lower,2020-10-06,2020-10-06 10:30:00-04:00,2020-11-03 10:30:00-05:00,2020-10-06 15:07:00-04:00,lower,skipped,no_cutoff,n/a,n/a,,,,,,,,
709_upper,2020-10-08,2020-10-05 10:30:00-04:00,2020-11-02 10:30:00-05:00,2020-10-08 02:38:00-04:00,upper,executed,,flat,inactive,2020-10-08 02:38:00-04:00,2020-10-08 04:24:00-04:00,11559.043144322924,11539.543144322924,13.0,19.5,TP,19.5
711_upper,2020-10-09,2020-10-07 10:30:00-04:00,2020-11-04 10:30:00-05:00,2020-10-08 22:35:00-04:00,upper,executed,,flat,inactive,2020-10-08 22:35:00-04:00,2020-10-09 02:45:00-04:00,11590.828679618808,11565.703679618808,16.75,25.125,TP,25.125
708_upper,2020-10-09,2020-10-02 10:30:00-04:00,2020-10-30 10:30:00-04:00,2020-10-09 09:35:00-04:00,upper,executed,,flat,inactive,2020-10-09 09:35:00-04:00,2020-10-09 11:46:00-04:00,11617.328483815325,11681.078483815325,42.5,63.75,SL,-63.75
706_upper,2020-09-30,2020-09-30 10:30:00-04:00,2020-10-28 10:30:00-04:00,2020-10-09 09:42:00-04:00,upper,skipped,position_open,open,active,,,,,,,,
696_upper,2020-09-16,2020-09-16 10:30:00-04:00,2020-10-14 10:30:00-04:00,2020-10-09 09:43:00-04:00,upper,skipped,position_open,open,active,,,,,,,,
710_upper,2020-10-06,2020-10-06 10:30:00-04:00,2020-11-03 10:30:00-05:00,2020-10-09 10:38:00-04:00,upper,skipped,position_open,open,active,,,,,,,,
707_upper,2020-10-12,2020-10-01 10:30:00-04:00,2020-10-29 10:30:00-04:00,2020-10-11 19:46:00-04:00,upper,executed,,flat,inactive,2020-10-11 19:46:00-04:00,2020-10-11 21:32:00-04:00,11745.163996308778,11745.163996308778,57.25,85.875,BE,-0.0
712_upper,2020-10-12,2020-10-08 10:30:00-04:00,2020-11-05 10:30:00-05:00,2020-10-11 21:46:00-04:00,upper,executed,,flat,inactive,2020-10-11 21:46:00-04:00,2020-10-12 03:59:00-04:00,11756.862726458967,11797.737726458967,27.25,40.875,SL,-40.875
713_upper,2020-10-09,2020-10-09 10:30:00-04:00,2020-11-06 10:30:00-05:00,2020-10-12 01:04:00-04:00,upper,skipped,position_open,open,active,,,,,,,,
714_upper,2020-10-12,2020-10-12 10:30:00-04:00,2020-11-09 10:30:00-05:00,2020-10-12 12:34:00-04:00,upper,skipped,blocked_time,n/a,n/a,,,,,,,,
716_lower,2020-10-14,2020-10-14 10:30:00-04:00,2020-11-11 10:30:00-05:00,2020-10-14 21:23:00-04:00,lower,skipped,simultaneous_collision,flat,inactive,,,,,,,,
715_lower,2020-10-15,2020-10-13 10:30:00-04:00,2020-11-10 10:30:00-05:00,2020-10-14 21:23:00-04:00,lower,executed,,flat,inactive,2020-10-14 21:23:00-04:00,2020-10-14 22:50:00-04:00,11895.078502577944,11895.078502577944,31.75,47.625,BE,0.0
718_lower,2020-10-19,2020-10-16 10:30:00-04:00,2020-11-13 10:30:00-05:00,2020-10-19 10:45:00-04:00,lower,executed,,flat,inactive,2020-10-19 10:45:00-04:00,2020-10-19 12:13:00-04:00,11760.269540367924,11760.269540367924,78.75,118.125,BE,0.0
714_lower,2020-10-12,2020-10-12 10:30:00-04:00,2020-11-09 10:30:00-05:00,2020-10-19 13:48:00-04:00,lower,skipped,blocked_time,n/a,n/a,,,,,,,,
719_lower,2020-10-19,2020-10-19 10:30:00-04:00,2020-11-16 10:30:00-05:00,2020-10-19 14:59:00-04:00,lower,skipped,blocked_time,n/a,n/a,,,,,,,,
717_lower,2020-10-22,2020-10-15 10:30:00-04:00,2020-11-12 10:30:00-05:00,2020-10-22 10:31:00-04:00,lower,executed,,flat,inactive,2020-10-22 10:31:00-04:00,2020-10-22 12:01:00-04:00,11568.057187748185,11568.057187748185,59.25,88.875,BE,0.0
720_lower,2020-10-20,2020-10-20 10:30:00-04:00,2020-11-17 10:30:00-05:00,2020-10-26 11:44:00-04:00,lower,skipped,blocked_time,n/a,n/a,,,,,,,,
721_lower,2020-10-21,2020-10-21 10:30:00-04:00,2020-11-18 10:30:00-05:00,2020-10-26 11:44:00-04:00,lower,skipped,blocked_time,n/a,n/a,,,,,,,,
713_lower,2020-10-09,2020-10-09 10:30:00-04:00,2020-11-06 10:30:00-05:00,2020-10-26 12:45:00-04:00,lower,skipped,blocked_time,n/a,n/a,,,,,,,,
723_lower,2020-10-23,2020-10-23 10:30:00-04:00,2020-11-20 10:30:00-05:00,2020-10-26 12:47:00-04:00,lower,skipped,blocked_time,n/a,n/a,,,,,,,,
722_lower,2020-10-22,2020-10-22 10:30:00-04:00,2020-11-19 10:30:00-05:00,2020-10-26 12:55:00-04:00,lower,skipped,blocked_time,n/a,n/a,,,,,,,,
724_lower,2020-10-26,2020-10-26 10:30:00-04:00,2020-11-23 10:30:00-05:00,2020-10-26 13:26:00-04:00,lower,skipped,blocked_time,n/a,n/a,,,,,,,,
712_lower,2020-10-08,2020-10-08 10:30:00-04:00,2020-11-05 10:30:00-05:00,2020-10-26 13:34:00-04:00,lower,skipped,blocked_time,n/a,n/a,,,,,,,,
725_lower,2020-10-28,2020-10-27 10:30:00-04:00,2020-11-24 10:30:00-05:00,2020-10-28 09:50:00-04:00,lower,executed,,flat,inactive,2020-10-28 09:50:00-04:00,2020-10-28 10:52:00-04:00,11308.582079776144,11206.207079776144,68.25,102.375,SL,-102.375
711_lower,2020-10-07,2020-10-07 10:30:00-04:00,2020-11-04 10:30:00-05:00,2020-10-28 11:31:00-04:00,lower,skipped,blocked_time,n/a,n/a,,,,,,,,
709_lower,2020-10-05,2020-10-05 10:30:00-04:00,2020-11-02 10:30:00-05:00,2020-10-28 15:56:00-04:00,lower,skipped,no_cutoff,n/a,n/a,,,,,,,,
708_lower,2020-10-30,2020-10-02 10:30:00-04:00,2020-10-30 10:30:00-04:00,2020-10-30 01:45:00-04:00,lower,executed,,flat,inactive,2020-10-30 01:45:00-04:00,2020-10-30 02:12:00-04:00,11083.921516184675,11042.296516184675,27.75,41.625,SL,-41.625
726_lower,2020-10-28,2020-10-28 10:30:00-04:00,2020-11-25 10:30:00-05:00,2020-10-30 10:35:00-04:00,lower,skipped,SAL,n/a,active,,,,,,,,
729_upper,2020-11-04,2020-11-02 10:30:00-05:00,2020-11-30 10:30:00-05:00,2020-11-03 20:52:00-05:00,upper,executed,,flat,inactive,2020-11-03 20:52:00-05:00,2020-11-03 21:38:00-05:00,11393.016205902957,11393.016205902957,114.5,171.75,BE,-0.0
728_upper,2020-10-30,2020-10-30 10:30:00-04:00,2020-11-27 10:30:00-05:00,2020-11-03 22:00:00-05:00,upper,skipped,simultaneous_collision,flat,inactive,,,,,,,,
730_upper,2020-11-03,2020-11-03 10:30:00-05:00,2020-12-01 10:30:00-05:00,2020-11-03 22:00:00-05:00,upper,skipped,simultaneous_collision,flat,inactive,,,,,,,,
727_upper,2020-11-04,2020-10-29 10:30:00-04:00,2020-11-26 10:30:00-05:00,2020-11-03 22:00:00-05:00,upper,executed,,flat,inactive,2020-11-03 22:00:00-05:00,2020-11-03 22:12:00-05:00,11499.33069271235,11699.33069271235,175.5,200.0,SL,-200.0
726_upper,2020-10-28,2020-10-28 10:30:00-04:00,2020-11-25 10:30:00-05:00,2020-11-03 22:11:00-05:00,upper,skipped,position_open,open,active,,,,,,,,
725_upper,2020-10-27,2020-10-27 10:30:00-04:00,2020-11-24 10:30:00-05:00,2020-11-03 22:16:00-05:00,upper,skipped,SAL,n/a,active,,,,,,,,
724_upper,2020-10-26,2020-10-26 10:30:00-04:00,2020-11-23 10:30:00-05:00,2020-11-04 12:33:00-05:00,upper,skipped,blocked_time,n/a,n/a,,,,,,,,
723_upper,2020-11-05,2020-10-23 10:30:00-04:00,2020-11-20 10:30:00-05:00,2020-11-04 22:24:00-05:00,upper,executed,,flat,inactive,2020-11-04 22:24:00-05:00,2020-11-04 22:40:00-05:00,11870.534892112175,11969.159892112175,65.75,98.625,SL,-98.625
720_upper,2020-10-20,2020-10-20 10:30:00-04:00,2020-11-17 10:30:00-05:00,2020-11-04 22:33:00-05:00,upper,skipped,position_open,open,active,,,,,,,,
721_upper,2020-10-21,2020-10-21 10:30:00-04:00,2020-11-18 10:30:00-05:00,2020-11-04 22:39:00-05:00,upper,skipped,position_open,open,active,,,,,,,,
722_upper,2020-10-22,2020-10-22 10:30:00-04:00,2020-11-19 10:30:00-05:00,2020-11-04 22:39:00-05:00,upper,skipped,position_open,open,active,,,,,,,,
731_upper,2020-11-04,2020-11-04 10:30:00-05:00,2020-12-02 10:30:00-05:00,2020-11-05 02:26:00-05:00,upper,skipped,SAL,n/a,active,,,,,,,,
717_upper,2020-10-15,2020-10-15 10:30:00-04:00,2020-11-12 10:30:00-05:00,2020-11-05 03:22:00-05:00,upper,skipped,SAL,n/a,active,,,,,,,,
719_upper,2020-10-19,2020-10-19 10:30:00-04:00,2020-11-16 10:30:00-05:00,2020-11-08 18:00:00-05:00,upper,skipped,no_anchor,n/a,n/a,,,,,,,,
718_upper,2020-10-16,2020-10-16 10:30:00-04:00,2020-11-13 10:30:00-05:00,2020-11-08 18:11:00-05:00,upper,skipped,no_anchor,n/a,n/a,,,,,,,,
733_upper,2020-11-06,2020-11-06 10:30:00-05:00,2020-12-04 10:30:00-05:00,2020-11-08 18:43:00-05:00,upper,skipped,no_anchor,n/a,n/a,,,,,,,,
732_upper,2020-11-09,2020-11-05 10:30:00-05:00,2020-12-03 10:30:00-05:00,2020-11-08 19:58:00-05:00,upper,executed,,flat,inactive,2020-11-08 19:58:00-05:00,2020-11-09 07:35:00-05:00,12280.388031976343,12080.388031976343,135.75,200.0,TP,200.0
716_upper,2020-10-14,2020-10-14 10:30:00-04:00,2020-11-11 10:30:00-05:00,2020-11-08 20:05:00-05:00,upper,skipped,position_open,open,inactive,,,,,,,,
715_upper,2020-10-13,2020-10-13 10:30:00-04:00,2020-11-10 10:30:00-05:00,2020-11-08 20:09:00-05:00,upper,skipped,position_open,open,inactive,,,,,,,,
734_lower,2020-11-09,2020-11-09 10:30:00-05:00,2020-12-07 10:30:00-05:00,2020-11-09 15:52:00-05:00,lower,skipped,no_cutoff,n/a,n/a,,,,,,,,
732_lower,2020-11-10,2020-11-05 10:30:00-05:00,2020-12-03 10:30:00-05:00,2020-11-09 19:24:00-05:00,lower,executed,,flat,inactive,2020-11-09 19:24:00-05:00,2020-11-09 20:39:00-05:00,11790.361968023657,11867.236968023657,51.25,76.875,TP,76.875
733_lower,2020-11-10,2020-11-06 10:30:00-05:00,2020-12-04 10:30:00-05:00,2020-11-09 22:37:00-05:00,lower,executed,,flat,inactive,2020-11-09 22:37:00-05:00,2020-11-09 23:23:00-05:00,11744.323221090395,11744.323221090395,141.25,200.0,BE,0.0
735_upper,2020-11-12,2020-11-10 10:30:00-05:00,2020-12-08 10:30:00-05:00,2020-11-12 04:58:00-05:00,upper,executed,,flat,inactive,2020-11-12 04:58:00-05:00,2020-11-12 07:06:00-05:00,11939.680349541954,11886.055349541954,35.75,53.625,TP,53.625
736_upper,2020-11-12,2020-11-11 10:30:00-05:00,2020-12-09 10:30:00-05:00,2020-11-12 10:41:00-05:00,upper,executed,,flat,inactive,2020-11-12 10:41:00-05:00,2020-11-12 12:42:00-05:00,11975.695419574535,11849.320419574535,84.25,126.375,TP,126.375
738_upper,2020-11-13,2020-11-13 10:30:00-05:00,2020-12-11 10:30:00-05:00,2020-11-16 18:00:00-05:00,upper,skipped,no_anchor,n/a,n/a,,,,,,,,
740_lower,2020-11-19,2020-11-17 10:30:00-05:00,2020-12-15 10:30:00-05:00,2020-11-19 03:47:00-05:00,lower,executed,,flat,inactive,2020-11-19 03:47:00-05:00,2020-11-19 04:35:00-05:00,11827.759363224766,11827.759363224766,31.5,47.25,BE,0.0
743_lower,2020-11-20,2020-11-20 10:30:00-05:00,2020-12-18 10:30:00-05:00,2020-11-23 11:14:00-05:00,lower,skipped,blocked_time,n/a,n/a,,,,,,,,
742_upper,2020-11-19,2020-11-19 10:30:00-05:00,2020-12-17 10:30:00-05:00,2020-11-24 13:37:00-05:00,upper,skipped,blocked_time,n/a,n/a,,,,,,,,
737_upper,2020-11-12,2020-11-12 10:30:00-05:00,2020-12-10 10:30:00-05:00,2020-11-24 16:56:00-05:00,upper,skipped,no_cutoff,n/a,n/a,,,,,,,,
745_upper,2020-11-24,2020-11-24 10:30:00-05:00,2020-12-22 10:30:00-05:00,2020-11-24 18:09:00-05:00,upper,skipped,no_anchor,n/a,n/a,,,,,,,,
743_upper,2020-11-20,2020-11-20 10:30:00-05:00,2020-12-18 10:30:00-05:00,2020-11-24 19:10:00-05:00,upper,skipped,simultaneous_collision,flat,inactive,,,,,,,,
741_upper,2020-11-25,2020-11-18 10:30:00-05:00,2020-12-16 10:30:00-05:00,2020-11-24 19:10:00-05:00,upper,executed,,flat,inactive,2020-11-24 19:10:00-05:00,2020-11-25 08:17:00-05:00,12136.33944767511,12084.58944767511,34.5,51.75,TP,51.75
739_upper,2020-11-16,2020-11-16 10:30:00-05:00,2020-12-14 10:30:00-05:00,2020-11-24 19:16:00-05:00,upper,skipped,position_open,open,inactive,,,,,,,,
744_upper,2020-11-23,2020-11-23 10:30:00-05:00,2020-12-21 10:30:00-05:00,2020-11-24 20:21:00-05:00,upper,skipped,position_open,open,inactive,,,,,,,,
740_upper,2020-11-26,2020-11-17 10:30:00-05:00,2020-12-15 10:30:00-05:00,2020-11-25 21:08:00-05:00,upper,executed,,flat,inactive,2020-11-25 21:08:00-05:00,2020-11-26 12:22:00-05:00,12201.615636775234,12166.365636775234,23.5,35.25,TP,35.25
746_upper,2020-11-27,2020-11-25 10:30:00-05:00,2020-12-23 10:30:00-05:00,2020-11-27 10:23:00-05:00,upper,executed,,flat,inactive,2020-11-27 10:23:00-05:00,2020-11-27 13:14:00-05:00,12286.510505755967,12273.25,40.0,60.0,cutoff,13.260505755966733
747_upper,2020-11-26,2020-11-26 10:30:00-05:00,2020-12-24 10:30:00-05:00,2020-11-30 18:45:00-05:00,upper,skipped,no_anchor,n/a,n/a,,,,,,,,
748_upper,2020-12-01,2020-11-27 10:30:00-05:00,2020-12-28 10:30:00-05:00,2020-12-01 10:09:00-05:00,upper,executed,,flat,inactive,2020-12-01 10:09:00-05:00,2020-12-01 11:10:00-05:00,12424.83208358329,12424.83208358329,61.0,91.5,BE,-0.0
734_upper,2020-11-09,2020-11-09 10:30:00-05:00,2020-12-07 10:30:00-05:00,2020-12-01 12:03:00-05:00,upper,skipped,blocked_time,n/a,n/a,,,,,,,,
749_upper,2020-11-30,2020-11-30 10:30:00-05:00,2020-12-29 10:30:00-05:00,2020-12-01 12:03:00-05:00,upper,skipped,blocked_time,n/a,n/a,,,,,,,,
750_upper,2020-12-07,2020-12-01 10:30:00-05:00,2020-12-30 10:30:00-05:00,2020-12-07 09:47:00-05:00,upper,executed,,flat,inactive,2020-12-07 09:47:00-05:00,2020-12-07 11:05:00-05:00,12582.858720890017,12606.108720890017,15.5,23.25,SL,-23.25
751_upper,2020-12-02,2020-12-02 10:30:00-05:00,2021-01-04 10:30:00-05:00,2020-12-07 10:08:00-05:00,upper,skipped,position_open,open,active,,,,,,,,
752_upper,2020-12-03,2020-12-03 10:30:00-05:00,2021-01-05 10:30:00-05:00,2020-12-08 18:00:00-05:00,upper,skipped,no_anchor,n/a,n/a,,,,,,,,
753_upper,2020-12-04,2020-12-04 10:30:00-05:00,2021-01-06 10:30:00-05:00,2020-12-08 18:00:00-05:00,upper,skipped,no_anchor,n/a,n/a,,,,,,,,
756_lower,2020-12-09,2020-12-09 10:30:00-05:00,2021-01-11 10:30:00-05:00,2020-12-09 13:28:00-05:00,lower,skipped,blocked_time,n/a,n/a,,,,,,,,
754_lower,2020-12-07,2020-12-07 10:30:00-05:00,2021-01-07 10:30:00-05:00,2020-12-09 13:56:00-05:00,lower,skipped,blocked_time,n/a,n/a,,,,,,,,
755_lower,2020-12-08,2020-12-08 10:30:00-05:00,2021-01-08 10:30:00-05:00,2020-12-09 13:56:00-05:00,lower,skipped,blocked_time,n/a,n/a,,,,,,,,
753_lower,2020-12-04,2020-12-04 10:30:00-05:00,2021-01-06 10:30:00-05:00,2020-12-10 07:29:00-05:00,lower,skipped,simultaneous_collision,flat,inactive,,,,,,,,
752_lower,2020-12-10,2020-12-03 10:30:00-05:00,2021-01-05 10:30:00-05:00,2020-12-10 07:29:00-05:00,lower,executed,,flat,inactive,2020-12-10 07:29:00-05:00,2020-12-10 08:18:00-05:00,12302.175109002399,12302.175109002399,24.5,36.75,BE,0.0
758_upper,2020-12-14,2020-12-11 10:30:00-05:00,2021-01-13 10:30:00-05:00,2020-12-14 09:55:00-05:00,upper,executed,,flat,inactive,2020-12-14 09:55:00-05:00,2020-12-14 15:00:00-05:00,12510.883891105892,12515.0,47.5,71.25,cutoff,-4.116108894108038
757_upper,2020-12-15,2020-12-10 10:30:00-05:00,2021-01-12 10:30:00-05:00,2020-12-15 09:30:00-05:00,upper,executed,,flat,inactive,2020-12-15 09:30:00-05:00,2020-12-15 10:21:00-05:00,12570.49763502368,12570.49763502368,22.25,33.375,BE,-0.0
759_upper,2020-12-14,2020-12-14 10:30:00-05:00,2021-01-14 10:30:00-05:00,2020-12-16 14:49:00-05:00,upper,skipped,blocked_time,n/a,n/a,,,,,,,,
760_upper,2020-12-15,2020-12-15 10:30:00-05:00,2021-01-15 10:30:00-05:00,2020-12-17 02:31:00-05:00,upper,skipped,simultaneous_collision,flat,inactive,,,,,,,,
754_upper,2020-12-17,2020-12-07 10:30:00-05:00,2021-01-07 10:30:00-05:00,2020-12-17 02:31:00-05:00,upper,executed,,flat,inactive,2020-12-17 02:31:00-05:00,2020-12-17 03:21:00-05:00,12730.811969082622,12742.061969082622,7.5,11.25,SL,-11.25
755_upper,2020-12-08,2020-12-08 10:30:00-05:00,2021-01-08 10:30:00-05:00,2020-12-17 09:32:00-05:00,upper,skipped,SAL,n/a,active,,,,,,,,
761_upper,2020-12-18,2020-12-16 10:30:00-05:00,2021-01-18 10:30:00-05:00,2020-12-18 04:09:00-05:00,upper,executed,,flat,inactive,2020-12-18 04:09:00-05:00,2020-12-18 08:41:00-05:00,12776.589424465554,12776.589424465554,31.25,46.875,BE,-0.0
762_lower,2020-12-21,2020-12-17 10:30:00-05:00,2021-01-19 10:30:00-05:00,2020-12-21 05:08:00-05:00,lower,executed,,flat,inactive,2020-12-21 05:08:00-05:00,2020-12-21 13:44:00-05:00,12562.939267995,12689.689267995,84.5,126.75,TP,126.75
763_lower,2020-12-18,2020-12-18 10:30:00-05:00,2021-01-20 10:30:00-05:00,2020-12-21 05:24:00-05:00,lower,skipped,position_open,open,inactive,,,,,,,,
756_upper,2020-12-28,2020-12-09 10:30:00-05:00,2021-01-11 10:30:00-05:00,2020-12-28 07:31:00-05:00,upper,executed,,flat,inactive,2020-12-28 07:31:00-05:00,2020-12-28 08:53:00-05:00,12801.396807645497,12822.771807645497,14.25,21.375,SL,-21.375
764_upper,2020-12-21,2020-12-21 10:30:00-05:00,2021-01-21 10:30:00-05:00,2020-12-28 08:53:00-05:00,upper,skipped,SAL,n/a,active,,,,,,,,
767_upper,2020-12-29,2020-12-24 10:30:00-05:00,2021-01-26 10:30:00-05:00,2020-12-28 19:22:00-05:00,upper,executed,,flat,inactive,2020-12-28 19:22:00-05:00,2020-12-28 20:09:00-05:00,12860.244512783758,12860.244512783758,12.0,18.0,BE,-0.0
766_upper,2020-12-29,2020-12-23 10:30:00-05:00,2021-01-25 10:30:00-05:00,2020-12-29 02:51:00-05:00,upper,executed,,flat,inactive,2020-12-29 02:51:00-05:00,2020-12-29 06:23:00-05:00,12893.248353206234,12880.123353206234,8.75,13.125,TP,13.125
762_upper,2020-12-29,2020-12-17 10:30:00-05:00,2021-01-19 10:30:00-05:00,2020-12-29 09:33:00-05:00,upper,executed,,flat,inactive,2020-12-29 09:33:00-05:00,2020-12-29 09:37:00-05:00,12909.185732005,12894.935732005,9.5,14.25,TP,14.25
765_upper,2020-12-22,2020-12-22 10:30:00-05:00,2021-01-22 10:30:00-05:00,2020-12-29 09:34:00-05:00,upper,skipped,position_open,open,inactive,,,,,,,,
771_lower,2021-01-04,2021-01-04 10:30:00-05:00,2021-02-01 10:30:00-05:00,2021-01-04 11:06:00-05:00,lower,skipped,blocked_time,n/a,n/a,,,,,,,,
770_lower,2020-12-30,2020-12-30 10:30:00-05:00,2021-01-29 10:30:00-05:00,2021-01-04 11:07:00-05:00,lower,skipped,blocked_time,n/a,n/a,,,,,,,,
769_lower,2020-12-29,2020-12-29 10:30:00-05:00,2021-01-28 10:30:00-05:00,2021-01-04 11:54:00-05:00,lower,skipped,blocked_time,n/a,n/a,,,,,,,,
768_lower,2020-12-28,2020-12-28 10:30:00-05:00,2021-01-27 10:30:00-05:00,2021-01-04 12:08:00-05:00,lower,skipped,blocked_time,n/a,n/a,,,,,,,,
766_lower,2020-12-23,2020-12-23 10:30:00-05:00,2021-01-25 10:30:00-05:00,2021-01-06 03:21:00-05:00,lower,skipped,simultaneous_collision,flat,inactive,,,,,,,,
765_lower,2021-01-06,2020-12-22 10:30:00-05:00,2021-01-22 10:30:00-05:00,2021-01-06 03:21:00-05:00,lower,executed,,flat,inactive,2021-01-06 03:21:00-05:00,2021-01-06 06:05:00-05:00,12521.66047855802,12521.66047855802,100.75,151.125,BE,0.0
773_upper,2021-01-07,2021-01-06 10:30:00-05:00,2021-02-03 10:30:00-05:00,2021-01-07 10:14:00-05:00,upper,executed,,flat,inactive,2021-01-07 10:14:00-05:00,2021-01-07 15:00:00-05:00,12881.123828842072,12920.25,130.5,195.75,cutoff,-39.126171157928184
772_upper,2021-01-05,2021-01-05 10:30:00-05:00,2021-02-02 10:30:00-05:00,2021-01-07 15:24:00-05:00,upper,skipped,no_cutoff,n/a,n/a,,,,,,,,
763_upper,2021-01-08,2020-12-18 10:30:00-05:00,2021-01-20 10:30:00-05:00,2021-01-07 20:30:00-05:00,upper,executed,,flat,inactive,2021-01-07 20:30:00-05:00,2021-01-08 07:32:00-05:00,12965.115362821414,13002.240362821414,24.75,37.125,SL,-37.125
768_upper,2020-12-28,2020-12-28 10:30:00-05:00,2021-01-27 10:30:00-05:00,2021-01-08 07:12:00-05:00,upper,skipped,position_open,open,active,,,,,,,,
774_upper,2021-01-07,2021-01-07 10:30:00-05:00,2021-02-04 10:30:00-05:00,2021-01-08 09:31:00-05:00,upper,skipped,SAL,n/a,active,,,,,,,,
770_upper,2020-12-30,2020-12-30 10:30:00-05:00,2021-01-29 10:30:00-05:00,2021-01-08 15:45:00-05:00,upper,skipped,no_cutoff,n/a,n/a,,,,,,,,
769_upper,2020-12-29,2020-12-29 10:30:00-05:00,2021-01-28 10:30:00-05:00,2021-01-08 15:50:00-05:00,upper,skipped,no_cutoff,n/a,n/a,,,,,,,,
771_upper,2021-01-04,2021-01-04 10:30:00-05:00,2021-02-01 10:30:00-05:00,2021-01-08 16:59:00-05:00,upper,skipped,no_cutoff,n/a,n/a,,,,,,,,
775_lower,2021-01-08,2021-01-08 10:30:00-05:00,2021-02-05 10:30:00-05:00,2021-01-12 12:10:00-05:00,lower,skipped,blocked_time,n/a,n/a,,,,,,,,
779_lower,2021-01-15,2021-01-14 10:30:00-05:00,2021-02-11 10:30:00-05:00,2021-01-15 10:08:00-05:00,lower,executed,,flat,inactive,2021-01-15 10:08:00-05:00,2021-01-15 15:00:00-05:00,12818.642561712368,12826.25,60.25,90.375,cutoff,7.607438287632249
776_lower,2021-01-18,2021-01-11 10:30:00-05:00,2021-02-08 10:30:00-05:00,2021-01-17 19:04:00-05:00,lower,executed,,flat,inactive,2021-01-17 19:04:00-05:00,2021-01-18 12:59:00-05:00,12732.208535055604,12814.0,63.0,94.5,cutoff,81.79146494439556
781_upper,2021-01-18,2021-01-18 10:30:00-05:00,2021-02-15 10:30:00-05:00,2021-01-19 13:04:00-05:00,upper,skipped,blocked_time,n/a,n/a,,,,,,,,
782_upper,2021-01-20,2021-01-19 10:30:00-05:00,2021-02-16 10:30:00-05:00,2021-01-20 03:45:00-05:00,upper,executed,,flat,inactive,2021-01-20 03:45:00-05:00,2021-01-20 03:54:00-05:00,13089.856402437232,13063.981402437232,17.25,25.875,TP,25.875
778_upper,2021-01-20,2021-01-13 10:30:00-05:00,2021-02-10 10:30:00-05:00,2021-01-20 07:55:00-05:00,upper,executed,,flat,inactive,2021-01-20 07:55:00-05:00,2021-01-20 09:01:00-05:00,13100.809780534757,13124.434780534757,15.75,23.625,SL,-23.625
777_upper,2021-01-12,2021-01-12 10:30:00-05:00,2021-02-09 10:30:00-05:00,2021-01-20 09:02:00-05:00,upper,skipped,SAL,n/a,active,,,,,,,,
780_upper,2021-01-15,2021-01-15 10:30:00-05:00,2021-02-12 10:30:00-05:00,2021-01-20 09:30:00-05:00,upper,skipped,SAL,n/a,active,,,,,,,,
779_upper,2021-01-14,2021-01-14 10:30:00-05:00,2021-02-11 10:30:00-05:00,2021-01-20 09:35:00-05:00,upper,skipped,SAL,n/a,active,,,,,,,,
776_upper,2021-01-11,2021-01-11 10:30:00-05:00,2021-02-08 10:30:00-05:00,2021-01-20 09:40:00-05:00,upper,skipped,SAL,n/a,active,,,,,,,,
775_upper,2021-01-08,2021-01-08 10:30:00-05:00,2021-02-05 10:30:00-05:00,2021-01-20 10:11:00-05:00,upper,skipped,SAL,n/a,active,,,,,,,,
783_upper,2021-01-21,2021-01-20 10:30:00-05:00,2021-02-17 10:30:00-05:00,2021-01-20 23:16:00-05:00,upper,executed,,flat,inactive,2021-01-20 23:16:00-05:00,2021-01-21 01:19:00-05:00,13389.036772869804,13365.411772869804,15.75,23.625,TP,23.625
785_upper,2021-01-22,2021-01-22 10:30:00-05:00,2021-02-19 10:30:00-05:00,2021-01-25 09:37:00-05:00,upper,skipped,simultaneous_collision,flat,inactive,,,,,,,,
784_upper,2021-01-25,2021-01-21 10:30:00-05:00,2021-02-18 10:30:00-05:00,2021-01-25 09:37:00-05:00,upper,executed,,flat,inactive,2021-01-25 09:37:00-05:00,2021-01-25 10:36:00-05:00,13547.793982312178,13501.293982312178,31.0,46.5,TP,46.5
786_lower,2021-01-25,2021-01-25 10:30:00-05:00,2021-02-22 10:30:00-05:00,2021-01-25 11:03:00-05:00,lower,skipped,blocked_time,n/a,n/a,,,,,,,,
787_lower,2021-01-27,2021-01-26 10:30:00-05:00,2021-02-23 10:30:00-05:00,2021-01-27 09:32:00-05:00,lower,executed,,flat,inactive,2021-01-27 09:32:00-05:00,2021-01-27 09:50:00-05:00,13255.576083182768,13186.576083182768,46.0,69.0,SL,-69.0
785_lower,2021-01-22,2021-01-22 10:30:00-05:00,2021-02-19 10:30:00-05:00,2021-01-27 14:35:00-05:00,lower,skipped,blocked_time,n/a,n/a,,,,,,,,
784_lower,2021-01-21,2021-01-21 10:30:00-05:00,2021-02-18 10:30:00-05:00,2021-01-27 14:51:00-05:00,lower,skipped,blocked_time,n/a,n/a,,,,,,,,
788_lower,2021-01-27,2021-01-27 10:30:00-05:00,2021-02-24 10:30:00-05:00,2021-01-27 16:08:00-05:00,lower,skipped,no_cutoff,n/a,n/a,,,,,,,,
783_lower,2021-01-20,2021-01-20 10:30:00-05:00,2021-02-17 10:30:00-05:00,2021-01-27 16:10:00-05:00,lower,skipped,no_cutoff,n/a,n/a,,,,,,,,
789_lower,2021-01-28,2021-01-28 10:30:00-05:00,2021-02-25 10:30:00-05:00,2021-01-29 12:45:00-05:00,lower,skipped,blocked_time,n/a,n/a,,,,,,,,
790_lower,2021-01-29,2021-01-29 10:30:00-05:00,2021-02-26 10:30:00-05:00,2021-01-31 18:02:00-05:00,lower,skipped,no_anchor,n/a,n/a,,,,,,,,
791_upper,2021-02-02,2021-02-01 10:30:00-05:00,2021-03-01 10:30:00-05:00,2021-02-01 20:51:00-05:00,upper,executed,,flat,inactive,2021-02-01 20:51:00-05:00,2021-02-02 04:52:00-05:00,13328.713019890181,13375.588019890181,31.25,46.875,SL,-46.875
790_upper,2021-01-29,2021-01-29 10:30:00-05:00,2021-02-26 10:30:00-05:00,2021-02-02 09:37:00-05:00,upper,skipped,SAL,n/a,active,,,,,,,,
789_upper,2021-01-28,2021-01-28 10:30:00-05:00,2021-02-25 10:30:00-05:00,2021-02-02 14:39:00-05:00,upper,skipped,blocked_time,n/a,n/a,,,,,,,,
792_upper,2021-02-05,2021-02-02 10:30:00-05:00,2021-03-02 10:30:00-05:00,2021-02-05 00:32:00-05:00,upper,executed,,flat,inactive,2021-02-05 00:32:00-05:00,2021-02-05 03:55:00-05:00,13611.103195666952,13582.228195666952,19.25,28.875,TP,28.875
794_upper,2021-02-08,2021-02-04 10:30:00-05:00,2021-03-04 10:30:00-05:00,2021-02-07 19:23:00-05:00,upper,executed,,flat,inactive,2021-02-07 19:23:00-05:00,2021-02-08 15:00:00-05:00,13650.3349168998,13642.0,42.5,63.75,cutoff,8.334916899799282
788_upper,2021-01-27,2021-01-27 10:30:00-05:00,2021-02-24 10:30:00-05:00,2021-02-07 19:39:00-05:00,upper,skipped,position_open,open,inactive,,,,,,,,
787_upper,2021-02-09,2021-01-26 10:30:00-05:00,2021-02-23 10:30:00-05:00,2021-02-09 09:58:00-05:00,upper,executed,,flat,inactive,2021-02-09 09:58:00-05:00,2021-02-09 10:33:00-05:00,13705.673916817232,13728.548916817232,15.25,22.875,SL,-22.875
786_upper,2021-01-25,2021-01-25 10:30:00-05:00,2021-02-22 10:30:00-05:00,2021-02-09 09:59:00-05:00,upper,skipped,position_open,open,active,,,,,,,,
795_upper,2021-02-10,2021-02-05 10:30:00-05:00,2021-03-05 10:30:00-05:00,2021-02-10 02:43:00-05:00,upper,executed,,flat,inactive,2021-02-10 02:43:00-05:00,2021-02-10 03:09:00-05:00,13766.364565284468,13748.739565284468,11.75,17.625,TP,17.625
793_upper,2021-02-03,2021-02-03 10:30:00-05:00,2021-03-03 10:30:00-05:00,2021-02-12 15:38:00-05:00,upper,skipped,no_cutoff,n/a,n/a,,,,,,,,
796_upper,2021-02-15,2021-02-08 10:30:00-05:00,2021-03-08 10:30:00-05:00,2021-02-14 19:20:00-05:00,upper,executed,,flat,inactive,2021-02-14 19:20:00-05:00,2021-02-15 12:59:00-05:00,13849.122126783474,13872.0,34.0,51.0,cutoff,-22.877873216526496
797_upper,2021-02-09,2021-02-09 10:30:00-05:00,2021-03-09 10:30:00-05:00,2021-02-15 12:50:00-05:00,upper,skipped,blocked_time,n/a,n/a,,,,,,,,
800_upper,2021-02-16,2021-02-12 10:30:00-05:00,2021-03-12 10:30:00-05:00,2021-02-15 20:33:00-05:00,upper,executed,,flat,inactive,2021-02-15 20:33:00-05:00,2021-02-16 03:37:00-05:00,13892.070581074058,13851.195581074058,27.25,40.875,TP,40.875
801_lower,2021-02-17,2021-02-15 10:30:00-05:00,2021-03-15 10:30:00-04:00,2021-02-17 08:51:00-05:00,lower,executed,,flat,inactive,2021-02-17 08:51:00-05:00,2021-02-17 09:08:00-05:00,13687.002949060592,13649.127949060592,25.25,37.875,SL,-37.875
802_lower,2021-02-16,2021-02-16 10:30:00-05:00,2021-03-16 10:30:00-04:00,2021-02-17 09:08:00-05:00,lower,skipped,SAL,n/a,active,,,,,,,,
799_lower,2021-02-18,2021-02-11 10:30:00-05:00,2021-03-11 10:30:00-05:00,2021-02-18 10:06:00-05:00,lower,executed,,flat,inactive,2021-02-18 10:06:00-05:00,2021-02-18 12:02:00-05:00,13513.36879548807,13513.36879548807,61.0,91.5,BE,0.0
796_lower,2021-02-08,2021-02-08 10:30:00-05:00,2021-03-08 10:30:00-05:00,2021-02-18 10:23:00-05:00,lower,skipped,position_open,open,inactive,,,,,,,,
800_lower,2021-02-12,2021-02-12 10:30:00-05:00,2021-03-12 10:30:00-05:00,2021-02-18 10:23:00-05:00,lower,skipped,position_open,open,inactive,,,,,,,,
805_lower,2021-02-22,2021-02-19 10:30:00-05:00,2021-03-19 10:30:00-04:00,2021-02-22 02:09:00-05:00,lower,executed,,flat,inactive,2021-02-22 02:09:00-05:00,2021-02-22 02:47:00-05:00,13466.698056073754,13418.698056073754,32.0,48.0,SL,-48.0
797_lower,2021-02-09,2021-02-09 10:30:00-05:00,2021-03-09 10:30:00-05:00,2021-02-22 02:15:00-05:00,lower,skipped,position_open,open,active,,,,,,,,
798_lower,2021-02-10,2021-02-10 10:30:00-05:00,2021-03-10 10:30:00-05:00,2021-02-22 03:18:00-05:00,lower,skipped,SAL,n/a,active,,,,,,,,
803_lower,2021-02-17,2021-02-17 10:30:00-05:00,2021-03-17 10:30:00-04:00,2021-02-22 03:25:00-05:00,lower,skipped,SAL,n/a,active,,,,,,,,
795_lower,2021-02-05,2021-02-05 10:30:00-05:00,2021-03-05 10:30:00-05:00,2021-02-22 03:46:00-05:00,lower,skipped,SAL,n/a,active,,,,,,,,
804_lower,2021-02-18,2021-02-18 10:30:00-05:00,2021-03-18 10:30:00-04:00,2021-02-22 10:54:00-05:00,lower,skipped,SAL,n/a,active,,,,,,,,
793_lower,2021-02-03,2021-02-03 10:30:00-05:00,2021-03-03 10:30:00-05:00,2021-02-22 15:36:00-05:00,lower,skipped,no_cutoff,n/a,n/a,,,,,,,,
794_lower,2021-02-04,2021-02-04 10:30:00-05:00,2021-03-04 10:30:00-05:00,2021-02-22 15:36:00-05:00,lower,skipped,no_cutoff,n/a,n/a,,,,,,,,
806_lower,2021-02-23,2021-02-22 10:30:00-05:00,2021-03-22 10:30:00-04:00,2021-02-23 04:12:00-05:00,lower,executed,,flat,inactive,2021-02-23 04:12:00-05:00,2021-02-23 05:26:00-05:00,13157.053923446623,12999.178923446623,105.25,157.875,SL,-157.875
792_lower,2021-02-02,2021-02-02 10:30:00-05:00,2021-03-02 10:30:00-05:00,2021-02-23 04:25:00-05:00,lower,skipped,position_open,open,active,,,,,,,,
791_lower,2021-02-01,2021-02-01 10:30:00-05:00,2021-03-01 10:30:00-05:00,2021-02-23 09:50:00-05:00,lower,skipped,SAL,n/a,active,,,,,,,,
807_upper,2021-02-23,2021-02-23 10:30:00-05:00,2021-03-23 10:30:00-04:00,2021-02-24 15:57:00-05:00,upper,skipped,no_cutoff,n/a,n/a,,,,,,,,
808_upper,2021-02-24,2021-02-24 10:30:00-05:00,2021-03-24 10:30:00-04:00,2021-02-24 18:57:00-05:00,upper,skipped,no_anchor,n/a,n/a,,,,,,,,
809_lower,2021-02-25,2021-02-25 10:30:00-05:00,2021-03-25 10:30:00-04:00,2021-02-25 12:32:00-05:00,lower,skipped,blocked_time,n/a,n/a,,,,,,,,
808_lower,2021-02-24,2021-02-24 10:30:00-05:00,2021-03-24 10:30:00-04:00,2021-02-25 15:36:00-05:00,lower,skipped,no_cutoff,n/a,n/a,,,,,,,,
810_upper,2021-02-26,2021-02-26 10:30:00-05:00,2021-03-26 10:30:00-04:00,2021-03-01 16:38:00-05:00,upper,skipped,no_cutoff,n/a,n/a,,,,,,,,
812_lower,2021-03-03,2021-03-02 10:30:00-05:00,2021-03-30 10:30:00-04:00,2021-03-03 08:42:00-05:00,lower,executed,,flat,inactive,2021-03-03 08:42:00-05:00,2021-03-03 09:37:00-05:00,12992.737123099067,12992.737123099067,51.0,76.5,BE,0.0
811_lower,2021-03-03,2021-03-01 10:30:00-05:00,2021-03-29 10:30:00-04:00,2021-03-03 10:14:00-05:00,lower,executed,,flat,inactive,2021-03-03 10:14:00-05:00,2021-03-03 12:34:00-05:00,12842.741175933104,12842.741175933104,159.25,200.0,BE,0.0
813_lower,2021-03-03,2021-03-03 10:30:00-05:00,2021-03-31 10:30:00-04:00,2021-03-03 18:20:00-05:00,lower,skipped,no_anchor,n/a,n/a,,,,,,,,
807_lower,2021-02-23,2021-02-23 10:30:00-05:00,2021-03-23 10:30:00-04:00,2021-03-03 18:59:00-05:00,lower,skipped,no_anchor,n/a,n/a,,,,,,,,
810_lower,2021-03-04,2021-02-26 10:30:00-05:00,2021-03-26 10:30:00-04:00,2021-03-03 23:03:00-05:00,lower,executed,,flat,inactive,2021-03-03 23:03:00-05:00,2021-03-04 02:03:00-05:00,12534.59267657408,12640.34267657408,70.5,105.75,TP,105.75
814_lower,2021-03-04,2021-03-04 10:30:00-05:00,2021-04-01 10:30:00-04:00,2021-03-05 11:12:00-05:00,lower,skipped,blocked_time,n/a,n/a,,,,,,,,
816_lower,2021-03-08,2021-03-08 10:30:00-05:00,2021-04-06 10:30:00-04:00,2021-03-08 15:52:00-05:00,lower,skipped,no_cutoff,n/a,n/a,,,,,,,,
815_upper,2021-03-10,2021-03-05 10:30:00-05:00,2021-04-05 10:30:00-04:00,2021-03-10 08:35:00-05:00,upper,executed,,flat,inactive,2021-03-10 08:35:00-05:00,2021-03-10 08:38:00-05:00,12896.807527300014,12838.307527300014,39.0,58.5,TP,58.5
816_upper,2021-03-10,2021-03-08 10:30:00-05:00,2021-04-06 10:30:00-04:00,2021-03-10 09:06:00-05:00,upper,executed,,flat,inactive,2021-03-10 09:06:00-05:00,2021-03-10 13:48:00-05:00,12922.872041461445,12722.872041461445,172.0,200.0,TP,200.0
817_upper,2021-03-09,2021-03-09 10:30:00-05:00,2021-04-07 10:30:00-04:00,2021-03-10 09:07:00-05:00,upper,skipped,position_open,open,inactive,,,,,,,,
814_upper,2021-03-11,2021-03-04 10:30:00-05:00,2021-04-01 10:30:00-04:00,2021-03-11 05:51:00-05:00,upper,executed,,flat,inactive,2021-03-11 05:51:00-05:00,2021-03-11 07:00:00-05:00,13006.249567660616,12961.249567660616,30.0,45.0,TP,45.0
820_upper,2021-03-16,2021-03-12 10:30:00-05:00,2021-04-12 10:30:00-04:00,2021-03-15 21:18:00-04:00,upper,executed,,flat,inactive,2021-03-15 21:18:00-04:00,2021-03-16 02:47:00-04:00,13098.561414560772,13141.311414560772,28.5,42.75,SL,-42.75
821_upper,2021-03-15,2021-03-15 10:30:00-04:00,2021-04-13 10:30:00-04:00,2021-03-16 03:15:00-04:00,upper,skipped,SAL,n/a,active,,,,,,,,
819_upper,2021-03-11,2021-03-11 10:30:00-05:00,2021-04-09 10:30:00-04:00,2021-03-16 09:32:00-04:00,upper,skipped,SAL,n/a,active,,,,,,,,
818_upper,2021-03-10,2021-03-10 10:30:00-05:00,2021-04-08 10:30:00-04:00,2021-03-16 09:57:00-04:00,upper,skipped,SAL,n/a,active,,,,,,,,
822_lower,2021-03-17,2021-03-16 10:30:00-04:00,2021-04-14 10:30:00-04:00,2021-03-17 09:39:00-04:00,lower,executed,,flat,inactive,2021-03-17 09:39:00-04:00,2021-03-17 09:47:00-04:00,12937.19658382898,13002.07158382898,43.25,64.875,TP,64.875
823_upper,2021-03-17,2021-03-17 10:30:00-04:00,2021-04-15 10:30:00-04:00,2021-03-17 15:00:00-04:00,upper,skipped,no_cutoff,n/a,n/a,,,,,,,,
823_lower,2021-03-17,2021-03-17 10:30:00-04:00,2021-04-15 10:30:00-04:00,2021-03-18 15:50:00-04:00,lower,skipped,no_cutoff,n/a,n/a,,,,,,,,
824_lower,2021-03-19,2021-03-18 10:30:00-04:00,2021-04-16 10:30:00-04:00,2021-03-18 22:21:00-04:00,lower,executed,,flat,inactive,2021-03-18 22:21:00-04:00,2021-03-19 02:01:00-04:00,12758.782981048133,12758.782981048133,45.5,68.25,BE,0.0
819_lower,2021-03-11,2021-03-11 10:30:00-05:00,2021-04-09 10:30:00-04:00,2021-03-19 02:01:00-04:00,lower,skipped,same_bar_reentry,reopen_blocked,inactive,,,,,,,,
821_lower,2021-03-19,2021-03-15 10:30:00-04:00,2021-04-13 10:30:00-04:00,2021-03-19 02:12:00-04:00,lower,executed,,flat,inactive,2021-03-19 02:12:00-04:00,2021-03-19 02:48:00-04:00,12721.199805640099,12786.824805640099,43.75,65.625,TP,65.625
825_upper,2021-03-22,2021-03-19 10:30:00-04:00,2021-04-19 10:30:00-04:00,2021-03-22 10:28:00-04:00,upper,executed,,flat,inactive,2021-03-22 10:28:00-04:00,2021-03-22 15:00:00-04:00,13027.345230514566,13143.25,93.25,139.875,cutoff,-115.90476948543437
826_upper,2021-03-22,2021-03-22 10:30:00-04:00,2021-04-20 10:30:00-04:00,2021-03-23 11:18:00-04:00,upper,skipped,blocked_time,n/a,n/a,,,,,,,,
827_lower,2021-03-23,2021-03-23 10:30:00-04:00,2021-04-21 10:30:00-04:00,2021-03-24 13:02:00-04:00,lower,skipped,blocked_time,n/a,n/a,,,,,,,,
828_lower,2021-03-25,2021-03-24 10:30:00-04:00,2021-04-22 10:30:00-04:00,2021-03-24 21:36:00-04:00,lower,executed,,flat,inactive,2021-03-24 21:36:00-04:00,2021-03-24 21:55:00-04:00,12759.993342752912,12791.868342752912,21.25,31.875,TP,31.875
826_lower,2021-03-25,2021-03-22 10:30:00-04:00,2021-04-20 10:30:00-04:00,2021-03-25 07:53:00-04:00,lower,executed,,flat,inactive,2021-03-25 07:53:00-04:00,2021-03-25 09:12:00-04:00,12739.882501856657,12703.882501856657,24.0,36.0,SL,-36.0
818_lower,2021-03-10,2021-03-10 10:30:00-05:00,2021-04-08 10:30:00-04:00,2021-03-25 11:25:00-04:00,lower,skipped,blocked_time,n/a,n/a,,,,,,,,
820_lower,2021-03-12,2021-03-12 10:30:00-05:00,2021-04-12 10:30:00-04:00,2021-03-25 11:25:00-04:00,lower,skipped,blocked_time,n/a,n/a,,,,,,,,
830_upper,2021-03-26,2021-03-26 10:30:00-04:00,2021-04-26 10:30:00-04:00,2021-03-31 09:40:00-04:00,upper,skipped,simultaneous_collision,flat,inactive,,,,,,,,
829_upper,2021-03-31,2021-03-25 10:30:00-04:00,2021-04-23 10:30:00-04:00,2021-03-31 09:40:00-04:00,upper,executed,,flat,inactive,2021-03-31 09:40:00-04:00,2021-03-31 09:59:00-04:00,13003.46114789353,13052.96114789353,33.0,49.5,SL,-49.5
832_upper,2021-03-30,2021-03-30 10:30:00-04:00,2021-04-28 10:30:00-04:00,2021-03-31 10:20:00-04:00,upper,skipped,SAL,n/a,active,,,,,,,,
831_upper,2021-04-01,2021-03-29 10:30:00-04:00,2021-04-27 10:30:00-04:00,2021-04-01 03:26:00-04:00,upper,executed,,flat,inactive,2021-04-01 03:26:00-04:00,2021-04-01 09:04:00-04:00,13184.95948743614,13249.45948743614,43.0,64.5,SL,-64.5
824_upper,2021-03-18,2021-03-18 10:30:00-04:00,2021-04-16 10:30:00-04:00,2021-04-01 03:28:00-04:00,upper,skipped,position_open,open,active,,,,,,,,
833_upper,2021-03-31,2021-03-31 10:30:00-04:00,2021-04-29 10:30:00-04:00,2021-04-01 09:28:00-04:00,upper,skipped,SAL,n/a,active,,,,,,,,
827_upper,2021-03-23,2021-03-23 10:30:00-04:00,2021-04-21 10:30:00-04:00,2021-04-01 09:51:00-04:00,upper,skipped,SAL,n/a,active,,,,,,,,
828_upper,2021-03-24,2021-03-24 10:30:00-04:00,2021-04-22 10:30:00-04:00,2021-04-01 10:09:00-04:00,upper,skipped,SAL,n/a,active,,,,,,,,
822_upper,2021-04-05,2021-03-16 10:30:00-04:00,2021-04-14 10:30:00-04:00,2021-04-05 08:44:00-04:00,upper,executed,,flat,inactive,2021-04-05 08:44:00-04:00,2021-04-05 09:30:00-04:00,13422.67841617102,13422.67841617102,23.25,34.875,BE,-0.0
834_upper,2021-04-05,2021-04-01 10:30:00-04:00,2021-04-30 10:30:00-04:00,2021-04-05 09:48:00-04:00,upper,executed,,flat,inactive,2021-04-05 09:48:00-04:00,2021-04-05 12:20:00-04:00,13468.792075750222,13567.417075750222,65.75,98.625,SL,-98.625
835_upper,2021-04-05,2021-04-05 10:30:00-04:00,2021-05-03 10:30:00-04:00,2021-04-06 11:59:00-04:00,upper,skipped,blocked_time,n/a,n/a,,,,,,,,
836_upper,2021-04-06,2021-04-06 10:30:00-04:00,2021-05-04 10:30:00-04:00,2021-04-08 16:00:00-04:00,upper,skipped,no_cutoff,n/a,n/a,,,,,,,,
837_upper,2021-04-07,2021-04-07 10:30:00-04:00,2021-05-05 10:30:00-04:00,2021-04-08 16:01:00-04:00,upper,skipped,no_cutoff,n/a,n/a,,,,,,,,
839_upper,2021-04-13,2021-04-09 10:30:00-04:00,2021-05-07 10:30:00-04:00,2021-04-13 09:02:00-04:00,upper,executed,,flat,inactive,2021-04-13 09:02:00-04:00,2021-04-13 15:00:00-04:00,13895.36217208053,13972.75,91.0,136.5,cutoff,-77.38782791947051
838_upper,2021-04-08,2021-04-08 10:30:00-04:00,2021-05-06 10:30:00-04:00,2021-04-13 09:36:00-04:00,upper,skipped,position_open,open,active,,,,,,,,
840_upper,2021-04-12,2021-04-12 10:30:00-04:00,2021-05-10 10:30:00-04:00,2021-04-13 14:36:00-04:00,upper,skipped,blocked_time,n/a,n/a,,,,,,,,
842_lower,2021-04-14,2021-04-14 10:30:00-04:00,2021-05-12 10:30:00-04:00,2021-04-14 15:10:00-04:00,lower,skipped,no_cutoff,n/a,n/a,,,,,,,,
844_lower,2021-04-16,2021-04-16 10:30:00-04:00,2021-05-14 10:30:00-04:00,2021-04-19 12:40:00-04:00,lower,skipped,blocked_time,n/a,n/a,,,,,,,,
843_lower,2021-04-15,2021-04-15 10:30:00-04:00,2021-05-13 10:30:00-04:00,2021-04-20 11:18:00-04:00,lower,skipped,blocked_time,n/a,n/a,,,,,,,,
845_lower,2021-04-19,2021-04-19 10:30:00-04:00,2021-05-17 10:30:00-04:00,2021-04-20 11:19:00-04:00,lower,skipped,blocked_time,n/a,n/a,,,,,,,,
848_lower,2021-04-22,2021-04-22 10:30:00-04:00,2021-05-20 10:30:00-04:00,2021-04-22 13:56:00-04:00,lower,skipped,blocked_time,n/a,n/a,,,,,,,,
847_upper,2021-04-21,2021-04-21 10:30:00-04:00,2021-05-19 10:30:00-04:00,2021-04-26 11:03:00-04:00,upper,skipped,blocked_time,n/a,n/a,,,,,,,,
849_upper,2021-04-23,2021-04-23 10:30:00-04:00,2021-05-21 10:30:00-04:00,2021-04-26 11:11:00-04:00,upper,skipped,blocked_time,n/a,n/a,,,,,,,,
851_lower,2021-04-27,2021-04-27 10:30:00-04:00,2021-05-25 10:30:00-04:00,2021-05-03 11:25:00-04:00,lower,skipped,blocked_time,n/a,n/a,,,,,,,,
853_lower,2021-04-29,2021-04-29 10:30:00-04:00,2021-05-27 10:30:00-04:00,2021-05-03 11:25:00-04:00,lower,skipped,blocked_time,n/a,n/a,,,,,,,,
850_lower,2021-05-04,2021-04-26 10:30:00-04:00,2021-05-24 10:30:00-04:00,2021-05-03 19:23:00-04:00,lower,executed,,flat,inactive,2021-05-03 19:23:00-04:00,2021-05-03 21:12:00-04:00,13763.41993696282,13742.04493696282,14.25,21.375,SL,-21.375
852_lower,2021-04-28,2021-04-28 10:30:00-04:00,2021-05-26 10:30:00-04:00,2021-05-03 21:13:00-04:00,lower,skipped,SAL,n/a,active,,,,,,,,
855_lower,2021-05-03,2021-05-03 10:30:00-04:00,2021-05-31 10:30:00-04:00,2021-05-04 07:39:00-04:00,lower,skipped,SAL,n/a,active,,,,,,,,
841_lower,2021-04-13,2021-04-13 10:30:00-04:00,2021-05-11 10:30:00-04:00,2021-05-04 07:40:00-04:00,lower,skipped,SAL,n/a,active,,,,,,,,
846_lower,2021-04-20,2021-04-20 10:30:00-04:00,2021-05-18 10:30:00-04:00,2021-05-04 07:40:00-04:00,lower,skipped,SAL,n/a,active,,,,,,,,
854_lower,2021-04-30,2021-04-30 10:30:00-04:00,2021-05-28 10:30:00-04:00,2021-05-04 07:41:00-04:00,lower,skipped,SAL,n/a,active,,,,,,,,
849_lower,2021-04-23,2021-04-23 10:30:00-04:00,2021-05-21 10:30:00-04:00,2021-05-04 09:40:00-04:00,lower,skipped,SAL,n/a,active,,,,,,,,
840_lower,2021-04-12,2021-04-12 10:30:00-04:00,2021-05-10 10:30:00-04:00,2021-05-04 09:44:00-04:00,lower,skipped,SAL,n/a,active,,,,,,,,
838_lower,2021-04-08,2021-04-08 10:30:00-04:00,2021-05-06 10:30:00-04:00,2021-05-04 09:57:00-04:00,lower,skipped,SAL,n/a,active,,,,,,,,
847_lower,2021-04-21,2021-04-21 10:30:00-04:00,2021-05-19 10:30:00-04:00,2021-05-04 10:01:00-04:00,lower,skipped,SAL,n/a,active,,,,,,,,
839_lower,2021-04-09,2021-04-09 10:30:00-04:00,2021-05-07 10:30:00-04:00,2021-05-04 10:12:00-04:00,lower,skipped,SAL,n/a,active,,,,,,,,
858_upper,2021-05-07,2021-05-06 10:30:00-04:00,2021-06-03 10:30:00-04:00,2021-05-07 08:30:00-04:00,upper,executed,,flat,inactive,2021-05-07 08:30:00-04:00,2021-05-07 08:31:00-04:00,13683.85299754194,13709.35299754194,17.0,25.5,SL,-25.5
859_lower,2021-05-10,2021-05-07 10:30:00-04:00,2021-06-04 10:30:00-04:00,2021-05-10 10:46:00-04:00,lower,executed,,flat,inactive,2021-05-10 10:46:00-04:00,2021-05-10 11:33:00-04:00,13484.9733068718,13484.9733068718,157.0,200.0,BE,0.0
857_lower,2021-05-05,2021-05-05 10:30:00-04:00,2021-06-02 10:30:00-04:00,2021-05-10 14:29:00-04:00,lower,skipped,blocked_time,n/a,n/a,,,,,,,,
860_lower,2021-05-10,2021-05-10 10:30:00-04:00,2021-06-07 10:30:00-04:00,2021-05-10 14:30:00-04:00,lower,skipped,blocked_time,n/a,n/a,,,,,,,,
856_lower,2021-05-04,2021-05-04 10:30:00-04:00,2021-06-01 10:30:00-04:00,2021-05-10 14:50:00-04:00,lower,skipped,blocked_time,n/a,n/a,,,,,,,,
858_lower,2021-05-11,2021-05-06 10:30:00-04:00,2021-06-03 10:30:00-04:00,2021-05-10 20:54:00-04:00,lower,executed,,flat,inactive,2021-05-10 20:54:00-04:00,2021-05-10 20:54:00-04:00,13249.77200245806,13225.77200245806,16.0,24.0,SL,-24.0
862_upper,2021-05-12,2021-05-12 10:30:00-04:00,2021-06-09 10:30:00-04:00,2021-05-14 14:36:00-04:00,upper,skipped,blocked_time,n/a,n/a,,,,,,,,
863_upper,2021-05-13,2021-05-13 10:30:00-04:00,2021-06-10 10:30:00-04:00,2021-05-14 14:38:00-04:00,upper,skipped,blocked_time,n/a,n/a,,,,,,,,
861_upper,2021-05-11,2021-05-11 10:30:00-04:00,2021-06-08 10:30:00-04:00,2021-05-14 14:52:00-04:00,upper,skipped,blocked_time,n/a,n/a,,,,,,,,
866_lower,2021-05-19,2021-05-18 10:30:00-04:00,2021-06-15 10:30:00-04:00,2021-05-18 22:52:00-04:00,lower,executed,,flat,inactive,2021-05-18 22:52:00-04:00,2021-05-19 00:41:00-04:00,13147.115285138769,13147.115285138769,35.75,53.625,BE,0.0
865_lower,2021-05-19,2021-05-17 10:30:00-04:00,2021-06-14 10:30:00-04:00,2021-05-19 03:15:00-04:00,lower,executed,,flat,inactive,2021-05-19 03:15:00-04:00,2021-05-19 07:32:00-04:00,13096.030650302,13010.155650302,57.25,85.875,SL,-85.875
864_lower,2021-05-14,2021-05-14 10:30:00-04:00,2021-06-11 10:30:00-04:00,2021-05-19 05:57:00-04:00,lower,skipped,position_open,open,active,,,,,,,,
867_upper,2021-05-19,2021-05-19 10:30:00-04:00,2021-06-16 10:30:00-04:00,2021-05-19 14:30:00-04:00,upper,skipped,blocked_time,n/a,n/a,,,,,,,,
864_upper,2021-05-14,2021-05-14 10:30:00-04:00,2021-06-11 10:30:00-04:00,2021-05-20 11:28:00-04:00,upper,skipped,blocked_time,n/a,n/a,,,,,,,,
865_upper,2021-05-17,2021-05-17 10:30:00-04:00,2021-06-14 10:30:00-04:00,2021-05-20 14:54:00-04:00,upper,skipped,blocked_time,n/a,n/a,,,,,,,,
866_upper,2021-05-21,2021-05-18 10:30:00-04:00,2021-06-15 10:30:00-04:00,2021-05-20 20:43:00-04:00,upper,executed,,flat,inactive,2021-05-20 20:43:00-04:00,2021-05-20 22:15:00-04:00,13542.009714861231,13501.509714861231,27.0,40.5,TP,40.5
868_upper,2021-05-24,2021-05-20 10:30:00-04:00,2021-06-17 10:30:00-04:00,2021-05-24 09:40:00-04:00,upper,executed,,flat,inactive,2021-05-24 09:40:00-04:00,2021-05-24 10:13:00-04:00,13573.244005004304,13610.744005004304,25.0,37.5,SL,-37.5
869_upper,2021-05-21,2021-05-21 10:30:00-04:00,2021-06-18 10:30:00-04:00,2021-05-28 11:41:00-04:00,upper,skipped,blocked_time,n/a,n/a,,,,,,,,
870_upper,2021-06-01,2021-05-24 10:30:00-04:00,2021-06-21 10:30:00-04:00,2021-06-01 09:41:00-04:00,upper,executed,,flat,inactive,2021-06-01 09:41:00-04:00,2021-06-01 09:48:00-04:00,13772.481976940864,13742.856976940864,19.75,29.625,TP,29.625
874_lower,2021-06-03,2021-05-28 10:30:00-04:00,2021-06-25 10:30:00-04:00,2021-06-03 07:01:00-04:00,lower,executed,,flat,inactive,2021-06-03 07:01:00-04:00,2021-06-03 15:00:00-04:00,13565.552528940636,13542.0,76.5,114.75,cutoff,-23.552528940635966
875_lower,2021-05-31,2021-05-31 10:30:00-04:00,2021-06-28 10:30:00-04:00,2021-06-03 07:03:00-04:00,lower,skipped,position_open,open,active,,,,,,,,
872_lower,2021-05-26,2021-05-26 10:30:00-04:00,2021-06-23 10:30:00-04:00,2021-06-03 07:46:00-04:00,lower,skipped,position_open,open,active,,,,,,,,
873_lower,2021-05-27,2021-05-27 10:30:00-04:00,2021-06-24 10:30:00-04:00,2021-06-03 08:04:00-04:00,lower,skipped,position_open,open,active,,,,,,,,
877_lower,2021-06-02,2021-06-02 10:30:00-04:00,2021-06-30 10:30:00-04:00,2021-06-03 08:04:00-04:00,lower,skipped,position_open,open,active,,,,,,,,
871_lower,2021-05-25,2021-05-25 10:30:00-04:00,2021-06-22 10:30:00-04:00,2021-06-03 09:39:00-04:00,lower,skipped,position_open,open,active,,,,,,,,
876_lower,2021-06-01,2021-06-01 10:30:00-04:00,2021-06-29 10:30:00-04:00,2021-06-03 09:40:00-04:00,lower,skipped,position_open,open,active,,,,,,,,
878_upper,2021-06-04,2021-06-03 10:30:00-04:00,2021-07-01 10:30:00-04:00,2021-06-04 10:02:00-04:00,upper,executed,,flat,inactive,2021-06-04 10:02:00-04:00,2021-06-04 15:00:00-04:00,13731.59440264222,13775.75,112.25,168.375,cutoff,-44.1555973577797
875_upper,2021-05-31,2021-05-31 10:30:00-04:00,2021-06-28 10:30:00-04:00,2021-06-07 15:17:00-04:00,upper,skipped,no_cutoff,n/a,n/a,,,,,,,,
877_upper,2021-06-08,2021-06-02 10:30:00-04:00,2021-06-30 10:30:00-04:00,2021-06-07 19:23:00-04:00,upper,executed,,flat,inactive,2021-06-07 19:23:00-04:00,2021-06-07 20:09:00-04:00,13829.408393806,13829.408393806,14.25,21.375,BE,-0.0
873_upper,2021-06-08,2021-05-27 10:30:00-04:00,2021-06-24 10:30:00-04:00,2021-06-07 20:13:00-04:00,upper,executed,,flat,inactive,2021-06-07 20:13:00-04:00,2021-06-08 03:04:00-04:00,13843.016069752957,13812.266069752957,20.5,30.75,TP,30.75
872_upper,2021-05-26,2021-05-26 10:30:00-04:00,2021-06-23 10:30:00-04:00,2021-06-07 20:50:00-04:00,upper,skipped,position_open,open,inactive,,,,,,,,
874_upper,2021-05-28,2021-05-28 10:30:00-04:00,2021-06-25 10:30:00-04:00,2021-06-07 21:07:00-04:00,upper,skipped,position_open,open,inactive,,,,,,,,
879_upper,2021-06-08,2021-06-04 10:30:00-04:00,2021-07-02 10:30:00-04:00,2021-06-08 07:42:00-04:00,upper,executed,,flat,inactive,2021-06-08 07:42:00-04:00,2021-06-08 11:19:00-04:00,13873.622140996182,13780.247140996182,62.25,93.375,TP,93.375
871_upper,2021-05-25,2021-05-25 10:30:00-04:00,2021-06-22 10:30:00-04:00,2021-06-08 08:05:00-04:00,upper,skipped,position_open,open,inactive,,,,,,,,
880_upper,2021-06-07,2021-06-07 10:30:00-04:00,2021-07-05 10:30:00-04:00,2021-06-08 08:19:00-04:00,upper,skipped,position_open,open,inactive,,,,,,,,
876_upper,2021-06-10,2021-06-01 10:30:00-04:00,2021-06-29 10:30:00-04:00,2021-06-10 09:48:00-04:00,upper,executed,,flat,inactive,2021-06-10 09:48:00-04:00,2021-06-10 12:50:00-04:00,13944.93986286549,13944.93986286549,109.5,164.25,BE,-0.0
882_upper,2021-06-14,2021-06-09 10:30:00-04:00,2021-07-07 10:30:00-04:00,2021-06-14 06:51:00-04:00,upper,executed,,flat,inactive,2021-06-14 06:51:00-04:00,2021-06-14 08:28:00-04:00,14034.907183895428,14019.157183895428,10.5,15.75,TP,15.75
881_upper,2021-06-08,2021-06-08 10:30:00-04:00,2021-07-06 10:30:00-04:00,2021-06-14 12:15:00-04:00,upper,skipped,blocked_time,n/a,n/a,,,,,,,,
883_upper,2021-06-10,2021-06-10 10:30:00-04:00,2021-07-08 10:30:00-04:00,2021-06-14 15:52:00-04:00,upper,skipped,no_cutoff,n/a,n/a,,,,,,,,
884_upper,2021-06-11,2021-06-11 10:30:00-04:00,2021-07-09 10:30:00-04:00,2021-06-14 15:54:00-04:00,upper,skipped,no_cutoff,n/a,n/a,,,,,,,,
886_lower,2021-06-15,2021-06-15 10:30:00-04:00,2021-07-13 10:30:00-04:00,2021-06-16 14:00:00-04:00,lower,skipped,blocked_time,n/a,n/a,,,,,,,,
887_lower,2021-06-16,2021-06-16 10:30:00-04:00,2021-07-14 10:30:00-04:00,2021-06-16 14:01:00-04:00,lower,skipped,blocked_time,n/a,n/a,,,,,,,,
885_lower,2021-06-14,2021-06-14 10:30:00-04:00,2021-07-12 10:30:00-04:00,2021-06-16 14:45:00-04:00,lower,skipped,blocked_time,n/a,n/a,,,,,,,,
885_upper,2021-06-14,2021-06-14 10:30:00-04:00,2021-07-12 10:30:00-04:00,2021-06-17 11:32:00-04:00,upper,skipped,blocked_time,n/a,n/a,,,,,,,,
887_upper,2021-06-16,2021-06-16 10:30:00-04:00,2021-07-14 10:30:00-04:00,2021-06-22 11:26:00-04:00,upper,skipped,blocked_time,n/a,n/a,,,,,,,,
888_upper,2021-06-17,2021-06-17 10:30:00-04:00,2021-07-15 10:30:00-04:00,2021-06-22 12:26:00-04:00,upper,skipped,blocked_time,n/a,n/a,,,,,,,,
890_upper,2021-06-21,2021-06-21 10:30:00-04:00,2021-07-19 10:30:00-04:00,2021-06-22 15:10:00-04:00,upper,skipped,no_cutoff,n/a,n/a,,,,,,,,
886_upper,2021-06-15,2021-06-15 10:30:00-04:00,2021-07-13 10:30:00-04:00,2021-06-22 15:15:00-04:00,upper,skipped,no_cutoff,n/a,n/a,,,,,,,,
889_upper,2021-06-18,2021-06-18 10:30:00-04:00,2021-07-16 10:30:00-04:00,2021-06-22 15:17:00-04:00,upper,skipped,no_cutoff,n/a,n/a,,,,,,,,
891_upper,2021-06-23,2021-06-22 10:30:00-04:00,2021-07-20 10:30:00-04:00,2021-06-22 23:05:00-04:00,upper,executed,,flat,inactive,2021-06-22 23:05:00-04:00,2021-06-23 01:57:00-04:00,14301.171789443404,14301.171789443404,13.5,20.25,BE,-0.0
892_upper,2021-06-28,2021-06-23 10:30:00-04:00,2021-07-21 10:30:00-04:00,2021-06-28 09:31:00-04:00,upper,executed,,flat,inactive,2021-06-28 09:31:00-04:00,2021-06-28 09:38:00-04:00,14429.764622189925,14456.764622189925,18.0,27.0,SL,-27.0
893_upper,2021-06-24,2021-06-24 10:30:00-04:00,2021-07-22 10:30:00-04:00,2021-06-28 15:51:00-04:00,upper,skipped,no_cutoff,n/a,n/a,,,,,,,,
894_upper,2021-06-29,2021-06-25 10:30:00-04:00,2021-07-23 10:30:00-04:00,2021-06-29 10:47:00-04:00,upper,executed,,flat,inactive,2021-06-29 10:47:00-04:00,2021-06-29 12:19:00-04:00,14530.727292739692,14530.727292739692,59.0,88.5,BE,-0.0
895_upper,2021-06-28,2021-06-28 10:30:00-04:00,2021-07-26 10:30:00-04:00,2021-06-29 18:00:00-04:00,upper,skipped,no_anchor,n/a,n/a,,,,,,,,
896_upper,2021-07-02,2021-06-29 10:30:00-04:00,2021-07-27 10:30:00-04:00,2021-07-02 09:36:00-04:00,upper,executed,,flat,inactive,2021-07-02 09:36:00-04:00,2021-07-02 11:44:00-04:00,14656.391028123751,14656.391028123751,56.75,85.125,BE,-0.0
898_upper,2021-07-01,2021-07-01 10:30:00-04:00,2021-07-29 10:30:00-04:00,2021-07-02 13:00:00-04:00,upper,skipped,blocked_time,n/a,n/a,,,,,,,,
897_upper,2021-06-30,2021-06-30 10:30:00-04:00,2021-07-28 10:30:00-04:00,2021-07-02 15:23:00-04:00,upper,skipped,no_cutoff,n/a,n/a,,,,,,,,
899_upper,2021-07-06,2021-07-02 10:30:00-04:00,2021-07-30 10:30:00-04:00,2021-07-06 10:07:00-04:00,upper,executed,,flat,inactive,2021-07-06 10:07:00-04:00,2021-07-06 10:35:00-04:00,14780.395646865902,14717.770646865902,41.75,62.625,TP,62.625
900_upper,2021-07-07,2021-07-05 10:30:00-04:00,2021-08-02 10:30:00-04:00,2021-07-07 03:31:00-04:00,upper,executed,,flat,inactive,2021-07-07 03:31:00-04:00,2021-07-07 04:03:00-04:00,14819.372091575024,14842.997091575024,15.75,23.625,SL,-23.625
902_lower,2021-07-08,2021-07-07 10:30:00-04:00,2021-08-04 10:30:00-04:00,2021-07-08 04:26:00-04:00,lower,executed,,flat,inactive,2021-07-08 04:26:00-04:00,2021-07-08 15:00:00-04:00,14651.84049455301,14714.5,105.5,158.25,cutoff,62.659505446990806
901_lower,2021-07-06,2021-07-06 10:30:00-04:00,2021-08-03 10:30:00-04:00,2021-07-08 06:02:00-04:00,lower,skipped,position_open,open,inactive,,,,,,,,
900_lower,2021-07-05,2021-07-05 10:30:00-04:00,2021-08-02 10:30:00-04:00,2021-07-08 06:17:00-04:00,lower,skipped,position_open,open,inactive,,,,,,,,
903_upper,2021-07-08,2021-07-08 10:30:00-04:00,2021-08-05 10:30:00-04:00,2021-07-09 12:17:00-04:00,upper,skipped,blocked_time,n/a,n/a,,,,,,,,
904_upper,2021-07-12,2021-07-09 10:30:00-04:00,2021-08-06 10:30:00-04:00,2021-07-12 09:32:00-04:00,upper,executed,,flat,inactive,2021-07-12 09:32:00-04:00,2021-07-12 09:40:00-04:00,14887.36708799368,14834.11708799368,35.5,53.25,TP,53.25
901_upper,2021-07-13,2021-07-06 10:30:00-04:00,2021-08-03 10:30:00-04:00,2021-07-13 04:56:00-04:00,upper,executed,,flat,inactive,2021-07-13 04:56:00-04:00,2021-07-13 08:30:00-04:00,14900.682063782757,14872.182063782757,19.0,28.5,TP,28.5
907_lower,2021-07-15,2021-07-14 10:30:00-04:00,2021-08-11 10:30:00-04:00,2021-07-15 10:28:00-04:00,lower,executed,,flat,inactive,2021-07-15 10:28:00-04:00,2021-07-15 11:49:00-04:00,14790.619974074685,14790.619974074685,109.5,164.25,BE,0.0
905_lower,2021-07-12,2021-07-12 10:30:00-04:00,2021-08-09 10:30:00-04:00,2021-07-16 15:44:00-04:00,lower,skipped,no_cutoff,n/a,n/a,,,,,,,,
906_lower,2021-07-13,2021-07-13 10:30:00-04:00,2021-08-10 10:30:00-04:00,2021-07-16 15:46:00-04:00,lower,skipped,no_cutoff,n/a,n/a,,,,,,,,
908_lower,2021-07-19,2021-07-15 10:30:00-04:00,2021-08-12 10:30:00-04:00,2021-07-18 19:20:00-04:00,lower,executed,,flat,inactive,2021-07-18 19:20:00-04:00,2021-07-19 07:08:00-04:00,14647.119483481994,14600.619483481994,31.0,46.5,SL,-46.5
909_lower,2021-07-16,2021-07-16 10:30:00-04:00,2021-08-13 10:30:00-04:00,2021-07-19 07:10:00-04:00,lower,skipped,SAL,n/a,active,,,,,,,,
904_lower,2021-07-09,2021-07-09 10:30:00-04:00,2021-08-06 10:30:00-04:00,2021-07-19 08:22:00-04:00,lower,skipped,SAL,n/a,active,,,,,,,,
899_lower,2021-07-02,2021-07-02 10:30:00-04:00,2021-07-30 10:30:00-04:00,2021-07-19 09:33:00-04:00,lower,skipped,SAL,n/a,active,,,,,,,,
910_upper,2021-07-19,2021-07-19 10:30:00-04:00,2021-08-16 10:30:00-04:00,2021-07-20 14:10:00-04:00,upper,skipped,blocked_time,n/a,n/a,,,,,,,,
911_upper,2021-07-20,2021-07-20 10:30:00-04:00,2021-08-17 10:30:00-04:00,2021-07-21 15:54:00-04:00,upper,skipped,no_cutoff,n/a,n/a,,,,,,,,
912_upper,2021-07-22,2021-07-21 10:30:00-04:00,2021-08-18 10:30:00-04:00,2021-07-22 10:37:00-04:00,upper,executed,,flat,inactive,2021-07-22 10:37:00-04:00,2021-07-22 14:13:00-04:00,14912.929412574602,14912.929412574602,65.5,98.25,BE,-0.0
913_upper,2021-07-22,2021-07-22 10:30:00-04:00,2021-08-19 10:30:00-04:00,2021-07-23 11:19:00-04:00,upper,skipped,blocked_time,n/a,n/a,,,,,,,,
905_upper,2021-07-12,2021-07-12 10:30:00-04:00,2021-08-09 10:30:00-04:00,2021-07-23 11:21:00-04:00,upper,skipped,blocked_time,n/a,n/a,,,,,,,,
909_upper,2021-07-16,2021-07-16 10:30:00-04:00,2021-08-13 10:30:00-04:00,2021-07-23 11:25:00-04:00,upper,skipped,blocked_time,n/a,n/a,,,,,,,,
902_upper,2021-07-07,2021-07-07 10:30:00-04:00,2021-08-04 10:30:00-04:00,2021-07-23 11:27:00-04:00,upper,skipped,blocked_time,n/a,n/a,,,,,,,,
906_upper,2021-07-13,2021-07-13 10:30:00-04:00,2021-08-10 10:30:00-04:00,2021-07-23 13:00:00-04:00,upper,skipped,blocked_time,n/a,n/a,,,,,,,,
908_upper,2021-07-15,2021-07-15 10:30:00-04:00,2021-08-12 10:30:00-04:00,2021-07-23 13:08:00-04:00,upper,skipped,blocked_time,n/a,n/a,,,,,,,,
915_lower,2021-07-26,2021-07-26 10:30:00-04:00,2021-08-23 10:30:00-04:00,2021-07-27 11:16:00-04:00,lower,skipped,blocked_time,n/a,n/a,,,,,,,,
916_lower,2021-07-27,2021-07-27 10:30:00-04:00,2021-08-24 10:30:00-04:00,2021-07-27 12:05:00-04:00,lower,skipped,blocked_time,n/a,n/a,,,,,,,,
914_lower,2021-07-23,2021-07-23 10:30:00-04:00,2021-08-20 10:30:00-04:00,2021-07-27 13:20:00-04:00,lower,skipped,blocked_time,n/a,n/a,,,,,,,,
919_upper,2021-08-05,2021-07-30 10:30:00-04:00,2021-08-27 10:30:00-04:00,2021-08-05 05:52:00-04:00,upper,executed,,flat,inactive,2021-08-05 05:52:00-04:00,2021-08-05 06:53:00-04:00,15112.102962218078,15112.102962218078,11.25,16.875,BE,-0.0
907_upper,2021-08-05,2021-07-14 10:30:00-04:00,2021-08-11 10:30:00-04:00,2021-08-05 10:52:00-04:00,upper,executed,,flat,inactive,2021-08-05 10:52:00-04:00,2021-08-05 15:00:00-04:00,15143.880025925315,15154.75,55.75,83.625,cutoff,-10.86997407468516
914_upper,2021-07-23,2021-07-23 10:30:00-04:00,2021-08-20 10:30:00-04:00,2021-08-05 15:59:00-04:00,upper,skipped,no_cutoff,n/a,n/a,,,,,,,,
925_lower,2021-08-09,2021-08-09 10:30:00-04:00,2021-09-06 10:30:00-04:00,2021-08-16 10:30:00-04:00,lower,skipped,simultaneous_collision,flat,inactive,,,,,,,,
926_lower,2021-08-10,2021-08-10 10:30:00-04:00,2021-09-07 10:30:00-04:00,2021-08-16 10:30:00-04:00,lower,skipped,simultaneous_collision,flat,inactive,,,,,,,,
924_lower,2021-08-16,2021-08-06 10:30:00-04:00,2021-09-03 10:30:00-04:00,2021-08-16 10:30:00-04:00,lower,executed,,flat,inactive,2021-08-16 10:30:00-04:00,2021-08-16 13:48:00-04:00,14938.17166473581,15073.92166473581,90.5,135.75,TP,135.75
923_lower,2021-08-05,2021-08-05 10:30:00-04:00,2021-09-02 10:30:00-04:00,2021-08-17 12:42:00-04:00,lower,skipped,blocked_time,n/a,n/a,,,,,,,,
929_lower,2021-08-13,2021-08-13 10:30:00-04:00,2021-09-10 10:30:00-04:00,2021-08-17 12:42:00-04:00,lower,skipped,blocked_time,n/a,n/a,,,,,,,,
927_lower,2021-08-11,2021-08-11 10:30:00-04:00,2021-09-08 10:30:00-04:00,2021-08-18 15:50:00-04:00,lower,skipped,no_cutoff,n/a,n/a,,,,,,,,
922_lower,2021-08-04,2021-08-04 10:30:00-04:00,2021-09-01 10:30:00-04:00,2021-08-18 15:59:00-04:00,lower,skipped,no_cutoff,n/a,n/a,,,,,,,,
931_lower,2021-08-17,2021-08-17 10:30:00-04:00,2021-09-14 10:30:00-04:00,2021-08-18 16:37:00-04:00,lower,skipped,no_cutoff,n/a,n/a,,,,,,,,
928_lower,2021-08-12,2021-08-12 10:30:00-04:00,2021-09-09 10:30:00-04:00,2021-08-19 02:04:00-04:00,lower,skipped,simultaneous_collision,flat,inactive,,,,,,,,
932_lower,2021-08-18,2021-08-18 10:30:00-04:00,2021-09-15 10:30:00-04:00,2021-08-19 02:04:00-04:00,lower,skipped,simultaneous_collision,flat,inactive,,,,,,,,
918_lower,2021-08-19,2021-07-29 10:30:00-04:00,2021-08-26 10:30:00-04:00,2021-08-19 02:04:00-04:00,lower,executed,,flat,inactive,2021-08-19 02:04:00-04:00,2021-08-19 02:57:00-04:00,14796.734358856256,14750.609358856256,30.75,46.125,SL,-46.125
920_lower,2021-08-02,2021-08-02 10:30:00-04:00,2021-08-30 10:30:00-04:00,2021-08-19 02:05:00-04:00,lower,skipped,position_open,open,active,,,,,,,,
930_lower,2021-08-16,2021-08-16 10:30:00-04:00,2021-09-13 10:30:00-04:00,2021-08-19 02:23:00-04:00,lower,skipped,position_open,open,active,,,,,,,,
917_lower,2021-07-28,2021-07-28 10:30:00-04:00,2021-08-25 10:30:00-04:00,2021-08-19 04:17:00-04:00,lower,skipped,SAL,n/a,active,,,,,,,,
933_upper,2021-08-20,2021-08-19 10:30:00-04:00,2021-09-16 10:30:00-04:00,2021-08-20 09:55:00-04:00,upper,executed,,flat,inactive,2021-08-20 09:55:00-04:00,2021-08-20 15:00:00-04:00,15039.778273879916,15066.25,59.0,88.5,cutoff,-26.471726120083986
932_upper,2021-08-18,2021-08-18 10:30:00-04:00,2021-09-15 10:30:00-04:00,2021-08-23 09:40:00-04:00,upper,skipped,simultaneous_collision,flat,inactive,,,,,,,,
928_upper,2021-08-23,2021-08-12 10:30:00-04:00,2021-09-09 10:30:00-04:00,2021-08-23 09:40:00-04:00,upper,executed,,flat,inactive,2021-08-23 09:40:00-04:00,2021-08-23 10:02:00-04:00,15189.01245085682,15214.13745085682,16.75,25.125,SL,-25.125
931_upper,2021-08-17,2021-08-17 10:30:00-04:00,2021-09-14 10:30:00-04:00,2021-08-23 09:54:00-04:00,upper,skipped,position_open,open,active,,,,,,,,
918_upper,2021-07-29,2021-07-29 10:30:00-04:00,2021-08-26 10:30:00-04:00,2021-08-23 10:02:00-04:00,upper,skipped,SAL,n/a,active,,,,,,,,
920_upper,2021-08-02,2021-08-02 10:30:00-04:00,2021-08-30 10:30:00-04:00,2021-08-23 10:02:00-04:00,upper,skipped,SAL,n/a,active,,,,,,,,
921_upper,2021-08-03,2021-08-03 10:30:00-04:00,2021-08-31 10:30:00-04:00,2021-08-23 10:02:00-04:00,upper,skipped,SAL,n/a,active,,,,,,,,
922_upper,2021-08-04,2021-08-04 10:30:00-04:00,2021-09-01 10:30:00-04:00,2021-08-23 10:05:00-04:00,upper,skipped,SAL,n/a,active,,,,,,,,
934_upper,2021-08-20,2021-08-20 10:30:00-04:00,2021-09-17 10:30:00-04:00,2021-08-23 10:33:00-04:00,upper,skipped,SAL,n/a,active,,,,,,,,
917_upper,2021-07-28,2021-07-28 10:30:00-04:00,2021-08-25 10:30:00-04:00,2021-08-23 10:39:00-04:00,upper,skipped,SAL,n/a,active,,,,,,,,
929_upper,2021-08-13,2021-08-13 10:30:00-04:00,2021-09-10 10:30:00-04:00,2021-08-23 11:30:00-04:00,upper,skipped,blocked_time,n/a,n/a,,,,,,,,
927_upper,2021-08-11,2021-08-11 10:30:00-04:00,2021-09-08 10:30:00-04:00,2021-08-23 11:37:00-04:00,upper,skipped,blocked_time,n/a,n/a,,,,,,,,
923_upper,2021-08-05,2021-08-05 10:30:00-04:00,2021-09-02 10:30:00-04:00,2021-08-23 11:38:00-04:00,upper,skipped,blocked_time,n/a,n/a,,,,,,,,
924_upper,2021-08-06,2021-08-06 10:30:00-04:00,2021-09-03 10:30:00-04:00,2021-08-23 11:39:00-04:00,upper,skipped,blocked_time,n/a,n/a,,,,,,,,
925_upper,2021-08-09,2021-08-09 10:30:00-04:00,2021-09-06 10:30:00-04:00,2021-08-23 11:39:00-04:00,upper,skipped,blocked_time,n/a,n/a,,,,,,,,
930_upper,2021-08-16,2021-08-16 10:30:00-04:00,2021-09-13 10:30:00-04:00,2021-08-23 12:31:00-04:00,upper,skipped,blocked_time,n/a,n/a,,,,,,,,
916_upper,2021-07-27,2021-07-27 10:30:00-04:00,2021-08-24 10:30:00-04:00,2021-08-23 12:59:00-04:00,upper,skipped,blocked_time,n/a,n/a,,,,,,,,
926_upper,2021-08-10,2021-08-10 10:30:00-04:00,2021-09-07 10:30:00-04:00,2021-08-23 14:42:00-04:00,upper,skipped,blocked_time,n/a,n/a,,,,,,,,
935_upper,2021-08-27,2021-08-23 10:30:00-04:00,2021-09-20 10:30:00-04:00,2021-08-27 10:14:00-04:00,upper,executed,,flat,inactive,2021-08-27 10:14:00-04:00,2021-08-27 15:00:00-04:00,15397.200955682376,15436.0,48.25,72.375,cutoff,-38.799044317624066
936_upper,2021-08-30,2021-08-24 10:30:00-04:00,2021-09-21 10:30:00-04:00,2021-08-30 09:39:00-04:00,upper,executed,,flat,inactive,2021-08-30 09:39:00-04:00,2021-08-30 10:00:00-04:00,15513.27051975684,15535.39551975684,14.75,22.125,SL,-22.125
938_upper,2021-08-26,2021-08-26 10:30:00-04:00,2021-09-23 10:30:00-04:00,2021-08-30 09:59:00-04:00,upper,skipped,position_open,open,active,,,,,,,,
937_upper,2021-08-25,2021-08-25 10:30:00-04:00,2021-09-22 10:30:00-04:00,2021-08-30 10:03:00-04:00,upper,skipped,SAL,n/a,active,,,,,,,,
939_upper,2021-08-27,2021-08-27 10:30:00-04:00,2021-09-24 10:30:00-04:00,2021-08-30 10:31:00-04:00,upper,skipped,SAL,n/a,active,,,,,,,,
940_upper,2021-09-06,2021-08-30 10:30:00-04:00,2021-09-27 10:30:00-04:00,2021-09-06 03:20:00-04:00,upper,executed,,flat,inactive,2021-09-06 03:20:00-04:00,2021-09-06 09:59:00-04:00,15702.78598690922,15702.78598690922,17.75,26.625,BE,-0.0
945_lower,2021-09-08,2021-09-06 10:30:00-04:00,2021-10-04 10:30:00-04:00,2021-09-08 10:53:00-04:00,lower,executed,,flat,inactive,2021-09-08 10:53:00-04:00,2021-09-08 11:48:00-04:00,15547.04154798151,15547.04154798151,60.0,90.0,BE,0.0
943_lower,2021-09-02,2021-09-02 10:30:00-04:00,2021-09-30 10:30:00-04:00,2021-09-10 15:35:00-04:00,lower,skipped,no_cutoff,n/a,n/a,,,,,,,,
946_lower,2021-09-07,2021-09-07 10:30:00-04:00,2021-10-05 10:30:00-04:00,2021-09-10 15:36:00-04:00,lower,skipped,no_cutoff,n/a,n/a,,,,,,,,
947_lower,2021-09-08,2021-09-08 10:30:00-04:00,2021-10-06 10:30:00-04:00,2021-09-10 15:36:00-04:00,lower,skipped,no_cutoff,n/a,n/a,,,,,,,,
942_lower,2021-09-01,2021-09-01 10:30:00-04:00,2021-09-29 10:30:00-04:00,2021-09-10 15:47:00-04:00,lower,skipped,no_cutoff,n/a,n/a,,,,,,,,
948_lower,2021-09-09,2021-09-09 10:30:00-04:00,2021-10-07 10:30:00-04:00,2021-09-10 15:47:00-04:00,lower,skipped,no_cutoff,n/a,n/a,,,,,,,,
949_lower,2021-09-13,2021-09-10 10:30:00-04:00,2021-10-08 10:30:00-04:00,2021-09-12 21:40:00-04:00,lower,executed,,flat,inactive,2021-09-12 21:40:00-04:00,2021-09-13 01:03:00-04:00,15431.767567039376,15431.767567039376,31.75,47.625,BE,0.0
941_lower,2021-09-13,2021-08-31 10:30:00-04:00,2021-09-28 10:30:00-04:00,2021-09-13 10:10:00-04:00,lower,executed,,flat,inactive,2021-09-13 10:10:00-04:00,2021-09-13 11:13:00-04:00,15384.77929465568,15384.77929465568,129.25,193.875,BE,0.0
944_lower,2021-09-03,2021-09-03 10:30:00-04:00,2021-10-01 10:30:00-04:00,2021-09-13 10:16:00-04:00,lower,skipped,position_open,open,inactive,,,,,,,,
940_lower,2021-09-20,2021-08-30 10:30:00-04:00,2021-09-27 10:30:00-04:00,2021-09-19 22:16:00-04:00,lower,executed,,flat,inactive,2021-09-19 22:16:00-04:00,2021-09-19 22:48:00-04:00,15267.58901309078,15222.58901309078,30.0,45.0,SL,-45.0
951_lower,2021-09-14,2021-09-14 10:30:00-04:00,2021-10-12 10:30:00-04:00,2021-09-19 22:46:00-04:00,lower,skipped,position_open,open,active,,,,,,,,
954_lower,2021-09-17,2021-09-17 10:30:00-04:00,2021-10-15 10:30:00-04:00,2021-09-19 22:48:00-04:00,lower,skipped,SAL,n/a,active,,,,,,,,
953_lower,2021-09-16,2021-09-16 10:30:00-04:00,2021-10-14 10:30:00-04:00,2021-09-19 23:02:00-04:00,lower,skipped,SAL,n/a,active,,,,,,,,
937_lower,2021-08-25,2021-08-25 10:30:00-04:00,2021-09-22 10:30:00-04:00,2021-09-20 02:38:00-04:00,lower,skipped,SAL,n/a,active,,,,,,,,
950_lower,2021-09-13,2021-09-13 10:30:00-04:00,2021-10-11 10:30:00-04:00,2021-09-20 02:40:00-04:00,lower,skipped,SAL,n/a,active,,,,,,,,
936_lower,2021-08-24,2021-08-24 10:30:00-04:00,2021-09-21 10:30:00-04:00,2021-09-20 04:06:00-04:00,lower,skipped,SAL,n/a,active,,,,,,,,
952_lower,2021-09-15,2021-09-15 10:30:00-04:00,2021-10-13 10:30:00-04:00,2021-09-20 05:50:00-04:00,lower,skipped,SAL,n/a,active,,,,,,,,
938_lower,2021-08-26,2021-08-26 10:30:00-04:00,2021-09-23 10:30:00-04:00,2021-09-20 07:26:00-04:00,lower,skipped,SAL,n/a,active,,,,,,,,
939_lower,2021-08-27,2021-08-27 10:30:00-04:00,2021-09-24 10:30:00-04:00,2021-09-20 08:15:00-04:00,lower,skipped,SAL,n/a,active,,,,,,,,
955_lower,2021-09-20,2021-09-20 10:30:00-04:00,2021-10-18 10:30:00-04:00,2021-09-20 14:35:00-04:00,lower,skipped,blocked_time,n/a,n/a,,,,,,,,
957_upper,2021-09-22,2021-09-22 10:30:00-04:00,2021-10-20 10:30:00-04:00,2021-09-23 10:03:00-04:00,upper,skipped,simultaneous_collision,flat,inactive,,,,,,,,
955_upper,2021-09-23,2021-09-20 10:30:00-04:00,2021-10-18 10:30:00-04:00,2021-09-23 10:03:00-04:00,upper,executed,,flat,inactive,2021-09-23 10:03:00-04:00,2021-09-23 15:00:00-04:00,15323.753359377242,15325.75,121.5,182.25,cutoff,-1.9966406227576954
956_upper,2021-09-21,2021-09-21 10:30:00-04:00,2021-10-19 10:30:00-04:00,2021-09-23 13:31:00-04:00,upper,skipped,blocked_time,n/a,n/a,,,,,,,,
959_lower,2021-09-28,2021-09-24 10:30:00-04:00,2021-10-22 10:30:00-04:00,2021-09-28 03:22:00-04:00,lower,executed,,flat,inactive,2021-09-28 03:22:00-04:00,2021-09-28 10:21:00-04:00,15026.622425013586,14835.747425013586,127.25,190.875,SL,-190.875
958_lower,2021-09-23,2021-09-23 10:30:00-04:00,2021-10-21 10:30:00-04:00,2021-09-28 04:10:00-04:00,lower,skipped,position_open,open,active,,,,,,,,
960_lower,2021-09-27,2021-09-27 10:30:00-04:00,2021-10-25 10:30:00-04:00,2021-09-28 06:13:00-04:00,lower,skipped,position_open,open,active,,,,,,,,
957_lower,2021-09-22,2021-09-22 10:30:00-04:00,2021-10-20 10:30:00-04:00,2021-09-28 11:01:00-04:00,lower,skipped,blocked_time,n/a,n/a,,,,,,,,
956_lower,2021-09-21,2021-09-21 10:30:00-04:00,2021-10-19 10:30:00-04:00,2021-09-28 11:05:00-04:00,lower,skipped,blocked_time,n/a,n/a,,,,,,,,
961_lower,2021-09-28,2021-09-28 10:30:00-04:00,2021-10-26 10:30:00-04:00,2021-09-30 12:30:00-04:00,lower,skipped,blocked_time,n/a,n/a,,,,,,,,
963_lower,2021-10-01,2021-09-30 10:30:00-04:00,2021-10-28 10:30:00-04:00,2021-09-30 21:08:00-04:00,lower,executed,,flat,inactive,2021-09-30 21:08:00-04:00,2021-10-01 07:23:00-04:00,14619.445549919148,14696.320549919148,51.25,76.875,TP,76.875
962_lower,2021-09-29,2021-09-29 10:30:00-04:00,2021-10-27 10:30:00-04:00,2021-09-30 21:11:00-04:00,lower,skipped,position_open,open,inactive,,,,,,,,
964_lower,2021-10-01,2021-10-01 10:30:00-04:00,2021-10-29 10:30:00-04:00,2021-10-04 12:42:00-04:00,lower,skipped,blocked_time,n/a,n/a,,,,,,,,
966_upper,2021-10-05,2021-10-05 10:30:00-04:00,2021-11-02 10:30:00-04:00,2021-10-06 18:20:00-04:00,upper,skipped,no_anchor,n/a,n/a,,,,,,,,
967_upper,2021-10-07,2021-10-06 10:30:00-04:00,2021-11-03 10:30:00-04:00,2021-10-06 20:37:00-04:00,upper,executed,,flat,inactive,2021-10-06 20:37:00-04:00,2021-10-06 21:34:00-04:00,14838.246377138663,14838.246377138663,33.75,50.625,BE,-0.0
965_upper,2021-10-07,2021-10-04 10:30:00-04:00,2021-11-01 10:30:00-04:00,2021-10-07 10:01:00-04:00,upper,executed,,flat,inactive,2021-10-07 10:01:00-04:00,2021-10-07 15:00:00-04:00,14967.325692149228,14918.75,96.75,145.125,cutoff,48.575692149228416
964_upper,2021-10-01,2021-10-01 10:30:00-04:00,2021-10-29 10:30:00-04:00,2021-10-07 10:02:00-04:00,upper,skipped,position_open,open,inactive,,,,,,,,
969_lower,2021-10-11,2021-10-08 10:30:00-04:00,2021-11-05 10:30:00-04:00,2021-10-10 19:39:00-04:00,lower,executed,,flat,inactive,2021-10-10 19:39:00-04:00,2021-10-11 06:33:00-04:00,14713.520049889383,14713.520049889383,77.75,116.625,BE,0.0
968_lower,2021-10-07,2021-10-07 10:30:00-04:00,2021-11-04 10:30:00-04:00,2021-10-11 18:58:00-04:00,lower,skipped,no_anchor,n/a,n/a,,,,,,,,
972_upper,2021-10-14,2021-10-13 10:30:00-04:00,2021-11-10 10:30:00-05:00,2021-10-14 08:30:00-04:00,upper,executed,,flat,inactive,2021-10-14 08:30:00-04:00,2021-10-14 09:43:00-04:00,14938.793157434256,14938.793157434256,45.75,68.625,BE,-0.0
971_upper,2021-10-14,2021-10-12 10:30:00-04:00,2021-11-09 10:30:00-05:00,2021-10-14 09:52:00-04:00,upper,executed,,flat,inactive,2021-10-14 09:52:00-04:00,2021-10-14 11:59:00-04:00,14955.969862460808,15017.844862460808,41.25,61.875,SL,-61.875
963_upper,2021-09-30,2021-09-30 10:30:00-04:00,2021-10-28 10:30:00-04:00,2021-10-14 12:10:00-04:00,upper,skipped,blocked_time,n/a,n/a,,,,,,,,
970_upper,2021-10-11,2021-10-11 10:30:00-04:00,2021-11-08 10:30:00-05:00,2021-10-14 12:16:00-04:00,upper,skipped,blocked_time,n/a,n/a,,,,,,,,
962_upper,2021-09-29,2021-09-29 10:30:00-04:00,2021-10-27 10:30:00-04:00,2021-10-14 16:22:00-04:00,upper,skipped,no_cutoff,n/a,n/a,,,,,,,,
969_upper,2021-10-08,2021-10-08 10:30:00-04:00,2021-11-05 10:30:00-04:00,2021-10-15 11:00:00-04:00,upper,skipped,blocked_time,n/a,n/a,,,,,,,,
973_upper,2021-10-14,2021-10-14 10:30:00-04:00,2021-11-11 10:30:00-05:00,2021-10-15 15:54:00-04:00,upper,skipped,no_cutoff,n/a,n/a,,,,,,,,
968_upper,2021-10-07,2021-10-07 10:30:00-04:00,2021-11-04 10:30:00-04:00,2021-10-15 16:59:00-04:00,upper,skipped,no_cutoff,n/a,n/a,,,,,,,,
974_upper,2021-10-15,2021-10-15 10:30:00-04:00,2021-11-12 10:30:00-05:00,2021-10-18 13:13:00-04:00,upper,skipped,blocked_time,n/a,n/a,,,,,,,,
961_upper,2021-09-28,2021-09-28 10:30:00-04:00,2021-10-26 10:30:00-04:00,2021-10-18 13:30:00-04:00,upper,skipped,blocked_time,n/a,n/a,,,,,,,,
975_upper,2021-10-18,2021-10-18 10:30:00-04:00,2021-11-15 10:30:00-05:00,2021-10-18 15:22:00-04:00,upper,skipped,no_cutoff,n/a,n/a,,,,,,,,
960_upper,2021-09-27,2021-09-27 10:30:00-04:00,2021-10-25 10:30:00-04:00,2021-10-19 13:23:00-04:00,upper,skipped,blocked_time,n/a,n/a,,,,,,,,
959_upper,2021-09-24,2021-09-24 10:30:00-04:00,2021-10-22 10:30:00-04:00,2021-10-19 16:00:00-04:00,upper,skipped,no_cutoff,n/a,n/a,,,,,,,,
976_upper,2021-10-19,2021-10-19 10:30:00-04:00,2021-11-16 10:30:00-05:00,2021-10-25 12:38:00-04:00,upper,skipped,blocked_time,n/a,n/a,,,,,,,,
978_upper,2021-10-21,2021-10-21 10:30:00-04:00,2021-11-18 10:30:00-05:00,2021-10-25 16:35:00-04:00,upper,skipped,no_cutoff,n/a,n/a,,,,,,,,
977_upper,2021-10-26,2021-10-20 10:30:00-04:00,2021-11-17 10:30:00-05:00,2021-10-25 20:49:00-04:00,upper,executed,,flat,inactive,2021-10-25 20:49:00-04:00,2021-10-25 21:35:00-04:00,15571.075850039182,15571.075850039182,18.0,27.0,BE,-0.0
980_upper,2021-10-26,2021-10-25 10:30:00-04:00,2021-11-22 10:30:00-05:00,2021-10-26 02:18:00-04:00,upper,executed,,flat,inactive,2021-10-26 02:18:00-04:00,2021-10-26 03:04:00-04:00,15583.966260220275,15583.966260220275,13.75,20.625,BE,-0.0
979_upper,2021-10-22,2021-10-22 10:30:00-04:00,2021-11-19 10:30:00-05:00,2021-10-26 02:47:00-04:00,upper,skipped,position_open,open,inactive,,,,,,,,
982_upper,2021-10-27,2021-10-27 10:30:00-04:00,2021-11-24 10:30:00-05:00,2021-10-28 15:59:00-04:00,upper,skipped,no_cutoff,n/a,n/a,,,,,,,,
981_upper,2021-10-26,2021-10-26 10:30:00-04:00,2021-11-23 10:30:00-05:00,2021-10-29 15:51:00-04:00,upper,skipped,no_cutoff,n/a,n/a,,,,,,,,
984_upper,2021-10-29,2021-10-29 10:30:00-04:00,2021-11-26 10:30:00-05:00,2021-10-29 15:54:00-04:00,upper,skipped,no_cutoff,n/a,n/a,,,,,,,,
983_upper,2021-10-28,2021-10-28 10:30:00-04:00,2021-11-25 10:30:00-05:00,2021-10-29 16:17:00-04:00,upper,skipped,no_cutoff,n/a,n/a,,,,,,,,
985_upper,2021-11-01,2021-11-01 10:30:00-04:00,2021-11-29 10:30:00-05:00,2021-11-03 14:04:00-04:00,upper,skipped,blocked_time,n/a,n/a,,,,,,,,
986_upper,2021-11-02,2021-11-02 10:30:00-04:00,2021-11-30 10:30:00-05:00,2021-11-03 15:04:00-04:00,upper,skipped,no_cutoff,n/a,n/a,,,,,,,,
987_upper,2021-11-03,2021-11-03 10:30:00-04:00,2021-12-01 10:30:00-05:00,2021-11-03 18:16:00-04:00,upper,skipped,no_anchor,n/a,n/a,,,,,,,,
989_lower,2021-11-09,2021-11-05 10:30:00-04:00,2021-12-03 10:30:00-05:00,2021-11-09 09:58:00-05:00,lower,executed,,flat,inactive,2021-11-09 09:58:00-05:00,2021-11-09 11:13:00-05:00,16223.426204783726,16223.426204783726,49.25,73.875,BE,0.0
990_lower,2021-11-10,2021-11-08 10:30:00-05:00,2021-12-06 10:30:00-05:00,2021-11-09 21:34:00-05:00,lower,executed,,flat,inactive,2021-11-09 21:34:00-05:00,2021-11-10 01:38:00-05:00,16159.860422796886,16193.985422796886,22.75,34.125,TP,34.125
991_lower,2021-11-09,2021-11-09 10:30:00-05:00,2021-12-07 10:30:00-05:00,2021-11-10 13:15:00-05:00,lower,skipped,blocked_time,n/a,n/a,,,,,,,,
988_lower,2021-11-04,2021-11-04 10:30:00-04:00,2021-12-02 10:30:00-05:00,2021-11-10 14:24:00-05:00,lower,skipped,blocked_time,n/a,n/a,,,,,,,,
994_upper,2021-11-15,2021-11-12 10:30:00-05:00,2021-12-10 10:30:00-05:00,2021-11-15 08:11:00-05:00,upper,executed,,flat,inactive,2021-11-15 08:11:00-05:00,2021-11-15 08:20:00-05:00,16250.37339608107,16272.49839608107,14.75,22.125,SL,-22.125
993_upper,2021-11-11,2021-11-11 10:30:00-05:00,2021-12-09 10:30:00-05:00,2021-11-16 11:15:00-05:00,upper,skipped,blocked_time,n/a,n/a,,,,,,,,
992_upper,2021-11-10,2021-11-10 10:30:00-05:00,2021-12-08 10:30:00-05:00,2021-11-17 12:00:00-05:00,upper,skipped,blocked_time,n/a,n/a,,,,,,,,
996_upper,2021-11-18,2021-11-16 10:30:00-05:00,2021-12-14 10:30:00-05:00,2021-11-18 04:02:00-05:00,upper,executed,,flat,inactive,2021-11-18 04:02:00-05:00,2021-11-18 09:31:00-05:00,16398.24990795254,16365.99990795254,21.5,32.25,TP,32.25
995_upper,2021-11-15,2021-11-15 10:30:00-05:00,2021-12-13 10:30:00-05:00,2021-11-18 11:34:00-05:00,upper,skipped,blocked_time,n/a,n/a,,,,,,,,
988_upper,2021-11-04,2021-11-04 10:30:00-04:00,2021-12-02 10:30:00-05:00,2021-11-18 11:43:00-05:00,upper,skipped,blocked_time,n/a,n/a,,,,,,,,
997_upper,2021-11-17,2021-11-17 10:30:00-05:00,2021-12-15 10:30:00-05:00,2021-11-18 12:25:00-05:00,upper,skipped,blocked_time,n/a,n/a,,,,,,,,
990_upper,2021-11-19,2021-11-08 10:30:00-05:00,2021-12-06 10:30:00-05:00,2021-11-18 21:31:00-05:00,upper,executed,,flat,inactive,2021-11-18 21:31:00-05:00,2021-11-19 09:58:00-05:00,16545.51457720311,16612.63957720311,44.75,67.125,SL,-67.125
989_upper,2021-11-05,2021-11-05 10:30:00-04:00,2021-12-03 10:30:00-05:00,2021-11-19 09:57:00-05:00,upper,skipped,position_open,open,active,,,,,,,,
998_upper,2021-11-18,2021-11-18 10:30:00-05:00,2021-12-16 10:30:00-05:00,2021-11-19 09:57:00-05:00,upper,skipped,position_open,open,active,,,,,,,,
991_upper,2021-11-09,2021-11-09 10:30:00-05:00,2021-12-07 10:30:00-05:00,2021-11-19 11:37:00-05:00,upper,skipped,blocked_time,n/a,n/a,,,,,,,,
1000_lower,2021-11-22,2021-11-22 10:30:00-05:00,2021-12-20 10:30:00-05:00,2021-11-22 15:54:00-05:00,lower,skipped,no_cutoff,n/a,n/a,,,,,,,,
999_lower,2021-11-23,2021-11-19 10:30:00-05:00,2021-12-17 10:30:00-05:00,2021-11-22 21:25:00-05:00,lower,executed,,flat,inactive,2021-11-22 21:25:00-05:00,2021-11-23 00:37:00-05:00,16339.346203693487,16339.346203693487,42.5,63.75,BE,0.0
998_lower,2021-11-18,2021-11-18 10:30:00-05:00,2021-12-16 10:30:00-05:00,2021-11-23 11:02:00-05:00,lower,skipped,blocked_time,n/a,n/a,,,,,,,,
997_lower,2021-11-17,2021-11-17 10:30:00-05:00,2021-12-15 10:30:00-05:00,2021-11-23 13:30:00-05:00,lower,skipped,blocked_time,n/a,n/a,,,,,,,,
1003_lower,2021-11-26,2021-11-25 10:30:00-05:00,2021-12-23 10:30:00-05:00,2021-11-26 02:08:00-05:00,lower,executed,,flat,inactive,2021-11-26 02:08:00-05:00,2021-11-26 02:54:00-05:00,16213.21802940964,16213.21802940964,71.0,106.5,BE,0.0
1001_lower,2021-11-23,2021-11-23 10:30:00-05:00,2021-12-21 10:30:00-05:00,2021-11-26 11:19:00-05:00,lower,skipped,blocked_time,n/a,n/a,,,,,,,,
995_lower,2021-11-15,2021-11-15 10:30:00-05:00,2021-12-13 10:30:00-05:00,2021-11-26 12:54:00-05:00,lower,skipped,blocked_time,n/a,n/a,,,,,,,,
1006_lower,2021-11-30,2021-11-30 10:30:00-05:00,2021-12-29 10:30:00-05:00,2021-11-30 12:07:00-05:00,lower,skipped,blocked_time,n/a,n/a,,,,,,,,
1007_lower,2021-12-01,2021-12-01 10:30:00-05:00,2021-12-30 10:30:00-05:00,2021-12-01 15:15:00-05:00,lower,skipped,no_cutoff,n/a,n/a,,,,,,,,
996_lower,2021-11-16,2021-11-16 10:30:00-05:00,2021-12-14 10:30:00-05:00,2021-12-01 15:23:00-05:00,lower,skipped,no_cutoff,n/a,n/a,,,,,,,,
1004_lower,2021-11-26,2021-11-26 10:30:00-05:00,2021-12-27 10:30:00-05:00,2021-12-01 15:55:00-05:00,lower,skipped,no_cutoff,n/a,n/a,,,,,,,,
1005_lower,2021-11-29,2021-11-29 10:30:00-05:00,2021-12-28 10:30:00-05:00,2021-12-01 15:55:00-05:00,lower,skipped,no_cutoff,n/a,n/a,,,,,,,,
1002_lower,2021-11-24,2021-11-24 10:30:00-05:00,2021-12-22 10:30:00-05:00,2021-12-01 15:56:00-05:00,lower,skipped,no_cutoff,n/a,n/a,,,,,,,,
993_lower,2021-11-11,2021-11-11 10:30:00-05:00,2021-12-09 10:30:00-05:00,2021-12-01 15:58:00-05:00,lower,skipped,no_cutoff,n/a,n/a,,,,,,,,
994_lower,2021-11-12,2021-11-12 10:30:00-05:00,2021-12-10 10:30:00-05:00,2021-12-01 15:59:00-05:00,lower,skipped,no_cutoff,n/a,n/a,,,,,,,,
992_lower,2021-11-10,2021-11-10 10:30:00-05:00,2021-12-08 10:30:00-05:00,2021-12-01 16:02:00-05:00,lower,skipped,no_cutoff,n/a,n/a,,,,,,,,
1010_upper,2021-12-07,2021-12-06 10:30:00-05:00,2022-01-04 10:30:00-05:00,2021-12-07 04:11:00-05:00,upper,executed,,flat,inactive,2021-12-07 04:11:00-05:00,2021-12-07 05:04:00-05:00,16113.426185949782,16113.426185949782,112.25,168.375,BE,-0.0
1008_upper,2021-12-07,2021-12-02 10:30:00-05:00,2021-12-31 10:30:00-05:00,2021-12-07 10:43:00-05:00,upper,executed,,flat,inactive,2021-12-07 10:43:00-05:00,2021-12-07 11:34:00-05:00,16289.649891063891,16289.649891063891,131.5,197.25,BE,-0.0
1013_lower,2021-12-09,2021-12-09 10:30:00-05:00,2022-01-07 10:30:00-05:00,2021-12-14 04:37:00-05:00,lower,skipped,simultaneous_collision,flat,inactive,,,,,,,,
1012_lower,2021-12-14,2021-12-08 10:30:00-05:00,2022-01-06 10:30:00-05:00,2021-12-14 04:37:00-05:00,lower,executed,,flat,inactive,2021-12-14 04:37:00-05:00,2021-12-14 04:52:00-05:00,16057.767152957695,16017.642152957695,26.75,40.125,SL,-40.125
1015_lower,2021-12-13,2021-12-13 10:30:00-05:00,2022-01-11 10:30:00-05:00,2021-12-14 04:52:00-05:00,lower,skipped,SAL,n/a,active,,,,,,,,
1014_lower,2021-12-10,2021-12-10 10:30:00-05:00,2022-01-10 10:30:00-05:00,2021-12-14 04:54:00-05:00,lower,skipped,SAL,n/a,active,,,,,,,,
1011_lower,2021-12-07,2021-12-07 10:30:00-05:00,2022-01-05 10:30:00-05:00,2021-12-14 10:49:00-05:00,lower,skipped,SAL,n/a,active,,,,,,,,
1017_upper,2021-12-15,2021-12-15 10:30:00-05:00,2022-01-13 10:30:00-05:00,2021-12-15 15:16:00-05:00,upper,skipped,no_cutoff,n/a,n/a,,,,,,,,
1016_upper,2021-12-14,2021-12-14 10:30:00-05:00,2022-01-12 10:30:00-05:00,2021-12-15 15:17:00-05:00,upper,skipped,no_cutoff,n/a,n/a,,,,,,,,
1018_lower,2021-12-16,2021-12-16 10:30:00-05:00,2022-01-14 10:30:00-05:00,2021-12-16 12:56:00-05:00,lower,skipped,blocked_time,n/a,n/a,,,,,,,,
1016_lower,2021-12-20,2021-12-14 10:30:00-05:00,2022-01-12 10:30:00-05:00,2021-12-19 21:05:00-05:00,lower,executed,,flat,inactive,2021-12-19 21:05:00-05:00,2021-12-20 04:05:00-05:00,15619.594439107506,15511.594439107506,72.0,108.0,SL,-108.0
1017_lower,2021-12-15,2021-12-15 10:30:00-05:00,2022-01-13 10:30:00-05:00,2021-12-19 21:47:00-05:00,lower,skipped,position_open,open,active,,,,,,,,
1020_upper,2021-12-20,2021-12-20 10:30:00-05:00,2022-01-18 10:30:00-05:00,2021-12-21 12:53:00-05:00,upper,skipped,blocked_time,n/a,n/a,,,,,,,,
1021_upper,2021-12-21,2021-12-21 10:30:00-05:00,2022-01-19 10:30:00-05:00,2021-12-22 10:38:00-05:00,upper,skipped,simultaneous_collision,flat,inactive,,,,,,,,
1019_upper,2021-12-22,2021-12-17 10:30:00-05:00,2022-01-17 10:30:00-05:00,2021-12-22 10:38:00-05:00,upper,executed,,flat,inactive,2021-12-22 10:38:00-05:00,2021-12-22 15:00:00-05:00,16053.679332897762,16114.75,119.0,178.5,cutoff,-61.070667102238076
1022_upper,2021-12-23,2021-12-22 10:30:00-05:00,2022-01-20 10:30:00-05:00,2021-12-23 09:59:00-05:00,upper,executed,,flat,inactive,2021-12-23 09:59:00-05:00,2021-12-23 11:35:00-05:00,16240.394801680315,16316.144801680315,50.5,75.75,SL,-75.75
1023_upper,2021-12-27,2021-12-23 10:30:00-05:00,2022-01-21 10:30:00-05:00,2021-12-27 09:38:00-05:00,upper,executed,,flat,inactive,2021-12-27 09:38:00-05:00,2021-12-27 09:54:00-05:00,16442.64267691652,16406.26767691652,24.25,36.375,TP,36.375
1009_upper,2021-12-27,2021-12-03 10:30:00-05:00,2022-01-03 10:30:00-05:00,2021-12-27 10:10:00-05:00,upper,executed,,flat,inactive,2021-12-27 10:10:00-05:00,2021-12-27 15:00:00-05:00,16478.15106185688,16536.75,103.5,155.25,cutoff,-58.598938143120904
1011_upper,2021-12-07,2021-12-07 10:30:00-05:00,2022-01-05 10:30:00-05:00,2021-12-27 10:21:00-05:00,upper,skipped,position_open,open,active,,,,,,,,
1014_upper,2021-12-10,2021-12-10 10:30:00-05:00,2022-01-10 10:30:00-05:00,2021-12-27 13:56:00-05:00,upper,skipped,blocked_time,n/a,n/a,,,,,,,,
1005_upper,2021-11-29,2021-11-29 10:30:00-05:00,2021-12-28 10:30:00-05:00,2021-12-27 15:59:00-05:00,upper,skipped,no_cutoff,n/a,n/a,,,,,,,,
1012_upper,2021-12-08,2021-12-08 10:30:00-05:00,2022-01-06 10:30:00-05:00,2021-12-27 16:31:00-05:00,upper,skipped,no_cutoff,n/a,n/a,,,,,,,,
1015_upper,2021-12-13,2021-12-13 10:30:00-05:00,2022-01-11 10:30:00-05:00,2021-12-27 16:31:00-05:00,upper,skipped,no_cutoff,n/a,n/a,,,,,,,,
1013_upper,2021-12-28,2021-12-09 10:30:00-05:00,2022-01-07 10:30:00-05:00,2021-12-28 04:08:00-05:00,upper,executed,,flat,inactive,2021-12-28 04:08:00-05:00,2021-12-28 09:39:00-05:00,16618.820212299048,16526.570212299048,61.5,92.25,TP,92.25
1007_upper,2021-12-01,2021-12-01 10:30:00-05:00,2021-12-30 10:30:00-05:00,2021-12-28 04:24:00-05:00,upper,skipped,position_open,open,inactive,,,,,,,,
1018_upper,2021-12-16,2021-12-16 10:30:00-05:00,2022-01-14 10:30:00-05:00,2021-12-28 04:24:00-05:00,upper,skipped,position_open,open,inactive,,,,,,,,
1025_lower,2021-12-28,2021-12-28 10:30:00-05:00,2022-01-25 10:30:00-05:00,2021-12-31 15:50:00-05:00,lower,skipped,no_cutoff,n/a,n/a,,,,,,,,
1027_lower,2022-01-04,2021-12-30 10:30:00-05:00,2022-01-27 10:30:00-05:00,2022-01-04 10:54:00-05:00,lower,executed,,flat,inactive,2022-01-04 10:54:00-05:00,2022-01-04 13:59:00-05:00,16265.980671672136,16140.730671672136,83.5,125.25,SL,-125.25
1030_lower,2022-01-04,2022-01-04 10:30:00-05:00,2022-02-01 10:30:00-05:00,2022-01-04 10:56:00-05:00,lower,skipped,position_open,open,active,,,,,,,,
1026_lower,2021-12-29,2021-12-29 10:30:00-05:00,2022-01-26 10:30:00-05:00,2022-01-04 11:00:00-05:00,lower,skipped,blocked_time,n/a,n/a,,,,,,,,
1028_lower,2021-12-31,2021-12-31 10:30:00-05:00,2022-01-28 10:30:00-05:00,2022-01-04 11:03:00-05:00,lower,skipped,blocked_time,n/a,n/a,,,,,,,,
1029_lower,2022-01-03,2022-01-03 10:30:00-05:00,2022-01-31 10:30:00-05:00,2022-01-05 09:35:00-05:00,lower,skipped,simultaneous_collision,flat,inactive,,,,,,,,
1024_lower,2022-01-05,2021-12-27 10:30:00-05:00,2022-01-24 10:30:00-05:00,2022-01-05 09:35:00-05:00,lower,executed,,flat,inactive,2022-01-05 09:35:00-05:00,2022-01-05 09:40:00-05:00,16106.26859484327,16176.01859484327,46.5,69.75,TP,69.75
1023_lower,2021-12-23,2021-12-23 10:30:00-05:00,2022-01-21 10:30:00-05:00,2022-01-05 14:14:00-05:00,lower,skipped,blocked_time,n/a,n/a,,,,,,,,
1031_lower,2022-01-05,2022-01-05 10:30:00-05:00,2022-02-02 10:30:00-05:00,2022-01-05 14:34:00-05:00,lower,skipped,blocked_time,n/a,n/a,,,,,,,,
1022_lower,2021-12-22,2021-12-22 10:30:00-05:00,2022-01-20 10:30:00-05:00,2022-01-05 18:07:00-05:00,lower,skipped,no_anchor,n/a,n/a,,,,,,,,
1033_lower,2022-01-10,2022-01-07 10:30:00-05:00,2022-02-04 10:30:00-05:00,2022-01-10 07:31:00-05:00,lower,executed,,flat,inactive,2022-01-10 07:31:00-05:00,2022-01-10 07:59:00-05:00,15451.213934071578,15370.213934071578,54.0,81.0,SL,-81.0
1019_lower,2021-12-17,2021-12-17 10:30:00-05:00,2022-01-17 10:30:00-05:00,2022-01-10 07:50:00-05:00,lower,skipped,position_open,open,active,,,,,,,,
1021_lower,2021-12-21,2021-12-21 10:30:00-05:00,2022-01-19 10:30:00-05:00,2022-01-10 07:51:00-05:00,lower,skipped,position_open,open,active,,,,,,,,
1032_lower,2022-01-06,2022-01-06 10:30:00-05:00,2022-02-03 10:30:00-05:00,2022-01-10 07:59:00-05:00,lower,skipped,SAL,n/a,active,,,,,,,,
1020_lower,2021-12-20,2021-12-20 10:30:00-05:00,2022-01-18 10:30:00-05:00,2022-01-10 09:34:00-05:00,lower,skipped,SAL,n/a,active,,,,,,,,
1034_upper,2022-01-11,2022-01-10 10:30:00-05:00,2022-02-07 10:30:00-05:00,2022-01-11 04:16:00-05:00,upper,executed,,flat,inactive,2022-01-11 04:16:00-05:00,2022-01-11 09:15:00-05:00,15652.076752937606,15560.576752937606,61.0,91.5,TP,91.5
1035_upper,2022-01-12,2022-01-11 10:30:00-05:00,2022-02-08 10:30:00-05:00,2022-01-12 00:37:00-05:00,upper,executed,,flat,inactive,2022-01-12 00:37:00-05:00,2022-01-12 00:43:00-05:00,15851.147039049447,15863.897039049447,8.5,12.75,SL,-12.75
1036_lower,2022-01-12,2022-01-12 10:30:00-05:00,2022-02-09 10:30:00-05:00,2022-01-13 12:15:00-05:00,lower,skipped,blocked_time,n/a,n/a,,,,,,,,
1037_lower,2022-01-13,2022-01-13 10:30:00-05:00,2022-02-10 10:30:00-05:00,2022-01-13 12:17:00-05:00,lower,skipped,blocked_time,n/a,n/a,,,,,,,,
1039_lower,2022-01-18,2022-01-17 10:30:00-05:00,2022-02-14 10:30:00-05:00,2022-01-18 03:10:00-05:00,lower,executed,,flat,inactive,2022-01-18 03:10:00-05:00,2022-01-18 03:19:00-05:00,15396.565608256822,15344.440608256822,34.75,52.125,SL,-52.125
1035_lower,2022-01-11,2022-01-11 10:30:00-05:00,2022-02-08 10:30:00-05:00,2022-01-18 04:22:00-05:00,lower,skipped,SAL,n/a,active,,,,,,,,
1038_lower,2022-01-19,2022-01-14 10:30:00-05:00,2022-02-11 10:30:00-05:00,2022-01-18 21:48:00-05:00,lower,executed,,flat,inactive,2022-01-18 21:48:00-05:00,2022-01-19 04:41:00-05:00,15124.82926538245,15221.57926538245,64.5,96.75,TP,96.75
1040_lower,2022-01-18,2022-01-18 10:30:00-05:00,2022-02-15 10:30:00-05:00,2022-01-18 22:41:00-05:00,lower,skipped,position_open,open,inactive,,,,,,,,
1034_lower,2022-01-10,2022-01-10 10:30:00-05:00,2022-02-07 10:30:00-05:00,2022-01-19 15:59:00-05:00,lower,skipped,no_cutoff,n/a,n/a,,,,,,,,
1041_lower,2022-01-19,2022-01-19 10:30:00-05:00,2022-02-16 10:30:00-05:00,2022-01-19 15:59:00-05:00,lower,skipped,no_cutoff,n/a,n/a,,,,,,,,
1042_lower,2022-01-20,2022-01-20 10:30:00-05:00,2022-02-17 10:30:00-05:00,2022-01-20 15:36:00-05:00,lower,skipped,no_cutoff,n/a,n/a,,,,,,,,
1043_lower,2022-01-24,2022-01-21 10:30:00-05:00,2022-02-18 10:30:00-05:00,2022-01-24 05:28:00-05:00,lower,executed,,flat,inactive,2022-01-24 05:28:00-05:00,2022-01-24 07:34:00-05:00,14319.860612224616,14319.860612224616,86.75,130.125,BE,0.0
1044_lower,2022-01-24,2022-01-24 10:30:00-05:00,2022-02-21 10:30:00-05:00,2022-01-24 12:14:00-05:00,lower,skipped,blocked_time,n/a,n/a,,,,,,,,
1044_upper,2022-01-24,2022-01-24 10:30:00-05:00,2022-02-21 10:30:00-05:00,2022-01-26 14:00:00-05:00,upper,skipped,blocked_time,n/a,n/a,,,,,,,,
1045_upper,2022-01-25,2022-01-25 10:30:00-05:00,2022-02-22 10:30:00-05:00,2022-01-26 14:00:00-05:00,upper,skipped,blocked_time,n/a,n/a,,,,,,,,
1046_lower,2022-01-26,2022-01-26 10:30:00-05:00,2022-02-23 10:30:00-05:00,2022-01-26 15:03:00-05:00,lower,skipped,no_cutoff,n/a,n/a,,,,,,,,
1047_lower,2022-01-27,2022-01-27 10:30:00-05:00,2022-02-24 10:30:00-05:00,2022-01-27 13:23:00-05:00,lower,skipped,blocked_time,n/a,n/a,,,,,,,,
1048_upper,2022-01-28,2022-01-28 10:30:00-05:00,2022-02-25 10:30:00-05:00,2022-01-28 15:50:00-05:00,upper,skipped,no_cutoff,n/a,n/a,,,,,,,,
1047_upper,2022-01-31,2022-01-27 10:30:00-05:00,2022-02-24 10:30:00-05:00,2022-01-31 10:02:00-05:00,upper,executed,,flat,inactive,2022-01-31 10:02:00-05:00,2022-01-31 15:00:00-05:00,14655.390088640503,14818.75,217.75,200.0,cutoff,-163.35991135949735
1046_upper,2022-01-26,2022-01-26 10:30:00-05:00,2022-02-23 10:30:00-05:00,2022-01-31 11:56:00-05:00,upper,skipped,blocked_time,n/a,n/a,,,,,,,,
1049_upper,2022-02-01,2022-01-31 10:30:00-05:00,2022-02-28 10:30:00-05:00,2022-02-01 02:12:00-05:00,upper,executed,,flat,inactive,2022-02-01 02:12:00-05:00,2022-02-01 03:01:00-05:00,14945.709398157454,14893.209398157454,35.0,52.5,TP,52.5
1043_upper,2022-01-21,2022-01-21 10:30:00-05:00,2022-02-18 10:30:00-05:00,2022-02-01 16:28:00-05:00,upper,skipped,no_cutoff,n/a,n/a,,,,,,,,
1050_upper,2022-02-02,2022-02-01 10:30:00-05:00,2022-03-01 10:30:00-05:00,2022-02-02 04:50:00-05:00,upper,executed,,flat,inactive,2022-02-02 04:50:00-05:00,2022-02-02 07:11:00-05:00,15237.432330967049,15237.432330967049,36.0,54.0,BE,-0.0
1051_lower,2022-02-02,2022-02-02 10:30:00-05:00,2022-03-02 10:30:00-05:00,2022-02-02 16:12:00-05:00,lower,skipped,no_cutoff,n/a,n/a,,,,,,,,
1050_lower,2022-02-01,2022-02-01 10:30:00-05:00,2022-03-01 10:30:00-05:00,2022-02-03 15:34:00-05:00,lower,skipped,no_cutoff,n/a,n/a,,,,,,,,
1052_lower,2022-02-04,2022-02-03 10:30:00-05:00,2022-03-03 10:30:00-05:00,2022-02-04 08:56:00-05:00,lower,executed,,flat,inactive,2022-02-04 08:56:00-05:00,2022-02-04 10:05:00-05:00,14450.9621317952,14626.4621317952,117.0,175.5,TP,175.5
1055_upper,2022-02-08,2022-02-08 10:30:00-05:00,2022-03-08 10:30:00-05:00,2022-02-08 15:55:00-05:00,upper,skipped,no_cutoff,n/a,n/a,,,,,,,,
1053_upper,2022-02-09,2022-02-04 10:30:00-05:00,2022-03-04 10:30:00-05:00,2022-02-09 05:14:00-05:00,upper,executed,,flat,inactive,2022-02-09 05:14:00-05:00,2022-02-09 06:17:00-05:00,14875.917744003345,14875.917744003345,21.5,32.25,BE,-0.0
1054_upper,2022-02-07,2022-02-07 10:30:00-05:00,2022-03-07 10:30:00-05:00,2022-02-09 13:01:00-05:00,upper,skipped,blocked_time,n/a,n/a,,,,,,,,
1052_upper,2022-02-03,2022-02-03 10:30:00-05:00,2022-03-03 10:30:00-05:00,2022-02-09 14:10:00-05:00,upper,skipped,blocked_time,n/a,n/a,,,,,,,,
1056_lower,2022-02-09,2022-02-09 10:30:00-05:00,2022-03-09 10:30:00-05:00,2022-02-10 15:32:00-05:00,lower,skipped,no_cutoff,n/a,n/a,,,,,,,,
1057_lower,2022-02-10,2022-02-10 10:30:00-05:00,2022-03-10 10:30:00-05:00,2022-02-11 13:30:00-05:00,lower,skipped,blocked_time,n/a,n/a,,,,,,,,
1054_lower,2022-02-07,2022-02-07 10:30:00-05:00,2022-03-07 10:30:00-05:00,2022-02-11 13:31:00-05:00,lower,skipped,blocked_time,n/a,n/a,,,,,,,,
1058_lower,2022-02-11,2022-02-11 10:30:00-05:00,2022-03-11 10:30:00-05:00,2022-02-11 13:39:00-05:00,lower,skipped,blocked_time,n/a,n/a,,,,,,,,
1055_lower,2022-02-08,2022-02-08 10:30:00-05:00,2022-03-08 10:30:00-05:00,2022-02-11 14:29:00-05:00,lower,skipped,blocked_time,n/a,n/a,,,,,,,,
1053_lower,2022-02-04,2022-02-04 10:30:00-05:00,2022-03-04 10:30:00-05:00,2022-02-11 15:40:00-05:00,lower,skipped,no_cutoff,n/a,n/a,,,,,,,,
1049_lower,2022-02-14,2022-01-31 10:30:00-05:00,2022-02-28 10:30:00-05:00,2022-02-14 03:39:00-05:00,lower,executed,,flat,inactive,2022-02-14 03:39:00-05:00,2022-02-14 07:45:00-05:00,14112.915601842546,14228.040601842546,76.75,115.125,TP,115.125
1059_upper,2022-02-15,2022-02-14 10:30:00-05:00,2022-03-14 10:30:00-04:00,2022-02-15 04:19:00-05:00,upper,executed,,flat,inactive,2022-02-15 04:19:00-05:00,2022-02-15 05:35:00-05:00,14526.134131762083,14526.134131762083,249.0,200.0,BE,-0.0
1060_lower,2022-02-15,2022-02-15 10:30:00-05:00,2022-03-15 10:30:00-04:00,2022-02-17 15:01:00-05:00,lower,skipped,no_cutoff,n/a,n/a,,,,,,,,
1061_lower,2022-02-16,2022-02-16 10:30:00-05:00,2022-03-16 10:30:00-04:00,2022-02-17 15:07:00-05:00,lower,skipped,no_cutoff,n/a,n/a,,,,,,,,
1062_lower,2022-02-17,2022-02-17 10:30:00-05:00,2022-03-17 10:30:00-04:00,2022-02-17 15:52:00-05:00,lower,skipped,no_cutoff,n/a,n/a,,,,,,,,
1059_lower,2022-02-14,2022-02-14 10:30:00-05:00,2022-03-14 10:30:00-04:00,2022-02-18 12:45:00-05:00,lower,skipped,blocked_time,n/a,n/a,,,,,,,,
1063_lower,2022-02-18,2022-02-18 10:30:00-05:00,2022-03-18 10:30:00-04:00,2022-02-20 18:01:00-05:00,lower,skipped,no_anchor,n/a,n/a,,,,,,,,
1045_lower,2022-02-21,2022-01-25 10:30:00-05:00,2022-02-22 10:30:00-05:00,2022-02-21 08:19:00-05:00,lower,executed,,flat,inactive,2022-02-21 08:19:00-05:00,2022-02-21 09:50:00-05:00,13804.891442518725,13804.891442518725,103.75,155.625,BE,0.0
1048_lower,2022-01-28,2022-01-28 10:30:00-05:00,2022-02-25 10:30:00-05:00,2022-02-21 18:00:00-05:00,lower,skipped,no_anchor,n/a,n/a,,,,,,,,
1064_lower,2022-02-21,2022-02-21 10:30:00-05:00,2022-03-21 10:30:00-04:00,2022-02-21 18:00:00-05:00,lower,skipped,no_anchor,n/a,n/a,,,,,,,,
1064_upper,2022-02-22,2022-02-21 10:30:00-05:00,2022-03-21 10:30:00-04:00,2022-02-22 09:53:00-05:00,upper,executed,,flat,inactive,2022-02-22 09:53:00-05:00,2022-02-22 10:05:00-05:00,14081.855682831689,13988.480682831689,62.25,93.375,TP,93.375
1066_lower,2022-02-23,2022-02-23 10:30:00-05:00,2022-03-23 10:30:00-04:00,2022-02-23 14:41:00-05:00,lower,skipped,blocked_time,n/a,n/a,,,,,,,,
1065_lower,2022-02-22,2022-02-22 10:30:00-05:00,2022-03-22 10:30:00-04:00,2022-02-23 14:42:00-05:00,lower,skipped,blocked_time,n/a,n/a,,,,,,,,
1067_upper,2022-02-24,2022-02-24 10:30:00-05:00,2022-03-24 10:30:00-04:00,2022-02-24 13:49:00-05:00,upper,skipped,blocked_time,n/a,n/a,,,,,,,,
1068_upper,2022-02-25,2022-02-25 10:30:00-05:00,2022-03-25 10:30:00-04:00,2022-02-28 11:28:00-05:00,upper,skipped,blocked_time,n/a,n/a,,,,,,,,
1065_upper,2022-02-22,2022-02-22 10:30:00-05:00,2022-03-22 10:30:00-04:00,2022-02-28 11:33:00-05:00,upper,skipped,blocked_time,n/a,n/a,,,,,,,,
1066_upper,2022-03-01,2022-02-23 10:30:00-05:00,2022-03-23 10:30:00-04:00,2022-03-01 02:07:00-05:00,upper,executed,,flat,inactive,2022-03-01 02:07:00-05:00,2022-03-01 03:23:00-05:00,14313.673173450607,14236.798173450607,51.25,76.875,TP,76.875
1070_lower,2022-03-01,2022-03-01 10:30:00-05:00,2022-03-29 10:30:00-04:00,2022-03-01 15:47:00-05:00,lower,skipped,no_cutoff,n/a,n/a,,,,,,,,
1069_upper,2022-03-03,2022-02-28 10:30:00-05:00,2022-03-28 10:30:00-04:00,2022-03-03 08:58:00-05:00,upper,executed,,flat,inactive,2022-03-03 08:58:00-05:00,2022-03-03 09:48:00-05:00,14332.421792412348,14267.171792412348,43.5,65.25,TP,65.25
1071_upper,2022-03-02,2022-03-02 10:30:00-05:00,2022-03-30 10:30:00-04:00,2022-03-03 09:12:00-05:00,upper,skipped,position_open,open,inactive,,,,,,,,
1072_lower,2022-03-04,2022-03-03 10:30:00-05:00,2022-03-31 10:30:00-04:00,2022-03-03 19:31:00-05:00,lower,executed,,flat,inactive,2022-03-03 19:31:00-05:00,2022-03-03 19:36:00-05:00,13943.85675422252,13889.85675422252,36.0,54.0,SL,-54.0
1069_lower,2022-02-28,2022-02-28 10:30:00-05:00,2022-03-28 10:30:00-04:00,2022-03-03 19:55:00-05:00,lower,skipped,SAL,n/a,active,,,,,,,,
1071_lower,2022-03-02,2022-03-02 10:30:00-05:00,2022-03-30 10:30:00-04:00,2022-03-06 18:00:00-05:00,lower,skipped,no_anchor,n/a,n/a,,,,,,,,
1068_lower,2022-02-25,2022-02-25 10:30:00-05:00,2022-03-25 10:30:00-04:00,2022-03-06 18:04:00-05:00,lower,skipped,no_anchor,n/a,n/a,,,,,,,,
1073_lower,2022-03-04,2022-03-04 10:30:00-05:00,2022-04-01 10:30:00-04:00,2022-03-06 18:23:00-05:00,lower,skipped,no_anchor,n/a,n/a,,,,,,,,
1074_lower,2022-03-07,2022-03-07 10:30:00-05:00,2022-04-04 10:30:00-04:00,2022-03-07 15:50:00-05:00,lower,skipped,no_cutoff,n/a,n/a,,,,,,,,
1075_upper,2022-03-08,2022-03-08 10:30:00-05:00,2022-04-05 10:30:00-04:00,2022-03-08 13:04:00-05:00,upper,skipped,blocked_time,n/a,n/a,,,,,,,,
1077_upper,2022-03-11,2022-03-10 10:30:00-05:00,2022-04-07 10:30:00-04:00,2022-03-11 06:26:00-05:00,upper,executed,,flat,inactive,2022-03-11 06:26:00-05:00,2022-03-11 06:28:00-05:00,13832.554262270402,13760.554262270402,48.0,72.0,TP,72.0
1078_lower,2022-03-11,2022-03-11 10:30:00-05:00,2022-04-08 10:30:00-04:00,2022-03-11 15:50:00-05:00,lower,skipped,no_cutoff,n/a,n/a,,,,,,,,
1077_lower,2022-03-10,2022-03-10 10:30:00-05:00,2022-04-07 10:30:00-04:00,2022-03-14 07:29:00-04:00,lower,skipped,simultaneous_collision,flat,inactive,,,,,,,,
1076_lower,2022-03-14,2022-03-09 10:30:00-05:00,2022-04-06 10:30:00-04:00,2022-03-14 07:29:00-04:00,lower,executed,,flat,inactive,2022-03-14 07:29:00-04:00,2022-03-14 10:11:00-04:00,13274.233467306793,13355.983467306793,54.5,81.75,TP,81.75
1079_lower,2022-03-15,2022-03-14 10:30:00-04:00,2022-04-11 10:30:00-04:00,2022-03-15 03:13:00-04:00,lower,executed,,flat,inactive,2022-03-15 03:13:00-04:00,2022-03-15 04:00:00-04:00,12956.414897544302,13014.164897544302,38.5,57.75,TP,57.75
1080_upper,2022-03-16,2022-03-15 10:30:00-04:00,2022-04-12 10:30:00-04:00,2022-03-16 01:24:00-04:00,upper,executed,,flat,inactive,2022-03-16 01:24:00-04:00,2022-03-16 01:39:00-04:00,13487.915283738364,13522.040283738364,22.75,34.125,SL,-34.125
1079_upper,2022-03-14,2022-03-14 10:30:00-04:00,2022-04-11 10:30:00-04:00,2022-03-16 01:47:00-04:00,upper,skipped,SAL,n/a,active,,,,,,,,
1076_upper,2022-03-09,2022-03-09 10:30:00-05:00,2022-04-06 10:30:00-04:00,2022-03-16 15:50:00-04:00,upper,skipped,no_cutoff,n/a,n/a,,,,,,,,
1078_upper,2022-03-11,2022-03-11 10:30:00-05:00,2022-04-08 10:30:00-04:00,2022-03-16 16:35:00-04:00,upper,skipped,no_cutoff,n/a,n/a,,,,,,,,
1081_upper,2022-03-16,2022-03-16 10:30:00-04:00,2022-04-13 10:30:00-04:00,2022-03-16 16:44:00-04:00,upper,skipped,no_cutoff,n/a,n/a,,,,,,,,
1074_upper,2022-03-18,2022-03-07 10:30:00-05:00,2022-04-04 10:30:00-04:00,2022-03-18 10:08:00-04:00,upper,executed,,flat,inactive,2022-03-18 10:08:00-04:00,2022-03-18 10:56:00-04:00,14198.795807332248,14198.795807332248,160.75,200.0,BE,-0.0
1082_upper,2022-03-17,2022-03-17 10:30:00-04:00,2022-04-14 10:30:00-04:00,2022-03-18 10:10:00-04:00,upper,skipped,position_open,open,inactive,,,,,,,,
1073_upper,2022-03-04,2022-03-04 10:30:00-05:00,2022-04-01 10:30:00-04:00,2022-03-18 10:12:00-04:00,upper,skipped,position_open,open,inactive,,,,,,,,
1083_upper,2022-03-18,2022-03-18 10:30:00-04:00,2022-04-18 10:30:00-04:00,2022-03-18 16:23:00-04:00,upper,skipped,no_cutoff,n/a,n/a,,,,,,,,
1070_upper,2022-03-21,2022-03-01 10:30:00-05:00,2022-03-29 10:30:00-04:00,2022-03-21 09:41:00-04:00,upper,executed,,flat,inactive,2022-03-21 09:41:00-04:00,2022-03-21 09:48:00-04:00,14464.962402827376,14397.087402827376,45.25,67.875,TP,67.875
1072_upper,2022-03-03,2022-03-03 10:30:00-05:00,2022-03-31 10:30:00-04:00,2022-03-22 11:08:00-04:00,upper,skipped,blocked_time,n/a,n/a,,,,,,,,
1084_upper,2022-03-21,2022-03-21 10:30:00-04:00,2022-04-19 10:30:00-04:00,2022-03-24 15:09:00-04:00,upper,skipped,no_cutoff,n/a,n/a,,,,,,,,
1087_upper,2022-03-24,2022-03-24 10:30:00-04:00,2022-04-22 10:30:00-04:00,2022-03-24 15:53:00-04:00,upper,skipped,no_cutoff,n/a,n/a,,,,,,,,
1085_upper,2022-03-22,2022-03-22 10:30:00-04:00,2022-04-20 10:30:00-04:00,2022-03-24 15:59:00-04:00,upper,skipped,no_cutoff,n/a,n/a,,,,,,,,
1086_upper,2022-03-25,2022-03-23 10:30:00-04:00,2022-04-21 10:30:00-04:00,2022-03-24 21:54:00-04:00,upper,executed,,flat,inactive,2022-03-24 21:54:00-04:00,2022-03-25 00:55:00-04:00,14778.594222224074,14778.594222224074,32.25,48.375,BE,-0.0
1088_upper,2022-03-25,2022-03-25 10:30:00-04:00,2022-04-25 10:30:00-04:00,2022-03-28 15:34:00-04:00,upper,skipped,no_cutoff,n/a,n/a,,,,,,,,
1089_upper,2022-03-29,2022-03-28 10:30:00-04:00,2022-04-26 10:30:00-04:00,2022-03-29 05:07:00-04:00,upper,executed,,flat,inactive,2022-03-29 05:07:00-04:00,2022-03-29 07:52:00-04:00,15053.744782036774,15094.994782036774,27.5,41.25,SL,-41.25
1091_lower,2022-03-31,2022-03-30 10:30:00-04:00,2022-04-28 10:30:00-04:00,2022-03-31 10:02:00-04:00,lower,executed,,flat,inactive,2022-03-31 10:02:00-04:00,2022-03-31 13:13:00-04:00,14971.842535500076,14971.842535500076,134.75,200.0,BE,0.0
1090_lower,2022-03-29,2022-03-29 10:30:00-04:00,2022-04-27 10:30:00-04:00,2022-03-31 15:59:00-04:00,lower,skipped,no_cutoff,n/a,n/a,,,,,,,,
1092_lower,2022-04-01,2022-03-31 10:30:00-04:00,2022-04-29 10:30:00-04:00,2022-04-01 09:52:00-04:00,lower,executed,,flat,inactive,2022-04-01 09:52:00-04:00,2022-04-01 11:31:00-04:00,14818.05248291187,14818.05248291187,59.5,89.25,BE,0.0
1093_upper,2022-04-01,2022-04-01 10:30:00-04:00,2022-05-02 10:30:00-04:00,2022-04-04 12:28:00-04:00,upper,skipped,blocked_time,n/a,n/a,,,,,,,,
1095_lower,2022-04-05,2022-04-05 10:30:00-04:00,2022-05-04 10:30:00-04:00,2022-04-05 15:50:00-04:00,lower,skipped,no_cutoff,n/a,n/a,,,,,,,,
1094_lower,2022-04-06,2022-04-04 10:30:00-04:00,2022-05-03 10:30:00-04:00,2022-04-06 06:53:00-04:00,lower,executed,,flat,inactive,2022-04-06 06:53:00-04:00,2022-04-06 09:42:00-04:00,14660.200143779311,14561.200143779311,66.0,99.0,SL,-99.0
1093_lower,2022-04-01,2022-04-01 10:30:00-04:00,2022-05-02 10:30:00-04:00,2022-04-06 07:09:00-04:00,lower,skipped,position_open,open,active,,,,,,,,
1088_lower,2022-03-25,2022-03-25 10:30:00-04:00,2022-04-25 10:30:00-04:00,2022-04-06 09:44:00-04:00,lower,skipped,SAL,n/a,active,,,,,,,,
1089_lower,2022-03-28,2022-03-28 10:30:00-04:00,2022-04-26 10:30:00-04:00,2022-04-06 09:45:00-04:00,lower,skipped,SAL,n/a,active,,,,,,,,
1096_lower,2022-04-11,2022-04-06 10:30:00-04:00,2022-05-05 10:30:00-04:00,2022-04-10 20:00:00-04:00,lower,executed,,flat,inactive,2022-04-10 20:00:00-04:00,2022-04-10 22:18:00-04:00,14297.256498941539,14214.006498941539,55.5,83.25,SL,-83.25
1086_lower,2022-03-23,2022-03-23 10:30:00-04:00,2022-04-21 10:30:00-04:00,2022-04-10 20:08:00-04:00,lower,skipped,position_open,open,active,,,,,,,,
1087_lower,2022-03-24,2022-03-24 10:30:00-04:00,2022-04-22 10:30:00-04:00,2022-04-10 20:09:00-04:00,lower,skipped,position_open,open,active,,,,,,,,
1097_lower,2022-04-07,2022-04-07 10:30:00-04:00,2022-05-06 10:30:00-04:00,2022-04-10 21:47:00-04:00,lower,skipped,position_open,open,active,,,,,,,,
1098_lower,2022-04-08,2022-04-08 10:30:00-04:00,2022-05-09 10:30:00-04:00,2022-04-11 04:20:00-04:00,lower,skipped,SAL,n/a,active,,,,,,,,
1085_lower,2022-03-22,2022-03-22 10:30:00-04:00,2022-04-20 10:30:00-04:00,2022-04-11 09:35:00-04:00,lower,skipped,SAL,n/a,active,,,,,,,,
1084_lower,2022-03-21,2022-03-21 10:30:00-04:00,2022-04-19 10:30:00-04:00,2022-04-11 15:33:00-04:00,lower,skipped,no_cutoff,n/a,n/a,,,,,,,,
1099_lower,2022-04-12,2022-04-11 10:30:00-04:00,2022-05-10 10:30:00-04:00,2022-04-12 00:29:00-04:00,lower,executed,,flat,inactive,2022-04-12 00:29:00-04:00,2022-04-12 01:19:00-04:00,13907.060137036944,13945.310137036944,25.5,38.25,TP,38.25
1100_lower,2022-04-12,2022-04-12 10:30:00-04:00,2022-05-11 10:30:00-04:00,2022-04-12 14:30:00-04:00,lower,skipped,blocked_time,n/a,n/a,,,,,,,,
1101_upper,2022-04-14,2022-04-13 10:30:00-04:00,2022-05-12 10:30:00-04:00,2022-04-14 00:14:00-04:00,upper,executed,,flat,inactive,2022-04-14 00:14:00-04:00,2022-04-14 03:10:00-04:00,14275.620174758697,14232.870174758697,28.5,42.75,TP,42.75
1102_lower,2022-04-14,2022-04-14 10:30:00-04:00,2022-05-13 10:30:00-04:00,2022-04-14 15:53:00-04:00,lower,skipped,no_cutoff,n/a,n/a,,,,,,,,
1083_lower,2022-04-18,2022-03-18 10:30:00-04:00,2022-04-18 10:30:00-04:00,2022-04-17 19:47:00-04:00,lower,executed,,flat,inactive,2022-04-17 19:47:00-04:00,2022-04-17 20:33:00-04:00,13739.43829782171,13739.43829782171,111.0,166.5,BE,0.0
1103_upper,2022-04-19,2022-04-18 10:30:00-04:00,2022-05-16 10:30:00-04:00,2022-04-19 10:46:00-04:00,upper,executed,,flat,inactive,2022-04-19 10:46:00-04:00,2022-04-19 15:00:00-04:00,14147.024417267698,14161.25,184.25,200.0,cutoff,-14.225582732302428
1104_upper,2022-04-20,2022-04-19 10:30:00-04:00,2022-05-17 10:30:00-04:00,2022-04-20 07:50:00-04:00,upper,executed,,flat,inactive,2022-04-20 07:50:00-04:00,2022-04-20 09:34:00-04:00,14257.788936212393,14206.788936212393,34.0,51.0,TP,51.0
1106_lower,2022-04-21,2022-04-21 10:30:00-04:00,2022-05-19 10:30:00-04:00,2022-04-21 12:32:00-04:00,lower,skipped,blocked_time,n/a,n/a,,,,,,,,
1105_lower,2022-04-20,2022-04-20 10:30:00-04:00,2022-05-18 10:30:00-04:00,2022-04-21 13:04:00-04:00,lower,skipped,blocked_time,n/a,n/a,,,,,,,,
1101_lower,2022-04-13,2022-04-13 10:30:00-04:00,2022-05-12 10:30:00-04:00,2022-04-21 15:36:00-04:00,lower,skipped,no_cutoff,n/a,n/a,,,,,,,,
1103_lower,2022-04-22,2022-04-18 10:30:00-04:00,2022-05-16 10:30:00-04:00,2022-04-21 20:46:00-04:00,lower,executed,,flat,inactive,2022-04-21 20:46:00-04:00,2022-04-21 22:08:00-04:00,13617.975582732302,13689.975582732302,48.0,72.0,TP,72.0
1104_lower,2022-04-22,2022-04-19 10:30:00-04:00,2022-05-17 10:30:00-04:00,2022-04-22 10:29:00-04:00,lower,executed,,flat,inactive,2022-04-22 10:29:00-04:00,2022-04-22 11:37:00-04:00,13583.211063787607,13583.211063787607,161.5,200.0,BE,0.0
1107_lower,2022-04-22,2022-04-22 10:30:00-04:00,2022-05-20 10:30:00-04:00,2022-04-22 14:04:00-04:00,lower,skipped,blocked_time,n/a,n/a,,,,,,,,
1108_lower,2022-04-25,2022-04-25 10:30:00-04:00,2022-05-23 10:30:00-04:00,2022-04-26 15:59:00-04:00,lower,skipped,no_cutoff,n/a,n/a,,,,,,,,
1109_lower,2022-04-26,2022-04-26 10:30:00-04:00,2022-05-24 10:30:00-04:00,2022-04-26 16:00:00-04:00,lower,skipped,no_cutoff,n/a,n/a,,,,,,,,
1110_upper,2022-04-27,2022-04-27 10:30:00-04:00,2022-05-25 10:30:00-04:00,2022-04-28 14:37:00-04:00,upper,skipped,blocked_time,n/a,n/a,,,,,,,,
1111_upper,2022-04-28,2022-04-28 10:30:00-04:00,2022-05-26 10:30:00-04:00,2022-04-28 15:22:00-04:00,upper,skipped,no_cutoff,n/a,n/a,,,,,,,,
1112_lower,2022-04-29,2022-04-29 10:30:00-04:00,2022-05-27 10:30:00-04:00,2022-04-29 14:47:00-04:00,lower,skipped,blocked_time,n/a,n/a,,,,,,,,
1111_lower,2022-04-28,2022-04-28 10:30:00-04:00,2022-05-26 10:30:00-04:00,2022-04-29 15:50:00-04:00,lower,skipped,no_cutoff,n/a,n/a,,,,,,,,
1113_upper,2022-05-02,2022-05-02 10:30:00-04:00,2022-05-30 10:30:00-04:00,2022-05-04 14:46:00-04:00,upper,skipped,blocked_time,n/a,n/a,,,,,,,,
1115_upper,2022-05-04,2022-05-04 10:30:00-04:00,2022-06-01 10:30:00-04:00,2022-05-04 15:00:00-04:00,upper,skipped,no_cutoff,n/a,n/a,,,,,,,,
1114_upper,2022-05-03,2022-05-03 10:30:00-04:00,2022-05-31 10:30:00-04:00,2022-05-04 15:01:00-04:00,upper,skipped,no_cutoff,n/a,n/a,,,,,,,,
1116_lower,2022-05-05,2022-05-05 10:30:00-04:00,2022-06-02 10:30:00-04:00,2022-05-05 11:53:00-04:00,lower,skipped,blocked_time,n/a,n/a,,,,,,,,
1115_lower,2022-05-04,2022-05-04 10:30:00-04:00,2022-06-01 10:30:00-04:00,2022-05-05 15:04:00-04:00,lower,skipped,no_cutoff,n/a,n/a,,,,,,,,
1114_lower,2022-05-03,2022-05-03 10:30:00-04:00,2022-05-31 10:30:00-04:00,2022-05-05 15:06:00-04:00,lower,skipped,no_cutoff,n/a,n/a,,,,,,,,
1110_lower,2022-05-06,2022-04-27 10:30:00-04:00,2022-05-25 10:30:00-04:00,2022-05-06 09:35:00-04:00,lower,executed,,flat,inactive,2022-05-06 09:35:00-04:00,2022-05-06 10:37:00-04:00,12650.090524381889,12650.090524381889,178.5,200.0,BE,0.0
1113_lower,2022-05-09,2022-05-02 10:30:00-04:00,2022-05-30 10:30:00-04:00,2022-05-09 04:31:00-04:00,lower,executed,,flat,inactive,2022-05-09 04:31:00-04:00,2022-05-09 05:27:00-04:00,12482.081680459538,12482.081680459538,97.5,146.25,BE,0.0
1117_lower,2022-05-09,2022-05-06 10:30:00-04:00,2022-06-03 10:30:00-04:00,2022-05-09 10:32:00-04:00,lower,executed,,flat,inactive,2022-05-09 10:32:00-04:00,2022-05-09 11:18:00-04:00,12316.557790781591,12316.557790781591,136.25,200.0,BE,0.0
1118_lower,2022-05-10,2022-05-09 10:30:00-04:00,2022-06-06 10:30:00-04:00,2022-05-09 20:16:00-04:00,lower,executed,,flat,inactive,2022-05-09 20:16:00-04:00,2022-05-09 21:06:00-04:00,12118.567640723788,12172.567640723788,36.0,54.0,TP,54.0
1119_lower,2022-05-11,2022-05-10 10:30:00-04:00,2022-06-07 10:30:00-04:00,2022-05-11 08:54:00-04:00,lower,executed,,flat,inactive,2022-05-11 08:54:00-04:00,2022-05-11 09:07:00-04:00,12131.769036193004,12195.894036193004,42.75,64.125,TP,64.125
1120_lower,2022-05-12,2022-05-11 10:30:00-04:00,2022-06-08 10:30:00-04:00,2022-05-12 03:13:00-04:00,lower,executed,,flat,inactive,2022-05-12 03:13:00-04:00,2022-05-12 04:35:00-04:00,11858.428017472306,11858.428017472306,78.5,117.75,BE,0.0
1121_upper,2022-05-13,2022-05-12 10:30:00-04:00,2022-06-09 10:30:00-04:00,2022-05-13 09:53:00-04:00,upper,executed,,flat,inactive,2022-05-13 09:53:00-04:00,2022-05-13 10:20:00-04:00,12259.538677753379,12310.913677753379,34.25,51.375,SL,-51.375
1122_upper,2022-05-17,2022-05-13 10:30:00-04:00,2022-06-10 10:30:00-04:00,2022-05-17 05:57:00-04:00,upper,executed,,flat,inactive,2022-05-17 05:57:00-04:00,2022-05-17 10:45:00-04:00,12538.753937434452,12338.753937434452,142.0,200.0,TP,200.0
1123_upper,2022-05-16,2022-05-16 10:30:00-04:00,2022-06-13 10:30:00-04:00,2022-05-17 18:00:00-04:00,upper,skipped,no_anchor,n/a,n/a,,,,,,,,
1124_lower,2022-05-17,2022-05-17 10:30:00-04:00,2022-06-14 10:30:00-04:00,2022-05-18 11:16:00-04:00,lower,skipped,blocked_time,n/a,n/a,,,,,,,,
1125_lower,2022-05-18,2022-05-18 10:30:00-04:00,2022-06-15 10:30:00-04:00,2022-05-18 11:54:00-04:00,lower,skipped,blocked_time,n/a,n/a,,,,,,,,
1123_lower,2022-05-16,2022-05-16 10:30:00-04:00,2022-06-13 10:30:00-04:00,2022-05-18 13:26:00-04:00,lower,skipped,blocked_time,n/a,n/a,,,,,,,,
1122_lower,2022-05-19,2022-05-13 10:30:00-04:00,2022-06-10 10:30:00-04:00,2022-05-19 03:32:00-04:00,lower,executed,,flat,inactive,2022-05-19 03:32:00-04:00,2022-05-19 04:59:00-04:00,11794.996062565548,11739.871062565548,36.75,55.125,SL,-55.125
1127_lower,2022-05-20,2022-05-20 10:30:00-04:00,2022-06-17 10:30:00-04:00,2022-05-20 12:07:00-04:00,lower,skipped,blocked_time,n/a,n/a,,,,,,,,
1126_lower,2022-05-19,2022-05-19 10:30:00-04:00,2022-06-16 10:30:00-04:00,2022-05-20 12:42:00-04:00,lower,skipped,blocked_time,n/a,n/a,,,,,,,,
1128_lower,2022-05-24,2022-05-23 10:30:00-04:00,2022-06-20 10:30:00-04:00,2022-05-24 10:15:00-04:00,lower,executed,,flat,inactive,2022-05-24 10:15:00-04:00,2022-05-24 12:15:00-04:00,11589.072932013427,11789.072932013427,175.75,200.0,TP,200.0
1130_upper,2022-05-26,2022-05-25 10:30:00-04:00,2022-06-22 10:30:00-04:00,2022-05-26 09:38:00-04:00,upper,executed,,flat,inactive,2022-05-26 09:38:00-04:00,2022-05-26 10:12:00-04:00,12051.927410654338,12144.927410654338,62.0,93.0,SL,-93.0
1129_upper,2022-05-24,2022-05-24 10:30:00-04:00,2022-06-21 10:30:00-04:00,2022-05-26 09:52:00-04:00,upper,skipped,position_open,open,active,,,,,,,,
1128_upper,2022-05-23,2022-05-23 10:30:00-04:00,2022-06-20 10:30:00-04:00,2022-05-26 10:19:00-04:00,upper,skipped,SAL,n/a,active,,,,,,,,
1126_upper,2022-05-19,2022-05-19 10:30:00-04:00,2022-06-16 10:30:00-04:00,2022-05-26 11:00:00-04:00,upper,skipped,blocked_time,n/a,n/a,,,,,,,,
1127_upper,2022-05-20,2022-05-20 10:30:00-04:00,2022-06-17 10:30:00-04:00,2022-05-26 12:19:00-04:00,upper,skipped,blocked_time,n/a,n/a,,,,,,,,
1131_upper,2022-05-26,2022-05-26 10:30:00-04:00,2022-06-23 10:30:00-04:00,2022-05-26 13:10:00-04:00,upper,skipped,blocked_time,n/a,n/a,,,,,,,,
1125_upper,2022-05-27,2022-05-18 10:30:00-04:00,2022-06-15 10:30:00-04:00,2022-05-27 10:36:00-04:00,upper,executed,,flat,inactive,2022-05-27 10:36:00-04:00,2022-05-27 11:43:00-04:00,12587.506585167066,12587.506585167066,151.0,200.0,BE,-0.0
1120_upper,2022-05-11,2022-05-11 10:30:00-04:00,2022-06-08 10:30:00-04:00,2022-05-27 16:10:00-04:00,upper,skipped,no_cutoff,n/a,n/a,,,,,,,,
1132_upper,2022-05-30,2022-05-27 10:30:00-04:00,2022-06-24 10:30:00-04:00,2022-05-29 19:10:00-04:00,upper,executed,,flat,inactive,2022-05-29 19:10:00-04:00,2022-05-30 00:23:00-04:00,12725.184757414303,12797.559757414303,48.25,72.375,SL,-72.375
1124_upper,2022-05-17,2022-05-17 10:30:00-04:00,2022-06-14 10:30:00-04:00,2022-05-29 19:16:00-04:00,upper,skipped,position_open,open,active,,,,,,,,
1118_upper,2022-05-09,2022-05-09 10:30:00-04:00,2022-06-06 10:30:00-04:00,2022-05-29 22:18:00-04:00,upper,skipped,position_open,open,active,,,,,,,,
1119_upper,2022-05-10,2022-05-10 10:30:00-04:00,2022-06-07 10:30:00-04:00,2022-05-30 00:34:00-04:00,upper,skipped,SAL,n/a,active,,,,,,,,
1133_lower,2022-05-31,2022-05-30 10:30:00-04:00,2022-06-27 10:30:00-04:00,2022-05-31 09:34:00-04:00,lower,executed,,flat,inactive,2022-05-31 09:34:00-04:00,2022-05-31 11:56:00-04:00,12587.754927104357,12714.504927104357,84.5,126.75,TP,126.75
1136_upper,2022-06-02,2022-06-02 10:30:00-04:00,2022-06-30 10:30:00-04:00,2022-06-02 13:04:00-04:00,upper,skipped,blocked_time,n/a,n/a,,,,,,,,
1134_upper,2022-05-31,2022-05-31 10:30:00-04:00,2022-06-28 10:30:00-04:00,2022-06-02 18:06:00-04:00,upper,skipped,no_anchor,n/a,n/a,,,,,,,,
1133_upper,2022-05-30,2022-05-30 10:30:00-04:00,2022-06-27 10:30:00-04:00,2022-06-02 18:07:00-04:00,upper,skipped,no_anchor,n/a,n/a,,,,,,,,
1138_lower,2022-06-07,2022-06-06 10:30:00-04:00,2022-07-04 10:30:00-04:00,2022-06-06 21:26:00-04:00,lower,executed,,flat,inactive,2022-06-06 21:26:00-04:00,2022-06-06 22:45:00-04:00,12504.053692629825,12504.053692629825,62.25,93.375,BE,0.0
1137_lower,2022-06-07,2022-06-03 10:30:00-04:00,2022-07-01 10:30:00-04:00,2022-06-07 07:12:00-04:00,lower,executed,,flat,inactive,2022-06-07 07:12:00-04:00,2022-06-07 08:31:00-04:00,12444.237874093862,12444.237874093862,57.75,86.625,BE,0.0
1135_lower,2022-06-07,2022-06-01 10:30:00-04:00,2022-06-29 10:30:00-04:00,2022-06-07 09:32:00-04:00,lower,executed,,flat,inactive,2022-06-07 09:32:00-04:00,2022-06-07 09:35:00-04:00,12416.82498109015,12489.57498109015,48.5,72.75,TP,72.75
1139_upper,2022-06-08,2022-06-07 10:30:00-04:00,2022-07-05 10:30:00-04:00,2022-06-08 09:49:00-04:00,upper,executed,,flat,inactive,2022-06-08 09:49:00-04:00,2022-06-08 10:35:00-04:00,12756.876216986298,12756.876216986298,63.0,94.5,BE,-0.0
1140_lower,2022-06-08,2022-06-08 10:30:00-04:00,2022-07-06 10:30:00-04:00,2022-06-09 14:59:00-04:00,lower,skipped,blocked_time,n/a,n/a,,,,,,,,
1134_lower,2022-05-31,2022-05-31 10:30:00-04:00,2022-06-28 10:30:00-04:00,2022-06-09 15:43:00-04:00,lower,skipped,no_cutoff,n/a,n/a,,,,,,,,
1141_lower,2022-06-09,2022-06-09 10:30:00-04:00,2022-07-07 10:30:00-04:00,2022-06-09 15:47:00-04:00,lower,skipped,no_cutoff,n/a,n/a,,,,,,,,
1136_lower,2022-06-02,2022-06-02 10:30:00-04:00,2022-06-30 10:30:00-04:00,2022-06-10 08:30:00-04:00,lower,skipped,simultaneous_collision,flat,inactive,,,,,,,,
1139_lower,2022-06-07,2022-06-07 10:30:00-04:00,2022-07-05 10:30:00-04:00,2022-06-10 08:30:00-04:00,lower,skipped,simultaneous_collision,flat,inactive,,,,,,,,
1132_lower,2022-06-10,2022-05-27 10:30:00-04:00,2022-06-24 10:30:00-04:00,2022-06-10 08:30:00-04:00,lower,executed,,flat,inactive,2022-06-10 08:30:00-04:00,2022-06-10 08:32:00-04:00,12174.565242585697,12105.565242585697,46.0,69.0,SL,-69.0
1142_lower,2022-06-10,2022-06-10 10:30:00-04:00,2022-07-08 10:30:00-04:00,2022-06-12 18:01:00-04:00,lower,skipped,no_anchor,n/a,n/a,,,,,,,,
1131_lower,2022-06-13,2022-05-26 10:30:00-04:00,2022-06-23 10:30:00-04:00,2022-06-12 21:23:00-04:00,lower,executed,,flat,inactive,2022-06-12 21:23:00-04:00,2022-06-13 01:00:00-04:00,11617.863526438956,11617.863526438956,61.0,91.5,BE,0.0
1130_lower,2022-06-13,2022-05-25 10:30:00-04:00,2022-06-22 10:30:00-04:00,2022-06-13 04:18:00-04:00,lower,executed,,flat,inactive,2022-06-13 04:18:00-04:00,2022-06-13 09:37:00-04:00,11470.947589345662,11583.072589345662,74.75,112.125,TP,112.125
1129_lower,2022-06-13,2022-05-24 10:30:00-04:00,2022-06-21 10:30:00-04:00,2022-06-13 10:24:00-04:00,lower,executed,,flat,inactive,2022-06-13 10:24:00-04:00,2022-06-13 15:00:00-04:00,11416.925781459111,11396.75,114.5,171.75,cutoff,-20.175781459111022
1144_upper,2022-06-14,2022-06-14 10:30:00-04:00,2022-07-12 10:30:00-04:00,2022-06-15 14:41:00-04:00,upper,skipped,blocked_time,n/a,n/a,,,,,,,,
1145_upper,2022-06-15,2022-06-15 10:30:00-04:00,2022-07-13 10:30:00-04:00,2022-06-15 14:45:00-04:00,upper,skipped,blocked_time,n/a,n/a,,,,,,,,
1143_upper,2022-06-13,2022-06-13 10:30:00-04:00,2022-07-11 10:30:00-04:00,2022-06-15 15:33:00-04:00,upper,skipped,no_cutoff,n/a,n/a,,,,,,,,
1145_lower,2022-06-16,2022-06-15 10:30:00-04:00,2022-07-13 10:30:00-04:00,2022-06-16 09:39:00-04:00,lower,executed,,flat,inactive,2022-06-16 09:39:00-04:00,2022-06-16 14:08:00-04:00,11264.65017531556,11103.40017531556,107.5,161.25,SL,-161.25
1143_lower,2022-06-13,2022-06-13 10:30:00-04:00,2022-07-11 10:30:00-04:00,2022-06-16 10:05:00-04:00,lower,skipped,position_open,open,active,,,,,,,,
1144_lower,2022-06-14,2022-06-14 10:30:00-04:00,2022-07-12 10:30:00-04:00,2022-06-16 14:07:00-04:00,lower,skipped,blocked_time,n/a,n/a,,,,,,,,
1147_upper,2022-06-21,2022-06-17 10:30:00-04:00,2022-07-15 10:30:00-04:00,2022-06-20 23:12:00-04:00,upper,executed,,flat,inactive,2022-06-20 23:12:00-04:00,2022-06-21 01:33:00-04:00,11505.317639074088,11477.192639074088,18.75,28.125,TP,28.125
1148_upper,2022-06-20,2022-06-20 10:30:00-04:00,2022-07-18 10:30:00-04:00,2022-06-21 09:35:00-04:00,upper,skipped,simultaneous_collision,flat,inactive,,,,,,,,
1146_upper,2022-06-21,2022-06-16 10:30:00-04:00,2022-07-14 10:30:00-04:00,2022-06-21 09:35:00-04:00,upper,executed,,flat,inactive,2022-06-21 09:35:00-04:00,2022-06-21 09:59:00-04:00,11548.652732813054,11623.277732813054,49.75,74.625,SL,-74.625
1149_upper,2022-06-24,2022-06-21 10:30:00-04:00,2022-07-19 10:30:00-04:00,2022-06-23 22:46:00-04:00,upper,executed,,flat,inactive,2022-06-23 22:46:00-04:00,2022-06-23 23:38:00-04:00,11820.64431129977,11820.64431129977,63.75,95.625,BE,-0.0
1150_upper,2022-06-24,2022-06-22 10:30:00-04:00,2022-07-20 10:30:00-04:00,2022-06-24 01:40:00-04:00,upper,executed,,flat,inactive,2022-06-24 01:40:00-04:00,2022-06-24 09:32:00-04:00,11875.659349119162,11875.659349119162,55.0,82.5,BE,-0.0
1151_upper,2022-06-23,2022-06-23 10:30:00-04:00,2022-07-21 10:30:00-04:00,2022-06-24 09:32:00-04:00,upper,skipped,same_bar_reentry,reopen_blocked,inactive,,,,,,,,
1152_upper,2022-06-27,2022-06-24 10:30:00-04:00,2022-07-22 10:30:00-04:00,2022-06-27 03:34:00-04:00,upper,executed,,flat,inactive,2022-06-27 03:34:00-04:00,2022-06-27 06:48:00-04:00,12236.017063026333,12180.142063026333,37.25,55.875,TP,55.875
1153_lower,2022-06-27,2022-06-27 10:30:00-04:00,2022-07-25 10:30:00-04:00,2022-06-28 11:27:00-04:00,lower,skipped,blocked_time,n/a,n/a,,,,,,,,
1154_lower,2022-06-28,2022-06-28 10:30:00-04:00,2022-07-26 10:30:00-04:00,2022-06-28 11:54:00-04:00,lower,skipped,blocked_time,n/a,n/a,,,,,,,,
1152_lower,2022-06-29,2022-06-24 10:30:00-04:00,2022-07-22 10:30:00-04:00,2022-06-29 09:35:00-04:00,lower,executed,,flat,inactive,2022-06-29 09:35:00-04:00,2022-06-29 09:52:00-04:00,11574.107936973667,11702.357936973667,85.5,128.25,TP,128.25
1155_lower,2022-06-30,2022-06-29 10:30:00-04:00,2022-07-27 10:30:00-04:00,2022-06-30 10:00:00-04:00,lower,executed,,flat,inactive,2022-06-30 10:00:00-04:00,2022-06-30 11:27:00-04:00,11389.13155688353,11589.13155688353,195.25,200.0,TP,200.0
1151_lower,2022-06-23,2022-06-23 10:30:00-04:00,2022-07-21 10:30:00-04:00,2022-06-30 10:02:00-04:00,lower,skipped,position_open,open,inactive,,,,,,,,
1158_upper,2022-07-05,2022-07-04 10:30:00-04:00,2022-08-01 10:30:00-04:00,2022-07-04 19:06:00-04:00,upper,executed,,flat,inactive,2022-07-04 19:06:00-04:00,2022-07-05 04:27:00-04:00,11720.879525538161,11566.379525538161,103.0,154.5,TP,154.5
1158_lower,2022-07-05,2022-07-04 10:30:00-04:00,2022-08-01 10:30:00-04:00,2022-07-05 09:32:00-04:00,lower,executed,,flat,inactive,2022-07-05 09:32:00-04:00,2022-07-05 10:11:00-04:00,11397.620474461839,11486.120474461839,59.0,88.5,TP,88.5
1159_upper,2022-07-05,2022-07-05 10:30:00-04:00,2022-08-02 10:30:00-04:00,2022-07-05 13:35:00-04:00,upper,skipped,blocked_time,n/a,n/a,,,,,,,,
1157_upper,2022-07-01,2022-07-01 10:30:00-04:00,2022-07-29 10:30:00-04:00,2022-07-05 15:28:00-04:00,upper,skipped,no_cutoff,n/a,n/a,,,,,,,,
1156_upper,2022-06-30,2022-06-30 10:30:00-04:00,2022-07-28 10:30:00-04:00,2022-07-05 18:00:00-04:00,upper,skipped,no_anchor,n/a,n/a,,,,,,,,
1155_upper,2022-06-29,2022-06-29 10:30:00-04:00,2022-07-27 10:30:00-04:00,2022-07-06 14:46:00-04:00,upper,skipped,blocked_time,n/a,n/a,,,,,,,,
1160_upper,2022-07-07,2022-07-06 10:30:00-04:00,2022-08-03 10:30:00-04:00,2022-07-07 10:48:00-04:00,upper,executed,,flat,inactive,2022-07-07 10:48:00-04:00,2022-07-07 11:42:00-04:00,12057.947539492437,12057.947539492437,136.25,200.0,BE,-0.0
1161_upper,2022-07-07,2022-07-07 10:30:00-04:00,2022-08-04 10:30:00-04:00,2022-07-08 11:21:00-04:00,upper,skipped,blocked_time,n/a,n/a,,,,,,,,
1162_lower,2022-07-12,2022-07-08 10:30:00-04:00,2022-08-05 10:30:00-04:00,2022-07-11 23:06:00-04:00,lower,executed,,flat,inactive,2022-07-11 23:06:00-04:00,2022-07-12 02:01:00-04:00,11789.448717974012,11789.448717974012,25.75,38.625,BE,0.0
1163_lower,2022-07-11,2022-07-11 10:30:00-04:00,2022-08-08 10:30:00-04:00,2022-07-12 15:35:00-04:00,lower,skipped,no_cutoff,n/a,n/a,,,,,,,,
1161_lower,2022-07-07,2022-07-07 10:30:00-04:00,2022-08-04 10:30:00-04:00,2022-07-12 15:37:00-04:00,lower,skipped,no_cutoff,n/a,n/a,,,,,,,,
1164_lower,2022-07-12,2022-07-12 10:30:00-04:00,2022-08-09 10:30:00-04:00,2022-07-13 08:30:00-04:00,lower,skipped,simultaneous_collision,flat,inactive,,,,,,,,
1160_lower,2022-07-13,2022-07-06 10:30:00-04:00,2022-08-03 10:30:00-04:00,2022-07-13 08:30:00-04:00,lower,executed,,flat,inactive,2022-07-13 08:30:00-04:00,2022-07-13 08:33:00-04:00,11586.052460507563,11536.552460507563,33.0,49.5,SL,-49.5
1165_upper,2022-07-13,2022-07-13 10:30:00-04:00,2022-08-10 10:30:00-04:00,2022-07-13 13:02:00-04:00,upper,skipped,blocked_time,n/a,n/a,,,,,,,,
1166_upper,2022-07-15,2022-07-14 10:30:00-04:00,2022-08-11 10:30:00-04:00,2022-07-15 08:48:00-04:00,upper,executed,,flat,inactive,2022-07-15 08:48:00-04:00,2022-07-15 09:30:00-04:00,11882.487022593476,11939.862022593476,38.25,57.375,SL,-57.375
1167_upper,2022-07-18,2022-07-15 10:30:00-04:00,2022-08-12 10:30:00-04:00,2022-07-18 03:34:00-04:00,upper,executed,,flat,inactive,2022-07-18 03:34:00-04:00,2022-07-18 04:24:00-04:00,12155.562829146107,12155.562829146107,31.75,47.625,BE,-0.0
1168_lower,2022-07-18,2022-07-18 10:30:00-04:00,2022-08-15 10:30:00-04:00,2022-07-18 14:52:00-04:00,lower,skipped,blocked_time,n/a,n/a,,,,,,,,
1164_upper,2022-07-12,2022-07-12 10:30:00-04:00,2022-08-09 10:30:00-04:00,2022-07-19 13:39:00-04:00,upper,skipped,blocked_time,n/a,n/a,,,,,,,,
1169_upper,2022-07-19,2022-07-19 10:30:00-04:00,2022-08-16 10:30:00-04:00,2022-07-19 14:01:00-04:00,upper,skipped,blocked_time,n/a,n/a,,,,,,,,
1162_upper,2022-07-08,2022-07-08 10:30:00-04:00,2022-08-05 10:30:00-04:00,2022-07-19 15:46:00-04:00,upper,skipped,no_cutoff,n/a,n/a,,,,,,,,
1163_upper,2022-07-11,2022-07-11 10:30:00-04:00,2022-08-08 10:30:00-04:00,2022-07-19 16:00:00-04:00,upper,skipped,no_cutoff,n/a,n/a,,,,,,,,
1168_upper,2022-07-18,2022-07-18 10:30:00-04:00,2022-08-15 10:30:00-04:00,2022-07-19 16:23:00-04:00,upper,skipped,no_cutoff,n/a,n/a,,,,,,,,
1154_upper,2022-07-20,2022-06-28 10:30:00-04:00,2022-07-26 10:30:00-04:00,2022-07-19 20:27:00-04:00,upper,executed,,flat,inactive,2022-07-19 20:27:00-04:00,2022-07-19 21:14:00-04:00,12347.972069050724,12319.472069050724,19.0,28.5,TP,28.5
1153_upper,2022-07-20,2022-06-27 10:30:00-04:00,2022-07-25 10:30:00-04:00,2022-07-20 10:46:00-04:00,upper,executed,,flat,inactive,2022-07-20 10:46:00-04:00,2022-07-20 15:00:00-04:00,12437.160489372236,12453.75,94.25,141.375,cutoff,-16.589510627763957
1170_upper,2022-07-21,2022-07-20 10:30:00-04:00,2022-08-17 10:30:00-04:00,2022-07-21 08:42:00-04:00,upper,executed,,flat,inactive,2022-07-21 08:42:00-04:00,2022-07-21 09:18:00-04:00,12539.21483343832,12502.08983343832,24.75,37.125,TP,37.125
1172_lower,2022-07-22,2022-07-22 10:30:00-04:00,2022-08-19 10:30:00-04:00,2022-07-22 13:34:00-04:00,lower,skipped,blocked_time,n/a,n/a,,,,,,,,
1171_lower,2022-07-26,2022-07-21 10:30:00-04:00,2022-08-18 10:30:00-04:00,2022-07-26 09:35:00-04:00,lower,executed,,flat,inactive,2022-07-26 09:35:00-04:00,2022-07-26 11:30:00-04:00,12216.908597739288,12141.533597739288,50.25,75.375,SL,-75.375
1173_lower,2022-07-25,2022-07-25 10:30:00-04:00,2022-08-22 10:30:00-04:00,2022-07-26 11:06:00-04:00,lower,skipped,blocked_time,n/a,n/a,,,,,,,,
1170_lower,2022-07-20,2022-07-20 10:30:00-04:00,2022-08-17 10:30:00-04:00,2022-07-26 15:07:00-04:00,lower,skipped,no_cutoff,n/a,n/a,,,,,,,,
1174_upper,2022-07-26,2022-07-26 10:30:00-04:00,2022-08-23 10:30:00-04:00,2022-07-27 12:26:00-04:00,upper,skipped,blocked_time,n/a,n/a,,,,,,,,
1175_upper,2022-07-27,2022-07-27 10:30:00-04:00,2022-08-24 10:30:00-04:00,2022-07-27 14:44:00-04:00,upper,skipped,blocked_time,n/a,n/a,,,,,,,,
1173_upper,2022-07-25,2022-07-25 10:30:00-04:00,2022-08-22 10:30:00-04:00,2022-07-27 15:24:00-04:00,upper,skipped,no_cutoff,n/a,n/a,,,,,,,,
1171_upper,2022-07-21,2022-07-21 10:30:00-04:00,2022-08-18 10:30:00-04:00,2022-07-28 13:40:00-04:00,upper,skipped,blocked_time,n/a,n/a,,,,,,,,
1172_upper,2022-07-22,2022-07-22 10:30:00-04:00,2022-08-19 10:30:00-04:00,2022-07-28 16:30:00-04:00,upper,skipped,no_cutoff,n/a,n/a,,,,,,,,
1176_upper,2022-07-28,2022-07-28 10:30:00-04:00,2022-08-25 10:30:00-04:00,2022-07-28 16:30:00-04:00,upper,skipped,no_cutoff,n/a,n/a,,,,,,,,
1177_upper,2022-08-01,2022-07-29 10:30:00-04:00,2022-08-26 10:30:00-04:00,2022-08-01 10:50:00-04:00,upper,executed,,flat,inactive,2022-08-01 10:50:00-04:00,2022-08-01 11:47:00-04:00,13082.140869365769,13082.140869365769,172.25,200.0,BE,-0.0
1179_upper,2022-08-03,2022-08-02 10:30:00-04:00,2022-08-30 10:30:00-04:00,2022-08-03 09:55:00-04:00,upper,executed,,flat,inactive,2022-08-03 09:55:00-04:00,2022-08-03 10:44:00-04:00,13104.638386131372,13104.638386131372,46.0,69.0,BE,-0.0
1178_upper,2022-08-01,2022-08-01 10:30:00-04:00,2022-08-29 10:30:00-04:00,2022-08-03 11:39:00-04:00,upper,skipped,blocked_time,n/a,n/a,,,,,,,,
1180_upper,2022-08-03,2022-08-03 10:30:00-04:00,2022-08-31 10:30:00-04:00,2022-08-03 15:44:00-04:00,upper,skipped,no_cutoff,n/a,n/a,,,,,,,,
1181_lower,2022-08-09,2022-08-04 10:30:00-04:00,2022-09-01 10:30:00-04:00,2022-08-09 09:31:00-04:00,lower,executed,,flat,inactive,2022-08-09 09:31:00-04:00,2022-08-09 09:55:00-04:00,13068.00890207824,13008.38390207824,39.75,59.625,SL,-59.625
1183_lower,2022-08-08,2022-08-08 10:30:00-04:00,2022-09-05 10:30:00-04:00,2022-08-09 09:34:00-04:00,lower,skipped,position_open,open,active,,,,,,,,
1184_upper,2022-08-10,2022-08-09 10:30:00-04:00,2022-09-06 10:30:00-04:00,2022-08-10 08:30:00-04:00,upper,executed,,flat,inactive,2022-08-10 08:30:00-04:00,2022-08-10 08:32:00-04:00,13293.761757109078,13347.761757109078,36.0,54.0,SL,-54.0
1182_upper,2022-08-11,2022-08-05 10:30:00-04:00,2022-09-02 10:30:00-04:00,2022-08-10 20:16:00-04:00,upper,executed,,flat,inactive,2022-08-10 20:16:00-04:00,2022-08-11 02:51:00-04:00,13430.565406898779,13471.440406898779,27.25,40.875,SL,-40.875
1181_upper,2022-08-04,2022-08-04 10:30:00-04:00,2022-09-01 10:30:00-04:00,2022-08-11 08:30:00-04:00,upper,skipped,SAL,n/a,active,,,,,,,,
1185_upper,2022-08-10,2022-08-10 10:30:00-04:00,2022-09-07 10:30:00-04:00,2022-08-11 10:05:00-04:00,upper,skipped,SAL,n/a,active,,,,,,,,
1183_upper,2022-08-08,2022-08-08 10:30:00-04:00,2022-09-05 10:30:00-04:00,2022-08-11 10:12:00-04:00,upper,skipped,SAL,n/a,active,,,,,,,,
1186_lower,2022-08-11,2022-08-11 10:30:00-04:00,2022-09-08 10:30:00-04:00,2022-08-11 14:53:00-04:00,lower,skipped,blocked_time,n/a,n/a,,,,,,,,
1187_upper,2022-08-15,2022-08-12 10:30:00-04:00,2022-09-09 10:30:00-04:00,2022-08-15 09:35:00-04:00,upper,executed,,flat,inactive,2022-08-15 09:35:00-04:00,2022-08-15 11:31:00-04:00,13600.768366077198,13600.768366077198,48.75,73.125,BE,-0.0
1186_upper,2022-08-11,2022-08-11 10:30:00-04:00,2022-09-08 10:30:00-04:00,2022-08-16 14:02:00-04:00,upper,skipped,blocked_time,n/a,n/a,,,,,,,,
1189_lower,2022-08-16,2022-08-16 10:30:00-04:00,2022-09-13 10:30:00-04:00,2022-08-17 11:43:00-04:00,lower,skipped,blocked_time,n/a,n/a,,,,,,,,
1188_lower,2022-08-19,2022-08-15 10:30:00-04:00,2022-09-12 10:30:00-04:00,2022-08-19 06:43:00-04:00,lower,executed,,flat,inactive,2022-08-19 06:43:00-04:00,2022-08-19 07:34:00-04:00,13371.008008129975,13371.008008129975,31.5,47.25,BE,0.0
1190_lower,2022-08-19,2022-08-17 10:30:00-04:00,2022-09-14 10:30:00-04:00,2022-08-19 09:48:00-04:00,lower,executed,,flat,inactive,2022-08-19 09:48:00-04:00,2022-08-19 10:52:00-04:00,13327.038788061058,13276.038788061058,34.0,51.0,SL,-51.0
1191_lower,2022-08-18,2022-08-18 10:30:00-04:00,2022-09-15 10:30:00-04:00,2022-08-19 10:00:00-04:00,lower,skipped,position_open,open,active,,,,,,,,
1187_lower,2022-08-12,2022-08-12 10:30:00-04:00,2022-09-09 10:30:00-04:00,2022-08-21 18:00:00-04:00,lower,skipped,no_anchor,n/a,n/a,,,,,,,,
1192_lower,2022-08-22,2022-08-19 10:30:00-04:00,2022-09-16 10:30:00-04:00,2022-08-22 02:39:00-04:00,lower,executed,,flat,inactive,2022-08-22 02:39:00-04:00,2022-08-22 03:05:00-04:00,13153.956641627865,13183.581641627865,19.75,29.625,TP,29.625
1185_lower,2022-08-22,2022-08-10 10:30:00-04:00,2022-09-07 10:30:00-04:00,2022-08-22 03:47:00-04:00,lower,executed,,flat,inactive,2022-08-22 03:47:00-04:00,2022-08-22 05:34:00-04:00,13105.837943347971,13048.462943347971,38.25,57.375,SL,-57.375
1182_lower,2022-08-05,2022-08-05 10:30:00-04:00,2022-09-02 10:30:00-04:00,2022-08-22 14:43:00-04:00,lower,skipped,blocked_time,n/a,n/a,,,,,,,,
1184_lower,2022-08-23,2022-08-09 10:30:00-04:00,2022-09-06 10:30:00-04:00,2022-08-23 02:14:00-04:00,lower,executed,,flat,inactive,2022-08-23 02:14:00-04:00,2022-08-23 03:23:00-04:00,12849.988242890922,12915.613242890922,43.75,65.625,TP,65.625
1193_lower,2022-08-22,2022-08-22 10:30:00-04:00,2022-09-19 10:30:00-04:00,2022-08-23 02:21:00-04:00,lower,skipped,position_open,open,inactive,,,,,,,,
1195_upper,2022-08-25,2022-08-24 10:30:00-04:00,2022-09-21 10:30:00-04:00,2022-08-25 10:25:00-04:00,upper,executed,,flat,inactive,2022-08-25 10:25:00-04:00,2022-08-25 13:48:00-04:00,13092.816929357217,13092.816929357217,87.0,130.5,BE,-0.0
1194_upper,2022-08-23,2022-08-23 10:30:00-04:00,2022-09-20 10:30:00-04:00,2022-08-25 18:00:00-04:00,upper,skipped,no_anchor,n/a,n/a,,,,,,,,
1196_lower,2022-08-25,2022-08-25 10:30:00-04:00,2022-09-22 10:30:00-04:00,2022-08-26 11:21:00-04:00,lower,skipped,blocked_time,n/a,n/a,,,,,,,,
1197_lower,2022-08-26,2022-08-26 10:30:00-04:00,2022-09-23 10:30:00-04:00,2022-08-26 11:22:00-04:00,lower,skipped,blocked_time,n/a,n/a,,,,,,,,
1180_lower,2022-08-03,2022-08-03 10:30:00-04:00,2022-08-31 10:30:00-04:00,2022-08-26 12:21:00-04:00,lower,skipped,blocked_time,n/a,n/a,,,,,,,,
1195_lower,2022-08-24,2022-08-24 10:30:00-04:00,2022-09-21 10:30:00-04:00,2022-08-26 15:12:00-04:00,lower,skipped,no_cutoff,n/a,n/a,,,,,,,,
1194_lower,2022-08-23,2022-08-23 10:30:00-04:00,2022-09-20 10:30:00-04:00,2022-08-26 15:32:00-04:00,lower,skipped,no_cutoff,n/a,n/a,,,,,,,,
1178_lower,2022-08-01,2022-08-01 10:30:00-04:00,2022-08-29 10:30:00-04:00,2022-08-26 15:41:00-04:00,lower,skipped,no_cutoff,n/a,n/a,,,,,,,,
1179_lower,2022-08-02,2022-08-02 10:30:00-04:00,2022-08-30 10:30:00-04:00,2022-08-26 15:41:00-04:00,lower,skipped,no_cutoff,n/a,n/a,,,,,,,,
1198_lower,2022-08-30,2022-08-29 10:30:00-04:00,2022-09-26 10:30:00-04:00,2022-08-30 10:46:00-04:00,lower,executed,,flat,inactive,2022-08-30 10:46:00-04:00,2022-08-30 12:46:00-04:00,12291.0783484724,12291.0783484724,126.5,189.75,BE,0.0
1199_lower,2022-08-30,2022-08-30 10:30:00-04:00,2022-09-27 10:30:00-04:00,2022-08-31 18:24:00-04:00,lower,skipped,no_anchor,n/a,n/a,,,,,,,,
1200_lower,2022-08-31,2022-08-31 10:30:00-04:00,2022-09-28 10:30:00-04:00,2022-08-31 18:31:00-04:00,lower,skipped,no_anchor,n/a,n/a,,,,,,,,
1201_upper,2022-09-02,2022-09-01 10:30:00-04:00,2022-09-29 10:30:00-04:00,2022-09-02 08:31:00-04:00,upper,executed,,flat,inactive,2022-09-02 08:31:00-04:00,2022-09-02 08:46:00-04:00,12390.846274025404,12322.596274025404,45.5,68.25,TP,68.25
1202_lower,2022-09-02,2022-09-02 10:30:00-04:00,2022-09-30 10:30:00-04:00,2022-09-02 13:27:00-04:00,lower,skipped,blocked_time,n/a,n/a,,,,,,,,
1203_lower,2022-09-06,2022-09-05 10:30:00-04:00,2022-10-03 10:30:00-04:00,2022-09-06 10:07:00-04:00,lower,executed,,flat,inactive,2022-09-06 10:07:00-04:00,2022-09-06 15:00:00-04:00,11954.651967364724,12015.25,168.75,200.0,cutoff,60.59803263527647
1201_lower,2022-09-01,2022-09-01 10:30:00-04:00,2022-09-29 10:30:00-04:00,2022-09-06 10:12:00-04:00,lower,skipped,position_open,open,inactive,,,,,,,,
1205_upper,2022-09-07,2022-09-07 10:30:00-04:00,2022-10-05 10:30:00-04:00,2022-09-07 14:42:00-04:00,upper,skipped,blocked_time,n/a,n/a,,,,,,,,
1203_upper,2022-09-05,2022-09-05 10:30:00-04:00,2022-10-03 10:30:00-04:00,2022-09-07 15:09:00-04:00,upper,skipped,no_cutoff,n/a,n/a,,,,,,,,
1204_upper,2022-09-09,2022-09-06 10:30:00-04:00,2022-10-04 10:30:00-04:00,2022-09-08 20:41:00-04:00,upper,executed,,flat,inactive,2022-09-08 20:41:00-04:00,2022-09-08 21:32:00-04:00,12395.530987125865,12366.280987125865,19.5,29.25,TP,29.25
1206_upper,2022-09-09,2022-09-08 10:30:00-04:00,2022-10-06 10:30:00-04:00,2022-09-09 03:15:00-04:00,upper,executed,,flat,inactive,2022-09-09 03:15:00-04:00,2022-09-09 04:17:00-04:00,12441.936278549914,12441.936278549914,35.25,52.875,BE,-0.0
1202_upper,2022-09-02,2022-09-02 10:30:00-04:00,2022-09-30 10:30:00-04:00,2022-09-11 18:00:00-04:00,upper,skipped,no_anchor,n/a,n/a,,,,,,,,
1207_upper,2022-09-09,2022-09-09 10:30:00-04:00,2022-10-07 10:30:00-04:00,2022-09-11 18:03:00-04:00,upper,skipped,no_anchor,n/a,n/a,,,,,,,,
1200_upper,2022-09-12,2022-08-31 10:30:00-04:00,2022-09-28 10:30:00-04:00,2022-09-11 20:00:00-04:00,upper,executed,,flat,inactive,2022-09-11 20:00:00-04:00,2022-09-11 20:44:00-04:00,12707.25,12677.625,19.75,29.625,TP,29.625
1198_upper,2022-09-12,2022-08-29 10:30:00-04:00,2022-09-26 10:30:00-04:00,2022-09-12 04:42:00-04:00,upper,executed,,flat,inactive,2022-09-12 04:42:00-04:00,2022-09-12 10:18:00-04:00,12756.9216515276,12830.7966515276,49.25,73.875,SL,-73.875
1199_upper,2022-08-30,2022-08-30 10:30:00-04:00,2022-09-27 10:30:00-04:00,2022-09-12 09:56:00-04:00,upper,skipped,position_open,open,active,,,,,,,,
1208_upper,2022-09-13,2022-09-12 10:30:00-04:00,2022-10-10 10:30:00-04:00,2022-09-13 08:30:00-04:00,upper,executed,,flat,inactive,2022-09-13 08:30:00-04:00,2022-09-13 08:31:00-04:00,12963.635446340944,12926.135446340944,25.0,37.5,TP,37.5
1208_lower,2022-09-13,2022-09-12 10:30:00-04:00,2022-10-10 10:30:00-04:00,2022-09-13 08:32:00-04:00,lower,executed,,flat,inactive,2022-09-13 08:32:00-04:00,2022-09-13 08:34:00-04:00,12543.864553659056,12581.364553659056,25.0,37.5,TP,37.5
1207_lower,2022-09-09,2022-09-09 10:30:00-04:00,2022-10-07 10:30:00-04:00,2022-09-13 14:45:00-04:00,lower,skipped,blocked_time,n/a,n/a,,,,,,,,
1209_lower,2022-09-13,2022-09-13 10:30:00-04:00,2022-10-11 10:30:00-04:00,2022-09-13 14:53:00-04:00,lower,skipped,blocked_time,n/a,n/a,,,,,,,,
1210_lower,2022-09-14,2022-09-14 10:30:00-04:00,2022-10-12 10:30:00-04:00,2022-09-15 15:28:00-04:00,lower,skipped,no_cutoff,n/a,n/a,,,,,,,,
1206_lower,2022-09-08,2022-09-08 10:30:00-04:00,2022-10-06 10:30:00-04:00,2022-09-15 18:00:00-04:00,lower,skipped,no_anchor,n/a,n/a,,,,,,,,
1211_lower,2022-09-15,2022-09-15 10:30:00-04:00,2022-10-13 10:30:00-04:00,2022-09-15 18:02:00-04:00,lower,skipped,no_anchor,n/a,n/a,,,,,,,,
1205_lower,2022-09-16,2022-09-07 10:30:00-04:00,2022-10-05 10:30:00-04:00,2022-09-16 04:47:00-04:00,lower,executed,,flat,inactive,2022-09-16 04:47:00-04:00,2022-09-16 06:41:00-04:00,11852.110129411976,11890.360129411976,25.5,38.25,TP,38.25
1204_lower,2022-09-16,2022-09-06 10:30:00-04:00,2022-10-04 10:30:00-04:00,2022-09-16 09:59:00-04:00,lower,executed,,flat,inactive,2022-09-16 09:59:00-04:00,2022-09-16 10:13:00-04:00,11782.219012874135,11875.969012874135,62.5,93.75,TP,93.75
1212_upper,2022-09-16,2022-09-16 10:30:00-04:00,2022-10-14 10:30:00-04:00,2022-09-19 16:01:00-04:00,upper,skipped,no_cutoff,n/a,n/a,,,,,,,,
1213_upper,2022-09-20,2022-09-19 10:30:00-04:00,2022-10-17 10:30:00-04:00,2022-09-19 19:31:00-04:00,upper,executed,,flat,inactive,2022-09-19 19:31:00-04:00,2022-09-20 03:40:00-04:00,12066.307799407474,12031.432799407474,23.25,34.875,TP,34.875
1215_lower,2022-09-21,2022-09-21 10:30:00-04:00,2022-10-19 10:30:00-04:00,2022-09-21 14:05:00-04:00,lower,skipped,blocked_time,n/a,n/a,,,,,,,,
1214_upper,2022-09-20,2022-09-20 10:30:00-04:00,2022-10-18 10:30:00-04:00,2022-09-21 14:44:00-04:00,upper,skipped,blocked_time,n/a,n/a,,,,,,,,
1214_lower,2022-09-20,2022-09-20 10:30:00-04:00,2022-10-18 10:30:00-04:00,2022-09-21 15:45:00-04:00,lower,skipped,no_cutoff,n/a,n/a,,,,,,,,
1212_lower,2022-09-16,2022-09-16 10:30:00-04:00,2022-10-14 10:30:00-04:00,2022-09-21 18:43:00-04:00,lower,skipped,no_anchor,n/a,n/a,,,,,,,,
1213_lower,2022-09-19,2022-09-19 10:30:00-04:00,2022-10-17 10:30:00-04:00,2022-09-21 18:45:00-04:00,lower,skipped,no_anchor,n/a,n/a,,,,,,,,
1216_lower,2022-09-23,2022-09-22 10:30:00-04:00,2022-10-20 10:30:00-04:00,2022-09-23 06:32:00-04:00,lower,executed,,flat,inactive,2022-09-23 06:32:00-04:00,2022-09-23 12:23:00-04:00,11412.036898244642,11323.536898244642,59.0,88.5,SL,-88.5
1217_lower,2022-09-28,2022-09-23 10:30:00-04:00,2022-10-21 10:30:00-04:00,2022-09-27 22:12:00-04:00,lower,executed,,flat,inactive,2022-09-27 22:12:00-04:00,2022-09-28 02:58:00-04:00,11205.146453847854,11205.146453847854,123.0,184.5,BE,0.0
1219_lower,2022-09-27,2022-09-27 10:30:00-04:00,2022-10-25 10:30:00-04:00,2022-09-27 22:15:00-04:00,lower,skipped,position_open,open,inactive,,,,,,,,
1220_upper,2022-09-28,2022-09-28 10:30:00-04:00,2022-10-26 10:30:00-04:00,2022-09-28 15:43:00-04:00,upper,skipped,no_cutoff,n/a,n/a,,,,,,,,
1218_lower,2022-09-26,2022-09-26 10:30:00-04:00,2022-10-24 10:30:00-04:00,2022-09-29 14:03:00-04:00,lower,skipped,blocked_time,n/a,n/a,,,,,,,,
1220_lower,2022-09-28,2022-09-28 10:30:00-04:00,2022-10-26 10:30:00-04:00,2022-09-30 15:50:00-04:00,lower,skipped,no_cutoff,n/a,n/a,,,,,,,,
1221_lower,2022-09-29,2022-09-29 10:30:00-04:00,2022-10-27 10:30:00-04:00,2022-10-02 18:00:00-04:00,lower,skipped,no_anchor,n/a,n/a,,,,,,,,
1222_lower,2022-10-03,2022-09-30 10:30:00-04:00,2022-10-28 10:30:00-04:00,2022-10-02 19:52:00-04:00,lower,executed,,flat,inactive,2022-10-02 19:52:00-04:00,2022-10-03 02:07:00-04:00,10951.064653826103,11057.939653826103,71.25,106.875,TP,106.875
1223_upper,2022-10-04,2022-10-03 10:30:00-04:00,2022-10-31 10:30:00-04:00,2022-10-03 20:17:00-04:00,upper,executed,,flat,inactive,2022-10-03 20:17:00-04:00,2022-10-03 23:42:00-04:00,11394.890160972562,11394.890160972562,48.0,72.0,BE,-0.0
1222_upper,2022-10-04,2022-09-30 10:30:00-04:00,2022-10-28 10:30:00-04:00,2022-10-04 02:47:00-04:00,upper,executed,,flat,inactive,2022-10-04 02:47:00-04:00,2022-10-04 03:35:00-04:00,11444.560346173897,11488.435346173897,29.25,43.875,SL,-43.875
1217_upper,2022-09-23,2022-09-23 10:30:00-04:00,2022-10-21 10:30:00-04:00,2022-10-04 10:01:00-04:00,upper,skipped,SAL,n/a,active,,,,,,,,
1221_upper,2022-09-29,2022-09-29 10:30:00-04:00,2022-10-27 10:30:00-04:00,2022-10-04 10:02:00-04:00,upper,skipped,SAL,n/a,active,,,,,,,,
1218_upper,2022-09-26,2022-09-26 10:30:00-04:00,2022-10-24 10:30:00-04:00,2022-10-05 15:13:00-04:00,upper,skipped,no_cutoff,n/a,n/a,,,,,,,,
1226_lower,2022-10-07,2022-10-06 10:30:00-04:00,2022-11-03 10:30:00-04:00,2022-10-07 08:51:00-04:00,lower,executed,,flat,inactive,2022-10-07 08:51:00-04:00,2022-10-07 08:58:00-04:00,11318.76750009459,11352.89250009459,22.75,34.125,TP,34.125
1224_lower,2022-10-07,2022-10-04 10:30:00-04:00,2022-11-01 10:30:00-04:00,2022-10-07 09:44:00-04:00,lower,executed,,flat,inactive,2022-10-07 09:44:00-04:00,2022-10-07 14:31:00-04:00,11292.012502107551,11092.012502107551,243.5,200.0,SL,-200.0
1225_lower,2022-10-05,2022-10-05 10:30:00-04:00,2022-11-02 10:30:00-04:00,2022-10-07 10:02:00-04:00,lower,skipped,position_open,open,active,,,,,,,,
1227_lower,2022-10-07,2022-10-07 10:30:00-04:00,2022-11-04 10:30:00-04:00,2022-10-07 15:31:00-04:00,lower,skipped,no_cutoff,n/a,n/a,,,,,,,,
1228_lower,2022-10-10,2022-10-10 10:30:00-04:00,2022-11-07 10:30:00-05:00,2022-10-11 09:56:00-04:00,lower,skipped,simultaneous_collision,flat,inactive,,,,,,,,
1223_lower,2022-10-11,2022-10-03 10:30:00-04:00,2022-10-31 10:30:00-04:00,2022-10-11 09:56:00-04:00,lower,executed,,flat,inactive,2022-10-11 09:56:00-04:00,2022-10-11 11:34:00-04:00,10838.609839027438,10933.484839027438,63.25,94.875,TP,94.875
1230_lower,2022-10-12,2022-10-12 10:30:00-04:00,2022-11-09 10:30:00-05:00,2022-10-13 08:30:00-04:00,lower,skipped,simultaneous_collision,flat,inactive,,,,,,,,
1229_lower,2022-10-13,2022-10-11 10:30:00-04:00,2022-11-08 10:30:00-05:00,2022-10-13 08:30:00-04:00,lower,executed,,flat,inactive,2022-10-13 08:30:00-04:00,2022-10-13 08:31:00-04:00,10632.627228587022,10513.377228587022,79.5,119.25,SL,-119.25
1231_upper,2022-10-13,2022-10-13 10:30:00-04:00,2022-11-10 10:30:00-05:00,2022-10-13 11:17:00-04:00,upper,skipped,blocked_time,n/a,n/a,,,,,,,,
1230_upper,2022-10-12,2022-10-12 10:30:00-04:00,2022-11-09 10:30:00-05:00,2022-10-13 15:07:00-04:00,upper,skipped,no_cutoff,n/a,n/a,,,,,,,,
1229_upper,2022-10-14,2022-10-11 10:30:00-04:00,2022-11-08 10:30:00-05:00,2022-10-13 21:45:00-04:00,upper,executed,,flat,inactive,2022-10-13 21:45:00-04:00,2022-10-13 22:31:00-04:00,11153.997771412978,11153.997771412978,46.5,69.75,BE,-0.0
1233_upper,2022-10-18,2022-10-17 10:30:00-04:00,2022-11-14 10:30:00-05:00,2022-10-17 23:42:00-04:00,upper,executed,,flat,inactive,2022-10-17 23:42:00-04:00,2022-10-17 23:45:00-04:00,11275.029509057704,11297.904509057704,15.25,22.875,SL,-22.875
1228_upper,2022-10-10,2022-10-10 10:30:00-04:00,2022-11-07 10:30:00-05:00,2022-10-18 00:18:00-04:00,upper,skipped,SAL,n/a,active,,,,,,,,
1234_lower,2022-10-18,2022-10-18 10:30:00-04:00,2022-11-15 10:30:00-05:00,2022-10-18 11:38:00-04:00,lower,skipped,blocked_time,n/a,n/a,,,,,,,,
1237_upper,2022-10-21,2022-10-21 10:30:00-04:00,2022-11-18 10:30:00-05:00,2022-10-21 16:35:00-04:00,upper,skipped,no_cutoff,n/a,n/a,,,,,,,,
1235_upper,2022-10-19,2022-10-19 10:30:00-04:00,2022-11-16 10:30:00-05:00,2022-10-23 18:00:00-04:00,upper,skipped,no_anchor,n/a,n/a,,,,,,,,
1236_upper,2022-10-20,2022-10-20 10:30:00-04:00,2022-11-17 10:30:00-05:00,2022-10-23 18:01:00-04:00,upper,skipped,no_anchor,n/a,n/a,,,,,,,,
1232_upper,2022-10-14,2022-10-14 10:30:00-04:00,2022-11-11 10:30:00-05:00,2022-10-23 18:06:00-04:00,upper,skipped,no_anchor,n/a,n/a,,,,,,,,
1227_upper,2022-10-25,2022-10-07 10:30:00-04:00,2022-11-04 10:30:00-04:00,2022-10-25 09:31:00-04:00,upper,executed,,flat,inactive,2022-10-25 09:31:00-04:00,2022-10-25 09:47:00-04:00,11565.283863509825,11616.283863509825,34.0,51.0,SL,-51.0
1238_upper,2022-10-24,2022-10-24 10:30:00-04:00,2022-11-21 10:30:00-05:00,2022-10-25 09:50:00-04:00,upper,skipped,SAL,n/a,active,,,,,,,,
1234_upper,2022-10-18,2022-10-18 10:30:00-04:00,2022-11-15 10:30:00-05:00,2022-10-25 09:54:00-04:00,upper,skipped,SAL,n/a,active,,,,,,,,
1239_lower,2022-10-27,2022-10-25 10:30:00-04:00,2022-11-22 10:30:00-05:00,2022-10-27 09:50:00-04:00,lower,executed,,flat,inactive,2022-10-27 09:50:00-04:00,2022-10-27 11:43:00-04:00,11299.69441932986,11299.69441932986,103.75,155.625,BE,0.0
1240_lower,2022-10-26,2022-10-26 10:30:00-04:00,2022-11-23 10:30:00-05:00,2022-10-27 14:10:00-04:00,lower,skipped,blocked_time,n/a,n/a,,,,,,,,
1241_lower,2022-10-27,2022-10-27 10:30:00-04:00,2022-11-24 10:30:00-05:00,2022-10-27 16:02:00-04:00,lower,skipped,no_cutoff,n/a,n/a,,,,,,,,
1238_lower,2022-10-24,2022-10-24 10:30:00-04:00,2022-11-21 10:30:00-05:00,2022-10-27 16:10:00-04:00,lower,skipped,no_cutoff,n/a,n/a,,,,,,,,
1242_upper,2022-10-28,2022-10-28 10:30:00-04:00,2022-11-25 10:30:00-05:00,2022-10-28 13:09:00-04:00,upper,skipped,blocked_time,n/a,n/a,,,,,,,,
1243_lower,2022-10-31,2022-10-31 10:30:00-04:00,2022-11-28 10:30:00-05:00,2022-11-02 11:12:00-04:00,lower,skipped,blocked_time,n/a,n/a,,,,,,,,
1244_lower,2022-11-01,2022-11-01 10:30:00-04:00,2022-11-29 10:30:00-05:00,2022-11-02 11:13:00-04:00,lower,skipped,blocked_time,n/a,n/a,,,,,,,,
1245_lower,2022-11-02,2022-11-02 10:30:00-04:00,2022-11-30 10:30:00-05:00,2022-11-02 14:53:00-04:00,lower,skipped,blocked_time,n/a,n/a,,,,,,,,
1242_lower,2022-10-28,2022-10-28 10:30:00-04:00,2022-11-25 10:30:00-05:00,2022-11-02 15:47:00-04:00,lower,skipped,no_cutoff,n/a,n/a,,,,,,,,
1235_lower,2022-11-03,2022-10-19 10:30:00-04:00,2022-11-16 10:30:00-05:00,2022-11-03 04:53:00-04:00,lower,executed,,flat,inactive,2022-11-03 04:53:00-04:00,2022-11-03 05:54:00-04:00,10896.541223188657,10896.541223188657,53.5,80.25,BE,0.0
1236_lower,2022-11-03,2022-10-20 10:30:00-04:00,2022-11-17 10:30:00-05:00,2022-11-03 07:11:00-04:00,lower,executed,,flat,inactive,2022-11-03 07:11:00-04:00,2022-11-03 09:54:00-04:00,10845.815813641784,10741.940813641784,69.25,103.875,SL,-103.875
1233_lower,2022-10-17,2022-10-17 10:30:00-04:00,2022-11-14 10:30:00-05:00,2022-11-03 09:32:00-04:00,lower,skipped,position_open,open,active,,,,,,,,
1237_lower,2022-10-21,2022-10-21 10:30:00-04:00,2022-11-18 10:30:00-05:00,2022-11-03 09:45:00-04:00,lower,skipped,position_open,open,active,,,,,,,,
1232_lower,2022-10-14,2022-10-14 10:30:00-04:00,2022-11-11 10:30:00-05:00,2022-11-03 18:00:00-04:00,lower,skipped,no_anchor,n/a,n/a,,,,,,,,
1246_upper,2022-11-03,2022-11-03 10:30:00-04:00,2022-12-01 10:30:00-05:00,2022-11-07 14:40:00-05:00,upper,skipped,blocked_time,n/a,n/a,,,,,,,,
1248_upper,2022-11-08,2022-11-07 10:30:00-05:00,2022-12-05 10:30:00-05:00,2022-11-08 10:39:00-05:00,upper,executed,,flat,inactive,2022-11-08 10:39:00-05:00,2022-11-08 14:24:00-05:00,11126.530619733101,10979.905619733101,97.75,146.625,TP,146.625
1247_upper,2022-11-04,2022-11-04 10:30:00-04:00,2022-12-02 10:30:00-05:00,2022-11-08 11:25:00-05:00,upper,skipped,blocked_time,n/a,n/a,,,,,,,,
1249_lower,2022-11-08,2022-11-08 10:30:00-05:00,2022-12-06 10:30:00-05:00,2022-11-09 13:35:00-05:00,lower,skipped,blocked_time,n/a,n/a,,,,,,,,
1250_lower,2022-11-09,2022-11-09 10:30:00-05:00,2022-12-07 10:30:00-05:00,2022-11-09 15:48:00-05:00,lower,skipped,no_cutoff,n/a,n/a,,,,,,,,
1250_upper,2022-11-09,2022-11-09 10:30:00-05:00,2022-12-07 10:30:00-05:00,2022-11-10 08:30:00-05:00,upper,skipped,simultaneous_collision,flat,inactive,,,,,,,,
1249_upper,2022-11-10,2022-11-08 10:30:00-05:00,2022-12-06 10:30:00-05:00,2022-11-10 08:30:00-05:00,upper,executed,,flat,inactive,2022-11-10 08:30:00-05:00,2022-11-10 08:31:00-05:00,11259.011720215458,11218.136720215458,27.25,40.875,TP,40.875
1245_upper,2022-11-02,2022-11-02 10:30:00-04:00,2022-11-30 10:30:00-05:00,2022-11-10 11:55:00-05:00,upper,skipped,blocked_time,n/a,n/a,,,,,,,,
1251_upper,2022-11-10,2022-11-10 10:30:00-05:00,2022-12-08 10:30:00-05:00,2022-11-10 15:54:00-05:00,upper,skipped,no_cutoff,n/a,n/a,,,,,,,,
1241_upper,2022-10-27,2022-10-27 10:30:00-04:00,2022-11-24 10:30:00-05:00,2022-11-10 16:28:00-05:00,upper,skipped,no_cutoff,n/a,n/a,,,,,,,,
1243_upper,2022-11-11,2022-10-31 10:30:00-04:00,2022-11-28 10:30:00-05:00,2022-11-11 00:46:00-05:00,upper,executed,,flat,inactive,2022-11-11 00:46:00-05:00,2022-11-11 01:06:00-05:00,11693.958659178563,11739.708659178563,30.5,45.75,SL,-45.75
1240_upper,2022-10-26,2022-10-26 10:30:00-04:00,2022-11-23 10:30:00-05:00,2022-11-11 01:07:00-05:00,upper,skipped,SAL,n/a,active,,,,,,,,
1239_upper,2022-10-25,2022-10-25 10:30:00-04:00,2022-11-22 10:30:00-05:00,2022-11-11 13:11:00-05:00,upper,skipped,blocked_time,n/a,n/a,,,,,,,,
1244_upper,2022-11-01,2022-11-01 10:30:00-04:00,2022-11-29 10:30:00-05:00,2022-11-11 14:05:00-05:00,upper,skipped,blocked_time,n/a,n/a,,,,,,,,
1252_upper,2022-11-15,2022-11-11 10:30:00-05:00,2022-12-09 10:30:00-05:00,2022-11-15 07:26:00-05:00,upper,executed,,flat,inactive,2022-11-15 07:26:00-05:00,2022-11-15 08:10:00-05:00,11903.570918832313,11942.195918832313,25.75,38.625,SL,-38.625
1253_upper,2022-11-14,2022-11-14 10:30:00-05:00,2022-12-12 10:30:00-05:00,2022-11-15 08:30:00-05:00,upper,skipped,SAL,n/a,active,,,,,,,,
1254_lower,2022-11-15,2022-11-15 10:30:00-05:00,2022-12-13 10:30:00-05:00,2022-11-15 13:32:00-05:00,lower,skipped,blocked_time,n/a,n/a,,,,,,,,
1255_lower,2022-11-17,2022-11-16 10:30:00-05:00,2022-12-14 10:30:00-05:00,2022-11-17 08:07:00-05:00,lower,executed,,flat,inactive,2022-11-17 08:07:00-05:00,2022-11-17 11:57:00-05:00,11600.222654747315,11699.597654747315,66.25,99.375,TP,99.375
1253_lower,2022-11-14,2022-11-14 10:30:00-05:00,2022-12-12 10:30:00-05:00,2022-11-17 08:53:00-05:00,lower,skipped,position_open,open,inactive,,,,,,,,
1256_upper,2022-11-18,2022-11-17 10:30:00-05:00,2022-12-15 10:30:00-05:00,2022-11-18 05:39:00-05:00,upper,executed,,flat,inactive,2022-11-18 05:39:00-05:00,2022-11-18 10:06:00-05:00,11789.96382847149,11695.46382847149,63.0,94.5,TP,94.5
1257_lower,2022-11-18,2022-11-18 10:30:00-05:00,2022-12-16 10:30:00-05:00,2022-11-21 12:58:00-05:00,lower,skipped,blocked_time,n/a,n/a,,,,,,,,
1259_upper,2022-11-23,2022-11-22 10:30:00-05:00,2022-12-20 10:30:00-05:00,2022-11-23 07:19:00-05:00,upper,executed,,flat,inactive,2022-11-23 07:19:00-05:00,2022-11-23 09:37:00-05:00,11784.058768862935,11784.058768862935,31.75,47.625,BE,-0.0
1258_upper,2022-11-23,2022-11-21 10:30:00-05:00,2022-12-19 10:30:00-05:00,2022-11-23 09:53:00-05:00,upper,executed,,flat,inactive,2022-11-23 09:53:00-05:00,2022-11-23 11:56:00-05:00,11844.236650168996,11776.361650168996,45.25,67.875,TP,67.875
1261_lower,2022-11-25,2022-11-24 10:30:00-05:00,2022-12-22 10:30:00-05:00,2022-11-25 09:21:00-05:00,lower,executed,,flat,inactive,2022-11-25 09:21:00-05:00,2022-11-25 11:25:00-05:00,11795.123306016816,11795.123306016816,34.75,52.125,BE,0.0
1262_lower,2022-11-28,2022-11-25 10:30:00-05:00,2022-12-23 10:30:00-05:00,2022-11-28 04:56:00-05:00,lower,executed,,flat,inactive,2022-11-28 04:56:00-05:00,2022-11-28 09:30:00-05:00,11651.386245821128,11720.386245821128,46.0,69.0,TP,69.0
1260_lower,2022-11-23,2022-11-23 10:30:00-05:00,2022-12-21 10:30:00-05:00,2022-11-28 15:25:00-05:00,lower,skipped,no_cutoff,n/a,n/a,,,,,,,,
1263_lower,2022-11-28,2022-11-28 10:30:00-05:00,2022-12-27 10:30:00-05:00,2022-11-29 11:04:00-05:00,lower,skipped,blocked_time,n/a,n/a,,,,,,,,
1265_upper,2022-11-30,2022-11-30 10:30:00-05:00,2022-12-29 10:30:00-05:00,2022-11-30 13:38:00-05:00,upper,skipped,blocked_time,n/a,n/a,,,,,,,,
1264_upper,2022-11-29,2022-11-29 10:30:00-05:00,2022-12-28 10:30:00-05:00,2022-11-30 14:00:00-05:00,upper,skipped,blocked_time,n/a,n/a,,,,,,,,
1263_upper,2022-11-28,2022-11-28 10:30:00-05:00,2022-12-27 10:30:00-05:00,2022-11-30 14:19:00-05:00,upper,skipped,blocked_time,n/a,n/a,,,,,,,,
1262_upper,2022-11-25,2022-11-25 10:30:00-05:00,2022-12-23 10:30:00-05:00,2022-11-30 15:16:00-05:00,upper,skipped,no_cutoff,n/a,n/a,,,,,,,,
1260_upper,2022-11-23,2022-11-23 10:30:00-05:00,2022-12-21 10:30:00-05:00,2022-11-30 15:31:00-05:00,upper,skipped,no_cutoff,n/a,n/a,,,,,,,,
1255_upper,2022-11-16,2022-11-16 10:30:00-05:00,2022-12-14 10:30:00-05:00,2022-11-30 15:37:00-05:00,upper,skipped,no_cutoff,n/a,n/a,,,,,,,,
1261_upper,2022-11-24,2022-11-24 10:30:00-05:00,2022-12-22 10:30:00-05:00,2022-11-30 15:55:00-05:00,upper,skipped,no_cutoff,n/a,n/a,,,,,,,,
1257_upper,2022-11-18,2022-11-18 10:30:00-05:00,2022-12-16 10:30:00-05:00,2022-11-30 15:59:00-05:00,upper,skipped,no_cutoff,n/a,n/a,,,,,,,,
1266_lower,2022-12-02,2022-12-01 10:30:00-05:00,2022-12-30 10:30:00-05:00,2022-12-02 08:30:00-05:00,lower,executed,,flat,inactive,2022-12-02 08:30:00-05:00,2022-12-02 08:33:00-05:00,11797.749160435953,11747.874160435953,33.25,49.875,SL,-49.875
1268_lower,2022-12-06,2022-12-05 10:30:00-05:00,2023-01-04 10:30:00-05:00,2022-12-06 09:43:00-05:00,lower,executed,,flat,inactive,2022-12-06 09:43:00-05:00,2022-12-06 09:57:00-05:00,11742.7776176742,11677.1526176742,43.75,65.625,SL,-65.625
1267_lower,2022-12-02,2022-12-02 10:30:00-05:00,2023-01-03 10:30:00-05:00,2022-12-06 09:56:00-05:00,lower,skipped,position_open,open,active,,,,,,,,
1269_lower,2022-12-06,2022-12-06 10:30:00-05:00,2023-01-05 10:30:00-05:00,2022-12-06 14:33:00-05:00,lower,skipped,blocked_time,n/a,n/a,,,,,,,,
1258_lower,2022-12-07,2022-11-21 10:30:00-05:00,2022-12-19 10:30:00-05:00,2022-12-07 07:20:00-05:00,lower,executed,,flat,inactive,2022-12-07 07:20:00-05:00,2022-12-07 08:06:00-05:00,11448.763349831004,11448.763349831004,60.25,90.375,BE,0.0
1264_lower,2022-11-29,2022-11-29 10:30:00-05:00,2022-12-28 10:30:00-05:00,2022-12-07 07:21:00-05:00,lower,skipped,position_open,open,inactive,,,,,,,,
1270_upper,2022-12-09,2022-12-07 10:30:00-05:00,2023-01-06 10:30:00-05:00,2022-12-09 07:57:00-05:00,upper,executed,,flat,inactive,2022-12-09 07:57:00-05:00,2022-12-09 08:30:00-05:00,11733.270575900835,11698.770575900835,23.0,34.5,TP,34.5
1272_upper,2022-12-09,2022-12-09 10:30:00-05:00,2023-01-10 10:30:00-05:00,2022-12-12 15:10:00-05:00,upper,skipped,no_cutoff,n/a,n/a,,,,,,,,
1271_upper,2022-12-08,2022-12-08 10:30:00-05:00,2023-01-09 10:30:00-05:00,2022-12-12 15:55:00-05:00,upper,skipped,no_cutoff,n/a,n/a,,,,,,,,
1273_upper,2022-12-13,2022-12-12 10:30:00-05:00,2023-01-11 10:30:00-05:00,2022-12-13 02:05:00-05:00,upper,executed,,flat,inactive,2022-12-13 02:05:00-05:00,2022-12-13 02:52:00-05:00,11846.974622821703,11846.974622821703,19.25,28.875,BE,-0.0
1269_upper,2022-12-13,2022-12-06 10:30:00-05:00,2023-01-05 10:30:00-05:00,2022-12-13 08:26:00-05:00,upper,executed,,flat,inactive,2022-12-13 08:26:00-05:00,2022-12-13 08:28:00-05:00,11999.763856458889,11926.638856458889,48.75,73.125,TP,73.125
1268_upper,2022-12-05,2022-12-05 10:30:00-05:00,2023-01-04 10:30:00-05:00,2022-12-13 08:29:00-05:00,upper,skipped,simultaneous_collision,flat,inactive,,,,,,,,
1267_upper,2022-12-13,2022-12-02 10:30:00-05:00,2023-01-03 10:30:00-05:00,2022-12-13 08:29:00-05:00,upper,executed,,flat,inactive,2022-12-13 08:29:00-05:00,2022-12-13 08:30:00-05:00,12053.940562304266,12127.065562304266,48.75,73.125,SL,-73.125
1254_upper,2022-11-15,2022-11-15 10:30:00-05:00,2022-12-13 10:30:00-05:00,2022-12-13 08:30:00-05:00,upper,skipped,SAL,n/a,active,,,,,,,,
1266_upper,2022-12-01,2022-12-01 10:30:00-05:00,2022-12-30 10:30:00-05:00,2022-12-13 08:30:00-05:00,upper,skipped,SAL,n/a,active,,,,,,,,
1274_lower,2022-12-13,2022-12-13 10:30:00-05:00,2023-01-12 10:30:00-05:00,2022-12-13 12:10:00-05:00,lower,skipped,blocked_time,n/a,n/a,,,,,,,,
1275_lower,2022-12-14,2022-12-14 10:30:00-05:00,2023-01-13 10:30:00-05:00,2022-12-14 14:34:00-05:00,lower,skipped,blocked_time,n/a,n/a,,,,,,,,
1273_lower,2022-12-15,2022-12-12 10:30:00-05:00,2023-01-11 10:30:00-05:00,2022-12-15 10:04:00-05:00,lower,executed,,flat,inactive,2022-12-15 10:04:00-05:00,2022-12-15 15:00:00-05:00,11538.400377178297,11489.5,158.25,200.0,cutoff,-48.900377178297276
1272_lower,2022-12-09,2022-12-09 10:30:00-05:00,2023-01-10 10:30:00-05:00,2022-12-15 13:07:00-05:00,lower,skipped,blocked_time,n/a,n/a,,,,,,,,
1276_lower,2022-12-15,2022-12-15 10:30:00-05:00,2023-01-16 10:30:00-05:00,2022-12-15 13:32:00-05:00,lower,skipped,blocked_time,n/a,n/a,,,,,,,,
1259_lower,2022-11-22,2022-11-22 10:30:00-05:00,2022-12-20 10:30:00-05:00,2022-12-15 13:51:00-05:00,lower,skipped,blocked_time,n/a,n/a,,,,,,,,
1265_lower,2022-12-16,2022-11-30 10:30:00-05:00,2022-12-29 10:30:00-05:00,2022-12-16 03:12:00-05:00,lower,executed,,flat,inactive,2022-12-16 03:12:00-05:00,2022-12-16 09:49:00-05:00,11392.00061004307,11486.50061004307,63.0,94.5,TP,94.5
1271_lower,2022-12-08,2022-12-08 10:30:00-05:00,2023-01-09 10:30:00-05:00,2022-12-16 04:11:00-05:00,lower,skipped,position_open,open,inactive,,,,,,,,
1270_lower,2022-12-07,2022-12-07 10:30:00-05:00,2023-01-06 10:30:00-05:00,2022-12-16 12:15:00-05:00,lower,skipped,blocked_time,n/a,n/a,,,,,,,,
1277_lower,2022-12-16,2022-12-16 10:30:00-05:00,2023-01-17 10:30:00-05:00,2022-12-19 11:33:00-05:00,lower,skipped,blocked_time,n/a,n/a,,,,,,,,
1278_lower,2022-12-20,2022-12-19 10:30:00-05:00,2023-01-18 10:30:00-05:00,2022-12-19 22:10:00-05:00,lower,executed,,flat,inactive,2022-12-19 22:10:00-05:00,2022-12-19 22:19:00-05:00,11126.290901887442,11097.415901887442,19.25,28.875,SL,-28.875
1279_upper,2022-12-20,2022-12-20 10:30:00-05:00,2023-01-19 10:30:00-05:00,2022-12-21 11:01:00-05:00,upper,skipped,blocked_time,n/a,n/a,,,,,,,,
1280_lower,2022-12-22,2022-12-21 10:30:00-05:00,2023-01-20 10:30:00-05:00,2022-12-22 10:11:00-05:00,lower,executed,,flat,inactive,2022-12-22 10:11:00-05:00,2022-12-22 15:00:00-05:00,11041.291545346838,10980.0,115.5,173.25,cutoff,-61.291545346837665
1279_lower,2022-12-20,2022-12-20 10:30:00-05:00,2023-01-19 10:30:00-05:00,2022-12-22 12:29:00-05:00,lower,skipped,blocked_time,n/a,n/a,,,,,,,,
1281_lower,2022-12-22,2022-12-22 10:30:00-05:00,2023-01-23 10:30:00-05:00,2022-12-22 12:38:00-05:00,lower,skipped,blocked_time,n/a,n/a,,,,,,,,
1283_lower,2022-12-27,2022-12-27 10:30:00-05:00,2023-01-25 10:30:00-05:00,2022-12-28 11:38:00-05:00,lower,skipped,blocked_time,n/a,n/a,,,,,,,,
1282_lower,2022-12-23,2022-12-23 10:30:00-05:00,2023-01-24 10:30:00-05:00,2022-12-28 12:02:00-05:00,lower,skipped,blocked_time,n/a,n/a,,,,,,,,
1284_upper,2022-12-28,2022-12-28 10:30:00-05:00,2023-01-26 10:30:00-05:00,2023-01-02 18:00:00-05:00,upper,skipped,no_anchor,n/a,n/a,,,,,,,,
1285_upper,2022-12-29,2022-12-29 10:30:00-05:00,2023-01-27 10:30:00-05:00,2023-01-02 18:00:00-05:00,upper,skipped,no_anchor,n/a,n/a,,,,,,,,
1286_upper,2022-12-30,2022-12-30 10:30:00-05:00,2023-01-30 10:30:00-05:00,2023-01-02 18:00:00-05:00,upper,skipped,no_anchor,n/a,n/a,,,,,,,,
1287_lower,2023-01-06,2023-01-03 10:30:00-05:00,2023-01-31 10:30:00-05:00,2023-01-06 04:21:00-05:00,lower,executed,,flat,inactive,2023-01-06 04:21:00-05:00,2023-01-06 05:59:00-05:00,10790.501192215608,10790.501192215608,24.25,36.375,BE,0.0
1288_lower,2023-01-06,2023-01-04 10:30:00-05:00,2023-02-01 10:30:00-05:00,2023-01-06 08:19:00-05:00,lower,executed,,flat,inactive,2023-01-06 08:19:00-05:00,2023-01-06 08:30:00-05:00,10757.198740682918,10800.323740682918,28.75,43.125,TP,43.125
1289_upper,2023-01-05,2023-01-05 10:30:00-05:00,2023-02-02 10:30:00-05:00,2023-01-06 14:00:00-05:00,upper,skipped,blocked_time,n/a,n/a,,,,,,,,
1290_upper,2023-01-06,2023-01-06 10:30:00-05:00,2023-02-03 10:30:00-05:00,2023-01-06 14:12:00-05:00,upper,skipped,blocked_time,n/a,n/a,,,,,,,,
1282_upper,2023-01-09,2022-12-23 10:30:00-05:00,2023-01-24 10:30:00-05:00,2023-01-09 09:23:00-05:00,upper,executed,,flat,inactive,2023-01-09 09:23:00-05:00,2023-01-09 09:50:00-05:00,11204.474121298388,11280.599121298388,50.75,76.125,SL,-76.125
1283_upper,2022-12-27,2022-12-27 10:30:00-05:00,2023-01-25 10:30:00-05:00,2023-01-09 09:31:00-05:00,upper,skipped,position_open,open,active,,,,,,,,
1288_upper,2023-01-04,2023-01-04 10:30:00-05:00,2023-02-01 10:30:00-05:00,2023-01-09 09:31:00-05:00,upper,skipped,position_open,open,active,,,,,,,,
1287_upper,2023-01-03,2023-01-03 10:30:00-05:00,2023-01-31 10:30:00-05:00,2023-01-09 11:14:00-05:00,upper,skipped,blocked_time,n/a,n/a,,,,,,,,
1292_upper,2023-01-11,2023-01-10 10:30:00-05:00,2023-02-07 10:30:00-05:00,2023-01-11 10:27:00-05:00,upper,executed,,flat,inactive,2023-01-11 10:27:00-05:00,2023-01-11 11:49:00-05:00,11381.481436238024,11381.481436238024,72.25,108.375,BE,-0.0
1281_upper,2022-12-22,2022-12-22 10:30:00-05:00,2023-01-23 10:30:00-05:00,2023-01-11 12:11:00-05:00,upper,skipped,blocked_time,n/a,n/a,,,,,,,,
1280_upper,2022-12-21,2022-12-21 10:30:00-05:00,2023-01-20 10:30:00-05:00,2023-01-11 12:22:00-05:00,upper,skipped,blocked_time,n/a,n/a,,,,,,,,
1291_upper,2023-01-09,2023-01-09 10:30:00-05:00,2023-02-06 10:30:00-05:00,2023-01-11 13:04:00-05:00,upper,skipped,blocked_time,n/a,n/a,,,,,,,,
1293_upper,2023-01-12,2023-01-11 10:30:00-05:00,2023-02-08 10:30:00-05:00,2023-01-12 07:59:00-05:00,upper,executed,,flat,inactive,2023-01-12 07:59:00-05:00,2023-01-12 08:26:00-05:00,11496.374380030957,11517.374380030957,14.0,21.0,SL,-21.0
1278_upper,2022-12-19,2022-12-19 10:30:00-05:00,2023-01-18 10:30:00-05:00,2023-01-12 08:27:00-05:00,upper,skipped,SAL,n/a,active,,,,,,,,
1295_upper,2023-01-16,2023-01-13 10:30:00-05:00,2023-02-10 10:30:00-05:00,2023-01-15 20:58:00-05:00,upper,executed,,flat,inactive,2023-01-15 20:58:00-05:00,2023-01-16 02:06:00-05:00,11620.380454430171,11582.505454430171,25.25,37.875,TP,37.875
1277_upper,2022-12-16,2022-12-16 10:30:00-05:00,2023-01-17 10:30:00-05:00,2023-01-15 20:59:00-05:00,upper,skipped,position_open,open,inactive,,,,,,,,
1296_upper,2023-01-16,2023-01-16 10:30:00-05:00,2023-02-13 10:30:00-05:00,2023-01-18 08:30:00-05:00,upper,skipped,simultaneous_collision,flat,inactive,,,,,,,,
1294_upper,2023-01-18,2023-01-12 10:30:00-05:00,2023-02-09 10:30:00-05:00,2023-01-18 08:30:00-05:00,upper,executed,,flat,inactive,2023-01-18 08:30:00-05:00,2023-01-18 08:33:00-05:00,11703.297651260793,11656.797651260793,31.0,46.5,TP,46.5
1298_lower,2023-01-18,2023-01-18 10:30:00-05:00,2023-02-15 10:30:00-05:00,2023-01-18 11:22:00-05:00,lower,skipped,blocked_time,n/a,n/a,,,,,,,,
1296_lower,2023-01-16,2023-01-16 10:30:00-05:00,2023-02-13 10:30:00-05:00,2023-01-18 13:08:00-05:00,lower,skipped,blocked_time,n/a,n/a,,,,,,,,
1297_lower,2023-01-19,2023-01-17 10:30:00-05:00,2023-02-14 10:30:00-05:00,2023-01-19 04:41:00-05:00,lower,executed,,flat,inactive,2023-01-19 04:41:00-05:00,2023-01-19 08:30:00-05:00,11425.63319472531,11354.75819472531,47.25,70.875,SL,-70.875
1299_upper,2023-01-19,2023-01-19 10:30:00-05:00,2023-02-16 10:30:00-05:00,2023-01-20 13:36:00-05:00,upper,skipped,blocked_time,n/a,n/a,,,,,,,,
1300_upper,2023-01-20,2023-01-20 10:30:00-05:00,2023-02-17 10:30:00-05:00,2023-01-20 14:22:00-05:00,upper,skipped,blocked_time,n/a,n/a,,,,,,,,
1297_upper,2023-01-23,2023-01-17 10:30:00-05:00,2023-02-14 10:30:00-05:00,2023-01-23 09:50:00-05:00,upper,executed,,flat,inactive,2023-01-23 09:50:00-05:00,2023-01-23 10:24:00-05:00,11790.36680527469,11848.49180527469,38.75,58.125,SL,-58.125
1298_upper,2023-01-18,2023-01-18 10:30:00-05:00,2023-02-15 10:30:00-05:00,2023-01-23 10:25:00-05:00,upper,skipped,SAL,n/a,active,,,,,,,,
1301_upper,2023-01-23,2023-01-23 10:30:00-05:00,2023-02-20 10:30:00-05:00,2023-01-23 13:20:00-05:00,upper,skipped,blocked_time,n/a,n/a,,,,,,,,
1302_lower,2023-01-25,2023-01-24 10:30:00-05:00,2023-02-21 10:30:00-05:00,2023-01-25 08:59:00-05:00,lower,executed,,flat,inactive,2023-01-25 08:59:00-05:00,2023-01-25 09:32:00-05:00,11703.094299171344,11662.219299171344,27.25,40.875,SL,-40.875
1303_upper,2023-01-25,2023-01-25 10:30:00-05:00,2023-02-22 10:30:00-05:00,2023-01-25 14:15:00-05:00,upper,skipped,blocked_time,n/a,n/a,,,,,,,,
1302_upper,2023-01-26,2023-01-24 10:30:00-05:00,2023-02-21 10:30:00-05:00,2023-01-26 09:31:00-05:00,upper,executed,,flat,inactive,2023-01-26 09:31:00-05:00,2023-01-26 10:55:00-05:00,12051.780700828656,11931.780700828656,80.0,120.0,TP,120.0
1304_upper,2023-01-26,2023-01-26 10:30:00-05:00,2023-02-23 10:30:00-05:00,2023-01-27 11:43:00-05:00,upper,skipped,blocked_time,n/a,n/a,,,,,,,,
1305_upper,2023-01-27,2023-01-27 10:30:00-05:00,2023-02-24 10:30:00-05:00,2023-01-27 15:01:00-05:00,upper,skipped,no_cutoff,n/a,n/a,,,,,,,,
1306_lower,2023-01-31,2023-01-30 10:30:00-05:00,2023-02-27 10:30:00-05:00,2023-01-31 03:48:00-05:00,lower,executed,,flat,inactive,2023-01-31 03:48:00-05:00,2023-01-31 05:01:00-05:00,11909.857413620459,11909.857413620459,50.75,76.125,BE,0.0
1305_lower,2023-01-31,2023-01-27 10:30:00-05:00,2023-02-24 10:30:00-05:00,2023-01-31 06:28:00-05:00,lower,executed,,flat,inactive,2023-01-31 06:28:00-05:00,2023-01-31 07:47:00-05:00,11880.0556420895,11931.4306420895,34.25,51.375,TP,51.375
1307_upper,2023-02-01,2023-01-31 10:30:00-05:00,2023-02-28 10:30:00-05:00,2023-02-01 07:33:00-05:00,upper,executed,,flat,inactive,2023-02-01 07:33:00-05:00,2023-02-01 08:58:00-05:00,12168.678097481588,12130.803097481588,25.25,37.875,TP,37.875
1306_upper,2023-01-30,2023-01-30 10:30:00-05:00,2023-02-27 10:30:00-05:00,2023-02-01 14:40:00-05:00,upper,skipped,blocked_time,n/a,n/a,,,,,,,,
1308_upper,2023-02-01,2023-02-01 10:30:00-05:00,2023-03-01 10:30:00-05:00,2023-02-01 14:41:00-05:00,upper,skipped,blocked_time,n/a,n/a,,,,,,,,
1309_upper,2023-02-02,2023-02-02 10:30:00-05:00,2023-03-02 10:30:00-05:00,2023-02-02 13:34:00-05:00,upper,skipped,blocked_time,n/a,n/a,,,,,,,,
1309_lower,2023-02-06,2023-02-02 10:30:00-05:00,2023-03-02 10:30:00-05:00,2023-02-06 04:17:00-05:00,lower,executed,,flat,inactive,2023-02-06 04:17:00-05:00,2023-02-06 10:03:00-05:00,12513.479371093,12582.104371093,45.75,68.625,TP,68.625
1312_upper,2023-02-07,2023-02-07 10:30:00-05:00,2023-03-07 10:30:00-05:00,2023-02-07 12:46:00-05:00,upper,skipped,blocked_time,n/a,n/a,,,,,,,,
1311_upper,2023-02-06,2023-02-06 10:30:00-05:00,2023-03-06 10:30:00-05:00,2023-02-07 12:52:00-05:00,upper,skipped,blocked_time,n/a,n/a,,,,,,,,
1313_lower,2023-02-08,2023-02-08 10:30:00-05:00,2023-03-08 10:30:00-05:00,2023-02-09 12:45:00-05:00,lower,skipped,blocked_time,n/a,n/a,,,,,,,,
1314_lower,2023-02-09,2023-02-09 10:30:00-05:00,2023-03-09 10:30:00-05:00,2023-02-09 12:47:00-05:00,lower,skipped,blocked_time,n/a,n/a,,,,,,,,
1312_lower,2023-02-10,2023-02-07 10:30:00-05:00,2023-03-07 10:30:00-05:00,2023-02-10 04:49:00-05:00,lower,executed,,flat,inactive,2023-02-10 04:49:00-05:00,2023-02-10 06:12:00-05:00,12351.934799367787,12282.934799367787,46.0,69.0,SL,-69.0
1310_lower,2023-02-03,2023-02-03 10:30:00-05:00,2023-03-03 10:30:00-05:00,2023-02-10 04:56:00-05:00,lower,skipped,position_open,open,active,,,,,,,,
1311_lower,2023-02-06,2023-02-06 10:30:00-05:00,2023-03-06 10:30:00-05:00,2023-02-10 04:56:00-05:00,lower,skipped,position_open,open,active,,,,,,,,
1315_upper,2023-02-10,2023-02-10 10:30:00-05:00,2023-03-10 10:30:00-05:00,2023-02-13 12:18:00-05:00,upper,skipped,blocked_time,n/a,n/a,,,,,,,,
1316_upper,2023-02-14,2023-02-13 10:30:00-05:00,2023-03-13 10:30:00-04:00,2023-02-14 08:29:00-05:00,upper,executed,,flat,inactive,2023-02-14 08:29:00-05:00,2023-02-14 08:30:00-05:00,12601.51841792004,12562.51841792004,26.0,39.0,TP,39.0
1318_upper,2023-02-15,2023-02-15 10:30:00-05:00,2023-03-15 10:30:00-04:00,2023-02-15 16:04:00-05:00,upper,skipped,no_cutoff,n/a,n/a,,,,,,,,
1318_lower,2023-02-17,2023-02-15 10:30:00-05:00,2023-03-15 10:30:00-04:00,2023-02-17 01:22:00-05:00,lower,executed,,flat,inactive,2023-02-17 01:22:00-05:00,2023-02-17 03:01:00-05:00,12390.387385909584,12390.387385909584,19.5,29.25,BE,0.0
1319_lower,2023-02-17,2023-02-16 10:30:00-05:00,2023-03-16 10:30:00-04:00,2023-02-17 03:32:00-05:00,lower,executed,,flat,inactive,2023-02-17 03:32:00-05:00,2023-02-17 06:00:00-05:00,12354.596737927202,12354.596737927202,40.0,60.0,BE,0.0
1321_lower,2023-02-21,2023-02-20 10:30:00-05:00,2023-03-20 10:30:00-04:00,2023-02-21 03:40:00-05:00,lower,executed,,flat,inactive,2023-02-21 03:40:00-05:00,2023-02-21 09:58:00-05:00,12273.036240064263,12219.411240064263,35.75,53.625,SL,-53.625
1316_lower,2023-02-13,2023-02-13 10:30:00-05:00,2023-03-13 10:30:00-04:00,2023-02-21 10:05:00-05:00,lower,skipped,SAL,n/a,active,,,,,,,,
1317_lower,2023-02-14,2023-02-14 10:30:00-05:00,2023-03-14 10:30:00-04:00,2023-02-21 10:12:00-05:00,lower,skipped,SAL,n/a,active,,,,,,,,
1320_lower,2023-02-17,2023-02-17 10:30:00-05:00,2023-03-17 10:30:00-04:00,2023-02-21 11:07:00-05:00,lower,skipped,blocked_time,n/a,n/a,,,,,,,,
1315_lower,2023-02-10,2023-02-10 10:30:00-05:00,2023-03-10 10:30:00-05:00,2023-02-21 13:34:00-05:00,lower,skipped,blocked_time,n/a,n/a,,,,,,,,
1322_lower,2023-02-22,2023-02-21 10:30:00-05:00,2023-03-21 10:30:00-04:00,2023-02-22 10:11:00-05:00,lower,executed,,flat,inactive,2023-02-22 10:11:00-05:00,2023-02-22 12:42:00-05:00,12055.030056058407,12143.530056058407,59.0,88.5,TP,88.5
1324_lower,2023-02-23,2023-02-23 10:30:00-05:00,2023-03-23 10:30:00-04:00,2023-02-23 11:42:00-05:00,lower,skipped,blocked_time,n/a,n/a,,,,,,,,
1308_lower,2023-02-24,2023-02-01 10:30:00-05:00,2023-03-01 10:30:00-05:00,2023-02-24 08:38:00-05:00,lower,executed,,flat,inactive,2023-02-24 08:38:00-05:00,2023-02-24 09:39:00-05:00,11999.86068890612,12030.98568890612,20.75,31.125,TP,31.125
1325_upper,2023-02-27,2023-02-24 10:30:00-05:00,2023-03-24 10:30:00-04:00,2023-02-27 10:08:00-05:00,upper,executed,,flat,inactive,2023-02-27 10:08:00-05:00,2023-02-27 10:37:00-05:00,12175.082938256142,12107.207938256142,45.25,67.875,TP,67.875
1326_lower,2023-03-01,2023-02-27 10:30:00-05:00,2023-03-27 10:30:00-04:00,2023-03-01 10:10:00-05:00,lower,executed,,flat,inactive,2023-03-01 10:10:00-05:00,2023-03-01 11:06:00-05:00,11970.289967452081,11970.289967452081,75.5,113.25,BE,0.0
1327_lower,2023-02-28,2023-02-28 10:30:00-05:00,2023-03-28 10:30:00-04:00,2023-03-01 20:39:00-05:00,lower,skipped,simultaneous_collision,flat,inactive,,,,,,,,
1323_lower,2023-03-02,2023-02-22 10:30:00-05:00,2023-03-22 10:30:00-04:00,2023-03-01 20:39:00-05:00,lower,executed,,flat,inactive,2023-03-01 20:39:00-05:00,2023-03-02 03:06:00-05:00,11902.557598855816,11833.182598855816,46.25,69.375,SL,-69.375
1328_lower,2023-03-01,2023-03-01 10:30:00-05:00,2023-03-29 10:30:00-04:00,2023-03-02 03:04:00-05:00,lower,skipped,position_open,open,active,,,,,,,,
1329_upper,2023-03-02,2023-03-02 10:30:00-05:00,2023-03-30 10:30:00-04:00,2023-03-02 14:28:00-05:00,upper,skipped,blocked_time,n/a,n/a,,,,,,,,
1328_upper,2023-03-03,2023-03-01 10:30:00-05:00,2023-03-29 10:30:00-04:00,2023-03-03 10:33:00-05:00,upper,executed,,flat,inactive,2023-03-03 10:33:00-05:00,2023-03-03 11:58:00-05:00,12230.642017168975,12230.642017168975,88.0,132.0,BE,-0.0
1327_upper,2023-02-28,2023-02-28 10:30:00-05:00,2023-03-28 10:30:00-04:00,2023-03-03 12:11:00-05:00,upper,skipped,blocked_time,n/a,n/a,,,,,,,,
1326_upper,2023-02-27,2023-02-27 10:30:00-05:00,2023-03-27 10:30:00-04:00,2023-03-03 15:04:00-05:00,upper,skipped,no_cutoff,n/a,n/a,,,,,,,,
1323_upper,2023-02-22,2023-02-22 10:30:00-05:00,2023-03-22 10:30:00-04:00,2023-03-03 16:27:00-05:00,upper,skipped,no_cutoff,n/a,n/a,,,,,,,,
1330_upper,2023-03-06,2023-03-03 10:30:00-05:00,2023-03-31 10:30:00-04:00,2023-03-05 21:37:00-05:00,upper,executed,,flat,inactive,2023-03-05 21:37:00-05:00,2023-03-06 09:33:00-05:00,12334.32879013848,12384.57879013848,33.5,50.25,SL,-50.25
1322_upper,2023-02-21,2023-02-21 10:30:00-05:00,2023-03-21 10:30:00-04:00,2023-03-06 10:15:00-05:00,upper,skipped,SAL,n/a,active,,,,,,,,
1324_upper,2023-02-23,2023-02-23 10:30:00-05:00,2023-03-23 10:30:00-04:00,2023-03-06 10:16:00-05:00,upper,skipped,SAL,n/a,active,,,,,,,,
1331_lower,2023-03-07,2023-03-06 10:30:00-05:00,2023-04-03 10:30:00-04:00,2023-03-07 10:07:00-05:00,lower,executed,,flat,inactive,2023-03-07 10:07:00-05:00,2023-03-07 10:33:00-05:00,12212.946436333377,12287.571436333377,49.75,74.625,TP,74.625
1333_upper,2023-03-09,2023-03-08 10:30:00-05:00,2023-04-05 10:30:00-04:00,2023-03-09 10:06:00-05:00,upper,executed,,flat,inactive,2023-03-09 10:06:00-05:00,2023-03-09 13:23:00-05:00,12349.284198273657,12185.034198273657,109.5,164.25,TP,164.25
1334_lower,2023-03-09,2023-03-09 10:30:00-05:00,2023-04-06 10:30:00-04:00,2023-03-09 14:05:00-05:00,lower,skipped,blocked_time,n/a,n/a,,,,,,,,
1332_lower,2023-03-07,2023-03-07 10:30:00-05:00,2023-04-04 10:30:00-04:00,2023-03-09 15:02:00-05:00,lower,skipped,no_cutoff,n/a,n/a,,,,,,,,
1333_lower,2023-03-08,2023-03-08 10:30:00-05:00,2023-04-05 10:30:00-04:00,2023-03-09 15:19:00-05:00,lower,skipped,no_cutoff,n/a,n/a,,,,,,,,
1330_lower,2023-03-03,2023-03-03 10:30:00-05:00,2023-03-31 10:30:00-04:00,2023-03-09 18:04:00-05:00,lower,skipped,no_anchor,n/a,n/a,,,,,,,,
1325_lower,2023-02-24,2023-02-24 10:30:00-05:00,2023-03-24 10:30:00-04:00,2023-03-10 13:48:00-05:00,lower,skipped,blocked_time,n/a,n/a,,,,,,,,
1335_upper,2023-03-13,2023-03-10 10:30:00-05:00,2023-04-10 10:30:00-04:00,2023-03-13 02:12:00-04:00,upper,executed,,flat,inactive,2023-03-13 02:12:00-04:00,2023-03-13 03:00:00-04:00,12211.55660997338,12211.55660997338,32.5,48.75,BE,-0.0
1336_upper,2023-03-14,2023-03-13 10:30:00-04:00,2023-04-11 10:30:00-04:00,2023-03-14 09:30:00-04:00,upper,executed,,flat,inactive,2023-03-14 09:30:00-04:00,2023-03-14 15:00:00-04:00,12223.42931857139,12242.0,170.75,200.0,cutoff,-18.570681428609532
1338_upper,2023-03-15,2023-03-15 10:30:00-04:00,2023-04-13 10:30:00-04:00,2023-03-15 18:33:00-04:00,upper,skipped,no_anchor,n/a,n/a,,,,,,,,
1334_upper,2023-03-16,2023-03-09 10:30:00-05:00,2023-04-06 10:30:00-04:00,2023-03-15 20:53:00-04:00,upper,executed,,flat,inactive,2023-03-15 20:53:00-04:00,2023-03-15 21:40:00-04:00,12454.407139161493,12454.407139161493,36.5,54.75,BE,-0.0
1337_upper,2023-03-14,2023-03-14 10:30:00-04:00,2023-04-12 10:30:00-04:00,2023-03-15 20:54:00-04:00,upper,skipped,position_open,open,inactive,,,,,,,,
1321_upper,2023-03-16,2023-02-20 10:30:00-05:00,2023-03-20 10:30:00-04:00,2023-03-16 10:52:00-04:00,upper,executed,,flat,inactive,2023-03-16 10:52:00-04:00,2023-03-16 11:57:00-04:00,12503.713759935737,12660.463759935737,104.5,156.75,SL,-156.75
1332_upper,2023-03-07,2023-03-07 10:30:00-05:00,2023-04-04 10:30:00-04:00,2023-03-16 10:55:00-04:00,upper,skipped,position_open,open,active,,,,,,,,
1331_upper,2023-03-06,2023-03-06 10:30:00-05:00,2023-04-03 10:30:00-04:00,2023-03-16 11:08:00-04:00,upper,skipped,blocked_time,n/a,n/a,,,,,,,,
1320_upper,2023-02-17,2023-02-17 10:30:00-05:00,2023-03-17 10:30:00-04:00,2023-03-16 11:20:00-04:00,upper,skipped,blocked_time,n/a,n/a,,,,,,,,
1339_upper,2023-03-16,2023-03-16 10:30:00-04:00,2023-04-14 10:30:00-04:00,2023-03-16 11:26:00-04:00,upper,skipped,blocked_time,n/a,n/a,,,,,,,,
1341_upper,2023-03-21,2023-03-20 10:30:00-04:00,2023-04-18 10:30:00-04:00,2023-03-21 10:00:00-04:00,upper,executed,,flat,inactive,2023-03-21 10:00:00-04:00,2023-03-21 10:25:00-04:00,12825.81796132648,12739.94296132648,57.25,85.875,TP,85.875
1340_upper,2023-03-17,2023-03-17 10:30:00-04:00,2023-04-17 10:30:00-04:00,2023-03-22 14:00:00-04:00,upper,skipped,blocked_time,n/a,n/a,,,,,,,,
1342_upper,2023-03-21,2023-03-21 10:30:00-04:00,2023-04-19 10:30:00-04:00,2023-03-22 14:05:00-04:00,upper,skipped,blocked_time,n/a,n/a,,,,,,,,
1343_upper,2023-03-22,2023-03-22 10:30:00-04:00,2023-04-20 10:30:00-04:00,2023-03-22 14:48:00-04:00,upper,skipped,blocked_time,n/a,n/a,,,,,,,,
1343_lower,2023-03-22,2023-03-22 10:30:00-04:00,2023-04-20 10:30:00-04:00,2023-03-22 16:03:00-04:00,lower,skipped,no_cutoff,n/a,n/a,,,,,,,,
1346_lower,2023-03-28,2023-03-27 10:30:00-04:00,2023-04-25 10:30:00-04:00,2023-03-28 09:34:00-04:00,lower,executed,,flat,inactive,2023-03-28 09:34:00-04:00,2023-03-28 10:20:00-04:00,12723.747524157981,12723.747524157981,38.75,58.125,BE,0.0
1344_lower,2023-03-28,2023-03-23 10:30:00-04:00,2023-04-21 10:30:00-04:00,2023-03-28 10:33:00-04:00,lower,executed,,flat,inactive,2023-03-28 10:33:00-04:00,2023-03-28 13:35:00-04:00,12663.362305165008,12663.362305165008,95.5,143.25,BE,0.0
1347_upper,2023-03-28,2023-03-28 10:30:00-04:00,2023-04-26 10:30:00-04:00,2023-03-29 14:54:00-04:00,upper,skipped,blocked_time,n/a,n/a,,,,,,,,
1345_upper,2023-03-30,2023-03-24 10:30:00-04:00,2023-04-24 10:30:00-04:00,2023-03-30 06:41:00-04:00,upper,executed,,flat,inactive,2023-03-30 06:41:00-04:00,2023-03-30 08:34:00-04:00,13025.600242136466,13050.725242136466,16.75,25.125,SL,-25.125
1348_upper,2023-03-29,2023-03-29 10:30:00-04:00,2023-04-27 10:30:00-04:00,2023-03-30 08:34:00-04:00,upper,skipped,SAL,n/a,active,,,,,,,,
1344_upper,2023-03-23,2023-03-23 10:30:00-04:00,2023-04-21 10:30:00-04:00,2023-03-30 10:00:00-04:00,upper,skipped,SAL,n/a,active,,,,,,,,
1346_upper,2023-03-31,2023-03-27 10:30:00-04:00,2023-04-25 10:30:00-04:00,2023-03-30 20:09:00-04:00,upper,executed,,flat,inactive,2023-03-30 20:09:00-04:00,2023-03-31 03:06:00-04:00,13115.752475842019,13087.252475842019,19.0,28.5,TP,28.5
1349_upper,2023-03-30,2023-03-30 10:30:00-04:00,2023-04-28 10:30:00-04:00,2023-03-31 12:28:00-04:00,upper,skipped,blocked_time,n/a,n/a,,,,,,,,
1350_upper,2023-03-31,2023-03-31 10:30:00-04:00,2023-05-01 10:30:00-04:00,2023-03-31 15:20:00-04:00,upper,skipped,no_cutoff,n/a,n/a,,,,,,,,
1352_lower,2023-04-05,2023-04-04 10:30:00-04:00,2023-05-03 10:30:00-04:00,2023-04-05 10:28:00-04:00,lower,executed,,flat,inactive,2023-04-05 10:28:00-04:00,2023-04-05 15:00:00-04:00,13097.808709436165,13074.0,88.0,132.0,cutoff,-23.808709436165373
1351_lower,2023-04-03,2023-04-03 10:30:00-04:00,2023-05-02 10:30:00-04:00,2023-04-05 10:44:00-04:00,lower,skipped,position_open,open,active,,,,,,,,
1353_lower,2023-04-06,2023-04-05 10:30:00-04:00,2023-05-04 10:30:00-04:00,2023-04-06 09:35:00-04:00,lower,executed,,flat,inactive,2023-04-06 09:35:00-04:00,2023-04-06 10:11:00-04:00,12964.246483297069,13048.246483297069,56.0,84.0,TP,84.0
1354_upper,2023-04-06,2023-04-06 10:30:00-04:00,2023-05-05 10:30:00-04:00,2023-04-09 18:15:00-04:00,upper,skipped,no_anchor,n/a,n/a,,,,,,,,
1355_upper,2023-04-11,2023-04-10 10:30:00-04:00,2023-05-08 10:30:00-04:00,2023-04-11 05:05:00-04:00,upper,executed,,flat,inactive,2023-04-11 05:05:00-04:00,2023-04-11 05:52:00-04:00,13198.958148679612,13198.958148679612,27.0,40.5,BE,-0.0
1356_lower,2023-04-11,2023-04-11 10:30:00-04:00,2023-05-09 10:30:00-04:00,2023-04-12 15:26:00-04:00,lower,skipped,no_cutoff,n/a,n/a,,,,,,,,
1350_lower,2023-03-31,2023-03-31 10:30:00-04:00,2023-05-01 10:30:00-04:00,2023-04-12 18:47:00-04:00,lower,skipped,no_anchor,n/a,n/a,,,,,,,,
1358_upper,2023-04-14,2023-04-13 10:30:00-04:00,2023-05-11 10:30:00-04:00,2023-04-14 10:04:00-04:00,upper,executed,,flat,inactive,2023-04-14 10:04:00-04:00,2023-04-14 15:00:00-04:00,13252.370431579224,13164.5,136.5,200.0,cutoff,87.8704315792238
1361_lower,2023-04-20,2023-04-18 10:30:00-04:00,2023-05-16 10:30:00-04:00,2023-04-20 04:37:00-04:00,lower,executed,,flat,inactive,2023-04-20 04:37:00-04:00,2023-04-20 10:33:00-04:00,13048.12724627863,13157.25224627863,72.75,109.125,TP,109.125
1360_lower,2023-04-21,2023-04-17 10:30:00-04:00,2023-05-15 10:30:00-04:00,2023-04-21 06:50:00-04:00,lower,executed,,flat,inactive,2023-04-21 06:50:00-04:00,2023-04-21 08:01:00-04:00,13016.944998317038,13016.944998317038,26.0,39.0,BE,0.0
1359_lower,2023-04-14,2023-04-14 10:30:00-04:00,2023-05-12 10:30:00-04:00,2023-04-24 11:54:00-04:00,lower,skipped,blocked_time,n/a,n/a,,,,,,,,
1362_lower,2023-04-25,2023-04-19 10:30:00-04:00,2023-05-17 10:30:00-04:00,2023-04-25 10:11:00-04:00,lower,executed,,flat,inactive,2023-04-25 10:11:00-04:00,2023-04-25 13:15:00-04:00,12960.087005293659,12885.837005293659,49.5,74.25,SL,-74.25
1365_lower,2023-04-24,2023-04-24 10:30:00-04:00,2023-05-22 10:30:00-04:00,2023-04-25 11:51:00-04:00,lower,skipped,blocked_time,n/a,n/a,,,,,,,,
1357_lower,2023-04-12,2023-04-12 10:30:00-04:00,2023-05-10 10:30:00-04:00,2023-04-25 12:07:00-04:00,lower,skipped,blocked_time,n/a,n/a,,,,,,,,
1349_lower,2023-03-30,2023-03-30 10:30:00-04:00,2023-04-28 10:30:00-04:00,2023-04-25 12:33:00-04:00,lower,skipped,blocked_time,n/a,n/a,,,,,,,,
1363_lower,2023-04-20,2023-04-20 10:30:00-04:00,2023-05-18 10:30:00-04:00,2023-04-25 12:33:00-04:00,lower,skipped,blocked_time,n/a,n/a,,,,,,,,
1364_lower,2023-04-21,2023-04-21 10:30:00-04:00,2023-05-19 10:30:00-04:00,2023-04-25 13:15:00-04:00,lower,skipped,blocked_time,n/a,n/a,,,,,,,,
1358_lower,2023-04-13,2023-04-13 10:30:00-04:00,2023-05-11 10:30:00-04:00,2023-04-25 13:52:00-04:00,lower,skipped,blocked_time,n/a,n/a,,,,,,,,
1355_lower,2023-04-10,2023-04-10 10:30:00-04:00,2023-05-08 10:30:00-04:00,2023-04-25 14:08:00-04:00,lower,skipped,blocked_time,n/a,n/a,,,,,,,,
1366_lower,2023-04-25,2023-04-25 10:30:00-04:00,2023-05-23 10:30:00-04:00,2023-04-25 15:44:00-04:00,lower,skipped,no_cutoff,n/a,n/a,,,,,,,,
1354_lower,2023-04-06,2023-04-06 10:30:00-04:00,2023-05-05 10:30:00-04:00,2023-04-25 15:50:00-04:00,lower,skipped,no_cutoff,n/a,n/a,,,,,,,,
1367_upper,2023-04-27,2023-04-26 10:30:00-04:00,2023-05-24 10:30:00-04:00,2023-04-27 10:36:00-04:00,upper,executed,,flat,inactive,2023-04-27 10:36:00-04:00,2023-04-27 13:00:00-04:00,13104.307503509259,13177.807503509259,49.0,73.5,SL,-73.5
1366_upper,2023-04-25,2023-04-25 10:30:00-04:00,2023-05-23 10:30:00-04:00,2023-04-27 11:25:00-04:00,upper,skipped,blocked_time,n/a,n/a,,,,,,,,
1364_upper,2023-04-21,2023-04-21 10:30:00-04:00,2023-05-19 10:30:00-04:00,2023-04-27 13:48:00-04:00,upper,skipped,blocked_time,n/a,n/a,,,,,,,,
1368_upper,2023-04-27,2023-04-27 10:30:00-04:00,2023-05-25 10:30:00-04:00,2023-04-27 13:48:00-04:00,upper,skipped,blocked_time,n/a,n/a,,,,,,,,
1362_upper,2023-04-19,2023-04-19 10:30:00-04:00,2023-05-17 10:30:00-04:00,2023-04-27 14:55:00-04:00,upper,skipped,blocked_time,n/a,n/a,,,,,,,,
1365_upper,2023-04-24,2023-04-24 10:30:00-04:00,2023-05-22 10:30:00-04:00,2023-04-27 15:04:00-04:00,upper,skipped,no_cutoff,n/a,n/a,,,,,,,,
1363_upper,2023-04-20,2023-04-20 10:30:00-04:00,2023-05-18 10:30:00-04:00,2023-04-27 15:21:00-04:00,upper,skipped,no_cutoff,n/a,n/a,,,,,,,,
1360_upper,2023-04-17,2023-04-17 10:30:00-04:00,2023-05-15 10:30:00-04:00,2023-04-27 16:01:00-04:00,upper,skipped,no_cutoff,n/a,n/a,,,,,,,,
1356_upper,2023-04-11,2023-04-11 10:30:00-04:00,2023-05-09 10:30:00-04:00,2023-04-27 16:02:00-04:00,upper,skipped,no_cutoff,n/a,n/a,,,,,,,,
1353_upper,2023-05-01,2023-04-05 10:30:00-04:00,2023-05-04 10:30:00-04:00,2023-04-30 22:55:00-04:00,upper,executed,,flat,inactive,2023-04-30 22:55:00-04:00,2023-05-01 01:54:00-04:00,13342.503516702931,13342.503516702931,14.5,21.75,BE,-0.0
1359_upper,2023-04-14,2023-04-14 10:30:00-04:00,2023-05-12 10:30:00-04:00,2023-05-01 02:42:00-04:00,upper,skipped,simultaneous_collision,flat,inactive,,,,,,,,
1357_upper,2023-05-01,2023-04-12 10:30:00-04:00,2023-05-10 10:30:00-04:00,2023-05-01 02:42:00-04:00,upper,executed,,flat,inactive,2023-05-01 02:42:00-04:00,2023-05-01 04:07:00-04:00,13355.639440400588,13322.264440400588,22.25,33.375,TP,33.375
1370_lower,2023-05-02,2023-05-01 10:30:00-04:00,2023-05-29 10:30:00-04:00,2023-05-02 10:36:00-04:00,lower,executed,,flat,inactive,2023-05-02 10:36:00-04:00,2023-05-02 15:00:00-04:00,13172.524728990942,13205.5,47.5,71.25,cutoff,32.975271009057906
1371_lower,2023-05-02,2023-05-02 10:30:00-04:00,2023-05-30 10:30:00-04:00,2023-05-03 15:40:00-04:00,lower,skipped,no_cutoff,n/a,n/a,,,,,,,,
1372_lower,2023-05-03,2023-05-03 10:30:00-04:00,2023-05-31 10:30:00-04:00,2023-05-03 18:03:00-04:00,lower,skipped,no_anchor,n/a,n/a,,,,,,,,
1369_lower,2023-05-04,2023-04-28 10:30:00-04:00,2023-05-26 10:30:00-04:00,2023-05-04 09:44:00-04:00,lower,executed,,flat,inactive,2023-05-04 09:44:00-04:00,2023-05-04 11:09:00-04:00,13036.08500204462,13094.96000204462,39.25,58.875,TP,58.875
1373_upper,2023-05-05,2023-05-04 10:30:00-04:00,2023-06-01 10:30:00-04:00,2023-05-05 10:16:00-04:00,upper,executed,,flat,inactive,2023-05-05 10:16:00-04:00,2023-05-05 14:57:00-04:00,13235.812605355071,13357.312605355071,81.0,121.5,SL,-121.5
1372_upper,2023-05-03,2023-05-03 10:30:00-04:00,2023-05-31 10:30:00-04:00,2023-05-05 14:57:00-04:00,upper,skipped,blocked_time,n/a,n/a,,,,,,,,
1374_upper,2023-05-10,2023-05-05 10:30:00-04:00,2023-06-02 10:30:00-04:00,2023-05-10 08:43:00-04:00,upper,executed,,flat,inactive,2023-05-10 08:43:00-04:00,2023-05-10 09:30:00-04:00,13371.923325770895,13371.923325770895,27.0,40.5,BE,-0.0
1369_upper,2023-05-10,2023-04-28 10:30:00-04:00,2023-05-26 10:30:00-04:00,2023-05-10 09:37:00-04:00,upper,executed,,flat,inactive,2023-05-10 09:37:00-04:00,2023-05-10 15:00:00-04:00,13416.41499795538,13390.0,139.25,200.0,cutoff,26.414997955380386
1376_upper,2023-05-09,2023-05-09 10:30:00-04:00,2023-06-06 10:30:00-04:00,2023-05-10 10:12:00-04:00,upper,skipped,position_open,open,inactive,,,,,,,,
1370_upper,2023-05-01,2023-05-01 10:30:00-04:00,2023-05-29 10:30:00-04:00,2023-05-10 10:16:00-04:00,upper,skipped,position_open,open,inactive,,,,,,,,
1375_upper,2023-05-08,2023-05-08 10:30:00-04:00,2023-06-05 10:30:00-04:00,2023-05-10 15:26:00-04:00,upper,skipped,no_cutoff,n/a,n/a,,,,,,,,
1371_upper,2023-05-02,2023-05-02 10:30:00-04:00,2023-05-30 10:30:00-04:00,2023-05-11 04:17:00-04:00,upper,skipped,simultaneous_collision,flat,inactive,,,,,,,,
1361_upper,2023-05-11,2023-04-18 10:30:00-04:00,2023-05-16 10:30:00-04:00,2023-05-11 04:17:00-04:00,upper,executed,,flat,inactive,2023-05-11 04:17:00-04:00,2023-05-11 05:23:00-04:00,13459.12275372137,13459.12275372137,38.0,57.0,BE,-0.0
1377_upper,2023-05-10,2023-05-10 10:30:00-04:00,2023-06-07 10:30:00-04:00,2023-05-17 12:32:00-04:00,upper,skipped,blocked_time,n/a,n/a,,,,,,,,
1378_upper,2023-05-11,2023-05-11 10:30:00-04:00,2023-06-08 10:30:00-04:00,2023-05-17 12:32:00-04:00,upper,skipped,blocked_time,n/a,n/a,,,,,,,,
1380_upper,2023-05-15,2023-05-15 10:30:00-04:00,2023-06-12 10:30:00-04:00,2023-05-17 12:32:00-04:00,upper,skipped,blocked_time,n/a,n/a,,,,,,,,
1381_upper,2023-05-16,2023-05-16 10:30:00-04:00,2023-06-13 10:30:00-04:00,2023-05-17 13:04:00-04:00,upper,skipped,blocked_time,n/a,n/a,,,,,,,,
1379_upper,2023-05-12,2023-05-12 10:30:00-04:00,2023-06-09 10:30:00-04:00,2023-05-17 13:06:00-04:00,upper,skipped,blocked_time,n/a,n/a,,,,,,,,
1382_upper,2023-05-18,2023-05-17 10:30:00-04:00,2023-06-14 10:30:00-04:00,2023-05-18 04:11:00-04:00,upper,executed,,flat,inactive,2023-05-18 04:11:00-04:00,2023-05-18 06:39:00-04:00,13675.041997921497,13675.041997921497,25.75,38.625,BE,-0.0
1383_upper,2023-05-18,2023-05-18 10:30:00-04:00,2023-06-15 10:30:00-04:00,2023-05-18 15:50:00-04:00,upper,skipped,no_cutoff,n/a,n/a,,,,,,,,
1384_lower,2023-05-19,2023-05-19 10:30:00-04:00,2023-06-16 10:30:00-04:00,2023-05-23 14:21:00-04:00,lower,skipped,blocked_time,n/a,n/a,,,,,,,,
1386_lower,2023-05-23,2023-05-23 10:30:00-04:00,2023-06-20 10:30:00-04:00,2023-05-24 03:43:00-04:00,lower,skipped,simultaneous_collision,flat,inactive,,,,,,,,
1385_lower,2023-05-24,2023-05-22 10:30:00-04:00,2023-06-19 10:30:00-04:00,2023-05-24 03:43:00-04:00,lower,executed,,flat,inactive,2023-05-24 03:43:00-04:00,2023-05-24 04:54:00-04:00,13689.938606475702,13721.063606475702,20.75,31.125,TP,31.125
1387_upper,2023-05-24,2023-05-24 10:30:00-04:00,2023-06-21 10:30:00-04:00,2023-05-24 16:36:00-04:00,upper,skipped,no_cutoff,n/a,n/a,,,,,,,,
1386_upper,2023-05-23,2023-05-23 10:30:00-04:00,2023-06-20 10:30:00-04:00,2023-05-25 12:22:00-04:00,upper,skipped,blocked_time,n/a,n/a,,,,,,,,
1384_upper,2023-05-26,2023-05-19 10:30:00-04:00,2023-06-16 10:30:00-04:00,2023-05-26 09:36:00-04:00,upper,executed,,flat,inactive,2023-05-26 09:36:00-04:00,2023-05-26 10:01:00-04:00,14048.982156774375,14143.107156774375,62.75,94.125,SL,-94.125
1385_upper,2023-05-22,2023-05-22 10:30:00-04:00,2023-06-19 10:30:00-04:00,2023-05-26 09:37:00-04:00,upper,skipped,position_open,open,active,,,,,,,,
1388_upper,2023-05-25,2023-05-25 10:30:00-04:00,2023-06-22 10:30:00-04:00,2023-05-26 10:00:00-04:00,upper,skipped,position_open,open,active,,,,,,,,
1389_upper,2023-05-26,2023-05-26 10:30:00-04:00,2023-06-23 10:30:00-04:00,2023-05-26 14:48:00-04:00,upper,skipped,blocked_time,n/a,n/a,,,,,,,,
1390_upper,2023-05-30,2023-05-29 10:30:00-04:00,2023-06-26 10:30:00-04:00,2023-05-30 05:51:00-04:00,upper,executed,,flat,inactive,2023-05-30 05:51:00-04:00,2023-05-30 07:31:00-04:00,14507.962849220725,14507.962849220725,62.25,93.375,BE,-0.0
1391_lower,2023-05-30,2023-05-30 10:30:00-04:00,2023-06-27 10:30:00-04:00,2023-05-31 11:33:00-04:00,lower,skipped,blocked_time,n/a,n/a,,,,,,,,
1393_upper,2023-06-01,2023-06-01 10:30:00-04:00,2023-06-29 10:30:00-04:00,2023-06-01 13:54:00-04:00,upper,skipped,blocked_time,n/a,n/a,,,,,,,,
1392_upper,2023-06-02,2023-05-31 10:30:00-04:00,2023-06-28 10:30:00-04:00,2023-06-02 05:18:00-04:00,upper,executed,,flat,inactive,2023-06-02 05:18:00-04:00,2023-06-02 07:24:00-04:00,14556.903399790875,14556.903399790875,26.75,40.125,BE,-0.0
1395_lower,2023-06-05,2023-06-05 10:30:00-04:00,2023-07-03 10:30:00-04:00,2023-06-07 12:18:00-04:00,lower,skipped,blocked_time,n/a,n/a,,,,,,,,
1396_lower,2023-06-06,2023-06-06 10:30:00-04:00,2023-07-04 10:30:00-04:00,2023-06-07 12:26:00-04:00,lower,skipped,blocked_time,n/a,n/a,,,,,,,,
1397_lower,2023-06-07,2023-06-07 10:30:00-04:00,2023-07-05 10:30:00-04:00,2023-06-07 12:26:00-04:00,lower,skipped,blocked_time,n/a,n/a,,,,,,,,
1394_lower,2023-06-02,2023-06-02 10:30:00-04:00,2023-06-30 10:30:00-04:00,2023-06-07 15:39:00-04:00,lower,skipped,no_cutoff,n/a,n/a,,,,,,,,
1398_upper,2023-06-09,2023-06-08 10:30:00-04:00,2023-07-06 10:30:00-04:00,2023-06-09 08:07:00-04:00,upper,executed,,flat,inactive,2023-06-09 08:07:00-04:00,2023-06-09 09:30:00-04:00,14532.51390947268,14583.13890947268,33.75,50.625,SL,-50.625
1395_upper,2023-06-05,2023-06-05 10:30:00-04:00,2023-07-03 10:30:00-04:00,2023-06-11 20:00:00-04:00,upper,skipped,simultaneous_collision,flat,inactive,,,,,,,,
1396_upper,2023-06-06,2023-06-06 10:30:00-04:00,2023-07-04 10:30:00-04:00,2023-06-11 20:00:00-04:00,upper,skipped,simultaneous_collision,flat,inactive,,,,,,,,
1391_upper,2023-06-12,2023-05-30 10:30:00-04:00,2023-06-27 10:30:00-04:00,2023-06-11 20:00:00-04:00,upper,executed,,flat,inactive,2023-06-11 20:00:00-04:00,2023-06-12 04:00:00-04:00,14767.75,14804.125,24.25,36.375,SL,-36.375
1394_upper,2023-06-02,2023-06-02 10:30:00-04:00,2023-06-30 10:30:00-04:00,2023-06-11 20:18:00-04:00,upper,skipped,position_open,open,active,,,,,,,,
1399_upper,2023-06-09,2023-06-09 10:30:00-04:00,2023-07-07 10:30:00-04:00,2023-06-12 03:46:00-04:00,upper,skipped,position_open,open,active,,,,,,,,
1397_upper,2023-06-07,2023-06-07 10:30:00-04:00,2023-07-05 10:30:00-04:00,2023-06-12 04:01:00-04:00,upper,skipped,SAL,n/a,active,,,,,,,,
1400_upper,2023-06-12,2023-06-12 10:30:00-04:00,2023-07-10 10:30:00-04:00,2023-06-12 15:08:00-04:00,upper,skipped,no_cutoff,n/a,n/a,,,,,,,,
1402_upper,2023-06-14,2023-06-14 10:30:00-04:00,2023-07-12 10:30:00-04:00,2023-06-15 11:35:00-04:00,upper,skipped,blocked_time,n/a,n/a,,,,,,,,
1401_upper,2023-06-13,2023-06-13 10:30:00-04:00,2023-07-11 10:30:00-04:00,2023-06-15 11:36:00-04:00,upper,skipped,blocked_time,n/a,n/a,,,,,,,,
1403_upper,2023-06-15,2023-06-15 10:30:00-04:00,2023-07-13 10:30:00-04:00,2023-06-15 14:43:00-04:00,upper,skipped,blocked_time,n/a,n/a,,,,,,,,
1404_lower,2023-06-20,2023-06-16 10:30:00-04:00,2023-07-14 10:30:00-04:00,2023-06-20 01:20:00-04:00,lower,executed,,flat,inactive,2023-06-20 01:20:00-04:00,2023-06-20 02:18:00-04:00,15222.423606320388,15234.798606320388,8.25,12.375,TP,12.375
1405_lower,2023-06-21,2023-06-19 10:30:00-04:00,2023-07-17 10:30:00-04:00,2023-06-21 09:57:00-04:00,lower,executed,,flat,inactive,2023-06-21 09:57:00-04:00,2023-06-21 10:45:00-04:00,15125.820159814886,15060.945159814886,43.25,64.875,SL,-64.875
1406_lower,2023-06-22,2023-06-20 10:30:00-04:00,2023-07-18 10:30:00-04:00,2023-06-22 02:13:00-04:00,lower,executed,,flat,inactive,2023-06-22 02:13:00-04:00,2023-06-22 03:15:00-04:00,14973.50448239618,14973.50448239618,26.5,39.75,BE,0.0
1407_lower,2023-06-21,2023-06-21 10:30:00-04:00,2023-07-19 10:30:00-04:00,2023-06-26 12:05:00-04:00,lower,skipped,blocked_time,n/a,n/a,,,,,,,,
1403_lower,2023-06-15,2023-06-15 10:30:00-04:00,2023-07-13 10:30:00-04:00,2023-06-26 12:08:00-04:00,lower,skipped,blocked_time,n/a,n/a,,,,,,,,
1402_lower,2023-06-14,2023-06-14 10:30:00-04:00,2023-07-12 10:30:00-04:00,2023-06-26 12:30:00-04:00,lower,skipped,blocked_time,n/a,n/a,,,,,,,,
1409_lower,2023-06-23,2023-06-23 10:30:00-04:00,2023-07-21 10:30:00-04:00,2023-06-26 15:57:00-04:00,lower,skipped,no_cutoff,n/a,n/a,,,,,,,,
1410_lower,2023-06-26,2023-06-26 10:30:00-04:00,2023-07-24 10:30:00-04:00,2023-06-26 15:57:00-04:00,lower,skipped,no_cutoff,n/a,n/a,,,,,,,,
1411_upper,2023-06-27,2023-06-27 10:30:00-04:00,2023-07-25 10:30:00-04:00,2023-06-27 13:40:00-04:00,upper,skipped,blocked_time,n/a,n/a,,,,,,,,
1409_upper,2023-06-23,2023-06-23 10:30:00-04:00,2023-07-21 10:30:00-04:00,2023-06-28 12:16:00-04:00,upper,skipped,blocked_time,n/a,n/a,,,,,,,,
1412_upper,2023-06-30,2023-06-28 10:30:00-04:00,2023-07-26 10:30:00-04:00,2023-06-30 08:38:00-04:00,upper,executed,,flat,inactive,2023-06-30 08:38:00-04:00,2023-06-30 09:24:00-04:00,15251.584303276908,15251.584303276908,19.25,28.875,BE,-0.0
1408_upper,2023-06-22,2023-06-22 10:30:00-04:00,2023-07-20 10:30:00-04:00,2023-06-30 08:39:00-04:00,upper,skipped,position_open,open,inactive,,,,,,,,
1410_upper,2023-06-26,2023-06-26 10:30:00-04:00,2023-07-24 10:30:00-04:00,2023-06-30 09:06:00-04:00,upper,skipped,position_open,open,inactive,,,,,,,,
1413_upper,2023-06-30,2023-06-29 10:30:00-04:00,2023-07-27 10:30:00-04:00,2023-06-30 09:43:00-04:00,upper,executed,,flat,inactive,2023-06-30 09:43:00-04:00,2023-06-30 15:00:00-04:00,15285.46936652585,15336.75,87.5,131.25,cutoff,-51.28063347415082
1405_upper,2023-06-19,2023-06-19 10:30:00-04:00,2023-07-17 10:30:00-04:00,2023-06-30 10:20:00-04:00,upper,skipped,position_open,open,active,,,,,,,,
1407_upper,2023-07-03,2023-06-21 10:30:00-04:00,2023-07-19 10:30:00-04:00,2023-07-03 04:44:00-04:00,upper,executed,,flat,inactive,2023-07-03 04:44:00-04:00,2023-07-03 06:05:00-04:00,15389.010241719654,15361.635241719654,18.25,27.375,TP,27.375
1416_lower,2023-07-06,2023-07-04 10:30:00-04:00,2023-08-01 10:30:00-04:00,2023-07-06 08:16:00-04:00,lower,executed,,flat,inactive,2023-07-06 08:16:00-04:00,2023-07-06 08:41:00-04:00,15246.901346435196,15213.151346435196,22.5,33.75,SL,-33.75
1415_lower,2023-07-03,2023-07-03 10:30:00-04:00,2023-07-31 10:30:00-04:00,2023-07-06 08:33:00-04:00,lower,skipped,position_open,open,active,,,,,,,,
1417_lower,2023-07-05,2023-07-05 10:30:00-04:00,2023-08-02 10:30:00-04:00,2023-07-06 10:01:00-04:00,lower,skipped,SAL,n/a,active,,,,,,,,
1418_upper,2023-07-06,2023-07-06 10:30:00-04:00,2023-08-03 10:30:00-04:00,2023-07-07 13:28:00-04:00,upper,skipped,blocked_time,n/a,n/a,,,,,,,,
1414_lower,2023-06-30,2023-06-30 10:30:00-04:00,2023-07-28 10:30:00-04:00,2023-07-10 12:02:00-04:00,lower,skipped,blocked_time,n/a,n/a,,,,,,,,
1420_upper,2023-07-12,2023-07-10 10:30:00-04:00,2023-08-07 10:30:00-04:00,2023-07-12 08:30:00-04:00,upper,executed,,flat,inactive,2023-07-12 08:30:00-04:00,2023-07-12 08:31:00-04:00,15361.493439838654,15408.743439838654,31.5,47.25,SL,-47.25
1419_upper,2023-07-07,2023-07-07 10:30:00-04:00,2023-08-04 10:30:00-04:00,2023-07-12 08:31:00-04:00,upper,skipped,SAL,n/a,active,,,,,,,,
1421_upper,2023-07-11,2023-07-11 10:30:00-04:00,2023-08-08 10:30:00-04:00,2023-07-12 08:31:00-04:00,upper,skipped,SAL,n/a,active,,,,,,,,
1406_upper,2023-06-20,2023-06-20 10:30:00-04:00,2023-07-18 10:30:00-04:00,2023-07-12 09:48:00-04:00,upper,skipped,SAL,n/a,active,,,,,,,,
1414_upper,2023-06-30,2023-06-30 10:30:00-04:00,2023-07-28 10:30:00-04:00,2023-07-12 10:09:00-04:00,upper,skipped,SAL,n/a,active,,,,,,,,
1416_upper,2023-07-04,2023-07-04 10:30:00-04:00,2023-08-01 10:30:00-04:00,2023-07-12 10:09:00-04:00,upper,skipped,SAL,n/a,active,,,,,,,,
1415_upper,2023-07-03,2023-07-03 10:30:00-04:00,2023-07-31 10:30:00-04:00,2023-07-12 10:18:00-04:00,upper,skipped,SAL,n/a,active,,,,,,,,
1417_upper,2023-07-13,2023-07-05 10:30:00-04:00,2023-08-02 10:30:00-04:00,2023-07-13 00:13:00-04:00,upper,executed,,flat,inactive,2023-07-13 00:13:00-04:00,2023-07-13 01:03:00-04:00,15523.195655897378,15495.445655897378,18.5,27.75,TP,27.75
1422_upper,2023-07-12,2023-07-12 10:30:00-04:00,2023-08-09 10:30:00-04:00,2023-07-13 11:58:00-04:00,upper,skipped,blocked_time,n/a,n/a,,,,,,,,
1404_upper,2023-06-16,2023-06-16 10:30:00-04:00,2023-07-14 10:30:00-04:00,2023-07-13 12:23:00-04:00,upper,skipped,blocked_time,n/a,n/a,,,,,,,,
1423_upper,2023-07-13,2023-07-13 10:30:00-04:00,2023-08-10 10:30:00-04:00,2023-07-13 15:44:00-04:00,upper,skipped,no_cutoff,n/a,n/a,,,,,,,,
1425_upper,2023-07-17,2023-07-17 10:30:00-04:00,2023-08-14 10:30:00-04:00,2023-07-18 12:28:00-04:00,upper,skipped,blocked_time,n/a,n/a,,,,,,,,
1424_upper,2023-07-14,2023-07-14 10:30:00-04:00,2023-08-11 10:30:00-04:00,2023-07-18 14:02:00-04:00,upper,skipped,blocked_time,n/a,n/a,,,,,,,,
1426_upper,2023-07-18,2023-07-18 10:30:00-04:00,2023-08-15 10:30:00-04:00,2023-07-18 14:05:00-04:00,upper,skipped,blocked_time,n/a,n/a,,,,,,,,
1427_lower,2023-07-19,2023-07-19 10:30:00-04:00,2023-08-16 10:30:00-04:00,2023-07-19 18:21:00-04:00,lower,skipped,no_anchor,n/a,n/a,,,,,,,,
1426_lower,2023-07-18,2023-07-18 10:30:00-04:00,2023-08-15 10:30:00-04:00,2023-07-20 14:26:00-04:00,lower,skipped,blocked_time,n/a,n/a,,,,,,,,
1428_lower,2023-07-20,2023-07-20 10:30:00-04:00,2023-08-17 10:30:00-04:00,2023-07-20 15:02:00-04:00,lower,skipped,no_cutoff,n/a,n/a,,,,,,,,
1425_lower,2023-07-17,2023-07-17 10:30:00-04:00,2023-08-14 10:30:00-04:00,2023-07-20 15:13:00-04:00,lower,skipped,no_cutoff,n/a,n/a,,,,,,,,
1424_lower,2023-07-14,2023-07-14 10:30:00-04:00,2023-08-11 10:30:00-04:00,2023-07-20 15:27:00-04:00,lower,skipped,no_cutoff,n/a,n/a,,,,,,,,
1432_upper,2023-07-26,2023-07-26 10:30:00-04:00,2023-08-23 10:30:00-04:00,2023-07-27 03:49:00-04:00,upper,skipped,simultaneous_collision,flat,inactive,,,,,,,,
1430_upper,2023-07-27,2023-07-24 10:30:00-04:00,2023-08-21 10:30:00-04:00,2023-07-27 03:49:00-04:00,upper,executed,,flat,inactive,2023-07-27 03:49:00-04:00,2023-07-27 05:48:00-04:00,15768.812071219761,15806.312071219761,25.0,37.5,SL,-37.5
1431_upper,2023-07-25,2023-07-25 10:30:00-04:00,2023-08-22 10:30:00-04:00,2023-07-27 04:06:00-04:00,upper,skipped,position_open,open,active,,,,,,,,
1429_upper,2023-07-21,2023-07-21 10:30:00-04:00,2023-08-18 10:30:00-04:00,2023-07-27 09:45:00-04:00,upper,skipped,SAL,n/a,active,,,,,,,,
1433_lower,2023-07-27,2023-07-27 10:30:00-04:00,2023-08-24 10:30:00-04:00,2023-07-27 14:25:00-04:00,lower,skipped,blocked_time,n/a,n/a,,,,,,,,
1435_lower,2023-08-02,2023-07-31 10:30:00-04:00,2023-08-28 10:30:00-04:00,2023-08-02 02:53:00-04:00,lower,executed,,flat,inactive,2023-08-02 02:53:00-04:00,2023-08-02 03:40:00-04:00,15680.108298296955,15680.108298296955,27.75,41.625,BE,0.0
1436_lower,2023-08-02,2023-08-01 10:30:00-04:00,2023-08-29 10:30:00-04:00,2023-08-02 04:02:00-04:00,lower,executed,,flat,inactive,2023-08-02 04:02:00-04:00,2023-08-02 07:02:00-04:00,15614.654948186144,15711.029948186144,64.25,96.375,TP,96.375
1434_lower,2023-08-02,2023-07-28 10:30:00-04:00,2023-08-25 10:30:00-04:00,2023-08-02 10:08:00-04:00,lower,executed,,flat,inactive,2023-08-02 10:08:00-04:00,2023-08-02 15:00:00-04:00,15561.26921287846,15492.75,99.0,148.5,cutoff,-68.51921287846017
1432_lower,2023-07-26,2023-07-26 10:30:00-04:00,2023-08-23 10:30:00-04:00,2023-08-02 11:59:00-04:00,lower,skipped,blocked_time,n/a,n/a,,,,,,,,
1431_lower,2023-07-25,2023-07-25 10:30:00-04:00,2023-08-22 10:30:00-04:00,2023-08-02 12:01:00-04:00,lower,skipped,blocked_time,n/a,n/a,,,,,,,,
1423_lower,2023-07-13,2023-07-13 10:30:00-04:00,2023-08-10 10:30:00-04:00,2023-08-02 12:06:00-04:00,lower,skipped,blocked_time,n/a,n/a,,,,,,,,
1429_lower,2023-07-21,2023-07-21 10:30:00-04:00,2023-08-18 10:30:00-04:00,2023-08-02 12:06:00-04:00,lower,skipped,blocked_time,n/a,n/a,,,,,,,,
1437_lower,2023-08-02,2023-08-02 10:30:00-04:00,2023-08-30 10:30:00-04:00,2023-08-02 12:11:00-04:00,lower,skipped,blocked_time,n/a,n/a,,,,,,,,
1430_lower,2023-08-03,2023-07-24 10:30:00-04:00,2023-08-21 10:30:00-04:00,2023-08-03 03:28:00-04:00,lower,executed,,flat,inactive,2023-08-03 03:28:00-04:00,2023-08-03 04:43:00-04:00,15360.937928780239,15360.937928780239,67.25,100.875,BE,0.0
1438_upper,2023-08-04,2023-08-03 10:30:00-04:00,2023-08-31 10:30:00-04:00,2023-08-04 09:37:00-04:00,upper,executed,,flat,inactive,2023-08-04 09:37:00-04:00,2023-08-04 12:25:00-04:00,15582.26152360673,15582.26152360673,135.0,200.0,BE,-0.0
1422_lower,2023-08-08,2023-07-12 10:30:00-04:00,2023-08-09 10:30:00-04:00,2023-08-08 10:14:00-04:00,lower,executed,,flat,inactive,2023-08-08 10:14:00-04:00,2023-08-08 15:00:00-04:00,15256.647343096156,15331.75,114.0,171.0,cutoff,75.10265690384404
1439_lower,2023-08-04,2023-08-04 10:30:00-04:00,2023-09-01 10:30:00-04:00,2023-08-08 10:56:00-04:00,lower,skipped,position_open,open,inactive,,,,,,,,
1440_lower,2023-08-07,2023-08-07 10:30:00-04:00,2023-09-04 10:30:00-04:00,2023-08-08 11:11:00-04:00,lower,skipped,blocked_time,n/a,n/a,,,,,,,,
1438_lower,2023-08-03,2023-08-03 10:30:00-04:00,2023-08-31 10:30:00-04:00,2023-08-09 11:13:00-04:00,lower,skipped,blocked_time,n/a,n/a,,,,,,,,
1442_lower,2023-08-09,2023-08-09 10:30:00-04:00,2023-09-06 10:30:00-04:00,2023-08-10 13:57:00-04:00,lower,skipped,blocked_time,n/a,n/a,,,,,,,,
1441_lower,2023-08-11,2023-08-08 10:30:00-04:00,2023-09-05 10:30:00-04:00,2023-08-11 08:31:00-04:00,lower,executed,,flat,inactive,2023-08-11 08:31:00-04:00,2023-08-11 08:48:00-04:00,15135.25320340001,15093.25320340001,28.0,42.0,SL,-42.0
1443_lower,2023-08-10,2023-08-10 10:30:00-04:00,2023-09-07 10:30:00-04:00,2023-08-11 08:49:00-04:00,lower,skipped,SAL,n/a,active,,,,,,,,
1445_upper,2023-08-14,2023-08-14 10:30:00-04:00,2023-09-11 10:30:00-04:00,2023-08-14 18:25:00-04:00,upper,skipped,no_anchor,n/a,n/a,,,,,,,,
1444_upper,2023-08-11,2023-08-11 10:30:00-04:00,2023-09-08 10:30:00-04:00,2023-08-14 18:27:00-04:00,upper,skipped,no_anchor,n/a,n/a,,,,,,,,
1446_lower,2023-08-15,2023-08-15 10:30:00-04:00,2023-09-12 10:30:00-04:00,2023-08-16 13:09:00-04:00,lower,skipped,blocked_time,n/a,n/a,,,,,,,,
1447_lower,2023-08-17,2023-08-16 10:30:00-04:00,2023-09-13 10:30:00-04:00,2023-08-16 20:18:00-04:00,lower,executed,,flat,inactive,2023-08-16 20:18:00-04:00,2023-08-16 21:06:00-04:00,14911.25219702972,14911.25219702972,16.25,24.375,BE,0.0
1444_lower,2023-08-11,2023-08-11 10:30:00-04:00,2023-09-08 10:30:00-04:00,2023-08-16 20:39:00-04:00,lower,skipped,position_open,open,inactive,,,,,,,,
1445_lower,2023-08-17,2023-08-14 10:30:00-04:00,2023-09-11 10:30:00-04:00,2023-08-17 10:33:00-04:00,lower,executed,,flat,inactive,2023-08-17 10:33:00-04:00,2023-08-17 15:00:00-04:00,14881.206825400186,14817.0,106.25,159.375,cutoff,-64.20682540018606
1448_lower,2023-08-17,2023-08-17 10:30:00-04:00,2023-09-14 10:30:00-04:00,2023-08-17 15:15:00-04:00,lower,skipped,no_cutoff,n/a,n/a,,,,,,,,
1449_upper,2023-08-21,2023-08-18 10:30:00-04:00,2023-09-15 10:30:00-04:00,2023-08-21 04:03:00-04:00,upper,executed,,flat,inactive,2023-08-21 04:03:00-04:00,2023-08-21 13:26:00-04:00,14821.621488196284,14942.371488196284,80.5,120.75,SL,-120.75
1450_upper,2023-08-22,2023-08-21 10:30:00-04:00,2023-09-18 10:30:00-04:00,2023-08-22 03:44:00-04:00,upper,executed,,flat,inactive,2023-08-22 03:44:00-04:00,2023-08-22 07:47:00-04:00,15045.41935675107,15101.66935675107,37.5,56.25,SL,-56.25
1448_upper,2023-08-23,2023-08-17 10:30:00-04:00,2023-09-14 10:30:00-04:00,2023-08-23 10:49:00-04:00,upper,executed,,flat,inactive,2023-08-23 10:49:00-04:00,2023-08-23 15:00:00-04:00,15173.440978243369,15206.0,125.0,187.5,cutoff,-32.55902175663141
1447_upper,2023-08-16,2023-08-16 10:30:00-04:00,2023-09-13 10:30:00-04:00,2023-08-23 16:20:00-04:00,upper,skipped,no_cutoff,n/a,n/a,,,,,,,,
1451_upper,2023-08-22,2023-08-22 10:30:00-04:00,2023-09-19 10:30:00-04:00,2023-08-23 16:20:00-04:00,upper,skipped,no_cutoff,n/a,n/a,,,,,,,,
1452_upper,2023-08-23,2023-08-23 10:30:00-04:00,2023-09-20 10:30:00-04:00,2023-08-23 16:20:00-04:00,upper,skipped,no_cutoff,n/a,n/a,,,,,,,,
1446_upper,2023-08-24,2023-08-15 10:30:00-04:00,2023-09-12 10:30:00-04:00,2023-08-24 03:07:00-04:00,upper,executed,,flat,inactive,2023-08-24 03:07:00-04:00,2023-08-24 03:16:00-04:00,15417.7671505978,15374.6421505978,28.75,43.125,TP,43.125
1453_lower,2023-08-24,2023-08-24 10:30:00-04:00,2023-09-21 10:30:00-04:00,2023-08-24 11:52:00-04:00,lower,skipped,blocked_time,n/a,n/a,,,,,,,,
1451_lower,2023-08-22,2023-08-22 10:30:00-04:00,2023-09-19 10:30:00-04:00,2023-08-24 15:43:00-04:00,lower,skipped,no_cutoff,n/a,n/a,,,,,,,,
1452_lower,2023-08-23,2023-08-23 10:30:00-04:00,2023-09-20 10:30:00-04:00,2023-08-24 16:33:00-04:00,lower,skipped,no_cutoff,n/a,n/a,,,,,,,,
1454_upper,2023-08-29,2023-08-25 10:30:00-04:00,2023-09-22 10:30:00-04:00,2023-08-29 09:53:00-04:00,upper,executed,,flat,inactive,2023-08-29 09:53:00-04:00,2023-08-29 10:04:00-04:00,15171.554630760345,15230.429630760345,39.25,58.875,SL,-58.875
1455_upper,2023-08-28,2023-08-28 10:30:00-04:00,2023-09-25 10:30:00-04:00,2023-08-29 10:17:00-04:00,upper,skipped,SAL,n/a,active,,,,,,,,
1456_upper,2023-08-29,2023-08-29 10:30:00-04:00,2023-09-26 10:30:00-04:00,2023-08-29 15:14:00-04:00,upper,skipped,no_cutoff,n/a,n/a,,,,,,,,
1442_upper,2023-08-31,2023-08-09 10:30:00-04:00,2023-09-06 10:30:00-04:00,2023-08-30 22:23:00-04:00,upper,executed,,flat,inactive,2023-08-30 22:23:00-04:00,2023-08-30 22:55:00-04:00,15531.810765662382,15510.435765662382,14.25,21.375,TP,21.375
1441_upper,2023-08-31,2023-08-08 10:30:00-04:00,2023-09-05 10:30:00-04:00,2023-08-31 09:45:00-04:00,upper,executed,,flat,inactive,2023-08-31 09:45:00-04:00,2023-08-31 15:00:00-04:00,15555.49679659999,15566.75,51.5,77.25,cutoff,-11.253203400010534
1443_upper,2023-08-10,2023-08-10 10:30:00-04:00,2023-09-07 10:30:00-04:00,2023-08-31 09:59:00-04:00,upper,skipped,position_open,open,active,,,,,,,,
1453_upper,2023-08-24,2023-08-24 10:30:00-04:00,2023-09-21 10:30:00-04:00,2023-08-31 10:19:00-04:00,upper,skipped,position_open,open,active,,,,,,,,
1457_upper,2023-08-30,2023-08-30 10:30:00-04:00,2023-09-27 10:30:00-04:00,2023-09-01 08:30:00-04:00,upper,skipped,simultaneous_collision,flat,inactive,,,,,,,,
1440_upper,2023-09-01,2023-08-07 10:30:00-04:00,2023-09-04 10:30:00-04:00,2023-09-01 08:30:00-04:00,upper,executed,,flat,inactive,2023-09-01 08:30:00-04:00,2023-09-01 09:36:00-04:00,15627.12110800869,15592.24610800869,23.25,34.875,TP,34.875
1460_lower,2023-09-05,2023-09-04 10:30:00-04:00,2023-10-02 10:30:00-04:00,2023-09-05 04:11:00-04:00,lower,executed,,flat,inactive,2023-09-05 04:11:00-04:00,2023-09-05 05:04:00-04:00,15448.380957106734,15448.380957106734,46.25,69.375,BE,0.0
1459_lower,2023-09-06,2023-09-01 10:30:00-04:00,2023-09-29 10:30:00-04:00,2023-09-06 10:06:00-04:00,lower,executed,,flat,inactive,2023-09-06 10:06:00-04:00,2023-09-06 12:48:00-04:00,15397.098631191162,15316.473631191162,53.75,80.625,SL,-80.625
1458_lower,2023-08-31,2023-08-31 10:30:00-04:00,2023-09-28 10:30:00-04:00,2023-09-06 12:29:00-04:00,lower,skipped,blocked_time,n/a,n/a,,,,,,,,
1461_lower,2023-09-05,2023-09-05 10:30:00-04:00,2023-10-03 10:30:00-04:00,2023-09-06 12:29:00-04:00,lower,skipped,blocked_time,n/a,n/a,,,,,,,,
1462_lower,2023-09-07,2023-09-06 10:30:00-04:00,2023-10-04 10:30:00-04:00,2023-09-07 08:00:00-04:00,lower,executed,,flat,inactive,2023-09-07 08:00:00-04:00,2023-09-07 08:37:00-04:00,15271.77868773351,15215.15368773351,37.75,56.625,SL,-56.625
1457_lower,2023-08-30,2023-08-30 10:30:00-04:00,2023-09-27 10:30:00-04:00,2023-09-07 08:32:00-04:00,lower,skipped,position_open,open,active,,,,,,,,
1463_upper,2023-09-08,2023-09-07 10:30:00-04:00,2023-10-05 10:30:00-04:00,2023-09-08 09:48:00-04:00,upper,executed,,flat,inactive,2023-09-08 09:48:00-04:00,2023-09-08 10:35:00-04:00,15360.817130631121,15360.817130631121,50.0,75.0,BE,-0.0
1464_upper,2023-09-11,2023-09-08 10:30:00-04:00,2023-10-06 10:30:00-04:00,2023-09-10 20:00:00-04:00,upper,executed,,flat,inactive,2023-09-10 20:00:00-04:00,2023-09-10 21:20:00-04:00,15522.5,15499.625,15.25,22.875,TP,22.875
1461_upper,2023-09-11,2023-09-05 10:30:00-04:00,2023-10-03 10:30:00-04:00,2023-09-11 09:04:00-04:00,upper,executed,,flat,inactive,2023-09-11 09:04:00-04:00,2023-09-11 09:40:00-04:00,15630.505502157688,15581.380502157688,32.75,49.125,TP,49.125
1460_upper,2023-09-04,2023-09-04 10:30:00-04:00,2023-10-02 10:30:00-04:00,2023-09-11 14:00:00-04:00,upper,skipped,blocked_time,n/a,n/a,,,,,,,,
1462_upper,2023-09-06,2023-09-06 10:30:00-04:00,2023-10-04 10:30:00-04:00,2023-09-11 14:14:00-04:00,upper,skipped,blocked_time,n/a,n/a,,,,,,,,
1458_upper,2023-08-31,2023-08-31 10:30:00-04:00,2023-09-28 10:30:00-04:00,2023-09-11 15:25:00-04:00,upper,skipped,no_cutoff,n/a,n/a,,,,,,,,
1466_lower,2023-09-12,2023-09-12 10:30:00-04:00,2023-10-10 10:30:00-04:00,2023-09-13 08:30:00-04:00,lower,skipped,simultaneous_collision,flat,inactive,,,,,,,,
1465_lower,2023-09-13,2023-09-11 10:30:00-04:00,2023-10-09 10:30:00-04:00,2023-09-13 08:30:00-04:00,lower,executed,,flat,inactive,2023-09-13 08:30:00-04:00,2023-09-13 08:37:00-04:00,15424.438451482602,15499.438451482602,50.0,75.0,TP,75.0
1467_upper,2023-09-13,2023-09-13 10:30:00-04:00,2023-10-11 10:30:00-04:00,2023-09-14 11:07:00-04:00,upper,skipped,blocked_time,n/a,n/a,,,,,,,,
1468_lower,2023-09-15,2023-09-14 10:30:00-04:00,2023-10-12 10:30:00-04:00,2023-09-15 10:53:00-04:00,lower,executed,,flat,inactive,2023-09-15 10:53:00-04:00,2023-09-15 15:00:00-04:00,15430.676022982487,15371.75,144.5,200.0,cutoff,-58.92602298248676
1469_lower,2023-09-15,2023-09-15 10:30:00-04:00,2023-10-13 10:30:00-04:00,2023-09-15 13:30:00-04:00,lower,skipped,blocked_time,n/a,n/a,,,,,,,,
1467_lower,2023-09-19,2023-09-13 10:30:00-04:00,2023-10-11 10:30:00-04:00,2023-09-19 09:31:00-04:00,lower,executed,,flat,inactive,2023-09-19 09:31:00-04:00,2023-09-19 10:39:00-04:00,15329.970653564407,15261.345653564407,45.75,68.625,SL,-68.625
1472_lower,2023-09-20,2023-09-20 10:30:00-04:00,2023-10-18 10:30:00-04:00,2023-09-20 15:13:00-04:00,lower,skipped,no_cutoff,n/a,n/a,,,,,,,,
1470_lower,2023-09-18,2023-09-18 10:30:00-04:00,2023-10-16 10:30:00-04:00,2023-09-20 15:32:00-04:00,lower,skipped,no_cutoff,n/a,n/a,,,,,,,,
1471_lower,2023-09-19,2023-09-19 10:30:00-04:00,2023-10-17 10:30:00-04:00,2023-09-20 15:57:00-04:00,lower,skipped,no_cutoff,n/a,n/a,,,,,,,,
1464_lower,2023-09-21,2023-09-08 10:30:00-04:00,2023-10-06 10:30:00-04:00,2023-09-20 19:37:00-04:00,lower,executed,,flat,inactive,2023-09-20 19:37:00-04:00,2023-09-20 20:34:00-04:00,15110.219336367045,15110.219336367045,34.0,51.0,BE,0.0
1463_lower,2023-09-21,2023-09-07 10:30:00-04:00,2023-10-05 10:30:00-04:00,2023-09-21 05:56:00-04:00,lower,executed,,flat,inactive,2023-09-21 05:56:00-04:00,2023-09-21 08:30:00-04:00,15038.932869368879,14955.307869368879,55.75,83.625,SL,-83.625
1455_lower,2023-08-28,2023-08-28 10:30:00-04:00,2023-09-25 10:30:00-04:00,2023-09-21 15:30:00-04:00,lower,skipped,no_cutoff,n/a,n/a,,,,,,,,
1456_lower,2023-08-29,2023-08-29 10:30:00-04:00,2023-09-26 10:30:00-04:00,2023-09-21 16:21:00-04:00,lower,skipped,no_cutoff,n/a,n/a,,,,,,,,
1473_lower,2023-09-25,2023-09-21 10:30:00-04:00,2023-10-19 10:30:00-04:00,2023-09-25 04:44:00-04:00,lower,executed,,flat,inactive,2023-09-25 04:44:00-04:00,2023-09-25 05:07:00-04:00,14806.919631561166,14854.919631561166,32.0,48.0,TP,48.0
1474_lower,2023-09-26,2023-09-22 10:30:00-04:00,2023-10-20 10:30:00-04:00,2023-09-26 09:58:00-04:00,lower,executed,,flat,inactive,2023-09-26 09:58:00-04:00,2023-09-26 10:51:00-04:00,14765.114777353363,14765.114777353363,54.75,82.125,BE,0.0
1475_lower,2023-09-25,2023-09-25 10:30:00-04:00,2023-10-23 10:30:00-04:00,2023-09-27 13:17:00-04:00,lower,skipped,blocked_time,n/a,n/a,,,,,,,,
1476_lower,2023-09-26,2023-09-26 10:30:00-04:00,2023-10-24 10:30:00-04:00,2023-09-27 13:40:00-04:00,lower,skipped,blocked_time,n/a,n/a,,,,,,,,
1478_upper,2023-09-28,2023-09-28 10:30:00-04:00,2023-10-26 10:30:00-04:00,2023-09-28 11:52:00-04:00,upper,skipped,blocked_time,n/a,n/a,,,,,,,,
1477_upper,2023-09-27,2023-09-27 10:30:00-04:00,2023-10-25 10:30:00-04:00,2023-09-28 12:28:00-04:00,upper,skipped,blocked_time,n/a,n/a,,,,,,,,
1476_upper,2023-09-29,2023-09-26 10:30:00-04:00,2023-10-24 10:30:00-04:00,2023-09-29 08:30:00-04:00,upper,executed,,flat,inactive,2023-09-29 08:30:00-04:00,2023-09-29 09:16:00-04:00,15000.754507606416,15000.754507606416,40.75,61.125,BE,-0.0
1475_upper,2023-09-29,2023-09-25 10:30:00-04:00,2023-10-23 10:30:00-04:00,2023-09-29 09:48:00-04:00,upper,executed,,flat,inactive,2023-09-29 09:48:00-04:00,2023-09-29 10:54:00-04:00,15022.042290149877,15022.042290149877,87.0,130.5,BE,-0.0
1479_lower,2023-09-29,2023-09-29 10:30:00-04:00,2023-10-27 10:30:00-04:00,2023-09-29 13:16:00-04:00,lower,skipped,blocked_time,n/a,n/a,,,,,,,,
1480_lower,2023-10-02,2023-10-02 10:30:00-04:00,2023-10-30 10:30:00-04:00,2023-10-03 14:07:00-04:00,lower,skipped,blocked_time,n/a,n/a,,,,,,,,
1481_lower,2023-10-04,2023-10-03 10:30:00-04:00,2023-10-31 10:30:00-04:00,2023-10-04 02:18:00-04:00,lower,executed,,flat,inactive,2023-10-04 02:18:00-04:00,2023-10-04 04:40:00-04:00,14606.490731446378,14681.490731446378,50.0,75.0,TP,75.0
1482_upper,2023-10-04,2023-10-04 10:30:00-04:00,2023-11-01 10:30:00-04:00,2023-10-06 11:33:00-04:00,upper,skipped,blocked_time,n/a,n/a,,,,,,,,
1484_upper,2023-10-06,2023-10-06 10:30:00-04:00,2023-11-03 10:30:00-04:00,2023-10-06 11:38:00-04:00,upper,skipped,blocked_time,n/a,n/a,,,,,,,,
1474_upper,2023-09-22,2023-09-22 10:30:00-04:00,2023-10-20 10:30:00-04:00,2023-10-06 14:09:00-04:00,upper,skipped,blocked_time,n/a,n/a,,,,,,,,
1480_upper,2023-10-02,2023-10-02 10:30:00-04:00,2023-10-30 10:30:00-04:00,2023-10-06 14:12:00-04:00,upper,skipped,blocked_time,n/a,n/a,,,,,,,,
1483_upper,2023-10-05,2023-10-05 10:30:00-04:00,2023-11-02 10:30:00-04:00,2023-10-06 14:28:00-04:00,upper,skipped,blocked_time,n/a,n/a,,,,,,,,
1481_upper,2023-10-03,2023-10-03 10:30:00-04:00,2023-10-31 10:30:00-04:00,2023-10-06 14:46:00-04:00,upper,skipped,blocked_time,n/a,n/a,,,,,,,,
1473_upper,2023-09-21,2023-09-21 10:30:00-04:00,2023-10-19 10:30:00-04:00,2023-10-06 15:28:00-04:00,upper,skipped,no_cutoff,n/a,n/a,,,,,,,,
1479_upper,2023-09-29,2023-09-29 10:30:00-04:00,2023-10-27 10:30:00-04:00,2023-10-09 13:57:00-04:00,upper,skipped,blocked_time,n/a,n/a,,,,,,,,
1485_upper,2023-10-09,2023-10-09 10:30:00-04:00,2023-11-06 10:30:00-05:00,2023-10-09 14:55:00-04:00,upper,skipped,blocked_time,n/a,n/a,,,,,,,,
1486_upper,2023-10-12,2023-10-10 10:30:00-04:00,2023-11-07 10:30:00-05:00,2023-10-11 20:06:00-04:00,upper,executed,,flat,inactive,2023-10-11 20:06:00-04:00,2023-10-11 20:58:00-04:00,15424.176893202628,15424.176893202628,14.25,21.375,BE,-0.0
1488_lower,2023-10-12,2023-10-12 10:30:00-04:00,2023-11-09 10:30:00-05:00,2023-10-12 14:11:00-04:00,lower,skipped,blocked_time,n/a,n/a,,,,,,,,
1487_lower,2023-10-11,2023-10-11 10:30:00-04:00,2023-11-08 10:30:00-05:00,2023-10-13 11:24:00-04:00,lower,skipped,blocked_time,n/a,n/a,,,,,,,,
1489_lower,2023-10-13,2023-10-13 10:30:00-04:00,2023-11-10 10:30:00-05:00,2023-10-13 11:52:00-04:00,lower,skipped,blocked_time,n/a,n/a,,,,,,,,
1486_lower,2023-10-10,2023-10-10 10:30:00-04:00,2023-11-07 10:30:00-05:00,2023-10-18 15:42:00-04:00,lower,skipped,no_cutoff,n/a,n/a,,,,,,,,
1490_lower,2023-10-19,2023-10-16 10:30:00-04:00,2023-11-13 10:30:00-05:00,2023-10-19 03:46:00-04:00,lower,executed,,flat,inactive,2023-10-19 03:46:00-04:00,2023-10-19 05:31:00-04:00,14971.81885270049,15016.06885270049,29.5,44.25,TP,44.25
1492_lower,2023-10-18,2023-10-18 10:30:00-04:00,2023-11-15 10:30:00-05:00,2023-10-19 03:49:00-04:00,lower,skipped,position_open,open,inactive,,,,,,,,
1491_lower,2023-10-17,2023-10-17 10:30:00-04:00,2023-11-14 10:30:00-05:00,2023-10-19 14:40:00-04:00,lower,skipped,blocked_time,n/a,n/a,,,,,,,,
1493_lower,2023-10-19,2023-10-19 10:30:00-04:00,2023-11-16 10:30:00-05:00,2023-10-19 15:43:00-04:00,lower,skipped,no_cutoff,n/a,n/a,,,,,,,,
1485_lower,2023-10-20,2023-10-09 10:30:00-04:00,2023-11-06 10:30:00-05:00,2023-10-20 02:21:00-04:00,lower,executed,,flat,inactive,2023-10-20 02:21:00-04:00,2023-10-20 03:08:00-04:00,14811.042076046504,14811.042076046504,23.0,34.5,BE,0.0
1483_lower,2023-10-23,2023-10-05 10:30:00-04:00,2023-11-02 10:30:00-04:00,2023-10-23 03:45:00-04:00,lower,executed,,flat,inactive,2023-10-23 03:45:00-04:00,2023-10-23 04:12:00-04:00,14635.082168115478,14662.457168115478,18.25,27.375,TP,27.375
1494_lower,2023-10-23,2023-10-20 10:30:00-04:00,2023-11-17 10:30:00-05:00,2023-10-23 05:09:00-04:00,lower,executed,,flat,inactive,2023-10-23 05:09:00-04:00,2023-10-23 05:39:00-04:00,14603.487190692109,14540.487190692109,42.0,63.0,SL,-63.0
1477_lower,2023-09-27,2023-09-27 10:30:00-04:00,2023-10-25 10:30:00-04:00,2023-10-23 05:31:00-04:00,lower,skipped,position_open,open,active,,,,,,,,
1482_lower,2023-10-04,2023-10-04 10:30:00-04:00,2023-11-01 10:30:00-04:00,2023-10-23 05:31:00-04:00,lower,skipped,position_open,open,active,,,,,,,,
1484_lower,2023-10-06,2023-10-06 10:30:00-04:00,2023-11-03 10:30:00-04:00,2023-10-23 05:48:00-04:00,lower,skipped,SAL,n/a,active,,,,,,,,
1495_upper,2023-10-24,2023-10-23 10:30:00-04:00,2023-11-20 10:30:00-05:00,2023-10-24 10:38:00-04:00,upper,executed,,flat,inactive,2023-10-24 10:38:00-04:00,2023-10-24 12:28:00-04:00,14865.948995018829,14746.698995018829,79.5,119.25,TP,119.25
1496_lower,2023-10-24,2023-10-24 10:30:00-04:00,2023-11-21 10:30:00-05:00,2023-10-25 11:50:00-04:00,lower,skipped,blocked_time,n/a,n/a,,,,,,,,
1478_lower,2023-09-28,2023-09-28 10:30:00-04:00,2023-10-26 10:30:00-04:00,2023-10-25 13:26:00-04:00,lower,skipped,blocked_time,n/a,n/a,,,,,,,,
1497_lower,2023-10-25,2023-10-25 10:30:00-04:00,2023-11-22 10:30:00-05:00,2023-10-25 13:41:00-04:00,lower,skipped,blocked_time,n/a,n/a,,,,,,,,
1495_lower,2023-10-26,2023-10-23 10:30:00-04:00,2023-11-20 10:30:00-05:00,2023-10-25 19:21:00-04:00,lower,executed,,flat,inactive,2023-10-25 19:21:00-04:00,2023-10-25 20:51:00-04:00,14337.551004981171,14337.551004981171,76.5,114.75,BE,0.0
1499_upper,2023-10-27,2023-10-27 10:30:00-04:00,2023-11-24 10:30:00-05:00,2023-10-31 15:04:00-04:00,upper,skipped,no_cutoff,n/a,n/a,,,,,,,,
1501_upper,2023-11-01,2023-10-31 10:30:00-04:00,2023-11-28 10:30:00-05:00,2023-11-01 10:22:00-04:00,upper,executed,,flat,inactive,2023-11-01 10:22:00-04:00,2023-11-01 15:00:00-04:00,14606.201169642487,14681.25,114.5,171.75,cutoff,-75.048830357513
1500_upper,2023-10-30,2023-10-30 10:30:00-04:00,2023-11-27 10:30:00-05:00,2023-11-01 10:23:00-04:00,upper,skipped,position_open,open,active,,,,,,,,
1498_upper,2023-10-26,2023-10-26 10:30:00-04:00,2023-11-23 10:30:00-05:00,2023-11-01 14:34:00-04:00,upper,skipped,blocked_time,n/a,n/a,,,,,,,,
1502_upper,2023-11-01,2023-11-01 10:30:00-04:00,2023-11-29 10:30:00-05:00,2023-11-01 15:34:00-04:00,upper,skipped,no_cutoff,n/a,n/a,,,,,,,,
1497_upper,2023-11-02,2023-10-25 10:30:00-04:00,2023-11-22 10:30:00-05:00,2023-11-02 08:46:00-04:00,upper,executed,,flat,inactive,2023-11-02 08:46:00-04:00,2023-11-02 09:39:00-04:00,14944.588689963422,14944.588689963422,29.25,43.875,BE,-0.0
1496_upper,2023-10-24,2023-10-24 10:30:00-04:00,2023-11-21 10:30:00-05:00,2023-11-02 13:55:00-04:00,upper,skipped,blocked_time,n/a,n/a,,,,,,,,
1494_upper,2023-11-03,2023-10-20 10:30:00-04:00,2023-11-17 10:30:00-05:00,2023-11-03 09:31:00-04:00,upper,executed,,flat,inactive,2023-11-03 09:31:00-04:00,2023-11-03 15:00:00-04:00,15077.387809307891,15212.75,125.5,188.25,cutoff,-135.36219069210892
1503_upper,2023-11-02,2023-11-02 10:30:00-04:00,2023-11-30 10:30:00-05:00,2023-11-03 09:44:00-04:00,upper,skipped,position_open,open,active,,,,,,,,
1504_upper,2023-11-03,2023-11-03 10:30:00-04:00,2023-12-01 10:30:00-05:00,2023-11-07 09:18:00-05:00,upper,skipped,simultaneous_collision,flat,inactive,,,,,,,,
1493_upper,2023-11-07,2023-10-19 10:30:00-04:00,2023-11-16 10:30:00-05:00,2023-11-07 09:18:00-05:00,upper,executed,,flat,inactive,2023-11-07 09:18:00-05:00,2023-11-07 09:36:00-05:00,15279.716890588708,15229.091890588708,33.75,50.625,TP,50.625
1492_upper,2023-11-07,2023-10-18 10:30:00-04:00,2023-11-15 10:30:00-05:00,2023-11-07 10:28:00-05:00,upper,executed,,flat,inactive,2023-11-07 10:28:00-05:00,2023-11-07 15:00:00-05:00,15343.319516105892,15386.0,79.25,118.875,cutoff,-42.680483894107965
1491_upper,2023-10-17,2023-10-17 10:30:00-04:00,2023-11-14 10:30:00-05:00,2023-11-07 10:41:00-05:00,upper,skipped,position_open,open,active,,,,,,,,
1505_upper,2023-11-06,2023-11-06 10:30:00-05:00,2023-12-04 10:30:00-05:00,2023-11-07 10:50:00-05:00,upper,skipped,position_open,open,active,,,,,,,,
1490_upper,2023-10-16,2023-10-16 10:30:00-04:00,2023-11-13 10:30:00-05:00,2023-11-09 11:51:00-05:00,upper,skipped,blocked_time,n/a,n/a,,,,,,,,
1508_lower,2023-11-09,2023-11-09 10:30:00-05:00,2023-12-07 10:30:00-05:00,2023-11-09 18:23:00-05:00,lower,skipped,no_anchor,n/a,n/a,,,,,,,,
1507_lower,2023-11-10,2023-11-08 10:30:00-05:00,2023-12-06 10:30:00-05:00,2023-11-09 19:17:00-05:00,lower,executed,,flat,inactive,2023-11-09 19:17:00-05:00,2023-11-10 02:42:00-05:00,15216.55527994144,15263.05527994144,31.0,46.5,TP,46.5
1506_upper,2023-11-07,2023-11-07 10:30:00-05:00,2023-12-05 10:30:00-05:00,2023-11-10 12:17:00-05:00,upper,skipped,blocked_time,n/a,n/a,,,,,,,,
1509_upper,2023-11-10,2023-11-10 10:30:00-05:00,2023-12-08 10:30:00-05:00,2023-11-10 12:34:00-05:00,upper,skipped,blocked_time,n/a,n/a,,,,,,,,
1507_upper,2023-11-08,2023-11-08 10:30:00-05:00,2023-12-06 10:30:00-05:00,2023-11-10 13:33:00-05:00,upper,skipped,blocked_time,n/a,n/a,,,,,,,,
1508_upper,2023-11-09,2023-11-09 10:30:00-05:00,2023-12-07 10:30:00-05:00,2023-11-10 14:10:00-05:00,upper,skipped,blocked_time,n/a,n/a,,,,,,,,
1510_upper,2023-11-14,2023-11-13 10:30:00-05:00,2023-12-11 10:30:00-05:00,2023-11-14 08:30:00-05:00,upper,executed,,flat,inactive,2023-11-14 08:30:00-05:00,2023-11-14 08:30:00-05:00,15677.23500318185,15706.86000318185,19.75,29.625,SL,-29.625
1511_upper,2023-11-15,2023-11-14 10:30:00-05:00,2023-12-12 10:30:00-05:00,2023-11-15 08:30:00-05:00,upper,executed,,flat,inactive,2023-11-15 08:30:00-05:00,2023-11-15 08:30:00-05:00,16011.11704631527,16047.11704631527,24.0,36.0,SL,-36.0
1514_upper,2023-11-17,2023-11-17 10:30:00-05:00,2023-12-15 10:30:00-05:00,2023-11-20 11:04:00-05:00,upper,skipped,blocked_time,n/a,n/a,,,,,,,,
1513_upper,2023-11-16,2023-11-16 10:30:00-05:00,2023-12-14 10:30:00-05:00,2023-11-20 13:03:00-05:00,upper,skipped,blocked_time,n/a,n/a,,,,,,,,
1515_upper,2023-11-21,2023-11-20 10:30:00-05:00,2023-12-18 10:30:00-05:00,2023-11-20 22:14:00-05:00,upper,executed,,flat,inactive,2023-11-20 22:14:00-05:00,2023-11-21 00:36:00-05:00,16117.356040922168,16100.856040922168,11.0,16.5,TP,16.5
1512_upper,2023-11-15,2023-11-15 10:30:00-05:00,2023-12-13 10:30:00-05:00,2023-11-20 22:15:00-05:00,upper,skipped,position_open,open,inactive,,,,,,,,
1518_lower,2023-11-27,2023-11-23 10:30:00-05:00,2023-12-21 10:30:00-05:00,2023-11-26 22:26:00-05:00,lower,executed,,flat,inactive,2023-11-26 22:26:00-05:00,2023-11-27 00:10:00-05:00,15940.170448680245,15940.170448680245,26.75,40.125,BE,0.0
1521_upper,2023-11-29,2023-11-28 10:30:00-05:00,2023-12-27 10:30:00-05:00,2023-11-29 04:55:00-05:00,upper,executed,,flat,inactive,2023-11-29 04:55:00-05:00,2023-11-29 05:54:00-05:00,16122.644254670457,16122.644254670457,44.0,66.0,BE,-0.0
1520_upper,2023-11-29,2023-11-27 10:30:00-05:00,2023-12-26 10:30:00-05:00,2023-11-29 08:30:00-05:00,upper,executed,,flat,inactive,2023-11-29 08:30:00-05:00,2023-11-29 08:38:00-05:00,16170.068032640313,16137.818032640313,21.5,32.25,TP,32.25
1519_upper,2023-11-29,2023-11-24 10:30:00-05:00,2023-12-22 10:30:00-05:00,2023-11-29 09:32:00-05:00,upper,executed,,flat,inactive,2023-11-29 09:32:00-05:00,2023-11-29 10:07:00-05:00,16180.43832259408,16127.18832259408,35.5,53.25,TP,53.25
1516_upper,2023-11-21,2023-11-21 10:30:00-05:00,2023-12-19 10:30:00-05:00,2023-11-29 09:33:00-05:00,upper,skipped,position_open,open,inactive,,,,,,,,
1518_upper,2023-11-23,2023-11-23 10:30:00-05:00,2023-12-21 10:30:00-05:00,2023-11-29 09:33:00-05:00,upper,skipped,position_open,open,inactive,,,,,,,,
1522_lower,2023-11-30,2023-11-29 10:30:00-05:00,2023-12-28 10:30:00-05:00,2023-11-30 10:02:00-05:00,lower,executed,,flat,inactive,2023-11-30 10:02:00-05:00,2023-11-30 15:00:00-05:00,15946.156048627536,15920.75,105.0,157.5,cutoff,-25.40604862753571
1519_lower,2023-11-24,2023-11-24 10:30:00-05:00,2023-12-22 10:30:00-05:00,2023-11-30 11:56:00-05:00,lower,skipped,blocked_time,n/a,n/a,,,,,,,,
1517_lower,2023-12-04,2023-11-22 10:30:00-05:00,2023-12-20 10:30:00-05:00,2023-12-04 09:32:00-05:00,lower,executed,,flat,inactive,2023-12-04 09:32:00-05:00,2023-12-04 10:32:00-05:00,15841.57223883247,15744.07223883247,65.0,97.5,SL,-97.5
1520_lower,2023-11-27,2023-11-27 10:30:00-05:00,2023-12-26 10:30:00-05:00,2023-12-04 09:36:00-05:00,lower,skipped,position_open,open,active,,,,,,,,
1521_lower,2023-11-28,2023-11-28 10:30:00-05:00,2023-12-27 10:30:00-05:00,2023-12-04 09:44:00-05:00,lower,skipped,position_open,open,active,,,,,,,,
1516_lower,2023-11-21,2023-11-21 10:30:00-05:00,2023-12-19 10:30:00-05:00,2023-12-04 10:21:00-05:00,lower,skipped,position_open,open,active,,,,,,,,
1523_lower,2023-11-30,2023-11-30 10:30:00-05:00,2023-12-29 10:30:00-05:00,2023-12-04 10:22:00-05:00,lower,skipped,position_open,open,active,,,,,,,,
1512_lower,2023-11-15,2023-11-15 10:30:00-05:00,2023-12-13 10:30:00-05:00,2023-12-04 10:24:00-05:00,lower,skipped,position_open,open,active,,,,,,,,
1524_lower,2023-12-01,2023-12-01 10:30:00-05:00,2024-01-02 10:30:00-05:00,2023-12-04 10:32:00-05:00,lower,skipped,SAL,n/a,active,,,,,,,,
1515_lower,2023-11-20,2023-11-20 10:30:00-05:00,2023-12-18 10:30:00-05:00,2023-12-04 10:53:00-05:00,lower,skipped,SAL,n/a,active,,,,,,,,
1525_upper,2023-12-04,2023-12-04 10:30:00-05:00,2024-01-03 10:30:00-05:00,2023-12-07 12:20:00-05:00,upper,skipped,blocked_time,n/a,n/a,,,,,,,,
1526_upper,2023-12-05,2023-12-05 10:30:00-05:00,2024-01-04 10:30:00-05:00,2023-12-07 12:20:00-05:00,upper,skipped,blocked_time,n/a,n/a,,,,,,,,
1524_upper,2023-12-08,2023-12-01 10:30:00-05:00,2024-01-02 10:30:00-05:00,2023-12-08 10:17:00-05:00,upper,executed,,flat,inactive,2023-12-08 10:17:00-05:00,2023-12-08 14:43:00-05:00,16107.468700063931,16107.468700063931,87.5,131.25,BE,-0.0
1527_upper,2023-12-06,2023-12-06 10:30:00-05:00,2024-01-05 10:30:00-05:00,2023-12-10 19:00:00-05:00,upper,skipped,simultaneous_collision,flat,inactive,,,,,,,,
1528_upper,2023-12-07,2023-12-07 10:30:00-05:00,2024-01-08 10:30:00-05:00,2023-12-10 19:00:00-05:00,upper,skipped,simultaneous_collision,flat,inactive,,,,,,,,
1529_upper,2023-12-08,2023-12-08 10:30:00-05:00,2024-01-09 10:30:00-05:00,2023-12-10 19:00:00-05:00,upper,skipped,simultaneous_collision,flat,inactive,,,,,,,,
1523_upper,2023-12-11,2023-11-30 10:30:00-05:00,2023-12-29 10:30:00-05:00,2023-12-10 19:00:00-05:00,upper,executed,,flat,inactive,2023-12-10 19:00:00-05:00,2023-12-10 21:30:00-05:00,16313.0,16264.625,32.25,48.375,TP,48.375
1517_upper,2023-11-22,2023-11-22 10:30:00-05:00,2023-12-20 10:30:00-05:00,2023-12-10 19:06:00-05:00,upper,skipped,position_open,open,inactive,,,,,,,,
1522_upper,2023-12-11,2023-11-29 10:30:00-05:00,2023-12-28 10:30:00-05:00,2023-12-11 09:34:00-05:00,upper,executed,,flat,inactive,2023-12-11 09:34:00-05:00,2023-12-11 09:35:00-05:00,16347.843951372464,16307.718951372464,26.75,40.125,TP,40.125
1530_upper,2023-12-12,2023-12-11 10:30:00-05:00,2024-01-10 10:30:00-05:00,2023-12-12 08:27:00-05:00,upper,executed,,flat,inactive,2023-12-12 08:27:00-05:00,2023-12-12 08:52:00-05:00,16506.06621919317,16458.44121919317,31.75,47.625,TP,47.625
1531_upper,2023-12-13,2023-12-12 10:30:00-05:00,2024-01-11 10:30:00-05:00,2023-12-13 09:00:00-05:00,upper,executed,,flat,inactive,2023-12-13 09:00:00-05:00,2023-12-13 10:18:00-05:00,16632.652290621612,16632.652290621612,27.25,40.875,BE,-0.0
1532_upper,2023-12-13,2023-12-13 10:30:00-05:00,2024-01-12 10:30:00-05:00,2023-12-13 14:42:00-05:00,upper,skipped,blocked_time,n/a,n/a,,,,,,,,
1533_lower,2023-12-14,2023-12-14 10:30:00-05:00,2024-01-15 10:30:00-05:00,2023-12-14 13:51:00-05:00,lower,skipped,blocked_time,n/a,n/a,,,,,,,,
1534_upper,2023-12-19,2023-12-15 10:30:00-05:00,2024-01-16 10:30:00-05:00,2023-12-19 10:18:00-05:00,upper,executed,,flat,inactive,2023-12-19 10:18:00-05:00,2023-12-19 15:00:00-05:00,16995.8043909747,17002.0,51.0,76.5,cutoff,-6.195609025300655
1533_upper,2023-12-14,2023-12-14 10:30:00-05:00,2024-01-15 10:30:00-05:00,2023-12-19 11:05:00-05:00,upper,skipped,blocked_time,n/a,n/a,,,,,,,,
1535_upper,2023-12-20,2023-12-18 10:30:00-05:00,2024-01-17 10:30:00-05:00,2023-12-19 19:29:00-05:00,upper,executed,,flat,inactive,2023-12-19 19:29:00-05:00,2023-12-19 20:21:00-05:00,17037.163961176688,17037.163961176688,13.0,19.5,BE,-0.0
1537_lower,2023-12-20,2023-12-20 10:30:00-05:00,2024-01-19 10:30:00-05:00,2023-12-20 15:05:00-05:00,lower,skipped,no_cutoff,n/a,n/a,,,,,,,,
1536_lower,2023-12-19,2023-12-19 10:30:00-05:00,2024-01-18 10:30:00-05:00,2023-12-20 15:08:00-05:00,lower,skipped,no_cutoff,n/a,n/a,,,,,,,,
1536_upper,2023-12-19,2023-12-19 10:30:00-05:00,2024-01-18 10:30:00-05:00,2023-12-27 13:12:00-05:00,upper,skipped,blocked_time,n/a,n/a,,,,,,,,
1538_upper,2023-12-28,2023-12-21 10:30:00-05:00,2024-01-22 10:30:00-05:00,2023-12-27 19:48:00-05:00,upper,executed,,flat,inactive,2023-12-27 19:48:00-05:00,2023-12-27 20:37:00-05:00,17135.471222505847,17150.096222505847,9.75,14.625,SL,-14.625
1542_lower,2023-12-28,2023-12-28 10:30:00-05:00,2024-01-26 10:30:00-05:00,2023-12-29 11:16:00-05:00,lower,skipped,blocked_time,n/a,n/a,,,,,,,,
1543_lower,2024-01-02,2023-12-29 10:30:00-05:00,2024-01-29 10:30:00-05:00,2024-01-02 06:14:00-05:00,lower,executed,,flat,inactive,2024-01-02 06:14:00-05:00,2024-01-02 06:27:00-05:00,16934.383462310165,16890.508462310165,29.25,43.875,SL,-43.875
1541_lower,2023-12-27,2023-12-27 10:30:00-05:00,2024-01-25 10:30:00-05:00,2024-01-02 06:17:00-05:00,lower,skipped,position_open,open,active,,,,,,,,
1540_lower,2023-12-26,2023-12-26 10:30:00-05:00,2024-01-24 10:30:00-05:00,2024-01-02 06:36:00-05:00,lower,skipped,SAL,n/a,active,,,,,,,,
1539_lower,2023-12-22,2023-12-22 10:30:00-05:00,2024-01-23 10:30:00-05:00,2024-01-02 07:55:00-05:00,lower,skipped,SAL,n/a,active,,,,,,,,
1538_lower,2023-12-21,2023-12-21 10:30:00-05:00,2024-01-22 10:30:00-05:00,2024-01-02 10:50:00-05:00,lower,skipped,SAL,n/a,active,,,,,,,,
1535_lower,2023-12-18,2023-12-18 10:30:00-05:00,2024-01-17 10:30:00-05:00,2024-01-02 14:05:00-05:00,lower,skipped,blocked_time,n/a,n/a,,,,,,,,
1534_lower,2024-01-03,2023-12-15 10:30:00-05:00,2024-01-16 10:30:00-05:00,2024-01-03 07:23:00-05:00,lower,executed,,flat,inactive,2024-01-03 07:23:00-05:00,2024-01-03 10:13:00-05:00,16615.5706090253,16570.9456090253,29.75,44.625,SL,-44.625
1544_lower,2024-01-02,2024-01-02 10:30:00-05:00,2024-01-30 10:30:00-05:00,2024-01-03 10:12:00-05:00,lower,skipped,position_open,open,active,,,,,,,,
1532_lower,2024-01-04,2023-12-13 10:30:00-05:00,2024-01-12 10:30:00-05:00,2024-01-04 08:40:00-05:00,lower,executed,,flat,inactive,2024-01-04 08:40:00-05:00,2024-01-04 10:08:00-05:00,16462.130319001502,16509.005319001502,31.25,46.875,TP,46.875
1545_lower,2024-01-05,2024-01-03 10:30:00-05:00,2024-01-31 10:30:00-05:00,2024-01-05 01:43:00-05:00,lower,executed,,flat,inactive,2024-01-05 01:43:00-05:00,2024-01-05 02:56:00-05:00,16402.77105024367,16402.77105024367,18.75,28.125,BE,0.0
1546_upper,2024-01-04,2024-01-04 10:30:00-05:00,2024-02-01 10:30:00-05:00,2024-01-08 12:00:00-05:00,upper,skipped,blocked_time,n/a,n/a,,,,,,,,
1547_upper,2024-01-05,2024-01-05 10:30:00-05:00,2024-02-02 10:30:00-05:00,2024-01-08 12:34:00-05:00,upper,skipped,blocked_time,n/a,n/a,,,,,,,,
1548_upper,2024-01-08,2024-01-08 10:30:00-05:00,2024-02-05 10:30:00-05:00,2024-01-08 14:57:00-05:00,upper,skipped,blocked_time,n/a,n/a,,,,,,,,
1545_upper,2024-01-03,2024-01-03 10:30:00-05:00,2024-01-31 10:30:00-05:00,2024-01-09 11:53:00-05:00,upper,skipped,blocked_time,n/a,n/a,,,,,,,,
1549_upper,2024-01-10,2024-01-09 10:30:00-05:00,2024-02-06 10:30:00-05:00,2024-01-10 04:07:00-05:00,upper,executed,,flat,inactive,2024-01-10 04:07:00-05:00,2024-01-10 06:50:00-05:00,16877.843049584724,16841.843049584724,24.0,36.0,TP,36.0
1550_upper,2024-01-11,2024-01-10 10:30:00-05:00,2024-02-07 10:30:00-05:00,2024-01-11 03:12:00-05:00,upper,executed,,flat,inactive,2024-01-11 03:12:00-05:00,2024-01-11 03:25:00-05:00,17021.373751502935,17040.123751502935,12.5,18.75,SL,-18.75
1553_lower,2024-01-17,2024-01-15 10:30:00-05:00,2024-02-12 10:30:00-05:00,2024-01-17 08:48:00-05:00,lower,executed,,flat,inactive,2024-01-17 08:48:00-05:00,2024-01-17 09:32:00-05:00,16807.8776077776,16769.2526077776,25.75,38.625,SL,-38.625
1552_lower,2024-01-12,2024-01-12 10:30:00-05:00,2024-02-09 10:30:00-05:00,2024-01-17 09:31:00-05:00,lower,skipped,position_open,open,active,,,,,,,,
1555_upper,2024-01-18,2024-01-17 10:30:00-05:00,2024-02-14 10:30:00-05:00,2024-01-18 08:36:00-05:00,upper,executed,,flat,inactive,2024-01-18 08:36:00-05:00,2024-01-18 08:42:00-05:00,17043.436027902375,16990.936027902375,35.0,52.5,TP,52.5
1544_upper,2024-01-18,2024-01-02 10:30:00-05:00,2024-01-30 10:30:00-05:00,2024-01-18 10:50:00-05:00,upper,executed,,flat,inactive,2024-01-18 10:50:00-05:00,2024-01-18 13:04:00-05:00,17078.974062380577,16970.974062380577,72.0,108.0,TP,108.0
1553_upper,2024-01-15,2024-01-15 10:30:00-05:00,2024-02-12 10:30:00-05:00,2024-01-18 11:32:00-05:00,upper,skipped,blocked_time,n/a,n/a,,,,,,,,
1554_upper,2024-01-19,2024-01-16 10:30:00-05:00,2024-02-13 10:30:00-05:00,2024-01-18 21:12:00-05:00,upper,executed,,flat,inactive,2024-01-18 21:12:00-05:00,2024-01-19 03:53:00-05:00,17160.03627451911,17201.66127451911,27.75,41.625,SL,-41.625
1539_upper,2023-12-22,2023-12-22 10:30:00-05:00,2024-01-23 10:30:00-05:00,2024-01-19 02:19:00-05:00,upper,skipped,position_open,open,active,,,,,,,,
1540_upper,2023-12-26,2023-12-26 10:30:00-05:00,2024-01-24 10:30:00-05:00,2024-01-19 03:49:00-05:00,upper,skipped,position_open,open,active,,,,,,,,
1556_upper,2024-01-18,2024-01-18 10:30:00-05:00,2024-02-15 10:30:00-05:00,2024-01-19 03:49:00-05:00,upper,skipped,position_open,open,active,,,,,,,,
1537_upper,2023-12-20,2023-12-20 10:30:00-05:00,2024-01-19 10:30:00-05:00,2024-01-19 03:53:00-05:00,upper,skipped,SAL,n/a,active,,,,,,,,
1552_upper,2024-01-12,2024-01-12 10:30:00-05:00,2024-02-09 10:30:00-05:00,2024-01-19 03:53:00-05:00,upper,skipped,SAL,n/a,active,,,,,,,,
1543_upper,2023-12-29,2023-12-29 10:30:00-05:00,2024-01-29 10:30:00-05:00,2024-01-19 06:31:00-05:00,upper,skipped,SAL,n/a,active,,,,,,,,
1551_upper,2024-01-11,2024-01-11 10:30:00-05:00,2024-02-08 10:30:00-05:00,2024-01-19 06:44:00-05:00,upper,skipped,SAL,n/a,active,,,,,,,,
1541_upper,2023-12-27,2023-12-27 10:30:00-05:00,2024-01-25 10:30:00-05:00,2024-01-19 12:26:00-05:00,upper,skipped,blocked_time,n/a,n/a,,,,,,,,
1542_upper,2023-12-28,2023-12-28 10:30:00-05:00,2024-01-26 10:30:00-05:00,2024-01-19 12:37:00-05:00,upper,skipped,blocked_time,n/a,n/a,,,,,,,,
1557_upper,2024-01-19,2024-01-19 10:30:00-05:00,2024-02-16 10:30:00-05:00,2024-01-19 13:41:00-05:00,upper,skipped,blocked_time,n/a,n/a,,,,,,,,
1559_upper,2024-01-24,2024-01-23 10:30:00-05:00,2024-02-20 10:30:00-05:00,2024-01-24 04:24:00-05:00,upper,executed,,flat,inactive,2024-01-24 04:24:00-05:00,2024-01-24 06:10:00-05:00,17660.036059298953,17660.036059298953,25.25,37.875,BE,-0.0
1558_upper,2024-01-24,2024-01-22 10:30:00-05:00,2024-02-19 10:30:00-05:00,2024-01-24 10:40:00-05:00,upper,executed,,flat,inactive,2024-01-24 10:40:00-05:00,2024-01-24 11:56:00-05:00,17746.39968892966,17746.39968892966,58.0,87.0,BE,-0.0
1561_lower,2024-01-26,2024-01-25 10:30:00-05:00,2024-02-22 10:30:00-05:00,2024-01-25 23:14:00-05:00,lower,executed,,flat,inactive,2024-01-25 23:14:00-05:00,2024-01-25 23:45:00-05:00,17506.047175144824,17485.422175144824,13.75,20.625,SL,-20.625
1560_lower,2024-01-24,2024-01-24 10:30:00-05:00,2024-02-21 10:30:00-05:00,2024-01-25 23:42:00-05:00,lower,skipped,position_open,open,active,,,,,,,,
1563_upper,2024-01-29,2024-01-29 10:30:00-05:00,2024-02-26 10:30:00-05:00,2024-01-29 18:25:00-05:00,upper,skipped,no_anchor,n/a,n/a,,,,,,,,
1564_lower,2024-01-30,2024-01-30 10:30:00-05:00,2024-02-27 10:30:00-05:00,2024-01-30 18:00:00-05:00,lower,skipped,no_anchor,n/a,n/a,,,,,,,,
1563_lower,2024-01-31,2024-01-29 10:30:00-05:00,2024-02-26 10:30:00-05:00,2024-01-31 04:20:00-05:00,lower,executed,,flat,inactive,2024-01-31 04:20:00-05:00,2024-01-31 07:52:00-05:00,17373.731955782336,17414.981955782336,27.5,41.25,TP,41.25
1562_lower,2024-01-26,2024-01-26 10:30:00-05:00,2024-02-23 10:30:00-05:00,2024-01-31 04:34:00-05:00,lower,skipped,position_open,open,inactive,,,,,,,,
1558_lower,2024-01-31,2024-01-22 10:30:00-05:00,2024-02-19 10:30:00-05:00,2024-01-31 10:32:00-05:00,lower,executed,,flat,inactive,2024-01-31 10:32:00-05:00,2024-01-31 14:02:00-05:00,17309.97531107034,17309.97531107034,79.25,118.875,BE,0.0
1559_lower,2024-01-23,2024-01-23 10:30:00-05:00,2024-02-20 10:30:00-05:00,2024-01-31 15:04:00-05:00,lower,skipped,no_cutoff,n/a,n/a,,,,,,,,
1566_upper,2024-02-01,2024-02-01 10:30:00-05:00,2024-02-29 10:30:00-05:00,2024-02-01 16:10:00-05:00,upper,skipped,no_cutoff,n/a,n/a,,,,,,,,
1565_upper,2024-01-31,2024-01-31 10:30:00-05:00,2024-02-28 10:30:00-05:00,2024-02-01 16:30:00-05:00,upper,skipped,no_cutoff,n/a,n/a,,,,,,,,
1562_upper,2024-01-26,2024-01-26 10:30:00-05:00,2024-02-23 10:30:00-05:00,2024-02-02 12:32:00-05:00,upper,skipped,blocked_time,n/a,n/a,,,,,,,,
1567_upper,2024-02-07,2024-02-02 10:30:00-05:00,2024-03-01 10:30:00-05:00,2024-02-07 10:13:00-05:00,upper,executed,,flat,inactive,2024-02-07 10:13:00-05:00,2024-02-07 15:00:00-05:00,17791.154382374603,17854.25,60.75,91.125,cutoff,-63.0956176253967
1564_upper,2024-01-30,2024-01-30 10:30:00-05:00,2024-02-27 10:30:00-05:00,2024-02-07 10:27:00-05:00,upper,skipped,position_open,open,active,,,,,,,,
1560_upper,2024-02-08,2024-01-24 10:30:00-05:00,2024-02-21 10:30:00-05:00,2024-02-08 10:49:00-05:00,upper,executed,,flat,inactive,2024-02-08 10:49:00-05:00,2024-02-08 15:00:00-05:00,17878.006316994222,17867.25,44.5,66.75,cutoff,10.756316994222288
1561_upper,2024-02-09,2024-01-25 10:30:00-05:00,2024-02-22 10:30:00-05:00,2024-02-09 03:03:00-05:00,upper,executed,,flat,inactive,2024-02-09 03:03:00-05:00,2024-02-09 08:31:00-05:00,17908.702824855176,17946.952824855176,25.5,38.25,SL,-38.25
1568_upper,2024-02-05,2024-02-05 10:30:00-05:00,2024-03-04 10:30:00-05:00,2024-02-09 08:31:00-05:00,upper,skipped,SAL,n/a,active,,,,,,,,
1569_upper,2024-02-06,2024-02-06 10:30:00-05:00,2024-03-05 10:30:00-05:00,2024-02-09 10:36:00-05:00,upper,skipped,SAL,n/a,active,,,,,,,,
1571_upper,2024-02-08,2024-02-08 10:30:00-05:00,2024-03-07 10:30:00-05:00,2024-02-09 12:52:00-05:00,upper,skipped,blocked_time,n/a,n/a,,,,,,,,
1570_upper,2024-02-07,2024-02-07 10:30:00-05:00,2024-03-06 10:30:00-05:00,2024-02-09 13:28:00-05:00,upper,skipped,blocked_time,n/a,n/a,,,,,,,,
1573_lower,2024-02-13,2024-02-12 10:30:00-05:00,2024-03-11 10:30:00-04:00,2024-02-13 05:15:00-05:00,lower,executed,,flat,inactive,2024-02-13 05:15:00-05:00,2024-02-13 08:30:00-05:00,17856.98780988131,17790.98780988131,44.0,66.0,SL,-66.0
1572_lower,2024-02-09,2024-02-09 10:30:00-05:00,2024-03-08 10:30:00-05:00,2024-02-13 08:32:00-05:00,lower,skipped,SAL,n/a,active,,,,,,,,
1571_lower,2024-02-08,2024-02-08 10:30:00-05:00,2024-03-07 10:30:00-05:00,2024-02-13 08:49:00-05:00,lower,skipped,SAL,n/a,active,,,,,,,,
1574_upper,2024-02-15,2024-02-13 10:30:00-05:00,2024-03-12 10:30:00-04:00,2024-02-15 02:25:00-05:00,upper,executed,,flat,inactive,2024-02-15 02:25:00-05:00,2024-02-15 03:12:00-05:00,17917.308800430386,17917.308800430386,33.5,50.25,BE,-0.0
1576_lower,2024-02-20,2024-02-15 10:30:00-05:00,2024-03-14 10:30:00-04:00,2024-02-20 05:05:00-05:00,lower,executed,,flat,inactive,2024-02-20 05:05:00-05:00,2024-02-20 05:51:00-05:00,17634.47945792711,17634.47945792711,59.5,89.25,BE,0.0
1578_lower,2024-02-20,2024-02-19 10:30:00-05:00,2024-03-18 10:30:00-04:00,2024-02-20 09:40:00-05:00,lower,executed,,flat,inactive,2024-02-20 09:40:00-05:00,2024-02-20 09:52:00-05:00,17608.47891449288,17543.97891449288,43.0,64.5,SL,-64.5
1577_lower,2024-02-16,2024-02-16 10:30:00-05:00,2024-03-15 10:30:00-04:00,2024-02-20 09:51:00-05:00,lower,skipped,position_open,open,active,,,,,,,,
1575_lower,2024-02-14,2024-02-14 10:30:00-05:00,2024-03-13 10:30:00-04:00,2024-02-20 09:52:00-05:00,lower,skipped,SAL,n/a,active,,,,,,,,
1570_lower,2024-02-07,2024-02-07 10:30:00-05:00,2024-03-06 10:30:00-05:00,2024-02-20 10:10:00-05:00,lower,skipped,SAL,n/a,active,,,,,,,,
1568_lower,2024-02-21,2024-02-05 10:30:00-05:00,2024-03-04 10:30:00-05:00,2024-02-21 09:47:00-05:00,lower,executed,,flat,inactive,2024-02-21 09:47:00-05:00,2024-02-21 10:02:00-05:00,17449.182090957587,17493.432090957587,29.5,44.25,TP,44.25
1569_lower,2024-02-06,2024-02-06 10:30:00-05:00,2024-03-05 10:30:00-05:00,2024-02-21 12:44:00-05:00,lower,skipped,blocked_time,n/a,n/a,,,,,,,,
1574_lower,2024-02-13,2024-02-13 10:30:00-05:00,2024-03-12 10:30:00-04:00,2024-02-21 14:42:00-05:00,lower,skipped,blocked_time,n/a,n/a,,,,,,,,
1580_upper,2024-02-21,2024-02-21 10:30:00-05:00,2024-03-20 10:30:00-04:00,2024-02-21 16:59:00-05:00,upper,skipped,no_cutoff,n/a,n/a,,,,,,,,
1579_upper,2024-02-20,2024-02-20 10:30:00-05:00,2024-03-19 10:30:00-04:00,2024-02-22 10:35:00-05:00,upper,skipped,simultaneous_collision,flat,inactive,,,,,,,,
1578_upper,2024-02-22,2024-02-19 10:30:00-05:00,2024-03-18 10:30:00-04:00,2024-02-22 10:35:00-05:00,upper,executed,,flat,inactive,2024-02-22 10:35:00-05:00,2024-02-22 11:24:00-05:00,17972.64608550712,17972.64608550712,106.25,159.375,BE,-0.0
1575_upper,2024-02-14,2024-02-14 10:30:00-05:00,2024-03-13 10:30:00-04:00,2024-02-22 13:33:00-05:00,upper,skipped,blocked_time,n/a,n/a,,,,,,,,
1576_upper,2024-02-23,2024-02-15 10:30:00-05:00,2024-03-14 10:30:00-04:00,2024-02-23 09:20:00-05:00,upper,executed,,flat,inactive,2024-02-23 09:20:00-05:00,2024-02-23 10:44:00-05:00,18103.64554207289,18027.14554207289,51.0,76.5,TP,76.5
1572_upper,2024-02-09,2024-02-09 10:30:00-05:00,2024-03-08 10:30:00-05:00,2024-02-23 09:31:00-05:00,upper,skipped,position_open,open,inactive,,,,,,,,
1582_lower,2024-02-23,2024-02-23 10:30:00-05:00,2024-03-22 10:30:00-04:00,2024-02-28 16:39:00-05:00,lower,skipped,no_cutoff,n/a,n/a,,,,,,,,
1585_upper,2024-03-01,2024-02-28 10:30:00-05:00,2024-03-27 10:30:00-04:00,2024-02-29 20:56:00-05:00,upper,executed,,flat,inactive,2024-02-29 20:56:00-05:00,2024-02-29 21:43:00-05:00,18119.966134523136,18119.966134523136,24.5,36.75,BE,-0.0
1581_upper,2024-03-01,2024-02-22 10:30:00-05:00,2024-03-21 10:30:00-04:00,2024-03-01 02:03:00-05:00,upper,executed,,flat,inactive,2024-03-01 02:03:00-05:00,2024-03-01 03:33:00-05:00,18153.27032739663,18129.27032739663,16.0,24.0,TP,24.0
1577_upper,2024-03-01,2024-02-16 10:30:00-05:00,2024-03-15 10:30:00-04:00,2024-03-01 10:15:00-05:00,upper,executed,,flat,inactive,2024-03-01 10:15:00-05:00,2024-03-01 12:55:00-05:00,18193.739781263186,18288.614781263186,63.25,94.875,SL,-94.875
1573_upper,2024-02-12,2024-02-12 10:30:00-05:00,2024-03-11 10:30:00-04:00,2024-03-01 10:56:00-05:00,upper,skipped,position_open,open,active,,,,,,,,
1584_upper,2024-02-27,2024-02-27 10:30:00-05:00,2024-03-26 10:30:00-04:00,2024-03-01 11:06:00-05:00,upper,skipped,blocked_time,n/a,n/a,,,,,,,,
1583_upper,2024-02-26,2024-02-26 10:30:00-05:00,2024-03-25 10:30:00-04:00,2024-03-01 11:07:00-05:00,upper,skipped,blocked_time,n/a,n/a,,,,,,,,
1586_upper,2024-02-29,2024-02-29 10:30:00-05:00,2024-03-28 10:30:00-04:00,2024-03-01 11:52:00-05:00,upper,skipped,blocked_time,n/a,n/a,,,,,,,,
1582_upper,2024-02-23,2024-02-23 10:30:00-05:00,2024-03-22 10:30:00-04:00,2024-03-01 13:41:00-05:00,upper,skipped,blocked_time,n/a,n/a,,,,,,,,
1587_upper,2024-03-01,2024-03-01 10:30:00-05:00,2024-04-01 10:30:00-04:00,2024-03-01 14:00:00-05:00,upper,skipped,blocked_time,n/a,n/a,,,,,,,,
1588_lower,2024-03-05,2024-03-04 10:30:00-05:00,2024-04-02 10:30:00-04:00,2024-03-05 04:51:00-05:00,lower,executed,,flat,inactive,2024-03-05 04:51:00-05:00,2024-03-05 09:00:00-05:00,18125.525049699056,18125.525049699056,54.75,82.125,BE,0.0
1587_lower,2024-03-01,2024-03-01 10:30:00-05:00,2024-04-01 10:30:00-04:00,2024-03-05 13:44:00-05:00,lower,skipped,blocked_time,n/a,n/a,,,,,,,,
1590_upper,2024-03-06,2024-03-06 10:30:00-05:00,2024-04-04 10:30:00-04:00,2024-03-07 13:49:00-05:00,upper,skipped,blocked_time,n/a,n/a,,,,,,,,
1589_upper,2024-03-08,2024-03-05 10:30:00-05:00,2024-04-03 10:30:00-04:00,2024-03-08 09:55:00-05:00,upper,executed,,flat,inactive,2024-03-08 09:55:00-05:00,2024-03-08 11:31:00-05:00,18379.260766192856,18179.260766192856,160.25,200.0,TP,200.0
1591_upper,2024-03-07,2024-03-07 10:30:00-05:00,2024-04-05 10:30:00-04:00,2024-03-08 10:16:00-05:00,upper,skipped,position_open,open,inactive,,,,,,,,
1592_lower,2024-03-08,2024-03-08 10:30:00-05:00,2024-04-08 10:30:00-04:00,2024-03-08 12:58:00-05:00,lower,skipped,blocked_time,n/a,n/a,,,,,,,,
1593_upper,2024-03-12,2024-03-11 10:30:00-04:00,2024-04-09 10:30:00-04:00,2024-03-12 10:51:00-04:00,upper,executed,,flat,inactive,2024-03-12 10:51:00-04:00,2024-03-12 11:37:00-04:00,18441.2453726962,18441.2453726962,165.0,200.0,BE,-0.0
1595_lower,2024-03-13,2024-03-13 10:30:00-04:00,2024-04-11 10:30:00-04:00,2024-03-14 15:35:00-04:00,lower,skipped,no_cutoff,n/a,n/a,,,,,,,,
1596_lower,2024-03-15,2024-03-14 10:30:00-04:00,2024-04-12 10:30:00-04:00,2024-03-15 10:05:00-04:00,lower,executed,,flat,inactive,2024-03-15 10:05:00-04:00,2024-03-15 11:47:00-04:00,18059.822639503334,18059.822639503334,185.5,200.0,BE,0.0
1597_upper,2024-03-18,2024-03-15 10:30:00-04:00,2024-04-15 10:30:00-04:00,2024-03-18 10:26:00-04:00,upper,executed,,flat,inactive,2024-03-18 10:26:00-04:00,2024-03-18 13:04:00-04:00,18375.730127178787,18236.980127178787,92.5,138.75,TP,138.75
1598_lower,2024-03-19,2024-03-18 10:30:00-04:00,2024-04-16 10:30:00-04:00,2024-03-19 08:24:00-04:00,lower,executed,,flat,inactive,2024-03-19 08:24:00-04:00,2024-03-19 09:38:00-04:00,18090.770911604093,18090.770911604093,77.0,115.5,BE,0.0
1599_upper,2024-03-19,2024-03-19 10:30:00-04:00,2024-04-17 10:30:00-04:00,2024-03-20 14:01:00-04:00,upper,skipped,blocked_time,n/a,n/a,,,,,,,,
1600_upper,2024-03-20,2024-03-20 10:30:00-04:00,2024-04-18 10:30:00-04:00,2024-03-20 16:02:00-04:00,upper,skipped,no_cutoff,n/a,n/a,,,,,,,,
1588_upper,2024-03-04,2024-03-04 10:30:00-05:00,2024-04-02 10:30:00-04:00,2024-03-20 16:03:00-04:00,upper,skipped,no_cutoff,n/a,n/a,,,,,,,,
1598_upper,2024-03-18,2024-03-18 10:30:00-04:00,2024-04-16 10:30:00-04:00,2024-03-20 16:04:00-04:00,upper,skipped,no_cutoff,n/a,n/a,,,,,,,,
1592_upper,2024-03-21,2024-03-08 10:30:00-05:00,2024-04-08 10:30:00-04:00,2024-03-21 00:34:00-04:00,upper,executed,,flat,inactive,2024-03-21 00:34:00-04:00,2024-03-21 01:35:00-04:00,18605.160692768266,18605.160692768266,12.25,18.375,BE,-0.0
1596_upper,2024-03-21,2024-03-14 10:30:00-04:00,2024-04-12 10:30:00-04:00,2024-03-21 02:09:00-04:00,upper,executed,,flat,inactive,2024-03-21 02:09:00-04:00,2024-03-21 03:20:00-04:00,18616.052360496666,18643.052360496666,18.0,27.0,SL,-27.0
1594_upper,2024-03-12,2024-03-12 10:30:00-04:00,2024-04-10 10:30:00-04:00,2024-03-21 02:11:00-04:00,upper,skipped,position_open,open,active,,,,,,,,
1595_upper,2024-03-13,2024-03-13 10:30:00-04:00,2024-04-11 10:30:00-04:00,2024-03-21 02:41:00-04:00,upper,skipped,position_open,open,active,,,,,,,,
1601_lower,2024-03-25,2024-03-21 10:30:00-04:00,2024-04-19 10:30:00-04:00,2024-03-25 07:06:00-04:00,lower,executed,,flat,inactive,2024-03-25 07:06:00-04:00,2024-03-25 09:41:00-04:00,18478.214536694275,18426.839536694275,34.25,51.375,SL,-51.375
1604_lower,2024-03-27,2024-03-26 10:30:00-04:00,2024-04-24 10:30:00-04:00,2024-03-27 10:03:00-04:00,lower,executed,,flat,inactive,2024-03-27 10:03:00-04:00,2024-03-27 15:00:00-04:00,18389.97836295866,18420.25,125.75,188.625,cutoff,30.27163704134
1602_lower,2024-04-02,2024-03-22 10:30:00-04:00,2024-04-22 10:30:00-04:00,2024-04-02 08:42:00-04:00,lower,executed,,flat,inactive,2024-04-02 08:42:00-04:00,2024-04-02 09:13:00-04:00,18357.928506146476,18291.928506146476,44.0,66.0,SL,-66.0
1606_lower,2024-03-28,2024-03-28 10:30:00-04:00,2024-04-26 10:30:00-04:00,2024-04-02 09:07:00-04:00,lower,skipped,position_open,open,active,,,,,,,,
1607_lower,2024-04-01,2024-04-01 10:30:00-04:00,2024-04-29 10:30:00-04:00,2024-04-02 09:10:00-04:00,lower,skipped,position_open,open,active,,,,,,,,
1605_lower,2024-03-27,2024-03-27 10:30:00-04:00,2024-04-25 10:30:00-04:00,2024-04-02 09:39:00-04:00,lower,skipped,SAL,n/a,active,,,,,,,,
1603_lower,2024-03-25,2024-03-25 10:30:00-04:00,2024-04-23 10:30:00-04:00,2024-04-02 09:40:00-04:00,lower,skipped,SAL,n/a,active,,,,,,,,
1608_upper,2024-04-04,2024-04-02 10:30:00-04:00,2024-04-30 10:30:00-04:00,2024-04-03 19:31:00-04:00,upper,executed,,flat,inactive,2024-04-03 19:31:00-04:00,2024-04-03 19:34:00-04:00,18469.87455133257,18448.87455133257,14.0,21.0,TP,21.0
1610_lower,2024-04-04,2024-04-04 10:30:00-04:00,2024-05-02 10:30:00-04:00,2024-04-04 14:29:00-04:00,lower,skipped,blocked_time,n/a,n/a,,,,,,,,
1600_lower,2024-03-20,2024-03-20 10:30:00-04:00,2024-04-18 10:30:00-04:00,2024-04-04 15:38:00-04:00,lower,skipped,no_cutoff,n/a,n/a,,,,,,,,
1608_lower,2024-04-02,2024-04-02 10:30:00-04:00,2024-04-30 10:30:00-04:00,2024-04-04 16:18:00-04:00,lower,skipped,no_cutoff,n/a,n/a,,,,,,,,
1611_upper,2024-04-10,2024-04-05 10:30:00-04:00,2024-05-03 10:30:00-04:00,2024-04-10 08:29:00-04:00,upper,executed,,flat,inactive,2024-04-10 08:29:00-04:00,2024-04-10 08:29:00-04:00,18417.961295735306,18443.461295735306,17.0,25.5,SL,-25.5
1612_lower,2024-04-08,2024-04-08 10:30:00-04:00,2024-05-06 10:30:00-04:00,2024-04-10 08:36:00-04:00,lower,skipped,SAL,n/a,active,,,,,,,,
1613_lower,2024-04-09,2024-04-09 10:30:00-04:00,2024-05-07 10:30:00-04:00,2024-04-10 08:36:00-04:00,lower,skipped,SAL,n/a,active,,,,,,,,
1614_upper,2024-04-10,2024-04-10 10:30:00-04:00,2024-05-08 10:30:00-04:00,2024-04-11 13:06:00-04:00,upper,skipped,blocked_time,n/a,n/a,,,,,,,,
1615_upper,2024-04-11,2024-04-11 10:30:00-04:00,2024-05-09 10:30:00-04:00,2024-04-11 14:08:00-04:00,upper,skipped,blocked_time,n/a,n/a,,,,,,,,
1616_lower,2024-04-12,2024-04-12 10:30:00-04:00,2024-05-10 10:30:00-04:00,2024-04-15 12:38:00-04:00,lower,skipped,blocked_time,n/a,n/a,,,,,,,,
1617_lower,2024-04-15,2024-04-15 10:30:00-04:00,2024-05-13 10:30:00-04:00,2024-04-15 13:20:00-04:00,lower,skipped,blocked_time,n/a,n/a,,,,,,,,
1615_lower,2024-04-11,2024-04-11 10:30:00-04:00,2024-05-09 10:30:00-04:00,2024-04-15 13:22:00-04:00,lower,skipped,blocked_time,n/a,n/a,,,,,,,,
1609_lower,2024-04-03,2024-04-03 10:30:00-04:00,2024-05-01 10:30:00-04:00,2024-04-15 13:26:00-04:00,lower,skipped,blocked_time,n/a,n/a,,,,,,,,
1614_lower,2024-04-10,2024-04-10 10:30:00-04:00,2024-05-08 10:30:00-04:00,2024-04-15 13:30:00-04:00,lower,skipped,blocked_time,n/a,n/a,,,,,,,,
1599_lower,2024-03-19,2024-03-19 10:30:00-04:00,2024-04-17 10:30:00-04:00,2024-04-15 13:31:00-04:00,lower,skipped,blocked_time,n/a,n/a,,,,,,,,
1611_lower,2024-04-05,2024-04-05 10:30:00-04:00,2024-05-03 10:30:00-04:00,2024-04-15 13:40:00-04:00,lower,skipped,blocked_time,n/a,n/a,,,,,,,,
1619_lower,2024-04-17,2024-04-17 10:30:00-04:00,2024-05-15 10:30:00-04:00,2024-04-17 12:42:00-04:00,lower,skipped,blocked_time,n/a,n/a,,,,,,,,
1618_lower,2024-04-16,2024-04-16 10:30:00-04:00,2024-05-14 10:30:00-04:00,2024-04-17 12:46:00-04:00,lower,skipped,blocked_time,n/a,n/a,,,,,,,,
1620_lower,2024-04-19,2024-04-18 10:30:00-04:00,2024-05-16 10:30:00-04:00,2024-04-18 21:09:00-04:00,lower,executed,,flat,inactive,2024-04-18 21:09:00-04:00,2024-04-18 21:31:00-04:00,17391.794081371896,17277.419081371896,76.25,114.375,SL,-114.375
1621_lower,2024-04-19,2024-04-19 10:30:00-04:00,2024-05-17 10:30:00-04:00,2024-04-19 14:38:00-04:00,lower,skipped,blocked_time,n/a,n/a,,,,,,,,
1622_upper,2024-04-23,2024-04-22 10:30:00-04:00,2024-05-20 10:30:00-04:00,2024-04-23 10:20:00-04:00,upper,executed,,flat,inactive,2024-04-23 10:20:00-04:00,2024-04-23 15:00:00-04:00,17535.630598709824,17642.0,116.0,174.0,cutoff,-106.36940129017603
1623_upper,2024-04-24,2024-04-23 10:30:00-04:00,2024-05-21 10:30:00-04:00,2024-04-23 23:03:00-04:00,upper,executed,,flat,inactive,2024-04-23 23:03:00-04:00,2024-04-24 01:13:00-04:00,17737.89729535491,17737.89729535491,15.75,23.625,BE,-0.0
1621_upper,2024-04-24,2024-04-19 10:30:00-04:00,2024-05-17 10:30:00-04:00,2024-04-24 01:54:00-04:00,upper,executed,,flat,inactive,2024-04-24 01:54:00-04:00,2024-04-24 02:02:00-04:00,17746.31741490545,17733.19241490545,8.75,13.125,TP,13.125
1624_lower,2024-04-24,2024-04-24 10:30:00-04:00,2024-05-22 10:30:00-04:00,2024-04-24 16:06:00-04:00,lower,skipped,no_cutoff,n/a,n/a,,,,,,,,
1625_upper,2024-04-25,2024-04-25 10:30:00-04:00,2024-05-23 10:30:00-04:00,2024-04-25 16:00:00-04:00,upper,skipped,no_cutoff,n/a,n/a,,,,,,,,
1620_upper,2024-04-18,2024-04-18 10:30:00-04:00,2024-05-16 10:30:00-04:00,2024-04-26 13:26:00-04:00,upper,skipped,blocked_time,n/a,n/a,,,,,,,,
1624_upper,2024-04-29,2024-04-24 10:30:00-04:00,2024-05-22 10:30:00-04:00,2024-04-29 09:32:00-04:00,upper,executed,,flat,inactive,2024-04-29 09:32:00-04:00,2024-04-29 09:37:00-04:00,17945.872721654952,17908.747721654952,24.75,37.125,TP,37.125
1627_lower,2024-04-29,2024-04-29 10:30:00-04:00,2024-05-27 10:30:00-04:00,2024-04-30 12:45:00-04:00,lower,skipped,blocked_time,n/a,n/a,,,,,,,,
1628_lower,2024-04-30,2024-04-30 10:30:00-04:00,2024-05-28 10:30:00-04:00,2024-04-30 15:22:00-04:00,lower,skipped,no_cutoff,n/a,n/a,,,,,,,,
1626_lower,2024-04-26,2024-04-26 10:30:00-04:00,2024-05-24 10:30:00-04:00,2024-04-30 18:00:00-04:00,lower,skipped,no_anchor,n/a,n/a,,,,,,,,
1629_upper,2024-05-01,2024-05-01 10:30:00-04:00,2024-05-29 10:30:00-04:00,2024-05-01 14:43:00-04:00,upper,skipped,blocked_time,n/a,n/a,,,,,,,,
1630_upper,2024-05-03,2024-05-02 10:30:00-04:00,2024-05-30 10:30:00-04:00,2024-05-03 08:30:00-04:00,upper,executed,,flat,inactive,2024-05-03 08:30:00-04:00,2024-05-03 08:30:00-04:00,17830.8468993477,17878.4718993477,31.75,47.625,SL,-47.625
1626_upper,2024-04-26,2024-04-26 10:30:00-04:00,2024-05-24 10:30:00-04:00,2024-05-03 09:45:00-04:00,upper,skipped,SAL,n/a,active,,,,,,,,
1628_upper,2024-04-30,2024-04-30 10:30:00-04:00,2024-05-28 10:30:00-04:00,2024-05-03 10:00:00-04:00,upper,skipped,SAL,n/a,active,,,,,,,,
1618_upper,2024-04-16,2024-04-16 10:30:00-04:00,2024-05-14 10:30:00-04:00,2024-05-06 11:46:00-04:00,upper,skipped,blocked_time,n/a,n/a,,,,,,,,
1627_upper,2024-04-29,2024-04-29 10:30:00-04:00,2024-05-27 10:30:00-04:00,2024-05-06 13:44:00-04:00,upper,skipped,blocked_time,n/a,n/a,,,,,,,,
1619_upper,2024-04-17,2024-04-17 10:30:00-04:00,2024-05-15 10:30:00-04:00,2024-05-06 15:59:00-04:00,upper,skipped,no_cutoff,n/a,n/a,,,,,,,,
1631_upper,2024-05-07,2024-05-03 10:30:00-04:00,2024-05-31 10:30:00-04:00,2024-05-07 09:29:00-04:00,upper,executed,,flat,inactive,2024-05-07 09:29:00-04:00,2024-05-07 15:00:00-04:00,18212.655391070693,18194.75,36.0,54.0,cutoff,17.90539107069344
1632_upper,2024-05-06,2024-05-06 10:30:00-04:00,2024-06-03 10:30:00-04:00,2024-05-07 11:16:00-04:00,upper,skipped,blocked_time,n/a,n/a,,,,,,,,
1634_upper,2024-05-10,2024-05-08 10:30:00-04:00,2024-06-05 10:30:00-04:00,2024-05-10 09:49:00-04:00,upper,executed,,flat,inactive,2024-05-10 09:49:00-04:00,2024-05-10 10:15:00-04:00,18340.611712379035,18262.236712379035,52.25,78.375,TP,78.375
1635_upper,2024-05-14,2024-05-09 10:30:00-04:00,2024-06-06 10:30:00-04:00,2024-05-14 10:28:00-04:00,upper,executed,,flat,inactive,2024-05-14 10:28:00-04:00,2024-05-14 14:14:00-04:00,18367.378240705028,18367.378240705028,76.25,114.375,BE,-0.0
1633_upper,2024-05-07,2024-05-07 10:30:00-04:00,2024-06-04 10:30:00-04:00,2024-05-14 14:15:00-04:00,upper,skipped,blocked_time,n/a,n/a,,,,,,,,
1637_upper,2024-05-13,2024-05-13 10:30:00-04:00,2024-06-10 10:30:00-04:00,2024-05-15 08:30:00-04:00,upper,skipped,simultaneous_collision,flat,inactive,,,,,,,,
1638_upper,2024-05-14,2024-05-14 10:30:00-04:00,2024-06-11 10:30:00-04:00,2024-05-15 08:30:00-04:00,upper,skipped,simultaneous_collision,flat,inactive,,,,,,,,
1636_upper,2024-05-15,2024-05-10 10:30:00-04:00,2024-06-07 10:30:00-04:00,2024-05-15 08:30:00-04:00,upper,executed,,flat,inactive,2024-05-15 08:30:00-04:00,2024-05-15 08:30:00-04:00,18496.269694906914,18517.644694906914,14.25,21.375,SL,-21.375
1639_upper,2024-05-15,2024-05-15 10:30:00-04:00,2024-06-12 10:30:00-04:00,2024-05-15 18:56:00-04:00,upper,skipped,no_anchor,n/a,n/a,,,,,,,,
1641_upper,2024-05-17,2024-05-17 10:30:00-04:00,2024-06-14 10:30:00-04:00,2024-05-21 15:55:00-04:00,upper,skipped,no_cutoff,n/a,n/a,,,,,,,,
1640_upper,2024-05-16,2024-05-16 10:30:00-04:00,2024-06-13 10:30:00-04:00,2024-05-22 16:20:00-04:00,upper,skipped,no_cutoff,n/a,n/a,,,,,,,,
1643_upper,2024-05-21,2024-05-21 10:30:00-04:00,2024-06-18 10:30:00-04:00,2024-05-22 16:20:00-04:00,upper,skipped,no_cutoff,n/a,n/a,,,,,,,,
1642_upper,2024-05-20,2024-05-20 10:30:00-04:00,2024-06-17 10:30:00-04:00,2024-05-22 16:21:00-04:00,upper,skipped,no_cutoff,n/a,n/a,,,,,,,,
1644_upper,2024-05-23,2024-05-22 10:30:00-04:00,2024-06-19 10:30:00-04:00,2024-05-22 23:17:00-04:00,upper,executed,,flat,inactive,2024-05-22 23:17:00-04:00,2024-05-23 09:50:00-04:00,18956.730041200877,18885.855041200877,47.25,70.875,TP,70.875
1645_lower,2024-05-23,2024-05-23 10:30:00-04:00,2024-06-20 10:30:00-04:00,2024-05-23 13:56:00-04:00,lower,skipped,blocked_time,n/a,n/a,,,,,,,,
1644_lower,2024-05-22,2024-05-22 10:30:00-04:00,2024-06-19 10:30:00-04:00,2024-05-23 14:31:00-04:00,lower,skipped,blocked_time,n/a,n/a,,,,,,,,
1646_upper,2024-05-28,2024-05-24 10:30:00-04:00,2024-06-21 10:30:00-04:00,2024-05-28 04:49:00-04:00,upper,executed,,flat,inactive,2024-05-28 04:49:00-04:00,2024-05-28 05:54:00-04:00,18976.885935027014,18976.885935027014,31.0,46.5,BE,-0.0
1647_lower,2024-05-27,2024-05-27 10:30:00-04:00,2024-06-24 10:30:00-04:00,2024-05-29 16:50:00-04:00,lower,skipped,no_cutoff,n/a,n/a,,,,,,,,
1648_lower,2024-05-30,2024-05-28 10:30:00-04:00,2024-06-25 10:30:00-04:00,2024-05-29 19:09:00-04:00,lower,executed,,flat,inactive,2024-05-29 19:09:00-04:00,2024-05-29 20:38:00-04:00,18714.55160151914,18714.55160151914,44.5,66.75,BE,0.0
1649_lower,2024-05-29,2024-05-29 10:30:00-04:00,2024-06-26 10:30:00-04:00,2024-05-30 15:47:00-04:00,lower,skipped,no_cutoff,n/a,n/a,,,,,,,,
1646_lower,2024-05-24,2024-05-24 10:30:00-04:00,2024-06-21 10:30:00-04:00,2024-05-30 15:48:00-04:00,lower,skipped,no_cutoff,n/a,n/a,,,,,,,,
1650_lower,2024-05-30,2024-05-30 10:30:00-04:00,2024-06-27 10:30:00-04:00,2024-05-30 15:50:00-04:00,lower,skipped,no_cutoff,n/a,n/a,,,,,,,,
1643_lower,2024-05-21,2024-05-21 10:30:00-04:00,2024-06-18 10:30:00-04:00,2024-05-30 20:13:00-04:00,lower,skipped,simultaneous_collision,flat,inactive,,,,,,,,
1640_lower,2024-05-31,2024-05-16 10:30:00-04:00,2024-06-13 10:30:00-04:00,2024-05-30 20:13:00-04:00,lower,executed,,flat,inactive,2024-05-30 20:13:00-04:00,2024-05-30 23:31:00-04:00,18526.412519967515,18562.037519967515,23.75,35.625,TP,35.625
1641_lower,2024-05-31,2024-05-17 10:30:00-04:00,2024-06-14 10:30:00-04:00,2024-05-31 06:51:00-04:00,lower,executed,,flat,inactive,2024-05-31 06:51:00-04:00,2024-05-31 07:10:00-04:00,18493.229691203742,18528.854691203742,23.75,35.625,TP,35.625
1642_lower,2024-05-31,2024-05-20 10:30:00-04:00,2024-06-17 10:30:00-04:00,2024-05-31 10:20:00-04:00,lower,executed,,flat,inactive,2024-05-31 10:20:00-04:00,2024-05-31 12:16:00-04:00,18458.293733729246,18267.043733729246,127.5,191.25,SL,-191.25
1639_lower,2024-05-15,2024-05-15 10:30:00-04:00,2024-06-12 10:30:00-04:00,2024-05-31 12:00:00-04:00,lower,skipped,blocked_time,n/a,n/a,,,,,,,,
1651_lower,2024-05-31,2024-05-31 10:30:00-04:00,2024-06-28 10:30:00-04:00,2024-05-31 12:21:00-04:00,lower,skipped,blocked_time,n/a,n/a,,,,,,,,
1652_lower,2024-06-03,2024-06-03 10:30:00-04:00,2024-07-01 10:30:00-04:00,2024-06-03 12:22:00-04:00,lower,skipped,blocked_time,n/a,n/a,,,,,,,,
1653_upper,2024-06-05,2024-06-04 10:30:00-04:00,2024-07-02 10:30:00-04:00,2024-06-05 08:58:00-04:00,upper,executed,,flat,inactive,2024-06-05 08:58:00-04:00,2024-06-05 10:30:00-04:00,18825.899248975762,18901.274248975762,50.25,75.375,SL,-75.375
1651_upper,2024-05-31,2024-05-31 10:30:00-04:00,2024-06-28 10:30:00-04:00,2024-06-05 10:23:00-04:00,upper,skipped,position_open,open,active,,,,,,,,
1652_upper,2024-06-03,2024-06-03 10:30:00-04:00,2024-07-01 10:30:00-04:00,2024-06-05 10:32:00-04:00,upper,skipped,SAL,n/a,active,,,,,,,,
1650_upper,2024-05-30,2024-05-30 10:30:00-04:00,2024-06-27 10:30:00-04:00,2024-06-05 11:04:00-04:00,upper,skipped,blocked_time,n/a,n/a,,,,,,,,
1649_upper,2024-05-29,2024-05-29 10:30:00-04:00,2024-06-26 10:30:00-04:00,2024-06-05 12:48:00-04:00,upper,skipped,blocked_time,n/a,n/a,,,,,,,,
1647_upper,2024-05-27,2024-05-27 10:30:00-04:00,2024-06-24 10:30:00-04:00,2024-06-05 14:32:00-04:00,upper,skipped,blocked_time,n/a,n/a,,,,,,,,
1654_upper,2024-06-05,2024-06-05 10:30:00-04:00,2024-07-03 10:30:00-04:00,2024-06-05 15:54:00-04:00,upper,skipped,no_cutoff,n/a,n/a,,,,,,,,
1648_upper,2024-05-28,2024-05-28 10:30:00-04:00,2024-06-25 10:30:00-04:00,2024-06-05 18:38:00-04:00,upper,skipped,no_anchor,n/a,n/a,,,,,,,,
1645_upper,2024-05-23,2024-05-23 10:30:00-04:00,2024-06-20 10:30:00-04:00,2024-06-11 14:04:00-04:00,upper,skipped,blocked_time,n/a,n/a,,,,,,,,
1657_upper,2024-06-10,2024-06-10 10:30:00-04:00,2024-07-08 10:30:00-04:00,2024-06-11 14:04:00-04:00,upper,skipped,blocked_time,n/a,n/a,,,,,,,,
1656_upper,2024-06-07,2024-06-07 10:30:00-04:00,2024-07-05 10:30:00-04:00,2024-06-11 14:31:00-04:00,upper,skipped,blocked_time,n/a,n/a,,,,,,,,
1658_upper,2024-06-11,2024-06-11 10:30:00-04:00,2024-07-09 10:30:00-04:00,2024-06-11 16:13:00-04:00,upper,skipped,no_cutoff,n/a,n/a,,,,,,,,
1655_upper,2024-06-12,2024-06-06 10:30:00-04:00,2024-07-04 10:30:00-04:00,2024-06-12 08:29:00-04:00,upper,executed,,flat,inactive,2024-06-12 08:29:00-04:00,2024-06-12 08:29:00-04:00,19283.188087145212,19306.813087145212,15.75,23.625,SL,-23.625
1659_upper,2024-06-12,2024-06-12 10:30:00-04:00,2024-07-10 10:30:00-04:00,2024-06-14 16:26:00-04:00,upper,skipped,no_cutoff,n/a,n/a,,,,,,,,
1661_upper,2024-06-14,2024-06-14 10:30:00-04:00,2024-07-12 10:30:00-04:00,2024-06-16 20:00:00-04:00,upper,skipped,simultaneous_collision,flat,inactive,,,,,,,,
1660_upper,2024-06-17,2024-06-13 10:30:00-04:00,2024-07-11 10:30:00-04:00,2024-06-16 20:00:00-04:00,upper,executed,,flat,inactive,2024-06-16 20:00:00-04:00,2024-06-17 02:01:00-04:00,19973.0,19944.125,19.25,28.875,TP,28.875
1662_upper,2024-06-17,2024-06-17 10:30:00-04:00,2024-07-15 10:30:00-04:00,2024-06-17 13:22:00-04:00,upper,skipped,blocked_time,n/a,n/a,,,,,,,,
1664_lower,2024-06-19,2024-06-19 10:30:00-04:00,2024-07-17 10:30:00-04:00,2024-06-20 12:24:00-04:00,lower,skipped,blocked_time,n/a,n/a,,,,,,,,
1663_lower,2024-06-18,2024-06-18 10:30:00-04:00,2024-07-16 10:30:00-04:00,2024-06-20 13:07:00-04:00,lower,skipped,blocked_time,n/a,n/a,,,,,,,,
1665_lower,2024-06-20,2024-06-20 10:30:00-04:00,2024-07-18 10:30:00-04:00,2024-06-20 13:35:00-04:00,lower,skipped,blocked_time,n/a,n/a,,,,,,,,
1666_lower,2024-06-21,2024-06-21 10:30:00-04:00,2024-07-19 10:30:00-04:00,2024-06-24 14:34:00-04:00,lower,skipped,blocked_time,n/a,n/a,,,,,,,,
1662_lower,2024-06-17,2024-06-17 10:30:00-04:00,2024-07-15 10:30:00-04:00,2024-06-24 15:57:00-04:00,lower,skipped,no_cutoff,n/a,n/a,,,,,,,,
1668_upper,2024-06-26,2024-06-25 10:30:00-04:00,2024-07-23 10:30:00-04:00,2024-06-26 03:46:00-04:00,upper,executed,,flat,inactive,2024-06-26 03:46:00-04:00,2024-06-26 04:32:00-04:00,20052.665249011035,20052.665249011035,18.0,27.0,BE,-0.0
1669_upper,2024-06-26,2024-06-26 10:30:00-04:00,2024-07-24 10:30:00-04:00,2024-06-28 08:30:00-04:00,upper,skipped,simultaneous_collision,flat,inactive,,,,,,,,
1667_upper,2024-06-28,2024-06-24 10:30:00-04:00,2024-07-22 10:30:00-04:00,2024-06-28 08:30:00-04:00,upper,executed,,flat,inactive,2024-06-28 08:30:00-04:00,2024-06-28 08:30:00-04:00,20157.59744450273,20173.72244450273,10.75,16.125,SL,-16.125
1666_upper,2024-06-21,2024-06-21 10:30:00-04:00,2024-07-19 10:30:00-04:00,2024-06-28 10:03:00-04:00,upper,skipped,SAL,n/a,active,,,,,,,,
1670_upper,2024-06-27,2024-06-27 10:30:00-04:00,2024-07-25 10:30:00-04:00,2024-06-28 10:12:00-04:00,upper,skipped,SAL,n/a,active,,,,,,,,
1672_upper,2024-07-01,2024-07-01 10:30:00-04:00,2024-07-29 10:30:00-04:00,2024-07-02 13:50:00-04:00,upper,skipped,blocked_time,n/a,n/a,,,,,,,,
1673_upper,2024-07-02,2024-07-02 10:30:00-04:00,2024-07-30 10:30:00-04:00,2024-07-02 14:13:00-04:00,upper,skipped,blocked_time,n/a,n/a,,,,,,,,
1663_upper,2024-06-18,2024-06-18 10:30:00-04:00,2024-07-16 10:30:00-04:00,2024-07-03 11:57:00-04:00,upper,skipped,blocked_time,n/a,n/a,,,,,,,,
1664_upper,2024-06-19,2024-06-19 10:30:00-04:00,2024-07-17 10:30:00-04:00,2024-07-03 12:08:00-04:00,upper,skipped,blocked_time,n/a,n/a,,,,,,,,
1671_upper,2024-06-28,2024-06-28 10:30:00-04:00,2024-07-26 10:30:00-04:00,2024-07-03 12:29:00-04:00,upper,skipped,blocked_time,n/a,n/a,,,,,,,,
1674_upper,2024-07-03,2024-07-03 10:30:00-04:00,2024-07-31 10:30:00-04:00,2024-07-03 13:03:00-04:00,upper,skipped,blocked_time,n/a,n/a,,,,,,,,
1665_upper,2024-07-05,2024-06-20 10:30:00-04:00,2024-07-18 10:30:00-04:00,2024-07-05 08:30:00-04:00,upper,executed,,flat,inactive,2024-07-05 08:30:00-04:00,2024-07-05 08:39:00-04:00,20467.516310813906,20436.016310813906,21.0,31.5,TP,31.5
1675_upper,2024-07-04,2024-07-04 10:30:00-04:00,2024-08-01 10:30:00-04:00,2024-07-05 11:10:00-04:00,upper,skipped,blocked_time,n/a,n/a,,,,,,,,
1676_upper,2024-07-05,2024-07-05 10:30:00-04:00,2024-08-02 10:30:00-04:00,2024-07-08 15:55:00-04:00,upper,skipped,no_cutoff,n/a,n/a,,,,,,,,
1677_upper,2024-07-08,2024-07-08 10:30:00-04:00,2024-08-05 10:30:00-04:00,2024-07-10 12:22:00-04:00,upper,skipped,blocked_time,n/a,n/a,,,,,,,,
1679_upper,2024-07-10,2024-07-10 10:30:00-04:00,2024-08-07 10:30:00-04:00,2024-07-11 08:30:00-04:00,upper,skipped,simultaneous_collision,flat,inactive,,,,,,,,
1678_upper,2024-07-11,2024-07-09 10:30:00-04:00,2024-08-06 10:30:00-04:00,2024-07-11 08:30:00-04:00,upper,executed,,flat,inactive,2024-07-11 08:30:00-04:00,2024-07-11 08:30:00-04:00,20921.711081890608,20933.336081890608,7.75,11.625,SL,-11.625
1679_lower,2024-07-10,2024-07-10 10:30:00-04:00,2024-08-07 10:30:00-04:00,2024-07-11 11:23:00-04:00,lower,skipped,blocked_time,n/a,n/a,,,,,,,,
1678_lower,2024-07-09,2024-07-09 10:30:00-04:00,2024-08-06 10:30:00-04:00,2024-07-11 11:26:00-04:00,lower,skipped,blocked_time,n/a,n/a,,,,,,,,
1680_lower,2024-07-11,2024-07-11 10:30:00-04:00,2024-08-08 10:30:00-04:00,2024-07-11 11:36:00-04:00,lower,skipped,blocked_time,n/a,n/a,,,,,,,,
1677_lower,2024-07-08,2024-07-08 10:30:00-04:00,2024-08-05 10:30:00-04:00,2024-07-11 12:03:00-04:00,lower,skipped,blocked_time,n/a,n/a,,,,,,,,
1681_upper,2024-07-12,2024-07-12 10:30:00-04:00,2024-08-09 10:30:00-04:00,2024-07-15 11:01:00-04:00,upper,skipped,blocked_time,n/a,n/a,,,,,,,,
1682_lower,2024-07-17,2024-07-15 10:30:00-04:00,2024-08-12 10:30:00-04:00,2024-07-17 03:42:00-04:00,lower,executed,,flat,inactive,2024-07-17 03:42:00-04:00,2024-07-17 09:32:00-04:00,20386.57526280792,20239.95026280792,97.75,146.625,SL,-146.625
1683_lower,2024-07-16,2024-07-16 10:30:00-04:00,2024-08-13 10:30:00-04:00,2024-07-17 07:07:00-04:00,lower,skipped,position_open,open,active,,,,,,,,
1675_lower,2024-07-04,2024-07-04 10:30:00-04:00,2024-08-01 10:30:00-04:00,2024-07-17 09:30:00-04:00,lower,skipped,position_open,open,active,,,,,,,,
1676_lower,2024-07-05,2024-07-05 10:30:00-04:00,2024-08-02 10:30:00-04:00,2024-07-17 09:30:00-04:00,lower,skipped,position_open,open,active,,,,,,,,
1681_lower,2024-07-12,2024-07-12 10:30:00-04:00,2024-08-09 10:30:00-04:00,2024-07-17 10:00:00-04:00,lower,skipped,SAL,n/a,active,,,,,,,,
1674_lower,2024-07-03,2024-07-03 10:30:00-04:00,2024-07-31 10:30:00-04:00,2024-07-17 12:13:00-04:00,lower,skipped,blocked_time,n/a,n/a,,,,,,,,
1684_lower,2024-07-18,2024-07-17 10:30:00-04:00,2024-08-14 10:30:00-04:00,2024-07-18 10:41:00-04:00,lower,executed,,flat,inactive,2024-07-18 10:41:00-04:00,2024-07-18 15:00:00-04:00,19911.715806306693,19863.25,142.75,200.0,cutoff,-48.465806306692684
1685_lower,2024-07-18,2024-07-18 10:30:00-04:00,2024-08-15 10:30:00-04:00,2024-07-18 11:17:00-04:00,lower,skipped,blocked_time,n/a,n/a,,,,,,,,
1671_lower,2024-06-28,2024-06-28 10:30:00-04:00,2024-07-26 10:30:00-04:00,2024-07-18 11:32:00-04:00,lower,skipped,blocked_time,n/a,n/a,,,,,,,,
1670_lower,2024-06-27,2024-06-27 10:30:00-04:00,2024-07-25 10:30:00-04:00,2024-07-18 11:33:00-04:00,lower,skipped,blocked_time,n/a,n/a,,,,,,,,
1673_lower,2024-07-02,2024-07-02 10:30:00-04:00,2024-07-30 10:30:00-04:00,2024-07-18 11:49:00-04:00,lower,skipped,blocked_time,n/a,n/a,,,,,,,,
1669_lower,2024-06-26,2024-06-26 10:30:00-04:00,2024-07-24 10:30:00-04:00,2024-07-19 11:31:00-04:00,lower,skipped,blocked_time,n/a,n/a,,,,,,,,
1667_lower,2024-06-24,2024-06-24 10:30:00-04:00,2024-07-22 10:30:00-04:00,2024-07-19 12:38:00-04:00,lower,skipped,blocked_time,n/a,n/a,,,,,,,,
1672_lower,2024-07-01,2024-07-01 10:30:00-04:00,2024-07-29 10:30:00-04:00,2024-07-19 13:11:00-04:00,lower,skipped,blocked_time,n/a,n/a,,,,,,,,
1688_lower,2024-07-24,2024-07-23 10:30:00-04:00,2024-08-20 10:30:00-04:00,2024-07-24 02:33:00-04:00,lower,executed,,flat,inactive,2024-07-24 02:33:00-04:00,2024-07-24 03:53:00-04:00,19717.552818585304,19717.552818585304,49.0,73.5,BE,0.0
1687_lower,2024-07-24,2024-07-22 10:30:00-04:00,2024-08-19 10:30:00-04:00,2024-07-24 08:13:00-04:00,lower,executed,,flat,inactive,2024-07-24 08:13:00-04:00,2024-07-24 08:48:00-04:00,19670.8027580689,19609.6777580689,40.75,61.125,SL,-61.125
1686_lower,2024-07-19,2024-07-19 10:30:00-04:00,2024-08-16 10:30:00-04:00,2024-07-24 09:35:00-04:00,lower,skipped,SAL,n/a,active,,,,,,,,
1689_lower,2024-07-24,2024-07-24 10:30:00-04:00,2024-08-21 10:30:00-04:00,2024-07-24 14:22:00-04:00,lower,skipped,blocked_time,n/a,n/a,,,,,,,,
1692_lower,2024-07-29,2024-07-29 10:30:00-04:00,2024-08-26 10:30:00-04:00,2024-07-30 11:05:00-04:00,lower,skipped,blocked_time,n/a,n/a,,,,,,,,
1693_lower,2024-07-30,2024-07-30 10:30:00-04:00,2024-08-27 10:30:00-04:00,2024-07-30 11:39:00-04:00,lower,skipped,blocked_time,n/a,n/a,,,,,,,,
1691_lower,2024-07-26,2024-07-26 10:30:00-04:00,2024-08-23 10:30:00-04:00,2024-07-30 12:54:00-04:00,lower,skipped,blocked_time,n/a,n/a,,,,,,,,
1691_upper,2024-07-31,2024-07-26 10:30:00-04:00,2024-08-23 10:30:00-04:00,2024-07-31 10:07:00-04:00,upper,executed,,flat,inactive,2024-07-31 10:07:00-04:00,2024-07-31 10:56:00-04:00,19437.95078783334,19437.95078783334,103.75,155.625,BE,-0.0
1693_upper,2024-07-30,2024-07-30 10:30:00-04:00,2024-08-27 10:30:00-04:00,2024-07-31 14:50:00-04:00,upper,skipped,blocked_time,n/a,n/a,,,,,,,,
1690_upper,2024-07-25,2024-07-25 10:30:00-04:00,2024-08-22 10:30:00-04:00,2024-07-31 15:03:00-04:00,upper,skipped,no_cutoff,n/a,n/a,,,,,,,,
1692_upper,2024-07-29,2024-07-29 10:30:00-04:00,2024-08-26 10:30:00-04:00,2024-07-31 16:05:00-04:00,upper,skipped,no_cutoff,n/a,n/a,,,,,,,,
1694_upper,2024-08-01,2024-07-31 10:30:00-04:00,2024-08-28 10:30:00-04:00,2024-07-31 20:03:00-04:00,upper,executed,,flat,inactive,2024-07-31 20:03:00-04:00,2024-07-31 23:59:00-04:00,19686.40130236378,19686.40130236378,54.25,81.375,BE,-0.0
1695_lower,2024-08-01,2024-08-01 10:30:00-04:00,2024-08-29 10:30:00-04:00,2024-08-01 11:42:00-04:00,lower,skipped,blocked_time,n/a,n/a,,,,,,,,
1694_lower,2024-07-31,2024-07-31 10:30:00-04:00,2024-08-28 10:30:00-04:00,2024-08-01 12:42:00-04:00,lower,skipped,blocked_time,n/a,n/a,,,,,,,,
1690_lower,2024-08-02,2024-07-25 10:30:00-04:00,2024-08-22 10:30:00-04:00,2024-08-01 22:22:00-04:00,lower,executed,,flat,inactive,2024-08-01 22:22:00-04:00,2024-08-01 22:55:00-04:00,18698.922649408632,18778.422649408632,53.0,79.5,TP,79.5
1696_lower,2024-08-05,2024-08-02 10:30:00-04:00,2024-08-30 10:30:00-04:00,2024-08-04 21:03:00-04:00,lower,executed,,flat,inactive,2024-08-04 21:03:00-04:00,2024-08-05 00:36:00-04:00,18145.420476931737,17977.045476931737,112.25,168.375,SL,-168.375
1697_upper,2024-08-06,2024-08-05 10:30:00-04:00,2024-09-02 10:30:00-04:00,2024-08-05 20:48:00-04:00,upper,executed,,flat,inactive,2024-08-05 20:48:00-04:00,2024-08-06 04:08:00-04:00,18335.06124822634,18195.18624822634,93.25,139.875,TP,139.875
1699_lower,2024-08-07,2024-08-07 10:30:00-04:00,2024-09-04 10:30:00-04:00,2024-08-07 13:50:00-04:00,lower,skipped,blocked_time,n/a,n/a,,,,,,,,
1698_upper,2024-08-06,2024-08-06 10:30:00-04:00,2024-09-03 10:30:00-04:00,2024-08-08 16:00:00-04:00,upper,skipped,no_cutoff,n/a,n/a,,,,,,,,
1700_upper,2024-08-12,2024-08-08 10:30:00-04:00,2024-09-05 10:30:00-04:00,2024-08-12 10:21:00-04:00,upper,executed,,flat,inactive,2024-08-12 10:21:00-04:00,2024-08-12 15:00:00-04:00,18698.147518329642,18639.0,149.0,200.0,cutoff,59.14751832964248
1701_upper,2024-08-13,2024-08-09 10:30:00-04:00,2024-09-06 10:30:00-04:00,2024-08-13 03:14:00-04:00,upper,executed,,flat,inactive,2024-08-13 03:14:00-04:00,2024-08-13 06:21:00-04:00,18792.658392702026,18708.283392702026,56.25,84.375,TP,84.375
1699_upper,2024-08-07,2024-08-07 10:30:00-04:00,2024-09-04 10:30:00-04:00,2024-08-13 03:21:00-04:00,upper,skipped,position_open,open,inactive,,,,,,,,
1702_upper,2024-08-12,2024-08-12 10:30:00-04:00,2024-09-09 10:30:00-04:00,2024-08-13 11:28:00-04:00,upper,skipped,blocked_time,n/a,n/a,,,,,,,,
1696_upper,2024-08-02,2024-08-02 10:30:00-04:00,2024-08-30 10:30:00-04:00,2024-08-13 13:01:00-04:00,upper,skipped,blocked_time,n/a,n/a,,,,,,,,
1703_upper,2024-08-13,2024-08-13 10:30:00-04:00,2024-09-10 10:30:00-04:00,2024-08-13 16:05:00-04:00,upper,skipped,no_cutoff,n/a,n/a,,,,,,,,
1704_upper,2024-08-15,2024-08-14 10:30:00-04:00,2024-09-11 10:30:00-04:00,2024-08-15 09:57:00-04:00,upper,executed,,flat,inactive,2024-08-15 09:57:00-04:00,2024-08-15 15:00:00-04:00,19447.979962950383,19566.5,233.25,200.0,cutoff,-118.5200370496168
1705_upper,2024-08-16,2024-08-15 10:30:00-04:00,2024-09-12 10:30:00-04:00,2024-08-16 01:51:00-04:00,upper,executed,,flat,inactive,2024-08-16 01:51:00-04:00,2024-08-16 02:37:00-04:00,19666.33423014723,19666.33423014723,23.5,35.25,BE,-0.0
1706_upper,2024-08-16,2024-08-16 10:30:00-04:00,2024-09-13 10:30:00-04:00,2024-08-19 14:42:00-04:00,upper,skipped,blocked_time,n/a,n/a,,,,,,,,
1707_upper,2024-08-19,2024-08-19 10:30:00-04:00,2024-09-16 10:30:00-04:00,2024-08-19 15:54:00-04:00,upper,skipped,no_cutoff,n/a,n/a,,,,,,,,
1695_upper,2024-08-01,2024-08-01 10:30:00-04:00,2024-08-29 10:30:00-04:00,2024-08-19 22:34:00-04:00,upper,skipped,simultaneous_collision,flat,inactive,,,,,,,,
1689_upper,2024-08-20,2024-07-24 10:30:00-04:00,2024-08-21 10:30:00-04:00,2024-08-19 22:34:00-04:00,upper,executed,,flat,inactive,2024-08-19 22:34:00-04:00,2024-08-20 03:16:00-04:00,19909.627699998757,19909.627699998757,43.75,65.625,BE,-0.0
1710_lower,2024-08-22,2024-08-22 10:30:00-04:00,2024-09-19 10:30:00-04:00,2024-08-22 11:43:00-04:00,lower,skipped,blocked_time,n/a,n/a,,,,,,,,
1709_lower,2024-08-21,2024-08-21 10:30:00-04:00,2024-09-18 10:30:00-04:00,2024-08-22 13:53:00-04:00,lower,skipped,blocked_time,n/a,n/a,,,,,,,,
1708_lower,2024-08-20,2024-08-20 10:30:00-04:00,2024-09-17 10:30:00-04:00,2024-08-22 13:54:00-04:00,lower,skipped,blocked_time,n/a,n/a,,,,,,,,
1711_lower,2024-08-27,2024-08-23 10:30:00-04:00,2024-09-20 10:30:00-04:00,2024-08-27 09:45:00-04:00,lower,executed,,flat,inactive,2024-08-27 09:45:00-04:00,2024-08-27 10:24:00-04:00,19451.74695529534,19592.74695529534,94.0,141.0,TP,141.0
1712_lower,2024-08-26,2024-08-26 10:30:00-04:00,2024-09-23 10:30:00-04:00,2024-08-28 11:03:00-04:00,lower,skipped,blocked_time,n/a,n/a,,,,,,,,
1707_lower,2024-08-19,2024-08-19 10:30:00-04:00,2024-09-16 10:30:00-04:00,2024-08-28 11:12:00-04:00,lower,skipped,blocked_time,n/a,n/a,,,,,,,,
1714_lower,2024-08-28,2024-08-28 10:30:00-04:00,2024-09-25 10:30:00-04:00,2024-08-28 13:57:00-04:00,lower,skipped,blocked_time,n/a,n/a,,,,,,,,
1706_lower,2024-08-16,2024-08-16 10:30:00-04:00,2024-09-13 10:30:00-04:00,2024-08-28 16:25:00-04:00,lower,skipped,no_cutoff,n/a,n/a,,,,,,,,
1713_lower,2024-08-27,2024-08-27 10:30:00-04:00,2024-09-24 10:30:00-04:00,2024-08-28 18:00:00-04:00,lower,skipped,no_anchor,n/a,n/a,,,,,,,,
1717_lower,2024-09-03,2024-09-02 10:30:00-04:00,2024-09-30 10:30:00-04:00,2024-09-03 09:34:00-04:00,lower,executed,,flat,inactive,2024-09-03 09:34:00-04:00,2024-09-03 09:54:00-04:00,19411.524220044812,19343.274220044812,45.5,68.25,SL,-68.25
1716_lower,2024-08-30,2024-08-30 10:30:00-04:00,2024-09-27 10:30:00-04:00,2024-09-03 10:00:00-04:00,lower,skipped,SAL,n/a,active,,,,,,,,
1715_lower,2024-08-29,2024-08-29 10:30:00-04:00,2024-09-26 10:30:00-04:00,2024-09-03 10:46:00-04:00,lower,skipped,SAL,n/a,active,,,,,,,,
1718_lower,2024-09-03,2024-09-03 10:30:00-04:00,2024-10-01 10:30:00-04:00,2024-09-03 13:47:00-04:00,lower,skipped,blocked_time,n/a,n/a,,,,,,,,
1705_lower,2024-08-15,2024-08-15 10:30:00-04:00,2024-09-12 10:30:00-04:00,2024-09-03 14:01:00-04:00,lower,skipped,blocked_time,n/a,n/a,,,,,,,,
1704_lower,2024-09-06,2024-08-14 10:30:00-04:00,2024-09-11 10:30:00-04:00,2024-09-06 03:15:00-04:00,lower,executed,,flat,inactive,2024-09-06 03:15:00-04:00,2024-09-06 04:17:00-04:00,18760.020037049617,18760.020037049617,58.25,87.375,BE,0.0
1719_lower,2024-09-04,2024-09-04 10:30:00-04:00,2024-10-02 10:30:00-04:00,2024-09-06 10:42:00-04:00,lower,skipped,simultaneous_collision,flat,inactive,,,,,,,,
1720_lower,2024-09-05,2024-09-05 10:30:00-04:00,2024-10-03 10:30:00-04:00,2024-09-06 10:42:00-04:00,lower,skipped,simultaneous_collision,flat,inactive,,,,,,,,
1703_lower,2024-09-06,2024-08-13 10:30:00-04:00,2024-09-10 10:30:00-04:00,2024-09-06 10:42:00-04:00,lower,executed,,flat,inactive,2024-09-06 10:42:00-04:00,2024-09-06 15:00:00-04:00,18573.319568993433,18488.75,230.75,200.0,cutoff,-84.56956899343277
1721_lower,2024-09-06,2024-09-06 10:30:00-04:00,2024-10-04 10:30:00-04:00,2024-09-06 16:19:00-04:00,lower,skipped,no_cutoff,n/a,n/a,,,,,,,,
1722_upper,2024-09-09,2024-09-09 10:30:00-04:00,2024-10-07 10:30:00-04:00,2024-09-11 12:39:00-04:00,upper,skipped,blocked_time,n/a,n/a,,,,,,,,
1723_upper,2024-09-10,2024-09-10 10:30:00-04:00,2024-10-08 10:30:00-04:00,2024-09-11 13:47:00-04:00,upper,skipped,blocked_time,n/a,n/a,,,,,,,,
1719_upper,2024-09-04,2024-09-04 10:30:00-04:00,2024-10-02 10:30:00-04:00,2024-09-11 15:53:00-04:00,upper,skipped,no_cutoff,n/a,n/a,,,,,,,,
1724_upper,2024-09-11,2024-09-11 10:30:00-04:00,2024-10-09 10:30:00-04:00,2024-09-11 15:53:00-04:00,upper,skipped,no_cutoff,n/a,n/a,,,,,,,,
1721_upper,2024-09-12,2024-09-06 10:30:00-04:00,2024-10-04 10:30:00-04:00,2024-09-11 22:30:00-04:00,upper,executed,,flat,inactive,2024-09-11 22:30:00-04:00,2024-09-11 23:53:00-04:00,19304.38461666969,19304.38461666969,52.25,78.375,BE,-0.0
1720_upper,2024-09-12,2024-09-05 10:30:00-04:00,2024-10-03 10:30:00-04:00,2024-09-12 02:10:00-04:00,upper,executed,,flat,inactive,2024-09-12 02:10:00-04:00,2024-09-12 03:19:00-04:00,19340.506672247193,19298.881672247193,27.75,41.625,TP,41.625
1725_upper,2024-09-12,2024-09-12 10:30:00-04:00,2024-10-10 10:30:00-04:00,2024-09-13 12:02:00-04:00,upper,skipped,blocked_time,n/a,n/a,,,,,,,,
1726_upper,2024-09-13,2024-09-13 10:30:00-04:00,2024-10-11 10:30:00-04:00,2024-09-15 20:00:00-04:00,upper,skipped,simultaneous_collision,flat,inactive,,,,,,,,
1718_upper,2024-09-16,2024-09-03 10:30:00-04:00,2024-10-01 10:30:00-04:00,2024-09-15 20:00:00-04:00,upper,executed,,flat,inactive,2024-09-15 20:00:00-04:00,2024-09-16 04:07:00-04:00,19778.25,19778.25,48.0,72.0,BE,-0.0
1717_upper,2024-09-02,2024-09-02 10:30:00-04:00,2024-09-30 10:30:00-04:00,2024-09-17 09:31:00-04:00,upper,skipped,simultaneous_collision,flat,inactive,,,,,,,,
1716_upper,2024-09-17,2024-08-30 10:30:00-04:00,2024-09-27 10:30:00-04:00,2024-09-17 09:31:00-04:00,upper,executed,,flat,inactive,2024-09-17 09:31:00-04:00,2024-09-17 09:50:00-04:00,19820.673562393225,19741.548562393225,52.75,79.125,TP,79.125
1713_upper,2024-08-27,2024-08-27 10:30:00-04:00,2024-09-24 10:30:00-04:00,2024-09-18 14:00:00-04:00,upper,skipped,blocked_time,n/a,n/a,,,,,,,,
1714_upper,2024-08-28,2024-08-28 10:30:00-04:00,2024-09-25 10:30:00-04:00,2024-09-18 14:01:00-04:00,upper,skipped,blocked_time,n/a,n/a,,,,,,,,
1715_upper,2024-08-29,2024-08-29 10:30:00-04:00,2024-09-26 10:30:00-04:00,2024-09-18 14:01:00-04:00,upper,skipped,blocked_time,n/a,n/a,,,,,,,,
1727_upper,2024-09-19,2024-09-16 10:30:00-04:00,2024-10-14 10:30:00-04:00,2024-09-19 03:57:00-04:00,upper,executed,,flat,inactive,2024-09-19 03:57:00-04:00,2024-09-19 04:43:00-04:00,19933.44593712381,19933.44593712381,57.25,85.875,BE,-0.0
1729_upper,2024-09-19,2024-09-18 10:30:00-04:00,2024-10-16 10:30:00-04:00,2024-09-19 05:12:00-04:00,upper,executed,,flat,inactive,2024-09-19 05:12:00-04:00,2024-09-19 09:12:00-04:00,19965.24882469364,20031.99882469364,44.5,66.75,SL,-66.75
1712_upper,2024-08-26,2024-08-26 10:30:00-04:00,2024-09-23 10:30:00-04:00,2024-09-19 09:27:00-04:00,upper,skipped,SAL,n/a,active,,,,,,,,
1728_upper,2024-09-17,2024-09-17 10:30:00-04:00,2024-10-15 10:30:00-04:00,2024-09-19 09:30:00-04:00,upper,skipped,SAL,n/a,active,,,,,,,,
1711_upper,2024-08-23,2024-08-23 10:30:00-04:00,2024-09-20 10:30:00-04:00,2024-09-19 10:27:00-04:00,upper,skipped,SAL,n/a,active,,,,,,,,
1731_upper,2024-09-26,2024-09-20 10:30:00-04:00,2024-10-18 10:30:00-04:00,2024-09-25 19:46:00-04:00,upper,executed,,flat,inactive,2024-09-25 19:46:00-04:00,2024-09-25 21:55:00-04:00,20281.443045163578,20316.318045163578,23.25,34.875,SL,-34.875
1732_upper,2024-09-23,2024-09-23 10:30:00-04:00,2024-10-21 10:30:00-04:00,2024-09-25 20:09:00-04:00,upper,skipped,position_open,open,active,,,,,,,,
1730_upper,2024-09-19,2024-09-19 10:30:00-04:00,2024-10-17 10:30:00-04:00,2024-09-26 00:53:00-04:00,upper,skipped,SAL,n/a,active,,,,,,,,
1733_upper,2024-09-24,2024-09-24 10:30:00-04:00,2024-10-22 10:30:00-04:00,2024-09-26 01:26:00-04:00,upper,skipped,SAL,n/a,active,,,,,,,,
1734_upper,2024-09-25,2024-09-25 10:30:00-04:00,2024-10-23 10:30:00-04:00,2024-09-26 02:00:00-04:00,upper,skipped,SAL,n/a,active,,,,,,,,
1735_lower,2024-09-26,2024-09-26 10:30:00-04:00,2024-10-24 10:30:00-04:00,2024-09-27 14:31:00-04:00,lower,skipped,blocked_time,n/a,n/a,,,,,,,,
1736_lower,2024-09-30,2024-09-27 10:30:00-04:00,2024-10-25 10:30:00-04:00,2024-09-30 07:49:00-04:00,lower,executed,,flat,inactive,2024-09-30 07:49:00-04:00,2024-09-30 09:10:00-04:00,20131.534418340696,20185.909418340696,36.25,54.375,TP,54.375
1737_lower,2024-10-01,2024-09-30 10:30:00-04:00,2024-10-28 10:30:00-04:00,2024-10-01 10:10:00-04:00,lower,executed,,flat,inactive,2024-10-01 10:10:00-04:00,2024-10-01 10:56:00-04:00,19929.662787250287,19929.662787250287,301.5,200.0,BE,0.0
1734_lower,2024-09-25,2024-09-25 10:30:00-04:00,2024-10-23 10:30:00-04:00,2024-10-01 10:15:00-04:00,lower,skipped,position_open,open,inactive,,,,,,,,
1732_lower,2024-09-23,2024-09-23 10:30:00-04:00,2024-10-21 10:30:00-04:00,2024-10-01 11:08:00-04:00,lower,skipped,blocked_time,n/a,n/a,,,,,,,,
1739_upper,2024-10-04,2024-10-02 10:30:00-04:00,2024-10-30 10:30:00-04:00,2024-10-04 08:56:00-04:00,upper,executed,,flat,inactive,2024-10-04 08:56:00-04:00,2024-10-04 09:53:00-04:00,20236.020450617765,20172.645450617765,42.25,63.375,TP,63.375
1740_upper,2024-10-03,2024-10-03 10:30:00-04:00,2024-10-31 10:30:00-04:00,2024-10-08 15:19:00-04:00,upper,skipped,no_cutoff,n/a,n/a,,,,,,,,
1742_upper,2024-10-07,2024-10-07 10:30:00-04:00,2024-11-04 10:30:00-05:00,2024-10-09 11:00:00-04:00,upper,skipped,blocked_time,n/a,n/a,,,,,,,,
1743_upper,2024-10-08,2024-10-08 10:30:00-04:00,2024-11-05 10:30:00-05:00,2024-10-09 11:35:00-04:00,upper,skipped,blocked_time,n/a,n/a,,,,,,,,
1737_upper,2024-09-30,2024-09-30 10:30:00-04:00,2024-10-28 10:30:00-04:00,2024-10-09 11:55:00-04:00,upper,skipped,blocked_time,n/a,n/a,,,,,,,,
1741_upper,2024-10-14,2024-10-04 10:30:00-04:00,2024-11-01 10:30:00-04:00,2024-10-14 06:17:00-04:00,upper,executed,,flat,inactive,2024-10-14 06:17:00-04:00,2024-10-14 08:42:00-04:00,20521.857371034814,20521.857371034814,25.25,37.875,BE,-0.0
1744_upper,2024-10-14,2024-10-09 10:30:00-04:00,2024-11-06 10:30:00-05:00,2024-10-14 09:31:00-04:00,upper,executed,,flat,inactive,2024-10-14 09:31:00-04:00,2024-10-14 09:46:00-04:00,20567.32937257656,20625.07937257656,38.5,57.75,SL,-57.75
1736_upper,2024-09-27,2024-09-27 10:30:00-04:00,2024-10-25 10:30:00-04:00,2024-10-14 09:34:00-04:00,upper,skipped,position_open,open,active,,,,,,,,
1738_upper,2024-10-01,2024-10-01 10:30:00-04:00,2024-10-29 10:30:00-04:00,2024-10-14 09:45:00-04:00,upper,skipped,position_open,open,active,,,,,,,,
1745_upper,2024-10-10,2024-10-10 10:30:00-04:00,2024-11-07 10:30:00-05:00,2024-10-14 09:49:00-04:00,upper,skipped,SAL,n/a,active,,,,,,,,
1747_lower,2024-10-14,2024-10-14 10:30:00-04:00,2024-11-11 10:30:00-05:00,2024-10-15 15:06:00-04:00,lower,skipped,no_cutoff,n/a,n/a,,,,,,,,
1748_lower,2024-10-15,2024-10-15 10:30:00-04:00,2024-11-12 10:30:00-05:00,2024-10-15 15:36:00-04:00,lower,skipped,no_cutoff,n/a,n/a,,,,,,,,
1751_lower,2024-10-18,2024-10-18 10:30:00-04:00,2024-11-15 10:30:00-05:00,2024-10-23 13:09:00-04:00,lower,skipped,blocked_time,n/a,n/a,,,,,,,,
1752_lower,2024-10-21,2024-10-21 10:30:00-04:00,2024-11-18 10:30:00-05:00,2024-10-23 13:15:00-04:00,lower,skipped,blocked_time,n/a,n/a,,,,,,,,
1750_lower,2024-10-17,2024-10-17 10:30:00-04:00,2024-11-14 10:30:00-05:00,2024-10-23 13:36:00-04:00,lower,skipped,blocked_time,n/a,n/a,,,,,,,,
1754_lower,2024-10-23,2024-10-23 10:30:00-04:00,2024-11-20 10:30:00-05:00,2024-10-23 13:51:00-04:00,lower,skipped,blocked_time,n/a,n/a,,,,,,,,
1753_lower,2024-10-22,2024-10-22 10:30:00-04:00,2024-11-19 10:30:00-05:00,2024-10-23 14:04:00-04:00,lower,skipped,blocked_time,n/a,n/a,,,,,,,,
1755_upper,2024-10-25,2024-10-24 10:30:00-04:00,2024-11-21 10:30:00-05:00,2024-10-25 09:46:00-04:00,upper,executed,,flat,inactive,2024-10-25 09:46:00-04:00,2024-10-25 10:01:00-04:00,20610.060539983337,20686.560539983337,51.0,76.5,SL,-76.5
1749_upper,2024-10-16,2024-10-16 10:30:00-04:00,2024-11-13 10:30:00-05:00,2024-10-25 09:55:00-04:00,upper,skipped,position_open,open,active,,,,,,,,
1746_upper,2024-10-11,2024-10-11 10:30:00-04:00,2024-11-08 10:30:00-05:00,2024-10-25 10:01:00-04:00,upper,skipped,SAL,n/a,active,,,,,,,,
1754_upper,2024-10-23,2024-10-23 10:30:00-04:00,2024-11-20 10:30:00-05:00,2024-10-25 10:22:00-04:00,upper,skipped,SAL,n/a,active,,,,,,,,
1751_upper,2024-10-18,2024-10-18 10:30:00-04:00,2024-11-15 10:30:00-05:00,2024-10-29 15:23:00-04:00,upper,skipped,no_cutoff,n/a,n/a,,,,,,,,
1753_upper,2024-10-22,2024-10-22 10:30:00-04:00,2024-11-19 10:30:00-05:00,2024-10-29 15:23:00-04:00,upper,skipped,no_cutoff,n/a,n/a,,,,,,,,
1752_upper,2024-10-21,2024-10-21 10:30:00-04:00,2024-11-18 10:30:00-05:00,2024-10-29 16:02:00-04:00,upper,skipped,no_cutoff,n/a,n/a,,,,,,,,
1757_lower,2024-10-31,2024-10-28 10:30:00-04:00,2024-11-25 10:30:00-05:00,2024-10-31 03:11:00-04:00,lower,executed,,flat,inactive,2024-10-31 03:11:00-04:00,2024-10-31 07:57:00-04:00,20325.710096820043,20390.585096820043,43.25,64.875,TP,64.875
1759_lower,2024-10-30,2024-10-30 10:30:00-04:00,2024-11-27 10:30:00-05:00,2024-10-31 03:12:00-04:00,lower,skipped,position_open,open,inactive,,,,,,,,
1758_lower,2024-10-29,2024-10-29 10:30:00-04:00,2024-11-26 10:30:00-05:00,2024-10-31 09:49:00-04:00,lower,skipped,simultaneous_collision,flat,inactive,,,,,,,,
1756_lower,2024-10-31,2024-10-25 10:30:00-04:00,2024-11-22 10:30:00-05:00,2024-10-31 09:49:00-04:00,lower,executed,,flat,inactive,2024-10-31 09:49:00-04:00,2024-10-31 10:12:00-04:00,20188.079191159937,20119.079191159937,46.0,69.0,SL,-69.0
1755_lower,2024-10-24,2024-10-24 10:30:00-04:00,2024-11-21 10:30:00-05:00,2024-10-31 10:47:00-04:00,lower,skipped,SAL,n/a,active,,,,,,,,
1745_lower,2024-10-10,2024-10-10 10:30:00-04:00,2024-11-07 10:30:00-05:00,2024-10-31 10:50:00-04:00,lower,skipped,SAL,n/a,active,,,,,,,,
1746_lower,2024-10-11,2024-10-11 10:30:00-04:00,2024-11-08 10:30:00-05:00,2024-10-31 11:42:00-04:00,lower,skipped,blocked_time,n/a,n/a,,,,,,,,
1744_lower,2024-10-09,2024-10-09 10:30:00-04:00,2024-11-06 10:30:00-05:00,2024-10-31 14:34:00-04:00,lower,skipped,blocked_time,n/a,n/a,,,,,,,,
1762_upper,2024-11-06,2024-11-04 10:30:00-05:00,2024-12-02 10:30:00-05:00,2024-11-05 21:21:00-05:00,upper,executed,,flat,inactive,2024-11-05 21:21:00-05:00,2024-11-05 21:38:00-05:00,20465.355796260043,20534.730796260043,46.25,69.375,SL,-69.375
1761_upper,2024-11-01,2024-11-01 10:30:00-04:00,2024-11-29 10:30:00-05:00,2024-11-05 21:30:00-05:00,upper,skipped,position_open,open,active,,,,,,,,
1763_upper,2024-11-05,2024-11-05 10:30:00-05:00,2024-12-03 10:30:00-05:00,2024-11-05 21:38:00-05:00,upper,skipped,SAL,n/a,active,,,,,,,,
1760_upper,2024-10-31,2024-10-31 10:30:00-04:00,2024-11-28 10:30:00-05:00,2024-11-06 02:07:00-05:00,upper,skipped,SAL,n/a,active,,,,,,,,
1758_upper,2024-10-29,2024-10-29 10:30:00-04:00,2024-11-26 10:30:00-05:00,2024-11-06 13:10:00-05:00,upper,skipped,blocked_time,n/a,n/a,,,,,,,,
1747_upper,2024-10-14,2024-10-14 10:30:00-04:00,2024-11-11 10:30:00-05:00,2024-11-06 14:14:00-05:00,upper,skipped,blocked_time,n/a,n/a,,,,,,,,
1757_upper,2024-10-28,2024-10-28 10:30:00-04:00,2024-11-25 10:30:00-05:00,2024-11-06 14:14:00-05:00,upper,skipped,blocked_time,n/a,n/a,,,,,,,,
1750_upper,2024-10-17,2024-10-17 10:30:00-04:00,2024-11-14 10:30:00-05:00,2024-11-06 14:27:00-05:00,upper,skipped,blocked_time,n/a,n/a,,,,,,,,
1756_upper,2024-10-25,2024-10-25 10:30:00-04:00,2024-11-22 10:30:00-05:00,2024-11-06 15:06:00-05:00,upper,skipped,no_cutoff,n/a,n/a,,,,,,,,
1748_upper,2024-11-07,2024-10-15 10:30:00-04:00,2024-11-12 10:30:00-05:00,2024-11-07 00:33:00-05:00,upper,executed,,flat,inactive,2024-11-07 00:33:00-05:00,2024-11-07 07:29:00-05:00,20940.29583796973,20974.79583796973,23.0,34.5,SL,-34.5
1759_upper,2024-10-30,2024-10-30 10:30:00-04:00,2024-11-27 10:30:00-05:00,2024-11-07 01:46:00-05:00,upper,skipped,position_open,open,active,,,,,,,,
1764_upper,2024-11-06,2024-11-06 10:30:00-05:00,2024-12-04 10:30:00-05:00,2024-11-07 09:30:00-05:00,upper,skipped,SAL,n/a,active,,,,,,,,
1765_upper,2024-11-07,2024-11-07 10:30:00-05:00,2024-12-05 10:30:00-05:00,2024-11-10 18:00:00-05:00,upper,skipped,no_anchor,n/a,n/a,,,,,,,,
1768_lower,2024-11-12,2024-11-12 10:30:00-05:00,2024-12-10 10:30:00-05:00,2024-11-14 15:35:00-05:00,lower,skipped,no_cutoff,n/a,n/a,,,,,,,,
1767_lower,2024-11-11,2024-11-11 10:30:00-05:00,2024-12-09 10:30:00-05:00,2024-11-14 15:42:00-05:00,lower,skipped,no_cutoff,n/a,n/a,,,,,,,,
1766_lower,2024-11-08,2024-11-08 10:30:00-05:00,2024-12-06 10:30:00-05:00,2024-11-14 16:09:00-05:00,lower,skipped,no_cutoff,n/a,n/a,,,,,,,,
1769_lower,2024-11-15,2024-11-13 10:30:00-05:00,2024-12-11 10:30:00-05:00,2024-11-15 01:11:00-05:00,lower,executed,,flat,inactive,2024-11-15 01:11:00-05:00,2024-11-15 01:57:00-05:00,20868.607127431038,20868.607127431038,34.5,51.75,BE,0.0
1770_lower,2024-11-14,2024-11-14 10:30:00-05:00,2024-12-12 10:30:00-05:00,2024-11-15 01:24:00-05:00,lower,skipped,position_open,open,inactive,,,,,,,,
1765_lower,2024-11-15,2024-11-07 10:30:00-05:00,2024-12-05 10:30:00-05:00,2024-11-15 09:18:00-05:00,lower,executed,,flat,inactive,2024-11-15 09:18:00-05:00,2024-11-15 09:43:00-05:00,20784.982174002864,20688.982174002864,64.0,96.0,SL,-96.0
1771_lower,2024-11-15,2024-11-15 10:30:00-05:00,2024-12-13 10:30:00-05:00,2024-11-15 13:57:00-05:00,lower,skipped,blocked_time,n/a,n/a,,,,,,,,
1773_upper,2024-11-19,2024-11-19 10:30:00-05:00,2024-12-17 10:30:00-05:00,2024-11-19 13:53:00-05:00,upper,skipped,blocked_time,n/a,n/a,,,,,,,,
1772_upper,2024-11-21,2024-11-18 10:30:00-05:00,2024-12-16 10:30:00-05:00,2024-11-21 08:39:00-05:00,upper,executed,,flat,inactive,2024-11-21 08:39:00-05:00,2024-11-21 09:36:00-05:00,20863.55289226544,20735.30289226544,85.5,128.25,TP,128.25
1771_upper,2024-11-25,2024-11-15 10:30:00-05:00,2024-12-13 10:30:00-05:00,2024-11-25 08:55:00-05:00,upper,executed,,flat,inactive,2024-11-25 08:55:00-05:00,2024-11-25 09:30:00-05:00,21024.906742072206,20981.031742072206,29.25,43.875,TP,43.875
1774_upper,2024-11-25,2024-11-20 10:30:00-05:00,2024-12-18 10:30:00-05:00,2024-11-25 09:42:00-05:00,upper,executed,,flat,inactive,2024-11-25 09:42:00-05:00,2024-11-25 09:52:00-05:00,21075.001075768043,20949.001075768043,84.0,126.0,TP,126.0
1778_lower,2024-11-26,2024-11-26 10:30:00-05:00,2024-12-24 10:30:00-05:00,2024-11-27 11:11:00-05:00,lower,skipped,blocked_time,n/a,n/a,,,,,,,,
1780_upper,2024-11-28,2024-11-28 10:30:00-05:00,2024-12-27 10:30:00-05:00,2024-12-02 09:31:00-05:00,upper,skipped,simultaneous_collision,flat,inactive,,,,,,,,
1776_upper,2024-12-02,2024-11-22 10:30:00-05:00,2024-12-20 10:30:00-05:00,2024-12-02 09:31:00-05:00,upper,executed,,flat,inactive,2024-12-02 09:31:00-05:00,2024-12-02 09:49:00-05:00,21092.547312424045,21149.172312424045,37.75,56.625,SL,-56.625
1781_upper,2024-11-29,2024-11-29 10:30:00-05:00,2024-12-30 10:30:00-05:00,2024-12-02 09:50:00-05:00,upper,skipped,SAL,n/a,active,,,,,,,,
1779_upper,2024-11-27,2024-11-27 10:30:00-05:00,2024-12-26 10:30:00-05:00,2024-12-02 10:15:00-05:00,upper,skipped,SAL,n/a,active,,,,,,,,
1778_upper,2024-11-26,2024-11-26 10:30:00-05:00,2024-12-24 10:30:00-05:00,2024-12-02 11:37:00-05:00,upper,skipped,blocked_time,n/a,n/a,,,,,,,,
1775_upper,2024-11-21,2024-11-21 10:30:00-05:00,2024-12-19 10:30:00-05:00,2024-12-03 15:55:00-05:00,upper,skipped,no_cutoff,n/a,n/a,,,,,,,,
1777_upper,2024-11-25,2024-11-25 10:30:00-05:00,2024-12-23 10:30:00-05:00,2024-12-03 18:43:00-05:00,upper,skipped,no_anchor,n/a,n/a,,,,,,,,
1782_upper,2024-12-04,2024-12-02 10:30:00-05:00,2025-01-02 10:30:00-05:00,2024-12-04 03:49:00-05:00,upper,executed,,flat,inactive,2024-12-04 03:49:00-05:00,2024-12-04 04:14:00-05:00,21374.12321917325,21398.12321917325,16.0,24.0,SL,-24.0
1770_upper,2024-11-14,2024-11-14 10:30:00-05:00,2024-12-12 10:30:00-05:00,2024-12-04 04:00:00-05:00,upper,skipped,position_open,open,active,,,,,,,,
1769_upper,2024-11-13,2024-11-13 10:30:00-05:00,2024-12-11 10:30:00-05:00,2024-12-04 05:51:00-05:00,upper,skipped,SAL,n/a,active,,,,,,,,
1766_upper,2024-11-08,2024-11-08 10:30:00-05:00,2024-12-06 10:30:00-05:00,2024-12-04 06:06:00-05:00,upper,skipped,SAL,n/a,active,,,,,,,,
1783_upper,2024-12-03,2024-12-03 10:30:00-05:00,2025-01-03 10:30:00-05:00,2024-12-04 06:06:00-05:00,upper,skipped,SAL,n/a,active,,,,,,,,
1768_upper,2024-11-12,2024-11-12 10:30:00-05:00,2024-12-10 10:30:00-05:00,2024-12-04 08:56:00-05:00,upper,skipped,SAL,n/a,active,,,,,,,,
1767_upper,2024-11-11,2024-11-11 10:30:00-05:00,2024-12-09 10:30:00-05:00,2024-12-04 15:16:00-05:00,upper,skipped,no_cutoff,n/a,n/a,,,,,,,,
1784_upper,2024-12-06,2024-12-04 10:30:00-05:00,2025-01-06 10:30:00-05:00,2024-12-06 10:19:00-05:00,upper,executed,,flat,inactive,2024-12-06 10:19:00-05:00,2024-12-06 13:07:00-05:00,21644.7577763839,21644.7577763839,128.0,192.0,BE,-0.0
1787_lower,2024-12-09,2024-12-09 10:30:00-05:00,2025-01-10 10:30:00-05:00,2024-12-10 15:28:00-05:00,lower,skipped,no_cutoff,n/a,n/a,,,,,,,,
1785_upper,2024-12-11,2024-12-05 10:30:00-05:00,2025-01-07 10:30:00-05:00,2024-12-11 10:14:00-05:00,upper,executed,,flat,inactive,2024-12-11 10:14:00-05:00,2024-12-11 11:10:00-05:00,21733.14637179586,21733.14637179586,170.75,200.0,BE,-0.0
1788_upper,2024-12-10,2024-12-10 10:30:00-05:00,2025-01-13 10:30:00-05:00,2024-12-11 12:17:00-05:00,upper,skipped,blocked_time,n/a,n/a,,,,,,,,
1786_upper,2024-12-06,2024-12-06 10:30:00-05:00,2025-01-08 10:30:00-05:00,2024-12-11 15:14:00-05:00,upper,skipped,no_cutoff,n/a,n/a,,,,,,,,
1787_upper,2024-12-13,2024-12-09 10:30:00-05:00,2025-01-10 10:30:00-05:00,2024-12-13 08:00:00-05:00,upper,executed,,flat,inactive,2024-12-13 08:00:00-05:00,2024-12-13 09:37:00-05:00,21838.7978341956,21838.7978341956,55.0,82.5,BE,-0.0
1789_upper,2024-12-16,2024-12-11 10:30:00-05:00,2025-01-14 10:30:00-05:00,2024-12-16 08:30:00-05:00,upper,executed,,flat,inactive,2024-12-16 08:30:00-05:00,2024-12-16 09:30:00-05:00,21912.096437776047,21912.096437776047,29.25,43.875,BE,-0.0
1790_upper,2024-12-12,2024-12-12 10:30:00-05:00,2025-01-15 10:30:00-05:00,2024-12-16 09:30:00-05:00,upper,skipped,same_bar_reentry,reopen_blocked,inactive,,,,,,,,
1791_upper,2024-12-13,2024-12-13 10:30:00-05:00,2025-01-16 10:30:00-05:00,2024-12-16 12:38:00-05:00,upper,skipped,blocked_time,n/a,n/a,,,,,,,,
1792_upper,2024-12-17,2024-12-16 10:30:00-05:00,2025-01-17 10:30:00-05:00,2024-12-16 19:00:00-05:00,upper,executed,,flat,inactive,2024-12-16 19:00:00-05:00,2024-12-16 20:19:00-05:00,22396.25,22396.25,38.0,57.0,BE,-0.0
1793_lower,2024-12-17,2024-12-17 10:30:00-05:00,2025-01-20 10:30:00-05:00,2024-12-18 14:30:00-05:00,lower,skipped,blocked_time,n/a,n/a,,,,,,,,
1794_lower,2024-12-18,2024-12-18 10:30:00-05:00,2025-01-21 10:30:00-05:00,2024-12-18 14:46:00-05:00,lower,skipped,blocked_time,n/a,n/a,,,,,,,,
1792_lower,2024-12-16,2024-12-16 10:30:00-05:00,2025-01-17 10:30:00-05:00,2024-12-18 15:34:00-05:00,lower,skipped,no_cutoff,n/a,n/a,,,,,,,,
1791_lower,2024-12-13,2024-12-13 10:30:00-05:00,2025-01-16 10:30:00-05:00,2024-12-18 15:38:00-05:00,lower,skipped,no_cutoff,n/a,n/a,,,,,,,,
1790_lower,2024-12-12,2024-12-12 10:30:00-05:00,2025-01-15 10:30:00-05:00,2024-12-18 15:45:00-05:00,lower,skipped,no_cutoff,n/a,n/a,,,,,,,,
1785_lower,2024-12-05,2024-12-05 10:30:00-05:00,2025-01-07 10:30:00-05:00,2024-12-18 16:04:00-05:00,lower,skipped,no_cutoff,n/a,n/a,,,,,,,,
1789_lower,2024-12-11,2024-12-11 10:30:00-05:00,2025-01-14 10:30:00-05:00,2024-12-18 16:04:00-05:00,lower,skipped,no_cutoff,n/a,n/a,,,,,,,,
1788_lower,2024-12-20,2024-12-10 10:30:00-05:00,2025-01-13 10:30:00-05:00,2024-12-19 19:16:00-05:00,lower,executed,,flat,inactive,2024-12-19 19:16:00-05:00,2024-12-20 03:33:00-05:00,21302.31805489289,21202.94305489289,66.25,99.375,SL,-99.375
1786_lower,2024-12-06,2024-12-06 10:30:00-05:00,2025-01-08 10:30:00-05:00,2024-12-19 21:08:00-05:00,lower,skipped,position_open,open,active,,,,,,,,
1795_lower,2024-12-19,2024-12-19 10:30:00-05:00,2025-01-22 10:30:00-05:00,2024-12-19 21:23:00-05:00,lower,skipped,position_open,open,active,,,,,,,,
1784_lower,2024-12-04,2024-12-04 10:30:00-05:00,2025-01-06 10:30:00-05:00,2024-12-20 03:33:00-05:00,lower,skipped,SAL,n/a,active,,,,,,,,
1796_upper,2024-12-20,2024-12-20 10:30:00-05:00,2025-01-23 10:30:00-05:00,2024-12-20 11:39:00-05:00,upper,skipped,blocked_time,n/a,n/a,,,,,,,,
1797_upper,2024-12-24,2024-12-23 10:30:00-05:00,2025-01-24 10:30:00-05:00,2024-12-24 10:36:00-05:00,upper,executed,,flat,inactive,2024-12-24 10:36:00-05:00,2024-12-24 13:14:00-05:00,21948.390851439057,22046.5,108.25,162.375,cutoff,-98.10914856094314
1795_upper,2024-12-19,2024-12-19 10:30:00-05:00,2025-01-22 10:30:00-05:00,2024-12-25 18:00:00-05:00,upper,skipped,no_anchor,n/a,n/a,,,,,,,,
1799_lower,2024-12-27,2024-12-26 10:30:00-05:00,2025-01-28 10:30:00-05:00,2024-12-27 09:45:00-05:00,lower,executed,,flat,inactive,2024-12-27 09:45:00-05:00,2024-12-27 10:05:00-05:00,21678.060164278675,21594.810164278675,55.5,83.25,SL,-83.25
1798_lower,2024-12-24,2024-12-24 10:30:00-05:00,2025-01-27 10:30:00-05:00,2024-12-27 10:12:00-05:00,lower,skipped,SAL,n/a,active,,,,,,,,
1800_lower,2024-12-30,2024-12-27 10:30:00-05:00,2025-01-29 10:30:00-05:00,2024-12-30 09:35:00-05:00,lower,executed,,flat,inactive,2024-12-30 09:35:00-05:00,2024-12-30 12:44:00-05:00,21333.873190597853,21533.873190597853,137.5,200.0,TP,200.0
1797_lower,2024-12-23,2024-12-23 10:30:00-05:00,2025-01-24 10:30:00-05:00,2025-01-01 18:46:00-05:00,lower,skipped,no_anchor,n/a,n/a,,,,,,,,
1801_lower,2024-12-30,2024-12-30 10:30:00-05:00,2025-01-30 10:30:00-05:00,2025-01-02 12:37:00-05:00,lower,skipped,blocked_time,n/a,n/a,,,,,,,,
1803_upper,2025-01-06,2025-01-03 10:30:00-05:00,2025-02-03 10:30:00-05:00,2025-01-06 04:02:00-05:00,upper,executed,,flat,inactive,2025-01-06 04:02:00-05:00,2025-01-06 06:30:00-05:00,21639.98460963767,21730.73460963767,60.5,90.75,SL,-90.75
1801_upper,2024-12-30,2024-12-30 10:30:00-05:00,2025-01-30 10:30:00-05:00,2025-01-06 04:58:00-05:00,upper,skipped,position_open,open,active,,,,,,,,
1802_upper,2025-01-02,2025-01-02 10:30:00-05:00,2025-01-31 10:30:00-05:00,2025-01-06 06:26:00-05:00,upper,skipped,position_open,open,active,,,,,,,,
1804_lower,2025-01-07,2025-01-06 10:30:00-05:00,2025-02-04 10:30:00-05:00,2025-01-07 10:38:00-05:00,lower,executed,,flat,inactive,2025-01-07 10:38:00-05:00,2025-01-07 11:50:00-05:00,21474.86339366945,21474.86339366945,110.75,166.125,BE,0.0
1805_lower,2025-01-07,2025-01-07 10:30:00-05:00,2025-02-05 10:30:00-05:00,2025-01-07 15:21:00-05:00,lower,skipped,no_cutoff,n/a,n/a,,,,,,,,
1806_lower,2025-01-10,2025-01-08 10:30:00-05:00,2025-02-06 10:30:00-05:00,2025-01-10 09:48:00-05:00,lower,executed,,flat,inactive,2025-01-10 09:48:00-05:00,2025-01-10 10:34:00-05:00,21032.066943417358,21032.066943417358,278.5,200.0,BE,0.0
1803_lower,2025-01-03,2025-01-03 10:30:00-05:00,2025-02-03 10:30:00-05:00,2025-01-10 10:00:00-05:00,lower,skipped,position_open,open,inactive,,,,,,,,
1802_lower,2025-01-02,2025-01-02 10:30:00-05:00,2025-01-31 10:30:00-05:00,2025-01-10 10:03:00-05:00,lower,skipped,position_open,open,inactive,,,,,,,,
1796_lower,2025-01-13,2024-12-20 10:30:00-05:00,2025-01-23 10:30:00-05:00,2025-01-13 04:01:00-05:00,lower,executed,,flat,inactive,2025-01-13 04:01:00-05:00,2025-01-13 15:00:00-05:00,20782.809601981884,20889.5,116.75,175.125,cutoff,106.69039801811596
1808_upper,2025-01-13,2025-01-13 10:30:00-05:00,2025-02-10 10:30:00-05:00,2025-01-13 18:35:00-05:00,upper,skipped,no_anchor,n/a,n/a,,,,,,,,
1809_upper,2025-01-15,2025-01-14 10:30:00-05:00,2025-02-11 10:30:00-05:00,2025-01-15 10:03:00-05:00,upper,executed,,flat,inactive,2025-01-15 10:03:00-05:00,2025-01-15 10:53:00-05:00,21372.285897252932,21372.285897252932,158.25,200.0,BE,-0.0
1807_upper,2025-01-16,2025-01-10 10:30:00-05:00,2025-02-07 10:30:00-05:00,2025-01-16 02:41:00-05:00,upper,executed,,flat,inactive,2025-01-16 02:41:00-05:00,2025-01-16 03:38:00-05:00,21534.534355659533,21534.534355659533,103.75,155.625,BE,-0.0
1810_upper,2025-01-17,2025-01-15 10:30:00-05:00,2025-02-12 10:30:00-05:00,2025-01-17 09:26:00-05:00,upper,executed,,flat,inactive,2025-01-17 09:26:00-05:00,2025-01-17 11:25:00-05:00,21628.568526038165,21628.568526038165,201.5,200.0,BE,-0.0
1806_upper,2025-01-08,2025-01-08 10:30:00-05:00,2025-02-06 10:30:00-05:00,2025-01-17 09:27:00-05:00,upper,skipped,position_open,open,inactive,,,,,,,,
1811_upper,2025-01-20,2025-01-16 10:30:00-05:00,2025-02-13 10:30:00-05:00,2025-01-20 09:35:00-05:00,upper,executed,,flat,inactive,2025-01-20 09:35:00-05:00,2025-01-20 12:59:00-05:00,21743.06839440482,21683.0,155.25,200.0,cutoff,60.06839440482145
1813_lower,2025-01-21,2025-01-20 10:30:00-05:00,2025-02-17 10:30:00-05:00,2025-01-20 19:58:00-05:00,lower,executed,,flat,inactive,2025-01-20 19:58:00-05:00,2025-01-20 20:00:00-05:00,21487.776855519704,21387.276855519704,67.0,100.5,SL,-100.5
1812_upper,2025-01-22,2025-01-17 10:30:00-05:00,2025-02-14 10:30:00-05:00,2025-01-22 04:31:00-05:00,upper,executed,,flat,inactive,2025-01-22 04:31:00-05:00,2025-01-22 06:11:00-05:00,21900.319787357148,21900.319787357148,46.25,69.375,BE,-0.0
1814_upper,2025-01-21,2025-01-21 10:30:00-05:00,2025-02-18 10:30:00-05:00,2025-01-22 09:32:00-05:00,upper,skipped,simultaneous_collision,flat,inactive,,,,,,,,
1813_upper,2025-01-22,2025-01-20 10:30:00-05:00,2025-02-17 10:30:00-05:00,2025-01-22 09:32:00-05:00,upper,executed,,flat,inactive,2025-01-22 09:32:00-05:00,2025-01-22 09:54:00-05:00,21963.848144480296,22009.598144480296,30.5,45.75,SL,-45.75
1804_upper,2025-01-06,2025-01-06 10:30:00-05:00,2025-02-04 10:30:00-05:00,2025-01-22 11:36:00-05:00,upper,skipped,blocked_time,n/a,n/a,,,,,,,,
1816_lower,2025-01-23,2025-01-23 10:30:00-05:00,2025-02-20 10:30:00-05:00,2025-01-26 18:00:00-05:00,lower,skipped,no_anchor,n/a,n/a,,,,,,,,
1817_lower,2025-01-24,2025-01-24 10:30:00-05:00,2025-02-21 10:30:00-05:00,2025-01-26 18:00:00-05:00,lower,skipped,no_anchor,n/a,n/a,,,,,,,,
1815_lower,2025-01-22,2025-01-22 10:30:00-05:00,2025-02-19 10:30:00-05:00,2025-01-26 18:04:00-05:00,lower,skipped,no_anchor,n/a,n/a,,,,,,,,
1814_lower,2025-01-27,2025-01-21 10:30:00-05:00,2025-02-18 10:30:00-05:00,2025-01-27 01:48:00-05:00,lower,executed,,flat,inactive,2025-01-27 01:48:00-05:00,2025-01-27 03:16:00-05:00,21360.383059599488,21216.758059599488,95.75,143.625,SL,-143.625
1812_lower,2025-01-17,2025-01-17 10:30:00-05:00,2025-02-14 10:30:00-05:00,2025-01-27 02:55:00-05:00,lower,skipped,position_open,open,active,,,,,,,,
1811_lower,2025-01-16,2025-01-16 10:30:00-05:00,2025-02-13 10:30:00-05:00,2025-01-27 04:49:00-05:00,lower,skipped,SAL,n/a,active,,,,,,,,
1810_lower,2025-01-15,2025-01-15 10:30:00-05:00,2025-02-12 10:30:00-05:00,2025-01-27 05:49:00-05:00,lower,skipped,SAL,n/a,active,,,,,,,,
1818_upper,2025-01-27,2025-01-27 10:30:00-05:00,2025-02-24 10:30:00-05:00,2025-01-28 12:14:00-05:00,upper,skipped,blocked_time,n/a,n/a,,,,,,,,
1819_upper,2025-01-30,2025-01-28 10:30:00-05:00,2025-02-25 10:30:00-05:00,2025-01-30 09:49:00-05:00,upper,executed,,flat,inactive,2025-01-30 09:49:00-05:00,2025-01-30 10:02:00-05:00,21721.47175446724,21626.22175446724,63.5,95.25,TP,95.25
1820_upper,2025-01-31,2025-01-29 10:30:00-05:00,2025-02-26 10:30:00-05:00,2025-01-31 09:31:00-05:00,upper,executed,,flat,inactive,2025-01-31 09:31:00-05:00,2025-01-31 10:05:00-05:00,21829.136351614372,21908.636351614372,53.0,79.5,SL,-79.5
1820_lower,2025-01-29,2025-01-29 10:30:00-05:00,2025-02-26 10:30:00-05:00,2025-02-02 18:00:00-05:00,lower,skipped,no_anchor,n/a,n/a,,,,,,,,
1821_lower,2025-01-30,2025-01-30 10:30:00-05:00,2025-02-27 10:30:00-05:00,2025-02-02 18:00:00-05:00,lower,skipped,no_anchor,n/a,n/a,,,,,,,,
1822_lower,2025-01-31,2025-01-31 10:30:00-05:00,2025-02-28 10:30:00-05:00,2025-02-02 18:00:00-05:00,lower,skipped,no_anchor,n/a,n/a,,,,,,,,
1823_upper,2025-02-03,2025-02-03 10:30:00-05:00,2025-03-03 10:30:00-05:00,2025-02-03 16:49:00-05:00,upper,skipped,no_cutoff,n/a,n/a,,,,,,,,
1825_upper,2025-02-06,2025-02-05 10:30:00-05:00,2025-03-05 10:30:00-05:00,2025-02-05 23:52:00-05:00,upper,executed,,flat,inactive,2025-02-05 23:52:00-05:00,2025-02-06 00:39:00-05:00,21802.964913655625,21832.214913655625,19.5,29.25,SL,-29.25
1824_upper,2025-02-04,2025-02-04 10:30:00-05:00,2025-03-04 10:30:00-05:00,2025-02-06 15:54:00-05:00,upper,skipped,no_cutoff,n/a,n/a,,,,,,,,
1826_lower,2025-02-06,2025-02-06 10:30:00-05:00,2025-03-06 10:30:00-05:00,2025-02-09 18:00:00-05:00,lower,skipped,no_anchor,n/a,n/a,,,,,,,,
1827_lower,2025-02-07,2025-02-07 10:30:00-05:00,2025-03-07 10:30:00-05:00,2025-02-09 18:00:00-05:00,lower,skipped,no_anchor,n/a,n/a,,,,,,,,
1828_lower,2025-02-12,2025-02-10 10:30:00-05:00,2025-03-10 10:30:00-04:00,2025-02-12 08:37:00-05:00,lower,executed,,flat,inactive,2025-02-12 08:37:00-05:00,2025-02-12 09:37:00-05:00,21529.46320596389,21607.08820596389,51.75,77.625,TP,77.625
1830_upper,2025-02-13,2025-02-12 10:30:00-05:00,2025-03-12 10:30:00-04:00,2025-02-12 19:43:00-05:00,upper,executed,,flat,inactive,2025-02-12 19:43:00-05:00,2025-02-12 20:33:00-05:00,21900.90802320835,21900.90802320835,52.75,79.125,BE,-0.0
1821_upper,2025-02-13,2025-01-30 10:30:00-05:00,2025-02-27 10:30:00-05:00,2025-02-13 10:20:00-05:00,upper,executed,,flat,inactive,2025-02-13 10:20:00-05:00,2025-02-13 15:00:00-05:00,21981.72302919536,22057.75,116.25,174.375,cutoff,-76.02697080463986
1829_upper,2025-02-11,2025-02-11 10:30:00-05:00,2025-03-11 10:30:00-04:00,2025-02-13 10:37:00-05:00,upper,skipped,position_open,open,active,,,,,,,,
1826_upper,2025-02-06,2025-02-06 10:30:00-05:00,2025-03-06 10:30:00-05:00,2025-02-13 10:39:00-05:00,upper,skipped,position_open,open,active,,,,,,,,
1828_upper,2025-02-10,2025-02-10 10:30:00-05:00,2025-03-10 10:30:00-04:00,2025-02-13 10:41:00-05:00,upper,skipped,position_open,open,active,,,,,,,,
1816_upper,2025-01-23,2025-01-23 10:30:00-05:00,2025-02-20 10:30:00-05:00,2025-02-13 15:19:00-05:00,upper,skipped,no_cutoff,n/a,n/a,,,,,,,,
1822_upper,2025-01-31,2025-01-31 10:30:00-05:00,2025-02-28 10:30:00-05:00,2025-02-13 15:20:00-05:00,upper,skipped,no_cutoff,n/a,n/a,,,,,,,,
1831_upper,2025-02-14,2025-02-13 10:30:00-05:00,2025-03-13 10:30:00-04:00,2025-02-14 10:57:00-05:00,upper,executed,,flat,inactive,2025-02-14 10:57:00-05:00,2025-02-14 12:30:00-05:00,22170.068432825785,22092.818432825785,51.5,77.25,TP,77.25
1815_upper,2025-01-22,2025-01-22 10:30:00-05:00,2025-02-19 10:30:00-05:00,2025-02-14 15:37:00-05:00,upper,skipped,no_cutoff,n/a,n/a,,,,,,,,
1827_upper,2025-02-07,2025-02-07 10:30:00-05:00,2025-03-07 10:30:00-05:00,2025-02-16 18:00:00-05:00,upper,skipped,no_anchor,n/a,n/a,,,,,,,,
1817_upper,2025-02-17,2025-01-24 10:30:00-05:00,2025-02-21 10:30:00-05:00,2025-02-16 21:28:00-05:00,upper,executed,,flat,inactive,2025-02-16 21:28:00-05:00,2025-02-17 09:35:00-05:00,22266.057601093205,22211.682601093205,36.25,54.375,TP,54.375
1833_lower,2025-02-20,2025-02-17 10:30:00-05:00,2025-03-17 10:30:00-04:00,2025-02-20 09:53:00-05:00,lower,executed,,flat,inactive,2025-02-20 09:53:00-05:00,2025-02-20 09:59:00-05:00,22040.21018689459,22000.83518689459,26.25,39.375,SL,-39.375
1834_lower,2025-02-18,2025-02-18 10:30:00-05:00,2025-03-18 10:30:00-04:00,2025-02-20 10:00:00-05:00,lower,skipped,SAL,n/a,active,,,,,,,,
1835_lower,2025-02-21,2025-02-19 10:30:00-05:00,2025-03-19 10:30:00-04:00,2025-02-21 10:44:00-05:00,lower,executed,,flat,inactive,2025-02-21 10:44:00-05:00,2025-02-21 12:11:00-05:00,21950.797581734958,21950.797581734958,156.75,200.0,BE,0.0
1832_lower,2025-02-14,2025-02-14 10:30:00-05:00,2025-03-14 10:30:00-04:00,2025-02-21 12:19:00-05:00,lower,skipped,blocked_time,n/a,n/a,,,,,,,,
1837_lower,2025-02-21,2025-02-21 10:30:00-05:00,2025-03-21 10:30:00-04:00,2025-02-21 13:02:00-05:00,lower,skipped,blocked_time,n/a,n/a,,,,,,,,
1836_lower,2025-02-20,2025-02-20 10:30:00-05:00,2025-03-20 10:30:00-04:00,2025-02-21 13:12:00-05:00,lower,skipped,blocked_time,n/a,n/a,,,,,,,,
1831_lower,2025-02-24,2025-02-13 10:30:00-05:00,2025-03-13 10:30:00-04:00,2025-02-24 09:53:00-05:00,lower,executed,,flat,inactive,2025-02-24 09:53:00-05:00,2025-02-24 10:01:00-05:00,21615.556567174215,21546.556567174215,46.0,69.0,SL,-69.0
1829_lower,2025-02-11,2025-02-11 10:30:00-05:00,2025-03-11 10:30:00-04:00,2025-02-24 10:06:00-05:00,lower,skipped,SAL,n/a,active,,,,,,,,
1825_lower,2025-02-25,2025-02-05 10:30:00-05:00,2025-03-05 10:30:00-05:00,2025-02-25 04:00:00-05:00,lower,executed,,flat,inactive,2025-02-25 04:00:00-05:00,2025-02-25 04:59:00-05:00,21305.410086344375,21305.410086344375,95.5,143.25,BE,0.0
1830_lower,2025-02-25,2025-02-12 10:30:00-05:00,2025-03-12 10:30:00-04:00,2025-02-25 05:59:00-05:00,lower,executed,,flat,inactive,2025-02-25 05:59:00-05:00,2025-02-25 07:56:00-05:00,21287.96697679165,21410.96697679165,82.0,123.0,TP,123.0
1838_lower,2025-02-25,2025-02-24 10:30:00-05:00,2025-03-24 10:30:00-04:00,2025-02-25 09:52:00-05:00,lower,executed,,flat,inactive,2025-02-25 09:52:00-05:00,2025-02-25 10:14:00-05:00,21230.054867220802,21141.554867220802,59.0,88.5,SL,-88.5
1824_lower,2025-02-04,2025-02-04 10:30:00-05:00,2025-03-04 10:30:00-05:00,2025-02-25 10:18:00-05:00,lower,skipped,SAL,n/a,active,,,,,,,,
1840_lower,2025-02-27,2025-02-26 10:30:00-05:00,2025-03-26 10:30:00-04:00,2025-02-27 10:00:00-05:00,lower,executed,,flat,inactive,2025-02-27 10:00:00-05:00,2025-02-27 10:22:00-05:00,20944.128971990598,21144.128971990598,385.0,200.0,TP,200.0
1823_lower,2025-02-03,2025-02-03 10:30:00-05:00,2025-03-03 10:30:00-05:00,2025-02-27 14:30:00-05:00,lower,skipped,blocked_time,n/a,n/a,,,,,,,,
1839_lower,2025-02-25,2025-02-25 10:30:00-05:00,2025-03-25 10:30:00-04:00,2025-02-27 14:32:00-05:00,lower,skipped,blocked_time,n/a,n/a,,,,,,,,
1841_lower,2025-02-27,2025-02-27 10:30:00-05:00,2025-03-27 10:30:00-04:00,2025-02-27 15:29:00-05:00,lower,skipped,no_cutoff,n/a,n/a,,,,,,,,
1842_upper,2025-02-28,2025-02-28 10:30:00-05:00,2025-03-28 10:30:00-04:00,2025-03-02 18:08:00-05:00,upper,skipped,no_anchor,n/a,n/a,,,,,,,,
1843_lower,2025-03-03,2025-03-03 10:30:00-05:00,2025-03-31 10:30:00-04:00,2025-03-03 15:01:00-05:00,lower,skipped,no_cutoff,n/a,n/a,,,,,,,,
1842_lower,2025-03-04,2025-02-28 10:30:00-05:00,2025-03-28 10:30:00-04:00,2025-03-04 10:00:00-05:00,lower,executed,,flat,inactive,2025-03-04 10:00:00-05:00,2025-03-04 10:46:00-05:00,20188.75270980275,20188.75270980275,202.5,200.0,BE,0.0
1845_lower,2025-03-05,2025-03-05 10:30:00-05:00,2025-04-02 10:30:00-04:00,2025-03-06 14:21:00-05:00,lower,skipped,blocked_time,n/a,n/a,,,,,,,,
1846_lower,2025-03-07,2025-03-06 10:30:00-05:00,2025-04-03 10:30:00-04:00,2025-03-07 10:32:00-05:00,lower,executed,,flat,inactive,2025-03-07 10:32:00-05:00,2025-03-07 11:18:00-05:00,19938.9527534601,19938.9527534601,218.25,200.0,BE,0.0
1844_lower,2025-03-04,2025-03-04 10:30:00-05:00,2025-04-01 10:30:00-04:00,2025-03-07 11:36:00-05:00,lower,skipped,blocked_time,n/a,n/a,,,,,,,,
1847_lower,2025-03-10,2025-03-07 10:30:00-05:00,2025-04-04 10:30:00-04:00,2025-03-10 10:03:00-04:00,lower,executed,,flat,inactive,2025-03-10 10:03:00-04:00,2025-03-10 13:02:00-04:00,19704.035403831505,19504.035403831505,197.75,200.0,SL,-200.0
1848_lower,2025-03-10,2025-03-10 10:30:00-04:00,2025-04-07 10:30:00-04:00,2025-03-10 13:47:00-04:00,lower,skipped,blocked_time,n/a,n/a,,,,,,,,
1850_lower,2025-03-12,2025-03-12 10:30:00-04:00,2025-04-09 10:30:00-04:00,2025-03-13 11:36:00-04:00,lower,skipped,blocked_time,n/a,n/a,,,,,,,,
1852_upper,2025-03-17,2025-03-14 10:30:00-04:00,2025-04-11 10:30:00-04:00,2025-03-17 09:40:00-04:00,upper,executed,,flat,inactive,2025-03-17 09:40:00-04:00,2025-03-17 11:34:00-04:00,19831.024187099996,19653.649187099996,118.25,177.375,TP,177.375
1849_upper,2025-03-11,2025-03-11 10:30:00-04:00,2025-04-08 10:30:00-04:00,2025-03-17 14:17:00-04:00,upper,skipped,blocked_time,n/a,n/a,,,,,,,,
1851_upper,2025-03-13,2025-03-13 10:30:00-04:00,2025-04-10 10:30:00-04:00,2025-03-17 14:17:00-04:00,upper,skipped,blocked_time,n/a,n/a,,,,,,,,
1853_upper,2025-03-17,2025-03-17 10:30:00-04:00,2025-04-14 10:30:00-04:00,2025-03-19 15:00:00-04:00,upper,skipped,no_cutoff,n/a,n/a,,,,,,,,
1850_upper,2025-03-12,2025-03-12 10:30:00-04:00,2025-04-09 10:30:00-04:00,2025-03-19 15:01:00-04:00,upper,skipped,no_cutoff,n/a,n/a,,,,,,,,
1855_upper,2025-03-19,2025-03-19 10:30:00-04:00,2025-04-16 10:30:00-04:00,2025-03-19 15:10:00-04:00,upper,skipped,no_cutoff,n/a,n/a,,,,,,,,
1857_upper,2025-03-21,2025-03-21 10:30:00-04:00,2025-04-21 10:30:00-04:00,2025-03-21 15:59:00-04:00,upper,skipped,no_cutoff,n/a,n/a,,,,,,,,
1854_upper,2025-03-24,2025-03-18 10:30:00-04:00,2025-04-15 10:30:00-04:00,2025-03-24 04:13:00-04:00,upper,executed,,flat,inactive,2025-03-24 04:13:00-04:00,2025-03-24 05:14:00-04:00,20217.664740029206,20217.664740029206,32.5,48.75,BE,-0.0
1848_upper,2025-03-10,2025-03-10 10:30:00-04:00,2025-04-07 10:30:00-04:00,2025-03-24 04:15:00-04:00,upper,skipped,position_open,open,inactive,,,,,,,,
1856_upper,2025-03-24,2025-03-20 10:30:00-04:00,2025-04-17 10:30:00-04:00,2025-03-24 09:02:00-04:00,upper,executed,,flat,inactive,2025-03-24 09:02:00-04:00,2025-03-24 09:57:00-04:00,20278.979600706432,20336.729600706432,38.5,57.75,SL,-57.75
1847_upper,2025-03-25,2025-03-07 10:30:00-05:00,2025-04-04 10:30:00-04:00,2025-03-25 10:40:00-04:00,upper,executed,,flat,inactive,2025-03-25 10:40:00-04:00,2025-03-25 15:00:00-04:00,20465.339596168495,20436.0,73.0,109.5,cutoff,29.33959616849461
1858_upper,2025-03-26,2025-03-24 10:30:00-04:00,2025-04-22 10:30:00-04:00,2025-03-25 19:46:00-04:00,upper,executed,,flat,inactive,2025-03-25 19:46:00-04:00,2025-03-25 20:35:00-04:00,20532.665997005457,20532.665997005457,27.5,41.25,BE,-0.0
1859_lower,2025-03-25,2025-03-25 10:30:00-04:00,2025-04-23 10:30:00-04:00,2025-03-26 11:56:00-04:00,lower,skipped,blocked_time,n/a,n/a,,,,,,,,
1860_lower,2025-03-26,2025-03-26 10:30:00-04:00,2025-04-24 10:30:00-04:00,2025-03-26 15:07:00-04:00,lower,skipped,no_cutoff,n/a,n/a,,,,,,,,
1858_lower,2025-03-24,2025-03-24 10:30:00-04:00,2025-04-22 10:30:00-04:00,2025-03-26 18:00:00-04:00,lower,skipped,no_anchor,n/a,n/a,,,,,,,,
1861_lower,2025-03-28,2025-03-27 10:30:00-04:00,2025-04-25 10:30:00-04:00,2025-03-28 10:12:00-04:00,lower,executed,,flat,inactive,2025-03-28 10:12:00-04:00,2025-03-28 12:15:00-04:00,19723.361153105652,19534.361153105652,126.0,189.0,SL,-189.0
1855_lower,2025-03-19,2025-03-19 10:30:00-04:00,2025-04-16 10:30:00-04:00,2025-03-28 13:08:00-04:00,lower,skipped,blocked_time,n/a,n/a,,,,,,,,
1862_lower,2025-03-28,2025-03-28 10:30:00-04:00,2025-04-28 10:30:00-04:00,2025-03-28 13:10:00-04:00,lower,skipped,blocked_time,n/a,n/a,,,,,,,,
1854_lower,2025-03-18,2025-03-18 10:30:00-04:00,2025-04-15 10:30:00-04:00,2025-03-28 13:26:00-04:00,lower,skipped,blocked_time,n/a,n/a,,,,,,,,
1856_lower,2025-03-20,2025-03-20 10:30:00-04:00,2025-04-17 10:30:00-04:00,2025-03-28 15:34:00-04:00,lower,skipped,no_cutoff,n/a,n/a,,,,,,,,
1853_lower,2025-03-17,2025-03-17 10:30:00-04:00,2025-04-14 10:30:00-04:00,2025-03-28 15:35:00-04:00,lower,skipped,no_cutoff,n/a,n/a,,,,,,,,
1857_lower,2025-03-21,2025-03-21 10:30:00-04:00,2025-04-21 10:30:00-04:00,2025-03-28 16:52:00-04:00,lower,skipped,no_cutoff,n/a,n/a,,,,,,,,
1852_lower,2025-03-31,2025-03-14 10:30:00-04:00,2025-04-11 10:30:00-04:00,2025-03-30 20:21:00-04:00,lower,executed,,flat,inactive,2025-03-30 20:21:00-04:00,2025-03-31 07:25:00-04:00,19162.725812900004,19162.725812900004,98.5,147.75,BE,0.0
1851_lower,2025-03-31,2025-03-13 10:30:00-04:00,2025-04-10 10:30:00-04:00,2025-03-31 07:33:00-04:00,lower,executed,,flat,inactive,2025-03-31 07:33:00-04:00,2025-03-31 08:34:00-04:00,19125.97248252168,19198.72248252168,48.5,72.75,TP,72.75
1849_lower,2025-03-31,2025-03-11 10:30:00-04:00,2025-04-08 10:30:00-04:00,2025-03-31 09:45:00-04:00,lower,executed,,flat,inactive,2025-03-31 09:45:00-04:00,2025-03-31 09:57:00-04:00,19000.287846572857,19112.037846572857,74.5,111.75,TP,111.75
1863_upper,2025-03-31,2025-03-31 10:30:00-04:00,2025-04-29 10:30:00-04:00,2025-03-31 15:42:00-04:00,upper,skipped,no_cutoff,n/a,n/a,,,,,,,,
1864_upper,2025-04-01,2025-04-01 10:30:00-04:00,2025-04-30 10:30:00-04:00,2025-04-02 11:26:00-04:00,upper,skipped,blocked_time,n/a,n/a,,,,,,,,
1865_upper,2025-04-02,2025-04-02 10:30:00-04:00,2025-05-01 10:30:00-04:00,2025-04-02 12:49:00-04:00,upper,skipped,blocked_time,n/a,n/a,,,,,,,,
1864_lower,2025-04-01,2025-04-01 10:30:00-04:00,2025-04-30 10:30:00-04:00,2025-04-02 18:02:00-04:00,lower,skipped,no_anchor,n/a,n/a,,,,,,,,
1865_lower,2025-04-02,2025-04-02 10:30:00-04:00,2025-05-01 10:30:00-04:00,2025-04-02 18:02:00-04:00,lower,skipped,no_anchor,n/a,n/a,,,,,,,,
1863_lower,2025-04-03,2025-03-31 10:30:00-04:00,2025-04-29 10:30:00-04:00,2025-04-03 10:49:00-04:00,lower,executed,,flat,inactive,2025-04-03 10:49:00-04:00,2025-04-03 14:11:00-04:00,18794.693704161255,18794.693704161255,244.0,200.0,BE,0.0
1866_lower,2025-04-03,2025-04-03 10:30:00-04:00,2025-05-02 10:30:00-04:00,2025-04-03 18:24:00-04:00,lower,skipped,no_anchor,n/a,n/a,,,,,,,,
1867_lower,2025-04-04,2025-04-04 10:30:00-04:00,2025-05-05 10:30:00-04:00,2025-04-04 13:16:00-04:00,lower,skipped,blocked_time,n/a,n/a,,,,,,,,
1869_lower,2025-04-08,2025-04-08 10:30:00-04:00,2025-05-07 10:30:00-04:00,2025-04-08 12:59:00-04:00,lower,skipped,blocked_time,n/a,n/a,,,,,,,,
1870_upper,2025-04-09,2025-04-09 10:30:00-04:00,2025-05-08 10:30:00-04:00,2025-04-09 13:19:00-04:00,upper,skipped,blocked_time,n/a,n/a,,,,,,,,
1867_upper,2025-04-04,2025-04-04 10:30:00-04:00,2025-05-05 10:30:00-04:00,2025-04-09 13:26:00-04:00,upper,skipped,blocked_time,n/a,n/a,,,,,,,,
1868_upper,2025-04-07,2025-04-07 10:30:00-04:00,2025-05-06 10:30:00-04:00,2025-04-09 13:27:00-04:00,upper,skipped,blocked_time,n/a,n/a,,,,,,,,
1869_upper,2025-04-08,2025-04-08 10:30:00-04:00,2025-05-07 10:30:00-04:00,2025-04-09 13:27:00-04:00,upper,skipped,blocked_time,n/a,n/a,,,,,,,,
1866_upper,2025-04-03,2025-04-03 10:30:00-04:00,2025-05-02 10:30:00-04:00,2025-04-09 15:50:00-04:00,upper,skipped,no_cutoff,n/a,n/a,,,,,,,,
1871_lower,2025-04-10,2025-04-10 10:30:00-04:00,2025-05-09 10:30:00-04:00,2025-04-10 11:58:00-04:00,lower,skipped,blocked_time,n/a,n/a,,,,,,,,
1871_upper,2025-04-10,2025-04-10 10:30:00-04:00,2025-05-09 10:30:00-04:00,2025-04-13 18:00:00-04:00,upper,skipped,no_anchor,n/a,n/a,,,,,,,,
1872_upper,2025-04-11,2025-04-11 10:30:00-04:00,2025-05-12 10:30:00-04:00,2025-04-13 18:00:00-04:00,upper,skipped,no_anchor,n/a,n/a,,,,,,,,
1873_lower,2025-04-16,2025-04-14 10:30:00-04:00,2025-05-13 10:30:00-04:00,2025-04-15 20:14:00-04:00,lower,executed,,flat,inactive,2025-04-15 20:14:00-04:00,2025-04-16 01:19:00-04:00,18689.40090672746,18585.90090672746,69.0,103.5,SL,-103.5
1874_lower,2025-04-15,2025-04-15 10:30:00-04:00,2025-05-14 10:30:00-04:00,2025-04-16 01:18:00-04:00,lower,skipped,position_open,open,active,,,,,,,,
1875_lower,2025-04-16,2025-04-16 10:30:00-04:00,2025-05-15 10:30:00-04:00,2025-04-16 14:50:00-04:00,lower,skipped,blocked_time,n/a,n/a,,,,,,,,
1876_lower,2025-04-21,2025-04-17 10:30:00-04:00,2025-05-16 10:30:00-04:00,2025-04-21 09:47:00-04:00,lower,executed,,flat,inactive,2025-04-21 09:47:00-04:00,2025-04-21 10:02:00-04:00,18051.568053093215,17966.068053093215,57.0,85.5,SL,-85.5
1872_lower,2025-04-11,2025-04-11 10:30:00-04:00,2025-05-12 10:30:00-04:00,2025-04-21 11:26:00-04:00,lower,skipped,blocked_time,n/a,n/a,,,,,,,,
1877_upper,2025-04-21,2025-04-21 10:30:00-04:00,2025-05-19 10:30:00-04:00,2025-04-22 12:24:00-04:00,upper,skipped,blocked_time,n/a,n/a,,,,,,,,
1878_upper,2025-04-22,2025-04-22 10:30:00-04:00,2025-05-20 10:30:00-04:00,2025-04-22 18:00:00-04:00,upper,skipped,no_anchor,n/a,n/a,,,,,,,,
1876_upper,2025-04-23,2025-04-17 10:30:00-04:00,2025-05-16 10:30:00-04:00,2025-04-23 04:38:00-04:00,upper,executed,,flat,inactive,2025-04-23 04:38:00-04:00,2025-04-23 05:25:00-04:00,18847.056946906785,18847.056946906785,77.0,115.5,BE,-0.0
1875_upper,2025-04-23,2025-04-16 10:30:00-04:00,2025-05-15 10:30:00-04:00,2025-04-23 07:05:00-04:00,upper,executed,,flat,inactive,2025-04-23 07:05:00-04:00,2025-04-23 08:36:00-04:00,18943.145414243405,18943.145414243405,89.75,134.625,BE,-0.0
1874_upper,2025-04-15,2025-04-15 10:30:00-04:00,2025-05-14 10:30:00-04:00,2025-04-24 16:01:00-04:00,upper,skipped,no_cutoff,n/a,n/a,,,,,,,,
1879_upper,2025-04-23,2025-04-23 10:30:00-04:00,2025-05-21 10:30:00-04:00,2025-04-24 16:01:00-04:00,upper,skipped,no_cutoff,n/a,n/a,,,,,,,,
1880_upper,2025-04-24,2025-04-24 10:30:00-04:00,2025-05-22 10:30:00-04:00,2025-04-24 16:01:00-04:00,upper,skipped,no_cutoff,n/a,n/a,,,,,,,,
1881_upper,2025-04-25,2025-04-25 10:30:00-04:00,2025-05-23 10:30:00-04:00,2025-04-29 13:48:00-04:00,upper,skipped,blocked_time,n/a,n/a,,,,,,,,
1873_upper,2025-04-14,2025-04-14 10:30:00-04:00,2025-05-13 10:30:00-04:00,2025-04-29 13:53:00-04:00,upper,skipped,blocked_time,n/a,n/a,,,,,,,,
1882_lower,2025-04-30,2025-04-28 10:30:00-04:00,2025-05-26 10:30:00-04:00,2025-04-30 09:40:00-04:00,lower,executed,,flat,inactive,2025-04-30 09:40:00-04:00,2025-04-30 11:03:00-04:00,19179.65550370166,19379.65550370166,278.0,200.0,TP,200.0
1883_lower,2025-04-29,2025-04-29 10:30:00-04:00,2025-05-27 10:30:00-04:00,2025-04-30 09:59:00-04:00,lower,skipped,position_open,open,inactive,,,,,,,,
1884_upper,2025-04-30,2025-04-30 10:30:00-04:00,2025-05-28 10:30:00-04:00,2025-04-30 15:50:00-04:00,upper,skipped,no_cutoff,n/a,n/a,,,,,,,,
1883_upper,2025-04-29,2025-04-29 10:30:00-04:00,2025-05-27 10:30:00-04:00,2025-04-30 16:24:00-04:00,upper,skipped,no_cutoff,n/a,n/a,,,,,,,,
1882_upper,2025-04-28,2025-04-28 10:30:00-04:00,2025-05-26 10:30:00-04:00,2025-04-30 18:06:00-04:00,upper,skipped,no_anchor,n/a,n/a,,,,,,,,
1885_upper,2025-05-01,2025-05-01 10:30:00-04:00,2025-05-29 10:30:00-04:00,2025-05-02 14:36:00-04:00,upper,skipped,blocked_time,n/a,n/a,,,,,,,,
1886_lower,2025-05-06,2025-05-02 10:30:00-04:00,2025-05-30 10:30:00-04:00,2025-05-06 09:51:00-04:00,lower,executed,,flat,inactive,2025-05-06 09:51:00-04:00,2025-05-06 10:12:00-04:00,19765.503903013625,19843.128903013625,51.75,77.625,TP,77.625
1887_lower,2025-05-05,2025-05-05 10:30:00-04:00,2025-06-02 10:30:00-04:00,2025-05-06 10:00:00-04:00,lower,skipped,position_open,open,inactive,,,,,,,,
1888_upper,2025-05-06,2025-05-06 10:30:00-04:00,2025-06-03 10:30:00-04:00,2025-05-06 18:07:00-04:00,upper,skipped,no_anchor,n/a,n/a,,,,,,,,
1889_upper,2025-05-08,2025-05-07 10:30:00-04:00,2025-06-04 10:30:00-04:00,2025-05-08 04:17:00-04:00,upper,executed,,flat,inactive,2025-05-08 04:17:00-04:00,2025-05-08 09:33:00-04:00,20200.994592224655,20116.994592224655,56.0,84.0,TP,84.0
1887_upper,2025-05-05,2025-05-05 10:30:00-04:00,2025-06-02 10:30:00-04:00,2025-05-08 11:46:00-04:00,upper,skipped,blocked_time,n/a,n/a,,,,,,,,
1886_upper,2025-05-02,2025-05-02 10:30:00-04:00,2025-05-30 10:30:00-04:00,2025-05-11 18:00:00-04:00,upper,skipped,no_anchor,n/a,n/a,,,,,,,,
1890_upper,2025-05-08,2025-05-08 10:30:00-04:00,2025-06-05 10:30:00-04:00,2025-05-11 18:00:00-04:00,upper,skipped,no_anchor,n/a,n/a,,,,,,,,
1891_upper,2025-05-12,2025-05-09 10:30:00-04:00,2025-06-06 10:30:00-04:00,2025-05-11 21:05:00-04:00,upper,executed,,flat,inactive,2025-05-11 21:05:00-04:00,2025-05-11 22:48:00-04:00,20527.484905390796,20527.484905390796,67.5,101.25,BE,-0.0
1892_upper,2025-05-13,2025-05-12 10:30:00-04:00,2025-06-09 10:30:00-04:00,2025-05-13 10:17:00-04:00,upper,executed,,flat,inactive,2025-05-13 10:17:00-04:00,2025-05-13 15:00:00-04:00,21222.64801095116,21314.25,159.0,200.0,cutoff,-91.60198904883873
1893_upper,2025-05-13,2025-05-13 10:30:00-04:00,2025-06-10 10:30:00-04:00,2025-05-15 11:40:00-04:00,upper,skipped,blocked_time,n/a,n/a,,,,,,,,
1896_lower,2025-05-19,2025-05-16 10:30:00-04:00,2025-06-13 10:30:00-04:00,2025-05-18 23:41:00-04:00,lower,executed,,flat,inactive,2025-05-18 23:41:00-04:00,2025-05-19 02:13:00-04:00,21220.101552365963,21279.726552365963,39.75,59.625,TP,59.625
1895_upper,2025-05-15,2025-05-15 10:30:00-04:00,2025-06-12 10:30:00-04:00,2025-05-19 13:08:00-04:00,upper,skipped,blocked_time,n/a,n/a,,,,,,,,
1898_lower,2025-05-20,2025-05-20 10:30:00-04:00,2025-06-17 10:30:00-04:00,2025-05-21 13:30:00-04:00,lower,skipped,blocked_time,n/a,n/a,,,,,,,,
1894_lower,2025-05-22,2025-05-14 10:30:00-04:00,2025-06-11 10:30:00-04:00,2025-05-22 08:13:00-04:00,lower,executed,,flat,inactive,2025-05-22 08:13:00-04:00,2025-05-22 09:57:00-04:00,21067.26495529673,21267.26495529673,168.25,200.0,TP,200.0
1895_lower,2025-05-15,2025-05-15 10:30:00-04:00,2025-06-12 10:30:00-04:00,2025-05-22 08:15:00-04:00,lower,skipped,position_open,open,inactive,,,,,,,,
1899_lower,2025-05-23,2025-05-21 10:30:00-04:00,2025-06-18 10:30:00-04:00,2025-05-23 07:43:00-04:00,lower,executed,,flat,inactive,2025-05-23 07:43:00-04:00,2025-05-23 07:44:00-04:00,21023.671509892072,20953.921509892072,46.5,69.75,SL,-69.75
1897_lower,2025-05-19,2025-05-19 10:30:00-04:00,2025-06-16 10:30:00-04:00,2025-05-23 07:44:00-04:00,lower,skipped,SAL,n/a,active,,,,,,,,
1900_lower,2025-05-22,2025-05-22 10:30:00-04:00,2025-06-19 10:30:00-04:00,2025-05-23 07:57:00-04:00,lower,skipped,SAL,n/a,active,,,,,,,,
1901_upper,2025-05-23,2025-05-23 10:30:00-04:00,2025-06-20 10:30:00-04:00,2025-05-25 18:25:00-04:00,upper,skipped,no_anchor,n/a,n/a,,,,,,,,
1902_upper,2025-05-28,2025-05-26 10:30:00-04:00,2025-06-23 10:30:00-04:00,2025-05-28 08:23:00-04:00,upper,executed,,flat,inactive,2025-05-28 08:23:00-04:00,2025-05-28 09:35:00-04:00,21528.210055755717,21528.210055755717,37.5,56.25,BE,-0.0
1900_upper,2025-05-28,2025-05-22 10:30:00-04:00,2025-06-19 10:30:00-04:00,2025-05-28 09:40:00-04:00,upper,executed,,flat,inactive,2025-05-28 09:40:00-04:00,2025-05-28 09:47:00-04:00,21565.554954690204,21509.679954690204,37.25,55.875,TP,55.875
1894_upper,2025-05-14,2025-05-14 10:30:00-04:00,2025-06-11 10:30:00-04:00,2025-05-28 18:53:00-04:00,upper,skipped,no_anchor,n/a,n/a,,,,,,,,
1899_upper,2025-05-21,2025-05-21 10:30:00-04:00,2025-06-18 10:30:00-04:00,2025-05-28 19:00:00-04:00,upper,skipped,simultaneous_collision,flat,inactive,,,,,,,,
1903_upper,2025-05-27,2025-05-27 10:30:00-04:00,2025-06-24 10:30:00-04:00,2025-05-28 19:00:00-04:00,upper,skipped,simultaneous_collision,flat,inactive,,,,,,,,
1897_upper,2025-05-29,2025-05-19 10:30:00-04:00,2025-06-16 10:30:00-04:00,2025-05-28 19:00:00-04:00,upper,executed,,flat,inactive,2025-05-28 19:00:00-04:00,2025-05-28 20:47:00-04:00,21624.477934122737,21786.477934122737,108.0,162.0,SL,-162.0
1898_upper,2025-05-20,2025-05-20 10:30:00-04:00,2025-06-17 10:30:00-04:00,2025-05-28 19:01:00-04:00,upper,skipped,position_open,open,active,,,,,,,,
1896_upper,2025-05-16,2025-05-16 10:30:00-04:00,2025-06-13 10:30:00-04:00,2025-05-28 19:07:00-04:00,upper,skipped,position_open,open,active,,,,,,,,
1904_upper,2025-05-28,2025-05-28 10:30:00-04:00,2025-06-25 10:30:00-04:00,2025-05-28 20:47:00-04:00,upper,skipped,SAL,n/a,active,,,,,,,,
1904_lower,2025-05-28,2025-05-28 10:30:00-04:00,2025-06-25 10:30:00-04:00,2025-05-30 12:27:00-04:00,lower,skipped,blocked_time,n/a,n/a,,,,,,,,
1905_lower,2025-05-29,2025-05-29 10:30:00-04:00,2025-06-26 10:30:00-04:00,2025-05-30 12:28:00-04:00,lower,skipped,blocked_time,n/a,n/a,,,,,,,,
1906_upper,2025-06-03,2025-05-30 10:30:00-04:00,2025-06-27 10:30:00-04:00,2025-06-03 10:55:00-04:00,upper,executed,,flat,inactive,2025-06-03 10:55:00-04:00,2025-06-03 15:00:00-04:00,21651.066418517126,21716.0,96.25,144.375,cutoff,-64.9335814828737
1907_upper,2025-06-02,2025-06-02 10:30:00-04:00,2025-06-30 10:30:00-04:00,2025-06-03 10:59:00-04:00,upper,skipped,position_open,open,active,,,,,,,,
1908_upper,2025-06-05,2025-06-03 10:30:00-04:00,2025-07-01 10:30:00-04:00,2025-06-05 03:42:00-04:00,upper,executed,,flat,inactive,2025-06-05 03:42:00-04:00,2025-06-05 03:52:00-04:00,21838.527678769133,21806.652678769133,21.25,31.875,TP,31.875
1910_lower,2025-06-05,2025-06-05 10:30:00-04:00,2025-07-03 10:30:00-04:00,2025-06-05 18:00:00-04:00,lower,skipped,no_anchor,n/a,n/a,,,,,,,,
1909_upper,2025-06-04,2025-06-04 10:30:00-04:00,2025-07-02 10:30:00-04:00,2025-06-11 08:30:00-04:00,upper,skipped,simultaneous_collision,flat,inactive,,,,,,,,
1910_upper,2025-06-05,2025-06-05 10:30:00-04:00,2025-07-03 10:30:00-04:00,2025-06-11 08:30:00-04:00,upper,skipped,simultaneous_collision,flat,inactive,,,,,,,,
1911_upper,2025-06-06,2025-06-06 10:30:00-04:00,2025-07-04 10:30:00-04:00,2025-06-11 08:30:00-04:00,upper,skipped,simultaneous_collision,flat,inactive,,,,,,,,
1912_upper,2025-06-09,2025-06-09 10:30:00-04:00,2025-07-07 10:30:00-04:00,2025-06-11 08:30:00-04:00,upper,skipped,simultaneous_collision,flat,inactive,,,,,,,,
1913_upper,2025-06-10,2025-06-10 10:30:00-04:00,2025-07-08 10:30:00-04:00,2025-06-11 08:30:00-04:00,upper,skipped,simultaneous_collision,flat,inactive,,,,,,,,
1905_upper,2025-06-11,2025-05-29 10:30:00-04:00,2025-06-26 10:30:00-04:00,2025-06-11 08:30:00-04:00,upper,executed,,flat,inactive,2025-06-11 08:30:00-04:00,2025-06-11 08:30:00-04:00,22014.31206256482,22101.68706256482,58.25,87.375,SL,-87.375
1914_lower,2025-06-12,2025-06-11 10:30:00-04:00,2025-07-09 10:30:00-04:00,2025-06-12 04:05:00-04:00,lower,executed,,flat,inactive,2025-06-12 04:05:00-04:00,2025-06-12 08:30:00-04:00,21722.15898714098,21722.15898714098,112.25,168.375,BE,0.0
1915_lower,2025-06-12,2025-06-12 10:30:00-04:00,2025-07-10 10:30:00-04:00,2025-06-12 20:05:00-04:00,lower,skipped,simultaneous_collision,flat,inactive,,,,,,,,
1913_lower,2025-06-13,2025-06-10 10:30:00-04:00,2025-07-08 10:30:00-04:00,2025-06-12 20:05:00-04:00,lower,executed,,flat,inactive,2025-06-12 20:05:00-04:00,2025-06-13 09:32:00-04:00,21608.201824470525,21767.576824470525,106.25,159.375,TP,159.375
1912_lower,2025-06-09,2025-06-09 10:30:00-04:00,2025-07-07 10:30:00-04:00,2025-06-12 20:52:00-04:00,lower,skipped,position_open,open,inactive,,,,,,,,
1911_lower,2025-06-06,2025-06-06 10:30:00-04:00,2025-07-04 10:30:00-04:00,2025-06-12 20:53:00-04:00,lower,skipped,position_open,open,inactive,,,,,,,,
1916_upper,2025-06-16,2025-06-13 10:30:00-04:00,2025-07-11 10:30:00-04:00,2025-06-16 03:41:00-04:00,upper,executed,,flat,inactive,2025-06-16 03:41:00-04:00,2025-06-16 04:30:00-04:00,22003.194187145076,22003.194187145076,52.25,78.375,BE,-0.0
1915_upper,2025-06-16,2025-06-12 10:30:00-04:00,2025-07-10 10:30:00-04:00,2025-06-16 09:49:00-04:00,upper,executed,,flat,inactive,2025-06-16 09:49:00-04:00,2025-06-16 10:00:00-04:00,22113.36971319383,22172.61971319383,39.5,59.25,SL,-59.25
1918_lower,2025-06-19,2025-06-17 10:30:00-04:00,2025-07-15 10:30:00-04:00,2025-06-18 21:05:00-04:00,lower,executed,,flat,inactive,2025-06-18 21:05:00-04:00,2025-06-19 03:56:00-04:00,21802.597631919634,21802.597631919634,104.75,157.125,BE,0.0
1917_lower,2025-06-19,2025-06-16 10:30:00-04:00,2025-07-14 10:30:00-04:00,2025-06-19 09:43:00-04:00,lower,executed,,flat,inactive,2025-06-19 09:43:00-04:00,2025-06-19 10:30:00-04:00,21716.464914641812,21716.464914641812,82.75,124.125,BE,0.0
1919_lower,2025-06-18,2025-06-18 10:30:00-04:00,2025-07-16 10:30:00-04:00,2025-06-19 09:48:00-04:00,lower,skipped,position_open,open,inactive,,,,,,,,
1920_upper,2025-06-20,2025-06-19 10:30:00-04:00,2025-07-17 10:30:00-04:00,2025-06-20 09:19:00-04:00,upper,executed,,flat,inactive,2025-06-20 09:19:00-04:00,2025-06-20 10:24:00-04:00,22050.23027026034,21934.73027026034,77.0,115.5,TP,115.5
1921_lower,2025-06-20,2025-06-20 10:30:00-04:00,2025-07-18 10:30:00-04:00,2025-06-22 18:00:00-04:00,lower,skipped,no_anchor,n/a,n/a,,,,,,,,
1922_upper,2025-06-24,2025-06-23 10:30:00-04:00,2025-07-21 10:30:00-04:00,2025-06-23 21:46:00-04:00,upper,executed,,flat,inactive,2025-06-23 21:46:00-04:00,2025-06-24 01:33:00-04:00,22268.6800340658,22268.6800340658,54.75,82.125,BE,-0.0
1914_upper,2025-06-24,2025-06-11 10:30:00-04:00,2025-07-09 10:30:00-04:00,2025-06-24 01:34:00-04:00,upper,executed,,flat,inactive,2025-06-24 01:34:00-04:00,2025-06-24 02:08:00-04:00,22274.59101285902,22318.09101285902,29.0,43.5,SL,-43.5
1918_upper,2025-06-17,2025-06-17 10:30:00-04:00,2025-07-15 10:30:00-04:00,2025-06-24 02:14:00-04:00,upper,skipped,SAL,n/a,active,,,,,,,,
1919_upper,2025-06-18,2025-06-18 10:30:00-04:00,2025-07-16 10:30:00-04:00,2025-06-24 02:14:00-04:00,upper,skipped,SAL,n/a,active,,,,,,,,
1917_upper,2025-06-16,2025-06-16 10:30:00-04:00,2025-07-14 10:30:00-04:00,2025-06-24 12:39:00-04:00,upper,skipped,blocked_time,n/a,n/a,,,,,,,,
1921_upper,2025-06-20,2025-06-20 10:30:00-04:00,2025-07-18 10:30:00-04:00,2025-06-24 13:48:00-04:00,upper,skipped,blocked_time,n/a,n/a,,,,,,,,
1923_upper,2025-06-25,2025-06-24 10:30:00-04:00,2025-07-22 10:30:00-04:00,2025-06-25 09:40:00-04:00,upper,executed,,flat,inactive,2025-06-25 09:40:00-04:00,2025-06-25 09:50:00-04:00,22543.653864961037,22500.153864961037,29.0,43.5,TP,43.5
1924_upper,2025-06-27,2025-06-25 10:30:00-04:00,2025-07-23 10:30:00-04:00,2025-06-27 03:19:00-04:00,upper,executed,,flat,inactive,2025-06-27 03:19:00-04:00,2025-06-27 04:58:00-04:00,22750.396440930665,22750.396440930665,40.5,60.75,BE,-0.0
1925_upper,2025-06-27,2025-06-26 10:30:00-04:00,2025-07-24 10:30:00-04:00,2025-06-27 10:05:00-04:00,upper,executed,,flat,inactive,2025-06-27 10:05:00-04:00,2025-06-27 11:32:00-04:00,22802.98440318612,22802.98440318612,84.75,127.125,BE,-0.0
1927_lower,2025-06-30,2025-06-30 10:30:00-04:00,2025-07-28 10:30:00-04:00,2025-07-01 11:13:00-04:00,lower,skipped,blocked_time,n/a,n/a,,,,,,,,
1929_upper,2025-07-03,2025-07-02 10:30:00-04:00,2025-07-30 10:30:00-04:00,2025-07-03 09:51:00-04:00,upper,executed,,flat,inactive,2025-07-03 09:51:00-04:00,2025-07-03 13:14:00-04:00,22993.89066531973,23059.0,85.0,127.5,cutoff,-65.10933468026997
1926_upper,2025-06-27,2025-06-27 10:30:00-04:00,2025-07-25 10:30:00-04:00,2025-07-03 10:00:00-04:00,upper,skipped,position_open,open,active,,,,,,,,
1928_upper,2025-07-01,2025-07-01 10:30:00-04:00,2025-07-29 10:30:00-04:00,2025-07-03 10:21:00-04:00,upper,skipped,position_open,open,active,,,,,,,,
1927_upper,2025-06-30,2025-06-30 10:30:00-04:00,2025-07-28 10:30:00-04:00,2025-07-03 11:41:00-04:00,upper,skipped,blocked_time,n/a,n/a,,,,,,,,
1931_upper,2025-07-15,2025-07-04 10:30:00-04:00,2025-08-01 10:30:00-04:00,2025-07-14 21:52:00-04:00,upper,executed,,flat,inactive,2025-07-14 21:52:00-04:00,2025-07-14 22:05:00-04:00,23147.31891754162,23113.94391754162,22.25,33.375,TP,33.375
1933_upper,2025-07-08,2025-07-08 10:30:00-04:00,2025-08-05 10:30:00-04:00,2025-07-15 06:33:00-04:00,upper,skipped,simultaneous_collision,flat,inactive,,,,,,,,
1932_upper,2025-07-15,2025-07-07 10:30:00-04:00,2025-08-04 10:30:00-04:00,2025-07-15 06:33:00-04:00,upper,executed,,flat,inactive,2025-07-15 06:33:00-04:00,2025-07-15 07:19:00-04:00,23185.91709867295,23185.91709867295,30.0,45.0,BE,-0.0
1936_upper,2025-07-15,2025-07-11 10:30:00-04:00,2025-08-08 10:30:00-04:00,2025-07-15 09:23:00-04:00,upper,executed,,flat,inactive,2025-07-15 09:23:00-04:00,2025-07-15 10:54:00-04:00,23216.427187203524,23107.302187203524,72.75,109.125,TP,109.125
1938_lower,2025-07-15,2025-07-15 10:30:00-04:00,2025-08-12 10:30:00-04:00,2025-07-16 11:22:00-04:00,lower,skipped,blocked_time,n/a,n/a,,,,,,,,
1937_upper,2025-07-14,2025-07-14 10:30:00-04:00,2025-08-11 10:30:00-04:00,2025-07-17 11:05:00-04:00,upper,skipped,blocked_time,n/a,n/a,,,,,,,,
1930_upper,2025-07-03,2025-07-03 10:30:00-04:00,2025-07-31 10:30:00-04:00,2025-07-17 12:10:00-04:00,upper,skipped,blocked_time,n/a,n/a,,,,,,,,
1934_upper,2025-07-18,2025-07-09 10:30:00-04:00,2025-08-06 10:30:00-04:00,2025-07-18 02:21:00-04:00,upper,executed,,flat,inactive,2025-07-18 02:21:00-04:00,2025-07-18 03:36:00-04:00,23309.41120278694,23262.16120278694,31.5,47.25,TP,47.25
1939_upper,2025-07-16,2025-07-16 10:30:00-04:00,2025-08-13 10:30:00-04:00,2025-07-21 09:45:00-04:00,upper,skipped,simultaneous_collision,flat,inactive,,,,,,,,
1935_upper,2025-07-21,2025-07-10 10:30:00-04:00,2025-08-07 10:30:00-04:00,2025-07-21 09:45:00-04:00,upper,executed,,flat,inactive,2025-07-21 09:45:00-04:00,2025-07-21 15:00:00-04:00,23364.499857199175,23388.5,47.75,71.625,cutoff,-24.000142800825415
1940_upper,2025-07-17,2025-07-17 10:30:00-04:00,2025-08-14 10:30:00-04:00,2025-07-21 10:00:00-04:00,upper,skipped,position_open,open,active,,,,,,,,
1938_upper,2025-07-15,2025-07-15 10:30:00-04:00,2025-08-12 10:30:00-04:00,2025-07-25 12:26:00-04:00,upper,skipped,blocked_time,n/a,n/a,,,,,,,,
1944_upper,2025-07-23,2025-07-23 10:30:00-04:00,2025-08-20 10:30:00-04:00,2025-07-27 18:00:00-04:00,upper,skipped,no_anchor,n/a,n/a,,,,,,,,
1941_upper,2025-07-28,2025-07-18 10:30:00-04:00,2025-08-15 10:30:00-04:00,2025-07-27 22:36:00-04:00,upper,executed,,flat,inactive,2025-07-27 22:36:00-04:00,2025-07-27 23:24:00-04:00,23566.044410773706,23545.794410773706,13.5,20.25,TP,20.25
1942_upper,2025-07-29,2025-07-21 10:30:00-04:00,2025-08-18 10:30:00-04:00,2025-07-29 09:30:00-04:00,upper,executed,,flat,inactive,2025-07-29 09:30:00-04:00,2025-07-29 09:50:00-04:00,23623.018403862567,23561.518403862567,41.0,61.5,TP,61.5
1946_upper,2025-07-25,2025-07-25 10:30:00-04:00,2025-08-22 10:30:00-04:00,2025-07-29 09:31:00-04:00,upper,skipped,position_open,open,inactive,,,,,,,,
1945_upper,2025-07-24,2025-07-24 10:30:00-04:00,2025-08-21 10:30:00-04:00,2025-07-29 09:34:00-04:00,upper,skipped,position_open,open,inactive,,,,,,,,
1943_upper,2025-07-22,2025-07-22 10:30:00-04:00,2025-08-19 10:30:00-04:00,2025-07-30 16:13:00-04:00,upper,skipped,no_cutoff,n/a,n/a,,,,,,,,
1947_upper,2025-07-28,2025-07-28 10:30:00-04:00,2025-08-25 10:30:00-04:00,2025-07-30 18:00:00-04:00,upper,skipped,no_anchor,n/a,n/a,,,,,,,,
1949_upper,2025-07-30,2025-07-30 10:30:00-04:00,2025-08-27 10:30:00-04:00,2025-07-30 18:00:00-04:00,upper,skipped,no_anchor,n/a,n/a,,,,,,,,
1950_lower,2025-07-31,2025-07-31 10:30:00-04:00,2025-08-28 10:30:00-04:00,2025-07-31 13:52:00-04:00,lower,skipped,blocked_time,n/a,n/a,,,,,,,,
1948_lower,2025-07-29,2025-07-29 10:30:00-04:00,2025-08-26 10:30:00-04:00,2025-07-31 14:16:00-04:00,lower,skipped,blocked_time,n/a,n/a,,,,,,,,
1947_lower,2025-07-28,2025-07-28 10:30:00-04:00,2025-08-25 10:30:00-04:00,2025-07-31 18:41:00-04:00,lower,skipped,no_anchor,n/a,n/a,,,,,,,,
1949_lower,2025-08-01,2025-07-30 10:30:00-04:00,2025-08-27 10:30:00-04:00,2025-07-31 20:27:00-04:00,lower,executed,,flat,inactive,2025-07-31 20:27:00-04:00,2025-07-31 21:11:00-04:00,23232.52636294998,23299.27636294998,44.5,66.75,TP,66.75
1946_lower,2025-08-01,2025-07-25 10:30:00-04:00,2025-08-22 10:30:00-04:00,2025-08-01 04:26:00-04:00,lower,executed,,flat,inactive,2025-08-01 04:26:00-04:00,2025-08-01 05:15:00-04:00,23108.345453598988,23108.345453598988,151.25,200.0,BE,0.0
1945_lower,2025-07-24,2025-07-24 10:30:00-04:00,2025-08-21 10:30:00-04:00,2025-08-01 04:27:00-04:00,lower,skipped,position_open,open,inactive,,,,,,,,
1941_lower,2025-08-01,2025-07-18 10:30:00-04:00,2025-08-15 10:30:00-04:00,2025-08-01 09:37:00-04:00,lower,executed,,flat,inactive,2025-08-01 09:37:00-04:00,2025-08-01 10:00:00-04:00,22983.330589226294,22821.330589226294,108.0,162.0,SL,-162.0
1942_lower,2025-07-21,2025-07-21 10:30:00-04:00,2025-08-18 10:30:00-04:00,2025-08-01 09:40:00-04:00,lower,skipped,position_open,open,active,,,,,,,,
1944_lower,2025-07-23,2025-07-23 10:30:00-04:00,2025-08-20 10:30:00-04:00,2025-08-01 09:42:00-04:00,lower,skipped,position_open,open,active,,,,,,,,
1943_lower,2025-07-22,2025-07-22 10:30:00-04:00,2025-08-19 10:30:00-04:00,2025-08-01 09:45:00-04:00,lower,skipped,position_open,open,active,,,,,,,,
1940_lower,2025-07-17,2025-07-17 10:30:00-04:00,2025-08-14 10:30:00-04:00,2025-08-01 10:00:00-04:00,lower,skipped,SAL,n/a,active,,,,,,,,
1951_upper,2025-08-01,2025-08-01 10:30:00-04:00,2025-08-29 10:30:00-04:00,2025-08-06 18:26:00-04:00,upper,skipped,no_anchor,n/a,n/a,,,,,,,,
1952_upper,2025-08-07,2025-08-04 10:30:00-04:00,2025-09-01 10:30:00-04:00,2025-08-06 20:41:00-04:00,upper,executed,,flat,inactive,2025-08-06 20:41:00-04:00,2025-08-06 21:39:00-04:00,23495.892619425056,23495.892619425056,32.75,49.125,BE,-0.0
1954_upper,2025-08-07,2025-08-06 10:30:00-04:00,2025-09-03 10:30:00-04:00,2025-08-06 21:40:00-04:00,upper,executed,,flat,inactive,2025-08-06 21:40:00-04:00,2025-08-07 03:16:00-04:00,23503.75339396795,23503.75339396795,57.75,86.625,BE,-0.0
1953_upper,2025-08-07,2025-08-05 10:30:00-04:00,2025-09-02 10:30:00-04:00,2025-08-07 09:56:00-04:00,upper,executed,,flat,inactive,2025-08-07 09:56:00-04:00,2025-08-07 10:10:00-04:00,23649.69070458309,23592.31570458309,38.25,57.375,TP,57.375
1948_upper,2025-07-29,2025-07-29 10:30:00-04:00,2025-08-26 10:30:00-04:00,2025-08-12 12:22:00-04:00,upper,skipped,blocked_time,n/a,n/a,,,,,,,,
1956_upper,2025-08-08,2025-08-08 10:30:00-04:00,2025-09-05 10:30:00-04:00,2025-08-12 12:48:00-04:00,upper,skipped,blocked_time,n/a,n/a,,,,,,,,
1955_upper,2025-08-07,2025-08-07 10:30:00-04:00,2025-09-04 10:30:00-04:00,2025-08-12 12:55:00-04:00,upper,skipped,blocked_time,n/a,n/a,,,,,,,,
1957_upper,2025-08-13,2025-08-11 10:30:00-04:00,2025-09-08 10:30:00-04:00,2025-08-13 03:18:00-04:00,upper,executed,,flat,inactive,2025-08-13 03:18:00-04:00,2025-08-13 09:26:00-04:00,23983.07185497146,24040.82185497146,38.5,57.75,SL,-57.75
1950_upper,2025-07-31,2025-07-31 10:30:00-04:00,2025-08-28 10:30:00-04:00,2025-08-13 08:43:00-04:00,upper,skipped,position_open,open,active,,,,,,,,
1959_lower,2025-08-13,2025-08-13 10:30:00-04:00,2025-09-10 10:30:00-04:00,2025-08-15 11:44:00-04:00,lower,skipped,blocked_time,n/a,n/a,,,,,,,,
1960_lower,2025-08-19,2025-08-14 10:30:00-04:00,2025-09-11 10:30:00-04:00,2025-08-19 10:38:00-04:00,lower,executed,,flat,inactive,2025-08-19 10:38:00-04:00,2025-08-19 15:00:00-04:00,23604.05183896205,23447.5,132.0,198.0,cutoff,-156.55183896204835
1961_lower,2025-08-15,2025-08-15 10:30:00-04:00,2025-09-12 10:30:00-04:00,2025-08-19 10:44:00-04:00,lower,skipped,position_open,open,active,,,,,,,,
1962_lower,2025-08-18,2025-08-18 10:30:00-04:00,2025-09-15 10:30:00-04:00,2025-08-19 11:01:00-04:00,lower,skipped,blocked_time,n/a,n/a,,,,,,,,
1957_lower,2025-08-11,2025-08-11 10:30:00-04:00,2025-09-08 10:30:00-04:00,2025-08-19 13:05:00-04:00,lower,skipped,blocked_time,n/a,n/a,,,,,,,,
1963_lower,2025-08-20,2025-08-19 10:30:00-04:00,2025-09-16 10:30:00-04:00,2025-08-19 19:24:00-04:00,lower,executed,,flat,inactive,2025-08-19 19:24:00-04:00,2025-08-19 21:39:00-04:00,23424.90378008641,23371.65378008641,35.5,53.25,SL,-53.25
1958_lower,2025-08-12,2025-08-12 10:30:00-04:00,2025-09-09 10:30:00-04:00,2025-08-19 21:33:00-04:00,lower,skipped,position_open,open,active,,,,,,,,
1955_lower,2025-08-07,2025-08-07 10:30:00-04:00,2025-09-04 10:30:00-04:00,2025-08-20 09:45:00-04:00,lower,skipped,SAL,n/a,active,,,,,,,,
1956_lower,2025-08-08,2025-08-08 10:30:00-04:00,2025-09-05 10:30:00-04:00,2025-08-20 09:50:00-04:00,lower,skipped,SAL,n/a,active,,,,,,,,
1965_upper,2025-08-22,2025-08-21 10:30:00-04:00,2025-09-18 10:30:00-04:00,2025-08-22 10:15:00-04:00,upper,executed,,flat,inactive,2025-08-22 10:15:00-04:00,2025-08-22 15:00:00-04:00,23599.504187023864,23589.75,136.75,200.0,cutoff,9.754187023863778
1968_upper,2025-08-26,2025-08-26 10:30:00-04:00,2025-09-23 10:30:00-04:00,2025-08-28 12:28:00-04:00,upper,skipped,blocked_time,n/a,n/a,,,,,,,,
1967_upper,2025-08-25,2025-08-25 10:30:00-04:00,2025-09-22 10:30:00-04:00,2025-08-28 14:30:00-04:00,upper,skipped,blocked_time,n/a,n/a,,,,,,,,
1970_lower,2025-09-02,2025-08-28 10:30:00-04:00,2025-09-25 10:30:00-04:00,2025-09-02 03:48:00-04:00,lower,executed,,flat,inactive,2025-09-02 03:48:00-04:00,2025-09-02 04:00:00-04:00,23329.414115045678,23268.289115045678,40.75,61.125,SL,-61.125
1969_lower,2025-08-27,2025-08-27 10:30:00-04:00,2025-09-24 10:30:00-04:00,2025-09-02 06:27:00-04:00,lower,skipped,SAL,n/a,active,,,,,,,,
1972_lower,2025-09-01,2025-09-01 10:30:00-04:00,2025-09-29 10:30:00-04:00,2025-09-02 06:30:00-04:00,lower,skipped,SAL,n/a,active,,,,,,,,
1971_lower,2025-08-29,2025-08-29 10:30:00-04:00,2025-09-26 10:30:00-04:00,2025-09-02 07:09:00-04:00,lower,skipped,SAL,n/a,active,,,,,,,,
1967_lower,2025-08-25,2025-08-25 10:30:00-04:00,2025-09-22 10:30:00-04:00,2025-09-02 07:52:00-04:00,lower,skipped,SAL,n/a,active,,,,,,,,
1968_lower,2025-08-26,2025-08-26 10:30:00-04:00,2025-09-23 10:30:00-04:00,2025-09-02 08:02:00-04:00,lower,skipped,SAL,n/a,active,,,,,,,,
1953_lower,2025-08-05,2025-08-05 10:30:00-04:00,2025-09-02 10:30:00-04:00,2025-09-02 09:31:00-04:00,lower,skipped,SAL,n/a,active,,,,,,,,
1973_upper,2025-09-03,2025-09-02 10:30:00-04:00,2025-09-30 10:30:00-04:00,2025-09-03 10:43:00-04:00,upper,executed,,flat,inactive,2025-09-03 10:43:00-04:00,2025-09-03 13:45:00-04:00,23502.29185174872,23371.79185174872,87.0,130.5,TP,130.5
1972_upper,2025-09-01,2025-09-01 10:30:00-04:00,2025-09-29 10:30:00-04:00,2025-09-04 16:15:00-04:00,upper,skipped,no_cutoff,n/a,n/a,,,,,,,,
1974_upper,2025-09-03,2025-09-03 10:30:00-04:00,2025-10-01 10:30:00-04:00,2025-09-04 16:15:00-04:00,upper,skipped,no_cutoff,n/a,n/a,,,,,,,,
1975_upper,2025-09-05,2025-09-04 10:30:00-04:00,2025-10-02 10:30:00-04:00,2025-09-05 02:26:00-04:00,upper,executed,,flat,inactive,2025-09-05 02:26:00-04:00,2025-09-05 04:57:00-04:00,23783.795786119255,23783.795786119255,30.25,45.375,BE,-0.0
1964_upper,2025-09-05,2025-08-20 10:30:00-04:00,2025-09-17 10:30:00-04:00,2025-09-05 08:31:00-04:00,upper,executed,,flat,inactive,2025-09-05 08:31:00-04:00,2025-09-05 08:53:00-04:00,23812.157073839022,23859.782073839022,31.75,47.625,SL,-47.625
1969_upper,2025-08-27,2025-08-27 10:30:00-04:00,2025-09-24 10:30:00-04:00,2025-09-05 08:32:00-04:00,upper,skipped,position_open,open,active,,,,,,,,
1966_upper,2025-08-22,2025-08-22 10:30:00-04:00,2025-09-19 10:30:00-04:00,2025-09-05 08:54:00-04:00,upper,skipped,SAL,n/a,active,,,,,,,,
1963_upper,2025-08-19,2025-08-19 10:30:00-04:00,2025-09-16 10:30:00-04:00,2025-09-10 08:30:00-04:00,upper,skipped,simultaneous_collision,flat,inactive,,,,,,,,
1970_upper,2025-08-28,2025-08-28 10:30:00-04:00,2025-09-25 10:30:00-04:00,2025-09-10 08:30:00-04:00,upper,skipped,simultaneous_collision,flat,inactive,,,,,,,,
1971_upper,2025-08-29,2025-08-29 10:30:00-04:00,2025-09-26 10:30:00-04:00,2025-09-10 08:30:00-04:00,upper,skipped,simultaneous_collision,flat,inactive,,,,,,,,
1962_upper,2025-09-10,2025-08-18 10:30:00-04:00,2025-09-15 10:30:00-04:00,2025-09-10 08:30:00-04:00,upper,executed,,flat,inactive,2025-09-10 08:30:00-04:00,2025-09-10 08:31:00-04:00,24032.869688229533,23980.369688229533,35.0,52.5,TP,52.5
1977_upper,2025-09-12,2025-09-08 10:30:00-04:00,2025-10-06 10:30:00-04:00,2025-09-12 10:21:00-04:00,upper,executed,,flat,inactive,2025-09-12 10:21:00-04:00,2025-09-12 15:00:00-04:00,24067.517767216792,24155.75,63.0,94.5,cutoff,-88.23223278320802
1978_upper,2025-09-09,2025-09-09 10:30:00-04:00,2025-10-07 10:30:00-04:00,2025-09-12 10:25:00-04:00,upper,skipped,position_open,open,active,,,,,,,,
1979_upper,2025-09-10,2025-09-10 10:30:00-04:00,2025-10-08 10:30:00-04:00,2025-09-14 20:00:00-04:00,upper,skipped,simultaneous_collision,flat,inactive,,,,,,,,
1980_upper,2025-09-11,2025-09-11 10:30:00-04:00,2025-10-09 10:30:00-04:00,2025-09-14 20:00:00-04:00,upper,skipped,simultaneous_collision,flat,inactive,,,,,,,,
1981_upper,2025-09-12,2025-09-12 10:30:00-04:00,2025-10-10 10:30:00-04:00,2025-09-14 20:00:00-04:00,upper,skipped,simultaneous_collision,flat,inactive,,,,,,,,
1976_upper,2025-09-15,2025-09-05 10:30:00-04:00,2025-10-03 10:30:00-04:00,2025-09-14 20:00:00-04:00,upper,executed,,flat,inactive,2025-09-14 20:00:00-04:00,2025-09-14 20:56:00-04:00,24349.0,24349.0,28.5,42.75,BE,-0.0
1983_lower,2025-09-16,2025-09-16 10:30:00-04:00,2025-10-14 10:30:00-04:00,2025-09-17 14:15:00-04:00,lower,skipped,blocked_time,n/a,n/a,,,,,,,,
1982_upper,2025-09-18,2025-09-15 10:30:00-04:00,2025-10-13 10:30:00-04:00,2025-09-18 04:38:00-04:00,upper,executed,,flat,inactive,2025-09-18 04:38:00-04:00,2025-09-18 09:44:00-04:00,24704.899877150747,24628.024877150747,51.25,76.875,TP,76.875
1984_upper,2025-09-18,2025-09-17 10:30:00-04:00,2025-10-15 10:30:00-04:00,2025-09-18 10:30:00-04:00,upper,executed,,flat,inactive,2025-09-18 10:30:00-04:00,2025-09-18 11:18:00-04:00,24795.89689182282,24795.89689182282,114.5,171.75,BE,-0.0
1983_upper,2025-09-16,2025-09-16 10:30:00-04:00,2025-10-14 10:30:00-04:00,2025-09-19 15:27:00-04:00,upper,skipped,no_cutoff,n/a,n/a,,,,,,,,
1988_lower,2025-09-23,2025-09-23 10:30:00-04:00,2025-10-21 10:30:00-04:00,2025-09-24 11:51:00-04:00,lower,skipped,blocked_time,n/a,n/a,,,,,,,,
1987_lower,2025-09-25,2025-09-22 10:30:00-04:00,2025-10-20 10:30:00-04:00,2025-09-25 08:43:00-04:00,lower,executed,,flat,inactive,2025-09-25 08:43:00-04:00,2025-09-25 09:30:00-04:00,24572.639288626102,24572.639288626102,104.5,156.75,BE,0.0
1989_lower,2025-09-24,2025-09-24 10:30:00-04:00,2025-10-22 10:30:00-04:00,2025-09-25 08:47:00-04:00,lower,skipped,position_open,open,inactive,,,,,,,,
1986_lower,2025-09-25,2025-09-19 10:30:00-04:00,2025-10-17 10:30:00-04:00,2025-09-25 09:35:00-04:00,lower,executed,,flat,inactive,2025-09-25 09:35:00-04:00,2025-09-25 10:24:00-04:00,24512.089281245855,24639.589281245855,85.0,127.5,TP,127.5
1990_upper,2025-09-29,2025-09-25 10:30:00-04:00,2025-10-23 10:30:00-04:00,2025-09-29 09:45:00-04:00,upper,executed,,flat,inactive,2025-09-29 09:45:00-04:00,2025-09-29 11:31:00-04:00,24926.003304893777,24858.128304893777,45.25,67.875,TP,67.875
1991_upper,2025-09-26,2025-09-26 10:30:00-04:00,2025-10-24 10:30:00-04:00,2025-10-01 14:00:00-04:00,upper,skipped,blocked_time,n/a,n/a,,,,,,,,
1986_upper,2025-09-19,2025-09-19 10:30:00-04:00,2025-10-17 10:30:00-04:00,2025-10-01 14:42:00-04:00,upper,skipped,blocked_time,n/a,n/a,,,,,,,,
1985_upper,2025-10-02,2025-09-18 10:30:00-04:00,2025-10-16 10:30:00-04:00,2025-10-01 20:44:00-04:00,upper,executed,,flat,inactive,2025-10-01 20:44:00-04:00,2025-10-02 03:37:00-04:00,25048.622888332127,25087.247888332127,25.75,38.625,SL,-38.625
1993_upper,2025-09-30,2025-09-30 10:30:00-04:00,2025-10-28 10:30:00-04:00,2025-10-02 03:11:00-04:00,upper,skipped,position_open,open,active,,,,,,,,
1987_upper,2025-09-22,2025-09-22 10:30:00-04:00,2025-10-20 10:30:00-04:00,2025-10-02 04:07:00-04:00,upper,skipped,SAL,n/a,active,,,,,,,,
1994_upper,2025-10-01,2025-10-01 10:30:00-04:00,2025-10-29 10:30:00-04:00,2025-10-02 05:17:00-04:00,upper,skipped,SAL,n/a,active,,,,,,,,
1989_upper,2025-09-24,2025-09-24 10:30:00-04:00,2025-10-22 10:30:00-04:00,2025-10-02 08:17:00-04:00,upper,skipped,SAL,n/a,active,,,,,,,,
1992_upper,2025-09-29,2025-09-29 10:30:00-04:00,2025-10-27 10:30:00-04:00,2025-10-02 09:00:00-04:00,upper,skipped,SAL,n/a,active,,,,,,,,
1988_upper,2025-09-23,2025-09-23 10:30:00-04:00,2025-10-21 10:30:00-04:00,2025-10-06 14:36:00-04:00,upper,skipped,blocked_time,n/a,n/a,,,,,,,,
1998_lower,2025-10-07,2025-10-07 10:30:00-04:00,2025-11-04 10:30:00-05:00,2025-10-07 11:50:00-04:00,lower,skipped,blocked_time,n/a,n/a,,,,,,,,
2000_lower,2025-10-09,2025-10-09 10:30:00-04:00,2025-11-06 10:30:00-05:00,2025-10-10 11:02:00-04:00,lower,skipped,blocked_time,n/a,n/a,,,,,,,,
2001_lower,2025-10-10,2025-10-10 10:30:00-04:00,2025-11-07 10:30:00-05:00,2025-10-10 11:02:00-04:00,lower,skipped,blocked_time,n/a,n/a,,,,,,,,
1997_lower,2025-10-06,2025-10-06 10:30:00-04:00,2025-11-03 10:30:00-05:00,2025-10-10 11:19:00-04:00,lower,skipped,blocked_time,n/a,n/a,,,,,,,,
1996_lower,2025-10-03,2025-10-03 10:30:00-04:00,2025-10-31 10:30:00-04:00,2025-10-10 11:24:00-04:00,lower,skipped,blocked_time,n/a,n/a,,,,,,,,
1995_lower,2025-10-02,2025-10-02 10:30:00-04:00,2025-10-30 10:30:00-04:00,2025-10-10 11:26:00-04:00,lower,skipped,blocked_time,n/a,n/a,,,,,,,,
1999_lower,2025-10-08,2025-10-08 10:30:00-04:00,2025-11-05 10:30:00-05:00,2025-10-10 11:30:00-04:00,lower,skipped,blocked_time,n/a,n/a,,,,,,,,
1992_lower,2025-09-29,2025-09-29 10:30:00-04:00,2025-10-27 10:30:00-04:00,2025-10-10 14:52:00-04:00,lower,skipped,blocked_time,n/a,n/a,,,,,,,,
1993_lower,2025-09-30,2025-09-30 10:30:00-04:00,2025-10-28 10:30:00-04:00,2025-10-10 15:28:00-04:00,lower,skipped,no_cutoff,n/a,n/a,,,,,,,,
1994_lower,2025-10-01,2025-10-01 10:30:00-04:00,2025-10-29 10:30:00-04:00,2025-10-10 15:38:00-04:00,lower,skipped,no_cutoff,n/a,n/a,,,,,,,,
1985_lower,2025-09-18,2025-09-18 10:30:00-04:00,2025-10-16 10:30:00-04:00,2025-10-10 16:50:00-04:00,lower,skipped,no_cutoff,n/a,n/a,,,,,,,,
1991_lower,2025-09-26,2025-09-26 10:30:00-04:00,2025-10-24 10:30:00-04:00,2025-10-10 16:50:00-04:00,lower,skipped,no_cutoff,n/a,n/a,,,,,,,,
1984_lower,2025-09-17,2025-09-17 10:30:00-04:00,2025-10-15 10:30:00-04:00,2025-10-10 16:53:00-04:00,lower,skipped,no_cutoff,n/a,n/a,,,,,,,,
1982_lower,2025-09-15,2025-09-15 10:30:00-04:00,2025-10-13 10:30:00-04:00,2025-10-10 16:55:00-04:00,lower,skipped,no_cutoff,n/a,n/a,,,,,,,,
1990_lower,2025-09-25,2025-09-25 10:30:00-04:00,2025-10-23 10:30:00-04:00,2025-10-10 16:55:00-04:00,lower,skipped,no_cutoff,n/a,n/a,,,,,,,,
2002_lower,2025-10-14,2025-10-13 10:30:00-04:00,2025-11-10 10:30:00-05:00,2025-10-14 09:43:00-04:00,lower,executed,,flat,inactive,2025-10-14 09:43:00-04:00,2025-10-14 10:04:00-04:00,24444.980870767926,24603.980870767926,106.0,159.0,TP,159.0
2003_upper,2025-10-15,2025-10-14 10:30:00-04:00,2025-11-11 10:30:00-05:00,2025-10-15 10:05:00-04:00,upper,executed,,flat,inactive,2025-10-15 10:05:00-04:00,2025-10-15 13:00:00-04:00,25054.103375503822,24864.353375503822,126.5,189.75,TP,189.75
2005_lower,2025-10-16,2025-10-16 10:30:00-04:00,2025-11-13 10:30:00-05:00,2025-10-16 12:46:00-04:00,lower,skipped,blocked_time,n/a,n/a,,,,,,,,
2004_lower,2025-10-17,2025-10-15 10:30:00-04:00,2025-11-12 10:30:00-05:00,2025-10-17 02:36:00-04:00,lower,executed,,flat,inactive,2025-10-17 02:36:00-04:00,2025-10-17 03:20:00-04:00,24606.259429848018,24463.759429848018,95.0,142.5,SL,-142.5
2002_upper,2025-10-20,2025-10-13 10:30:00-04:00,2025-11-10 10:30:00-05:00,2025-10-20 09:32:00-04:00,upper,executed,,flat,inactive,2025-10-20 09:32:00-04:00,2025-10-20 10:29:00-04:00,25198.769129232074,25283.144129232074,56.25,84.375,SL,-84.375
2006_upper,2025-10-17,2025-10-17 10:30:00-04:00,2025-11-14 10:30:00-05:00,2025-10-20 10:25:00-04:00,upper,skipped,position_open,open,active,,,,,,,,
2008_lower,2025-10-21,2025-10-21 10:30:00-04:00,2025-11-18 10:30:00-05:00,2025-10-22 12:30:00-04:00,lower,skipped,blocked_time,n/a,n/a,,,,,,,,
2009_lower,2025-10-22,2025-10-22 10:30:00-04:00,2025-11-19 10:30:00-05:00,2025-10-22 12:33:00-04:00,lower,skipped,blocked_time,n/a,n/a,,,,,,,,
2005_upper,2025-10-24,2025-10-16 10:30:00-04:00,2025-11-13 10:30:00-05:00,2025-10-24 02:17:00-04:00,upper,executed,,flat,inactive,2025-10-24 02:17:00-04:00,2025-10-24 03:22:00-04:00,25372.410433884965,25342.410433884965,20.0,30.0,TP,30.0
1996_upper,2025-10-03,2025-10-03 10:30:00-04:00,2025-10-31 10:30:00-04:00,2025-10-24 08:30:00-04:00,upper,skipped,simultaneous_collision,flat,inactive,,,,,,,,
1997_upper,2025-10-06,2025-10-06 10:30:00-04:00,2025-11-03 10:30:00-05:00,2025-10-24 08:30:00-04:00,upper,skipped,simultaneous_collision,flat,inactive,,,,,,,,
1998_upper,2025-10-07,2025-10-07 10:30:00-04:00,2025-11-04 10:30:00-05:00,2025-10-24 08:30:00-04:00,upper,skipped,simultaneous_collision,flat,inactive,,,,,,,,
1999_upper,2025-10-08,2025-10-08 10:30:00-04:00,2025-11-05 10:30:00-05:00,2025-10-24 08:30:00-04:00,upper,skipped,simultaneous_collision,flat,inactive,,,,,,,,
2004_upper,2025-10-15,2025-10-15 10:30:00-04:00,2025-11-12 10:30:00-05:00,2025-10-24 08:30:00-04:00,upper,skipped,simultaneous_collision,flat,inactive,,,,,,,,
2010_upper,2025-10-23,2025-10-23 10:30:00-04:00,2025-11-20 10:30:00-05:00,2025-10-24 08:30:00-04:00,upper,skipped,simultaneous_collision,flat,inactive,,,,,,,,
1995_upper,2025-10-24,2025-10-02 10:30:00-04:00,2025-10-30 10:30:00-04:00,2025-10-24 08:30:00-04:00,upper,executed,,flat,inactive,2025-10-24 08:30:00-04:00,2025-10-24 08:30:00-04:00,25449.919934205795,25484.794934205795,23.25,34.875,SL,-34.875
2007_upper,2025-10-20,2025-10-20 10:30:00-04:00,2025-11-17 10:30:00-05:00,2025-10-24 09:39:00-04:00,upper,skipped,SAL,n/a,active,,,,,,,,
2000_upper,2025-10-09,2025-10-09 10:30:00-04:00,2025-11-06 10:30:00-05:00,2025-10-26 18:00:00-04:00,upper,skipped,no_anchor,n/a,n/a,,,,,,,,
2001_upper,2025-10-10,2025-10-10 10:30:00-04:00,2025-11-07 10:30:00-05:00,2025-10-26 18:00:00-04:00,upper,skipped,no_anchor,n/a,n/a,,,,,,,,
2008_upper,2025-10-21,2025-10-21 10:30:00-04:00,2025-11-18 10:30:00-05:00,2025-10-26 18:00:00-04:00,upper,skipped,no_anchor,n/a,n/a,,,,,,,,
2009_upper,2025-10-22,2025-10-22 10:30:00-04:00,2025-11-19 10:30:00-05:00,2025-10-26 18:00:00-04:00,upper,skipped,no_anchor,n/a,n/a,,,,,,,,
2011_upper,2025-10-27,2025-10-24 10:30:00-04:00,2025-11-21 10:30:00-05:00,2025-10-27 01:52:00-04:00,upper,executed,,flat,inactive,2025-10-27 01:52:00-04:00,2025-10-27 03:22:00-04:00,25787.599149848455,25811.224149848455,15.75,23.625,SL,-23.625
2012_upper,2025-10-27,2025-10-27 10:30:00-04:00,2025-11-24 10:30:00-05:00,2025-10-28 12:27:00-04:00,upper,skipped,blocked_time,n/a,n/a,,,,,,,,
2013_upper,2025-10-29,2025-10-28 10:30:00-04:00,2025-11-25 10:30:00-05:00,2025-10-29 10:00:00-04:00,upper,executed,,flat,inactive,2025-10-29 10:00:00-04:00,2025-10-29 11:47:00-04:00,26323.85535987925,26226.73035987925,64.75,97.125,TP,97.125
2014_lower,2025-10-30,2025-10-29 10:30:00-04:00,2025-11-26 10:30:00-05:00,2025-10-30 09:36:00-04:00,lower,executed,,flat,inactive,2025-10-30 09:36:00-04:00,2025-10-30 10:53:00-04:00,26000.84970444521,26000.84970444521,186.25,200.0,BE,0.0
2016_lower,2025-11-04,2025-10-31 10:30:00-04:00,2025-11-28 10:30:00-05:00,2025-11-04 00:41:00-05:00,lower,executed,,flat,inactive,2025-11-04 00:41:00-05:00,2025-11-04 01:08:00-05:00,25836.936244219865,25782.561244219865,36.25,54.375,SL,-54.375
2013_lower,2025-10-28,2025-10-28 10:30:00-04:00,2025-11-25 10:30:00-05:00,2025-11-04 01:08:00-05:00,lower,skipped,SAL,n/a,active,,,,,,,,
2017_lower,2025-11-03,2025-11-03 10:30:00-05:00,2025-12-01 10:30:00-05:00,2025-11-04 01:08:00-05:00,lower,skipped,SAL,n/a,active,,,,,,,,
2015_lower,2025-10-30,2025-10-30 10:30:00-04:00,2025-11-27 10:30:00-05:00,2025-11-04 04:56:00-05:00,lower,skipped,SAL,n/a,active,,,,,,,,
2012_lower,2025-10-27,2025-10-27 10:30:00-04:00,2025-11-24 10:30:00-05:00,2025-11-04 15:54:00-05:00,lower,skipped,no_cutoff,n/a,n/a,,,,,,,,
2018_lower,2025-11-05,2025-11-04 10:30:00-05:00,2025-12-02 10:30:00-05:00,2025-11-04 20:05:00-05:00,lower,executed,,flat,inactive,2025-11-04 20:05:00-05:00,2025-11-04 22:46:00-05:00,25362.193353760962,25505.818353760962,95.75,143.625,TP,143.625
2019_lower,2025-11-05,2025-11-05 10:30:00-05:00,2025-12-03 10:30:00-05:00,2025-11-06 23:02:00-05:00,lower,skipped,simultaneous_collision,flat,inactive,,,,,,,,
2020_lower,2025-11-06,2025-11-06 10:30:00-05:00,2025-12-04 10:30:00-05:00,2025-11-06 23:02:00-05:00,lower,skipped,simultaneous_collision,flat,inactive,,,,,,,,
2011_lower,2025-11-07,2025-10-24 10:30:00-04:00,2025-11-21 10:30:00-05:00,2025-11-06 23:02:00-05:00,lower,executed,,flat,inactive,2025-11-06 23:02:00-05:00,2025-11-07 00:05:00-05:00,25168.150850151545,25285.900850151545,78.5,117.75,TP,117.75
2007_lower,2025-10-20,2025-10-20 10:30:00-04:00,2025-11-17 10:30:00-05:00,2025-11-07 11:11:00-05:00,lower,skipped,blocked_time,n/a,n/a,,,,,,,,
2021_upper,2025-11-10,2025-11-07 10:30:00-05:00,2025-12-05 10:30:00-05:00,2025-11-09 22:02:00-05:00,upper,executed,,flat,inactive,2025-11-09 22:02:00-05:00,2025-11-10 03:48:00-05:00,25456.85597919317,25516.85597919317,40.0,60.0,SL,-60.0
2024_lower,2025-11-13,2025-11-12 10:30:00-05:00,2025-12-10 10:30:00-05:00,2025-11-13 09:42:00-05:00,lower,executed,,flat,inactive,2025-11-13 09:42:00-05:00,2025-11-13 10:16:00-05:00,25336.19482975109,25494.06982975109,105.25,157.875,TP,157.875
2023_lower,2025-11-11,2025-11-11 10:30:00-05:00,2025-12-09 10:30:00-05:00,2025-11-13 09:45:00-05:00,lower,skipped,position_open,open,inactive,,,,,,,,
2022_lower,2025-11-13,2025-11-10 10:30:00-05:00,2025-12-08 10:30:00-05:00,2025-11-13 10:49:00-05:00,lower,executed,,flat,inactive,2025-11-13 10:49:00-05:00,2025-11-13 11:35:00-05:00,25226.958150203747,25226.958150203747,229.25,200.0,BE,0.0
2025_lower,2025-11-13,2025-11-13 10:30:00-05:00,2025-12-11 10:30:00-05:00,2025-11-13 13:35:00-05:00,lower,skipped,blocked_time,n/a,n/a,,,,,,,,
2010_lower,2025-11-14,2025-10-23 10:30:00-04:00,2025-11-20 10:30:00-05:00,2025-11-14 07:40:00-05:00,lower,executed,,flat,inactive,2025-11-14 07:40:00-05:00,2025-11-14 08:30:00-05:00,24688.246817046107,24688.246817046107,167.75,200.0,BE,0.0
2021_lower,2025-11-14,2025-11-07 10:30:00-05:00,2025-12-05 10:30:00-05:00,2025-11-14 09:32:00-05:00,lower,executed,,flat,inactive,2025-11-14 09:32:00-05:00,2025-11-14 09:38:00-05:00,24650.14402080683,24814.01902080683,109.25,163.875,TP,163.875
2026_upper,2025-11-17,2025-11-14 10:30:00-05:00,2025-12-12 10:30:00-05:00,2025-11-17 02:23:00-05:00,upper,executed,,flat,inactive,2025-11-17 02:23:00-05:00,2025-11-17 05:17:00-05:00,25316.82185409237,25253.44685409237,42.25,63.375,TP,63.375
2027_lower,2025-11-18,2025-11-17 10:30:00-05:00,2025-12-15 10:30:00-05:00,2025-11-18 09:51:00-05:00,lower,executed,,flat,inactive,2025-11-18 09:51:00-05:00,2025-11-18 10:02:00-05:00,24589.78558802216,24475.03558802216,76.5,114.75,SL,-114.75
2028_upper,2025-11-20,2025-11-18 10:30:00-05:00,2025-12-16 10:30:00-05:00,2025-11-20 08:31:00-05:00,upper,executed,,flat,inactive,2025-11-20 08:31:00-05:00,2025-11-20 09:18:00-05:00,25233.841282721234,25233.841282721234,97.5,146.25,BE,-0.0
2029_upper,2025-11-20,2025-11-19 10:30:00-05:00,2025-12-17 10:30:00-05:00,2025-11-20 09:56:00-05:00,upper,executed,,flat,inactive,2025-11-20 09:56:00-05:00,2025-11-20 11:05:00-05:00,25273.046848307662,25073.046848307662,144.0,200.0,TP,200.0
2030_lower,2025-11-20,2025-11-20 10:30:00-05:00,2025-12-18 10:30:00-05:00,2025-11-20 11:35:00-05:00,lower,skipped,blocked_time,n/a,n/a,,,,,,,,
2026_lower,2025-11-14,2025-11-14 10:30:00-05:00,2025-12-12 10:30:00-05:00,2025-11-20 14:03:00-05:00,lower,skipped,blocked_time,n/a,n/a,,,,,,,,
2028_lower,2025-11-18,2025-11-18 10:30:00-05:00,2025-12-16 10:30:00-05:00,2025-11-20 15:49:00-05:00,lower,skipped,no_cutoff,n/a,n/a,,,,,,,,
2029_lower,2025-11-19,2025-11-19 10:30:00-05:00,2025-12-17 10:30:00-05:00,2025-11-20 15:49:00-05:00,lower,skipped,no_cutoff,n/a,n/a,,,,,,,,
2031_upper,2025-11-24,2025-11-21 10:30:00-05:00,2025-12-19 10:30:00-05:00,2025-11-24 09:33:00-05:00,upper,executed,,flat,inactive,2025-11-24 09:33:00-05:00,2025-11-24 10:05:00-05:00,24655.21998728557,24764.71998728557,73.0,109.5,SL,-109.5
2032_upper,2025-11-24,2025-11-24 10:30:00-05:00,2025-12-22 10:30:00-05:00,2025-11-25 12:32:00-05:00,upper,skipped,blocked_time,n/a,n/a,,,,,,,,
2033_upper,2025-11-26,2025-11-25 10:30:00-05:00,2025-12-23 10:30:00-05:00,2025-11-26 02:36:00-05:00,upper,executed,,flat,inactive,2025-11-26 02:36:00-05:00,2025-11-26 03:11:00-05:00,25235.45335986866,25183.32835986866,34.75,52.125,TP,52.125
2027_upper,2025-11-17,2025-11-17 10:30:00-05:00,2025-12-15 10:30:00-05:00,2025-11-30 18:00:00-05:00,upper,skipped,no_anchor,n/a,n/a,,,,,,,,
2034_upper,2025-11-26,2025-11-26 10:30:00-05:00,2025-12-24 10:30:00-05:00,2025-11-30 18:00:00-05:00,upper,skipped,no_anchor,n/a,n/a,,,,,,,,
2035_upper,2025-11-27,2025-11-27 10:30:00-05:00,2025-12-26 10:30:00-05:00,2025-11-30 18:00:00-05:00,upper,skipped,no_anchor,n/a,n/a,,,,,,,,
2030_upper,2025-12-02,2025-11-20 10:30:00-05:00,2025-12-18 10:30:00-05:00,2025-12-02 09:37:00-05:00,upper,executed,,flat,inactive,2025-12-02 09:37:00-05:00,2025-12-02 10:01:00-05:00,25592.893966124575,25644.268966124575,34.25,51.375,SL,-51.375
2037_upper,2025-12-01,2025-12-01 10:30:00-05:00,2025-12-30 10:30:00-05:00,2025-12-02 09:40:00-05:00,upper,skipped,position_open,open,active,,,,,,,,
2036_upper,2025-11-28,2025-11-28 10:30:00-05:00,2025-12-29 10:30:00-05:00,2025-12-02 10:01:00-05:00,upper,skipped,SAL,n/a,active,,,,,,,,
2039_upper,2025-12-05,2025-12-03 10:30:00-05:00,2026-01-02 10:30:00-05:00,2025-12-05 10:00:00-05:00,upper,executed,,flat,inactive,2025-12-05 10:00:00-05:00,2025-12-05 10:46:00-05:00,25807.79020898889,25807.79020898889,191.75,200.0,BE,-0.0
2025_upper,2025-11-13,2025-11-13 10:30:00-05:00,2025-12-11 10:30:00-05:00,2025-12-05 10:05:00-05:00,upper,skipped,position_open,open,inactive,,,,,,,,
2042_lower,2025-12-11,2025-12-08 10:30:00-05:00,2026-01-07 10:30:00-05:00,2025-12-10 22:07:00-05:00,lower,executed,,flat,inactive,2025-12-10 22:07:00-05:00,2025-12-11 06:50:00-05:00,25426.76810517803,25626.76810517803,137.5,200.0,TP,200.0
2041_lower,2025-12-12,2025-12-05 10:30:00-05:00,2026-01-06 10:30:00-05:00,2025-12-12 10:24:00-05:00,lower,executed,,flat,inactive,2025-12-12 10:24:00-05:00,2025-12-12 11:04:00-05:00,25379.9963978877,25183.8713978877,130.75,196.125,SL,-196.125
2043_lower,2025-12-09,2025-12-09 10:30:00-05:00,2026-01-08 10:30:00-05:00,2025-12-12 10:28:00-05:00,lower,skipped,position_open,open,active,,,,,,,,
2044_lower,2025-12-10,2025-12-10 10:30:00-05:00,2026-01-09 10:30:00-05:00,2025-12-12 10:28:00-05:00,lower,skipped,position_open,open,active,,,,,,,,
2040_lower,2025-12-04,2025-12-04 10:30:00-05:00,2026-01-05 10:30:00-05:00,2025-12-12 10:29:00-05:00,lower,skipped,position_open,open,active,,,,,,,,
2038_lower,2025-12-02,2025-12-02 10:30:00-05:00,2025-12-31 10:30:00-05:00,2025-12-12 11:04:00-05:00,lower,skipped,blocked_time,n/a,n/a,,,,,,,,
2039_lower,2025-12-03,2025-12-03 10:30:00-05:00,2026-01-02 10:30:00-05:00,2025-12-12 11:04:00-05:00,lower,skipped,blocked_time,n/a,n/a,,,,,,,,
2045_lower,2025-12-11,2025-12-11 10:30:00-05:00,2026-01-12 10:30:00-05:00,2025-12-12 11:04:00-05:00,lower,skipped,blocked_time,n/a,n/a,,,,,,,,
2047_lower,2025-12-15,2025-12-15 10:30:00-05:00,2026-01-14 10:30:00-05:00,2025-12-16 02:37:00-05:00,lower,skipped,simultaneous_collision,flat,inactive,,,,,,,,
2036_lower,2025-12-16,2025-11-28 10:30:00-05:00,2025-12-29 10:30:00-05:00,2025-12-16 02:37:00-05:00,lower,executed,,flat,inactive,2025-12-16 02:37:00-05:00,2025-12-16 03:01:00-05:00,25094.40810628963,25142.40810628963,32.0,48.0,TP,48.0
2035_lower,2025-11-27,2025-11-27 10:30:00-05:00,2025-12-26 10:30:00-05:00,2025-12-16 02:44:00-05:00,lower,skipped,position_open,open,inactive,,,,,,,,
2046_lower,2025-12-12,2025-12-12 10:30:00-05:00,2026-01-13 10:30:00-05:00,2025-12-16 02:44:00-05:00,lower,skipped,position_open,open,inactive,,,,,,,,
2049_lower,2025-12-17,2025-12-17 10:30:00-05:00,2026-01-16 10:30:00-05:00,2025-12-17 10:58:00-05:00,lower,executed,,flat,inactive,2025-12-17 10:58:00-05:00,2025-12-17 15:00:00-05:00,25041.13493580568,24965.5,236.5,200.0,cutoff,-75.63493580567956
2037_lower,2025-12-01,2025-12-01 10:30:00-05:00,2025-12-30 10:30:00-05:00,2025-12-17 13:41:00-05:00,lower,skipped,blocked_time,n/a,n/a,,,,,,,,
2048_lower,2025-12-16,2025-12-16 10:30:00-05:00,2026-01-15 10:30:00-05:00,2025-12-17 15:55:00-05:00,lower,skipped,no_cutoff,n/a,n/a,,,,,,,,
2034_lower,2025-11-26,2025-11-26 10:30:00-05:00,2025-12-24 10:30:00-05:00,2025-12-17 15:58:00-05:00,lower,skipped,no_cutoff,n/a,n/a,,,,,,,,
2050_upper,2025-12-19,2025-12-18 10:30:00-05:00,2026-01-19 10:30:00-05:00,2025-12-19 10:00:00-05:00,upper,executed,,flat,inactive,2025-12-19 10:00:00-05:00,2025-12-19 12:56:00-05:00,25595.82508771999,25595.82508771999,274.75,200.0,BE,-0.0
2048_upper,2025-12-16,2025-12-16 10:30:00-05:00,2026-01-15 10:30:00-05:00,2025-12-21 18:00:00-05:00,upper,skipped,no_anchor,n/a,n/a,,,,,,,,
2049_upper,2025-12-22,2025-12-17 10:30:00-05:00,2026-01-16 10:30:00-05:00,2025-12-22 07:21:00-05:00,upper,executed,,flat,inactive,2025-12-22 07:21:00-05:00,2025-12-22 09:04:00-05:00,25727.99006419432,25759.11506419432,20.75,31.125,SL,-31.125
2051_upper,2025-12-19,2025-12-19 10:30:00-05:00,2026-01-20 10:30:00-05:00,2025-12-22 09:31:00-05:00,upper,skipped,SAL,n/a,active,,,,,,,,
2038_upper,2025-12-02,2025-12-02 10:30:00-05:00,2025-12-31 10:30:00-05:00,2025-12-24 11:37:00-05:00,upper,skipped,blocked_time,n/a,n/a,,,,,,,,
2043_upper,2025-12-26,2025-12-09 10:30:00-05:00,2026-01-08 10:30:00-05:00,2025-12-25 19:13:00-05:00,upper,executed,,flat,inactive,2025-12-25 19:13:00-05:00,2025-12-25 19:59:00-05:00,25905.399398686783,25905.399398686783,33.5,50.25,BE,-0.0
2044_upper,2025-12-26,2025-12-10 10:30:00-05:00,2026-01-09 10:30:00-05:00,2025-12-26 08:40:00-05:00,upper,executed,,flat,inactive,2025-12-26 08:40:00-05:00,2025-12-26 09:30:00-05:00,25919.88416426545,25877.88416426545,28.0,42.0,TP,42.0
2053_upper,2025-12-26,2025-12-23 10:30:00-05:00,2026-01-22 10:30:00-05:00,2025-12-26 09:45:00-05:00,upper,executed,,flat,inactive,2025-12-26 09:45:00-05:00,2025-12-26 09:51:00-05:00,25932.20310678845,25877.45310678845,36.5,54.75,TP,54.75
2055_lower,2025-12-26,2025-12-26 10:30:00-05:00,2026-01-26 10:30:00-05:00,2025-12-30 18:39:00-05:00,lower,skipped,no_anchor,n/a,n/a,,,,,,,,
2054_lower,2025-12-31,2025-12-24 10:30:00-05:00,2026-01-23 10:30:00-05:00,2025-12-30 20:00:00-05:00,lower,executed,,flat,inactive,2025-12-30 20:00:00-05:00,2025-12-31 01:17:00-05:00,25589.804673159324,25589.804673159324,52.25,78.375,BE,0.0
2052_lower,2025-12-22,2025-12-22 10:30:00-05:00,2026-01-21 10:30:00-05:00,2025-12-31 15:10:00-05:00,lower,skipped,no_cutoff,n/a,n/a,,,,,,,,
2057_lower,2025-12-30,2025-12-30 10:30:00-05:00,2026-01-28 10:30:00-05:00,2025-12-31 15:59:00-05:00,lower,skipped,no_cutoff,n/a,n/a,,,,,,,,
2056_lower,2025-12-29,2025-12-29 10:30:00-05:00,2026-01-27 10:30:00-05:00,2025-12-31 16:48:00-05:00,lower,skipped,no_cutoff,n/a,n/a,,,,,,,,
2053_lower,2026-01-02,2025-12-23 10:30:00-05:00,2026-01-22 10:30:00-05:00,2026-01-02 10:57:00-05:00,lower,executed,,flat,inactive,2026-01-02 10:57:00-05:00,2026-01-02 15:00:00-05:00,25401.79689321155,25406.5,165.5,200.0,cutoff,4.703106788449077
2058_lower,2025-12-31,2025-12-31 10:30:00-05:00,2026-01-29 10:30:00-05:00,2026-01-02 10:59:00-05:00,lower,skipped,position_open,open,inactive,,,,,,,,
2060_upper,2026-01-05,2026-01-05 10:30:00-05:00,2026-02-02 10:30:00-05:00,2026-01-07 11:00:00-05:00,upper,skipped,blocked_time,n/a,n/a,,,,,,,,
2058_upper,2025-12-31,2025-12-31 10:30:00-05:00,2026-01-29 10:30:00-05:00,2026-01-07 11:13:00-05:00,upper,skipped,blocked_time,n/a,n/a,,,,,,,,
2046_upper,2025-12-12,2025-12-12 10:30:00-05:00,2026-01-13 10:30:00-05:00,2026-01-07 11:43:00-05:00,upper,skipped,blocked_time,n/a,n/a,,,,,,,,
2057_upper,2025-12-30,2025-12-30 10:30:00-05:00,2026-01-28 10:30:00-05:00,2026-01-07 11:46:00-05:00,upper,skipped,blocked_time,n/a,n/a,,,,,,,,
2045_upper,2025-12-11,2025-12-11 10:30:00-05:00,2026-01-12 10:30:00-05:00,2026-01-07 11:57:00-05:00,upper,skipped,blocked_time,n/a,n/a,,,,,,,,
2061_upper,2026-01-06,2026-01-06 10:30:00-05:00,2026-02-03 10:30:00-05:00,2026-01-07 12:05:00-05:00,upper,skipped,blocked_time,n/a,n/a,,,,,,,,
2056_upper,2025-12-29,2025-12-29 10:30:00-05:00,2026-01-27 10:30:00-05:00,2026-01-12 14:36:00-05:00,upper,skipped,blocked_time,n/a,n/a,,,,,,,,
2054_upper,2025-12-24,2025-12-24 10:30:00-05:00,2026-01-23 10:30:00-05:00,2026-01-12 15:00:00-05:00,upper,skipped,no_cutoff,n/a,n/a,,,,,,,,
2052_upper,2026-01-13,2025-12-22 10:30:00-05:00,2026-01-21 10:30:00-05:00,2026-01-13 08:31:00-05:00,upper,executed,,flat,inactive,2026-01-13 08:31:00-05:00,2026-01-13 08:38:00-05:00,26025.29209120429,25979.54209120429,30.5,45.75,TP,45.75
2066_lower,2026-01-13,2026-01-13 10:30:00-05:00,2026-02-10 10:30:00-05:00,2026-01-14 10:00:00-05:00,lower,skipped,simultaneous_collision,flat,inactive,,,,,,,,
2062_lower,2026-01-14,2026-01-07 10:30:00-05:00,2026-02-04 10:30:00-05:00,2026-01-14 10:00:00-05:00,lower,executed,,flat,inactive,2026-01-14 10:00:00-05:00,2026-01-14 10:46:00-05:00,25539.3465572622,25539.3465572622,208.25,200.0,BE,0.0
2065_lower,2026-01-14,2026-01-12 10:30:00-05:00,2026-02-09 10:30:00-05:00,2026-01-14 10:51:00-05:00,lower,executed,,flat,inactive,2026-01-14 10:51:00-05:00,2026-01-14 11:50:00-05:00,25469.683881427685,25469.683881427685,208.25,200.0,BE,0.0
2068_lower,2026-01-16,2026-01-15 10:30:00-05:00,2026-02-12 10:30:00-05:00,2026-01-16 10:36:00-05:00,lower,executed,,flat,inactive,2026-01-16 10:36:00-05:00,2026-01-16 15:00:00-05:00,25633.08970440501,25714.75,164.75,200.0,cutoff,81.6602955949893
2069_lower,2026-01-16,2026-01-16 10:30:00-05:00,2026-02-13 10:30:00-05:00,2026-01-18 18:00:00-05:00,lower,skipped,no_anchor,n/a,n/a,,,,,,,,
2063_lower,2026-01-19,2026-01-08 10:30:00-05:00,2026-02-05 10:30:00-05:00,2026-01-18 22:24:00-05:00,lower,executed,,flat,inactive,2026-01-18 22:24:00-05:00,2026-01-18 23:11:00-05:00,25372.84124946037,25372.84124946037,32.75,49.125,BE,0.0
2064_lower,2026-01-09,2026-01-09 10:30:00-05:00,2026-02-06 10:30:00-05:00,2026-01-19 02:10:00-05:00,lower,skipped,simultaneous_collision,flat,inactive,,,,,,,,
2061_lower,2026-01-19,2026-01-06 10:30:00-05:00,2026-02-03 10:30:00-05:00,2026-01-19 02:10:00-05:00,lower,executed,,flat,inactive,2026-01-19 02:10:00-05:00,2026-01-19 03:23:00-05:00,25351.293864738975,25401.168864738975,33.25,49.875,TP,49.875
2060_lower,2026-01-05,2026-01-05 10:30:00-05:00,2026-02-02 10:30:00-05:00,2026-01-19 02:38:00-05:00,lower,skipped,position_open,open,inactive,,,,,,,,
2067_lower,2026-01-19,2026-01-14 10:30:00-05:00,2026-02-11 10:30:00-05:00,2026-01-19 04:25:00-05:00,lower,executed,,flat,inactive,2026-01-19 04:25:00-05:00,2026-01-19 12:26:00-05:00,25316.08902363282,25410.21402363282,62.75,94.125,TP,94.125
2059_lower,2026-01-20,2026-01-02 10:30:00-05:00,2026-01-30 10:30:00-05:00,2026-01-20 03:31:00-05:00,lower,executed,,flat,inactive,2026-01-20 03:31:00-05:00,2026-01-20 04:32:00-05:00,25218.123471338135,25122.498471338135,63.75,95.625,SL,-95.625
2070_upper,2026-01-19,2026-01-19 10:30:00-05:00,2026-02-16 10:30:00-05:00,2026-01-21 14:43:00-05:00,upper,skipped,blocked_time,n/a,n/a,,,,,,,,
2071_upper,2026-01-20,2026-01-20 10:30:00-05:00,2026-02-17 10:30:00-05:00,2026-01-21 14:43:00-05:00,upper,skipped,blocked_time,n/a,n/a,,,,,,,,
2072_upper,2026-01-21,2026-01-21 10:30:00-05:00,2026-02-18 10:30:00-05:00,2026-01-21 14:50:00-05:00,upper,skipped,blocked_time,n/a,n/a,,,,,,,,
2074_upper,2026-01-27,2026-01-23 10:30:00-05:00,2026-02-20 10:30:00-05:00,2026-01-26 23:09:00-05:00,upper,executed,,flat,inactive,2026-01-26 23:09:00-05:00,2026-01-27 01:00:00-05:00,25985.150087340025,26010.650087340025,17.0,25.5,SL,-25.5
2073_upper,2026-01-22,2026-01-22 10:30:00-05:00,2026-02-19 10:30:00-05:00,2026-01-27 06:45:00-05:00,upper,skipped,SAL,n/a,active,,,,,,,,
2062_upper,2026-01-07,2026-01-07 10:30:00-05:00,2026-02-04 10:30:00-05:00,2026-01-27 10:35:00-05:00,upper,skipped,SAL,n/a,active,,,,,,,,
2067_upper,2026-01-14,2026-01-14 10:30:00-05:00,2026-02-11 10:30:00-05:00,2026-01-27 10:38:00-05:00,upper,skipped,SAL,n/a,active,,,,,,,,
2059_upper,2026-01-02,2026-01-02 10:30:00-05:00,2026-01-30 10:30:00-05:00,2026-01-27 11:12:00-05:00,upper,skipped,blocked_time,n/a,n/a,,,,,,,,
2063_upper,2026-01-08,2026-01-08 10:30:00-05:00,2026-02-05 10:30:00-05:00,2026-01-27 11:12:00-05:00,upper,skipped,blocked_time,n/a,n/a,,,,,,,,
2064_upper,2026-01-09,2026-01-09 10:30:00-05:00,2026-02-06 10:30:00-05:00,2026-01-27 11:16:00-05:00,upper,skipped,blocked_time,n/a,n/a,,,,,,,,
2075_upper,2026-01-26,2026-01-26 10:30:00-05:00,2026-02-23 10:30:00-05:00,2026-01-27 15:17:00-05:00,upper,skipped,no_cutoff,n/a,n/a,,,,,,,,
2065_upper,2026-01-12,2026-01-12 10:30:00-05:00,2026-02-09 10:30:00-05:00,2026-01-27 16:48:00-05:00,upper,skipped,no_cutoff,n/a,n/a,,,,,,,,
2069_upper,2026-01-28,2026-01-16 10:30:00-05:00,2026-02-13 10:30:00-05:00,2026-01-27 19:32:00-05:00,upper,executed,,flat,inactive,2026-01-27 19:32:00-05:00,2026-01-28 00:39:00-05:00,26185.10796500516,26240.23296500516,36.75,55.125,SL,-55.125
2068_upper,2026-01-15,2026-01-15 10:30:00-05:00,2026-02-12 10:30:00-05:00,2026-01-27 19:35:00-05:00,upper,skipped,position_open,open,active,,,,,,,,
2066_upper,2026-01-13,2026-01-13 10:30:00-05:00,2026-02-10 10:30:00-05:00,2026-01-28 01:04:00-05:00,upper,skipped,SAL,n/a,active,,,,,,,,
2076_upper,2026-01-27,2026-01-27 10:30:00-05:00,2026-02-24 10:30:00-05:00,2026-01-28 01:19:00-05:00,upper,skipped,SAL,n/a,active,,,,,,,,
2077_lower,2026-01-29,2026-01-28 10:30:00-05:00,2026-02-25 10:30:00-05:00,2026-01-29 09:42:00-05:00,lower,executed,,flat,inactive,2026-01-29 09:42:00-05:00,2026-01-29 09:58:00-05:00,25975.414022198995,25895.914022198995,53.0,79.5,SL,-79.5
2076_lower,2026-01-27,2026-01-27 10:30:00-05:00,2026-02-24 10:30:00-05:00,2026-01-29 10:36:00-05:00,lower,skipped,SAL,n/a,active,,,,,,,,
2079_lower,2026-01-30,2026-01-30 10:30:00-05:00,2026-02-27 10:30:00-05:00,2026-02-01 18:00:00-05:00,lower,skipped,no_anchor,n/a,n/a,,,,,,,,
2078_lower,2026-01-29,2026-01-29 10:30:00-05:00,2026-02-26 10:30:00-05:00,2026-02-01 18:01:00-05:00,lower,skipped,no_anchor,n/a,n/a,,,,,,,,
2075_lower,2026-01-26,2026-01-26 10:30:00-05:00,2026-02-23 10:30:00-05:00,2026-02-01 18:02:00-05:00,lower,skipped,no_anchor,n/a,n/a,,,,,,,,
2073_lower,2026-02-02,2026-01-22 10:30:00-05:00,2026-02-19 10:30:00-05:00,2026-02-01 22:14:00-05:00,lower,executed,,flat,inactive,2026-02-01 22:14:00-05:00,2026-02-02 01:18:00-05:00,25329.484066018675,25190.734066018675,92.5,138.75,SL,-138.75
2074_lower,2026-01-23,2026-01-23 10:30:00-05:00,2026-02-20 10:30:00-05:00,2026-02-01 22:41:00-05:00,lower,skipped,position_open,open,active,,,,,,,,
2081_lower,2026-02-03,2026-02-03 10:30:00-05:00,2026-03-03 10:30:00-05:00,2026-02-03 13:59:00-05:00,lower,skipped,blocked_time,n/a,n/a,,,,,,,,
2080_lower,2026-02-04,2026-02-02 10:30:00-05:00,2026-03-02 10:30:00-05:00,2026-02-04 10:01:00-05:00,lower,executed,,flat,inactive,2026-02-04 10:01:00-05:00,2026-02-04 10:56:00-05:00,25140.835937438016,25140.835937438016,204.0,200.0,BE,0.0
2070_lower,2026-01-19,2026-01-19 10:30:00-05:00,2026-02-16 10:30:00-05:00,2026-02-04 11:40:00-05:00,lower,skipped,blocked_time,n/a,n/a,,,,,,,,
2071_lower,2026-01-20,2026-01-20 10:30:00-05:00,2026-02-17 10:30:00-05:00,2026-02-04 11:43:00-05:00,lower,skipped,blocked_time,n/a,n/a,,,,,,,,
2082_lower,2026-02-04,2026-02-04 10:30:00-05:00,2026-03-04 10:30:00-05:00,2026-02-04 12:27:00-05:00,lower,skipped,blocked_time,n/a,n/a,,,,,,,,
2072_lower,2026-01-21,2026-01-21 10:30:00-05:00,2026-02-18 10:30:00-05:00,2026-02-04 12:40:00-05:00,lower,skipped,blocked_time,n/a,n/a,,,,,,,,
2084_upper,2026-02-06,2026-02-06 10:30:00-05:00,2026-03-06 10:30:00-05:00,2026-02-08 18:05:00-05:00,upper,skipped,no_anchor,n/a,n/a,,,,,,,,
2083_upper,2026-02-05,2026-02-05 10:30:00-05:00,2026-03-05 10:30:00-05:00,2026-02-08 18:47:00-05:00,upper,skipped,no_anchor,n/a,n/a,,,,,,,,
2086_lower,2026-02-10,2026-02-10 10:30:00-05:00,2026-03-10 10:30:00-04:00,2026-02-12 11:00:00-05:00,lower,skipped,blocked_time,n/a,n/a,,,,,,,,
2088_lower,2026-02-12,2026-02-12 10:30:00-05:00,2026-03-12 10:30:00-04:00,2026-02-12 11:12:00-05:00,lower,skipped,blocked_time,n/a,n/a,,,,,,,,
2087_lower,2026-02-11,2026-02-11 10:30:00-05:00,2026-03-11 10:30:00-04:00,2026-02-12 11:29:00-05:00,lower,skipped,blocked_time,n/a,n/a,,,,,,,,
2085_lower,2026-02-13,2026-02-09 10:30:00-05:00,2026-03-09 10:30:00-04:00,2026-02-13 06:30:00-05:00,lower,executed,,flat,inactive,2026-02-13 06:30:00-05:00,2026-02-13 08:13:00-05:00,24642.172199589862,24642.172199589862,72.0,108.0,BE,0.0
2090_upper,2026-02-18,2026-02-16 10:30:00-05:00,2026-03-16 10:30:00-04:00,2026-02-18 10:16:00-05:00,upper,executed,,flat,inactive,2026-02-18 10:16:00-05:00,2026-02-18 14:57:00-05:00,25066.72503676333,24866.72503676333,206.5,200.0,TP,200.0
2091_upper,2026-02-25,2026-02-17 10:30:00-05:00,2026-03-17 10:30:00-04:00,2026-02-25 07:22:00-05:00,upper,executed,,flat,inactive,2026-02-25 07:22:00-05:00,2026-02-25 08:10:00-05:00,25147.430224846037,25147.430224846037,60.0,90.0,BE,-0.0
2089_upper,2026-02-25,2026-02-13 10:30:00-05:00,2026-03-13 10:30:00-04:00,2026-02-25 09:30:00-05:00,upper,executed,,flat,inactive,2026-02-25 09:30:00-05:00,2026-02-25 09:45:00-05:00,25217.118901136146,25280.118901136146,42.0,63.0,SL,-63.0
2093_upper,2026-02-19,2026-02-19 10:30:00-05:00,2026-03-19 10:30:00-04:00,2026-02-25 09:31:00-05:00,upper,skipped,position_open,open,active,,,,,,,,
2096_upper,2026-02-24,2026-02-24 10:30:00-05:00,2026-03-24 10:30:00-04:00,2026-02-25 09:47:00-05:00,upper,skipped,SAL,n/a,active,,,,,,,,
2092_upper,2026-02-18,2026-02-18 10:30:00-05:00,2026-03-18 10:30:00-04:00,2026-02-25 09:51:00-05:00,upper,skipped,SAL,n/a,active,,,,,,,,
2094_upper,2026-02-20,2026-02-20 10:30:00-05:00,2026-03-20 10:30:00-04:00,2026-02-25 09:51:00-05:00,upper,skipped,SAL,n/a,active,,,,,,,,
2095_upper,2026-02-23,2026-02-23 10:30:00-05:00,2026-03-23 10:30:00-04:00,2026-02-25 09:51:00-05:00,upper,skipped,SAL,n/a,active,,,,,,,,
2097_lower,2026-02-27,2026-02-25 10:30:00-05:00,2026-03-25 10:30:00-04:00,2026-02-27 08:30:00-05:00,lower,executed,,flat,inactive,2026-02-27 08:30:00-05:00,2026-02-27 09:27:00-05:00,24815.979214667685,24815.979214667685,96.0,144.0,BE,0.0
2098_lower,2026-02-26,2026-02-26 10:30:00-05:00,2026-03-26 10:30:00-04:00,2026-03-01 18:00:00-05:00,lower,skipped,no_anchor,n/a,n/a,,,,,,,,
2095_lower,2026-03-02,2026-02-23 10:30:00-05:00,2026-03-23 10:30:00-04:00,2026-03-02 01:49:00-05:00,lower,executed,,flat,inactive,2026-03-02 01:49:00-05:00,2026-03-02 06:46:00-05:00,24577.817436498786,24724.067436498786,97.5,146.25,TP,146.25
2093_lower,2026-03-03,2026-02-19 10:30:00-05:00,2026-03-19 10:30:00-04:00,2026-03-03 04:50:00-05:00,lower,executed,,flat,inactive,2026-03-03 04:50:00-05:00,2026-03-03 11:45:00-05:00,24470.007538167396,24670.007538167396,189.5,200.0,TP,200.0
2099_lower,2026-02-27,2026-02-27 10:30:00-05:00,2026-03-27 10:30:00-04:00,2026-03-03 04:51:00-05:00,lower,skipped,position_open,open,inactive,,,,,,,,
2090_lower,2026-02-16,2026-02-16 10:30:00-05:00,2026-03-16 10:30:00-04:00,2026-03-03 05:02:00-05:00,lower,skipped,position_open,open,inactive,,,,,,,,
2092_lower,2026-02-18,2026-02-18 10:30:00-05:00,2026-03-18 10:30:00-04:00,2026-03-03 06:20:00-05:00,lower,skipped,position_open,open,inactive,,,,,,,,
2101_upper,2026-03-04,2026-03-03 10:30:00-05:00,2026-03-31 10:30:00-04:00,2026-03-04 10:09:00-05:00,upper,executed,,flat,inactive,2026-03-04 10:09:00-05:00,2026-03-04 13:32:00-05:00,24992.88673184011,25192.88673184011,144.25,200.0,SL,-200.0
2100_upper,2026-03-02,2026-03-02 10:30:00-05:00,2026-03-30 10:30:00-04:00,2026-03-04 13:33:00-05:00,upper,skipped,blocked_time,n/a,n/a,,,,,,,,
2099_upper,2026-03-05,2026-02-27 10:30:00-05:00,2026-03-27 10:30:00-04:00,2026-03-04 19:17:00-05:00,upper,executed,,flat,inactive,2026-03-04 19:17:00-05:00,2026-03-04 20:17:00-05:00,25238.621423163157,25162.496423163157,50.75,76.125,TP,76.125
2096_lower,2026-02-24,2026-02-24 10:30:00-05:00,2026-03-24 10:30:00-04:00,2026-03-08 18:00:00-04:00,lower,skipped,no_anchor,n/a,n/a,,,,,,,,
2102_lower,2026-03-04,2026-03-04 10:30:00-05:00,2026-04-01 10:30:00-04:00,2026-03-08 18:00:00-04:00,lower,skipped,no_anchor,n/a,n/a,,,,,,,,
2103_lower,2026-03-05,2026-03-05 10:30:00-05:00,2026-04-02 10:30:00-04:00,2026-03-08 18:00:00-04:00,lower,skipped,no_anchor,n/a,n/a,,,,,,,,
2089_lower,2026-02-13,2026-02-13 10:30:00-05:00,2026-03-13 10:30:00-04:00,2026-03-08 18:02:00-04:00,lower,skipped,no_anchor,n/a,n/a,,,,,,,,
2094_lower,2026-02-20,2026-02-20 10:30:00-05:00,2026-03-20 10:30:00-04:00,2026-03-08 18:02:00-04:00,lower,skipped,no_anchor,n/a,n/a,,,,,,,,
2104_lower,2026-03-06,2026-03-06 10:30:00-05:00,2026-04-06 10:30:00-04:00,2026-03-08 18:02:00-04:00,lower,skipped,no_anchor,n/a,n/a,,,,,,,,
2100_lower,2026-03-09,2026-03-02 10:30:00-05:00,2026-03-30 10:30:00-04:00,2026-03-08 19:47:00-04:00,lower,executed,,flat,inactive,2026-03-08 19:47:00-04:00,2026-03-08 21:51:00-04:00,24217.72390131144,24017.72390131144,250.0,200.0,SL,-200.0
2091_lower,2026-02-17,2026-02-17 10:30:00-05:00,2026-03-17 10:30:00-04:00,2026-03-08 20:23:00-04:00,lower,skipped,position_open,open,active,,,,,,,,
2101_lower,2026-03-03,2026-03-03 10:30:00-05:00,2026-03-31 10:30:00-04:00,2026-03-08 21:47:00-04:00,lower,skipped,position_open,open,active,,,,,,,,
2105_upper,2026-03-09,2026-03-09 10:30:00-04:00,2026-04-07 10:30:00-04:00,2026-03-09 15:23:00-04:00,upper,skipped,no_cutoff,n/a,n/a,,,,,,,,
2104_upper,2026-03-10,2026-03-06 10:30:00-05:00,2026-04-06 10:30:00-04:00,2026-03-10 04:08:00-04:00,upper,executed,,flat,inactive,2026-03-10 04:08:00-04:00,2026-03-10 08:04:00-04:00,25141.2258939919,24941.2258939919,137.5,200.0,TP,200.0
2107_lower,2026-03-12,2026-03-11 10:30:00-04:00,2026-04-09 10:30:00-04:00,2026-03-12 10:29:00-04:00,lower,executed,,flat,inactive,2026-03-12 10:29:00-04:00,2026-03-12 15:00:00-04:00,24622.237207128856,24613.5,222.25,200.0,cutoff,-8.737207128855516
2106_lower,2026-03-10,2026-03-10 10:30:00-04:00,2026-04-08 10:30:00-04:00,2026-03-12 11:13:00-04:00,lower,skipped,blocked_time,n/a,n/a,,,,,,,,
2108_lower,2026-03-12,2026-03-12 10:30:00-04:00,2026-04-10 10:30:00-04:00,2026-03-15 18:00:00-04:00,lower,skipped,no_anchor,n/a,n/a,,,,,,,,
2109_upper,2026-03-18,2026-03-13 10:30:00-04:00,2026-04-13 10:30:00-04:00,2026-03-17 22:29:00-04:00,upper,executed,,flat,inactive,2026-03-17 22:29:00-04:00,2026-03-17 23:22:00-04:00,25125.40484697707,25125.40484697707,19.0,28.5,BE,-0.0
2108_upper,2026-03-18,2026-03-12 10:30:00-04:00,2026-04-10 10:30:00-04:00,2026-03-18 02:20:00-04:00,upper,executed,,flat,inactive,2026-03-18 02:20:00-04:00,2026-03-18 06:19:00-04:00,25192.733585726743,25192.733585726743,35.25,52.875,BE,-0.0
2111_lower,2026-03-17,2026-03-17 10:30:00-04:00,2026-04-15 10:30:00-04:00,2026-03-18 16:06:00-04:00,lower,skipped,no_cutoff,n/a,n/a,,,,,,,,
2112_lower,2026-03-19,2026-03-18 10:30:00-04:00,2026-04-16 10:30:00-04:00,2026-03-19 04:42:00-04:00,lower,executed,,flat,inactive,2026-03-19 04:42:00-04:00,2026-03-19 05:29:00-04:00,24512.58829502623,24512.58829502623,83.25,124.875,BE,0.0
2110_lower,2026-03-19,2026-03-16 10:30:00-04:00,2026-04-14 10:30:00-04:00,2026-03-19 08:26:00-04:00,lower,executed,,flat,inactive,2026-03-19 08:26:00-04:00,2026-03-19 15:00:00-04:00,24473.56472720614,24535.5,104.5,156.75,cutoff,61.93527279386035
2109_lower,2026-03-13,2026-03-13 10:30:00-04:00,2026-04-13 10:30:00-04:00,2026-03-20 13:05:00-04:00,lower,skipped,blocked_time,n/a,n/a,,,,,,,,
2113_lower,2026-03-19,2026-03-19 10:30:00-04:00,2026-04-17 10:30:00-04:00,2026-03-20 15:37:00-04:00,lower,skipped,no_cutoff,n/a,n/a,,,,,,,,
2105_lower,2026-03-09,2026-03-09 10:30:00-04:00,2026-04-07 10:30:00-04:00,2026-03-22 18:00:00-04:00,lower,skipped,no_anchor,n/a,n/a,,,,,,,,
2114_lower,2026-03-20,2026-03-20 10:30:00-04:00,2026-04-20 10:30:00-04:00,2026-03-22 18:00:00-04:00,lower,skipped,no_anchor,n/a,n/a,,,,,,,,
2115_lower,2026-03-26,2026-03-23 10:30:00-04:00,2026-04-21 10:30:00-04:00,2026-03-26 10:55:00-04:00,lower,executed,,flat,inactive,2026-03-26 10:55:00-04:00,2026-03-26 12:17:00-04:00,24033.677942247734,24033.677942247734,169.25,200.0,BE,0.0
2117_lower,2026-03-25,2026-03-25 10:30:00-04:00,2026-04-23 10:30:00-04:00,2026-03-26 12:49:00-04:00,lower,skipped,blocked_time,n/a,n/a,,,,,,,,
2116_lower,2026-03-24,2026-03-24 10:30:00-04:00,2026-04-22 10:30:00-04:00,2026-03-26 15:31:00-04:00,lower,skipped,no_cutoff,n/a,n/a,,,,,,,,
2118_lower,2026-03-27,2026-03-26 10:30:00-04:00,2026-04-24 10:30:00-04:00,2026-03-27 05:06:00-04:00,lower,executed,,flat,inactive,2026-03-27 05:06:00-04:00,2026-03-27 05:59:00-04:00,23735.61357694715,23735.61357694715,127.0,190.5,BE,0.0
2119_lower,2026-03-27,2026-03-27 10:30:00-04:00,2026-04-27 10:30:00-04:00,2026-03-29 18:06:00-04:00,lower,skipped,no_anchor,n/a,n/a,,,,,,,,
2120_lower,2026-03-31,2026-03-30 10:30:00-04:00,2026-04-28 10:30:00-04:00,2026-03-30 20:23:00-04:00,lower,executed,,flat,inactive,2026-03-30 20:23:00-04:00,2026-03-30 20:38:00-04:00,22974.335782041075,23092.460782041075,78.75,118.125,TP,118.125
2121_upper,2026-03-31,2026-03-31 10:30:00-04:00,2026-04-29 10:30:00-04:00,2026-03-31 15:10:00-04:00,upper,skipped,no_cutoff,n/a,n/a,,,,,,,,
2120_upper,2026-03-30,2026-03-30 10:30:00-04:00,2026-04-28 10:30:00-04:00,2026-03-31 15:50:00-04:00,upper,skipped,no_cutoff,n/a,n/a,,,,,,,,
2119_upper,2026-04-01,2026-03-27 10:30:00-04:00,2026-04-27 10:30:00-04:00,2026-04-01 01:25:00-04:00,upper,executed,,flat,inactive,2026-04-01 01:25:00-04:00,2026-04-01 02:29:00-04:00,24058.101257503527,24124.101257503527,44.0,66.0,SL,-66.0
2122_lower,2026-04-02,2026-04-01 10:30:00-04:00,2026-04-30 10:30:00-04:00,2026-04-02 07:41:00-04:00,lower,executed,,flat,inactive,2026-04-02 07:41:00-04:00,2026-04-02 09:30:00-04:00,23705.782614083088,23804.407614083088,65.75,98.625,TP,98.625
2123_upper,2026-04-06,2026-04-02 10:30:00-04:00,2026-05-01 10:30:00-04:00,2026-04-05 22:21:00-04:00,upper,executed,,flat,inactive,2026-04-05 22:21:00-04:00,2026-04-05 22:57:00-04:00,24317.075760359934,24232.700760359934,56.25,84.375,TP,84.375
2118_upper,2026-03-26,2026-03-26 10:30:00-04:00,2026-04-24 10:30:00-04:00,2026-04-07 18:00:00-04:00,upper,skipped,no_anchor,n/a,n/a,,,,,,,,
2122_upper,2026-04-01,2026-04-01 10:30:00-04:00,2026-04-30 10:30:00-04:00,2026-04-07 18:00:00-04:00,upper,skipped,no_anchor,n/a,n/a,,,,,,,,
2116_upper,2026-03-24,2026-03-24 10:30:00-04:00,2026-04-22 10:30:00-04:00,2026-04-07 18:32:00-04:00,upper,skipped,no_anchor,n/a,n/a,,,,,,,,
2124_upper,2026-04-06,2026-04-06 10:30:00-04:00,2026-05-04 10:30:00-04:00,2026-04-07 18:32:00-04:00,upper,skipped,no_anchor,n/a,n/a,,,,,,,,
2125_upper,2026-04-07,2026-04-07 10:30:00-04:00,2026-05-05 10:30:00-04:00,2026-04-07 18:32:00-04:00,upper,skipped,no_anchor,n/a,n/a,,,,,,,,
2113_upper,2026-03-19,2026-03-19 10:30:00-04:00,2026-04-17 10:30:00-04:00,2026-04-07 18:58:00-04:00,upper,skipped,no_anchor,n/a,n/a,,,,,,,,
2114_upper,2026-03-20,2026-03-20 10:30:00-04:00,2026-04-20 10:30:00-04:00,2026-04-07 18:58:00-04:00,upper,skipped,no_anchor,n/a,n/a,,,,,,,,
2117_upper,2026-03-25,2026-03-25 10:30:00-04:00,2026-04-23 10:30:00-04:00,2026-04-07 18:58:00-04:00,upper,skipped,no_anchor,n/a,n/a,,,,,,,,
2115_upper,2026-04-08,2026-03-23 10:30:00-04:00,2026-04-21 10:30:00-04:00,2026-04-07 19:22:00-04:00,upper,executed,,flat,inactive,2026-04-07 19:22:00-04:00,2026-04-08 04:59:00-04:00,25019.947057752266,25219.947057752266,569.5,200.0,SL,-200.0
2112_upper,2026-03-18,2026-03-18 10:30:00-04:00,2026-04-16 10:30:00-04:00,2026-04-10 08:29:00-04:00,upper,skipped,simultaneous_collision,flat,inactive,,,,,,,,
2110_upper,2026-04-10,2026-03-16 10:30:00-04:00,2026-04-14 10:30:00-04:00,2026-04-10 08:29:00-04:00,upper,executed,,flat,inactive,2026-04-10 08:29:00-04:00,2026-04-10 08:29:00-04:00,25303.93527279386,25364.68527279386,40.5,60.75,SL,-60.75
2128_lower,2026-04-10,2026-04-10 10:30:00-04:00,2026-05-08 10:30:00-04:00,2026-04-12 18:00:00-04:00,lower,skipped,no_anchor,n/a,n/a,,,,,,,,
2111_upper,2026-03-17,2026-03-17 10:30:00-04:00,2026-04-15 10:30:00-04:00,2026-04-13 12:35:00-04:00,upper,skipped,blocked_time,n/a,n/a,,,,,,,,
2127_upper,2026-04-09,2026-04-09 10:30:00-04:00,2026-05-07 10:30:00-04:00,2026-04-13 12:35:00-04:00,upper,skipped,blocked_time,n/a,n/a,,,,,,,,
2129_upper,2026-04-13,2026-04-13 10:30:00-04:00,2026-05-11 10:30:00-04:00,2026-04-13 16:59:00-04:00,upper,skipped,no_cutoff,n/a,n/a,,,,,,,,
2128_upper,2026-04-10,2026-04-10 10:30:00-04:00,2026-05-08 10:30:00-04:00,2026-04-14 03:06:00-04:00,upper,skipped,simultaneous_collision,flat,inactive,,,,,,,,
2126_upper,2026-04-14,2026-04-08 10:30:00-04:00,2026-05-06 10:30:00-04:00,2026-04-14 03:06:00-04:00,upper,executed,,flat,inactive,2026-04-14 03:06:00-04:00,2026-04-14 04:04:00-04:00,25623.49518888307,25623.49518888307,28.75,43.125,BE,-0.0
2130_upper,2026-04-15,2026-04-14 10:30:00-04:00,2026-05-12 10:30:00-04:00,2026-04-14 21:19:00-04:00,upper,executed,,flat,inactive,2026-04-14 21:19:00-04:00,2026-04-14 22:35:00-04:00,26037.83919490537,25995.83919490537,28.0,42.0,TP,42.0
2131_upper,2026-04-15,2026-04-15 10:30:00-04:00,2026-05-13 10:30:00-04:00,2026-04-15 18:38:00-04:00,upper,skipped,no_anchor,n/a,n/a,,,,,,,,
2132_upper,2026-04-17,2026-04-16 10:30:00-04:00,2026-05-14 10:30:00-04:00,2026-04-17 09:08:00-04:00,upper,executed,,flat,inactive,2026-04-17 09:08:00-04:00,2026-04-17 10:05:00-04:00,26765.431785312212,26765.431785312212,184.25,200.0,BE,-0.0
2133_upper,2026-04-17,2026-04-17 10:30:00-04:00,2026-05-15 10:30:00-04:00,2026-04-22 13:22:00-04:00,upper,skipped,blocked_time,n/a,n/a,,,,,,,,
2134_upper,2026-04-20,2026-04-20 10:30:00-04:00,2026-05-18 10:30:00-04:00,2026-04-22 16:02:00-04:00,upper,skipped,no_cutoff,n/a,n/a,,,,,,,,
2135_upper,2026-04-24,2026-04-21 10:30:00-04:00,2026-05-19 10:30:00-04:00,2026-04-24 06:25:00-04:00,upper,executed,,flat,inactive,2026-04-24 06:25:00-04:00,2026-04-24 07:07:00-04:00,27170.93059692602,27255.30559692602,56.25,84.375,SL,-84.375
2136_upper,2026-04-22,2026-04-22 10:30:00-04:00,2026-05-20 10:30:00-04:00,2026-04-24 07:07:00-04:00,upper,skipped,SAL,n/a,active,,,,,,,,
2137_upper,2026-04-23,2026-04-23 10:30:00-04:00,2026-05-21 10:30:00-04:00,2026-04-24 11:44:00-04:00,upper,skipped,blocked_time,n/a,n/a,,,,,,,,
2139_lower,2026-04-28,2026-04-27 10:30:00-04:00,2026-05-25 10:30:00-04:00,2026-04-28 08:31:00-04:00,lower,executed,,flat,inactive,2026-04-28 08:31:00-04:00,2026-04-28 09:43:00-04:00,27037.829693513137,27237.829693513137,189.25,200.0,TP,200.0
2140_upper,2026-04-30,2026-04-28 10:30:00-04:00,2026-05-26 10:30:00-04:00,2026-04-29 19:53:00-04:00,upper,executed,,flat,inactive,2026-04-29 19:53:00-04:00,2026-04-30 00:06:00-04:00,27540.448626530564,27340.448626530564,293.0,200.0,TP,200.0
2141_upper,2026-04-29,2026-04-29 10:30:00-04:00,2026-05-27 10:30:00-04:00,2026-04-29 19:54:00-04:00,upper,skipped,position_open,open,inactive,,,,,,,,
2138_upper,2026-04-24,2026-04-24 10:30:00-04:00,2026-05-22 10:30:00-04:00,2026-04-29 20:00:00-04:00,upper,skipped,position_open,open,inactive,,,,,,,,
2139_upper,2026-05-01,2026-04-27 10:30:00-04:00,2026-05-25 10:30:00-04:00,2026-05-01 09:34:00-04:00,upper,executed,,flat,inactive,2026-05-01 09:34:00-04:00,2026-05-01 09:55:00-04:00,27739.670306486863,27857.795306486863,78.75,118.125,SL,-118.125
2142_upper,2026-04-30,2026-04-30 10:30:00-04:00,2026-05-28 10:30:00-04:00,2026-05-01 10:13:00-04:00,upper,skipped,SAL,n/a,active,,,,,,,,
2143_upper,2026-05-01,2026-05-01 10:30:00-04:00,2026-05-29 10:30:00-04:00,2026-05-05 12:14:00-04:00,upper,skipped,blocked_time,n/a,n/a,,,,,,,,
2144_upper,2026-05-04,2026-05-04 10:30:00-04:00,2026-06-01 10:30:00-04:00,2026-05-05 14:04:00-04:00,upper,skipped,blocked_time,n/a,n/a,,,,,,,,
2145_upper,2026-05-05,2026-05-05 10:30:00-04:00,2026-06-02 10:30:00-04:00,2026-05-05 18:52:00-04:00,upper,skipped,no_anchor,n/a,n/a,,,,,,,,
2146_upper,2026-05-06,2026-05-06 10:30:00-04:00,2026-06-03 10:30:00-04:00,2026-05-06 16:13:00-04:00,upper,skipped,no_cutoff,n/a,n/a,,,,,,,,
2147_upper,2026-05-08,2026-05-07 10:30:00-04:00,2026-06-04 10:30:00-04:00,2026-05-08 10:25:00-04:00,upper,executed,,flat,inactive,2026-05-08 10:25:00-04:00,2026-05-08 15:00:00-04:00,29159.037317602226,29255.5,251.75,200.0,cutoff,-96.46268239777419
2148_upper,2026-05-11,2026-05-08 10:30:00-04:00,2026-06-05 10:30:00-04:00,2026-05-11 09:32:00-04:00,upper,executed,,flat,inactive,2026-05-11 09:32:00-04:00,2026-05-11 10:29:00-04:00,29418.641271832872,29277.641271832872,94.0,141.0,TP,141.0
2149_lower,2026-05-11,2026-05-11 10:30:00-04:00,2026-06-07 19:59:00-04:00,2026-05-12 11:05:00-04:00,lower,skipped,blocked_time,n/a,n/a,,,,,,,,
2150_lower,2026-05-12,2026-05-12 10:30:00-04:00,2026-06-07 19:59:00-04:00,2026-05-12 12:53:00-04:00,lower,skipped,blocked_time,n/a,n/a,,,,,,,,
2150_upper,2026-05-14,2026-05-12 10:30:00-04:00,2026-06-07 19:59:00-04:00,2026-05-13 19:05:00-04:00,upper,executed,,flat,inactive,2026-05-13 19:05:00-04:00,2026-05-13 20:15:00-04:00,29636.301688478587,29636.301688478587,81.25,121.875,BE,-0.0
2151_upper,2026-05-14,2026-05-13 10:30:00-04:00,2026-06-07 19:59:00-04:00,2026-05-13 20:17:00-04:00,upper,executed,,flat,inactive,2026-05-13 20:17:00-04:00,2026-05-13 23:23:00-04:00,29653.501842135433,29566.126842135433,58.25,87.375,TP,87.375
2149_upper,2026-05-11,2026-05-11 10:30:00-04:00,2026-06-07 19:59:00-04:00,2026-05-13 20:59:00-04:00,upper,skipped,position_open,open,inactive,,,,,,,,
2152_lower,2026-05-15,2026-05-14 10:30:00-04:00,2026-06-07 19:59:00-04:00,2026-05-15 09:47:00-04:00,lower,executed,,flat,inactive,2026-05-15 09:47:00-04:00,2026-05-15 09:54:00-04:00,29089.966943823336,29259.466943823336,113.0,169.5,TP,169.5
2154_lower,2026-05-18,2026-05-18 10:30:00-04:00,2026-06-07 19:59:00-04:00,2026-05-18 12:30:00-04:00,lower,skipped,blocked_time,n/a,n/a,,,,,,,,
2151_lower,2026-05-19,2026-05-13 10:30:00-04:00,2026-06-07 19:59:00-04:00,2026-05-19 09:20:00-04:00,lower,executed,,flat,inactive,2026-05-19 09:20:00-04:00,2026-05-19 09:32:00-04:00,28814.748157864567,28974.873157864567,106.75,160.125,TP,160.125
2153_lower,2026-05-19,2026-05-15 10:30:00-04:00,2026-06-07 19:59:00-04:00,2026-05-19 10:07:00-04:00,lower,executed,,flat,inactive,2026-05-19 10:07:00-04:00,2026-05-19 12:44:00-04:00,28784.542894281454,28984.542894281454,265.25,200.0,TP,200.0
2155_upper,2026-05-21,2026-05-19 10:30:00-04:00,2026-06-07 19:59:00-04:00,2026-05-21 00:59:00-04:00,upper,executed,,flat,inactive,2026-05-21 00:59:00-04:00,2026-05-21 01:47:00-04:00,29425.640230944802,29341.265230944802,56.25,84.375,TP,84.375
2156_upper,2026-05-20,2026-05-20 10:30:00-04:00,2026-06-07 19:59:00-04:00,2026-05-21 13:55:00-04:00,upper,skipped,blocked_time,n/a,n/a,,,,,,,,
2157_upper,2026-05-22,2026-05-21 10:30:00-04:00,2026-06-07 19:59:00-04:00,2026-05-22 04:20:00-04:00,upper,executed,,flat,inactive,2026-05-22 04:20:00-04:00,2026-05-22 05:00:00-04:00,29649.938314740954,29561.813314740954,58.75,88.125,TP,88.125
2153_upper,2026-05-15,2026-05-15 10:30:00-04:00,2026-06-07 19:59:00-04:00,2026-05-22 13:28:00-04:00,upper,skipped,blocked_time,n/a,n/a,,,,,,,,
2154_upper,2026-05-18,2026-05-18 10:30:00-04:00,2026-06-07 19:59:00-04:00,2026-05-22 13:29:00-04:00,upper,skipped,blocked_time,n/a,n/a,,,,,,,,
2152_upper,2026-05-25,2026-05-14 10:30:00-04:00,2026-06-07 19:59:00-04:00,2026-05-24 22:59:00-04:00,upper,executed,,flat,inactive,2026-05-24 22:59:00-04:00,2026-05-25 03:20:00-04:00,29957.908056176664,29893.408056176664,43.0,64.5,TP,64.5
2158_upper,2026-05-26,2026-05-22 10:30:00-04:00,2026-06-07 19:59:00-04:00,2026-05-26 10:14:00-04:00,upper,executed,,flat,inactive,2026-05-26 10:14:00-04:00,2026-05-26 15:00:00-04:00,30025.760172035767,30009.75,180.25,200.0,cutoff,16.010172035767027
2159_upper,2026-05-27,2026-05-25 10:30:00-04:00,2026-06-07 19:59:00-04:00,2026-05-27 07:01:00-04:00,upper,executed,,flat,inactive,2026-05-27 07:01:00-04:00,2026-05-27 08:21:00-04:00,30264.768725375012,30319.143725375012,36.25,54.375,SL,-54.375
2160_upper,2026-05-29,2026-05-26 10:30:00-04:00,2026-06-07 19:59:00-04:00,2026-05-29 09:30:00-04:00,upper,executed,,flat,inactive,2026-05-29 09:30:00-04:00,2026-05-29 09:45:00-04:00,30390.7769029797,30471.7769029797,54.0,81.0,SL,-81.0
2162_upper,2026-05-28,2026-05-28 10:30:00-04:00,2026-06-07 19:59:00-04:00,2026-05-29 09:57:00-04:00,upper,skipped,SAL,n/a,active,,,,,,,,
2161_upper,2026-05-27,2026-05-27 10:30:00-04:00,2026-06-07 19:59:00-04:00,2026-06-01 13:30:00-04:00,upper,skipped,blocked_time,n/a,n/a,,,,,,,,
2164_upper,2026-06-01,2026-06-01 10:30:00-04:00,2026-06-07 19:59:00-04:00,2026-06-02 16:05:00-04:00,upper,skipped,no_cutoff,n/a,n/a,,,,,,,,
2166_lower,2026-06-04,2026-06-03 10:30:00-04:00,2026-06-07 19:59:00-04:00,2026-06-04 06:55:00-04:00,lower,executed,,flat,inactive,2026-06-04 06:55:00-04:00,2026-06-04 09:37:00-04:00,30209.65952347485,30360.40952347485,100.5,150.75,TP,150.75
2165_lower,2026-06-05,2026-06-02 10:30:00-04:00,2026-06-07 19:59:00-04:00,2026-06-04 21:12:00-04:00,lower,executed,,flat,inactive,2026-06-04 21:12:00-04:00,2026-06-05 02:42:00-04:00,30118.631632908386,30118.631632908386,133.25,199.875,BE,0.0
2163_lower,2026-06-05,2026-05-29 10:30:00-04:00,2026-06-07 19:59:00-04:00,2026-06-05 09:27:00-04:00,lower,executed,,flat,inactive,2026-06-05 09:27:00-04:00,2026-06-05 09:56:00-04:00,30013.110362736203,29840.610362736203,115.0,172.5,SL,-172.5
2164_lower,2026-06-01,2026-06-01 10:30:00-04:00,2026-06-07 19:59:00-04:00,2026-06-05 09:39:00-04:00,lower,skipped,position_open,open,active,,,,,,,,
2167_lower,2026-06-04,2026-06-04 10:30:00-04:00,2026-06-07 19:59:00-04:00,2026-06-05 09:56:00-04:00,lower,skipped,SAL,n/a,active,,,,,,,,
2159_lower,2026-05-25,2026-05-25 10:30:00-04:00,2026-06-07 19:59:00-04:00,2026-06-05 11:39:00-04:00,lower,skipped,blocked_time,n/a,n/a,,,,,,,,
2161_lower,2026-05-27,2026-05-27 10:30:00-04:00,2026-06-07 19:59:00-04:00,2026-06-05 11:41:00-04:00,lower,skipped,blocked_time,n/a,n/a,,,,,,,,
2162_lower,2026-05-28,2026-05-28 10:30:00-04:00,2026-06-07 19:59:00-04:00,2026-06-05 12:06:00-04:00,lower,skipped,blocked_time,n/a,n/a,,,,,,,,
2168_lower,2026-06-05,2026-06-05 10:30:00-04:00,2026-06-07 19:59:00-04:00,2026-06-05 12:37:00-04:00,lower,skipped,blocked_time,n/a,n/a,,,,,,,,
2160_lower,2026-05-26,2026-05-26 10:30:00-04:00,2026-06-07 19:59:00-04:00,2026-06-05 12:40:00-04:00,lower,skipped,blocked_time,n/a,n/a,,,,,,,,
2158_lower,2026-05-22,2026-05-22 10:30:00-04:00,2026-06-07 19:59:00-04:00,2026-06-05 14:44:00-04:00,lower,skipped,blocked_time,n/a,n/a,,,,,,,,
2157_lower,2026-05-21,2026-05-21 10:30:00-04:00,2026-06-07 19:59:00-04:00,2026-06-05 16:19:00-04:00,lower,skipped,no_cutoff,n/a,n/a,,,,,,,,
