level_id,level_idx,session_date,created_at,expiry_at,side,level,touched_at
0_upper,0,2018-01-02,2018-01-02 10:30:00-05:00,2018-01-30 10:30:00-05:00,upper,6529.134910517963,2018-01-03 04:06:00-05:00
0_lower,0,2018-01-02,2018-01-02 10:30:00-05:00,2018-01-30 10:30:00-05:00,lower,6373.490089482037,
1_upper,1,2018-01-03,2018-01-03 10:30:00-05:00,2018-01-31 10:30:00-05:00,upper,6591.363648739487,2018-01-03 19:09:00-05:00
1_lower,1,2018-01-03,2018-01-03 10:30:00-05:00,2018-01-31 10:30:00-05:00,lower,6482.386351260513,
2_upper,2,2018-01-04,2018-01-04 10:30:00-05:00,2018-02-01 10:30:00-05:00,upper,6647.463047114303,2018-01-05 11:17:00-05:00
2_lower,2,2018-01-04,2018-01-04 10:30:00-05:00,2018-02-01 10:30:00-05:00,lower,6561.411952885697,
3_upper,3,2018-01-05,2018-01-05 10:30:00-05:00,2018-02-02 10:30:00-05:00,upper,6660.819130484404,2018-01-05 15:48:00-05:00
3_lower,3,2018-01-05,2018-01-05 10:30:00-05:00,2018-02-02 10:30:00-05:00,lower,6589.430869515596,
4_upper,4,2018-01-08,2018-01-08 10:30:00-05:00,2018-02-05 10:30:00-05:00,upper,6700.852925468027,2018-01-09 08:26:00-05:00
4_lower,4,2018-01-08,2018-01-08 10:30:00-05:00,2018-02-05 10:30:00-05:00,lower,6629.772074531973,2018-01-10 10:02:00-05:00
5_upper,5,2018-01-09,2018-01-09 10:30:00-05:00,2018-02-06 10:30:00-05:00,upper,6741.759581038228,2018-01-12 03:25:00-05:00
5_lower,5,2018-01-09,2018-01-09 10:30:00-05:00,2018-02-06 10:30:00-05:00,lower,6644.365418961772,2018-01-10 05:59:00-05:00
6_upper,6,2018-01-10,2018-01-10 10:30:00-05:00,2018-02-07 10:30:00-05:00,upper,6705.969460652561,2018-01-11 12:38:00-05:00
6_lower,6,2018-01-10,2018-01-10 10:30:00-05:00,2018-02-07 10:30:00-05:00,lower,6599.655539347439,2018-02-05 15:04:00-05:00
7_upper,7,2018-01-11,2018-01-11 10:30:00-05:00,2018-02-08 10:30:00-05:00,upper,6723.20900170372,2018-01-11 16:06:00-05:00
7_lower,7,2018-01-11,2018-01-11 10:30:00-05:00,2018-02-08 10:30:00-05:00,lower,6646.54099829628,2018-02-05 14:51:00-05:00
8_upper,8,2018-01-12,2018-01-12 10:30:00-05:00,2018-02-09 10:30:00-05:00,upper,6767.641689094185,2018-01-12 13:01:00-05:00
8_lower,8,2018-01-12,2018-01-12 10:30:00-05:00,2018-02-09 10:30:00-05:00,lower,6664.108310905815,2018-02-05 14:48:00-05:00
9_upper,9,2018-01-15,2018-01-15 10:30:00-05:00,2018-02-12 10:30:00-05:00,upper,6809.770647884909,2018-01-16 05:23:00-05:00
9_lower,9,2018-01-15,2018-01-15 10:30:00-05:00,2018-02-12 10:30:00-05:00,lower,6750.354352115091,2018-01-16 14:22:00-05:00
10_upper,10,2018-01-16,2018-01-16 10:30:00-05:00,2018-02-13 10:30:00-05:00,upper,6869.187003432237,2018-01-22 10:12:00-05:00
10_lower,10,2018-01-16,2018-01-16 10:30:00-05:00,2018-02-13 10:30:00-05:00,lower,6767.812996567763,2018-01-16 13:55:00-05:00
11_upper,11,2018-01-17,2018-01-17 10:30:00-05:00,2018-02-14 10:30:00-05:00,upper,6825.380439588893,2018-01-17 14:53:00-05:00
11_lower,11,2018-01-17,2018-01-17 10:30:00-05:00,2018-02-14 10:30:00-05:00,lower,6723.494560411107,2018-02-04 18:00:00-05:00
12_upper,12,2018-01-18,2018-01-18 10:30:00-05:00,2018-02-15 10:30:00-05:00,upper,6862.577746742863,2018-01-22 10:09:00-05:00
12_lower,12,2018-01-18,2018-01-18 10:30:00-05:00,2018-02-15 10:30:00-05:00,lower,6761.422253257137,2018-02-02 16:02:00-05:00
13_upper,13,2018-01-19,2018-01-19 10:30:00-05:00,2018-02-16 10:30:00-05:00,upper,6900.801329464198,2018-01-22 12:31:00-05:00
13_lower,13,2018-01-19,2018-01-19 10:30:00-05:00,2018-02-16 10:30:00-05:00,lower,6780.573670535802,2018-02-02 15:05:00-05:00
14_upper,14,2018-01-22,2018-01-22 10:30:00-05:00,2018-02-19 10:30:00-05:00,upper,6912.496667274796,2018-01-22 15:50:00-05:00
14_lower,14,2018-01-22,2018-01-22 10:30:00-05:00,2018-02-19 10:30:00-05:00,lower,6786.128332725204,2018-02-02 15:03:00-05:00
15_upper,15,2018-01-23,2018-01-23 10:30:00-05:00,2018-02-20 10:30:00-05:00,upper,6998.255469793344,2018-01-24 10:14:00-05:00
15_lower,15,2018-01-23,2018-01-23 10:30:00-05:00,2018-02-20 10:30:00-05:00,lower,6892.744530206656,2018-01-24 13:16:00-05:00
16_upper,16,2018-01-24,2018-01-24 10:30:00-05:00,2018-02-21 10:30:00-05:00,upper,7040.830414738329,2018-01-28 18:24:00-05:00
16_lower,16,2018-01-24,2018-01-24 10:30:00-05:00,2018-02-21 10:30:00-05:00,lower,6929.169585261671,2018-01-24 11:34:00-05:00
17_upper,17,2018-01-25,2018-01-25 10:30:00-05:00,2018-02-22 10:30:00-05:00,upper,7040.024002913326,2018-01-28 18:21:00-05:00
17_lower,17,2018-01-25,2018-01-25 10:30:00-05:00,2018-02-22 10:30:00-05:00,lower,6880.975997086674,2018-02-02 04:21:00-05:00
18_upper,18,2018-01-26,2018-01-26 10:30:00-05:00,2018-02-23 10:30:00-05:00,upper,7013.902387490326,2018-01-26 15:19:00-05:00
18_lower,18,2018-01-26,2018-01-26 10:30:00-05:00,2018-02-23 10:30:00-05:00,lower,6909.722612509674,2018-01-30 10:05:00-05:00
19_upper,19,2018-01-29,2018-01-29 10:30:00-05:00,2018-02-26 10:30:00-05:00,upper,7064.758257076852,
19_lower,19,2018-01-29,2018-01-29 10:30:00-05:00,2018-02-26 10:30:00-05:00,lower,6956.366742923148,2018-01-29 22:52:00-05:00
20_upper,20,2018-01-30,2018-01-30 10:30:00-05:00,2018-02-27 10:30:00-05:00,upper,7002.0957113602035,2018-02-26 16:31:00-05:00
20_lower,20,2018-01-30,2018-01-30 10:30:00-05:00,2018-02-27 10:30:00-05:00,lower,6858.1542886397965,2018-02-02 05:14:00-05:00
21_upper,21,2018-01-31,2018-01-31 10:30:00-05:00,2018-02-28 10:30:00-05:00,upper,7035.029145524079,
21_lower,21,2018-01-31,2018-01-31 10:30:00-05:00,2018-02-28 10:30:00-05:00,lower,6922.845854475921,2018-01-31 15:08:00-05:00
22_upper,22,2018-02-01,2018-02-01 10:30:00-05:00,2018-03-01 10:30:00-05:00,upper,7001.61295140851,2018-02-26 16:14:00-05:00
22_lower,22,2018-02-01,2018-02-01 10:30:00-05:00,2018-03-01 10:30:00-05:00,lower,6848.88704859149,2018-02-02 06:36:00-05:00
23_upper,23,2018-02-02,2018-02-02 10:30:00-05:00,2018-03-02 10:30:00-05:00,upper,6971.006897687846,2018-02-26 12:57:00-05:00
23_lower,23,2018-02-02,2018-02-02 10:30:00-05:00,2018-03-02 10:30:00-05:00,lower,6759.618102312154,2018-02-02 16:02:00-05:00
24_upper,24,2018-02-05,2018-02-05 10:30:00-05:00,2018-03-05 10:30:00-05:00,upper,6864.8095453032665,2018-02-21 14:00:00-05:00
24_lower,24,2018-02-05,2018-02-05 10:30:00-05:00,2018-03-05 10:30:00-05:00,lower,6590.6904546967335,2018-02-05 15:07:00-05:00
25_upper,25,2018-02-06,2018-02-06 10:30:00-05:00,2018-03-06 10:30:00-05:00,upper,6684.944584107352,2018-02-07 10:08:00-05:00
25_lower,25,2018-02-06,2018-02-06 10:30:00-05:00,2018-03-06 10:30:00-05:00,lower,6210.805415892648,2018-02-09 12:36:00-05:00
26_upper,26,2018-02-07,2018-02-07 10:30:00-05:00,2018-03-07 10:30:00-05:00,upper,6754.8584078021295,2018-02-15 12:39:00-05:00
26_lower,26,2018-02-07,2018-02-07 10:30:00-05:00,2018-03-07 10:30:00-05:00,lower,6547.2665921978705,2018-02-07 16:31:00-05:00
27_upper,27,2018-02-08,2018-02-08 10:30:00-05:00,2018-03-08 10:30:00-05:00,upper,6681.244007142209,2018-02-14 15:04:00-05:00
27_lower,27,2018-02-08,2018-02-08 10:30:00-05:00,2018-03-08 10:30:00-05:00,lower,6489.755992857791,2018-02-08 10:54:00-05:00
28_upper,28,2018-02-09,2018-02-09 10:30:00-05:00,2018-03-09 10:30:00-05:00,upper,6513.528021066135,2018-02-12 09:44:00-05:00
28_lower,28,2018-02-09,2018-02-09 10:30:00-05:00,2018-03-09 10:30:00-05:00,lower,6265.346978933865,2018-02-09 12:06:00-05:00
29_upper,29,2018-02-12,2018-02-12 10:30:00-05:00,2018-03-12 10:30:00-04:00,upper,6601.510020156329,2018-02-14 02:41:00-05:00
29_lower,29,2018-02-12,2018-02-12 10:30:00-05:00,2018-03-12 10:30:00-04:00,lower,6344.364979843671,
30_upper,30,2018-02-13,2018-02-13 10:30:00-05:00,2018-03-13 10:30:00-04:00,upper,6590.569710186437,2018-02-14 02:34:00-05:00
30_lower,30,2018-02-13,2018-02-13 10:30:00-05:00,2018-03-13 10:30:00-04:00,lower,6402.805289813563,
31_upper,31,2018-02-14,2018-02-14 10:30:00-05:00,2018-03-14 10:30:00-04:00,upper,6662.238774223706,2018-02-14 13:46:00-05:00
31_lower,31,2018-02-14,2018-02-14 10:30:00-05:00,2018-03-14 10:30:00-04:00,lower,6423.511225776294,
32_upper,32,2018-02-15,2018-02-15 10:30:00-05:00,2018-03-15 10:30:00-04:00,upper,6811.866788508734,2018-02-15 16:06:00-05:00
32_lower,32,2018-02-15,2018-02-15 10:30:00-05:00,2018-03-15 10:30:00-04:00,lower,6655.008211491266,2018-03-02 09:44:00-05:00
33_upper,33,2018-02-16,2018-02-16 10:30:00-05:00,2018-03-16 10:30:00-04:00,upper,6867.437234243054,2018-02-21 14:00:00-05:00
33_lower,33,2018-02-16,2018-02-16 10:30:00-05:00,2018-03-16 10:30:00-04:00,lower,6721.187765756946,2018-02-21 18:54:00-05:00
34_upper,34,2018-02-19,2018-02-19 10:30:00-05:00,2018-03-19 10:30:00-04:00,upper,6865.574831004591,2018-02-21 14:00:00-05:00
34_lower,34,2018-02-19,2018-02-19 10:30:00-05:00,2018-03-19 10:30:00-04:00,lower,6727.800168995409,2018-02-20 05:04:00-05:00
35_upper,35,2018-02-20,2018-02-20 10:30:00-05:00,2018-03-20 10:30:00-04:00,upper,6851.230605849432,2018-02-21 11:27:00-05:00
35_lower,35,2018-02-20,2018-02-20 10:30:00-05:00,2018-03-20 10:30:00-04:00,lower,6674.644394150568,2018-03-02 08:01:00-05:00
36_upper,36,2018-02-21,2018-02-21 10:30:00-05:00,2018-03-21 10:30:00-04:00,upper,6887.536011889101,2018-02-23 15:05:00-05:00
36_lower,36,2018-02-21,2018-02-21 10:30:00-05:00,2018-03-21 10:30:00-04:00,lower,6752.463988110899,2018-02-21 16:00:00-05:00
37_upper,37,2018-02-22,2018-02-22 10:30:00-05:00,2018-03-22 10:30:00-04:00,upper,6871.912614461429,2018-02-23 14:49:00-05:00
37_lower,37,2018-02-22,2018-02-22 10:30:00-05:00,2018-03-22 10:30:00-04:00,lower,6723.087385538571,2018-03-01 13:59:00-05:00
38_upper,38,2018-02-23,2018-02-23 10:30:00-05:00,2018-03-23 10:30:00-04:00,upper,6878.623273891219,2018-02-23 14:55:00-05:00
38_lower,38,2018-02-23,2018-02-23 10:30:00-05:00,2018-03-23 10:30:00-04:00,lower,6747.626726108781,2018-03-01 13:45:00-05:00
39_upper,39,2018-02-26,2018-02-26 10:30:00-05:00,2018-03-26 10:30:00-04:00,upper,7002.450119116215,2018-02-26 16:31:00-05:00
39_lower,39,2018-02-26,2018-02-26 10:30:00-05:00,2018-03-26 10:30:00-04:00,lower,6879.299880883785,2018-02-28 15:45:00-05:00
40_upper,40,2018-02-27,2018-02-27 10:30:00-05:00,2018-03-27 10:30:00-04:00,upper,7057.28680551017,2018-03-09 08:36:00-05:00
40_lower,40,2018-02-27,2018-02-27 10:30:00-05:00,2018-03-27 10:30:00-04:00,lower,6926.71319448983,2018-02-27 12:20:00-05:00
41_upper,41,2018-02-28,2018-02-28 10:30:00-05:00,2018-03-28 10:30:00-04:00,upper,7013.153575857334,2018-03-08 20:09:00-05:00
41_lower,41,2018-02-28,2018-02-28 10:30:00-05:00,2018-03-28 10:30:00-04:00,lower,6877.096424142666,2018-02-28 15:45:00-05:00
42_upper,42,2018-03-01,2018-03-01 10:30:00-05:00,2018-03-29 10:30:00-04:00,upper,6967.241668711537,2018-03-08 09:08:00-05:00
42_lower,42,2018-03-01,2018-03-01 10:30:00-05:00,2018-03-29 10:30:00-04:00,lower,6741.008331288463,2018-03-01 13:47:00-05:00
43_upper,43,2018-03-02,2018-03-02 10:30:00-05:00,2018-04-02 10:30:00-04:00,upper,6766.743215011062,2018-03-02 12:03:00-05:00
43_lower,43,2018-03-02,2018-03-02 10:30:00-05:00,2018-04-02 10:30:00-04:00,lower,6580.881784988938,2018-03-23 15:01:00-04:00
44_upper,44,2018-03-05,2018-03-05 10:30:00-05:00,2018-04-03 10:30:00-04:00,upper,6857.609340965633,2018-03-05 11:41:00-05:00
44_lower,44,2018-03-05,2018-03-05 10:30:00-05:00,2018-04-03 10:30:00-04:00,lower,6701.390659034367,2018-03-22 15:46:00-04:00
45_upper,45,2018-03-06,2018-03-06 10:30:00-05:00,2018-04-04 10:30:00-04:00,upper,6989.60835460164,2018-03-08 19:00:00-05:00
45_lower,45,2018-03-06,2018-03-06 10:30:00-05:00,2018-04-04 10:30:00-04:00,lower,6847.01664539836,2018-03-06 18:00:00-05:00
46_upper,46,2018-03-07,2018-03-07 10:30:00-05:00,2018-04-05 10:30:00-04:00,upper,6945.66025015068,2018-03-08 02:11:00-05:00
46_lower,46,2018-03-07,2018-03-07 10:30:00-05:00,2018-04-05 10:30:00-04:00,lower,6796.46474984932,2018-03-22 06:50:00-04:00
47_upper,47,2018-03-08,2018-03-08 10:30:00-05:00,2018-04-06 10:30:00-04:00,upper,7017.325979440954,2018-03-08 20:26:00-05:00
47_lower,47,2018-03-08,2018-03-08 10:30:00-05:00,2018-04-06 10:30:00-04:00,lower,6896.049020559046,2018-03-19 11:13:00-04:00
48_upper,48,2018-03-09,2018-03-09 10:30:00-05:00,2018-04-09 10:30:00-04:00,upper,7114.554200276203,2018-03-09 15:28:00-05:00
48_lower,48,2018-03-09,2018-03-09 10:30:00-05:00,2018-04-09 10:30:00-04:00,lower,6984.070799723797,2018-03-19 01:09:00-04:00
49_upper,49,2018-03-12,2018-03-12 10:30:00-04:00,2018-04-10 10:30:00-04:00,upper,7211.202029295153,2018-03-13 09:42:00-04:00
49_lower,49,2018-03-12,2018-03-12 10:30:00-04:00,2018-04-10 10:30:00-04:00,lower,7096.922970704847,2018-03-13 12:07:00-04:00
50_upper,50,2018-03-13,2018-03-13 10:30:00-04:00,2018-04-11 10:30:00-04:00,upper,7253.258907181564,
50_lower,50,2018-03-13,2018-03-13 10:30:00-04:00,2018-04-11 10:30:00-04:00,lower,7145.116092818436,2018-03-13 11:07:00-04:00
51_upper,51,2018-03-14,2018-03-14 10:30:00-04:00,2018-04-12 10:30:00-04:00,upper,7167.822537966356,
51_lower,51,2018-03-14,2018-03-14 10:30:00-04:00,2018-04-12 10:30:00-04:00,lower,7027.927462033644,2018-03-14 21:10:00-04:00
52_upper,52,2018-03-15,2018-03-15 10:30:00-04:00,2018-04-13 10:30:00-04:00,upper,7136.969520629686,
52_lower,52,2018-03-15,2018-03-15 10:30:00-04:00,2018-04-13 10:30:00-04:00,lower,6994.530479370314,2018-03-19 01:09:00-04:00
53_upper,53,2018-03-16,2018-03-16 10:30:00-04:00,2018-04-16 10:30:00-04:00,upper,7122.213355450758,
53_lower,53,2018-03-16,2018-03-16 10:30:00-04:00,2018-04-16 10:30:00-04:00,lower,7019.536644549242,2018-03-18 20:59:00-04:00
54_upper,54,2018-03-19,2018-03-19 10:30:00-04:00,2018-04-17 10:30:00-04:00,upper,7024.671215944054,
54_lower,54,2018-03-19,2018-03-19 10:30:00-04:00,2018-04-17 10:30:00-04:00,lower,6901.578784055946,2018-03-19 11:04:00-04:00
55_upper,55,2018-03-20,2018-03-20 10:30:00-04:00,2018-04-18 10:30:00-04:00,upper,6966.166834415295,
55_lower,55,2018-03-20,2018-03-20 10:30:00-04:00,2018-04-18 10:30:00-04:00,lower,6815.833165584705,2018-03-22 03:59:00-04:00
56_upper,56,2018-03-21,2018-03-21 10:30:00-04:00,2018-04-19 10:30:00-04:00,upper,6967.507701499644,
56_lower,56,2018-03-21,2018-03-21 10:30:00-04:00,2018-04-19 10:30:00-04:00,lower,6818.242298500356,2018-03-22 03:59:00-04:00
57_upper,57,2018-03-22,2018-03-22 10:30:00-04:00,2018-04-20 10:30:00-04:00,upper,6874.009219686544,
57_lower,57,2018-03-22,2018-03-22 10:30:00-04:00,2018-04-20 10:30:00-04:00,lower,6700.740780313456,2018-03-22 15:47:00-04:00
58_upper,58,2018-03-23,2018-03-23 10:30:00-04:00,2018-04-23 10:30:00-04:00,upper,6796.0404081907745,2018-03-26 20:01:00-04:00
58_lower,58,2018-03-23,2018-03-23 10:30:00-04:00,2018-04-23 10:30:00-04:00,lower,6582.5845918092255,2018-03-23 15:00:00-04:00
59_upper,59,2018-03-26,2018-03-26 10:30:00-04:00,2018-04-24 10:30:00-04:00,upper,6752.909326491736,2018-03-26 15:41:00-04:00
59_lower,59,2018-03-26,2018-03-26 10:30:00-04:00,2018-04-24 10:30:00-04:00,lower,6555.590673508264,2018-03-26 11:19:00-04:00
60_upper,60,2018-03-27,2018-03-27 10:30:00-04:00,2018-04-25 10:30:00-04:00,upper,6900.395930744051,
60_lower,60,2018-03-27,2018-03-27 10:30:00-04:00,2018-04-25 10:30:00-04:00,lower,6709.104069255949,2018-03-27 13:38:00-04:00
61_upper,61,2018-03-28,2018-03-28 10:30:00-04:00,2018-04-26 10:30:00-04:00,upper,6652.002550425705,2018-03-29 15:06:00-04:00
61_lower,61,2018-03-28,2018-03-28 10:30:00-04:00,2018-04-26 10:30:00-04:00,lower,6361.872449574295,2018-04-02 13:44:00-04:00
62_upper,62,2018-03-29,2018-03-29 10:30:00-04:00,2018-04-27 10:30:00-04:00,upper,6618.200644567763,2018-03-29 14:11:00-04:00
62_lower,62,2018-03-29,2018-03-29 10:30:00-04:00,2018-04-27 10:30:00-04:00,lower,6372.049355432237,2018-04-02 11:41:00-04:00
63_upper,63,2018-04-02,2018-04-02 10:30:00-04:00,2018-04-30 10:30:00-04:00,upper,6660.937374226001,2018-04-11 12:11:00-04:00
63_lower,63,2018-04-02,2018-04-02 10:30:00-04:00,2018-04-30 10:30:00-04:00,lower,6394.937625773999,2018-04-02 11:36:00-04:00
64_upper,64,2018-04-03,2018-04-03 10:30:00-04:00,2018-05-01 10:30:00-04:00,upper,6580.309822656636,2018-04-04 15:50:00-04:00
64_lower,64,2018-04-03,2018-04-03 10:30:00-04:00,2018-05-01 10:30:00-04:00,lower,6285.690177343364,
65_upper,65,2018-04-04,2018-04-04 10:30:00-04:00,2018-05-02 10:30:00-04:00,upper,6467.935910178159,2018-04-04 11:31:00-04:00
65_lower,65,2018-04-04,2018-04-04 10:30:00-04:00,2018-05-02 10:30:00-04:00,lower,6249.814089821841,
66_upper,66,2018-04-05,2018-04-05 10:30:00-04:00,2018-05-03 10:30:00-04:00,upper,6721.187344335269,2018-04-16 16:10:00-04:00
66_lower,66,2018-04-05,2018-04-05 10:30:00-04:00,2018-05-03 10:30:00-04:00,lower,6533.187655664731,2018-04-05 18:55:00-04:00
67_upper,67,2018-04-06,2018-04-06 10:30:00-04:00,2018-05-04 10:30:00-04:00,upper,6653.787367679794,2018-04-11 12:03:00-04:00
67_lower,67,2018-04-06,2018-04-06 10:30:00-04:00,2018-05-04 10:30:00-04:00,lower,6444.337632320206,2018-04-06 14:34:00-04:00
68_upper,68,2018-04-09,2018-04-09 10:30:00-04:00,2018-05-07 10:30:00-04:00,upper,6618.015361193202,2018-04-09 22:42:00-04:00
68_lower,68,2018-04-09,2018-04-09 10:30:00-04:00,2018-05-07 10:30:00-04:00,lower,6396.734638806798,
69_upper,69,2018-04-10,2018-04-10 10:30:00-04:00,2018-05-08 10:30:00-04:00,upper,6674.120573515432,2018-04-12 09:59:00-04:00
69_lower,69,2018-04-10,2018-04-10 10:30:00-04:00,2018-05-08 10:30:00-04:00,lower,6482.254426484568,2018-04-24 14:03:00-04:00
70_upper,70,2018-04-11,2018-04-11 10:30:00-04:00,2018-05-09 10:30:00-04:00,upper,6690.253399853834,2018-04-12 10:22:00-04:00
70_lower,70,2018-04-11,2018-04-11 10:30:00-04:00,2018-05-09 10:30:00-04:00,lower,6512.496600146166,2018-04-24 13:36:00-04:00
71_upper,71,2018-04-12,2018-04-12 10:30:00-04:00,2018-05-10 10:30:00-04:00,upper,6742.225463751627,2018-04-17 02:19:00-04:00
71_lower,71,2018-04-12,2018-04-12 10:30:00-04:00,2018-05-10 10:30:00-04:00,lower,6549.524536248373,2018-04-24 12:25:00-04:00
72_upper,72,2018-04-13,2018-04-13 10:30:00-04:00,2018-05-11 10:30:00-04:00,upper,6791.429923534902,2018-04-17 10:54:00-04:00
72_lower,72,2018-04-13,2018-04-13 10:30:00-04:00,2018-05-11 10:30:00-04:00,lower,6585.070076465098,2018-04-24 11:02:00-04:00
73_upper,73,2018-04-16,2018-04-16 10:30:00-04:00,2018-05-14 10:30:00-04:00,upper,6747.283059462454,2018-04-17 06:13:00-04:00
73_lower,73,2018-04-16,2018-04-16 10:30:00-04:00,2018-05-14 10:30:00-04:00,lower,6600.091940537546,2018-04-24 11:01:00-04:00
74_upper,74,2018-04-17,2018-04-17 10:30:00-04:00,2018-05-15 10:30:00-04:00,upper,6825.9822235486145,2018-04-17 12:26:00-04:00
74_lower,74,2018-04-17,2018-04-17 10:30:00-04:00,2018-05-15 10:30:00-04:00,lower,6686.1427764513855,2018-04-20 11:11:00-04:00
75_upper,75,2018-04-18,2018-04-18 10:30:00-04:00,2018-05-16 10:30:00-04:00,upper,6895.507993878418,2018-05-09 14:10:00-04:00
75_lower,75,2018-04-18,2018-04-18 10:30:00-04:00,2018-05-16 10:30:00-04:00,lower,6754.992006121582,2018-04-20 03:30:00-04:00
76_upper,76,2018-04-19,2018-04-19 10:30:00-04:00,2018-05-17 10:30:00-04:00,upper,6871.215187438924,2018-05-09 12:48:00-04:00
76_lower,76,2018-04-19,2018-04-19 10:30:00-04:00,2018-05-17 10:30:00-04:00,lower,6744.784812561076,2018-04-20 03:35:00-04:00
77_upper,77,2018-04-20,2018-04-20 10:30:00-04:00,2018-05-18 10:30:00-04:00,upper,6828.16377343615,2018-05-07 00:30:00-04:00
77_lower,77,2018-04-20,2018-04-20 10:30:00-04:00,2018-05-18 10:30:00-04:00,lower,6672.83622656385,2018-04-20 11:29:00-04:00
78_upper,78,2018-04-23,2018-04-23 10:30:00-04:00,2018-05-21 10:30:00-04:00,upper,6767.945052421435,2018-04-27 08:47:00-04:00
78_lower,78,2018-04-23,2018-04-23 10:30:00-04:00,2018-05-21 10:30:00-04:00,lower,6615.554947578565,2018-04-24 10:24:00-04:00
79_upper,79,2018-04-24,2018-04-24 10:30:00-04:00,2018-05-22 10:30:00-04:00,upper,6772.587676911828,2018-05-04 14:21:00-04:00
79_lower,79,2018-04-24,2018-04-24 10:30:00-04:00,2018-05-22 10:30:00-04:00,lower,6567.287323088172,2018-04-24 11:17:00-04:00
80_upper,80,2018-04-25,2018-04-25 10:30:00-04:00,2018-05-23 10:30:00-04:00,upper,6618.426920574853,2018-04-26 10:04:00-04:00
80_lower,80,2018-04-25,2018-04-25 10:30:00-04:00,2018-05-23 10:30:00-04:00,lower,6383.823079425147,
81_upper,81,2018-04-26,2018-04-26 10:30:00-04:00,2018-05-24 10:30:00-04:00,upper,6699.490670957673,2018-04-26 16:02:00-04:00
81_lower,81,2018-04-26,2018-04-26 10:30:00-04:00,2018-05-24 10:30:00-04:00,lower,6518.009329042327,
82_upper,82,2018-04-27,2018-04-27 10:30:00-04:00,2018-05-25 10:30:00-04:00,upper,6848.3900421983635,2018-05-07 11:25:00-04:00
82_lower,82,2018-04-27,2018-04-27 10:30:00-04:00,2018-05-25 10:30:00-04:00,lower,6607.3599578016365,2018-04-30 12:15:00-04:00
83_upper,83,2018-04-30,2018-04-30 10:30:00-04:00,2018-05-28 10:30:00-04:00,upper,6758.3103425193785,2018-05-04 12:39:00-04:00
83_lower,83,2018-04-30,2018-04-30 10:30:00-04:00,2018-05-28 10:30:00-04:00,lower,6612.5646574806215,2018-04-30 12:09:00-04:00
84_upper,84,2018-05-01,2018-05-01 10:30:00-04:00,2018-05-29 10:30:00-04:00,upper,6679.80807177099,2018-05-01 15:50:00-04:00
84_lower,84,2018-05-01,2018-05-01 10:30:00-04:00,2018-05-29 10:30:00-04:00,lower,6520.94192822901,
85_upper,85,2018-05-02,2018-05-02 10:30:00-04:00,2018-05-30 10:30:00-04:00,upper,6761.748374326349,2018-05-04 13:50:00-04:00
85_lower,85,2018-05-02,2018-05-02 10:30:00-04:00,2018-05-30 10:30:00-04:00,lower,6625.501625673651,2018-05-02 16:52:00-04:00
86_upper,86,2018-05-03,2018-05-03 10:30:00-04:00,2018-05-31 10:30:00-04:00,upper,6692.836225843241,2018-05-04 10:25:00-04:00
86_lower,86,2018-05-03,2018-05-03 10:30:00-04:00,2018-05-31 10:30:00-04:00,lower,6529.913774156759,
87_upper,87,2018-05-04,2018-05-04 10:30:00-04:00,2018-06-01 10:30:00-04:00,upper,6742.684420396847,2018-05-04 11:04:00-04:00
87_lower,87,2018-05-04,2018-05-04 10:30:00-04:00,2018-06-01 10:30:00-04:00,lower,6530.815579603153,
88_upper,88,2018-05-07,2018-05-07 10:30:00-04:00,2018-06-04 10:30:00-04:00,upper,6878.313510620334,2018-05-09 13:28:00-04:00
88_lower,88,2018-05-07,2018-05-07 10:30:00-04:00,2018-06-04 10:30:00-04:00,lower,6744.811489379666,
89_upper,89,2018-05-08,2018-05-08 10:30:00-04:00,2018-06-05 10:30:00-04:00,upper,6872.813918585391,2018-05-09 12:49:00-04:00
89_lower,89,2018-05-08,2018-05-08 10:30:00-04:00,2018-06-05 10:30:00-04:00,lower,6743.186081414609,
90_upper,90,2018-05-09,2018-05-09 10:30:00-04:00,2018-06-06 10:30:00-04:00,upper,6887.469288124856,2018-05-09 13:46:00-04:00
90_lower,90,2018-05-09,2018-05-09 10:30:00-04:00,2018-06-06 10:30:00-04:00,lower,6777.530711875144,
91_upper,91,2018-05-10,2018-05-10 10:30:00-04:00,2018-06-07 10:30:00-04:00,upper,6969.484773303996,2018-05-10 13:10:00-04:00
91_lower,91,2018-05-10,2018-05-10 10:30:00-04:00,2018-06-07 10:30:00-04:00,lower,6870.515226696004,2018-05-15 09:55:00-04:00
92_upper,92,2018-05-11,2018-05-11 10:30:00-04:00,2018-06-08 10:30:00-04:00,upper,7007.349699090812,2018-05-14 10:30:00-04:00
92_lower,92,2018-05-11,2018-05-11 10:30:00-04:00,2018-06-08 10:30:00-04:00,lower,6900.775300909188,2018-05-15 09:32:00-04:00
93_upper,93,2018-05-14,2018-05-14 10:30:00-04:00,2018-06-11 10:30:00-04:00,upper,7036.581952490742,2018-06-01 09:55:00-04:00
93_lower,93,2018-05-14,2018-05-14 10:30:00-04:00,2018-06-11 10:30:00-04:00,lower,6928.543047509258,2018-05-15 08:39:00-04:00
94_upper,94,2018-05-15,2018-05-15 10:30:00-04:00,2018-06-12 10:30:00-04:00,upper,6971.765545524388,2018-05-24 03:19:00-04:00
94_lower,94,2018-05-15,2018-05-15 10:30:00-04:00,2018-06-12 10:30:00-04:00,lower,6829.859454475612,2018-05-23 05:42:00-04:00
95_upper,95,2018-05-16,2018-05-16 10:30:00-04:00,2018-06-13 10:30:00-04:00,upper,6960.568010688974,2018-05-17 10:57:00-04:00
95_lower,95,2018-05-16,2018-05-16 10:30:00-04:00,2018-06-13 10:30:00-04:00,lower,6851.181989311026,2018-05-23 03:30:00-04:00
96_upper,96,2018-05-17,2018-05-17 10:30:00-04:00,2018-06-14 10:30:00-04:00,upper,6973.725303921158,2018-05-24 03:19:00-04:00
96_lower,96,2018-05-17,2018-05-17 10:30:00-04:00,2018-06-14 10:30:00-04:00,lower,6862.149696078842,2018-05-23 03:24:00-04:00
97_upper,97,2018-05-18,2018-05-18 10:30:00-04:00,2018-06-15 10:30:00-04:00,upper,6935.473866313412,2018-05-20 18:00:00-04:00
97_lower,97,2018-05-18,2018-05-18 10:30:00-04:00,2018-06-15 10:30:00-04:00,lower,6830.651133686588,2018-05-23 05:42:00-04:00
98_upper,98,2018-05-21,2018-05-21 10:30:00-04:00,2018-06-18 10:30:00-04:00,upper,6988.503726657311,2018-05-24 21:33:00-04:00
98_lower,98,2018-05-21,2018-05-21 10:30:00-04:00,2018-06-18 10:30:00-04:00,lower,6878.121273342689,2018-05-22 21:51:00-04:00
99_upper,99,2018-05-22,2018-05-22 10:30:00-04:00,2018-06-19 10:30:00-04:00,upper,7003.623323695436,2018-05-24 21:34:00-04:00
99_lower,99,2018-05-22,2018-05-22 10:30:00-04:00,2018-06-19 10:30:00-04:00,lower,6869.126676304564,2018-05-22 23:06:00-04:00
100_upper,100,2018-05-23,2018-05-23 10:30:00-04:00,2018-06-20 10:30:00-04:00,upper,6927.617134834054,2018-05-23 14:08:00-04:00
100_lower,100,2018-05-23,2018-05-23 10:30:00-04:00,2018-06-20 10:30:00-04:00,lower,6792.507865165946,
101_upper,101,2018-05-24,2018-05-24 10:30:00-04:00,2018-06-21 10:30:00-04:00,upper,7020.8193327305835,2018-05-31 11:41:00-04:00
101_lower,101,2018-05-24,2018-05-24 10:30:00-04:00,2018-06-21 10:30:00-04:00,lower,6876.5556672694165,
102_upper,102,2018-05-25,2018-05-25 10:30:00-04:00,2018-06-22 10:30:00-04:00,upper,7020.702277372695,2018-05-31 11:41:00-04:00
102_lower,102,2018-05-25,2018-05-25 10:30:00-04:00,2018-06-22 10:30:00-04:00,lower,6899.922722627305,2018-05-29 04:32:00-04:00
103_upper,103,2018-05-28,2018-05-28 10:30:00-04:00,2018-06-25 10:30:00-04:00,upper,7017.345233620108,2018-05-31 11:40:00-04:00
103_lower,103,2018-05-28,2018-05-28 10:30:00-04:00,2018-06-25 10:30:00-04:00,lower,6935.904766379892,2018-05-29 02:47:00-04:00
104_upper,104,2018-05-29,2018-05-29 10:30:00-04:00,2018-06-26 10:30:00-04:00,upper,7007.195181795412,2018-05-31 11:39:00-04:00
104_lower,104,2018-05-29,2018-05-29 10:30:00-04:00,2018-06-26 10:30:00-04:00,lower,6866.679818204588,
105_upper,105,2018-05-30,2018-05-30 10:30:00-04:00,2018-06-27 10:30:00-04:00,upper,7015.475265757081,2018-05-31 11:40:00-04:00
105_lower,105,2018-05-30,2018-05-30 10:30:00-04:00,2018-06-27 10:30:00-04:00,lower,6901.774734242919,
106_upper,106,2018-05-31,2018-05-31 10:30:00-04:00,2018-06-28 10:30:00-04:00,upper,7034.913711385827,2018-06-01 09:55:00-04:00
106_lower,106,2018-05-31,2018-05-31 10:30:00-04:00,2018-06-28 10:30:00-04:00,lower,6931.711288614173,
107_upper,107,2018-06-01,2018-06-01 10:30:00-04:00,2018-06-29 10:30:00-04:00,upper,7092.43659505992,2018-06-03 20:18:00-04:00
107_lower,107,2018-06-01,2018-06-01 10:30:00-04:00,2018-06-29 10:30:00-04:00,lower,6952.93840494008,
108_upper,108,2018-06-04,2018-06-04 10:30:00-04:00,2018-07-02 10:30:00-04:00,upper,7156.635231374005,2018-06-05 04:00:00-04:00
108_lower,108,2018-06-04,2018-06-04 10:30:00-04:00,2018-07-02 10:30:00-04:00,lower,7061.239768625995,2018-06-25 11:23:00-04:00
109_upper,109,2018-06-05,2018-06-05 10:30:00-04:00,2018-07-03 10:30:00-04:00,upper,7215.5639472394705,2018-06-06 16:04:00-04:00
109_lower,109,2018-06-05,2018-06-05 10:30:00-04:00,2018-07-03 10:30:00-04:00,lower,7117.6860527605295,2018-06-07 13:41:00-04:00
110_upper,110,2018-06-06,2018-06-06 10:30:00-04:00,2018-07-04 10:30:00-04:00,upper,7231.326699234774,2018-06-07 02:32:00-04:00
110_lower,110,2018-06-06,2018-06-06 10:30:00-04:00,2018-07-04 10:30:00-04:00,lower,7113.548300765226,2018-06-08 04:10:00-04:00
111_upper,111,2018-06-07,2018-06-07 10:30:00-04:00,2018-07-05 10:30:00-04:00,upper,7269.677208812118,2018-06-13 10:20:00-04:00
111_lower,111,2018-06-07,2018-06-07 10:30:00-04:00,2018-07-05 10:30:00-04:00,lower,7133.197791187882,2018-06-07 12:57:00-04:00
112_upper,112,2018-06-08,2018-06-08 10:30:00-04:00,2018-07-06 10:30:00-04:00,upper,7194.487916844135,2018-06-11 09:46:00-04:00
112_lower,112,2018-06-08,2018-06-08 10:30:00-04:00,2018-07-06 10:30:00-04:00,lower,7092.637083155865,2018-06-25 10:12:00-04:00
113_upper,113,2018-06-11,2018-06-11 10:30:00-04:00,2018-07-09 10:30:00-04:00,upper,7226.99282082399,2018-06-12 11:44:00-04:00
113_lower,113,2018-06-11,2018-06-11 10:30:00-04:00,2018-07-09 10:30:00-04:00,lower,7127.38217917601,2018-06-25 09:39:00-04:00
114_upper,114,2018-06-12,2018-06-12 10:30:00-04:00,2018-07-10 10:30:00-04:00,upper,7254.301705073458,2018-06-12 20:23:00-04:00
114_lower,114,2018-06-12,2018-06-12 10:30:00-04:00,2018-07-10 10:30:00-04:00,lower,7161.698294926542,2018-06-19 10:30:00-04:00
115_upper,115,2018-06-13,2018-06-13 10:30:00-04:00,2018-07-11 10:30:00-04:00,upper,7303.289655676041,2018-06-14 10:20:00-04:00
115_lower,115,2018-06-13,2018-06-13 10:30:00-04:00,2018-07-11 10:30:00-04:00,lower,7199.085344323959,2018-06-18 22:11:00-04:00
116_upper,116,2018-06-14,2018-06-14 10:30:00-04:00,2018-07-12 10:30:00-04:00,upper,7342.428895017123,2018-06-20 21:57:00-04:00
116_lower,116,2018-06-14,2018-06-14 10:30:00-04:00,2018-07-12 10:30:00-04:00,lower,7207.821104982877,2018-06-18 21:55:00-04:00
117_upper,117,2018-06-15,2018-06-15 10:30:00-04:00,2018-07-13 10:30:00-04:00,upper,7333.333110654899,2018-06-20 14:16:00-04:00
117_lower,117,2018-06-15,2018-06-15 10:30:00-04:00,2018-07-13 10:30:00-04:00,lower,7214.541889345101,2018-06-18 09:34:00-04:00
118_upper,118,2018-06-18,2018-06-18 10:30:00-04:00,2018-07-16 10:30:00-04:00,upper,7287.904347496284,2018-06-20 08:54:00-04:00
118_lower,118,2018-06-18,2018-06-18 10:30:00-04:00,2018-07-16 10:30:00-04:00,lower,7172.345652503716,2018-06-19 03:07:00-04:00
119_upper,119,2018-06-19,2018-06-19 10:30:00-04:00,2018-07-17 10:30:00-04:00,upper,7262.911183414944,2018-06-19 20:02:00-04:00
119_lower,119,2018-06-19,2018-06-19 10:30:00-04:00,2018-07-17 10:30:00-04:00,lower,7107.463816585056,2018-06-25 10:03:00-04:00
120_upper,120,2018-06-20,2018-06-20 10:30:00-04:00,2018-07-18 10:30:00-04:00,upper,7343.719569612136,2018-06-20 21:57:00-04:00
120_lower,120,2018-06-20,2018-06-20 10:30:00-04:00,2018-07-18 10:30:00-04:00,lower,7237.780430387864,2018-06-21 10:22:00-04:00
121_upper,121,2018-06-21,2018-06-21 10:30:00-04:00,2018-07-19 10:30:00-04:00,upper,7406.569912336632,2018-07-12 23:46:00-04:00
121_lower,121,2018-06-21,2018-06-21 10:30:00-04:00,2018-07-19 10:30:00-04:00,lower,7198.555087663368,2018-06-22 10:34:00-04:00
122_upper,122,2018-06-22,2018-06-22 10:30:00-04:00,2018-07-20 10:30:00-04:00,upper,7339.794550632723,2018-07-12 10:28:00-04:00
122_lower,122,2018-06-22,2018-06-22 10:30:00-04:00,2018-07-20 10:30:00-04:00,lower,7161.205449367277,2018-06-25 05:03:00-04:00
123_upper,123,2018-06-25,2018-06-25 10:30:00-04:00,2018-07-23 10:30:00-04:00,upper,7245.184324224052,2018-07-08 20:08:00-04:00
123_lower,123,2018-06-25,2018-06-25 10:30:00-04:00,2018-07-23 10:30:00-04:00,lower,7039.190675775948,2018-06-25 12:01:00-04:00
124_upper,124,2018-06-26,2018-06-26 10:30:00-04:00,2018-07-24 10:30:00-04:00,upper,7169.8256782714725,2018-07-06 10:12:00-04:00
124_lower,124,2018-06-26,2018-06-26 10:30:00-04:00,2018-07-24 10:30:00-04:00,lower,7002.0493217285275,2018-06-27 15:14:00-04:00
125_upper,125,2018-06-27,2018-06-27 10:30:00-04:00,2018-07-25 10:30:00-04:00,upper,7189.603231316662,2018-07-06 11:19:00-04:00
125_lower,125,2018-06-27,2018-06-27 10:30:00-04:00,2018-07-25 10:30:00-04:00,lower,7052.521768683338,2018-06-27 13:14:00-04:00
126_upper,126,2018-06-28,2018-06-28 10:30:00-04:00,2018-07-26 10:30:00-04:00,upper,7076.796525590399,2018-06-28 22:36:00-04:00
126_lower,126,2018-06-28,2018-06-28 10:30:00-04:00,2018-07-26 10:30:00-04:00,lower,6904.453474409601,
127_upper,127,2018-06-29,2018-06-29 10:30:00-04:00,2018-07-27 10:30:00-04:00,upper,7161.685724448367,2018-07-03 07:36:00-04:00
127_lower,127,2018-06-29,2018-06-29 10:30:00-04:00,2018-07-27 10:30:00-04:00,lower,7021.939275551633,2018-07-02 02:24:00-04:00
128_upper,128,2018-07-02,2018-07-02 10:30:00-04:00,2018-07-30 10:30:00-04:00,upper,7104.684474974911,2018-07-02 15:50:00-04:00
128_lower,128,2018-07-02,2018-07-02 10:30:00-04:00,2018-07-30 10:30:00-04:00,lower,6918.690525025089,
129_upper,129,2018-07-03,2018-07-03 10:30:00-04:00,2018-07-31 10:30:00-04:00,upper,7213.527889666001,2018-07-06 11:45:00-04:00
129_lower,129,2018-07-03,2018-07-03 10:30:00-04:00,2018-07-31 10:30:00-04:00,lower,7046.597110333999,2018-07-03 12:49:00-04:00
130_upper,130,2018-07-04,2018-07-04 10:30:00-04:00,2018-08-01 10:30:00-04:00,upper,7100.0791138550085,2018-07-05 12:04:00-04:00
130_lower,130,2018-07-04,2018-07-04 10:30:00-04:00,2018-08-01 10:30:00-04:00,lower,6985.5458861449915,
131_upper,131,2018-07-05,2018-07-05 10:30:00-04:00,2018-08-02 10:30:00-04:00,upper,7154.980786813723,2018-07-06 01:32:00-04:00
131_lower,131,2018-07-05,2018-07-05 10:30:00-04:00,2018-08-02 10:30:00-04:00,lower,7003.144213186277,
132_upper,132,2018-07-06,2018-07-06 10:30:00-04:00,2018-08-03 10:30:00-04:00,upper,7219.17405696307,2018-07-06 12:25:00-04:00
132_lower,132,2018-07-06,2018-07-06 10:30:00-04:00,2018-08-03 10:30:00-04:00,lower,7064.32594303693,
133_upper,133,2018-07-09,2018-07-09 10:30:00-04:00,2018-08-06 10:30:00-04:00,upper,7333.438705783388,2018-07-09 20:54:00-04:00
133_lower,133,2018-07-09,2018-07-09 10:30:00-04:00,2018-08-06 10:30:00-04:00,lower,7195.186294216612,2018-07-30 12:39:00-04:00
134_upper,134,2018-07-10,2018-07-10 10:30:00-04:00,2018-08-07 10:30:00-04:00,upper,7353.262237216476,2018-07-12 11:49:00-04:00
134_lower,134,2018-07-10,2018-07-10 10:30:00-04:00,2018-08-07 10:30:00-04:00,lower,7250.612762783524,2018-07-10 18:21:00-04:00
135_upper,135,2018-07-11,2018-07-11 10:30:00-04:00,2018-08-08 10:30:00-04:00,upper,7328.303579632185,2018-07-12 10:07:00-04:00
135_lower,135,2018-07-11,2018-07-11 10:30:00-04:00,2018-08-08 10:30:00-04:00,lower,7179.696420367815,2018-07-30 12:43:00-04:00
136_upper,136,2018-07-12,2018-07-12 10:30:00-04:00,2018-08-09 10:30:00-04:00,upper,7382.841738048102,2018-07-12 15:57:00-04:00
136_lower,136,2018-07-12,2018-07-12 10:30:00-04:00,2018-08-09 10:30:00-04:00,lower,7226.908261951898,2018-07-30 09:44:00-04:00
137_upper,137,2018-07-13,2018-07-13 10:30:00-04:00,2018-08-10 10:30:00-04:00,upper,7442.534348931817,2018-07-23 21:45:00-04:00
137_lower,137,2018-07-13,2018-07-13 10:30:00-04:00,2018-08-10 10:30:00-04:00,lower,7326.465651068183,2018-07-16 16:11:00-04:00
138_upper,138,2018-07-16,2018-07-16 10:30:00-04:00,2018-08-13 10:30:00-04:00,upper,7446.894584057618,2018-07-23 22:59:00-04:00
138_lower,138,2018-07-16,2018-07-16 10:30:00-04:00,2018-08-13 10:30:00-04:00,lower,7342.605415942382,2018-07-16 16:07:00-04:00
139_upper,139,2018-07-17,2018-07-17 10:30:00-04:00,2018-08-14 10:30:00-04:00,upper,7392.15471783367,2018-07-17 11:54:00-04:00
139_lower,139,2018-07-17,2018-07-17 10:30:00-04:00,2018-08-14 10:30:00-04:00,lower,7230.34528216633,2018-07-30 09:44:00-04:00
140_upper,140,2018-07-18,2018-07-18 10:30:00-04:00,2018-08-15 10:30:00-04:00,upper,7478.0641178731985,2018-07-24 09:36:00-04:00
140_lower,140,2018-07-18,2018-07-18 10:30:00-04:00,2018-08-15 10:30:00-04:00,lower,7346.6858821268015,2018-07-22 21:00:00-04:00
141_upper,141,2018-07-19,2018-07-19 10:30:00-04:00,2018-08-16 10:30:00-04:00,upper,7443.276347136951,2018-07-23 21:45:00-04:00
141_lower,141,2018-07-19,2018-07-19 10:30:00-04:00,2018-08-16 10:30:00-04:00,lower,7317.598652863049,2018-07-23 09:40:00-04:00
142_upper,142,2018-07-20,2018-07-20 10:30:00-04:00,2018-08-17 10:30:00-04:00,upper,7438.102087580435,2018-07-23 19:52:00-04:00
142_lower,142,2018-07-20,2018-07-20 10:30:00-04:00,2018-08-17 10:30:00-04:00,lower,7339.022912419565,2018-07-22 21:42:00-04:00
143_upper,143,2018-07-23,2018-07-23 10:30:00-04:00,2018-08-20 10:30:00-04:00,upper,7402.198761080264,2018-07-23 16:03:00-04:00
143_lower,143,2018-07-23,2018-07-23 10:30:00-04:00,2018-08-20 10:30:00-04:00,lower,7271.051238919736,2018-07-27 13:00:00-04:00
144_upper,144,2018-07-24,2018-07-24 10:30:00-04:00,2018-08-21 10:30:00-04:00,upper,7523.452237593626,2018-07-25 15:50:00-04:00
144_lower,144,2018-07-24,2018-07-24 10:30:00-04:00,2018-08-21 10:30:00-04:00,lower,7414.922762406374,2018-07-24 12:44:00-04:00
145_upper,145,2018-07-25,2018-07-25 10:30:00-04:00,2018-08-22 10:30:00-04:00,upper,7481.544416078332,2018-07-25 14:03:00-04:00
145_lower,145,2018-07-25,2018-07-25 10:30:00-04:00,2018-08-22 10:30:00-04:00,lower,7369.455583921668,2018-07-26 16:01:00-04:00
146_upper,146,2018-07-26,2018-07-26 10:30:00-04:00,2018-08-23 10:30:00-04:00,upper,7482.682503501307,2018-08-07 09:35:00-04:00
146_lower,146,2018-07-26,2018-07-26 10:30:00-04:00,2018-08-23 10:30:00-04:00,lower,7351.942496498693,2018-07-27 12:02:00-04:00
147_upper,147,2018-07-27,2018-07-27 10:30:00-04:00,2018-08-24 10:30:00-04:00,upper,7522.879028256069,
147_lower,147,2018-07-27,2018-07-27 10:30:00-04:00,2018-08-24 10:30:00-04:00,lower,7353.370971743931,2018-07-27 12:02:00-04:00
148_upper,148,2018-07-30,2018-07-30 10:30:00-04:00,2018-08-27 10:30:00-04:00,upper,7394.472462601092,2018-08-02 16:56:00-04:00
148_lower,148,2018-07-30,2018-07-30 10:30:00-04:00,2018-08-27 10:30:00-04:00,lower,7171.277537398908,2018-07-30 12:49:00-04:00
149_upper,149,2018-07-31,2018-07-31 10:30:00-04:00,2018-08-28 10:30:00-04:00,upper,7331.653201937988,2018-08-02 11:35:00-04:00
149_lower,149,2018-07-31,2018-07-31 10:30:00-04:00,2018-08-28 10:30:00-04:00,lower,7124.596798062012,
150_upper,150,2018-08-01,2018-08-01 10:30:00-04:00,2018-08-29 10:30:00-04:00,upper,7351.75082639878,2018-08-02 12:23:00-04:00
150_lower,150,2018-08-01,2018-08-01 10:30:00-04:00,2018-08-29 10:30:00-04:00,lower,7197.37417360122,
151_upper,151,2018-08-02,2018-08-02 10:30:00-04:00,2018-08-30 10:30:00-04:00,upper,7338.246695610374,2018-08-02 11:48:00-04:00
151_lower,151,2018-08-02,2018-08-02 10:30:00-04:00,2018-08-30 10:30:00-04:00,lower,7152.378304389626,
152_upper,152,2018-08-03,2018-08-03 10:30:00-04:00,2018-08-31 10:30:00-04:00,upper,7449.332790529476,2018-08-06 16:03:00-04:00
152_lower,152,2018-08-03,2018-08-03 10:30:00-04:00,2018-08-31 10:30:00-04:00,lower,7324.042209470524,2018-08-15 10:29:00-04:00
153_upper,153,2018-08-06,2018-08-06 10:30:00-04:00,2018-09-03 10:30:00-04:00,upper,7459.432390640652,2018-08-06 23:02:00-04:00
153_lower,153,2018-08-06,2018-08-06 10:30:00-04:00,2018-09-03 10:30:00-04:00,lower,7345.192609359348,2018-08-15 10:05:00-04:00
154_upper,154,2018-08-07,2018-08-07 10:30:00-04:00,2018-09-04 10:30:00-04:00,upper,7522.8484656051105,2018-08-26 19:44:00-04:00
154_lower,154,2018-08-07,2018-08-07 10:30:00-04:00,2018-09-04 10:30:00-04:00,lower,7413.1515343948895,2018-08-10 10:04:00-04:00
155_upper,155,2018-08-08,2018-08-08 10:30:00-04:00,2018-09-05 10:30:00-04:00,upper,7513.245467227778,2018-08-26 18:28:00-04:00
155_lower,155,2018-08-08,2018-08-08 10:30:00-04:00,2018-09-05 10:30:00-04:00,lower,7408.879532772222,2018-08-10 13:47:00-04:00
156_upper,156,2018-08-09,2018-08-09 10:30:00-04:00,2018-09-06 10:30:00-04:00,upper,7534.904976134861,2018-08-27 09:30:00-04:00
156_lower,156,2018-08-09,2018-08-09 10:30:00-04:00,2018-09-06 10:30:00-04:00,lower,7424.720023865139,2018-08-10 06:04:00-04:00
157_upper,157,2018-08-10,2018-08-10 10:30:00-04:00,2018-09-07 10:30:00-04:00,upper,7480.329347584688,2018-08-24 10:35:00-04:00
157_lower,157,2018-08-10,2018-08-10 10:30:00-04:00,2018-09-07 10:30:00-04:00,lower,7372.920652415312,2018-08-15 10:00:00-04:00
158_upper,158,2018-08-13,2018-08-13 10:30:00-04:00,2018-09-10 10:30:00-04:00,upper,7512.452951341924,2018-08-26 18:27:00-04:00
158_lower,158,2018-08-13,2018-08-13 10:30:00-04:00,2018-09-10 10:30:00-04:00,lower,7371.422048658076,2018-08-15 10:00:00-04:00
159_upper,159,2018-08-14,2018-08-14 10:30:00-04:00,2018-09-11 10:30:00-04:00,upper,7497.621280403804,2018-08-24 11:35:00-04:00
159_lower,159,2018-08-14,2018-08-14 10:30:00-04:00,2018-09-11 10:30:00-04:00,lower,7360.378719596196,2018-08-15 10:00:00-04:00
160_upper,160,2018-08-15,2018-08-15 10:30:00-04:00,2018-09-12 10:30:00-04:00,upper,7486.53136055269,2018-08-24 10:45:00-04:00
160_lower,160,2018-08-15,2018-08-15 10:30:00-04:00,2018-09-12 10:30:00-04:00,lower,7279.71863944731,
161_upper,161,2018-08-16,2018-08-16 10:30:00-04:00,2018-09-13 10:30:00-04:00,upper,7466.576095222357,2018-08-23 09:53:00-04:00
161_lower,161,2018-08-16,2018-08-16 10:30:00-04:00,2018-09-13 10:30:00-04:00,lower,7360.173904777643,2018-08-17 08:08:00-04:00
162_upper,162,2018-08-17,2018-08-17 10:30:00-04:00,2018-09-14 10:30:00-04:00,upper,7436.526712365974,2018-08-21 11:54:00-04:00
162_lower,162,2018-08-17,2018-08-17 10:30:00-04:00,2018-09-14 10:30:00-04:00,lower,7281.973287634026,
163_upper,163,2018-08-20,2018-08-20 10:30:00-04:00,2018-09-17 10:30:00-04:00,upper,7463.365513188715,2018-08-23 09:49:00-04:00
163_lower,163,2018-08-20,2018-08-20 10:30:00-04:00,2018-09-17 10:30:00-04:00,lower,7322.509486811285,
164_upper,164,2018-08-21,2018-08-21 10:30:00-04:00,2018-09-18 10:30:00-04:00,upper,7463.978166446327,2018-08-23 09:49:00-04:00
164_lower,164,2018-08-21,2018-08-21 10:30:00-04:00,2018-09-18 10:30:00-04:00,lower,7352.896833553673,2018-08-21 19:14:00-04:00
165_upper,165,2018-08-22,2018-08-22 10:30:00-04:00,2018-09-19 10:30:00-04:00,upper,7452.447510363063,2018-08-23 09:42:00-04:00
165_lower,165,2018-08-22,2018-08-22 10:30:00-04:00,2018-09-19 10:30:00-04:00,lower,7337.052489636937,
166_upper,166,2018-08-23,2018-08-23 10:30:00-04:00,2018-09-20 10:30:00-04:00,upper,7505.206854948481,2018-08-26 18:07:00-04:00
166_lower,166,2018-08-23,2018-08-23 10:30:00-04:00,2018-09-20 10:30:00-04:00,lower,7366.168145051519,
167_upper,167,2018-08-24,2018-08-24 10:30:00-04:00,2018-09-21 10:30:00-04:00,upper,7506.425637004666,2018-08-26 18:07:00-04:00
167_lower,167,2018-08-24,2018-08-24 10:30:00-04:00,2018-09-21 10:30:00-04:00,lower,7401.824362995334,2018-09-07 09:00:00-04:00
168_upper,168,2018-08-27,2018-08-27 10:30:00-04:00,2018-09-24 10:30:00-04:00,upper,7599.9516883498845,2018-08-28 22:28:00-04:00
168_lower,168,2018-08-27,2018-08-27 10:30:00-04:00,2018-09-24 10:30:00-04:00,lower,7472.1733116501155,2018-09-06 10:12:00-04:00
169_upper,169,2018-08-28,2018-08-28 10:30:00-04:00,2018-09-25 10:30:00-04:00,upper,7634.351839522623,2018-08-29 10:41:00-04:00
169_lower,169,2018-08-28,2018-08-28 10:30:00-04:00,2018-09-25 10:30:00-04:00,lower,7539.273160477377,2018-09-05 10:02:00-04:00
170_upper,170,2018-08-29,2018-08-29 10:30:00-04:00,2018-09-26 10:30:00-04:00,upper,7655.839927072273,2018-08-29 11:31:00-04:00
170_lower,170,2018-08-29,2018-08-29 10:30:00-04:00,2018-09-26 10:30:00-04:00,lower,7542.660072927727,2018-09-05 10:02:00-04:00
171_upper,171,2018-08-30,2018-08-30 10:30:00-04:00,2018-09-27 10:30:00-04:00,upper,7701.374296476557,
171_lower,171,2018-08-30,2018-08-30 10:30:00-04:00,2018-09-27 10:30:00-04:00,lower,7604.500703523443,2018-09-04 09:39:00-04:00
172_upper,172,2018-08-31,2018-08-31 10:30:00-04:00,2018-09-28 10:30:00-04:00,upper,7715.198674696134,
172_lower,172,2018-08-31,2018-08-31 10:30:00-04:00,2018-09-28 10:30:00-04:00,lower,7588.051325303866,2018-09-04 09:42:00-04:00
173_upper,173,2018-09-03,2018-09-03 10:30:00-04:00,2018-10-01 10:30:00-04:00,upper,7709.313831166393,2018-09-30 22:32:00-04:00
173_lower,173,2018-09-03,2018-09-03 10:30:00-04:00,2018-10-01 10:30:00-04:00,lower,7633.061168833607,2018-09-04 07:41:00-04:00
174_upper,174,2018-09-04,2018-09-04 10:30:00-04:00,2018-10-02 10:30:00-04:00,upper,7704.8601673607645,2018-09-30 22:23:00-04:00
174_lower,174,2018-09-04,2018-09-04 10:30:00-04:00,2018-10-02 10:30:00-04:00,lower,7549.8898326392355,2018-09-05 10:01:00-04:00
175_upper,175,2018-09-05,2018-09-05 10:30:00-04:00,2018-10-03 10:30:00-04:00,upper,7702.894612183031,2018-09-30 22:17:00-04:00
175_lower,175,2018-09-05,2018-09-05 10:30:00-04:00,2018-10-03 10:30:00-04:00,lower,7476.605387816969,2018-09-06 10:12:00-04:00
176_upper,176,2018-09-06,2018-09-06 10:30:00-04:00,2018-10-04 10:30:00-04:00,upper,7612.28905045813,2018-09-14 02:25:00-04:00
176_lower,176,2018-09-06,2018-09-06 10:30:00-04:00,2018-10-04 10:30:00-04:00,lower,7418.08594954187,2018-09-06 11:08:00-04:00
177_upper,177,2018-09-07,2018-09-07 10:30:00-04:00,2018-10-05 10:30:00-04:00,upper,7527.9003965509155,2018-09-12 03:48:00-04:00
177_lower,177,2018-09-07,2018-09-07 10:30:00-04:00,2018-10-05 10:30:00-04:00,lower,7322.3496034490845,
178_upper,178,2018-09-10,2018-09-10 10:30:00-04:00,2018-10-08 10:30:00-04:00,upper,7547.622652900693,2018-09-13 09:32:00-04:00
178_lower,178,2018-09-10,2018-09-10 10:30:00-04:00,2018-10-08 10:30:00-04:00,lower,7368.752347099307,2018-10-05 12:40:00-04:00
179_upper,179,2018-09-11,2018-09-11 10:30:00-04:00,2018-10-09 10:30:00-04:00,upper,7527.395003291416,2018-09-12 03:47:00-04:00
179_lower,179,2018-09-11,2018-09-11 10:30:00-04:00,2018-10-09 10:30:00-04:00,lower,7336.979996708584,2018-10-08 11:39:00-04:00
180_upper,180,2018-09-12,2018-09-12 10:30:00-04:00,2018-10-10 10:30:00-04:00,upper,7571.28304460421,2018-09-13 09:43:00-04:00
180_lower,180,2018-09-12,2018-09-12 10:30:00-04:00,2018-10-10 10:30:00-04:00,lower,7405.59195539579,2018-10-05 11:45:00-04:00
181_upper,181,2018-09-13,2018-09-13 10:30:00-04:00,2018-10-11 10:30:00-04:00,upper,7616.4399418532485,2018-09-14 02:28:00-04:00
181_lower,181,2018-09-13,2018-09-13 10:30:00-04:00,2018-10-11 10:30:00-04:00,lower,7472.6850581467515,2018-09-17 15:21:00-04:00
182_upper,182,2018-09-14,2018-09-14 10:30:00-04:00,2018-10-12 10:30:00-04:00,upper,7655.73495379054,2018-09-26 14:04:00-04:00
182_lower,182,2018-09-14,2018-09-14 10:30:00-04:00,2018-10-12 10:30:00-04:00,lower,7544.14004620946,2018-09-17 09:36:00-04:00
183_upper,183,2018-09-17,2018-09-17 10:30:00-04:00,2018-10-15 10:30:00-04:00,upper,7631.354115860666,2018-09-21 02:47:00-04:00
183_lower,183,2018-09-17,2018-09-17 10:30:00-04:00,2018-10-15 10:30:00-04:00,lower,7458.895884139334,2018-09-17 15:54:00-04:00
184_upper,184,2018-09-18,2018-09-18 10:30:00-04:00,2018-10-16 10:30:00-04:00,upper,7584.795092564204,2018-09-20 09:43:00-04:00
184_lower,184,2018-09-18,2018-09-18 10:30:00-04:00,2018-10-16 10:30:00-04:00,lower,7392.329907435796,2018-10-05 11:52:00-04:00
185_upper,185,2018-09-19,2018-09-19 10:30:00-04:00,2018-10-17 10:30:00-04:00,upper,7609.918046889482,2018-09-20 11:45:00-04:00
185_lower,185,2018-09-19,2018-09-19 10:30:00-04:00,2018-10-17 10:30:00-04:00,lower,7425.706953110518,2018-10-05 11:18:00-04:00
186_upper,186,2018-09-20,2018-09-20 10:30:00-04:00,2018-10-18 10:30:00-04:00,upper,7653.50386378459,2018-09-26 14:04:00-04:00
186_lower,186,2018-09-20,2018-09-20 10:30:00-04:00,2018-10-18 10:30:00-04:00,lower,7499.12113621541,2018-09-24 09:31:00-04:00
187_upper,187,2018-09-21,2018-09-21 10:30:00-04:00,2018-10-19 10:30:00-04:00,upper,7688.758399715875,2018-09-30 19:08:00-04:00
187_lower,187,2018-09-21,2018-09-21 10:30:00-04:00,2018-10-19 10:30:00-04:00,lower,7544.616600284125,2018-09-23 18:00:00-04:00
188_upper,188,2018-09-24,2018-09-24 10:30:00-04:00,2018-10-22 10:30:00-04:00,upper,7590.514074660276,2018-09-24 16:51:00-04:00
188_lower,188,2018-09-24,2018-09-24 10:30:00-04:00,2018-10-22 10:30:00-04:00,lower,7422.360925339724,2018-10-05 11:18:00-04:00
189_upper,189,2018-09-25,2018-09-25 10:30:00-04:00,2018-10-23 10:30:00-04:00,upper,7629.202776166338,2018-09-26 11:01:00-04:00
189_lower,189,2018-09-25,2018-09-25 10:30:00-04:00,2018-10-23 10:30:00-04:00,lower,7518.047223833662,2018-10-04 11:50:00-04:00
190_upper,190,2018-09-26,2018-09-26 10:30:00-04:00,2018-10-24 10:30:00-04:00,upper,7658.178650675802,2018-09-26 14:15:00-04:00
190_lower,190,2018-09-26,2018-09-26 10:30:00-04:00,2018-10-24 10:30:00-04:00,lower,7545.196349324198,2018-10-04 10:25:00-04:00
191_upper,191,2018-09-27,2018-09-27 10:30:00-04:00,2018-10-25 10:30:00-04:00,upper,7713.619433421061,2018-10-01 03:48:00-04:00
191_lower,191,2018-09-27,2018-09-27 10:30:00-04:00,2018-10-25 10:30:00-04:00,lower,7560.755566578939,2018-10-04 10:20:00-04:00
192_upper,192,2018-09-28,2018-09-28 10:30:00-04:00,2018-10-26 10:30:00-04:00,upper,7692.848829541818,2018-09-30 19:24:00-04:00
192_lower,192,2018-09-28,2018-09-28 10:30:00-04:00,2018-10-26 10:30:00-04:00,lower,7579.776170458182,2018-10-04 09:41:00-04:00
193_upper,193,2018-10-01,2018-10-01 10:30:00-04:00,2018-10-29 10:30:00-04:00,upper,7766.878971054954,
193_lower,193,2018-10-01,2018-10-01 10:30:00-04:00,2018-10-29 10:30:00-04:00,lower,7641.621028945046,2018-10-02 04:46:00-04:00
194_upper,194,2018-10-02,2018-10-02 10:30:00-04:00,2018-10-30 10:30:00-04:00,upper,7731.802507080526,
194_lower,194,2018-10-02,2018-10-02 10:30:00-04:00,2018-10-30 10:30:00-04:00,lower,7588.947492919474,2018-10-04 09:40:00-04:00
195_upper,195,2018-10-03,2018-10-03 10:30:00-04:00,2018-10-31 10:30:00-04:00,upper,7745.475758017193,
195_lower,195,2018-10-03,2018-10-03 10:30:00-04:00,2018-10-31 10:30:00-04:00,lower,7629.524241982807,2018-10-03 21:36:00-04:00
196_upper,196,2018-10-04,2018-10-04 10:30:00-04:00,2018-11-01 10:30:00-04:00,upper,7712.936914880947,
196_lower,196,2018-10-04,2018-10-04 10:30:00-04:00,2018-11-01 10:30:00-04:00,lower,7503.188085119053,2018-10-04 12:17:00-04:00
197_upper,197,2018-10-05,2018-10-05 10:30:00-04:00,2018-11-02 10:30:00-04:00,upper,7601.365508136705,
197_lower,197,2018-10-05,2018-10-05 10:30:00-04:00,2018-11-02 10:30:00-04:00,lower,7408.134491863295,2018-10-05 11:43:00-04:00
198_upper,198,2018-10-08,2018-10-08 10:30:00-04:00,2018-11-05 10:30:00-05:00,upper,7499.400461945288,
198_lower,198,2018-10-08,2018-10-08 10:30:00-04:00,2018-11-05 10:30:00-05:00,lower,7286.224538054712,2018-10-10 09:50:00-04:00
199_upper,199,2018-10-09,2018-10-09 10:30:00-04:00,2018-11-06 10:30:00-05:00,upper,7498.981859776472,
199_lower,199,2018-10-09,2018-10-09 10:30:00-04:00,2018-11-06 10:30:00-05:00,lower,7283.018140223528,2018-10-10 09:50:00-04:00
200_upper,200,2018-10-10,2018-10-10 10:30:00-04:00,2018-11-07 10:30:00-05:00,upper,7464.466417206903,
200_lower,200,2018-10-10,2018-10-10 10:30:00-04:00,2018-11-07 10:30:00-05:00,lower,7182.158582793097,2018-10-10 14:43:00-04:00
201_upper,201,2018-10-11,2018-10-11 10:30:00-04:00,2018-11-08 10:30:00-05:00,upper,7217.811408936939,2018-10-16 11:18:00-04:00
201_lower,201,2018-10-11,2018-10-11 10:30:00-04:00,2018-11-08 10:30:00-05:00,lower,6892.688591063061,2018-10-24 15:21:00-04:00
202_upper,202,2018-10-12,2018-10-12 10:30:00-04:00,2018-11-09 10:30:00-05:00,upper,7259.524151595966,2018-10-16 13:40:00-04:00
202_lower,202,2018-10-12,2018-10-12 10:30:00-04:00,2018-11-09 10:30:00-05:00,lower,7048.600848404034,2018-10-12 12:44:00-04:00
203_upper,203,2018-10-15,2018-10-15 10:30:00-04:00,2018-11-12 10:30:00-05:00,upper,7258.613952942371,2018-10-16 13:30:00-04:00
203_lower,203,2018-10-15,2018-10-15 10:30:00-04:00,2018-11-12 10:30:00-05:00,lower,7000.761047057629,2018-10-23 09:30:00-04:00
204_upper,204,2018-10-16,2018-10-16 10:30:00-04:00,2018-11-13 10:30:00-05:00,upper,7262.201987091439,2018-10-16 13:42:00-04:00
204_lower,204,2018-10-16,2018-10-16 10:30:00-04:00,2018-11-13 10:30:00-05:00,lower,7072.798012908561,2018-10-21 18:00:00-04:00
205_upper,205,2018-10-17,2018-10-17 10:30:00-04:00,2018-11-14 10:30:00-05:00,upper,7428.093622006574,
205_lower,205,2018-10-17,2018-10-17 10:30:00-04:00,2018-11-14 10:30:00-05:00,lower,7191.656377993426,2018-10-18 11:23:00-04:00
206_upper,206,2018-10-18,2018-10-18 10:30:00-04:00,2018-11-15 10:30:00-05:00,upper,7348.603049366986,
206_lower,206,2018-10-18,2018-10-18 10:30:00-04:00,2018-11-15 10:30:00-05:00,lower,7158.521950633014,2018-10-18 11:36:00-04:00
207_upper,207,2018-10-19,2018-10-19 10:30:00-04:00,2018-11-16 10:30:00-05:00,upper,7304.04814983383,
207_lower,207,2018-10-19,2018-10-19 10:30:00-04:00,2018-11-16 10:30:00-05:00,lower,7078.70185016617,2018-10-21 18:00:00-04:00
208_upper,208,2018-10-22,2018-10-22 10:30:00-04:00,2018-11-19 10:30:00-05:00,upper,7269.9003184503945,
208_lower,208,2018-10-22,2018-10-22 10:30:00-04:00,2018-11-19 10:30:00-05:00,lower,7032.3496815496055,2018-10-23 05:17:00-04:00
209_upper,209,2018-10-23,2018-10-23 10:30:00-04:00,2018-11-20 10:30:00-05:00,upper,7144.225759601417,2018-10-23 14:50:00-04:00
209_lower,209,2018-10-23,2018-10-23 10:30:00-04:00,2018-11-20 10:30:00-05:00,lower,6878.649240398583,2018-10-24 15:28:00-04:00
210_upper,210,2018-10-24,2018-10-24 10:30:00-04:00,2018-11-21 10:30:00-05:00,upper,7217.81970002781,2018-11-07 16:03:00-05:00
210_lower,210,2018-10-24,2018-10-24 10:30:00-04:00,2018-11-21 10:30:00-05:00,lower,6997.43029997219,2018-10-24 11:29:00-04:00
211_upper,211,2018-10-25,2018-10-25 10:30:00-04:00,2018-11-22 10:30:00-05:00,upper,7078.264090585768,2018-11-01 15:55:00-04:00
211_lower,211,2018-10-25,2018-10-25 10:30:00-04:00,2018-11-22 10:30:00-05:00,lower,6762.610909414232,2018-10-26 05:25:00-04:00
212_upper,212,2018-10-26,2018-10-26 10:30:00-04:00,2018-11-23 10:30:00-05:00,upper,6963.112061325928,2018-10-26 12:50:00-04:00
212_lower,212,2018-10-26,2018-10-26 10:30:00-04:00,2018-11-23 10:30:00-05:00,lower,6667.137938674072,2018-10-29 15:15:00-04:00
213_upper,213,2018-10-29,2018-10-29 10:30:00-04:00,2018-11-26 10:30:00-05:00,upper,7064.512842107727,2018-11-01 13:25:00-04:00
213_lower,213,2018-10-29,2018-10-29 10:30:00-04:00,2018-11-26 10:30:00-05:00,lower,6839.862157892273,2018-10-29 12:06:00-04:00
214_upper,214,2018-10-30,2018-10-30 10:30:00-04:00,2018-11-27 10:30:00-05:00,upper,6889.683844244571,2018-10-31 04:37:00-04:00
214_lower,214,2018-10-30,2018-10-30 10:30:00-04:00,2018-11-27 10:30:00-05:00,lower,6537.816155755429,2018-11-20 08:40:00-05:00
215_upper,215,2018-10-31,2018-10-31 10:30:00-04:00,2018-11-28 10:30:00-05:00,upper,7089.567462295751,2018-11-02 01:04:00-04:00
215_lower,215,2018-10-31,2018-10-31 10:30:00-04:00,2018-11-28 10:30:00-05:00,lower,6812.432537704249,2018-11-12 19:44:00-05:00
216_upper,216,2018-11-01,2018-11-01 10:30:00-04:00,2018-11-29 10:30:00-05:00,upper,7104.642675752431,2018-11-02 02:06:00-04:00
216_lower,216,2018-11-01,2018-11-01 10:30:00-04:00,2018-11-29 10:30:00-05:00,lower,6860.732324247569,2018-11-12 11:14:00-05:00
217_upper,217,2018-11-02,2018-11-02 10:30:00-04:00,2018-11-30 10:30:00-05:00,upper,7183.883387924254,2018-11-07 14:31:00-05:00
217_lower,217,2018-11-02,2018-11-02 10:30:00-04:00,2018-11-30 10:30:00-05:00,lower,6903.866612075746,2018-11-05 09:44:00-05:00
218_upper,218,2018-11-05,2018-11-05 10:30:00-05:00,2018-12-03 10:30:00-05:00,upper,7081.0047610942565,2018-11-07 03:20:00-05:00
218_lower,218,2018-11-05,2018-11-05 10:30:00-05:00,2018-12-03 10:30:00-05:00,lower,6806.8702389057435,2018-11-12 19:44:00-05:00
219_upper,219,2018-11-06,2018-11-06 10:30:00-05:00,2018-12-04 10:30:00-05:00,upper,7094.245089541209,2018-11-07 03:45:00-05:00
219_lower,219,2018-11-06,2018-11-06 10:30:00-05:00,2018-12-04 10:30:00-05:00,lower,6833.879910458791,2018-11-12 11:19:00-05:00
220_upper,220,2018-11-07,2018-11-07 10:30:00-05:00,2018-12-06 10:30:00-05:00,upper,7199.180529799387,2018-11-07 15:54:00-05:00
220_lower,220,2018-11-07,2018-11-07 10:30:00-05:00,2018-12-06 10:30:00-05:00,lower,6976.819470200613,2018-11-12 09:32:00-05:00
221_upper,221,2018-11-08,2018-11-08 10:30:00-05:00,2018-12-07 10:30:00-05:00,upper,7263.038970109725,
221_lower,221,2018-11-08,2018-11-08 10:30:00-05:00,2018-12-07 10:30:00-05:00,lower,7094.461029890275,2018-11-09 06:37:00-05:00
222_upper,222,2018-11-09,2018-11-09 10:30:00-05:00,2018-12-10 10:30:00-05:00,upper,7190.015732353166,
222_lower,222,2018-11-09,2018-11-09 10:30:00-05:00,2018-12-10 10:30:00-05:00,lower,6990.609267646834,2018-11-09 14:21:00-05:00
223_upper,223,2018-11-12,2018-11-12 10:30:00-05:00,2018-12-11 10:30:00-05:00,upper,7103.205569107364,2018-12-02 18:19:00-05:00
223_lower,223,2018-11-12,2018-11-12 10:30:00-05:00,2018-12-11 10:30:00-05:00,lower,6849.169430892636,2018-11-12 11:15:00-05:00
224_upper,224,2018-11-13,2018-11-13 10:30:00-05:00,2018-12-12 10:30:00-05:00,upper,6995.84905865826,2018-12-02 18:00:00-05:00
224_lower,224,2018-11-13,2018-11-13 10:30:00-05:00,2018-12-12 10:30:00-05:00,lower,6746.40094134174,2018-11-14 14:06:00-05:00
225_upper,225,2018-11-14,2018-11-14 10:30:00-05:00,2018-12-13 10:30:00-05:00,upper,7025.611900143327,2018-12-02 18:00:00-05:00
225_lower,225,2018-11-14,2018-11-14 10:30:00-05:00,2018-12-13 10:30:00-05:00,lower,6758.138099856673,2018-11-14 14:02:00-05:00
226_upper,226,2018-11-15,2018-11-15 10:30:00-05:00,2018-12-14 10:30:00-05:00,upper,6886.098901945612,2018-11-15 13:55:00-05:00
226_lower,226,2018-11-15,2018-11-15 10:30:00-05:00,2018-12-14 10:30:00-05:00,lower,6656.901098054388,2018-11-19 13:15:00-05:00
227_upper,227,2018-11-16,2018-11-16 10:30:00-05:00,2018-12-17 10:30:00-05:00,upper,6952.3666696328155,2018-11-30 16:07:00-05:00
227_lower,227,2018-11-16,2018-11-16 10:30:00-05:00,2018-12-17 10:30:00-05:00,lower,6729.6333303671845,2018-11-19 10:34:00-05:00
228_upper,228,2018-11-19,2018-11-19 10:30:00-05:00,2018-12-18 10:30:00-05:00,upper,6957.955654727966,2018-11-30 16:11:00-05:00
228_lower,228,2018-11-19,2018-11-19 10:30:00-05:00,2018-12-18 10:30:00-05:00,lower,6680.669345272034,2018-11-19 11:54:00-05:00
229_upper,229,2018-11-20,2018-11-20 10:30:00-05:00,2018-12-19 10:30:00-05:00,upper,6638.488855974993,2018-11-21 09:31:00-05:00
229_lower,229,2018-11-20,2018-11-20 10:30:00-05:00,2018-12-19 10:30:00-05:00,lower,6366.761144025007,
230_upper,230,2018-11-21,2018-11-21 10:30:00-05:00,2018-12-20 10:30:00-05:00,upper,6728.485554132385,2018-11-27 18:00:00-05:00
230_lower,230,2018-11-21,2018-11-21 10:30:00-05:00,2018-12-20 10:30:00-05:00,lower,6499.389445867615,2018-11-23 08:43:00-05:00
231_upper,231,2018-11-22,2018-11-22 10:30:00-05:00,2018-12-21 10:30:00-05:00,upper,6623.8814122187305,2018-11-26 03:15:00-05:00
231_lower,231,2018-11-22,2018-11-22 10:30:00-05:00,2018-12-21 10:30:00-05:00,lower,6460.4935877812695,2018-12-17 15:23:00-05:00
232_upper,232,2018-11-23,2018-11-23 10:30:00-05:00,2018-12-24 10:30:00-05:00,upper,6655.437697558632,2018-11-26 09:59:00-05:00
232_lower,232,2018-11-23,2018-11-23 10:30:00-05:00,2018-12-24 10:30:00-05:00,lower,6439.937302441368,2018-12-17 15:28:00-05:00
233_upper,233,2018-11-26,2018-11-26 10:30:00-05:00,2018-12-26 10:30:00-05:00,upper,6735.842929241806,2018-11-28 01:10:00-05:00
233_lower,233,2018-11-26,2018-11-26 10:30:00-05:00,2018-12-26 10:30:00-05:00,lower,6520.782070758194,2018-12-17 13:36:00-05:00
234_upper,234,2018-11-27,2018-11-27 10:30:00-05:00,2018-12-27 10:30:00-05:00,upper,6780.964486024599,2018-11-28 12:02:00-05:00
234_lower,234,2018-11-27,2018-11-27 10:30:00-05:00,2018-12-27 10:30:00-05:00,lower,6528.160513975401,2018-12-17 09:53:00-05:00
235_upper,235,2018-11-28,2018-11-28 10:30:00-05:00,2018-12-28 10:30:00-05:00,upper,6827.885470463908,2018-11-28 12:15:00-05:00
235_lower,235,2018-11-28,2018-11-28 10:30:00-05:00,2018-12-28 10:30:00-05:00,lower,6672.739529536092,2018-12-05 18:02:00-05:00
236_upper,236,2018-11-29,2018-11-29 10:30:00-05:00,2018-12-31 10:30:00-05:00,upper,6976.303881365071,2018-12-02 18:00:00-05:00
236_lower,236,2018-11-29,2018-11-29 10:30:00-05:00,2018-12-31 10:30:00-05:00,lower,6803.071118634929,2018-12-04 15:38:00-05:00
237_upper,237,2018-11-30,2018-11-30 10:30:00-05:00,2019-01-02 10:30:00-05:00,upper,6982.035014371558,2018-12-02 18:00:00-05:00
237_lower,237,2018-11-30,2018-11-30 10:30:00-05:00,2019-01-02 10:30:00-05:00,lower,6818.214985628442,2018-12-04 13:40:00-05:00
238_upper,238,2018-12-03,2018-12-03 10:30:00-05:00,2019-01-03 10:30:00-05:00,upper,7191.510145497454,
238_lower,238,2018-12-03,2018-12-03 10:30:00-05:00,2019-01-03 10:30:00-05:00,lower,6978.489854502546,2018-12-04 12:04:00-05:00
239_upper,239,2018-12-04,2018-12-04 10:30:00-05:00,2019-01-04 10:30:00-05:00,upper,7105.050633398478,
239_lower,239,2018-12-04,2018-12-04 10:30:00-05:00,2019-01-04 10:30:00-05:00,lower,6955.324366601522,2018-12-04 12:07:00-05:00
240_upper,240,2018-12-06,2018-12-06 10:30:00-05:00,2019-01-07 10:30:00-05:00,upper,6790.939608582068,2018-12-06 12:53:00-05:00
240_lower,240,2018-12-06,2018-12-06 10:30:00-05:00,2019-01-07 10:30:00-05:00,lower,6558.060391417932,2018-12-09 18:47:00-05:00
241_upper,241,2018-12-07,2018-12-07 10:30:00-05:00,2019-01-08 10:30:00-05:00,upper,6938.143165992891,
241_lower,241,2018-12-07,2018-12-07 10:30:00-05:00,2019-01-08 10:30:00-05:00,lower,6672.481834007109,2018-12-07 12:36:00-05:00
242_upper,242,2018-12-10,2018-12-10 10:30:00-05:00,2019-01-09 10:30:00-05:00,upper,6741.269055832232,2018-12-11 05:53:00-05:00
242_lower,242,2018-12-10,2018-12-10 10:30:00-05:00,2019-01-09 10:30:00-05:00,lower,6491.230944167768,2018-12-17 14:29:00-05:00
243_upper,243,2018-12-11,2018-12-11 10:30:00-05:00,2019-01-10 10:30:00-05:00,upper,6877.4854852260705,
243_lower,243,2018-12-11,2018-12-11 10:30:00-05:00,2019-01-10 10:30:00-05:00,lower,6684.0145147739295,2018-12-11 13:41:00-05:00
244_upper,244,2018-12-12,2018-12-12 10:30:00-05:00,2019-01-11 10:30:00-05:00,upper,6907.376622219665,
244_lower,244,2018-12-12,2018-12-12 10:30:00-05:00,2019-01-11 10:30:00-05:00,lower,6708.373377780335,2018-12-13 21:07:00-05:00
245_upper,245,2018-12-13,2018-12-13 10:30:00-05:00,2019-01-14 10:30:00-05:00,upper,6907.1091121349555,
245_lower,245,2018-12-13,2018-12-13 10:30:00-05:00,2019-01-14 10:30:00-05:00,lower,6708.7658878650445,2018-12-13 21:06:00-05:00
246_upper,246,2018-12-14,2018-12-14 10:30:00-05:00,2019-01-15 10:30:00-05:00,upper,6806.0718955887205,
246_lower,246,2018-12-14,2018-12-14 10:30:00-05:00,2019-01-15 10:30:00-05:00,lower,6615.6781044112795,2018-12-14 15:42:00-05:00
247_upper,247,2018-12-17,2018-12-17 10:30:00-05:00,2019-01-16 10:30:00-05:00,upper,6698.710922106751,2019-01-16 09:33:00-05:00
247_lower,247,2018-12-17,2018-12-17 10:30:00-05:00,2019-01-16 10:30:00-05:00,lower,6460.789077893249,2018-12-17 15:23:00-05:00
248_upper,248,2018-12-18,2018-12-18 10:30:00-05:00,2019-01-17 10:30:00-05:00,upper,6619.752105687365,2019-01-09 11:52:00-05:00
248_lower,248,2018-12-18,2018-12-18 10:30:00-05:00,2019-01-17 10:30:00-05:00,lower,6434.122894312635,2018-12-19 14:52:00-05:00
249_upper,249,2018-12-19,2018-12-19 10:30:00-05:00,2019-01-18 10:30:00-05:00,upper,6661.077467806572,2019-01-15 10:00:00-05:00
249_lower,249,2018-12-19,2018-12-19 10:30:00-05:00,2019-01-18 10:30:00-05:00,lower,6389.047532193428,2018-12-19 14:57:00-05:00
250_upper,250,2018-12-20,2018-12-20 10:30:00-05:00,2019-01-21 10:30:00-05:00,upper,6469.258199892534,2019-01-06 19:03:00-05:00
250_lower,250,2018-12-20,2018-12-20 10:30:00-05:00,2019-01-21 10:30:00-05:00,lower,6225.741800107466,2018-12-20 11:51:00-05:00
251_upper,251,2018-12-21,2018-12-21 10:30:00-05:00,2019-01-22 10:30:00-05:00,upper,6423.489583693136,2019-01-04 12:17:00-05:00
251_lower,251,2018-12-21,2018-12-21 10:30:00-05:00,2019-01-22 10:30:00-05:00,lower,6142.135416306864,2018-12-21 12:19:00-05:00
252_upper,252,2018-12-24,2018-12-24 10:30:00-05:00,2019-01-23 10:30:00-05:00,upper,6171.807056911759,2018-12-26 15:08:00-05:00
252_lower,252,2018-12-24,2018-12-24 10:30:00-05:00,2019-01-23 10:30:00-05:00,lower,5854.442943088241,2018-12-25 18:07:00-05:00
253_upper,253,2018-12-26,2018-12-26 10:30:00-05:00,2019-01-24 10:30:00-05:00,upper,6141.636227627277,2018-12-26 12:55:00-05:00
253_lower,253,2018-12-26,2018-12-26 10:30:00-05:00,2019-01-24 10:30:00-05:00,lower,5833.988772372723,
254_upper,254,2018-12-27,2018-12-27 10:30:00-05:00,2019-01-25 10:30:00-05:00,upper,6340.354224240451,2018-12-27 23:30:00-05:00
254_lower,254,2018-12-27,2018-12-27 10:30:00-05:00,2019-01-25 10:30:00-05:00,lower,6024.395775759549,
255_upper,255,2018-12-28,2018-12-28 10:30:00-05:00,2019-01-28 10:30:00-05:00,upper,6458.285576024862,2019-01-04 13:31:00-05:00
255_lower,255,2018-12-28,2018-12-28 10:30:00-05:00,2019-01-28 10:30:00-05:00,lower,6185.839423975138,2019-01-02 03:22:00-05:00
256_upper,256,2018-12-31,2018-12-31 10:30:00-05:00,2019-01-29 10:30:00-05:00,upper,6465.205076197709,2019-01-06 19:03:00-05:00
256_lower,256,2018-12-31,2018-12-31 10:30:00-05:00,2019-01-29 10:30:00-05:00,lower,6238.169923802291,2019-01-02 03:03:00-05:00
257_upper,257,2019-01-02,2019-01-02 10:30:00-05:00,2019-01-30 10:30:00-05:00,upper,6382.247565499358,2019-01-02 13:01:00-05:00
257_lower,257,2019-01-02,2019-01-02 10:30:00-05:00,2019-01-30 10:30:00-05:00,lower,6090.127434500642,
258_upper,258,2019-01-03,2019-01-03 10:30:00-05:00,2019-01-31 10:30:00-05:00,upper,6408.746399434796,2019-01-04 11:11:00-05:00
258_lower,258,2019-01-03,2019-01-03 10:30:00-05:00,2019-01-31 10:30:00-05:00,lower,6114.128600565204,
259_upper,259,2019-01-04,2019-01-04 10:30:00-05:00,2019-02-01 10:30:00-05:00,upper,6445.8122232536025,2019-01-04 13:07:00-05:00
259_lower,259,2019-01-04,2019-01-04 10:30:00-05:00,2019-02-01 10:30:00-05:00,lower,6121.4377767463975,
260_upper,260,2019-01-07,2019-01-07 10:30:00-05:00,2019-02-04 10:30:00-05:00,upper,6534.203628201894,2019-01-07 13:10:00-05:00
260_lower,260,2019-01-07,2019-01-07 10:30:00-05:00,2019-02-04 10:30:00-05:00,lower,6352.171371798106,
261_upper,261,2019-01-08,2019-01-08 10:30:00-05:00,2019-02-05 10:30:00-05:00,upper,6672.11161245274,2019-01-15 11:57:00-05:00
261_lower,261,2019-01-08,2019-01-08 10:30:00-05:00,2019-02-05 10:30:00-05:00,lower,6439.88838754726,
262_upper,262,2019-01-09,2019-01-09 10:30:00-05:00,2019-02-06 10:30:00-05:00,upper,6678.58359465701,2019-01-15 12:02:00-05:00
262_lower,262,2019-01-09,2019-01-09 10:30:00-05:00,2019-02-06 10:30:00-05:00,lower,6498.04140534299,
263_upper,263,2019-01-10,2019-01-10 10:30:00-05:00,2019-02-07 10:30:00-05:00,upper,6658.400453387424,2019-01-15 10:00:00-05:00
263_lower,263,2019-01-10,2019-01-10 10:30:00-05:00,2019-02-07 10:30:00-05:00,lower,6462.974546612576,
264_upper,264,2019-01-11,2019-01-11 10:30:00-05:00,2019-02-08 10:30:00-05:00,upper,6668.516077014737,2019-01-15 10:02:00-05:00
264_lower,264,2019-01-11,2019-01-11 10:30:00-05:00,2019-02-08 10:30:00-05:00,lower,6514.483922985263,
265_upper,265,2019-01-14,2019-01-14 10:30:00-05:00,2019-02-11 10:30:00-05:00,upper,6623.795237270195,2019-01-15 09:36:00-05:00
265_lower,265,2019-01-14,2019-01-14 10:30:00-05:00,2019-02-11 10:30:00-05:00,lower,6468.954762729805,
266_upper,266,2019-01-15,2019-01-15 10:30:00-05:00,2019-02-12 10:30:00-05:00,upper,6720.912585668611,2019-01-16 09:46:00-05:00
266_lower,266,2019-01-15,2019-01-15 10:30:00-05:00,2019-02-12 10:30:00-05:00,lower,6479.587414331389,
267_upper,267,2019-01-16,2019-01-16 10:30:00-05:00,2019-02-13 10:30:00-05:00,upper,6785.562031698639,2019-01-18 09:28:00-05:00
267_lower,267,2019-01-16,2019-01-16 10:30:00-05:00,2019-02-13 10:30:00-05:00,lower,6615.187968301361,2019-01-17 03:16:00-05:00
268_upper,268,2019-01-17,2019-01-17 10:30:00-05:00,2019-02-14 10:30:00-05:00,upper,6748.819618762862,2019-01-17 14:45:00-05:00
268_lower,268,2019-01-17,2019-01-17 10:30:00-05:00,2019-02-14 10:30:00-05:00,lower,6576.555381237138,
269_upper,269,2019-01-18,2019-01-18 10:30:00-05:00,2019-02-15 10:30:00-05:00,upper,6854.169002421254,2019-01-30 18:00:00-05:00
269_lower,269,2019-01-18,2019-01-18 10:30:00-05:00,2019-02-15 10:30:00-05:00,lower,6686.080997578746,2019-01-22 11:57:00-05:00
270_upper,270,2019-01-21,2019-01-21 10:30:00-05:00,2019-02-18 10:30:00-05:00,upper,6825.081331282832,2019-01-30 14:52:00-05:00
270_lower,270,2019-01-21,2019-01-21 10:30:00-05:00,2019-02-18 10:30:00-05:00,lower,6698.293668717168,2019-01-22 11:42:00-05:00
271_upper,271,2019-01-22,2019-01-22 10:30:00-05:00,2019-02-19 10:30:00-05:00,upper,6810.00379941933,2019-01-25 12:40:00-05:00
271_lower,271,2019-01-22,2019-01-22 10:30:00-05:00,2019-02-19 10:30:00-05:00,lower,6662.62120058067,2019-01-22 13:08:00-05:00
272_upper,272,2019-01-23,2019-01-23 10:30:00-05:00,2019-02-20 10:30:00-05:00,upper,6782.178267459183,2019-01-25 10:09:00-05:00
272_lower,272,2019-01-23,2019-01-23 10:30:00-05:00,2019-02-20 10:30:00-05:00,lower,6611.321732540817,2019-01-23 11:54:00-05:00
273_upper,273,2019-01-24,2019-01-24 10:30:00-05:00,2019-02-21 10:30:00-05:00,upper,6774.122767182309,2019-01-25 10:02:00-05:00
273_lower,273,2019-01-24,2019-01-24 10:30:00-05:00,2019-02-21 10:30:00-05:00,lower,6608.002232817691,
274_upper,274,2019-01-25,2019-01-25 10:30:00-05:00,2019-02-22 10:30:00-05:00,upper,6842.277878733805,2019-01-30 16:45:00-05:00
274_lower,274,2019-01-25,2019-01-25 10:30:00-05:00,2019-02-22 10:30:00-05:00,lower,6680.472121266195,2019-01-28 09:33:00-05:00
275_upper,275,2019-01-28,2019-01-28 10:30:00-05:00,2019-02-25 10:30:00-05:00,upper,6769.707251521271,2019-01-30 14:00:00-05:00
275_lower,275,2019-01-28,2019-01-28 10:30:00-05:00,2019-02-25 10:30:00-05:00,lower,6608.667748478729,
276_upper,276,2019-01-29,2019-01-29 10:30:00-05:00,2019-02-26 10:30:00-05:00,upper,6775.374645331418,2019-01-30 14:00:00-05:00
276_lower,276,2019-01-29,2019-01-29 10:30:00-05:00,2019-02-26 10:30:00-05:00,lower,6621.250354668582,2019-01-29 10:57:00-05:00
277_upper,277,2019-01-30,2019-01-30 10:30:00-05:00,2019-02-27 10:30:00-05:00,upper,6794.330657935607,2019-01-30 14:14:00-05:00
277_lower,277,2019-01-30,2019-01-30 10:30:00-05:00,2019-02-27 10:30:00-05:00,lower,6636.294342064393,
278_upper,278,2019-01-31,2019-01-31 10:30:00-05:00,2019-02-28 10:30:00-05:00,upper,6950.4835546835775,2019-02-04 13:45:00-05:00
278_lower,278,2019-01-31,2019-01-31 10:30:00-05:00,2019-02-28 10:30:00-05:00,lower,6770.6414453164225,
279_upper,279,2019-02-01,2019-02-01 10:30:00-05:00,2019-03-01 10:30:00-05:00,upper,6969.299107631214,2019-02-04 16:02:00-05:00
279_lower,279,2019-02-01,2019-02-01 10:30:00-05:00,2019-03-01 10:30:00-05:00,lower,6806.825892368786,
280_upper,280,2019-02-04,2019-02-04 10:30:00-05:00,2019-03-04 10:30:00-05:00,upper,6966.140952170355,2019-02-04 16:00:00-05:00
280_lower,280,2019-02-04,2019-02-04 10:30:00-05:00,2019-03-04 10:30:00-05:00,lower,6813.859047829645,
281_upper,281,2019-02-05,2019-02-05 10:30:00-05:00,2019-03-05 10:30:00-05:00,upper,7058.524825242923,2019-02-13 01:18:00-05:00
281_lower,281,2019-02-05,2019-02-05 10:30:00-05:00,2019-03-05 10:30:00-05:00,lower,6908.100174757077,2019-02-07 11:00:00-05:00
282_upper,282,2019-02-06,2019-02-06 10:30:00-05:00,2019-03-06 10:30:00-05:00,upper,7103.860363667209,2019-02-20 10:40:00-05:00
282_lower,282,2019-02-06,2019-02-06 10:30:00-05:00,2019-03-06 10:30:00-05:00,lower,6927.889636332791,2019-02-07 09:30:00-05:00
283_upper,283,2019-02-07,2019-02-07 10:30:00-05:00,2019-03-07 10:30:00-05:00,upper,7011.94860488138,2019-02-12 10:58:00-05:00
283_lower,283,2019-02-07,2019-02-07 10:30:00-05:00,2019-03-07 10:30:00-05:00,lower,6865.42639511862,2019-02-07 12:00:00-05:00
284_upper,284,2019-02-08,2019-02-08 10:30:00-05:00,2019-03-08 10:30:00-05:00,upper,6921.53456389343,2019-02-08 16:00:00-05:00
284_lower,284,2019-02-08,2019-02-08 10:30:00-05:00,2019-03-08 10:30:00-05:00,lower,6786.21543610657,
285_upper,285,2019-02-11,2019-02-11 10:30:00-05:00,2019-03-11 10:30:00-04:00,upper,7016.182945674362,2019-02-12 11:00:00-05:00
285_lower,285,2019-02-11,2019-02-11 10:30:00-05:00,2019-03-11 10:30:00-04:00,lower,6873.192054325638,
286_upper,286,2019-02-12,2019-02-12 10:30:00-05:00,2019-03-12 10:30:00-04:00,upper,7043.27827199871,2019-02-12 19:12:00-05:00
286_lower,286,2019-02-12,2019-02-12 10:30:00-05:00,2019-03-12 10:30:00-04:00,lower,6897.22172800129,
287_upper,287,2019-02-13,2019-02-13 10:30:00-05:00,2019-03-13 10:30:00-04:00,upper,7115.3590008712445,2019-02-24 18:00:00-05:00
287_lower,287,2019-02-13,2019-02-13 10:30:00-05:00,2019-03-13 10:30:00-04:00,lower,6981.2659991287555,2019-02-14 09:31:00-05:00
288_upper,288,2019-02-14,2019-02-14 10:30:00-05:00,2019-03-14 10:30:00-04:00,upper,7071.945814887033,2019-02-15 09:28:00-05:00
288_lower,288,2019-02-14,2019-02-14 10:30:00-05:00,2019-03-14 10:30:00-04:00,lower,6920.429185112967,
289_upper,289,2019-02-15,2019-02-15 10:30:00-05:00,2019-03-15 10:30:00-04:00,upper,7144.790488080103,2019-02-25 08:47:00-05:00
289_lower,289,2019-02-15,2019-02-15 10:30:00-05:00,2019-03-15 10:30:00-04:00,lower,6998.584511919897,2019-03-08 08:30:00-05:00
290_upper,290,2019-02-18,2019-02-18 10:30:00-05:00,2019-03-18 10:30:00-04:00,upper,7110.376430518732,2019-02-20 22:40:00-05:00
290_lower,290,2019-02-18,2019-02-18 10:30:00-05:00,2019-03-18 10:30:00-04:00,lower,7026.498569481268,2019-02-21 09:45:00-05:00
291_upper,291,2019-02-19,2019-02-19 10:30:00-05:00,2019-03-19 10:30:00-04:00,upper,7111.280173650113,2019-02-20 22:40:00-05:00
291_lower,291,2019-02-19,2019-02-19 10:30:00-05:00,2019-03-19 10:30:00-04:00,lower,6981.344826349887,2019-03-08 09:00:00-05:00
292_upper,292,2019-02-20,2019-02-20 10:30:00-05:00,2019-03-20 10:30:00-04:00,upper,7137.312499692195,2019-02-25 06:24:00-05:00
292_lower,292,2019-02-20,2019-02-20 10:30:00-05:00,2019-03-20 10:30:00-04:00,lower,7028.562500307805,2019-02-21 09:45:00-05:00
293_upper,293,2019-02-21,2019-02-21 10:30:00-05:00,2019-03-21 10:30:00-04:00,upper,7122.637372547253,2019-02-24 18:02:00-05:00
293_lower,293,2019-02-21,2019-02-21 10:30:00-05:00,2019-03-21 10:30:00-04:00,lower,6962.237627452747,
294_upper,294,2019-02-22,2019-02-22 10:30:00-05:00,2019-03-22 10:30:00-04:00,upper,7118.918271108632,2019-02-24 18:01:00-05:00
294_lower,294,2019-02-22,2019-02-22 10:30:00-05:00,2019-03-22 10:30:00-04:00,lower,7006.956728891368,2019-03-07 14:53:00-05:00
295_upper,295,2019-02-25,2019-02-25 10:30:00-05:00,2019-03-25 10:30:00-04:00,upper,7203.210058941036,2019-03-03 18:07:00-05:00
295_lower,295,2019-02-25,2019-02-25 10:30:00-05:00,2019-03-25 10:30:00-04:00,lower,7101.039941058964,2019-02-25 20:28:00-05:00
296_upper,296,2019-02-26,2019-02-26 10:30:00-05:00,2019-03-26 10:30:00-04:00,upper,7175.288906163387,2019-03-03 18:00:00-05:00
296_lower,296,2019-02-26,2019-02-26 10:30:00-05:00,2019-03-26 10:30:00-04:00,lower,7038.961093836613,2019-03-07 09:52:00-05:00
297_upper,297,2019-02-27,2019-02-27 10:30:00-05:00,2019-03-27 10:30:00-04:00,upper,7177.591926381397,2019-03-03 18:00:00-05:00
297_lower,297,2019-02-27,2019-02-27 10:30:00-05:00,2019-03-27 10:30:00-04:00,lower,7001.408073618603,2019-03-08 08:30:00-05:00
298_upper,298,2019-02-28,2019-02-28 10:30:00-05:00,2019-03-28 10:30:00-04:00,upper,7162.944911961969,2019-03-01 14:29:00-05:00
298_lower,298,2019-02-28,2019-02-28 10:30:00-05:00,2019-03-28 10:30:00-04:00,lower,7039.805088038031,2019-03-07 09:52:00-05:00
299_upper,299,2019-03-01,2019-03-01 10:30:00-05:00,2019-03-29 10:30:00-04:00,upper,7212.4931728828615,2019-03-11 18:56:00-04:00
299_lower,299,2019-03-01,2019-03-01 10:30:00-05:00,2019-03-29 10:30:00-04:00,lower,7083.1318271171385,2019-03-04 12:18:00-05:00
300_upper,300,2019-03-04,2019-03-04 10:30:00-05:00,2019-04-01 10:30:00-04:00,upper,7246.657827243181,2019-03-12 11:58:00-04:00
300_lower,300,2019-03-04,2019-03-04 10:30:00-05:00,2019-04-01 10:30:00-04:00,lower,7144.842172756819,2019-03-04 11:24:00-05:00
301_upper,301,2019-03-05,2019-03-05 10:30:00-05:00,2019-04-02 10:30:00-04:00,upper,7212.4222033741935,2019-03-11 18:56:00-04:00
301_lower,301,2019-03-05,2019-03-05 10:30:00-05:00,2019-04-02 10:30:00-04:00,lower,7088.7027966258065,2019-03-07 02:04:00-05:00
302_upper,302,2019-03-06,2019-03-06 10:30:00-05:00,2019-04-03 10:30:00-04:00,upper,7217.252145972889,2019-03-11 18:56:00-04:00
302_lower,302,2019-03-06,2019-03-06 10:30:00-05:00,2019-04-03 10:30:00-04:00,lower,7097.747854027111,2019-03-06 19:05:00-05:00
303_upper,303,2019-03-07,2019-03-07 10:30:00-05:00,2019-04-04 10:30:00-04:00,upper,7173.571892078411,2019-03-11 12:04:00-04:00
303_lower,303,2019-03-07,2019-03-07 10:30:00-05:00,2019-04-04 10:30:00-04:00,lower,6988.053107921589,2019-03-08 08:31:00-05:00
304_upper,304,2019-03-08,2019-03-08 10:30:00-05:00,2019-04-05 10:30:00-04:00,upper,7049.570180685019,2019-03-08 16:01:00-05:00
304_lower,304,2019-03-08,2019-03-08 10:30:00-05:00,2019-04-05 10:30:00-04:00,lower,6916.804819314981,
305_upper,305,2019-03-11,2019-03-11 10:30:00-04:00,2019-04-08 10:30:00-04:00,upper,7173.49031423275,2019-03-11 12:04:00-04:00
305_lower,305,2019-03-11,2019-03-11 10:30:00-04:00,2019-04-08 10:30:00-04:00,lower,7003.25968576725,
306_upper,306,2019-03-12,2019-03-12 10:30:00-04:00,2019-04-09 10:30:00-04:00,upper,7262.804382013026,2019-03-13 08:00:00-04:00
306_lower,306,2019-03-12,2019-03-12 10:30:00-04:00,2019-04-09 10:30:00-04:00,lower,7153.445617986974,
307_upper,307,2019-03-13,2019-03-13 10:30:00-04:00,2019-04-10 10:30:00-04:00,upper,7317.8442332462455,2019-03-13 14:02:00-04:00
307_lower,307,2019-03-13,2019-03-13 10:30:00-04:00,2019-04-10 10:30:00-04:00,lower,7220.5307667537545,
308_upper,308,2019-03-14,2019-03-14 10:30:00-04:00,2019-04-11 10:30:00-04:00,upper,7332.254555376385,2019-03-15 09:56:00-04:00
308_lower,308,2019-03-14,2019-03-14 10:30:00-04:00,2019-04-11 10:30:00-04:00,lower,7237.245444623615,
309_upper,309,2019-03-15,2019-03-15 10:30:00-04:00,2019-04-12 10:30:00-04:00,upper,7364.223578148492,2019-03-18 09:58:00-04:00
309_lower,309,2019-03-15,2019-03-15 10:30:00-04:00,2019-04-12 10:30:00-04:00,lower,7248.026421851508,
310_upper,310,2019-03-18,2019-03-18 10:30:00-04:00,2019-04-15 10:30:00-04:00,upper,7404.166306104591,2019-03-19 11:50:00-04:00
310_lower,310,2019-03-18,2019-03-18 10:30:00-04:00,2019-04-15 10:30:00-04:00,lower,7286.833693895409,2019-03-27 11:43:00-04:00
311_upper,311,2019-03-19,2019-03-19 10:30:00-04:00,2019-04-16 10:30:00-04:00,upper,7435.67745363352,2019-03-20 14:26:00-04:00
311_lower,311,2019-03-19,2019-03-19 10:30:00-04:00,2019-04-16 10:30:00-04:00,lower,7337.82254636648,2019-03-24 20:24:00-04:00
312_upper,312,2019-03-20,2019-03-20 10:30:00-04:00,2019-04-17 10:30:00-04:00,upper,7433.002185272495,2019-03-20 14:25:00-04:00
312_lower,312,2019-03-20,2019-03-20 10:30:00-04:00,2019-04-17 10:30:00-04:00,lower,7323.372814727505,2019-03-24 20:36:00-04:00
313_upper,313,2019-03-21,2019-03-21 10:30:00-04:00,2019-04-18 10:30:00-04:00,upper,7490.028262531559,2019-03-21 13:27:00-04:00
313_lower,313,2019-03-21,2019-03-21 10:30:00-04:00,2019-04-18 10:30:00-04:00,lower,7320.096737468441,2019-03-24 20:37:00-04:00
314_upper,314,2019-03-22,2019-03-22 10:30:00-04:00,2019-04-22 10:30:00-04:00,upper,7571.935485980624,2019-04-03 03:32:00-04:00
314_lower,314,2019-03-22,2019-03-22 10:30:00-04:00,2019-04-22 10:30:00-04:00,lower,7397.189514019376,2019-03-22 11:52:00-04:00
315_upper,315,2019-03-25,2019-03-25 10:30:00-04:00,2019-04-23 10:30:00-04:00,upper,7433.512851730817,2019-03-26 09:57:00-04:00
315_lower,315,2019-03-25,2019-03-25 10:30:00-04:00,2019-04-23 10:30:00-04:00,lower,7233.487148269183,
316_upper,316,2019-03-26,2019-03-26 10:30:00-04:00,2019-04-24 10:30:00-04:00,upper,7488.643718171988,2019-04-01 12:57:00-04:00
316_lower,316,2019-03-26,2019-03-26 10:30:00-04:00,2019-04-24 10:30:00-04:00,lower,7335.981281828012,2019-03-27 11:13:00-04:00
317_upper,317,2019-03-27,2019-03-27 10:30:00-04:00,2019-04-25 10:30:00-04:00,upper,7455.804037375222,2019-03-31 19:05:00-04:00
317_lower,317,2019-03-27,2019-03-27 10:30:00-04:00,2019-04-25 10:30:00-04:00,lower,7313.695962624778,2019-03-27 11:28:00-04:00
318_upper,318,2019-03-28,2019-03-28 10:30:00-04:00,2019-04-26 10:30:00-04:00,upper,7423.461187788158,2019-03-31 18:00:00-04:00
318_lower,318,2019-03-28,2019-03-28 10:30:00-04:00,2019-04-26 10:30:00-04:00,lower,7271.538812211842,
319_upper,319,2019-03-29,2019-03-29 10:30:00-04:00,2019-04-29 10:30:00-04:00,upper,7453.638645063456,2019-03-31 18:02:00-04:00
319_lower,319,2019-03-29,2019-03-29 10:30:00-04:00,2019-04-29 10:30:00-04:00,lower,7330.111354936544,
320_upper,320,2019-04-01,2019-04-01 10:30:00-04:00,2019-04-30 10:30:00-04:00,upper,7529.00992934504,2019-04-02 15:23:00-04:00
320_lower,320,2019-04-01,2019-04-01 10:30:00-04:00,2019-04-30 10:30:00-04:00,lower,7405.74007065496,
321_upper,321,2019-04-02,2019-04-02 10:30:00-04:00,2019-05-01 10:30:00-04:00,upper,7556.688231456711,2019-04-02 21:45:00-04:00
321_lower,321,2019-04-02,2019-04-02 10:30:00-04:00,2019-05-01 10:30:00-04:00,lower,7448.311768543289,
322_upper,322,2019-04-03,2019-04-03 10:30:00-04:00,2019-05-02 10:30:00-04:00,upper,7622.528978544867,2019-04-08 15:41:00-04:00
322_lower,322,2019-04-03,2019-04-03 10:30:00-04:00,2019-05-02 10:30:00-04:00,lower,7512.846021455133,
323_upper,323,2019-04-04,2019-04-04 10:30:00-04:00,2019-05-03 10:30:00-04:00,upper,7642.527829229008,2019-04-10 16:01:00-04:00
323_lower,323,2019-04-04,2019-04-04 10:30:00-04:00,2019-05-03 10:30:00-04:00,lower,7499.222170770992,
324_upper,324,2019-04-05,2019-04-05 10:30:00-04:00,2019-05-06 10:30:00-04:00,upper,7647.411682774517,2019-04-10 18:29:00-04:00
324_lower,324,2019-04-05,2019-04-05 10:30:00-04:00,2019-05-06 10:30:00-04:00,lower,7533.213317225483,
325_upper,325,2019-04-08,2019-04-08 10:30:00-04:00,2019-05-07 10:30:00-04:00,upper,7642.205063446842,2019-04-10 16:01:00-04:00
325_lower,325,2019-04-08,2019-04-08 10:30:00-04:00,2019-05-07 10:30:00-04:00,lower,7527.169936553158,
326_upper,326,2019-04-09,2019-04-09 10:30:00-04:00,2019-05-08 10:30:00-04:00,upper,7658.0460071098805,2019-04-10 19:42:00-04:00
326_lower,326,2019-04-09,2019-04-09 10:30:00-04:00,2019-05-08 10:30:00-04:00,lower,7538.3289928901195,
327_upper,327,2019-04-10,2019-04-10 10:30:00-04:00,2019-05-09 10:30:00-04:00,upper,7657.600879389686,2019-04-10 19:42:00-04:00
327_lower,327,2019-04-10,2019-04-10 10:30:00-04:00,2019-05-09 10:30:00-04:00,lower,7553.774120610314,2019-05-09 08:49:00-04:00
328_upper,328,2019-04-11,2019-04-11 10:30:00-04:00,2019-05-10 10:30:00-04:00,upper,7699.333072790703,2019-04-16 21:59:00-04:00
328_lower,328,2019-04-11,2019-04-11 10:30:00-04:00,2019-05-10 10:30:00-04:00,lower,7578.916927209297,2019-05-09 02:52:00-04:00
329_upper,329,2019-04-12,2019-04-12 10:30:00-04:00,2019-05-13 10:30:00-04:00,upper,7694.1717674909305,2019-04-16 16:00:00-04:00
329_lower,329,2019-04-12,2019-04-12 10:30:00-04:00,2019-05-13 10:30:00-04:00,lower,7599.4532325090695,2019-04-15 10:43:00-04:00
330_upper,330,2019-04-15,2019-04-15 10:30:00-04:00,2019-05-14 10:30:00-04:00,upper,7708.943373859822,2019-04-17 08:03:00-04:00
330_lower,330,2019-04-15,2019-04-15 10:30:00-04:00,2019-05-14 10:30:00-04:00,lower,7575.056626140178,2019-05-09 02:52:00-04:00
331_upper,331,2019-04-16,2019-04-16 10:30:00-04:00,2019-05-15 10:30:00-04:00,upper,7730.394273932708,2019-04-17 09:23:00-04:00
331_lower,331,2019-04-16,2019-04-16 10:30:00-04:00,2019-05-15 10:30:00-04:00,lower,7626.980726067292,2019-05-07 13:20:00-04:00
332_upper,332,2019-04-17,2019-04-17 10:30:00-04:00,2019-05-16 10:30:00-04:00,upper,7789.432332547307,2019-04-23 10:04:00-04:00
332_lower,332,2019-04-17,2019-04-17 10:30:00-04:00,2019-05-16 10:30:00-04:00,lower,7643.692667452693,2019-05-07 11:04:00-04:00
333_upper,333,2019-04-18,2019-04-18 10:30:00-04:00,2019-05-17 10:30:00-04:00,upper,7772.171559230863,2019-04-23 09:44:00-04:00
333_lower,333,2019-04-18,2019-04-18 10:30:00-04:00,2019-05-17 10:30:00-04:00,lower,7635.328440769137,2019-05-07 13:10:00-04:00
334_upper,334,2019-04-22,2019-04-22 10:30:00-04:00,2019-05-20 10:30:00-04:00,upper,7740.908942780582,2019-04-22 16:32:00-04:00
334_lower,334,2019-04-22,2019-04-22 10:30:00-04:00,2019-05-20 10:30:00-04:00,lower,7624.591057219418,2019-05-07 13:24:00-04:00
335_upper,335,2019-04-23,2019-04-23 10:30:00-04:00,2019-05-21 10:30:00-04:00,upper,7831.777078718316,2019-04-23 14:33:00-04:00
335_lower,335,2019-04-23,2019-04-23 10:30:00-04:00,2019-05-21 10:30:00-04:00,lower,7685.097921281684,2019-05-02 11:56:00-04:00
336_upper,336,2019-04-24,2019-04-24 10:30:00-04:00,2019-05-22 10:30:00-04:00,upper,7888.943570785078,
336_lower,336,2019-04-24,2019-04-24 10:30:00-04:00,2019-05-22 10:30:00-04:00,lower,7773.931429214922,2019-04-26 09:43:00-04:00
337_upper,337,2019-04-25,2019-04-25 10:30:00-04:00,2019-05-23 10:30:00-04:00,upper,7935.093280758177,
337_lower,337,2019-04-25,2019-04-25 10:30:00-04:00,2019-05-23 10:30:00-04:00,lower,7754.281719241823,2019-04-30 11:03:00-04:00
338_upper,338,2019-04-26,2019-04-26 10:30:00-04:00,2019-05-24 10:30:00-04:00,upper,7892.662852289366,
338_lower,338,2019-04-26,2019-04-26 10:30:00-04:00,2019-05-24 10:30:00-04:00,lower,7719.837147710634,2019-05-02 11:42:00-04:00
339_upper,339,2019-04-29,2019-04-29 10:30:00-04:00,2019-05-27 10:30:00-04:00,upper,7890.481377707405,
339_lower,339,2019-04-29,2019-04-29 10:30:00-04:00,2019-05-27 10:30:00-04:00,lower,7787.768622292595,2019-04-29 21:00:00-04:00
340_upper,340,2019-04-30,2019-04-30 10:30:00-04:00,2019-05-28 10:30:00-04:00,upper,7849.304970506435,2019-04-30 16:30:00-04:00
340_lower,340,2019-04-30,2019-04-30 10:30:00-04:00,2019-05-28 10:30:00-04:00,lower,7733.070029493565,2019-05-01 18:02:00-04:00
341_upper,341,2019-05-01,2019-05-01 10:30:00-04:00,2019-05-29 10:30:00-04:00,upper,7900.393795263002,
341_lower,341,2019-05-01,2019-05-01 10:30:00-04:00,2019-05-29 10:30:00-04:00,lower,7783.981204736998,2019-05-01 15:50:00-04:00
342_upper,342,2019-05-02,2019-05-02 10:30:00-04:00,2019-05-30 10:30:00-04:00,upper,7849.943792865013,2019-05-03 13:19:00-04:00
342_lower,342,2019-05-02,2019-05-02 10:30:00-04:00,2019-05-30 10:30:00-04:00,lower,7694.931207134987,2019-05-02 11:47:00-04:00
343_upper,343,2019-05-03,2019-05-03 10:30:00-04:00,2019-05-31 10:30:00-04:00,upper,7866.216264080465,2019-05-03 16:30:00-04:00
343_lower,343,2019-05-03,2019-05-03 10:30:00-04:00,2019-05-31 10:30:00-04:00,lower,7732.533735919535,2019-05-05 18:01:00-04:00
344_upper,344,2019-05-06,2019-05-06 10:30:00-04:00,2019-06-03 10:30:00-04:00,upper,7808.1318921797865,2019-05-06 14:50:00-04:00
344_lower,344,2019-05-06,2019-05-06 10:30:00-04:00,2019-06-03 10:30:00-04:00,lower,7604.1181078202135,2019-05-07 14:31:00-04:00
345_upper,345,2019-05-07,2019-05-07 10:30:00-04:00,2019-06-04 10:30:00-04:00,upper,7812.58798479966,
345_lower,345,2019-05-07,2019-05-07 10:30:00-04:00,2019-06-04 10:30:00-04:00,lower,7624.66201520034,2019-05-07 13:24:00-04:00
346_upper,346,2019-05-08,2019-05-08 10:30:00-04:00,2019-06-05 10:30:00-04:00,upper,7728.540380497325,
346_lower,346,2019-05-08,2019-05-08 10:30:00-04:00,2019-06-05 10:30:00-04:00,lower,7531.209619502675,2019-05-09 09:43:00-04:00
347_upper,347,2019-05-09,2019-05-09 10:30:00-04:00,2019-06-06 10:30:00-04:00,upper,7651.573096473161,2019-05-09 20:24:00-04:00
347_lower,347,2019-05-09,2019-05-09 10:30:00-04:00,2019-06-06 10:30:00-04:00,lower,7422.426903526839,2019-05-13 08:14:00-04:00
348_upper,348,2019-05-10,2019-05-10 10:30:00-04:00,2019-06-07 10:30:00-04:00,upper,7668.597661591877,
348_lower,348,2019-05-10,2019-05-10 10:30:00-04:00,2019-06-07 10:30:00-04:00,lower,7439.527338408123,2019-05-10 11:43:00-04:00
349_upper,349,2019-05-13,2019-05-13 10:30:00-04:00,2019-06-10 10:30:00-04:00,upper,7511.56187507329,2019-05-15 11:30:00-04:00
349_lower,349,2019-05-13,2019-05-13 10:30:00-04:00,2019-06-10 10:30:00-04:00,lower,7292.18812492671,2019-05-13 18:01:00-04:00
350_upper,350,2019-05-14,2019-05-14 10:30:00-04:00,2019-06-11 10:30:00-04:00,upper,7481.289402916763,2019-05-15 10:42:00-04:00
350_lower,350,2019-05-14,2019-05-14 10:30:00-04:00,2019-06-11 10:30:00-04:00,lower,7269.085597083237,2019-05-23 13:00:00-04:00
351_upper,351,2019-05-15,2019-05-15 10:30:00-04:00,2019-06-12 10:30:00-04:00,upper,7528.727749486024,2019-05-15 13:56:00-04:00
351_lower,351,2019-05-15,2019-05-15 10:30:00-04:00,2019-06-12 10:30:00-04:00,lower,7258.772250513976,2019-05-28 20:12:00-04:00
352_upper,352,2019-05-16,2019-05-16 10:30:00-04:00,2019-06-13 10:30:00-04:00,upper,7662.971694522112,
352_lower,352,2019-05-16,2019-05-16 10:30:00-04:00,2019-06-13 10:30:00-04:00,lower,7420.153305477888,2019-05-20 06:26:00-04:00
353_upper,353,2019-05-17,2019-05-17 10:30:00-04:00,2019-06-14 10:30:00-04:00,upper,7618.332356369952,2019-05-17 11:08:00-04:00
353_lower,353,2019-05-17,2019-05-17 10:30:00-04:00,2019-06-14 10:30:00-04:00,lower,7446.417643630048,2019-05-20 06:14:00-04:00
354_upper,354,2019-05-20,2019-05-20 10:30:00-04:00,2019-06-17 10:30:00-04:00,upper,7490.945550165439,2019-06-10 09:33:00-04:00
354_lower,354,2019-05-20,2019-05-20 10:30:00-04:00,2019-06-17 10:30:00-04:00,lower,7312.929449834561,2019-05-23 09:45:00-04:00
355_upper,355,2019-05-21,2019-05-21 10:30:00-04:00,2019-06-18 10:30:00-04:00,upper,7524.477879444203,2019-06-10 10:06:00-04:00
355_lower,355,2019-05-21,2019-05-21 10:30:00-04:00,2019-06-18 10:30:00-04:00,lower,7371.647120555797,2019-05-23 02:07:00-04:00
356_upper,356,2019-05-22,2019-05-22 10:30:00-04:00,2019-06-19 10:30:00-04:00,upper,7514.957749626323,2019-06-10 09:42:00-04:00
356_lower,356,2019-05-22,2019-05-22 10:30:00-04:00,2019-06-19 10:30:00-04:00,lower,7352.542250373677,2019-05-23 03:10:00-04:00
357_upper,357,2019-05-23,2019-05-23 10:30:00-04:00,2019-06-20 10:30:00-04:00,upper,7409.752653195399,2019-06-07 10:34:00-04:00
357_lower,357,2019-05-23,2019-05-23 10:30:00-04:00,2019-06-20 10:30:00-04:00,lower,7259.372346804601,2019-05-28 20:12:00-04:00
358_upper,358,2019-05-24,2019-05-24 10:30:00-04:00,2019-06-21 10:30:00-04:00,upper,7436.098306594207,2019-06-07 10:57:00-04:00
358_lower,358,2019-05-24,2019-05-24 10:30:00-04:00,2019-06-21 10:30:00-04:00,lower,7278.526693405793,2019-05-28 20:09:00-04:00
359_upper,359,2019-05-27,2019-05-27 10:30:00-04:00,2019-06-24 10:30:00-04:00,upper,7364.662584484247,2019-05-28 09:39:00-04:00
359_lower,359,2019-05-27,2019-05-27 10:30:00-04:00,2019-06-24 10:30:00-04:00,lower,7264.587415515753,2019-05-28 20:12:00-04:00
360_upper,360,2019-05-28,2019-05-28 10:30:00-04:00,2019-06-25 10:30:00-04:00,upper,7417.403327240856,2019-06-07 10:40:00-04:00
360_lower,360,2019-05-28,2019-05-28 10:30:00-04:00,2019-06-25 10:30:00-04:00,lower,7260.096672759144,2019-05-28 20:12:00-04:00
361_upper,361,2019-05-29,2019-05-29 10:30:00-04:00,2019-06-26 10:30:00-04:00,upper,7320.976023311203,2019-06-07 06:59:00-04:00
361_lower,361,2019-05-29,2019-05-29 10:30:00-04:00,2019-06-26 10:30:00-04:00,lower,7155.648976688797,2019-05-31 03:53:00-04:00
362_upper,362,2019-05-30,2019-05-30 10:30:00-04:00,2019-06-27 10:30:00-04:00,upper,7318.629343410214,2019-06-07 06:53:00-04:00
362_lower,362,2019-05-30,2019-05-30 10:30:00-04:00,2019-06-27 10:30:00-04:00,lower,7176.495656589786,2019-05-31 03:05:00-04:00
363_upper,363,2019-05-31,2019-05-31 10:30:00-04:00,2019-06-28 10:30:00-04:00,upper,7232.539676526665,2019-06-05 05:31:00-04:00
363_lower,363,2019-05-31,2019-05-31 10:30:00-04:00,2019-06-28 10:30:00-04:00,lower,7085.460323473335,2019-06-02 18:21:00-04:00
364_upper,364,2019-06-03,2019-06-03 10:30:00-04:00,2019-07-01 10:30:00-04:00,upper,7224.946166549782,2019-06-05 05:27:00-04:00
364_lower,364,2019-06-03,2019-06-03 10:30:00-04:00,2019-07-01 10:30:00-04:00,lower,6970.303833450218,2019-06-03 13:37:00-04:00
365_upper,365,2019-06-04,2019-06-04 10:30:00-04:00,2019-07-02 10:30:00-04:00,upper,7156.498340702606,2019-06-04 13:59:00-04:00
365_lower,365,2019-06-04,2019-06-04 10:30:00-04:00,2019-07-02 10:30:00-04:00,lower,6955.626659297394,
366_upper,366,2019-06-05,2019-06-05 10:30:00-04:00,2019-07-03 10:30:00-04:00,upper,7325.629743750348,2019-06-07 08:50:00-04:00
366_lower,366,2019-06-05,2019-06-05 10:30:00-04:00,2019-07-03 10:30:00-04:00,lower,7116.870256249652,
367_upper,367,2019-06-06,2019-06-06 10:30:00-04:00,2019-07-04 10:30:00-04:00,upper,7306.2149127648445,2019-06-07 04:08:00-04:00
367_lower,367,2019-06-06,2019-06-06 10:30:00-04:00,2019-07-04 10:30:00-04:00,lower,7158.0350872351555,
368_upper,368,2019-06-07,2019-06-07 10:30:00-04:00,2019-07-05 10:30:00-04:00,upper,7448.9228141347285,2019-06-07 11:01:00-04:00
368_lower,368,2019-06-07,2019-06-07 10:30:00-04:00,2019-07-05 10:30:00-04:00,lower,7226.0771858652715,
369_upper,369,2019-06-10,2019-06-10 10:30:00-04:00,2019-07-08 10:30:00-04:00,upper,7584.364849485702,2019-06-11 08:35:00-04:00
369_lower,369,2019-06-10,2019-06-10 10:30:00-04:00,2019-07-08 10:30:00-04:00,lower,7390.635150514298,
370_upper,370,2019-06-11,2019-06-11 10:30:00-04:00,2019-07-09 10:30:00-04:00,upper,7662.43816592718,2019-06-18 09:40:00-04:00
370_lower,370,2019-06-11,2019-06-11 10:30:00-04:00,2019-07-09 10:30:00-04:00,lower,7501.81183407282,2019-06-11 12:07:00-04:00
371_upper,371,2019-06-12,2019-06-12 10:30:00-04:00,2019-07-10 10:30:00-04:00,upper,7570.924729812347,2019-06-17 09:55:00-04:00
371_lower,371,2019-06-12,2019-06-12 10:30:00-04:00,2019-07-10 10:30:00-04:00,lower,7414.825270187653,
372_upper,372,2019-06-13,2019-06-13 10:30:00-04:00,2019-07-11 10:30:00-04:00,upper,7584.937138920871,2019-06-18 04:18:00-04:00
372_lower,372,2019-06-13,2019-06-13 10:30:00-04:00,2019-07-11 10:30:00-04:00,lower,7437.062861079129,
373_upper,373,2019-06-14,2019-06-14 10:30:00-04:00,2019-07-12 10:30:00-04:00,upper,7560.9113085016415,2019-06-17 09:53:00-04:00
373_lower,373,2019-06-14,2019-06-14 10:30:00-04:00,2019-07-12 10:30:00-04:00,lower,7435.8386914983585,
374_upper,374,2019-06-17,2019-06-17 10:30:00-04:00,2019-07-15 10:30:00-04:00,upper,7620.4344029936965,2019-06-18 06:40:00-04:00
374_lower,374,2019-06-17,2019-06-17 10:30:00-04:00,2019-07-15 10:30:00-04:00,lower,7450.6905970063035,
375_upper,375,2019-06-18,2019-06-18 10:30:00-04:00,2019-07-16 10:30:00-04:00,upper,7765.55530926014,2019-06-19 23:49:00-04:00
375_lower,375,2019-06-18,2019-06-18 10:30:00-04:00,2019-07-16 10:30:00-04:00,lower,7546.31969073986,
376_upper,376,2019-06-19,2019-06-19 10:30:00-04:00,2019-07-17 10:30:00-04:00,upper,7748.238854969065,2019-06-19 21:09:00-04:00
376_lower,376,2019-06-19,2019-06-19 10:30:00-04:00,2019-07-17 10:30:00-04:00,lower,7593.511145030935,
377_upper,377,2019-06-20,2019-06-20 10:30:00-04:00,2019-07-18 10:30:00-04:00,upper,7864.7414727131645,2019-07-03 04:55:00-04:00
377_lower,377,2019-06-20,2019-06-20 10:30:00-04:00,2019-07-18 10:30:00-04:00,lower,7717.7585272868355,2019-06-20 12:16:00-04:00
378_upper,378,2019-06-21,2019-06-21 10:30:00-04:00,2019-07-19 10:30:00-04:00,upper,7815.97725658009,2019-06-30 18:00:00-04:00
378_lower,378,2019-06-21,2019-06-21 10:30:00-04:00,2019-07-19 10:30:00-04:00,lower,7687.89774341991,2019-06-25 10:50:00-04:00
379_upper,379,2019-06-24,2019-06-24 10:30:00-04:00,2019-07-22 10:30:00-04:00,upper,7829.290057770993,2019-07-01 03:03:00-04:00
379_lower,379,2019-06-24,2019-06-24 10:30:00-04:00,2019-07-22 10:30:00-04:00,lower,7702.584942229007,2019-06-25 10:22:00-04:00
380_upper,380,2019-06-25,2019-06-25 10:30:00-04:00,2019-07-23 10:30:00-04:00,upper,7820.622075962372,2019-06-30 18:07:00-04:00
380_lower,380,2019-06-25,2019-06-25 10:30:00-04:00,2019-07-23 10:30:00-04:00,lower,7655.377924037628,2019-06-25 13:00:00-04:00
381_upper,381,2019-06-26,2019-06-26 10:30:00-04:00,2019-07-24 10:30:00-04:00,upper,7766.470804028971,2019-06-30 18:00:00-04:00
381_lower,381,2019-06-26,2019-06-26 10:30:00-04:00,2019-07-24 10:30:00-04:00,lower,7597.529195971029,
382_upper,382,2019-06-27,2019-06-27 10:30:00-04:00,2019-07-25 10:30:00-04:00,upper,7751.633346750665,2019-06-30 18:00:00-04:00
382_lower,382,2019-06-27,2019-06-27 10:30:00-04:00,2019-07-25 10:30:00-04:00,lower,7618.866653249335,
383_upper,383,2019-06-28,2019-06-28 10:30:00-04:00,2019-07-26 10:30:00-04:00,upper,7773.978888531025,2019-06-30 18:00:00-04:00
383_lower,383,2019-06-28,2019-06-28 10:30:00-04:00,2019-07-26 10:30:00-04:00,lower,7614.396111468975,
384_upper,384,2019-07-01,2019-07-01 10:30:00-04:00,2019-07-29 10:30:00-04:00,upper,7913.106717944328,2019-07-10 09:32:00-04:00
384_lower,384,2019-07-01,2019-07-01 10:30:00-04:00,2019-07-29 10:30:00-04:00,lower,7751.393282055672,2019-07-09 03:43:00-04:00
385_upper,385,2019-07-02,2019-07-02 10:30:00-04:00,2019-07-30 10:30:00-04:00,upper,7845.729041524407,2019-07-03 03:15:00-04:00
385_lower,385,2019-07-02,2019-07-02 10:30:00-04:00,2019-07-30 10:30:00-04:00,lower,7733.395958475593,
386_upper,386,2019-07-03,2019-07-03 10:30:00-04:00,2019-07-31 10:30:00-04:00,upper,7899.048540455279,2019-07-03 18:00:00-04:00
386_lower,386,2019-07-03,2019-07-03 10:30:00-04:00,2019-07-31 10:30:00-04:00,lower,7791.326459544721,2019-07-08 09:37:00-04:00
387_upper,387,2019-07-04,2019-07-04 10:30:00-04:00,2019-08-01 10:30:00-04:00,upper,7937.219154060057,2019-07-10 09:48:00-04:00
387_lower,387,2019-07-04,2019-07-04 10:30:00-04:00,2019-08-01 10:30:00-04:00,lower,7857.780845939943,2019-07-05 08:30:00-04:00
388_upper,388,2019-07-05,2019-07-05 10:30:00-04:00,2019-08-02 10:30:00-04:00,upper,7888.532009613155,2019-07-10 08:36:00-04:00
388_lower,388,2019-07-05,2019-07-05 10:30:00-04:00,2019-08-02 10:30:00-04:00,lower,7762.717990386845,2019-07-08 23:23:00-04:00
389_upper,389,2019-07-08,2019-07-08 10:30:00-04:00,2019-08-05 10:30:00-04:00,upper,7873.192209136437,2019-07-10 08:33:00-04:00
389_lower,389,2019-07-08,2019-07-08 10:30:00-04:00,2019-08-05 10:30:00-04:00,lower,7742.182790863563,2019-08-02 03:50:00-04:00
390_upper,390,2019-07-09,2019-07-09 10:30:00-04:00,2019-08-06 10:30:00-04:00,upper,7856.869841422689,2019-07-09 15:53:00-04:00
390_lower,390,2019-07-09,2019-07-09 10:30:00-04:00,2019-08-06 10:30:00-04:00,lower,7705.005158577311,2019-08-02 10:08:00-04:00
391_upper,391,2019-07-10,2019-07-10 10:30:00-04:00,2019-08-07 10:30:00-04:00,upper,7991.520987847251,2019-07-15 15:42:00-04:00
391_lower,391,2019-07-10,2019-07-10 10:30:00-04:00,2019-08-07 10:30:00-04:00,lower,7821.729012152749,2019-07-19 16:59:00-04:00
392_upper,392,2019-07-11,2019-07-11 10:30:00-04:00,2019-08-08 10:30:00-04:00,upper,7994.358280096334,2019-07-15 19:54:00-04:00
392_lower,392,2019-07-11,2019-07-11 10:30:00-04:00,2019-08-08 10:30:00-04:00,lower,7887.141719903666,2019-07-17 16:08:00-04:00
393_upper,393,2019-07-12,2019-07-12 10:30:00-04:00,2019-08-09 10:30:00-04:00,upper,7987.432820639214,2019-07-15 15:00:00-04:00
393_lower,393,2019-07-12,2019-07-12 10:30:00-04:00,2019-08-09 10:30:00-04:00,lower,7876.817179360786,2019-07-17 16:37:00-04:00
394_upper,394,2019-07-15,2019-07-15 10:30:00-04:00,2019-08-12 10:30:00-04:00,upper,8030.95212475716,2019-07-24 16:05:00-04:00
394_lower,394,2019-07-15,2019-07-15 10:30:00-04:00,2019-08-12 10:30:00-04:00,lower,7925.42287524284,2019-07-16 12:20:00-04:00
395_upper,395,2019-07-16,2019-07-16 10:30:00-04:00,2019-08-13 10:30:00-04:00,upper,8027.696106727859,2019-07-24 16:00:00-04:00
395_lower,395,2019-07-16,2019-07-16 10:30:00-04:00,2019-08-13 10:30:00-04:00,lower,7927.303893272141,2019-07-16 12:18:00-04:00
396_upper,396,2019-07-17,2019-07-17 10:30:00-04:00,2019-08-14 10:30:00-04:00,upper,8005.144464454312,2019-07-24 14:55:00-04:00
396_lower,396,2019-07-17,2019-07-17 10:30:00-04:00,2019-08-14 10:30:00-04:00,lower,7894.480535545688,2019-07-17 16:06:00-04:00
397_upper,397,2019-07-18,2019-07-18 10:30:00-04:00,2019-08-15 10:30:00-04:00,upper,7948.525154256891,2019-07-18 16:37:00-04:00
397_lower,397,2019-07-18,2019-07-18 10:30:00-04:00,2019-08-15 10:30:00-04:00,lower,7806.224845743109,2019-07-31 14:53:00-04:00
398_upper,398,2019-07-19,2019-07-19 10:30:00-04:00,2019-08-16 10:30:00-04:00,upper,8033.904015523989,2019-07-24 16:05:00-04:00
398_lower,398,2019-07-19,2019-07-19 10:30:00-04:00,2019-08-16 10:30:00-04:00,lower,7892.595984476011,2019-07-19 14:16:00-04:00
399_upper,399,2019-07-22,2019-07-22 10:30:00-04:00,2019-08-19 10:30:00-04:00,upper,7959.990078487765,2019-07-23 08:08:00-04:00
399_lower,399,2019-07-22,2019-07-22 10:30:00-04:00,2019-08-19 10:30:00-04:00,lower,7815.009921512235,2019-07-31 14:52:00-04:00
400_upper,400,2019-07-23,2019-07-23 10:30:00-04:00,2019-08-20 10:30:00-04:00,upper,8024.6350594590585,2019-07-24 15:30:00-04:00
400_lower,400,2019-07-23,2019-07-23 10:30:00-04:00,2019-08-20 10:30:00-04:00,lower,7875.6149405409415,2019-07-31 14:48:00-04:00
401_upper,401,2019-07-24,2019-07-24 10:30:00-04:00,2019-08-21 10:30:00-04:00,upper,8018.361123322236,2019-07-24 15:13:00-04:00
401_lower,401,2019-07-24,2019-07-24 10:30:00-04:00,2019-08-21 10:30:00-04:00,lower,7882.638876677764,2019-07-31 14:46:00-04:00
402_upper,402,2019-07-25,2019-07-25 10:30:00-04:00,2019-08-22 10:30:00-04:00,upper,8058.523286248057,
402_lower,402,2019-07-25,2019-07-25 10:30:00-04:00,2019-08-22 10:30:00-04:00,lower,7910.851713751943,2019-07-31 14:43:00-04:00
403_upper,403,2019-07-26,2019-07-26 10:30:00-04:00,2019-08-23 10:30:00-04:00,upper,8070.194067203323,
403_lower,403,2019-07-26,2019-07-26 10:30:00-04:00,2019-08-23 10:30:00-04:00,lower,7941.555932796677,2019-07-30 07:31:00-04:00
404_upper,404,2019-07-29,2019-07-29 10:30:00-04:00,2019-08-26 10:30:00-04:00,upper,8094.0921758542445,
404_lower,404,2019-07-29,2019-07-29 10:30:00-04:00,2019-08-26 10:30:00-04:00,lower,7918.6578241457555,2019-07-31 14:40:00-04:00
405_upper,405,2019-07-30,2019-07-30 10:30:00-04:00,2019-08-27 10:30:00-04:00,upper,8015.738037496052,
405_lower,405,2019-07-30,2019-07-30 10:30:00-04:00,2019-08-27 10:30:00-04:00,lower,7879.761962503948,2019-07-31 14:48:00-04:00
406_upper,406,2019-07-31,2019-07-31 10:30:00-04:00,2019-08-28 10:30:00-04:00,upper,8042.2530398985855,
406_lower,406,2019-07-31,2019-07-31 10:30:00-04:00,2019-08-28 10:30:00-04:00,lower,7925.6219601014145,2019-07-31 14:38:00-04:00
407_upper,407,2019-08-01,2019-08-01 10:30:00-04:00,2019-08-29 10:30:00-04:00,upper,8015.697625183382,
407_lower,407,2019-08-01,2019-08-01 10:30:00-04:00,2019-08-29 10:30:00-04:00,lower,7774.802374816618,2019-08-01 18:31:00-04:00
408_upper,408,2019-08-02,2019-08-02 10:30:00-04:00,2019-08-30 10:30:00-04:00,upper,7849.205343037942,
408_lower,408,2019-08-02,2019-08-02 10:30:00-04:00,2019-08-30 10:30:00-04:00,lower,7636.544656962058,2019-08-04 21:35:00-04:00
409_upper,409,2019-08-05,2019-08-05 10:30:00-04:00,2019-09-02 10:30:00-04:00,upper,7617.434691441897,2019-08-08 09:05:00-04:00
409_lower,409,2019-08-05,2019-08-05 10:30:00-04:00,2019-09-02 10:30:00-04:00,lower,7433.190308558103,2019-08-05 12:55:00-04:00
410_upper,410,2019-08-06,2019-08-06 10:30:00-04:00,2019-09-03 10:30:00-04:00,upper,7614.288242813922,2019-08-08 09:05:00-04:00
410_lower,410,2019-08-06,2019-08-06 10:30:00-04:00,2019-09-03 10:30:00-04:00,lower,7375.961757186078,2019-08-25 18:01:00-04:00
411_upper,411,2019-08-07,2019-08-07 10:30:00-04:00,2019-09-04 10:30:00-04:00,upper,7582.281783028347,2019-08-07 21:24:00-04:00
411_lower,411,2019-08-07,2019-08-07 10:30:00-04:00,2019-09-04 10:30:00-04:00,lower,7306.843216971653,
412_upper,412,2019-08-08,2019-08-08 10:30:00-04:00,2019-09-05 10:30:00-04:00,upper,7709.4912325479945,2019-08-08 14:42:00-04:00
412_lower,412,2019-08-08,2019-08-08 10:30:00-04:00,2019-09-05 10:30:00-04:00,lower,7502.6337674520055,2019-08-14 12:50:00-04:00
413_upper,413,2019-08-09,2019-08-09 10:30:00-04:00,2019-09-06 10:30:00-04:00,upper,7793.271226938899,2019-09-04 21:37:00-04:00
413_lower,413,2019-08-09,2019-08-09 10:30:00-04:00,2019-09-06 10:30:00-04:00,lower,7579.728773061101,2019-08-12 11:13:00-04:00
414_upper,414,2019-08-12,2019-08-12 10:30:00-04:00,2019-09-09 10:30:00-04:00,upper,7694.484885893247,2019-08-13 09:46:00-04:00
414_lower,414,2019-08-12,2019-08-12 10:30:00-04:00,2019-09-09 10:30:00-04:00,lower,7521.640114106753,2019-08-13 05:30:00-04:00
415_upper,415,2019-08-13,2019-08-13 10:30:00-04:00,2019-09-10 10:30:00-04:00,upper,7854.386960178828,2019-09-05 10:00:00-04:00
415_lower,415,2019-08-13,2019-08-13 10:30:00-04:00,2019-09-10 10:30:00-04:00,lower,7384.488039821172,2019-08-25 18:01:00-04:00
416_upper,416,2019-08-14,2019-08-14 10:30:00-04:00,2019-09-11 10:30:00-04:00,upper,7698.231790929952,2019-08-19 03:03:00-04:00
416_lower,416,2019-08-14,2019-08-14 10:30:00-04:00,2019-09-11 10:30:00-04:00,lower,7516.518209070048,2019-08-14 12:00:00-04:00
417_upper,417,2019-08-15,2019-08-15 10:30:00-04:00,2019-09-12 10:30:00-04:00,upper,7624.934694968692,2019-08-16 10:59:00-04:00
417_lower,417,2019-08-15,2019-08-15 10:30:00-04:00,2019-09-12 10:30:00-04:00,lower,7388.940305031308,2019-08-25 18:01:00-04:00
418_upper,418,2019-08-16,2019-08-16 10:30:00-04:00,2019-09-13 10:30:00-04:00,upper,7664.75497912878,2019-08-19 01:18:00-04:00
418_lower,418,2019-08-16,2019-08-16 10:30:00-04:00,2019-09-13 10:30:00-04:00,lower,7472.62002087122,2019-08-23 15:49:00-04:00
419_upper,419,2019-08-19,2019-08-19 10:30:00-04:00,2019-09-16 10:30:00-04:00,upper,7805.101354378709,2019-09-04 21:51:00-04:00
419_lower,419,2019-08-19,2019-08-19 10:30:00-04:00,2019-09-16 10:30:00-04:00,lower,7631.648645621291,2019-08-23 09:50:00-04:00
420_upper,420,2019-08-20,2019-08-20 10:30:00-04:00,2019-09-17 10:30:00-04:00,upper,7785.691093316743,2019-09-04 21:31:00-04:00
420_lower,420,2019-08-20,2019-08-20 10:30:00-04:00,2019-09-17 10:30:00-04:00,lower,7631.558906683257,2019-08-23 09:50:00-04:00
421_upper,421,2019-08-21,2019-08-21 10:30:00-04:00,2019-09-18 10:30:00-04:00,upper,7820.460734763472,2019-09-04 21:59:00-04:00
421_lower,421,2019-08-21,2019-08-21 10:30:00-04:00,2019-09-18 10:30:00-04:00,lower,7670.164265236528,2019-08-22 10:35:00-04:00
422_upper,422,2019-08-22,2019-08-22 10:30:00-04:00,2019-09-19 10:30:00-04:00,upper,7843.3480679495615,2019-09-05 09:52:00-04:00
422_lower,422,2019-08-22,2019-08-22 10:30:00-04:00,2019-09-19 10:30:00-04:00,lower,7648.5269320504385,2019-08-23 08:25:00-04:00
423_upper,423,2019-08-23,2019-08-23 10:30:00-04:00,2019-09-20 10:30:00-04:00,upper,7762.221632104627,2019-08-30 05:30:00-04:00
423_lower,423,2019-08-23,2019-08-23 10:30:00-04:00,2019-09-20 10:30:00-04:00,lower,7563.778367895373,2019-08-23 11:10:00-04:00
424_upper,424,2019-08-26,2019-08-26 10:30:00-04:00,2019-09-23 10:30:00-04:00,upper,7642.508695258361,2019-08-27 09:06:00-04:00
424_lower,424,2019-08-26,2019-08-26 10:30:00-04:00,2019-09-23 10:30:00-04:00,lower,7451.116304741639,
425_upper,425,2019-08-27,2019-08-27 10:30:00-04:00,2019-09-24 10:30:00-04:00,upper,7713.9752591962115,2019-08-29 09:33:00-04:00
425_lower,425,2019-08-27,2019-08-27 10:30:00-04:00,2019-09-24 10:30:00-04:00,lower,7549.8997408037885,2019-08-27 12:41:00-04:00
426_upper,426,2019-08-28,2019-08-28 10:30:00-04:00,2019-09-25 10:30:00-04:00,upper,7646.212089161028,2019-08-29 03:13:00-04:00
426_lower,426,2019-08-28,2019-08-28 10:30:00-04:00,2019-09-25 10:30:00-04:00,lower,7433.287910838972,
427_upper,427,2019-08-29,2019-08-29 10:30:00-04:00,2019-09-26 10:30:00-04:00,upper,7781.590202994903,2019-09-04 21:30:00-04:00
427_lower,427,2019-08-29,2019-08-29 10:30:00-04:00,2019-09-26 10:30:00-04:00,lower,7609.409797005097,2019-09-01 18:00:00-04:00
428_upper,428,2019-08-30,2019-08-30 10:30:00-04:00,2019-09-27 10:30:00-04:00,upper,7824.208333687415,2019-09-04 22:00:00-04:00
428_lower,428,2019-08-30,2019-08-30 10:30:00-04:00,2019-09-27 10:30:00-04:00,lower,7650.666666312585,2019-08-30 11:25:00-04:00
429_upper,429,2019-09-02,2019-09-02 10:30:00-04:00,2019-09-30 10:30:00-04:00,upper,7734.292320353883,2019-09-04 20:04:00-04:00
429_lower,429,2019-09-02,2019-09-02 10:30:00-04:00,2019-09-30 10:30:00-04:00,lower,7584.207679646117,2019-09-02 11:50:00-04:00
430_upper,430,2019-09-03,2019-09-03 10:30:00-04:00,2019-10-01 10:30:00-04:00,upper,7749.207958554301,2019-09-04 21:02:00-04:00
430_lower,430,2019-09-03,2019-09-03 10:30:00-04:00,2019-10-01 10:30:00-04:00,lower,7525.667041445699,
431_upper,431,2019-09-04,2019-09-04 10:30:00-04:00,2019-10-02 10:30:00-04:00,upper,7770.337546044502,2019-09-04 21:29:00-04:00
431_lower,431,2019-09-04,2019-09-04 10:30:00-04:00,2019-10-02 10:30:00-04:00,lower,7600.412453955498,2019-10-02 09:53:00-04:00
432_upper,432,2019-09-05,2019-09-05 10:30:00-04:00,2019-10-03 10:30:00-04:00,upper,7938.40261158739,2019-09-11 19:25:00-04:00
432_lower,432,2019-09-05,2019-09-05 10:30:00-04:00,2019-10-03 10:30:00-04:00,lower,7714.34738841261,2019-09-24 12:54:00-04:00
433_upper,433,2019-09-06,2019-09-06 10:30:00-04:00,2019-10-04 10:30:00-04:00,upper,7939.595953264359,2019-09-11 19:25:00-04:00
433_lower,433,2019-09-06,2019-09-06 10:30:00-04:00,2019-10-04 10:30:00-04:00,lower,7792.904046735641,2019-09-10 03:41:00-04:00
434_upper,434,2019-09-09,2019-09-09 10:30:00-04:00,2019-10-07 10:30:00-04:00,upper,7944.259560974863,2019-09-11 19:25:00-04:00
434_lower,434,2019-09-09,2019-09-09 10:30:00-04:00,2019-10-07 10:30:00-04:00,lower,7799.365439025137,2019-09-09 14:30:00-04:00
435_upper,435,2019-09-10,2019-09-10 10:30:00-04:00,2019-10-08 10:30:00-04:00,upper,7870.113220323607,2019-09-11 10:33:00-04:00
435_lower,435,2019-09-10,2019-09-10 10:30:00-04:00,2019-10-08 10:30:00-04:00,lower,7698.761779676393,2019-09-25 04:49:00-04:00
436_upper,436,2019-09-11,2019-09-11 10:30:00-04:00,2019-10-09 10:30:00-04:00,upper,7921.3221564805135,2019-09-11 19:22:00-04:00
436_lower,436,2019-09-11,2019-09-11 10:30:00-04:00,2019-10-09 10:30:00-04:00,lower,7747.4278435194865,2019-09-24 12:23:00-04:00
437_upper,437,2019-09-12,2019-09-12 10:30:00-04:00,2019-10-10 10:30:00-04:00,upper,8038.999972389072,
437_lower,437,2019-09-12,2019-09-12 10:30:00-04:00,2019-10-10 10:30:00-04:00,lower,7844.375027610928,2019-09-15 18:00:00-04:00
438_upper,438,2019-09-13,2019-09-13 10:30:00-04:00,2019-10-11 10:30:00-04:00,upper,7992.697172779486,
438_lower,438,2019-09-13,2019-09-13 10:30:00-04:00,2019-10-11 10:30:00-04:00,lower,7860.802827220514,2019-09-15 18:00:00-04:00
439_upper,439,2019-09-16,2019-09-16 10:30:00-04:00,2019-10-14 10:30:00-04:00,upper,7939.129790605412,2019-09-19 09:32:00-04:00
439_lower,439,2019-09-16,2019-09-16 10:30:00-04:00,2019-10-14 10:30:00-04:00,lower,7799.870209394588,2019-09-24 11:39:00-04:00
440_upper,440,2019-09-17,2019-09-17 10:30:00-04:00,2019-10-15 10:30:00-04:00,upper,7944.690188223614,2019-09-19 09:32:00-04:00
440_lower,440,2019-09-17,2019-09-17 10:30:00-04:00,2019-10-15 10:30:00-04:00,lower,7812.309811776386,2019-09-20 13:17:00-04:00
441_upper,441,2019-09-18,2019-09-18 10:30:00-04:00,2019-10-16 10:30:00-04:00,upper,7954.424124244044,2019-09-19 09:36:00-04:00
441_lower,441,2019-09-18,2019-09-18 10:30:00-04:00,2019-10-16 10:30:00-04:00,lower,7839.575875755956,2019-09-18 14:02:00-04:00
442_upper,442,2019-09-19,2019-09-19 10:30:00-04:00,2019-10-17 10:30:00-04:00,upper,8010.912968286512,
442_lower,442,2019-09-19,2019-09-19 10:30:00-04:00,2019-10-17 10:30:00-04:00,lower,7861.212031713488,2019-09-20 13:13:00-04:00
443_upper,443,2019-09-20,2019-09-20 10:30:00-04:00,2019-10-18 10:30:00-04:00,upper,7986.951446281968,2019-10-17 05:34:00-04:00
443_lower,443,2019-09-20,2019-09-20 10:30:00-04:00,2019-10-18 10:30:00-04:00,lower,7880.673553718032,2019-09-20 12:36:00-04:00
444_upper,444,2019-09-23,2019-09-23 10:30:00-04:00,2019-10-21 10:30:00-04:00,upper,7904.190003267094,2019-09-23 19:02:00-04:00
444_lower,444,2019-09-23,2019-09-23 10:30:00-04:00,2019-10-21 10:30:00-04:00,lower,7757.434996732906,2019-09-24 12:23:00-04:00
445_upper,445,2019-09-24,2019-09-24 10:30:00-04:00,2019-10-22 10:30:00-04:00,upper,7950.682805928566,2019-10-15 10:56:00-04:00
445_lower,445,2019-09-24,2019-09-24 10:30:00-04:00,2019-10-22 10:30:00-04:00,lower,7797.192194071434,2019-09-24 11:39:00-04:00
446_upper,446,2019-09-25,2019-09-25 10:30:00-04:00,2019-10-23 10:30:00-04:00,upper,7818.090420206041,2019-09-25 15:05:00-04:00
446_lower,446,2019-09-25,2019-09-25 10:30:00-04:00,2019-10-23 10:30:00-04:00,lower,7610.409579793959,2019-10-02 09:38:00-04:00
447_upper,447,2019-09-26,2019-09-26 10:30:00-04:00,2019-10-24 10:30:00-04:00,upper,7884.881813648036,2019-10-11 09:49:00-04:00
447_lower,447,2019-09-26,2019-09-26 10:30:00-04:00,2019-10-24 10:30:00-04:00,lower,7714.993186351964,2019-09-27 11:38:00-04:00
448_upper,448,2019-09-27,2019-09-27 10:30:00-04:00,2019-10-25 10:30:00-04:00,upper,7885.897479540845,2019-10-11 09:49:00-04:00
448_lower,448,2019-09-27,2019-09-27 10:30:00-04:00,2019-10-25 10:30:00-04:00,lower,7696.477520459155,2019-09-27 12:59:00-04:00
449_upper,449,2019-09-30,2019-09-30 10:30:00-04:00,2019-10-28 10:30:00-04:00,upper,7806.146137609452,2019-09-30 21:02:00-04:00
449_lower,449,2019-09-30,2019-09-30 10:30:00-04:00,2019-10-28 10:30:00-04:00,lower,7648.353862390548,2019-10-02 04:44:00-04:00
450_upper,450,2019-10-01,2019-10-01 10:30:00-04:00,2019-10-29 10:30:00-04:00,upper,7907.61861415205,2019-10-11 11:31:00-04:00
450_lower,450,2019-10-01,2019-10-01 10:30:00-04:00,2019-10-29 10:30:00-04:00,lower,7689.38138584795,2019-10-02 03:10:00-04:00
451_upper,451,2019-10-02,2019-10-02 10:30:00-04:00,2019-10-30 10:30:00-04:00,upper,7738.2557482537195,2019-10-04 11:38:00-04:00
451_lower,451,2019-10-02,2019-10-02 10:30:00-04:00,2019-10-30 10:30:00-04:00,lower,7530.9942517462805,2019-10-02 12:47:00-04:00
452_upper,452,2019-10-03,2019-10-03 10:30:00-04:00,2019-10-31 10:30:00-04:00,upper,7686.64445205237,2019-10-04 08:31:00-04:00
452_lower,452,2019-10-03,2019-10-03 10:30:00-04:00,2019-10-31 10:30:00-04:00,lower,7410.73054794763,
453_upper,453,2019-10-04,2019-10-04 10:30:00-04:00,2019-11-01 10:30:00-04:00,upper,7782.212708213681,2019-10-07 11:02:00-04:00
453_lower,453,2019-10-04,2019-10-04 10:30:00-04:00,2019-11-01 10:30:00-04:00,lower,7610.287291786319,2019-10-08 18:59:00-04:00
454_upper,454,2019-10-07,2019-10-07 10:30:00-04:00,2019-11-04 10:30:00-05:00,upper,7817.0371943287655,2019-10-11 04:10:00-04:00
454_lower,454,2019-10-07,2019-10-07 10:30:00-04:00,2019-11-04 10:30:00-05:00,lower,7665.2128056712345,2019-10-08 09:39:00-04:00
455_upper,455,2019-10-08,2019-10-08 10:30:00-04:00,2019-11-05 10:30:00-05:00,upper,7773.449807936275,2019-10-10 10:57:00-04:00
455_lower,455,2019-10-08,2019-10-08 10:30:00-04:00,2019-11-05 10:30:00-05:00,lower,7571.675192063725,
456_upper,456,2019-10-09,2019-10-09 10:30:00-04:00,2019-11-06 10:30:00-05:00,upper,7763.794102950359,2019-10-10 10:54:00-04:00
456_lower,456,2019-10-09,2019-10-09 10:30:00-04:00,2019-11-06 10:30:00-05:00,lower,7600.080897049641,2019-10-09 18:28:00-04:00
457_upper,457,2019-10-10,2019-10-10 10:30:00-04:00,2019-11-07 10:30:00-05:00,upper,7816.801037077112,2019-10-11 04:10:00-04:00
457_lower,457,2019-10-10,2019-10-10 10:30:00-04:00,2019-11-07 10:30:00-05:00,lower,7606.948962922888,
458_upper,458,2019-10-11,2019-10-11 10:30:00-04:00,2019-11-08 10:30:00-05:00,upper,7943.843644046412,2019-10-15 10:40:00-04:00
458_lower,458,2019-10-11,2019-10-11 10:30:00-04:00,2019-11-08 10:30:00-05:00,lower,7767.656355953588,
459_upper,459,2019-10-14,2019-10-14 10:30:00-04:00,2019-11-11 10:30:00-05:00,upper,7922.282429616186,2019-10-15 10:27:00-04:00
459_lower,459,2019-10-14,2019-10-14 10:30:00-04:00,2019-11-11 10:30:00-05:00,lower,7776.342570383814,
460_upper,460,2019-10-15,2019-10-15 10:30:00-04:00,2019-11-12 10:30:00-05:00,upper,7971.955612648202,2019-10-17 05:31:00-04:00
460_lower,460,2019-10-15,2019-10-15 10:30:00-04:00,2019-11-12 10:30:00-05:00,lower,7803.669387351798,
461_upper,461,2019-10-16,2019-10-16 10:30:00-04:00,2019-11-13 10:30:00-05:00,upper,7985.241452461576,2019-10-17 05:34:00-04:00
461_lower,461,2019-10-16,2019-10-16 10:30:00-04:00,2019-11-13 10:30:00-05:00,lower,7864.133547538424,2019-10-18 12:00:00-04:00
462_upper,462,2019-10-17,2019-10-17 10:30:00-04:00,2019-11-14 10:30:00-05:00,upper,8042.103174462123,2019-10-27 18:00:00-04:00
462_lower,462,2019-10-17,2019-10-17 10:30:00-04:00,2019-11-14 10:30:00-05:00,lower,7912.521825537877,2019-10-18 10:35:00-04:00
463_upper,463,2019-10-18,2019-10-18 10:30:00-04:00,2019-11-15 10:30:00-05:00,upper,8007.758089508419,2019-10-25 10:50:00-04:00
463_lower,463,2019-10-18,2019-10-18 10:30:00-04:00,2019-11-15 10:30:00-05:00,lower,7875.366910491581,2019-10-18 11:53:00-04:00
464_upper,464,2019-10-21,2019-10-21 10:30:00-04:00,2019-11-18 10:30:00-05:00,upper,7986.401104246743,2019-10-22 09:34:00-04:00
464_lower,464,2019-10-21,2019-10-21 10:30:00-04:00,2019-11-18 10:30:00-05:00,lower,7842.723895753257,2019-10-22 16:38:00-04:00
465_upper,465,2019-10-22,2019-10-22 10:30:00-04:00,2019-11-19 10:30:00-05:00,upper,8035.711777902336,2019-10-25 11:25:00-04:00
465_lower,465,2019-10-22,2019-10-22 10:30:00-04:00,2019-11-19 10:30:00-05:00,lower,7909.663222097664,2019-10-22 14:47:00-04:00
466_upper,466,2019-10-23,2019-10-23 10:30:00-04:00,2019-11-20 10:30:00-05:00,upper,7934.28716641723,2019-10-24 03:15:00-04:00
466_lower,466,2019-10-23,2019-10-23 10:30:00-04:00,2019-11-20 10:30:00-05:00,lower,7800.46283358277,
467_upper,467,2019-10-24,2019-10-24 10:30:00-04:00,2019-11-21 10:30:00-05:00,upper,8019.804728252011,2019-10-25 11:16:00-04:00
467_lower,467,2019-10-24,2019-10-24 10:30:00-04:00,2019-11-21 10:30:00-05:00,lower,7873.195271747989,
468_upper,468,2019-10-25,2019-10-25 10:30:00-04:00,2019-11-22 10:30:00-05:00,upper,8035.547615610885,2019-10-25 11:25:00-04:00
468_lower,468,2019-10-25,2019-10-25 10:30:00-04:00,2019-11-22 10:30:00-05:00,lower,7857.827384389115,
469_upper,469,2019-10-28,2019-10-28 10:30:00-04:00,2019-11-25 10:30:00-05:00,upper,8143.651822073346,2019-11-01 09:54:00-04:00
469_lower,469,2019-10-28,2019-10-28 10:30:00-04:00,2019-11-25 10:30:00-05:00,lower,8021.348177926654,2019-10-30 10:04:00-04:00
470_upper,470,2019-10-29,2019-10-29 10:30:00-04:00,2019-11-26 10:30:00-05:00,upper,8165.493280571114,2019-11-01 15:59:00-04:00
470_lower,470,2019-10-29,2019-10-29 10:30:00-04:00,2019-11-26 10:30:00-05:00,lower,8030.131719428886,2019-10-30 10:03:00-04:00
471_upper,471,2019-10-30,2019-10-30 10:30:00-04:00,2019-11-27 10:30:00-05:00,upper,8131.993040967976,2019-10-30 16:30:00-04:00
471_lower,471,2019-10-30,2019-10-30 10:30:00-04:00,2019-11-27 10:30:00-05:00,lower,7980.506959032024,
472_upper,472,2019-10-31,2019-10-31 10:30:00-04:00,2019-11-28 10:30:00-05:00,upper,8184.4999706264025,2019-11-03 21:37:00-05:00
472_lower,472,2019-10-31,2019-10-31 10:30:00-04:00,2019-11-28 10:30:00-05:00,lower,8014.375029373597,
473_upper,473,2019-11-01,2019-11-01 10:30:00-04:00,2019-11-29 10:30:00-05:00,upper,8206.423598005367,2019-11-04 05:02:00-05:00
473_lower,473,2019-11-01,2019-11-01 10:30:00-04:00,2019-11-29 10:30:00-05:00,lower,8060.451401994633,
474_upper,474,2019-11-04,2019-11-04 10:30:00-05:00,2019-12-02 10:30:00-05:00,upper,8277.901738044486,2019-11-07 11:59:00-05:00
474_lower,474,2019-11-04,2019-11-04 10:30:00-05:00,2019-12-02 10:30:00-05:00,lower,8160.973261955513,
475_upper,475,2019-11-05,2019-11-05 10:30:00-05:00,2019-12-03 10:30:00-05:00,upper,8288.247810213234,2019-11-12 10:37:00-05:00
475_lower,475,2019-11-05,2019-11-05 10:30:00-05:00,2019-12-03 10:30:00-05:00,lower,8150.252189786767,
476_upper,476,2019-11-06,2019-11-06 10:30:00-05:00,2019-12-04 10:30:00-05:00,upper,8264.95911284065,2019-11-07 10:16:00-05:00
476_lower,476,2019-11-06,2019-11-06 10:30:00-05:00,2019-12-04 10:30:00-05:00,lower,8141.41588715935,
477_upper,477,2019-11-07,2019-11-07 10:30:00-05:00,2019-12-05 10:30:00-05:00,upper,8306.876726080602,2019-11-14 21:56:00-05:00
477_lower,477,2019-11-07,2019-11-07 10:30:00-05:00,2019-12-05 10:30:00-05:00,lower,8184.373273919398,2019-12-03 09:48:00-05:00
478_upper,478,2019-11-08,2019-11-08 10:30:00-05:00,2019-12-06 10:30:00-05:00,upper,8282.358070710947,2019-11-12 10:20:00-05:00
478_lower,478,2019-11-08,2019-11-08 10:30:00-05:00,2019-12-06 10:30:00-05:00,lower,8140.516929289053,
479_upper,479,2019-11-11,2019-11-11 10:30:00-05:00,2019-12-09 10:30:00-05:00,upper,8281.578124415639,2019-11-12 10:19:00-05:00
479_lower,479,2019-11-11,2019-11-11 10:30:00-05:00,2019-12-09 10:30:00-05:00,lower,8160.421875584361,
480_upper,480,2019-11-12,2019-11-12 10:30:00-05:00,2019-12-10 10:30:00-05:00,upper,8325.258197873129,2019-11-18 02:16:00-05:00
480_lower,480,2019-11-12,2019-11-12 10:30:00-05:00,2019-12-10 10:30:00-05:00,lower,8199.616802126871,2019-12-03 09:30:00-05:00
481_upper,481,2019-11-13,2019-11-13 10:30:00-05:00,2019-12-11 10:30:00-05:00,upper,8308.599787545481,2019-11-15 08:48:00-05:00
481_lower,481,2019-11-13,2019-11-13 10:30:00-05:00,2019-12-11 10:30:00-05:00,lower,8188.025212454519,2019-12-03 09:31:00-05:00
482_upper,482,2019-11-14,2019-11-14 10:30:00-05:00,2019-12-12 10:30:00-05:00,upper,8303.323514829619,2019-11-14 20:15:00-05:00
482_lower,482,2019-11-14,2019-11-14 10:30:00-05:00,2019-12-12 10:30:00-05:00,lower,8189.676485170381,2019-12-03 09:31:00-05:00
483_upper,483,2019-11-15,2019-11-15 10:30:00-05:00,2019-12-13 10:30:00-05:00,upper,8366.008839006541,2019-11-18 02:17:00-05:00
483_lower,483,2019-11-15,2019-11-15 10:30:00-05:00,2019-12-13 10:30:00-05:00,lower,8251.366160993459,2019-11-20 13:10:00-05:00
484_upper,484,2019-11-18,2019-11-18 10:30:00-05:00,2019-12-16 10:30:00-05:00,upper,8363.69098040014,2019-11-19 03:23:00-05:00
484_lower,484,2019-11-18,2019-11-18 10:30:00-05:00,2019-12-16 10:30:00-05:00,lower,8246.93401959986,2019-11-20 13:10:00-05:00
485_upper,485,2019-11-19,2019-11-19 10:30:00-05:00,2019-12-17 10:30:00-05:00,upper,8414.82412027431,2019-11-25 20:46:00-05:00
485_lower,485,2019-11-19,2019-11-19 10:30:00-05:00,2019-12-17 10:30:00-05:00,lower,8296.92587972569,2019-11-20 03:54:00-05:00
486_upper,486,2019-11-20,2019-11-20 10:30:00-05:00,2019-12-18 10:30:00-05:00,upper,8376.35031894704,2019-11-25 15:59:00-05:00
486_lower,486,2019-11-20,2019-11-20 10:30:00-05:00,2019-12-18 10:30:00-05:00,lower,8274.89968105296,2019-11-20 12:58:00-05:00
487_upper,487,2019-11-21,2019-11-21 10:30:00-05:00,2019-12-19 10:30:00-05:00,upper,8337.282692203938,2019-11-25 09:34:00-05:00
487_lower,487,2019-11-21,2019-11-21 10:30:00-05:00,2019-12-19 10:30:00-05:00,lower,8216.717307796062,2019-12-03 09:04:00-05:00
488_upper,488,2019-11-22,2019-11-22 10:30:00-05:00,2019-12-20 10:30:00-05:00,upper,8354.591379426907,2019-11-25 10:06:00-05:00
488_lower,488,2019-11-22,2019-11-22 10:30:00-05:00,2019-12-20 10:30:00-05:00,lower,8214.408620573093,2019-12-03 09:06:00-05:00
489_upper,489,2019-11-25,2019-11-25 10:30:00-05:00,2019-12-23 10:30:00-05:00,upper,8400.926662617732,2019-11-25 20:46:00-05:00
489_lower,489,2019-11-25,2019-11-25 10:30:00-05:00,2019-12-23 10:30:00-05:00,lower,8249.698337382268,2019-12-03 08:11:00-05:00
490_upper,490,2019-11-26,2019-11-26 10:30:00-05:00,2019-12-24 10:30:00-05:00,upper,8430.878668123245,2019-11-27 11:00:00-05:00
490_lower,490,2019-11-26,2019-11-26 10:30:00-05:00,2019-12-24 10:30:00-05:00,lower,8329.121331876755,2019-12-02 10:00:00-05:00
491_upper,491,2019-11-27,2019-11-27 10:30:00-05:00,2019-12-26 10:30:00-05:00,upper,8462.576538293411,2019-12-12 09:39:00-05:00
491_lower,491,2019-11-27,2019-11-27 10:30:00-05:00,2019-12-26 10:30:00-05:00,lower,8363.173461706589,2019-12-02 09:40:00-05:00
492_upper,492,2019-11-28,2019-11-28 10:30:00-05:00,2019-12-27 10:30:00-05:00,upper,8478.390553614929,2019-12-12 10:01:00-05:00
492_lower,492,2019-11-28,2019-11-28 10:30:00-05:00,2019-12-27 10:30:00-05:00,lower,8403.609446385071,2019-12-02 09:30:00-05:00
493_upper,493,2019-11-29,2019-11-29 10:30:00-05:00,2019-12-30 10:30:00-05:00,upper,8478.067421428223,2019-12-12 10:01:00-05:00
493_lower,493,2019-11-29,2019-11-29 10:30:00-05:00,2019-12-30 10:30:00-05:00,lower,8382.432578571777,2019-12-02 09:38:00-05:00
494_upper,494,2019-12-02,2019-12-02 10:30:00-05:00,2020-01-02 10:30:00-05:00,upper,8505.952917912762,2019-12-12 18:55:00-05:00
494_lower,494,2019-12-02,2019-12-02 10:30:00-05:00,2020-01-02 10:30:00-05:00,lower,8261.172082087238,2019-12-03 07:45:00-05:00
495_upper,495,2019-12-03,2019-12-03 10:30:00-05:00,2020-01-03 10:30:00-05:00,upper,8288.801957918473,2019-12-04 04:07:00-05:00
495_lower,495,2019-12-03,2019-12-03 10:30:00-05:00,2020-01-03 10:30:00-05:00,lower,8119.823042081527,
496_upper,496,2019-12-04,2019-12-04 10:30:00-05:00,2020-01-06 10:30:00-05:00,upper,8372.8689328482,2019-12-06 08:41:00-05:00
496_lower,496,2019-12-04,2019-12-04 10:30:00-05:00,2020-01-06 10:30:00-05:00,lower,8231.5060671518,
497_upper,497,2019-12-05,2019-12-05 10:30:00-05:00,2020-01-07 10:30:00-05:00,upper,8398.595757435996,2019-12-06 12:40:00-05:00
497_lower,497,2019-12-05,2019-12-05 10:30:00-05:00,2020-01-07 10:30:00-05:00,lower,8228.904242564004,
498_upper,498,2019-12-06,2019-12-06 10:30:00-05:00,2020-01-08 10:30:00-05:00,upper,8437.348242154314,2019-12-12 09:38:00-05:00
498_lower,498,2019-12-06,2019-12-06 10:30:00-05:00,2020-01-08 10:30:00-05:00,lower,8313.651757845686,2019-12-10 06:27:00-05:00
499_upper,499,2019-12-09,2019-12-09 10:30:00-05:00,2020-01-09 10:30:00-05:00,upper,8465.79251950688,2019-12-12 10:00:00-05:00
499_lower,499,2019-12-09,2019-12-09 10:30:00-05:00,2020-01-09 10:30:00-05:00,lower,8329.83248049312,2019-12-10 03:52:00-05:00
500_upper,500,2019-12-10,2019-12-10 10:30:00-05:00,2020-01-10 10:30:00-05:00,upper,8453.677172524822,2019-12-12 09:39:00-05:00
500_lower,500,2019-12-10,2019-12-10 10:30:00-05:00,2020-01-10 10:30:00-05:00,lower,8281.572827475178,
501_upper,501,2019-12-11,2019-12-11 10:30:00-05:00,2020-01-13 10:30:00-05:00,upper,8446.178824150378,2019-12-12 09:38:00-05:00
501_lower,501,2019-12-11,2019-12-11 10:30:00-05:00,2020-01-13 10:30:00-05:00,lower,8310.071175849622,
502_upper,502,2019-12-12,2019-12-12 10:30:00-05:00,2020-01-14 10:30:00-05:00,upper,8544.400039693046,2019-12-13 05:31:00-05:00
502_lower,502,2019-12-12,2019-12-12 10:30:00-05:00,2020-01-14 10:30:00-05:00,lower,8286.849960306954,
503_upper,503,2019-12-13,2019-12-13 10:30:00-05:00,2020-01-15 10:30:00-05:00,upper,8594.903059526845,2019-12-16 09:45:00-05:00
503_lower,503,2019-12-13,2019-12-13 10:30:00-05:00,2020-01-15 10:30:00-05:00,lower,8394.721940473155,
504_upper,504,2019-12-16,2019-12-16 10:30:00-05:00,2020-01-16 10:30:00-05:00,upper,8649.553844100545,2019-12-19 11:28:00-05:00
504_lower,504,2019-12-16,2019-12-16 10:30:00-05:00,2020-01-16 10:30:00-05:00,lower,8515.446155899455,
505_upper,505,2019-12-17,2019-12-17 10:30:00-05:00,2020-01-17 10:30:00-05:00,upper,8666.934082209355,2019-12-19 15:55:00-05:00
505_lower,505,2019-12-17,2019-12-17 10:30:00-05:00,2020-01-17 10:30:00-05:00,lower,8559.815917790645,
506_upper,506,2019-12-18,2019-12-18 10:30:00-05:00,2020-01-20 10:30:00-05:00,upper,8667.553747391541,2019-12-19 15:56:00-05:00
506_lower,506,2019-12-18,2019-12-18 10:30:00-05:00,2020-01-20 10:30:00-05:00,lower,8568.946252608459,
507_upper,507,2019-12-19,2019-12-19 10:30:00-05:00,2020-01-21 10:30:00-05:00,upper,8674.30428300914,2019-12-19 16:09:00-05:00
507_lower,507,2019-12-19,2019-12-19 10:30:00-05:00,2020-01-21 10:30:00-05:00,lower,8573.82071699086,
508_upper,508,2019-12-20,2019-12-20 10:30:00-05:00,2020-01-22 10:30:00-05:00,upper,8756.55477276877,2019-12-26 09:45:00-05:00
508_lower,508,2019-12-20,2019-12-20 10:30:00-05:00,2020-01-22 10:30:00-05:00,lower,8649.44522723123,
509_upper,509,2019-12-23,2019-12-23 10:30:00-05:00,2020-01-23 10:30:00-05:00,upper,8775.502137749547,2019-12-26 11:20:00-05:00
509_lower,509,2019-12-23,2019-12-23 10:30:00-05:00,2020-01-23 10:30:00-05:00,lower,8685.372862250453,2020-01-07 19:38:00-05:00
510_upper,510,2019-12-24,2019-12-24 10:30:00-05:00,2020-01-24 10:30:00-05:00,upper,8782.73314635241,2019-12-26 13:17:00-05:00
510_lower,510,2019-12-24,2019-12-24 10:30:00-05:00,2020-01-24 10:30:00-05:00,lower,8668.39185364759,
511_upper,511,2019-12-26,2019-12-26 10:30:00-05:00,2020-01-27 10:30:00-05:00,upper,8802.974011948314,2019-12-26 16:00:00-05:00
511_lower,511,2019-12-26,2019-12-26 10:30:00-05:00,2020-01-27 10:30:00-05:00,lower,8689.775988051686,2020-01-07 19:38:00-05:00
512_upper,512,2019-12-27,2019-12-27 10:30:00-05:00,2020-01-28 10:30:00-05:00,upper,8895.40250533471,2020-01-02 16:43:00-05:00
512_lower,512,2019-12-27,2019-12-27 10:30:00-05:00,2020-01-28 10:30:00-05:00,lower,8742.97249466529,2019-12-30 09:38:00-05:00
513_upper,513,2019-12-30,2019-12-30 10:30:00-05:00,2020-01-29 10:30:00-05:00,upper,8881.723339367873,2020-01-02 15:54:00-05:00
513_lower,513,2019-12-30,2019-12-30 10:30:00-05:00,2020-01-29 10:30:00-05:00,lower,8647.401660632127,
514_upper,514,2020-01-02,2020-01-02 10:30:00-05:00,2020-01-30 10:30:00-05:00,upper,8904.909655928375,2020-01-02 18:10:00-05:00
514_lower,514,2020-01-02,2020-01-02 10:30:00-05:00,2020-01-30 10:30:00-05:00,lower,8743.715344071625,2020-01-03 05:56:00-05:00
515_upper,515,2020-01-03,2020-01-03 10:30:00-05:00,2020-01-31 10:30:00-05:00,upper,8881.00840595395,2020-01-06 21:23:00-05:00
515_lower,515,2020-01-03,2020-01-03 10:30:00-05:00,2020-01-31 10:30:00-05:00,lower,8696.61659404605,2020-01-07 19:32:00-05:00
516_upper,516,2020-01-06,2020-01-06 10:30:00-05:00,2020-02-03 10:30:00-05:00,upper,8866.069153070002,2020-01-06 15:59:00-05:00
516_lower,516,2020-01-06,2020-01-06 10:30:00-05:00,2020-02-03 10:30:00-05:00,lower,8646.680846929998,
517_upper,517,2020-01-07,2020-01-07 10:30:00-05:00,2020-02-04 10:30:00-05:00,upper,8938.511204763956,2020-01-08 12:25:00-05:00
517_lower,517,2020-01-07,2020-01-07 10:30:00-05:00,2020-02-04 10:30:00-05:00,lower,8784.738795236044,2020-01-07 18:22:00-05:00
518_upper,518,2020-01-08,2020-01-08 10:30:00-05:00,2020-02-05 10:30:00-05:00,upper,8948.207734421914,2020-01-08 14:47:00-05:00
518_lower,518,2020-01-08,2020-01-08 10:30:00-05:00,2020-02-05 10:30:00-05:00,lower,8785.792265578086,
519_upper,519,2020-01-09,2020-01-09 10:30:00-05:00,2020-02-06 10:30:00-05:00,upper,9071.2517145137,2020-01-13 13:20:00-05:00
519_lower,519,2020-01-09,2020-01-09 10:30:00-05:00,2020-02-06 10:30:00-05:00,lower,8937.7482854863,2020-01-27 09:30:00-05:00
520_upper,520,2020-01-10,2020-01-10 10:30:00-05:00,2020-02-07 10:30:00-05:00,upper,9099.826386829876,2020-01-13 18:27:00-05:00
520_lower,520,2020-01-10,2020-01-10 10:30:00-05:00,2020-02-07 10:30:00-05:00,lower,8961.298613170124,2020-01-27 05:21:00-05:00
521_upper,521,2020-01-13,2020-01-13 10:30:00-05:00,2020-02-10 10:30:00-05:00,upper,9087.384056281824,2020-01-13 16:14:00-05:00
521_lower,521,2020-01-13,2020-01-13 10:30:00-05:00,2020-02-10 10:30:00-05:00,lower,8950.865943718176,2020-01-27 06:00:00-05:00
522_upper,522,2020-01-14,2020-01-14 10:30:00-05:00,2020-02-11 10:30:00-05:00,upper,9146.7649540932,2020-01-16 18:17:00-05:00
522_lower,522,2020-01-14,2020-01-14 10:30:00-05:00,2020-02-11 10:30:00-05:00,lower,8990.4850459068,2020-01-27 05:12:00-05:00
523_upper,523,2020-01-15,2020-01-15 10:30:00-05:00,2020-02-12 10:30:00-05:00,upper,9133.303843540998,2020-01-16 15:52:00-05:00
523_lower,523,2020-01-15,2020-01-15 10:30:00-05:00,2020-02-12 10:30:00-05:00,lower,8991.946156459002,2020-01-27 05:03:00-05:00
524_upper,524,2020-01-16,2020-01-16 10:30:00-05:00,2020-02-13 10:30:00-05:00,upper,9163.275526241003,2020-01-17 04:51:00-05:00
524_lower,524,2020-01-16,2020-01-16 10:30:00-05:00,2020-02-13 10:30:00-05:00,lower,9036.224473758997,2020-01-26 18:07:00-05:00
525_upper,525,2020-01-17,2020-01-17 10:30:00-05:00,2020-02-14 10:30:00-05:00,upper,9236.007077102986,2020-01-22 01:06:00-05:00
525_lower,525,2020-01-17,2020-01-17 10:30:00-05:00,2020-02-14 10:30:00-05:00,lower,9099.492922897014,2020-01-26 18:00:00-05:00
526_upper,526,2020-01-20,2020-01-20 10:30:00-05:00,2020-02-17 10:30:00-05:00,upper,9212.777757546402,2020-01-21 21:51:00-05:00
526_lower,526,2020-01-20,2020-01-20 10:30:00-05:00,2020-02-17 10:30:00-05:00,lower,9121.972242453598,2020-01-20 21:35:00-05:00
527_upper,527,2020-01-21,2020-01-21 10:30:00-05:00,2020-02-18 10:30:00-05:00,upper,9221.951137059525,2020-01-21 21:51:00-05:00
527_lower,527,2020-01-21,2020-01-21 10:30:00-05:00,2020-02-18 10:30:00-05:00,lower,9099.048862940475,2020-01-26 18:00:00-05:00
528_upper,528,2020-01-22,2020-01-22 10:30:00-05:00,2020-02-19 10:30:00-05:00,upper,9294.399900207167,2020-02-04 10:42:00-05:00
528_lower,528,2020-01-22,2020-01-22 10:30:00-05:00,2020-02-19 10:30:00-05:00,lower,9157.475099792833,2020-01-23 09:35:00-05:00
529_upper,529,2020-01-23,2020-01-23 10:30:00-05:00,2020-02-20 10:30:00-05:00,upper,9274.55896358009,2020-01-24 03:07:00-05:00
529_lower,529,2020-01-23,2020-01-23 10:30:00-05:00,2020-02-20 10:30:00-05:00,lower,9099.31603641991,2020-01-26 18:00:00-05:00
530_upper,530,2020-01-24,2020-01-24 10:30:00-05:00,2020-02-21 10:30:00-05:00,upper,9348.254114766065,2020-02-04 14:41:00-05:00
530_lower,530,2020-01-24,2020-01-24 10:30:00-05:00,2020-02-21 10:30:00-05:00,lower,9181.370885233935,2020-01-24 12:16:00-05:00
531_upper,531,2020-01-27,2020-01-27 10:30:00-05:00,2020-02-24 10:30:00-05:00,upper,9053.02925865888,2020-01-28 10:25:00-05:00
531_lower,531,2020-01-27,2020-01-27 10:30:00-05:00,2020-02-24 10:30:00-05:00,lower,8854.09574134112,
532_upper,532,2020-01-28,2020-01-28 10:30:00-05:00,2020-02-25 10:30:00-05:00,upper,9129.367389830451,2020-01-28 16:31:00-05:00
532_lower,532,2020-01-28,2020-01-28 10:30:00-05:00,2020-02-25 10:30:00-05:00,lower,8923.632610169549,
533_upper,533,2020-01-29,2020-01-29 10:30:00-05:00,2020-02-26 10:30:00-05:00,upper,9252.011794339618,2020-02-04 07:40:00-05:00
533_lower,533,2020-01-29,2020-01-29 10:30:00-05:00,2020-02-26 10:30:00-05:00,lower,9012.488205660382,2020-01-30 02:06:00-05:00
534_upper,534,2020-01-30,2020-01-30 10:30:00-05:00,2020-02-27 10:30:00-05:00,upper,9172.368400168922,2020-01-30 16:01:00-05:00
534_lower,534,2020-01-30,2020-01-30 10:30:00-05:00,2020-02-27 10:30:00-05:00,lower,8959.006599831078,2020-02-25 11:17:00-05:00
535_upper,535,2020-01-31,2020-01-31 10:30:00-05:00,2020-02-28 10:30:00-05:00,upper,9289.789046206857,2020-02-04 10:40:00-05:00
535_lower,535,2020-01-31,2020-01-31 10:30:00-05:00,2020-02-28 10:30:00-05:00,lower,9017.085953793143,2020-01-31 11:39:00-05:00
536_upper,536,2020-02-03,2020-02-03 10:30:00-05:00,2020-03-02 10:30:00-05:00,upper,9218.804595713065,2020-02-04 03:23:00-05:00
536_lower,536,2020-02-03,2020-02-03 10:30:00-05:00,2020-03-02 10:30:00-05:00,lower,8918.445404286935,2020-02-25 13:58:00-05:00
537_upper,537,2020-02-04,2020-02-04 10:30:00-05:00,2020-03-03 10:30:00-05:00,upper,9355.357894295834,2020-02-04 15:27:00-05:00
537_lower,537,2020-02-04,2020-02-04 10:30:00-05:00,2020-03-03 10:30:00-05:00,lower,9156.767105704166,2020-02-24 04:16:00-05:00
538_upper,538,2020-02-05,2020-02-05 10:30:00-05:00,2020-03-04 10:30:00-05:00,upper,9567.69569543655,2020-02-10 20:45:00-05:00
538_lower,538,2020-02-05,2020-02-05 10:30:00-05:00,2020-03-04 10:30:00-05:00,lower,9289.67930456345,2020-02-23 18:12:00-05:00
539_upper,539,2020-02-06,2020-02-06 10:30:00-05:00,2020-03-05 10:30:00-05:00,upper,9488.2651886936,2020-02-10 14:56:00-05:00
539_lower,539,2020-02-06,2020-02-06 10:30:00-05:00,2020-03-05 10:30:00-05:00,lower,9298.7348113064,2020-02-23 18:12:00-05:00
540_upper,540,2020-02-07,2020-02-07 10:30:00-05:00,2020-03-06 10:30:00-05:00,upper,9492.590150558626,2020-02-10 14:59:00-05:00
540_lower,540,2020-02-07,2020-02-07 10:30:00-05:00,2020-03-06 10:30:00-05:00,lower,9324.659849441374,2020-02-23 18:09:00-05:00
541_upper,541,2020-02-10,2020-02-10 10:30:00-05:00,2020-03-09 10:30:00-04:00,upper,9520.220513026647,2020-02-10 15:56:00-05:00
541_lower,541,2020-02-10,2020-02-10 10:30:00-05:00,2020-03-09 10:30:00-04:00,lower,9281.154486973353,2020-02-23 21:27:00-05:00
542_upper,542,2020-02-11,2020-02-11 10:30:00-05:00,2020-03-10 10:30:00-04:00,upper,9676.808177323495,2020-02-17 00:41:00-05:00
542_lower,542,2020-02-11,2020-02-11 10:30:00-05:00,2020-03-10 10:30:00-04:00,lower,9469.691822676505,2020-02-21 13:14:00-05:00
543_upper,543,2020-02-12,2020-02-12 10:30:00-05:00,2020-03-11 10:30:00-04:00,upper,9673.031877068039,2020-02-16 20:47:00-05:00
543_lower,543,2020-02-12,2020-02-12 10:30:00-05:00,2020-03-11 10:30:00-04:00,lower,9489.093122931961,2020-02-21 09:49:00-05:00
544_upper,544,2020-02-13,2020-02-13 10:30:00-05:00,2020-03-12 10:30:00-04:00,upper,9650.077889608092,2020-02-13 22:02:00-05:00
544_lower,544,2020-02-13,2020-02-13 10:30:00-05:00,2020-03-12 10:30:00-04:00,lower,9465.672110391908,2020-02-21 13:30:00-05:00
545_upper,545,2020-02-14,2020-02-14 10:30:00-05:00,2020-03-13 10:30:00-04:00,upper,9706.908512159982,2020-02-19 09:36:00-05:00
545_lower,545,2020-02-14,2020-02-14 10:30:00-05:00,2020-03-13 10:30:00-04:00,lower,9528.466487840018,2020-02-20 11:32:00-05:00
546_upper,546,2020-02-17,2020-02-17 10:30:00-05:00,2020-03-16 10:30:00-04:00,upper,9717.242152893028,2020-02-19 09:55:00-05:00
546_lower,546,2020-02-17,2020-02-17 10:30:00-05:00,2020-03-16 10:30:00-04:00,lower,9599.132847106972,2020-02-17 18:00:00-05:00
547_upper,547,2020-02-18,2020-02-18 10:30:00-05:00,2020-03-17 10:30:00-04:00,upper,9684.604784625351,2020-02-19 07:58:00-05:00
547_lower,547,2020-02-18,2020-02-18 10:30:00-05:00,2020-03-17 10:30:00-04:00,lower,9500.395215374649,2020-02-21 09:49:00-05:00
548_upper,548,2020-02-19,2020-02-19 10:30:00-05:00,2020-03-18 10:30:00-04:00,upper,9784.821193707163,
548_lower,548,2020-02-19,2020-02-19 10:30:00-05:00,2020-03-18 10:30:00-04:00,lower,9607.803806292837,2020-02-20 11:29:00-05:00
549_upper,549,2020-02-20,2020-02-20 10:30:00-05:00,2020-03-19 10:30:00-04:00,upper,9790.617064674247,
549_lower,549,2020-02-20,2020-02-20 10:30:00-05:00,2020-03-19 10:30:00-04:00,lower,9620.132935325753,2020-02-20 11:26:00-05:00
550_upper,550,2020-02-21,2020-02-21 10:30:00-05:00,2020-03-20 10:30:00-04:00,upper,9719.885135223292,
550_lower,550,2020-02-21,2020-02-21 10:30:00-05:00,2020-03-20 10:30:00-04:00,lower,9413.364864776708,2020-02-21 13:54:00-05:00
551_upper,551,2020-02-24,2020-02-24 10:30:00-05:00,2020-03-23 10:30:00-04:00,upper,9298.629791623334,
551_lower,551,2020-02-24,2020-02-24 10:30:00-05:00,2020-03-23 10:30:00-04:00,lower,8927.245208376666,2020-02-25 13:41:00-05:00
552_upper,552,2020-02-25,2020-02-25 10:30:00-05:00,2020-03-24 10:30:00-04:00,upper,9340.906761094822,
552_lower,552,2020-02-25,2020-02-25 10:30:00-05:00,2020-03-24 10:30:00-04:00,lower,8933.218238905178,2020-02-25 13:35:00-05:00
553_upper,553,2020-02-26,2020-02-26 10:30:00-05:00,2020-03-25 10:30:00-04:00,upper,9113.742532007456,
553_lower,553,2020-02-26,2020-02-26 10:30:00-05:00,2020-03-25 10:30:00-04:00,lower,8724.757467992544,2020-02-26 22:58:00-05:00
554_upper,554,2020-02-27,2020-02-27 10:30:00-05:00,2020-03-26 10:30:00-04:00,upper,8856.30834136237,2020-03-02 15:55:00-05:00
554_lower,554,2020-02-27,2020-02-27 10:30:00-05:00,2020-03-26 10:30:00-04:00,lower,8445.94165863763,2020-02-27 15:59:00-05:00
555_upper,555,2020-02-28,2020-02-28 10:30:00-05:00,2020-03-27 10:30:00-04:00,upper,8455.361761076416,2020-03-01 20:31:00-05:00
555_lower,555,2020-02-28,2020-02-28 10:30:00-05:00,2020-03-27 10:30:00-04:00,lower,7929.763238923582,2020-03-09 09:30:00-04:00
556_upper,556,2020-03-02,2020-03-02 10:30:00-05:00,2020-03-30 10:30:00-04:00,upper,8786.173929144847,2020-03-02 15:50:00-05:00
556_lower,556,2020-03-02,2020-03-02 10:30:00-05:00,2020-03-30 10:30:00-04:00,lower,8297.326070855153,2020-03-08 18:00:00-04:00
557_upper,557,2020-03-03,2020-03-03 10:30:00-05:00,2020-03-31 10:30:00-04:00,upper,9187.880815773853,
557_lower,557,2020-03-03,2020-03-03 10:30:00-05:00,2020-03-31 10:30:00-04:00,lower,8586.744184226147,2020-03-03 13:59:00-05:00
558_upper,558,2020-03-04,2020-03-04 10:30:00-05:00,2020-04-01 10:30:00-04:00,upper,8958.546730042173,
558_lower,558,2020-03-04,2020-03-04 10:30:00-05:00,2020-04-01 10:30:00-04:00,lower,8518.953269957827,2020-03-06 04:37:00-05:00
559_upper,559,2020-03-05,2020-03-05 10:30:00-05:00,2020-04-02 10:30:00-04:00,upper,8924.724250414783,
559_lower,559,2020-03-05,2020-03-05 10:30:00-05:00,2020-04-02 10:30:00-04:00,lower,8551.275749585217,2020-03-05 22:53:00-05:00
560_upper,560,2020-03-06,2020-03-06 10:30:00-05:00,2020-04-03 10:30:00-04:00,upper,8664.414989757224,
560_lower,560,2020-03-06,2020-03-06 10:30:00-05:00,2020-04-03 10:30:00-04:00,lower,8168.335010242776,2020-03-08 18:04:00-04:00
561_upper,561,2020-03-09,2020-03-09 10:30:00-04:00,2020-04-06 10:30:00-04:00,upper,8376.025074022516,2020-03-10 16:00:00-04:00
561_lower,561,2020-03-09,2020-03-09 10:30:00-04:00,2020-04-06 10:30:00-04:00,lower,7595.5999259774835,2020-03-12 09:30:00-04:00
562_upper,562,2020-03-10,2020-03-10 10:30:00-04:00,2020-04-07 10:30:00-04:00,upper,8463.595555526705,
562_lower,562,2020-03-10,2020-03-10 10:30:00-04:00,2020-04-07 10:30:00-04:00,lower,7968.404444473295,2020-03-10 11:30:00-04:00
563_upper,563,2020-03-11,2020-03-11 10:30:00-04:00,2020-04-08 10:30:00-04:00,upper,8381.198294874092,
563_lower,563,2020-03-11,2020-03-11 10:30:00-04:00,2020-04-08 10:30:00-04:00,lower,7953.301705125909,2020-03-11 15:03:00-04:00
564_upper,564,2020-03-12,2020-03-12 10:30:00-04:00,2020-04-09 10:30:00-04:00,upper,7817.194154603514,2020-03-13 15:54:00-04:00
564_lower,564,2020-03-12,2020-03-12 10:30:00-04:00,2020-04-09 10:30:00-04:00,lower,7148.930845396486,2020-03-12 16:36:00-04:00
565_upper,565,2020-03-13,2020-03-13 10:30:00-04:00,2020-04-13 10:30:00-04:00,upper,8037.615702700486,2020-04-06 15:50:00-04:00
565_lower,565,2020-03-13,2020-03-13 10:30:00-04:00,2020-04-13 10:30:00-04:00,lower,7253.384297299514,2020-03-16 09:45:00-04:00
566_upper,566,2020-03-16,2020-03-16 10:30:00-04:00,2020-04-14 10:30:00-04:00,upper,7684.401914829,2020-03-25 04:47:00-04:00
566_lower,566,2020-03-16,2020-03-16 10:30:00-04:00,2020-04-14 10:30:00-04:00,lower,6909.848085171,2020-03-16 15:59:00-04:00
567_upper,567,2020-03-17,2020-03-17 10:30:00-04:00,2020-04-15 10:30:00-04:00,upper,7562.472908087322,2020-03-20 03:44:00-04:00
567_lower,567,2020-03-17,2020-03-17 10:30:00-04:00,2020-04-15 10:30:00-04:00,lower,6687.527091912678,2020-03-22 18:00:00-04:00
568_upper,568,2020-03-18,2020-03-18 10:30:00-04:00,2020-04-16 10:30:00-04:00,upper,7511.458736501807,2020-03-20 03:26:00-04:00
568_lower,568,2020-03-18,2020-03-18 10:30:00-04:00,2020-04-16 10:30:00-04:00,lower,6605.541263498193,
569_upper,569,2020-03-19,2020-03-19 10:30:00-04:00,2020-04-17 10:30:00-04:00,upper,7668.104140993251,2020-03-25 04:29:00-04:00
569_lower,569,2020-03-19,2020-03-19 10:30:00-04:00,2020-04-17 10:30:00-04:00,lower,6709.395859006749,2020-03-22 18:00:00-04:00
570_upper,570,2020-03-20,2020-03-20 10:30:00-04:00,2020-04-20 10:30:00-04:00,upper,7726.54366907242,2020-03-25 05:07:00-04:00
570_lower,570,2020-03-20,2020-03-20 10:30:00-04:00,2020-04-20 10:30:00-04:00,lower,7081.45633092758,2020-03-20 14:57:00-04:00
571_upper,571,2020-03-23,2020-03-23 10:30:00-04:00,2020-04-21 10:30:00-04:00,upper,7322.838733246481,2020-03-24 04:07:00-04:00
571_lower,571,2020-03-23,2020-03-23 10:30:00-04:00,2020-04-21 10:30:00-04:00,lower,6634.161266753519,
572_upper,572,2020-03-24,2020-03-24 10:30:00-04:00,2020-04-22 10:30:00-04:00,upper,7646.30369503761,2020-03-25 03:59:00-04:00
572_lower,572,2020-03-24,2020-03-24 10:30:00-04:00,2020-04-22 10:30:00-04:00,lower,7119.69630496239,
573_upper,573,2020-03-25,2020-03-25 10:30:00-04:00,2020-04-23 10:30:00-04:00,upper,7909.778477294267,2020-03-30 21:02:00-04:00
573_lower,573,2020-03-25,2020-03-25 10:30:00-04:00,2020-04-23 10:30:00-04:00,lower,7163.346522705733,
574_upper,574,2020-03-26,2020-03-26 10:30:00-04:00,2020-04-24 10:30:00-04:00,upper,7876.498512803625,2020-03-26 15:54:00-04:00
574_lower,574,2020-03-26,2020-03-26 10:30:00-04:00,2020-04-24 10:30:00-04:00,lower,7260.751487196375,
575_upper,575,2020-03-27,2020-03-27 10:30:00-04:00,2020-04-27 10:30:00-04:00,upper,7888.718408387388,2020-03-30 20:01:00-04:00
575_lower,575,2020-03-27,2020-03-27 10:30:00-04:00,2020-04-27 10:30:00-04:00,lower,7401.281591612612,2020-03-29 18:00:00-04:00
576_upper,576,2020-03-30,2020-03-30 10:30:00-04:00,2020-04-28 10:30:00-04:00,upper,7949.624439029813,2020-03-31 05:22:00-04:00
576_lower,576,2020-03-30,2020-03-30 10:30:00-04:00,2020-04-28 10:30:00-04:00,lower,7408.375560970187,2020-04-01 15:44:00-04:00
577_upper,577,2020-03-31,2020-03-31 10:30:00-04:00,2020-04-29 10:30:00-04:00,upper,8151.870446006989,2020-04-07 02:58:00-04:00
577_lower,577,2020-03-31,2020-03-31 10:30:00-04:00,2020-04-29 10:30:00-04:00,lower,7578.254553993011,2020-04-01 01:49:00-04:00
578_upper,578,2020-04-01,2020-04-01 10:30:00-04:00,2020-04-30 10:30:00-04:00,upper,7776.1441766463295,2020-04-05 20:31:00-04:00
578_lower,578,2020-04-01,2020-04-01 10:30:00-04:00,2020-04-30 10:30:00-04:00,lower,7388.1058233536705,2020-04-02 09:14:00-04:00
579_upper,579,2020-04-02,2020-04-02 10:30:00-04:00,2020-05-01 10:30:00-04:00,upper,7703.231612359354,2020-04-05 20:17:00-04:00
579_lower,579,2020-04-02,2020-04-02 10:30:00-04:00,2020-05-01 10:30:00-04:00,lower,7207.393387640646,
580_upper,580,2020-04-03,2020-04-03 10:30:00-04:00,2020-05-04 10:30:00-04:00,upper,7808.464622827671,2020-04-05 20:35:00-04:00
580_lower,580,2020-04-03,2020-04-03 10:30:00-04:00,2020-05-04 10:30:00-04:00,lower,7393.410377172329,
581_upper,581,2020-04-06,2020-04-06 10:30:00-04:00,2020-05-05 10:30:00-04:00,upper,8015.508700386117,2020-04-06 15:50:00-04:00
581_lower,581,2020-04-06,2020-04-06 10:30:00-04:00,2020-05-05 10:30:00-04:00,lower,7592.241299613883,
582_upper,582,2020-04-07,2020-04-07 10:30:00-04:00,2020-05-06 10:30:00-04:00,upper,8503.366634118818,2020-04-14 09:34:00-04:00
582_lower,582,2020-04-07,2020-04-07 10:30:00-04:00,2020-05-06 10:30:00-04:00,lower,7989.008365881183,2020-04-07 18:11:00-04:00
583_upper,583,2020-04-08,2020-04-08 10:30:00-04:00,2020-05-07 10:30:00-04:00,upper,8316.921889912834,2020-04-09 09:43:00-04:00
583_lower,583,2020-04-08,2020-04-08 10:30:00-04:00,2020-05-07 10:30:00-04:00,lower,7898.203110087166,
584_upper,584,2020-04-09,2020-04-09 10:30:00-04:00,2020-05-08 10:30:00-04:00,upper,8512.476025798893,2020-04-14 09:35:00-04:00
584_lower,584,2020-04-09,2020-04-09 10:30:00-04:00,2020-05-08 10:30:00-04:00,lower,8013.523974201107,
585_upper,585,2020-04-13,2020-04-13 10:30:00-04:00,2020-05-11 10:30:00-04:00,upper,8377.974427210953,2020-04-13 21:33:00-04:00
585_lower,585,2020-04-13,2020-04-13 10:30:00-04:00,2020-05-11 10:30:00-04:00,lower,8010.400572789046,
586_upper,586,2020-04-14,2020-04-14 10:30:00-04:00,2020-05-12 10:30:00-04:00,upper,8747.26428880827,2020-04-16 11:22:00-04:00
586_lower,586,2020-04-14,2020-04-14 10:30:00-04:00,2020-05-12 10:30:00-04:00,lower,8273.36071119173,
587_upper,587,2020-04-15,2020-04-15 10:30:00-04:00,2020-05-13 10:30:00-04:00,upper,8708.551354323605,2020-04-16 10:58:00-04:00
587_lower,587,2020-04-15,2020-04-15 10:30:00-04:00,2020-05-13 10:30:00-04:00,lower,8361.448645676395,2020-04-21 11:14:00-04:00
588_upper,588,2020-04-16,2020-04-16 10:30:00-04:00,2020-05-14 10:30:00-04:00,upper,8865.073814760846,2020-04-16 18:00:00-04:00
588_lower,588,2020-04-16,2020-04-16 10:30:00-04:00,2020-05-14 10:30:00-04:00,lower,8458.051185239154,2020-04-21 10:49:00-04:00
589_upper,589,2020-04-17,2020-04-17 10:30:00-04:00,2020-05-15 10:30:00-04:00,upper,9038.862880887009,2020-04-29 16:14:00-04:00
589_lower,589,2020-04-17,2020-04-17 10:30:00-04:00,2020-05-15 10:30:00-04:00,lower,8627.887119112991,2020-04-20 22:38:00-04:00
590_upper,590,2020-04-20,2020-04-20 10:30:00-04:00,2020-05-18 10:30:00-04:00,upper,8919.612824240565,2020-04-28 05:26:00-04:00
590_lower,590,2020-04-20,2020-04-20 10:30:00-04:00,2020-05-18 10:30:00-04:00,lower,8582.137175759435,2020-04-21 09:37:00-04:00
591_upper,591,2020-04-21,2020-04-21 10:30:00-04:00,2020-05-19 10:30:00-04:00,upper,8842.999663098304,2020-04-27 00:00:00-04:00
591_lower,591,2020-04-21,2020-04-21 10:30:00-04:00,2020-05-19 10:30:00-04:00,lower,8371.000336901696,2020-04-21 11:11:00-04:00
592_upper,592,2020-04-22,2020-04-22 10:30:00-04:00,2020-05-20 10:30:00-04:00,upper,8752.552576739732,2020-04-23 10:23:00-04:00
592_lower,592,2020-04-22,2020-04-22 10:30:00-04:00,2020-05-20 10:30:00-04:00,lower,8381.572423260268,
593_upper,593,2020-04-23,2020-04-23 10:30:00-04:00,2020-05-21 10:30:00-04:00,upper,8898.367238360446,2020-04-28 05:20:00-04:00
593_lower,593,2020-04-23,2020-04-23 10:30:00-04:00,2020-05-21 10:30:00-04:00,lower,8490.382761639554,
594_upper,594,2020-04-24,2020-04-24 10:30:00-04:00,2020-05-22 10:30:00-04:00,upper,8823.787808365498,2020-04-26 22:06:00-04:00
594_lower,594,2020-04-24,2020-04-24 10:30:00-04:00,2020-05-22 10:30:00-04:00,lower,8445.712191634502,
595_upper,595,2020-04-27,2020-04-27 10:30:00-04:00,2020-05-25 10:30:00-04:00,upper,9007.919103666587,2020-04-29 15:26:00-04:00
595_lower,595,2020-04-27,2020-04-27 10:30:00-04:00,2020-05-25 10:30:00-04:00,lower,8698.205896333413,2020-04-28 10:58:00-04:00
596_upper,596,2020-04-28,2020-04-28 10:30:00-04:00,2020-05-26 10:30:00-04:00,upper,9089.472760753619,2020-04-29 16:37:00-04:00
596_lower,596,2020-04-28,2020-04-28 10:30:00-04:00,2020-05-26 10:30:00-04:00,lower,8641.652239246381,2020-05-03 18:00:00-04:00
597_upper,597,2020-04-29,2020-04-29 10:30:00-04:00,2020-05-27 10:30:00-04:00,upper,9073.706559526847,2020-04-29 16:30:00-04:00
597_lower,597,2020-04-29,2020-04-29 10:30:00-04:00,2020-05-27 10:30:00-04:00,lower,8664.168440473153,2020-05-03 18:00:00-04:00
598_upper,598,2020-04-30,2020-04-30 10:30:00-04:00,2020-05-28 10:30:00-04:00,upper,9157.354943061793,2020-05-07 20:00:00-04:00
598_lower,598,2020-04-30,2020-04-30 10:30:00-04:00,2020-05-28 10:30:00-04:00,lower,8836.020056938207,2020-04-30 18:00:00-04:00
599_upper,599,2020-05-01,2020-05-01 10:30:00-04:00,2020-05-29 10:30:00-04:00,upper,8990.858694596722,2020-05-05 12:00:00-04:00
599_lower,599,2020-05-01,2020-05-01 10:30:00-04:00,2020-05-29 10:30:00-04:00,lower,8629.641305403278,2020-05-03 18:00:00-04:00
600_upper,600,2020-05-04,2020-05-04 10:30:00-04:00,2020-06-01 10:30:00-04:00,upper,8892.408305458119,2020-05-05 03:30:00-04:00
600_lower,600,2020-05-04,2020-05-04 10:30:00-04:00,2020-06-01 10:30:00-04:00,lower,8488.341694541881,
601_upper,601,2020-05-05,2020-05-05 10:30:00-04:00,2020-06-02 10:30:00-04:00,upper,9092.014338145143,2020-05-07 05:36:00-04:00
601_lower,601,2020-05-05,2020-05-05 10:30:00-04:00,2020-06-02 10:30:00-04:00,lower,8749.110661854857,
602_upper,602,2020-05-06,2020-05-06 10:30:00-04:00,2020-06-03 10:30:00-04:00,upper,9164.406582835476,2020-05-07 20:04:00-04:00
602_lower,602,2020-05-06,2020-05-06 10:30:00-04:00,2020-06-03 10:30:00-04:00,lower,8805.343417164524,
603_upper,603,2020-05-07,2020-05-07 10:30:00-04:00,2020-06-04 10:30:00-04:00,upper,9243.358037197813,2020-05-10 19:33:00-04:00
603_lower,603,2020-05-07,2020-05-07 10:30:00-04:00,2020-06-04 10:30:00-04:00,lower,8918.141962802187,2020-05-13 12:13:00-04:00
604_upper,604,2020-05-08,2020-05-08 10:30:00-04:00,2020-06-05 10:30:00-04:00,upper,9313.583457105504,2020-05-11 13:31:00-04:00
604_lower,604,2020-05-08,2020-05-08 10:30:00-04:00,2020-06-05 10:30:00-04:00,lower,8996.416542894496,2020-05-13 11:49:00-04:00
605_upper,605,2020-05-11,2020-05-11 10:30:00-04:00,2020-06-08 10:30:00-04:00,upper,9345.592256990116,2020-05-18 13:17:00-04:00
605_lower,605,2020-05-11,2020-05-11 10:30:00-04:00,2020-06-08 10:30:00-04:00,lower,9008.407743009884,2020-05-12 19:45:00-04:00
606_upper,606,2020-05-12,2020-05-12 10:30:00-04:00,2020-06-09 10:30:00-04:00,upper,9477.127253635408,2020-05-20 11:21:00-04:00
606_lower,606,2020-05-12,2020-05-12 10:30:00-04:00,2020-06-09 10:30:00-04:00,lower,9133.997746364592,2020-05-12 15:50:00-04:00
607_upper,607,2020-05-13,2020-05-13 10:30:00-04:00,2020-06-10 10:30:00-04:00,upper,9331.220279581725,2020-05-18 10:59:00-04:00
607_lower,607,2020-05-13,2020-05-13 10:30:00-04:00,2020-06-10 10:30:00-04:00,lower,8906.029720418275,2020-05-13 12:15:00-04:00
608_upper,608,2020-05-14,2020-05-14 10:30:00-04:00,2020-06-11 10:30:00-04:00,upper,9130.678190866347,2020-05-15 03:07:00-04:00
608_lower,608,2020-05-14,2020-05-14 10:30:00-04:00,2020-06-11 10:30:00-04:00,lower,8714.946809133653,
609_upper,609,2020-05-15,2020-05-15 10:30:00-04:00,2020-06-12 10:30:00-04:00,upper,9169.976526088944,2020-05-17 19:04:00-04:00
609_lower,609,2020-05-15,2020-05-15 10:30:00-04:00,2020-06-12 10:30:00-04:00,lower,8792.398473911056,
610_upper,610,2020-05-18,2020-05-18 10:30:00-04:00,2020-06-15 10:30:00-04:00,upper,9425.837628444118,2020-05-20 09:30:00-04:00
610_lower,610,2020-05-18,2020-05-18 10:30:00-04:00,2020-06-15 10:30:00-04:00,lower,9112.787371555882,
611_upper,611,2020-05-19,2020-05-19 10:30:00-04:00,2020-06-16 10:30:00-04:00,upper,9500.094730907622,2020-05-20 18:02:00-04:00
611_lower,611,2020-05-19,2020-05-19 10:30:00-04:00,2020-06-16 10:30:00-04:00,lower,9182.905269092378,2020-05-27 10:49:00-04:00
612_upper,612,2020-05-20,2020-05-20 10:30:00-04:00,2020-06-17 10:30:00-04:00,upper,9572.289936151348,2020-05-25 23:54:00-04:00
612_lower,612,2020-05-20,2020-05-20 10:30:00-04:00,2020-06-17 10:30:00-04:00,lower,9267.835063848652,2020-05-22 01:29:00-04:00
613_upper,613,2020-05-21,2020-05-21 10:30:00-04:00,2020-06-18 10:30:00-04:00,upper,9633.477594220261,2020-06-02 04:18:00-04:00
613_lower,613,2020-05-21,2020-05-21 10:30:00-04:00,2020-06-18 10:30:00-04:00,lower,9317.397405779739,2020-05-21 22:54:00-04:00
614_upper,614,2020-05-22,2020-05-22 10:30:00-04:00,2020-06-19 10:30:00-04:00,upper,9515.473595904761,2020-05-25 06:50:00-04:00
614_lower,614,2020-05-22,2020-05-22 10:30:00-04:00,2020-06-19 10:30:00-04:00,lower,9202.026404095239,2020-05-27 10:46:00-04:00
615_upper,615,2020-05-25,2020-05-25 10:30:00-04:00,2020-06-22 10:30:00-04:00,upper,9624.147499658488,2020-06-02 03:31:00-04:00
615_lower,615,2020-05-25,2020-05-25 10:30:00-04:00,2020-06-22 10:30:00-04:00,lower,9414.602500341512,2020-05-26 11:47:00-04:00
616_upper,616,2020-05-26,2020-05-26 10:30:00-04:00,2020-06-23 10:30:00-04:00,upper,9702.493545767029,2020-06-03 10:01:00-04:00
616_lower,616,2020-05-26,2020-05-26 10:30:00-04:00,2020-06-23 10:30:00-04:00,lower,9382.506454232971,2020-05-26 15:44:00-04:00
617_upper,617,2020-05-27,2020-05-27 10:30:00-04:00,2020-06-24 10:30:00-04:00,upper,9527.306698336832,2020-05-28 12:34:00-04:00
617_lower,617,2020-05-27,2020-05-27 10:30:00-04:00,2020-06-24 10:30:00-04:00,lower,9157.818301663168,
618_upper,618,2020-05-28,2020-05-28 10:30:00-04:00,2020-06-25 10:30:00-04:00,upper,9570.428051686125,2020-05-29 15:59:00-04:00
618_lower,618,2020-05-28,2020-05-28 10:30:00-04:00,2020-06-25 10:30:00-04:00,lower,9242.071948313875,
619_upper,619,2020-05-29,2020-05-29 10:30:00-04:00,2020-06-26 10:30:00-04:00,upper,9608.202720566167,2020-06-02 02:29:00-04:00
619_lower,619,2020-05-29,2020-05-29 10:30:00-04:00,2020-06-26 10:30:00-04:00,lower,9264.922279433833,
620_upper,620,2020-06-01,2020-06-01 10:30:00-04:00,2020-06-29 10:30:00-04:00,upper,9681.300958053465,2020-06-02 20:45:00-04:00
620_lower,620,2020-06-01,2020-06-01 10:30:00-04:00,2020-06-29 10:30:00-04:00,lower,9384.324041946535,2020-06-15 02:05:00-04:00
621_upper,621,2020-06-02,2020-06-02 10:30:00-04:00,2020-07-01 10:30:00-04:00,upper,9728.37040825345,2020-06-04 09:50:00-04:00
621_lower,621,2020-06-02,2020-06-02 10:30:00-04:00,2020-07-01 10:30:00-04:00,lower,9460.75459174655,2020-06-15 01:36:00-04:00
622_upper,622,2020-06-03,2020-06-03 10:30:00-04:00,2020-07-02 10:30:00-04:00,upper,9806.712435909762,2020-06-05 11:24:00-04:00
622_lower,622,2020-06-03,2020-06-03 10:30:00-04:00,2020-07-02 10:30:00-04:00,lower,9547.787564090238,2020-06-12 13:45:00-04:00
623_upper,623,2020-06-04,2020-06-04 10:30:00-04:00,2020-07-03 10:30:00-04:00,upper,9837.12935375815,2020-06-05 12:31:00-04:00
623_lower,623,2020-06-04,2020-06-04 10:30:00-04:00,2020-07-03 10:30:00-04:00,lower,9550.24564624185,2020-06-12 13:40:00-04:00
624_upper,624,2020-06-05,2020-06-05 10:30:00-04:00,2020-07-06 10:30:00-04:00,upper,9876.439724086249,2020-06-08 15:39:00-04:00
624_lower,624,2020-06-05,2020-06-05 10:30:00-04:00,2020-07-06 10:30:00-04:00,lower,9510.435275913751,2020-06-12 13:52:00-04:00
625_upper,625,2020-06-08,2020-06-08 10:30:00-04:00,2020-07-07 10:30:00-04:00,upper,9943.600120332674,2020-06-09 10:45:00-04:00
625_lower,625,2020-06-08,2020-06-08 10:30:00-04:00,2020-07-07 10:30:00-04:00,lower,9654.149879667326,2020-06-11 14:43:00-04:00
626_upper,626,2020-06-09,2020-06-09 10:30:00-04:00,2020-07-08 10:30:00-04:00,upper,10005.261489168231,2020-06-09 21:32:00-04:00
626_lower,626,2020-06-09,2020-06-09 10:30:00-04:00,2020-07-08 10:30:00-04:00,lower,9735.363510831769,2020-06-11 12:50:00-04:00
627_upper,627,2020-06-10,2020-06-10 10:30:00-04:00,2020-07-09 10:30:00-04:00,upper,10182.93066509671,2020-06-23 03:54:00-04:00
627_lower,627,2020-06-10,2020-06-10 10:30:00-04:00,2020-07-09 10:30:00-04:00,lower,9906.19433490329,2020-06-11 08:22:00-04:00
628_upper,628,2020-06-11,2020-06-11 10:30:00-04:00,2020-07-10 10:30:00-04:00,upper,10095.593960731061,2020-06-19 08:36:00-04:00
628_lower,628,2020-06-11,2020-06-11 10:30:00-04:00,2020-07-10 10:30:00-04:00,lower,9755.031039268939,2020-06-11 12:48:00-04:00
629_upper,629,2020-06-12,2020-06-12 10:30:00-04:00,2020-07-13 10:30:00-04:00,upper,9998.480141994416,2020-06-16 08:57:00-04:00
629_lower,629,2020-06-12,2020-06-12 10:30:00-04:00,2020-07-13 10:30:00-04:00,lower,9598.269858005584,2020-06-12 11:04:00-04:00
630_upper,630,2020-06-15,2020-06-15 10:30:00-04:00,2020-07-14 10:30:00-04:00,upper,9760.264025522854,2020-06-15 14:04:00-04:00
630_lower,630,2020-06-15,2020-06-15 10:30:00-04:00,2020-07-14 10:30:00-04:00,lower,9297.610974477146,
631_upper,631,2020-06-16,2020-06-16 10:30:00-04:00,2020-07-15 10:30:00-04:00,upper,10136.379948097987,2020-06-22 18:30:00-04:00
631_lower,631,2020-06-16,2020-06-16 10:30:00-04:00,2020-07-15 10:30:00-04:00,lower,9811.495051902013,2020-06-16 11:00:00-04:00
632_upper,632,2020-06-17,2020-06-17 10:30:00-04:00,2020-07-16 10:30:00-04:00,upper,10164.240165724947,2020-06-23 03:15:00-04:00
632_lower,632,2020-06-17,2020-06-17 10:30:00-04:00,2020-07-16 10:30:00-04:00,lower,9815.634834275053,2020-06-28 18:00:00-04:00
633_upper,633,2020-06-18,2020-06-18 10:30:00-04:00,2020-07-17 10:30:00-04:00,upper,10112.119354596121,2020-06-19 09:28:00-04:00
633_lower,633,2020-06-18,2020-06-18 10:30:00-04:00,2020-07-17 10:30:00-04:00,lower,9810.255645403879,2020-06-28 18:00:00-04:00
634_upper,634,2020-06-19,2020-06-19 10:30:00-04:00,2020-07-20 10:30:00-04:00,upper,10230.516390847179,2020-06-23 10:42:00-04:00
634_lower,634,2020-06-19,2020-06-19 10:30:00-04:00,2020-07-20 10:30:00-04:00,lower,9959.983609152821,2020-06-19 12:18:00-04:00
635_upper,635,2020-06-22,2020-06-22 10:30:00-04:00,2020-07-21 10:30:00-04:00,upper,10174.123908644677,2020-06-23 03:16:00-04:00
635_lower,635,2020-06-22,2020-06-22 10:30:00-04:00,2020-07-21 10:30:00-04:00,lower,9831.876091355323,2020-06-26 15:54:00-04:00
636_upper,636,2020-06-23,2020-06-23 10:30:00-04:00,2020-07-22 10:30:00-04:00,upper,10344.29260296773,2020-07-02 08:30:00-04:00
636_lower,636,2020-06-23,2020-06-23 10:30:00-04:00,2020-07-22 10:30:00-04:00,lower,10028.20739703227,2020-06-24 11:11:00-04:00
637_upper,637,2020-06-24,2020-06-24 10:30:00-04:00,2020-07-23 10:30:00-04:00,upper,10378.76301438694,2020-07-02 08:53:00-04:00
637_lower,637,2020-06-24,2020-06-24 10:30:00-04:00,2020-07-23 10:30:00-04:00,lower,9934.86198561306,2020-06-24 11:49:00-04:00
638_upper,638,2020-06-25,2020-06-25 10:30:00-04:00,2020-07-24 10:30:00-04:00,upper,10189.419167514738,2020-07-01 09:33:00-04:00
638_lower,638,2020-06-25,2020-06-25 10:30:00-04:00,2020-07-24 10:30:00-04:00,lower,9758.955832485262,2020-06-29 09:41:00-04:00
639_upper,639,2020-06-26,2020-06-26 10:30:00-04:00,2020-07-27 10:30:00-04:00,upper,10281.276222614833,2020-07-01 15:08:00-04:00
639_lower,639,2020-06-26,2020-06-26 10:30:00-04:00,2020-07-27 10:30:00-04:00,lower,9780.348777385167,2020-06-28 18:01:00-04:00
640_upper,640,2020-06-29,2020-06-29 10:30:00-04:00,2020-07-28 10:30:00-04:00,upper,10024.81294832396,2020-06-30 01:21:00-04:00
640_lower,640,2020-06-29,2020-06-29 10:30:00-04:00,2020-07-28 10:30:00-04:00,lower,9603.93705167604,
641_upper,641,2020-07-01,2020-07-01 10:30:00-04:00,2020-07-29 10:30:00-04:00,upper,10329.492613096521,2020-07-02 04:27:00-04:00
641_lower,641,2020-07-01,2020-07-01 10:30:00-04:00,2020-07-29 10:30:00-04:00,lower,9987.382386903479,
642_upper,642,2020-07-02,2020-07-02 10:30:00-04:00,2020-07-30 10:30:00-04:00,upper,10530.716111433376,2020-07-06 10:00:00-04:00
642_lower,642,2020-07-02,2020-07-02 10:30:00-04:00,2020-07-30 10:30:00-04:00,lower,10229.408888566624,
643_upper,643,2020-07-03,2020-07-03 10:30:00-04:00,2020-07-31 10:30:00-04:00,upper,10467.840840343804,2020-07-05 21:46:00-04:00
643_lower,643,2020-07-03,2020-07-03 10:30:00-04:00,2020-07-31 10:30:00-04:00,lower,10233.159159656196,
644_upper,644,2020-07-06,2020-07-06 10:30:00-04:00,2020-08-03 10:30:00-04:00,upper,10645.149837633802,2020-07-06 19:33:00-04:00
644_lower,644,2020-07-06,2020-07-06 10:30:00-04:00,2020-08-03 10:30:00-04:00,lower,10331.725162366198,2020-07-24 09:38:00-04:00
645_upper,645,2020-07-07,2020-07-07 10:30:00-04:00,2020-08-04 10:30:00-04:00,upper,10790.166658692939,2020-07-10 14:59:00-04:00
645_lower,645,2020-07-07,2020-07-07 10:30:00-04:00,2020-08-04 10:30:00-04:00,lower,10402.458341307061,2020-07-14 09:53:00-04:00
646_upper,646,2020-07-08,2020-07-08 10:30:00-04:00,2020-08-05 10:30:00-04:00,upper,10760.297956841667,2020-07-09 15:13:00-04:00
646_lower,646,2020-07-08,2020-07-08 10:30:00-04:00,2020-08-05 10:30:00-04:00,lower,10416.702043158333,2020-07-14 09:52:00-04:00
647_upper,647,2020-07-09,2020-07-09 10:30:00-04:00,2020-08-06 10:30:00-04:00,upper,10890.970875717789,2020-07-12 18:12:00-04:00
647_lower,647,2020-07-09,2020-07-09 10:30:00-04:00,2020-08-06 10:30:00-04:00,lower,10556.529124282211,2020-07-14 08:51:00-04:00
648_upper,648,2020-07-10,2020-07-10 10:30:00-04:00,2020-08-07 10:30:00-04:00,upper,10926.109448111816,2020-07-13 07:06:00-04:00
648_lower,648,2020-07-10,2020-07-10 10:30:00-04:00,2020-08-07 10:30:00-04:00,lower,10495.390551888184,2020-07-14 09:02:00-04:00
649_upper,649,2020-07-13,2020-07-13 10:30:00-04:00,2020-08-10 10:30:00-04:00,upper,11129.013825812228,2020-08-05 03:00:00-04:00
649_lower,649,2020-07-13,2020-07-13 10:30:00-04:00,2020-08-10 10:30:00-04:00,lower,10774.861174187772,2020-07-13 15:07:00-04:00
650_upper,650,2020-07-14,2020-07-14 10:30:00-04:00,2020-08-11 10:30:00-04:00,upper,10835.830557059622,2020-07-20 13:13:00-04:00
650_lower,650,2020-07-14,2020-07-14 10:30:00-04:00,2020-08-11 10:30:00-04:00,lower,10150.919442940378,
651_upper,651,2020-07-15,2020-07-15 10:30:00-04:00,2020-08-12 10:30:00-04:00,upper,10933.307227852687,2020-07-20 15:31:00-04:00
651_lower,651,2020-07-15,2020-07-15 10:30:00-04:00,2020-08-12 10:30:00-04:00,lower,10513.317772147313,2020-07-16 05:11:00-04:00
652_upper,652,2020-07-16,2020-07-16 10:30:00-04:00,2020-08-13 10:30:00-04:00,upper,10766.167459552898,2020-07-20 10:27:00-04:00
652_lower,652,2020-07-16,2020-07-16 10:30:00-04:00,2020-08-13 10:30:00-04:00,lower,10357.582540447102,2020-07-24 09:37:00-04:00
653_upper,653,2020-07-17,2020-07-17 10:30:00-04:00,2020-08-14 10:30:00-04:00,upper,10831.229683998485,2020-07-20 12:59:00-04:00
653_lower,653,2020-07-17,2020-07-17 10:30:00-04:00,2020-08-14 10:30:00-04:00,lower,10405.520316001515,2020-07-24 03:14:00-04:00
654_upper,654,2020-07-20,2020-07-20 10:30:00-04:00,2020-08-17 10:30:00-04:00,upper,10908.882006067528,2020-07-20 15:17:00-04:00
654_lower,654,2020-07-20,2020-07-20 10:30:00-04:00,2020-08-17 10:30:00-04:00,lower,10437.617993932472,2020-07-24 02:57:00-04:00
655_upper,655,2020-07-21,2020-07-21 10:30:00-04:00,2020-08-18 10:30:00-04:00,upper,11180.134608496011,2020-08-06 13:22:00-04:00
655_lower,655,2020-07-21,2020-07-21 10:30:00-04:00,2020-08-18 10:30:00-04:00,lower,10764.240391503989,2020-07-22 11:14:00-04:00
656_upper,656,2020-07-22,2020-07-22 10:30:00-04:00,2020-08-19 10:30:00-04:00,upper,11023.64486768893,2020-08-03 09:33:00-04:00
656_lower,656,2020-07-22,2020-07-22 10:30:00-04:00,2020-08-19 10:30:00-04:00,lower,10674.73013231107,2020-07-23 12:36:00-04:00
657_upper,657,2020-07-23,2020-07-23 10:30:00-04:00,2020-08-20 10:30:00-04:00,upper,11022.153653034926,2020-08-03 09:33:00-04:00
657_lower,657,2020-07-23,2020-07-23 10:30:00-04:00,2020-08-20 10:30:00-04:00,lower,10641.346346965074,2020-07-23 13:33:00-04:00
658_upper,658,2020-07-24,2020-07-24 10:30:00-04:00,2020-08-21 10:30:00-04:00,upper,10637.79850387766,2020-07-27 14:21:00-04:00
658_lower,658,2020-07-24,2020-07-24 10:30:00-04:00,2020-08-21 10:30:00-04:00,lower,10159.20149612234,
659_upper,659,2020-07-27,2020-07-27 10:30:00-04:00,2020-08-24 10:30:00-04:00,upper,10771.909522153383,2020-07-30 16:09:00-04:00
659_lower,659,2020-07-27,2020-07-27 10:30:00-04:00,2020-08-24 10:30:00-04:00,lower,10349.590477846617,
660_upper,660,2020-07-28,2020-07-28 10:30:00-04:00,2020-08-25 10:30:00-04:00,upper,10799.92950395386,2020-07-30 16:11:00-04:00
660_lower,660,2020-07-28,2020-07-28 10:30:00-04:00,2020-08-25 10:30:00-04:00,lower,10433.07049604614,
661_upper,661,2020-07-29,2020-07-29 10:30:00-04:00,2020-08-26 10:30:00-04:00,upper,10757.821992297704,2020-07-30 16:08:00-04:00
661_lower,661,2020-07-29,2020-07-29 10:30:00-04:00,2020-08-26 10:30:00-04:00,lower,10432.428007702296,
662_upper,662,2020-07-30,2020-07-30 10:30:00-04:00,2020-08-27 10:30:00-04:00,upper,10756.595868519154,2020-07-30 16:08:00-04:00
662_lower,662,2020-07-30,2020-07-30 10:30:00-04:00,2020-08-27 10:30:00-04:00,lower,10378.029131480846,
663_upper,663,2020-07-31,2020-07-31 10:30:00-04:00,2020-08-28 10:30:00-04:00,upper,11106.176913153135,2020-08-05 02:05:00-04:00
663_lower,663,2020-07-31,2020-07-31 10:30:00-04:00,2020-08-28 10:30:00-04:00,lower,10597.698086846865,
664_upper,664,2020-08-03,2020-08-03 10:30:00-04:00,2020-08-31 10:30:00-04:00,upper,11176.195239923316,2020-08-06 13:21:00-04:00
664_lower,664,2020-08-03,2020-08-03 10:30:00-04:00,2020-08-31 10:30:00-04:00,lower,10835.179760076684,
665_upper,665,2020-08-04,2020-08-04 10:30:00-04:00,2020-09-01 10:30:00-04:00,upper,11197.561633940055,2020-08-06 13:55:00-04:00
665_lower,665,2020-08-04,2020-08-04 10:30:00-04:00,2020-09-01 10:30:00-04:00,lower,10861.563366059945,2020-08-11 15:50:00-04:00
666_upper,666,2020-08-05,2020-08-05 10:30:00-04:00,2020-09-02 10:30:00-04:00,upper,11257.399972883184,2020-08-06 15:11:00-04:00
666_lower,666,2020-08-05,2020-08-05 10:30:00-04:00,2020-09-02 10:30:00-04:00,lower,10939.850027116816,2020-08-10 11:00:00-04:00
667_upper,667,2020-08-06,2020-08-06 10:30:00-04:00,2020-09-03 10:30:00-04:00,upper,11268.662079220956,2020-08-06 15:19:00-04:00
667_lower,667,2020-08-06,2020-08-06 10:30:00-04:00,2020-09-03 10:30:00-04:00,lower,10940.087920779044,2020-08-10 11:00:00-04:00
668_upper,668,2020-08-07,2020-08-07 10:30:00-04:00,2020-09-04 10:30:00-04:00,upper,11375.79834656539,2020-08-18 09:38:00-04:00
668_lower,668,2020-08-07,2020-08-07 10:30:00-04:00,2020-09-04 10:30:00-04:00,lower,11086.32665343461,2020-08-07 13:15:00-04:00
669_upper,669,2020-08-10,2020-08-10 10:30:00-04:00,2020-09-07 10:30:00-04:00,upper,11308.249889090679,2020-08-17 19:31:00-04:00
669_lower,669,2020-08-10,2020-08-10 10:30:00-04:00,2020-09-07 10:30:00-04:00,lower,10925.000110909321,2020-08-11 15:18:00-04:00
670_upper,670,2020-08-11,2020-08-11 10:30:00-04:00,2020-09-08 10:30:00-04:00,upper,11198.889330594502,2020-08-13 09:31:00-04:00
670_lower,670,2020-08-11,2020-08-11 10:30:00-04:00,2020-09-08 10:30:00-04:00,lower,10820.360669405498,
671_upper,671,2020-08-12,2020-08-12 10:30:00-04:00,2020-09-09 10:30:00-04:00,upper,11226.37510379692,2020-08-13 09:40:00-04:00
671_lower,671,2020-08-12,2020-08-12 10:30:00-04:00,2020-09-09 10:30:00-04:00,lower,10762.74989620308,
672_upper,672,2020-08-13,2020-08-13 10:30:00-04:00,2020-09-10 10:30:00-04:00,upper,11353.428427392624,2020-08-18 09:35:00-04:00
672_lower,672,2020-08-13,2020-08-13 10:30:00-04:00,2020-09-10 10:30:00-04:00,lower,11018.321572607376,2020-09-08 18:00:00-04:00
673_upper,673,2020-08-14,2020-08-14 10:30:00-04:00,2020-09-11 10:30:00-04:00,upper,11369.976296981264,2020-08-18 09:38:00-04:00
673_lower,673,2020-08-14,2020-08-14 10:30:00-04:00,2020-09-11 10:30:00-04:00,lower,10972.398703018736,2020-09-08 18:02:00-04:00
674_upper,674,2020-08-17,2020-08-17 10:30:00-04:00,2020-09-14 10:30:00-04:00,upper,11393.494372271074,2020-08-18 14:49:00-04:00
674_lower,674,2020-08-17,2020-08-17 10:30:00-04:00,2020-09-14 10:30:00-04:00,lower,11084.380627728926,2020-09-08 14:52:00-04:00
675_upper,675,2020-08-18,2020-08-18 10:30:00-04:00,2020-09-15 10:30:00-04:00,upper,11520.947100351841,2020-08-20 21:00:00-04:00
675_lower,675,2020-08-18,2020-08-18 10:30:00-04:00,2020-09-15 10:30:00-04:00,lower,11134.052899648159,2020-09-08 09:41:00-04:00
676_upper,676,2020-08-19,2020-08-19 10:30:00-04:00,2020-09-16 10:30:00-04:00,upper,11549.90659303957,2020-08-21 10:55:00-04:00
676_lower,676,2020-08-19,2020-08-19 10:30:00-04:00,2020-09-16 10:30:00-04:00,lower,11216.34340696043,2020-09-04 10:42:00-04:00
677_upper,677,2020-08-20,2020-08-20 10:30:00-04:00,2020-09-17 10:30:00-04:00,upper,11503.059627482893,2020-08-20 20:00:00-04:00
677_lower,677,2020-08-20,2020-08-20 10:30:00-04:00,2020-09-17 10:30:00-04:00,lower,11105.815372517107,2020-09-08 14:51:00-04:00
678_upper,678,2020-08-21,2020-08-21 10:30:00-04:00,2020-09-18 10:30:00-04:00,upper,11657.182826359074,2020-08-24 04:00:00-04:00
678_lower,678,2020-08-21,2020-08-21 10:30:00-04:00,2020-09-18 10:30:00-04:00,lower,11317.567173640926,2020-09-04 10:35:00-04:00
679_upper,679,2020-08-24,2020-08-24 10:30:00-04:00,2020-09-21 10:30:00-04:00,upper,11886.442706485635,2020-08-26 11:41:00-04:00
679_lower,679,2020-08-24,2020-08-24 10:30:00-04:00,2020-09-21 10:30:00-04:00,lower,11457.682293514365,2020-09-04 10:15:00-04:00
680_upper,680,2020-08-25,2020-08-25 10:30:00-04:00,2020-09-22 10:30:00-04:00,upper,11773.882955083516,2020-08-26 06:54:00-04:00
680_lower,680,2020-08-25,2020-08-25 10:30:00-04:00,2020-09-22 10:30:00-04:00,lower,11427.367044916484,2020-09-04 10:17:00-04:00
681_upper,681,2020-08-26,2020-08-26 10:30:00-04:00,2020-09-23 10:30:00-04:00,upper,11933.125742119906,2020-08-26 12:19:00-04:00
681_lower,681,2020-08-26,2020-08-26 10:30:00-04:00,2020-09-23 10:30:00-04:00,lower,11622.124257880094,2020-09-03 19:06:00-04:00
682_upper,682,2020-08-27,2020-08-27 10:30:00-04:00,2020-09-24 10:30:00-04:00,upper,12206.825693556519,2020-09-01 03:21:00-04:00
682_lower,682,2020-08-27,2020-08-27 10:30:00-04:00,2020-09-24 10:30:00-04:00,lower,11765.924306443481,2020-09-03 11:19:00-04:00
683_upper,683,2020-08-28,2020-08-28 10:30:00-04:00,2020-09-25 10:30:00-04:00,upper,12175.52827197218,2020-09-01 02:16:00-04:00
683_lower,683,2020-08-28,2020-08-28 10:30:00-04:00,2020-09-25 10:30:00-04:00,lower,11786.97172802782,2020-09-03 11:19:00-04:00
684_upper,684,2020-08-31,2020-08-31 10:30:00-04:00,2020-09-28 10:30:00-04:00,upper,12216.688193135331,2020-09-01 03:22:00-04:00
684_lower,684,2020-08-31,2020-08-31 10:30:00-04:00,2020-09-28 10:30:00-04:00,lower,11830.186806864669,2020-09-03 11:18:00-04:00
685_upper,685,2020-09-01,2020-09-01 10:30:00-04:00,2020-09-29 10:30:00-04:00,upper,12458.311956416417,2020-09-02 05:56:00-04:00
685_lower,685,2020-09-01,2020-09-01 10:30:00-04:00,2020-09-29 10:30:00-04:00,lower,11938.563043583583,2020-09-03 10:46:00-04:00
686_upper,686,2020-09-02,2020-09-02 10:30:00-04:00,2020-09-30 10:30:00-04:00,upper,12683.575569760858,
686_lower,686,2020-09-02,2020-09-02 10:30:00-04:00,2020-09-30 10:30:00-04:00,lower,12087.299430239142,2020-09-03 10:19:00-04:00
687_upper,687,2020-09-03,2020-09-03 10:30:00-04:00,2020-10-01 10:30:00-04:00,upper,12503.48773101344,
687_lower,687,2020-09-03,2020-09-03 10:30:00-04:00,2020-10-01 10:30:00-04:00,lower,11854.51226898656,2020-09-03 11:17:00-04:00
688_upper,688,2020-09-04,2020-09-04 10:30:00-04:00,2020-10-02 10:30:00-04:00,upper,12202.867144424748,
688_lower,688,2020-09-04,2020-09-04 10:30:00-04:00,2020-10-02 10:30:00-04:00,lower,11108.132855575252,2020-09-08 14:44:00-04:00
689_upper,689,2020-09-07,2020-09-07 10:30:00-04:00,2020-10-05 10:30:00-04:00,upper,11676.541862437862,
689_lower,689,2020-09-07,2020-09-07 10:30:00-04:00,2020-10-05 10:30:00-04:00,lower,11253.833137562138,2020-09-08 06:25:00-04:00
690_upper,690,2020-09-08,2020-09-08 10:30:00-04:00,2020-10-06 10:30:00-04:00,upper,11582.995004935285,2020-10-01 08:39:00-04:00
690_lower,690,2020-09-08,2020-09-08 10:30:00-04:00,2020-10-06 10:30:00-04:00,lower,10831.129995064715,2020-09-18 12:42:00-04:00
691_upper,691,2020-09-09,2020-09-09 10:30:00-04:00,2020-10-07 10:30:00-04:00,upper,11582.121047368802,2020-10-01 08:39:00-04:00
691_lower,691,2020-09-09,2020-09-09 10:30:00-04:00,2020-10-07 10:30:00-04:00,lower,10986.003952631198,2020-09-11 13:08:00-04:00
692_upper,692,2020-09-10,2020-09-10 10:30:00-04:00,2020-10-08 10:30:00-04:00,upper,11754.948044306308,
692_lower,692,2020-09-10,2020-09-10 10:30:00-04:00,2020-10-08 10:30:00-04:00,lower,11274.176955693692,2020-09-10 14:15:00-04:00
693_upper,693,2020-09-11,2020-09-11 10:30:00-04:00,2020-10-09 10:30:00-04:00,upper,11505.250841805442,2020-09-16 04:08:00-04:00
693_lower,693,2020-09-11,2020-09-11 10:30:00-04:00,2020-10-09 10:30:00-04:00,lower,10928.374158194558,2020-09-17 09:10:00-04:00
694_upper,694,2020-09-14,2020-09-14 10:30:00-04:00,2020-10-12 10:30:00-04:00,upper,11506.810727848246,2020-09-16 04:08:00-04:00
694_lower,694,2020-09-14,2020-09-14 10:30:00-04:00,2020-10-12 10:30:00-04:00,lower,10994.689272151754,2020-09-17 08:30:00-04:00
695_upper,695,2020-09-15,2020-09-15 10:30:00-04:00,2020-10-13 10:30:00-04:00,upper,11618.987828672012,2020-10-09 09:35:00-04:00
695_lower,695,2020-09-15,2020-09-15 10:30:00-04:00,2020-10-13 10:30:00-04:00,lower,11232.887171327988,2020-09-16 15:56:00-04:00
696_upper,696,2020-09-16,2020-09-16 10:30:00-04:00,2020-10-14 10:30:00-04:00,upper,11647.987374097873,2020-10-09 10:37:00-04:00
696_lower,696,2020-09-16,2020-09-16 10:30:00-04:00,2020-10-14 10:30:00-04:00,lower,11236.387625902127,2020-09-16 15:40:00-04:00
697_upper,697,2020-09-17,2020-09-17 10:30:00-04:00,2020-10-15 10:30:00-04:00,upper,11249.324381272785,2020-09-28 04:10:00-04:00
697_lower,697,2020-09-17,2020-09-17 10:30:00-04:00,2020-10-15 10:30:00-04:00,lower,10727.425618727215,2020-09-21 04:48:00-04:00
698_upper,698,2020-09-18,2020-09-18 10:30:00-04:00,2020-10-16 10:30:00-04:00,upper,11326.604011271396,2020-09-28 06:17:00-04:00
698_lower,698,2020-09-18,2020-09-18 10:30:00-04:00,2020-10-16 10:30:00-04:00,lower,10865.520988728604,2020-09-18 12:32:00-04:00
699_upper,699,2020-09-21,2020-09-21 10:30:00-04:00,2020-10-19 10:30:00-04:00,upper,11009.021196622394,2020-09-21 16:54:00-04:00
699_lower,699,2020-09-21,2020-09-21 10:30:00-04:00,2020-10-19 10:30:00-04:00,lower,10516.228803377606,
700_upper,700,2020-09-22,2020-09-22 10:30:00-04:00,2020-10-20 10:30:00-04:00,upper,11276.112173252448,2020-09-28 05:32:00-04:00
700_lower,700,2020-09-22,2020-09-22 10:30:00-04:00,2020-10-20 10:30:00-04:00,lower,10803.762826747552,2020-09-23 15:05:00-04:00
701_upper,701,2020-09-23,2020-09-23 10:30:00-04:00,2020-10-21 10:30:00-04:00,upper,11360.491702084564,2020-09-28 08:06:00-04:00
701_lower,701,2020-09-23,2020-09-23 10:30:00-04:00,2020-10-21 10:30:00-04:00,lower,10889.008297915436,2020-09-23 14:19:00-04:00
702_upper,702,2020-09-24,2020-09-24 10:30:00-04:00,2020-10-22 10:30:00-04:00,upper,11086.21013934764,2020-09-25 14:07:00-04:00
702_lower,702,2020-09-24,2020-09-24 10:30:00-04:00,2020-10-22 10:30:00-04:00,lower,10453.78986065236,
703_upper,703,2020-09-25,2020-09-25 10:30:00-04:00,2020-10-23 10:30:00-04:00,upper,11122.797366089791,2020-09-25 15:02:00-04:00
703_lower,703,2020-09-25,2020-09-25 10:30:00-04:00,2020-10-23 10:30:00-04:00,lower,10661.452633910209,
704_upper,704,2020-09-28,2020-09-28 10:30:00-04:00,2020-10-26 10:30:00-04:00,upper,11532.33747309487,2020-10-01 05:41:00-04:00
704_lower,704,2020-09-28,2020-09-28 10:30:00-04:00,2020-10-26 10:30:00-04:00,lower,11101.16252690513,
705_upper,705,2020-09-29,2020-09-29 10:30:00-04:00,2020-10-27 10:30:00-04:00,upper,11533.578562867373,2020-10-01 05:42:00-04:00
705_lower,705,2020-09-29,2020-09-29 10:30:00-04:00,2020-10-27 10:30:00-04:00,lower,11169.921437132627,2020-09-30 02:10:00-04:00
706_upper,706,2020-09-30,2020-09-30 10:30:00-04:00,2020-10-28 10:30:00-04:00,upper,11626.478295484241,2020-10-09 09:43:00-04:00
706_lower,706,2020-09-30,2020-09-30 10:30:00-04:00,2020-10-28 10:30:00-04:00,lower,11088.771704515759,
707_upper,707,2020-10-01,2020-10-01 10:30:00-04:00,2020-10-29 10:30:00-04:00,upper,11749.39506993154,2020-10-11 19:46:00-04:00
707_lower,707,2020-10-01,2020-10-01 10:30:00-04:00,2020-10-29 10:30:00-04:00,lower,11332.60493006846,2020-10-02 01:30:00-04:00
708_upper,708,2020-10-02,2020-10-02 10:30:00-04:00,2020-10-30 10:30:00-04:00,upper,11616.392866816183,2020-10-09 08:56:00-04:00
708_lower,708,2020-10-02,2020-10-02 10:30:00-04:00,2020-10-30 10:30:00-04:00,lower,11084.857133183817,2020-10-30 01:45:00-04:00
709_upper,709,2020-10-05,2020-10-05 10:30:00-04:00,2020-11-02 10:30:00-05:00,upper,11565.107239575818,2020-10-08 02:42:00-04:00
709_lower,709,2020-10-05,2020-10-05 10:30:00-04:00,2020-11-02 10:30:00-05:00,lower,11129.142760424182,2020-10-28 15:56:00-04:00
710_upper,710,2020-10-06,2020-10-06 10:30:00-04:00,2020-11-03 10:30:00-05:00,upper,11658.258711575745,2020-10-09 10:49:00-04:00
710_lower,710,2020-10-06,2020-10-06 10:30:00-04:00,2020-11-03 10:30:00-05:00,lower,11247.116288424255,2020-10-06 15:07:00-04:00
711_upper,711,2020-10-07,2020-10-07 10:30:00-04:00,2020-11-04 10:30:00-05:00,upper,11596.252640737981,2020-10-08 23:08:00-04:00
711_lower,711,2020-10-07,2020-10-07 10:30:00-04:00,2020-11-04 10:30:00-05:00,lower,11190.997359262019,2020-10-28 12:51:00-04:00
712_upper,712,2020-10-08,2020-10-08 10:30:00-04:00,2020-11-05 10:30:00-05:00,upper,11765.108817550014,2020-10-11 21:52:00-04:00
712_lower,712,2020-10-08,2020-10-08 10:30:00-04:00,2020-11-05 10:30:00-05:00,lower,11338.641182449986,2020-10-28 09:40:00-04:00
713_upper,713,2020-10-09,2020-10-09 10:30:00-04:00,2020-11-06 10:30:00-05:00,upper,11794.396357206313,2020-10-12 03:58:00-04:00
713_lower,713,2020-10-09,2020-10-09 10:30:00-04:00,2020-11-06 10:30:00-05:00,lower,11424.728642793687,2020-10-26 12:47:00-04:00
714_upper,714,2020-10-12,2020-10-12 10:30:00-04:00,2020-11-09 10:30:00-05:00,upper,12105.637823000776,2020-10-12 12:42:00-04:00
714_lower,714,2020-10-12,2020-10-12 10:30:00-04:00,2020-11-09 10:30:00-05:00,lower,11712.862176999224,2020-10-19 14:34:00-04:00
715_upper,715,2020-10-13,2020-10-13 10:30:00-04:00,2020-11-10 10:30:00-05:00,upper,12357.34888184149,2020-11-08 22:53:00-05:00
715_lower,715,2020-10-13,2020-10-13 10:30:00-04:00,2020-11-10 10:30:00-05:00,lower,11886.27611815851,2020-10-14 22:50:00-04:00
716_upper,716,2020-10-14,2020-10-14 10:30:00-04:00,2020-11-11 10:30:00-05:00,upper,12337.787929352962,2020-11-08 20:09:00-05:00
716_lower,716,2020-10-14,2020-10-14 10:30:00-04:00,2020-11-11 10:30:00-05:00,lower,11869.462070647038,2020-10-14 23:00:00-04:00
717_upper,717,2020-10-15,2020-10-15 10:30:00-04:00,2020-11-12 10:30:00-05:00,upper,12032.936790196214,2020-11-05 03:23:00-05:00
717_lower,717,2020-10-15,2020-10-15 10:30:00-04:00,2020-11-12 10:30:00-05:00,lower,11559.063209803786,2020-10-22 10:32:00-04:00
718_upper,718,2020-10-16,2020-10-16 10:30:00-04:00,2020-11-13 10:30:00-05:00,upper,12186.030810509164,2020-11-08 18:12:00-05:00
718_lower,718,2020-10-16,2020-10-16 10:30:00-04:00,2020-11-13 10:30:00-05:00,lower,11749.344189490836,2020-10-19 12:21:00-04:00
719_upper,719,2020-10-19,2020-10-19 10:30:00-04:00,2020-11-16 10:30:00-05:00,upper,12149.331151681257,2020-11-08 18:00:00-05:00
719_lower,719,2020-10-19,2020-10-19 10:30:00-04:00,2020-11-16 10:30:00-05:00,lower,11639.793848318743,2020-10-19 15:00:00-04:00
720_upper,720,2020-10-20,2020-10-20 10:30:00-04:00,2020-11-17 10:30:00-05:00,upper,11904.375147228217,2020-11-04 22:38:00-05:00
720_lower,720,2020-10-20,2020-10-20 10:30:00-04:00,2020-11-17 10:30:00-05:00,lower,11446.374852771783,2020-10-26 12:34:00-04:00
721_upper,721,2020-10-21,2020-10-21 10:30:00-04:00,2020-11-18 10:30:00-05:00,upper,11932.8357295319,2020-11-04 22:39:00-05:00
721_lower,721,2020-10-21,2020-10-21 10:30:00-04:00,2020-11-18 10:30:00-05:00,lower,11454.4142704681,2020-10-26 11:44:00-04:00
722_upper,722,2020-10-22,2020-10-22 10:30:00-04:00,2020-11-19 10:30:00-05:00,upper,11926.02908684188,2020-11-04 22:39:00-05:00
722_lower,722,2020-10-22,2020-10-22 10:30:00-04:00,2020-11-19 10:30:00-05:00,lower,11408.97091315812,2020-10-26 12:57:00-04:00
723_upper,723,2020-10-23,2020-10-23 10:30:00-04:00,2020-11-20 10:30:00-05:00,upper,11875.730155823774,2020-11-04 22:27:00-05:00
723_lower,723,2020-10-23,2020-10-23 10:30:00-04:00,2020-11-20 10:30:00-05:00,lower,11425.144844176226,2020-10-26 12:47:00-04:00
724_upper,724,2020-10-26,2020-10-26 10:30:00-04:00,2020-11-23 10:30:00-05:00,upper,11836.824153696076,2020-11-04 12:41:00-05:00
724_lower,724,2020-10-26,2020-10-26 10:30:00-04:00,2020-11-23 10:30:00-05:00,lower,11369.925846303924,2020-10-26 13:26:00-04:00
725_upper,725,2020-10-27,2020-10-27 10:30:00-04:00,2020-11-24 10:30:00-05:00,upper,11756.646742576191,2020-11-03 22:15:00-05:00
725_lower,725,2020-10-27,2020-10-27 10:30:00-04:00,2020-11-24 10:30:00-05:00,lower,11310.353257423809,2020-10-28 09:50:00-04:00
726_upper,726,2020-10-28,2020-10-28 10:30:00-04:00,2020-11-25 10:30:00-05:00,upper,11667.350479194514,2020-11-03 22:10:00-05:00
726_lower,726,2020-10-28,2020-10-28 10:30:00-04:00,2020-11-25 10:30:00-05:00,lower,11048.899520805486,2020-10-30 02:10:00-04:00
727_upper,727,2020-10-29,2020-10-29 10:30:00-04:00,2020-11-26 10:30:00-05:00,upper,11492.281810086992,2020-11-03 22:00:00-05:00
727_lower,727,2020-10-29,2020-10-29 10:30:00-04:00,2020-11-26 10:30:00-05:00,lower,10936.343189913008,
728_upper,728,2020-10-30,2020-10-30 10:30:00-04:00,2020-11-27 10:30:00-05:00,upper,11541.84102146125,2020-11-03 22:00:00-05:00
728_lower,728,2020-10-30,2020-10-30 10:30:00-04:00,2020-11-27 10:30:00-05:00,lower,10869.28397853875,
729_upper,729,2020-11-02,2020-11-02 10:30:00-05:00,2020-11-30 10:30:00-05:00,upper,11392.75306250971,2020-11-03 20:52:00-05:00
729_lower,729,2020-11-02,2020-11-02 10:30:00-05:00,2020-11-30 10:30:00-05:00,lower,10906.74693749029,
730_upper,730,2020-11-03,2020-11-03 10:30:00-05:00,2020-12-01 10:30:00-05:00,upper,11513.833345591567,2020-11-03 22:00:00-05:00
730_lower,730,2020-11-03,2020-11-03 10:30:00-05:00,2020-12-01 10:30:00-05:00,lower,10845.541654408433,
731_upper,731,2020-11-04,2020-11-04 10:30:00-05:00,2020-12-02 10:30:00-05:00,upper,11991.199723329857,2020-11-05 02:26:00-05:00
731_lower,731,2020-11-04,2020-11-04 10:30:00-05:00,2020-12-02 10:30:00-05:00,lower,11312.800276670143,
732_upper,732,2020-11-05,2020-11-05 10:30:00-05:00,2020-12-03 10:30:00-05:00,upper,12279.630216098809,2020-11-08 19:58:00-05:00
732_lower,732,2020-11-05,2020-11-05 10:30:00-05:00,2020-12-03 10:30:00-05:00,lower,11791.119783901191,2020-11-09 19:24:00-05:00
733_upper,733,2020-11-06,2020-11-06 10:30:00-05:00,2020-12-04 10:30:00-05:00,upper,12264.887181720746,2020-11-08 19:40:00-05:00
733_lower,733,2020-11-06,2020-11-06 10:30:00-05:00,2020-12-04 10:30:00-05:00,lower,11736.362818279254,2020-11-09 22:38:00-05:00
734_upper,734,2020-11-09,2020-11-09 10:30:00-05:00,2020-12-07 10:30:00-05:00,upper,12463.418605308005,2020-12-01 12:04:00-05:00
734_lower,734,2020-11-09,2020-11-09 10:30:00-05:00,2020-12-07 10:30:00-05:00,lower,11879.081394691995,2020-11-09 15:52:00-05:00
735_upper,735,2020-11-10,2020-11-10 10:30:00-05:00,2020-12-08 10:30:00-05:00,upper,11943.547030998563,2020-11-12 04:58:00-05:00
735_lower,735,2020-11-10,2020-11-10 10:30:00-05:00,2020-12-08 10:30:00-05:00,lower,11403.202969001437,
736_upper,736,2020-11-11,2020-11-11 10:30:00-05:00,2020-12-09 10:30:00-05:00,upper,11982.847299040208,2020-11-15 18:00:00-05:00
736_lower,736,2020-11-11,2020-11-11 10:30:00-05:00,2020-12-09 10:30:00-05:00,lower,11508.277700959792,
737_upper,737,2020-11-12,2020-11-12 10:30:00-05:00,2020-12-10 10:30:00-05:00,upper,12109.372943648514,2020-11-24 18:07:00-05:00
737_lower,737,2020-11-12,2020-11-12 10:30:00-05:00,2020-12-10 10:30:00-05:00,lower,11730.252056351486,
738_upper,738,2020-11-13,2020-11-13 10:30:00-05:00,2020-12-11 10:30:00-05:00,upper,12081.69431658096,2020-11-16 18:00:00-05:00
738_lower,738,2020-11-13,2020-11-13 10:30:00-05:00,2020-12-11 10:30:00-05:00,lower,11685.80568341904,
739_upper,739,2020-11-16,2020-11-16 10:30:00-05:00,2020-12-14 10:30:00-05:00,upper,12141.813069613383,2020-11-24 19:10:00-05:00
739_lower,739,2020-11-16,2020-11-16 10:30:00-05:00,2020-12-14 10:30:00-05:00,lower,11721.311930386617,
740_upper,740,2020-11-17,2020-11-17 10:30:00-05:00,2020-12-15 10:30:00-05:00,upper,12188.735131210404,2020-11-25 20:33:00-05:00
740_lower,740,2020-11-17,2020-11-17 10:30:00-05:00,2020-12-15 10:30:00-05:00,lower,11840.639868789596,2020-11-18 22:11:00-05:00
741_upper,741,2020-11-18,2020-11-18 10:30:00-05:00,2020-12-16 10:30:00-05:00,upper,12125.83946315929,2020-11-24 18:53:00-05:00
741_lower,741,2020-11-18,2020-11-18 10:30:00-05:00,2020-12-16 10:30:00-05:00,lower,11782.78553684071,
742_upper,742,2020-11-19,2020-11-19 10:30:00-05:00,2020-12-17 10:30:00-05:00,upper,12052.997151594478,2020-11-24 12:35:00-05:00
742_lower,742,2020-11-19,2020-11-19 10:30:00-05:00,2020-12-17 10:30:00-05:00,lower,11700.627848405522,
743_upper,743,2020-11-20,2020-11-20 10:30:00-05:00,2020-12-18 10:30:00-05:00,upper,12119.74645437204,2020-11-24 18:09:00-05:00
743_lower,743,2020-11-20,2020-11-20 10:30:00-05:00,2020-12-18 10:30:00-05:00,lower,11832.25354562796,2020-11-23 11:10:00-05:00
744_upper,744,2020-11-23,2020-11-23 10:30:00-05:00,2020-12-21 10:30:00-05:00,upper,12150.068327496718,2020-11-24 19:16:00-05:00
744_lower,744,2020-11-23,2020-11-23 10:30:00-05:00,2020-12-21 10:30:00-05:00,lower,11732.681672503282,
745_upper,745,2020-11-24,2020-11-24 10:30:00-05:00,2020-12-22 10:30:00-05:00,upper,12104.079874548734,2020-11-24 16:56:00-05:00
745_lower,745,2020-11-24,2020-11-24 10:30:00-05:00,2020-12-22 10:30:00-05:00,lower,11759.670125451266,
746_upper,746,2020-11-25,2020-11-25 10:30:00-05:00,2020-12-23 10:30:00-05:00,upper,12270.439816503806,2020-11-27 10:17:00-05:00
746_lower,746,2020-11-25,2020-11-25 10:30:00-05:00,2020-12-23 10:30:00-05:00,lower,11953.560183496194,
747_upper,747,2020-11-26,2020-11-26 10:30:00-05:00,2020-12-24 10:30:00-05:00,upper,12329.636626829917,2020-11-29 18:00:00-05:00
747_lower,747,2020-11-26,2020-11-26 10:30:00-05:00,2020-12-24 10:30:00-05:00,lower,12068.613373170083,
748_upper,748,2020-11-27,2020-11-27 10:30:00-05:00,2020-12-28 10:30:00-05:00,upper,12410.052418330972,2020-12-01 10:02:00-05:00
748_lower,748,2020-11-27,2020-11-27 10:30:00-05:00,2020-12-28 10:30:00-05:00,lower,12072.697581669028,
749_upper,749,2020-11-30,2020-11-30 10:30:00-05:00,2020-12-29 10:30:00-05:00,upper,12447.31473883935,2020-12-01 11:44:00-05:00
749_lower,749,2020-11-30,2020-11-30 10:30:00-05:00,2020-12-29 10:30:00-05:00,lower,12071.93526116065,
750_upper,750,2020-12-01,2020-12-01 10:30:00-05:00,2020-12-30 10:30:00-05:00,upper,12567.753382056055,2020-12-06 18:00:00-05:00
750_lower,750,2020-12-01,2020-12-01 10:30:00-05:00,2020-12-30 10:30:00-05:00,lower,12191.871617943945,
751_upper,751,2020-12-02,2020-12-02 10:30:00-05:00,2021-01-04 10:30:00-05:00,upper,12586.464225177839,2020-12-07 09:58:00-05:00
751_lower,751,2020-12-02,2020-12-02 10:30:00-05:00,2021-01-04 10:30:00-05:00,lower,12175.035774822161,
752_upper,752,2020-12-03,2020-12-03 10:30:00-05:00,2021-01-05 10:30:00-05:00,upper,12660.327558671626,2020-12-08 18:00:00-05:00
752_lower,752,2020-12-03,2020-12-03 10:30:00-05:00,2021-01-05 10:30:00-05:00,lower,12306.297441328374,2020-12-10 01:44:00-05:00
753_upper,753,2020-12-04,2020-12-04 10:30:00-05:00,2021-01-06 10:30:00-05:00,upper,12650.77788791226,2020-12-08 14:27:00-05:00
753_lower,753,2020-12-04,2020-12-04 10:30:00-05:00,2021-01-06 10:30:00-05:00,lower,12307.84711208774,2020-12-09 15:30:00-05:00
754_upper,754,2020-12-07,2020-12-07 10:30:00-05:00,2021-01-07 10:30:00-05:00,upper,12722.324964145053,2020-12-17 02:21:00-05:00
754_lower,754,2020-12-07,2020-12-07 10:30:00-05:00,2021-01-07 10:30:00-05:00,lower,12373.925035854947,2020-12-09 13:42:00-05:00
755_upper,755,2020-12-08,2020-12-08 10:30:00-05:00,2021-01-08 10:30:00-05:00,upper,12743.687013793919,2020-12-17 03:22:00-05:00
755_lower,755,2020-12-08,2020-12-08 10:30:00-05:00,2021-01-08 10:30:00-05:00,lower,12377.937986206081,2020-12-09 13:42:00-05:00
756_upper,756,2020-12-09,2020-12-09 10:30:00-05:00,2021-01-11 10:30:00-05:00,upper,12787.820547812002,2020-12-18 09:18:00-05:00
756_lower,756,2020-12-09,2020-12-09 10:30:00-05:00,2021-01-11 10:30:00-05:00,lower,12447.054452187998,2020-12-09 13:27:00-05:00
757_upper,757,2020-12-10,2020-12-10 10:30:00-05:00,2021-01-12 10:30:00-05:00,upper,12569.580163178834,2020-12-15 09:30:00-05:00
757_lower,757,2020-12-10,2020-12-10 10:30:00-05:00,2021-01-12 10:30:00-05:00,lower,12014.544836821166,
758_upper,758,2020-12-11,2020-12-11 10:30:00-05:00,2021-01-13 10:30:00-05:00,upper,12513.505255950953,2020-12-14 09:57:00-05:00
758_lower,758,2020-12-11,2020-12-11 10:30:00-05:00,2021-01-13 10:30:00-05:00,lower,12133.744744049047,
759_upper,759,2020-12-14,2020-12-14 10:30:00-05:00,2021-01-14 10:30:00-05:00,upper,12672.466798747515,2020-12-16 14:39:00-05:00
759_lower,759,2020-12-14,2020-12-14 10:30:00-05:00,2021-01-14 10:30:00-05:00,lower,12233.908201252485,
760_upper,760,2020-12-15,2020-12-15 10:30:00-05:00,2021-01-15 10:30:00-05:00,upper,12726.133997689696,2020-12-17 02:21:00-05:00
760_lower,760,2020-12-15,2020-12-15 10:30:00-05:00,2021-01-15 10:30:00-05:00,lower,12401.866002310304,
761_upper,761,2020-12-16,2020-12-16 10:30:00-05:00,2021-01-18 10:30:00-05:00,upper,12771.969398294714,2020-12-18 04:09:00-05:00
761_lower,761,2020-12-16,2020-12-16 10:30:00-05:00,2021-01-18 10:30:00-05:00,lower,12444.405601705286,
762_upper,762,2020-12-17,2020-12-17 10:30:00-05:00,2021-01-19 10:30:00-05:00,upper,12901.412761652435,2020-12-29 09:30:00-05:00
762_lower,762,2020-12-17,2020-12-17 10:30:00-05:00,2021-01-19 10:30:00-05:00,lower,12570.712238347565,2020-12-21 05:07:00-05:00
763_upper,763,2020-12-18,2020-12-18 10:30:00-05:00,2021-01-20 10:30:00-05:00,upper,12953.999984457409,2021-01-04 04:16:00-05:00
763_lower,763,2020-12-18,2020-12-18 10:30:00-05:00,2021-01-20 10:30:00-05:00,lower,12556.000015542591,2020-12-21 05:23:00-05:00
764_upper,764,2020-12-21,2020-12-21 10:30:00-05:00,2021-01-21 10:30:00-05:00,upper,12816.798684725329,2020-12-28 08:45:00-05:00
764_lower,764,2020-12-21,2020-12-21 10:30:00-05:00,2021-01-21 10:30:00-05:00,lower,12329.326315274671,
765_upper,765,2020-12-22,2020-12-22 10:30:00-05:00,2021-01-22 10:30:00-05:00,upper,12900.844260317794,2020-12-29 09:30:00-05:00
765_lower,765,2020-12-22,2020-12-22 10:30:00-05:00,2021-01-22 10:30:00-05:00,lower,12534.780739682206,2021-01-04 12:15:00-05:00
766_upper,766,2020-12-23,2020-12-23 10:30:00-05:00,2021-01-25 10:30:00-05:00,upper,12879.983338357597,2020-12-29 00:37:00-05:00
766_lower,766,2020-12-23,2020-12-23 10:30:00-05:00,2021-01-25 10:30:00-05:00,lower,12520.391661642403,2021-01-06 03:21:00-05:00
767_upper,767,2020-12-24,2020-12-24 10:30:00-05:00,2021-01-26 10:30:00-05:00,upper,12843.84613888753,2020-12-28 13:32:00-05:00
767_lower,767,2020-12-24,2020-12-24 10:30:00-05:00,2021-01-26 10:30:00-05:00,lower,12504.65386111247,2021-01-06 03:22:00-05:00
768_upper,768,2020-12-28,2020-12-28 10:30:00-05:00,2021-01-27 10:30:00-05:00,upper,12972.891274962194,2021-01-07 20:31:00-05:00
768_lower,768,2020-12-28,2020-12-28 10:30:00-05:00,2021-01-27 10:30:00-05:00,lower,12623.733725037806,2021-01-04 12:01:00-05:00
769_upper,769,2020-12-29,2020-12-29 10:30:00-05:00,2021-01-28 10:30:00-05:00,upper,13074.51007709353,2021-01-08 15:40:00-05:00
769_lower,769,2020-12-29,2020-12-29 10:30:00-05:00,2021-01-28 10:30:00-05:00,lower,12681.73992290647,2021-01-04 11:10:00-05:00
770_upper,770,2020-12-30,2020-12-30 10:30:00-05:00,2021-01-29 10:30:00-05:00,upper,13061.184354097579,2021-01-08 12:15:00-05:00
770_lower,770,2020-12-30,2020-12-30 10:30:00-05:00,2021-01-29 10:30:00-05:00,lower,12708.190645902421,2021-01-04 11:06:00-05:00
771_upper,771,2021-01-04,2021-01-04 10:30:00-05:00,2021-02-01 10:30:00-05:00,upper,13106.257554902917,2021-01-08 16:00:00-05:00
771_lower,771,2021-01-04,2021-01-04 10:30:00-05:00,2021-02-01 10:30:00-05:00,lower,12721.367445097083,2021-01-04 11:04:00-05:00
772_upper,772,2021-01-05,2021-01-05 10:30:00-05:00,2021-02-02 10:30:00-05:00,upper,12918.69840014535,2021-01-07 11:38:00-05:00
772_lower,772,2021-01-05,2021-01-05 10:30:00-05:00,2021-02-02 10:30:00-05:00,lower,12449.42659985465,
773_upper,773,2021-01-06,2021-01-06 10:30:00-05:00,2021-02-03 10:30:00-05:00,upper,12863.465892051086,2021-01-07 10:04:00-05:00
773_lower,773,2021-01-06,2021-01-06 10:30:00-05:00,2021-02-03 10:30:00-05:00,lower,12367.784107948914,
774_upper,774,2021-01-07,2021-01-07 10:30:00-05:00,2021-02-04 10:30:00-05:00,upper,13020.927210784295,2021-01-08 09:28:00-05:00
774_lower,774,2021-01-07,2021-01-07 10:30:00-05:00,2021-02-04 10:30:00-05:00,lower,12514.572789215705,
775_upper,775,2021-01-08,2021-01-08 10:30:00-05:00,2021-02-05 10:30:00-05:00,upper,13210.34397654155,2021-01-20 10:10:00-05:00
775_lower,775,2021-01-08,2021-01-08 10:30:00-05:00,2021-02-05 10:30:00-05:00,lower,12812.15602345845,2021-01-12 12:05:00-05:00
776_upper,776,2021-01-11,2021-01-11 10:30:00-05:00,2021-02-08 10:30:00-05:00,upper,13161.060130644688,2021-01-20 09:35:00-05:00
776_lower,776,2021-01-11,2021-01-11 10:30:00-05:00,2021-02-08 10:30:00-05:00,lower,12748.439869355312,2021-01-15 11:06:00-05:00
777_upper,777,2021-01-12,2021-01-12 10:30:00-05:00,2021-02-09 10:30:00-05:00,upper,13108.910184604236,2021-01-20 08:00:00-05:00
777_lower,777,2021-01-12,2021-01-12 10:30:00-05:00,2021-02-09 10:30:00-05:00,lower,12689.089815395764,
778_upper,778,2021-01-13,2021-01-13 10:30:00-05:00,2021-02-10 10:30:00-05:00,upper,13085.890264484906,2021-01-20 03:44:00-05:00
778_lower,778,2021-01-13,2021-01-13 10:30:00-05:00,2021-02-10 10:30:00-05:00,lower,12708.359735515094,
779_upper,779,2021-01-14,2021-01-14 10:30:00-05:00,2021-02-11 10:30:00-05:00,upper,13147.632339548836,2021-01-20 09:34:00-05:00
779_lower,779,2021-01-14,2021-01-14 10:30:00-05:00,2021-02-11 10:30:00-05:00,lower,12829.992660451164,2021-01-15 10:07:00-05:00
780_upper,780,2021-01-15,2021-01-15 10:30:00-05:00,2021-02-12 10:30:00-05:00,upper,13129.140117721747,2021-01-20 09:12:00-05:00
780_lower,780,2021-01-15,2021-01-15 10:30:00-05:00,2021-02-12 10:30:00-05:00,lower,12602.734882278253,
781_upper,781,2021-01-18,2021-01-18 10:30:00-05:00,2021-02-15 10:30:00-05:00,upper,12954.255853905548,2021-01-19 12:58:00-05:00
781_lower,781,2021-01-18,2021-01-18 10:30:00-05:00,2021-02-15 10:30:00-05:00,lower,12645.619146094452,
782_upper,782,2021-01-19,2021-01-19 10:30:00-05:00,2021-02-16 10:30:00-05:00,upper,13081.986247428205,2021-01-20 03:43:00-05:00
782_lower,782,2021-01-19,2021-01-19 10:30:00-05:00,2021-02-16 10:30:00-05:00,lower,12708.513752571795,
783_upper,783,2021-01-20,2021-01-20 10:30:00-05:00,2021-02-17 10:30:00-05:00,upper,13373.571867454353,2021-01-20 20:05:00-05:00
783_lower,783,2021-01-20,2021-01-20 10:30:00-05:00,2021-02-17 10:30:00-05:00,lower,12942.928132545647,2021-01-27 16:10:00-05:00
784_upper,784,2021-01-21,2021-01-21 10:30:00-05:00,2021-02-18 10:30:00-05:00,upper,13530.829602947819,2021-01-25 09:34:00-05:00
784_lower,784,2021-01-21,2021-01-21 10:30:00-05:00,2021-02-18 10:30:00-05:00,lower,13139.545397052181,2021-01-27 14:51:00-05:00
785_upper,785,2021-01-22,2021-01-22 10:30:00-05:00,2021-02-19 10:30:00-05:00,upper,13527.942483189676,2021-01-25 09:34:00-05:00
785_lower,785,2021-01-22,2021-01-22 10:30:00-05:00,2021-02-19 10:30:00-05:00,lower,13179.557516810324,2021-01-27 09:51:00-05:00
786_upper,786,2021-01-25,2021-01-25 10:30:00-05:00,2021-02-22 10:30:00-05:00,upper,13688.795702475387,2021-02-08 10:08:00-05:00
786_lower,786,2021-01-25,2021-01-25 10:30:00-05:00,2021-02-22 10:30:00-05:00,lower,13334.204297524613,2021-01-25 11:03:00-05:00
787_upper,787,2021-01-26,2021-01-26 10:30:00-05:00,2021-02-23 10:30:00-05:00,upper,13679.37719858237,2021-02-07 20:23:00-05:00
787_lower,787,2021-01-26,2021-01-26 10:30:00-05:00,2021-02-23 10:30:00-05:00,lower,13281.87280141763,2021-01-27 09:32:00-05:00
788_upper,788,2021-01-27,2021-01-27 10:30:00-05:00,2021-02-24 10:30:00-05:00,upper,13636.806311409036,2021-02-05 13:17:00-05:00
788_lower,788,2021-01-27,2021-01-27 10:30:00-05:00,2021-02-24 10:30:00-05:00,lower,13033.068688590964,2021-01-27 15:37:00-05:00
789_upper,789,2021-01-28,2021-01-28 10:30:00-05:00,2021-02-25 10:30:00-05:00,upper,13481.905753848854,2021-02-02 13:45:00-05:00
789_lower,789,2021-01-28,2021-01-28 10:30:00-05:00,2021-02-25 10:30:00-05:00,lower,12876.969246151146,2021-01-29 12:45:00-05:00
790_upper,790,2021-01-29,2021-01-29 10:30:00-05:00,2021-02-26 10:30:00-05:00,upper,13378.420181457432,2021-02-02 04:52:00-05:00
790_lower,790,2021-01-29,2021-01-29 10:30:00-05:00,2021-02-26 10:30:00-05:00,lower,12809.579818542568,2021-01-31 18:02:00-05:00
791_upper,791,2021-02-01,2021-02-01 10:30:00-05:00,2021-03-01 10:30:00-05:00,upper,13321.262122402999,2021-02-01 20:23:00-05:00
791_lower,791,2021-02-01,2021-02-01 10:30:00-05:00,2021-03-01 10:30:00-05:00,lower,12767.362877597001,2021-02-23 09:50:00-05:00
792_upper,792,2021-02-02,2021-02-02 10:30:00-05:00,2021-03-02 10:30:00-05:00,upper,13605.373124295926,2021-02-05 00:32:00-05:00
792_lower,792,2021-02-02,2021-02-02 10:30:00-05:00,2021-03-02 10:30:00-05:00,lower,13138.126875704074,2021-02-23 04:13:00-05:00
793_upper,793,2021-02-03,2021-02-03 10:30:00-05:00,2021-03-03 10:30:00-05:00,upper,13758.10878065542,2021-02-10 02:35:00-05:00
793_lower,793,2021-02-03,2021-02-03 10:30:00-05:00,2021-03-03 10:30:00-05:00,lower,13244.01621934458,2021-02-22 15:35:00-05:00
794_upper,794,2021-02-04,2021-02-04 10:30:00-05:00,2021-03-04 10:30:00-05:00,upper,13646.840190149836,2021-02-07 18:01:00-05:00
794_lower,794,2021-02-04,2021-02-04 10:30:00-05:00,2021-03-04 10:30:00-05:00,lower,13238.159809850164,2021-02-22 15:35:00-05:00
795_upper,795,2021-02-05,2021-02-05 10:30:00-05:00,2021-03-05 10:30:00-05:00,upper,13757.696659595818,2021-02-10 02:35:00-05:00
795_lower,795,2021-02-05,2021-02-05 10:30:00-05:00,2021-03-05 10:30:00-05:00,lower,13388.678340404182,2021-02-22 03:30:00-05:00
796_upper,796,2021-02-08,2021-02-08 10:30:00-05:00,2021-03-08 10:30:00-05:00,upper,13830.989566628119,2021-02-14 18:00:00-05:00
796_lower,796,2021-02-08,2021-02-08 10:30:00-05:00,2021-03-08 10:30:00-05:00,lower,13498.135433371881,2021-02-18 10:18:00-05:00
797_upper,797,2021-02-09,2021-02-09 10:30:00-05:00,2021-03-09 10:30:00-05:00,upper,13852.90228910213,2021-02-14 19:20:00-05:00
797_lower,797,2021-02-09,2021-02-09 10:30:00-05:00,2021-03-09 10:30:00-05:00,lower,13479.34771089787,2021-02-18 10:23:00-05:00
798_upper,798,2021-02-10,2021-02-10 10:30:00-05:00,2021-03-10 10:30:00-05:00,upper,13980.42460159996,
798_lower,798,2021-02-10,2021-02-10 10:30:00-05:00,2021-03-10 10:30:00-05:00,lower,13424.45039840004,2021-02-22 02:47:00-05:00
799_upper,799,2021-02-11,2021-02-11 10:30:00-05:00,2021-03-11 10:30:00-05:00,upper,13888.65707742389,2021-02-15 20:21:00-05:00
799_lower,799,2021-02-11,2021-02-11 10:30:00-05:00,2021-03-11 10:30:00-05:00,lower,13538.96792257611,2021-02-18 09:04:00-05:00
800_upper,800,2021-02-12,2021-02-12 10:30:00-05:00,2021-03-12 10:30:00-05:00,upper,13863.442729351453,2021-02-14 20:02:00-05:00
800_lower,800,2021-02-12,2021-02-12 10:30:00-05:00,2021-03-12 10:30:00-05:00,lower,13507.807270648547,2021-02-18 10:07:00-05:00
801_upper,801,2021-02-15,2021-02-15 10:30:00-05:00,2021-03-15 10:30:00-04:00,upper,13991.746888693671,
801_lower,801,2021-02-15,2021-02-15 10:30:00-05:00,2021-03-15 10:30:00-04:00,lower,13714.378111306329,2021-02-16 19:04:00-05:00
802_upper,802,2021-02-16,2021-02-16 10:30:00-05:00,2021-03-16 10:30:00-04:00,upper,14008.466214572745,
802_lower,802,2021-02-16,2021-02-16 10:30:00-05:00,2021-03-16 10:30:00-04:00,lower,13667.283785427255,2021-02-17 08:52:00-05:00
803_upper,803,2021-02-17,2021-02-17 10:30:00-05:00,2021-03-17 10:30:00-04:00,upper,13856.517553109792,
803_lower,803,2021-02-17,2021-02-17 10:30:00-05:00,2021-03-17 10:30:00-04:00,lower,13420.857446890208,2021-02-22 02:47:00-05:00
804_upper,804,2021-02-18,2021-02-18 10:30:00-05:00,2021-03-18 10:30:00-04:00,upper,13754.822785138305,
804_lower,804,2021-02-18,2021-02-18 10:30:00-05:00,2021-03-18 10:30:00-04:00,lower,13316.927214861695,2021-02-22 10:38:00-05:00
805_upper,805,2021-02-19,2021-02-19 10:30:00-05:00,2021-03-19 10:30:00-04:00,upper,13866.517937512665,
805_lower,805,2021-02-19,2021-02-19 10:30:00-05:00,2021-03-19 10:30:00-04:00,lower,13493.982062487335,2021-02-22 02:06:00-05:00
806_upper,806,2021-02-22,2021-02-22 10:30:00-05:00,2021-03-22 10:30:00-04:00,upper,13602.87885360825,
806_lower,806,2021-02-22,2021-02-22 10:30:00-05:00,2021-03-22 10:30:00-04:00,lower,13180.62114639175,2021-02-23 04:03:00-05:00
807_upper,807,2021-02-23,2021-02-23 10:30:00-05:00,2021-03-23 10:30:00-04:00,upper,13294.905916763611,2021-02-24 07:56:00-05:00
807_lower,807,2021-02-23,2021-02-23 10:30:00-05:00,2021-03-23 10:30:00-04:00,lower,12599.719083236389,2021-03-03 18:59:00-05:00
808_upper,808,2021-02-24,2021-02-24 10:30:00-05:00,2021-03-24 10:30:00-04:00,upper,13320.985490724077,2021-02-24 16:12:00-05:00
808_lower,808,2021-02-24,2021-02-24 10:30:00-05:00,2021-03-24 10:30:00-04:00,lower,12792.389509275923,2021-02-25 15:36:00-05:00
809_upper,809,2021-02-25,2021-02-25 10:30:00-05:00,2021-03-25 10:30:00-04:00,upper,13452.656030995673,
809_lower,809,2021-02-25,2021-02-25 10:30:00-05:00,2021-03-25 10:30:00-04:00,lower,12933.843969004327,2021-02-25 12:30:00-05:00
810_upper,810,2021-02-26,2021-02-26 10:30:00-05:00,2021-03-26 10:30:00-04:00,upper,13301.028920567867,2021-03-01 16:11:00-05:00
810_lower,810,2021-02-26,2021-02-26 10:30:00-05:00,2021-03-26 10:30:00-04:00,lower,12543.721079432133,2021-03-03 22:58:00-05:00
811_upper,811,2021-03-01,2021-03-01 10:30:00-05:00,2021-03-29 10:30:00-04:00,upper,13338.034175052984,
811_lower,811,2021-03-01,2021-03-01 10:30:00-05:00,2021-03-29 10:30:00-04:00,lower,12855.840824947016,2021-03-03 10:13:00-05:00
812_upper,812,2021-03-02,2021-03-02 10:30:00-05:00,2021-03-30 10:30:00-04:00,upper,13509.348875986949,
812_lower,812,2021-03-02,2021-03-02 10:30:00-05:00,2021-03-30 10:30:00-04:00,lower,13016.401124013051,2021-03-03 08:34:00-05:00
813_upper,813,2021-03-03,2021-03-03 10:30:00-05:00,2021-03-31 10:30:00-04:00,upper,13285.51222726878,2021-03-16 10:52:00-04:00
813_lower,813,2021-03-03,2021-03-03 10:30:00-05:00,2021-03-31 10:30:00-04:00,lower,12664.61277273122,2021-03-03 16:43:00-05:00
814_upper,814,2021-03-04,2021-03-04 10:30:00-05:00,2021-04-01 10:30:00-04:00,upper,12996.127816601733,2021-03-11 04:19:00-05:00
814_lower,814,2021-03-04,2021-03-04 10:30:00-05:00,2021-04-01 10:30:00-04:00,lower,12304.997183398267,2021-03-04 20:14:00-05:00
815_upper,815,2021-03-05,2021-03-05 10:30:00-05:00,2021-04-05 10:30:00-04:00,upper,12884.42255597324,2021-03-10 08:35:00-05:00
815_lower,815,2021-03-05,2021-03-05 10:30:00-05:00,2021-04-05 10:30:00-04:00,lower,12171.07744402676,
816_upper,816,2021-03-08,2021-03-08 10:30:00-05:00,2021-04-06 10:30:00-04:00,upper,12909.141971053332,2021-03-10 09:05:00-05:00
816_lower,816,2021-03-08,2021-03-08 10:30:00-05:00,2021-04-06 10:30:00-04:00,lower,12345.483028946668,2021-03-08 15:17:00-05:00
817_upper,817,2021-03-09,2021-03-09 10:30:00-05:00,2021-04-07 10:30:00-04:00,upper,12931.270088192054,2021-03-10 09:07:00-05:00
817_lower,817,2021-03-09,2021-03-09 10:30:00-05:00,2021-04-07 10:30:00-04:00,lower,12355.354911807946,
818_upper,818,2021-03-10,2021-03-10 10:30:00-05:00,2021-04-08 10:30:00-04:00,upper,13217.394136701863,2021-03-16 09:56:00-04:00
818_lower,818,2021-03-10,2021-03-10 10:30:00-05:00,2021-04-08 10:30:00-04:00,lower,12634.480863298137,2021-03-25 10:55:00-04:00
819_upper,819,2021-03-11,2021-03-11 10:30:00-05:00,2021-04-09 10:30:00-04:00,upper,13171.475961304095,2021-03-16 09:32:00-04:00
819_lower,819,2021-03-11,2021-03-11 10:30:00-05:00,2021-04-09 10:30:00-04:00,lower,12739.774038695905,2021-03-19 02:01:00-04:00
820_upper,820,2021-03-12,2021-03-12 10:30:00-05:00,2021-04-12 10:30:00-04:00,upper,13090.352101714769,2021-03-15 21:16:00-04:00
820_lower,820,2021-03-12,2021-03-12 10:30:00-05:00,2021-04-12 10:30:00-04:00,lower,12620.522898285231,2021-03-25 11:25:00-04:00
821_upper,821,2021-03-15,2021-03-15 10:30:00-04:00,2021-04-13 10:30:00-04:00,upper,13151.866626470983,2021-03-16 02:55:00-04:00
821_lower,821,2021-03-15,2021-03-15 10:30:00-04:00,2021-04-13 10:30:00-04:00,lower,12727.008373529017,2021-03-19 02:01:00-04:00
822_upper,822,2021-03-16,2021-03-16 10:30:00-04:00,2021-04-14 10:30:00-04:00,upper,13414.803042488398,2021-04-05 08:40:00-04:00
822_lower,822,2021-03-16,2021-03-16 10:30:00-04:00,2021-04-14 10:30:00-04:00,lower,12945.071957511602,2021-03-17 09:39:00-04:00
823_upper,823,2021-03-17,2021-03-17 10:30:00-04:00,2021-04-15 10:30:00-04:00,upper,13243.517401058401,2021-03-17 15:00:00-04:00
823_lower,823,2021-03-17,2021-03-17 10:30:00-04:00,2021-04-15 10:30:00-04:00,lower,12767.107598941599,2021-03-18 15:50:00-04:00
824_upper,824,2021-03-18,2021-03-18 10:30:00-04:00,2021-04-16 10:30:00-04:00,upper,13181.85833179647,2021-04-01 03:24:00-04:00
824_lower,824,2021-03-18,2021-03-18 10:30:00-04:00,2021-04-16 10:30:00-04:00,lower,12766.14166820353,2021-03-18 15:50:00-04:00
825_upper,825,2021-03-19,2021-03-19 10:30:00-04:00,2021-04-19 10:30:00-04:00,upper,13022.717653119242,2021-03-22 10:00:00-04:00
825_lower,825,2021-03-19,2021-03-19 10:30:00-04:00,2021-04-19 10:30:00-04:00,lower,12512.657346880758,
826_upper,826,2021-03-22,2021-03-22 10:30:00-04:00,2021-04-20 10:30:00-04:00,upper,13166.419091002148,2021-03-23 11:18:00-04:00
826_lower,826,2021-03-22,2021-03-22 10:30:00-04:00,2021-04-20 10:30:00-04:00,lower,12741.205908997852,2021-03-25 07:53:00-04:00
827_upper,827,2021-03-23,2021-03-23 10:30:00-04:00,2021-04-21 10:30:00-04:00,upper,13288.100911250203,2021-04-01 09:37:00-04:00
827_lower,827,2021-03-23,2021-03-23 10:30:00-04:00,2021-04-21 10:30:00-04:00,lower,12917.899088749797,2021-03-24 10:17:00-04:00
828_upper,828,2021-03-24,2021-03-24 10:30:00-04:00,2021-04-22 10:30:00-04:00,upper,13279.716633298362,2021-04-01 09:36:00-04:00
828_lower,828,2021-03-24,2021-03-24 10:30:00-04:00,2021-04-22 10:30:00-04:00,lower,12782.533366701638,2021-03-24 18:20:00-04:00
829_upper,829,2021-03-25,2021-03-25 10:30:00-04:00,2021-04-23 10:30:00-04:00,upper,12980.679089774212,2021-03-26 16:01:00-04:00
829_lower,829,2021-03-25,2021-03-25 10:30:00-04:00,2021-04-23 10:30:00-04:00,lower,12499.695910225788,
830_upper,830,2021-03-26,2021-03-26 10:30:00-04:00,2021-04-26 10:30:00-04:00,upper,12983.592330482315,2021-03-26 16:01:00-04:00
830_lower,830,2021-03-26,2021-03-26 10:30:00-04:00,2021-04-26 10:30:00-04:00,lower,12584.407669517685,
831_upper,831,2021-03-29,2021-03-29 10:30:00-04:00,2021-04-27 10:30:00-04:00,upper,13155.76434205634,2021-03-31 15:17:00-04:00
831_lower,831,2021-03-29,2021-03-29 10:30:00-04:00,2021-04-27 10:30:00-04:00,lower,12682.23565794366,
832_upper,832,2021-03-30,2021-03-30 10:30:00-04:00,2021-04-28 10:30:00-04:00,upper,13057.544428571517,2021-03-31 10:00:00-04:00
832_lower,832,2021-03-30,2021-03-30 10:30:00-04:00,2021-04-28 10:30:00-04:00,lower,12648.330571428483,
833_upper,833,2021-03-31,2021-03-31 10:30:00-04:00,2021-04-29 10:30:00-04:00,upper,13228.238630547401,2021-04-01 04:07:00-04:00
833_lower,833,2021-03-31,2021-03-31 10:30:00-04:00,2021-04-29 10:30:00-04:00,lower,12767.136369452599,
834_upper,834,2021-04-01,2021-04-01 10:30:00-04:00,2021-04-30 10:30:00-04:00,upper,13438.997987515359,2021-04-05 09:33:00-04:00
834_lower,834,2021-04-01,2021-04-01 10:30:00-04:00,2021-04-30 10:30:00-04:00,lower,13094.502012484641,
835_upper,835,2021-04-05,2021-04-05 10:30:00-04:00,2021-05-03 10:30:00-04:00,upper,13629.248871372893,2021-04-06 11:12:00-04:00
835_lower,835,2021-04-05,2021-04-05 10:30:00-04:00,2021-05-03 10:30:00-04:00,lower,13253.126128627107,
836_upper,836,2021-04-06,2021-04-06 10:30:00-04:00,2021-05-04 10:30:00-04:00,upper,13739.329262634976,2021-04-08 06:27:00-04:00
836_lower,836,2021-04-06,2021-04-06 10:30:00-04:00,2021-05-04 10:30:00-04:00,lower,13404.170737365024,
837_upper,837,2021-04-07,2021-04-07 10:30:00-04:00,2021-05-05 10:30:00-04:00,upper,13752.062079921416,2021-04-08 09:57:00-04:00
837_lower,837,2021-04-07,2021-04-07 10:30:00-04:00,2021-05-05 10:30:00-04:00,lower,13366.937920078584,
838_upper,838,2021-04-08,2021-04-08 10:30:00-04:00,2021-05-06 10:30:00-04:00,upper,13883.3727833234,2021-04-13 08:45:00-04:00
838_lower,838,2021-04-08,2021-04-08 10:30:00-04:00,2021-05-06 10:30:00-04:00,lower,13566.3772166766,2021-05-04 09:52:00-04:00
839_upper,839,2021-04-09,2021-04-09 10:30:00-04:00,2021-05-07 10:30:00-04:00,upper,13873.479850750839,2021-04-13 08:39:00-04:00
839_lower,839,2021-04-09,2021-04-09 10:30:00-04:00,2021-05-07 10:30:00-04:00,lower,13518.645149249161,2021-05-04 10:01:00-04:00
840_upper,840,2021-04-12,2021-04-12 10:30:00-04:00,2021-05-10 10:30:00-04:00,upper,13940.822384174495,2021-04-13 09:48:00-04:00
840_lower,840,2021-04-12,2021-04-12 10:30:00-04:00,2021-05-10 10:30:00-04:00,lower,13619.677615825505,2021-05-04 09:40:00-04:00
841_upper,841,2021-04-13,2021-04-13 10:30:00-04:00,2021-05-11 10:30:00-04:00,upper,14061.127568847576,2021-04-29 08:53:00-04:00
841_lower,841,2021-04-13,2021-04-13 10:30:00-04:00,2021-05-11 10:30:00-04:00,lower,13723.872431152424,2021-04-20 11:35:00-04:00
842_upper,842,2021-04-14,2021-04-14 10:30:00-04:00,2021-05-12 10:30:00-04:00,upper,14127.846938223502,
842_lower,842,2021-04-14,2021-04-14 10:30:00-04:00,2021-05-12 10:30:00-04:00,lower,13807.528061776498,2021-04-14 14:06:00-04:00
843_upper,843,2021-04-15,2021-04-15 10:30:00-04:00,2021-05-13 10:30:00-04:00,upper,14104.90839681168,
843_lower,843,2021-04-15,2021-04-15 10:30:00-04:00,2021-05-13 10:30:00-04:00,lower,13782.34160318832,2021-04-20 11:16:00-04:00
844_upper,844,2021-04-16,2021-04-16 10:30:00-04:00,2021-05-14 10:30:00-04:00,upper,14185.330527521714,
844_lower,844,2021-04-16,2021-04-16 10:30:00-04:00,2021-05-14 10:30:00-04:00,lower,13849.669472478286,2021-04-19 12:06:00-04:00
845_upper,845,2021-04-19,2021-04-19 10:30:00-04:00,2021-05-17 10:30:00-04:00,upper,14147.391104352253,
845_lower,845,2021-04-19,2021-04-19 10:30:00-04:00,2021-05-17 10:30:00-04:00,lower,13769.233895647747,2021-04-20 11:16:00-04:00
846_upper,846,2021-04-20,2021-04-20 10:30:00-04:00,2021-05-18 10:30:00-04:00,upper,14049.651374404322,2021-04-27 01:51:00-04:00
846_lower,846,2021-04-20,2021-04-20 10:30:00-04:00,2021-05-18 10:30:00-04:00,lower,13715.223625595678,2021-04-20 22:01:00-04:00
847_upper,847,2021-04-21,2021-04-21 10:30:00-04:00,2021-05-19 10:30:00-04:00,upper,13960.89952263272,2021-04-23 13:37:00-04:00
847_lower,847,2021-04-21,2021-04-21 10:30:00-04:00,2021-05-19 10:30:00-04:00,lower,13547.10047736728,2021-05-04 09:57:00-04:00
848_upper,848,2021-04-22,2021-04-22 10:30:00-04:00,2021-05-20 10:30:00-04:00,upper,14051.393956724412,2021-04-29 08:44:00-04:00
848_lower,848,2021-04-22,2021-04-22 10:30:00-04:00,2021-05-20 10:30:00-04:00,lower,13737.106043275588,2021-04-22 13:53:00-04:00
849_upper,849,2021-04-23,2021-04-23 10:30:00-04:00,2021-05-21 10:30:00-04:00,upper,13967.67568906029,2021-04-23 14:55:00-04:00
849_lower,849,2021-04-23,2021-04-23 10:30:00-04:00,2021-05-21 10:30:00-04:00,lower,13623.32431093971,2021-05-04 09:33:00-04:00
850_upper,850,2021-04-26,2021-04-26 10:30:00-04:00,2021-05-24 10:30:00-04:00,upper,14089.195250888008,
850_lower,850,2021-04-26,2021-04-26 10:30:00-04:00,2021-05-24 10:30:00-04:00,lower,13779.054749111992,2021-05-03 11:26:00-04:00
851_upper,851,2021-04-27,2021-04-27 10:30:00-04:00,2021-05-25 10:30:00-04:00,upper,14197.12758231003,
851_lower,851,2021-04-27,2021-04-27 10:30:00-04:00,2021-05-25 10:30:00-04:00,lower,13804.24741768997,2021-05-03 11:11:00-04:00
852_upper,852,2021-04-28,2021-04-28 10:30:00-04:00,2021-05-26 10:30:00-04:00,upper,14117.013395250697,
852_lower,852,2021-04-28,2021-04-28 10:30:00-04:00,2021-05-26 10:30:00-04:00,lower,13755.986604749303,2021-05-03 20:20:00-04:00
853_upper,853,2021-04-29,2021-04-29 10:30:00-04:00,2021-05-27 10:30:00-04:00,upper,14228.867662360486,
853_lower,853,2021-04-29,2021-04-29 10:30:00-04:00,2021-05-27 10:30:00-04:00,lower,13804.257337639514,2021-05-03 11:11:00-04:00
854_upper,854,2021-04-30,2021-04-30 10:30:00-04:00,2021-05-28 10:30:00-04:00,upper,14061.031058911803,
854_lower,854,2021-04-30,2021-04-30 10:30:00-04:00,2021-05-28 10:30:00-04:00,lower,13686.343941088197,2021-05-04 07:40:00-04:00
855_upper,855,2021-05-03,2021-05-03 10:30:00-04:00,2021-05-31 10:30:00-04:00,upper,14089.20802103516,
855_lower,855,2021-05-03,2021-05-03 10:30:00-04:00,2021-05-31 10:30:00-04:00,lower,13725.04197896484,2021-05-03 21:22:00-04:00
856_upper,856,2021-05-04,2021-05-04 10:30:00-04:00,2021-06-01 10:30:00-04:00,upper,13901.6139598216,
856_lower,856,2021-05-04,2021-05-04 10:30:00-04:00,2021-06-01 10:30:00-04:00,lower,13376.3860401784,2021-05-10 14:30:00-04:00
857_upper,857,2021-05-05,2021-05-05 10:30:00-04:00,2021-06-02 10:30:00-04:00,upper,13837.65653320817,
857_lower,857,2021-05-05,2021-05-05 10:30:00-04:00,2021-06-02 10:30:00-04:00,lower,13388.96846679183,2021-05-06 10:21:00-04:00
858_upper,858,2021-05-06,2021-05-06 10:30:00-04:00,2021-06-03 10:30:00-04:00,upper,13677.48205119757,2021-05-07 08:30:00-04:00
858_lower,858,2021-05-06,2021-05-06 10:30:00-04:00,2021-06-03 10:30:00-04:00,lower,13256.14294880243,2021-05-10 20:54:00-04:00
859_upper,859,2021-05-07,2021-05-07 10:30:00-04:00,2021-06-04 10:30:00-04:00,upper,13955.321492491235,
859_lower,859,2021-05-07,2021-05-07 10:30:00-04:00,2021-06-04 10:30:00-04:00,lower,13495.178507508765,2021-05-10 10:30:00-04:00
860_upper,860,2021-05-10,2021-05-10 10:30:00-04:00,2021-06-07 10:30:00-04:00,upper,13842.725377510516,
860_lower,860,2021-05-10,2021-05-10 10:30:00-04:00,2021-06-07 10:30:00-04:00,lower,13382.524622489484,2021-05-10 14:29:00-04:00
861_upper,861,2021-05-11,2021-05-11 10:30:00-04:00,2021-06-08 10:30:00-04:00,upper,13414.780365805549,2021-05-14 14:47:00-04:00
861_lower,861,2021-05-11,2021-05-11 10:30:00-04:00,2021-06-08 10:30:00-04:00,lower,12880.344634194451,
862_upper,862,2021-05-12,2021-05-12 10:30:00-04:00,2021-06-09 10:30:00-04:00,upper,13378.42608889639,2021-05-14 14:14:00-04:00
862_lower,862,2021-05-12,2021-05-12 10:30:00-04:00,2021-06-09 10:30:00-04:00,lower,12917.82391110361,2021-05-13 04:50:00-04:00
863_upper,863,2021-05-13,2021-05-13 10:30:00-04:00,2021-06-10 10:30:00-04:00,upper,13379.762497950804,2021-05-14 14:14:00-04:00
863_lower,863,2021-05-13,2021-05-13 10:30:00-04:00,2021-06-10 10:30:00-04:00,lower,12891.487502049196,
864_upper,864,2021-05-14,2021-05-14 10:30:00-04:00,2021-06-11 10:30:00-04:00,upper,13456.057893860834,2021-05-20 11:26:00-04:00
864_lower,864,2021-05-14,2021-05-14 10:30:00-04:00,2021-06-11 10:30:00-04:00,lower,13034.817106139166,2021-05-19 04:46:00-04:00
865_upper,865,2021-05-17,2021-05-17 10:30:00-04:00,2021-06-14 10:30:00-04:00,upper,13496.240030034744,2021-05-20 11:48:00-04:00
865_lower,865,2021-05-17,2021-05-17 10:30:00-04:00,2021-06-14 10:30:00-04:00,lower,13107.509969965256,2021-05-19 02:35:00-04:00
866_upper,866,2021-05-18,2021-05-18 10:30:00-04:00,2021-06-15 10:30:00-04:00,upper,13529.45241693105,2021-05-20 20:09:00-04:00
866_lower,866,2021-05-18,2021-05-18 10:30:00-04:00,2021-06-15 10:30:00-04:00,lower,13159.67258306895,2021-05-18 20:07:00-04:00
867_upper,867,2021-05-19,2021-05-19 10:30:00-04:00,2021-06-16 10:30:00-04:00,upper,13224.132025371935,2021-05-19 14:23:00-04:00
867_lower,867,2021-05-19,2021-05-19 10:30:00-04:00,2021-06-16 10:30:00-04:00,lower,12794.492974628065,
868_upper,868,2021-05-20,2021-05-20 10:30:00-04:00,2021-06-17 10:30:00-04:00,upper,13556.392993626328,2021-05-21 09:28:00-04:00
868_lower,868,2021-05-20,2021-05-20 10:30:00-04:00,2021-06-17 10:30:00-04:00,lower,13089.857006373672,
869_upper,869,2021-05-21,2021-05-21 10:30:00-04:00,2021-06-18 10:30:00-04:00,upper,13721.457519968146,2021-05-25 02:14:00-04:00
869_lower,869,2021-05-21,2021-05-21 10:30:00-04:00,2021-06-18 10:30:00-04:00,lower,13353.292480031854,
870_upper,870,2021-05-24,2021-05-24 10:30:00-04:00,2021-06-21 10:30:00-04:00,upper,13760.993648234806,2021-05-28 12:06:00-04:00
870_lower,870,2021-05-24,2021-05-24 10:30:00-04:00,2021-06-21 10:30:00-04:00,lower,13314.631351765194,
871_upper,871,2021-05-25,2021-05-25 10:30:00-04:00,2021-06-22 10:30:00-04:00,upper,13867.900638054682,2021-06-08 07:42:00-04:00
871_lower,871,2021-05-25,2021-05-25 10:30:00-04:00,2021-06-22 10:30:00-04:00,lower,13521.849361945318,2021-06-03 07:46:00-04:00
872_upper,872,2021-05-26,2021-05-26 10:30:00-04:00,2021-06-23 10:30:00-04:00,upper,13833.96022555264,2021-06-07 19:24:00-04:00
872_lower,872,2021-05-26,2021-05-26 10:30:00-04:00,2021-06-23 10:30:00-04:00,lower,13534.16477444736,2021-06-03 07:46:00-04:00
873_upper,873,2021-05-27,2021-05-27 10:30:00-04:00,2021-06-24 10:30:00-04:00,upper,13833.048159451191,2021-06-07 19:24:00-04:00
873_lower,873,2021-05-27,2021-05-27 10:30:00-04:00,2021-06-24 10:30:00-04:00,lower,13528.076840548809,2021-06-03 07:46:00-04:00
874_upper,874,2021-05-28,2021-05-28 10:30:00-04:00,2021-06-25 10:30:00-04:00,upper,13847.842845952984,2021-06-07 21:01:00-04:00
874_lower,874,2021-05-28,2021-05-28 10:30:00-04:00,2021-06-25 10:30:00-04:00,lower,13572.782154047016,2021-06-03 06:58:00-04:00
875_upper,875,2021-05-31,2021-05-31 10:30:00-04:00,2021-06-28 10:30:00-04:00,upper,13786.706715954968,2021-06-07 15:09:00-04:00
875_lower,875,2021-05-31,2021-05-31 10:30:00-04:00,2021-06-28 10:30:00-04:00,lower,13562.918284045032,2021-06-03 07:02:00-04:00
876_upper,876,2021-06-01,2021-06-01 10:30:00-04:00,2021-06-29 10:30:00-04:00,upper,13935.08558585964,2021-06-10 09:46:00-04:00
876_lower,876,2021-06-01,2021-06-01 10:30:00-04:00,2021-06-29 10:30:00-04:00,lower,13518.03941414036,2021-06-03 08:04:00-04:00
877_upper,877,2021-06-02,2021-06-02 10:30:00-04:00,2021-06-30 10:30:00-04:00,upper,13822.413257335193,2021-06-07 16:51:00-04:00
877_lower,877,2021-06-02,2021-06-02 10:30:00-04:00,2021-06-30 10:30:00-04:00,lower,13524.711742664807,2021-06-03 07:46:00-04:00
878_upper,878,2021-06-03,2021-06-03 10:30:00-04:00,2021-07-01 10:30:00-04:00,upper,13718.091853387603,2021-06-04 10:01:00-04:00
878_lower,878,2021-06-03,2021-06-03 10:30:00-04:00,2021-07-01 10:30:00-04:00,lower,13353.408146612397,
879_upper,879,2021-06-04,2021-06-04 10:30:00-04:00,2021-07-02 10:30:00-04:00,upper,13861.83358656822,2021-06-07 21:13:00-04:00
879_lower,879,2021-06-04,2021-06-04 10:30:00-04:00,2021-07-02 10:30:00-04:00,lower,13426.29141343178,
880_upper,880,2021-06-07,2021-06-07 10:30:00-04:00,2021-07-05 10:30:00-04:00,upper,13876.402438307223,2021-06-08 07:53:00-04:00
880_lower,880,2021-06-07,2021-06-07 10:30:00-04:00,2021-07-05 10:30:00-04:00,lower,13600.347561692777,
881_upper,881,2021-06-08,2021-06-08 10:30:00-04:00,2021-07-06 10:30:00-04:00,upper,14047.020903090288,2021-06-14 12:09:00-04:00
881_lower,881,2021-06-08,2021-06-08 10:30:00-04:00,2021-07-06 10:30:00-04:00,lower,13700.979096909712,
882_upper,882,2021-06-09,2021-06-09 10:30:00-04:00,2021-07-07 10:30:00-04:00,upper,14029.2275428399,2021-06-14 06:38:00-04:00
882_lower,882,2021-06-09,2021-06-09 10:30:00-04:00,2021-07-07 10:30:00-04:00,lower,13706.5224571601,
883_upper,883,2021-06-10,2021-06-10 10:30:00-04:00,2021-07-08 10:30:00-04:00,upper,14078.729232540587,2021-06-14 15:47:00-04:00
883_lower,883,2021-06-10,2021-06-10 10:30:00-04:00,2021-07-08 10:30:00-04:00,lower,13640.270767459413,
884_upper,884,2021-06-11,2021-06-11 10:30:00-04:00,2021-07-09 10:30:00-04:00,upper,14088.939740383306,2021-06-14 15:52:00-04:00
884_lower,884,2021-06-11,2021-06-11 10:30:00-04:00,2021-07-09 10:30:00-04:00,lower,13834.435259616694,2021-06-16 14:45:00-04:00
885_upper,885,2021-06-14,2021-06-14 10:30:00-04:00,2021-07-12 10:30:00-04:00,upper,14152.666148882203,2021-06-14 21:15:00-04:00
885_lower,885,2021-06-14,2021-06-14 10:30:00-04:00,2021-07-12 10:30:00-04:00,lower,13852.083851117797,2021-06-16 14:43:00-04:00
886_upper,886,2021-06-15,2021-06-15 10:30:00-04:00,2021-07-13 10:30:00-04:00,upper,14245.439120997795,2021-06-22 15:06:00-04:00
886_lower,886,2021-06-15,2021-06-15 10:30:00-04:00,2021-07-13 10:30:00-04:00,lower,13953.560879002205,2021-06-16 14:00:00-04:00
887_upper,887,2021-06-16,2021-06-16 10:30:00-04:00,2021-07-14 10:30:00-04:00,upper,14199.654863564487,2021-06-17 21:45:00-04:00
887_lower,887,2021-06-16,2021-06-16 10:30:00-04:00,2021-07-14 10:30:00-04:00,lower,13919.720136435513,2021-06-16 14:01:00-04:00
888_upper,888,2021-06-17,2021-06-17 10:30:00-04:00,2021-07-15 10:30:00-04:00,upper,14212.35659944535,2021-06-22 11:26:00-04:00
888_lower,888,2021-06-17,2021-06-17 10:30:00-04:00,2021-07-15 10:30:00-04:00,lower,13742.51840055465,
889_upper,889,2021-06-18,2021-06-18 10:30:00-04:00,2021-07-16 10:30:00-04:00,upper,14246.563804521933,2021-06-22 15:07:00-04:00
889_lower,889,2021-06-18,2021-06-18 10:30:00-04:00,2021-07-16 10:30:00-04:00,lower,13921.936195478067,
890_upper,890,2021-06-21,2021-06-21 10:30:00-04:00,2021-07-19 10:30:00-04:00,upper,14234.342966747847,2021-06-22 14:56:00-04:00
890_lower,890,2021-06-21,2021-06-21 10:30:00-04:00,2021-07-19 10:30:00-04:00,lower,13836.532033252153,
891_upper,891,2021-06-22,2021-06-22 10:30:00-04:00,2021-07-20 10:30:00-04:00,upper,14282.770750377364,2021-06-22 20:10:00-04:00
891_lower,891,2021-06-22,2021-06-22 10:30:00-04:00,2021-07-20 10:30:00-04:00,lower,13979.354249622636,
892_upper,892,2021-06-23,2021-06-23 10:30:00-04:00,2021-07-21 10:30:00-04:00,upper,14414.271197003449,2021-06-24 12:13:00-04:00
892_lower,892,2021-06-23,2021-06-23 10:30:00-04:00,2021-07-21 10:30:00-04:00,lower,14128.603802996551,
893_upper,893,2021-06-24,2021-06-24 10:30:00-04:00,2021-07-22 10:30:00-04:00,upper,14504.101715677834,2021-06-28 14:59:00-04:00
893_lower,893,2021-06-24,2021-06-24 10:30:00-04:00,2021-07-22 10:30:00-04:00,lower,14220.148284322166,
894_upper,894,2021-06-25,2021-06-25 10:30:00-04:00,2021-07-23 10:30:00-04:00,upper,14518.83836334389,2021-06-28 15:51:00-04:00
894_lower,894,2021-06-25,2021-06-25 10:30:00-04:00,2021-07-23 10:30:00-04:00,lower,14212.53663665611,
895_upper,895,2021-06-28,2021-06-28 10:30:00-04:00,2021-07-26 10:30:00-04:00,upper,14577.306790993225,2021-06-29 16:05:00-04:00
895_lower,895,2021-06-28,2021-06-28 10:30:00-04:00,2021-07-26 10:30:00-04:00,lower,14253.068209006775,
896_upper,896,2021-06-29,2021-06-29 10:30:00-04:00,2021-07-27 10:30:00-04:00,upper,14643.198381504113,2021-07-02 09:01:00-04:00
896_lower,896,2021-06-29,2021-06-29 10:30:00-04:00,2021-07-27 10:30:00-04:00,lower,14362.551618495887,
897_upper,897,2021-06-30,2021-06-30 10:30:00-04:00,2021-07-28 10:30:00-04:00,upper,14691.405258742223,2021-07-02 13:00:00-04:00
897_lower,897,2021-06-30,2021-06-30 10:30:00-04:00,2021-07-28 10:30:00-04:00,lower,14413.469741257777,
898_upper,898,2021-07-01,2021-07-01 10:30:00-04:00,2021-07-29 10:30:00-04:00,upper,14679.321042058291,2021-07-02 12:45:00-04:00
898_lower,898,2021-07-01,2021-07-01 10:30:00-04:00,2021-07-29 10:30:00-04:00,lower,14387.428957941709,
899_upper,899,2021-07-02,2021-07-02 10:30:00-04:00,2021-07-30 10:30:00-04:00,upper,14769.97071956765,2021-07-06 09:32:00-04:00
899_lower,899,2021-07-02,2021-07-02 10:30:00-04:00,2021-07-30 10:30:00-04:00,lower,14501.27928043235,2021-07-19 09:33:00-04:00
900_upper,900,2021-07-05,2021-07-05 10:30:00-04:00,2021-08-02 10:30:00-04:00,upper,14806.114928665245,2021-07-07 03:06:00-04:00
900_lower,900,2021-07-05,2021-07-05 10:30:00-04:00,2021-08-02 10:30:00-04:00,lower,14596.385071334755,2021-07-08 06:15:00-04:00
901_upper,901,2021-07-06,2021-07-06 10:30:00-04:00,2021-08-03 10:30:00-04:00,upper,14887.391992382349,2021-07-12 09:32:00-04:00
901_lower,901,2021-07-06,2021-07-06 10:30:00-04:00,2021-08-03 10:30:00-04:00,lower,14617.108007617651,2021-07-08 05:22:00-04:00
902_upper,902,2021-07-07,2021-07-07 10:30:00-04:00,2021-08-04 10:30:00-04:00,upper,15034.330091202091,2021-07-23 11:17:00-04:00
902_lower,902,2021-07-07,2021-07-07 10:30:00-04:00,2021-08-04 10:30:00-04:00,lower,14671.044908797909,2021-07-08 03:46:00-04:00
903_upper,903,2021-07-08,2021-07-08 10:30:00-04:00,2021-08-05 10:30:00-04:00,upper,14789.794842452957,2021-07-09 11:23:00-04:00
903_lower,903,2021-07-08,2021-07-08 10:30:00-04:00,2021-08-05 10:30:00-04:00,lower,14403.205157547043,
904_upper,904,2021-07-09,2021-07-09 10:30:00-04:00,2021-08-06 10:30:00-04:00,upper,14868.276518067436,2021-07-12 08:20:00-04:00
904_lower,904,2021-07-09,2021-07-09 10:30:00-04:00,2021-08-06 10:30:00-04:00,lower,14526.598481932564,2021-07-19 07:44:00-04:00
905_upper,905,2021-07-12,2021-07-12 10:30:00-04:00,2021-08-09 10:30:00-04:00,upper,15031.297560257437,2021-07-23 11:16:00-04:00
905_lower,905,2021-07-12,2021-07-12 10:30:00-04:00,2021-08-09 10:30:00-04:00,lower,14684.827439742563,2021-07-16 15:04:00-04:00
906_upper,906,2021-07-13,2021-07-13 10:30:00-04:00,2021-08-10 10:30:00-04:00,upper,15063.460081295536,2021-07-23 11:30:00-04:00
906_lower,906,2021-07-13,2021-07-13 10:30:00-04:00,2021-08-10 10:30:00-04:00,lower,14690.039918704464,2021-07-16 15:03:00-04:00
907_upper,907,2021-07-14,2021-07-14 10:30:00-04:00,2021-08-11 10:30:00-04:00,upper,15120.247136821468,2021-07-25 19:21:00-04:00
907_lower,907,2021-07-14,2021-07-14 10:30:00-04:00,2021-08-11 10:30:00-04:00,lower,14814.252863178532,2021-07-15 09:38:00-04:00
908_upper,908,2021-07-15,2021-07-15 10:30:00-04:00,2021-08-12 10:30:00-04:00,upper,15057.337714992897,2021-07-23 11:28:00-04:00
908_lower,908,2021-07-15,2021-07-15 10:30:00-04:00,2021-08-12 10:30:00-04:00,lower,14679.662285007103,2021-07-16 15:30:00-04:00
909_upper,909,2021-07-16,2021-07-16 10:30:00-04:00,2021-08-13 10:30:00-04:00,upper,15016.540561816731,2021-07-23 10:38:00-04:00
909_lower,909,2021-07-16,2021-07-16 10:30:00-04:00,2021-08-13 10:30:00-04:00,lower,14617.459438183269,2021-07-18 19:34:00-04:00
910_upper,910,2021-07-19,2021-07-19 10:30:00-04:00,2021-08-16 10:30:00-04:00,upper,14714.46651690565,2021-07-20 12:03:00-04:00
910_lower,910,2021-07-19,2021-07-19 10:30:00-04:00,2021-08-16 10:30:00-04:00,lower,14329.15848309435,
911_upper,911,2021-07-20,2021-07-20 10:30:00-04:00,2021-08-17 10:30:00-04:00,upper,14771.784594911325,2021-07-20 15:14:00-04:00
911_lower,911,2021-07-20,2021-07-20 10:30:00-04:00,2021-08-17 10:30:00-04:00,lower,14385.840405088675,
912_upper,912,2021-07-21,2021-07-21 10:30:00-04:00,2021-08-18 10:30:00-04:00,upper,14882.366829089071,2021-07-22 09:42:00-04:00
912_lower,912,2021-07-21,2021-07-21 10:30:00-04:00,2021-08-18 10:30:00-04:00,lower,14549.633170910929,
913_upper,913,2021-07-22,2021-07-22 10:30:00-04:00,2021-08-19 10:30:00-04:00,upper,15012.191094334647,2021-07-23 05:39:00-04:00
913_lower,913,2021-07-22,2021-07-22 10:30:00-04:00,2021-08-19 10:30:00-04:00,lower,14701.808905665353,
914_upper,914,2021-07-23,2021-07-23 10:30:00-04:00,2021-08-20 10:30:00-04:00,upper,15131.453675077988,2021-07-26 12:00:00-04:00
914_lower,914,2021-07-23,2021-07-23 10:30:00-04:00,2021-08-20 10:30:00-04:00,lower,14823.796324922012,2021-07-27 11:40:00-04:00
915_upper,915,2021-07-26,2021-07-26 10:30:00-04:00,2021-08-23 10:30:00-04:00,upper,15232.254106256114,2021-08-23 10:05:00-04:00
915_lower,915,2021-07-26,2021-07-26 10:30:00-04:00,2021-08-23 10:30:00-04:00,lower,14921.995893743886,2021-07-27 10:36:00-04:00
916_upper,916,2021-07-27,2021-07-27 10:30:00-04:00,2021-08-24 10:30:00-04:00,upper,15289.39310793389,2021-08-23 11:38:00-04:00
916_lower,916,2021-07-27,2021-07-27 10:30:00-04:00,2021-08-24 10:30:00-04:00,lower,14844.98189206611,2021-07-27 11:33:00-04:00
917_upper,917,2021-07-28,2021-07-28 10:30:00-04:00,2021-08-25 10:30:00-04:00,upper,15231.995335497882,2021-08-23 10:05:00-04:00
917_lower,917,2021-07-28,2021-07-28 10:30:00-04:00,2021-08-25 10:30:00-04:00,lower,14749.254664502118,2021-08-19 02:58:00-04:00
918_upper,918,2021-07-29,2021-07-29 10:30:00-04:00,2021-08-26 10:30:00-04:00,upper,15187.89513475225,2021-08-23 09:40:00-04:00
918_lower,918,2021-07-29,2021-07-29 10:30:00-04:00,2021-08-26 10:30:00-04:00,lower,14826.22986524775,2021-07-29 20:47:00-04:00
919_upper,919,2021-07-30,2021-07-30 10:30:00-04:00,2021-08-27 10:30:00-04:00,upper,15086.052130476923,2021-08-04 13:07:00-04:00
919_lower,919,2021-07-30,2021-07-30 10:30:00-04:00,2021-08-27 10:30:00-04:00,lower,14705.947869523077,
920_upper,920,2021-08-02,2021-08-02 10:30:00-04:00,2021-08-30 10:30:00-04:00,upper,15197.874867911843,2021-08-23 09:50:00-04:00
920_lower,920,2021-08-02,2021-08-02 10:30:00-04:00,2021-08-30 10:30:00-04:00,lower,14820.000132088157,2021-08-18 16:36:00-04:00
921_upper,921,2021-08-03,2021-08-03 10:30:00-04:00,2021-08-31 10:30:00-04:00,upper,15181.544929361196,2021-08-23 09:37:00-04:00
921_lower,921,2021-08-03,2021-08-03 10:30:00-04:00,2021-08-31 10:30:00-04:00,lower,14740.080070638804,2021-08-19 02:58:00-04:00
922_upper,922,2021-08-04,2021-08-04 10:30:00-04:00,2021-09-01 10:30:00-04:00,upper,15196.921396699883,2021-08-23 09:46:00-04:00
922_lower,922,2021-08-04,2021-08-04 10:30:00-04:00,2021-09-01 10:30:00-04:00,lower,14883.328603300117,2021-08-18 15:50:00-04:00
923_upper,923,2021-08-05,2021-08-05 10:30:00-04:00,2021-09-02 10:30:00-04:00,upper,15254.456183601553,2021-08-23 10:33:00-04:00
923_lower,923,2021-08-05,2021-08-05 10:30:00-04:00,2021-09-02 10:30:00-04:00,lower,14950.043816398447,2021-08-12 09:45:00-04:00
924_upper,924,2021-08-06,2021-08-06 10:30:00-04:00,2021-09-03 10:30:00-04:00,upper,15261.229418408118,2021-08-23 10:39:00-04:00
924_lower,924,2021-08-06,2021-08-06 10:30:00-04:00,2021-09-03 10:30:00-04:00,lower,14970.770581591882,2021-08-11 11:16:00-04:00
925_upper,925,2021-08-09,2021-08-09 10:30:00-04:00,2021-09-06 10:30:00-04:00,upper,15262.95242265171,2021-08-23 10:39:00-04:00
925_lower,925,2021-08-09,2021-08-09 10:30:00-04:00,2021-09-06 10:30:00-04:00,lower,14956.42257734829,2021-08-12 09:36:00-04:00
926_upper,926,2021-08-10,2021-08-10 10:30:00-04:00,2021-09-07 10:30:00-04:00,upper,15293.903329759056,2021-08-23 11:39:00-04:00
926_lower,926,2021-08-10,2021-08-10 10:30:00-04:00,2021-09-07 10:30:00-04:00,lower,14966.471670240944,2021-08-11 11:16:00-04:00
927_upper,927,2021-08-11,2021-08-11 10:30:00-04:00,2021-09-08 10:30:00-04:00,upper,15257.021402190428,2021-08-23 10:34:00-04:00
927_lower,927,2021-08-11,2021-08-11 10:30:00-04:00,2021-09-08 10:30:00-04:00,lower,14917.228597809572,2021-08-17 12:42:00-04:00
928_upper,928,2021-08-12,2021-08-12 10:30:00-04:00,2021-09-09 10:30:00-04:00,upper,15160.25267047382,2021-08-23 09:32:00-04:00
928_lower,928,2021-08-12,2021-08-12 10:30:00-04:00,2021-09-09 10:30:00-04:00,lower,14823.87232952618,2021-08-18 16:36:00-04:00
929_upper,929,2021-08-13,2021-08-13 10:30:00-04:00,2021-09-10 10:30:00-04:00,upper,15251.625263467939,2021-08-23 10:25:00-04:00
929_lower,929,2021-08-13,2021-08-13 10:30:00-04:00,2021-09-10 10:30:00-04:00,lower,14942.374736532061,2021-08-16 10:28:00-04:00
930_upper,930,2021-08-16,2021-08-16 10:30:00-04:00,2021-09-13 10:30:00-04:00,upper,15287.704974373686,2021-08-23 11:37:00-04:00
930_lower,930,2021-08-16,2021-08-16 10:30:00-04:00,2021-09-13 10:30:00-04:00,lower,14806.795025626314,2021-08-18 16:37:00-04:00
931_upper,931,2021-08-17,2021-08-17 10:30:00-04:00,2021-09-14 10:30:00-04:00,upper,15173.50598711105,2021-08-23 09:37:00-04:00
931_lower,931,2021-08-17,2021-08-17 10:30:00-04:00,2021-09-14 10:30:00-04:00,lower,14838.74401288895,2021-08-18 16:12:00-04:00
932_upper,932,2021-08-18,2021-08-18 10:30:00-04:00,2021-09-15 10:30:00-04:00,upper,15153.221444576327,2021-08-23 01:11:00-04:00
932_lower,932,2021-08-18,2021-08-18 10:30:00-04:00,2021-09-15 10:30:00-04:00,lower,14826.653555423673,2021-08-18 16:22:00-04:00
933_upper,933,2021-08-19,2021-08-19 10:30:00-04:00,2021-09-16 10:30:00-04:00,upper,15017.266824294666,2021-08-20 09:46:00-04:00
933_lower,933,2021-08-19,2021-08-19 10:30:00-04:00,2021-09-16 10:30:00-04:00,lower,14582.108175705334,
934_upper,934,2021-08-20,2021-08-20 10:30:00-04:00,2021-09-17 10:30:00-04:00,upper,15221.656553095427,2021-08-23 10:02:00-04:00
934_lower,934,2021-08-20,2021-08-20 10:30:00-04:00,2021-09-17 10:30:00-04:00,lower,14777.093446904573,
935_upper,935,2021-08-23,2021-08-23 10:30:00-04:00,2021-09-20 10:30:00-04:00,upper,15364.265950275054,2021-08-24 02:36:00-04:00
935_lower,935,2021-08-23,2021-08-23 10:30:00-04:00,2021-09-20 10:30:00-04:00,lower,14952.109049724946,
936_upper,936,2021-08-24,2021-08-24 10:30:00-04:00,2021-09-21 10:30:00-04:00,upper,15484.655610356942,2021-08-30 09:33:00-04:00
936_lower,936,2021-08-24,2021-08-24 10:30:00-04:00,2021-09-21 10:30:00-04:00,lower,15190.469389643058,2021-09-20 02:44:00-04:00
937_upper,937,2021-08-25,2021-08-25 10:30:00-04:00,2021-09-22 10:30:00-04:00,upper,15507.01804512092,2021-08-30 09:38:00-04:00
937_lower,937,2021-08-25,2021-08-25 10:30:00-04:00,2021-09-22 10:30:00-04:00,lower,15233.73195487908,2021-09-19 22:46:00-04:00
938_upper,938,2021-08-26,2021-08-26 10:30:00-04:00,2021-09-23 10:30:00-04:00,upper,15501.215600059822,2021-08-30 09:37:00-04:00
938_lower,938,2021-08-26,2021-08-26 10:30:00-04:00,2021-09-23 10:30:00-04:00,lower,15150.909399940178,2021-09-20 05:25:00-04:00
939_upper,939,2021-08-27,2021-08-27 10:30:00-04:00,2021-09-24 10:30:00-04:00,upper,15552.237212514417,2021-08-30 10:06:00-04:00
939_lower,939,2021-08-27,2021-08-27 10:30:00-04:00,2021-09-24 10:30:00-04:00,lower,15103.137787485583,2021-09-20 07:32:00-04:00
940_upper,940,2021-08-30,2021-08-30 10:30:00-04:00,2021-09-27 10:30:00-04:00,upper,15671.691483257986,2021-08-31 02:14:00-04:00
940_lower,940,2021-08-30,2021-08-30 10:30:00-04:00,2021-09-27 10:30:00-04:00,lower,15298.683516742014,2021-09-17 11:51:00-04:00
941_upper,941,2021-08-31,2021-08-31 10:30:00-04:00,2021-09-28 10:30:00-04:00,upper,15755.619224716953,
941_lower,941,2021-08-31,2021-08-31 10:30:00-04:00,2021-09-28 10:30:00-04:00,lower,15415.380775283047,2021-09-13 01:07:00-04:00
942_upper,942,2021-09-01,2021-09-01 10:30:00-04:00,2021-09-29 10:30:00-04:00,upper,15807.124736987058,
942_lower,942,2021-09-01,2021-09-01 10:30:00-04:00,2021-09-29 10:30:00-04:00,lower,15483.375263012942,2021-09-10 15:27:00-04:00
943_upper,943,2021-09-02,2021-09-02 10:30:00-04:00,2021-09-30 10:30:00-04:00,upper,15815.138865928639,
943_lower,943,2021-09-02,2021-09-02 10:30:00-04:00,2021-09-30 10:30:00-04:00,lower,15501.736134071361,2021-09-10 15:14:00-04:00
944_upper,944,2021-09-03,2021-09-03 10:30:00-04:00,2021-10-01 10:30:00-04:00,upper,15775.673756961398,
944_lower,944,2021-09-03,2021-09-03 10:30:00-04:00,2021-10-01 10:30:00-04:00,lower,15391.201243038602,2021-09-13 10:01:00-04:00
945_upper,945,2021-09-06,2021-09-06 10:30:00-04:00,2021-10-04 10:30:00-04:00,upper,15814.866134153544,
945_lower,945,2021-09-06,2021-09-06 10:30:00-04:00,2021-10-04 10:30:00-04:00,lower,15570.883865846456,2021-09-08 10:38:00-04:00
946_upper,946,2021-09-07,2021-09-07 10:30:00-04:00,2021-10-05 10:30:00-04:00,upper,15798.855643794739,
946_lower,946,2021-09-07,2021-09-07 10:30:00-04:00,2021-10-05 10:30:00-04:00,lower,15493.894356205261,2021-09-10 15:19:00-04:00
947_upper,947,2021-09-08,2021-09-08 10:30:00-04:00,2021-10-06 10:30:00-04:00,upper,15807.77934066566,
947_lower,947,2021-09-08,2021-09-08 10:30:00-04:00,2021-10-06 10:30:00-04:00,lower,15497.84565933434,2021-09-10 15:14:00-04:00
948_upper,948,2021-09-09,2021-09-09 10:30:00-04:00,2021-10-07 10:30:00-04:00,upper,15792.313299422472,
948_lower,948,2021-09-09,2021-09-09 10:30:00-04:00,2021-10-07 10:30:00-04:00,lower,15487.061700577528,2021-09-10 15:23:00-04:00
949_upper,949,2021-09-10,2021-09-10 10:30:00-04:00,2021-10-08 10:30:00-04:00,upper,15806.435939208975,
949_lower,949,2021-09-10,2021-09-10 10:30:00-04:00,2021-10-08 10:30:00-04:00,lower,15461.689060791025,2021-09-10 15:42:00-04:00
950_upper,950,2021-09-13,2021-09-13 10:30:00-04:00,2021-10-11 10:30:00-04:00,upper,15771.8096051526,
950_lower,950,2021-09-13,2021-09-13 10:30:00-04:00,2021-10-11 10:30:00-04:00,lower,15224.9403948474,2021-09-19 22:48:00-04:00
951_upper,951,2021-09-14,2021-09-14 10:30:00-04:00,2021-10-12 10:30:00-04:00,upper,15684.253456834158,
951_lower,951,2021-09-14,2021-09-14 10:30:00-04:00,2021-10-12 10:30:00-04:00,lower,15272.996543165842,2021-09-19 22:16:00-04:00
952_upper,952,2021-09-15,2021-09-15 10:30:00-04:00,2021-10-13 10:30:00-04:00,upper,15597.867424644073,
952_lower,952,2021-09-15,2021-09-15 10:30:00-04:00,2021-10-13 10:30:00-04:00,lower,15177.757575355927,2021-09-20 04:02:00-04:00
953_upper,953,2021-09-16,2021-09-16 10:30:00-04:00,2021-10-14 10:30:00-04:00,upper,15618.571911320902,
953_lower,953,2021-09-16,2021-09-16 10:30:00-04:00,2021-10-14 10:30:00-04:00,lower,15241.178088679098,2021-09-19 22:44:00-04:00
954_upper,954,2021-09-17,2021-09-17 10:30:00-04:00,2021-10-15 10:30:00-04:00,upper,15652.5844175887,
954_lower,954,2021-09-17,2021-09-17 10:30:00-04:00,2021-10-15 10:30:00-04:00,lower,15255.1655824113,2021-09-19 22:16:00-04:00
955_upper,955,2021-09-20,2021-09-20 10:30:00-04:00,2021-10-18 10:30:00-04:00,upper,15299.061195048975,2021-09-23 05:08:00-04:00
955_lower,955,2021-09-20,2021-09-20 10:30:00-04:00,2021-10-18 10:30:00-04:00,lower,14859.188804951025,2021-09-20 14:22:00-04:00
956_upper,956,2021-09-21,2021-09-21 10:30:00-04:00,2021-10-19 10:30:00-04:00,upper,15317.193855351527,2021-09-23 10:03:00-04:00
956_lower,956,2021-09-21,2021-09-21 10:30:00-04:00,2021-10-19 10:30:00-04:00,lower,14832.556144648473,2021-09-28 10:21:00-04:00
957_upper,957,2021-09-22,2021-09-22 10:30:00-04:00,2021-10-20 10:30:00-04:00,upper,15296.048377097144,2021-09-23 05:08:00-04:00
957_lower,957,2021-09-22,2021-09-22 10:30:00-04:00,2021-10-20 10:30:00-04:00,lower,14839.076622902856,2021-09-28 10:20:00-04:00
958_upper,958,2021-09-23,2021-09-23 10:30:00-04:00,2021-10-21 10:30:00-04:00,upper,15474.684743582431,
958_lower,958,2021-09-23,2021-09-23 10:30:00-04:00,2021-10-21 10:30:00-04:00,lower,14996.315256417569,2021-09-28 03:47:00-04:00
959_upper,959,2021-09-24,2021-09-24 10:30:00-04:00,2021-10-22 10:30:00-04:00,upper,15382.419064245358,2021-09-26 21:31:00-04:00
959_lower,959,2021-09-24,2021-09-24 10:30:00-04:00,2021-10-22 10:30:00-04:00,lower,15050.330935754642,2021-09-28 03:19:00-04:00
960_upper,960,2021-09-27,2021-09-27 10:30:00-04:00,2021-10-25 10:30:00-04:00,upper,15374.50773238502,2021-10-19 10:58:00-04:00
960_lower,960,2021-09-27,2021-09-27 10:30:00-04:00,2021-10-25 10:30:00-04:00,lower,14959.99226761498,2021-09-28 05:55:00-04:00
961_upper,961,2021-09-28,2021-09-28 10:30:00-04:00,2021-10-26 10:30:00-04:00,upper,15229.184211146825,2021-10-18 13:14:00-04:00
961_lower,961,2021-09-28,2021-09-28 10:30:00-04:00,2021-10-26 10:30:00-04:00,lower,14700.565788853175,2021-09-30 12:09:00-04:00
962_upper,962,2021-09-29,2021-09-29 10:30:00-04:00,2021-10-27 10:30:00-04:00,upper,15065.183280311569,2021-10-14 16:21:00-04:00
962_lower,962,2021-09-29,2021-09-29 10:30:00-04:00,2021-10-27 10:30:00-04:00,lower,14599.441719688431,2021-09-30 21:11:00-04:00
963_upper,963,2021-09-30,2021-09-30 10:30:00-04:00,2021-10-28 10:30:00-04:00,upper,15023.615422108942,2021-10-14 12:05:00-04:00
963_lower,963,2021-09-30,2021-09-30 10:30:00-04:00,2021-10-28 10:30:00-04:00,lower,14625.509577891058,2021-09-30 21:08:00-04:00
964_upper,964,2021-10-01,2021-10-01 10:30:00-04:00,2021-10-29 10:30:00-04:00,upper,14957.96895576549,2021-10-07 10:00:00-04:00
964_lower,964,2021-10-01,2021-10-01 10:30:00-04:00,2021-10-29 10:30:00-04:00,lower,14390.90604423451,2021-10-04 11:38:00-04:00
965_upper,965,2021-10-04,2021-10-04 10:30:00-04:00,2021-11-01 10:30:00-04:00,upper,14955.978758632344,2021-10-07 09:59:00-04:00
965_lower,965,2021-10-04,2021-10-04 10:30:00-04:00,2021-11-01 10:30:00-04:00,lower,14352.646241367656,
966_upper,966,2021-10-05,2021-10-05 10:30:00-04:00,2021-11-02 10:30:00-04:00,upper,14790.825392440318,2021-10-06 18:19:00-04:00
966_lower,966,2021-10-05,2021-10-05 10:30:00-04:00,2021-11-02 10:30:00-04:00,lower,14286.674607559682,
967_upper,967,2021-10-06,2021-10-06 10:30:00-04:00,2021-11-03 10:30:00-04:00,upper,14831.385381404469,2021-10-06 20:36:00-04:00
967_lower,967,2021-10-06,2021-10-06 10:30:00-04:00,2021-11-03 10:30:00-04:00,lower,14273.739618595531,
968_upper,968,2021-10-07,2021-10-07 10:30:00-04:00,2021-11-04 10:30:00-04:00,upper,15135.4716709901,2021-10-15 15:58:00-04:00
968_lower,968,2021-10-07,2021-10-07 10:30:00-04:00,2021-11-04 10:30:00-04:00,lower,14673.4033290099,2021-10-11 18:09:00-04:00
969_upper,969,2021-10-08,2021-10-08 10:30:00-04:00,2021-11-05 10:30:00-04:00,upper,15107.52000177922,2021-10-15 01:58:00-04:00
969_lower,969,2021-10-08,2021-10-08 10:30:00-04:00,2021-11-05 10:30:00-04:00,lower,14720.10499822078,2021-10-10 19:39:00-04:00
970_upper,970,2021-10-11,2021-10-11 10:30:00-04:00,2021-11-08 10:30:00-05:00,upper,15029.105337368768,2021-10-14 12:10:00-04:00
970_lower,970,2021-10-11,2021-10-11 10:30:00-04:00,2021-11-08 10:30:00-05:00,lower,14528.769662631232,
971_upper,971,2021-10-12,2021-10-12 10:30:00-04:00,2021-11-09 10:30:00-05:00,upper,14953.877863206815,2021-10-14 09:52:00-04:00
971_lower,971,2021-10-12,2021-10-12 10:30:00-04:00,2021-11-09 10:30:00-05:00,lower,14521.122136793185,
972_upper,972,2021-10-13,2021-10-13 10:30:00-04:00,2021-11-10 10:30:00-05:00,upper,14938.793156548334,2021-10-14 08:30:00-04:00
972_lower,972,2021-10-13,2021-10-13 10:30:00-04:00,2021-11-10 10:30:00-05:00,lower,14530.831843451666,
973_upper,973,2021-10-14,2021-10-14 10:30:00-04:00,2021-11-11 10:30:00-05:00,upper,15117.327948800212,2021-10-15 11:00:00-04:00
973_lower,973,2021-10-14,2021-10-14 10:30:00-04:00,2021-11-11 10:30:00-05:00,lower,14744.172051199788,
974_upper,974,2021-10-15,2021-10-15 10:30:00-04:00,2021-11-12 10:30:00-05:00,upper,15218.281759687754,2021-10-18 12:10:00-04:00
974_lower,974,2021-10-15,2021-10-15 10:30:00-04:00,2021-11-12 10:30:00-05:00,lower,14943.093240312246,
975_upper,975,2021-10-18,2021-10-18 10:30:00-04:00,2021-11-15 10:30:00-05:00,upper,15267.121917290122,2021-10-18 14:50:00-04:00
975_lower,975,2021-10-18,2021-10-18 10:30:00-04:00,2021-11-15 10:30:00-05:00,lower,14915.753082709878,
976_upper,976,2021-10-19,2021-10-19 10:30:00-04:00,2021-11-16 10:30:00-05:00,upper,15473.904434305965,2021-10-21 15:57:00-04:00
976_lower,976,2021-10-19,2021-10-19 10:30:00-04:00,2021-11-16 10:30:00-05:00,lower,15188.470565694035,
977_upper,977,2021-10-20,2021-10-20 10:30:00-04:00,2021-11-17 10:30:00-05:00,upper,15555.53419964312,2021-10-25 20:09:00-04:00
977_lower,977,2021-10-20,2021-10-20 10:30:00-04:00,2021-11-17 10:30:00-05:00,lower,15274.34080035688,2021-10-22 11:48:00-04:00
978_upper,978,2021-10-21,2021-10-21 10:30:00-04:00,2021-11-18 10:30:00-05:00,upper,15535.16883820677,2021-10-25 14:34:00-04:00
978_lower,978,2021-10-21,2021-10-21 10:30:00-04:00,2021-11-18 10:30:00-05:00,lower,15194.08116179323,
979_upper,979,2021-10-22,2021-10-22 10:30:00-04:00,2021-11-19 10:30:00-05:00,upper,15579.37207458463,2021-10-25 21:07:00-04:00
979_lower,979,2021-10-22,2021-10-22 10:30:00-04:00,2021-11-19 10:30:00-05:00,lower,15267.62792541537,
980_upper,980,2021-10-25,2021-10-25 10:30:00-04:00,2021-11-22 10:30:00-05:00,upper,15575.71752928018,2021-10-25 21:04:00-04:00
980_lower,980,2021-10-25,2021-10-25 10:30:00-04:00,2021-11-22 10:30:00-05:00,lower,15207.65747071982,
981_upper,981,2021-10-26,2021-10-26 10:30:00-04:00,2021-11-23 10:30:00-05:00,upper,15806.826487759488,2021-10-29 13:18:00-04:00
981_lower,981,2021-10-26,2021-10-26 10:30:00-04:00,2021-11-23 10:30:00-05:00,lower,15430.048512240512,
982_upper,982,2021-10-27,2021-10-27 10:30:00-04:00,2021-11-24 10:30:00-05:00,upper,15757.057274401972,2021-10-28 14:36:00-04:00
982_lower,982,2021-10-27,2021-10-27 10:30:00-04:00,2021-11-24 10:30:00-05:00,lower,15417.067725598028,
983_upper,983,2021-10-28,2021-10-28 10:30:00-04:00,2021-11-25 10:30:00-05:00,upper,15834.995093124766,2021-10-29 15:54:00-04:00
983_lower,983,2021-10-28,2021-10-28 10:30:00-04:00,2021-11-25 10:30:00-05:00,lower,15506.504906875234,
984_upper,984,2021-10-29,2021-10-29 10:30:00-04:00,2021-11-26 10:30:00-05:00,upper,15820.419023836192,2021-10-29 15:51:00-04:00
984_lower,984,2021-10-29,2021-10-29 10:30:00-04:00,2021-11-26 10:30:00-05:00,lower,15471.955976163808,
985_upper,985,2021-11-01,2021-11-01 10:30:00-04:00,2021-11-29 10:30:00-05:00,upper,16020.122348729827,2021-11-03 14:01:00-04:00
985_lower,985,2021-11-01,2021-11-01 10:30:00-04:00,2021-11-29 10:30:00-05:00,lower,15656.377651270173,
986_upper,986,2021-11-02,2021-11-02 10:30:00-04:00,2021-11-30 10:30:00-05:00,upper,16076.619466408012,2021-11-03 14:52:00-04:00
986_lower,986,2021-11-02,2021-11-02 10:30:00-04:00,2021-11-30 10:30:00-05:00,lower,15705.255533591988,
987_upper,987,2021-11-03,2021-11-03 10:30:00-04:00,2021-12-01 10:30:00-05:00,upper,16128.260839492821,2021-11-03 15:46:00-04:00
987_lower,987,2021-11-03,2021-11-03 10:30:00-04:00,2021-12-01 10:30:00-05:00,lower,15818.489160507179,
988_upper,988,2021-11-04,2021-11-04 10:30:00-04:00,2021-12-02 10:30:00-05:00,upper,16425.401381401833,2021-11-05 09:33:00-04:00
988_lower,988,2021-11-04,2021-11-04 10:30:00-04:00,2021-12-02 10:30:00-05:00,lower,15986.223618598167,2021-11-10 14:22:00-05:00
989_upper,989,2021-11-05,2021-11-05 10:30:00-04:00,2021-12-03 10:30:00-05:00,upper,16581.271421543526,2021-11-18 22:14:00-05:00
989_lower,989,2021-11-05,2021-11-05 10:30:00-04:00,2021-12-03 10:30:00-05:00,lower,16240.353578456474,2021-11-09 09:58:00-05:00
990_upper,990,2021-11-08,2021-11-08 10:30:00-05:00,2021-12-06 10:30:00-05:00,upper,16533.348439223577,2021-11-18 20:47:00-05:00
990_lower,990,2021-11-08,2021-11-08 10:30:00-05:00,2021-12-06 10:30:00-05:00,lower,16172.026560776421,2021-11-09 13:48:00-05:00
991_upper,991,2021-11-09,2021-11-09 10:30:00-05:00,2021-12-07 10:30:00-05:00,upper,16610.32006862532,2021-11-19 09:58:00-05:00
991_lower,991,2021-11-09,2021-11-09 10:30:00-05:00,2021-12-07 10:30:00-05:00,lower,16056.304931374681,2021-11-10 09:32:00-05:00
992_upper,992,2021-11-10,2021-11-10 10:30:00-05:00,2021-12-08 10:30:00-05:00,upper,16378.965303064095,2021-11-17 11:53:00-05:00
992_lower,992,2021-11-10,2021-11-10 10:30:00-05:00,2021-12-08 10:30:00-05:00,lower,15853.909696935905,2021-12-01 16:02:00-05:00
993_upper,993,2021-11-11,2021-11-11 10:30:00-05:00,2021-12-09 10:30:00-05:00,upper,16273.028589163645,2021-11-15 08:20:00-05:00
993_lower,993,2021-11-11,2021-11-11 10:30:00-05:00,2021-12-09 10:30:00-05:00,lower,15905.596410836355,2021-12-01 15:58:00-05:00
994_upper,994,2021-11-12,2021-11-12 10:30:00-05:00,2021-12-10 10:30:00-05:00,upper,16237.909274838707,2021-11-14 18:17:00-05:00
994_lower,994,2021-11-12,2021-11-12 10:30:00-05:00,2021-12-10 10:30:00-05:00,lower,15871.965725161293,2021-12-01 15:59:00-05:00
995_upper,995,2021-11-15,2021-11-15 10:30:00-05:00,2021-12-13 10:30:00-05:00,upper,16417.715750437408,2021-11-18 09:47:00-05:00
995_lower,995,2021-11-15,2021-11-15 10:30:00-05:00,2021-12-13 10:30:00-05:00,lower,16028.659249562592,2021-11-26 11:23:00-05:00
996_upper,996,2021-11-16,2021-11-16 10:30:00-05:00,2021-12-14 10:30:00-05:00,upper,16386.3542351281,2021-11-17 11:57:00-05:00
996_lower,996,2021-11-16,2021-11-16 10:30:00-05:00,2021-12-14 10:30:00-05:00,lower,15975.520764871899,2021-12-01 15:22:00-05:00
997_upper,997,2021-11-17,2021-11-17 10:30:00-05:00,2021-12-15 10:30:00-05:00,upper,16470.5676356572,2021-11-18 11:45:00-05:00
997_lower,997,2021-11-17,2021-11-17 10:30:00-05:00,2021-12-15 10:30:00-05:00,lower,16143.1823643428,2021-11-23 11:02:00-05:00
998_upper,998,2021-11-18,2021-11-18 10:30:00-05:00,2021-12-16 10:30:00-05:00,upper,16591.693634465002,2021-11-19 09:56:00-05:00
998_lower,998,2021-11-18,2021-11-18 10:30:00-05:00,2021-12-16 10:30:00-05:00,lower,16168.556365534996,2021-11-23 10:59:00-05:00
999_upper,999,2021-11-19,2021-11-19 10:30:00-05:00,2021-12-17 10:30:00-05:00,upper,16756.992745632924,2021-11-22 10:04:00-05:00
999_lower,999,2021-11-19,2021-11-19 10:30:00-05:00,2021-12-17 10:30:00-05:00,lower,16358.632254367074,2021-11-22 21:23:00-05:00
1000_upper,1000,2021-11-22,2021-11-22 10:30:00-05:00,2021-12-20 10:30:00-05:00,upper,16894.35476143809,
1000_lower,1000,2021-11-22,2021-11-22 10:30:00-05:00,2021-12-20 10:30:00-05:00,lower,16447.02023856191,2021-11-22 15:51:00-05:00
1001_upper,1001,2021-11-23,2021-11-23 10:30:00-05:00,2021-12-21 10:30:00-05:00,upper,16602.098581775805,
1001_lower,1001,2021-11-23,2021-11-23 10:30:00-05:00,2021-12-21 10:30:00-05:00,lower,16055.776418224195,2021-11-26 11:16:00-05:00
1002_upper,1002,2021-11-24,2021-11-24 10:30:00-05:00,2021-12-22 10:30:00-05:00,upper,16448.308599813936,2021-11-30 10:10:00-05:00
1002_lower,1002,2021-11-24,2021-11-24 10:30:00-05:00,2021-12-22 10:30:00-05:00,lower,15931.566400186064,2021-12-01 15:55:00-05:00
1003_upper,1003,2021-11-25,2021-11-25 10:30:00-05:00,2021-12-23 10:30:00-05:00,upper,16560.188307727556,
1003_lower,1003,2021-11-25,2021-11-25 10:30:00-05:00,2021-12-23 10:30:00-05:00,lower,16226.186692272446,2021-11-26 02:06:00-05:00
1004_upper,1004,2021-11-26,2021-11-26 10:30:00-05:00,2021-12-27 10:30:00-05:00,upper,16511.655832947203,
1004_lower,1004,2021-11-26,2021-11-26 10:30:00-05:00,2021-12-27 10:30:00-05:00,lower,15951.094167052801,2021-12-01 15:25:00-05:00
1005_upper,1005,2021-11-29,2021-11-29 10:30:00-05:00,2021-12-28 10:30:00-05:00,upper,16496.02863119391,2021-12-27 10:24:00-05:00
1005_lower,1005,2021-11-29,2021-11-29 10:30:00-05:00,2021-12-28 10:30:00-05:00,lower,16005.096368806091,2021-12-01 15:19:00-05:00
1006_upper,1006,2021-11-30,2021-11-30 10:30:00-05:00,2021-12-29 10:30:00-05:00,upper,16617.096899375094,2021-12-28 04:04:00-05:00
1006_lower,1006,2021-11-30,2021-11-30 10:30:00-05:00,2021-12-29 10:30:00-05:00,lower,16125.528100624906,2021-11-30 11:00:00-05:00
1007_upper,1007,2021-12-01,2021-12-01 10:30:00-05:00,2021-12-30 10:30:00-05:00,upper,16572.19648581951,2021-12-27 16:17:00-05:00
1007_lower,1007,2021-12-01,2021-12-01 10:30:00-05:00,2021-12-30 10:30:00-05:00,lower,16090.80351418049,2021-12-01 15:04:00-05:00
1008_upper,1008,2021-12-02,2021-12-02 10:30:00-05:00,2021-12-31 10:30:00-05:00,upper,16221.309859915767,2021-12-07 09:54:00-05:00
1008_lower,1008,2021-12-02,2021-12-02 10:30:00-05:00,2021-12-31 10:30:00-05:00,lower,15509.440140084233,2021-12-20 04:06:00-05:00
1009_upper,1009,2021-12-03,2021-12-03 10:30:00-05:00,2022-01-03 10:30:00-05:00,upper,16420.0253666291,2021-12-08 06:46:00-05:00
1009_lower,1009,2021-12-03,2021-12-03 10:30:00-05:00,2022-01-03 10:30:00-05:00,lower,15538.9746333709,2021-12-03 15:01:00-05:00
1010_upper,1010,2021-12-06,2021-12-06 10:30:00-05:00,2022-01-04 10:30:00-05:00,upper,16066.717553940765,2021-12-07 03:25:00-05:00
1010_lower,1010,2021-12-06,2021-12-06 10:30:00-05:00,2022-01-04 10:30:00-05:00,lower,15341.157446059235,
1011_upper,1011,2021-12-07,2021-12-07 10:30:00-05:00,2022-01-05 10:30:00-05:00,upper,16444.1005652676,2021-12-16 06:28:00-05:00
1011_lower,1011,2021-12-07,2021-12-07 10:30:00-05:00,2022-01-05 10:30:00-05:00,lower,15869.1494347324,2021-12-14 09:30:00-05:00
1012_upper,1012,2021-12-08,2021-12-08 10:30:00-05:00,2022-01-06 10:30:00-05:00,upper,16546.317585297707,2021-12-27 13:58:00-05:00
1012_lower,1012,2021-12-08,2021-12-08 10:30:00-05:00,2022-01-06 10:30:00-05:00,lower,16088.30741470229,2021-12-13 15:55:00-05:00
1013_upper,1013,2021-12-09,2021-12-09 10:30:00-05:00,2022-01-07 10:30:00-05:00,upper,16592.642008049654,2021-12-28 03:28:00-05:00
1013_lower,1013,2021-12-09,2021-12-09 10:30:00-05:00,2022-01-07 10:30:00-05:00,lower,16085.107991950346,2021-12-13 15:59:00-05:00
1014_upper,1014,2021-12-10,2021-12-10 10:30:00-05:00,2022-01-10 10:30:00-05:00,upper,16514.47586666108,2021-12-27 10:33:00-05:00
1014_lower,1014,2021-12-10,2021-12-10 10:30:00-05:00,2022-01-10 10:30:00-05:00,lower,16020.02413333892,2021-12-14 04:52:00-05:00
1015_upper,1015,2021-12-13,2021-12-13 10:30:00-05:00,2022-01-11 10:30:00-05:00,upper,16544.69953135999,2021-12-27 13:26:00-05:00
1015_lower,1015,2021-12-13,2021-12-13 10:30:00-05:00,2022-01-11 10:30:00-05:00,lower,16047.80046864001,2021-12-14 04:40:00-05:00
1016_upper,1016,2021-12-14,2021-12-14 10:30:00-05:00,2022-01-12 10:30:00-05:00,upper,16147.94828393825,2021-12-15 15:15:00-05:00
1016_lower,1016,2021-12-14,2021-12-14 10:30:00-05:00,2022-01-12 10:30:00-05:00,lower,15660.17671606175,2021-12-17 09:42:00-05:00
1017_upper,1017,2021-12-15,2021-12-15 10:30:00-05:00,2022-01-13 10:30:00-05:00,upper,16120.896241608352,2021-12-15 15:14:00-05:00
1017_lower,1017,2021-12-15,2021-12-15 10:30:00-05:00,2022-01-13 10:30:00-05:00,lower,15654.603758391648,2021-12-17 10:22:00-05:00
1018_upper,1018,2021-12-16,2021-12-16 10:30:00-05:00,2022-01-14 10:30:00-05:00,upper,16592.50352248033,2021-12-28 03:28:00-05:00
1018_lower,1018,2021-12-16,2021-12-16 10:30:00-05:00,2022-01-14 10:30:00-05:00,lower,15946.121477519668,2021-12-16 12:17:00-05:00
1019_upper,1019,2021-12-17,2021-12-17 10:30:00-05:00,2022-01-17 10:30:00-05:00,upper,16014.14752821853,2021-12-22 09:45:00-05:00
1019_lower,1019,2021-12-17,2021-12-17 10:30:00-05:00,2022-01-17 10:30:00-05:00,lower,15446.47747178147,2022-01-10 07:31:00-05:00
1020_upper,1020,2021-12-20,2021-12-20 10:30:00-05:00,2022-01-18 10:30:00-05:00,upper,15823.338074885565,2021-12-21 01:50:00-05:00
1020_lower,1020,2021-12-20,2021-12-20 10:30:00-05:00,2022-01-18 10:30:00-05:00,lower,15355.536925114435,2022-01-10 09:31:00-05:00
1021_upper,1021,2021-12-21,2021-12-21 10:30:00-05:00,2022-01-19 10:30:00-05:00,upper,16029.767771822662,2021-12-22 09:47:00-05:00
1021_lower,1021,2021-12-21,2021-12-21 10:30:00-05:00,2022-01-19 10:30:00-05:00,lower,15438.482228177338,2022-01-10 07:33:00-05:00
1022_upper,1022,2021-12-22,2021-12-22 10:30:00-05:00,2022-01-20 10:30:00-05:00,upper,16200.362242887906,2021-12-23 05:52:00-05:00
1022_lower,1022,2021-12-22,2021-12-22 10:30:00-05:00,2022-01-20 10:30:00-05:00,lower,15750.887757112094,2022-01-05 18:04:00-05:00
1023_upper,1023,2021-12-23,2021-12-23 10:30:00-05:00,2022-01-21 10:30:00-05:00,upper,16403.39085923301,2021-12-27 09:32:00-05:00
1023_lower,1023,2021-12-23,2021-12-23 10:30:00-05:00,2022-01-21 10:30:00-05:00,lower,16006.359140766988,2022-01-05 14:05:00-05:00
1024_upper,1024,2021-12-27,2021-12-27 10:30:00-05:00,2022-01-24 10:30:00-05:00,upper,16636.21188160003,2021-12-28 04:38:00-05:00
1024_lower,1024,2021-12-27,2021-12-27 10:30:00-05:00,2022-01-24 10:30:00-05:00,lower,16139.413118399969,2022-01-05 09:32:00-05:00
1025_upper,1025,2021-12-28,2021-12-28 10:30:00-05:00,2022-01-25 10:30:00-05:00,upper,16789.716829631674,
1025_lower,1025,2021-12-28,2021-12-28 10:30:00-05:00,2022-01-25 10:30:00-05:00,lower,16361.783170368326,2021-12-30 19:28:00-05:00
1026_upper,1026,2021-12-29,2021-12-29 10:30:00-05:00,2022-01-26 10:30:00-05:00,upper,16728.14985866561,
1026_lower,1026,2021-12-29,2021-12-29 10:30:00-05:00,2022-01-26 10:30:00-05:00,lower,16236.850141334391,2022-01-04 10:56:00-05:00
1027_upper,1027,2021-12-30,2021-12-30 10:30:00-05:00,2022-01-27 10:30:00-05:00,upper,16702.91024425125,
1027_lower,1027,2021-12-30,2021-12-30 10:30:00-05:00,2022-01-27 10:30:00-05:00,lower,16280.964755748751,2022-01-04 10:44:00-05:00
1028_upper,1028,2021-12-31,2021-12-31 10:30:00-05:00,2022-01-28 10:30:00-05:00,upper,16613.365709311467,
1028_lower,1028,2021-12-31,2021-12-31 10:30:00-05:00,2022-01-28 10:30:00-05:00,lower,16203.634290688531,2022-01-04 11:00:00-05:00
1029_upper,1029,2022-01-03,2022-01-03 10:30:00-05:00,2022-01-31 10:30:00-05:00,upper,16651.24424406671,
1029_lower,1029,2022-01-03,2022-01-03 10:30:00-05:00,2022-01-31 10:30:00-05:00,lower,16120.130755933289,2022-01-05 09:34:00-05:00
1030_upper,1030,2022-01-04,2022-01-04 10:30:00-05:00,2022-02-01 10:30:00-05:00,upper,16706.107182731805,
1030_lower,1030,2022-01-04,2022-01-04 10:30:00-05:00,2022-02-01 10:30:00-05:00,lower,16242.267817268195,2022-01-04 10:55:00-05:00
1031_upper,1031,2022-01-05,2022-01-05 10:30:00-05:00,2022-02-02 10:30:00-05:00,upper,16422.487513730935,
1031_lower,1031,2022-01-05,2022-01-05 10:30:00-05:00,2022-02-02 10:30:00-05:00,lower,15952.887486269063,2022-01-05 14:33:00-05:00
1032_upper,1032,2022-01-06,2022-01-06 10:30:00-05:00,2022-02-03 10:30:00-05:00,upper,16041.497956947846,
1032_lower,1032,2022-01-06,2022-01-06 10:30:00-05:00,2022-02-03 10:30:00-05:00,lower,15374.002043052154,2022-01-10 07:59:00-05:00
1033_upper,1033,2022-01-07,2022-01-07 10:30:00-05:00,2022-02-04 10:30:00-05:00,upper,16029.618413200533,
1033_lower,1033,2022-01-07,2022-01-07 10:30:00-05:00,2022-02-04 10:30:00-05:00,lower,15462.256586799467,2022-01-10 07:31:00-05:00
1034_upper,1034,2022-01-10,2022-01-10 10:30:00-05:00,2022-02-07 10:30:00-05:00,upper,15645.538295963997,2022-01-11 04:16:00-05:00
1034_lower,1034,2022-01-10,2022-01-10 10:30:00-05:00,2022-02-07 10:30:00-05:00,lower,15036.461704036003,2022-01-19 15:58:00-05:00
1035_upper,1035,2022-01-11,2022-01-11 10:30:00-05:00,2022-02-08 10:30:00-05:00,upper,15840.54501109439,2022-01-11 18:06:00-05:00
1035_lower,1035,2022-01-11,2022-01-11 10:30:00-05:00,2022-02-08 10:30:00-05:00,lower,15288.82998890561,2022-01-18 04:19:00-05:00
1036_upper,1036,2022-01-12,2022-01-12 10:30:00-05:00,2022-02-09 10:30:00-05:00,upper,16172.861727604915,
1036_lower,1036,2022-01-12,2022-01-12 10:30:00-05:00,2022-02-09 10:30:00-05:00,lower,15712.513272395085,2022-01-13 12:15:00-05:00
1037_upper,1037,2022-01-13,2022-01-13 10:30:00-05:00,2022-02-10 10:30:00-05:00,upper,16170.826306831586,
1037_lower,1037,2022-01-13,2022-01-13 10:30:00-05:00,2022-02-10 10:30:00-05:00,lower,15685.173693168414,2022-01-13 12:16:00-05:00
1038_upper,1038,2022-01-14,2022-01-14 10:30:00-05:00,2022-02-11 10:30:00-05:00,upper,15753.394529937035,
1038_lower,1038,2022-01-14,2022-01-14 10:30:00-05:00,2022-02-11 10:30:00-05:00,lower,15125.980470062965,2022-01-18 21:47:00-05:00
1039_upper,1039,2022-01-17,2022-01-17 10:30:00-05:00,2022-02-14 10:30:00-05:00,upper,15779.572463106602,
1039_lower,1039,2022-01-17,2022-01-17 10:30:00-05:00,2022-02-14 10:30:00-05:00,lower,15397.302536893398,2022-01-18 03:10:00-05:00
1040_upper,1040,2022-01-18,2022-01-18 10:30:00-05:00,2022-02-15 10:30:00-05:00,upper,15612.41588863101,
1040_lower,1040,2022-01-18,2022-01-18 10:30:00-05:00,2022-02-15 10:30:00-05:00,lower,15088.58411136899,2022-01-18 21:53:00-05:00
1041_upper,1041,2022-01-19,2022-01-19 10:30:00-05:00,2022-02-16 10:30:00-05:00,upper,15540.730458910595,
1041_lower,1041,2022-01-19,2022-01-19 10:30:00-05:00,2022-02-16 10:30:00-05:00,lower,15038.144541089405,2022-01-19 15:58:00-05:00
1042_upper,1042,2022-01-20,2022-01-20 10:30:00-05:00,2022-02-17 10:30:00-05:00,upper,15455.183473815603,
1042_lower,1042,2022-01-20,2022-01-20 10:30:00-05:00,2022-02-17 10:30:00-05:00,lower,14940.191526184397,2022-01-20 15:36:00-05:00
1043_upper,1043,2022-01-21,2022-01-21 10:30:00-05:00,2022-02-18 10:30:00-05:00,upper,15087.081203476882,2022-02-01 16:15:00-05:00
1043_lower,1043,2022-01-21,2022-01-21 10:30:00-05:00,2022-02-18 10:30:00-05:00,lower,14333.793796523118,2022-01-24 05:26:00-05:00
1044_upper,1044,2022-01-24,2022-01-24 10:30:00-05:00,2022-02-21 10:30:00-05:00,upper,14545.049395246057,2022-01-26 12:44:00-05:00
1044_lower,1044,2022-01-24,2022-01-24 10:30:00-05:00,2022-02-21 10:30:00-05:00,lower,13766.200604753943,2022-01-24 12:13:00-05:00
1045_upper,1045,2022-01-25,2022-01-25 10:30:00-05:00,2022-02-22 10:30:00-05:00,upper,14579.523183272082,2022-01-26 14:00:00-05:00
1045_lower,1045,2022-01-25,2022-01-25 10:30:00-05:00,2022-02-22 10:30:00-05:00,lower,13810.601816727918,2022-02-20 19:04:00-05:00
1046_upper,1046,2022-01-26,2022-01-26 10:30:00-05:00,2022-02-23 10:30:00-05:00,upper,14779.71291498388,2022-01-31 11:56:00-05:00
1046_lower,1046,2022-01-26,2022-01-26 10:30:00-05:00,2022-02-23 10:30:00-05:00,lower,14128.66208501612,2022-01-26 15:03:00-05:00
1047_upper,1047,2022-01-27,2022-01-27 10:30:00-05:00,2022-02-24 10:30:00-05:00,upper,14659.001656557593,2022-01-31 10:02:00-05:00
1047_lower,1047,2022-01-27,2022-01-27 10:30:00-05:00,2022-02-24 10:30:00-05:00,lower,13994.623343442407,2022-01-27 13:24:00-05:00
1048_upper,1048,2022-01-28,2022-01-28 10:30:00-05:00,2022-02-25 10:30:00-05:00,upper,14393.572169981533,2022-01-28 15:50:00-05:00
1048_lower,1048,2022-01-28,2022-01-28 10:30:00-05:00,2022-02-25 10:30:00-05:00,lower,13656.177830018467,2022-02-21 18:00:00-05:00
1049_upper,1049,2022-01-31,2022-01-31 10:30:00-05:00,2022-02-28 10:30:00-05:00,upper,14934.757318438846,2022-02-01 02:12:00-05:00
1049_lower,1049,2022-01-31,2022-01-31 10:30:00-05:00,2022-02-28 10:30:00-05:00,lower,14123.867681561154,2022-02-14 03:29:00-05:00
1050_upper,1050,2022-02-01,2022-02-01 10:30:00-05:00,2022-03-01 10:30:00-05:00,upper,15221.075791511645,2022-02-02 04:44:00-05:00
1050_lower,1050,2022-02-01,2022-02-01 10:30:00-05:00,2022-03-01 10:30:00-05:00,lower,14563.549208488355,2022-02-03 15:32:00-05:00
1051_upper,1051,2022-02-02,2022-02-02 10:30:00-05:00,2022-03-02 10:30:00-05:00,upper,15399.958726868334,
1051_lower,1051,2022-02-02,2022-02-02 10:30:00-05:00,2022-03-02 10:30:00-05:00,lower,14870.166273131666,2022-02-02 16:10:00-05:00
1052_upper,1052,2022-02-03,2022-02-03 10:30:00-05:00,2022-03-03 10:30:00-05:00,upper,15011.243229451193,2022-02-09 14:09:00-05:00
1052_lower,1052,2022-02-03,2022-02-03 10:30:00-05:00,2022-03-03 10:30:00-05:00,lower,14452.756770548807,2022-02-04 08:54:00-05:00
1053_upper,1053,2022-02-04,2022-02-04 10:30:00-05:00,2022-03-04 10:30:00-05:00,upper,14872.83087731542,2022-02-09 05:14:00-05:00
1053_lower,1053,2022-02-04,2022-02-04 10:30:00-05:00,2022-03-04 10:30:00-05:00,lower,14196.16912268458,2022-02-11 15:40:00-05:00
1054_upper,1054,2022-02-07,2022-02-07 10:30:00-05:00,2022-03-07 10:30:00-05:00,upper,14985.202937307136,2022-02-09 12:58:00-05:00
1054_lower,1054,2022-02-07,2022-02-07 10:30:00-05:00,2022-03-07 10:30:00-05:00,lower,14461.172062692864,2022-02-11 13:30:00-05:00
1055_upper,1055,2022-02-08,2022-02-08 10:30:00-05:00,2022-03-08 10:30:00-05:00,upper,14768.196394257095,2022-02-08 15:55:00-05:00
1055_lower,1055,2022-02-08,2022-02-08 10:30:00-05:00,2022-03-08 10:30:00-05:00,lower,14275.803605742905,2022-02-11 14:29:00-05:00
1056_upper,1056,2022-02-09,2022-02-09 10:30:00-05:00,2022-03-09 10:30:00-05:00,upper,15134.779870791575,
1056_lower,1056,2022-02-09,2022-02-09 10:30:00-05:00,2022-03-09 10:30:00-05:00,lower,14686.470129208425,2022-02-10 15:32:00-05:00
1057_upper,1057,2022-02-10,2022-02-10 10:30:00-05:00,2022-03-10 10:30:00-05:00,upper,15134.83427177959,
1057_lower,1057,2022-02-10,2022-02-10 10:30:00-05:00,2022-03-10 10:30:00-05:00,lower,14470.41572822041,2022-02-11 13:30:00-05:00
1058_upper,1058,2022-02-11,2022-02-11 10:30:00-05:00,2022-03-11 10:30:00-05:00,upper,14980.41643790407,
1058_lower,1058,2022-02-11,2022-02-11 10:30:00-05:00,2022-03-11 10:30:00-05:00,lower,14398.70856209593,2022-02-11 13:38:00-05:00
1059_upper,1059,2022-02-14,2022-02-14 10:30:00-05:00,2022-03-14 10:30:00-04:00,upper,14523.728553381487,2022-02-15 04:19:00-05:00
1059_lower,1059,2022-02-14,2022-02-14 10:30:00-05:00,2022-03-14 10:30:00-04:00,lower,13943.896446618513,2022-02-18 12:45:00-05:00
1060_upper,1060,2022-02-15,2022-02-15 10:30:00-05:00,2022-03-15 10:30:00-04:00,upper,14714.002889362573,
1060_lower,1060,2022-02-15,2022-02-15 10:30:00-05:00,2022-03-15 10:30:00-04:00,lower,14241.747110637427,2022-02-17 14:46:00-05:00
1061_upper,1061,2022-02-16,2022-02-16 10:30:00-05:00,2022-03-16 10:30:00-04:00,upper,14745.809156853826,
1061_lower,1061,2022-02-16,2022-02-16 10:30:00-05:00,2022-03-16 10:30:00-04:00,lower,14217.190843146174,2022-02-17 15:06:00-05:00
1062_upper,1062,2022-02-17,2022-02-17 10:30:00-05:00,2022-03-17 10:30:00-04:00,upper,14710.565488273282,
1062_lower,1062,2022-02-17,2022-02-17 10:30:00-05:00,2022-03-17 10:30:00-04:00,lower,14167.059511726718,2022-02-17 15:51:00-05:00
1063_upper,1063,2022-02-18,2022-02-18 10:30:00-05:00,2022-03-18 10:30:00-04:00,upper,14460.351793850026,
1063_lower,1063,2022-02-18,2022-02-18 10:30:00-05:00,2022-03-18 10:30:00-04:00,lower,13887.148206149974,2022-02-20 18:01:00-05:00
1064_upper,1064,2022-02-21,2022-02-21 10:30:00-05:00,2022-03-21 10:30:00-04:00,upper,14078.253565031777,2022-02-22 09:53:00-05:00
1064_lower,1064,2022-02-21,2022-02-21 10:30:00-05:00,2022-03-21 10:30:00-04:00,lower,13627.121434968223,2022-02-21 18:00:00-05:00
1065_upper,1065,2022-02-22,2022-02-22 10:30:00-05:00,2022-03-22 10:30:00-04:00,upper,14282.494290992792,2022-02-28 11:32:00-05:00
1065_lower,1065,2022-02-22,2022-02-22 10:30:00-05:00,2022-03-22 10:30:00-04:00,lower,13583.380709007208,2022-02-23 14:42:00-05:00
1066_upper,1066,2022-02-23,2022-02-23 10:30:00-05:00,2022-03-23 10:30:00-04:00,upper,14302.928269466458,2022-03-01 02:07:00-05:00
1066_lower,1066,2022-02-23,2022-02-23 10:30:00-05:00,2022-03-23 10:30:00-04:00,lower,13600.696730533542,2022-02-23 14:40:00-05:00
1067_upper,1067,2022-02-24,2022-02-24 10:30:00-05:00,2022-03-24 10:30:00-04:00,upper,13656.920458119774,2022-02-24 13:49:00-05:00
1067_lower,1067,2022-02-24,2022-02-24 10:30:00-05:00,2022-03-24 10:30:00-04:00,lower,12687.454541880226,
1068_upper,1068,2022-02-25,2022-02-25 10:30:00-05:00,2022-03-25 10:30:00-04:00,upper,14266.568959055829,2022-02-28 11:26:00-05:00
1068_lower,1068,2022-02-25,2022-02-25 10:30:00-05:00,2022-03-25 10:30:00-04:00,lower,13650.556040944171,2022-03-06 18:04:00-05:00
1069_upper,1069,2022-02-28,2022-02-28 10:30:00-05:00,2022-03-28 10:30:00-04:00,upper,14321.309474498965,2022-03-01 02:08:00-05:00
1069_lower,1069,2022-02-28,2022-02-28 10:30:00-05:00,2022-03-28 10:30:00-04:00,lower,13812.940525501035,2022-03-03 19:55:00-05:00
1070_upper,1070,2022-03-01,2022-03-01 10:30:00-05:00,2022-03-29 10:30:00-04:00,upper,14453.856455113139,2022-03-21 09:41:00-04:00
1070_lower,1070,2022-03-01,2022-03-01 10:30:00-05:00,2022-03-29 10:30:00-04:00,lower,13931.143544886861,2022-03-01 15:46:00-05:00
1071_upper,1071,2022-03-02,2022-03-02 10:30:00-05:00,2022-03-30 10:30:00-04:00,upper,14367.318002793538,2022-03-03 09:02:00-05:00
1071_lower,1071,2022-03-02,2022-03-02 10:30:00-05:00,2022-03-30 10:30:00-04:00,lower,13740.556997206462,2022-03-04 11:12:00-05:00
1072_upper,1072,2022-03-03,2022-03-03 10:30:00-05:00,2022-03-31 10:30:00-04:00,upper,14638.23177857047,2022-03-22 11:07:00-04:00
1072_lower,1072,2022-03-03,2022-03-03 10:30:00-05:00,2022-03-31 10:30:00-04:00,lower,13953.51822142953,2022-03-03 19:23:00-05:00
1073_upper,1073,2022-03-04,2022-03-04 10:30:00-05:00,2022-04-01 10:30:00-04:00,upper,14230.416261891665,2022-03-18 10:11:00-04:00
1073_lower,1073,2022-03-04,2022-03-04 10:30:00-05:00,2022-04-01 10:30:00-04:00,lower,13602.083738108335,2022-03-06 18:23:00-05:00
1074_upper,1074,2022-03-07,2022-03-07 10:30:00-05:00,2022-04-04 10:30:00-04:00,upper,14187.741551871979,2022-03-18 10:04:00-04:00
1074_lower,1074,2022-03-07,2022-03-07 10:30:00-05:00,2022-04-04 10:30:00-04:00,lower,13364.883448128021,2022-03-07 15:17:00-05:00
1075_upper,1075,2022-03-08,2022-03-08 10:30:00-05:00,2022-04-05 10:30:00-04:00,upper,13635.095436638541,2022-03-08 13:02:00-05:00
1075_lower,1075,2022-03-08,2022-03-08 10:30:00-05:00,2022-04-05 10:30:00-04:00,lower,12907.029563361459,
1076_upper,1076,2022-03-09,2022-03-09 10:30:00-05:00,2022-04-06 10:30:00-04:00,upper,13889.501616168278,2022-03-16 15:49:00-04:00
1076_lower,1076,2022-03-09,2022-03-09 10:30:00-05:00,2022-04-06 10:30:00-04:00,lower,13285.748383831722,2022-03-11 15:59:00-05:00
1077_upper,1077,2022-03-10,2022-03-10 10:30:00-05:00,2022-04-07 10:30:00-04:00,upper,13824.115930626305,2022-03-11 06:26:00-05:00
1077_lower,1077,2022-03-10,2022-03-10 10:30:00-05:00,2022-04-07 10:30:00-04:00,lower,13289.884069373695,2022-03-11 15:59:00-05:00
1078_upper,1078,2022-03-11,2022-03-11 10:30:00-05:00,2022-04-08 10:30:00-04:00,upper,13993.78034393012,2022-03-16 16:18:00-04:00
1078_lower,1078,2022-03-11,2022-03-11 10:30:00-05:00,2022-04-08 10:30:00-04:00,lower,13333.21965606988,2022-03-11 15:48:00-05:00
1079_upper,1079,2022-03-14,2022-03-14 10:30:00-04:00,2022-04-11 10:30:00-04:00,upper,13578.503864699687,2022-03-16 01:47:00-04:00
1079_lower,1079,2022-03-14,2022-03-14 10:30:00-04:00,2022-04-11 10:30:00-04:00,lower,12962.621135300313,2022-03-15 03:13:00-04:00
1080_upper,1080,2022-03-15,2022-03-15 10:30:00-04:00,2022-04-12 10:30:00-04:00,upper,13480.56040217523,2022-03-15 15:53:00-04:00
1080_lower,1080,2022-03-15,2022-03-15 10:30:00-04:00,2022-04-12 10:30:00-04:00,lower,12855.18959782477,
1081_upper,1081,2022-03-16,2022-03-16 10:30:00-04:00,2022-04-13 10:30:00-04:00,upper,14010.539109279938,2022-03-16 16:42:00-04:00
1081_lower,1081,2022-03-16,2022-03-16 10:30:00-04:00,2022-04-13 10:30:00-04:00,lower,13332.960890720062,
1082_upper,1082,2022-03-17,2022-03-17 10:30:00-04:00,2022-04-14 10:30:00-04:00,upper,14191.899513881308,2022-03-18 10:04:00-04:00
1082_lower,1082,2022-03-17,2022-03-17 10:30:00-04:00,2022-04-14 10:30:00-04:00,lower,13596.225486118692,
1083_upper,1083,2022-03-18,2022-03-18 10:30:00-04:00,2022-04-18 10:30:00-04:00,upper,14418.448845951578,2022-03-18 15:34:00-04:00
1083_lower,1083,2022-03-18,2022-03-18 10:30:00-04:00,2022-04-18 10:30:00-04:00,lower,13748.176154048422,2022-04-17 19:46:00-04:00
1084_upper,1084,2022-03-21,2022-03-21 10:30:00-04:00,2022-04-19 10:30:00-04:00,upper,14679.822917884794,2022-03-22 11:26:00-04:00
1084_lower,1084,2022-03-21,2022-03-21 10:30:00-04:00,2022-04-19 10:30:00-04:00,lower,14039.052082115206,2022-04-11 10:46:00-04:00
1085_upper,1085,2022-03-22,2022-03-22 10:30:00-04:00,2022-04-20 10:30:00-04:00,upper,14757.37972984562,2022-03-24 15:59:00-04:00
1085_lower,1085,2022-03-22,2022-03-22 10:30:00-04:00,2022-04-20 10:30:00-04:00,lower,14121.37027015438,2022-04-11 09:33:00-04:00
1086_upper,1086,2022-03-23,2022-03-23 10:30:00-04:00,2022-04-21 10:30:00-04:00,upper,14773.78829240921,2022-03-24 18:03:00-04:00
1086_lower,1086,2022-03-23,2022-03-23 10:30:00-04:00,2022-04-21 10:30:00-04:00,lower,14286.08670759079,2022-04-10 20:00:00-04:00
1087_upper,1087,2022-03-24,2022-03-24 10:30:00-04:00,2022-04-22 10:30:00-04:00,upper,14750.28757388168,2022-03-24 15:53:00-04:00
1087_lower,1087,2022-03-24,2022-03-24 10:30:00-04:00,2022-04-22 10:30:00-04:00,lower,14268.21242611832,2022-04-10 20:09:00-04:00
1088_upper,1088,2022-03-25,2022-03-25 10:30:00-04:00,2022-04-25 10:30:00-04:00,upper,14969.360156797778,2022-03-28 15:34:00-04:00
1088_lower,1088,2022-03-25,2022-03-25 10:30:00-04:00,2022-04-25 10:30:00-04:00,lower,14535.264843202222,2022-04-06 09:44:00-04:00
1089_upper,1089,2022-03-28,2022-03-28 10:30:00-04:00,2022-04-26 10:30:00-04:00,upper,15057.055654262684,2022-03-29 05:07:00-04:00
1089_lower,1089,2022-03-28,2022-03-28 10:30:00-04:00,2022-04-26 10:30:00-04:00,lower,14527.194345737316,2022-04-06 09:45:00-04:00
1090_upper,1090,2022-03-29,2022-03-29 10:30:00-04:00,2022-04-27 10:30:00-04:00,upper,15419.596368688872,
1090_lower,1090,2022-03-29,2022-03-29 10:30:00-04:00,2022-04-27 10:30:00-04:00,lower,14854.153631311128,2022-04-01 09:50:00-04:00
1091_upper,1091,2022-03-30,2022-03-30 10:30:00-04:00,2022-04-28 10:30:00-04:00,upper,15381.096100785493,
1091_lower,1091,2022-03-30,2022-03-30 10:30:00-04:00,2022-04-28 10:30:00-04:00,lower,14970.528899214507,2022-03-31 10:02:00-04:00
1092_upper,1092,2022-03-31,2022-03-31 10:30:00-04:00,2022-04-29 10:30:00-04:00,upper,15288.119463197781,
1092_lower,1092,2022-03-31,2022-03-31 10:30:00-04:00,2022-04-29 10:30:00-04:00,lower,14820.130536802219,2022-04-01 09:52:00-04:00
1093_upper,1093,2022-04-01,2022-04-01 10:30:00-04:00,2022-05-02 10:30:00-04:00,upper,15120.949102656632,2022-04-04 12:28:00-04:00
1093_lower,1093,2022-04-01,2022-04-01 10:30:00-04:00,2022-05-02 10:30:00-04:00,lower,14647.550897343368,2022-04-06 07:09:00-04:00
1094_upper,1094,2022-04-04,2022-04-04 10:30:00-04:00,2022-05-03 10:30:00-04:00,upper,15210.822988118556,
1094_lower,1094,2022-04-04,2022-04-04 10:30:00-04:00,2022-05-03 10:30:00-04:00,lower,14660.552011881444,2022-04-06 06:40:00-04:00
1095_upper,1095,2022-04-05,2022-04-05 10:30:00-04:00,2022-05-04 10:30:00-04:00,upper,15353.762032073413,
1095_lower,1095,2022-04-05,2022-04-05 10:30:00-04:00,2022-05-04 10:30:00-04:00,lower,14787.237967926587,2022-04-05 15:50:00-04:00
1096_upper,1096,2022-04-06,2022-04-06 10:30:00-04:00,2022-05-05 10:30:00-04:00,upper,14858.530609687707,
1096_lower,1096,2022-04-06,2022-04-06 10:30:00-04:00,2022-05-05 10:30:00-04:00,lower,14294.094390312293,2022-04-10 20:00:00-04:00
1097_upper,1097,2022-04-07,2022-04-07 10:30:00-04:00,2022-05-06 10:30:00-04:00,upper,14760.919748667478,
1097_lower,1097,2022-04-07,2022-04-07 10:30:00-04:00,2022-05-06 10:30:00-04:00,lower,14239.955251332522,2022-04-10 21:55:00-04:00
1098_upper,1098,2022-04-08,2022-04-08 10:30:00-04:00,2022-05-09 10:30:00-04:00,upper,14700.978900592228,
1098_lower,1098,2022-04-08,2022-04-08 10:30:00-04:00,2022-05-09 10:30:00-04:00,lower,14161.646099407772,2022-04-11 04:25:00-04:00
1099_upper,1099,2022-04-11,2022-04-11 10:30:00-04:00,2022-05-10 10:30:00-04:00,upper,14385.664489657927,
1099_lower,1099,2022-04-11,2022-04-11 10:30:00-04:00,2022-05-10 10:30:00-04:00,lower,13902.210510342073,2022-04-12 15:08:00-04:00
1100_upper,1100,2022-04-12,2022-04-12 10:30:00-04:00,2022-05-11 10:30:00-04:00,upper,14477.03675160166,
1100_lower,1100,2022-04-12,2022-04-12 10:30:00-04:00,2022-05-11 10:30:00-04:00,lower,13917.96324839834,2022-04-12 14:33:00-04:00
1101_upper,1101,2022-04-13,2022-04-13 10:30:00-04:00,2022-05-12 10:30:00-04:00,upper,14285.013848168608,2022-04-14 00:30:00-04:00
1101_lower,1101,2022-04-13,2022-04-13 10:30:00-04:00,2022-05-12 10:30:00-04:00,lower,13687.236151831392,2022-04-21 15:49:00-04:00
1102_upper,1102,2022-04-14,2022-04-14 10:30:00-04:00,2022-05-13 10:30:00-04:00,upper,14476.739663522374,
1102_lower,1102,2022-04-14,2022-04-14 10:30:00-04:00,2022-05-13 10:30:00-04:00,lower,13887.260336477626,2022-04-14 15:57:00-04:00
1103_upper,1103,2022-04-18,2022-04-18 10:30:00-04:00,2022-05-16 10:30:00-04:00,upper,14155.749257999785,2022-04-19 11:15:00-04:00
1103_lower,1103,2022-04-18,2022-04-18 10:30:00-04:00,2022-05-16 10:30:00-04:00,lower,13609.250742000215,2022-04-22 10:20:00-04:00
1104_upper,1104,2022-04-19,2022-04-19 10:30:00-04:00,2022-05-17 10:30:00-04:00,upper,14264.07134928854,2022-04-20 07:55:00-04:00
1104_lower,1104,2022-04-19,2022-04-19 10:30:00-04:00,2022-05-17 10:30:00-04:00,lower,13576.92865071146,2022-04-22 11:37:00-04:00
1105_upper,1105,2022-04-20,2022-04-20 10:30:00-04:00,2022-05-18 10:30:00-04:00,upper,14524.782987229933,
1105_lower,1105,2022-04-20,2022-04-20 10:30:00-04:00,2022-05-18 10:30:00-04:00,lower,13880.592012770067,2022-04-21 13:17:00-04:00
1106_upper,1106,2022-04-21,2022-04-21 10:30:00-04:00,2022-05-19 10:30:00-04:00,upper,14454.48467484182,
1106_lower,1106,2022-04-21,2022-04-21 10:30:00-04:00,2022-05-19 10:30:00-04:00,lower,13917.39032515818,2022-04-21 12:51:00-04:00
1107_upper,1107,2022-04-22,2022-04-22 10:30:00-04:00,2022-05-20 10:30:00-04:00,upper,14002.77058850537,
1107_lower,1107,2022-04-22,2022-04-22 10:30:00-04:00,2022-05-20 10:30:00-04:00,lower,13403.10441149463,2022-04-22 14:51:00-04:00
1108_upper,1108,2022-04-25,2022-04-25 10:30:00-04:00,2022-05-23 10:30:00-04:00,upper,13611.912315679105,
1108_lower,1108,2022-04-25,2022-04-25 10:30:00-04:00,2022-05-23 10:30:00-04:00,lower,13003.087684320895,2022-04-26 16:01:00-04:00
1109_upper,1109,2022-04-26,2022-04-26 10:30:00-04:00,2022-05-24 10:30:00-04:00,upper,13751.804831157271,
1109_lower,1109,2022-04-26,2022-04-26 10:30:00-04:00,2022-05-24 10:30:00-04:00,lower,13000.695168842729,2022-04-26 16:01:00-04:00
1110_upper,1110,2022-04-27,2022-04-27 10:30:00-04:00,2022-05-25 10:30:00-04:00,upper,13477.212577667251,2022-04-28 14:38:00-04:00
1110_lower,1110,2022-04-27,2022-04-27 10:30:00-04:00,2022-05-25 10:30:00-04:00,lower,12644.912422332749,2022-05-06 09:35:00-04:00
1111_upper,1111,2022-04-28,2022-04-28 10:30:00-04:00,2022-05-26 10:30:00-04:00,upper,13532.756976132983,2022-04-28 15:22:00-04:00
1111_lower,1111,2022-04-28,2022-04-28 10:30:00-04:00,2022-05-26 10:30:00-04:00,lower,12850.993023867017,2022-04-29 15:54:00-04:00
1112_upper,1112,2022-04-29,2022-04-29 10:30:00-04:00,2022-05-27 10:30:00-04:00,upper,13638.539573538186,
1112_lower,1112,2022-04-29,2022-04-29 10:30:00-04:00,2022-05-27 10:30:00-04:00,lower,12973.585426461814,2022-04-29 14:48:00-04:00
1113_upper,1113,2022-05-02,2022-05-02 10:30:00-04:00,2022-05-30 10:30:00-04:00,upper,13243.875556755043,2022-05-04 14:46:00-04:00
1113_lower,1113,2022-05-02,2022-05-02 10:30:00-04:00,2022-05-30 10:30:00-04:00,lower,12476.874443244957,2022-05-09 04:31:00-04:00
1114_upper,1114,2022-05-03,2022-05-03 10:30:00-04:00,2022-05-31 10:30:00-04:00,upper,13383.487174993785,2022-05-04 15:08:00-04:00
1114_lower,1114,2022-05-03,2022-05-03 10:30:00-04:00,2022-05-31 10:30:00-04:00,lower,12750.137825006215,2022-05-05 15:08:00-04:00
1115_upper,1115,2022-05-04,2022-05-04 10:30:00-04:00,2022-06-01 10:30:00-04:00,upper,13372.145719623013,2022-05-04 15:01:00-04:00
1115_lower,1115,2022-05-04,2022-05-04 10:30:00-04:00,2022-06-01 10:30:00-04:00,lower,12757.229280376987,2022-05-05 15:06:00-04:00
1116_upper,1116,2022-05-05,2022-05-05 10:30:00-04:00,2022-06-02 10:30:00-04:00,upper,13667.494634654062,
1116_lower,1116,2022-05-05,2022-05-05 10:30:00-04:00,2022-06-02 10:30:00-04:00,lower,12850.380365345938,2022-05-05 11:53:00-04:00
1117_upper,1117,2022-05-06,2022-05-06 10:30:00-04:00,2022-06-03 10:30:00-04:00,upper,13132.084289002432,
1117_lower,1117,2022-05-06,2022-05-06 10:30:00-04:00,2022-06-03 10:30:00-04:00,lower,12307.665710997568,2022-05-09 10:39:00-04:00
1118_upper,1118,2022-05-09,2022-05-09 10:30:00-04:00,2022-06-06 10:30:00-04:00,upper,12783.688544628802,2022-05-29 22:22:00-04:00
1118_lower,1118,2022-05-09,2022-05-09 10:30:00-04:00,2022-06-06 10:30:00-04:00,lower,12107.686455371198,2022-05-09 20:16:00-04:00
1119_upper,1119,2022-05-10,2022-05-10 10:30:00-04:00,2022-06-07 10:30:00-04:00,upper,12815.212027252772,2022-05-30 00:38:00-04:00
1119_lower,1119,2022-05-10,2022-05-10 10:30:00-04:00,2022-06-07 10:30:00-04:00,lower,12122.912972747228,2022-05-11 08:55:00-04:00
1120_upper,1120,2022-05-11,2022-05-11 10:30:00-04:00,2022-06-08 10:30:00-04:00,upper,12705.734203917193,2022-05-27 16:28:00-04:00
1120_lower,1120,2022-05-11,2022-05-11 10:30:00-04:00,2022-06-08 10:30:00-04:00,lower,11852.015796082807,2022-05-12 03:22:00-04:00
1121_upper,1121,2022-05-12,2022-05-12 10:30:00-04:00,2022-06-09 10:30:00-04:00,upper,12268.313117446343,2022-05-13 09:54:00-04:00
1121_lower,1121,2022-05-12,2022-05-12 10:30:00-04:00,2022-06-09 10:30:00-04:00,lower,11393.061882553657,
1122_upper,1122,2022-05-13,2022-05-13 10:30:00-04:00,2022-06-10 10:30:00-04:00,upper,12554.182119419134,2022-05-17 15:02:00-04:00
1122_lower,1122,2022-05-13,2022-05-13 10:30:00-04:00,2022-06-10 10:30:00-04:00,lower,11779.567880580866,2022-05-19 03:33:00-04:00
1123_upper,1123,2022-05-16,2022-05-16 10:30:00-04:00,2022-06-13 10:30:00-04:00,upper,12595.80310130384,2022-05-27 11:50:00-04:00
1123_lower,1123,2022-05-16,2022-05-16 10:30:00-04:00,2022-06-13 10:30:00-04:00,lower,12005.07189869616,2022-05-18 13:43:00-04:00
1124_upper,1124,2022-05-17,2022-05-17 10:30:00-04:00,2022-06-14 10:30:00-04:00,upper,12748.128693461784,2022-05-29 19:33:00-04:00
1124_lower,1124,2022-05-17,2022-05-17 10:30:00-04:00,2022-06-14 10:30:00-04:00,lower,12212.621306538216,2022-05-18 11:16:00-04:00
1125_upper,1125,2022-05-18,2022-05-18 10:30:00-04:00,2022-06-15 10:30:00-04:00,upper,12592.230044868815,2022-05-27 10:37:00-04:00
1125_lower,1125,2022-05-18,2022-05-18 10:30:00-04:00,2022-06-15 10:30:00-04:00,lower,12116.769955131185,2022-05-18 11:55:00-04:00
1126_upper,1126,2022-05-19,2022-05-19 10:30:00-04:00,2022-06-16 10:30:00-04:00,upper,12209.285761214061,2022-05-26 11:01:00-04:00
1126_lower,1126,2022-05-19,2022-05-19 10:30:00-04:00,2022-06-16 10:30:00-04:00,lower,11557.214238785939,2022-05-20 12:45:00-04:00
1127_upper,1127,2022-05-20,2022-05-20 10:30:00-04:00,2022-06-17 10:30:00-04:00,upper,12283.666312488942,2022-05-26 12:20:00-04:00
1127_lower,1127,2022-05-20,2022-05-20 10:30:00-04:00,2022-06-17 10:30:00-04:00,lower,11706.958687511058,2022-05-20 12:08:00-04:00
1128_upper,1128,2022-05-23,2022-05-23 10:30:00-04:00,2022-06-20 10:30:00-04:00,upper,12181.542751563575,2022-05-26 10:19:00-04:00
1128_lower,1128,2022-05-23,2022-05-23 10:30:00-04:00,2022-06-20 10:30:00-04:00,lower,11583.832248436425,2022-05-24 10:15:00-04:00
1129_upper,1129,2022-05-24,2022-05-24 10:30:00-04:00,2022-06-21 10:30:00-04:00,upper,12115.5432523897,2022-05-26 09:56:00-04:00
1129_lower,1129,2022-05-24,2022-05-24 10:30:00-04:00,2022-06-21 10:30:00-04:00,lower,11412.8317476103,2022-06-13 10:27:00-04:00
1130_upper,1130,2022-05-25,2022-05-25 10:30:00-04:00,2022-06-22 10:30:00-04:00,upper,12058.985649560062,2022-05-26 09:43:00-04:00
1130_lower,1130,2022-05-25,2022-05-25 10:30:00-04:00,2022-06-22 10:30:00-04:00,lower,11463.889350439938,2022-06-13 04:18:00-04:00
1131_upper,1131,2022-05-26,2022-05-26 10:30:00-04:00,2022-06-23 10:30:00-04:00,upper,12352.814438592224,2022-05-27 05:51:00-04:00
1131_lower,1131,2022-05-26,2022-05-26 10:30:00-04:00,2022-06-23 10:30:00-04:00,lower,11607.310561407776,2022-06-12 21:23:00-04:00
1132_upper,1132,2022-05-27,2022-05-27 10:30:00-04:00,2022-06-24 10:30:00-04:00,upper,12733.78235199662,2022-05-29 19:14:00-04:00
1132_lower,1132,2022-05-27,2022-05-27 10:30:00-04:00,2022-06-24 10:30:00-04:00,lower,12165.96764800338,2022-06-10 08:30:00-04:00
1133_upper,1133,2022-05-30,2022-05-30 10:30:00-04:00,2022-06-27 10:30:00-04:00,upper,12932.22309273929,2022-06-02 18:07:00-04:00
1133_lower,1133,2022-05-30,2022-05-30 10:30:00-04:00,2022-06-27 10:30:00-04:00,lower,12581.52690726071,2022-05-31 09:34:00-04:00
1134_upper,1134,2022-05-31,2022-05-31 10:30:00-04:00,2022-06-28 10:30:00-04:00,upper,12930.337037773992,2022-06-02 18:07:00-04:00
1134_lower,1134,2022-05-31,2022-05-31 10:30:00-04:00,2022-06-28 10:30:00-04:00,lower,12330.412962226008,2022-06-09 15:44:00-04:00
1135_upper,1135,2022-06-01,2022-06-01 10:30:00-04:00,2022-06-29 10:30:00-04:00,upper,13037.115489990736,
1135_lower,1135,2022-06-01,2022-06-01 10:30:00-04:00,2022-06-29 10:30:00-04:00,lower,12411.009510009264,2022-06-09 15:04:00-04:00
1136_upper,1136,2022-06-02,2022-06-02 10:30:00-04:00,2022-06-30 10:30:00-04:00,upper,12807.220124630487,2022-06-02 13:33:00-04:00
1136_lower,1136,2022-06-02,2022-06-02 10:30:00-04:00,2022-06-30 10:30:00-04:00,lower,12232.779875369513,2022-06-10 08:30:00-04:00
1137_upper,1137,2022-06-03,2022-06-03 10:30:00-04:00,2022-07-01 10:30:00-04:00,upper,12904.501850184148,
1137_lower,1137,2022-06-03,2022-06-03 10:30:00-04:00,2022-07-01 10:30:00-04:00,lower,12439.248149815852,2022-06-07 08:31:00-04:00
1138_upper,1138,2022-06-06,2022-06-06 10:30:00-04:00,2022-07-04 10:30:00-04:00,upper,12987.523687570723,
1138_lower,1138,2022-06-06,2022-06-06 10:30:00-04:00,2022-07-04 10:30:00-04:00,lower,12495.726312429277,2022-06-06 21:26:00-04:00
1139_upper,1139,2022-06-07,2022-06-07 10:30:00-04:00,2022-07-05 10:30:00-04:00,upper,12764.47816450088,2022-06-08 09:49:00-04:00
1139_lower,1139,2022-06-07,2022-06-07 10:30:00-04:00,2022-07-05 10:30:00-04:00,lower,12198.89683549912,2022-06-10 08:30:00-04:00
1140_upper,1140,2022-06-08,2022-06-08 10:30:00-04:00,2022-07-06 10:30:00-04:00,upper,12945.209119312713,
1140_lower,1140,2022-06-08,2022-06-08 10:30:00-04:00,2022-07-06 10:30:00-04:00,lower,12433.790880687287,2022-06-09 15:01:00-04:00
1141_upper,1141,2022-06-09,2022-06-09 10:30:00-04:00,2022-07-07 10:30:00-04:00,upper,12818.929699930892,
1141_lower,1141,2022-06-09,2022-06-09 10:30:00-04:00,2022-07-07 10:30:00-04:00,lower,12309.195300069108,2022-06-09 15:48:00-04:00
1142_upper,1142,2022-06-10,2022-06-10 10:30:00-04:00,2022-07-08 10:30:00-04:00,upper,12324.17593435217,
1142_lower,1142,2022-06-10,2022-06-10 10:30:00-04:00,2022-07-08 10:30:00-04:00,lower,11689.07406564783,2022-06-12 18:01:00-04:00
1143_upper,1143,2022-06-13,2022-06-13 10:30:00-04:00,2022-07-11 10:30:00-04:00,upper,11783.610738935278,2022-06-15 15:33:00-04:00
1143_lower,1143,2022-06-13,2022-06-13 10:30:00-04:00,2022-07-11 10:30:00-04:00,lower,11219.639261064722,2022-06-16 10:05:00-04:00
1144_upper,1144,2022-06-14,2022-06-14 10:30:00-04:00,2022-07-12 10:30:00-04:00,upper,11673.508306826196,2022-06-15 14:41:00-04:00
1144_lower,1144,2022-06-14,2022-06-14 10:30:00-04:00,2022-07-12 10:30:00-04:00,lower,11103.741693173804,2022-06-16 14:08:00-04:00
1145_upper,1145,2022-06-15,2022-06-15 10:30:00-04:00,2022-07-13 10:30:00-04:00,upper,11746.168382865158,2022-06-15 14:45:00-04:00
1145_lower,1145,2022-06-15,2022-06-15 10:30:00-04:00,2022-07-13 10:30:00-04:00,lower,11257.956617134842,2022-06-16 09:54:00-04:00
1146_upper,1146,2022-06-16,2022-06-16 10:30:00-04:00,2022-07-14 10:30:00-04:00,upper,11554.674231574641,2022-06-21 09:35:00-04:00
1146_lower,1146,2022-06-16,2022-06-16 10:30:00-04:00,2022-07-14 10:30:00-04:00,lower,11050.700768425359,
1147_upper,1147,2022-06-17,2022-06-17 10:30:00-04:00,2022-07-15 10:30:00-04:00,upper,11507.124027557198,2022-06-21 03:31:00-04:00
1147_lower,1147,2022-06-17,2022-06-17 10:30:00-04:00,2022-07-15 10:30:00-04:00,lower,10948.875972442802,
1148_upper,1148,2022-06-20,2022-06-20 10:30:00-04:00,2022-07-18 10:30:00-04:00,upper,11550.179976842752,2022-06-21 09:35:00-04:00
1148_lower,1148,2022-06-20,2022-06-20 10:30:00-04:00,2022-07-18 10:30:00-04:00,lower,11175.195023157248,
1149_upper,1149,2022-06-21,2022-06-21 10:30:00-04:00,2022-07-19 10:30:00-04:00,upper,11818.83622306228,2022-06-23 22:40:00-04:00
1149_lower,1149,2022-06-21,2022-06-21 10:30:00-04:00,2022-07-19 10:30:00-04:00,lower,11233.16377693772,
1150_upper,1150,2022-06-22,2022-06-22 10:30:00-04:00,2022-07-20 10:30:00-04:00,upper,11874.846477759074,2022-06-24 01:39:00-04:00
1150_lower,1150,2022-06-22,2022-06-22 10:30:00-04:00,2022-07-20 10:30:00-04:00,lower,11176.778522240926,
1151_upper,1151,2022-06-23,2022-06-23 10:30:00-04:00,2022-07-21 10:30:00-04:00,upper,11895.125130442535,2022-06-24 09:32:00-04:00
1151_lower,1151,2022-06-23,2022-06-23 10:30:00-04:00,2022-07-21 10:30:00-04:00,lower,11380.624869557465,2022-06-30 10:02:00-04:00
1152_upper,1152,2022-06-24,2022-06-24 10:30:00-04:00,2022-07-22 10:30:00-04:00,upper,12236.810160825215,2022-06-27 03:34:00-04:00
1152_lower,1152,2022-06-24,2022-06-24 10:30:00-04:00,2022-07-22 10:30:00-04:00,lower,11573.314839174785,2022-06-29 09:45:00-04:00
1153_upper,1153,2022-06-27,2022-06-27 10:30:00-04:00,2022-07-25 10:30:00-04:00,upper,12442.439464275212,2022-07-20 10:47:00-04:00
1153_lower,1153,2022-06-27,2022-06-27 10:30:00-04:00,2022-07-25 10:30:00-04:00,lower,11863.310535724788,2022-06-28 11:29:00-04:00
1154_upper,1154,2022-06-28,2022-06-28 10:30:00-04:00,2022-07-26 10:30:00-04:00,upper,12354.526735464444,2022-07-19 22:36:00-04:00
1154_lower,1154,2022-06-28,2022-06-28 10:30:00-04:00,2022-07-26 10:30:00-04:00,lower,11791.973264535556,2022-06-28 11:55:00-04:00
1155_upper,1155,2022-06-29,2022-06-29 10:30:00-04:00,2022-07-27 10:30:00-04:00,upper,11946.652302507984,2022-07-06 15:11:00-04:00
1155_lower,1155,2022-06-29,2022-06-29 10:30:00-04:00,2022-07-27 10:30:00-04:00,lower,11378.472697492016,2022-06-30 10:02:00-04:00
1156_upper,1156,2022-06-30,2022-06-30 10:30:00-04:00,2022-07-28 10:30:00-04:00,upper,11834.978672108253,2022-07-05 18:19:00-04:00
1156_lower,1156,2022-06-30,2022-06-30 10:30:00-04:00,2022-07-28 10:30:00-04:00,lower,11189.521327891747,
1157_upper,1157,2022-07-01,2022-07-01 10:30:00-04:00,2022-07-29 10:30:00-04:00,upper,11796.79142886207,2022-07-05 15:28:00-04:00
1157_lower,1157,2022-07-01,2022-07-01 10:30:00-04:00,2022-07-29 10:30:00-04:00,lower,11200.58357113793,
1158_upper,1158,2022-07-04,2022-07-04 10:30:00-04:00,2022-08-01 10:30:00-04:00,upper,11729.578380953579,2022-07-04 19:06:00-04:00
1158_lower,1158,2022-07-04,2022-07-04 10:30:00-04:00,2022-08-01 10:30:00-04:00,lower,11388.921619046421,
1159_upper,1159,2022-07-05,2022-07-05 10:30:00-04:00,2022-08-02 10:30:00-04:00,upper,11690.040230887342,2022-07-05 13:36:00-04:00
1159_lower,1159,2022-07-05,2022-07-05 10:30:00-04:00,2022-08-02 10:30:00-04:00,lower,11217.834769112658,
1160_upper,1160,2022-07-06,2022-07-06 10:30:00-04:00,2022-08-03 10:30:00-04:00,upper,12064.931469469657,2022-07-07 10:52:00-04:00
1160_lower,1160,2022-07-06,2022-07-06 10:30:00-04:00,2022-08-03 10:30:00-04:00,lower,11579.068530530343,2022-07-13 08:30:00-04:00
1161_upper,1161,2022-07-07,2022-07-07 10:30:00-04:00,2022-08-04 10:30:00-04:00,upper,12194.752449156924,2022-07-08 11:24:00-04:00
1161_lower,1161,2022-07-07,2022-07-07 10:30:00-04:00,2022-08-04 10:30:00-04:00,lower,11709.247550843076,2022-07-13 08:30:00-04:00
1162_upper,1162,2022-07-08,2022-07-08 10:30:00-04:00,2022-08-05 10:30:00-04:00,upper,12286.607287286239,2022-07-19 15:46:00-04:00
1162_lower,1162,2022-07-08,2022-07-08 10:30:00-04:00,2022-08-05 10:30:00-04:00,lower,11783.392712713761,2022-07-12 02:01:00-04:00
1163_upper,1163,2022-07-11,2022-07-11 10:30:00-04:00,2022-08-08 10:30:00-04:00,upper,12292.55352235163,2022-07-19 16:00:00-04:00
1163_lower,1163,2022-07-11,2022-07-11 10:30:00-04:00,2022-08-08 10:30:00-04:00,lower,11715.07147764837,2022-07-12 15:37:00-04:00
1164_upper,1164,2022-07-12,2022-07-12 10:30:00-04:00,2022-08-09 10:30:00-04:00,upper,12233.847106897418,2022-07-19 13:39:00-04:00
1164_lower,1164,2022-07-12,2022-07-12 10:30:00-04:00,2022-08-09 10:30:00-04:00,lower,11624.902893102582,2022-07-13 08:30:00-04:00
1165_upper,1165,2022-07-13,2022-07-13 10:30:00-04:00,2022-08-10 10:30:00-04:00,upper,11849.009398831175,2022-07-13 13:02:00-04:00
1165_lower,1165,2022-07-13,2022-07-13 10:30:00-04:00,2022-08-10 10:30:00-04:00,lower,11305.490601168825,
1166_upper,1166,2022-07-14,2022-07-14 10:30:00-04:00,2022-08-11 10:30:00-04:00,upper,11888.583341969457,2022-07-15 08:48:00-04:00
1166_lower,1166,2022-07-14,2022-07-14 10:30:00-04:00,2022-08-11 10:30:00-04:00,lower,11351.541658030543,
1167_upper,1167,2022-07-15,2022-07-15 10:30:00-04:00,2022-08-12 10:30:00-04:00,upper,12162.60462922617,2022-07-18 03:37:00-04:00
1167_lower,1167,2022-07-15,2022-07-15 10:30:00-04:00,2022-08-12 10:30:00-04:00,lower,11682.89537077383,
1168_upper,1168,2022-07-18,2022-07-18 10:30:00-04:00,2022-08-15 10:30:00-04:00,upper,12333.065894798583,2022-07-19 18:00:00-04:00
1168_lower,1168,2022-07-18,2022-07-18 10:30:00-04:00,2022-08-15 10:30:00-04:00,lower,11929.309105201417,2022-07-18 14:53:00-04:00
1169_upper,1169,2022-07-19,2022-07-19 10:30:00-04:00,2022-08-16 10:30:00-04:00,upper,12267.331807828947,2022-07-19 14:04:00-04:00
1169_lower,1169,2022-07-19,2022-07-19 10:30:00-04:00,2022-08-16 10:30:00-04:00,lower,11839.543192171053,
1170_upper,1170,2022-07-20,2022-07-20 10:30:00-04:00,2022-08-17 10:30:00-04:00,upper,12544.34347200561,2022-07-21 08:43:00-04:00
1170_lower,1170,2022-07-20,2022-07-20 10:30:00-04:00,2022-08-17 10:30:00-04:00,lower,12071.40652799439,
1171_upper,1171,2022-07-21,2022-07-21 10:30:00-04:00,2022-08-18 10:30:00-04:00,upper,12730.79813532672,2022-07-28 13:42:00-04:00
1171_lower,1171,2022-07-21,2022-07-21 10:30:00-04:00,2022-08-18 10:30:00-04:00,lower,12210.07686467328,2022-07-26 09:45:00-04:00
1172_upper,1172,2022-07-22,2022-07-22 10:30:00-04:00,2022-08-19 10:30:00-04:00,upper,12860.228461000692,2022-07-28 16:30:00-04:00
1172_lower,1172,2022-07-22,2022-07-22 10:30:00-04:00,2022-08-19 10:30:00-04:00,lower,12367.146538999308,2022-07-22 13:35:00-04:00
1173_upper,1173,2022-07-25,2022-07-25 10:30:00-04:00,2022-08-22 10:30:00-04:00,upper,12639.16047529935,2022-07-27 15:26:00-04:00
1173_lower,1173,2022-07-25,2022-07-25 10:30:00-04:00,2022-08-22 10:30:00-04:00,lower,12151.08952470065,2022-07-26 11:28:00-04:00
1174_upper,1174,2022-07-26,2022-07-26 10:30:00-04:00,2022-08-23 10:30:00-04:00,upper,12473.47231091241,2022-07-27 12:26:00-04:00
1174_lower,1174,2022-07-26,2022-07-26 10:30:00-04:00,2022-08-23 10:30:00-04:00,lower,12034.15268908759,
1175_upper,1175,2022-07-27,2022-07-27 10:30:00-04:00,2022-08-24 10:30:00-04:00,upper,12581.467347272843,2022-07-27 14:44:00-04:00
1175_lower,1175,2022-07-27,2022-07-27 10:30:00-04:00,2022-08-24 10:30:00-04:00,lower,12076.532652727157,
1176_upper,1176,2022-07-28,2022-07-28 10:30:00-04:00,2022-08-25 10:30:00-04:00,upper,12862.365315472802,2022-07-28 16:30:00-04:00
1176_lower,1176,2022-07-28,2022-07-28 10:30:00-04:00,2022-08-25 10:30:00-04:00,lower,12297.134684527198,
1177_upper,1177,2022-07-29,2022-07-29 10:30:00-04:00,2022-08-26 10:30:00-04:00,upper,13088.189952220942,2022-08-01 10:51:00-04:00
1177_lower,1177,2022-07-29,2022-07-29 10:30:00-04:00,2022-08-26 10:30:00-04:00,lower,12552.810047779058,
1178_upper,1178,2022-08-01,2022-08-01 10:30:00-04:00,2022-08-29 10:30:00-04:00,upper,13213.492773728021,2022-08-03 11:40:00-04:00
1178_lower,1178,2022-08-01,2022-08-01 10:30:00-04:00,2022-08-29 10:30:00-04:00,lower,12643.507226271979,2022-08-26 15:42:00-04:00
1179_upper,1179,2022-08-02,2022-08-02 10:30:00-04:00,2022-08-30 10:30:00-04:00,upper,13108.99430266321,2022-08-03 09:56:00-04:00
1179_lower,1179,2022-08-02,2022-08-02 10:30:00-04:00,2022-08-30 10:30:00-04:00,lower,12644.13069733679,2022-08-26 15:41:00-04:00
1180_upper,1180,2022-08-03,2022-08-03 10:30:00-04:00,2022-08-31 10:30:00-04:00,upper,13312.843340278974,2022-08-04 06:04:00-04:00
1180_lower,1180,2022-08-03,2022-08-03 10:30:00-04:00,2022-08-31 10:30:00-04:00,lower,12761.781659721026,2022-08-26 12:21:00-04:00
1181_upper,1181,2022-08-04,2022-08-04 10:30:00-04:00,2022-09-01 10:30:00-04:00,upper,13494.733078156496,2022-08-11 08:30:00-04:00
1181_lower,1181,2022-08-04,2022-08-04 10:30:00-04:00,2022-09-01 10:30:00-04:00,lower,13061.266921843504,2022-08-09 09:31:00-04:00
1182_upper,1182,2022-08-05,2022-08-05 10:30:00-04:00,2022-09-02 10:30:00-04:00,upper,13439.758793471228,2022-08-10 20:27:00-04:00
1182_lower,1182,2022-08-05,2022-08-05 10:30:00-04:00,2022-09-02 10:30:00-04:00,lower,12890.741206528772,2022-08-22 14:53:00-04:00
1183_upper,1183,2022-08-08,2022-08-08 10:30:00-04:00,2022-09-05 10:30:00-04:00,upper,13561.306199819333,2022-08-11 10:15:00-04:00
1183_lower,1183,2022-08-08,2022-08-08 10:30:00-04:00,2022-09-05 10:30:00-04:00,lower,13028.568800180667,2022-08-09 09:53:00-04:00
1184_upper,1184,2022-08-09,2022-08-09 10:30:00-04:00,2022-09-06 10:30:00-04:00,upper,13302.994635853946,2022-08-10 08:30:00-04:00
1184_lower,1184,2022-08-09,2022-08-09 10:30:00-04:00,2022-09-06 10:30:00-04:00,lower,12840.755364146054,2022-08-23 02:21:00-04:00
1185_upper,1185,2022-08-10,2022-08-10 10:30:00-04:00,2022-09-07 10:30:00-04:00,upper,13539.715846427483,2022-08-11 10:05:00-04:00
1185_lower,1185,2022-08-10,2022-08-10 10:30:00-04:00,2022-09-07 10:30:00-04:00,lower,13096.909153572517,2022-08-22 03:51:00-04:00
1186_upper,1186,2022-08-11,2022-08-11 10:30:00-04:00,2022-09-08 10:30:00-04:00,upper,13712.848695553943,2022-08-16 14:02:00-04:00
1186_lower,1186,2022-08-11,2022-08-11 10:30:00-04:00,2022-09-08 10:30:00-04:00,lower,13291.901304446057,2022-08-11 15:12:00-04:00
1187_upper,1187,2022-08-12,2022-08-12 10:30:00-04:00,2022-09-09 10:30:00-04:00,upper,13606.256169569082,2022-08-15 09:54:00-04:00
1187_lower,1187,2022-08-12,2022-08-12 10:30:00-04:00,2022-09-09 10:30:00-04:00,lower,13207.118830430918,2022-08-21 18:00:00-04:00
1188_upper,1188,2022-08-15,2022-08-15 10:30:00-04:00,2022-09-12 10:30:00-04:00,upper,13753.179360078027,
1188_lower,1188,2022-08-15,2022-08-15 10:30:00-04:00,2022-09-12 10:30:00-04:00,lower,13365.945639921973,2022-08-19 06:43:00-04:00
1189_upper,1189,2022-08-16,2022-08-16 10:30:00-04:00,2022-09-13 10:30:00-04:00,upper,13827.796727098765,
1189_lower,1189,2022-08-16,2022-08-16 10:30:00-04:00,2022-09-13 10:30:00-04:00,lower,13416.578272901235,2022-08-17 11:43:00-04:00
1190_upper,1190,2022-08-17,2022-08-17 10:30:00-04:00,2022-09-14 10:30:00-04:00,upper,13711.849974033064,
1190_lower,1190,2022-08-17,2022-08-17 10:30:00-04:00,2022-09-14 10:30:00-04:00,lower,13321.025025966936,2022-08-19 09:50:00-04:00
1191_upper,1191,2022-08-18,2022-08-18 10:30:00-04:00,2022-09-15 10:30:00-04:00,upper,13660.859136484965,
1191_lower,1191,2022-08-18,2022-08-18 10:30:00-04:00,2022-09-15 10:30:00-04:00,lower,13293.015863515035,2022-08-19 10:09:00-04:00
1192_upper,1192,2022-08-19,2022-08-19 10:30:00-04:00,2022-09-16 10:30:00-04:00,upper,13603.127199553064,
1192_lower,1192,2022-08-19,2022-08-19 10:30:00-04:00,2022-09-16 10:30:00-04:00,lower,13148.997800446936,2022-08-22 03:26:00-04:00
1193_upper,1193,2022-08-22,2022-08-22 10:30:00-04:00,2022-09-19 10:30:00-04:00,upper,13271.95737215528,
1193_lower,1193,2022-08-22,2022-08-22 10:30:00-04:00,2022-09-19 10:30:00-04:00,lower,12836.79262784472,2022-08-23 02:36:00-04:00
1194_upper,1194,2022-08-23,2022-08-23 10:30:00-04:00,2022-09-20 10:30:00-04:00,upper,13169.443883299631,2022-08-26 09:03:00-04:00
1194_lower,1194,2022-08-23,2022-08-23 10:30:00-04:00,2022-09-20 10:30:00-04:00,lower,12671.056116700369,2022-08-26 15:34:00-04:00
1195_upper,1195,2022-08-24,2022-08-24 10:30:00-04:00,2022-09-21 10:30:00-04:00,upper,13096.517773170734,2022-08-25 10:25:00-04:00
1195_lower,1195,2022-08-24,2022-08-24 10:30:00-04:00,2022-09-21 10:30:00-04:00,lower,12680.357226829266,2022-08-26 15:12:00-04:00
1196_upper,1196,2022-08-25,2022-08-25 10:30:00-04:00,2022-09-22 10:30:00-04:00,upper,13261.560577271852,
1196_lower,1196,2022-08-25,2022-08-25 10:30:00-04:00,2022-09-22 10:30:00-04:00,lower,12780.064422728148,2022-08-26 11:21:00-04:00
1197_upper,1197,2022-08-26,2022-08-26 10:30:00-04:00,2022-09-23 10:30:00-04:00,upper,13434.960087748866,
1197_lower,1197,2022-08-26,2022-08-26 10:30:00-04:00,2022-09-23 10:30:00-04:00,lower,12776.414912251134,2022-08-26 12:16:00-04:00
1198_upper,1198,2022-08-29,2022-08-29 10:30:00-04:00,2022-09-26 10:30:00-04:00,upper,12763.025908248905,2022-09-12 04:42:00-04:00
1198_lower,1198,2022-08-29,2022-08-29 10:30:00-04:00,2022-09-26 10:30:00-04:00,lower,12284.974091751095,2022-08-30 10:46:00-04:00
1199_upper,1199,2022-08-30,2022-08-30 10:30:00-04:00,2022-09-27 10:30:00-04:00,upper,12821.26914206977,2022-09-12 10:00:00-04:00
1199_lower,1199,2022-08-30,2022-08-30 10:30:00-04:00,2022-09-27 10:30:00-04:00,lower,12227.60585793023,2022-08-31 18:25:00-04:00
1200_upper,1200,2022-08-31,2022-08-31 10:30:00-04:00,2022-09-28 10:30:00-04:00,upper,12706.163063434018,2022-09-11 20:00:00-04:00
1200_lower,1200,2022-08-31,2022-08-31 10:30:00-04:00,2022-09-28 10:30:00-04:00,lower,12215.086936565982,2022-08-31 18:31:00-04:00
1201_upper,1201,2022-09-01,2022-09-01 10:30:00-04:00,2022-09-29 10:30:00-04:00,upper,12400.766479503596,2022-09-02 08:38:00-04:00
1201_lower,1201,2022-09-01,2022-09-01 10:30:00-04:00,2022-09-29 10:30:00-04:00,lower,11931.358520496404,2022-09-06 10:13:00-04:00
1202_upper,1202,2022-09-02,2022-09-02 10:30:00-04:00,2022-09-30 10:30:00-04:00,upper,12628.42996861196,2022-09-11 18:00:00-04:00
1202_lower,1202,2022-09-02,2022-09-02 10:30:00-04:00,2022-09-30 10:30:00-04:00,lower,12122.82003138804,2022-09-02 13:49:00-04:00
1203_upper,1203,2022-09-05,2022-09-05 10:30:00-04:00,2022-10-03 10:30:00-04:00,upper,12300.132367282864,2022-09-07 15:16:00-04:00
1203_lower,1203,2022-09-05,2022-09-05 10:30:00-04:00,2022-10-03 10:30:00-04:00,lower,11943.492632717136,2022-09-06 10:12:00-04:00
1204_upper,1204,2022-09-06,2022-09-06 10:30:00-04:00,2022-10-04 10:30:00-04:00,upper,12406.704601741834,2022-09-09 00:48:00-04:00
1204_lower,1204,2022-09-06,2022-09-06 10:30:00-04:00,2022-10-04 10:30:00-04:00,lower,11771.045398258166,2022-09-21 14:05:00-04:00
1205_upper,1205,2022-09-07,2022-09-07 10:30:00-04:00,2022-10-05 10:30:00-04:00,upper,12276.848520400206,2022-09-07 14:56:00-04:00
1205_lower,1205,2022-09-07,2022-09-07 10:30:00-04:00,2022-10-05 10:30:00-04:00,lower,11841.776479599794,2022-09-16 08:57:00-04:00
1206_upper,1206,2022-09-08,2022-09-08 10:30:00-04:00,2022-10-06 10:30:00-04:00,upper,12452.290778087321,2022-09-09 03:27:00-04:00
1206_lower,1206,2022-09-08,2022-09-08 10:30:00-04:00,2022-10-06 10:30:00-04:00,lower,11924.709221912679,2022-09-15 18:02:00-04:00
1207_upper,1207,2022-09-09,2022-09-09 10:30:00-04:00,2022-10-07 10:30:00-04:00,upper,12679.130617017196,2022-09-11 18:03:00-04:00
1207_lower,1207,2022-09-09,2022-09-09 10:30:00-04:00,2022-10-07 10:30:00-04:00,lower,12217.994382982804,2022-09-13 14:52:00-04:00
1208_upper,1208,2022-09-12,2022-09-12 10:30:00-04:00,2022-10-10 10:30:00-04:00,upper,12973.35751315287,2022-09-13 08:30:00-04:00
1208_lower,1208,2022-09-12,2022-09-12 10:30:00-04:00,2022-10-10 10:30:00-04:00,lower,12534.14248684713,2022-09-13 08:38:00-04:00
1209_upper,1209,2022-09-13,2022-09-13 10:30:00-04:00,2022-10-11 10:30:00-04:00,upper,12687.182089144611,
1209_lower,1209,2022-09-13,2022-09-13 10:30:00-04:00,2022-10-11 10:30:00-04:00,lower,12201.692910855389,2022-09-13 15:07:00-04:00
1210_upper,1210,2022-09-14,2022-09-14 10:30:00-04:00,2022-10-12 10:30:00-04:00,upper,12395.609809998852,
1210_lower,1210,2022-09-14,2022-09-14 10:30:00-04:00,2022-10-12 10:30:00-04:00,lower,11928.390190001148,2022-09-15 18:00:00-04:00
1211_upper,1211,2022-09-15,2022-09-15 10:30:00-04:00,2022-10-13 10:30:00-04:00,upper,12387.186833838976,
1211_lower,1211,2022-09-15,2022-09-15 10:30:00-04:00,2022-10-13 10:30:00-04:00,lower,11913.313166161024,2022-09-15 18:04:00-04:00
1212_upper,1212,2022-09-16,2022-09-16 10:30:00-04:00,2022-10-14 10:30:00-04:00,upper,12065.040651325955,2022-09-19 16:01:00-04:00
1212_lower,1212,2022-09-16,2022-09-16 10:30:00-04:00,2022-10-14 10:30:00-04:00,lower,11635.459348674045,2022-09-21 18:44:00-04:00
1213_upper,1213,2022-09-19,2022-09-19 10:30:00-04:00,2022-10-17 10:30:00-04:00,upper,12074.777340173583,2022-09-19 19:51:00-04:00
1213_lower,1213,2022-09-19,2022-09-19 10:30:00-04:00,2022-10-17 10:30:00-04:00,lower,11620.722659826417,2022-09-21 18:52:00-04:00
1214_upper,1214,2022-09-20,2022-09-20 10:30:00-04:00,2022-10-18 10:30:00-04:00,upper,12098.822796066703,2022-09-21 14:45:00-04:00
1214_lower,1214,2022-09-20,2022-09-20 10:30:00-04:00,2022-10-18 10:30:00-04:00,lower,11735.177203933297,2022-09-21 15:45:00-04:00
1215_upper,1215,2022-09-21,2022-09-21 10:30:00-04:00,2022-10-19 10:30:00-04:00,upper,12153.086059197149,
1215_lower,1215,2022-09-21,2022-09-21 10:30:00-04:00,2022-10-19 10:30:00-04:00,lower,11778.288940802851,2022-09-21 14:05:00-04:00
1216_upper,1216,2022-09-22,2022-09-22 10:30:00-04:00,2022-10-20 10:30:00-04:00,upper,11859.62175271978,
1216_lower,1216,2022-09-22,2022-09-22 10:30:00-04:00,2022-10-20 10:30:00-04:00,lower,11406.62824728022,2022-09-23 06:46:00-04:00
1217_upper,1217,2022-09-23,2022-09-23 10:30:00-04:00,2022-10-21 10:30:00-04:00,upper,11665.171376283719,2022-10-04 10:12:00-04:00
1217_lower,1217,2022-09-23,2022-09-23 10:30:00-04:00,2022-10-21 10:30:00-04:00,lower,11200.453623716281,2022-09-27 22:19:00-04:00
1218_upper,1218,2022-09-26,2022-09-26 10:30:00-04:00,2022-10-24 10:30:00-04:00,upper,11682.643719453361,2022-10-05 15:13:00-04:00
1218_lower,1218,2022-09-26,2022-09-26 10:30:00-04:00,2022-10-24 10:30:00-04:00,lower,11109.481280546639,2022-09-29 14:03:00-04:00
1219_upper,1219,2022-09-27,2022-09-27 10:30:00-04:00,2022-10-25 10:30:00-04:00,upper,11751.904016106326,
1219_lower,1219,2022-09-27,2022-09-27 10:30:00-04:00,2022-10-25 10:30:00-04:00,lower,11205.345983893674,2022-09-27 22:12:00-04:00
1220_upper,1220,2022-09-28,2022-09-28 10:30:00-04:00,2022-10-26 10:30:00-04:00,upper,11592.732172153286,2022-09-28 15:42:00-04:00
1220_lower,1220,2022-09-28,2022-09-28 10:30:00-04:00,2022-10-26 10:30:00-04:00,lower,11076.392827846714,2022-09-30 15:50:00-04:00
1221_upper,1221,2022-09-29,2022-09-29 10:30:00-04:00,2022-10-27 10:30:00-04:00,upper,11659.698774180375,2022-10-04 10:01:00-04:00
1221_lower,1221,2022-09-29,2022-09-29 10:30:00-04:00,2022-10-27 10:30:00-04:00,lower,11007.926225819625,2022-10-02 18:00:00-04:00
1222_upper,1222,2022-09-30,2022-09-30 10:30:00-04:00,2022-10-28 10:30:00-04:00,upper,11443.811619535041,2022-10-04 02:46:00-04:00
1222_lower,1222,2022-09-30,2022-09-30 10:30:00-04:00,2022-10-28 10:30:00-04:00,lower,10951.813380464959,2022-10-02 19:52:00-04:00
1223_upper,1223,2022-10-03,2022-10-03 10:30:00-04:00,2022-10-31 10:30:00-04:00,upper,11394.19061439567,2022-10-03 20:17:00-04:00
1223_lower,1223,2022-10-03,2022-10-03 10:30:00-04:00,2022-10-31 10:30:00-04:00,lower,10839.30938560433,2022-10-11 09:56:00-04:00
1224_upper,1224,2022-10-04,2022-10-04 10:30:00-04:00,2022-11-01 10:30:00-04:00,upper,11813.604004412913,
1224_lower,1224,2022-10-04,2022-10-04 10:30:00-04:00,2022-11-01 10:30:00-04:00,lower,11293.145995587087,2022-10-07 09:44:00-04:00
1225_upper,1225,2022-10-05,2022-10-05 10:30:00-04:00,2022-11-02 10:30:00-04:00,upper,11733.278683210241,2022-10-25 16:00:00-04:00
1225_lower,1225,2022-10-05,2022-10-05 10:30:00-04:00,2022-11-02 10:30:00-04:00,lower,11210.846316789759,2022-10-07 10:01:00-04:00
1226_upper,1226,2022-10-06,2022-10-06 10:30:00-04:00,2022-11-03 10:30:00-04:00,upper,11894.409142432909,
1226_lower,1226,2022-10-06,2022-10-06 10:30:00-04:00,2022-11-03 10:30:00-04:00,lower,11320.090857567091,2022-10-07 08:51:00-04:00
1227_upper,1227,2022-10-07,2022-10-07 10:30:00-04:00,2022-11-04 10:30:00-04:00,upper,11564.971176348332,2022-10-25 09:31:00-04:00
1227_lower,1227,2022-10-07,2022-10-07 10:30:00-04:00,2022-11-04 10:30:00-04:00,lower,11058.028823651668,2022-10-07 15:31:00-04:00
1228_upper,1228,2022-10-10,2022-10-10 10:30:00-04:00,2022-11-07 10:30:00-05:00,upper,11334.338081071022,2022-10-18 00:18:00-04:00
1228_lower,1228,2022-10-10,2022-10-10 10:30:00-04:00,2022-11-07 10:30:00-05:00,lower,10828.911918928978,2022-10-11 09:58:00-04:00
1229_upper,1229,2022-10-11,2022-10-11 10:30:00-04:00,2022-11-08 10:30:00-05:00,upper,11160.575769298055,2022-10-13 22:31:00-04:00
1229_lower,1229,2022-10-11,2022-10-11 10:30:00-04:00,2022-11-08 10:30:00-05:00,lower,10626.049230701945,2022-10-13 08:30:00-04:00
1230_upper,1230,2022-10-12,2022-10-12 10:30:00-04:00,2022-11-09 10:30:00-05:00,upper,11128.463254580478,2022-10-13 15:07:00-04:00
1230_lower,1230,2022-10-12,2022-10-12 10:30:00-04:00,2022-11-09 10:30:00-05:00,lower,10612.661745419522,2022-10-13 08:30:00-04:00
1231_upper,1231,2022-10-13,2022-10-13 10:30:00-04:00,2022-11-10 10:30:00-05:00,upper,10864.066575447918,2022-10-13 11:17:00-04:00
1231_lower,1231,2022-10-13,2022-10-13 10:30:00-04:00,2022-11-10 10:30:00-05:00,lower,10249.808424552082,
1232_upper,1232,2022-10-14,2022-10-14 10:30:00-04:00,2022-11-11 10:30:00-05:00,upper,11520.847326126568,2022-10-23 18:06:00-04:00
1232_lower,1232,2022-10-14,2022-10-14 10:30:00-04:00,2022-11-11 10:30:00-05:00,lower,10694.152673873432,2022-11-03 18:14:00-04:00
1233_upper,1233,2022-10-17,2022-10-17 10:30:00-04:00,2022-11-14 10:30:00-05:00,upper,11282.132898557971,2022-10-17 23:42:00-04:00
1233_lower,1233,2022-10-17,2022-10-17 10:30:00-04:00,2022-11-14 10:30:00-05:00,lower,10785.242101442029,2022-11-03 09:44:00-04:00
1234_upper,1234,2022-10-18,2022-10-18 10:30:00-04:00,2022-11-15 10:30:00-05:00,upper,11657.433404218707,2022-10-25 09:55:00-04:00
1234_lower,1234,2022-10-18,2022-10-18 10:30:00-04:00,2022-11-15 10:30:00-05:00,lower,11088.691595781293,2022-10-18 11:38:00-04:00
1235_upper,1235,2022-10-19,2022-10-19 10:30:00-04:00,2022-11-16 10:30:00-05:00,upper,11436.856393169684,2022-10-23 18:00:00-04:00
1235_lower,1235,2022-10-19,2022-10-19 10:30:00-04:00,2022-11-16 10:30:00-05:00,lower,10890.143606830316,2022-11-03 06:18:00-04:00
1236_upper,1236,2022-10-20,2022-10-20 10:30:00-04:00,2022-11-17 10:30:00-05:00,upper,11482.102199235662,2022-10-23 18:01:00-04:00
1236_lower,1236,2022-10-20,2022-10-20 10:30:00-04:00,2022-11-17 10:30:00-05:00,lower,10838.772800764338,2022-11-03 07:28:00-04:00
1237_upper,1237,2022-10-21,2022-10-21 10:30:00-04:00,2022-11-18 10:30:00-05:00,upper,11389.280389461659,2022-10-23 18:00:00-04:00
1237_lower,1237,2022-10-21,2022-10-21 10:30:00-04:00,2022-11-18 10:30:00-05:00,lower,10764.719610538341,2022-11-03 09:45:00-04:00
1238_upper,1238,2022-10-24,2022-10-24 10:30:00-04:00,2022-11-21 10:30:00-05:00,upper,11643.776491612476,2022-10-25 09:54:00-04:00
1238_lower,1238,2022-10-24,2022-10-24 10:30:00-04:00,2022-11-21 10:30:00-05:00,lower,11032.598508387524,2022-10-27 16:17:00-04:00
1239_upper,1239,2022-10-25,2022-10-25 10:30:00-04:00,2022-11-22 10:30:00-05:00,upper,11810.328464054153,2022-11-11 13:19:00-05:00
1239_lower,1239,2022-10-25,2022-10-25 10:30:00-04:00,2022-11-22 10:30:00-05:00,lower,11295.296535945847,2022-10-27 09:51:00-04:00
1240_upper,1240,2022-10-26,2022-10-26 10:30:00-04:00,2022-11-23 10:30:00-05:00,upper,11747.73290059356,2022-11-11 02:46:00-05:00
1240_lower,1240,2022-10-26,2022-10-26 10:30:00-04:00,2022-11-23 10:30:00-05:00,lower,11237.51709940644,2022-10-27 14:11:00-04:00
1241_upper,1241,2022-10-27,2022-10-27 10:30:00-04:00,2022-11-24 10:30:00-05:00,upper,11666.259657022249,2022-11-10 16:44:00-05:00
1241_lower,1241,2022-10-27,2022-10-27 10:30:00-04:00,2022-11-24 10:30:00-05:00,lower,11098.615342977751,2022-10-27 16:02:00-04:00
1242_upper,1242,2022-10-28,2022-10-28 10:30:00-04:00,2022-11-25 10:30:00-05:00,upper,11548.815267270762,2022-10-28 13:37:00-04:00
1242_lower,1242,2022-10-28,2022-10-28 10:30:00-04:00,2022-11-25 10:30:00-05:00,lower,10973.809732729238,2022-11-02 15:50:00-04:00
1243_upper,1243,2022-10-31,2022-10-31 10:30:00-04:00,2022-11-28 10:30:00-05:00,upper,11701.105117735204,2022-11-11 00:48:00-05:00
1243_lower,1243,2022-10-31,2022-10-31 10:30:00-04:00,2022-11-28 10:30:00-05:00,lower,11242.269882264796,2022-11-02 11:13:00-04:00
1244_upper,1244,2022-11-01,2022-11-01 10:30:00-04:00,2022-11-29 10:30:00-05:00,upper,11855.50164933921,2022-11-11 14:05:00-05:00
1244_lower,1244,2022-11-01,2022-11-01 10:30:00-04:00,2022-11-29 10:30:00-05:00,lower,11236.87335066079,2022-11-02 11:13:00-04:00
1245_upper,1245,2022-11-02,2022-11-02 10:30:00-04:00,2022-11-30 10:30:00-05:00,upper,11503.074973936755,2022-11-10 13:48:00-05:00
1245_lower,1245,2022-11-02,2022-11-02 10:30:00-04:00,2022-11-30 10:30:00-05:00,lower,11127.300026063245,2022-11-02 14:53:00-04:00
1246_upper,1246,2022-11-03,2022-11-03 10:30:00-04:00,2022-12-01 10:30:00-05:00,upper,11030.237080781382,2022-11-07 15:18:00-05:00
1246_lower,1246,2022-11-03,2022-11-03 10:30:00-04:00,2022-12-01 10:30:00-05:00,lower,10577.262919218618,
1247_upper,1247,2022-11-04,2022-11-04 10:30:00-04:00,2022-12-02 10:30:00-05:00,upper,11188.704532147514,2022-11-08 11:29:00-05:00
1247_lower,1247,2022-11-04,2022-11-04 10:30:00-04:00,2022-12-02 10:30:00-05:00,lower,10587.670467852486,
1248_upper,1248,2022-11-07,2022-11-07 10:30:00-05:00,2022-12-05 10:30:00-05:00,upper,11131.65562868064,2022-11-08 10:48:00-05:00
1248_lower,1248,2022-11-07,2022-11-07 10:30:00-05:00,2022-12-05 10:30:00-05:00,lower,10715.09437131936,
1249_upper,1249,2022-11-08,2022-11-08 10:30:00-05:00,2022-12-06 10:30:00-05:00,upper,11265.117067630265,2022-11-10 08:45:00-05:00
1249_lower,1249,2022-11-08,2022-11-08 10:30:00-05:00,2022-12-06 10:30:00-05:00,lower,10870.507932369735,2022-11-09 13:35:00-05:00
1250_upper,1250,2022-11-09,2022-11-09 10:30:00-05:00,2022-12-07 10:30:00-05:00,upper,11198.403031557606,2022-11-10 08:30:00-05:00
1250_lower,1250,2022-11-09,2022-11-09 10:30:00-05:00,2022-12-07 10:30:00-05:00,lower,10825.096968442394,2022-11-09 15:48:00-05:00
1251_upper,1251,2022-11-10,2022-11-10 10:30:00-05:00,2022-12-08 10:30:00-05:00,upper,11642.144347547288,2022-11-10 15:55:00-05:00
1251_lower,1251,2022-11-10,2022-11-10 10:30:00-05:00,2022-12-08 10:30:00-05:00,lower,11083.480652452712,
1252_upper,1252,2022-11-11,2022-11-11 10:30:00-05:00,2022-12-09 10:30:00-05:00,upper,11911.900365803349,2022-11-15 07:27:00-05:00
1252_lower,1252,2022-11-11,2022-11-11 10:30:00-05:00,2022-12-09 10:30:00-05:00,lower,11377.599634196651,
1253_upper,1253,2022-11-14,2022-11-14 10:30:00-05:00,2022-12-12 10:30:00-05:00,upper,11963.510825379766,2022-11-15 08:30:00-05:00
1253_lower,1253,2022-11-14,2022-11-14 10:30:00-05:00,2022-12-12 10:30:00-05:00,lower,11555.739174620234,2022-11-17 09:00:00-05:00
1254_upper,1254,2022-11-15,2022-11-15 10:30:00-05:00,2022-12-13 10:30:00-05:00,upper,12218.957330024152,2022-12-13 08:30:00-05:00
1254_lower,1254,2022-11-15,2022-11-15 10:30:00-05:00,2022-12-13 10:30:00-05:00,lower,11815.542669975848,2022-11-15 13:35:00-05:00
1255_upper,1255,2022-11-16,2022-11-16 10:30:00-05:00,2022-12-14 10:30:00-05:00,upper,12011.426465577151,2022-11-30 15:51:00-05:00
1255_lower,1255,2022-11-16,2022-11-16 10:30:00-05:00,2022-12-14 10:30:00-05:00,lower,11592.448534422849,2022-11-17 08:08:00-05:00
1256_upper,1256,2022-11-17,2022-11-17 10:30:00-05:00,2022-12-15 10:30:00-05:00,upper,11797.285748835813,2022-11-18 05:40:00-05:00
1256_lower,1256,2022-11-17,2022-11-17 10:30:00-05:00,2022-12-15 10:30:00-05:00,lower,11361.964251164187,
1257_upper,1257,2022-11-18,2022-11-18 10:30:00-05:00,2022-12-16 10:30:00-05:00,upper,12047.663495039484,2022-11-30 15:59:00-05:00
1257_lower,1257,2022-11-18,2022-11-18 10:30:00-05:00,2022-12-16 10:30:00-05:00,lower,11549.211504960516,2022-11-22 03:32:00-05:00
1258_upper,1258,2022-11-21,2022-11-21 10:30:00-05:00,2022-12-19 10:30:00-05:00,upper,11849.28186562853,2022-11-23 09:54:00-05:00
1258_lower,1258,2022-11-21,2022-11-21 10:30:00-05:00,2022-12-19 10:30:00-05:00,lower,11443.71813437147,2022-12-07 07:21:00-05:00
1259_upper,1259,2022-11-22,2022-11-22 10:30:00-05:00,2022-12-20 10:30:00-05:00,upper,11790.142005674923,2022-11-23 07:40:00-05:00
1259_lower,1259,2022-11-22,2022-11-22 10:30:00-05:00,2022-12-20 10:30:00-05:00,lower,11404.857994325077,2022-12-15 13:53:00-05:00
1260_upper,1260,2022-11-23,2022-11-23 10:30:00-05:00,2022-12-21 10:30:00-05:00,upper,11983.179621387804,2022-11-30 15:32:00-05:00
1260_lower,1260,2022-11-23,2022-11-23 10:30:00-05:00,2022-12-21 10:30:00-05:00,lower,11573.070378612196,2022-11-29 09:45:00-05:00
1261_upper,1261,2022-11-24,2022-11-24 10:30:00-05:00,2022-12-22 10:30:00-05:00,upper,12035.428970513398,2022-11-30 15:59:00-05:00
1261_lower,1261,2022-11-24,2022-11-24 10:30:00-05:00,2022-12-22 10:30:00-05:00,lower,11787.196029486602,2022-11-25 09:31:00-05:00
1262_upper,1262,2022-11-25,2022-11-25 10:30:00-05:00,2022-12-23 10:30:00-05:00,upper,11951.589013564688,2022-11-30 15:17:00-05:00
1262_lower,1262,2022-11-25,2022-11-25 10:30:00-05:00,2022-12-23 10:30:00-05:00,lower,11643.535986435312,2022-11-28 05:02:00-05:00
1263_upper,1263,2022-11-28,2022-11-28 10:30:00-05:00,2022-12-27 10:30:00-05:00,upper,11907.068502293838,2022-11-30 14:19:00-05:00
1263_lower,1263,2022-11-28,2022-11-28 10:30:00-05:00,2022-12-27 10:30:00-05:00,lower,11531.556497706162,2022-11-29 11:08:00-05:00
1264_upper,1264,2022-11-29,2022-11-29 10:30:00-05:00,2022-12-28 10:30:00-05:00,upper,11782.663981839021,2022-11-30 14:00:00-05:00
1264_lower,1264,2022-11-29,2022-11-29 10:30:00-05:00,2022-12-28 10:30:00-05:00,lower,11439.211018160979,2022-12-07 07:27:00-05:00
1265_upper,1265,2022-11-30,2022-11-30 10:30:00-05:00,2022-12-29 10:30:00-05:00,upper,11702.160192032788,2022-11-30 13:39:00-05:00
1265_lower,1265,2022-11-30,2022-11-30 10:30:00-05:00,2022-12-29 10:30:00-05:00,lower,11381.964807967212,2022-12-16 03:14:00-05:00
1266_upper,1266,2022-12-01,2022-12-01 10:30:00-05:00,2022-12-30 10:30:00-05:00,upper,12311.730550911674,2022-12-13 08:30:00-05:00
1266_lower,1266,2022-12-01,2022-12-01 10:30:00-05:00,2022-12-30 10:30:00-05:00,lower,11789.394449088326,2022-12-02 08:31:00-05:00
1267_upper,1267,2022-12-02,2022-12-02 10:30:00-05:00,2023-01-03 10:30:00-05:00,upper,12062.801644800851,2022-12-13 08:29:00-05:00
1267_lower,1267,2022-12-02,2022-12-02 10:30:00-05:00,2023-01-03 10:30:00-05:00,lower,11677.698355199149,2022-12-06 09:57:00-05:00
1268_upper,1268,2022-12-05,2022-12-05 10:30:00-05:00,2023-01-04 10:30:00-05:00,upper,12101.919002100312,2022-12-13 08:29:00-05:00
1268_lower,1268,2022-12-05,2022-12-05 10:30:00-05:00,2023-01-04 10:30:00-05:00,lower,11735.080997899688,2022-12-06 09:44:00-05:00
1269_upper,1269,2022-12-06,2022-12-06 10:30:00-05:00,2023-01-05 10:30:00-05:00,upper,12005.524176055393,2022-12-13 08:26:00-05:00
1269_lower,1269,2022-12-06,2022-12-06 10:30:00-05:00,2023-01-05 10:30:00-05:00,lower,11501.850823944607,2022-12-07 06:44:00-05:00
1270_upper,1270,2022-12-07,2022-12-07 10:30:00-05:00,2023-01-06 10:30:00-05:00,upper,11739.750537768581,2022-12-09 08:30:00-05:00
1270_lower,1270,2022-12-07,2022-12-07 10:30:00-05:00,2023-01-06 10:30:00-05:00,lower,11288.124462231419,2022-12-16 12:57:00-05:00
1271_upper,1271,2022-12-08,2022-12-08 10:30:00-05:00,2023-01-09 10:30:00-05:00,upper,11820.123539700951,2022-12-12 15:56:00-05:00
1271_lower,1271,2022-12-08,2022-12-08 10:30:00-05:00,2023-01-09 10:30:00-05:00,lower,11315.876460299049,2022-12-16 04:25:00-05:00
1272_upper,1272,2022-12-09,2022-12-09 10:30:00-05:00,2023-01-10 10:30:00-05:00,upper,11796.899491185977,2022-12-12 15:23:00-05:00
1272_lower,1272,2022-12-09,2022-12-09 10:30:00-05:00,2023-01-10 10:30:00-05:00,lower,11410.225508814023,2022-12-15 13:51:00-05:00
1273_upper,1273,2022-12-12,2022-12-12 10:30:00-05:00,2023-01-11 10:30:00-05:00,upper,11855.629740050335,2022-12-13 03:01:00-05:00
1273_lower,1273,2022-12-12,2022-12-12 10:30:00-05:00,2023-01-11 10:30:00-05:00,lower,11529.745259949665,2022-12-15 10:04:00-05:00
1274_upper,1274,2022-12-13,2022-12-13 10:30:00-05:00,2023-01-12 10:30:00-05:00,upper,12532.437508026336,
1274_lower,1274,2022-12-13,2022-12-13 10:30:00-05:00,2023-01-12 10:30:00-05:00,lower,11953.562491973664,2022-12-13 12:10:00-05:00
1275_upper,1275,2022-12-14,2022-12-14 10:30:00-05:00,2023-01-13 10:30:00-05:00,upper,12155.156756543965,
1275_lower,1275,2022-12-14,2022-12-14 10:30:00-05:00,2023-01-13 10:30:00-05:00,lower,11762.843243456035,2022-12-14 14:34:00-05:00
1276_upper,1276,2022-12-15,2022-12-15 10:30:00-05:00,2023-01-16 10:30:00-05:00,upper,11898.601482874616,
1276_lower,1276,2022-12-15,2022-12-15 10:30:00-05:00,2023-01-16 10:30:00-05:00,lower,11408.148517125384,2022-12-15 13:51:00-05:00
1277_upper,1277,2022-12-16,2022-12-16 10:30:00-05:00,2023-01-17 10:30:00-05:00,upper,11644.39805068837,2023-01-17 10:00:00-05:00
1277_lower,1277,2022-12-16,2022-12-16 10:30:00-05:00,2023-01-17 10:30:00-05:00,lower,11199.22694931163,2022-12-19 11:38:00-05:00
1278_upper,1278,2022-12-19,2022-12-19 10:30:00-05:00,2023-01-18 10:30:00-05:00,upper,11527.296038995952,2023-01-12 08:28:00-05:00
1278_lower,1278,2022-12-19,2022-12-19 10:30:00-05:00,2023-01-18 10:30:00-05:00,lower,11121.328961004048,2022-12-19 22:11:00-05:00
1279_upper,1279,2022-12-20,2022-12-20 10:30:00-05:00,2023-01-19 10:30:00-05:00,upper,11365.024092128442,2022-12-21 11:02:00-05:00
1279_lower,1279,2022-12-20,2022-12-20 10:30:00-05:00,2023-01-19 10:30:00-05:00,lower,10915.475907871558,2022-12-22 12:37:00-05:00
1280_upper,1280,2022-12-21,2022-12-21 10:30:00-05:00,2023-01-20 10:30:00-05:00,upper,11423.199070278679,2023-01-11 13:08:00-05:00
1280_lower,1280,2022-12-21,2022-12-21 10:30:00-05:00,2023-01-20 10:30:00-05:00,lower,11036.300929721321,2022-12-22 10:12:00-05:00
1281_upper,1281,2022-12-22,2022-12-22 10:30:00-05:00,2023-01-23 10:30:00-05:00,upper,11402.930779751518,2023-01-11 12:15:00-05:00
1281_lower,1281,2022-12-22,2022-12-22 10:30:00-05:00,2023-01-23 10:30:00-05:00,lower,10906.194220248482,2022-12-22 13:02:00-05:00
1282_upper,1282,2022-12-23,2022-12-23 10:30:00-05:00,2023-01-24 10:30:00-05:00,upper,11211.791251359777,2023-01-09 09:30:00-05:00
1282_lower,1282,2022-12-23,2022-12-23 10:30:00-05:00,2023-01-24 10:30:00-05:00,lower,10777.708748640223,2022-12-28 12:13:00-05:00
1283_upper,1283,2022-12-27,2022-12-27 10:30:00-05:00,2023-01-25 10:30:00-05:00,upper,11232.564966598495,2023-01-09 09:31:00-05:00
1283_lower,1283,2022-12-27,2022-12-27 10:30:00-05:00,2023-01-25 10:30:00-05:00,lower,10794.935033401505,2022-12-28 11:48:00-05:00
1284_upper,1284,2022-12-28,2022-12-28 10:30:00-05:00,2023-01-26 10:30:00-05:00,upper,11119.219818904501,2023-01-02 18:00:00-05:00
1284_lower,1284,2022-12-28,2022-12-28 10:30:00-05:00,2023-01-26 10:30:00-05:00,lower,10710.155181095499,
1285_upper,1285,2022-12-29,2022-12-29 10:30:00-05:00,2023-01-27 10:30:00-05:00,upper,11137.129944162967,2023-01-02 18:00:00-05:00
1285_lower,1285,2022-12-29,2022-12-29 10:30:00-05:00,2023-01-27 10:30:00-05:00,lower,10684.995055837033,
1286_upper,1286,2022-12-30,2022-12-30 10:30:00-05:00,2023-01-30 10:30:00-05:00,upper,11077.538544018415,2023-01-02 18:00:00-05:00
1286_lower,1286,2022-12-30,2022-12-30 10:30:00-05:00,2023-01-30 10:30:00-05:00,lower,10735.586455981585,
1287_upper,1287,2023-01-03,2023-01-03 10:30:00-05:00,2023-01-31 10:30:00-05:00,upper,11388.574377212408,2023-01-11 10:30:00-05:00
1287_lower,1287,2023-01-03,2023-01-03 10:30:00-05:00,2023-01-31 10:30:00-05:00,lower,10779.425622787592,2023-01-06 04:35:00-05:00
1288_upper,1288,2023-01-04,2023-01-04 10:30:00-05:00,2023-02-01 10:30:00-05:00,upper,11242.204783054403,2023-01-09 09:32:00-05:00
1288_lower,1288,2023-01-04,2023-01-04 10:30:00-05:00,2023-02-01 10:30:00-05:00,lower,10746.295216945597,
1289_upper,1289,2023-01-05,2023-01-05 10:30:00-05:00,2023-02-02 10:30:00-05:00,upper,11087.332366046308,2023-01-06 14:10:00-05:00
1289_lower,1289,2023-01-05,2023-01-05 10:30:00-05:00,2023-02-02 10:30:00-05:00,lower,10706.167633953692,
1290_upper,1290,2023-01-06,2023-01-06 10:30:00-05:00,2023-02-03 10:30:00-05:00,upper,11115.160209258342,2023-01-06 14:20:00-05:00
1290_lower,1290,2023-01-06,2023-01-06 10:30:00-05:00,2023-02-03 10:30:00-05:00,lower,10631.464790741658,
1291_upper,1291,2023-01-09,2023-01-09 10:30:00-05:00,2023-02-06 10:30:00-05:00,upper,11430.629767914592,2023-01-11 13:10:00-05:00
1291_lower,1291,2023-01-09,2023-01-09 10:30:00-05:00,2023-02-06 10:30:00-05:00,lower,11028.995232085408,
1292_upper,1292,2023-01-10,2023-01-10 10:30:00-05:00,2023-02-07 10:30:00-05:00,upper,11392.098088903716,2023-01-11 12:10:00-05:00
1292_lower,1292,2023-01-10,2023-01-10 10:30:00-05:00,2023-02-07 10:30:00-05:00,lower,10961.276911096284,
1293_upper,1293,2023-01-11,2023-01-11 10:30:00-05:00,2023-02-08 10:30:00-05:00,upper,11509.481806465741,2023-01-12 08:18:00-05:00
1293_lower,1293,2023-01-11,2023-01-11 10:30:00-05:00,2023-02-08 10:30:00-05:00,lower,11154.143193534259,
1294_upper,1294,2023-01-12,2023-01-12 10:30:00-05:00,2023-02-09 10:30:00-05:00,upper,11716.054661598511,2023-01-18 08:30:00-05:00
1294_lower,1294,2023-01-12,2023-01-12 10:30:00-05:00,2023-02-09 10:30:00-05:00,lower,11188.945338401489,
1295_upper,1295,2023-01-13,2023-01-13 10:30:00-05:00,2023-02-10 10:30:00-05:00,upper,11631.48996521479,2023-01-15 20:58:00-05:00
1295_lower,1295,2023-01-13,2023-01-13 10:30:00-05:00,2023-02-10 10:30:00-05:00,lower,11261.01003478521,
1296_upper,1296,2023-01-16,2023-01-16 10:30:00-05:00,2023-02-13 10:30:00-05:00,upper,11708.830563420666,2023-01-18 08:30:00-05:00
1296_lower,1296,2023-01-16,2023-01-16 10:30:00-05:00,2023-02-13 10:30:00-05:00,lower,11479.044436579334,2023-01-18 15:56:00-05:00
1297_upper,1297,2023-01-17,2023-01-17 10:30:00-05:00,2023-02-14 10:30:00-05:00,upper,11802.650900245913,2023-01-23 09:51:00-05:00
1297_lower,1297,2023-01-17,2023-01-17 10:30:00-05:00,2023-02-14 10:30:00-05:00,lower,11413.349099754087,2023-01-19 05:26:00-05:00
1298_upper,1298,2023-01-18,2023-01-18 10:30:00-05:00,2023-02-15 10:30:00-05:00,upper,11869.08571788345,2023-01-23 10:47:00-05:00
1298_lower,1298,2023-01-18,2023-01-18 10:30:00-05:00,2023-02-15 10:30:00-05:00,lower,11541.78928211655,2023-01-18 11:32:00-05:00
1299_upper,1299,2023-01-19,2023-01-19 10:30:00-05:00,2023-02-16 10:30:00-05:00,upper,11574.570067525947,2023-01-20 13:37:00-05:00
1299_lower,1299,2023-01-19,2023-01-19 10:30:00-05:00,2023-02-16 10:30:00-05:00,lower,11230.304932474053,
1300_upper,1300,2023-01-20,2023-01-20 10:30:00-05:00,2023-02-17 10:30:00-05:00,upper,11618.871111957777,2023-01-20 14:26:00-05:00
1300_lower,1300,2023-01-20,2023-01-20 10:30:00-05:00,2023-02-17 10:30:00-05:00,lower,11250.378888042223,
1301_upper,1301,2023-01-23,2023-01-23 10:30:00-05:00,2023-02-20 10:30:00-05:00,upper,11972.955738129322,2023-01-23 13:38:00-05:00
1301_lower,1301,2023-01-23,2023-01-23 10:30:00-05:00,2023-02-20 10:30:00-05:00,lower,11496.669261870678,
1302_upper,1302,2023-01-24,2023-01-24 10:30:00-05:00,2023-02-21 10:30:00-05:00,upper,12061.53982511435,2023-01-26 09:32:00-05:00
1302_lower,1302,2023-01-24,2023-01-24 10:30:00-05:00,2023-02-21 10:30:00-05:00,lower,11693.33517488565,2023-01-25 09:30:00-05:00
1303_upper,1303,2023-01-25,2023-01-25 10:30:00-05:00,2023-02-22 10:30:00-05:00,upper,11870.333968619787,2023-01-25 14:15:00-05:00
1303_lower,1303,2023-01-25,2023-01-25 10:30:00-05:00,2023-02-22 10:30:00-05:00,lower,11511.541031380213,
1304_upper,1304,2023-01-26,2023-01-26 10:30:00-05:00,2023-02-23 10:30:00-05:00,upper,12210.737101901372,2023-01-27 12:15:00-05:00
1304_lower,1304,2023-01-26,2023-01-26 10:30:00-05:00,2023-02-23 10:30:00-05:00,lower,11818.012898098628,
1305_upper,1305,2023-01-27,2023-01-27 10:30:00-05:00,2023-02-24 10:30:00-05:00,upper,12298.876403962171,2023-01-27 15:07:00-05:00
1305_lower,1305,2023-01-27,2023-01-27 10:30:00-05:00,2023-02-24 10:30:00-05:00,lower,11865.873596037829,
1306_upper,1306,2023-01-30,2023-01-30 10:30:00-05:00,2023-02-27 10:30:00-05:00,upper,12271.752985018262,2023-02-01 14:41:00-05:00
1306_lower,1306,2023-01-30,2023-01-30 10:30:00-05:00,2023-02-27 10:30:00-05:00,lower,11895.872014981738,2023-01-31 05:34:00-05:00
1307_upper,1307,2023-01-31,2023-01-31 10:30:00-05:00,2023-02-28 10:30:00-05:00,upper,12181.878467330138,2023-02-01 14:07:00-05:00
1307_lower,1307,2023-01-31,2023-01-31 10:30:00-05:00,2023-02-28 10:30:00-05:00,lower,11812.496532669862,
1308_upper,1308,2023-02-01,2023-02-01 10:30:00-05:00,2023-03-01 10:30:00-05:00,upper,12286.805918462942,2023-02-01 14:43:00-05:00
1308_lower,1308,2023-02-01,2023-02-01 10:30:00-05:00,2023-03-01 10:30:00-05:00,lower,11986.569081537058,2023-02-24 08:39:00-05:00
1309_upper,1309,2023-02-02,2023-02-02 10:30:00-05:00,2023-03-02 10:30:00-05:00,upper,12888.276264820282,2023-02-02 13:40:00-05:00
1309_lower,1309,2023-02-02,2023-02-02 10:30:00-05:00,2023-03-02 10:30:00-05:00,lower,12500.098735179718,2023-02-06 04:53:00-05:00
1310_upper,1310,2023-02-03,2023-02-03 10:30:00-05:00,2023-03-03 10:30:00-05:00,upper,12950.18817605908,
1310_lower,1310,2023-02-03,2023-02-03 10:30:00-05:00,2023-03-03 10:30:00-05:00,lower,12320.31182394092,2023-02-10 05:02:00-05:00
1311_upper,1311,2023-02-06,2023-02-06 10:30:00-05:00,2023-03-06 10:30:00-05:00,upper,12719.843876099361,2023-02-07 12:53:00-05:00
1311_lower,1311,2023-02-06,2023-02-06 10:30:00-05:00,2023-03-06 10:30:00-05:00,lower,12321.531123900639,2023-02-10 05:02:00-05:00
1312_upper,1312,2023-02-07,2023-02-07 10:30:00-05:00,2023-03-07 10:30:00-05:00,upper,12679.456137181118,2023-02-07 12:47:00-05:00
1312_lower,1312,2023-02-07,2023-02-07 10:30:00-05:00,2023-03-07 10:30:00-05:00,lower,12340.168862818882,2023-02-10 04:56:00-05:00
1313_upper,1313,2023-02-08,2023-02-08 10:30:00-05:00,2023-03-08 10:30:00-05:00,upper,12905.691770984597,
1313_lower,1313,2023-02-08,2023-02-08 10:30:00-05:00,2023-03-08 10:30:00-05:00,lower,12498.933229015403,2023-02-09 13:57:00-05:00
1314_upper,1314,2023-02-09,2023-02-09 10:30:00-05:00,2023-03-09 10:30:00-05:00,upper,12900.363412215214,
1314_lower,1314,2023-02-09,2023-02-09 10:30:00-05:00,2023-03-09 10:30:00-05:00,lower,12492.511587784786,2023-02-09 13:57:00-05:00
1315_upper,1315,2023-02-10,2023-02-10 10:30:00-05:00,2023-03-10 10:30:00-05:00,upper,12565.859989102039,2023-02-13 13:33:00-05:00
1315_lower,1315,2023-02-10,2023-02-10 10:30:00-05:00,2023-03-10 10:30:00-05:00,lower,12122.640010897961,2023-02-21 14:09:00-05:00
1316_upper,1316,2023-02-13,2023-02-13 10:30:00-05:00,2023-03-13 10:30:00-04:00,upper,12614.653492198106,2023-02-14 08:29:00-05:00
1316_lower,1316,2023-02-13,2023-02-13 10:30:00-05:00,2023-03-13 10:30:00-04:00,lower,12200.096507801894,2023-02-21 10:12:00-05:00
1317_upper,1317,2023-02-14,2023-02-14 10:30:00-05:00,2023-03-14 10:30:00-04:00,upper,12833.378655372,
1317_lower,1317,2023-02-14,2023-02-14 10:30:00-05:00,2023-03-14 10:30:00-04:00,lower,12172.621344628,2023-02-21 11:10:00-05:00
1318_upper,1318,2023-02-15,2023-02-15 10:30:00-05:00,2023-03-15 10:30:00-04:00,upper,12754.233447275798,2023-02-15 16:07:00-05:00
1318_lower,1318,2023-02-15,2023-02-15 10:30:00-05:00,2023-03-15 10:30:00-04:00,lower,12377.141552724202,2023-02-17 02:02:00-05:00
1319_upper,1319,2023-02-16,2023-02-16 10:30:00-05:00,2023-03-16 10:30:00-04:00,upper,12739.03445478845,
1319_lower,1319,2023-02-16,2023-02-16 10:30:00-05:00,2023-03-16 10:30:00-04:00,lower,12344.34054521155,2023-02-17 03:36:00-05:00
1320_upper,1320,2023-02-17,2023-02-17 10:30:00-05:00,2023-03-17 10:30:00-04:00,upper,12581.998387107757,2023-03-16 11:25:00-04:00
1320_lower,1320,2023-02-17,2023-02-17 10:30:00-05:00,2023-03-17 10:30:00-04:00,lower,12168.001612892243,2023-02-21 11:12:00-05:00
1321_upper,1321,2023-02-20,2023-02-20 10:30:00-05:00,2023-03-20 10:30:00-04:00,upper,12516.985681694514,2023-03-16 10:54:00-04:00
1321_lower,1321,2023-02-20,2023-02-20 10:30:00-05:00,2023-03-20 10:30:00-04:00,lower,12259.764318305486,2023-02-21 03:46:00-05:00
1322_upper,1322,2023-02-21,2023-02-21 10:30:00-05:00,2023-03-21 10:30:00-04:00,upper,12422.565970503476,2023-03-06 10:17:00-05:00
1322_lower,1322,2023-02-21,2023-02-21 10:30:00-05:00,2023-03-21 10:30:00-04:00,lower,12041.934029496524,2023-02-22 10:16:00-05:00
1323_upper,1323,2023-02-22,2023-02-22 10:30:00-05:00,2023-03-22 10:30:00-04:00,upper,12335.463802876478,2023-03-05 21:37:00-05:00
1323_lower,1323,2023-02-22,2023-02-22 10:30:00-05:00,2023-03-22 10:30:00-04:00,lower,11892.536197123522,2023-03-01 20:40:00-05:00
1324_upper,1324,2023-02-23,2023-02-23 10:30:00-05:00,2023-03-23 10:30:00-04:00,upper,12423.04259798885,2023-03-06 10:17:00-05:00
1324_lower,1324,2023-02-23,2023-02-23 10:30:00-05:00,2023-03-23 10:30:00-04:00,lower,12041.70740201115,2023-02-23 11:43:00-05:00
1325_upper,1325,2023-02-24,2023-02-24 10:30:00-05:00,2023-03-24 10:30:00-04:00,upper,12183.818814027736,2023-02-27 10:09:00-05:00
1325_lower,1325,2023-02-24,2023-02-24 10:30:00-05:00,2023-03-24 10:30:00-04:00,lower,11798.431185972264,2023-03-10 13:52:00-05:00
1326_upper,1326,2023-02-27,2023-02-27 10:30:00-05:00,2023-03-27 10:30:00-04:00,upper,12315.940277770056,2023-03-03 15:06:00-05:00
1326_lower,1326,2023-02-27,2023-02-27 10:30:00-05:00,2023-03-27 10:30:00-04:00,lower,11962.934722229944,2023-03-01 10:11:00-05:00
1327_upper,1327,2023-02-28,2023-02-28 10:30:00-05:00,2023-03-28 10:30:00-04:00,upper,12241.869367418069,2023-03-03 12:49:00-05:00
1327_lower,1327,2023-02-28,2023-02-28 10:30:00-05:00,2023-03-28 10:30:00-04:00,lower,11896.630632581931,2023-03-01 20:39:00-05:00
1328_upper,1328,2023-03-01,2023-03-01 10:30:00-05:00,2023-03-29 10:30:00-04:00,upper,12238.518763479362,2023-03-03 12:46:00-05:00
1328_lower,1328,2023-03-01,2023-03-01 10:30:00-05:00,2023-03-29 10:30:00-04:00,lower,11829.731236520638,2023-03-10 13:32:00-05:00
1329_upper,1329,2023-03-02,2023-03-02 10:30:00-05:00,2023-03-30 10:30:00-04:00,upper,12044.745601822284,2023-03-02 14:28:00-05:00
1329_lower,1329,2023-03-02,2023-03-02 10:30:00-05:00,2023-03-30 10:30:00-04:00,lower,11701.504398177716,
1330_upper,1330,2023-03-03,2023-03-03 10:30:00-05:00,2023-03-31 10:30:00-04:00,upper,12344.409548221498,2023-03-05 21:39:00-05:00
1330_lower,1330,2023-03-03,2023-03-03 10:30:00-05:00,2023-03-31 10:30:00-04:00,lower,11958.965451778502,2023-03-09 18:04:00-05:00
1331_upper,1331,2023-03-06,2023-03-06 10:30:00-05:00,2023-04-03 10:30:00-04:00,upper,12551.800083598955,2023-03-16 11:08:00-04:00
1331_lower,1331,2023-03-06,2023-03-06 10:30:00-05:00,2023-04-03 10:30:00-04:00,lower,12203.699916401045,2023-03-07 10:08:00-05:00
1332_upper,1332,2023-03-07,2023-03-07 10:30:00-05:00,2023-04-04 10:30:00-04:00,upper,12536.666270749725,2023-03-16 11:08:00-04:00
1332_lower,1332,2023-03-07,2023-03-07 10:30:00-05:00,2023-04-04 10:30:00-04:00,lower,12059.083729250275,2023-03-09 15:04:00-05:00
1333_upper,1333,2023-03-08,2023-03-08 10:30:00-05:00,2023-04-05 10:30:00-04:00,upper,12357.00815734723,2023-03-14 22:08:00-04:00
1333_lower,1333,2023-03-08,2023-03-08 10:30:00-05:00,2023-04-05 10:30:00-04:00,lower,11990.36684265277,2023-03-09 15:20:00-05:00
1334_upper,1334,2023-03-09,2023-03-09 10:30:00-05:00,2023-04-06 10:30:00-04:00,upper,12461.976905940846,2023-03-15 21:08:00-04:00
1334_lower,1334,2023-03-09,2023-03-09 10:30:00-05:00,2023-04-06 10:30:00-04:00,lower,12076.023094059154,2023-03-09 14:31:00-05:00
1335_upper,1335,2023-03-10,2023-03-10 10:30:00-05:00,2023-04-10 10:30:00-04:00,upper,12213.8751113092,2023-03-13 02:12:00-04:00
1335_lower,1335,2023-03-10,2023-03-10 10:30:00-05:00,2023-04-10 10:30:00-04:00,lower,11750.3748886908,
1336_upper,1336,2023-03-13,2023-03-13 10:30:00-04:00,2023-04-11 10:30:00-04:00,upper,12215.005555992415,2023-03-14 09:16:00-04:00
1336_lower,1336,2023-03-13,2023-03-13 10:30:00-04:00,2023-04-11 10:30:00-04:00,lower,11616.369444007585,
1337_upper,1337,2023-03-14,2023-03-14 10:30:00-04:00,2023-04-12 10:30:00-04:00,upper,12439.642295720492,2023-03-15 20:29:00-04:00
1337_lower,1337,2023-03-14,2023-03-14 10:30:00-04:00,2023-04-12 10:30:00-04:00,lower,12024.357704279508,
1338_upper,1338,2023-03-15,2023-03-15 10:30:00-04:00,2023-04-13 10:30:00-04:00,upper,12403.079593034401,2023-03-15 15:01:00-04:00
1338_lower,1338,2023-03-15,2023-03-15 10:30:00-04:00,2023-04-13 10:30:00-04:00,lower,12036.670406965599,
1339_upper,1339,2023-03-16,2023-03-16 10:30:00-04:00,2023-04-14 10:30:00-04:00,upper,12574.322326522724,2023-03-16 11:25:00-04:00
1339_lower,1339,2023-03-16,2023-03-16 10:30:00-04:00,2023-04-14 10:30:00-04:00,lower,12145.427673477276,
1340_upper,1340,2023-03-17,2023-03-17 10:30:00-04:00,2023-04-17 10:30:00-04:00,upper,12950.11013849888,2023-03-22 14:00:00-04:00
1340_lower,1340,2023-03-17,2023-03-17 10:30:00-04:00,2023-04-17 10:30:00-04:00,lower,12502.88986150112,
1341_upper,1341,2023-03-20,2023-03-20 10:30:00-04:00,2023-04-18 10:30:00-04:00,upper,12804.894940581522,2023-03-21 09:32:00-04:00
1341_lower,1341,2023-03-20,2023-03-20 10:30:00-04:00,2023-04-18 10:30:00-04:00,lower,12399.355059418478,
1342_upper,1342,2023-03-21,2023-03-21 10:30:00-04:00,2023-04-19 10:30:00-04:00,upper,12980.69548778914,2023-03-22 14:00:00-04:00
1342_lower,1342,2023-03-21,2023-03-21 10:30:00-04:00,2023-04-19 10:30:00-04:00,lower,12580.17951221086,
1343_upper,1343,2023-03-22,2023-03-22 10:30:00-04:00,2023-04-20 10:30:00-04:00,upper,13064.150579592297,2023-03-22 14:46:00-04:00
1343_lower,1343,2023-03-22,2023-03-22 10:30:00-04:00,2023-04-20 10:30:00-04:00,lower,12703.724420407703,2023-03-22 15:59:00-04:00
1344_upper,1344,2023-03-23,2023-03-23 10:30:00-04:00,2023-04-21 10:30:00-04:00,upper,13081.252403799639,2023-03-30 10:00:00-04:00
1344_lower,1344,2023-03-23,2023-03-23 10:30:00-04:00,2023-04-21 10:30:00-04:00,lower,12676.622596200361,2023-03-28 10:00:00-04:00
1345_upper,1345,2023-03-24,2023-03-24 10:30:00-04:00,2023-04-24 10:30:00-04:00,upper,13008.379541218379,2023-03-30 05:27:00-04:00
1345_lower,1345,2023-03-24,2023-03-24 10:30:00-04:00,2023-04-24 10:30:00-04:00,lower,12608.870458781621,
1346_upper,1346,2023-03-27,2023-03-27 10:30:00-04:00,2023-04-25 10:30:00-04:00,upper,13102.629369755203,2023-03-30 10:28:00-04:00
1346_lower,1346,2023-03-27,2023-03-27 10:30:00-04:00,2023-04-25 10:30:00-04:00,lower,12736.870630244797,2023-03-28 09:33:00-04:00
1347_upper,1347,2023-03-28,2023-03-28 10:30:00-04:00,2023-04-26 10:30:00-04:00,upper,12939.231501338854,2023-03-29 14:47:00-04:00
1347_lower,1347,2023-03-28,2023-03-28 10:30:00-04:00,2023-04-26 10:30:00-04:00,lower,12562.143498661146,
1348_upper,1348,2023-03-29,2023-03-29 10:30:00-04:00,2023-04-27 10:30:00-04:00,upper,13044.435005252406,2023-03-30 08:11:00-04:00
1348_lower,1348,2023-03-29,2023-03-29 10:30:00-04:00,2023-04-27 10:30:00-04:00,lower,12749.689994747594,
1349_upper,1349,2023-03-30,2023-03-30 10:30:00-04:00,2023-04-28 10:30:00-04:00,upper,13229.398844923153,2023-03-31 12:25:00-04:00
1349_lower,1349,2023-03-30,2023-03-30 10:30:00-04:00,2023-04-28 10:30:00-04:00,lower,12901.226155076847,2023-04-25 12:33:00-04:00
1350_upper,1350,2023-03-31,2023-03-31 10:30:00-04:00,2023-05-01 10:30:00-04:00,upper,13276.531225931143,2023-03-31 15:16:00-04:00
1350_lower,1350,2023-03-31,2023-03-31 10:30:00-04:00,2023-05-01 10:30:00-04:00,lower,12936.968774068857,2023-04-12 18:43:00-04:00
1351_upper,1351,2023-04-03,2023-04-03 10:30:00-04:00,2023-05-02 10:30:00-04:00,upper,13381.11738974178,
1351_lower,1351,2023-04-03,2023-04-03 10:30:00-04:00,2023-05-02 10:30:00-04:00,lower,13062.13261025822,2023-04-05 10:44:00-04:00
1352_upper,1352,2023-04-04,2023-04-04 10:30:00-04:00,2023-05-03 10:30:00-04:00,upper,13462.178063754876,
1352_lower,1352,2023-04-04,2023-04-04 10:30:00-04:00,2023-05-03 10:30:00-04:00,lower,13100.946936245124,2023-04-05 10:19:00-04:00
1353_upper,1353,2023-04-05,2023-04-05 10:30:00-04:00,2023-05-04 10:30:00-04:00,upper,13337.05750989963,2023-04-30 22:55:00-04:00
1353_lower,1353,2023-04-05,2023-04-05 10:30:00-04:00,2023-05-04 10:30:00-04:00,lower,12969.69249010037,2023-04-06 09:34:00-04:00
1354_upper,1354,2023-04-06,2023-04-06 10:30:00-04:00,2023-05-05 10:30:00-04:00,upper,13194.007949922367,2023-04-09 18:15:00-04:00
1354_lower,1354,2023-04-06,2023-04-06 10:30:00-04:00,2023-05-05 10:30:00-04:00,lower,12822.117050077633,2023-04-25 15:44:00-04:00
1355_upper,1355,2023-04-10,2023-04-10 10:30:00-04:00,2023-05-08 10:30:00-04:00,upper,13195.157886365982,2023-04-11 05:02:00-04:00
1355_lower,1355,2023-04-10,2023-04-10 10:30:00-04:00,2023-05-08 10:30:00-04:00,lower,12857.467113634018,2023-04-25 13:18:00-04:00
1356_upper,1356,2023-04-11,2023-04-11 10:30:00-04:00,2023-05-09 10:30:00-04:00,upper,13317.369563930908,2023-04-27 16:01:00-04:00
1356_lower,1356,2023-04-11,2023-04-11 10:30:00-04:00,2023-05-09 10:30:00-04:00,lower,12956.380436069092,2023-04-12 15:17:00-04:00
1357_upper,1357,2023-04-12,2023-04-12 10:30:00-04:00,2023-05-10 10:30:00-04:00,upper,13354.499817652139,2023-05-01 02:42:00-04:00
1357_lower,1357,2023-04-12,2023-04-12 10:30:00-04:00,2023-05-10 10:30:00-04:00,lower,12909.500182347861,2023-04-25 12:06:00-04:00
1358_upper,1358,2023-04-13,2023-04-13 10:30:00-04:00,2023-05-11 10:30:00-04:00,upper,13252.1139706832,2023-04-14 10:04:00-04:00
1358_lower,1358,2023-04-13,2023-04-13 10:30:00-04:00,2023-05-11 10:30:00-04:00,lower,12854.6360293168,2023-04-25 13:18:00-04:00
1359_upper,1359,2023-04-14,2023-04-14 10:30:00-04:00,2023-05-12 10:30:00-04:00,upper,13363.054618825254,2023-05-01 02:42:00-04:00
1359_lower,1359,2023-04-14,2023-04-14 10:30:00-04:00,2023-05-12 10:30:00-04:00,lower,12969.945381174746,2023-04-24 11:54:00-04:00
1360_upper,1360,2023-04-17,2023-04-17 10:30:00-04:00,2023-05-15 10:30:00-04:00,upper,13317.524530706596,2023-04-27 16:01:00-04:00
1360_lower,1360,2023-04-17,2023-04-17 10:30:00-04:00,2023-05-15 10:30:00-04:00,lower,13017.100469293404,2023-04-21 06:50:00-04:00
1361_upper,1361,2023-04-18,2023-04-18 10:30:00-04:00,2023-05-16 10:30:00-04:00,upper,13458.181621385771,2023-05-11 04:17:00-04:00
1361_lower,1361,2023-04-18,2023-04-18 10:30:00-04:00,2023-05-16 10:30:00-04:00,lower,13049.068378614229,2023-04-20 04:37:00-04:00
1362_upper,1362,2023-04-19,2023-04-19 10:30:00-04:00,2023-05-17 10:30:00-04:00,upper,13229.67574241567,2023-04-27 14:55:00-04:00
1362_lower,1362,2023-04-19,2023-04-19 10:30:00-04:00,2023-05-17 10:30:00-04:00,lower,12962.19925758433,2023-04-25 10:07:00-04:00
1363_upper,1363,2023-04-20,2023-04-20 10:30:00-04:00,2023-05-18 10:30:00-04:00,upper,13247.767697267373,2023-04-27 15:21:00-04:00
1363_lower,1363,2023-04-20,2023-04-20 10:30:00-04:00,2023-05-18 10:30:00-04:00,lower,12902.732302732627,2023-04-25 12:32:00-04:00
1364_upper,1364,2023-04-21,2023-04-21 10:30:00-04:00,2023-05-19 10:30:00-04:00,upper,13215.544699286893,2023-04-27 13:48:00-04:00
1364_lower,1364,2023-04-21,2023-04-21 10:30:00-04:00,2023-05-19 10:30:00-04:00,lower,12874.330300713107,2023-04-25 13:15:00-04:00
1365_upper,1365,2023-04-24,2023-04-24 10:30:00-04:00,2023-05-22 10:30:00-04:00,upper,13239.617566303556,2023-04-27 15:04:00-04:00
1365_lower,1365,2023-04-24,2023-04-24 10:30:00-04:00,2023-05-22 10:30:00-04:00,lower,12931.882433696444,2023-04-25 10:35:00-04:00
1366_upper,1366,2023-04-25,2023-04-25 10:30:00-04:00,2023-05-23 10:30:00-04:00,upper,13135.420594916273,2023-04-27 11:25:00-04:00
1366_lower,1366,2023-04-25,2023-04-25 10:30:00-04:00,2023-05-23 10:30:00-04:00,lower,12829.079405083727,2023-04-25 15:44:00-04:00
1367_upper,1367,2023-04-26,2023-04-26 10:30:00-04:00,2023-05-24 10:30:00-04:00,upper,13095.741714779244,2023-04-27 10:34:00-04:00
1367_lower,1367,2023-04-26,2023-04-26 10:30:00-04:00,2023-05-24 10:30:00-04:00,lower,12786.508285220756,
1368_upper,1368,2023-04-27,2023-04-27 10:30:00-04:00,2023-05-25 10:30:00-04:00,upper,13206.783302752141,2023-04-27 13:48:00-04:00
1368_lower,1368,2023-04-27,2023-04-27 10:30:00-04:00,2023-05-25 10:30:00-04:00,lower,12886.716697247859,
1369_upper,1369,2023-04-28,2023-04-28 10:30:00-04:00,2023-05-26 10:30:00-04:00,upper,13410.064913270078,2023-05-10 09:32:00-04:00
1369_lower,1369,2023-04-28,2023-04-28 10:30:00-04:00,2023-05-26 10:30:00-04:00,lower,13042.435086729922,2023-05-04 09:44:00-04:00
1370_upper,1370,2023-05-01,2023-05-01 10:30:00-04:00,2023-05-29 10:30:00-04:00,upper,13428.486967523208,2023-05-10 10:08:00-04:00
1370_lower,1370,2023-05-01,2023-05-01 10:30:00-04:00,2023-05-29 10:30:00-04:00,lower,13176.138032476792,2023-05-02 10:36:00-04:00
1371_upper,1371,2023-05-02,2023-05-02 10:30:00-04:00,2023-05-30 10:30:00-04:00,upper,13454.855520657635,2023-05-11 03:46:00-04:00
1371_lower,1371,2023-05-02,2023-05-02 10:30:00-04:00,2023-05-30 10:30:00-04:00,lower,13101.644479342365,2023-05-03 15:34:00-04:00
1372_upper,1372,2023-05-03,2023-05-03 10:30:00-04:00,2023-05-31 10:30:00-04:00,upper,13344.150709452722,2023-05-05 14:51:00-04:00
1372_lower,1372,2023-05-03,2023-05-03 10:30:00-04:00,2023-05-31 10:30:00-04:00,lower,13069.474290547278,2023-05-03 18:00:00-04:00
1373_upper,1373,2023-05-04,2023-05-04 10:30:00-04:00,2023-06-01 10:30:00-04:00,upper,13224.223199417047,2023-05-05 10:09:00-04:00
1373_lower,1373,2023-05-04,2023-05-04 10:30:00-04:00,2023-06-01 10:30:00-04:00,lower,12902.401800582953,
1374_upper,1374,2023-05-05,2023-05-05 10:30:00-04:00,2023-06-02 10:30:00-04:00,upper,13353.455379034227,2023-05-05 14:56:00-04:00
1374_lower,1374,2023-05-05,2023-05-05 10:30:00-04:00,2023-06-02 10:30:00-04:00,lower,12968.919620965773,
1375_upper,1375,2023-05-08,2023-05-08 10:30:00-04:00,2023-06-05 10:30:00-04:00,upper,13420.995773064913,2023-05-10 10:04:00-04:00
1375_lower,1375,2023-05-08,2023-05-08 10:30:00-04:00,2023-06-05 10:30:00-04:00,lower,13165.754226935087,
1376_upper,1376,2023-05-09,2023-05-09 10:30:00-04:00,2023-06-06 10:30:00-04:00,upper,13411.199002032656,2023-05-10 09:32:00-04:00
1376_lower,1376,2023-05-09,2023-05-09 10:30:00-04:00,2023-06-06 10:30:00-04:00,lower,13165.800997967344,
1377_upper,1377,2023-05-10,2023-05-10 10:30:00-04:00,2023-06-07 10:30:00-04:00,upper,13550.349476360387,2023-05-16 12:40:00-04:00
1377_lower,1377,2023-05-10,2023-05-10 10:30:00-04:00,2023-06-07 10:30:00-04:00,lower,13193.650523639613,
1378_upper,1378,2023-05-11,2023-05-11 10:30:00-04:00,2023-06-08 10:30:00-04:00,upper,13549.460900971866,2023-05-16 12:08:00-04:00
1378_lower,1378,2023-05-11,2023-05-11 10:30:00-04:00,2023-06-08 10:30:00-04:00,lower,13280.539099028134,
1379_upper,1379,2023-05-12,2023-05-12 10:30:00-04:00,2023-06-09 10:30:00-04:00,upper,13610.994013744197,2023-05-17 12:55:00-04:00
1379_lower,1379,2023-05-12,2023-05-12 10:30:00-04:00,2023-06-09 10:30:00-04:00,lower,13298.005986255803,
1380_upper,1380,2023-05-15,2023-05-15 10:30:00-04:00,2023-06-12 10:30:00-04:00,upper,13548.289275594398,2023-05-16 12:08:00-04:00
1380_lower,1380,2023-05-15,2023-05-15 10:30:00-04:00,2023-06-12 10:30:00-04:00,lower,13258.335724405602,
1381_upper,1381,2023-05-16,2023-05-16 10:30:00-04:00,2023-06-13 10:30:00-04:00,upper,13604.1680838707,2023-05-17 12:54:00-04:00
1381_lower,1381,2023-05-16,2023-05-16 10:30:00-04:00,2023-06-13 10:30:00-04:00,lower,13306.9569161293,
1382_upper,1382,2023-05-17,2023-05-17 10:30:00-04:00,2023-06-14 10:30:00-04:00,upper,13654.647370426488,2023-05-17 13:46:00-04:00
1382_lower,1382,2023-05-17,2023-05-17 10:30:00-04:00,2023-06-14 10:30:00-04:00,lower,13378.102629573512,
1383_upper,1383,2023-05-18,2023-05-18 10:30:00-04:00,2023-06-15 10:30:00-04:00,upper,13876.997621295763,2023-05-18 15:44:00-04:00
1383_lower,1383,2023-05-18,2023-05-18 10:30:00-04:00,2023-06-15 10:30:00-04:00,lower,13497.752378704237,
1384_upper,1384,2023-05-19,2023-05-19 10:30:00-04:00,2023-06-16 10:30:00-04:00,upper,14037.217523662237,2023-05-26 07:26:00-04:00
1384_lower,1384,2023-05-19,2023-05-19 10:30:00-04:00,2023-06-16 10:30:00-04:00,lower,13756.407476337763,2023-05-23 14:18:00-04:00
1385_upper,1385,2023-05-22,2023-05-22 10:30:00-04:00,2023-06-19 10:30:00-04:00,upper,14038.798068119611,2023-05-26 07:42:00-04:00
1385_lower,1385,2023-05-22,2023-05-22 10:30:00-04:00,2023-06-19 10:30:00-04:00,lower,13706.076931880389,2023-05-24 03:03:00-04:00
1386_upper,1386,2023-05-23,2023-05-23 10:30:00-04:00,2023-06-20 10:30:00-04:00,upper,13975.37052097448,2023-05-25 09:06:00-04:00
1386_lower,1386,2023-05-23,2023-05-23 10:30:00-04:00,2023-06-20 10:30:00-04:00,lower,13705.75447902552,2023-05-24 03:03:00-04:00
1387_upper,1387,2023-05-24,2023-05-24 10:30:00-04:00,2023-06-21 10:30:00-04:00,upper,13800.623304068558,2023-05-24 16:24:00-04:00
1387_lower,1387,2023-05-24,2023-05-24 10:30:00-04:00,2023-06-21 10:30:00-04:00,lower,13473.126695931442,
1388_upper,1388,2023-05-25,2023-05-25 10:30:00-04:00,2023-06-22 10:30:00-04:00,upper,14124.819324931072,2023-05-26 10:00:00-04:00
1388_lower,1388,2023-05-25,2023-05-25 10:30:00-04:00,2023-06-22 10:30:00-04:00,lower,13738.430675068928,
1389_upper,1389,2023-05-26,2023-05-26 10:30:00-04:00,2023-06-23 10:30:00-04:00,upper,14320.83787356036,2023-05-26 12:42:00-04:00
1389_lower,1389,2023-05-26,2023-05-26 10:30:00-04:00,2023-06-23 10:30:00-04:00,lower,13812.53712643964,
1390_upper,1390,2023-05-29,2023-05-29 10:30:00-04:00,2023-06-26 10:30:00-04:00,upper,14500.603669049202,2023-05-30 05:20:00-04:00
1390_lower,1390,2023-05-29,2023-05-29 10:30:00-04:00,2023-06-26 10:30:00-04:00,lower,14254.396330950798,2023-05-31 11:33:00-04:00
1391_upper,1391,2023-05-30,2023-05-30 10:30:00-04:00,2023-06-27 10:30:00-04:00,upper,14725.630739165332,2023-06-11 20:00:00-04:00
1391_lower,1391,2023-05-30,2023-05-30 10:30:00-04:00,2023-06-27 10:30:00-04:00,lower,14264.119260834668,2023-05-31 11:30:00-04:00
1392_upper,1392,2023-05-31,2023-05-31 10:30:00-04:00,2023-06-28 10:30:00-04:00,upper,14550.866559532675,2023-06-02 05:14:00-04:00
1392_lower,1392,2023-05-31,2023-05-31 10:30:00-04:00,2023-06-28 10:30:00-04:00,lower,14122.383440467325,
1393_upper,1393,2023-06-01,2023-06-01 10:30:00-04:00,2023-06-29 10:30:00-04:00,upper,14473.770305866075,2023-06-01 13:49:00-04:00
1393_lower,1393,2023-06-01,2023-06-01 10:30:00-04:00,2023-06-29 10:30:00-04:00,lower,14121.229694133925,
1394_upper,1394,2023-06-02,2023-06-02 10:30:00-04:00,2023-06-30 10:30:00-04:00,upper,14766.651222966137,2023-06-11 20:00:00-04:00
1394_lower,1394,2023-06-02,2023-06-02 10:30:00-04:00,2023-06-30 10:30:00-04:00,lower,14324.598777033863,2023-06-07 15:37:00-04:00
1395_upper,1395,2023-06-05,2023-06-05 10:30:00-04:00,2023-07-03 10:30:00-04:00,upper,14747.391837767087,2023-06-11 20:00:00-04:00
1395_lower,1395,2023-06-05,2023-06-05 10:30:00-04:00,2023-07-03 10:30:00-04:00,lower,14430.858162232913,2023-06-07 11:57:00-04:00
1396_upper,1396,2023-06-06,2023-06-06 10:30:00-04:00,2023-07-04 10:30:00-04:00,upper,14705.582042342263,2023-06-11 20:00:00-04:00
1396_lower,1396,2023-06-06,2023-06-06 10:30:00-04:00,2023-07-04 10:30:00-04:00,lower,14398.542957657737,2023-06-07 12:22:00-04:00
1397_upper,1397,2023-06-07,2023-06-07 10:30:00-04:00,2023-07-05 10:30:00-04:00,upper,14796.265242329355,2023-06-12 03:51:00-04:00
1397_lower,1397,2023-06-07,2023-06-07 10:30:00-04:00,2023-07-05 10:30:00-04:00,lower,14399.109757670645,2023-06-07 12:22:00-04:00
1398_upper,1398,2023-06-08,2023-06-08 10:30:00-04:00,2023-07-06 10:30:00-04:00,upper,14520.941537680817,2023-06-08 12:29:00-04:00
1398_lower,1398,2023-06-08,2023-06-08 10:30:00-04:00,2023-07-06 10:30:00-04:00,lower,14192.683462319183,
1399_upper,1399,2023-06-09,2023-06-09 10:30:00-04:00,2023-07-07 10:30:00-04:00,upper,14781.10558132931,2023-06-12 02:16:00-04:00
1399_lower,1399,2023-06-09,2023-06-09 10:30:00-04:00,2023-07-07 10:30:00-04:00,lower,14402.89441867069,
1400_upper,1400,2023-06-12,2023-06-12 10:30:00-04:00,2023-07-10 10:30:00-04:00,upper,14933.600874196422,2023-06-12 14:59:00-04:00
1400_lower,1400,2023-06-12,2023-06-12 10:30:00-04:00,2023-07-10 10:30:00-04:00,lower,14662.024125803578,
1401_upper,1401,2023-06-13,2023-06-13 10:30:00-04:00,2023-07-11 10:30:00-04:00,upper,15302.861882702957,2023-06-15 11:35:00-04:00
1401_lower,1401,2023-06-13,2023-06-13 10:30:00-04:00,2023-07-11 10:30:00-04:00,lower,14840.638117297043,
1402_upper,1402,2023-06-14,2023-06-14 10:30:00-04:00,2023-07-12 10:30:00-04:00,upper,15296.722484126309,2023-06-15 11:34:00-04:00
1402_lower,1402,2023-06-14,2023-06-14 10:30:00-04:00,2023-07-12 10:30:00-04:00,lower,14910.902515873691,2023-06-26 12:21:00-04:00
1403_upper,1403,2023-06-15,2023-06-15 10:30:00-04:00,2023-07-13 10:30:00-04:00,upper,15385.305026003243,2023-06-15 14:40:00-04:00
1403_lower,1403,2023-06-15,2023-06-15 10:30:00-04:00,2023-07-13 10:30:00-04:00,lower,14948.069973996757,2023-06-26 12:07:00-04:00
1404_upper,1404,2023-06-16,2023-06-16 10:30:00-04:00,2023-07-14 10:30:00-04:00,upper,15652.27819582813,2023-07-13 12:23:00-04:00
1404_lower,1404,2023-06-16,2023-06-16 10:30:00-04:00,2023-07-14 10:30:00-04:00,lower,15222.97180417187,2023-06-20 01:20:00-04:00
1405_upper,1405,2023-06-19,2023-06-19 10:30:00-04:00,2023-07-17 10:30:00-04:00,upper,15364.888299874372,2023-06-30 10:20:00-04:00
1405_lower,1405,2023-06-19,2023-06-19 10:30:00-04:00,2023-07-17 10:30:00-04:00,lower,15127.861700125628,2023-06-20 10:30:00-04:00
1406_upper,1406,2023-06-20,2023-06-20 10:30:00-04:00,2023-07-18 10:30:00-04:00,upper,15454.584264870435,2023-07-12 09:48:00-04:00
1406_lower,1406,2023-06-20,2023-06-20 10:30:00-04:00,2023-07-18 10:30:00-04:00,lower,14975.540735129565,2023-06-22 02:13:00-04:00
1407_upper,1407,2023-06-21,2023-06-21 10:30:00-04:00,2023-07-19 10:30:00-04:00,upper,15385.778277982936,2023-07-03 04:11:00-04:00
1407_lower,1407,2023-06-21,2023-06-21 10:30:00-04:00,2023-07-19 10:30:00-04:00,lower,14963.596722017064,2023-06-26 12:05:00-04:00
1408_upper,1408,2023-06-22,2023-06-22 10:30:00-04:00,2023-07-20 10:30:00-04:00,upper,15255.780357455948,2023-06-30 08:39:00-04:00
1408_lower,1408,2023-06-22,2023-06-22 10:30:00-04:00,2023-07-20 10:30:00-04:00,lower,14782.219642544052,
1409_upper,1409,2023-06-23,2023-06-23 10:30:00-04:00,2023-07-21 10:30:00-04:00,upper,15212.592497052523,2023-06-28 12:12:00-04:00
1409_lower,1409,2023-06-23,2023-06-23 10:30:00-04:00,2023-07-21 10:30:00-04:00,lower,14867.407502947477,2023-06-26 15:57:00-04:00
1410_upper,1410,2023-06-26,2023-06-26 10:30:00-04:00,2023-07-24 10:30:00-04:00,upper,15256.948067275396,2023-06-30 08:39:00-04:00
1410_lower,1410,2023-06-26,2023-06-26 10:30:00-04:00,2023-07-24 10:30:00-04:00,lower,14868.051932724604,2023-06-26 15:57:00-04:00
1411_upper,1411,2023-06-27,2023-06-27 10:30:00-04:00,2023-07-25 10:30:00-04:00,upper,15097.764370310375,2023-06-27 13:40:00-04:00
1411_lower,1411,2023-06-27,2023-06-27 10:30:00-04:00,2023-07-25 10:30:00-04:00,lower,14753.485629689625,
1412_upper,1412,2023-06-28,2023-06-28 10:30:00-04:00,2023-07-26 10:30:00-04:00,upper,15254.069572783555,2023-06-30 08:38:00-04:00
1412_lower,1412,2023-06-28,2023-06-28 10:30:00-04:00,2023-07-26 10:30:00-04:00,lower,14862.680427216445,
1413_upper,1413,2023-06-29,2023-06-29 10:30:00-04:00,2023-07-27 10:30:00-04:00,upper,15290.171958931223,2023-06-30 09:43:00-04:00
1413_lower,1413,2023-06-29,2023-06-29 10:30:00-04:00,2023-07-27 10:30:00-04:00,lower,14919.078041068777,
1414_upper,1414,2023-06-30,2023-06-30 10:30:00-04:00,2023-07-28 10:30:00-04:00,upper,15487.728110338554,2023-07-12 10:09:00-04:00
1414_lower,1414,2023-06-30,2023-06-30 10:30:00-04:00,2023-07-28 10:30:00-04:00,lower,15071.896889661446,2023-07-10 12:07:00-04:00
1415_upper,1415,2023-07-03,2023-07-03 10:30:00-04:00,2023-07-31 10:30:00-04:00,upper,15501.440721372102,2023-07-12 10:19:00-04:00
1415_lower,1415,2023-07-03,2023-07-03 10:30:00-04:00,2023-07-31 10:30:00-04:00,lower,15217.434278627898,2023-07-06 08:38:00-04:00
1416_upper,1416,2023-07-04,2023-07-04 10:30:00-04:00,2023-08-01 10:30:00-04:00,upper,15480.31680687491,2023-07-12 10:09:00-04:00
1416_lower,1416,2023-07-04,2023-07-04 10:30:00-04:00,2023-08-01 10:30:00-04:00,lower,15242.18319312509,2023-07-06 08:30:00-04:00
1417_upper,1417,2023-07-05,2023-07-05 10:30:00-04:00,2023-08-02 10:30:00-04:00,upper,15527.892235680834,2023-07-13 00:13:00-04:00
1417_lower,1417,2023-07-05,2023-07-05 10:30:00-04:00,2023-08-02 10:30:00-04:00,lower,15123.607764319166,2023-07-06 10:05:00-04:00
1418_upper,1418,2023-07-06,2023-07-06 10:30:00-04:00,2023-08-03 10:30:00-04:00,upper,15359.868794196565,2023-07-12 08:30:00-04:00
1418_lower,1418,2023-07-06,2023-07-06 10:30:00-04:00,2023-08-03 10:30:00-04:00,lower,14999.006205803435,
1419_upper,1419,2023-07-07,2023-07-07 10:30:00-04:00,2023-08-04 10:30:00-04:00,upper,15404.626860323093,2023-07-12 08:31:00-04:00
1419_lower,1419,2023-07-07,2023-07-07 10:30:00-04:00,2023-08-04 10:30:00-04:00,lower,15049.248139676907,
1420_upper,1420,2023-07-10,2023-07-10 10:30:00-04:00,2023-08-07 10:30:00-04:00,upper,15363.52393419702,2023-07-12 08:30:00-04:00
1420_lower,1420,2023-07-10,2023-07-10 10:30:00-04:00,2023-08-07 10:30:00-04:00,lower,14955.10106580298,
1421_upper,1421,2023-07-11,2023-07-11 10:30:00-04:00,2023-08-08 10:30:00-04:00,upper,15390.16854075785,2023-07-12 08:31:00-04:00
1421_lower,1421,2023-07-11,2023-07-11 10:30:00-04:00,2023-08-08 10:30:00-04:00,lower,14983.33145924215,
1422_upper,1422,2023-07-12,2023-07-12 10:30:00-04:00,2023-08-09 10:30:00-04:00,upper,15629.844376715555,2023-07-13 11:57:00-04:00
1422_lower,1422,2023-07-12,2023-07-12 10:30:00-04:00,2023-08-09 10:30:00-04:00,lower,15258.530623284445,2023-08-08 10:11:00-04:00
1423_upper,1423,2023-07-13,2023-07-13 10:30:00-04:00,2023-08-10 10:30:00-04:00,upper,15737.212499807722,2023-07-13 15:44:00-04:00
1423_lower,1423,2023-07-13,2023-07-13 10:30:00-04:00,2023-08-10 10:30:00-04:00,lower,15425.912500192278,2023-08-02 12:06:00-04:00
1424_upper,1424,2023-07-14,2023-07-14 10:30:00-04:00,2023-08-11 10:30:00-04:00,upper,15964.187327432803,2023-07-18 14:05:00-04:00
1424_lower,1424,2023-07-14,2023-07-14 10:30:00-04:00,2023-08-11 10:30:00-04:00,lower,15547.187672567197,2023-07-20 15:27:00-04:00
1425_upper,1425,2023-07-17,2023-07-17 10:30:00-04:00,2023-08-14 10:30:00-04:00,upper,15897.942584150136,2023-07-18 12:28:00-04:00
1425_lower,1425,2023-07-17,2023-07-17 10:30:00-04:00,2023-08-14 10:30:00-04:00,lower,15576.932415849864,2023-07-20 15:13:00-04:00
1426_upper,1426,2023-07-18,2023-07-18 10:30:00-04:00,2023-08-15 10:30:00-04:00,upper,15962.359188499271,2023-07-18 14:02:00-04:00
1426_lower,1426,2023-07-18,2023-07-18 10:30:00-04:00,2023-08-15 10:30:00-04:00,lower,15627.390811500729,2023-07-20 14:26:00-04:00
1427_upper,1427,2023-07-19,2023-07-19 10:30:00-04:00,2023-08-16 10:30:00-04:00,upper,16163.737416570619,
1427_lower,1427,2023-07-19,2023-07-19 10:30:00-04:00,2023-08-16 10:30:00-04:00,lower,15853.012583429381,2023-07-19 18:21:00-04:00
1428_upper,1428,2023-07-20,2023-07-20 10:30:00-04:00,2023-08-17 10:30:00-04:00,upper,16048.559198879902,
1428_lower,1428,2023-07-20,2023-07-20 10:30:00-04:00,2023-08-17 10:30:00-04:00,lower,15602.940801120098,2023-07-20 15:00:00-04:00
1429_upper,1429,2023-07-21,2023-07-21 10:30:00-04:00,2023-08-18 10:30:00-04:00,upper,15897.89369544417,2023-07-27 09:45:00-04:00
1429_lower,1429,2023-07-21,2023-07-21 10:30:00-04:00,2023-08-18 10:30:00-04:00,lower,15424.48130455583,2023-08-02 12:06:00-04:00
1430_upper,1430,2023-07-24,2023-07-24 10:30:00-04:00,2023-08-21 10:30:00-04:00,upper,15770.652112320444,2023-07-27 03:49:00-04:00
1430_lower,1430,2023-07-24,2023-07-24 10:30:00-04:00,2023-08-21 10:30:00-04:00,lower,15359.097887679556,2023-08-03 03:31:00-04:00
1431_upper,1431,2023-07-25,2023-07-25 10:30:00-04:00,2023-08-22 10:30:00-04:00,upper,15778.833445787948,2023-07-27 04:09:00-04:00
1431_lower,1431,2023-07-25,2023-07-25 10:30:00-04:00,2023-08-22 10:30:00-04:00,lower,15440.166554212052,2023-08-02 12:01:00-04:00
1432_upper,1432,2023-07-26,2023-07-26 10:30:00-04:00,2023-08-23 10:30:00-04:00,upper,15771.204732097638,2023-07-27 03:49:00-04:00
1432_lower,1432,2023-07-26,2023-07-26 10:30:00-04:00,2023-08-23 10:30:00-04:00,lower,15450.420267902362,2023-08-02 11:59:00-04:00
1433_upper,1433,2023-07-27,2023-07-27 10:30:00-04:00,2023-08-24 10:30:00-04:00,upper,16040.390244522325,
1433_lower,1433,2023-07-27,2023-07-27 10:30:00-04:00,2023-08-24 10:30:00-04:00,lower,15629.984755477675,2023-07-27 14:25:00-04:00
1434_upper,1434,2023-07-28,2023-07-28 10:30:00-04:00,2023-08-25 10:30:00-04:00,upper,15947.369785919513,
1434_lower,1434,2023-07-28,2023-07-28 10:30:00-04:00,2023-08-25 10:30:00-04:00,lower,15562.880214080487,2023-08-02 10:08:00-04:00
1435_upper,1435,2023-07-31,2023-07-31 10:30:00-04:00,2023-08-28 10:30:00-04:00,upper,16034.766930656866,
1435_lower,1435,2023-07-31,2023-07-31 10:30:00-04:00,2023-08-28 10:30:00-04:00,lower,15680.358069343134,2023-08-02 02:53:00-04:00
1436_upper,1436,2023-08-01,2023-08-01 10:30:00-04:00,2023-08-29 10:30:00-04:00,upper,15953.781628534565,
1436_lower,1436,2023-08-01,2023-08-01 10:30:00-04:00,2023-08-29 10:30:00-04:00,lower,15614.468371465435,2023-08-02 04:02:00-04:00
1437_upper,1437,2023-08-02,2023-08-02 10:30:00-04:00,2023-08-30 10:30:00-04:00,upper,15845.834362295362,
1437_lower,1437,2023-08-02,2023-08-02 10:30:00-04:00,2023-08-30 10:30:00-04:00,lower,15418.290637704638,2023-08-02 12:11:00-04:00
1438_upper,1438,2023-08-03,2023-08-03 10:30:00-04:00,2023-08-31 10:30:00-04:00,upper,15588.187229791503,2023-08-04 12:25:00-04:00
1438_lower,1438,2023-08-03,2023-08-03 10:30:00-04:00,2023-08-31 10:30:00-04:00,lower,15178.812770208497,2023-08-09 11:14:00-04:00
1439_upper,1439,2023-08-04,2023-08-04 10:30:00-04:00,2023-09-01 10:30:00-04:00,upper,15761.969305764967,
1439_lower,1439,2023-08-04,2023-08-04 10:30:00-04:00,2023-09-01 10:30:00-04:00,lower,15237.655694235033,2023-08-08 10:57:00-04:00
1440_upper,1440,2023-08-07,2023-08-07 10:30:00-04:00,2023-09-04 10:30:00-04:00,upper,15629.551658579476,2023-09-01 08:32:00-04:00
1440_lower,1440,2023-08-07,2023-08-07 10:30:00-04:00,2023-09-04 10:30:00-04:00,lower,15219.073341420524,2023-08-08 11:49:00-04:00
1441_upper,1441,2023-08-08,2023-08-08 10:30:00-04:00,2023-09-05 10:30:00-04:00,upper,15557.31326838668,2023-08-31 09:45:00-04:00
1441_lower,1441,2023-08-08,2023-08-08 10:30:00-04:00,2023-09-05 10:30:00-04:00,lower,15133.43673161332,2023-08-11 08:31:00-04:00
1442_upper,1442,2023-08-09,2023-08-09 10:30:00-04:00,2023-09-06 10:30:00-04:00,upper,15532.052676827978,2023-08-31 08:16:00-04:00
1442_lower,1442,2023-08-09,2023-08-09 10:30:00-04:00,2023-09-06 10:30:00-04:00,lower,15141.822323172022,2023-08-10 13:57:00-04:00
1443_upper,1443,2023-08-10,2023-08-10 10:30:00-04:00,2023-09-07 10:30:00-04:00,upper,15569.768237576576,2023-08-31 10:00:00-04:00
1443_lower,1443,2023-08-10,2023-08-10 10:30:00-04:00,2023-09-07 10:30:00-04:00,lower,15088.731762423424,2023-08-11 08:49:00-04:00
1444_upper,1444,2023-08-11,2023-08-11 10:30:00-04:00,2023-09-08 10:30:00-04:00,upper,15303.33143783653,2023-08-14 18:27:00-04:00
1444_lower,1444,2023-08-11,2023-08-11 10:30:00-04:00,2023-09-08 10:30:00-04:00,lower,14901.54356216347,2023-08-16 20:39:00-04:00
1445_upper,1445,2023-08-14,2023-08-14 10:30:00-04:00,2023-09-11 10:30:00-04:00,upper,15295.195975187766,2023-08-14 18:27:00-04:00
1445_lower,1445,2023-08-14,2023-08-14 10:30:00-04:00,2023-09-11 10:30:00-04:00,lower,14877.054024812234,2023-08-17 10:33:00-04:00
1446_upper,1446,2023-08-15,2023-08-15 10:30:00-04:00,2023-09-12 10:30:00-04:00,upper,15420.584466918714,2023-08-29 15:19:00-04:00
1446_lower,1446,2023-08-15,2023-08-15 10:30:00-04:00,2023-09-12 10:30:00-04:00,lower,14990.540533081286,2023-08-16 13:10:00-04:00
1447_upper,1447,2023-08-16,2023-08-16 10:30:00-04:00,2023-09-13 10:30:00-04:00,upper,15269.500693119033,2023-08-23 16:20:00-04:00
1447_lower,1447,2023-08-16,2023-08-16 10:30:00-04:00,2023-09-13 10:30:00-04:00,lower,14907.749306880967,2023-08-16 20:19:00-04:00
1448_upper,1448,2023-08-17,2023-08-17 10:30:00-04:00,2023-09-14 10:30:00-04:00,upper,15178.222756936233,2023-08-23 10:51:00-04:00
1448_lower,1448,2023-08-17,2023-08-17 10:30:00-04:00,2023-09-14 10:30:00-04:00,lower,14760.777243063767,2023-08-17 15:15:00-04:00
1449_upper,1449,2023-08-18,2023-08-18 10:30:00-04:00,2023-09-15 10:30:00-04:00,upper,14823.580191280835,2023-08-21 04:24:00-04:00
1449_lower,1449,2023-08-18,2023-08-18 10:30:00-04:00,2023-09-15 10:30:00-04:00,lower,14461.794808719165,
1450_upper,1450,2023-08-21,2023-08-21 10:30:00-04:00,2023-09-18 10:30:00-04:00,upper,15046.702045487342,2023-08-22 03:44:00-04:00
1450_lower,1450,2023-08-21,2023-08-21 10:30:00-04:00,2023-09-18 10:30:00-04:00,lower,14631.047954512658,
1451_upper,1451,2023-08-22,2023-08-22 10:30:00-04:00,2023-09-19 10:30:00-04:00,upper,15253.439239065468,2023-08-23 16:20:00-04:00
1451_lower,1451,2023-08-22,2023-08-22 10:30:00-04:00,2023-09-19 10:30:00-04:00,lower,14883.060760934532,2023-08-24 15:46:00-04:00
1452_upper,1452,2023-08-23,2023-08-23 10:30:00-04:00,2023-09-20 10:30:00-04:00,upper,15263.066725775083,2023-08-23 16:20:00-04:00
1452_lower,1452,2023-08-23,2023-08-23 10:30:00-04:00,2023-09-20 10:30:00-04:00,lower,14818.433274224917,2023-08-24 16:34:00-04:00
1453_upper,1453,2023-08-24,2023-08-24 10:30:00-04:00,2023-09-21 10:30:00-04:00,upper,15589.592104097457,2023-08-31 10:21:00-04:00
1453_lower,1453,2023-08-24,2023-08-24 10:30:00-04:00,2023-09-21 10:30:00-04:00,lower,14946.907895902543,2023-08-24 11:52:00-04:00
1454_upper,1454,2023-08-25,2023-08-25 10:30:00-04:00,2023-09-22 10:30:00-04:00,upper,15179.062138640245,2023-08-29 10:00:00-04:00
1454_lower,1454,2023-08-25,2023-08-25 10:30:00-04:00,2023-09-22 10:30:00-04:00,lower,14677.562861359755,
1455_upper,1455,2023-08-28,2023-08-28 10:30:00-04:00,2023-09-25 10:30:00-04:00,upper,15281.362425241365,2023-08-29 10:22:00-04:00
1455_lower,1455,2023-08-28,2023-08-28 10:30:00-04:00,2023-09-25 10:30:00-04:00,lower,14881.637574758635,2023-09-21 15:52:00-04:00
1456_upper,1456,2023-08-29,2023-08-29 10:30:00-04:00,2023-09-26 10:30:00-04:00,upper,15420.783249457767,2023-08-29 15:19:00-04:00
1456_lower,1456,2023-08-29,2023-08-29 10:30:00-04:00,2023-09-26 10:30:00-04:00,lower,14841.591750542233,2023-09-21 16:22:00-04:00
1457_upper,1457,2023-08-30,2023-08-30 10:30:00-04:00,2023-09-27 10:30:00-04:00,upper,15629.449940807615,2023-09-01 08:32:00-04:00
1457_lower,1457,2023-08-30,2023-08-30 10:30:00-04:00,2023-09-27 10:30:00-04:00,lower,15227.925059192385,2023-09-07 08:32:00-04:00
1458_upper,1458,2023-08-31,2023-08-31 10:30:00-04:00,2023-09-28 10:30:00-04:00,upper,15698.067465263637,2023-09-14 12:15:00-04:00
1458_lower,1458,2023-08-31,2023-08-31 10:30:00-04:00,2023-09-28 10:30:00-04:00,lower,15336.432534736363,2023-09-06 12:29:00-04:00
1459_upper,1459,2023-09-01,2023-09-01 10:30:00-04:00,2023-09-29 10:30:00-04:00,upper,15819.468109723344,
1459_lower,1459,2023-09-01,2023-09-01 10:30:00-04:00,2023-09-29 10:30:00-04:00,lower,15389.281890276656,2023-09-06 10:13:00-04:00
1460_upper,1460,2023-09-04,2023-09-04 10:30:00-04:00,2023-10-02 10:30:00-04:00,upper,15679.121624193325,2023-09-11 14:25:00-04:00
1460_lower,1460,2023-09-04,2023-09-04 10:30:00-04:00,2023-10-02 10:30:00-04:00,lower,15439.378375806675,2023-09-05 04:12:00-04:00
1461_upper,1461,2023-09-05,2023-09-05 10:30:00-04:00,2023-10-03 10:30:00-04:00,upper,15639.465689431374,2023-09-11 09:33:00-04:00
1461_lower,1461,2023-09-05,2023-09-05 10:30:00-04:00,2023-10-03 10:30:00-04:00,lower,15325.409310568626,2023-09-06 12:44:00-04:00
1462_upper,1462,2023-09-06,2023-09-06 10:30:00-04:00,2023-10-04 10:30:00-04:00,upper,15677.510675566393,2023-09-11 14:22:00-04:00
1462_lower,1462,2023-09-06,2023-09-06 10:30:00-04:00,2023-10-04 10:30:00-04:00,lower,15268.239324433607,2023-09-07 08:14:00-04:00
1463_upper,1463,2023-09-07,2023-09-07 10:30:00-04:00,2023-10-05 10:30:00-04:00,upper,15365.185919182659,2023-09-08 09:50:00-04:00
1463_lower,1463,2023-09-07,2023-09-07 10:30:00-04:00,2023-10-05 10:30:00-04:00,lower,15034.564080817341,2023-09-21 06:01:00-04:00
1464_upper,1464,2023-09-08,2023-09-08 10:30:00-04:00,2023-10-06 10:30:00-04:00,upper,15496.462916416425,2023-09-10 20:00:00-04:00
1464_lower,1464,2023-09-08,2023-09-08 10:30:00-04:00,2023-10-06 10:30:00-04:00,lower,15106.912083583575,2023-09-20 20:07:00-04:00
1465_upper,1465,2023-09-11,2023-09-11 10:30:00-04:00,2023-10-09 10:30:00-04:00,upper,15789.509184670234,
1465_lower,1465,2023-09-11,2023-09-11 10:30:00-04:00,2023-10-09 10:30:00-04:00,lower,15421.240815329766,2023-09-13 08:30:00-04:00
1466_upper,1466,2023-09-12,2023-09-12 10:30:00-04:00,2023-10-10 10:30:00-04:00,upper,15775.842533125378,
1466_lower,1466,2023-09-12,2023-09-12 10:30:00-04:00,2023-10-10 10:30:00-04:00,lower,15437.157466874622,2023-09-13 08:30:00-04:00
1467_upper,1467,2023-09-13,2023-09-13 10:30:00-04:00,2023-10-11 10:30:00-04:00,upper,15687.75836865804,2023-09-14 11:09:00-04:00
1467_lower,1467,2023-09-13,2023-09-13 10:30:00-04:00,2023-10-11 10:30:00-04:00,lower,15323.86663134196,2023-09-19 09:50:00-04:00
1468_upper,1468,2023-09-14,2023-09-14 10:30:00-04:00,2023-10-12 10:30:00-04:00,upper,15778.626828942046,
1468_lower,1468,2023-09-14,2023-09-14 10:30:00-04:00,2023-10-12 10:30:00-04:00,lower,15426.248171057954,2023-09-15 10:59:00-04:00
1469_upper,1469,2023-09-15,2023-09-15 10:30:00-04:00,2023-10-13 10:30:00-04:00,upper,15788.394477606205,
1469_lower,1469,2023-09-15,2023-09-15 10:30:00-04:00,2023-10-13 10:30:00-04:00,lower,15370.480522393795,2023-09-15 13:30:00-04:00
1470_upper,1470,2023-09-18,2023-09-18 10:30:00-04:00,2023-10-16 10:30:00-04:00,upper,15543.12022563017,
1470_lower,1470,2023-09-18,2023-09-18 10:30:00-04:00,2023-10-16 10:30:00-04:00,lower,15203.87977436983,2023-09-20 15:33:00-04:00
1471_upper,1471,2023-09-19,2023-09-19 10:30:00-04:00,2023-10-17 10:30:00-04:00,upper,15513.121973005582,
1471_lower,1471,2023-09-19,2023-09-19 10:30:00-04:00,2023-10-17 10:30:00-04:00,lower,15165.003026994418,2023-09-20 15:57:00-04:00
1472_upper,1472,2023-09-20,2023-09-20 10:30:00-04:00,2023-10-18 10:30:00-04:00,upper,15565.244276041634,
1472_lower,1472,2023-09-20,2023-09-20 10:30:00-04:00,2023-10-18 10:30:00-04:00,lower,15252.130723958366,2023-09-20 15:14:00-04:00
1473_upper,1473,2023-09-21,2023-09-21 10:30:00-04:00,2023-10-19 10:30:00-04:00,upper,15159.733847648666,2023-10-06 15:40:00-04:00
1473_lower,1473,2023-09-21,2023-09-21 10:30:00-04:00,2023-10-19 10:30:00-04:00,lower,14797.891152351334,2023-09-25 04:44:00-04:00
1474_upper,1474,2023-09-22,2023-09-22 10:30:00-04:00,2023-10-20 10:30:00-04:00,upper,15109.206851697574,2023-10-06 14:12:00-04:00
1474_lower,1474,2023-09-22,2023-09-22 10:30:00-04:00,2023-10-20 10:30:00-04:00,lower,14756.293148302426,2023-09-26 10:13:00-04:00
1475_upper,1475,2023-09-25,2023-09-25 10:30:00-04:00,2023-10-23 10:30:00-04:00,upper,15030.213529050536,2023-09-29 09:48:00-04:00
1475_lower,1475,2023-09-25,2023-09-25 10:30:00-04:00,2023-10-23 10:30:00-04:00,lower,14633.786470949464,2023-09-27 13:20:00-04:00
1476_upper,1476,2023-09-26,2023-09-26 10:30:00-04:00,2023-10-24 10:30:00-04:00,upper,15007.11661205743,2023-09-29 08:30:00-04:00
1476_lower,1476,2023-09-26,2023-09-26 10:30:00-04:00,2023-10-24 10:30:00-04:00,lower,14603.25838794257,2023-09-27 13:40:00-04:00
1477_upper,1477,2023-09-27,2023-09-27 10:30:00-04:00,2023-10-25 10:30:00-04:00,upper,14946.5892056391,2023-09-28 12:29:00-04:00
1477_lower,1477,2023-09-27,2023-09-27 10:30:00-04:00,2023-10-25 10:30:00-04:00,lower,14562.4107943609,2023-10-23 05:32:00-04:00
1478_upper,1478,2023-09-28,2023-09-28 10:30:00-04:00,2023-10-26 10:30:00-04:00,upper,14905.250582524115,2023-09-28 11:54:00-04:00
1478_lower,1478,2023-09-28,2023-09-28 10:30:00-04:00,2023-10-26 10:30:00-04:00,lower,14505.374417475885,2023-10-25 13:28:00-04:00
1479_upper,1479,2023-09-29,2023-09-29 10:30:00-04:00,2023-10-27 10:30:00-04:00,upper,15187.912330014886,2023-10-09 13:57:00-04:00
1479_lower,1479,2023-09-29,2023-09-29 10:30:00-04:00,2023-10-27 10:30:00-04:00,lower,14828.962669985114,2023-09-29 13:18:00-04:00
1480_upper,1480,2023-10-02,2023-10-02 10:30:00-04:00,2023-10-30 10:30:00-04:00,upper,15114.11544197032,2023-10-06 14:27:00-04:00
1480_lower,1480,2023-10-02,2023-10-02 10:30:00-04:00,2023-10-30 10:30:00-04:00,lower,14679.63455802968,2023-10-03 14:16:00-04:00
1481_upper,1481,2023-10-03,2023-10-03 10:30:00-04:00,2023-10-31 10:30:00-04:00,upper,15142.142363656174,2023-10-06 14:40:00-04:00
1481_lower,1481,2023-10-03,2023-10-03 10:30:00-04:00,2023-10-31 10:30:00-04:00,lower,14608.482636343826,2023-10-04 02:18:00-04:00
1482_upper,1482,2023-10-04,2023-10-04 10:30:00-04:00,2023-11-01 10:30:00-04:00,upper,14966.066806426763,2023-10-06 11:33:00-04:00
1482_lower,1482,2023-10-04,2023-10-04 10:30:00-04:00,2023-11-01 10:30:00-04:00,lower,14571.433193573237,2023-10-23 05:31:00-04:00
1483_upper,1483,2023-10-05,2023-10-05 10:30:00-04:00,2023-11-02 10:30:00-04:00,upper,15116.628585542576,2023-10-06 14:28:00-04:00
1483_lower,1483,2023-10-05,2023-10-05 10:30:00-04:00,2023-11-02 10:30:00-04:00,lower,14637.371414457424,2023-10-23 03:43:00-04:00
1484_upper,1484,2023-10-06,2023-10-06 10:30:00-04:00,2023-11-03 10:30:00-04:00,upper,14993.804658086112,2023-10-06 11:38:00-04:00
1484_lower,1484,2023-10-06,2023-10-06 10:30:00-04:00,2023-11-03 10:30:00-04:00,lower,14524.195341913888,2023-10-23 05:48:00-04:00
1485_upper,1485,2023-10-09,2023-10-09 10:30:00-04:00,2023-11-06 10:30:00-05:00,upper,15208.919186800376,2023-10-09 14:44:00-04:00
1485_lower,1485,2023-10-09,2023-10-09 10:30:00-04:00,2023-11-06 10:30:00-05:00,lower,14811.455813199624,2023-10-20 02:21:00-04:00
1486_upper,1486,2023-10-10,2023-10-10 10:30:00-04:00,2023-11-07 10:30:00-05:00,upper,15423.339015007881,2023-10-11 20:06:00-04:00
1486_lower,1486,2023-10-10,2023-10-10 10:30:00-04:00,2023-11-07 10:30:00-05:00,lower,15016.660984992119,2023-10-18 15:42:00-04:00
1487_upper,1487,2023-10-11,2023-10-11 10:30:00-04:00,2023-11-08 10:30:00-05:00,upper,15511.368133316355,
1487_lower,1487,2023-10-11,2023-10-11 10:30:00-04:00,2023-11-08 10:30:00-05:00,lower,15157.756866683645,2023-10-13 11:24:00-04:00
1488_upper,1488,2023-10-12,2023-10-12 10:30:00-04:00,2023-11-09 10:30:00-05:00,upper,15580.801164555436,
1488_lower,1488,2023-10-12,2023-10-12 10:30:00-04:00,2023-11-09 10:30:00-05:00,lower,15225.448835444564,2023-10-12 14:11:00-04:00
1489_upper,1489,2023-10-13,2023-10-13 10:30:00-04:00,2023-11-10 10:30:00-05:00,upper,15514.614337373589,
1489_lower,1489,2023-10-13,2023-10-13 10:30:00-04:00,2023-11-10 10:30:00-05:00,lower,15143.135662626411,2023-10-13 11:50:00-04:00
1490_upper,1490,2023-10-16,2023-10-16 10:30:00-04:00,2023-11-13 10:30:00-05:00,upper,15442.178746345195,2023-11-09 11:51:00-05:00
1490_lower,1490,2023-10-16,2023-10-16 10:30:00-04:00,2023-11-13 10:30:00-05:00,lower,14977.196253654805,2023-10-19 03:46:00-04:00
1491_upper,1491,2023-10-17,2023-10-17 10:30:00-04:00,2023-11-14 10:30:00-05:00,upper,15360.114190722343,2023-11-07 10:40:00-05:00
1491_lower,1491,2023-10-17,2023-10-17 10:30:00-04:00,2023-11-14 10:30:00-05:00,lower,14905.635809277657,2023-10-19 14:40:00-04:00
1492_upper,1492,2023-10-18,2023-10-18 10:30:00-04:00,2023-11-15 10:30:00-05:00,upper,15343.319510651938,2023-11-07 10:28:00-05:00
1492_lower,1492,2023-10-18,2023-10-18 10:30:00-04:00,2023-11-15 10:30:00-05:00,lower,14960.180489348062,2023-10-19 03:49:00-04:00
1493_upper,1493,2023-10-19,2023-10-19 10:30:00-04:00,2023-11-16 10:30:00-05:00,upper,15275.736996760073,2023-11-07 09:18:00-05:00
1493_lower,1493,2023-10-19,2023-10-19 10:30:00-04:00,2023-11-16 10:30:00-05:00,lower,14866.763003239927,2023-10-19 15:43:00-04:00
1494_upper,1494,2023-10-20,2023-10-20 10:30:00-04:00,2023-11-17 10:30:00-05:00,upper,15070.892577085335,2023-11-03 09:31:00-04:00
1494_lower,1494,2023-10-20,2023-10-20 10:30:00-04:00,2023-11-17 10:30:00-05:00,lower,14609.982422914665,2023-10-23 05:05:00-04:00
1495_upper,1495,2023-10-23,2023-10-23 10:30:00-04:00,2023-11-20 10:30:00-05:00,upper,14861.637096466304,2023-10-24 10:38:00-04:00
1495_lower,1495,2023-10-23,2023-10-23 10:30:00-04:00,2023-11-20 10:30:00-05:00,lower,14341.862903533696,2023-10-25 19:21:00-04:00
1496_upper,1496,2023-10-24,2023-10-24 10:30:00-04:00,2023-11-21 10:30:00-05:00,upper,14987.591781165005,2023-11-02 13:32:00-04:00
1496_lower,1496,2023-10-24,2023-10-24 10:30:00-04:00,2023-11-21 10:30:00-05:00,lower,14596.908218834995,2023-10-25 10:27:00-04:00
1497_upper,1497,2023-10-25,2023-10-25 10:30:00-04:00,2023-11-22 10:30:00-05:00,upper,14935.534575520875,2023-11-02 08:30:00-04:00
1497_lower,1497,2023-10-25,2023-10-25 10:30:00-04:00,2023-11-22 10:30:00-05:00,lower,14478.965424479125,2023-10-25 13:39:00-04:00
1498_upper,1498,2023-10-26,2023-10-26 10:30:00-04:00,2023-11-23 10:30:00-05:00,upper,14656.943676677543,2023-11-01 14:34:00-04:00
1498_lower,1498,2023-10-26,2023-10-26 10:30:00-04:00,2023-11-23 10:30:00-05:00,lower,14128.181323322457,
1499_upper,1499,2023-10-27,2023-10-27 10:30:00-04:00,2023-11-24 10:30:00-05:00,upper,14501.726369051132,2023-10-31 15:01:00-04:00
1499_lower,1499,2023-10-27,2023-10-27 10:30:00-04:00,2023-11-24 10:30:00-05:00,lower,14135.523630948868,
1500_upper,1500,2023-10-30,2023-10-30 10:30:00-04:00,2023-11-27 10:30:00-05:00,upper,14619.357213490988,2023-11-01 10:23:00-04:00
1500_lower,1500,2023-10-30,2023-10-30 10:30:00-04:00,2023-11-27 10:30:00-05:00,lower,14147.142786509012,
1501_upper,1501,2023-10-31,2023-10-31 10:30:00-04:00,2023-11-28 10:30:00-05:00,upper,14601.035061183555,2023-11-01 10:22:00-04:00
1501_lower,1501,2023-10-31,2023-10-31 10:30:00-04:00,2023-11-28 10:30:00-05:00,lower,14188.214938816445,
1502_upper,1502,2023-11-01,2023-11-01 10:30:00-04:00,2023-11-29 10:30:00-05:00,upper,14755.64957167934,2023-11-01 15:34:00-04:00
1502_lower,1502,2023-11-01,2023-11-01 10:30:00-04:00,2023-11-29 10:30:00-05:00,lower,14342.47542832066,
1503_upper,1503,2023-11-02,2023-11-02 10:30:00-04:00,2023-11-30 10:30:00-05:00,upper,15083.732484351021,2023-11-03 09:43:00-04:00
1503_lower,1503,2023-11-02,2023-11-02 10:30:00-04:00,2023-11-30 10:30:00-05:00,lower,14747.767515648979,
1504_upper,1504,2023-11-03,2023-11-03 10:30:00-04:00,2023-12-01 10:30:00-05:00,upper,15268.539634336601,2023-11-07 09:17:00-05:00
1504_lower,1504,2023-11-03,2023-11-03 10:30:00-04:00,2023-12-01 10:30:00-05:00,lower,14884.335365663399,
1505_upper,1505,2023-11-06,2023-11-06 10:30:00-05:00,2023-12-04 10:30:00-05:00,upper,15362.709554818362,2023-11-07 10:41:00-05:00
1505_lower,1505,2023-11-06,2023-11-06 10:30:00-05:00,2023-12-04 10:30:00-05:00,lower,15062.540445181638,
1506_upper,1506,2023-11-07,2023-11-07 10:30:00-05:00,2023-12-05 10:30:00-05:00,upper,15468.540969990474,2023-11-10 12:06:00-05:00
1506_lower,1506,2023-11-07,2023-11-07 10:30:00-05:00,2023-12-05 10:30:00-05:00,lower,15092.334030009526,
1507_upper,1507,2023-11-08,2023-11-08 10:30:00-05:00,2023-12-06 10:30:00-05:00,upper,15537.907141189105,2023-11-10 12:55:00-05:00
1507_lower,1507,2023-11-08,2023-11-08 10:30:00-05:00,2023-12-06 10:30:00-05:00,lower,15229.217858810895,2023-11-09 18:21:00-05:00
1508_upper,1508,2023-11-09,2023-11-09 10:30:00-05:00,2023-12-07 10:30:00-05:00,upper,15553.139523695798,2023-11-10 13:35:00-05:00
1508_lower,1508,2023-11-09,2023-11-09 10:30:00-05:00,2023-12-07 10:30:00-05:00,lower,15243.985476304202,2023-11-09 15:00:00-05:00
1509_upper,1509,2023-11-10,2023-11-10 10:30:00-05:00,2023-12-08 10:30:00-05:00,upper,15500.845300883,2023-11-10 12:33:00-05:00
1509_lower,1509,2023-11-10,2023-11-10 10:30:00-05:00,2023-12-08 10:30:00-05:00,lower,15175.029699117,
1510_upper,1510,2023-11-13,2023-11-13 10:30:00-05:00,2023-12-11 10:30:00-05:00,upper,15665.251049723287,2023-11-14 08:30:00-05:00
1510_lower,1510,2023-11-13,2023-11-13 10:30:00-05:00,2023-12-11 10:30:00-05:00,lower,15366.623950276713,
1511_upper,1511,2023-11-14,2023-11-14 10:30:00-05:00,2023-12-12 10:30:00-05:00,upper,15999.786834905073,2023-11-15 08:25:00-05:00
1511_lower,1511,2023-11-14,2023-11-14 10:30:00-05:00,2023-12-12 10:30:00-05:00,lower,15651.088165094927,
1512_upper,1512,2023-11-15,2023-11-15 10:30:00-05:00,2023-12-13 10:30:00-05:00,upper,16095.770292488456,2023-11-20 14:47:00-05:00
1512_lower,1512,2023-11-15,2023-11-15 10:30:00-05:00,2023-12-13 10:30:00-05:00,lower,15801.229707511544,2023-11-16 11:38:00-05:00
1513_upper,1513,2023-11-16,2023-11-16 10:30:00-05:00,2023-12-14 10:30:00-05:00,upper,16015.643291059818,2023-11-20 11:04:00-05:00
1513_lower,1513,2023-11-16,2023-11-16 10:30:00-05:00,2023-12-14 10:30:00-05:00,lower,15700.606708940182,
1514_upper,1514,2023-11-17,2023-11-17 10:30:00-05:00,2023-12-15 10:30:00-05:00,upper,15994.229960445984,2023-11-20 09:58:00-05:00
1514_lower,1514,2023-11-17,2023-11-17 10:30:00-05:00,2023-12-15 10:30:00-05:00,lower,15722.395039554016,2023-12-04 10:53:00-05:00
1515_upper,1515,2023-11-20,2023-11-20 10:30:00-05:00,2023-12-18 10:30:00-05:00,upper,16095.577963260268,2023-11-20 14:47:00-05:00
1515_lower,1515,2023-11-20,2023-11-20 10:30:00-05:00,2023-12-18 10:30:00-05:00,lower,15747.922036739732,2023-12-04 10:28:00-05:00
1516_upper,1516,2023-11-21,2023-11-21 10:30:00-05:00,2023-12-19 10:30:00-05:00,upper,16158.55957440403,2023-11-22 09:36:00-05:00
1516_lower,1516,2023-11-21,2023-11-21 10:30:00-05:00,2023-12-19 10:30:00-05:00,lower,15825.81542559597,2023-12-04 09:51:00-05:00
1517_upper,1517,2023-11-22,2023-11-22 10:30:00-05:00,2023-12-20 10:30:00-05:00,upper,16300.91155252398,2023-12-10 19:00:00-05:00
1517_lower,1517,2023-11-22,2023-11-22 10:30:00-05:00,2023-12-20 10:30:00-05:00,lower,15858.33844747602,2023-11-30 13:31:00-05:00
1518_upper,1518,2023-11-23,2023-11-23 10:30:00-05:00,2023-12-21 10:30:00-05:00,upper,16164.611367656795,2023-11-29 08:30:00-05:00
1518_lower,1518,2023-11-23,2023-11-23 10:30:00-05:00,2023-12-21 10:30:00-05:00,lower,15958.763632343205,2023-11-26 21:04:00-05:00
1519_upper,1519,2023-11-24,2023-11-24 10:30:00-05:00,2023-12-22 10:30:00-05:00,upper,16161.885073242043,2023-11-29 08:30:00-05:00
1519_lower,1519,2023-11-24,2023-11-24 10:30:00-05:00,2023-12-22 10:30:00-05:00,lower,15888.614926757957,2023-11-30 10:48:00-05:00
1520_upper,1520,2023-11-27,2023-11-27 10:30:00-05:00,2023-12-26 10:30:00-05:00,upper,16150.415113714713,2023-11-29 08:06:00-05:00
1520_lower,1520,2023-11-27,2023-11-27 10:30:00-05:00,2023-12-26 10:30:00-05:00,lower,15858.834886285287,2023-11-30 13:31:00-05:00
1521_upper,1521,2023-11-28,2023-11-28 10:30:00-05:00,2023-12-27 10:30:00-05:00,upper,16103.147216602607,2023-11-29 04:23:00-05:00
1521_lower,1521,2023-11-28,2023-11-28 10:30:00-05:00,2023-12-27 10:30:00-05:00,lower,15854.352783397393,2023-12-04 09:24:00-05:00
1522_upper,1522,2023-11-29,2023-11-29 10:30:00-05:00,2023-12-28 10:30:00-05:00,upper,16326.546718839738,2023-12-11 09:33:00-05:00
1522_lower,1522,2023-11-29,2023-11-29 10:30:00-05:00,2023-12-28 10:30:00-05:00,lower,15967.453281160262,2023-11-30 09:42:00-05:00
1523_upper,1523,2023-11-30,2023-11-30 10:30:00-05:00,2023-12-29 10:30:00-05:00,upper,16196.902605630494,2023-12-10 19:00:00-05:00
1523_lower,1523,2023-11-30,2023-11-30 10:30:00-05:00,2023-12-29 10:30:00-05:00,lower,15820.722394369506,2023-12-04 10:15:00-05:00
1524_upper,1524,2023-12-01,2023-12-01 10:30:00-05:00,2024-01-02 10:30:00-05:00,upper,16085.76333390208,2023-12-08 10:11:00-05:00
1524_lower,1524,2023-12-01,2023-12-01 10:30:00-05:00,2024-01-02 10:30:00-05:00,lower,15763.11166609792,2023-12-04 10:24:00-05:00
1525_upper,1525,2023-12-04,2023-12-04 10:30:00-05:00,2024-01-03 10:30:00-05:00,upper,16019.860859026965,2023-12-06 09:00:00-05:00
1525_lower,1525,2023-12-04,2023-12-04 10:30:00-05:00,2024-01-03 10:30:00-05:00,lower,15654.264140973035,
1526_upper,1526,2023-12-05,2023-12-05 10:30:00-05:00,2024-01-04 10:30:00-05:00,upper,16031.998355606553,2023-12-06 09:23:00-05:00
1526_lower,1526,2023-12-05,2023-12-05 10:30:00-05:00,2024-01-04 10:30:00-05:00,lower,15619.251644393447,
1527_upper,1527,2023-12-06,2023-12-06 10:30:00-05:00,2024-01-05 10:30:00-05:00,upper,16208.126026151109,2023-12-10 19:00:00-05:00
1527_lower,1527,2023-12-06,2023-12-06 10:30:00-05:00,2024-01-05 10:30:00-05:00,lower,15782.123973848891,
1528_upper,1528,2023-12-07,2023-12-07 10:30:00-05:00,2024-01-08 10:30:00-05:00,upper,16111.463071266982,2023-12-08 10:24:00-05:00
1528_lower,1528,2023-12-07,2023-12-07 10:30:00-05:00,2024-01-08 10:30:00-05:00,lower,15765.036928733018,
1529_upper,1529,2023-12-08,2023-12-08 10:30:00-05:00,2024-01-09 10:30:00-05:00,upper,16209.423002982388,2023-12-10 19:00:00-05:00
1529_lower,1529,2023-12-08,2023-12-08 10:30:00-05:00,2024-01-09 10:30:00-05:00,lower,15776.951997017612,
1530_upper,1530,2023-12-11,2023-12-11 10:30:00-05:00,2024-01-10 10:30:00-05:00,upper,16478.359105597912,2023-12-11 19:21:00-05:00
1530_lower,1530,2023-12-11,2023-12-11 10:30:00-05:00,2024-01-10 10:30:00-05:00,lower,16146.39089440209,
1531_upper,1531,2023-12-12,2023-12-12 10:30:00-05:00,2024-01-11 10:30:00-05:00,upper,16603.712106069477,2023-12-12 18:08:00-05:00
1531_lower,1531,2023-12-12,2023-12-12 10:30:00-05:00,2024-01-11 10:30:00-05:00,lower,16283.912893930526,
1532_upper,1532,2023-12-13,2023-12-13 10:30:00-05:00,2024-01-12 10:30:00-05:00,upper,16748.20060289857,2023-12-13 14:39:00-05:00
1532_lower,1532,2023-12-13,2023-12-13 10:30:00-05:00,2024-01-12 10:30:00-05:00,lower,16488.54939710143,2024-01-04 08:21:00-05:00
1533_upper,1533,2023-12-14,2023-12-14 10:30:00-05:00,2024-01-15 10:30:00-05:00,upper,16980.404600724352,2023-12-19 07:17:00-05:00
1533_lower,1533,2023-12-14,2023-12-14 10:30:00-05:00,2024-01-15 10:30:00-05:00,lower,16671.720399275648,2023-12-14 13:49:00-05:00
1534_upper,1534,2023-12-15,2023-12-15 10:30:00-05:00,2024-01-16 10:30:00-05:00,upper,16957.667825366458,2023-12-18 13:51:00-05:00
1534_lower,1534,2023-12-15,2023-12-15 10:30:00-05:00,2024-01-16 10:30:00-05:00,lower,16653.707174633542,2024-01-02 15:00:00-05:00
1535_upper,1535,2023-12-18,2023-12-18 10:30:00-05:00,2024-01-17 10:30:00-05:00,upper,16999.357653136416,2023-12-19 10:31:00-05:00
1535_lower,1535,2023-12-18,2023-12-18 10:30:00-05:00,2024-01-17 10:30:00-05:00,lower,16716.142346863584,2024-01-02 10:30:00-05:00
1536_upper,1536,2023-12-19,2023-12-19 10:30:00-05:00,2024-01-18 10:30:00-05:00,upper,17091.796474788527,2023-12-26 15:22:00-05:00
1536_lower,1536,2023-12-19,2023-12-19 10:30:00-05:00,2024-01-18 10:30:00-05:00,lower,16831.578525211473,2023-12-20 15:01:00-05:00
1537_upper,1537,2023-12-20,2023-12-20 10:30:00-05:00,2024-01-19 10:30:00-05:00,upper,17161.66111147293,2023-12-28 07:34:00-05:00
1537_lower,1537,2023-12-20,2023-12-20 10:30:00-05:00,2024-01-19 10:30:00-05:00,lower,16841.58888852707,2023-12-20 14:53:00-05:00
1538_upper,1538,2023-12-21,2023-12-21 10:30:00-05:00,2024-01-22 10:30:00-05:00,upper,17095.629411503687,2023-12-26 15:25:00-05:00
1538_lower,1538,2023-12-21,2023-12-21 10:30:00-05:00,2024-01-22 10:30:00-05:00,lower,16727.620588496313,2024-01-02 09:56:00-05:00
1539_upper,1539,2023-12-22,2023-12-22 10:30:00-05:00,2024-01-23 10:30:00-05:00,upper,17145.732745703783,2023-12-27 20:09:00-05:00
1539_lower,1539,2023-12-22,2023-12-22 10:30:00-05:00,2024-01-23 10:30:00-05:00,lower,16868.892254296217,2024-01-02 06:34:00-05:00
1540_upper,1540,2023-12-26,2023-12-26 10:30:00-05:00,2024-01-24 10:30:00-05:00,upper,17154.551837927178,2023-12-27 20:43:00-05:00
1540_lower,1540,2023-12-26,2023-12-26 10:30:00-05:00,2024-01-24 10:30:00-05:00,lower,16886.198162072822,2024-01-02 06:27:00-05:00
1541_upper,1541,2023-12-27,2023-12-27 10:30:00-05:00,2024-01-25 10:30:00-05:00,upper,17241.52214873588,2024-01-19 05:51:00-05:00
1541_lower,1541,2023-12-27,2023-12-27 10:30:00-05:00,2024-01-25 10:30:00-05:00,lower,16940.35285126412,2023-12-29 11:29:00-05:00
1542_upper,1542,2023-12-28,2023-12-28 10:30:00-05:00,2024-01-26 10:30:00-05:00,upper,17275.50914414415,2024-01-19 12:24:00-05:00
1542_lower,1542,2023-12-28,2023-12-28 10:30:00-05:00,2024-01-26 10:30:00-05:00,lower,17003.61585585585,2023-12-29 10:48:00-05:00
1543_upper,1543,2023-12-29,2023-12-29 10:30:00-05:00,2024-01-29 10:30:00-05:00,upper,17209.447723507175,2024-01-19 03:59:00-05:00
1543_lower,1543,2023-12-29,2023-12-29 10:30:00-05:00,2024-01-29 10:30:00-05:00,lower,16970.177276492825,2023-12-29 11:15:00-05:00
1544_upper,1544,2024-01-02,2024-01-02 10:30:00-05:00,2024-01-30 10:30:00-05:00,upper,17043.921783955302,2024-01-11 03:26:00-05:00
1544_lower,1544,2024-01-02,2024-01-02 10:30:00-05:00,2024-01-30 10:30:00-05:00,lower,16606.828216044698,2024-01-03 07:35:00-05:00
1545_upper,1545,2024-01-03,2024-01-03 10:30:00-05:00,2024-01-31 10:30:00-05:00,upper,16779.531086708965,2024-01-08 14:51:00-05:00
1545_lower,1545,2024-01-03,2024-01-03 10:30:00-05:00,2024-01-31 10:30:00-05:00,lower,16435.46891329104,2024-01-05 00:20:00-05:00
1546_upper,1546,2024-01-04,2024-01-04 10:30:00-05:00,2024-02-01 10:30:00-05:00,upper,16639.231009485135,2024-01-08 10:04:00-05:00
1546_lower,1546,2024-01-04,2024-01-04 10:30:00-05:00,2024-02-01 10:30:00-05:00,lower,16302.268990514865,
1547_upper,1547,2024-01-05,2024-01-05 10:30:00-05:00,2024-02-02 10:30:00-05:00,upper,16661.23570688657,2024-01-08 10:48:00-05:00
1547_lower,1547,2024-01-05,2024-01-05 10:30:00-05:00,2024-02-02 10:30:00-05:00,lower,16284.389293113429,
1548_upper,1548,2024-01-08,2024-01-08 10:30:00-05:00,2024-02-05 10:30:00-05:00,upper,16751.6119350137,2024-01-08 14:14:00-05:00
1548_lower,1548,2024-01-08,2024-01-08 10:30:00-05:00,2024-02-05 10:30:00-05:00,lower,16339.5130649863,
1549_upper,1549,2024-01-09,2024-01-09 10:30:00-05:00,2024-02-06 10:30:00-05:00,upper,16846.275503128818,2024-01-09 12:54:00-05:00
1549_lower,1549,2024-01-09,2024-01-09 10:30:00-05:00,2024-02-06 10:30:00-05:00,lower,16526.724496871182,
1550_upper,1550,2024-01-10,2024-01-10 10:30:00-05:00,2024-02-07 10:30:00-05:00,upper,16987.228593438093,2024-01-10 20:07:00-05:00
1550_lower,1550,2024-01-10,2024-01-10 10:30:00-05:00,2024-02-07 10:30:00-05:00,lower,16690.521406561907,2024-01-17 10:00:00-05:00
1551_upper,1551,2024-01-11,2024-01-11 10:30:00-05:00,2024-02-08 10:30:00-05:00,upper,17218.754506742873,2024-01-19 04:13:00-05:00
1551_lower,1551,2024-01-11,2024-01-11 10:30:00-05:00,2024-02-08 10:30:00-05:00,lower,16699.745493257127,2024-01-17 10:00:00-05:00
1552_upper,1552,2024-01-12,2024-01-12 10:30:00-05:00,2024-02-09 10:30:00-05:00,upper,17172.94383495998,2024-01-18 22:00:00-05:00
1552_lower,1552,2024-01-12,2024-01-12 10:30:00-05:00,2024-02-09 10:30:00-05:00,lower,16823.93116504002,2024-01-16 03:04:00-05:00
1553_upper,1553,2024-01-15,2024-01-15 10:30:00-05:00,2024-02-12 10:30:00-05:00,upper,17071.67909285993,2024-01-18 10:48:00-05:00
1553_lower,1553,2024-01-15,2024-01-15 10:30:00-05:00,2024-02-12 10:30:00-05:00,lower,16837.32090714007,2024-01-16 03:03:00-05:00
1554_upper,1554,2024-01-16,2024-01-16 10:30:00-05:00,2024-02-13 10:30:00-05:00,upper,17130.66372831959,2024-01-18 18:54:00-05:00
1554_lower,1554,2024-01-16,2024-01-16 10:30:00-05:00,2024-02-13 10:30:00-05:00,lower,16716.46127168041,2024-01-17 09:48:00-05:00
1555_upper,1555,2024-01-17,2024-01-17 10:30:00-05:00,2024-02-14 10:30:00-05:00,upper,17013.626595573453,2024-01-18 07:37:00-05:00
1555_lower,1555,2024-01-17,2024-01-17 10:30:00-05:00,2024-02-14 10:30:00-05:00,lower,16577.748404426547,
1556_upper,1556,2024-01-18,2024-01-18 10:30:00-05:00,2024-02-15 10:30:00-05:00,upper,17169.014278191687,2024-01-18 21:48:00-05:00
1556_lower,1556,2024-01-18,2024-01-18 10:30:00-05:00,2024-02-15 10:30:00-05:00,lower,16848.235721808313,
1557_upper,1557,2024-01-19,2024-01-19 10:30:00-05:00,2024-02-16 10:30:00-05:00,upper,17350.739583414455,2024-01-19 13:16:00-05:00
1557_lower,1557,2024-01-19,2024-01-19 10:30:00-05:00,2024-02-16 10:30:00-05:00,lower,17039.510416585545,
1558_upper,1558,2024-01-22,2024-01-22 10:30:00-05:00,2024-02-19 10:30:00-05:00,upper,17717.829133271625,2024-01-24 10:29:00-05:00
1558_lower,1558,2024-01-22,2024-01-22 10:30:00-05:00,2024-02-19 10:30:00-05:00,lower,17338.545866728375,2024-01-31 06:01:00-05:00
1559_upper,1559,2024-01-23,2024-01-23 10:30:00-05:00,2024-02-20 10:30:00-05:00,upper,17629.672967767547,2024-01-24 01:52:00-05:00
1559_lower,1559,2024-01-23,2024-01-23 10:30:00-05:00,2024-02-20 10:30:00-05:00,lower,17306.577032232453,2024-01-31 10:32:00-05:00
1560_upper,1560,2024-01-24,2024-01-24 10:30:00-05:00,2024-02-21 10:30:00-05:00,upper,17846.033440582152,2024-02-07 10:27:00-05:00
1560_lower,1560,2024-01-24,2024-01-24 10:30:00-05:00,2024-02-21 10:30:00-05:00,lower,17524.716559417848,2024-01-25 20:00:00-05:00
1561_upper,1561,2024-01-25,2024-01-25 10:30:00-05:00,2024-02-22 10:30:00-05:00,upper,17875.211386513845,2024-02-07 10:52:00-05:00
1561_lower,1561,2024-01-25,2024-01-25 10:30:00-05:00,2024-02-22 10:30:00-05:00,lower,17539.538613486155,2024-01-25 18:27:00-05:00
1562_upper,1562,2024-01-26,2024-01-26 10:30:00-05:00,2024-02-23 10:30:00-05:00,upper,17715.938450363836,2024-01-29 15:26:00-05:00
1562_lower,1562,2024-01-26,2024-01-26 10:30:00-05:00,2024-02-23 10:30:00-05:00,lower,17386.561549636164,2024-01-31 04:17:00-05:00
1563_upper,1563,2024-01-29,2024-01-29 10:30:00-05:00,2024-02-26 10:30:00-05:00,upper,17696.40815614748,2024-01-29 15:18:00-05:00
1563_lower,1563,2024-01-29,2024-01-29 10:30:00-05:00,2024-02-26 10:30:00-05:00,lower,17406.34184385252,2024-01-31 04:15:00-05:00
1564_upper,1564,2024-01-30,2024-01-30 10:30:00-05:00,2024-02-27 10:30:00-05:00,upper,17812.5491509663,2024-02-07 10:14:00-05:00
1564_lower,1564,2024-01-30,2024-01-30 10:30:00-05:00,2024-02-27 10:30:00-05:00,lower,17499.8258490337,2024-01-30 16:39:00-05:00
1565_upper,1565,2024-01-31,2024-01-31 10:30:00-05:00,2024-02-28 10:30:00-05:00,upper,17573.240146617107,2024-02-01 16:24:00-05:00
1565_lower,1565,2024-01-31,2024-01-31 10:30:00-05:00,2024-02-28 10:30:00-05:00,lower,17197.884853382893,
1566_upper,1566,2024-02-01,2024-02-01 10:30:00-05:00,2024-02-29 10:30:00-05:00,upper,17498.85533146069,2024-02-01 16:05:00-05:00
1566_lower,1566,2024-02-01,2024-02-01 10:30:00-05:00,2024-02-29 10:30:00-05:00,lower,17129.01966853931,
1567_upper,1567,2024-02-02,2024-02-02 10:30:00-05:00,2024-03-01 10:30:00-05:00,upper,17748.83118594841,2024-02-02 12:29:00-05:00
1567_lower,1567,2024-02-02,2024-02-02 10:30:00-05:00,2024-03-01 10:30:00-05:00,lower,17303.66881405159,
1568_upper,1568,2024-02-05,2024-02-05 10:30:00-05:00,2024-03-04 10:30:00-05:00,upper,17902.655592144743,2024-02-09 03:02:00-05:00
1568_lower,1568,2024-02-05,2024-02-05 10:30:00-05:00,2024-03-04 10:30:00-05:00,lower,17489.094407855257,2024-02-20 10:30:00-05:00
1569_upper,1569,2024-02-06,2024-02-06 10:30:00-05:00,2024-03-05 10:30:00-05:00,upper,17946.099026789314,2024-02-09 08:31:00-05:00
1569_lower,1569,2024-02-06,2024-02-06 10:30:00-05:00,2024-03-05 10:30:00-05:00,lower,17477.900973210686,2024-02-20 12:08:00-05:00
1570_upper,1570,2024-02-07,2024-02-07 10:30:00-05:00,2024-03-06 10:30:00-05:00,upper,18002.50445409766,2024-02-09 11:03:00-05:00
1570_lower,1570,2024-02-07,2024-02-07 10:30:00-05:00,2024-03-06 10:30:00-05:00,lower,17565.24554590234,2024-02-13 15:14:00-05:00
1571_upper,1571,2024-02-08,2024-02-08 10:30:00-05:00,2024-03-07 10:30:00-05:00,upper,17983.080504427424,2024-02-09 10:34:00-05:00
1571_lower,1571,2024-02-08,2024-02-08 10:30:00-05:00,2024-03-07 10:30:00-05:00,lower,17689.669495572576,2024-02-13 08:32:00-05:00
1572_upper,1572,2024-02-09,2024-02-09 10:30:00-05:00,2024-03-08 10:30:00-05:00,upper,18095.335055077107,2024-02-12 11:27:00-05:00
1572_lower,1572,2024-02-09,2024-02-09 10:30:00-05:00,2024-03-08 10:30:00-05:00,lower,17738.414944922893,2024-02-13 08:30:00-05:00
1573_upper,1573,2024-02-12,2024-02-12 10:30:00-05:00,2024-03-11 10:30:00-04:00,upper,18166.181503894106,2024-03-01 10:00:00-05:00
1573_lower,1573,2024-02-12,2024-02-12 10:30:00-05:00,2024-03-11 10:30:00-04:00,lower,17892.693496105894,2024-02-13 03:46:00-05:00
1574_upper,1574,2024-02-13,2024-02-13 10:30:00-05:00,2024-03-12 10:30:00-04:00,upper,17882.6763420376,2024-02-14 15:59:00-05:00
1574_lower,1574,2024-02-13,2024-02-13 10:30:00-05:00,2024-03-12 10:30:00-04:00,lower,17414.8236579624,2024-02-21 14:24:00-05:00
1575_upper,1575,2024-02-14,2024-02-14 10:30:00-05:00,2024-03-13 10:30:00-04:00,upper,17990.626370761616,2024-02-16 03:18:00-05:00
1575_lower,1575,2024-02-14,2024-02-14 10:30:00-05:00,2024-03-13 10:30:00-04:00,lower,17593.123629238384,2024-02-20 09:40:00-05:00
1576_upper,1576,2024-02-15,2024-02-15 10:30:00-05:00,2024-03-14 10:30:00-04:00,upper,18061.60039774282,2024-02-22 14:03:00-05:00
1576_lower,1576,2024-02-15,2024-02-15 10:30:00-05:00,2024-03-14 10:30:00-04:00,lower,17676.52460225718,2024-02-19 21:00:00-05:00
1577_upper,1577,2024-02-16,2024-02-16 10:30:00-05:00,2024-03-15 10:30:00-04:00,upper,18145.110202593296,2024-03-01 02:03:00-05:00
1577_lower,1577,2024-02-16,2024-02-16 10:30:00-05:00,2024-03-15 10:30:00-04:00,lower,17605.139797406704,2024-02-20 09:40:00-05:00
1578_upper,1578,2024-02-19,2024-02-19 10:30:00-05:00,2024-03-18 10:30:00-04:00,upper,17928.521777387923,2024-02-22 09:45:00-05:00
1578_lower,1578,2024-02-19,2024-02-19 10:30:00-05:00,2024-03-18 10:30:00-04:00,lower,17652.603222612077,2024-02-20 03:21:00-05:00
1579_upper,1579,2024-02-20,2024-02-20 10:30:00-05:00,2024-03-19 10:30:00-04:00,upper,17927.209425475638,2024-02-22 09:45:00-05:00
1579_lower,1579,2024-02-20,2024-02-20 10:30:00-05:00,2024-03-19 10:30:00-04:00,lower,17337.040574524362,
1580_upper,1580,2024-02-21,2024-02-21 10:30:00-05:00,2024-03-20 10:30:00-04:00,upper,17669.24287203314,2024-02-21 16:30:00-05:00
1580_lower,1580,2024-02-21,2024-02-21 10:30:00-05:00,2024-03-20 10:30:00-04:00,lower,17312.38212796686,
1581_upper,1581,2024-02-22,2024-02-22 10:30:00-05:00,2024-03-21 10:30:00-04:00,upper,18108.59940195433,2024-02-23 09:20:00-05:00
1581_lower,1581,2024-02-22,2024-02-22 10:30:00-05:00,2024-03-21 10:30:00-04:00,lower,17704.52559804567,
1582_upper,1582,2024-02-23,2024-02-23 10:30:00-05:00,2024-03-22 10:30:00-04:00,upper,18294.340730792937,2024-03-01 13:04:00-05:00
1582_lower,1582,2024-02-23,2024-02-23 10:30:00-05:00,2024-03-22 10:30:00-04:00,lower,17902.034269207063,2024-02-28 04:41:00-05:00
1583_upper,1583,2024-02-26,2024-02-26 10:30:00-05:00,2024-03-25 10:30:00-04:00,upper,18186.182175311445,2024-03-01 10:13:00-05:00
1583_lower,1583,2024-02-26,2024-02-26 10:30:00-05:00,2024-03-25 10:30:00-04:00,lower,17839.442824688555,2024-02-29 03:10:00-05:00
1584_upper,1584,2024-02-27,2024-02-27 10:30:00-05:00,2024-03-26 10:30:00-04:00,upper,18181.861360565214,2024-03-01 10:10:00-05:00
1584_lower,1584,2024-02-27,2024-02-27 10:30:00-05:00,2024-03-26 10:30:00-04:00,lower,17823.138639434786,
1585_upper,1585,2024-02-28,2024-02-28 10:30:00-05:00,2024-03-27 10:30:00-04:00,upper,18078.683776453363,2024-02-29 15:50:00-05:00
1585_lower,1585,2024-02-28,2024-02-28 10:30:00-05:00,2024-03-27 10:30:00-04:00,lower,17756.316223546637,
1586_upper,1586,2024-02-29,2024-02-29 10:30:00-05:00,2024-03-28 10:30:00-04:00,upper,18208.031808653133,2024-03-01 11:03:00-05:00
1586_lower,1586,2024-02-29,2024-02-29 10:30:00-05:00,2024-03-28 10:30:00-04:00,lower,17848.718191346867,2024-03-05 15:14:00-05:00
1587_upper,1587,2024-03-01,2024-03-01 10:30:00-05:00,2024-04-01 10:30:00-04:00,upper,18304.993269119543,2024-03-01 13:08:00-05:00
1587_lower,1587,2024-03-01,2024-03-01 10:30:00-05:00,2024-04-01 10:30:00-04:00,lower,17936.756730880457,2024-03-05 10:32:00-05:00
1588_upper,1588,2024-03-04,2024-03-04 10:30:00-05:00,2024-04-02 10:30:00-04:00,upper,18468.12995596404,2024-03-12 15:27:00-04:00
1588_lower,1588,2024-03-04,2024-03-04 10:30:00-05:00,2024-04-02 10:30:00-04:00,lower,18169.62004403596,2024-03-05 01:31:00-05:00
1589_upper,1589,2024-03-05,2024-03-05 10:30:00-05:00,2024-04-03 10:30:00-04:00,upper,18338.280079201402,2024-03-07 13:36:00-05:00
1589_lower,1589,2024-03-05,2024-03-05 10:30:00-05:00,2024-04-03 10:30:00-04:00,lower,17836.844920798598,2024-03-05 15:22:00-05:00
1590_upper,1590,2024-03-06,2024-03-06 10:30:00-05:00,2024-04-04 10:30:00-04:00,upper,18312.70562963195,2024-03-07 12:10:00-05:00
1590_lower,1590,2024-03-06,2024-03-06 10:30:00-05:00,2024-04-04 10:30:00-04:00,lower,17836.54437036805,
1591_upper,1591,2024-03-07,2024-03-07 10:30:00-05:00,2024-04-05 10:30:00-04:00,upper,18390.720229220504,2024-03-08 10:00:00-05:00
1591_lower,1591,2024-03-07,2024-03-07 10:30:00-05:00,2024-04-05 10:30:00-04:00,lower,17971.904770779496,
1592_upper,1592,2024-03-08,2024-03-08 10:30:00-05:00,2024-04-08 10:30:00-04:00,upper,18569.96596831918,2024-03-20 19:07:00-04:00
1592_lower,1592,2024-03-08,2024-03-08 10:30:00-05:00,2024-04-08 10:30:00-04:00,lower,18110.28403168082,2024-03-08 12:52:00-05:00
1593_upper,1593,2024-03-11,2024-03-11 10:30:00-04:00,2024-04-09 10:30:00-04:00,upper,18412.61624174652,2024-03-12 10:41:00-04:00
1593_lower,1593,2024-03-11,2024-03-11 10:30:00-04:00,2024-04-09 10:30:00-04:00,lower,18005.13375825348,
1594_upper,1594,2024-03-12,2024-03-12 10:30:00-04:00,2024-04-10 10:30:00-04:00,upper,18583.89754582985,2024-03-20 19:22:00-04:00
1594_lower,1594,2024-03-12,2024-03-12 10:30:00-04:00,2024-04-10 10:30:00-04:00,lower,18010.22745417015,2024-03-15 12:55:00-04:00
1595_upper,1595,2024-03-13,2024-03-13 10:30:00-04:00,2024-04-11 10:30:00-04:00,upper,18608.29114754552,2024-03-21 01:39:00-04:00
1595_lower,1595,2024-03-13,2024-03-13 10:30:00-04:00,2024-04-11 10:30:00-04:00,lower,18186.20885245448,2024-03-14 15:13:00-04:00
1596_upper,1596,2024-03-14,2024-03-14 10:30:00-04:00,2024-04-12 10:30:00-04:00,upper,18597.821231225767,2024-03-21 00:31:00-04:00
1596_lower,1596,2024-03-14,2024-03-14 10:30:00-04:00,2024-04-12 10:30:00-04:00,lower,18078.053768774233,2024-03-15 09:45:00-04:00
1597_upper,1597,2024-03-15,2024-03-15 10:30:00-04:00,2024-04-15 10:30:00-04:00,upper,18353.50334997892,2024-03-18 09:46:00-04:00
1597_lower,1597,2024-03-15,2024-03-15 10:30:00-04:00,2024-04-15 10:30:00-04:00,lower,17900.74665002108,
1598_upper,1598,2024-03-18,2024-03-18 10:30:00-04:00,2024-04-16 10:30:00-04:00,upper,18507.073980907957,2024-03-20 16:02:00-04:00
1598_lower,1598,2024-03-18,2024-03-18 10:30:00-04:00,2024-04-16 10:30:00-04:00,lower,18106.176019092043,2024-03-19 07:37:00-04:00
1599_upper,1599,2024-03-19,2024-03-19 10:30:00-04:00,2024-04-17 10:30:00-04:00,upper,18320.328722424594,2024-03-20 07:29:00-04:00
1599_lower,1599,2024-03-19,2024-03-19 10:30:00-04:00,2024-04-17 10:30:00-04:00,lower,17925.796277575406,2024-04-15 13:30:00-04:00
1600_upper,1600,2024-03-20,2024-03-20 10:30:00-04:00,2024-04-18 10:30:00-04:00,upper,18490.317014751516,2024-03-20 15:27:00-04:00
1600_lower,1600,2024-03-20,2024-03-20 10:30:00-04:00,2024-04-18 10:30:00-04:00,lower,18117.807985248484,2024-04-04 15:28:00-04:00
1601_upper,1601,2024-03-21,2024-03-21 10:30:00-04:00,2024-04-19 10:30:00-04:00,upper,18853.624322114025,
1601_lower,1601,2024-03-21,2024-03-21 10:30:00-04:00,2024-04-19 10:30:00-04:00,lower,18500.875677885975,2024-03-22 08:17:00-04:00
1602_upper,1602,2024-03-22,2024-03-22 10:30:00-04:00,2024-04-22 10:30:00-04:00,upper,18694.847134866497,
1602_lower,1602,2024-03-22,2024-03-22 10:30:00-04:00,2024-04-22 10:30:00-04:00,lower,18375.152865133503,2024-04-02 08:40:00-04:00
1603_upper,1603,2024-03-25,2024-03-25 10:30:00-04:00,2024-04-23 10:30:00-04:00,upper,18672.34070405025,
1603_lower,1603,2024-03-25,2024-03-25 10:30:00-04:00,2024-04-23 10:30:00-04:00,lower,18265.28429594975,2024-04-02 09:33:00-04:00
1604_upper,1604,2024-03-26,2024-03-26 10:30:00-04:00,2024-04-24 10:30:00-04:00,upper,18732.089359294143,
1604_lower,1604,2024-03-26,2024-03-26 10:30:00-04:00,2024-04-24 10:30:00-04:00,lower,18411.910640705857,2024-03-27 10:02:00-04:00
1605_upper,1605,2024-03-27,2024-03-27 10:30:00-04:00,2024-04-25 10:30:00-04:00,upper,18774.998818764485,
1605_lower,1605,2024-03-27,2024-03-27 10:30:00-04:00,2024-04-25 10:30:00-04:00,lower,18266.626181235515,2024-04-02 09:33:00-04:00
1606_upper,1606,2024-03-28,2024-03-28 10:30:00-04:00,2024-04-26 10:30:00-04:00,upper,18665.357101412945,
1606_lower,1606,2024-03-28,2024-03-28 10:30:00-04:00,2024-04-26 10:30:00-04:00,lower,18332.642898587055,2024-04-02 08:50:00-04:00
1607_upper,1607,2024-04-01,2024-04-01 10:30:00-04:00,2024-04-29 10:30:00-04:00,upper,18721.599560003393,
1607_lower,1607,2024-04-01,2024-04-01 10:30:00-04:00,2024-04-29 10:30:00-04:00,lower,18323.650439996607,2024-04-02 09:00:00-04:00
1608_upper,1608,2024-04-02,2024-04-02 10:30:00-04:00,2024-04-30 10:30:00-04:00,upper,18445.682458936797,2024-04-03 11:11:00-04:00
1608_lower,1608,2024-04-02,2024-04-02 10:30:00-04:00,2024-04-30 10:30:00-04:00,lower,18088.567541063203,2024-04-04 15:41:00-04:00
1609_upper,1609,2024-04-03,2024-04-03 10:30:00-04:00,2024-05-01 10:30:00-04:00,upper,18542.060069309577,2024-04-04 09:00:00-04:00
1609_lower,1609,2024-04-03,2024-04-03 10:30:00-04:00,2024-05-01 10:30:00-04:00,lower,18031.564930690423,2024-04-15 13:21:00-04:00
1610_upper,1610,2024-04-04,2024-04-04 10:30:00-04:00,2024-05-02 10:30:00-04:00,upper,18711.190762396505,
1610_lower,1610,2024-04-04,2024-04-04 10:30:00-04:00,2024-05-02 10:30:00-04:00,lower,18357.434237603495,2024-04-04 14:27:00-04:00
1611_upper,1611,2024-04-05,2024-04-05 10:30:00-04:00,2024-05-03 10:30:00-04:00,upper,18396.966272373546,2024-04-05 12:59:00-04:00
1611_lower,1611,2024-04-05,2024-04-05 10:30:00-04:00,2024-05-03 10:30:00-04:00,lower,17918.533727626454,2024-04-15 13:30:00-04:00
1612_upper,1612,2024-04-08,2024-04-08 10:30:00-04:00,2024-05-06 10:30:00-04:00,upper,18529.405168051475,
1612_lower,1612,2024-04-08,2024-04-08 10:30:00-04:00,2024-05-06 10:30:00-04:00,lower,18099.594831948525,2024-04-10 08:36:00-04:00
1613_upper,1613,2024-04-09,2024-04-09 10:30:00-04:00,2024-05-07 10:30:00-04:00,upper,18604.91120974598,
1613_lower,1613,2024-04-09,2024-04-09 10:30:00-04:00,2024-05-07 10:30:00-04:00,lower,18104.71379025402,2024-04-10 08:36:00-04:00
1614_upper,1614,2024-04-10,2024-04-10 10:30:00-04:00,2024-05-08 10:30:00-04:00,upper,18340.929656633274,2024-04-11 13:04:00-04:00
1614_lower,1614,2024-04-10,2024-04-10 10:30:00-04:00,2024-05-08 10:30:00-04:00,lower,17956.945343366726,2024-04-15 13:28:00-04:00
1615_upper,1615,2024-04-11,2024-04-11 10:30:00-04:00,2024-05-09 10:30:00-04:00,upper,18442.687144256233,2024-04-11 13:53:00-04:00
1615_lower,1615,2024-04-11,2024-04-11 10:30:00-04:00,2024-05-09 10:30:00-04:00,lower,18044.312855743767,2024-04-15 13:20:00-04:00
1616_upper,1616,2024-04-12,2024-04-12 10:30:00-04:00,2024-05-10 10:30:00-04:00,upper,18479.17430320277,
1616_lower,1616,2024-04-12,2024-04-12 10:30:00-04:00,2024-05-10 10:30:00-04:00,lower,18118.82569679723,2024-04-15 12:30:00-04:00
1617_upper,1617,2024-04-15,2024-04-15 10:30:00-04:00,2024-05-13 10:30:00-04:00,upper,18542.82087469085,
1617_lower,1617,2024-04-15,2024-04-15 10:30:00-04:00,2024-05-13 10:30:00-04:00,lower,18057.92912530915,2024-04-15 13:19:00-04:00
1618_upper,1618,2024-04-16,2024-04-16 10:30:00-04:00,2024-05-14 10:30:00-04:00,upper,18099.553537313353,2024-05-06 09:38:00-04:00
1618_lower,1618,2024-04-16,2024-04-16 10:30:00-04:00,2024-05-14 10:30:00-04:00,lower,17645.446462686647,2024-04-17 12:42:00-04:00
1619_upper,1619,2024-04-17,2024-04-17 10:30:00-04:00,2024-05-15 10:30:00-04:00,upper,18173.860759691233,2024-05-06 15:54:00-04:00
1619_lower,1619,2024-04-17,2024-04-17 10:30:00-04:00,2024-05-15 10:30:00-04:00,lower,17667.264240308767,2024-04-17 12:33:00-04:00
1620_upper,1620,2024-04-18,2024-04-18 10:30:00-04:00,2024-05-16 10:30:00-04:00,upper,17878.293538500242,2024-04-26 11:02:00-04:00
1620_lower,1620,2024-04-18,2024-04-18 10:30:00-04:00,2024-05-16 10:30:00-04:00,lower,17410.581461499758,2024-04-18 21:04:00-04:00
1621_upper,1621,2024-04-19,2024-04-19 10:30:00-04:00,2024-05-17 10:30:00-04:00,upper,17727.306506392364,2024-04-23 21:48:00-04:00
1621_lower,1621,2024-04-19,2024-04-19 10:30:00-04:00,2024-05-17 10:30:00-04:00,lower,17196.693493607636,2024-04-19 14:37:00-04:00
1622_upper,1622,2024-04-22,2024-04-22 10:30:00-04:00,2024-05-20 10:30:00-04:00,upper,17525.21619148364,2024-04-23 09:56:00-04:00
1622_lower,1622,2024-04-22,2024-04-22 10:30:00-04:00,2024-05-20 10:30:00-04:00,lower,17020.40880851636,
1623_upper,1623,2024-04-23,2024-04-23 10:30:00-04:00,2024-05-21 10:30:00-04:00,upper,17720.605247732077,2024-04-23 21:19:00-04:00
1623_lower,1623,2024-04-23,2024-04-23 10:30:00-04:00,2024-05-21 10:30:00-04:00,lower,17207.019752267923,
1624_upper,1624,2024-04-24,2024-04-24 10:30:00-04:00,2024-05-22 10:30:00-04:00,upper,17928.001554531023,2024-04-29 08:54:00-04:00
1624_lower,1624,2024-04-24,2024-04-24 10:30:00-04:00,2024-05-22 10:30:00-04:00,lower,17556.498445468977,2024-04-24 16:05:00-04:00
1625_upper,1625,2024-04-25,2024-04-25 10:30:00-04:00,2024-05-23 10:30:00-04:00,upper,17593.585869677037,2024-04-25 15:19:00-04:00
1625_lower,1625,2024-04-25,2024-04-25 10:30:00-04:00,2024-05-23 10:30:00-04:00,lower,17137.789130322963,
1626_upper,1626,2024-04-26,2024-04-26 10:30:00-04:00,2024-05-24 10:30:00-04:00,upper,17980.92676687437,2024-05-03 09:45:00-04:00
1626_lower,1626,2024-04-26,2024-04-26 10:30:00-04:00,2024-05-24 10:30:00-04:00,lower,17470.19823312563,2024-04-30 18:00:00-04:00
1627_upper,1627,2024-04-29,2024-04-29 10:30:00-04:00,2024-05-27 10:30:00-04:00,upper,18115.39107608424,2024-05-06 10:06:00-04:00
1627_lower,1627,2024-04-29,2024-04-29 10:30:00-04:00,2024-05-27 10:30:00-04:00,lower,17695.60892391576,2024-04-30 12:41:00-04:00
1628_upper,1628,2024-04-30,2024-04-30 10:30:00-04:00,2024-05-28 10:30:00-04:00,upper,18021.84481907967,2024-05-03 10:00:00-04:00
1628_lower,1628,2024-04-30,2024-04-30 10:30:00-04:00,2024-05-28 10:30:00-04:00,lower,17672.78018092033,2024-04-30 14:50:00-04:00
1629_upper,1629,2024-05-01,2024-05-01 10:30:00-04:00,2024-05-29 10:30:00-04:00,upper,17666.744983307515,2024-05-01 14:41:00-04:00
1629_lower,1629,2024-05-01,2024-05-01 10:30:00-04:00,2024-05-29 10:30:00-04:00,lower,17306.630016692485,
1630_upper,1630,2024-05-02,2024-05-02 10:30:00-04:00,2024-05-30 10:30:00-04:00,upper,17819.63219946777,2024-05-03 08:30:00-04:00
1630_lower,1630,2024-05-02,2024-05-02 10:30:00-04:00,2024-05-30 10:30:00-04:00,lower,17257.74280053223,
1631_upper,1631,2024-05-03,2024-05-03 10:30:00-04:00,2024-05-31 10:30:00-04:00,upper,18198.797989743463,2024-05-06 16:02:00-04:00
1631_lower,1631,2024-05-03,2024-05-03 10:30:00-04:00,2024-05-31 10:30:00-04:00,lower,17730.702010256537,
1632_upper,1632,2024-05-06,2024-05-06 10:30:00-04:00,2024-06-03 10:30:00-04:00,upper,18240.819564105637,2024-05-07 10:56:00-04:00
1632_lower,1632,2024-05-06,2024-05-06 10:30:00-04:00,2024-06-03 10:30:00-04:00,lower,17913.305435894363,
1633_upper,1633,2024-05-07,2024-05-07 10:30:00-04:00,2024-06-04 10:30:00-04:00,upper,18359.901500514046,2024-05-14 10:26:00-04:00
1633_lower,1633,2024-05-07,2024-05-07 10:30:00-04:00,2024-06-04 10:30:00-04:00,lower,18060.223499485954,
1634_upper,1634,2024-05-08,2024-05-08 10:30:00-04:00,2024-06-05 10:30:00-04:00,upper,18318.397605320453,2024-05-10 09:35:00-04:00
1634_lower,1634,2024-05-08,2024-05-08 10:30:00-04:00,2024-06-05 10:30:00-04:00,lower,17910.352394679547,
1635_upper,1635,2024-05-09,2024-05-09 10:30:00-04:00,2024-06-06 10:30:00-04:00,upper,18347.544038678338,2024-05-10 09:49:00-04:00
1635_lower,1635,2024-05-09,2024-05-09 10:30:00-04:00,2024-06-06 10:30:00-04:00,lower,17995.580961321662,
1636_upper,1636,2024-05-10,2024-05-10 10:30:00-04:00,2024-06-07 10:30:00-04:00,upper,18479.93747753404,2024-05-15 08:30:00-04:00
1636_lower,1636,2024-05-10,2024-05-10 10:30:00-04:00,2024-06-07 10:30:00-04:00,lower,18077.68752246596,
1637_upper,1637,2024-05-13,2024-05-13 10:30:00-04:00,2024-06-10 10:30:00-04:00,upper,18479.049190011305,2024-05-15 08:30:00-04:00
1637_lower,1637,2024-05-13,2024-05-13 10:30:00-04:00,2024-06-10 10:30:00-04:00,lower,18146.950809988695,
1638_upper,1638,2024-05-14,2024-05-14 10:30:00-04:00,2024-06-11 10:30:00-04:00,upper,18484.564685290257,2024-05-15 08:30:00-04:00
1638_lower,1638,2024-05-14,2024-05-14 10:30:00-04:00,2024-06-11 10:30:00-04:00,lower,18107.810314709743,
1639_upper,1639,2024-05-15,2024-05-15 10:30:00-04:00,2024-06-12 10:30:00-04:00,upper,18684.124682415186,2024-05-15 14:02:00-04:00
1639_lower,1639,2024-05-15,2024-05-15 10:30:00-04:00,2024-06-12 10:30:00-04:00,lower,18320.000317584814,2024-05-31 11:30:00-04:00
1640_upper,1640,2024-05-16,2024-05-16 10:30:00-04:00,2024-06-13 10:30:00-04:00,upper,18830.790448757154,2024-05-22 10:00:00-04:00
1640_lower,1640,2024-05-16,2024-05-16 10:30:00-04:00,2024-06-13 10:30:00-04:00,lower,18545.459551242846,2024-05-17 14:23:00-04:00
1641_upper,1641,2024-05-17,2024-05-17 10:30:00-04:00,2024-06-14 10:30:00-04:00,upper,18786.526075226036,2024-05-20 12:53:00-04:00
1641_lower,1641,2024-05-17,2024-05-17 10:30:00-04:00,2024-06-14 10:30:00-04:00,lower,18508.723924773964,2024-05-30 20:35:00-04:00
1642_upper,1642,2024-05-20,2024-05-20 10:30:00-04:00,2024-06-17 10:30:00-04:00,upper,18863.21698544889,2024-05-22 16:20:00-04:00
1642_lower,1642,2024-05-20,2024-05-20 10:30:00-04:00,2024-06-17 10:30:00-04:00,lower,18477.15801455111,2024-05-31 10:15:00-04:00
1643_upper,1643,2024-05-21,2024-05-21 10:30:00-04:00,2024-06-18 10:30:00-04:00,upper,18841.872182593575,2024-05-22 16:20:00-04:00
1643_lower,1643,2024-05-21,2024-05-21 10:30:00-04:00,2024-06-18 10:30:00-04:00,lower,18551.377817406425,2024-05-30 15:49:00-04:00
1644_upper,1644,2024-05-22,2024-05-22 10:30:00-04:00,2024-06-19 10:30:00-04:00,upper,18941.475837723636,2024-05-22 22:59:00-04:00
1644_lower,1644,2024-05-22,2024-05-22 10:30:00-04:00,2024-06-19 10:30:00-04:00,lower,18677.274162276364,2024-05-23 14:19:00-04:00
1645_upper,1645,2024-05-23,2024-05-23 10:30:00-04:00,2024-06-20 10:30:00-04:00,upper,19161.0615131581,2024-06-11 13:54:00-04:00
1645_lower,1645,2024-05-23,2024-05-23 10:30:00-04:00,2024-06-20 10:30:00-04:00,lower,18730.6884868419,2024-05-23 13:56:00-04:00
1646_upper,1646,2024-05-24,2024-05-24 10:30:00-04:00,2024-06-21 10:30:00-04:00,upper,18958.714051933915,2024-05-28 04:14:00-04:00
1646_lower,1646,2024-05-24,2024-05-24 10:30:00-04:00,2024-06-21 10:30:00-04:00,lower,18588.785948066085,2024-05-30 15:47:00-04:00
1647_upper,1647,2024-05-27,2024-05-27 10:30:00-04:00,2024-06-24 10:30:00-04:00,upper,19013.149331717745,2024-06-05 13:04:00-04:00
1647_lower,1647,2024-05-27,2024-05-27 10:30:00-04:00,2024-06-24 10:30:00-04:00,lower,18759.350668282255,2024-05-29 09:27:00-04:00
1648_upper,1648,2024-05-28,2024-05-28 10:30:00-04:00,2024-06-25 10:30:00-04:00,upper,19078.028660465738,2024-06-05 15:56:00-04:00
1648_lower,1648,2024-05-28,2024-05-28 10:30:00-04:00,2024-06-25 10:30:00-04:00,lower,18729.971339534262,2024-05-29 18:37:00-04:00
1649_upper,1649,2024-05-29,2024-05-29 10:30:00-04:00,2024-06-26 10:30:00-04:00,upper,18976.546191490794,2024-06-05 11:18:00-04:00
1649_lower,1649,2024-05-29,2024-05-29 10:30:00-04:00,2024-06-26 10:30:00-04:00,lower,18603.078808509206,2024-05-30 15:35:00-04:00
1650_upper,1650,2024-05-30,2024-05-30 10:30:00-04:00,2024-06-27 10:30:00-04:00,upper,18923.21482195206,2024-06-05 10:34:00-04:00
1650_lower,1650,2024-05-30,2024-05-30 10:30:00-04:00,2024-06-27 10:30:00-04:00,lower,18568.41017804794,2024-05-30 15:48:00-04:00
1651_upper,1651,2024-05-31,2024-05-31 10:30:00-04:00,2024-06-28 10:30:00-04:00,upper,18848.519801691473,2024-06-05 09:29:00-04:00
1651_lower,1651,2024-05-31,2024-05-31 10:30:00-04:00,2024-06-28 10:30:00-04:00,lower,18267.605198308527,2024-05-31 12:16:00-04:00
1652_upper,1652,2024-06-03,2024-06-03 10:30:00-04:00,2024-07-01 10:30:00-04:00,upper,18896.411467455782,2024-06-05 10:30:00-04:00
1652_lower,1652,2024-06-03,2024-06-03 10:30:00-04:00,2024-07-01 10:30:00-04:00,lower,18516.838532544218,2024-06-03 12:14:00-04:00
1653_upper,1653,2024-06-04,2024-06-04 10:30:00-04:00,2024-07-02 10:30:00-04:00,upper,18807.187537455473,2024-06-05 07:40:00-04:00
1653_lower,1653,2024-06-04,2024-06-04 10:30:00-04:00,2024-07-02 10:30:00-04:00,lower,18446.437462544527,
1654_upper,1654,2024-06-05,2024-06-05 10:30:00-04:00,2024-07-03 10:30:00-04:00,upper,19039.743026956778,2024-06-05 14:33:00-04:00
1654_lower,1654,2024-06-05,2024-06-05 10:30:00-04:00,2024-07-03 10:30:00-04:00,lower,18662.006973043222,
1655_upper,1655,2024-06-06,2024-06-06 10:30:00-04:00,2024-07-04 10:30:00-04:00,upper,19260.324238183544,2024-06-11 19:00:00-04:00
1655_lower,1655,2024-06-06,2024-06-06 10:30:00-04:00,2024-07-04 10:30:00-04:00,lower,18916.425761816456,
1656_upper,1656,2024-06-07,2024-06-07 10:30:00-04:00,2024-07-05 10:30:00-04:00,upper,19196.41736975556,2024-06-11 14:16:00-04:00
1656_lower,1656,2024-06-07,2024-06-07 10:30:00-04:00,2024-07-05 10:30:00-04:00,lower,18872.83263024444,
1657_upper,1657,2024-06-10,2024-06-10 10:30:00-04:00,2024-07-08 10:30:00-04:00,upper,19149.97074819228,2024-06-11 13:52:00-04:00
1657_lower,1657,2024-06-10,2024-06-10 10:30:00-04:00,2024-07-08 10:30:00-04:00,lower,18848.40425180772,
1658_upper,1658,2024-06-11,2024-06-11 10:30:00-04:00,2024-07-09 10:30:00-04:00,upper,19228.554115443498,2024-06-11 14:33:00-04:00
1658_lower,1658,2024-06-11,2024-06-11 10:30:00-04:00,2024-07-09 10:30:00-04:00,lower,18872.945884556502,
1659_upper,1659,2024-06-12,2024-06-12 10:30:00-04:00,2024-07-10 10:30:00-04:00,upper,19663.67406997938,2024-06-13 03:14:00-04:00
1659_lower,1659,2024-06-12,2024-06-12 10:30:00-04:00,2024-07-10 10:30:00-04:00,lower,19198.32593002062,
1660_upper,1660,2024-06-13,2024-06-13 10:30:00-04:00,2024-07-11 10:30:00-04:00,upper,19803.81760183625,2024-06-16 20:00:00-04:00
1660_lower,1660,2024-06-13,2024-06-13 10:30:00-04:00,2024-07-11 10:30:00-04:00,lower,19432.05739816375,
1661_upper,1661,2024-06-14,2024-06-14 10:30:00-04:00,2024-07-12 10:30:00-04:00,upper,19759.517508809033,2024-06-16 20:00:00-04:00
1661_lower,1661,2024-06-14,2024-06-14 10:30:00-04:00,2024-07-12 10:30:00-04:00,lower,19421.357491190967,
1662_upper,1662,2024-06-17,2024-06-17 10:30:00-04:00,2024-07-15 10:30:00-04:00,upper,20121.3664627391,2024-06-17 13:15:00-04:00
1662_lower,1662,2024-06-17,2024-06-17 10:30:00-04:00,2024-07-15 10:30:00-04:00,lower,19780.6335372609,2024-06-24 14:18:00-04:00
1663_upper,1663,2024-06-18,2024-06-18 10:30:00-04:00,2024-07-16 10:30:00-04:00,upper,20350.794364611073,2024-06-20 03:30:00-04:00
1663_lower,1663,2024-06-18,2024-06-18 10:30:00-04:00,2024-07-16 10:30:00-04:00,lower,20032.580635388927,2024-06-20 12:31:00-04:00
1664_upper,1664,2024-06-19,2024-06-19 10:30:00-04:00,2024-07-17 10:30:00-04:00,upper,20374.096228592298,2024-07-03 11:56:00-04:00
1664_lower,1664,2024-06-19,2024-06-19 10:30:00-04:00,2024-07-17 10:30:00-04:00,lower,20112.028771407702,2024-06-20 12:22:00-04:00
1665_upper,1665,2024-06-20,2024-06-20 10:30:00-04:00,2024-07-18 10:30:00-04:00,upper,20444.240953614135,2024-07-05 02:19:00-04:00
1665_lower,1665,2024-06-20,2024-06-20 10:30:00-04:00,2024-07-18 10:30:00-04:00,lower,19992.384046385865,2024-06-20 13:32:00-04:00
1666_upper,1666,2024-06-21,2024-06-21 10:30:00-04:00,2024-07-19 10:30:00-04:00,upper,20199.650250156366,2024-06-28 10:02:00-04:00
1666_lower,1666,2024-06-21,2024-06-21 10:30:00-04:00,2024-07-19 10:30:00-04:00,lower,19788.474749843634,2024-06-24 13:34:00-04:00
1667_upper,1667,2024-06-24,2024-06-24 10:30:00-04:00,2024-07-22 10:30:00-04:00,upper,20140.576519285627,2024-06-28 08:16:00-04:00
1667_lower,1667,2024-06-24,2024-06-24 10:30:00-04:00,2024-07-22 10:30:00-04:00,lower,19713.048480714373,2024-07-19 11:38:00-04:00
1668_upper,1668,2024-06-25,2024-06-25 10:30:00-04:00,2024-07-23 10:30:00-04:00,upper,20035.72334406313,2024-06-26 03:24:00-04:00
1668_lower,1668,2024-06-25,2024-06-25 10:30:00-04:00,2024-07-23 10:30:00-04:00,lower,19639.40165593687,
1669_upper,1669,2024-06-26,2024-06-26 10:30:00-04:00,2024-07-24 10:30:00-04:00,upper,20144.2849638104,2024-06-28 08:16:00-04:00
1669_lower,1669,2024-06-26,2024-06-26 10:30:00-04:00,2024-07-24 10:30:00-04:00,lower,19756.5900361896,2024-07-19 03:44:00-04:00
1670_upper,1670,2024-06-27,2024-06-27 10:30:00-04:00,2024-07-25 10:30:00-04:00,upper,20231.238573085313,2024-06-28 10:05:00-04:00
1670_lower,1670,2024-06-27,2024-06-27 10:30:00-04:00,2024-07-25 10:30:00-04:00,lower,19812.511426914687,2024-07-01 10:15:00-04:00
1671_upper,1671,2024-06-28,2024-06-28 10:30:00-04:00,2024-07-26 10:30:00-04:00,upper,20401.84885797994,2024-07-03 12:16:00-04:00
1671_lower,1671,2024-06-28,2024-06-28 10:30:00-04:00,2024-07-26 10:30:00-04:00,lower,19824.90114202006,2024-07-01 10:14:00-04:00
1672_upper,1672,2024-07-01,2024-07-01 10:30:00-04:00,2024-07-29 10:30:00-04:00,upper,20177.69735058826,2024-07-02 13:13:00-04:00
1672_lower,1672,2024-07-01,2024-07-01 10:30:00-04:00,2024-07-29 10:30:00-04:00,lower,19692.80264941174,2024-07-19 12:38:00-04:00
1673_upper,1673,2024-07-02,2024-07-02 10:30:00-04:00,2024-07-30 10:30:00-04:00,upper,20211.505724295486,2024-07-02 13:56:00-04:00
1673_lower,1673,2024-07-02,2024-07-02 10:30:00-04:00,2024-07-30 10:30:00-04:00,lower,19808.119275704514,2024-07-18 11:32:00-04:00
1674_upper,1674,2024-07-03,2024-07-03 10:30:00-04:00,2024-07-31 10:30:00-04:00,upper,20412.28256021576,2024-07-03 12:20:00-04:00
1674_lower,1674,2024-07-03,2024-07-03 10:30:00-04:00,2024-07-31 10:30:00-04:00,lower,20061.96743978424,2024-07-17 11:50:00-04:00
1675_upper,1675,2024-07-04,2024-07-04 10:30:00-04:00,2024-08-01 10:30:00-04:00,upper,20537.91546560341,2024-07-05 10:01:00-04:00
1675_lower,1675,2024-07-04,2024-07-04 10:30:00-04:00,2024-08-01 10:30:00-04:00,lower,20256.45953439659,2024-07-17 09:29:00-04:00
1676_upper,1676,2024-07-05,2024-07-05 10:30:00-04:00,2024-08-02 10:30:00-04:00,upper,20666.147815335862,2024-07-08 11:23:00-04:00
1676_lower,1676,2024-07-05,2024-07-05 10:30:00-04:00,2024-08-02 10:30:00-04:00,lower,20261.602184664138,2024-07-17 07:34:00-04:00
1677_upper,1677,2024-07-08,2024-07-08 10:30:00-04:00,2024-08-05 10:30:00-04:00,upper,20791.771230340233,2024-07-10 10:10:00-04:00
1677_lower,1677,2024-07-08,2024-07-08 10:30:00-04:00,2024-08-05 10:30:00-04:00,lower,20465.853769659767,2024-07-11 12:02:00-04:00
1678_upper,1678,2024-07-09,2024-07-09 10:30:00-04:00,2024-08-06 10:30:00-04:00,upper,20912.572993183458,2024-07-10 15:52:00-04:00
1678_lower,1678,2024-07-09,2024-07-09 10:30:00-04:00,2024-08-06 10:30:00-04:00,lower,20540.552006816542,2024-07-11 11:24:00-04:00
1679_upper,1679,2024-07-10,2024-07-10 10:30:00-04:00,2024-08-07 10:30:00-04:00,upper,20938.09926077548,2024-07-11 08:30:00-04:00
1679_lower,1679,2024-07-10,2024-07-10 10:30:00-04:00,2024-08-07 10:30:00-04:00,lower,20578.90073922452,2024-07-11 11:23:00-04:00
1680_upper,1680,2024-07-11,2024-07-11 10:30:00-04:00,2024-08-08 10:30:00-04:00,upper,21147.402821911888,
1680_lower,1680,2024-07-11,2024-07-11 10:30:00-04:00,2024-08-08 10:30:00-04:00,lower,20526.722178088112,2024-07-11 11:30:00-04:00
1681_upper,1681,2024-07-12,2024-07-12 10:30:00-04:00,2024-08-09 10:30:00-04:00,upper,20724.48401525386,2024-07-12 13:47:00-04:00
1681_lower,1681,2024-07-12,2024-07-12 10:30:00-04:00,2024-08-09 10:30:00-04:00,lower,20224.89098474614,2024-07-17 09:41:00-04:00
1682_upper,1682,2024-07-15,2024-07-15 10:30:00-04:00,2024-08-12 10:30:00-04:00,upper,20834.17997355861,
1682_lower,1682,2024-07-15,2024-07-15 10:30:00-04:00,2024-08-12 10:30:00-04:00,lower,20414.57002644139,2024-07-17 03:06:00-04:00
1683_upper,1683,2024-07-16,2024-07-16 10:30:00-04:00,2024-08-13 10:30:00-04:00,upper,20899.80826467437,
1683_lower,1683,2024-07-16,2024-07-16 10:30:00-04:00,2024-08-13 10:30:00-04:00,lower,20334.44173532563,2024-07-17 04:13:00-04:00
1684_upper,1684,2024-07-17,2024-07-17 10:30:00-04:00,2024-08-14 10:30:00-04:00,upper,20493.49968837537,
1684_lower,1684,2024-07-17,2024-07-17 10:30:00-04:00,2024-08-14 10:30:00-04:00,lower,19956.62531162463,2024-07-18 10:35:00-04:00
1685_upper,1685,2024-07-18,2024-07-18 10:30:00-04:00,2024-08-15 10:30:00-04:00,upper,20356.622183908166,
1685_lower,1685,2024-07-18,2024-07-18 10:30:00-04:00,2024-08-15 10:30:00-04:00,lower,19869.377816091834,2024-07-18 11:14:00-04:00
1686_upper,1686,2024-07-19,2024-07-19 10:30:00-04:00,2024-08-16 10:30:00-04:00,upper,20161.931066817484,
1686_lower,1686,2024-07-19,2024-07-19 10:30:00-04:00,2024-08-16 10:30:00-04:00,lower,19594.193933182516,2024-07-24 09:34:00-04:00
1687_upper,1687,2024-07-22,2024-07-22 10:30:00-04:00,2024-08-19 10:30:00-04:00,upper,20215.992119582537,
1687_lower,1687,2024-07-22,2024-07-22 10:30:00-04:00,2024-08-19 10:30:00-04:00,lower,19693.507880417463,2024-07-24 04:24:00-04:00
1688_upper,1688,2024-07-23,2024-07-23 10:30:00-04:00,2024-08-20 10:30:00-04:00,upper,20201.041775448517,
1688_lower,1688,2024-07-23,2024-07-23 10:30:00-04:00,2024-08-20 10:30:00-04:00,lower,19747.333224551483,2024-07-24 00:20:00-04:00
1689_upper,1689,2024-07-24,2024-07-24 10:30:00-04:00,2024-08-21 10:30:00-04:00,upper,19879.934058609964,2024-08-19 18:00:00-04:00
1689_lower,1689,2024-07-24,2024-07-24 10:30:00-04:00,2024-08-21 10:30:00-04:00,lower,19320.565941390036,2024-07-24 12:41:00-04:00
1690_upper,1690,2024-07-25,2024-07-25 10:30:00-04:00,2024-08-22 10:30:00-04:00,upper,19552.346554278593,2024-07-31 14:49:00-04:00
1690_lower,1690,2024-07-25,2024-07-25 10:30:00-04:00,2024-08-22 10:30:00-04:00,lower,18719.653445721407,2024-08-01 22:22:00-04:00
1691_upper,1691,2024-07-26,2024-07-26 10:30:00-04:00,2024-08-23 10:30:00-04:00,upper,19417.278253940567,2024-07-31 10:01:00-04:00
1691_lower,1691,2024-07-26,2024-07-26 10:30:00-04:00,2024-08-23 10:30:00-04:00,lower,18864.471746059433,2024-07-30 12:52:00-04:00
1692_upper,1692,2024-07-29,2024-07-29 10:30:00-04:00,2024-08-26 10:30:00-04:00,upper,19563.28084561538,2024-07-31 14:49:00-04:00
1692_lower,1692,2024-07-29,2024-07-29 10:30:00-04:00,2024-08-26 10:30:00-04:00,lower,19021.59415438462,2024-07-30 11:03:00-04:00
1693_upper,1693,2024-07-30,2024-07-30 10:30:00-04:00,2024-08-27 10:30:00-04:00,upper,19544.119562947533,2024-07-31 14:48:00-04:00
1693_lower,1693,2024-07-30,2024-07-30 10:30:00-04:00,2024-08-27 10:30:00-04:00,lower,18981.005437052467,2024-07-30 11:06:00-04:00
1694_upper,1694,2024-07-31,2024-07-31 10:30:00-04:00,2024-08-28 10:30:00-04:00,upper,19669.08822149362,2024-07-31 19:16:00-04:00
1694_lower,1694,2024-07-31,2024-07-31 10:30:00-04:00,2024-08-28 10:30:00-04:00,lower,19093.91177850638,2024-08-01 12:40:00-04:00
1695_upper,1695,2024-08-01,2024-08-01 10:30:00-04:00,2024-08-29 10:30:00-04:00,upper,19881.348724452895,2024-08-19 18:00:00-04:00
1695_lower,1695,2024-08-01,2024-08-01 10:30:00-04:00,2024-08-29 10:30:00-04:00,lower,19203.401275547105,2024-08-01 11:40:00-04:00
1696_upper,1696,2024-08-02,2024-08-02 10:30:00-04:00,2024-08-30 10:30:00-04:00,upper,19059.069143734985,2024-08-13 12:50:00-04:00
1696_lower,1696,2024-08-02,2024-08-02 10:30:00-04:00,2024-08-30 10:30:00-04:00,lower,18164.805856265015,2024-08-04 20:52:00-04:00
1697_upper,1697,2024-08-05,2024-08-05 10:30:00-04:00,2024-09-02 10:30:00-04:00,upper,18314.59494601252,2024-08-05 20:48:00-04:00
1697_lower,1697,2024-08-05,2024-08-05 10:30:00-04:00,2024-09-02 10:30:00-04:00,lower,17058.03005398748,
1698_upper,1698,2024-08-06,2024-08-06 10:30:00-04:00,2024-09-03 10:30:00-04:00,upper,18519.82576537015,2024-08-07 09:32:00-04:00
1698_lower,1698,2024-08-06,2024-08-06 10:30:00-04:00,2024-09-03 10:30:00-04:00,lower,17656.04923462985,
1699_upper,1699,2024-08-07,2024-08-07 10:30:00-04:00,2024-09-04 10:30:00-04:00,upper,18778.646306602845,2024-08-13 03:08:00-04:00
1699_lower,1699,2024-08-07,2024-08-07 10:30:00-04:00,2024-09-04 10:30:00-04:00,lower,18156.728693397155,2024-08-07 13:19:00-04:00
1700_upper,1700,2024-08-08,2024-08-08 10:30:00-04:00,2024-09-05 10:30:00-04:00,upper,18663.84995837113,2024-08-09 13:30:00-04:00
1700_lower,1700,2024-08-08,2024-08-08 10:30:00-04:00,2024-09-05 10:30:00-04:00,lower,17788.40004162887,
1701_upper,1701,2024-08-09,2024-08-09 10:30:00-04:00,2024-09-06 10:30:00-04:00,upper,18769.267023665285,2024-08-13 03:06:00-04:00
1701_lower,1701,2024-08-09,2024-08-09 10:30:00-04:00,2024-09-06 10:30:00-04:00,lower,18167.232976334715,
1702_upper,1702,2024-08-12,2024-08-12 10:30:00-04:00,2024-09-09 10:30:00-04:00,upper,18954.167203917663,2024-08-13 11:04:00-04:00
1702_lower,1702,2024-08-12,2024-08-12 10:30:00-04:00,2024-09-09 10:30:00-04:00,lower,18312.832796082337,
1703_upper,1703,2024-08-13,2024-08-13 10:30:00-04:00,2024-09-10 10:30:00-04:00,upper,19094.24046455224,2024-08-13 15:48:00-04:00
1703_lower,1703,2024-08-13,2024-08-13 10:30:00-04:00,2024-09-10 10:30:00-04:00,lower,18596.88453544776,2024-09-06 10:40:00-04:00
1704_upper,1704,2024-08-14,2024-08-14 10:30:00-04:00,2024-09-11 10:30:00-04:00,upper,19420.629424864208,2024-08-15 09:52:00-04:00
1704_lower,1704,2024-08-14,2024-08-14 10:30:00-04:00,2024-09-11 10:30:00-04:00,lower,18787.370575135792,2024-09-06 03:14:00-04:00
1705_upper,1705,2024-08-15,2024-08-15 10:30:00-04:00,2024-09-12 10:30:00-04:00,upper,19643.32445003435,2024-08-15 22:19:00-04:00
1705_lower,1705,2024-08-15,2024-08-15 10:30:00-04:00,2024-09-12 10:30:00-04:00,lower,19121.67554996565,2024-09-03 13:47:00-04:00
1706_upper,1706,2024-08-16,2024-08-16 10:30:00-04:00,2024-09-13 10:30:00-04:00,upper,19751.725691121064,2024-08-19 14:33:00-04:00
1706_lower,1706,2024-08-16,2024-08-16 10:30:00-04:00,2024-09-13 10:30:00-04:00,lower,19278.649308878936,2024-08-28 14:01:00-04:00
1707_upper,1707,2024-08-19,2024-08-19 10:30:00-04:00,2024-09-16 10:30:00-04:00,upper,19801.40781865498,2024-08-19 15:52:00-04:00
1707_lower,1707,2024-08-19,2024-08-19 10:30:00-04:00,2024-09-16 10:30:00-04:00,lower,19380.34218134502,2024-08-28 11:12:00-04:00
1708_upper,1708,2024-08-20,2024-08-20 10:30:00-04:00,2024-09-17 10:30:00-04:00,upper,20072.00394021356,
1708_lower,1708,2024-08-20,2024-08-20 10:30:00-04:00,2024-09-17 10:30:00-04:00,lower,19609.87105978644,2024-08-22 13:53:00-04:00
1709_upper,1709,2024-08-21,2024-08-21 10:30:00-04:00,2024-09-18 10:30:00-04:00,upper,20074.912447851966,
1709_lower,1709,2024-08-21,2024-08-21 10:30:00-04:00,2024-09-18 10:30:00-04:00,lower,19629.212552148034,2024-08-22 13:49:00-04:00
1710_upper,1710,2024-08-22,2024-08-22 10:30:00-04:00,2024-09-19 10:30:00-04:00,upper,20233.695902229083,
1710_lower,1710,2024-08-22,2024-08-22 10:30:00-04:00,2024-09-19 10:30:00-04:00,lower,19718.054097770917,2024-08-22 11:43:00-04:00
1711_upper,1711,2024-08-23,2024-08-23 10:30:00-04:00,2024-09-20 10:30:00-04:00,upper,20090.444424430694,2024-09-19 10:20:00-04:00
1711_lower,1711,2024-08-23,2024-08-23 10:30:00-04:00,2024-09-20 10:30:00-04:00,lower,19470.180575569306,2024-08-27 09:38:00-04:00
1712_upper,1712,2024-08-26,2024-08-26 10:30:00-04:00,2024-09-23 10:30:00-04:00,upper,20029.50585661215,2024-09-19 09:12:00-04:00
1712_lower,1712,2024-08-26,2024-08-26 10:30:00-04:00,2024-09-23 10:30:00-04:00,lower,19436.24414338785,2024-08-28 11:00:00-04:00
1713_upper,1713,2024-08-27,2024-08-27 10:30:00-04:00,2024-09-24 10:30:00-04:00,upper,19843.30115923372,2024-09-17 10:45:00-04:00
1713_lower,1713,2024-08-27,2024-08-27 10:30:00-04:00,2024-09-24 10:30:00-04:00,lower,19227.07384076628,2024-08-28 18:00:00-04:00
1714_upper,1714,2024-08-28,2024-08-28 10:30:00-04:00,2024-09-25 10:30:00-04:00,upper,19858.569744775472,2024-09-18 14:00:00-04:00
1714_lower,1714,2024-08-28,2024-08-28 10:30:00-04:00,2024-09-25 10:30:00-04:00,lower,19352.055255224528,2024-08-28 11:15:00-04:00
1715_upper,1715,2024-08-29,2024-08-29 10:30:00-04:00,2024-09-26 10:30:00-04:00,upper,19852.462987159208,2024-09-18 14:00:00-04:00
1715_lower,1715,2024-08-29,2024-08-29 10:30:00-04:00,2024-09-26 10:30:00-04:00,lower,19227.162012840792,2024-09-03 10:43:00-04:00
1716_upper,1716,2024-08-30,2024-08-30 10:30:00-04:00,2024-09-27 10:30:00-04:00,upper,19794.106040363484,2024-09-17 07:52:00-04:00
1716_lower,1716,2024-08-30,2024-08-30 10:30:00-04:00,2024-09-27 10:30:00-04:00,lower,19336.518959636516,2024-09-03 09:54:00-04:00
1717_upper,1717,2024-09-02,2024-09-02 10:30:00-04:00,2024-09-30 10:30:00-04:00,upper,19794.373991278502,2024-09-17 07:52:00-04:00
1717_lower,1717,2024-09-02,2024-09-02 10:30:00-04:00,2024-09-30 10:30:00-04:00,lower,19440.876008721498,2024-09-03 09:31:00-04:00
1718_upper,1718,2024-09-03,2024-09-03 10:30:00-04:00,2024-10-01 10:30:00-04:00,upper,19712.93003387691,2024-09-15 20:00:00-04:00
1718_lower,1718,2024-09-03,2024-09-03 10:30:00-04:00,2024-10-01 10:30:00-04:00,lower,19148.19496612309,2024-09-03 11:56:00-04:00
1719_upper,1719,2024-09-04,2024-09-04 10:30:00-04:00,2024-10-02 10:30:00-04:00,upper,19203.58532540383,2024-09-11 15:31:00-04:00
1719_lower,1719,2024-09-04,2024-09-04 10:30:00-04:00,2024-10-02 10:30:00-04:00,lower,18605.78967459617,2024-09-06 10:35:00-04:00
1720_upper,1720,2024-09-05,2024-09-05 10:30:00-04:00,2024-10-03 10:30:00-04:00,upper,19315.447828247725,2024-09-12 00:34:00-04:00
1720_lower,1720,2024-09-05,2024-09-05 10:30:00-04:00,2024-10-03 10:30:00-04:00,lower,18588.802171752275,2024-09-06 10:40:00-04:00
1721_upper,1721,2024-09-06,2024-09-06 10:30:00-04:00,2024-10-04 10:30:00-04:00,upper,19275.691002675987,2024-09-11 15:57:00-04:00
1721_lower,1721,2024-09-06,2024-09-06 10:30:00-04:00,2024-10-04 10:30:00-04:00,lower,18453.808997324013,2024-09-06 11:50:00-04:00
1722_upper,1722,2024-09-09,2024-09-09 10:30:00-04:00,2024-10-07 10:30:00-04:00,upper,18916.42852213519,2024-09-11 09:21:00-04:00
1722_lower,1722,2024-09-09,2024-09-09 10:30:00-04:00,2024-10-07 10:30:00-04:00,lower,18363.69647786481,
1723_upper,1723,2024-09-10,2024-09-10 10:30:00-04:00,2024-10-08 10:30:00-04:00,upper,19018.40797311944,2024-09-11 13:45:00-04:00
1723_lower,1723,2024-09-10,2024-09-10 10:30:00-04:00,2024-10-08 10:30:00-04:00,lower,18494.09202688056,
1724_upper,1724,2024-09-11,2024-09-11 10:30:00-04:00,2024-10-09 10:30:00-04:00,upper,19210.90417203048,2024-09-11 15:49:00-04:00
1724_lower,1724,2024-09-11,2024-09-11 10:30:00-04:00,2024-10-09 10:30:00-04:00,lower,18450.97082796952,
1725_upper,1725,2024-09-12,2024-09-12 10:30:00-04:00,2024-10-10 10:30:00-04:00,upper,19539.151428225923,2024-09-13 11:21:00-04:00
1725_lower,1725,2024-09-12,2024-09-12 10:30:00-04:00,2024-10-10 10:30:00-04:00,lower,18987.098571774077,
1726_upper,1726,2024-09-13,2024-09-13 10:30:00-04:00,2024-10-11 10:30:00-04:00,upper,19685.053570433898,2024-09-15 20:00:00-04:00
1726_lower,1726,2024-09-13,2024-09-13 10:30:00-04:00,2024-10-11 10:30:00-04:00,lower,19187.946429566102,
1727_upper,1727,2024-09-16,2024-09-16 10:30:00-04:00,2024-10-14 10:30:00-04:00,upper,19901.305728557876,2024-09-19 02:25:00-04:00
1727_lower,1727,2024-09-16,2024-09-16 10:30:00-04:00,2024-10-14 10:30:00-04:00,lower,19398.819271442124,
1728_upper,1728,2024-09-17,2024-09-17 10:30:00-04:00,2024-10-15 10:30:00-04:00,upper,20031.687214054655,2024-09-19 09:12:00-04:00
1728_lower,1728,2024-09-17,2024-09-17 10:30:00-04:00,2024-10-15 10:30:00-04:00,lower,19532.687785945345,
1729_upper,1729,2024-09-18,2024-09-18 10:30:00-04:00,2024-10-16 10:30:00-04:00,upper,19938.759423010662,2024-09-19 03:58:00-04:00
1729_lower,1729,2024-09-18,2024-09-18 10:30:00-04:00,2024-10-16 10:30:00-04:00,lower,19483.490576989338,
1730_upper,1730,2024-09-19,2024-09-19 10:30:00-04:00,2024-10-17 10:30:00-04:00,upper,20354.416612917434,2024-09-25 23:39:00-04:00
1730_lower,1730,2024-09-19,2024-09-19 10:30:00-04:00,2024-10-17 10:30:00-04:00,lower,19753.208387082566,
1731_upper,1731,2024-09-20,2024-09-20 10:30:00-04:00,2024-10-18 10:30:00-04:00,upper,20264.48376077762,2024-09-25 10:15:00-04:00
1731_lower,1731,2024-09-20,2024-09-20 10:30:00-04:00,2024-10-18 10:30:00-04:00,lower,19797.89123922238,
1732_upper,1732,2024-09-23,2024-09-23 10:30:00-04:00,2024-10-21 10:30:00-04:00,upper,20288.360122640388,2024-09-25 20:01:00-04:00
1732_lower,1732,2024-09-23,2024-09-23 10:30:00-04:00,2024-10-21 10:30:00-04:00,lower,19864.639877359612,2024-10-01 11:08:00-04:00
1733_upper,1733,2024-09-24,2024-09-24 10:30:00-04:00,2024-10-22 10:30:00-04:00,upper,20378.651620315424,2024-09-26 00:53:00-04:00
1733_lower,1733,2024-09-24,2024-09-24 10:30:00-04:00,2024-10-22 10:30:00-04:00,lower,19815.348379684576,
1734_upper,1734,2024-09-25,2024-09-25 10:30:00-04:00,2024-10-23 10:30:00-04:00,upper,20409.398137686894,2024-09-26 01:52:00-04:00
1734_lower,1734,2024-09-25,2024-09-25 10:30:00-04:00,2024-10-23 10:30:00-04:00,lower,19936.101862313106,2024-10-01 10:10:00-04:00
1735_upper,1735,2024-09-26,2024-09-26 10:30:00-04:00,2024-10-24 10:30:00-04:00,upper,20738.063710665032,
1735_lower,1735,2024-09-26,2024-09-26 10:30:00-04:00,2024-10-24 10:30:00-04:00,lower,20192.811289334968,2024-09-26 11:00:00-04:00
1736_upper,1736,2024-09-27,2024-09-27 10:30:00-04:00,2024-10-25 10:30:00-04:00,upper,20568.1364881059,2024-10-14 09:32:00-04:00
1736_lower,1736,2024-09-27,2024-09-27 10:30:00-04:00,2024-10-25 10:30:00-04:00,lower,20143.4885118941,2024-09-30 07:38:00-04:00
1737_upper,1737,2024-09-30,2024-09-30 10:30:00-04:00,2024-10-28 10:30:00-04:00,upper,20431.966431258297,2024-10-09 11:51:00-04:00
1737_lower,1737,2024-09-30,2024-09-30 10:30:00-04:00,2024-10-28 10:30:00-04:00,lower,19942.533568741703,2024-10-01 10:10:00-04:00
1738_upper,1738,2024-10-01,2024-10-01 10:30:00-04:00,2024-10-29 10:30:00-04:00,upper,20596.23447517919,2024-10-14 09:35:00-04:00
1738_lower,1738,2024-10-01,2024-10-01 10:30:00-04:00,2024-10-29 10:30:00-04:00,lower,19729.76552482081,
1739_upper,1739,2024-10-02,2024-10-02 10:30:00-04:00,2024-10-30 10:30:00-04:00,upper,20223.771768351384,2024-10-04 08:52:00-04:00
1739_lower,1739,2024-10-02,2024-10-02 10:30:00-04:00,2024-10-30 10:30:00-04:00,lower,19643.103231648616,
1740_upper,1740,2024-10-03,2024-10-03 10:30:00-04:00,2024-10-31 10:30:00-04:00,upper,20274.00074291042,2024-10-08 14:56:00-04:00
1740_lower,1740,2024-10-03,2024-10-03 10:30:00-04:00,2024-10-31 10:30:00-04:00,lower,19642.24925708958,
1741_upper,1741,2024-10-04,2024-10-04 10:30:00-04:00,2024-11-01 10:30:00-04:00,upper,20509.27467220082,2024-10-14 06:16:00-04:00
1741_lower,1741,2024-10-04,2024-10-04 10:30:00-04:00,2024-11-01 10:30:00-04:00,lower,19844.10032779918,
1742_upper,1742,2024-10-07,2024-10-07 10:30:00-04:00,2024-11-04 10:30:00-05:00,upper,20367.316211444588,2024-10-09 11:00:00-04:00
1742_lower,1742,2024-10-07,2024-10-07 10:30:00-04:00,2024-11-04 10:30:00-05:00,lower,19907.558788555412,2024-10-07 18:33:00-04:00
1743_upper,1743,2024-10-08,2024-10-08 10:30:00-04:00,2024-11-05 10:30:00-05:00,upper,20396.14892815338,2024-10-09 11:21:00-04:00
1743_lower,1743,2024-10-08,2024-10-08 10:30:00-04:00,2024-11-05 10:30:00-05:00,lower,19843.22607184662,
1744_upper,1744,2024-10-09,2024-10-09 10:30:00-04:00,2024-11-06 10:30:00-05:00,upper,20549.36248371189,2024-10-14 09:01:00-04:00
1744_lower,1744,2024-10-09,2024-10-09 10:30:00-04:00,2024-11-06 10:30:00-05:00,lower,20029.26251628811,2024-10-31 11:51:00-04:00
1745_upper,1745,2024-10-10,2024-10-10 10:30:00-04:00,2024-11-07 10:30:00-05:00,upper,20616.47541862654,2024-10-14 09:46:00-04:00
1745_lower,1745,2024-10-10,2024-10-10 10:30:00-04:00,2024-11-07 10:30:00-05:00,lower,20101.14958137346,2024-10-23 14:06:00-04:00
1746_upper,1746,2024-10-11,2024-10-11 10:30:00-04:00,2024-11-08 10:30:00-05:00,upper,20667.24401157799,2024-10-14 09:59:00-04:00
1746_lower,1746,2024-10-11,2024-10-11 10:30:00-04:00,2024-11-08 10:30:00-05:00,lower,20071.00598842201,2024-10-31 10:52:00-04:00
1747_upper,1747,2024-10-14,2024-10-14 10:30:00-04:00,2024-11-11 10:30:00-05:00,upper,20857.43937078357,2024-11-06 13:28:00-05:00
1747_lower,1747,2024-10-14,2024-10-14 10:30:00-04:00,2024-11-11 10:30:00-05:00,lower,20303.56062921643,2024-10-15 15:04:00-04:00
1748_upper,1748,2024-10-15,2024-10-15 10:30:00-04:00,2024-11-12 10:30:00-05:00,upper,20911.053078555757,2024-11-06 15:13:00-05:00
1748_lower,1748,2024-10-15,2024-10-15 10:30:00-04:00,2024-11-12 10:30:00-05:00,lower,20288.071921444243,2024-10-15 15:05:00-04:00
1749_upper,1749,2024-10-16,2024-10-16 10:30:00-04:00,2024-11-13 10:30:00-05:00,upper,20611.265099348686,2024-10-25 09:46:00-04:00
1749_lower,1749,2024-10-16,2024-10-16 10:30:00-04:00,2024-11-13 10:30:00-05:00,lower,20022.984900651314,2024-10-31 14:01:00-04:00
1750_upper,1750,2024-10-17,2024-10-17 10:30:00-04:00,2024-11-14 10:30:00-05:00,upper,20855.10795081673,2024-11-06 13:28:00-05:00
1750_lower,1750,2024-10-17,2024-10-17 10:30:00-04:00,2024-11-14 10:30:00-05:00,lower,20189.39204918327,2024-10-23 13:12:00-04:00
1751_upper,1751,2024-10-18,2024-10-18 10:30:00-04:00,2024-11-15 10:30:00-05:00,upper,20707.991886978132,2024-10-29 14:39:00-04:00
1751_lower,1751,2024-10-18,2024-10-18 10:30:00-04:00,2024-11-15 10:30:00-05:00,lower,20235.883113021868,2024-10-23 12:31:00-04:00
1752_upper,1752,2024-10-21,2024-10-21 10:30:00-04:00,2024-11-18 10:30:00-05:00,upper,20716.25851381381,2024-10-29 15:09:00-04:00
1752_lower,1752,2024-10-21,2024-10-21 10:30:00-04:00,2024-11-18 10:30:00-05:00,lower,20200.11648618619,2024-10-23 13:12:00-04:00
1753_upper,1753,2024-10-22,2024-10-22 10:30:00-04:00,2024-11-19 10:30:00-05:00,upper,20697.275890303114,2024-10-25 10:22:00-04:00
1753_lower,1753,2024-10-22,2024-10-22 10:30:00-04:00,2024-11-19 10:30:00-05:00,lower,20150.224109696886,2024-10-23 13:40:00-04:00
1754_upper,1754,2024-10-23,2024-10-23 10:30:00-04:00,2024-11-20 10:30:00-05:00,upper,20668.742921410816,2024-10-25 10:00:00-04:00
1754_lower,1754,2024-10-23,2024-10-23 10:30:00-04:00,2024-11-20 10:30:00-05:00,lower,20170.632078589184,2024-10-23 13:14:00-04:00
1755_upper,1755,2024-10-24,2024-10-24 10:30:00-04:00,2024-11-21 10:30:00-05:00,upper,20584.71443989178,2024-10-25 09:43:00-04:00
1755_lower,1755,2024-10-24,2024-10-24 10:30:00-04:00,2024-11-21 10:30:00-05:00,lower,20125.16056010822,2024-10-31 10:12:00-04:00
1756_upper,1756,2024-10-25,2024-10-25 10:30:00-04:00,2024-11-22 10:30:00-05:00,upper,20873.28056996522,2024-11-06 13:46:00-05:00
1756_lower,1756,2024-10-25,2024-10-25 10:30:00-04:00,2024-11-22 10:30:00-05:00,lower,20216.71943003478,2024-10-31 09:48:00-04:00
1757_upper,1757,2024-10-28,2024-10-28 10:30:00-04:00,2024-11-25 10:30:00-05:00,upper,20848.093765848396,2024-11-06 13:10:00-05:00
1757_lower,1757,2024-10-28,2024-10-28 10:30:00-04:00,2024-11-25 10:30:00-05:00,lower,20354.781234151604,2024-10-31 02:48:00-04:00
1758_upper,1758,2024-10-29,2024-10-29 10:30:00-04:00,2024-11-26 10:30:00-05:00,upper,20811.795006614546,2024-11-06 10:31:00-05:00
1758_lower,1758,2024-10-29,2024-10-29 10:30:00-04:00,2024-11-26 10:30:00-05:00,lower,20216.829993385454,2024-10-31 09:47:00-04:00
1759_upper,1759,2024-10-30,2024-10-30 10:30:00-04:00,2024-11-27 10:30:00-05:00,upper,20925.540486032958,2024-11-06 15:47:00-05:00
1759_lower,1759,2024-10-30,2024-10-30 10:30:00-04:00,2024-11-27 10:30:00-05:00,lower,20356.834513967042,2024-10-31 02:48:00-04:00
1760_upper,1760,2024-10-31,2024-10-31 10:30:00-04:00,2024-11-28 10:30:00-05:00,upper,20662.143906139332,2024-11-06 01:37:00-05:00
1760_lower,1760,2024-10-31,2024-10-31 10:30:00-04:00,2024-11-28 10:30:00-05:00,lower,19947.981093860668,
1761_upper,1761,2024-11-01,2024-11-01 10:30:00-04:00,2024-11-29 10:30:00-05:00,upper,20462.67945644694,2024-11-05 21:21:00-05:00
1761_lower,1761,2024-11-01,2024-11-01 10:30:00-04:00,2024-11-29 10:30:00-05:00,lower,19773.19554355306,
1762_upper,1762,2024-11-04,2024-11-04 10:30:00-05:00,2024-12-02 10:30:00-05:00,upper,20430.183873389637,2024-11-05 21:09:00-05:00
1762_lower,1762,2024-11-04,2024-11-04 10:30:00-05:00,2024-12-02 10:30:00-05:00,lower,19798.691126610363,
1763_upper,1763,2024-11-05,2024-11-05 10:30:00-05:00,2024-12-03 10:30:00-05:00,upper,20497.59375280246,2024-11-05 21:30:00-05:00
1763_lower,1763,2024-11-05,2024-11-05 10:30:00-05:00,2024-12-03 10:30:00-05:00,lower,19888.78124719754,
1764_upper,1764,2024-11-06,2024-11-06 10:30:00-05:00,2024-12-04 10:30:00-05:00,upper,20993.111733587757,2024-11-07 08:10:00-05:00
1764_lower,1764,2024-11-06,2024-11-06 10:30:00-05:00,2024-12-04 10:30:00-05:00,lower,20416.263266412243,2024-11-15 13:57:00-05:00
1765_upper,1765,2024-11-07,2024-11-07 10:30:00-05:00,2024-12-05 10:30:00-05:00,upper,21270.8590945764,2024-11-10 18:00:00-05:00
1765_lower,1765,2024-11-07,2024-11-07 10:30:00-05:00,2024-12-05 10:30:00-05:00,lower,20802.5159054236,2024-11-15 03:24:00-05:00
1766_upper,1766,2024-11-08,2024-11-08 10:30:00-05:00,2024-12-06 10:30:00-05:00,upper,21381.682474424437,2024-12-04 03:53:00-05:00
1766_lower,1766,2024-11-08,2024-11-08 10:30:00-05:00,2024-12-06 10:30:00-05:00,lower,21000.567525575563,2024-11-14 15:06:00-05:00
1767_upper,1767,2024-11-11,2024-11-11 10:30:00-05:00,2024-12-09 10:30:00-05:00,upper,21490.698550965142,2024-12-04 10:38:00-05:00
1767_lower,1767,2024-11-11,2024-11-11 10:30:00-05:00,2024-12-09 10:30:00-05:00,lower,21016.301449034858,2024-11-14 15:04:00-05:00
1768_upper,1768,2024-11-12,2024-11-12 10:30:00-05:00,2024-12-10 10:30:00-05:00,upper,21406.807232979983,2024-12-04 05:50:00-05:00
1768_lower,1768,2024-11-12,2024-11-12 10:30:00-05:00,2024-12-10 10:30:00-05:00,lower,21023.067767020017,2024-11-14 12:33:00-05:00
1769_upper,1769,2024-11-13,2024-11-13 10:30:00-05:00,2024-12-11 10:30:00-05:00,upper,21370.823210089446,2024-12-04 03:35:00-05:00
1769_lower,1769,2024-11-13,2024-11-13 10:30:00-05:00,2024-12-11 10:30:00-05:00,lower,20908.426789910554,2024-11-14 20:07:00-05:00
1770_upper,1770,2024-11-14,2024-11-14 10:30:00-05:00,2024-12-12 10:30:00-05:00,upper,21353.263619206915,2024-12-03 23:56:00-05:00
1770_lower,1770,2024-11-14,2024-11-14 10:30:00-05:00,2024-12-12 10:30:00-05:00,lower,20892.111380793085,2024-11-14 20:11:00-05:00
1771_upper,1771,2024-11-15,2024-11-15 10:30:00-05:00,2024-12-13 10:30:00-05:00,upper,20990.661921935727,2024-11-25 08:45:00-05:00
1771_lower,1771,2024-11-15,2024-11-15 10:30:00-05:00,2024-12-13 10:30:00-05:00,lower,20446.338078064273,2024-11-15 13:35:00-05:00
1772_upper,1772,2024-11-18,2024-11-18 10:30:00-05:00,2024-12-16 10:30:00-05:00,upper,20842.995254350048,2024-11-20 03:22:00-05:00
1772_lower,1772,2024-11-18,2024-11-18 10:30:00-05:00,2024-12-16 10:30:00-05:00,lower,20299.629745649952,
1773_upper,1773,2024-11-19,2024-11-19 10:30:00-05:00,2024-12-17 10:30:00-05:00,upper,20761.733323628352,2024-11-19 13:45:00-05:00
1773_lower,1773,2024-11-19,2024-11-19 10:30:00-05:00,2024-12-17 10:30:00-05:00,lower,20319.266676371648,
1774_upper,1774,2024-11-20,2024-11-20 10:30:00-05:00,2024-12-18 10:30:00-05:00,upper,21041.58280563,2024-11-25 09:16:00-05:00
1774_lower,1774,2024-11-20,2024-11-20 10:30:00-05:00,2024-12-18 10:30:00-05:00,lower,20327.91719437,
1775_upper,1775,2024-11-21,2024-11-21 10:30:00-05:00,2024-12-19 10:30:00-05:00,upper,21242.244331425536,2024-12-02 12:02:00-05:00
1775_lower,1775,2024-11-21,2024-11-21 10:30:00-05:00,2024-12-19 10:30:00-05:00,lower,20343.755668574464,
1776_upper,1776,2024-11-22,2024-11-22 10:30:00-05:00,2024-12-20 10:30:00-05:00,upper,21057.184712607195,2024-11-25 09:39:00-05:00
1776_lower,1776,2024-11-22,2024-11-22 10:30:00-05:00,2024-12-20 10:30:00-05:00,lower,20531.690287392805,
1777_upper,1777,2024-11-25,2024-11-25 10:30:00-05:00,2024-12-23 10:30:00-05:00,upper,21292.531888874582,2024-12-03 16:05:00-05:00
1777_lower,1777,2024-11-25,2024-11-25 10:30:00-05:00,2024-12-23 10:30:00-05:00,lower,20699.093111125418,2024-11-27 11:11:00-05:00
1778_upper,1778,2024-11-26,2024-11-26 10:30:00-05:00,2024-12-24 10:30:00-05:00,upper,21163.634462181053,2024-12-02 09:54:00-05:00
1778_lower,1778,2024-11-26,2024-11-26 10:30:00-05:00,2024-12-24 10:30:00-05:00,lower,20747.240537818947,2024-11-27 10:37:00-05:00
1779_upper,1779,2024-11-27,2024-11-27 10:30:00-05:00,2024-12-26 10:30:00-05:00,upper,21147.605270926877,2024-12-02 09:49:00-05:00
1779_lower,1779,2024-11-27,2024-11-27 10:30:00-05:00,2024-12-26 10:30:00-05:00,lower,20641.144729073123,
1780_upper,1780,2024-11-28,2024-11-28 10:30:00-05:00,2024-12-27 10:30:00-05:00,upper,21023.332330874753,2024-12-02 08:11:00-05:00
1780_lower,1780,2024-11-28,2024-11-28 10:30:00-05:00,2024-12-27 10:30:00-05:00,lower,20738.667669125247,
1781_upper,1781,2024-11-29,2024-11-29 10:30:00-05:00,2024-12-30 10:30:00-05:00,upper,21107.046660596272,2024-12-02 09:32:00-05:00
1781_lower,1781,2024-11-29,2024-11-29 10:30:00-05:00,2024-12-30 10:30:00-05:00,lower,20612.953339403728,
1782_upper,1782,2024-12-02,2024-12-02 10:30:00-05:00,2025-01-02 10:30:00-05:00,upper,21322.01179899735,2024-12-03 16:24:00-05:00
1782_lower,1782,2024-12-02,2024-12-02 10:30:00-05:00,2025-01-02 10:30:00-05:00,lower,20832.23820100265,
1783_upper,1783,2024-12-03,2024-12-03 10:30:00-05:00,2025-01-03 10:30:00-05:00,upper,21364.40750052978,2024-12-04 00:38:00-05:00
1783_lower,1783,2024-12-03,2024-12-03 10:30:00-05:00,2025-01-03 10:30:00-05:00,lower,20977.71749947022,
1784_upper,1784,2024-12-04,2024-12-04 10:30:00-05:00,2025-01-06 10:30:00-05:00,upper,21596.018806749427,2024-12-06 09:49:00-05:00
1784_lower,1784,2024-12-04,2024-12-04 10:30:00-05:00,2025-01-06 10:30:00-05:00,lower,21247.731193250573,2024-12-19 21:07:00-05:00
1785_upper,1785,2024-12-05,2024-12-05 10:30:00-05:00,2025-01-07 10:30:00-05:00,upper,21687.530920669866,2024-12-09 02:36:00-05:00
1785_lower,1785,2024-12-05,2024-12-05 10:30:00-05:00,2025-01-07 10:30:00-05:00,lower,21372.344079330134,2024-12-10 15:28:00-05:00
1786_upper,1786,2024-12-06,2024-12-06 10:30:00-05:00,2025-01-08 10:30:00-05:00,upper,21764.75757263631,2024-12-11 11:31:00-05:00
1786_lower,1786,2024-12-06,2024-12-06 10:30:00-05:00,2025-01-08 10:30:00-05:00,lower,21291.86742736369,2024-12-19 19:16:00-05:00
1787_upper,1787,2024-12-09,2024-12-09 10:30:00-05:00,2025-01-10 10:30:00-05:00,upper,21796.928107768268,2024-12-11 13:25:00-05:00
1787_lower,1787,2024-12-09,2024-12-09 10:30:00-05:00,2025-01-10 10:30:00-05:00,lower,21414.946892231732,2024-12-10 14:47:00-05:00
1788_upper,1788,2024-12-10,2024-12-10 10:30:00-05:00,2025-01-13 10:30:00-05:00,upper,21744.93131652934,2024-12-11 11:15:00-05:00
1788_lower,1788,2024-12-10,2024-12-10 10:30:00-05:00,2025-01-13 10:30:00-05:00,lower,21343.94368347066,2024-12-18 16:04:00-05:00
1789_upper,1789,2024-12-11,2024-12-11 10:30:00-05:00,2025-01-14 10:30:00-05:00,upper,21869.341110276982,2024-12-13 09:43:00-05:00
1789_lower,1789,2024-12-11,2024-12-11 10:30:00-05:00,2025-01-14 10:30:00-05:00,lower,21374.783889723018,2024-12-18 16:03:00-05:00
1790_upper,1790,2024-12-12,2024-12-12 10:30:00-05:00,2025-01-15 10:30:00-05:00,upper,21873.75941044215,2024-12-13 09:43:00-05:00
1790_lower,1790,2024-12-12,2024-12-12 10:30:00-05:00,2025-01-15 10:30:00-05:00,lower,21492.24058955785,2024-12-18 15:40:00-05:00
1791_upper,1791,2024-12-13,2024-12-13 10:30:00-05:00,2025-01-16 10:30:00-05:00,upper,22035.261361227676,2024-12-16 11:09:00-05:00
1791_lower,1791,2024-12-13,2024-12-13 10:30:00-05:00,2025-01-16 10:30:00-05:00,lower,21608.988638772324,2024-12-18 15:37:00-05:00
1792_upper,1792,2024-12-16,2024-12-16 10:30:00-05:00,2025-01-17 10:30:00-05:00,upper,22130.713379994206,2024-12-16 14:14:00-05:00
1792_lower,1792,2024-12-16,2024-12-16 10:30:00-05:00,2025-01-17 10:30:00-05:00,lower,21717.536620005794,2024-12-18 15:29:00-05:00
1793_upper,1793,2024-12-17,2024-12-17 10:30:00-05:00,2025-01-20 10:30:00-05:00,upper,22559.035874291105,
1793_lower,1793,2024-12-17,2024-12-17 10:30:00-05:00,2025-01-20 10:30:00-05:00,lower,22082.464125708895,2024-12-18 14:18:00-05:00
1794_upper,1794,2024-12-18,2024-12-18 10:30:00-05:00,2025-01-21 10:30:00-05:00,upper,22505.40506286268,
1794_lower,1794,2024-12-18,2024-12-18 10:30:00-05:00,2025-01-21 10:30:00-05:00,lower,22038.71993713732,2024-12-18 14:30:00-05:00
1795_upper,1795,2024-12-19,2024-12-19 10:30:00-05:00,2025-01-22 10:30:00-05:00,upper,22007.808684924697,2024-12-24 12:54:00-05:00
1795_lower,1795,2024-12-19,2024-12-19 10:30:00-05:00,2025-01-22 10:30:00-05:00,lower,21266.566315075303,2024-12-19 19:53:00-05:00
1796_upper,1796,2024-12-20,2024-12-20 10:30:00-05:00,2025-01-23 10:30:00-05:00,upper,21727.127864908598,2024-12-20 11:36:00-05:00
1796_lower,1796,2024-12-20,2024-12-20 10:30:00-05:00,2025-01-23 10:30:00-05:00,lower,20812.622135091402,2025-01-13 03:42:00-05:00
1797_upper,1797,2024-12-23,2024-12-23 10:30:00-05:00,2025-01-24 10:30:00-05:00,upper,21913.918142038703,2024-12-24 10:01:00-05:00
1797_lower,1797,2024-12-23,2024-12-23 10:30:00-05:00,2025-01-24 10:30:00-05:00,lower,21281.456857961297,2024-12-30 10:00:00-05:00
1798_upper,1798,2024-12-24,2024-12-24 10:30:00-05:00,2025-01-27 10:30:00-05:00,upper,22102.530090185646,2024-12-25 22:23:00-05:00
1798_lower,1798,2024-12-24,2024-12-24 10:30:00-05:00,2025-01-27 10:30:00-05:00,lower,21593.969909814354,2024-12-27 10:05:00-05:00
1799_upper,1799,2024-12-26,2024-12-26 10:30:00-05:00,2025-01-28 10:30:00-05:00,upper,22185.125375896565,
1799_lower,1799,2024-12-26,2024-12-26 10:30:00-05:00,2025-01-28 10:30:00-05:00,lower,21715.499624103435,2024-12-27 09:39:00-05:00
1800_upper,1800,2024-12-27,2024-12-27 10:30:00-05:00,2025-01-29 10:30:00-05:00,upper,22164.651483208076,
1800_lower,1800,2024-12-27,2024-12-27 10:30:00-05:00,2025-01-29 10:30:00-05:00,lower,21369.223516791924,2024-12-30 08:54:00-05:00
1801_upper,1801,2024-12-30,2024-12-30 10:30:00-05:00,2025-01-30 10:30:00-05:00,upper,21634.523694805746,2025-01-06 04:02:00-05:00
1801_lower,1801,2024-12-30,2024-12-30 10:30:00-05:00,2025-01-30 10:30:00-05:00,lower,21108.976305194254,2025-01-02 12:31:00-05:00
1802_upper,1802,2025-01-02,2025-01-02 10:30:00-05:00,2025-01-31 10:30:00-05:00,upper,21686.300340523907,2025-01-06 05:19:00-05:00
1802_lower,1802,2025-01-02,2025-01-02 10:30:00-05:00,2025-01-31 10:30:00-05:00,lower,20966.699659476093,2025-01-10 10:01:00-05:00
1803_upper,1803,2025-01-03,2025-01-03 10:30:00-05:00,2025-02-03 10:30:00-05:00,upper,21612.9893337931,2025-01-06 03:47:00-05:00
1803_lower,1803,2025-01-03,2025-01-03 10:30:00-05:00,2025-02-03 10:30:00-05:00,lower,21031.8856662069,2025-01-10 09:48:00-05:00
1804_upper,1804,2025-01-06,2025-01-06 10:30:00-05:00,2025-02-04 10:30:00-05:00,upper,22039.2246379133,2025-01-22 10:37:00-05:00
1804_lower,1804,2025-01-06,2025-01-06 10:30:00-05:00,2025-02-04 10:30:00-05:00,lower,21498.6503620867,2025-01-07 10:32:00-05:00
1805_upper,1805,2025-01-07,2025-01-07 10:30:00-05:00,2025-02-05 10:30:00-05:00,upper,22086.514207072163,2025-01-22 12:04:00-05:00
1805_lower,1805,2025-01-07,2025-01-07 10:30:00-05:00,2025-02-05 10:30:00-05:00,lower,21370.860792927837,2025-01-07 15:11:00-05:00
1806_upper,1806,2025-01-08,2025-01-08 10:30:00-05:00,2025-02-06 10:30:00-05:00,upper,21627.173587494122,2025-01-17 09:26:00-05:00
1806_lower,1806,2025-01-08,2025-01-08 10:30:00-05:00,2025-02-06 10:30:00-05:00,lower,21047.201412505878,2025-01-10 08:35:00-05:00
1807_upper,1807,2025-01-10,2025-01-10 10:30:00-05:00,2025-02-07 10:30:00-05:00,upper,21513.00745261229,2025-01-16 02:30:00-05:00
1807_lower,1807,2025-01-10,2025-01-10 10:30:00-05:00,2025-02-07 10:30:00-05:00,lower,20715.49254738771,2025-01-13 04:04:00-05:00
1808_upper,1808,2025-01-13,2025-01-13 10:30:00-05:00,2025-02-10 10:30:00-05:00,upper,21049.283947678956,2025-01-13 18:31:00-05:00
1808_lower,1808,2025-01-13,2025-01-13 10:30:00-05:00,2025-02-10 10:30:00-05:00,lower,20495.216052321044,
1809_upper,1809,2025-01-14,2025-01-14 10:30:00-05:00,2025-02-11 10:30:00-05:00,upper,21347.480482178587,2025-01-15 10:00:00-05:00
1809_lower,1809,2025-01-14,2025-01-14 10:30:00-05:00,2025-02-11 10:30:00-05:00,lower,20772.019517821413,2025-01-27 05:52:00-05:00
1810_upper,1810,2025-01-15,2025-01-15 10:30:00-05:00,2025-02-12 10:30:00-05:00,upper,21603.9698663063,2025-01-17 09:12:00-05:00
1810_lower,1810,2025-01-15,2025-01-15 10:30:00-05:00,2025-02-12 10:30:00-05:00,lower,20944.6551336937,2025-01-27 05:44:00-05:00
1811_upper,1811,2025-01-16,2025-01-16 10:30:00-05:00,2025-02-13 10:30:00-05:00,upper,21724.619794802715,2025-01-20 09:26:00-05:00
1811_lower,1811,2025-01-16,2025-01-16 10:30:00-05:00,2025-02-13 10:30:00-05:00,lower,21187.005205197285,2025-01-16 16:21:00-05:00
1812_upper,1812,2025-01-17,2025-01-17 10:30:00-05:00,2025-02-14 10:30:00-05:00,upper,21888.13218343735,2025-01-22 03:47:00-05:00
1812_lower,1812,2025-01-17,2025-01-17 10:30:00-05:00,2025-02-14 10:30:00-05:00,lower,21326.61781656265,2025-01-27 02:16:00-05:00
1813_upper,1813,2025-01-20,2025-01-20 10:30:00-05:00,2025-02-17 10:30:00-05:00,upper,21948.538405150117,2025-01-22 09:31:00-05:00
1813_lower,1813,2025-01-20,2025-01-20 10:30:00-05:00,2025-02-17 10:30:00-05:00,lower,21503.086594849883,2025-01-20 19:53:00-05:00
1814_upper,1814,2025-01-21,2025-01-21 10:30:00-05:00,2025-02-18 10:30:00-05:00,upper,21957.066362776357,2025-01-22 09:32:00-05:00
1814_lower,1814,2025-01-21,2025-01-21 10:30:00-05:00,2025-02-18 10:30:00-05:00,lower,21375.683637223643,2025-01-27 01:37:00-05:00
1815_upper,1815,2025-01-22,2025-01-22 10:30:00-05:00,2025-02-19 10:30:00-05:00,upper,22187.695846409435,2025-02-14 13:36:00-05:00
1815_lower,1815,2025-01-22,2025-01-22 10:30:00-05:00,2025-02-19 10:30:00-05:00,lower,21695.804153590565,2025-01-26 18:00:00-05:00
1816_upper,1816,2025-01-23,2025-01-23 10:30:00-05:00,2025-02-20 10:30:00-05:00,upper,22074.607099461522,2025-01-24 09:53:00-05:00
1816_lower,1816,2025-01-23,2025-01-23 10:30:00-05:00,2025-02-20 10:30:00-05:00,lower,21706.142900538478,2025-01-26 18:00:00-05:00
1817_upper,1817,2025-01-24,2025-01-24 10:30:00-05:00,2025-02-21 10:30:00-05:00,upper,22250.5219911343,2025-02-16 20:36:00-05:00
1817_lower,1817,2025-01-24,2025-01-24 10:30:00-05:00,2025-02-21 10:30:00-05:00,lower,21826.4780088657,2025-01-26 18:00:00-05:00
1818_upper,1818,2025-01-27,2025-01-27 10:30:00-05:00,2025-02-24 10:30:00-05:00,upper,21522.02838072801,2025-01-28 12:09:00-05:00
1818_lower,1818,2025-01-27,2025-01-27 10:30:00-05:00,2025-02-24 10:30:00-05:00,lower,20845.47161927199,
1819_upper,1819,2025-01-28,2025-01-28 10:30:00-05:00,2025-02-25 10:30:00-05:00,upper,21718.871737055117,2025-01-30 09:49:00-05:00
1819_lower,1819,2025-01-28,2025-01-28 10:30:00-05:00,2025-02-25 10:30:00-05:00,lower,20904.503262944883,
1820_upper,1820,2025-01-29,2025-01-29 10:30:00-05:00,2025-02-26 10:30:00-05:00,upper,21822.843311433993,2025-01-31 09:31:00-05:00
1820_lower,1820,2025-01-29,2025-01-29 10:30:00-05:00,2025-02-26 10:30:00-05:00,lower,21320.281688566007,2025-02-02 18:00:00-05:00
1821_upper,1821,2025-01-30,2025-01-30 10:30:00-05:00,2025-02-27 10:30:00-05:00,upper,21979.59206087388,2025-02-13 10:20:00-05:00
1821_lower,1821,2025-01-30,2025-01-30 10:30:00-05:00,2025-02-27 10:30:00-05:00,lower,21298.78293912612,2025-02-02 18:00:00-05:00
1822_upper,1822,2025-01-31,2025-01-31 10:30:00-05:00,2025-02-28 10:30:00-05:00,upper,22081.989586187665,2025-02-13 15:08:00-05:00
1822_lower,1822,2025-01-31,2025-01-31 10:30:00-05:00,2025-02-28 10:30:00-05:00,lower,21536.260413812335,2025-01-31 15:40:00-05:00
1823_upper,1823,2025-02-03,2025-02-03 10:30:00-05:00,2025-03-03 10:30:00-05:00,upper,21565.85017501798,2025-02-03 16:39:00-05:00
1823_lower,1823,2025-02-03,2025-02-03 10:30:00-05:00,2025-03-03 10:30:00-05:00,lower,20887.52482498202,2025-02-27 14:30:00-05:00
1824_upper,1824,2025-02-04,2025-02-04 10:30:00-05:00,2025-03-04 10:30:00-05:00,upper,21835.221789986164,2025-02-06 10:12:00-05:00
1824_lower,1824,2025-02-04,2025-02-04 10:30:00-05:00,2025-03-04 10:30:00-05:00,lower,21120.403210013836,2025-02-25 10:17:00-05:00
1825_upper,1825,2025-02-05,2025-02-05 10:30:00-05:00,2025-03-05 10:30:00-05:00,upper,21792.952727208594,2025-02-05 16:15:00-05:00
1825_lower,1825,2025-02-05,2025-02-05 10:30:00-05:00,2025-03-05 10:30:00-05:00,lower,21315.422272791406,2025-02-25 02:53:00-05:00
1826_upper,1826,2025-02-06,2025-02-06 10:30:00-05:00,2025-03-06 10:30:00-05:00,upper,22016.822171434134,2025-02-13 10:39:00-05:00
1826_lower,1826,2025-02-06,2025-02-06 10:30:00-05:00,2025-03-06 10:30:00-05:00,lower,21553.677828565866,2025-02-07 15:17:00-05:00
1827_upper,1827,2025-02-07,2025-02-07 10:30:00-05:00,2025-03-07 10:30:00-05:00,upper,22212.350190881843,2025-02-14 15:50:00-05:00
1827_lower,1827,2025-02-07,2025-02-07 10:30:00-05:00,2025-03-07 10:30:00-05:00,lower,21500.649809118157,2025-02-09 18:00:00-05:00
1828_upper,1828,2025-02-10,2025-02-10 10:30:00-05:00,2025-03-10 10:30:00-04:00,upper,22032.225890888796,2025-02-13 10:39:00-05:00
1828_lower,1828,2025-02-10,2025-02-10 10:30:00-05:00,2025-03-10 10:30:00-04:00,lower,21540.774109111204,2025-02-12 08:36:00-05:00
1829_upper,1829,2025-02-11,2025-02-11 10:30:00-05:00,2025-03-11 10:30:00-04:00,upper,21993.130402007595,2025-02-13 10:22:00-05:00
1829_lower,1829,2025-02-11,2025-02-11 10:30:00-05:00,2025-03-11 10:30:00-04:00,lower,21485.869597992405,2025-02-24 10:04:00-05:00
1830_upper,1830,2025-02-12,2025-02-12 10:30:00-05:00,2025-03-12 10:30:00-04:00,upper,21890.38674029691,2025-02-12 18:49:00-05:00
1830_lower,1830,2025-02-12,2025-02-12 10:30:00-05:00,2025-03-12 10:30:00-04:00,lower,21298.48825970309,2025-02-25 05:51:00-05:00
1831_upper,1831,2025-02-13,2025-02-13 10:30:00-05:00,2025-03-13 10:30:00-04:00,upper,22159.305308485862,2025-02-14 02:16:00-05:00
1831_lower,1831,2025-02-13,2025-02-13 10:30:00-05:00,2025-03-13 10:30:00-04:00,lower,21626.319691514138,2025-02-24 09:53:00-05:00
1832_upper,1832,2025-02-14,2025-02-14 10:30:00-05:00,2025-03-14 10:30:00-04:00,upper,22313.494446651624,2025-02-18 02:07:00-05:00
1832_lower,1832,2025-02-14,2025-02-14 10:30:00-05:00,2025-03-14 10:30:00-04:00,lower,21919.505553348376,2025-02-21 12:19:00-05:00
1833_upper,1833,2025-02-17,2025-02-17 10:30:00-05:00,2025-03-17 10:30:00-04:00,upper,22409.50774987289,
1833_lower,1833,2025-02-17,2025-02-17 10:30:00-05:00,2025-03-17 10:30:00-04:00,lower,22049.49225012711,2025-02-20 09:53:00-05:00
1834_upper,1834,2025-02-18,2025-02-18 10:30:00-05:00,2025-03-18 10:30:00-04:00,upper,22473.99987752412,
1834_lower,1834,2025-02-18,2025-02-18 10:30:00-05:00,2025-03-18 10:30:00-04:00,lower,21982.87512247588,2025-02-20 10:00:00-05:00
1835_upper,1835,2025-02-19,2025-02-19 10:30:00-05:00,2025-03-19 10:30:00-04:00,upper,22418.50832534805,
1835_lower,1835,2025-02-19,2025-02-19 10:30:00-05:00,2025-03-19 10:30:00-04:00,lower,21958.49167465195,2025-02-20 10:01:00-05:00
1836_upper,1836,2025-02-20,2025-02-20 10:30:00-05:00,2025-03-20 10:30:00-04:00,upper,22505.139205523614,
1836_lower,1836,2025-02-20,2025-02-20 10:30:00-05:00,2025-03-20 10:30:00-04:00,lower,21792.610794476386,2025-02-21 13:11:00-05:00
1837_upper,1837,2025-02-21,2025-02-21 10:30:00-05:00,2025-03-21 10:30:00-04:00,upper,22434.34177798847,
1837_lower,1837,2025-02-21,2025-02-21 10:30:00-05:00,2025-03-21 10:30:00-04:00,lower,21842.03322201153,2025-02-21 12:57:00-05:00
1838_upper,1838,2025-02-24,2025-02-24 10:30:00-05:00,2025-03-24 10:30:00-04:00,upper,22123.63150184028,
1838_lower,1838,2025-02-24,2025-02-24 10:30:00-05:00,2025-03-24 10:30:00-04:00,lower,21247.86849815972,2025-02-25 09:52:00-05:00
1839_upper,1839,2025-02-25,2025-02-25 10:30:00-05:00,2025-03-25 10:30:00-04:00,upper,21743.859280189856,
1839_lower,1839,2025-02-25,2025-02-25 10:30:00-05:00,2025-03-25 10:30:00-04:00,lower,20860.015719810144,2025-02-27 14:32:00-05:00
1840_upper,1840,2025-02-26,2025-02-26 10:30:00-05:00,2025-03-26 10:30:00-04:00,upper,21565.921136865654,
1840_lower,1840,2025-02-26,2025-02-26 10:30:00-05:00,2025-03-26 10:30:00-04:00,lower,20953.828863134346,2025-02-27 10:00:00-05:00
1841_upper,1841,2025-02-27,2025-02-27 10:30:00-05:00,2025-03-27 10:30:00-04:00,upper,21771.842748739862,
1841_lower,1841,2025-02-27,2025-02-27 10:30:00-05:00,2025-03-27 10:30:00-04:00,lower,20707.532251260138,2025-02-27 15:19:00-05:00
1842_upper,1842,2025-02-28,2025-02-28 10:30:00-05:00,2025-03-28 10:30:00-04:00,upper,21004.16417440178,2025-03-02 18:00:00-05:00
1842_lower,1842,2025-02-28,2025-02-28 10:30:00-05:00,2025-03-28 10:30:00-04:00,lower,20196.21082559822,2025-03-04 10:00:00-05:00
1843_upper,1843,2025-03-03,2025-03-03 10:30:00-05:00,2025-03-31 10:30:00-04:00,upper,21440.847408720867,
1843_lower,1843,2025-03-03,2025-03-03 10:30:00-05:00,2025-03-31 10:30:00-04:00,lower,20555.152591279133,2025-03-03 15:01:00-05:00
1844_upper,1844,2025-03-04,2025-03-04 10:30:00-05:00,2025-04-01 10:30:00-04:00,upper,20747.78229226439,
1844_lower,1844,2025-03-04,2025-03-04 10:30:00-05:00,2025-04-01 10:30:00-04:00,lower,19847.34270773561,2025-03-07 11:36:00-05:00
1845_upper,1845,2025-03-05,2025-03-05 10:30:00-05:00,2025-04-02 10:30:00-04:00,upper,20759.521605312388,
1845_lower,1845,2025-03-05,2025-03-05 10:30:00-05:00,2025-04-02 10:30:00-04:00,lower,20045.353394687612,2025-03-06 13:43:00-05:00
1846_upper,1846,2025-03-06,2025-03-06 10:30:00-05:00,2025-04-03 10:30:00-04:00,upper,20703.24766743796,
1846_lower,1846,2025-03-06,2025-03-06 10:30:00-05:00,2025-04-03 10:30:00-04:00,lower,19963.50233256204,2025-03-07 10:32:00-05:00
1847_upper,1847,2025-03-07,2025-03-07 10:30:00-05:00,2025-04-04 10:30:00-04:00,upper,20439.543771219367,2025-03-25 08:31:00-04:00
1847_lower,1847,2025-03-07,2025-03-07 10:30:00-05:00,2025-04-04 10:30:00-04:00,lower,19729.831228780633,2025-03-10 10:02:00-04:00
1848_upper,1848,2025-03-10,2025-03-10 10:30:00-04:00,2025-04-07 10:30:00-04:00,upper,20207.49026863832,2025-03-24 04:09:00-04:00
1848_lower,1848,2025-03-10,2025-03-10 10:30:00-04:00,2025-04-07 10:30:00-04:00,lower,19447.50973136168,2025-03-10 13:37:00-04:00
1849_upper,1849,2025-03-11,2025-03-11 10:30:00-04:00,2025-04-08 10:30:00-04:00,upper,19872.263616735974,2025-03-17 14:13:00-04:00
1849_lower,1849,2025-03-11,2025-03-11 10:30:00-04:00,2025-04-08 10:30:00-04:00,lower,19011.986383264026,2025-03-31 09:44:00-04:00
1850_upper,1850,2025-03-12,2025-03-12 10:30:00-04:00,2025-04-09 10:30:00-04:00,upper,20042.811846399098,2025-03-19 15:00:00-04:00
1850_lower,1850,2025-03-12,2025-03-12 10:30:00-04:00,2025-04-09 10:30:00-04:00,lower,19332.563153600902,2025-03-13 10:00:00-04:00
1851_upper,1851,2025-03-13,2025-03-13 10:30:00-04:00,2025-04-10 10:30:00-04:00,upper,19892.689350012097,2025-03-17 14:17:00-04:00
1851_lower,1851,2025-03-13,2025-03-13 10:30:00-04:00,2025-04-10 10:30:00-04:00,lower,19132.060649987903,2025-03-31 07:32:00-04:00
1852_upper,1852,2025-03-14,2025-03-14 10:30:00-04:00,2025-04-11 10:30:00-04:00,upper,19830.48773287708,2025-03-17 09:40:00-04:00
1852_lower,1852,2025-03-14,2025-03-14 10:30:00-04:00,2025-04-11 10:30:00-04:00,lower,19163.26226712292,2025-03-30 20:20:00-04:00
1853_upper,1853,2025-03-17,2025-03-17 10:30:00-04:00,2025-04-14 10:30:00-04:00,upper,20041.808934430937,2025-03-19 15:00:00-04:00
1853_lower,1853,2025-03-17,2025-03-17 10:30:00-04:00,2025-04-14 10:30:00-04:00,lower,19426.441065569063,2025-03-28 15:35:00-04:00
1854_upper,1854,2025-03-18,2025-03-18 10:30:00-04:00,2025-04-15 10:30:00-04:00,upper,20212.41589944504,2025-03-24 04:09:00-04:00
1854_lower,1854,2025-03-18,2025-03-18 10:30:00-04:00,2025-04-15 10:30:00-04:00,lower,19452.95910055496,2025-03-28 13:15:00-04:00
1855_upper,1855,2025-03-19,2025-03-19 10:30:00-04:00,2025-04-16 10:30:00-04:00,upper,20127.77717174545,2025-03-19 15:09:00-04:00
1855_lower,1855,2025-03-19,2025-03-19 10:30:00-04:00,2025-04-16 10:30:00-04:00,lower,19464.72282825455,2025-03-28 13:06:00-04:00
1856_upper,1856,2025-03-20,2025-03-20 10:30:00-04:00,2025-04-17 10:30:00-04:00,upper,20270.254580858167,2025-03-24 08:32:00-04:00
1856_lower,1856,2025-03-20,2025-03-20 10:30:00-04:00,2025-04-17 10:30:00-04:00,lower,19437.620419141833,2025-03-28 15:33:00-04:00
1857_upper,1857,2025-03-21,2025-03-21 10:30:00-04:00,2025-04-21 10:30:00-04:00,upper,19963.57017180124,2025-03-21 15:59:00-04:00
1857_lower,1857,2025-03-21,2025-03-21 10:30:00-04:00,2025-04-21 10:30:00-04:00,lower,19384.17982819876,2025-03-28 16:18:00-04:00
1858_upper,1858,2025-03-24,2025-03-24 10:30:00-04:00,2025-04-22 10:30:00-04:00,upper,20528.040411304843,2025-03-25 18:10:00-04:00
1858_lower,1858,2025-03-24,2025-03-24 10:30:00-04:00,2025-04-22 10:30:00-04:00,lower,20016.584588695157,2025-03-26 18:00:00-04:00
1859_upper,1859,2025-03-25,2025-03-25 10:30:00-04:00,2025-04-23 10:30:00-04:00,upper,20630.59568876532,
1859_lower,1859,2025-03-25,2025-03-25 10:30:00-04:00,2025-04-23 10:30:00-04:00,lower,20179.40431123468,2025-03-26 11:56:00-04:00
1860_upper,1860,2025-03-26,2025-03-26 10:30:00-04:00,2025-04-24 10:30:00-04:00,upper,20730.778841626612,
1860_lower,1860,2025-03-26,2025-03-26 10:30:00-04:00,2025-04-24 10:30:00-04:00,lower,20059.221158373388,2025-03-26 14:47:00-04:00
1861_upper,1861,2025-03-27,2025-03-27 10:30:00-04:00,2025-04-25 10:30:00-04:00,upper,20333.92100128869,
1861_lower,1861,2025-03-27,2025-03-27 10:30:00-04:00,2025-04-25 10:30:00-04:00,lower,19728.32899871131,2025-03-28 10:12:00-04:00
1862_upper,1862,2025-03-28,2025-03-28 10:30:00-04:00,2025-04-28 10:30:00-04:00,upper,20241.301905513166,
1862_lower,1862,2025-03-28,2025-03-28 10:30:00-04:00,2025-04-28 10:30:00-04:00,lower,19456.073094486834,2025-03-28 13:10:00-04:00
1863_upper,1863,2025-03-31,2025-03-31 10:30:00-04:00,2025-04-29 10:30:00-04:00,upper,19459.980263847654,2025-03-31 15:42:00-04:00
1863_lower,1863,2025-03-31,2025-03-31 10:30:00-04:00,2025-04-29 10:30:00-04:00,lower,18790.769736152346,2025-04-03 10:49:00-04:00
1864_upper,1864,2025-04-01,2025-04-01 10:30:00-04:00,2025-04-30 10:30:00-04:00,upper,19699.95710401039,2025-04-02 11:25:00-04:00
1864_lower,1864,2025-04-01,2025-04-01 10:30:00-04:00,2025-04-30 10:30:00-04:00,lower,19042.41789598961,2025-04-02 18:02:00-04:00
1865_upper,1865,2025-04-02,2025-04-02 10:30:00-04:00,2025-05-01 10:30:00-04:00,upper,19799.47017533093,2025-04-02 12:49:00-04:00
1865_lower,1865,2025-04-02,2025-04-02 10:30:00-04:00,2025-05-01 10:30:00-04:00,lower,18997.15482466907,2025-04-02 18:02:00-04:00
1866_upper,1866,2025-04-03,2025-04-03 10:30:00-04:00,2025-05-02 10:30:00-04:00,upper,19268.709598530542,2025-04-09 15:33:00-04:00
1866_lower,1866,2025-04-03,2025-04-03 10:30:00-04:00,2025-05-02 10:30:00-04:00,lower,18620.790401469458,2025-04-03 16:29:00-04:00
1867_upper,1867,2025-04-04,2025-04-04 10:30:00-04:00,2025-05-05 10:30:00-04:00,upper,18574.754041247634,2025-04-09 13:25:00-04:00
1867_lower,1867,2025-04-04,2025-04-04 10:30:00-04:00,2025-05-05 10:30:00-04:00,lower,17658.120958752366,2025-04-04 10:50:00-04:00
1868_upper,1868,2025-04-07,2025-04-07 10:30:00-04:00,2025-05-06 10:30:00-04:00,upper,18722.38426409377,2025-04-09 13:27:00-04:00
1868_lower,1868,2025-04-07,2025-04-07 10:30:00-04:00,2025-05-06 10:30:00-04:00,lower,15720.11573590623,
1869_upper,1869,2025-04-08,2025-04-08 10:30:00-04:00,2025-05-07 10:30:00-04:00,upper,18663.24982337437,2025-04-09 13:27:00-04:00
1869_lower,1869,2025-04-08,2025-04-08 10:30:00-04:00,2025-05-07 10:30:00-04:00,lower,17695.50017662563,2025-04-08 12:41:00-04:00
1870_upper,1870,2025-04-09,2025-04-09 10:30:00-04:00,2025-05-08 10:30:00-04:00,upper,17852.90231829632,2025-04-09 13:19:00-04:00
1870_lower,1870,2025-04-09,2025-04-09 10:30:00-04:00,2025-05-08 10:30:00-04:00,lower,16755.47268170368,
1871_upper,1871,2025-04-10,2025-04-10 10:30:00-04:00,2025-05-09 10:30:00-04:00,upper,19224.331046499083,2025-04-13 18:00:00-04:00
1871_lower,1871,2025-04-10,2025-04-10 10:30:00-04:00,2025-05-09 10:30:00-04:00,lower,18286.418953500917,2025-04-10 11:58:00-04:00
1872_upper,1872,2025-04-11,2025-04-11 10:30:00-04:00,2025-05-12 10:30:00-04:00,upper,19018.330734952433,2025-04-13 18:00:00-04:00
1872_lower,1872,2025-04-11,2025-04-11 10:30:00-04:00,2025-05-12 10:30:00-04:00,lower,17856.044265047567,2025-04-21 11:30:00-04:00
1873_upper,1873,2025-04-14,2025-04-14 10:30:00-04:00,2025-05-13 10:30:00-04:00,upper,19663.621942401158,2025-04-29 13:53:00-04:00
1873_lower,1873,2025-04-14,2025-04-14 10:30:00-04:00,2025-05-13 10:30:00-04:00,lower,18689.628057598842,2025-04-15 20:13:00-04:00
1874_upper,1874,2025-04-15,2025-04-15 10:30:00-04:00,2025-05-14 10:30:00-04:00,upper,19416.753098234592,2025-04-24 16:01:00-04:00
1874_lower,1874,2025-04-15,2025-04-15 10:30:00-04:00,2025-05-14 10:30:00-04:00,lower,18604.621901765408,2025-04-16 01:18:00-04:00
1875_upper,1875,2025-04-16,2025-04-16 10:30:00-04:00,2025-05-15 10:30:00-04:00,upper,18940.5845063049,2025-04-23 07:05:00-04:00
1875_lower,1875,2025-04-16,2025-04-16 10:30:00-04:00,2025-05-15 10:30:00-04:00,lower,18238.0404936951,2025-04-16 14:50:00-04:00
1876_upper,1876,2025-04-17,2025-04-17 10:30:00-04:00,2025-05-16 10:30:00-04:00,upper,18854.922596162818,2025-04-23 04:40:00-04:00
1876_lower,1876,2025-04-17,2025-04-17 10:30:00-04:00,2025-05-16 10:30:00-04:00,lower,18043.702403837182,2025-04-21 09:56:00-04:00
1877_upper,1877,2025-04-21,2025-04-21 10:30:00-04:00,2025-05-19 10:30:00-04:00,upper,18498.331402469757,2025-04-22 12:24:00-04:00
1877_lower,1877,2025-04-21,2025-04-21 10:30:00-04:00,2025-05-19 10:30:00-04:00,lower,17663.293597530243,
1878_upper,1878,2025-04-22,2025-04-22 10:30:00-04:00,2025-05-20 10:30:00-04:00,upper,18579.626648265432,2025-04-22 18:00:00-04:00
1878_lower,1878,2025-04-22,2025-04-22 10:30:00-04:00,2025-05-20 10:30:00-04:00,lower,17775.873351734568,
1879_upper,1879,2025-04-23,2025-04-23 10:30:00-04:00,2025-05-21 10:30:00-04:00,upper,19398.50668220131,2025-04-24 16:01:00-04:00
1879_lower,1879,2025-04-23,2025-04-23 10:30:00-04:00,2025-05-21 10:30:00-04:00,lower,18580.99331779869,
1880_upper,1880,2025-04-24,2025-04-24 10:30:00-04:00,2025-05-22 10:30:00-04:00,upper,19380.417453440423,2025-04-24 16:01:00-04:00
1880_lower,1880,2025-04-24,2025-04-24 10:30:00-04:00,2025-05-22 10:30:00-04:00,lower,18490.707546559577,
1881_upper,1881,2025-04-25,2025-04-25 10:30:00-04:00,2025-05-23 10:30:00-04:00,upper,19650.804460678333,2025-04-29 13:48:00-04:00
1881_lower,1881,2025-04-25,2025-04-25 10:30:00-04:00,2025-05-23 10:30:00-04:00,lower,18971.945539321667,
1882_upper,1882,2025-04-28,2025-04-28 10:30:00-04:00,2025-05-26 10:30:00-04:00,upper,19883.0968747399,2025-04-30 18:02:00-04:00
1882_lower,1882,2025-04-28,2025-04-28 10:30:00-04:00,2025-05-26 10:30:00-04:00,lower,19193.2781252601,2025-04-30 09:39:00-04:00
1883_upper,1883,2025-04-29,2025-04-29 10:30:00-04:00,2025-05-27 10:30:00-04:00,upper,19815.290020174296,2025-04-30 16:24:00-04:00
1883_lower,1883,2025-04-29,2025-04-29 10:30:00-04:00,2025-05-27 10:30:00-04:00,lower,19113.959979825704,2025-04-30 09:58:00-04:00
1884_upper,1884,2025-04-30,2025-04-30 10:30:00-04:00,2025-05-28 10:30:00-04:00,upper,19616.73662295809,2025-04-30 15:50:00-04:00
1884_lower,1884,2025-04-30,2025-04-30 10:30:00-04:00,2025-05-28 10:30:00-04:00,lower,18898.38837704191,
1885_upper,1885,2025-05-01,2025-05-01 10:30:00-04:00,2025-05-29 10:30:00-04:00,upper,20263.837006537575,2025-05-02 12:37:00-04:00
1885_lower,1885,2025-05-01,2025-05-01 10:30:00-04:00,2025-05-29 10:30:00-04:00,lower,19639.912993462425,
1886_upper,1886,2025-05-02,2025-05-02 10:30:00-04:00,2025-05-30 10:30:00-04:00,upper,20419.65533365356,2025-05-11 18:00:00-04:00
1886_lower,1886,2025-05-02,2025-05-02 10:30:00-04:00,2025-05-30 10:30:00-04:00,lower,19771.59466634644,2025-05-06 09:51:00-04:00
1887_upper,1887,2025-05-05,2025-05-05 10:30:00-04:00,2025-06-02 10:30:00-04:00,upper,20310.458537358107,2025-05-08 11:45:00-04:00
1887_lower,1887,2025-05-05,2025-05-05 10:30:00-04:00,2025-06-02 10:30:00-04:00,lower,19747.916462641893,2025-05-06 09:55:00-04:00
1888_upper,1888,2025-05-06,2025-05-06 10:30:00-04:00,2025-06-03 10:30:00-04:00,upper,20128.846013962007,2025-05-06 18:07:00-04:00
1888_lower,1888,2025-05-06,2025-05-06 10:30:00-04:00,2025-06-03 10:30:00-04:00,lower,19490.903986037993,
1889_upper,1889,2025-05-07,2025-05-07 10:30:00-04:00,2025-06-04 10:30:00-04:00,upper,20194.64849673071,2025-05-08 00:41:00-04:00
1889_lower,1889,2025-05-07,2025-05-07 10:30:00-04:00,2025-06-04 10:30:00-04:00,lower,19622.10150326929,
1890_upper,1890,2025-05-08,2025-05-08 10:30:00-04:00,2025-06-05 10:30:00-04:00,upper,20437.53914324487,2025-05-11 18:00:00-04:00
1890_lower,1890,2025-05-08,2025-05-08 10:30:00-04:00,2025-06-05 10:30:00-04:00,lower,19824.96085675513,
1891_upper,1891,2025-05-09,2025-05-09 10:30:00-04:00,2025-06-06 10:30:00-04:00,upper,20528.440535847047,2025-05-11 21:07:00-04:00
1891_lower,1891,2025-05-09,2025-05-09 10:30:00-04:00,2025-06-06 10:30:00-04:00,lower,19894.309464152953,
1892_upper,1892,2025-05-12,2025-05-12 10:30:00-04:00,2025-06-09 10:30:00-04:00,upper,21222.895093414,2025-05-13 10:17:00-04:00
1892_lower,1892,2025-05-12,2025-05-12 10:30:00-04:00,2025-06-09 10:30:00-04:00,lower,20510.354906586,
1893_upper,1893,2025-05-13,2025-05-13 10:30:00-04:00,2025-06-10 10:30:00-04:00,upper,21430.874914375905,2025-05-15 11:43:00-04:00
1893_lower,1893,2025-05-13,2025-05-13 10:30:00-04:00,2025-06-10 10:30:00-04:00,lower,20683.250085624095,
1894_upper,1894,2025-05-14,2025-05-14 10:30:00-04:00,2025-06-11 10:30:00-04:00,upper,21596.971404339252,2025-05-28 18:57:00-04:00
1894_lower,1894,2025-05-14,2025-05-14 10:30:00-04:00,2025-06-11 10:30:00-04:00,lower,21057.278595660748,2025-05-22 08:16:00-04:00
1895_upper,1895,2025-05-15,2025-05-15 10:30:00-04:00,2025-06-12 10:30:00-04:00,upper,21548.17602820053,2025-05-19 19:32:00-04:00
1895_lower,1895,2025-05-15,2025-05-15 10:30:00-04:00,2025-06-12 10:30:00-04:00,lower,21051.44897179947,2025-05-22 08:16:00-04:00
1896_upper,1896,2025-05-16,2025-05-16 10:30:00-04:00,2025-06-13 10:30:00-04:00,upper,21678.890011903255,2025-05-28 19:07:00-04:00
1896_lower,1896,2025-05-16,2025-05-16 10:30:00-04:00,2025-06-13 10:30:00-04:00,lower,21217.734988096745,2025-05-18 23:41:00-04:00
1897_upper,1897,2025-05-19,2025-05-19 10:30:00-04:00,2025-06-16 10:30:00-04:00,upper,21624.227500641366,2025-05-28 19:00:00-04:00
1897_lower,1897,2025-05-19,2025-05-19 10:30:00-04:00,2025-06-16 10:30:00-04:00,lower,20911.397499358634,2025-05-23 07:44:00-04:00
1898_upper,1898,2025-05-20,2025-05-20 10:30:00-04:00,2025-06-17 10:30:00-04:00,upper,21638.17615650389,2025-05-28 19:01:00-04:00
1898_lower,1898,2025-05-20,2025-05-20 10:30:00-04:00,2025-06-17 10:30:00-04:00,lower,21172.07384349611,2025-05-21 13:30:00-04:00
1899_upper,1899,2025-05-21,2025-05-21 10:30:00-04:00,2025-06-18 10:30:00-04:00,upper,21611.27128543092,2025-05-28 19:00:00-04:00
1899_lower,1899,2025-05-21,2025-05-21 10:30:00-04:00,2025-06-18 10:30:00-04:00,lower,21026.60371456908,2025-05-23 07:43:00-04:00
1900_upper,1900,2025-05-22,2025-05-22 10:30:00-04:00,2025-06-19 10:30:00-04:00,upper,21545.216594328733,2025-05-28 09:39:00-04:00
1900_lower,1900,2025-05-22,2025-05-22 10:30:00-04:00,2025-06-19 10:30:00-04:00,lower,20848.158405671267,2025-05-23 07:49:00-04:00
1901_upper,1901,2025-05-23,2025-05-23 10:30:00-04:00,2025-06-20 10:30:00-04:00,upper,21185.71737234685,2025-05-25 18:24:00-04:00
1901_lower,1901,2025-05-23,2025-05-23 10:30:00-04:00,2025-06-20 10:30:00-04:00,lower,20571.65762765315,
1902_upper,1902,2025-05-26,2025-05-26 10:30:00-04:00,2025-06-23 10:30:00-04:00,upper,21513.310861378166,2025-05-28 06:54:00-04:00
1902_lower,1902,2025-05-26,2025-05-26 10:30:00-04:00,2025-06-23 10:30:00-04:00,lower,21020.939138621834,
1903_upper,1903,2025-05-27,2025-05-27 10:30:00-04:00,2025-06-24 10:30:00-04:00,upper,21612.80588287719,2025-05-28 19:00:00-04:00
1903_lower,1903,2025-05-27,2025-05-27 10:30:00-04:00,2025-06-24 10:30:00-04:00,lower,20934.81911712281,
1904_upper,1904,2025-05-28,2025-05-28 10:30:00-04:00,2025-06-25 10:30:00-04:00,upper,21774.231123650083,2025-05-28 19:16:00-04:00
1904_lower,1904,2025-05-28,2025-05-28 10:30:00-04:00,2025-06-25 10:30:00-04:00,lower,21233.893876349917,2025-05-30 08:11:00-04:00
1905_upper,1905,2025-05-29,2025-05-29 10:30:00-04:00,2025-06-26 10:30:00-04:00,upper,22005.095955978955,2025-06-11 08:30:00-04:00
1905_lower,1905,2025-05-29,2025-05-29 10:30:00-04:00,2025-06-26 10:30:00-04:00,lower,21199.279044021045,2025-05-30 12:28:00-04:00
1906_upper,1906,2025-05-30,2025-05-30 10:30:00-04:00,2025-06-27 10:30:00-04:00,upper,21634.145485961726,2025-06-03 10:03:00-04:00
1906_lower,1906,2025-05-30,2025-05-30 10:30:00-04:00,2025-06-27 10:30:00-04:00,lower,21061.604514038274,
1907_upper,1907,2025-06-02,2025-06-02 10:30:00-04:00,2025-06-30 10:30:00-04:00,upper,21643.6669817203,2025-06-03 10:51:00-04:00
1907_lower,1907,2025-06-02,2025-06-02 10:30:00-04:00,2025-06-30 10:30:00-04:00,lower,20990.4580182797,
1908_upper,1908,2025-06-03,2025-06-03 10:30:00-04:00,2025-07-01 10:30:00-04:00,upper,21806.20617937395,2025-06-05 03:27:00-04:00
1908_lower,1908,2025-06-03,2025-06-03 10:30:00-04:00,2025-07-01 10:30:00-04:00,lower,21314.91882062605,
1909_upper,1909,2025-06-04,2025-06-04 10:30:00-04:00,2025-07-02 10:30:00-04:00,upper,21980.171524408106,2025-06-10 15:05:00-04:00
1909_lower,1909,2025-06-04,2025-06-04 10:30:00-04:00,2025-07-02 10:30:00-04:00,lower,21462.703475591894,
1910_upper,1910,2025-06-05,2025-06-05 10:30:00-04:00,2025-07-03 10:30:00-04:00,upper,22048.378437910666,2025-06-11 08:30:00-04:00
1910_lower,1910,2025-06-05,2025-06-05 10:30:00-04:00,2025-07-03 10:30:00-04:00,lower,21529.871562089334,2025-06-05 15:17:00-04:00
1911_upper,1911,2025-06-06,2025-06-06 10:30:00-04:00,2025-07-04 10:30:00-04:00,upper,22050.342588744585,2025-06-11 08:30:00-04:00
1911_lower,1911,2025-06-06,2025-06-06 10:30:00-04:00,2025-07-04 10:30:00-04:00,lower,21560.907411255415,2025-06-12 20:32:00-04:00
1912_upper,1912,2025-06-09,2025-06-09 10:30:00-04:00,2025-07-07 10:30:00-04:00,upper,22043.883602389964,2025-06-11 08:30:00-04:00
1912_lower,1912,2025-06-09,2025-06-09 10:30:00-04:00,2025-07-07 10:30:00-04:00,lower,21562.116397610036,2025-06-12 20:32:00-04:00
1913_upper,1913,2025-06-10,2025-06-10 10:30:00-04:00,2025-07-08 10:30:00-04:00,upper,22060.03083400799,2025-06-11 08:30:00-04:00
1913_lower,1913,2025-06-10,2025-06-10 10:30:00-04:00,2025-07-08 10:30:00-04:00,lower,21631.84416599201,2025-06-12 20:05:00-04:00
1914_upper,1914,2025-06-11,2025-06-11 10:30:00-04:00,2025-07-09 10:30:00-04:00,upper,22250.05921920297,2025-06-23 19:22:00-04:00
1914_lower,1914,2025-06-11,2025-06-11 10:30:00-04:00,2025-07-09 10:30:00-04:00,lower,21746.69078079703,2025-06-12 04:02:00-04:00
1915_upper,1915,2025-06-12,2025-06-12 10:30:00-04:00,2025-07-10 10:30:00-04:00,upper,22095.40708023221,2025-06-16 09:32:00-04:00
1915_lower,1915,2025-06-12,2025-06-12 10:30:00-04:00,2025-07-10 10:30:00-04:00,lower,21608.59291976779,2025-06-12 20:05:00-04:00
1916_upper,1916,2025-06-13,2025-06-13 10:30:00-04:00,2025-07-11 10:30:00-04:00,upper,21986.976553121214,2025-06-16 03:07:00-04:00
1916_lower,1916,2025-06-13,2025-06-13 10:30:00-04:00,2025-07-11 10:30:00-04:00,lower,21398.648446878786,
1917_upper,1917,2025-06-16,2025-06-16 10:30:00-04:00,2025-07-14 10:30:00-04:00,upper,22381.23631341568,2025-06-24 03:07:00-04:00
1917_lower,1917,2025-06-16,2025-06-16 10:30:00-04:00,2025-07-14 10:30:00-04:00,lower,21741.51368658432,2025-06-19 09:05:00-04:00
1918_upper,1918,2025-06-17,2025-06-17 10:30:00-04:00,2025-07-15 10:30:00-04:00,upper,22319.956373735837,2025-06-24 02:08:00-04:00
1918_lower,1918,2025-06-17,2025-06-17 10:30:00-04:00,2025-07-15 10:30:00-04:00,lower,21823.793626264163,2025-06-18 21:04:00-04:00
1919_upper,1919,2025-06-18,2025-06-18 10:30:00-04:00,2025-07-16 10:30:00-04:00,upper,22302.46465015223,2025-06-24 01:45:00-04:00
1919_lower,1919,2025-06-18,2025-06-18 10:30:00-04:00,2025-07-16 10:30:00-04:00,lower,21695.16034984777,2025-06-19 09:47:00-04:00
1920_upper,1920,2025-06-19,2025-06-19 10:30:00-04:00,2025-07-17 10:30:00-04:00,upper,22028.016247638705,2025-06-20 08:51:00-04:00
1920_lower,1920,2025-06-19,2025-06-19 10:30:00-04:00,2025-07-17 10:30:00-04:00,lower,21474.983752361295,
1921_upper,1921,2025-06-20,2025-06-20 10:30:00-04:00,2025-07-18 10:30:00-04:00,upper,22400.42347961277,2025-06-24 12:38:00-04:00
1921_lower,1921,2025-06-20,2025-06-20 10:30:00-04:00,2025-07-18 10:30:00-04:00,lower,21684.07652038723,2025-06-22 18:00:00-04:00
1922_upper,1922,2025-06-23,2025-06-23 10:30:00-04:00,2025-07-21 10:30:00-04:00,upper,22243.279916919673,2025-06-23 19:18:00-04:00
1922_lower,1922,2025-06-23,2025-06-23 10:30:00-04:00,2025-07-21 10:30:00-04:00,lower,21511.345083080327,
1923_upper,1923,2025-06-24,2025-06-24 10:30:00-04:00,2025-07-22 10:30:00-04:00,upper,22516.453264443597,2025-06-25 09:30:00-04:00
1923_lower,1923,2025-06-24,2025-06-24 10:30:00-04:00,2025-07-22 10:30:00-04:00,lower,22066.546735556403,
1924_upper,1924,2025-06-25,2025-06-25 10:30:00-04:00,2025-07-23 10:30:00-04:00,upper,22722.758394924076,2025-06-27 02:11:00-04:00
1924_lower,1924,2025-06-25,2025-06-25 10:30:00-04:00,2025-07-23 10:30:00-04:00,lower,22282.741605075924,
1925_upper,1925,2025-06-26,2025-06-26 10:30:00-04:00,2025-07-24 10:30:00-04:00,upper,22773.328162960443,2025-06-27 07:38:00-04:00
1925_lower,1925,2025-06-26,2025-06-26 10:30:00-04:00,2025-07-24 10:30:00-04:00,lower,22308.046837039557,
1926_upper,1926,2025-06-27,2025-06-27 10:30:00-04:00,2025-07-25 10:30:00-04:00,upper,22990.650113436634,2025-07-03 09:51:00-04:00
1926_lower,1926,2025-06-27,2025-06-27 10:30:00-04:00,2025-07-25 10:30:00-04:00,lower,22472.224886563366,
1927_upper,1927,2025-06-30,2025-06-30 10:30:00-04:00,2025-07-28 10:30:00-04:00,upper,23068.602652621048,2025-07-03 11:08:00-04:00
1927_lower,1927,2025-06-30,2025-06-30 10:30:00-04:00,2025-07-28 10:30:00-04:00,lower,22638.022347378952,2025-07-01 11:08:00-04:00
1928_upper,1928,2025-07-01,2025-07-01 10:30:00-04:00,2025-07-29 10:30:00-04:00,upper,23034.85071845072,2025-07-03 10:02:00-04:00
1928_lower,1928,2025-07-01,2025-07-01 10:30:00-04:00,2025-07-29 10:30:00-04:00,lower,22565.89928154928,
1929_upper,1929,2025-07-02,2025-07-02 10:30:00-04:00,2025-07-30 10:30:00-04:00,upper,22963.565131112424,2025-07-03 09:30:00-04:00
1929_lower,1929,2025-07-02,2025-07-02 10:30:00-04:00,2025-07-30 10:30:00-04:00,lower,22416.559868887576,
1930_upper,1930,2025-07-03,2025-07-03 10:30:00-04:00,2025-07-31 10:30:00-04:00,upper,23231.100082062927,2025-07-17 11:05:00-04:00
1930_lower,1930,2025-07-03,2025-07-03 10:30:00-04:00,2025-07-31 10:30:00-04:00,lower,22699.899917937073,
1931_upper,1931,2025-07-04,2025-07-04 10:30:00-04:00,2025-08-01 10:30:00-04:00,upper,23120.43003053195,2025-07-14 21:50:00-04:00
1931_lower,1931,2025-07-04,2025-07-04 10:30:00-04:00,2025-08-01 10:30:00-04:00,lower,22714.31996946805,
1932_upper,1932,2025-07-07,2025-07-07 10:30:00-04:00,2025-08-04 10:30:00-04:00,upper,23158.99858672232,2025-07-14 21:52:00-04:00
1932_lower,1932,2025-07-07,2025-07-07 10:30:00-04:00,2025-08-04 10:30:00-04:00,lower,22723.25141327768,
1933_upper,1933,2025-07-08,2025-07-08 10:30:00-04:00,2025-08-05 10:30:00-04:00,upper,23157.740492599638,2025-07-14 21:52:00-04:00
1933_lower,1933,2025-07-08,2025-07-08 10:30:00-04:00,2025-08-05 10:30:00-04:00,lower,22674.009507400362,
1934_upper,1934,2025-07-09,2025-07-09 10:30:00-04:00,2025-08-06 10:30:00-04:00,upper,23273.31354959769,2025-07-17 12:25:00-04:00
1934_lower,1934,2025-07-09,2025-07-09 10:30:00-04:00,2025-08-06 10:30:00-04:00,lower,22750.43645040231,
1935_upper,1935,2025-07-10,2025-07-10 10:30:00-04:00,2025-08-07 10:30:00-04:00,upper,23329.70872407908,2025-07-21 09:39:00-04:00
1935_lower,1935,2025-07-10,2025-07-10 10:30:00-04:00,2025-08-07 10:30:00-04:00,lower,22738.16627592092,
1936_upper,1936,2025-07-11,2025-07-11 10:30:00-04:00,2025-08-08 10:30:00-04:00,upper,23184.128315938666,2025-07-15 06:31:00-04:00
1936_lower,1936,2025-07-11,2025-07-11 10:30:00-04:00,2025-08-08 10:30:00-04:00,lower,22664.871684061334,
1937_upper,1937,2025-07-14,2025-07-14 10:30:00-04:00,2025-08-11 10:30:00-04:00,upper,23195.73563913029,2025-07-15 08:30:00-04:00
1937_lower,1937,2025-07-14,2025-07-14 10:30:00-04:00,2025-08-11 10:30:00-04:00,lower,22662.76436086971,
1938_upper,1938,2025-07-15,2025-07-15 10:30:00-04:00,2025-08-12 10:30:00-04:00,upper,23427.550270689026,2025-07-24 21:43:00-04:00
1938_lower,1938,2025-07-15,2025-07-15 10:30:00-04:00,2025-08-12 10:30:00-04:00,lower,22944.324729310974,2025-07-16 03:07:00-04:00
1939_upper,1939,2025-07-16,2025-07-16 10:30:00-04:00,2025-08-13 10:30:00-04:00,upper,23315.830634039354,2025-07-18 09:28:00-04:00
1939_lower,1939,2025-07-16,2025-07-16 10:30:00-04:00,2025-08-13 10:30:00-04:00,lower,22777.544365960646,2025-08-01 14:09:00-04:00
1940_upper,1940,2025-07-17,2025-07-17 10:30:00-04:00,2025-08-14 10:30:00-04:00,upper,23354.46373998964,2025-07-21 09:45:00-04:00
1940_lower,1940,2025-07-17,2025-07-17 10:30:00-04:00,2025-08-14 10:30:00-04:00,lower,22866.28626001036,2025-08-01 09:49:00-04:00
1941_upper,1941,2025-07-18,2025-07-18 10:30:00-04:00,2025-08-15 10:30:00-04:00,upper,23522.651833996715,2025-07-27 18:00:00-04:00
1941_lower,1941,2025-07-18,2025-07-18 10:30:00-04:00,2025-08-15 10:30:00-04:00,lower,23026.723166003285,2025-08-01 09:32:00-04:00
1942_upper,1942,2025-07-21,2025-07-21 10:30:00-04:00,2025-08-18 10:30:00-04:00,upper,23574.398521302704,2025-07-28 01:53:00-04:00
1942_lower,1942,2025-07-21,2025-07-21 10:30:00-04:00,2025-08-18 10:30:00-04:00,lower,23019.101478697296,2025-08-01 09:33:00-04:00
1943_upper,1943,2025-07-22,2025-07-22 10:30:00-04:00,2025-08-19 10:30:00-04:00,upper,23624.97526779357,2025-07-29 09:31:00-04:00
1943_lower,1943,2025-07-22,2025-07-22 10:30:00-04:00,2025-08-19 10:30:00-04:00,lower,22949.89973220643,2025-08-01 09:42:00-04:00
1944_upper,1944,2025-07-23,2025-07-23 10:30:00-04:00,2025-08-20 10:30:00-04:00,upper,23478.925830070326,2025-07-27 18:00:00-04:00
1944_lower,1944,2025-07-23,2025-07-23 10:30:00-04:00,2025-08-20 10:30:00-04:00,lower,22987.824169929674,2025-08-01 09:36:00-04:00
1945_upper,1945,2025-07-24,2025-07-24 10:30:00-04:00,2025-08-21 10:30:00-04:00,upper,23588.220500917443,2025-07-29 03:46:00-04:00
1945_lower,1945,2025-07-24,2025-07-24 10:30:00-04:00,2025-08-21 10:30:00-04:00,lower,23135.404499082557,2025-08-01 03:51:00-04:00
1946_upper,1946,2025-07-25,2025-07-25 10:30:00-04:00,2025-08-22 10:30:00-04:00,upper,23577.8482349201,2025-07-28 01:54:00-04:00
1946_lower,1946,2025-07-25,2025-07-25 10:30:00-04:00,2025-08-22 10:30:00-04:00,lower,23155.5267650799,2025-08-01 03:36:00-04:00
1947_upper,1947,2025-07-28,2025-07-28 10:30:00-04:00,2025-08-25 10:30:00-04:00,upper,23675.83459590077,2025-07-30 16:13:00-04:00
1947_lower,1947,2025-07-28,2025-07-28 10:30:00-04:00,2025-08-25 10:30:00-04:00,lower,23293.79040409923,2025-07-31 16:18:00-04:00
1948_upper,1948,2025-07-29,2025-07-29 10:30:00-04:00,2025-08-26 10:30:00-04:00,upper,23825.434098859478,2025-07-31 03:41:00-04:00
1948_lower,1948,2025-07-29,2025-07-29 10:30:00-04:00,2025-08-26 10:30:00-04:00,lower,23365.440901140522,2025-07-30 15:00:00-04:00
1949_upper,1949,2025-07-30,2025-07-30 10:30:00-04:00,2025-08-27 10:30:00-04:00,upper,23697.015357395983,2025-07-30 18:00:00-04:00
1949_lower,1949,2025-07-30,2025-07-30 10:30:00-04:00,2025-08-27 10:30:00-04:00,lower,23278.484642604017,2025-07-31 18:38:00-04:00
1950_upper,1950,2025-07-31,2025-07-31 10:30:00-04:00,2025-08-28 10:30:00-04:00,upper,23967.18508415141,2025-08-12 19:49:00-04:00
1950_lower,1950,2025-07-31,2025-07-31 10:30:00-04:00,2025-08-28 10:30:00-04:00,lower,23460.68991584859,2025-07-31 13:27:00-04:00
1951_upper,1951,2025-08-01,2025-08-01 10:30:00-04:00,2025-08-29 10:30:00-04:00,upper,23398.54778671259,2025-08-05 08:14:00-04:00
1951_lower,1951,2025-08-01,2025-08-01 10:30:00-04:00,2025-08-29 10:30:00-04:00,lower,22636.82721328741,
1952_upper,1952,2025-08-04,2025-08-04 10:30:00-04:00,2025-09-01 10:30:00-04:00,upper,23446.975473495808,2025-08-06 18:26:00-04:00
1952_lower,1952,2025-08-04,2025-08-04 10:30:00-04:00,2025-09-01 10:30:00-04:00,lower,22823.524526504192,
1953_upper,1953,2025-08-05,2025-08-05 10:30:00-04:00,2025-09-02 10:30:00-04:00,upper,23601.613878410044,2025-08-07 05:56:00-04:00
1953_lower,1953,2025-08-05,2025-08-05 10:30:00-04:00,2025-09-02 10:30:00-04:00,lower,23076.136121589956,2025-08-05 18:04:00-04:00
1954_upper,1954,2025-08-06,2025-08-06 10:30:00-04:00,2025-09-03 10:30:00-04:00,upper,23460.87983826777,2025-08-06 18:26:00-04:00
1954_lower,1954,2025-08-06,2025-08-06 10:30:00-04:00,2025-09-03 10:30:00-04:00,lower,22925.12016173223,
1955_upper,1955,2025-08-07,2025-08-07 10:30:00-04:00,2025-09-04 10:30:00-04:00,upper,23858.911226056676,2025-08-12 11:19:00-04:00
1955_lower,1955,2025-08-07,2025-08-07 10:30:00-04:00,2025-09-04 10:30:00-04:00,lower,23348.838773943324,2025-08-07 14:14:00-04:00
1956_upper,1956,2025-08-08,2025-08-08 10:30:00-04:00,2025-09-05 10:30:00-04:00,upper,23850.311796539117,2025-08-12 11:17:00-04:00
1956_lower,1956,2025-08-08,2025-08-08 10:30:00-04:00,2025-09-05 10:30:00-04:00,lower,23299.313203460883,2025-08-20 09:45:00-04:00
1957_upper,1957,2025-08-11,2025-08-11 10:30:00-04:00,2025-09-08 10:30:00-04:00,upper,23930.690177651366,2025-08-12 14:20:00-04:00
1957_lower,1957,2025-08-11,2025-08-11 10:30:00-04:00,2025-09-08 10:30:00-04:00,lower,23509.184822348634,2025-08-19 12:39:00-04:00
1958_upper,1958,2025-08-12,2025-08-12 10:30:00-04:00,2025-09-09 10:30:00-04:00,upper,24017.78030730159,2025-08-13 08:36:00-04:00
1958_lower,1958,2025-08-12,2025-08-12 10:30:00-04:00,2025-09-09 10:30:00-04:00,lower,23430.34469269841,2025-08-19 15:01:00-04:00
1959_upper,1959,2025-08-13,2025-08-13 10:30:00-04:00,2025-09-10 10:30:00-04:00,upper,24260.91808522386,
1959_lower,1959,2025-08-13,2025-08-13 10:30:00-04:00,2025-09-10 10:30:00-04:00,lower,23791.33191477614,2025-08-15 09:49:00-04:00
1960_upper,1960,2025-08-14,2025-08-14 10:30:00-04:00,2025-09-11 10:30:00-04:00,upper,24113.146661623414,
1960_lower,1960,2025-08-14,2025-08-14 10:30:00-04:00,2025-09-11 10:30:00-04:00,lower,23646.978338376586,2025-08-19 09:47:00-04:00
1961_upper,1961,2025-08-15,2025-08-15 10:30:00-04:00,2025-09-12 10:30:00-04:00,upper,24125.530570180912,
1961_lower,1961,2025-08-15,2025-08-15 10:30:00-04:00,2025-09-12 10:30:00-04:00,lower,23624.344429819088,2025-08-19 10:28:00-04:00
1962_upper,1962,2025-08-18,2025-08-18 10:30:00-04:00,2025-09-15 10:30:00-04:00,upper,23988.887704685447,2025-09-10 08:30:00-04:00
1962_lower,1962,2025-08-18,2025-08-18 10:30:00-04:00,2025-09-15 10:30:00-04:00,lower,23558.987295314553,2025-08-19 10:48:00-04:00
1963_upper,1963,2025-08-19,2025-08-19 10:30:00-04:00,2025-09-16 10:30:00-04:00,upper,23990.56198856292,2025-09-10 08:30:00-04:00
1963_lower,1963,2025-08-19,2025-08-19 10:30:00-04:00,2025-09-16 10:30:00-04:00,lower,23468.68801143708,2025-08-19 13:01:00-04:00
1964_upper,1964,2025-08-20,2025-08-20 10:30:00-04:00,2025-09-17 10:30:00-04:00,upper,23776.463210696416,2025-08-28 14:09:00-04:00
1964_lower,1964,2025-08-20,2025-08-20 10:30:00-04:00,2025-09-17 10:30:00-04:00,lower,22897.536789303584,
1965_upper,1965,2025-08-21,2025-08-21 10:30:00-04:00,2025-09-18 10:30:00-04:00,upper,23567.909221342314,2025-08-22 10:08:00-04:00
1965_lower,1965,2025-08-21,2025-08-21 10:30:00-04:00,2025-09-18 10:30:00-04:00,lower,22944.715778657686,
1966_upper,1966,2025-08-22,2025-08-22 10:30:00-04:00,2025-09-19 10:30:00-04:00,upper,23834.97845614906,2025-09-05 08:35:00-04:00
1966_lower,1966,2025-08-22,2025-08-22 10:30:00-04:00,2025-09-19 10:30:00-04:00,lower,22848.77154385094,
1967_upper,1967,2025-08-25,2025-08-25 10:30:00-04:00,2025-09-22 10:30:00-04:00,upper,23738.692284472432,2025-08-28 09:33:00-04:00
1967_lower,1967,2025-08-25,2025-08-25 10:30:00-04:00,2025-09-22 10:30:00-04:00,lower,23259.432715527568,2025-09-02 06:28:00-04:00
1968_upper,1968,2025-08-26,2025-08-26 10:30:00-04:00,2025-09-23 10:30:00-04:00,upper,23724.339417208048,2025-08-28 09:31:00-04:00
1968_lower,1968,2025-08-26,2025-08-26 10:30:00-04:00,2025-09-23 10:30:00-04:00,lower,23233.910582791952,2025-09-02 06:43:00-04:00
1969_upper,1969,2025-08-27,2025-08-27 10:30:00-04:00,2025-09-24 10:30:00-04:00,upper,23787.342156594874,2025-08-28 14:54:00-04:00
1969_lower,1969,2025-08-27,2025-08-27 10:30:00-04:00,2025-09-24 10:30:00-04:00,lower,23301.282843405126,2025-09-02 03:51:00-04:00
1970_upper,1970,2025-08-28,2025-08-28 10:30:00-04:00,2025-09-25 10:30:00-04:00,upper,23934.331686108046,2025-09-10 02:22:00-04:00
1970_lower,1970,2025-08-28,2025-08-28 10:30:00-04:00,2025-09-25 10:30:00-04:00,lower,23363.293313891954,2025-09-02 03:42:00-04:00
1971_upper,1971,2025-08-29,2025-08-29 10:30:00-04:00,2025-09-26 10:30:00-04:00,upper,23928.329204595364,2025-09-10 01:30:00-04:00
1971_lower,1971,2025-08-29,2025-08-29 10:30:00-04:00,2025-09-26 10:30:00-04:00,lower,23271.670795404636,2025-09-02 03:54:00-04:00
1972_upper,1972,2025-09-01,2025-09-01 10:30:00-04:00,2025-09-29 10:30:00-04:00,upper,23672.755032449117,2025-09-04 15:57:00-04:00
1972_lower,1972,2025-09-01,2025-09-01 10:30:00-04:00,2025-09-29 10:30:00-04:00,lower,23271.494967550883,2025-09-02 03:54:00-04:00
1973_upper,1973,2025-09-02,2025-09-02 10:30:00-04:00,2025-09-30 10:30:00-04:00,upper,23475.55294373329,2025-09-03 10:34:00-04:00
1973_lower,1973,2025-09-02,2025-09-02 10:30:00-04:00,2025-09-30 10:30:00-04:00,lower,22777.32205626671,
1974_upper,1974,2025-09-03,2025-09-03 10:30:00-04:00,2025-10-01 10:30:00-04:00,upper,23671.012700389896,2025-09-04 15:57:00-04:00
1974_lower,1974,2025-09-03,2025-09-03 10:30:00-04:00,2025-10-01 10:30:00-04:00,lower,23173.612299610104,
1975_upper,1975,2025-09-04,2025-09-04 10:30:00-04:00,2025-10-02 10:30:00-04:00,upper,23749.775744290502,2025-09-05 00:25:00-04:00
1975_lower,1975,2025-09-04,2025-09-04 10:30:00-04:00,2025-10-02 10:30:00-04:00,lower,23209.849255709498,
1976_upper,1976,2025-09-05,2025-09-05 10:30:00-04:00,2025-10-03 10:30:00-04:00,upper,24186.124086410302,2025-09-14 20:00:00-04:00
1976_lower,1976,2025-09-05,2025-09-05 10:30:00-04:00,2025-10-03 10:30:00-04:00,lower,23454.125913589698,
1977_upper,1977,2025-09-08,2025-09-08 10:30:00-04:00,2025-10-06 10:30:00-04:00,upper,24039.42526747664,2025-09-10 08:30:00-04:00
1977_lower,1977,2025-09-08,2025-09-08 10:30:00-04:00,2025-10-06 10:30:00-04:00,lower,23568.82473252336,
1978_upper,1978,2025-09-09,2025-09-09 10:30:00-04:00,2025-10-07 10:30:00-04:00,upper,24041.327753375834,2025-09-10 08:30:00-04:00
1978_lower,1978,2025-09-09,2025-09-09 10:30:00-04:00,2025-10-07 10:30:00-04:00,lower,23613.672246624166,
1979_upper,1979,2025-09-10,2025-09-10 10:30:00-04:00,2025-10-08 10:30:00-04:00,upper,24206.15384415444,2025-09-14 20:00:00-04:00
1979_lower,1979,2025-09-10,2025-09-10 10:30:00-04:00,2025-10-08 10:30:00-04:00,lower,23742.97115584556,
1980_upper,1980,2025-09-11,2025-09-11 10:30:00-04:00,2025-10-09 10:30:00-04:00,upper,24197.77569131601,2025-09-14 20:00:00-04:00
1980_lower,1980,2025-09-11,2025-09-11 10:30:00-04:00,2025-10-09 10:30:00-04:00,lower,23736.34930868399,
1981_upper,1981,2025-09-12,2025-09-12 10:30:00-04:00,2025-10-10 10:30:00-04:00,upper,24252.674782796334,2025-09-14 20:00:00-04:00
1981_lower,1981,2025-09-12,2025-09-12 10:30:00-04:00,2025-10-10 10:30:00-04:00,lower,23826.950217203666,
1982_upper,1982,2025-09-15,2025-09-15 10:30:00-04:00,2025-10-13 10:30:00-04:00,upper,24669.905354290502,2025-09-18 03:55:00-04:00
1982_lower,1982,2025-09-15,2025-09-15 10:30:00-04:00,2025-10-13 10:30:00-04:00,lower,24208.969645709498,2025-10-10 16:54:00-04:00
1983_upper,1983,2025-09-16,2025-09-16 10:30:00-04:00,2025-10-14 10:30:00-04:00,upper,24803.595250114304,2025-09-18 10:31:00-04:00
1983_lower,1983,2025-09-16,2025-09-16 10:30:00-04:00,2025-10-14 10:30:00-04:00,lower,24345.279749885696,2025-09-17 14:14:00-04:00
1984_upper,1984,2025-09-17,2025-09-17 10:30:00-04:00,2025-10-15 10:30:00-04:00,upper,24757.18340133589,2025-09-18 08:26:00-04:00
1984_lower,1984,2025-09-17,2025-09-17 10:30:00-04:00,2025-10-15 10:30:00-04:00,lower,24251.44159866411,2025-09-17 14:53:00-04:00
1985_upper,1985,2025-09-18,2025-09-18 10:30:00-04:00,2025-10-16 10:30:00-04:00,upper,25012.18549351587,2025-09-22 14:17:00-04:00
1985_lower,1985,2025-09-18,2025-09-18 10:30:00-04:00,2025-10-16 10:30:00-04:00,lower,24368.06450648413,2025-10-10 16:50:00-04:00
1986_upper,1986,2025-09-19,2025-09-19 10:30:00-04:00,2025-10-17 10:30:00-04:00,upper,25000.786126587627,2025-09-22 14:11:00-04:00
1986_lower,1986,2025-09-19,2025-09-19 10:30:00-04:00,2025-10-17 10:30:00-04:00,lower,24544.463873412373,2025-09-25 09:09:00-04:00
1987_upper,1987,2025-09-22,2025-09-22 10:30:00-04:00,2025-10-20 10:30:00-04:00,upper,25073.968260368427,2025-10-01 21:54:00-04:00
1987_lower,1987,2025-09-22,2025-09-22 10:30:00-04:00,2025-10-20 10:30:00-04:00,lower,24601.656739631573,2025-09-25 07:58:00-04:00
1988_upper,1988,2025-09-23,2025-09-23 10:30:00-04:00,2025-10-21 10:30:00-04:00,upper,25220.90530462186,2025-10-06 08:10:00-04:00
1988_lower,1988,2025-09-23,2025-09-23 10:30:00-04:00,2025-10-21 10:30:00-04:00,lower,24749.71969537814,2025-09-24 11:46:00-04:00
1989_upper,1989,2025-09-24,2025-09-24 10:30:00-04:00,2025-10-22 10:30:00-04:00,upper,25131.101610830938,2025-10-02 07:12:00-04:00
1989_lower,1989,2025-09-24,2025-09-24 10:30:00-04:00,2025-10-22 10:30:00-04:00,lower,24596.023389169062,2025-09-25 07:58:00-04:00
1990_upper,1990,2025-09-25,2025-09-25 10:30:00-04:00,2025-10-23 10:30:00-04:00,upper,24895.717462472956,2025-09-29 05:28:00-04:00
1990_lower,1990,2025-09-25,2025-09-25 10:30:00-04:00,2025-10-23 10:30:00-04:00,lower,24212.657537527044,2025-10-10 16:53:00-04:00
1991_upper,1991,2025-09-26,2025-09-26 10:30:00-04:00,2025-10-24 10:30:00-04:00,upper,24984.000597118462,2025-10-01 13:26:00-04:00
1991_lower,1991,2025-09-26,2025-09-26 10:30:00-04:00,2025-10-24 10:30:00-04:00,lower,24296.874402881538,2025-10-10 16:50:00-04:00
1992_upper,1992,2025-09-29,2025-09-29 10:30:00-04:00,2025-10-27 10:30:00-04:00,upper,25150.12594001621,2025-10-02 07:55:00-04:00
1992_lower,1992,2025-09-29,2025-09-29 10:30:00-04:00,2025-10-27 10:30:00-04:00,lower,24612.49905998379,2025-10-10 13:06:00-04:00
1993_upper,1993,2025-09-30,2025-09-30 10:30:00-04:00,2025-10-28 10:30:00-04:00,upper,25058.547694982582,2025-10-01 20:50:00-04:00
1993_lower,1993,2025-09-30,2025-09-30 10:30:00-04:00,2025-10-28 10:30:00-04:00,lower,24538.577305017418,2025-10-10 15:27:00-04:00
1994_upper,1994,2025-10-01,2025-10-01 10:30:00-04:00,2025-10-29 10:30:00-04:00,upper,25091.24029677349,2025-10-02 04:03:00-04:00
1994_lower,1994,2025-10-01,2025-10-01 10:30:00-04:00,2025-10-29 10:30:00-04:00,lower,24481.50970322651,2025-10-10 15:36:00-04:00
1995_upper,1995,2025-10-02,2025-10-02 10:30:00-04:00,2025-10-30 10:30:00-04:00,upper,25425.744700949235,2025-10-24 08:30:00-04:00
1995_lower,1995,2025-10-02,2025-10-02 10:30:00-04:00,2025-10-30 10:30:00-04:00,lower,24831.005299050765,2025-10-10 11:24:00-04:00
1996_upper,1996,2025-10-03,2025-10-03 10:30:00-04:00,2025-10-31 10:30:00-04:00,upper,25391.50666616943,2025-10-08 19:17:00-04:00
1996_lower,1996,2025-10-03,2025-10-03 10:30:00-04:00,2025-10-31 10:30:00-04:00,lower,24851.49333383057,2025-10-10 11:23:00-04:00
1997_upper,1997,2025-10-06,2025-10-06 10:30:00-04:00,2025-11-03 10:30:00-05:00,upper,25454.087730001516,2025-10-24 08:30:00-04:00
1997_lower,1997,2025-10-06,2025-10-06 10:30:00-04:00,2025-11-03 10:30:00-05:00,lower,24929.412269998484,2025-10-10 11:19:00-04:00
1998_upper,1998,2025-10-07,2025-10-07 10:30:00-04:00,2025-11-04 10:30:00-05:00,upper,25466.44714607301,2025-10-24 08:30:00-04:00
1998_lower,1998,2025-10-07,2025-10-07 10:30:00-04:00,2025-11-04 10:30:00-05:00,lower,25006.67785392699,2025-10-07 11:39:00-04:00
1999_upper,1999,2025-10-08,2025-10-08 10:30:00-04:00,2025-11-05 10:30:00-05:00,upper,25423.70632878086,2025-10-24 08:30:00-04:00
1999_lower,1999,2025-10-08,2025-10-08 10:30:00-04:00,2025-11-05 10:30:00-05:00,lower,24808.54367121914,2025-10-10 11:26:00-04:00
2000_upper,2000,2025-10-09,2025-10-09 10:30:00-04:00,2025-11-06 10:30:00-05:00,upper,25564.771579543893,2025-10-24 13:47:00-04:00
2000_lower,2000,2025-10-09,2025-10-09 10:30:00-04:00,2025-11-06 10:30:00-05:00,lower,25049.978420456107,2025-10-10 11:02:00-04:00
2001_upper,2001,2025-10-10,2025-10-10 10:30:00-04:00,2025-11-07 10:30:00-05:00,upper,25581.71979109697,2025-10-26 18:00:00-04:00
2001_lower,2001,2025-10-10,2025-10-10 10:30:00-04:00,2025-11-07 10:30:00-05:00,lower,25072.03020890303,2025-10-10 11:00:00-04:00
2002_upper,2002,2025-10-13,2025-10-13 10:30:00-04:00,2025-11-10 10:30:00-05:00,upper,25194.468641046944,2025-10-20 09:32:00-04:00
2002_lower,2002,2025-10-13,2025-10-13 10:30:00-04:00,2025-11-10 10:30:00-05:00,lower,24449.281358953056,2025-10-14 09:43:00-04:00
2003_upper,2003,2025-10-14,2025-10-14 10:30:00-04:00,2025-11-11 10:30:00-05:00,upper,25041.29858138374,2025-10-15 10:04:00-04:00
2003_lower,2003,2025-10-14,2025-10-14 10:30:00-04:00,2025-11-11 10:30:00-05:00,lower,24171.45141861626,
2004_upper,2004,2025-10-15,2025-10-15 10:30:00-04:00,2025-11-12 10:30:00-05:00,upper,25389.257691717656,2025-10-24 05:37:00-04:00
2004_lower,2004,2025-10-15,2025-10-15 10:30:00-04:00,2025-11-12 10:30:00-05:00,lower,24618.367308282344,2025-10-17 01:43:00-04:00
2005_upper,2005,2025-10-16,2025-10-16 10:30:00-04:00,2025-11-13 10:30:00-05:00,upper,25366.29683763213,2025-10-20 22:30:00-04:00
2005_lower,2005,2025-10-16,2025-10-16 10:30:00-04:00,2025-11-13 10:30:00-05:00,lower,24748.57816236787,2025-10-16 12:46:00-04:00
2006_upper,2006,2025-10-17,2025-10-17 10:30:00-04:00,2025-11-14 10:30:00-05:00,upper,25252.09866226461,2025-10-20 10:08:00-04:00
2006_lower,2006,2025-10-17,2025-10-17 10:30:00-04:00,2025-11-14 10:30:00-05:00,lower,24300.77633773539,
2007_upper,2007,2025-10-20,2025-10-20 10:30:00-04:00,2025-11-17 10:30:00-05:00,upper,25518.070219511428,2025-10-24 08:30:00-04:00
2007_lower,2007,2025-10-20,2025-10-20 10:30:00-04:00,2025-11-17 10:30:00-05:00,lower,24800.679780488572,2025-11-07 11:11:00-05:00
2008_upper,2008,2025-10-21,2025-10-21 10:30:00-04:00,2025-11-18 10:30:00-05:00,upper,25562.02233169166,2025-10-24 12:20:00-04:00
2008_lower,2008,2025-10-21,2025-10-21 10:30:00-04:00,2025-11-18 10:30:00-05:00,lower,24993.60266830834,2025-10-22 12:30:00-04:00
2009_upper,2009,2025-10-22,2025-10-22 10:30:00-04:00,2025-11-19 10:30:00-05:00,upper,25579.835764917516,2025-10-26 18:00:00-04:00
2009_lower,2009,2025-10-22,2025-10-22 10:30:00-04:00,2025-11-19 10:30:00-05:00,lower,24881.414235082484,2025-10-22 12:32:00-04:00
2010_upper,2010,2025-10-23,2025-10-23 10:30:00-04:00,2025-11-20 10:30:00-05:00,upper,25402.111880325712,2025-10-24 08:30:00-04:00
2010_lower,2010,2025-10-23,2025-10-23 10:30:00-04:00,2025-11-20 10:30:00-05:00,lower,24703.513119674288,2025-11-14 07:39:00-05:00
2011_upper,2011,2025-10-24,2025-10-24 10:30:00-04:00,2025-11-21 10:30:00-05:00,upper,25769.150397814352,2025-10-26 23:20:00-04:00
2011_lower,2011,2025-10-24,2025-10-24 10:30:00-04:00,2025-11-21 10:30:00-05:00,lower,25186.599602185648,2025-11-06 23:02:00-05:00
2012_upper,2012,2025-10-27,2025-10-27 10:30:00-04:00,2025-11-24 10:30:00-05:00,upper,26079.10496771575,2025-10-28 09:31:00-04:00
2012_lower,2012,2025-10-27,2025-10-27 10:30:00-04:00,2025-11-24 10:30:00-05:00,lower,25572.77003228425,2025-11-04 15:51:00-05:00
2013_upper,2013,2025-10-28,2025-10-28 10:30:00-04:00,2025-11-25 10:30:00-05:00,upper,26300.264687610725,2025-10-29 04:03:00-04:00
2013_lower,2013,2025-10-28,2025-10-28 10:30:00-04:00,2025-11-25 10:30:00-05:00,lower,25813.360312389275,2025-11-04 00:49:00-05:00
2014_upper,2014,2025-10-29,2025-10-29 10:30:00-04:00,2025-11-26 10:30:00-05:00,upper,26536.747361573172,
2014_lower,2014,2025-10-29,2025-10-29 10:30:00-04:00,2025-11-26 10:30:00-05:00,lower,26019.877638426828,2025-10-30 09:36:00-04:00
2015_upper,2015,2025-10-30,2025-10-30 10:30:00-04:00,2025-11-27 10:30:00-05:00,upper,26482.070106253224,
2015_lower,2015,2025-10-30,2025-10-30 10:30:00-04:00,2025-11-27 10:30:00-05:00,lower,25705.554893746776,2025-11-04 04:51:00-05:00
2016_upper,2016,2025-10-31,2025-10-31 10:30:00-04:00,2025-11-28 10:30:00-05:00,upper,26476.797576221983,
2016_lower,2016,2025-10-31,2025-10-31 10:30:00-04:00,2025-11-28 10:30:00-05:00,lower,25852.202423778017,2025-11-04 00:40:00-05:00
2017_upper,2017,2025-11-03,2025-11-03 10:30:00-05:00,2025-12-01 10:30:00-05:00,upper,26584.017528350705,
2017_lower,2017,2025-11-03,2025-11-03 10:30:00-05:00,2025-12-01 10:30:00-05:00,lower,25795.982471649295,2025-11-04 01:03:00-05:00
2018_upper,2018,2025-11-04,2025-11-04 10:30:00-05:00,2025-12-02 10:30:00-05:00,upper,26137.48267308677,
2018_lower,2018,2025-11-04,2025-11-04 10:30:00-05:00,2025-12-02 10:30:00-05:00,lower,25382.76732691323,2025-11-04 20:01:00-05:00
2019_upper,2019,2025-11-05,2025-11-05 10:30:00-05:00,2025-12-03 10:30:00-05:00,upper,25964.187147863864,
2019_lower,2019,2025-11-05,2025-11-05 10:30:00-05:00,2025-12-03 10:30:00-05:00,lower,25181.312852136136,2025-11-06 23:02:00-05:00
2020_upper,2020,2025-11-06,2025-11-06 10:30:00-05:00,2025-12-04 10:30:00-05:00,upper,26033.195038531885,
2020_lower,2020,2025-11-06,2025-11-06 10:30:00-05:00,2025-12-04 10:30:00-05:00,lower,25185.929961468115,2025-11-06 23:02:00-05:00
2021_upper,2021,2025-11-07,2025-11-07 10:30:00-05:00,2025-12-05 10:30:00-05:00,upper,25453.09916771965,2025-11-09 22:02:00-05:00
2021_lower,2021,2025-11-07,2025-11-07 10:30:00-05:00,2025-12-05 10:30:00-05:00,lower,24653.90083228035,2025-11-14 09:32:00-05:00
2022_upper,2022,2025-11-10,2025-11-10 10:30:00-05:00,2025-12-08 10:30:00-05:00,upper,25904.65036772129,
2022_lower,2022,2025-11-10,2025-11-10 10:30:00-05:00,2025-12-08 10:30:00-05:00,lower,25229.97463227871,2025-11-13 10:49:00-05:00
2023_upper,2023,2025-11-11,2025-11-11 10:30:00-05:00,2025-12-09 10:30:00-05:00,upper,25894.90770751897,
2023_lower,2023,2025-11-11,2025-11-11 10:30:00-05:00,2025-12-09 10:30:00-05:00,lower,25298.96729248103,2025-11-13 09:44:00-05:00
2024_upper,2024,2025-11-12,2025-11-12 10:30:00-05:00,2025-12-10 10:30:00-05:00,upper,26103.585320551945,
2024_lower,2024,2025-11-12,2025-11-12 10:30:00-05:00,2025-12-10 10:30:00-05:00,lower,25346.039679448055,2025-11-13 09:40:00-05:00
2025_upper,2025,2025-11-13,2025-11-13 10:30:00-05:00,2025-12-11 10:30:00-05:00,upper,25816.058498009275,2025-12-05 10:03:00-05:00
2025_lower,2025,2025-11-13,2025-11-13 10:30:00-05:00,2025-12-11 10:30:00-05:00,lower,25052.316501990725,2025-11-13 13:31:00-05:00
2026_upper,2026,2025-11-14,2025-11-14 10:30:00-05:00,2025-12-12 10:30:00-05:00,upper,25313.414958811893,2025-11-17 02:23:00-05:00
2026_lower,2026,2025-11-14,2025-11-14 10:30:00-05:00,2025-12-12 10:30:00-05:00,lower,24237.335041188107,2025-11-20 13:57:00-05:00
2027_upper,2027,2025-11-17,2025-11-17 10:30:00-05:00,2025-12-15 10:30:00-05:00,upper,25516.991700146747,2025-11-30 18:00:00-05:00
2027_lower,2027,2025-11-17,2025-11-17 10:30:00-05:00,2025-12-15 10:30:00-05:00,lower,24585.258299853253,2025-11-18 09:52:00-05:00
2028_upper,2028,2025-11-18,2025-11-18 10:30:00-05:00,2025-12-16 10:30:00-05:00,upper,25234.4251950072,2025-11-20 08:31:00-05:00
2028_lower,2028,2025-11-18,2025-11-18 10:30:00-05:00,2025-12-16 10:30:00-05:00,lower,24114.8248049928,2025-11-20 15:49:00-05:00
2029_upper,2029,2025-11-19,2025-11-19 10:30:00-05:00,2025-12-17 10:30:00-05:00,upper,25287.387854159508,2025-11-20 09:56:00-05:00
2029_lower,2029,2025-11-19,2025-11-19 10:30:00-05:00,2025-12-17 10:30:00-05:00,lower,24104.362145840492,2025-11-20 15:49:00-05:00
2030_upper,2030,2025-11-20,2025-11-20 10:30:00-05:00,2025-12-18 10:30:00-05:00,upper,25607.58457932311,2025-12-02 09:39:00-05:00
2030_lower,2030,2025-11-20,2025-11-20 10:30:00-05:00,2025-12-18 10:30:00-05:00,lower,24826.79042067689,2025-11-20 11:37:00-05:00
2031_upper,2031,2025-11-21,2025-11-21 10:30:00-05:00,2025-12-19 10:30:00-05:00,upper,24685.046496390183,2025-11-24 09:35:00-05:00
2031_lower,2031,2025-11-21,2025-11-21 10:30:00-05:00,2025-12-19 10:30:00-05:00,lower,23678.203503609817,
2032_upper,2032,2025-11-24,2025-11-24 10:30:00-05:00,2025-12-22 10:30:00-05:00,upper,25036.254395578842,2025-11-25 12:34:00-05:00
2032_lower,2032,2025-11-24,2025-11-24 10:30:00-05:00,2025-12-22 10:30:00-05:00,lower,24129.245604421158,
2033_upper,2033,2025-11-25,2025-11-25 10:30:00-05:00,2025-12-23 10:30:00-05:00,upper,25241.61892892361,2025-11-26 09:30:00-05:00
2033_lower,2033,2025-11-25,2025-11-25 10:30:00-05:00,2025-12-23 10:30:00-05:00,lower,24356.38107107639,
2034_upper,2034,2025-11-26,2025-11-26 10:30:00-05:00,2025-12-24 10:30:00-05:00,upper,25543.800853406457,2025-11-30 18:00:00-05:00
2034_lower,2034,2025-11-26,2025-11-26 10:30:00-05:00,2025-12-24 10:30:00-05:00,lower,24885.449146593543,
2035_upper,2035,2025-11-27,2025-11-27 10:30:00-05:00,2025-12-26 10:30:00-05:00,upper,25530.993644169746,2025-11-30 18:00:00-05:00
2035_lower,2035,2025-11-27,2025-11-27 10:30:00-05:00,2025-12-26 10:30:00-05:00,lower,25072.881355830254,2025-12-17 10:52:00-05:00
2036_upper,2036,2025-11-28,2025-11-28 10:30:00-05:00,2025-12-29 10:30:00-05:00,upper,25641.988813068652,2025-12-02 10:01:00-05:00
2036_lower,2036,2025-11-28,2025-11-28 10:30:00-05:00,2025-12-29 10:30:00-05:00,lower,25092.511186931348,2025-12-16 02:38:00-05:00
2037_upper,2037,2025-12-01,2025-12-01 10:30:00-05:00,2025-12-30 10:30:00-05:00,upper,25606.62300268882,2025-12-02 09:39:00-05:00
2037_lower,2037,2025-12-01,2025-12-01 10:30:00-05:00,2025-12-30 10:30:00-05:00,lower,24947.50199731118,2025-12-17 13:41:00-05:00
2038_upper,2038,2025-12-02,2025-12-02 10:30:00-05:00,2025-12-31 10:30:00-05:00,upper,25871.162395945892,2025-12-24 11:37:00-05:00
2038_lower,2038,2025-12-02,2025-12-02 10:30:00-05:00,2025-12-31 10:30:00-05:00,lower,25184.587604054108,2025-12-12 11:04:00-05:00
2039_upper,2039,2025-12-03,2025-12-03 10:30:00-05:00,2026-01-02 10:30:00-05:00,upper,25804.97962875158,2025-12-05 10:00:00-05:00
2039_lower,2039,2025-12-03,2025-12-03 10:30:00-05:00,2026-01-02 10:30:00-05:00,lower,25192.52037124842,2025-12-12 11:04:00-05:00
2040_upper,2040,2025-12-04,2025-12-04 10:30:00-05:00,2026-01-05 10:30:00-05:00,upper,26002.043012018297,
2040_lower,2040,2025-12-04,2025-12-04 10:30:00-05:00,2026-01-05 10:30:00-05:00,lower,25326.706987981703,2025-12-12 10:28:00-05:00
2041_upper,2041,2025-12-05,2025-12-05 10:30:00-05:00,2026-01-06 10:30:00-05:00,upper,26059.632002893624,
2041_lower,2041,2025-12-05,2025-12-05 10:30:00-05:00,2026-01-06 10:30:00-05:00,lower,25391.117997106376,2025-12-10 22:09:00-05:00
2042_upper,2042,2025-12-08,2025-12-08 10:30:00-05:00,2026-01-07 10:30:00-05:00,upper,26111.226428743386,
2042_lower,2042,2025-12-08,2025-12-08 10:30:00-05:00,2026-01-07 10:30:00-05:00,lower,25438.648571256614,2025-12-10 22:07:00-05:00
2043_upper,2043,2025-12-09,2025-12-09 10:30:00-05:00,2026-01-08 10:30:00-05:00,upper,25892.79147830685,2025-12-25 18:00:00-05:00
2043_lower,2043,2025-12-09,2025-12-09 10:30:00-05:00,2026-01-08 10:30:00-05:00,lower,25340.70852169315,2025-12-12 10:28:00-05:00
2044_upper,2044,2025-12-10,2025-12-10 10:30:00-05:00,2026-01-09 10:30:00-05:00,upper,25906.252331580763,2025-12-25 19:13:00-05:00
2044_lower,2044,2025-12-10,2025-12-10 10:30:00-05:00,2026-01-09 10:30:00-05:00,lower,25360.622668419237,2025-12-12 10:26:00-05:00
2045_upper,2045,2025-12-11,2025-12-11 10:30:00-05:00,2026-01-12 10:30:00-05:00,upper,25959.716844233037,2026-01-07 11:46:00-05:00
2045_lower,2045,2025-12-11,2025-12-11 10:30:00-05:00,2026-01-12 10:30:00-05:00,lower,25204.033155766963,2025-12-12 11:04:00-05:00
2046_upper,2046,2025-12-12,2025-12-12 10:30:00-05:00,2026-01-13 10:30:00-05:00,upper,25921.416602568104,2025-12-26 08:40:00-05:00
2046_lower,2046,2025-12-12,2025-12-12 10:30:00-05:00,2026-01-13 10:30:00-05:00,lower,25096.208397431896,2025-12-16 02:37:00-05:00
2047_upper,2047,2025-12-15,2025-12-15 10:30:00-05:00,2026-01-14 10:30:00-05:00,upper,26051.121974030222,
2047_lower,2047,2025-12-15,2025-12-15 10:30:00-05:00,2026-01-14 10:30:00-05:00,lower,25092.503025969778,2025-12-16 02:38:00-05:00
2048_upper,2048,2025-12-16,2025-12-16 10:30:00-05:00,2026-01-15 10:30:00-05:00,upper,25625.611573575086,2025-12-21 18:00:00-05:00
2048_lower,2048,2025-12-16,2025-12-16 10:30:00-05:00,2026-01-15 10:30:00-05:00,lower,24900.263426424914,2025-12-17 15:55:00-05:00
2049_upper,2049,2025-12-17,2025-12-17 10:30:00-05:00,2026-01-16 10:30:00-05:00,upper,25722.585118518815,2025-12-22 04:40:00-05:00
2049_lower,2049,2025-12-17,2025-12-17 10:30:00-05:00,2026-01-16 10:30:00-05:00,lower,25046.539881481185,2025-12-17 10:58:00-05:00
2050_upper,2050,2025-12-18,2025-12-18 10:30:00-05:00,2026-01-19 10:30:00-05:00,upper,25597.517031847376,2025-12-19 10:00:00-05:00
2050_lower,2050,2025-12-18,2025-12-18 10:30:00-05:00,2026-01-19 10:30:00-05:00,lower,24930.732968152624,
2051_upper,2051,2025-12-19,2025-12-19 10:30:00-05:00,2026-01-20 10:30:00-05:00,upper,25793.515304493496,2025-12-22 09:31:00-05:00
2051_lower,2051,2025-12-19,2025-12-19 10:30:00-05:00,2026-01-20 10:30:00-05:00,lower,25046.359695506504,
2052_upper,2052,2025-12-22,2025-12-22 10:30:00-05:00,2026-01-21 10:30:00-05:00,upper,26021.232009355885,2026-01-13 08:31:00-05:00
2052_lower,2052,2025-12-22,2025-12-22 10:30:00-05:00,2026-01-21 10:30:00-05:00,lower,25493.017990644115,2025-12-31 15:10:00-05:00
2053_upper,2053,2025-12-23,2025-12-23 10:30:00-05:00,2026-01-22 10:30:00-05:00,upper,25923.7220721326,2025-12-26 09:36:00-05:00
2053_lower,2053,2025-12-23,2025-12-23 10:30:00-05:00,2026-01-22 10:30:00-05:00,lower,25410.2779278674,2026-01-02 10:57:00-05:00
2054_upper,2054,2025-12-24,2025-12-24 10:30:00-05:00,2026-01-23 10:30:00-05:00,upper,26007.92228455242,2026-01-12 14:31:00-05:00
2054_lower,2054,2025-12-24,2025-12-24 10:30:00-05:00,2026-01-23 10:30:00-05:00,lower,25599.45271544758,2025-12-30 20:00:00-05:00
2055_upper,2055,2025-12-26,2025-12-26 10:30:00-05:00,2026-01-26 10:30:00-05:00,upper,26127.259499912034,
2055_lower,2055,2025-12-26,2025-12-26 10:30:00-05:00,2026-01-26 10:30:00-05:00,lower,25656.490500087966,2025-12-29 12:28:00-05:00
2056_upper,2056,2025-12-29,2025-12-29 10:30:00-05:00,2026-01-27 10:30:00-05:00,upper,26001.654387551145,2026-01-12 14:27:00-05:00
2056_lower,2056,2025-12-29,2025-12-29 10:30:00-05:00,2026-01-27 10:30:00-05:00,lower,25445.470612448855,2025-12-31 15:59:00-05:00
2057_upper,2057,2025-12-30,2025-12-30 10:30:00-05:00,2026-01-28 10:30:00-05:00,upper,25954.275316814244,2026-01-07 11:46:00-05:00
2057_lower,2057,2025-12-30,2025-12-30 10:30:00-05:00,2026-01-28 10:30:00-05:00,lower,25462.974683185756,2025-12-31 15:58:00-05:00
2058_upper,2058,2025-12-31,2025-12-31 10:30:00-05:00,2026-01-29 10:30:00-05:00,upper,25923.210597561138,2026-01-07 11:03:00-05:00
2058_lower,2058,2025-12-31,2025-12-31 10:30:00-05:00,2026-01-29 10:30:00-05:00,lower,25385.539402438862,2026-01-02 10:58:00-05:00
2059_upper,2059,2026-01-02,2026-01-02 10:30:00-05:00,2026-01-30 10:30:00-05:00,upper,26100.691252994493,2026-01-27 11:16:00-05:00
2059_lower,2059,2026-01-02,2026-01-02 10:30:00-05:00,2026-01-30 10:30:00-05:00,lower,25216.808747005507,2026-01-20 03:31:00-05:00
2060_upper,2060,2026-01-05,2026-01-05 10:30:00-05:00,2026-02-02 10:30:00-05:00,upper,25919.391761961455,2026-01-07 11:00:00-05:00
2060_lower,2060,2026-01-05,2026-01-05 10:30:00-05:00,2026-02-02 10:30:00-05:00,lower,25334.233238038545,2026-01-19 02:40:00-05:00
2061_upper,2061,2026-01-06,2026-01-06 10:30:00-05:00,2026-02-03 10:30:00-05:00,upper,25979.215460199313,2026-01-07 12:05:00-05:00
2061_lower,2061,2026-01-06,2026-01-06 10:30:00-05:00,2026-02-03 10:30:00-05:00,lower,25350.284539800687,2026-01-19 02:10:00-05:00
2062_upper,2062,2026-01-07,2026-01-07 10:30:00-05:00,2026-02-04 10:30:00-05:00,upper,26072.435622228648,2026-01-27 10:10:00-05:00
2062_lower,2062,2026-01-07,2026-01-07 10:30:00-05:00,2026-02-04 10:30:00-05:00,lower,25543.814377771352,2026-01-14 10:00:00-05:00
2063_upper,2063,2026-01-08,2026-01-08 10:30:00-05:00,2026-02-05 10:30:00-05:00,upper,26099.354183108182,2026-01-27 11:12:00-05:00
2063_lower,2063,2026-01-08,2026-01-08 10:30:00-05:00,2026-02-05 10:30:00-05:00,lower,25373.145816891818,2026-01-18 22:24:00-05:00
2064_upper,2064,2026-01-09,2026-01-09 10:30:00-05:00,2026-02-06 10:30:00-05:00,upper,26099.497304417222,2026-01-27 11:12:00-05:00
2064_lower,2064,2026-01-09,2026-01-09 10:30:00-05:00,2026-02-06 10:30:00-05:00,lower,25353.252695582778,2026-01-19 02:10:00-05:00
2065_upper,2065,2026-01-12,2026-01-12 10:30:00-05:00,2026-02-09 10:30:00-05:00,upper,26112.3292222113,2026-01-27 15:17:00-05:00
2065_lower,2065,2026-01-12,2026-01-12 10:30:00-05:00,2026-02-09 10:30:00-05:00,lower,25472.4207777887,2026-01-14 10:51:00-05:00
2066_upper,2066,2026-01-13,2026-01-13 10:30:00-05:00,2026-02-10 10:30:00-05:00,upper,26295.788974327792,2026-01-28 01:00:00-05:00
2066_lower,2066,2026-01-13,2026-01-13 10:30:00-05:00,2026-02-10 10:30:00-05:00,lower,25582.086025672208,2026-01-14 09:59:00-05:00
2067_upper,2067,2026-01-14,2026-01-14 10:30:00-05:00,2026-02-11 10:30:00-05:00,upper,26082.313176054766,2026-01-27 10:36:00-05:00
2067_lower,2067,2026-01-14,2026-01-14 10:30:00-05:00,2026-02-11 10:30:00-05:00,lower,25317.811823945234,2026-01-19 04:25:00-05:00
2068_upper,2068,2026-01-15,2026-01-15 10:30:00-05:00,2026-02-12 10:30:00-05:00,upper,26192.561843286232,2026-01-27 19:35:00-05:00
2068_lower,2068,2026-01-15,2026-01-15 10:30:00-05:00,2026-02-12 10:30:00-05:00,lower,25629.313156713768,2026-01-16 10:36:00-05:00
2069_upper,2069,2026-01-16,2026-01-16 10:30:00-05:00,2026-02-13 10:30:00-05:00,upper,26186.22827522189,2026-01-27 19:35:00-05:00
2069_lower,2069,2026-01-16,2026-01-16 10:30:00-05:00,2026-02-13 10:30:00-05:00,lower,25456.02172477811,2026-01-18 18:00:00-05:00
2070_upper,2070,2026-01-19,2026-01-19 10:30:00-05:00,2026-02-16 10:30:00-05:00,upper,25557.662556838764,2026-01-21 14:43:00-05:00
2070_lower,2070,2026-01-19,2026-01-19 10:30:00-05:00,2026-02-16 10:30:00-05:00,lower,25023.837443161236,2026-02-04 11:40:00-05:00
2071_upper,2071,2026-01-20,2026-01-20 10:30:00-05:00,2026-02-17 10:30:00-05:00,upper,25559.281108972842,2026-01-21 14:43:00-05:00
2071_lower,2071,2026-01-20,2026-01-20 10:30:00-05:00,2026-02-17 10:30:00-05:00,lower,24985.343891027158,2026-02-04 11:43:00-05:00
2072_upper,2072,2026-01-21,2026-01-21 10:30:00-05:00,2026-02-18 10:30:00-05:00,upper,25651.66379762444,2026-01-21 15:00:00-05:00
2072_lower,2072,2026-01-21,2026-01-21 10:30:00-05:00,2026-02-18 10:30:00-05:00,lower,24804.71120237556,2026-02-04 12:40:00-05:00
2073_upper,2073,2026-01-22,2026-01-22 10:30:00-05:00,2026-02-19 10:30:00-05:00,upper,26026.77634869439,2026-01-27 01:06:00-05:00
2073_lower,2073,2026-01-22,2026-01-22 10:30:00-05:00,2026-02-19 10:30:00-05:00,lower,25336.47365130561,2026-02-01 22:14:00-05:00
2074_upper,2074,2026-01-23,2026-01-23 10:30:00-05:00,2026-02-20 10:30:00-05:00,upper,25972.950621766613,2026-01-26 21:57:00-05:00
2074_lower,2074,2026-01-23,2026-01-23 10:30:00-05:00,2026-02-20 10:30:00-05:00,lower,25298.049378233387,2026-02-01 22:40:00-05:00
2075_upper,2075,2026-01-26,2026-01-26 10:30:00-05:00,2026-02-23 10:30:00-05:00,upper,26099.630280362107,2026-01-27 11:12:00-05:00
2075_lower,2075,2026-01-26,2026-01-26 10:30:00-05:00,2026-02-23 10:30:00-05:00,lower,25444.744719637893,2026-02-01 18:02:00-05:00
2076_upper,2076,2026-01-27,2026-01-27 10:30:00-05:00,2026-02-24 10:30:00-05:00,upper,26300.743719245176,2026-01-28 01:04:00-05:00
2076_lower,2076,2026-01-27,2026-01-27 10:30:00-05:00,2026-02-24 10:30:00-05:00,lower,25678.006280754824,2026-01-29 10:36:00-05:00
2077_upper,2077,2026-01-28,2026-01-28 10:30:00-05:00,2026-02-25 10:30:00-05:00,upper,26521.403771628582,
2077_lower,2077,2026-01-28,2026-01-28 10:30:00-05:00,2026-02-25 10:30:00-05:00,lower,25984.096228371418,2026-01-29 09:42:00-05:00
2078_upper,2078,2026-01-29,2026-01-29 10:30:00-05:00,2026-02-26 10:30:00-05:00,upper,26577.463944982068,
2078_lower,2078,2026-01-29,2026-01-29 10:30:00-05:00,2026-02-26 10:30:00-05:00,lower,25501.661055017932,2026-02-01 18:00:00-05:00
2079_upper,2079,2026-01-30,2026-01-30 10:30:00-05:00,2026-02-27 10:30:00-05:00,upper,26174.072246104777,
2079_lower,2079,2026-01-30,2026-01-30 10:30:00-05:00,2026-02-27 10:30:00-05:00,lower,25515.552753895223,2026-02-01 18:00:00-05:00
2080_upper,2080,2026-02-02,2026-02-02 10:30:00-05:00,2026-03-02 10:30:00-05:00,upper,26124.345450506997,
2080_lower,2080,2026-02-02,2026-02-02 10:30:00-05:00,2026-03-02 10:30:00-05:00,lower,25144.154549493003,2026-02-04 10:01:00-05:00
2081_upper,2081,2026-02-03,2026-02-03 10:30:00-05:00,2026-03-03 10:30:00-05:00,upper,26385.526299170284,
2081_lower,2081,2026-02-03,2026-02-03 10:30:00-05:00,2026-03-03 10:30:00-05:00,lower,25260.473700829716,2026-02-03 13:59:00-05:00
2082_upper,2082,2026-02-04,2026-02-04 10:30:00-05:00,2026-03-04 10:30:00-05:00,upper,25747.373405217517,
2082_lower,2082,2026-02-04,2026-02-04 10:30:00-05:00,2026-03-04 10:30:00-05:00,lower,24887.126594782483,2026-02-04 12:27:00-05:00
2083_upper,2083,2026-02-05,2026-02-05 10:30:00-05:00,2026-03-05 10:30:00-05:00,upper,25308.784126629384,2026-02-08 19:02:00-05:00
2083_lower,2083,2026-02-05,2026-02-05 10:30:00-05:00,2026-03-05 10:30:00-05:00,lower,24216.840873370616,
2084_upper,2084,2026-02-06,2026-02-06 10:30:00-05:00,2026-03-06 10:30:00-05:00,upper,25282.684612141544,2026-02-08 18:46:00-05:00
2084_lower,2084,2026-02-06,2026-02-06 10:30:00-05:00,2026-03-06 10:30:00-05:00,lower,24320.190387858456,
2085_upper,2085,2026-02-09,2026-02-09 10:30:00-05:00,2026-03-09 10:30:00-04:00,upper,25529.108142834833,
2085_lower,2085,2026-02-09,2026-02-09 10:30:00-05:00,2026-03-09 10:30:00-04:00,lower,24633.391857165167,2026-02-13 06:30:00-05:00
2086_upper,2086,2026-02-10,2026-02-10 10:30:00-05:00,2026-03-10 10:30:00-04:00,upper,25725.865573494593,
2086_lower,2086,2026-02-10,2026-02-10 10:30:00-05:00,2026-03-10 10:30:00-04:00,lower,25002.134426505407,2026-02-12 11:00:00-05:00
2087_upper,2087,2026-02-11,2026-02-11 10:30:00-05:00,2026-03-11 10:30:00-04:00,upper,25864.403139166483,
2087_lower,2087,2026-02-11,2026-02-11 10:30:00-05:00,2026-03-11 10:30:00-04:00,lower,24815.846860833517,2026-02-12 11:29:00-05:00
2088_upper,2088,2026-02-12,2026-02-12 10:30:00-05:00,2026-03-12 10:30:00-04:00,upper,25697.11498340746,
2088_lower,2088,2026-02-12,2026-02-12 10:30:00-05:00,2026-03-12 10:30:00-04:00,lower,24930.26001659254,2026-02-12 11:13:00-05:00
2089_upper,2089,2026-02-13,2026-02-13 10:30:00-05:00,2026-03-13 10:30:00-04:00,upper,25224.132890528406,2026-02-25 09:31:00-05:00
2089_lower,2089,2026-02-13,2026-02-13 10:30:00-05:00,2026-03-13 10:30:00-04:00,lower,24256.242109471594,2026-03-08 18:02:00-04:00
2090_upper,2090,2026-02-16,2026-02-16 10:30:00-05:00,2026-03-16 10:30:00-04:00,upper,25073.84211892498,2026-02-18 10:17:00-05:00
2090_lower,2090,2026-02-16,2026-02-16 10:30:00-05:00,2026-03-16 10:30:00-04:00,lower,24434.03288107502,2026-03-03 05:08:00-05:00
2091_upper,2091,2026-02-17,2026-02-17 10:30:00-05:00,2026-03-17 10:30:00-04:00,upper,25154.51755998832,2026-02-25 08:55:00-05:00
2091_lower,2091,2026-02-17,2026-02-17 10:30:00-05:00,2026-03-17 10:30:00-04:00,lower,24143.73244001168,2026-03-08 20:23:00-04:00
2092_upper,2092,2026-02-18,2026-02-18 10:30:00-05:00,2026-03-18 10:30:00-04:00,upper,25340.76802389252,2026-02-25 09:51:00-05:00
2092_lower,2092,2026-02-18,2026-02-18 10:30:00-05:00,2026-03-18 10:30:00-04:00,lower,24381.73197610748,2026-03-03 06:20:00-05:00
2093_upper,2093,2026-02-19,2026-02-19 10:30:00-05:00,2026-03-19 10:30:00-04:00,upper,25220.168147069966,2026-02-25 09:31:00-05:00
2093_lower,2093,2026-02-19,2026-02-19 10:30:00-05:00,2026-03-19 10:30:00-04:00,lower,24473.331852930034,2026-03-03 04:46:00-05:00
2094_upper,2094,2026-02-20,2026-02-20 10:30:00-05:00,2026-03-20 10:30:00-04:00,upper,25335.12052777034,2026-02-25 09:51:00-05:00
2094_lower,2094,2026-02-20,2026-02-20 10:30:00-05:00,2026-03-20 10:30:00-04:00,lower,24260.87947222966,2026-03-08 18:02:00-04:00
2095_upper,2095,2026-02-23,2026-02-23 10:30:00-05:00,2026-03-23 10:30:00-04:00,upper,25332.810387186175,2026-02-25 09:51:00-05:00
2095_lower,2095,2026-02-23,2026-02-23 10:30:00-05:00,2026-03-23 10:30:00-04:00,lower,24588.439612813825,2026-03-02 01:48:00-05:00
2096_upper,2096,2026-02-24,2026-02-24 10:30:00-05:00,2026-03-24 10:30:00-04:00,upper,25317.93310463668,2026-02-25 09:47:00-05:00
2096_lower,2096,2026-02-24,2026-02-24 10:30:00-05:00,2026-03-24 10:30:00-04:00,lower,24344.81689536332,2026-03-08 18:00:00-04:00
2097_upper,2097,2026-02-25,2026-02-25 10:30:00-05:00,2026-03-25 10:30:00-04:00,upper,25593.61486498424,
2097_lower,2097,2026-02-25,2026-02-25 10:30:00-05:00,2026-03-25 10:30:00-04:00,lower,24825.88513501576,2026-02-27 08:30:00-05:00
2098_upper,2098,2026-02-26,2026-02-26 10:30:00-05:00,2026-03-26 10:30:00-04:00,upper,25783.6332740624,
2098_lower,2098,2026-02-26,2026-02-26 10:30:00-05:00,2026-03-26 10:30:00-04:00,lower,24671.8667259376,2026-03-01 18:00:00-05:00
2099_upper,2099,2026-02-27,2026-02-27 10:30:00-05:00,2026-03-27 10:30:00-04:00,upper,25229.04674451065,2026-03-04 19:15:00-05:00
2099_lower,2099,2026-02-27,2026-02-27 10:30:00-05:00,2026-03-27 10:30:00-04:00,lower,24475.95325548935,2026-03-03 04:46:00-05:00
2100_upper,2100,2026-03-02,2026-03-02 10:30:00-05:00,2026-03-30 10:30:00-04:00,upper,25189.664127940014,2026-03-04 13:30:00-05:00
2100_lower,2100,2026-03-02,2026-03-02 10:30:00-05:00,2026-03-30 10:30:00-04:00,lower,24231.210872059986,2026-03-08 18:09:00-04:00
2101_upper,2101,2026-03-03,2026-03-03 10:30:00-05:00,2026-03-31 10:30:00-04:00,upper,24982.357602534,2026-03-04 10:01:00-05:00
2101_lower,2101,2026-03-03,2026-03-03 10:30:00-05:00,2026-03-31 10:30:00-04:00,lower,24059.267397466,2026-03-08 21:31:00-04:00
2102_upper,2102,2026-03-04,2026-03-04 10:30:00-05:00,2026-04-01 10:30:00-04:00,upper,25415.689364972462,
2102_lower,2102,2026-03-04,2026-03-04 10:30:00-05:00,2026-04-01 10:30:00-04:00,lower,24425.060635027538,2026-03-08 18:00:00-04:00
2103_upper,2103,2026-03-05,2026-03-05 10:30:00-05:00,2026-04-02 10:30:00-04:00,upper,25459.921113862685,
2103_lower,2103,2026-03-05,2026-03-05 10:30:00-05:00,2026-04-02 10:30:00-04:00,lower,24605.328886137315,2026-03-06 15:37:00-05:00
2104_upper,2104,2026-03-06,2026-03-06 10:30:00-05:00,2026-04-06 10:30:00-04:00,upper,25119.94149499076,2026-03-10 04:08:00-04:00
2104_lower,2104,2026-03-06,2026-03-06 10:30:00-05:00,2026-04-06 10:30:00-04:00,lower,24292.05850500924,2026-03-08 18:02:00-04:00
2105_upper,2105,2026-03-09,2026-03-09 10:30:00-04:00,2026-04-07 10:30:00-04:00,upper,24871.55561687077,2026-03-09 15:21:00-04:00
2105_lower,2105,2026-03-09,2026-03-09 10:30:00-04:00,2026-04-07 10:30:00-04:00,lower,23979.81938312923,2026-03-20 15:38:00-04:00
2106_upper,2106,2026-03-10,2026-03-10 10:30:00-04:00,2026-04-08 10:30:00-04:00,upper,25387.824707248823,
2106_lower,2106,2026-03-10,2026-03-10 10:30:00-04:00,2026-04-08 10:30:00-04:00,lower,24590.175292751177,2026-03-12 10:37:00-04:00
2107_upper,2107,2026-03-11,2026-03-11 10:30:00-04:00,2026-04-09 10:30:00-04:00,upper,25461.628317641706,
2107_lower,2107,2026-03-11,2026-03-11 10:30:00-04:00,2026-04-09 10:30:00-04:00,lower,24652.496682358294,2026-03-12 09:55:00-04:00
2108_upper,2108,2026-03-12,2026-03-12 10:30:00-04:00,2026-04-10 10:30:00-04:00,upper,25161.616617122825,2026-03-18 01:27:00-04:00
2108_lower,2108,2026-03-12,2026-03-12 10:30:00-04:00,2026-04-10 10:30:00-04:00,lower,24338.008382877175,2026-03-13 16:59:00-04:00
2109_upper,2109,2026-03-13,2026-03-13 10:30:00-04:00,2026-04-13 10:30:00-04:00,upper,25096.19805301506,2026-03-17 09:46:00-04:00
2109_lower,2109,2026-03-13,2026-03-13 10:30:00-04:00,2026-04-13 10:30:00-04:00,lower,24257.42694698494,2026-03-20 10:12:00-04:00
2110_upper,2110,2026-03-16,2026-03-16 10:30:00-04:00,2026-04-14 10:30:00-04:00,upper,25273.09253845201,2026-04-09 20:59:00-04:00
2110_lower,2110,2026-03-16,2026-03-16 10:30:00-04:00,2026-04-14 10:30:00-04:00,lower,24504.40746154799,2026-03-19 05:25:00-04:00
2111_upper,2111,2026-03-17,2026-03-17 10:30:00-04:00,2026-04-15 10:30:00-04:00,upper,25378.695918099,2026-04-10 08:29:00-04:00
2111_lower,2111,2026-03-17,2026-03-17 10:30:00-04:00,2026-04-15 10:30:00-04:00,lower,24662.554081901,2026-03-18 15:57:00-04:00
2112_upper,2112,2026-03-18,2026-03-18 10:30:00-04:00,2026-04-16 10:30:00-04:00,upper,25282.7774404608,2026-04-09 21:30:00-04:00
2112_lower,2112,2026-03-18,2026-03-18 10:30:00-04:00,2026-04-16 10:30:00-04:00,lower,24550.4725595392,2026-03-19 03:57:00-04:00
2113_upper,2113,2026-03-19,2026-03-19 10:30:00-04:00,2026-04-17 10:30:00-04:00,upper,24848.353175562155,2026-04-07 18:51:00-04:00
2113_lower,2113,2026-03-19,2026-03-19 10:30:00-04:00,2026-04-17 10:30:00-04:00,lower,24016.646824437845,2026-03-20 15:35:00-04:00
2114_upper,2114,2026-03-20,2026-03-20 10:30:00-04:00,2026-04-20 10:30:00-04:00,upper,24858.216510459355,2026-04-07 18:53:00-04:00
2114_lower,2114,2026-03-20,2026-03-20 10:30:00-04:00,2026-04-20 10:30:00-04:00,lower,23994.908489540645,2026-03-20 15:37:00-04:00
2115_upper,2115,2026-03-23,2026-03-23 10:30:00-04:00,2026-04-21 10:30:00-04:00,upper,24984.459681516815,2026-04-07 19:04:00-04:00
2115_lower,2115,2026-03-23,2026-03-23 10:30:00-04:00,2026-04-21 10:30:00-04:00,lower,24069.165318483185,2026-03-26 08:35:00-04:00
2116_upper,2116,2026-03-24,2026-03-24 10:30:00-04:00,2026-04-22 10:30:00-04:00,upper,24629.061985263263,2026-04-07 18:00:00-04:00
2116_lower,2116,2026-03-24,2026-03-24 10:30:00-04:00,2026-04-22 10:30:00-04:00,lower,23850.938014736737,2026-03-26 14:28:00-04:00
2117_upper,2117,2026-03-25,2026-03-25 10:30:00-04:00,2026-04-23 10:30:00-04:00,upper,24838.316542045748,2026-04-07 18:39:00-04:00
2117_lower,2117,2026-03-25,2026-03-25 10:30:00-04:00,2026-04-23 10:30:00-04:00,lower,24019.183457954252,2026-03-26 12:17:00-04:00
2118_upper,2118,2026-03-26,2026-03-26 10:30:00-04:00,2026-04-24 10:30:00-04:00,upper,24535.843901503464,2026-04-07 18:00:00-04:00
2118_lower,2118,2026-03-26,2026-03-26 10:30:00-04:00,2026-04-24 10:30:00-04:00,lower,23773.656098496536,2026-03-26 16:02:00-04:00
2119_upper,2119,2026-03-27,2026-03-27 10:30:00-04:00,2026-04-27 10:30:00-04:00,upper,24027.08869351358,2026-03-31 19:58:00-04:00
2119_lower,2119,2026-03-27,2026-03-27 10:30:00-04:00,2026-04-27 10:30:00-04:00,lower,23185.91130648642,2026-03-29 18:00:00-04:00
2120_upper,2120,2026-03-30,2026-03-30 10:30:00-04:00,2026-04-28 10:30:00-04:00,upper,23940.93619712474,2026-03-31 15:48:00-04:00
2120_lower,2120,2026-03-30,2026-03-30 10:30:00-04:00,2026-04-28 10:30:00-04:00,lower,22983.31380287526,2026-03-30 20:17:00-04:00
2121_upper,2121,2026-03-31,2026-03-31 10:30:00-04:00,2026-04-29 10:30:00-04:00,upper,23872.681525555017,2026-03-31 13:19:00-04:00
2121_lower,2121,2026-03-31,2026-03-31 10:30:00-04:00,2026-04-29 10:30:00-04:00,lower,22988.818474444983,
2122_upper,2122,2026-04-01,2026-04-01 10:30:00-04:00,2026-04-30 10:30:00-04:00,upper,24485.06856019261,2026-04-07 18:00:00-04:00
2122_lower,2122,2026-04-01,2026-04-01 10:30:00-04:00,2026-04-30 10:30:00-04:00,lower,23729.68143980739,2026-04-02 07:28:00-04:00
2123_upper,2123,2026-04-02,2026-04-02 10:30:00-04:00,2026-05-01 10:30:00-04:00,upper,24289.10131924296,2026-04-05 22:19:00-04:00
2123_lower,2123,2026-04-02,2026-04-02 10:30:00-04:00,2026-05-01 10:30:00-04:00,lower,23315.52368075704,
2124_upper,2124,2026-04-06,2026-04-06 10:30:00-04:00,2026-05-04 10:30:00-04:00,upper,24704.57784382122,2026-04-07 18:32:00-04:00
2124_lower,2124,2026-04-06,2026-04-06 10:30:00-04:00,2026-05-04 10:30:00-04:00,lower,23909.67215617878,
2125_upper,2125,2026-04-07,2026-04-07 10:30:00-04:00,2026-05-05 10:30:00-04:00,upper,24678.43702209225,2026-04-07 18:32:00-04:00
2125_lower,2125,2026-04-07,2026-04-07 10:30:00-04:00,2026-05-05 10:30:00-04:00,lower,23716.06297790775,
2126_upper,2126,2026-04-08,2026-04-08 10:30:00-04:00,2026-05-06 10:30:00-04:00,upper,25595.814568048445,2026-04-13 16:59:00-04:00
2126_lower,2126,2026-04-08,2026-04-08 10:30:00-04:00,2026-05-06 10:30:00-04:00,lower,24748.560431951555,
2127_upper,2127,2026-04-09,2026-04-09 10:30:00-04:00,2026-05-07 10:30:00-04:00,upper,25403.61281873571,2026-04-13 12:33:00-04:00
2127_lower,2127,2026-04-09,2026-04-09 10:30:00-04:00,2026-05-07 10:30:00-04:00,lower,24715.01218126429,
2128_upper,2128,2026-04-10,2026-04-10 10:30:00-04:00,2026-05-08 10:30:00-04:00,upper,25611.34815671422,2026-04-13 19:07:00-04:00
2128_lower,2128,2026-04-10,2026-04-10 10:30:00-04:00,2026-05-08 10:30:00-04:00,lower,25022.52684328578,2026-04-12 18:00:00-04:00
2129_upper,2129,2026-04-13,2026-04-13 10:30:00-04:00,2026-05-11 10:30:00-04:00,upper,25574.35717378144,2026-04-13 16:36:00-04:00
2129_lower,2129,2026-04-13,2026-04-13 10:30:00-04:00,2026-05-11 10:30:00-04:00,lower,24887.89282621856,
2130_upper,2130,2026-04-14,2026-04-14 10:30:00-04:00,2026-05-12 10:30:00-04:00,upper,26016.020610526048,2026-04-14 19:34:00-04:00
2130_lower,2130,2026-04-14,2026-04-14 10:30:00-04:00,2026-05-12 10:30:00-04:00,lower,25371.979389473952,
2131_upper,2131,2026-04-15,2026-04-15 10:30:00-04:00,2026-05-13 10:30:00-04:00,upper,26366.73321562178,2026-04-15 15:50:00-04:00
2131_lower,2131,2026-04-15,2026-04-15 10:30:00-04:00,2026-05-13 10:30:00-04:00,lower,25717.14178437822,
2132_upper,2132,2026-04-16,2026-04-16 10:30:00-04:00,2026-05-14 10:30:00-04:00,upper,26750.85865637195,2026-04-17 09:07:00-04:00
2132_lower,2132,2026-04-16,2026-04-16 10:30:00-04:00,2026-05-14 10:30:00-04:00,lower,26052.51634362805,
2133_upper,2133,2026-04-17,2026-04-17 10:30:00-04:00,2026-05-15 10:30:00-04:00,upper,27024.84370561633,2026-04-22 13:10:00-04:00
2133_lower,2133,2026-04-17,2026-04-17 10:30:00-04:00,2026-05-15 10:30:00-04:00,lower,26370.40629438367,
2134_upper,2134,2026-04-20,2026-04-20 10:30:00-04:00,2026-05-18 10:30:00-04:00,upper,27079.941305396387,2026-04-22 15:50:00-04:00
2134_lower,2134,2026-04-20,2026-04-20 10:30:00-04:00,2026-05-18 10:30:00-04:00,lower,26488.308694603613,
2135_upper,2135,2026-04-21,2026-04-21 10:30:00-04:00,2026-05-19 10:30:00-04:00,upper,27152.14330906941,2026-04-23 11:32:00-04:00
2135_lower,2135,2026-04-21,2026-04-21 10:30:00-04:00,2026-05-19 10:30:00-04:00,lower,26461.85669093059,
2136_upper,2136,2026-04-22,2026-04-22 10:30:00-04:00,2026-05-20 10:30:00-04:00,upper,27267.134887108085,2026-04-24 07:07:00-04:00
2136_lower,2136,2026-04-22,2026-04-22 10:30:00-04:00,2026-05-20 10:30:00-04:00,lower,26517.740112891915,
2137_upper,2137,2026-04-23,2026-04-23 10:30:00-04:00,2026-05-21 10:30:00-04:00,upper,27362.418606603605,2026-04-24 07:30:00-04:00
2137_lower,2137,2026-04-23,2026-04-23 10:30:00-04:00,2026-05-21 10:30:00-04:00,lower,26685.706393396395,2026-04-23 13:46:00-04:00
2138_upper,2138,2026-04-24,2026-04-24 10:30:00-04:00,2026-05-22 10:30:00-04:00,upper,27541.200536733537,2026-04-26 22:00:00-04:00
2138_lower,2138,2026-04-24,2026-04-24 10:30:00-04:00,2026-05-22 10:30:00-04:00,lower,26867.549463266463,
2139_upper,2139,2026-04-27,2026-04-27 10:30:00-04:00,2026-05-25 10:30:00-04:00,upper,27727.691212489073,2026-05-01 09:33:00-04:00
2139_lower,2139,2026-04-27,2026-04-27 10:30:00-04:00,2026-05-25 10:30:00-04:00,lower,27049.808787510927,2026-04-28 08:23:00-04:00
2140_upper,2140,2026-04-28,2026-04-28 10:30:00-04:00,2026-05-26 10:30:00-04:00,upper,27529.434177961637,2026-04-29 19:48:00-04:00
2140_lower,2140,2026-04-28,2026-04-28 10:30:00-04:00,2026-05-26 10:30:00-04:00,lower,26791.690822038363,
2141_upper,2141,2026-04-29,2026-04-29 10:30:00-04:00,2026-05-27 10:30:00-04:00,upper,27551.438765966275,2026-04-29 19:54:00-04:00
2141_lower,2141,2026-04-29,2026-04-29 10:30:00-04:00,2026-05-27 10:30:00-04:00,lower,26855.936234033725,
2142_upper,2142,2026-04-30,2026-04-30 10:30:00-04:00,2026-05-28 10:30:00-04:00,upper,27896.92021898806,2026-05-01 10:03:00-04:00
2142_lower,2142,2026-04-30,2026-04-30 10:30:00-04:00,2026-05-28 10:30:00-04:00,lower,26921.70478101194,
2143_upper,2143,2026-05-01,2026-05-01 10:30:00-04:00,2026-05-29 10:30:00-04:00,upper,28138.06154108305,2026-05-05 10:36:00-04:00
2143_lower,2143,2026-05-01,2026-05-01 10:30:00-04:00,2026-05-29 10:30:00-04:00,lower,27258.18845891695,
2144_upper,2144,2026-05-04,2026-05-04 10:30:00-04:00,2026-06-01 10:30:00-04:00,upper,28161.014594776803,2026-05-05 13:51:00-04:00
2144_lower,2144,2026-05-04,2026-05-04 10:30:00-04:00,2026-06-01 10:30:00-04:00,lower,27554.235405223197,
2145_upper,2145,2026-05-05,2026-05-05 10:30:00-04:00,2026-06-02 10:30:00-04:00,upper,28380.887817756244,2026-05-05 18:52:00-04:00
2145_lower,2145,2026-05-05,2026-05-05 10:30:00-04:00,2026-06-02 10:30:00-04:00,lower,27660.112182243756,
2146_upper,2146,2026-05-06,2026-05-06 10:30:00-04:00,2026-06-03 10:30:00-04:00,upper,28768.042484818827,2026-05-06 16:13:00-04:00
2146_lower,2146,2026-05-06,2026-05-06 10:30:00-04:00,2026-06-03 10:30:00-04:00,lower,28042.457515181173,
2147_upper,2147,2026-05-07,2026-05-07 10:30:00-04:00,2026-06-04 10:30:00-04:00,upper,29174.65787972472,2026-05-08 10:58:00-04:00
2147_lower,2147,2026-05-07,2026-05-07 10:30:00-04:00,2026-06-04 10:30:00-04:00,lower,28380.59212027528,
2148_upper,2148,2026-05-08,2026-05-08 10:30:00-04:00,2026-06-05 10:30:00-04:00,upper,29422.9618069465,2026-05-11 09:32:00-04:00
2148_lower,2148,2026-05-08,2026-05-08 10:30:00-04:00,2026-06-05 10:30:00-04:00,lower,28468.2881930535,
2149_upper,2149,2026-05-11,2026-05-11 10:30:00-04:00,2026-06-07 19:59:00-04:00,upper,29708.514501113983,2026-05-14 10:50:00-04:00
2149_lower,2149,2026-05-11,2026-05-11 10:30:00-04:00,2026-06-07 19:59:00-04:00,lower,28951.360498886017,2026-05-12 11:15:00-04:00
2150_upper,2150,2026-05-12,2026-05-12 10:30:00-04:00,2026-06-07 19:59:00-04:00,upper,29646.42303898361,2026-05-13 19:05:00-04:00
2150_lower,2150,2026-05-12,2026-05-12 10:30:00-04:00,2026-06-07 19:59:00-04:00,lower,28739.45196101639,2026-05-19 10:14:00-04:00
2151_upper,2151,2026-05-13,2026-05-13 10:30:00-04:00,2026-06-07 19:59:00-04:00,upper,29656.73036561582,2026-05-13 20:17:00-04:00
2151_lower,2151,2026-05-13,2026-05-13 10:30:00-04:00,2026-06-07 19:59:00-04:00,lower,28811.51963438418,2026-05-19 09:20:00-04:00
2152_upper,2152,2026-05-14,2026-05-14 10:30:00-04:00,2026-06-07 19:59:00-04:00,upper,29963.24644194421,2026-05-24 23:00:00-04:00
2152_lower,2152,2026-05-14,2026-05-14 10:30:00-04:00,2026-06-07 19:59:00-04:00,lower,29084.62855805579,2026-05-17 19:40:00-04:00
2153_upper,2153,2026-05-15,2026-05-15 10:30:00-04:00,2026-06-07 19:59:00-04:00,upper,29738.698265459716,2026-05-22 13:30:00-04:00
2153_lower,2153,2026-05-15,2026-05-15 10:30:00-04:00,2026-06-07 19:59:00-04:00,lower,28775.551734540284,2026-05-19 10:07:00-04:00
2154_upper,2154,2026-05-18,2026-05-18 10:30:00-04:00,2026-06-07 19:59:00-04:00,upper,29738.46052809028,2026-05-22 13:30:00-04:00
2154_lower,2154,2026-05-18,2026-05-18 10:30:00-04:00,2026-06-07 19:59:00-04:00,lower,28842.03947190972,2026-05-18 14:27:00-04:00
2155_upper,2155,2026-05-19,2026-05-19 10:30:00-04:00,2026-06-07 19:59:00-04:00,upper,29420.86955887296,2026-05-21 00:59:00-04:00
2155_lower,2155,2026-05-19,2026-05-19 10:30:00-04:00,2026-06-07 19:59:00-04:00,lower,28294.88044112704,
2156_upper,2156,2026-05-20,2026-05-20 10:30:00-04:00,2026-06-07 19:59:00-04:00,upper,29542.4989497199,2026-05-21 13:54:00-04:00
2156_lower,2156,2026-05-20,2026-05-20 10:30:00-04:00,2026-06-07 19:59:00-04:00,lower,28660.2510502801,
2157_upper,2157,2026-05-21,2026-05-21 10:30:00-04:00,2026-06-07 19:59:00-04:00,upper,29642.116120772633,2026-05-22 04:18:00-04:00
2157_lower,2157,2026-05-21,2026-05-21 10:30:00-04:00,2026-06-07 19:59:00-04:00,lower,28808.633879227367,2026-06-05 16:17:00-04:00
2158_upper,2158,2026-05-22,2026-05-22 10:30:00-04:00,2026-06-07 19:59:00-04:00,upper,30009.455726915767,2026-05-26 10:00:00-04:00
2158_lower,2158,2026-05-22,2026-05-22 10:30:00-04:00,2026-06-07 19:59:00-04:00,lower,29173.419273084233,2026-06-05 14:42:00-04:00
2159_upper,2159,2026-05-25,2026-05-25 10:30:00-04:00,2026-06-07 19:59:00-04:00,upper,30248.501331652922,2026-05-27 07:00:00-04:00
2159_lower,2159,2026-05-25,2026-05-25 10:30:00-04:00,2026-06-07 19:59:00-04:00,lower,29657.623668347078,2026-06-05 11:38:00-04:00
2160_upper,2160,2026-05-26,2026-05-26 10:30:00-04:00,2026-06-07 19:59:00-04:00,upper,30374.530427233534,2026-05-27 08:22:00-04:00
2160_lower,2160,2026-05-26,2026-05-26 10:30:00-04:00,2026-06-07 19:59:00-04:00,lower,29482.844572766466,2026-06-05 12:36:00-04:00
2161_upper,2161,2026-05-27,2026-05-27 10:30:00-04:00,2026-06-07 19:59:00-04:00,upper,30609.931537593537,2026-06-01 13:30:00-04:00
2161_lower,2161,2026-05-27,2026-05-27 10:30:00-04:00,2026-06-07 19:59:00-04:00,lower,29617.693462406463,2026-06-05 11:41:00-04:00
2162_upper,2162,2026-05-28,2026-05-28 10:30:00-04:00,2026-06-07 19:59:00-04:00,upper,30514.38147395403,2026-05-29 09:57:00-04:00
2162_lower,2162,2026-05-28,2026-05-28 10:30:00-04:00,2026-06-07 19:59:00-04:00,lower,29592.24352604597,2026-06-05 12:06:00-04:00
2163_upper,2163,2026-05-29,2026-05-29 10:30:00-04:00,2026-06-07 19:59:00-04:00,upper,30812.923209092256,
2163_lower,2163,2026-05-29,2026-05-29 10:30:00-04:00,2026-06-07 19:59:00-04:00,lower,30011.076790907744,2026-06-05 09:30:00-04:00
2164_upper,2164,2026-06-01,2026-06-01 10:30:00-04:00,2026-06-07 19:59:00-04:00,upper,30746.750463861514,2026-06-02 16:05:00-04:00
2164_lower,2164,2026-06-01,2026-06-01 10:30:00-04:00,2026-06-07 19:59:00-04:00,lower,29975.874536138486,2026-06-05 09:39:00-04:00
2165_upper,2165,2026-06-02,2026-06-02 10:30:00-04:00,2026-06-07 19:59:00-04:00,upper,30976.99634962189,
2165_lower,2165,2026-06-02,2026-06-02 10:30:00-04:00,2026-06-07 19:59:00-04:00,lower,30115.50365037811,2026-06-04 21:13:00-04:00
2166_upper,2166,2026-06-03,2026-06-03 10:30:00-04:00,2026-06-07 19:59:00-04:00,upper,31203.140839846026,
2166_lower,2166,2026-06-03,2026-06-03 10:30:00-04:00,2026-06-07 19:59:00-04:00,lower,30203.484160153974,2026-06-04 07:36:00-04:00
2167_upper,2167,2026-06-04,2026-06-04 10:30:00-04:00,2026-06-07 19:59:00-04:00,upper,30691.476360295736,
2167_lower,2167,2026-06-04,2026-06-04 10:30:00-04:00,2026-06-07 19:59:00-04:00,lower,29834.523639704264,2026-06-05 09:57:00-04:00
2168_upper,2168,2026-06-05,2026-06-05 10:30:00-04:00,2026-06-07 19:59:00-04:00,upper,30498.21228966837,
2168_lower,2168,2026-06-05,2026-06-05 10:30:00-04:00,2026-06-07 19:59:00-04:00,lower,29466.78771033163,2026-06-05 12:40:00-04:00
