level_id,level_idx,session_date,created_at,expiry_at,side,level,touched_at
0_upper,0,2018-01-02,2018-01-02 10:30:00-05:00,2018-01-30 10:30:00-05:00,upper,6517.3692221667825,2018-01-02 15:43:00-05:00
0_lower,0,2018-01-02,2018-01-02 10:30:00-05:00,2018-01-30 10:30:00-05:00,lower,6385.2557778332175,
1_upper,1,2018-01-03,2018-01-03 10:30:00-05:00,2018-01-31 10:30:00-05:00,upper,6578.1046778649325,2018-01-03 12:33:00-05:00
1_lower,1,2018-01-03,2018-01-03 10:30:00-05:00,2018-01-31 10:30:00-05:00,lower,6495.6453221350675,
2_upper,2,2018-01-04,2018-01-04 10:30:00-05:00,2018-02-01 10:30:00-05:00,upper,6634.4292468028325,2018-01-05 08:28:00-05:00
2_lower,2,2018-01-04,2018-01-04 10:30:00-05:00,2018-02-01 10:30:00-05:00,lower,6574.4457531971675,
3_upper,3,2018-01-05,2018-01-05 10:30:00-05:00,2018-02-02 10:30:00-05:00,upper,6648.427603911487,2018-01-05 11:19:00-05:00
3_lower,3,2018-01-05,2018-01-05 10:30:00-05:00,2018-02-02 10:30:00-05:00,lower,6601.822396088513,
4_upper,4,2018-01-08,2018-01-08 10:30:00-05:00,2018-02-05 10:30:00-05:00,upper,6689.680562602685,2018-01-08 11:40:00-05:00
4_lower,4,2018-01-08,2018-01-08 10:30:00-05:00,2018-02-05 10:30:00-05:00,lower,6640.944437397315,2018-01-10 07:09:00-05:00
5_upper,5,2018-01-09,2018-01-09 10:30:00-05:00,2018-02-06 10:30:00-05:00,upper,6730.363526564444,2018-01-12 01:37:00-05:00
5_lower,5,2018-01-09,2018-01-09 10:30:00-05:00,2018-02-06 10:30:00-05:00,lower,6655.761473435556,2018-01-10 05:36:00-05:00
6_upper,6,2018-01-10,2018-01-10 10:30:00-05:00,2018-02-07 10:30:00-05:00,upper,6694.044149716636,2018-01-11 07:27:00-05:00
6_lower,6,2018-01-10,2018-01-10 10:30:00-05:00,2018-02-07 10:30:00-05:00,lower,6611.580850283364,2018-02-05 15:04:00-05:00
7_upper,7,2018-01-11,2018-01-11 10:30:00-05:00,2018-02-08 10:30:00-05:00,upper,6708.841125892071,2018-01-11 12:54:00-05:00
7_lower,7,2018-01-11,2018-01-11 10:30:00-05:00,2018-02-08 10:30:00-05:00,lower,6660.908874107929,2018-02-05 14:50:00-05:00
8_upper,8,2018-01-12,2018-01-12 10:30:00-05:00,2018-02-09 10:30:00-05:00,upper,6754.724179167453,2018-01-12 10:50:00-05:00
8_lower,8,2018-01-12,2018-01-12 10:30:00-05:00,2018-02-09 10:30:00-05:00,lower,6677.025820832547,2018-02-05 14:31:00-05:00
9_upper,9,2018-01-15,2018-01-15 10:30:00-05:00,2018-02-12 10:30:00-05:00,upper,6797.99784082278,2018-01-16 03:14:00-05:00
9_lower,9,2018-01-15,2018-01-15 10:30:00-05:00,2018-02-12 10:30:00-05:00,lower,6762.12715917722,2018-01-16 14:02:00-05:00
10_upper,10,2018-01-16,2018-01-16 10:30:00-05:00,2018-02-13 10:30:00-05:00,upper,6857.363844418955,2018-01-22 09:59:00-05:00
10_lower,10,2018-01-16,2018-01-16 10:30:00-05:00,2018-02-13 10:30:00-05:00,lower,6779.636155581045,2018-01-16 12:54:00-05:00
11_upper,11,2018-01-17,2018-01-17 10:30:00-05:00,2018-02-14 10:30:00-05:00,upper,6812.884083283709,2018-01-17 13:38:00-05:00
11_lower,11,2018-01-17,2018-01-17 10:30:00-05:00,2018-02-14 10:30:00-05:00,lower,6735.990916716291,2018-02-04 18:00:00-05:00
12_upper,12,2018-01-18,2018-01-18 10:30:00-05:00,2018-02-15 10:30:00-05:00,upper,6851.070814156468,2018-01-19 05:19:00-05:00
12_lower,12,2018-01-18,2018-01-18 10:30:00-05:00,2018-02-15 10:30:00-05:00,lower,6772.929185843532,2018-02-02 15:07:00-05:00
13_upper,13,2018-01-19,2018-01-19 10:30:00-05:00,2018-02-16 10:30:00-05:00,upper,6888.0550720312,2018-01-22 11:59:00-05:00
13_lower,13,2018-01-19,2018-01-19 10:30:00-05:00,2018-02-16 10:30:00-05:00,lower,6793.3199279688,2018-02-02 14:57:00-05:00
14_upper,14,2018-01-22,2018-01-22 10:30:00-05:00,2018-02-19 10:30:00-05:00,upper,6899.353402586121,2018-01-22 12:21:00-05:00
14_lower,14,2018-01-22,2018-01-22 10:30:00-05:00,2018-02-19 10:30:00-05:00,lower,6799.271597413879,2018-02-02 14:28:00-05:00
15_upper,15,2018-01-23,2018-01-23 10:30:00-05:00,2018-02-20 10:30:00-05:00,upper,6983.88476391844,2018-01-24 05:37:00-05:00
15_lower,15,2018-01-23,2018-01-23 10:30:00-05:00,2018-02-20 10:30:00-05:00,lower,6907.11523608156,2018-01-24 13:07:00-05:00
16_upper,16,2018-01-24,2018-01-24 10:30:00-05:00,2018-02-21 10:30:00-05:00,upper,7025.286871856444,2018-01-26 15:50:00-05:00
16_lower,16,2018-01-24,2018-01-24 10:30:00-05:00,2018-02-21 10:30:00-05:00,lower,6944.713128143556,2018-01-24 11:16:00-05:00
17_upper,17,2018-01-25,2018-01-25 10:30:00-05:00,2018-02-22 10:30:00-05:00,upper,7022.368803096635,2018-01-26 15:50:00-05:00
17_lower,17,2018-01-25,2018-01-25 10:30:00-05:00,2018-02-22 10:30:00-05:00,lower,6898.631196903365,2018-02-01 09:14:00-05:00
18_upper,18,2018-01-26,2018-01-26 10:30:00-05:00,2018-02-23 10:30:00-05:00,upper,6995.618405322629,2018-01-26 13:51:00-05:00
18_lower,18,2018-01-26,2018-01-26 10:30:00-05:00,2018-02-23 10:30:00-05:00,lower,6928.006594677371,2018-01-29 23:13:00-05:00
19_upper,19,2018-01-29,2018-01-29 10:30:00-05:00,2018-02-26 10:30:00-05:00,upper,7046.973543059625,
19_lower,19,2018-01-29,2018-01-29 10:30:00-05:00,2018-02-26 10:30:00-05:00,lower,6974.151456940375,2018-01-29 22:30:00-05:00
20_upper,20,2018-01-30,2018-01-30 10:30:00-05:00,2018-02-27 10:30:00-05:00,upper,6987.408281538446,2018-01-31 09:32:00-05:00
20_lower,20,2018-01-30,2018-01-30 10:30:00-05:00,2018-02-27 10:30:00-05:00,lower,6872.841718461554,2018-02-02 04:45:00-05:00
21_upper,21,2018-01-31,2018-01-31 10:30:00-05:00,2018-02-28 10:30:00-05:00,upper,7019.755088294937,
21_lower,21,2018-01-31,2018-01-31 10:30:00-05:00,2018-02-28 10:30:00-05:00,lower,6938.119911705063,2018-01-31 14:49:00-05:00
22_upper,22,2018-02-01,2018-02-01 10:30:00-05:00,2018-03-01 10:30:00-05:00,upper,6984.981329574086,2018-02-26 14:18:00-05:00
22_lower,22,2018-02-01,2018-02-01 10:30:00-05:00,2018-03-01 10:30:00-05:00,lower,6865.518670425914,2018-02-02 05:10:00-05:00
23_upper,23,2018-02-02,2018-02-02 10:30:00-05:00,2018-03-02 10:30:00-05:00,upper,6955.61842954446,2018-02-26 09:36:00-05:00
23_lower,23,2018-02-02,2018-02-02 10:30:00-05:00,2018-03-02 10:30:00-05:00,lower,6775.00657045554,2018-02-02 15:07:00-05:00
24_upper,24,2018-02-05,2018-02-05 10:30:00-05:00,2018-03-05 10:30:00-05:00,upper,6855.962765545729,2018-02-16 04:31:00-05:00
24_lower,24,2018-02-05,2018-02-05 10:30:00-05:00,2018-03-05 10:30:00-05:00,lower,6599.537234454271,2018-02-05 15:04:00-05:00
25_upper,25,2018-02-06,2018-02-06 10:30:00-05:00,2018-03-06 10:30:00-05:00,upper,6695.79480120469,2018-02-07 11:02:00-05:00
25_lower,25,2018-02-06,2018-02-06 10:30:00-05:00,2018-03-06 10:30:00-05:00,lower,6199.95519879531,2018-02-09 12:43:00-05:00
26_upper,26,2018-02-07,2018-02-07 10:30:00-05:00,2018-03-07 10:30:00-05:00,upper,6763.440262399351,2018-02-15 13:00:00-05:00
26_lower,26,2018-02-07,2018-02-07 10:30:00-05:00,2018-03-07 10:30:00-05:00,lower,6538.684737600649,2018-02-07 16:41:00-05:00
27_upper,27,2018-02-08,2018-02-08 10:30:00-05:00,2018-03-08 10:30:00-05:00,upper,6689.037458593999,2018-02-14 15:47:00-05:00
27_lower,27,2018-02-08,2018-02-08 10:30:00-05:00,2018-03-08 10:30:00-05:00,lower,6481.962541406001,2018-02-08 10:55:00-05:00
28_upper,28,2018-02-09,2018-02-09 10:30:00-05:00,2018-03-09 10:30:00-05:00,upper,6512.446005791149,2018-02-12 09:42:00-05:00
28_lower,28,2018-02-09,2018-02-09 10:30:00-05:00,2018-03-09 10:30:00-05:00,lower,6266.428994208851,2018-02-09 12:06:00-05:00
29_upper,29,2018-02-12,2018-02-12 10:30:00-05:00,2018-03-12 10:30:00-04:00,upper,6600.082414705283,2018-02-14 02:41:00-05:00
29_lower,29,2018-02-12,2018-02-12 10:30:00-05:00,2018-03-12 10:30:00-04:00,lower,6345.792585294717,
30_upper,30,2018-02-13,2018-02-13 10:30:00-05:00,2018-03-13 10:30:00-04:00,upper,6592.280833718691,2018-02-14 02:35:00-05:00
30_lower,30,2018-02-13,2018-02-13 10:30:00-05:00,2018-03-13 10:30:00-04:00,lower,6401.094166281309,
31_upper,31,2018-02-14,2018-02-14 10:30:00-05:00,2018-03-14 10:30:00-04:00,upper,6665.4732075516495,2018-02-14 14:02:00-05:00
31_lower,31,2018-02-14,2018-02-14 10:30:00-05:00,2018-03-14 10:30:00-04:00,lower,6420.2767924483505,
32_upper,32,2018-02-15,2018-02-15 10:30:00-05:00,2018-03-15 10:30:00-04:00,upper,6807.59555839948,2018-02-15 16:03:00-05:00
32_lower,32,2018-02-15,2018-02-15 10:30:00-05:00,2018-03-15 10:30:00-04:00,lower,6659.27944160052,2018-03-02 09:44:00-05:00
33_upper,33,2018-02-16,2018-02-16 10:30:00-05:00,2018-03-16 10:30:00-04:00,upper,6862.843370339522,2018-02-21 14:00:00-05:00
33_lower,33,2018-02-16,2018-02-16 10:30:00-05:00,2018-03-16 10:30:00-04:00,lower,6725.781629660478,2018-02-20 05:06:00-05:00
34_upper,34,2018-02-19,2018-02-19 10:30:00-05:00,2018-03-19 10:30:00-04:00,upper,6862.89522282941,2018-02-21 14:00:00-05:00
34_lower,34,2018-02-19,2018-02-19 10:30:00-05:00,2018-03-19 10:30:00-04:00,lower,6730.47977717059,2018-02-20 05:04:00-05:00
35_upper,35,2018-02-20,2018-02-20 10:30:00-05:00,2018-03-20 10:30:00-04:00,upper,6848.573931435079,2018-02-21 11:26:00-05:00
35_lower,35,2018-02-20,2018-02-20 10:30:00-05:00,2018-03-20 10:30:00-04:00,lower,6677.301068564921,2018-03-02 07:55:00-05:00
36_upper,36,2018-02-21,2018-02-21 10:30:00-05:00,2018-03-21 10:30:00-04:00,upper,6884.664194309979,2018-02-21 14:25:00-05:00
36_lower,36,2018-02-21,2018-02-21 10:30:00-05:00,2018-03-21 10:30:00-04:00,lower,6755.335805690021,2018-02-21 16:00:00-05:00
37_upper,37,2018-02-22,2018-02-22 10:30:00-05:00,2018-03-22 10:30:00-04:00,upper,6865.305160239022,2018-02-23 14:45:00-05:00
37_lower,37,2018-02-22,2018-02-22 10:30:00-05:00,2018-03-22 10:30:00-04:00,lower,6729.694839760978,2018-03-01 13:57:00-05:00
38_upper,38,2018-02-23,2018-02-23 10:30:00-05:00,2018-03-23 10:30:00-04:00,upper,6872.7452269206315,2018-02-23 14:49:00-05:00
38_lower,38,2018-02-23,2018-02-23 10:30:00-05:00,2018-03-23 10:30:00-04:00,lower,6753.5047730793685,2018-03-01 13:44:00-05:00
39_upper,39,2018-02-26,2018-02-26 10:30:00-05:00,2018-03-26 10:30:00-04:00,upper,6997.891174069126,2018-02-26 16:14:00-05:00
39_lower,39,2018-02-26,2018-02-26 10:30:00-05:00,2018-03-26 10:30:00-04:00,lower,6883.858825930874,2018-02-28 15:45:00-05:00
40_upper,40,2018-02-27,2018-02-27 10:30:00-05:00,2018-03-27 10:30:00-04:00,upper,7050.896329499787,2018-03-09 08:35:00-05:00
40_lower,40,2018-02-27,2018-02-27 10:30:00-05:00,2018-03-27 10:30:00-04:00,lower,6933.103670500213,2018-02-27 12:17:00-05:00
41_upper,41,2018-02-28,2018-02-28 10:30:00-05:00,2018-03-28 10:30:00-04:00,upper,7007.958149674116,2018-03-08 20:05:00-05:00
41_lower,41,2018-02-28,2018-02-28 10:30:00-05:00,2018-03-28 10:30:00-04:00,lower,6882.291850325884,2018-02-28 15:45:00-05:00
42_upper,42,2018-03-01,2018-03-01 10:30:00-05:00,2018-03-29 10:30:00-04:00,upper,6961.403321746649,2018-03-08 07:14:00-05:00
42_lower,42,2018-03-01,2018-03-01 10:30:00-05:00,2018-03-29 10:30:00-04:00,lower,6746.846678253351,2018-03-01 13:45:00-05:00
43_upper,43,2018-03-02,2018-03-02 10:30:00-05:00,2018-04-02 10:30:00-04:00,upper,6760.779812239669,2018-03-02 12:00:00-05:00
43_lower,43,2018-03-02,2018-03-02 10:30:00-05:00,2018-04-02 10:30:00-04:00,lower,6586.845187760331,2018-03-23 14:58:00-04:00
44_upper,44,2018-03-05,2018-03-05 10:30:00-05:00,2018-04-03 10:30:00-04:00,upper,6852.429607691687,2018-03-05 11:39:00-05:00
44_lower,44,2018-03-05,2018-03-05 10:30:00-05:00,2018-04-03 10:30:00-04:00,lower,6706.570392308313,2018-03-22 15:46:00-04:00
45_upper,45,2018-03-06,2018-03-06 10:30:00-05:00,2018-04-04 10:30:00-04:00,upper,6984.515022438254,2018-03-08 19:00:00-05:00
45_lower,45,2018-03-06,2018-03-06 10:30:00-05:00,2018-04-04 10:30:00-04:00,lower,6852.109977561746,2018-03-06 18:00:00-05:00
46_upper,46,2018-03-07,2018-03-07 10:30:00-05:00,2018-04-05 10:30:00-04:00,upper,6939.60787251663,2018-03-08 02:03:00-05:00
46_lower,46,2018-03-07,2018-03-07 10:30:00-05:00,2018-04-05 10:30:00-04:00,lower,6802.51712748337,2018-03-22 05:28:00-04:00
47_upper,47,2018-03-08,2018-03-08 10:30:00-05:00,2018-04-06 10:30:00-04:00,upper,7010.013736173665,2018-03-08 20:06:00-05:00
47_lower,47,2018-03-08,2018-03-08 10:30:00-05:00,2018-04-06 10:30:00-04:00,lower,6903.361263826335,2018-03-19 11:02:00-04:00
48_upper,48,2018-03-09,2018-03-09 10:30:00-05:00,2018-04-09 10:30:00-04:00,upper,7107.008642890263,2018-03-09 14:10:00-05:00
48_lower,48,2018-03-09,2018-03-09 10:30:00-05:00,2018-04-09 10:30:00-04:00,lower,6991.616357109737,2018-03-19 01:09:00-04:00
49_upper,49,2018-03-12,2018-03-12 10:30:00-04:00,2018-04-10 10:30:00-04:00,upper,7203.713742215297,2018-03-13 09:34:00-04:00
49_lower,49,2018-03-12,2018-03-12 10:30:00-04:00,2018-04-10 10:30:00-04:00,lower,7104.411257784703,2018-03-13 12:04:00-04:00
50_upper,50,2018-03-13,2018-03-13 10:30:00-04:00,2018-04-11 10:30:00-04:00,upper,7248.215010205323,
50_lower,50,2018-03-13,2018-03-13 10:30:00-04:00,2018-04-11 10:30:00-04:00,lower,7150.159989794677,2018-03-13 11:03:00-04:00
51_upper,51,2018-03-14,2018-03-14 10:30:00-04:00,2018-04-12 10:30:00-04:00,upper,7159.737968098675,
51_lower,51,2018-03-14,2018-03-14 10:30:00-04:00,2018-04-12 10:30:00-04:00,lower,7036.012031901325,2018-03-14 20:52:00-04:00
52_upper,52,2018-03-15,2018-03-15 10:30:00-04:00,2018-04-13 10:30:00-04:00,upper,7130.594060885809,
52_lower,52,2018-03-15,2018-03-15 10:30:00-04:00,2018-04-13 10:30:00-04:00,lower,7000.905939114191,2018-03-19 01:00:00-04:00
53_upper,53,2018-03-16,2018-03-16 10:30:00-04:00,2018-04-16 10:30:00-04:00,upper,7117.037779496405,
53_lower,53,2018-03-16,2018-03-16 10:30:00-04:00,2018-04-16 10:30:00-04:00,lower,7024.712220503595,2018-03-18 20:58:00-04:00
54_upper,54,2018-03-19,2018-03-19 10:30:00-04:00,2018-04-17 10:30:00-04:00,upper,7019.620478366626,
54_lower,54,2018-03-19,2018-03-19 10:30:00-04:00,2018-04-17 10:30:00-04:00,lower,6906.629521633374,2018-03-19 10:57:00-04:00
55_upper,55,2018-03-20,2018-03-20 10:30:00-04:00,2018-04-18 10:30:00-04:00,upper,6957.9271631056545,
55_lower,55,2018-03-20,2018-03-20 10:30:00-04:00,2018-04-18 10:30:00-04:00,lower,6824.0728368943455,2018-03-22 03:53:00-04:00
56_upper,56,2018-03-21,2018-03-21 10:30:00-04:00,2018-04-19 10:30:00-04:00,upper,6956.8511165255595,
56_lower,56,2018-03-21,2018-03-21 10:30:00-04:00,2018-04-19 10:30:00-04:00,lower,6828.8988834744405,2018-03-22 03:51:00-04:00
57_upper,57,2018-03-22,2018-03-22 10:30:00-04:00,2018-04-20 10:30:00-04:00,upper,6862.798263330098,2018-04-18 14:22:00-04:00
57_lower,57,2018-03-22,2018-03-22 10:30:00-04:00,2018-04-20 10:30:00-04:00,lower,6711.951736669902,2018-03-22 15:45:00-04:00
58_upper,58,2018-03-23,2018-03-23 10:30:00-04:00,2018-04-23 10:30:00-04:00,upper,6787.371833600559,2018-03-26 20:00:00-04:00
58_lower,58,2018-03-23,2018-03-23 10:30:00-04:00,2018-04-23 10:30:00-04:00,lower,6591.253166399441,2018-03-23 14:58:00-04:00
59_upper,59,2018-03-26,2018-03-26 10:30:00-04:00,2018-04-24 10:30:00-04:00,upper,6743.79082627833,2018-03-26 15:31:00-04:00
59_lower,59,2018-03-26,2018-03-26 10:30:00-04:00,2018-04-24 10:30:00-04:00,lower,6564.70917372167,2018-03-26 11:18:00-04:00
60_upper,60,2018-03-27,2018-03-27 10:30:00-04:00,2018-04-25 10:30:00-04:00,upper,6889.334848711138,
60_lower,60,2018-03-27,2018-03-27 10:30:00-04:00,2018-04-25 10:30:00-04:00,lower,6720.165151288862,2018-03-27 13:33:00-04:00
61_upper,61,2018-03-28,2018-03-28 10:30:00-04:00,2018-04-26 10:30:00-04:00,upper,6635.311827693033,2018-03-29 14:43:00-04:00
61_lower,61,2018-03-28,2018-03-28 10:30:00-04:00,2018-04-26 10:30:00-04:00,lower,6378.563172306967,2018-04-02 11:40:00-04:00
62_upper,62,2018-03-29,2018-03-29 10:30:00-04:00,2018-04-27 10:30:00-04:00,upper,6599.451928121275,2018-03-29 13:51:00-04:00
62_lower,62,2018-03-29,2018-03-29 10:30:00-04:00,2018-04-27 10:30:00-04:00,lower,6390.798071878725,2018-04-02 11:36:00-04:00
63_upper,63,2018-04-02,2018-04-02 10:30:00-04:00,2018-04-30 10:30:00-04:00,upper,6643.662550509871,2018-04-05 03:20:00-04:00
63_lower,63,2018-04-02,2018-04-02 10:30:00-04:00,2018-04-30 10:30:00-04:00,lower,6412.212449490129,2018-04-02 11:07:00-04:00
64_upper,64,2018-04-03,2018-04-03 10:30:00-04:00,2018-05-01 10:30:00-04:00,upper,6564.29455235858,2018-04-04 15:31:00-04:00
64_lower,64,2018-04-03,2018-04-03 10:30:00-04:00,2018-05-01 10:30:00-04:00,lower,6301.70544764142,
65_upper,65,2018-04-04,2018-04-04 10:30:00-04:00,2018-05-02 10:30:00-04:00,upper,6450.576791264436,2018-04-04 11:23:00-04:00
65_lower,65,2018-04-04,2018-04-04 10:30:00-04:00,2018-05-02 10:30:00-04:00,lower,6267.173208735564,
66_upper,66,2018-04-05,2018-04-05 10:30:00-04:00,2018-05-03 10:30:00-04:00,upper,6704.910349158707,2018-04-13 08:40:00-04:00
66_lower,66,2018-04-05,2018-04-05 10:30:00-04:00,2018-05-03 10:30:00-04:00,lower,6549.464650841293,2018-04-05 18:55:00-04:00
67_upper,67,2018-04-06,2018-04-06 10:30:00-04:00,2018-05-04 10:30:00-04:00,upper,6638.115320031482,2018-04-10 15:09:00-04:00
67_lower,67,2018-04-06,2018-04-06 10:30:00-04:00,2018-05-04 10:30:00-04:00,lower,6460.009679968518,2018-04-06 14:07:00-04:00
68_upper,68,2018-04-09,2018-04-09 10:30:00-04:00,2018-05-07 10:30:00-04:00,upper,6602.826379703685,2018-04-09 12:07:00-04:00
68_lower,68,2018-04-09,2018-04-09 10:30:00-04:00,2018-05-07 10:30:00-04:00,lower,6411.923620296315,
69_upper,69,2018-04-10,2018-04-10 10:30:00-04:00,2018-05-08 10:30:00-04:00,upper,6660.690903241928,2018-04-11 12:11:00-04:00
69_lower,69,2018-04-10,2018-04-10 10:30:00-04:00,2018-05-08 10:30:00-04:00,lower,6495.684096758072,2018-04-24 13:59:00-04:00
70_upper,70,2018-04-11,2018-04-11 10:30:00-04:00,2018-05-09 10:30:00-04:00,upper,6678.110819692571,2018-04-12 10:00:00-04:00
70_lower,70,2018-04-11,2018-04-11 10:30:00-04:00,2018-05-09 10:30:00-04:00,lower,6524.639180307429,2018-04-24 12:36:00-04:00
71_upper,71,2018-04-12,2018-04-12 10:30:00-04:00,2018-05-10 10:30:00-04:00,upper,6730.604733013587,2018-04-17 00:57:00-04:00
71_lower,71,2018-04-12,2018-04-12 10:30:00-04:00,2018-05-10 10:30:00-04:00,lower,6561.145266986413,2018-04-24 12:16:00-04:00
72_upper,72,2018-04-13,2018-04-13 10:30:00-04:00,2018-05-11 10:30:00-04:00,upper,6779.792546059965,2018-04-17 10:13:00-04:00
72_lower,72,2018-04-13,2018-04-13 10:30:00-04:00,2018-05-11 10:30:00-04:00,lower,6596.707453940035,2018-04-24 11:01:00-04:00
73_upper,73,2018-04-16,2018-04-16 10:30:00-04:00,2018-05-14 10:30:00-04:00,upper,6735.050344048112,2018-04-17 00:58:00-04:00
73_lower,73,2018-04-16,2018-04-16 10:30:00-04:00,2018-05-14 10:30:00-04:00,lower,6612.324655951888,2018-04-24 10:32:00-04:00
74_upper,74,2018-04-17,2018-04-17 10:30:00-04:00,2018-05-15 10:30:00-04:00,upper,6815.6423881849605,2018-04-17 11:27:00-04:00
74_lower,74,2018-04-17,2018-04-17 10:30:00-04:00,2018-05-15 10:30:00-04:00,lower,6696.4826118150395,2018-04-20 11:05:00-04:00
75_upper,75,2018-04-18,2018-04-18 10:30:00-04:00,2018-05-16 10:30:00-04:00,upper,6884.265666192943,2018-05-09 13:31:00-04:00
75_lower,75,2018-04-18,2018-04-18 10:30:00-04:00,2018-05-16 10:30:00-04:00,lower,6766.234333807057,2018-04-19 11:59:00-04:00
76_upper,76,2018-04-19,2018-04-19 10:30:00-04:00,2018-05-17 10:30:00-04:00,upper,6861.079564455727,2018-05-09 12:30:00-04:00
76_lower,76,2018-04-19,2018-04-19 10:30:00-04:00,2018-05-17 10:30:00-04:00,lower,6754.920435544273,2018-04-20 03:30:00-04:00
77_upper,77,2018-04-20,2018-04-20 10:30:00-04:00,2018-05-18 10:30:00-04:00,upper,6816.983820958506,2018-05-06 22:47:00-04:00
77_lower,77,2018-04-20,2018-04-20 10:30:00-04:00,2018-05-18 10:30:00-04:00,lower,6684.016179041494,2018-04-20 11:11:00-04:00
78_upper,78,2018-04-23,2018-04-23 10:30:00-04:00,2018-05-21 10:30:00-04:00,upper,6755.412333437404,2018-04-27 07:57:00-04:00
78_lower,78,2018-04-23,2018-04-23 10:30:00-04:00,2018-05-21 10:30:00-04:00,lower,6628.087666562596,2018-04-23 14:52:00-04:00
79_upper,79,2018-04-24,2018-04-24 10:30:00-04:00,2018-05-22 10:30:00-04:00,upper,6757.376587009534,2018-04-27 08:02:00-04:00
79_lower,79,2018-04-24,2018-04-24 10:30:00-04:00,2018-05-22 10:30:00-04:00,lower,6582.498412990466,2018-04-24 11:05:00-04:00
80_upper,80,2018-04-25,2018-04-25 10:30:00-04:00,2018-05-23 10:30:00-04:00,upper,6604.04119686324,2018-04-25 20:17:00-04:00
80_lower,80,2018-04-25,2018-04-25 10:30:00-04:00,2018-05-23 10:30:00-04:00,lower,6398.20880313676,
81_upper,81,2018-04-26,2018-04-26 10:30:00-04:00,2018-05-24 10:30:00-04:00,upper,6685.890705853584,2018-04-26 16:01:00-04:00
81_lower,81,2018-04-26,2018-04-26 10:30:00-04:00,2018-05-24 10:30:00-04:00,lower,6531.609294146416,
82_upper,82,2018-04-27,2018-04-27 10:30:00-04:00,2018-05-25 10:30:00-04:00,upper,6837.434393857748,2018-05-07 09:43:00-04:00
82_lower,82,2018-04-27,2018-04-27 10:30:00-04:00,2018-05-25 10:30:00-04:00,lower,6618.315606142252,2018-04-30 12:06:00-04:00
83_upper,83,2018-04-30,2018-04-30 10:30:00-04:00,2018-05-28 10:30:00-04:00,upper,6744.879074545923,2018-05-04 11:29:00-04:00
83_lower,83,2018-04-30,2018-04-30 10:30:00-04:00,2018-05-28 10:30:00-04:00,lower,6625.995925454077,2018-04-30 11:54:00-04:00
84_upper,84,2018-05-01,2018-05-01 10:30:00-04:00,2018-05-29 10:30:00-04:00,upper,6666.487837388509,2018-05-01 15:46:00-04:00
84_lower,84,2018-05-01,2018-05-01 10:30:00-04:00,2018-05-29 10:30:00-04:00,lower,6534.262162611491,
85_upper,85,2018-05-02,2018-05-02 10:30:00-04:00,2018-05-30 10:30:00-04:00,upper,6750.61528948394,2018-05-04 11:34:00-04:00
85_lower,85,2018-05-02,2018-05-02 10:30:00-04:00,2018-05-30 10:30:00-04:00,lower,6636.63471051606,2018-05-02 16:02:00-04:00
86_upper,86,2018-05-03,2018-05-03 10:30:00-04:00,2018-05-31 10:30:00-04:00,upper,6682.965878906739,2018-05-04 10:12:00-04:00
86_lower,86,2018-05-03,2018-05-03 10:30:00-04:00,2018-05-31 10:30:00-04:00,lower,6539.784121093261,2018-05-03 10:56:00-04:00
87_upper,87,2018-05-04,2018-05-04 10:30:00-04:00,2018-06-01 10:30:00-04:00,upper,6732.916402041168,2018-05-04 10:43:00-04:00
87_lower,87,2018-05-04,2018-05-04 10:30:00-04:00,2018-06-01 10:30:00-04:00,lower,6540.583597958832,
88_upper,88,2018-05-07,2018-05-07 10:30:00-04:00,2018-06-04 10:30:00-04:00,upper,6868.5633111297775,2018-05-09 12:48:00-04:00
88_lower,88,2018-05-07,2018-05-07 10:30:00-04:00,2018-06-04 10:30:00-04:00,lower,6754.5616888702225,
89_upper,89,2018-05-08,2018-05-08 10:30:00-04:00,2018-06-05 10:30:00-04:00,upper,6862.191359452624,2018-05-09 12:31:00-04:00
89_lower,89,2018-05-08,2018-05-08 10:30:00-04:00,2018-06-05 10:30:00-04:00,lower,6753.808640547376,
90_upper,90,2018-05-09,2018-05-09 10:30:00-04:00,2018-06-06 10:30:00-04:00,upper,6877.326339092708,2018-05-09 13:28:00-04:00
90_lower,90,2018-05-09,2018-05-09 10:30:00-04:00,2018-06-06 10:30:00-04:00,lower,6787.673660907292,
91_upper,91,2018-05-10,2018-05-10 10:30:00-04:00,2018-06-07 10:30:00-04:00,upper,6958.046857381854,2018-05-10 12:11:00-04:00
91_lower,91,2018-05-10,2018-05-10 10:30:00-04:00,2018-06-07 10:30:00-04:00,lower,6881.953142618146,2018-05-15 09:40:00-04:00
92_upper,92,2018-05-11,2018-05-11 10:30:00-04:00,2018-06-08 10:30:00-04:00,upper,6998.724758813947,2018-05-14 09:44:00-04:00
92_lower,92,2018-05-11,2018-05-11 10:30:00-04:00,2018-06-08 10:30:00-04:00,lower,6909.400241186053,2018-05-15 08:54:00-04:00
93_upper,93,2018-05-14,2018-05-14 10:30:00-04:00,2018-06-11 10:30:00-04:00,upper,7026.8612835365475,2018-06-01 09:35:00-04:00
93_lower,93,2018-05-14,2018-05-14 10:30:00-04:00,2018-06-11 10:30:00-04:00,lower,6938.2637164634525,2018-05-15 08:35:00-04:00
94_upper,94,2018-05-15,2018-05-15 10:30:00-04:00,2018-06-12 10:30:00-04:00,upper,6963.192071288263,2018-05-24 03:19:00-04:00
94_lower,94,2018-05-15,2018-05-15 10:30:00-04:00,2018-06-12 10:30:00-04:00,lower,6838.432928711737,2018-05-23 04:22:00-04:00
95_upper,95,2018-05-16,2018-05-16 10:30:00-04:00,2018-06-13 10:30:00-04:00,upper,6952.744145475898,2018-05-16 12:35:00-04:00
95_lower,95,2018-05-16,2018-05-16 10:30:00-04:00,2018-06-13 10:30:00-04:00,lower,6859.005854524102,2018-05-23 03:24:00-04:00
96_upper,96,2018-05-17,2018-05-17 10:30:00-04:00,2018-06-14 10:30:00-04:00,upper,6964.771760147134,2018-05-24 03:19:00-04:00
96_lower,96,2018-05-17,2018-05-17 10:30:00-04:00,2018-06-14 10:30:00-04:00,lower,6871.103239852866,2018-05-18 08:47:00-04:00
97_upper,97,2018-05-18,2018-05-18 10:30:00-04:00,2018-06-15 10:30:00-04:00,upper,6925.281210305184,2018-05-20 18:00:00-04:00
97_lower,97,2018-05-18,2018-05-18 10:30:00-04:00,2018-06-15 10:30:00-04:00,lower,6840.843789694816,2018-05-23 04:22:00-04:00
98_upper,98,2018-05-21,2018-05-21 10:30:00-04:00,2018-06-18 10:30:00-04:00,upper,6979.095730944206,2018-05-24 21:33:00-04:00
98_lower,98,2018-05-21,2018-05-21 10:30:00-04:00,2018-06-18 10:30:00-04:00,lower,6887.529269055794,2018-05-21 11:33:00-04:00
99_upper,99,2018-05-22,2018-05-22 10:30:00-04:00,2018-06-19 10:30:00-04:00,upper,6993.127250071431,2018-05-24 21:33:00-04:00
99_lower,99,2018-05-22,2018-05-22 10:30:00-04:00,2018-06-19 10:30:00-04:00,lower,6879.622749928569,2018-05-22 21:49:00-04:00
100_upper,100,2018-05-23,2018-05-23 10:30:00-04:00,2018-06-20 10:30:00-04:00,upper,6917.6417564885905,2018-05-23 14:06:00-04:00
100_lower,100,2018-05-23,2018-05-23 10:30:00-04:00,2018-06-20 10:30:00-04:00,lower,6802.4832435114095,
101_upper,101,2018-05-24,2018-05-24 10:30:00-04:00,2018-06-21 10:30:00-04:00,upper,7010.711105714548,2018-05-31 11:40:00-04:00
101_lower,101,2018-05-24,2018-05-24 10:30:00-04:00,2018-06-21 10:30:00-04:00,lower,6886.663894285452,2018-05-24 11:00:00-04:00
102_upper,102,2018-05-25,2018-05-25 10:30:00-04:00,2018-06-22 10:30:00-04:00,upper,7011.691738050095,2018-05-31 11:40:00-04:00
102_lower,102,2018-05-25,2018-05-25 10:30:00-04:00,2018-06-22 10:30:00-04:00,lower,6908.933261949905,2018-05-29 04:30:00-04:00
103_upper,103,2018-05-28,2018-05-28 10:30:00-04:00,2018-06-25 10:30:00-04:00,upper,7009.547572094821,2018-05-31 11:39:00-04:00
103_lower,103,2018-05-28,2018-05-28 10:30:00-04:00,2018-06-25 10:30:00-04:00,lower,6943.702427905179,2018-05-29 02:42:00-04:00
104_upper,104,2018-05-29,2018-05-29 10:30:00-04:00,2018-06-26 10:30:00-04:00,upper,6999.446159564099,2018-05-31 03:37:00-04:00
104_lower,104,2018-05-29,2018-05-29 10:30:00-04:00,2018-06-26 10:30:00-04:00,lower,6874.428840435901,
105_upper,105,2018-05-30,2018-05-30 10:30:00-04:00,2018-06-27 10:30:00-04:00,upper,7011.638926146974,2018-05-31 11:40:00-04:00
105_lower,105,2018-05-30,2018-05-30 10:30:00-04:00,2018-06-27 10:30:00-04:00,lower,6905.611073853026,
106_upper,106,2018-05-31,2018-05-31 10:30:00-04:00,2018-06-28 10:30:00-04:00,upper,7029.059804372275,2018-06-01 09:35:00-04:00
106_lower,106,2018-05-31,2018-05-31 10:30:00-04:00,2018-06-28 10:30:00-04:00,lower,6937.565195627725,
107_upper,107,2018-06-01,2018-06-01 10:30:00-04:00,2018-06-29 10:30:00-04:00,upper,7088.710690258242,2018-06-01 13:09:00-04:00
107_lower,107,2018-06-01,2018-06-01 10:30:00-04:00,2018-06-29 10:30:00-04:00,lower,6956.664309741758,2018-06-28 08:37:00-04:00
108_upper,108,2018-06-04,2018-06-04 10:30:00-04:00,2018-07-02 10:30:00-04:00,upper,7152.020448525391,2018-06-04 20:05:00-04:00
108_lower,108,2018-06-04,2018-06-04 10:30:00-04:00,2018-07-02 10:30:00-04:00,lower,7065.854551474609,2018-06-25 11:21:00-04:00
109_upper,109,2018-06-05,2018-06-05 10:30:00-04:00,2018-07-03 10:30:00-04:00,upper,7207.80767889317,2018-06-06 15:53:00-04:00
109_lower,109,2018-06-05,2018-06-05 10:30:00-04:00,2018-07-03 10:30:00-04:00,lower,7125.44232110683,2018-06-07 13:35:00-04:00
110_upper,110,2018-06-06,2018-06-06 10:30:00-04:00,2018-07-04 10:30:00-04:00,upper,7223.045732105999,2018-06-06 21:16:00-04:00
110_lower,110,2018-06-06,2018-06-06 10:30:00-04:00,2018-07-04 10:30:00-04:00,lower,7121.829267894001,2018-06-07 13:38:00-04:00
111_upper,111,2018-06-07,2018-06-07 10:30:00-04:00,2018-07-05 10:30:00-04:00,upper,7258.685457962999,2018-06-13 10:04:00-04:00
111_lower,111,2018-06-07,2018-06-07 10:30:00-04:00,2018-07-05 10:30:00-04:00,lower,7144.189542037001,2018-06-07 10:38:00-04:00
112_upper,112,2018-06-08,2018-06-08 10:30:00-04:00,2018-07-06 10:30:00-04:00,upper,7182.345191811963,2018-06-08 14:15:00-04:00
112_lower,112,2018-06-08,2018-06-08 10:30:00-04:00,2018-07-06 10:30:00-04:00,lower,7104.779808188037,2018-06-25 10:05:00-04:00
113_upper,113,2018-06-11,2018-06-11 10:30:00-04:00,2018-07-09 10:30:00-04:00,upper,7214.766583874294,2018-06-12 09:32:00-04:00
113_lower,113,2018-06-11,2018-06-11 10:30:00-04:00,2018-07-09 10:30:00-04:00,lower,7139.608416125706,2018-06-25 09:38:00-04:00
114_upper,114,2018-06-12,2018-06-12 10:30:00-04:00,2018-07-10 10:30:00-04:00,upper,7242.667995800701,2018-06-12 16:56:00-04:00
114_lower,114,2018-06-12,2018-06-12 10:30:00-04:00,2018-07-10 10:30:00-04:00,lower,7173.332004199299,2018-06-19 03:07:00-04:00
115_upper,115,2018-06-13,2018-06-13 10:30:00-04:00,2018-07-11 10:30:00-04:00,upper,7293.704099220191,2018-06-14 10:05:00-04:00
115_lower,115,2018-06-13,2018-06-13 10:30:00-04:00,2018-07-11 10:30:00-04:00,lower,7208.670900779809,2018-06-14 02:48:00-04:00
116_upper,116,2018-06-14,2018-06-14 10:30:00-04:00,2018-07-12 10:30:00-04:00,upper,7332.761330442189,2018-06-20 14:15:00-04:00
116_lower,116,2018-06-14,2018-06-14 10:30:00-04:00,2018-07-12 10:30:00-04:00,lower,7217.488669557811,2018-06-18 09:32:00-04:00
117_upper,117,2018-06-15,2018-06-15 10:30:00-04:00,2018-07-13 10:30:00-04:00,upper,7322.3792230690615,2018-06-20 12:03:00-04:00
117_lower,117,2018-06-15,2018-06-15 10:30:00-04:00,2018-07-13 10:30:00-04:00,lower,7225.4957769309385,2018-06-17 22:04:00-04:00
118_upper,118,2018-06-18,2018-06-18 10:30:00-04:00,2018-07-16 10:30:00-04:00,upper,7278.109862542355,2018-06-18 11:10:00-04:00
118_lower,118,2018-06-18,2018-06-18 10:30:00-04:00,2018-07-16 10:30:00-04:00,lower,7182.140137457645,2018-06-19 02:37:00-04:00
119_upper,119,2018-06-19,2018-06-19 10:30:00-04:00,2018-07-17 10:30:00-04:00,upper,7250.165156269624,2018-06-19 14:58:00-04:00
119_lower,119,2018-06-19,2018-06-19 10:30:00-04:00,2018-07-17 10:30:00-04:00,lower,7120.209843730376,2018-06-25 09:46:00-04:00
120_upper,120,2018-06-20,2018-06-20 10:30:00-04:00,2018-07-18 10:30:00-04:00,upper,7332.418086712762,2018-06-20 14:15:00-04:00
120_lower,120,2018-06-20,2018-06-20 10:30:00-04:00,2018-07-18 10:30:00-04:00,lower,7249.081913287238,2018-06-21 10:19:00-04:00
121_upper,121,2018-06-21,2018-06-21 10:30:00-04:00,2018-07-19 10:30:00-04:00,upper,7394.74936064487,2018-07-12 19:00:00-04:00
121_lower,121,2018-06-21,2018-06-21 10:30:00-04:00,2018-07-19 10:30:00-04:00,lower,7210.37563935513,2018-06-22 10:25:00-04:00
122_upper,122,2018-06-22,2018-06-22 10:30:00-04:00,2018-07-20 10:30:00-04:00,upper,7327.635243347157,2018-07-09 20:43:00-04:00
122_lower,122,2018-06-22,2018-06-22 10:30:00-04:00,2018-07-20 10:30:00-04:00,lower,7173.364756652843,2018-06-25 03:18:00-04:00
123_upper,123,2018-06-25,2018-06-25 10:30:00-04:00,2018-07-23 10:30:00-04:00,upper,7232.189713119684,2018-07-06 15:21:00-04:00
123_lower,123,2018-06-25,2018-06-25 10:30:00-04:00,2018-07-23 10:30:00-04:00,lower,7052.185286880316,2018-06-25 11:33:00-04:00
124_upper,124,2018-06-26,2018-06-26 10:30:00-04:00,2018-07-24 10:30:00-04:00,upper,7156.966282070537,2018-07-03 06:49:00-04:00
124_lower,124,2018-06-26,2018-06-26 10:30:00-04:00,2018-07-24 10:30:00-04:00,lower,7014.908717929463,2018-06-27 04:52:00-04:00
125_upper,125,2018-06-27,2018-06-27 10:30:00-04:00,2018-07-25 10:30:00-04:00,upper,7176.739989388088,2018-07-06 10:55:00-04:00
125_lower,125,2018-06-27,2018-06-27 10:30:00-04:00,2018-07-25 10:30:00-04:00,lower,7065.385010611912,2018-06-27 13:08:00-04:00
126_upper,126,2018-06-28,2018-06-28 10:30:00-04:00,2018-07-26 10:30:00-04:00,upper,7063.489924102156,2018-06-28 14:55:00-04:00
126_lower,126,2018-06-28,2018-06-28 10:30:00-04:00,2018-07-26 10:30:00-04:00,lower,6917.760075897844,
127_upper,127,2018-06-29,2018-06-29 10:30:00-04:00,2018-07-27 10:30:00-04:00,upper,7147.9923918290115,2018-07-03 06:06:00-04:00
127_lower,127,2018-06-29,2018-06-29 10:30:00-04:00,2018-07-27 10:30:00-04:00,lower,7035.6326081709885,2018-07-02 01:35:00-04:00
128_upper,128,2018-07-02,2018-07-02 10:30:00-04:00,2018-07-30 10:30:00-04:00,upper,7091.479980343414,2018-07-02 14:19:00-04:00
128_lower,128,2018-07-02,2018-07-02 10:30:00-04:00,2018-07-30 10:30:00-04:00,lower,6931.895019656586,
129_upper,129,2018-07-03,2018-07-03 10:30:00-04:00,2018-07-31 10:30:00-04:00,upper,7198.874824710298,2018-07-06 11:28:00-04:00
129_lower,129,2018-07-03,2018-07-03 10:30:00-04:00,2018-07-31 10:30:00-04:00,lower,7061.250175289702,2018-07-03 12:35:00-04:00
130_upper,130,2018-07-04,2018-07-04 10:30:00-04:00,2018-08-01 10:30:00-04:00,upper,7084.403768087364,2018-07-05 07:51:00-04:00
130_lower,130,2018-07-04,2018-07-04 10:30:00-04:00,2018-08-01 10:30:00-04:00,lower,7001.221231912636,
131_upper,131,2018-07-05,2018-07-05 10:30:00-04:00,2018-08-02 10:30:00-04:00,upper,7139.233701605768,2018-07-06 00:12:00-04:00
131_lower,131,2018-07-05,2018-07-05 10:30:00-04:00,2018-08-02 10:30:00-04:00,lower,7018.891298394232,
132_upper,132,2018-07-06,2018-07-06 10:30:00-04:00,2018-08-03 10:30:00-04:00,upper,7204.058752663048,2018-07-06 11:33:00-04:00
132_lower,132,2018-07-06,2018-07-06 10:30:00-04:00,2018-08-03 10:30:00-04:00,lower,7079.441247336952,
133_upper,133,2018-07-09,2018-07-09 10:30:00-04:00,2018-08-06 10:30:00-04:00,upper,7318.130703664103,2018-07-09 20:13:00-04:00
133_lower,133,2018-07-09,2018-07-09 10:30:00-04:00,2018-08-06 10:30:00-04:00,lower,7210.494296335897,2018-07-10 21:15:00-04:00
134_upper,134,2018-07-10,2018-07-10 10:30:00-04:00,2018-08-07 10:30:00-04:00,upper,7338.248620650269,2018-07-12 10:28:00-04:00
134_lower,134,2018-07-10,2018-07-10 10:30:00-04:00,2018-08-07 10:30:00-04:00,lower,7265.626379349731,2018-07-10 16:55:00-04:00
135_upper,135,2018-07-11,2018-07-11 10:30:00-04:00,2018-08-08 10:30:00-04:00,upper,7313.301243592362,2018-07-12 09:54:00-04:00
135_lower,135,2018-07-11,2018-07-11 10:30:00-04:00,2018-08-08 10:30:00-04:00,lower,7194.698756407638,2018-07-30 12:40:00-04:00
136_upper,136,2018-07-12,2018-07-12 10:30:00-04:00,2018-08-09 10:30:00-04:00,upper,7369.516851213899,2018-07-12 13:04:00-04:00
136_lower,136,2018-07-12,2018-07-12 10:30:00-04:00,2018-08-09 10:30:00-04:00,lower,7240.233148786101,2018-07-30 09:43:00-04:00
137_upper,137,2018-07-13,2018-07-13 10:30:00-04:00,2018-08-10 10:30:00-04:00,upper,7429.332189185821,2018-07-17 15:23:00-04:00
137_lower,137,2018-07-13,2018-07-13 10:30:00-04:00,2018-08-10 10:30:00-04:00,lower,7339.667810814179,2018-07-16 16:07:00-04:00
138_upper,138,2018-07-16,2018-07-16 10:30:00-04:00,2018-08-13 10:30:00-04:00,upper,7433.210963482335,2018-07-17 15:41:00-04:00
138_lower,138,2018-07-16,2018-07-16 10:30:00-04:00,2018-08-13 10:30:00-04:00,lower,7356.289036517665,2018-07-16 16:05:00-04:00
139_upper,139,2018-07-17,2018-07-17 10:30:00-04:00,2018-08-14 10:30:00-04:00,upper,7378.107085503032,2018-07-17 11:06:00-04:00
139_lower,139,2018-07-17,2018-07-17 10:30:00-04:00,2018-08-14 10:30:00-04:00,lower,7244.392914496968,2018-07-30 09:43:00-04:00
140_upper,140,2018-07-18,2018-07-18 10:30:00-04:00,2018-08-15 10:30:00-04:00,upper,7464.480298851291,2018-07-24 09:10:00-04:00
140_lower,140,2018-07-18,2018-07-18 10:30:00-04:00,2018-08-15 10:30:00-04:00,lower,7360.269701148709,2018-07-19 12:46:00-04:00
141_upper,141,2018-07-19,2018-07-19 10:30:00-04:00,2018-08-16 10:30:00-04:00,upper,7430.4054008601215,2018-07-23 16:13:00-04:00
141_lower,141,2018-07-19,2018-07-19 10:30:00-04:00,2018-08-16 10:30:00-04:00,lower,7330.4695991398785,2018-07-22 22:25:00-04:00
142_upper,142,2018-07-20,2018-07-20 10:30:00-04:00,2018-08-17 10:30:00-04:00,upper,7425.068233595201,2018-07-23 16:08:00-04:00
142_lower,142,2018-07-20,2018-07-20 10:30:00-04:00,2018-08-17 10:30:00-04:00,lower,7352.056766404799,2018-07-22 20:57:00-04:00
143_upper,143,2018-07-23,2018-07-23 10:30:00-04:00,2018-08-20 10:30:00-04:00,upper,7389.916045868373,2018-07-23 15:50:00-04:00
143_lower,143,2018-07-23,2018-07-23 10:30:00-04:00,2018-08-20 10:30:00-04:00,lower,7283.333954131627,2018-07-27 12:59:00-04:00
144_upper,144,2018-07-24,2018-07-24 10:30:00-04:00,2018-08-21 10:30:00-04:00,upper,7512.081094415934,2018-07-25 15:49:00-04:00
144_lower,144,2018-07-24,2018-07-24 10:30:00-04:00,2018-08-21 10:30:00-04:00,lower,7426.293905584066,2018-07-24 11:48:00-04:00
145_upper,145,2018-07-25,2018-07-25 10:30:00-04:00,2018-08-22 10:30:00-04:00,upper,7467.755180032613,2018-07-25 12:40:00-04:00
145_lower,145,2018-07-25,2018-07-25 10:30:00-04:00,2018-08-22 10:30:00-04:00,lower,7383.244819967387,2018-07-26 16:01:00-04:00
146_upper,146,2018-07-26,2018-07-26 10:30:00-04:00,2018-08-23 10:30:00-04:00,upper,7469.891299657635,2018-08-07 02:48:00-04:00
146_lower,146,2018-07-26,2018-07-26 10:30:00-04:00,2018-08-23 10:30:00-04:00,lower,7364.733700342365,2018-07-26 16:01:00-04:00
147_upper,147,2018-07-27,2018-07-27 10:30:00-04:00,2018-08-24 10:30:00-04:00,upper,7508.999118146517,
147_lower,147,2018-07-27,2018-07-27 10:30:00-04:00,2018-08-24 10:30:00-04:00,lower,7367.250881853483,2018-07-27 11:16:00-04:00
148_upper,148,2018-07-30,2018-07-30 10:30:00-04:00,2018-08-27 10:30:00-04:00,upper,7378.1053666361095,2018-08-02 13:34:00-04:00
148_lower,148,2018-07-30,2018-07-30 10:30:00-04:00,2018-08-27 10:30:00-04:00,lower,7187.6446333638905,2018-07-30 12:41:00-04:00
149_upper,149,2018-07-31,2018-07-31 10:30:00-04:00,2018-08-28 10:30:00-04:00,upper,7314.070677004336,2018-08-02 11:26:00-04:00
149_lower,149,2018-07-31,2018-07-31 10:30:00-04:00,2018-08-28 10:30:00-04:00,lower,7142.179322995664,
150_upper,150,2018-08-01,2018-08-01 10:30:00-04:00,2018-08-29 10:30:00-04:00,upper,7333.602013557345,2018-08-02 11:35:00-04:00
150_lower,150,2018-08-01,2018-08-01 10:30:00-04:00,2018-08-29 10:30:00-04:00,lower,7215.522986442655,2018-08-02 08:07:00-04:00
151_upper,151,2018-08-02,2018-08-02 10:30:00-04:00,2018-08-30 10:30:00-04:00,upper,7323.049299937381,2018-08-02 11:30:00-04:00
151_lower,151,2018-08-02,2018-08-02 10:30:00-04:00,2018-08-30 10:30:00-04:00,lower,7167.575700062619,
152_upper,152,2018-08-03,2018-08-03 10:30:00-04:00,2018-08-31 10:30:00-04:00,upper,7437.3446802879935,2018-08-06 12:57:00-04:00
152_lower,152,2018-08-03,2018-08-03 10:30:00-04:00,2018-08-31 10:30:00-04:00,lower,7336.0303197120065,2018-08-15 10:17:00-04:00
153_upper,153,2018-08-06,2018-08-06 10:30:00-04:00,2018-09-03 10:30:00-04:00,upper,7447.284425226327,2018-08-06 13:16:00-04:00
153_lower,153,2018-08-06,2018-08-06 10:30:00-04:00,2018-09-03 10:30:00-04:00,lower,7357.340574773673,2018-08-15 10:02:00-04:00
154_upper,154,2018-08-07,2018-08-07 10:30:00-04:00,2018-09-04 10:30:00-04:00,upper,7510.502727764935,2018-08-26 18:25:00-04:00
154_lower,154,2018-08-07,2018-08-07 10:30:00-04:00,2018-09-04 10:30:00-04:00,lower,7425.497272235065,2018-08-10 06:04:00-04:00
155_upper,155,2018-08-08,2018-08-08 10:30:00-04:00,2018-09-05 10:30:00-04:00,upper,7501.991476927421,2018-08-09 10:32:00-04:00
155_lower,155,2018-08-08,2018-08-08 10:30:00-04:00,2018-09-05 10:30:00-04:00,lower,7420.133523072579,2018-08-10 09:05:00-04:00
156_upper,156,2018-08-09,2018-08-09 10:30:00-04:00,2018-09-06 10:30:00-04:00,upper,7523.189075758597,2018-08-26 19:44:00-04:00
156_lower,156,2018-08-09,2018-08-09 10:30:00-04:00,2018-09-06 10:30:00-04:00,lower,7436.435924241403,2018-08-10 01:32:00-04:00
157_upper,157,2018-08-10,2018-08-10 10:30:00-04:00,2018-09-07 10:30:00-04:00,upper,7469.690258370605,2018-08-13 10:10:00-04:00
157_lower,157,2018-08-10,2018-08-10 10:30:00-04:00,2018-09-07 10:30:00-04:00,lower,7383.559741629395,2018-08-13 00:16:00-04:00
158_upper,158,2018-08-13,2018-08-13 10:30:00-04:00,2018-09-10 10:30:00-04:00,upper,7503.500669919607,2018-08-26 18:02:00-04:00
158_lower,158,2018-08-13,2018-08-13 10:30:00-04:00,2018-09-10 10:30:00-04:00,lower,7380.374330080393,2018-08-15 09:55:00-04:00
159_upper,159,2018-08-14,2018-08-14 10:30:00-04:00,2018-09-11 10:30:00-04:00,upper,7492.526483326745,2018-08-24 10:47:00-04:00
159_lower,159,2018-08-14,2018-08-14 10:30:00-04:00,2018-09-11 10:30:00-04:00,lower,7365.473516673255,2018-08-15 10:00:00-04:00
160_upper,160,2018-08-15,2018-08-15 10:30:00-04:00,2018-09-12 10:30:00-04:00,upper,7481.1428868648945,2018-08-24 10:35:00-04:00
160_lower,160,2018-08-15,2018-08-15 10:30:00-04:00,2018-09-12 10:30:00-04:00,lower,7285.1071131351055,
161_upper,161,2018-08-16,2018-08-16 10:30:00-04:00,2018-09-13 10:30:00-04:00,upper,7459.129160047825,2018-08-23 09:46:00-04:00
161_lower,161,2018-08-16,2018-08-16 10:30:00-04:00,2018-09-13 10:30:00-04:00,lower,7367.620839952175,2018-08-17 06:01:00-04:00
162_upper,162,2018-08-17,2018-08-17 10:30:00-04:00,2018-09-14 10:30:00-04:00,upper,7427.883856933523,2018-08-21 09:54:00-04:00
162_lower,162,2018-08-17,2018-08-17 10:30:00-04:00,2018-09-14 10:30:00-04:00,lower,7290.616143066477,
163_upper,163,2018-08-20,2018-08-20 10:30:00-04:00,2018-09-17 10:30:00-04:00,upper,7453.977465281063,2018-08-23 09:42:00-04:00
163_lower,163,2018-08-20,2018-08-20 10:30:00-04:00,2018-09-17 10:30:00-04:00,lower,7331.897534718937,
164_upper,164,2018-08-21,2018-08-21 10:30:00-04:00,2018-09-18 10:30:00-04:00,upper,7452.902840121966,2018-08-23 09:42:00-04:00
164_lower,164,2018-08-21,2018-08-21 10:30:00-04:00,2018-09-18 10:30:00-04:00,lower,7363.972159878034,2018-08-21 18:59:00-04:00
165_upper,165,2018-08-22,2018-08-22 10:30:00-04:00,2018-09-19 10:30:00-04:00,upper,7442.670469109962,2018-08-22 15:32:00-04:00
165_lower,165,2018-08-22,2018-08-22 10:30:00-04:00,2018-09-19 10:30:00-04:00,lower,7346.829530890038,
166_upper,166,2018-08-23,2018-08-23 10:30:00-04:00,2018-09-20 10:30:00-04:00,upper,7495.29980567954,2018-08-24 10:49:00-04:00
166_lower,166,2018-08-23,2018-08-23 10:30:00-04:00,2018-09-20 10:30:00-04:00,lower,7376.07519432046,
167_upper,167,2018-08-24,2018-08-24 10:30:00-04:00,2018-09-21 10:30:00-04:00,upper,7496.5145444342015,2018-08-24 11:35:00-04:00
167_lower,167,2018-08-24,2018-08-24 10:30:00-04:00,2018-09-21 10:30:00-04:00,lower,7411.7354555657985,2018-09-06 13:01:00-04:00
168_upper,168,2018-08-27,2018-08-27 10:30:00-04:00,2018-09-24 10:30:00-04:00,upper,7590.55216020712,2018-08-27 21:03:00-04:00
168_lower,168,2018-08-27,2018-08-27 10:30:00-04:00,2018-09-24 10:30:00-04:00,lower,7481.57283979288,2018-09-06 10:10:00-04:00
169_upper,169,2018-08-28,2018-08-28 10:30:00-04:00,2018-09-25 10:30:00-04:00,upper,7624.075535560129,2018-08-29 10:29:00-04:00
169_lower,169,2018-08-28,2018-08-28 10:30:00-04:00,2018-09-25 10:30:00-04:00,lower,7549.549464439871,2018-09-05 10:01:00-04:00
170_upper,170,2018-08-29,2018-08-29 10:30:00-04:00,2018-09-26 10:30:00-04:00,upper,7647.112132655831,2018-08-29 11:23:00-04:00
170_lower,170,2018-08-29,2018-08-29 10:30:00-04:00,2018-09-26 10:30:00-04:00,lower,7551.387867344169,2018-09-05 10:01:00-04:00
171_upper,171,2018-08-30,2018-08-30 10:30:00-04:00,2018-09-27 10:30:00-04:00,upper,7692.276857560281,2018-08-30 12:52:00-04:00
171_lower,171,2018-08-30,2018-08-30 10:30:00-04:00,2018-09-27 10:30:00-04:00,lower,7613.598142439719,2018-09-04 09:36:00-04:00
172_upper,172,2018-08-31,2018-08-31 10:30:00-04:00,2018-09-28 10:30:00-04:00,upper,7707.707119226245,
172_lower,172,2018-08-31,2018-08-31 10:30:00-04:00,2018-09-28 10:30:00-04:00,lower,7595.542880773755,2018-09-04 09:40:00-04:00
173_upper,173,2018-09-03,2018-09-03 10:30:00-04:00,2018-10-01 10:30:00-04:00,upper,7699.710619279597,2018-09-30 22:17:00-04:00
173_lower,173,2018-09-03,2018-09-03 10:30:00-04:00,2018-10-01 10:30:00-04:00,lower,7642.664380720403,2018-09-04 07:30:00-04:00
174_upper,174,2018-09-04,2018-09-04 10:30:00-04:00,2018-10-02 10:30:00-04:00,upper,7695.297332721562,2018-09-30 19:24:00-04:00
174_lower,174,2018-09-04,2018-09-04 10:30:00-04:00,2018-10-02 10:30:00-04:00,lower,7559.452667278438,2018-09-05 09:59:00-04:00
175_upper,175,2018-09-05,2018-09-05 10:30:00-04:00,2018-10-03 10:30:00-04:00,upper,7691.0816129401865,2018-09-30 19:24:00-04:00
175_lower,175,2018-09-05,2018-09-05 10:30:00-04:00,2018-10-03 10:30:00-04:00,lower,7488.4183870598135,2018-09-06 09:42:00-04:00
176_upper,176,2018-09-06,2018-09-06 10:30:00-04:00,2018-10-04 10:30:00-04:00,upper,7598.237035260228,2018-09-13 20:00:00-04:00
176_lower,176,2018-09-06,2018-09-06 10:30:00-04:00,2018-10-04 10:30:00-04:00,lower,7432.137964739772,2018-09-06 10:49:00-04:00
177_upper,177,2018-09-07,2018-09-07 10:30:00-04:00,2018-10-05 10:30:00-04:00,upper,7514.719916860284,2018-09-11 11:59:00-04:00
177_lower,177,2018-09-07,2018-09-07 10:30:00-04:00,2018-10-05 10:30:00-04:00,lower,7335.530083139716,
178_upper,178,2018-09-10,2018-09-10 10:30:00-04:00,2018-10-08 10:30:00-04:00,upper,7533.268474956705,2018-09-12 03:49:00-04:00
178_lower,178,2018-09-10,2018-09-10 10:30:00-04:00,2018-10-08 10:30:00-04:00,lower,7383.106525043295,2018-10-05 12:31:00-04:00
179_upper,179,2018-09-11,2018-09-11 10:30:00-04:00,2018-10-09 10:30:00-04:00,upper,7513.133046676426,2018-09-11 11:59:00-04:00
179_lower,179,2018-09-11,2018-09-11 10:30:00-04:00,2018-10-09 10:30:00-04:00,lower,7351.241953323574,2018-10-05 13:27:00-04:00
180_upper,180,2018-09-12,2018-09-12 10:30:00-04:00,2018-10-10 10:30:00-04:00,upper,7557.668149335189,2018-09-13 09:36:00-04:00
180_lower,180,2018-09-12,2018-09-12 10:30:00-04:00,2018-10-10 10:30:00-04:00,lower,7419.206850664811,2018-10-05 11:18:00-04:00
181_upper,181,2018-09-13,2018-09-13 10:30:00-04:00,2018-10-11 10:30:00-04:00,upper,7603.597430607437,2018-09-13 20:05:00-04:00
181_lower,181,2018-09-13,2018-09-13 10:30:00-04:00,2018-10-11 10:30:00-04:00,lower,7485.527569392563,2018-09-17 10:55:00-04:00
182_upper,182,2018-09-14,2018-09-14 10:30:00-04:00,2018-10-12 10:30:00-04:00,upper,7643.52348633084,2018-09-26 14:02:00-04:00
182_lower,182,2018-09-14,2018-09-14 10:30:00-04:00,2018-10-12 10:30:00-04:00,lower,7556.35151366916,2018-09-14 12:22:00-04:00
183_upper,183,2018-09-17,2018-09-17 10:30:00-04:00,2018-10-15 10:30:00-04:00,upper,7619.299807586163,2018-09-21 01:02:00-04:00
183_lower,183,2018-09-17,2018-09-17 10:30:00-04:00,2018-10-15 10:30:00-04:00,lower,7470.950192413837,2018-09-17 15:33:00-04:00
184_upper,184,2018-09-18,2018-09-18 10:30:00-04:00,2018-10-16 10:30:00-04:00,upper,7570.61645223126,2018-09-20 08:16:00-04:00
184_lower,184,2018-09-18,2018-09-18 10:30:00-04:00,2018-10-16 10:30:00-04:00,lower,7406.50854776874,2018-10-05 11:45:00-04:00
185_upper,185,2018-09-19,2018-09-19 10:30:00-04:00,2018-10-17 10:30:00-04:00,upper,7596.404138631538,2018-09-20 10:02:00-04:00
185_lower,185,2018-09-19,2018-09-19 10:30:00-04:00,2018-10-17 10:30:00-04:00,lower,7439.220861368462,2018-10-05 11:10:00-04:00
186_upper,186,2018-09-20,2018-09-20 10:30:00-04:00,2018-10-18 10:30:00-04:00,upper,7638.151725611277,2018-09-26 11:29:00-04:00
186_lower,186,2018-09-20,2018-09-20 10:30:00-04:00,2018-10-18 10:30:00-04:00,lower,7514.473274388723,2018-09-23 18:54:00-04:00
187_upper,187,2018-09-21,2018-09-21 10:30:00-04:00,2018-10-19 10:30:00-04:00,upper,7675.5493265197965,2018-09-27 10:50:00-04:00
187_lower,187,2018-09-21,2018-09-21 10:30:00-04:00,2018-10-19 10:30:00-04:00,lower,7557.8256734802035,2018-09-21 15:35:00-04:00
188_upper,188,2018-09-24,2018-09-24 10:30:00-04:00,2018-10-22 10:30:00-04:00,upper,7575.265699926683,2018-09-24 13:59:00-04:00
188_lower,188,2018-09-24,2018-09-24 10:30:00-04:00,2018-10-22 10:30:00-04:00,lower,7437.609300073317,2018-10-05 11:11:00-04:00
189_upper,189,2018-09-25,2018-09-25 10:30:00-04:00,2018-10-23 10:30:00-04:00,upper,7614.13978952054,2018-09-25 21:34:00-04:00
189_lower,189,2018-09-25,2018-09-25 10:30:00-04:00,2018-10-23 10:30:00-04:00,lower,7533.11021047946,2018-10-04 11:33:00-04:00
190_upper,190,2018-09-26,2018-09-26 10:30:00-04:00,2018-10-24 10:30:00-04:00,upper,7644.271242104838,2018-09-26 14:02:00-04:00
190_lower,190,2018-09-26,2018-09-26 10:30:00-04:00,2018-10-24 10:30:00-04:00,lower,7559.103757895162,2018-10-04 10:20:00-04:00
191_upper,191,2018-09-27,2018-09-27 10:30:00-04:00,2018-10-25 10:30:00-04:00,upper,7700.077917331119,2018-09-30 22:17:00-04:00
191_lower,191,2018-09-27,2018-09-27 10:30:00-04:00,2018-10-25 10:30:00-04:00,lower,7574.297082668881,2018-10-04 10:01:00-04:00
192_upper,192,2018-09-28,2018-09-28 10:30:00-04:00,2018-10-26 10:30:00-04:00,upper,7679.803222365013,2018-09-30 18:00:00-04:00
192_lower,192,2018-09-28,2018-09-28 10:30:00-04:00,2018-10-26 10:30:00-04:00,lower,7592.821777634987,2018-10-04 09:37:00-04:00
193_upper,193,2018-10-01,2018-10-01 10:30:00-04:00,2018-10-29 10:30:00-04:00,upper,7753.360713630202,
193_lower,193,2018-10-01,2018-10-01 10:30:00-04:00,2018-10-29 10:30:00-04:00,lower,7655.139286369798,2018-10-01 15:34:00-04:00
194_upper,194,2018-10-02,2018-10-02 10:30:00-04:00,2018-10-30 10:30:00-04:00,upper,7716.448366263481,
194_lower,194,2018-10-02,2018-10-02 10:30:00-04:00,2018-10-30 10:30:00-04:00,lower,7604.301633736519,2018-10-04 05:07:00-04:00
195_upper,195,2018-10-03,2018-10-03 10:30:00-04:00,2018-10-31 10:30:00-04:00,upper,7728.834496405901,
195_lower,195,2018-10-03,2018-10-03 10:30:00-04:00,2018-10-31 10:30:00-04:00,lower,7646.165503594099,2018-10-03 16:57:00-04:00
196_upper,196,2018-10-04,2018-10-04 10:30:00-04:00,2018-11-01 10:30:00-04:00,upper,7695.246076101017,
196_lower,196,2018-10-04,2018-10-04 10:30:00-04:00,2018-11-01 10:30:00-04:00,lower,7520.878923898983,2018-10-04 11:50:00-04:00
197_upper,197,2018-10-05,2018-10-05 10:30:00-04:00,2018-11-02 10:30:00-04:00,upper,7583.920476660933,
197_lower,197,2018-10-05,2018-10-05 10:30:00-04:00,2018-11-02 10:30:00-04:00,lower,7425.579523339067,2018-10-05 11:18:00-04:00
198_upper,198,2018-10-08,2018-10-08 10:30:00-04:00,2018-11-05 10:30:00-05:00,upper,7479.973946326938,
198_lower,198,2018-10-08,2018-10-08 10:30:00-04:00,2018-11-05 10:30:00-05:00,lower,7305.651053673062,2018-10-08 11:41:00-04:00
199_upper,199,2018-10-09,2018-10-09 10:30:00-04:00,2018-11-06 10:30:00-05:00,upper,7480.093526613036,
199_lower,199,2018-10-09,2018-10-09 10:30:00-04:00,2018-11-06 10:30:00-05:00,lower,7301.906473386964,2018-10-10 09:47:00-04:00
200_upper,200,2018-10-10,2018-10-10 10:30:00-04:00,2018-11-07 10:30:00-05:00,upper,7448.051367516066,
200_lower,200,2018-10-10,2018-10-10 10:30:00-04:00,2018-11-07 10:30:00-05:00,lower,7198.573632483934,2018-10-10 14:07:00-04:00
201_upper,201,2018-10-11,2018-10-11 10:30:00-04:00,2018-11-08 10:30:00-05:00,upper,7205.143658027297,2018-10-16 11:13:00-04:00
201_lower,201,2018-10-11,2018-10-11 10:30:00-04:00,2018-11-08 10:30:00-05:00,lower,6905.356341972703,2018-10-24 15:02:00-04:00
202_upper,202,2018-10-12,2018-10-12 10:30:00-04:00,2018-11-09 10:30:00-05:00,upper,7251.685457159432,2018-10-16 13:17:00-04:00
202_lower,202,2018-10-12,2018-10-12 10:30:00-04:00,2018-11-09 10:30:00-05:00,lower,7056.439542840568,2018-10-12 12:41:00-04:00
203_upper,203,2018-10-15,2018-10-15 10:30:00-04:00,2018-11-12 10:30:00-05:00,upper,7249.101085669146,2018-10-16 13:17:00-04:00
203_lower,203,2018-10-15,2018-10-15 10:30:00-04:00,2018-11-12 10:30:00-05:00,lower,7010.273914330854,2018-10-23 09:20:00-04:00
204_upper,204,2018-10-16,2018-10-16 10:30:00-04:00,2018-11-13 10:30:00-05:00,upper,7246.6693810934285,2018-10-16 13:00:00-04:00
204_lower,204,2018-10-16,2018-10-16 10:30:00-04:00,2018-11-13 10:30:00-05:00,lower,7088.3306189065715,2018-10-21 18:00:00-04:00
205_upper,205,2018-10-17,2018-10-17 10:30:00-04:00,2018-11-14 10:30:00-05:00,upper,7413.980047006487,
205_lower,205,2018-10-17,2018-10-17 10:30:00-04:00,2018-11-14 10:30:00-05:00,lower,7205.769952993513,2018-10-18 11:20:00-04:00
206_upper,206,2018-10-18,2018-10-18 10:30:00-04:00,2018-11-15 10:30:00-05:00,upper,7332.7816416830965,
206_lower,206,2018-10-18,2018-10-18 10:30:00-04:00,2018-11-15 10:30:00-05:00,lower,7174.3433583169035,2018-10-18 11:33:00-04:00
207_upper,207,2018-10-19,2018-10-19 10:30:00-04:00,2018-11-16 10:30:00-05:00,upper,7287.04230789839,
207_lower,207,2018-10-19,2018-10-19 10:30:00-04:00,2018-11-16 10:30:00-05:00,lower,7095.70769210161,2018-10-19 14:06:00-04:00
208_upper,208,2018-10-22,2018-10-22 10:30:00-04:00,2018-11-19 10:30:00-05:00,upper,7253.323527679858,
208_lower,208,2018-10-22,2018-10-22 10:30:00-04:00,2018-11-19 10:30:00-05:00,lower,7048.926472320142,2018-10-23 02:40:00-04:00
209_upper,209,2018-10-23,2018-10-23 10:30:00-04:00,2018-11-20 10:30:00-05:00,upper,7128.955640972259,2018-10-23 14:24:00-04:00
209_lower,209,2018-10-23,2018-10-23 10:30:00-04:00,2018-11-20 10:30:00-05:00,lower,6893.919359027741,2018-10-24 15:20:00-04:00
210_upper,210,2018-10-24,2018-10-24 10:30:00-04:00,2018-11-21 10:30:00-05:00,upper,7205.063181879903,2018-11-07 15:56:00-05:00
210_lower,210,2018-10-24,2018-10-24 10:30:00-04:00,2018-11-21 10:30:00-05:00,lower,7010.186818120097,2018-10-24 11:08:00-04:00
211_upper,211,2018-10-25,2018-10-25 10:30:00-04:00,2018-11-22 10:30:00-05:00,upper,7064.6123307596345,2018-10-25 14:42:00-04:00
211_lower,211,2018-10-25,2018-10-25 10:30:00-04:00,2018-11-22 10:30:00-05:00,lower,6776.2626692403655,2018-10-26 05:20:00-04:00
212_upper,212,2018-10-26,2018-10-26 10:30:00-04:00,2018-11-23 10:30:00-05:00,upper,6948.886901354864,2018-10-26 12:46:00-04:00
212_lower,212,2018-10-26,2018-10-26 10:30:00-04:00,2018-11-23 10:30:00-05:00,lower,6681.363098645136,2018-10-29 15:14:00-04:00
213_upper,213,2018-10-29,2018-10-29 10:30:00-04:00,2018-11-26 10:30:00-05:00,upper,7048.882916298016,2018-11-01 12:59:00-04:00
213_lower,213,2018-10-29,2018-10-29 10:30:00-04:00,2018-11-26 10:30:00-05:00,lower,6855.492083701984,2018-10-29 11:58:00-04:00
214_upper,214,2018-10-30,2018-10-30 10:30:00-04:00,2018-11-27 10:30:00-05:00,upper,6871.102077254832,2018-10-31 03:05:00-04:00
214_lower,214,2018-10-30,2018-10-30 10:30:00-04:00,2018-11-27 10:30:00-05:00,lower,6556.397922745168,2018-11-20 07:53:00-05:00
215_upper,215,2018-10-31,2018-10-31 10:30:00-04:00,2018-11-28 10:30:00-05:00,upper,7069.438180076795,2018-11-01 13:27:00-04:00
215_lower,215,2018-10-31,2018-10-31 10:30:00-04:00,2018-11-28 10:30:00-05:00,lower,6832.561819923205,2018-11-12 11:19:00-05:00
216_upper,216,2018-11-01,2018-11-01 10:30:00-04:00,2018-11-29 10:30:00-05:00,upper,7082.928192211169,2018-11-02 01:03:00-04:00
216_lower,216,2018-11-01,2018-11-01 10:30:00-04:00,2018-11-29 10:30:00-05:00,lower,6882.446807788831,2018-11-05 10:10:00-05:00
217_upper,217,2018-11-02,2018-11-02 10:30:00-04:00,2018-11-30 10:30:00-05:00,upper,7165.062296225073,2018-11-07 10:54:00-05:00
217_lower,217,2018-11-02,2018-11-02 10:30:00-04:00,2018-11-30 10:30:00-05:00,lower,6922.687703774927,2018-11-02 12:55:00-04:00
218_upper,218,2018-11-05,2018-11-05 10:30:00-05:00,2018-12-03 10:30:00-05:00,upper,7061.41202286573,2018-11-06 21:06:00-05:00
218_lower,218,2018-11-05,2018-11-05 10:30:00-05:00,2018-12-03 10:30:00-05:00,lower,6826.46297713427,2018-11-12 11:33:00-05:00
219_upper,219,2018-11-06,2018-11-06 10:30:00-05:00,2018-12-04 10:30:00-05:00,upper,7074.295927173807,2018-11-06 21:10:00-05:00
219_lower,219,2018-11-06,2018-11-06 10:30:00-05:00,2018-12-04 10:30:00-05:00,lower,6853.829072826193,2018-11-12 11:15:00-05:00
220_upper,220,2018-11-07,2018-11-07 10:30:00-05:00,2018-12-06 10:30:00-05:00,upper,7181.7351679049525,2018-11-07 11:59:00-05:00
220_lower,220,2018-11-07,2018-11-07 10:30:00-05:00,2018-12-06 10:30:00-05:00,lower,6994.2648320950475,2018-11-09 14:13:00-05:00
221_upper,221,2018-11-08,2018-11-08 10:30:00-05:00,2018-12-07 10:30:00-05:00,upper,7245.9941973747345,
221_lower,221,2018-11-08,2018-11-08 10:30:00-05:00,2018-12-07 10:30:00-05:00,lower,7111.5058026252655,2018-11-09 03:25:00-05:00
222_upper,222,2018-11-09,2018-11-09 10:30:00-05:00,2018-12-10 10:30:00-05:00,upper,7172.855228189985,
222_lower,222,2018-11-09,2018-11-09 10:30:00-05:00,2018-12-10 10:30:00-05:00,lower,7007.769771810015,2018-11-09 13:32:00-05:00
223_upper,223,2018-11-12,2018-11-12 10:30:00-05:00,2018-12-11 10:30:00-05:00,upper,7084.177993729763,2018-12-02 18:01:00-05:00
223_lower,223,2018-11-12,2018-11-12 10:30:00-05:00,2018-12-11 10:30:00-05:00,lower,6868.197006270237,2018-11-12 11:00:00-05:00
224_upper,224,2018-11-13,2018-11-13 10:30:00-05:00,2018-12-12 10:30:00-05:00,upper,6975.146058905253,2018-12-02 18:00:00-05:00
224_lower,224,2018-11-13,2018-11-13 10:30:00-05:00,2018-12-12 10:30:00-05:00,lower,6767.103941094747,2018-11-14 13:44:00-05:00
225_upper,225,2018-11-14,2018-11-14 10:30:00-05:00,2018-12-13 10:30:00-05:00,upper,7004.7912833909995,2018-12-02 18:00:00-05:00
225_lower,225,2018-11-14,2018-11-14 10:30:00-05:00,2018-12-13 10:30:00-05:00,lower,6778.9587166090005,2018-11-14 12:59:00-05:00
226_upper,226,2018-11-15,2018-11-15 10:30:00-05:00,2018-12-14 10:30:00-05:00,upper,6867.125894212969,2018-11-15 13:30:00-05:00
226_lower,226,2018-11-15,2018-11-15 10:30:00-05:00,2018-12-14 10:30:00-05:00,lower,6675.874105787031,2018-11-19 12:07:00-05:00
227_upper,227,2018-11-16,2018-11-16 10:30:00-05:00,2018-12-17 10:30:00-05:00,upper,6936.02854511683,2018-11-29 14:51:00-05:00
227_lower,227,2018-11-16,2018-11-16 10:30:00-05:00,2018-12-17 10:30:00-05:00,lower,6745.97145488317,2018-11-19 10:22:00-05:00
228_upper,228,2018-11-19,2018-11-19 10:30:00-05:00,2018-12-18 10:30:00-05:00,upper,6941.138458482122,2018-11-29 14:59:00-05:00
228_lower,228,2018-11-19,2018-11-19 10:30:00-05:00,2018-12-18 10:30:00-05:00,lower,6697.486541517878,2018-11-19 11:51:00-05:00
229_upper,229,2018-11-20,2018-11-20 10:30:00-05:00,2018-12-19 10:30:00-05:00,upper,6619.70047294533,2018-11-20 12:04:00-05:00
229_lower,229,2018-11-20,2018-11-20 10:30:00-05:00,2018-12-19 10:30:00-05:00,lower,6385.54952705467,
230_upper,230,2018-11-21,2018-11-21 10:30:00-05:00,2018-12-20 10:30:00-05:00,upper,6712.091422665102,2018-11-27 02:34:00-05:00
230_lower,230,2018-11-21,2018-11-21 10:30:00-05:00,2018-12-20 10:30:00-05:00,lower,6515.783577334898,2018-11-22 10:59:00-05:00
231_upper,231,2018-11-22,2018-11-22 10:30:00-05:00,2018-12-21 10:30:00-05:00,upper,6608.000126974957,2018-11-26 03:01:00-05:00
231_lower,231,2018-11-22,2018-11-22 10:30:00-05:00,2018-12-21 10:30:00-05:00,lower,6476.374873025043,2018-12-17 15:09:00-05:00
232_upper,232,2018-11-23,2018-11-23 10:30:00-05:00,2018-12-24 10:30:00-05:00,upper,6639.600673522922,2018-11-26 03:34:00-05:00
232_lower,232,2018-11-23,2018-11-23 10:30:00-05:00,2018-12-24 10:30:00-05:00,lower,6455.774326477078,2018-12-17 15:25:00-05:00
233_upper,233,2018-11-26,2018-11-26 10:30:00-05:00,2018-12-26 10:30:00-05:00,upper,6719.125306844095,2018-11-27 11:04:00-05:00
233_lower,233,2018-11-26,2018-11-26 10:30:00-05:00,2018-12-26 10:30:00-05:00,lower,6537.499693155905,2018-12-10 11:24:00-05:00
234_upper,234,2018-11-27,2018-11-27 10:30:00-05:00,2018-12-27 10:30:00-05:00,upper,6762.332773375287,2018-11-28 09:30:00-05:00
234_lower,234,2018-11-27,2018-11-27 10:30:00-05:00,2018-12-27 10:30:00-05:00,lower,6546.792226624713,2018-12-10 11:02:00-05:00
235_upper,235,2018-11-28,2018-11-28 10:30:00-05:00,2018-12-28 10:30:00-05:00,upper,6812.70179625458,2018-11-28 12:08:00-05:00
235_lower,235,2018-11-28,2018-11-28 10:30:00-05:00,2018-12-28 10:30:00-05:00,lower,6687.92320374542,2018-12-05 18:01:00-05:00
236_upper,236,2018-11-29,2018-11-29 10:30:00-05:00,2018-12-31 10:30:00-05:00,upper,6961.052519112992,2018-11-30 16:11:00-05:00
236_lower,236,2018-11-29,2018-11-29 10:30:00-05:00,2018-12-31 10:30:00-05:00,lower,6818.322480887008,2018-12-04 13:40:00-05:00
237_upper,237,2018-11-30,2018-11-30 10:30:00-05:00,2019-01-02 10:30:00-05:00,upper,6966.9702188220235,2018-11-30 16:14:00-05:00
237_lower,237,2018-11-30,2018-11-30 10:30:00-05:00,2019-01-02 10:30:00-05:00,lower,6833.2797811779765,2018-12-04 13:39:00-05:00
238_upper,238,2018-12-03,2018-12-03 10:30:00-05:00,2019-01-03 10:30:00-05:00,upper,7174.880081432955,
238_lower,238,2018-12-03,2018-12-03 10:30:00-05:00,2019-01-03 10:30:00-05:00,lower,6995.119918567045,2018-12-04 00:28:00-05:00
239_upper,239,2018-12-04,2018-12-04 10:30:00-05:00,2019-01-04 10:30:00-05:00,upper,7090.49457964799,
239_lower,239,2018-12-04,2018-12-04 10:30:00-05:00,2019-01-04 10:30:00-05:00,lower,6969.88042035201,2018-12-04 12:05:00-05:00
240_upper,240,2018-12-06,2018-12-06 10:30:00-05:00,2019-01-07 10:30:00-05:00,upper,6778.770194154545,2018-12-06 12:32:00-05:00
240_lower,240,2018-12-06,2018-12-06 10:30:00-05:00,2019-01-07 10:30:00-05:00,lower,6570.229805845455,2018-12-09 18:47:00-05:00
241_upper,241,2018-12-07,2018-12-07 10:30:00-05:00,2019-01-08 10:30:00-05:00,upper,6925.3247488027655,
241_lower,241,2018-12-07,2018-12-07 10:30:00-05:00,2019-01-08 10:30:00-05:00,lower,6685.3002511972345,2018-12-07 11:56:00-05:00
242_upper,242,2018-12-10,2018-12-10 10:30:00-05:00,2019-01-09 10:30:00-05:00,upper,6728.786304869839,2018-12-11 05:13:00-05:00
242_lower,242,2018-12-10,2018-12-10 10:30:00-05:00,2019-01-09 10:30:00-05:00,lower,6503.713695130161,2018-12-17 14:03:00-05:00
243_upper,243,2018-12-11,2018-12-11 10:30:00-05:00,2019-01-10 10:30:00-05:00,upper,6865.291593357671,2018-12-12 11:53:00-05:00
243_lower,243,2018-12-11,2018-12-11 10:30:00-05:00,2019-01-10 10:30:00-05:00,lower,6696.208406642329,2018-12-11 12:18:00-05:00
244_upper,244,2018-12-12,2018-12-12 10:30:00-05:00,2019-01-11 10:30:00-05:00,upper,6893.948319865581,
244_lower,244,2018-12-12,2018-12-12 10:30:00-05:00,2019-01-11 10:30:00-05:00,lower,6721.801680134419,2018-12-13 20:28:00-05:00
245_upper,245,2018-12-13,2018-12-13 10:30:00-05:00,2019-01-14 10:30:00-05:00,upper,6894.13789316711,
245_lower,245,2018-12-13,2018-12-13 10:30:00-05:00,2019-01-14 10:30:00-05:00,lower,6721.73710683289,2018-12-13 20:28:00-05:00
246_upper,246,2018-12-14,2018-12-14 10:30:00-05:00,2019-01-15 10:30:00-05:00,upper,6792.458950990362,
246_lower,246,2018-12-14,2018-12-14 10:30:00-05:00,2019-01-15 10:30:00-05:00,lower,6629.291049009638,2018-12-14 14:42:00-05:00
247_upper,247,2018-12-17,2018-12-17 10:30:00-05:00,2019-01-16 10:30:00-05:00,upper,6683.15884134825,2019-01-15 12:03:00-05:00
247_lower,247,2018-12-17,2018-12-17 10:30:00-05:00,2019-01-16 10:30:00-05:00,lower,6476.34115865175,2018-12-17 15:09:00-05:00
248_upper,248,2018-12-18,2018-12-18 10:30:00-05:00,2019-01-17 10:30:00-05:00,upper,6605.493736304567,2018-12-19 14:00:00-05:00
248_lower,248,2018-12-18,2018-12-18 10:30:00-05:00,2019-01-17 10:30:00-05:00,lower,6448.381263695433,2018-12-19 14:12:00-05:00
249_upper,249,2018-12-19,2018-12-19 10:30:00-05:00,2019-01-18 10:30:00-05:00,upper,6651.523086369335,2019-01-15 10:00:00-05:00
249_lower,249,2018-12-19,2018-12-19 10:30:00-05:00,2019-01-18 10:30:00-05:00,lower,6398.601913630665,2018-12-19 14:57:00-05:00
250_upper,250,2018-12-20,2018-12-20 10:30:00-05:00,2019-01-21 10:30:00-05:00,upper,6459.658290308729,2019-01-04 13:32:00-05:00
250_lower,250,2018-12-20,2018-12-20 10:30:00-05:00,2019-01-21 10:30:00-05:00,lower,6235.341709691271,2018-12-20 11:49:00-05:00
251_upper,251,2018-12-21,2018-12-21 10:30:00-05:00,2019-01-22 10:30:00-05:00,upper,6417.003851135845,2019-01-04 12:16:00-05:00
251_lower,251,2018-12-21,2018-12-21 10:30:00-05:00,2019-01-22 10:30:00-05:00,lower,6148.621148864155,2018-12-21 12:13:00-05:00
252_upper,252,2018-12-24,2018-12-24 10:30:00-05:00,2019-01-23 10:30:00-05:00,upper,6162.8919562996125,2018-12-26 14:00:00-05:00
252_lower,252,2018-12-24,2018-12-24 10:30:00-05:00,2019-01-23 10:30:00-05:00,lower,5863.3580437003875,2018-12-25 18:07:00-05:00
253_upper,253,2018-12-26,2018-12-26 10:30:00-05:00,2019-01-24 10:30:00-05:00,upper,6135.495086727393,2018-12-26 12:55:00-05:00
253_lower,253,2018-12-26,2018-12-26 10:30:00-05:00,2019-01-24 10:30:00-05:00,lower,5840.129913272607,
254_upper,254,2018-12-27,2018-12-27 10:30:00-05:00,2019-01-25 10:30:00-05:00,upper,6332.326503042756,2018-12-27 16:08:00-05:00
254_lower,254,2018-12-27,2018-12-27 10:30:00-05:00,2019-01-25 10:30:00-05:00,lower,6032.423496957244,
255_upper,255,2018-12-28,2018-12-28 10:30:00-05:00,2019-01-28 10:30:00-05:00,upper,6447.278467779369,2019-01-04 13:07:00-05:00
255_lower,255,2018-12-28,2018-12-28 10:30:00-05:00,2019-01-28 10:30:00-05:00,lower,6196.846532220631,2019-01-02 03:21:00-05:00
256_upper,256,2018-12-31,2018-12-31 10:30:00-05:00,2019-01-29 10:30:00-05:00,upper,6450.541353957256,2019-01-04 13:09:00-05:00
256_lower,256,2018-12-31,2018-12-31 10:30:00-05:00,2019-01-29 10:30:00-05:00,lower,6252.833646042744,2019-01-02 02:19:00-05:00
257_upper,257,2019-01-02,2019-01-02 10:30:00-05:00,2019-01-30 10:30:00-05:00,upper,6367.528326393136,2019-01-02 11:19:00-05:00
257_lower,257,2019-01-02,2019-01-02 10:30:00-05:00,2019-01-30 10:30:00-05:00,lower,6104.846673606864,
258_upper,258,2019-01-03,2019-01-03 10:30:00-05:00,2019-01-31 10:30:00-05:00,upper,6391.7662890036145,2019-01-04 11:02:00-05:00
258_lower,258,2019-01-03,2019-01-03 10:30:00-05:00,2019-01-31 10:30:00-05:00,lower,6131.1087109963855,
259_upper,259,2019-01-04,2019-01-04 10:30:00-05:00,2019-02-01 10:30:00-05:00,upper,6429.225172860844,2019-01-04 12:18:00-05:00
259_lower,259,2019-01-04,2019-01-04 10:30:00-05:00,2019-02-01 10:30:00-05:00,lower,6138.024827139156,
260_upper,260,2019-01-07,2019-01-07 10:30:00-05:00,2019-02-04 10:30:00-05:00,upper,6515.969761550685,2019-01-07 11:48:00-05:00
260_lower,260,2019-01-07,2019-01-07 10:30:00-05:00,2019-02-04 10:30:00-05:00,lower,6370.405238449315,
261_upper,261,2019-01-08,2019-01-08 10:30:00-05:00,2019-02-05 10:30:00-05:00,upper,6653.683919330915,2019-01-15 10:00:00-05:00
261_lower,261,2019-01-08,2019-01-08 10:30:00-05:00,2019-02-05 10:30:00-05:00,lower,6458.316080669085,
262_upper,262,2019-01-09,2019-01-09 10:30:00-05:00,2019-02-06 10:30:00-05:00,upper,6659.943508341526,2019-01-15 10:00:00-05:00
262_lower,262,2019-01-09,2019-01-09 10:30:00-05:00,2019-02-06 10:30:00-05:00,lower,6516.681491658474,
263_upper,263,2019-01-10,2019-01-10 10:30:00-05:00,2019-02-07 10:30:00-05:00,upper,6641.757988445929,2019-01-15 09:50:00-05:00
263_lower,263,2019-01-10,2019-01-10 10:30:00-05:00,2019-02-07 10:30:00-05:00,lower,6479.617011554071,
264_upper,264,2019-01-11,2019-01-11 10:30:00-05:00,2019-02-08 10:30:00-05:00,upper,6651.874797742652,2019-01-15 10:00:00-05:00
264_lower,264,2019-01-11,2019-01-11 10:30:00-05:00,2019-02-08 10:30:00-05:00,lower,6531.125202257348,2019-01-14 05:19:00-05:00
265_upper,265,2019-01-14,2019-01-14 10:30:00-05:00,2019-02-11 10:30:00-05:00,upper,6606.796270529724,2019-01-15 09:35:00-05:00
265_lower,265,2019-01-14,2019-01-14 10:30:00-05:00,2019-02-11 10:30:00-05:00,lower,6485.953729470276,
266_upper,266,2019-01-15,2019-01-15 10:30:00-05:00,2019-02-12 10:30:00-05:00,upper,6703.6383263405005,2019-01-16 09:34:00-05:00
266_lower,266,2019-01-15,2019-01-15 10:30:00-05:00,2019-02-12 10:30:00-05:00,lower,6496.8616736594995,
267_upper,267,2019-01-16,2019-01-16 10:30:00-05:00,2019-02-13 10:30:00-05:00,upper,6772.235790239616,2019-01-18 09:28:00-05:00
267_lower,267,2019-01-16,2019-01-16 10:30:00-05:00,2019-02-13 10:30:00-05:00,lower,6628.514209760384,2019-01-17 01:58:00-05:00
268_upper,268,2019-01-17,2019-01-17 10:30:00-05:00,2019-02-14 10:30:00-05:00,upper,6735.639719836728,2019-01-17 14:45:00-05:00
268_lower,268,2019-01-17,2019-01-17 10:30:00-05:00,2019-02-14 10:30:00-05:00,lower,6589.735280163272,
269_upper,269,2019-01-18,2019-01-18 10:30:00-05:00,2019-02-15 10:30:00-05:00,upper,6840.076785620087,2019-01-30 16:45:00-05:00
269_lower,269,2019-01-18,2019-01-18 10:30:00-05:00,2019-02-15 10:30:00-05:00,lower,6700.173214379913,2019-01-22 11:42:00-05:00
270_upper,270,2019-01-21,2019-01-21 10:30:00-05:00,2019-02-18 10:30:00-05:00,upper,6814.182513740745,2019-01-30 14:46:00-05:00
270_lower,270,2019-01-21,2019-01-21 10:30:00-05:00,2019-02-18 10:30:00-05:00,lower,6709.192486259255,2019-01-22 10:07:00-05:00
271_upper,271,2019-01-22,2019-01-22 10:30:00-05:00,2019-02-19 10:30:00-05:00,upper,6799.142823595892,2019-01-25 11:52:00-05:00
271_lower,271,2019-01-22,2019-01-22 10:30:00-05:00,2019-02-19 10:30:00-05:00,lower,6673.482176404108,2019-01-22 13:00:00-05:00
272_upper,272,2019-01-23,2019-01-23 10:30:00-05:00,2019-02-20 10:30:00-05:00,upper,6771.058470745871,2019-01-25 10:00:00-05:00
272_lower,272,2019-01-23,2019-01-23 10:30:00-05:00,2019-02-20 10:30:00-05:00,lower,6622.441529254129,2019-01-23 11:49:00-05:00
273_upper,273,2019-01-24,2019-01-24 10:30:00-05:00,2019-02-21 10:30:00-05:00,upper,6761.012608791783,2019-01-25 08:52:00-05:00
273_lower,273,2019-01-24,2019-01-24 10:30:00-05:00,2019-02-21 10:30:00-05:00,lower,6621.112391208217,2019-01-29 10:57:00-05:00
274_upper,274,2019-01-25,2019-01-25 10:30:00-05:00,2019-02-22 10:30:00-05:00,upper,6830.033169041741,2019-01-30 14:53:00-05:00
274_lower,274,2019-01-25,2019-01-25 10:30:00-05:00,2019-02-22 10:30:00-05:00,lower,6692.716830958259,2019-01-28 09:23:00-05:00
275_upper,275,2019-01-28,2019-01-28 10:30:00-05:00,2019-02-25 10:30:00-05:00,upper,6758.205247472249,2019-01-30 12:22:00-05:00
275_lower,275,2019-01-28,2019-01-28 10:30:00-05:00,2019-02-25 10:30:00-05:00,lower,6620.169752527751,2019-01-29 10:57:00-05:00
276_upper,276,2019-01-29,2019-01-29 10:30:00-05:00,2019-02-26 10:30:00-05:00,upper,6763.332460187632,2019-01-30 14:00:00-05:00
276_lower,276,2019-01-29,2019-01-29 10:30:00-05:00,2019-02-26 10:30:00-05:00,lower,6633.292539812368,2019-01-29 10:55:00-05:00
277_upper,277,2019-01-30,2019-01-30 10:30:00-05:00,2019-02-27 10:30:00-05:00,upper,6781.825563932913,2019-01-30 14:04:00-05:00
277_lower,277,2019-01-30,2019-01-30 10:30:00-05:00,2019-02-27 10:30:00-05:00,lower,6648.799436067087,
278_upper,278,2019-01-31,2019-01-31 10:30:00-05:00,2019-02-28 10:30:00-05:00,upper,6940.9924249849055,2019-01-31 11:57:00-05:00
278_lower,278,2019-01-31,2019-01-31 10:30:00-05:00,2019-02-28 10:30:00-05:00,lower,6780.1325750150945,
279_upper,279,2019-02-01,2019-02-01 10:30:00-05:00,2019-03-01 10:30:00-05:00,upper,6959.362708681694,2019-02-04 15:59:00-05:00
279_lower,279,2019-02-01,2019-02-01 10:30:00-05:00,2019-03-01 10:30:00-05:00,lower,6816.762291318306,
280_upper,280,2019-02-04,2019-02-04 10:30:00-05:00,2019-03-04 10:30:00-05:00,upper,6956.225505120679,2019-02-04 14:04:00-05:00
280_lower,280,2019-02-04,2019-02-04 10:30:00-05:00,2019-03-04 10:30:00-05:00,lower,6823.774494879321,
281_upper,281,2019-02-05,2019-02-05 10:30:00-05:00,2019-03-05 10:30:00-05:00,upper,7047.681427230348,2019-02-12 19:12:00-05:00
281_lower,281,2019-02-05,2019-02-05 10:30:00-05:00,2019-03-05 10:30:00-05:00,lower,6918.943572769652,2019-02-07 09:37:00-05:00
282_upper,282,2019-02-06,2019-02-06 10:30:00-05:00,2019-03-06 10:30:00-05:00,upper,7093.071694497865,2019-02-15 09:28:00-05:00
282_lower,282,2019-02-06,2019-02-06 10:30:00-05:00,2019-03-06 10:30:00-05:00,lower,6938.678305502135,2019-02-07 09:30:00-05:00
283_upper,283,2019-02-07,2019-02-07 10:30:00-05:00,2019-03-07 10:30:00-05:00,upper,7000.032905405076,2019-02-12 10:55:00-05:00
283_lower,283,2019-02-07,2019-02-07 10:30:00-05:00,2019-03-07 10:30:00-05:00,lower,6877.342094594924,2019-02-07 11:31:00-05:00
284_upper,284,2019-02-08,2019-02-08 10:30:00-05:00,2019-03-08 10:30:00-05:00,upper,6909.265753229816,2019-02-08 14:33:00-05:00
284_lower,284,2019-02-08,2019-02-08 10:30:00-05:00,2019-03-08 10:30:00-05:00,lower,6798.484246770184,
285_upper,285,2019-02-11,2019-02-11 10:30:00-05:00,2019-03-11 10:30:00-04:00,upper,7004.368057217547,2019-02-12 10:55:00-05:00
285_lower,285,2019-02-11,2019-02-11 10:30:00-05:00,2019-03-11 10:30:00-04:00,lower,6885.006942782453,
286_upper,286,2019-02-12,2019-02-12 10:30:00-05:00,2019-03-12 10:30:00-04:00,upper,7032.036821982166,2019-02-12 19:09:00-05:00
286_lower,286,2019-02-12,2019-02-12 10:30:00-05:00,2019-03-12 10:30:00-04:00,lower,6908.463178017834,
287_upper,287,2019-02-13,2019-02-13 10:30:00-05:00,2019-03-13 10:30:00-04:00,upper,7106.313502438653,2019-02-20 22:39:00-05:00
287_lower,287,2019-02-13,2019-02-13 10:30:00-05:00,2019-03-13 10:30:00-04:00,lower,6990.311497561347,2019-02-14 09:01:00-05:00
288_upper,288,2019-02-14,2019-02-14 10:30:00-05:00,2019-03-14 10:30:00-04:00,upper,7062.720829104319,2019-02-15 09:27:00-05:00
288_lower,288,2019-02-14,2019-02-14 10:30:00-05:00,2019-03-14 10:30:00-04:00,lower,6929.654170895681,
289_upper,289,2019-02-15,2019-02-15 10:30:00-05:00,2019-03-15 10:30:00-04:00,upper,7136.9822132467725,2019-02-25 06:23:00-05:00
289_lower,289,2019-02-15,2019-02-15 10:30:00-05:00,2019-03-15 10:30:00-04:00,lower,7006.3927867532275,2019-02-21 10:12:00-05:00
290_upper,290,2019-02-18,2019-02-18 10:30:00-05:00,2019-03-18 10:30:00-04:00,upper,7102.613067648668,2019-02-20 10:40:00-05:00
290_lower,290,2019-02-18,2019-02-18 10:30:00-05:00,2019-03-18 10:30:00-04:00,lower,7034.261932351332,2019-02-20 14:21:00-05:00
291_upper,291,2019-02-19,2019-02-19 10:30:00-05:00,2019-03-19 10:30:00-04:00,upper,7103.551686870763,2019-02-20 10:40:00-05:00
291_lower,291,2019-02-19,2019-02-19 10:30:00-05:00,2019-03-19 10:30:00-04:00,lower,6989.073313129237,2019-03-08 08:31:00-05:00
292_upper,292,2019-02-20,2019-02-20 10:30:00-05:00,2019-03-20 10:30:00-04:00,upper,7128.339639757036,2019-02-25 05:15:00-05:00
292_lower,292,2019-02-20,2019-02-20 10:30:00-05:00,2019-03-20 10:30:00-04:00,lower,7037.535360242964,2019-02-20 14:21:00-05:00
293_upper,293,2019-02-21,2019-02-21 10:30:00-05:00,2019-03-21 10:30:00-04:00,upper,7111.5358460211155,2019-02-24 18:00:00-05:00
293_lower,293,2019-02-21,2019-02-21 10:30:00-05:00,2019-03-21 10:30:00-04:00,lower,6973.3391539788845,2019-03-08 09:06:00-05:00
294_upper,294,2019-02-22,2019-02-22 10:30:00-05:00,2019-03-22 10:30:00-04:00,upper,7108.553981790706,2019-02-24 18:00:00-05:00
294_lower,294,2019-02-22,2019-02-22 10:30:00-05:00,2019-03-22 10:30:00-04:00,lower,7017.321018209294,2019-03-07 14:41:00-05:00
295_upper,295,2019-02-25,2019-02-25 10:30:00-05:00,2019-03-25 10:30:00-04:00,upper,7193.52730780418,2019-03-03 18:04:00-05:00
295_lower,295,2019-02-25,2019-02-25 10:30:00-05:00,2019-03-25 10:30:00-04:00,lower,7110.72269219582,2019-02-25 18:10:00-05:00
296_upper,296,2019-02-26,2019-02-26 10:30:00-05:00,2019-03-26 10:30:00-04:00,upper,7167.014052706188,2019-03-03 18:00:00-05:00
296_lower,296,2019-02-26,2019-02-26 10:30:00-05:00,2019-03-26 10:30:00-04:00,lower,7047.235947293812,2019-03-07 09:52:00-05:00
297_upper,297,2019-02-27,2019-02-27 10:30:00-05:00,2019-03-27 10:30:00-04:00,upper,7169.378768489223,2019-03-03 18:00:00-05:00
297_lower,297,2019-02-27,2019-02-27 10:30:00-05:00,2019-03-27 10:30:00-04:00,lower,7009.621231510777,2019-03-07 14:52:00-05:00
298_upper,298,2019-02-28,2019-02-28 10:30:00-05:00,2019-03-28 10:30:00-04:00,upper,7154.838931259475,2019-03-01 03:49:00-05:00
298_lower,298,2019-02-28,2019-02-28 10:30:00-05:00,2019-03-28 10:30:00-04:00,lower,7047.911068740525,2019-03-07 09:51:00-05:00
299_upper,299,2019-03-01,2019-03-01 10:30:00-05:00,2019-03-29 10:30:00-04:00,upper,7205.760503321616,2019-03-03 18:09:00-05:00
299_lower,299,2019-03-01,2019-03-01 10:30:00-05:00,2019-03-29 10:30:00-04:00,lower,7089.864496678384,2019-03-04 11:55:00-05:00
300_upper,300,2019-03-04,2019-03-04 10:30:00-05:00,2019-04-01 10:30:00-04:00,upper,7239.435278128647,2019-03-12 10:52:00-04:00
300_lower,300,2019-03-04,2019-03-04 10:30:00-05:00,2019-04-01 10:30:00-04:00,lower,7152.064721871353,2019-03-04 11:10:00-05:00
301_upper,301,2019-03-05,2019-03-05 10:30:00-05:00,2019-04-02 10:30:00-04:00,upper,7204.7287909101615,2019-03-11 18:54:00-04:00
301_lower,301,2019-03-05,2019-03-05 10:30:00-05:00,2019-04-02 10:30:00-04:00,lower,7096.3962090898385,2019-03-06 19:09:00-05:00
302_upper,302,2019-03-06,2019-03-06 10:30:00-05:00,2019-04-03 10:30:00-04:00,upper,7210.707306790605,2019-03-11 18:54:00-04:00
302_lower,302,2019-03-06,2019-03-06 10:30:00-05:00,2019-04-03 10:30:00-04:00,lower,7104.292693209395,2019-03-06 18:55:00-05:00
303_upper,303,2019-03-07,2019-03-07 10:30:00-05:00,2019-04-04 10:30:00-04:00,upper,7166.613156963816,2019-03-11 11:37:00-04:00
303_lower,303,2019-03-07,2019-03-07 10:30:00-05:00,2019-04-04 10:30:00-04:00,lower,6995.011843036184,2019-03-08 08:30:00-05:00
304_upper,304,2019-03-08,2019-03-08 10:30:00-05:00,2019-04-05 10:30:00-04:00,upper,7041.328192476252,2019-03-08 15:52:00-05:00
304_lower,304,2019-03-08,2019-03-08 10:30:00-05:00,2019-04-05 10:30:00-04:00,lower,6925.046807523748,
305_upper,305,2019-03-11,2019-03-11 10:30:00-04:00,2019-04-08 10:30:00-04:00,upper,7164.941789013013,2019-03-11 11:37:00-04:00
305_lower,305,2019-03-11,2019-03-11 10:30:00-04:00,2019-04-08 10:30:00-04:00,lower,7011.808210986987,
306_upper,306,2019-03-12,2019-03-12 10:30:00-04:00,2019-04-09 10:30:00-04:00,upper,7257.043277470948,2019-03-13 07:55:00-04:00
306_lower,306,2019-03-12,2019-03-12 10:30:00-04:00,2019-04-09 10:30:00-04:00,lower,7159.206722529052,
307_upper,307,2019-03-13,2019-03-13 10:30:00-04:00,2019-04-10 10:30:00-04:00,upper,7312.150227333934,2019-03-13 11:30:00-04:00
307_lower,307,2019-03-13,2019-03-13 10:30:00-04:00,2019-04-10 10:30:00-04:00,lower,7226.224772666066,
308_upper,308,2019-03-14,2019-03-14 10:30:00-04:00,2019-04-11 10:30:00-04:00,upper,7326.602069778542,2019-03-15 09:55:00-04:00
308_lower,308,2019-03-14,2019-03-14 10:30:00-04:00,2019-04-11 10:30:00-04:00,lower,7242.897930221458,
309_upper,309,2019-03-15,2019-03-15 10:30:00-04:00,2019-04-12 10:30:00-04:00,upper,7358.045100306952,2019-03-15 13:44:00-04:00
309_lower,309,2019-03-15,2019-03-15 10:30:00-04:00,2019-04-12 10:30:00-04:00,lower,7254.204899693048,
310_upper,310,2019-03-18,2019-03-18 10:30:00-04:00,2019-04-15 10:30:00-04:00,upper,7397.697224000266,2019-03-19 09:32:00-04:00
310_lower,310,2019-03-18,2019-03-18 10:30:00-04:00,2019-04-15 10:30:00-04:00,lower,7293.302775999734,2019-03-25 02:54:00-04:00
311_upper,311,2019-03-19,2019-03-19 10:30:00-04:00,2019-04-16 10:30:00-04:00,upper,7426.720619961265,2019-03-20 14:05:00-04:00
311_lower,311,2019-03-19,2019-03-19 10:30:00-04:00,2019-04-16 10:30:00-04:00,lower,7346.779380038735,2019-03-24 20:06:00-04:00
312_upper,312,2019-03-20,2019-03-20 10:30:00-04:00,2019-04-17 10:30:00-04:00,upper,7423.788308448117,2019-03-20 14:05:00-04:00
312_lower,312,2019-03-20,2019-03-20 10:30:00-04:00,2019-04-17 10:30:00-04:00,lower,7332.586691551883,2019-03-24 20:32:00-04:00
313_upper,313,2019-03-21,2019-03-21 10:30:00-04:00,2019-04-18 10:30:00-04:00,upper,7482.087103756617,2019-03-21 11:04:00-04:00
313_lower,313,2019-03-21,2019-03-21 10:30:00-04:00,2019-04-18 10:30:00-04:00,lower,7328.037896243383,2019-03-24 20:33:00-04:00
314_upper,314,2019-03-22,2019-03-22 10:30:00-04:00,2019-04-22 10:30:00-04:00,upper,7563.204380215866,2019-04-02 21:48:00-04:00
314_lower,314,2019-03-22,2019-03-22 10:30:00-04:00,2019-04-22 10:30:00-04:00,lower,7405.920619784134,2019-03-22 11:45:00-04:00
315_upper,315,2019-03-25,2019-03-25 10:30:00-04:00,2019-04-23 10:30:00-04:00,upper,7423.83909733508,2019-03-26 09:45:00-04:00
315_lower,315,2019-03-25,2019-03-25 10:30:00-04:00,2019-04-23 10:30:00-04:00,lower,7243.16090266492,
316_upper,316,2019-03-26,2019-03-26 10:30:00-04:00,2019-04-24 10:30:00-04:00,upper,7479.5818874659,2019-03-31 22:25:00-04:00
316_lower,316,2019-03-26,2019-03-26 10:30:00-04:00,2019-04-24 10:30:00-04:00,lower,7345.0431125341,2019-03-26 15:30:00-04:00
317_upper,317,2019-03-27,2019-03-27 10:30:00-04:00,2019-04-25 10:30:00-04:00,upper,7444.316803784039,2019-03-31 18:01:00-04:00
317_lower,317,2019-03-27,2019-03-27 10:30:00-04:00,2019-04-25 10:30:00-04:00,lower,7325.183196215961,2019-03-27 11:16:00-04:00
318_upper,318,2019-03-28,2019-03-28 10:30:00-04:00,2019-04-26 10:30:00-04:00,upper,7413.076014142026,2019-03-29 16:44:00-04:00
318_lower,318,2019-03-28,2019-03-28 10:30:00-04:00,2019-04-26 10:30:00-04:00,lower,7281.923985857974,
319_upper,319,2019-03-29,2019-03-29 10:30:00-04:00,2019-04-29 10:30:00-04:00,upper,7443.27157631371,2019-03-31 18:01:00-04:00
319_lower,319,2019-03-29,2019-03-29 10:30:00-04:00,2019-04-29 10:30:00-04:00,lower,7340.47842368629,
320_upper,320,2019-04-01,2019-04-01 10:30:00-04:00,2019-04-30 10:30:00-04:00,upper,7520.450652676165,2019-04-02 14:33:00-04:00
320_lower,320,2019-04-01,2019-04-01 10:30:00-04:00,2019-04-30 10:30:00-04:00,lower,7414.299347323835,
321_upper,321,2019-04-02,2019-04-02 10:30:00-04:00,2019-05-01 10:30:00-04:00,upper,7548.090577723089,2019-04-02 20:54:00-04:00
321_lower,321,2019-04-02,2019-04-02 10:30:00-04:00,2019-05-01 10:30:00-04:00,lower,7456.909422276911,
322_upper,322,2019-04-03,2019-04-03 10:30:00-04:00,2019-05-02 10:30:00-04:00,upper,7613.680092247171,2019-04-03 11:52:00-04:00
322_lower,322,2019-04-03,2019-04-03 10:30:00-04:00,2019-05-02 10:30:00-04:00,lower,7521.694907752829,
323_upper,323,2019-04-04,2019-04-04 10:30:00-04:00,2019-05-03 10:30:00-04:00,upper,7633.94538743946,2019-04-10 15:09:00-04:00
323_lower,323,2019-04-04,2019-04-04 10:30:00-04:00,2019-05-03 10:30:00-04:00,lower,7507.80461256054,
324_upper,324,2019-04-05,2019-04-05 10:30:00-04:00,2019-05-06 10:30:00-04:00,upper,7637.82150773875,2019-04-10 15:33:00-04:00
324_lower,324,2019-04-05,2019-04-05 10:30:00-04:00,2019-05-06 10:30:00-04:00,lower,7542.80349226125,
325_upper,325,2019-04-08,2019-04-08 10:30:00-04:00,2019-05-07 10:30:00-04:00,upper,7632.192341401678,2019-04-08 20:20:00-04:00
325_lower,325,2019-04-08,2019-04-08 10:30:00-04:00,2019-05-07 10:30:00-04:00,lower,7537.182658598322,
326_upper,326,2019-04-09,2019-04-09 10:30:00-04:00,2019-05-08 10:30:00-04:00,upper,7647.161497368351,2019-04-10 18:29:00-04:00
326_lower,326,2019-04-09,2019-04-09 10:30:00-04:00,2019-05-08 10:30:00-04:00,lower,7549.213502631649,
327_upper,327,2019-04-10,2019-04-10 10:30:00-04:00,2019-05-09 10:30:00-04:00,upper,7647.509805892141,2019-04-10 18:29:00-04:00
327_lower,327,2019-04-10,2019-04-10 10:30:00-04:00,2019-05-09 10:30:00-04:00,lower,7563.865194107859,2019-05-09 03:25:00-04:00
328_upper,328,2019-04-11,2019-04-11 10:30:00-04:00,2019-05-10 10:30:00-04:00,upper,7688.916310199977,2019-04-16 10:03:00-04:00
328_lower,328,2019-04-11,2019-04-11 10:30:00-04:00,2019-05-10 10:30:00-04:00,lower,7589.333689800023,2019-05-07 14:47:00-04:00
329_upper,329,2019-04-12,2019-04-12 10:30:00-04:00,2019-05-13 10:30:00-04:00,upper,7683.209869070521,2019-04-16 03:51:00-04:00
329_lower,329,2019-04-12,2019-04-12 10:30:00-04:00,2019-05-13 10:30:00-04:00,lower,7610.415130929479,2019-04-15 10:31:00-04:00
330_upper,330,2019-04-15,2019-04-15 10:30:00-04:00,2019-05-14 10:30:00-04:00,upper,7698.042061159147,2019-04-16 21:59:00-04:00
330_lower,330,2019-04-15,2019-04-15 10:30:00-04:00,2019-05-14 10:30:00-04:00,lower,7585.957938840853,2019-05-07 15:36:00-04:00
331_upper,331,2019-04-16,2019-04-16 10:30:00-04:00,2019-05-15 10:30:00-04:00,upper,7719.483988919526,2019-04-17 08:46:00-04:00
331_lower,331,2019-04-16,2019-04-16 10:30:00-04:00,2019-05-15 10:30:00-04:00,lower,7637.891011080474,2019-05-07 13:09:00-04:00
332_upper,332,2019-04-17,2019-04-17 10:30:00-04:00,2019-05-16 10:30:00-04:00,upper,7778.176845477705,2019-04-23 09:56:00-04:00
332_lower,332,2019-04-17,2019-04-17 10:30:00-04:00,2019-05-16 10:30:00-04:00,lower,7654.948154522295,2019-05-07 10:53:00-04:00
333_upper,333,2019-04-18,2019-04-18 10:30:00-04:00,2019-05-17 10:30:00-04:00,upper,7762.269965917265,2019-04-23 09:40:00-04:00
333_lower,333,2019-04-18,2019-04-18 10:30:00-04:00,2019-05-17 10:30:00-04:00,lower,7645.230034082735,2019-05-07 11:03:00-04:00
334_upper,334,2019-04-22,2019-04-22 10:30:00-04:00,2019-05-20 10:30:00-04:00,upper,7731.661493871605,2019-04-22 15:49:00-04:00
334_lower,334,2019-04-22,2019-04-22 10:30:00-04:00,2019-05-20 10:30:00-04:00,lower,7633.838506128395,2019-05-07 13:15:00-04:00
335_upper,335,2019-04-23,2019-04-23 10:30:00-04:00,2019-05-21 10:30:00-04:00,upper,7821.646844114066,2019-04-23 12:03:00-04:00
335_lower,335,2019-04-23,2019-04-23 10:30:00-04:00,2019-05-21 10:30:00-04:00,lower,7695.228155885934,2019-05-02 11:47:00-04:00
336_upper,336,2019-04-24,2019-04-24 10:30:00-04:00,2019-05-22 10:30:00-04:00,upper,7877.005623138766,2019-04-25 08:18:00-04:00
336_lower,336,2019-04-24,2019-04-24 10:30:00-04:00,2019-05-22 10:30:00-04:00,lower,7785.869376861234,2019-04-25 20:11:00-04:00
337_upper,337,2019-04-25,2019-04-25 10:30:00-04:00,2019-05-23 10:30:00-04:00,upper,7924.168008761831,
337_lower,337,2019-04-25,2019-04-25 10:30:00-04:00,2019-05-23 10:30:00-04:00,lower,7765.206991238169,2019-04-26 09:57:00-04:00
338_upper,338,2019-04-26,2019-04-26 10:30:00-04:00,2019-05-24 10:30:00-04:00,upper,7882.683917657641,
338_lower,338,2019-04-26,2019-04-26 10:30:00-04:00,2019-05-24 10:30:00-04:00,lower,7729.816082342359,2019-05-02 11:39:00-04:00
339_upper,339,2019-04-29,2019-04-29 10:30:00-04:00,2019-05-27 10:30:00-04:00,upper,7881.037551596831,
339_lower,339,2019-04-29,2019-04-29 10:30:00-04:00,2019-05-27 10:30:00-04:00,lower,7797.212448403169,2019-04-29 20:14:00-04:00
340_upper,340,2019-04-30,2019-04-30 10:30:00-04:00,2019-05-28 10:30:00-04:00,upper,7839.0901394076745,2019-04-30 16:30:00-04:00
340_lower,340,2019-04-30,2019-04-30 10:30:00-04:00,2019-05-28 10:30:00-04:00,lower,7743.2848605923255,2019-04-30 11:08:00-04:00
341_upper,341,2019-05-01,2019-05-01 10:30:00-04:00,2019-05-29 10:30:00-04:00,upper,7889.645878216452,
341_lower,341,2019-05-01,2019-05-01 10:30:00-04:00,2019-05-29 10:30:00-04:00,lower,7794.729121783548,2019-05-01 15:35:00-04:00
342_upper,342,2019-05-02,2019-05-02 10:30:00-04:00,2019-05-30 10:30:00-04:00,upper,7840.374198025278,2019-05-03 11:03:00-04:00
342_lower,342,2019-05-02,2019-05-02 10:30:00-04:00,2019-05-30 10:30:00-04:00,lower,7704.500801974722,2019-05-02 11:45:00-04:00
343_upper,343,2019-05-03,2019-05-03 10:30:00-04:00,2019-05-31 10:30:00-04:00,upper,7856.3926498802175,2019-05-03 13:31:00-04:00
343_lower,343,2019-05-03,2019-05-03 10:30:00-04:00,2019-05-31 10:30:00-04:00,lower,7742.3573501197825,2019-05-05 18:00:00-04:00
344_upper,344,2019-05-06,2019-05-06 10:30:00-04:00,2019-06-03 10:30:00-04:00,upper,7798.715893003193,2019-05-06 14:45:00-04:00
344_lower,344,2019-05-06,2019-05-06 10:30:00-04:00,2019-06-03 10:30:00-04:00,lower,7613.534106996807,2019-05-07 13:38:00-04:00
345_upper,345,2019-05-07,2019-05-07 10:30:00-04:00,2019-06-04 10:30:00-04:00,upper,7802.679328850402,
345_lower,345,2019-05-07,2019-05-07 10:30:00-04:00,2019-06-04 10:30:00-04:00,lower,7634.570671149598,2019-05-07 13:15:00-04:00
346_upper,346,2019-05-08,2019-05-08 10:30:00-04:00,2019-06-05 10:30:00-04:00,upper,7717.907157296077,
346_lower,346,2019-05-08,2019-05-08 10:30:00-04:00,2019-06-05 10:30:00-04:00,lower,7541.842842703923,2019-05-09 09:07:00-04:00
347_upper,347,2019-05-09,2019-05-09 10:30:00-04:00,2019-06-06 10:30:00-04:00,upper,7642.297870567441,2019-05-09 20:23:00-04:00
347_lower,347,2019-05-09,2019-05-09 10:30:00-04:00,2019-06-06 10:30:00-04:00,lower,7431.702129432559,2019-05-13 08:13:00-04:00
348_upper,348,2019-05-10,2019-05-10 10:30:00-04:00,2019-06-07 10:30:00-04:00,upper,7659.873141050983,
348_lower,348,2019-05-10,2019-05-10 10:30:00-04:00,2019-06-07 10:30:00-04:00,lower,7448.251858949017,2019-05-10 10:41:00-04:00
349_upper,349,2019-05-13,2019-05-13 10:30:00-04:00,2019-06-10 10:30:00-04:00,upper,7502.640311954766,2019-05-15 11:26:00-04:00
349_lower,349,2019-05-13,2019-05-13 10:30:00-04:00,2019-06-10 10:30:00-04:00,lower,7301.109688045234,2019-05-13 18:01:00-04:00
350_upper,350,2019-05-14,2019-05-14 10:30:00-04:00,2019-06-11 10:30:00-04:00,upper,7467.647415047108,2019-05-15 10:29:00-04:00
350_lower,350,2019-05-14,2019-05-14 10:30:00-04:00,2019-06-11 10:30:00-04:00,lower,7282.727584952892,2019-05-23 12:16:00-04:00
351_upper,351,2019-05-15,2019-05-15 10:30:00-04:00,2019-06-12 10:30:00-04:00,upper,7516.632734129396,2019-05-15 12:05:00-04:00
351_lower,351,2019-05-15,2019-05-15 10:30:00-04:00,2019-06-12 10:30:00-04:00,lower,7270.867265870604,2019-05-23 12:54:00-04:00
352_upper,352,2019-05-16,2019-05-16 10:30:00-04:00,2019-06-13 10:30:00-04:00,upper,7652.669410352928,
352_lower,352,2019-05-16,2019-05-16 10:30:00-04:00,2019-06-13 10:30:00-04:00,lower,7430.455589647072,2019-05-20 06:19:00-04:00
353_upper,353,2019-05-17,2019-05-17 10:30:00-04:00,2019-06-14 10:30:00-04:00,upper,7609.127880226042,2019-05-17 10:56:00-04:00
353_lower,353,2019-05-17,2019-05-17 10:30:00-04:00,2019-06-14 10:30:00-04:00,lower,7455.622119773958,2019-05-20 06:10:00-04:00
354_upper,354,2019-05-20,2019-05-20 10:30:00-04:00,2019-06-17 10:30:00-04:00,upper,7480.938486800439,2019-05-21 14:28:00-04:00
354_lower,354,2019-05-20,2019-05-20 10:30:00-04:00,2019-06-17 10:30:00-04:00,lower,7322.936513199561,2019-05-23 06:02:00-04:00
355_upper,355,2019-05-21,2019-05-21 10:30:00-04:00,2019-06-18 10:30:00-04:00,upper,7508.8430796181165,2019-06-10 09:40:00-04:00
355_lower,355,2019-05-21,2019-05-21 10:30:00-04:00,2019-06-18 10:30:00-04:00,lower,7387.2819203818835,2019-05-22 21:11:00-04:00
356_upper,356,2019-05-22,2019-05-22 10:30:00-04:00,2019-06-19 10:30:00-04:00,upper,7501.430074578449,2019-06-10 09:34:00-04:00
356_lower,356,2019-05-22,2019-05-22 10:30:00-04:00,2019-06-19 10:30:00-04:00,lower,7366.069925421551,2019-05-23 02:43:00-04:00
357_upper,357,2019-05-23,2019-05-23 10:30:00-04:00,2019-06-20 10:30:00-04:00,upper,7395.032277123142,2019-06-07 10:28:00-04:00
357_lower,357,2019-05-23,2019-05-23 10:30:00-04:00,2019-06-20 10:30:00-04:00,lower,7274.092722876858,2019-05-23 12:52:00-04:00
358_upper,358,2019-05-24,2019-05-24 10:30:00-04:00,2019-06-21 10:30:00-04:00,upper,7423.382901161287,2019-06-07 10:43:00-04:00
358_lower,358,2019-05-24,2019-05-24 10:30:00-04:00,2019-06-21 10:30:00-04:00,lower,7291.242098838713,2019-05-28 15:35:00-04:00
359_upper,359,2019-05-27,2019-05-27 10:30:00-04:00,2019-06-24 10:30:00-04:00,upper,7350.896606998715,2019-05-28 01:23:00-04:00
359_lower,359,2019-05-27,2019-05-27 10:30:00-04:00,2019-06-24 10:30:00-04:00,lower,7278.353393001285,2019-05-28 20:09:00-04:00
360_upper,360,2019-05-28,2019-05-28 10:30:00-04:00,2019-06-25 10:30:00-04:00,upper,7403.610531999533,2019-06-07 10:31:00-04:00
360_lower,360,2019-05-28,2019-05-28 10:30:00-04:00,2019-06-25 10:30:00-04:00,lower,7273.889468000467,2019-05-28 20:09:00-04:00
361_upper,361,2019-05-29,2019-05-29 10:30:00-04:00,2019-06-26 10:30:00-04:00,upper,7308.633436177364,2019-06-07 04:10:00-04:00
361_lower,361,2019-05-29,2019-05-29 10:30:00-04:00,2019-06-26 10:30:00-04:00,lower,7167.991563822636,2019-05-31 03:12:00-04:00
362_upper,362,2019-05-30,2019-05-30 10:30:00-04:00,2019-06-27 10:30:00-04:00,upper,7306.28420019813,2019-06-07 04:08:00-04:00
362_lower,362,2019-05-30,2019-05-30 10:30:00-04:00,2019-06-27 10:30:00-04:00,lower,7188.84079980187,2019-05-30 19:49:00-04:00
363_upper,363,2019-05-31,2019-05-31 10:30:00-04:00,2019-06-28 10:30:00-04:00,upper,7220.1826055819365,2019-06-04 21:59:00-04:00
363_lower,363,2019-05-31,2019-05-31 10:30:00-04:00,2019-06-28 10:30:00-04:00,lower,7097.8173944180635,2019-06-02 18:00:00-04:00
364_upper,364,2019-06-03,2019-06-03 10:30:00-04:00,2019-07-01 10:30:00-04:00,upper,7212.284881624528,2019-06-04 21:11:00-04:00
364_lower,364,2019-06-03,2019-06-03 10:30:00-04:00,2019-07-01 10:30:00-04:00,lower,6982.965118375472,2019-06-03 13:31:00-04:00
365_upper,365,2019-06-04,2019-06-04 10:30:00-04:00,2019-07-02 10:30:00-04:00,upper,7141.615967861602,2019-06-04 11:50:00-04:00
365_lower,365,2019-06-04,2019-06-04 10:30:00-04:00,2019-07-02 10:30:00-04:00,lower,6970.509032138398,
366_upper,366,2019-06-05,2019-06-05 10:30:00-04:00,2019-07-03 10:30:00-04:00,upper,7312.746010354334,2019-06-07 04:10:00-04:00
366_lower,366,2019-06-05,2019-06-05 10:30:00-04:00,2019-07-03 10:30:00-04:00,lower,7129.753989645666,
367_upper,367,2019-06-06,2019-06-06 10:30:00-04:00,2019-07-04 10:30:00-04:00,upper,7292.595251936344,2019-06-06 15:33:00-04:00
367_lower,367,2019-06-06,2019-06-06 10:30:00-04:00,2019-07-04 10:30:00-04:00,lower,7171.654748063656,
368_upper,368,2019-06-07,2019-06-07 10:30:00-04:00,2019-07-05 10:30:00-04:00,upper,7436.273951435703,2019-06-07 10:57:00-04:00
368_lower,368,2019-06-07,2019-06-07 10:30:00-04:00,2019-07-05 10:30:00-04:00,lower,7238.726048564297,
369_upper,369,2019-06-10,2019-06-10 10:30:00-04:00,2019-07-08 10:30:00-04:00,upper,7573.68888770633,2019-06-10 11:43:00-04:00
369_lower,369,2019-06-10,2019-06-10 10:30:00-04:00,2019-07-08 10:30:00-04:00,lower,7401.31111229367,
370_upper,370,2019-06-11,2019-06-11 10:30:00-04:00,2019-07-09 10:30:00-04:00,upper,7650.3690884223,2019-06-18 09:39:00-04:00
370_lower,370,2019-06-11,2019-06-11 10:30:00-04:00,2019-07-09 10:30:00-04:00,lower,7513.8809115777,2019-06-11 11:39:00-04:00
371_upper,371,2019-06-12,2019-06-12 10:30:00-04:00,2019-07-10 10:30:00-04:00,upper,7558.440848768685,2019-06-17 09:48:00-04:00
371_lower,371,2019-06-12,2019-06-12 10:30:00-04:00,2019-07-10 10:30:00-04:00,lower,7427.309151231315,2019-06-12 22:10:00-04:00
372_upper,372,2019-06-13,2019-06-13 10:30:00-04:00,2019-07-11 10:30:00-04:00,upper,7571.137688718069,2019-06-17 09:55:00-04:00
372_lower,372,2019-06-13,2019-06-13 10:30:00-04:00,2019-07-11 10:30:00-04:00,lower,7450.862311281931,
373_upper,373,2019-06-14,2019-06-14 10:30:00-04:00,2019-07-12 10:30:00-04:00,upper,7548.476503665073,2019-06-17 09:40:00-04:00
373_lower,373,2019-06-14,2019-06-14 10:30:00-04:00,2019-07-12 10:30:00-04:00,lower,7448.273496334927,
374_upper,374,2019-06-17,2019-06-17 10:30:00-04:00,2019-07-15 10:30:00-04:00,upper,7606.894907328695,2019-06-18 04:40:00-04:00
374_lower,374,2019-06-17,2019-06-17 10:30:00-04:00,2019-07-15 10:30:00-04:00,lower,7464.230092671305,
375_upper,375,2019-06-18,2019-06-18 10:30:00-04:00,2019-07-16 10:30:00-04:00,upper,7751.4419388649285,2019-06-19 22:22:00-04:00
375_lower,375,2019-06-18,2019-06-18 10:30:00-04:00,2019-07-16 10:30:00-04:00,lower,7560.4330611350715,
376_upper,376,2019-06-19,2019-06-19 10:30:00-04:00,2019-07-17 10:30:00-04:00,upper,7735.056311752798,2019-06-19 20:41:00-04:00
376_lower,376,2019-06-19,2019-06-19 10:30:00-04:00,2019-07-17 10:30:00-04:00,lower,7606.693688247202,
377_upper,377,2019-06-20,2019-06-20 10:30:00-04:00,2019-07-18 10:30:00-04:00,upper,7851.0125179552415,2019-07-03 03:28:00-04:00
377_lower,377,2019-06-20,2019-06-20 10:30:00-04:00,2019-07-18 10:30:00-04:00,lower,7731.4874820447585,2019-06-20 12:10:00-04:00
378_upper,378,2019-06-21,2019-06-21 10:30:00-04:00,2019-07-19 10:30:00-04:00,upper,7803.8914791966945,2019-06-30 18:00:00-04:00
378_lower,378,2019-06-21,2019-06-21 10:30:00-04:00,2019-07-19 10:30:00-04:00,lower,7699.9835208033055,2019-06-25 10:38:00-04:00
379_upper,379,2019-06-24,2019-06-24 10:30:00-04:00,2019-07-22 10:30:00-04:00,upper,7817.728330307535,2019-06-30 18:07:00-04:00
379_lower,379,2019-06-24,2019-06-24 10:30:00-04:00,2019-07-22 10:30:00-04:00,lower,7714.146669692465,2019-06-25 09:48:00-04:00
380_upper,380,2019-06-25,2019-06-25 10:30:00-04:00,2019-07-23 10:30:00-04:00,upper,7807.807961038587,2019-06-30 18:00:00-04:00
380_lower,380,2019-06-25,2019-06-25 10:30:00-04:00,2019-07-23 10:30:00-04:00,lower,7668.192038961413,2019-06-25 12:38:00-04:00
381_upper,381,2019-06-26,2019-06-26 10:30:00-04:00,2019-07-24 10:30:00-04:00,upper,7752.911996489507,2019-06-30 18:00:00-04:00
381_lower,381,2019-06-26,2019-06-26 10:30:00-04:00,2019-07-24 10:30:00-04:00,lower,7611.088003510493,
382_upper,382,2019-06-27,2019-06-27 10:30:00-04:00,2019-07-25 10:30:00-04:00,upper,7738.778792556964,2019-06-30 18:00:00-04:00
382_lower,382,2019-06-27,2019-06-27 10:30:00-04:00,2019-07-25 10:30:00-04:00,lower,7631.721207443036,
383_upper,383,2019-06-28,2019-06-28 10:30:00-04:00,2019-07-26 10:30:00-04:00,upper,7761.092540169375,2019-06-30 18:00:00-04:00
383_lower,383,2019-06-28,2019-06-28 10:30:00-04:00,2019-07-26 10:30:00-04:00,lower,7627.282459830625,
384_upper,384,2019-07-01,2019-07-01 10:30:00-04:00,2019-07-29 10:30:00-04:00,upper,7898.6636789447675,2019-07-03 18:00:00-04:00
384_lower,384,2019-07-01,2019-07-01 10:30:00-04:00,2019-07-29 10:30:00-04:00,lower,7765.8363210552325,2019-07-01 12:57:00-04:00
385_upper,385,2019-07-02,2019-07-02 10:30:00-04:00,2019-07-30 10:30:00-04:00,upper,7834.748744339785,2019-07-02 16:09:00-04:00
385_lower,385,2019-07-02,2019-07-02 10:30:00-04:00,2019-07-30 10:30:00-04:00,lower,7744.376255660215,2019-07-09 03:50:00-04:00
386_upper,386,2019-07-03,2019-07-03 10:30:00-04:00,2019-07-31 10:30:00-04:00,upper,7888.673885299899,2019-07-03 13:00:00-04:00
386_lower,386,2019-07-03,2019-07-03 10:30:00-04:00,2019-07-31 10:30:00-04:00,lower,7801.701114700101,2019-07-05 10:34:00-04:00
387_upper,387,2019-07-04,2019-07-04 10:30:00-04:00,2019-08-01 10:30:00-04:00,upper,7926.086983371233,2019-07-10 09:37:00-04:00
387_lower,387,2019-07-04,2019-07-04 10:30:00-04:00,2019-08-01 10:30:00-04:00,lower,7868.913016628767,2019-07-05 05:57:00-04:00
388_upper,388,2019-07-05,2019-07-05 10:30:00-04:00,2019-08-02 10:30:00-04:00,upper,7877.496741524339,2019-07-05 14:57:00-04:00
388_lower,388,2019-07-05,2019-07-05 10:30:00-04:00,2019-08-02 10:30:00-04:00,lower,7773.753258475661,2019-07-08 23:22:00-04:00
389_upper,389,2019-07-08,2019-07-08 10:30:00-04:00,2019-08-05 10:30:00-04:00,upper,7863.3738655372035,2019-07-09 20:52:00-04:00
389_lower,389,2019-07-08,2019-07-08 10:30:00-04:00,2019-08-05 10:30:00-04:00,lower,7752.0011344627965,2019-07-08 23:27:00-04:00
390_upper,390,2019-07-09,2019-07-09 10:30:00-04:00,2019-08-06 10:30:00-04:00,upper,7845.212603641445,2019-07-09 14:00:00-04:00
390_lower,390,2019-07-09,2019-07-09 10:30:00-04:00,2019-08-06 10:30:00-04:00,lower,7716.662396358555,2019-08-02 10:04:00-04:00
391_upper,391,2019-07-10,2019-07-10 10:30:00-04:00,2019-08-07 10:30:00-04:00,upper,7981.170462998073,2019-07-15 03:20:00-04:00
391_lower,391,2019-07-10,2019-07-10 10:30:00-04:00,2019-08-07 10:30:00-04:00,lower,7832.079537001927,2019-07-19 16:45:00-04:00
392_upper,392,2019-07-11,2019-07-11 10:30:00-04:00,2019-08-08 10:30:00-04:00,upper,7983.730272503064,2019-07-15 08:48:00-04:00
392_lower,392,2019-07-11,2019-07-11 10:30:00-04:00,2019-08-08 10:30:00-04:00,lower,7897.769727496936,2019-07-11 14:19:00-04:00
393_upper,393,2019-07-12,2019-07-12 10:30:00-04:00,2019-08-09 10:30:00-04:00,upper,7975.854050210048,2019-07-15 03:07:00-04:00
393_lower,393,2019-07-12,2019-07-12 10:30:00-04:00,2019-08-09 10:30:00-04:00,lower,7888.395949789952,2019-07-17 16:07:00-04:00
394_upper,394,2019-07-15,2019-07-15 10:30:00-04:00,2019-08-12 10:30:00-04:00,upper,8018.819343122536,2019-07-24 15:13:00-04:00
394_lower,394,2019-07-15,2019-07-15 10:30:00-04:00,2019-08-12 10:30:00-04:00,lower,7937.555656877464,2019-07-16 12:10:00-04:00
395_upper,395,2019-07-16,2019-07-16 10:30:00-04:00,2019-08-13 10:30:00-04:00,upper,8016.577167734673,2019-07-24 15:11:00-04:00
395_lower,395,2019-07-16,2019-07-16 10:30:00-04:00,2019-08-13 10:30:00-04:00,lower,7938.422832265327,2019-07-16 12:10:00-04:00
396_upper,396,2019-07-17,2019-07-17 10:30:00-04:00,2019-08-14 10:30:00-04:00,upper,7993.250769449232,2019-07-24 10:39:00-04:00
396_lower,396,2019-07-17,2019-07-17 10:30:00-04:00,2019-08-14 10:30:00-04:00,lower,7906.374230550768,2019-07-17 16:00:00-04:00
397_upper,397,2019-07-18,2019-07-18 10:30:00-04:00,2019-08-15 10:30:00-04:00,upper,7936.03771694271,2019-07-18 16:01:00-04:00
397_lower,397,2019-07-18,2019-07-18 10:30:00-04:00,2019-08-15 10:30:00-04:00,lower,7818.71228305729,2019-07-19 16:59:00-04:00
398_upper,398,2019-07-19,2019-07-19 10:30:00-04:00,2019-08-16 10:30:00-04:00,upper,8022.97832570941,2019-07-24 15:15:00-04:00
398_lower,398,2019-07-19,2019-07-19 10:30:00-04:00,2019-08-16 10:30:00-04:00,lower,7903.52167429059,2019-07-19 11:45:00-04:00
399_upper,399,2019-07-22,2019-07-22 10:30:00-04:00,2019-08-19 10:30:00-04:00,upper,7949.941300746959,2019-07-23 06:05:00-04:00
399_lower,399,2019-07-22,2019-07-22 10:30:00-04:00,2019-08-19 10:30:00-04:00,lower,7825.058699253041,2019-07-31 14:52:00-04:00
400_upper,400,2019-07-23,2019-07-23 10:30:00-04:00,2019-08-20 10:30:00-04:00,upper,8013.538070733714,2019-07-24 15:04:00-04:00
400_lower,400,2019-07-23,2019-07-23 10:30:00-04:00,2019-08-20 10:30:00-04:00,lower,7886.711929266286,2019-07-31 14:45:00-04:00
401_upper,401,2019-07-24,2019-07-24 10:30:00-04:00,2019-08-21 10:30:00-04:00,upper,8007.544883455095,2019-07-24 14:56:00-04:00
401_lower,401,2019-07-24,2019-07-24 10:30:00-04:00,2019-08-21 10:30:00-04:00,lower,7893.455116544905,2019-07-31 14:45:00-04:00
402_upper,402,2019-07-25,2019-07-25 10:30:00-04:00,2019-08-22 10:30:00-04:00,upper,8048.006234316244,
402_lower,402,2019-07-25,2019-07-25 10:30:00-04:00,2019-08-22 10:30:00-04:00,lower,7921.368765683756,2019-07-25 16:01:00-04:00
403_upper,403,2019-07-26,2019-07-26 10:30:00-04:00,2019-08-23 10:30:00-04:00,upper,8059.865942434877,
403_lower,403,2019-07-26,2019-07-26 10:30:00-04:00,2019-08-23 10:30:00-04:00,lower,7951.884057565123,2019-07-29 10:12:00-04:00
404_upper,404,2019-07-29,2019-07-29 10:30:00-04:00,2019-08-26 10:30:00-04:00,upper,8083.792694906392,
404_lower,404,2019-07-29,2019-07-29 10:30:00-04:00,2019-08-26 10:30:00-04:00,lower,7928.957305093608,2019-07-30 08:57:00-04:00
405_upper,405,2019-07-30,2019-07-30 10:30:00-04:00,2019-08-27 10:30:00-04:00,upper,8004.7338841452,2019-08-01 11:02:00-04:00
405_lower,405,2019-07-30,2019-07-30 10:30:00-04:00,2019-08-27 10:30:00-04:00,lower,7890.7661158548,2019-07-31 14:45:00-04:00
406_upper,406,2019-07-31,2019-07-31 10:30:00-04:00,2019-08-28 10:30:00-04:00,upper,8030.963268458924,
406_lower,406,2019-07-31,2019-07-31 10:30:00-04:00,2019-08-28 10:30:00-04:00,lower,7936.911731541076,2019-07-31 14:38:00-04:00
407_upper,407,2019-08-01,2019-08-01 10:30:00-04:00,2019-08-29 10:30:00-04:00,upper,8007.454509246809,2019-08-01 11:02:00-04:00
407_lower,407,2019-08-01,2019-08-01 10:30:00-04:00,2019-08-29 10:30:00-04:00,lower,7783.045490753191,2019-08-01 14:39:00-04:00
408_upper,408,2019-08-02,2019-08-02 10:30:00-04:00,2019-08-30 10:30:00-04:00,upper,7839.461099679019,
408_lower,408,2019-08-02,2019-08-02 10:30:00-04:00,2019-08-30 10:30:00-04:00,lower,7646.288900320981,2019-08-04 21:34:00-04:00
409_upper,409,2019-08-05,2019-08-05 10:30:00-04:00,2019-09-02 10:30:00-04:00,upper,7606.273508302393,2019-08-08 01:29:00-04:00
409_lower,409,2019-08-05,2019-08-05 10:30:00-04:00,2019-09-02 10:30:00-04:00,lower,7444.351491697607,2019-08-05 12:43:00-04:00
410_upper,410,2019-08-06,2019-08-06 10:30:00-04:00,2019-09-03 10:30:00-04:00,upper,7605.5282267608345,2019-08-08 00:20:00-04:00
410_lower,410,2019-08-06,2019-08-06 10:30:00-04:00,2019-09-03 10:30:00-04:00,lower,7384.7217732391655,2019-08-25 18:01:00-04:00
411_upper,411,2019-08-07,2019-08-07 10:30:00-04:00,2019-09-04 10:30:00-04:00,upper,7570.261064549296,2019-08-07 15:36:00-04:00
411_lower,411,2019-08-07,2019-08-07 10:30:00-04:00,2019-09-04 10:30:00-04:00,lower,7318.863935450704,
412_upper,412,2019-08-08,2019-08-08 10:30:00-04:00,2019-09-05 10:30:00-04:00,upper,7697.579853532695,2019-08-08 12:36:00-04:00
412_lower,412,2019-08-08,2019-08-08 10:30:00-04:00,2019-09-05 10:30:00-04:00,lower,7514.545146467305,2019-08-13 05:34:00-04:00
413_upper,413,2019-08-09,2019-08-09 10:30:00-04:00,2019-09-06 10:30:00-04:00,upper,7780.4609261491705,2019-08-13 10:27:00-04:00
413_lower,413,2019-08-09,2019-08-09 10:30:00-04:00,2019-09-06 10:30:00-04:00,lower,7592.5390738508295,2019-08-12 06:43:00-04:00
414_upper,414,2019-08-12,2019-08-12 10:30:00-04:00,2019-09-09 10:30:00-04:00,upper,7683.097996088745,2019-08-13 09:46:00-04:00
414_lower,414,2019-08-12,2019-08-12 10:30:00-04:00,2019-09-09 10:30:00-04:00,lower,7533.027003911255,2019-08-13 02:42:00-04:00
415_upper,415,2019-08-13,2019-08-13 10:30:00-04:00,2019-09-10 10:30:00-04:00,upper,7842.202729189753,2019-09-05 09:45:00-04:00
415_lower,415,2019-08-13,2019-08-13 10:30:00-04:00,2019-09-10 10:30:00-04:00,lower,7396.672270810247,2019-08-15 06:39:00-04:00
416_upper,416,2019-08-14,2019-08-14 10:30:00-04:00,2019-09-11 10:30:00-04:00,upper,7685.352130756532,2019-08-19 02:47:00-04:00
416_lower,416,2019-08-14,2019-08-14 10:30:00-04:00,2019-09-11 10:30:00-04:00,lower,7529.397869243468,2019-08-14 11:46:00-04:00
417_upper,417,2019-08-15,2019-08-15 10:30:00-04:00,2019-09-12 10:30:00-04:00,upper,7612.26997019294,2019-08-16 10:47:00-04:00
417_lower,417,2019-08-15,2019-08-15 10:30:00-04:00,2019-09-12 10:30:00-04:00,lower,7401.60502980706,2019-08-25 18:00:00-04:00
418_upper,418,2019-08-16,2019-08-16 10:30:00-04:00,2019-09-13 10:30:00-04:00,upper,7654.014538130537,2019-08-18 18:01:00-04:00
418_lower,418,2019-08-16,2019-08-16 10:30:00-04:00,2019-09-13 10:30:00-04:00,lower,7483.360461869463,2019-08-23 14:44:00-04:00
419_upper,419,2019-08-19,2019-08-19 10:30:00-04:00,2019-09-16 10:30:00-04:00,upper,7795.865272084193,2019-09-04 21:37:00-04:00
419_lower,419,2019-08-19,2019-08-19 10:30:00-04:00,2019-09-16 10:30:00-04:00,lower,7640.884727915807,2019-08-23 08:26:00-04:00
420_upper,420,2019-08-20,2019-08-20 10:30:00-04:00,2019-09-17 10:30:00-04:00,upper,7774.90623541541,2019-08-21 18:16:00-04:00
420_lower,420,2019-08-20,2019-08-20 10:30:00-04:00,2019-09-17 10:30:00-04:00,lower,7642.34376458459,2019-08-23 08:26:00-04:00
421_upper,421,2019-08-21,2019-08-21 10:30:00-04:00,2019-09-18 10:30:00-04:00,upper,7808.968927312733,2019-09-04 21:53:00-04:00
421_lower,421,2019-08-21,2019-08-21 10:30:00-04:00,2019-09-18 10:30:00-04:00,lower,7681.656072687267,2019-08-22 10:33:00-04:00
422_upper,422,2019-08-22,2019-08-22 10:30:00-04:00,2019-09-19 10:30:00-04:00,upper,7831.10692828681,2019-09-04 22:10:00-04:00
422_lower,422,2019-08-22,2019-08-22 10:30:00-04:00,2019-09-19 10:30:00-04:00,lower,7660.76807171319,2019-08-22 10:36:00-04:00
423_upper,423,2019-08-23,2019-08-23 10:30:00-04:00,2019-09-20 10:30:00-04:00,upper,7749.700579805316,2019-08-30 04:48:00-04:00
423_lower,423,2019-08-23,2019-08-23 10:30:00-04:00,2019-09-20 10:30:00-04:00,lower,7576.299420194684,2019-08-23 11:09:00-04:00
424_upper,424,2019-08-26,2019-08-26 10:30:00-04:00,2019-09-23 10:30:00-04:00,upper,7631.234215291757,2019-08-27 08:27:00-04:00
424_lower,424,2019-08-26,2019-08-26 10:30:00-04:00,2019-09-23 10:30:00-04:00,lower,7462.390784708243,
425_upper,425,2019-08-27,2019-08-27 10:30:00-04:00,2019-09-24 10:30:00-04:00,upper,7702.1932883374175,2019-08-29 06:52:00-04:00
425_lower,425,2019-08-27,2019-08-27 10:30:00-04:00,2019-09-24 10:30:00-04:00,lower,7561.6817116625825,2019-08-27 11:20:00-04:00
426_upper,426,2019-08-28,2019-08-28 10:30:00-04:00,2019-09-25 10:30:00-04:00,upper,7634.929178517368,2019-08-29 03:13:00-04:00
426_lower,426,2019-08-28,2019-08-28 10:30:00-04:00,2019-09-25 10:30:00-04:00,lower,7444.570821482632,
427_upper,427,2019-08-29,2019-08-29 10:30:00-04:00,2019-09-26 10:30:00-04:00,upper,7770.181515086885,2019-08-30 05:58:00-04:00
427_lower,427,2019-08-29,2019-08-29 10:30:00-04:00,2019-09-26 10:30:00-04:00,lower,7620.818484913115,2019-09-01 18:00:00-04:00
428_upper,428,2019-08-30,2019-08-30 10:30:00-04:00,2019-09-27 10:30:00-04:00,upper,7813.926529709694,2019-09-04 21:58:00-04:00
428_lower,428,2019-08-30,2019-08-30 10:30:00-04:00,2019-09-27 10:30:00-04:00,lower,7660.948470290306,2019-08-30 11:14:00-04:00
429_upper,429,2019-09-02,2019-09-02 10:30:00-04:00,2019-09-30 10:30:00-04:00,upper,7724.005617474889,2019-09-04 03:35:00-04:00
429_lower,429,2019-09-02,2019-09-02 10:30:00-04:00,2019-09-30 10:30:00-04:00,lower,7594.494382525111,2019-09-02 11:50:00-04:00
430_upper,430,2019-09-03,2019-09-03 10:30:00-04:00,2019-10-01 10:30:00-04:00,upper,7738.953141500597,2019-09-04 20:06:00-04:00
430_lower,430,2019-09-03,2019-09-03 10:30:00-04:00,2019-10-01 10:30:00-04:00,lower,7535.921858499403,
431_upper,431,2019-09-04,2019-09-04 10:30:00-04:00,2019-10-02 10:30:00-04:00,upper,7759.111889401434,2019-09-04 21:26:00-04:00
431_lower,431,2019-09-04,2019-09-04 10:30:00-04:00,2019-10-02 10:30:00-04:00,lower,7611.638110598566,2019-10-02 09:38:00-04:00
432_upper,432,2019-09-05,2019-09-05 10:30:00-04:00,2019-10-03 10:30:00-04:00,upper,7925.769227162344,2019-09-11 19:22:00-04:00
432_lower,432,2019-09-05,2019-09-05 10:30:00-04:00,2019-10-03 10:30:00-04:00,lower,7726.980772837656,2019-09-24 12:40:00-04:00
433_upper,433,2019-09-06,2019-09-06 10:30:00-04:00,2019-10-04 10:30:00-04:00,upper,7928.311962195238,2019-09-11 19:22:00-04:00
433_lower,433,2019-09-06,2019-09-06 10:30:00-04:00,2019-10-04 10:30:00-04:00,lower,7804.188037804762,2019-09-09 12:36:00-04:00
434_upper,434,2019-09-09,2019-09-09 10:30:00-04:00,2019-10-07 10:30:00-04:00,upper,7932.408922891816,2019-09-11 19:24:00-04:00
434_lower,434,2019-09-09,2019-09-09 10:30:00-04:00,2019-10-07 10:30:00-04:00,lower,7811.216077108184,2019-09-09 12:36:00-04:00
435_upper,435,2019-09-10,2019-09-10 10:30:00-04:00,2019-10-08 10:30:00-04:00,upper,7857.374040719118,2019-09-11 10:12:00-04:00
435_lower,435,2019-09-10,2019-09-10 10:30:00-04:00,2019-10-08 10:30:00-04:00,lower,7711.500959280882,2019-09-24 13:21:00-04:00
436_upper,436,2019-09-11,2019-09-11 10:30:00-04:00,2019-10-09 10:30:00-04:00,upper,7907.8521611038295,2019-09-11 19:18:00-04:00
436_lower,436,2019-09-11,2019-09-11 10:30:00-04:00,2019-10-09 10:30:00-04:00,lower,7760.8978388961705,2019-09-24 12:23:00-04:00
437_upper,437,2019-09-12,2019-09-12 10:30:00-04:00,2019-10-10 10:30:00-04:00,upper,8026.531227375692,
437_lower,437,2019-09-12,2019-09-12 10:30:00-04:00,2019-10-10 10:30:00-04:00,lower,7856.843772624308,2019-09-15 18:00:00-04:00
438_upper,438,2019-09-13,2019-09-13 10:30:00-04:00,2019-10-11 10:30:00-04:00,upper,7981.270488488953,
438_lower,438,2019-09-13,2019-09-13 10:30:00-04:00,2019-10-11 10:30:00-04:00,lower,7872.229511511047,2019-09-15 18:00:00-04:00
439_upper,439,2019-09-16,2019-09-16 10:30:00-04:00,2019-10-14 10:30:00-04:00,upper,7925.538519504584,2019-09-18 16:05:00-04:00
439_lower,439,2019-09-16,2019-09-16 10:30:00-04:00,2019-10-14 10:30:00-04:00,lower,7813.461480495416,2019-09-20 13:17:00-04:00
440_upper,440,2019-09-17,2019-09-17 10:30:00-04:00,2019-10-15 10:30:00-04:00,upper,7931.133732645795,2019-09-19 08:51:00-04:00
440_lower,440,2019-09-17,2019-09-17 10:30:00-04:00,2019-10-15 10:30:00-04:00,lower,7825.866267354205,2019-09-18 14:20:00-04:00
441_upper,441,2019-09-18,2019-09-18 10:30:00-04:00,2019-10-16 10:30:00-04:00,upper,7941.54530987681,2019-09-19 09:32:00-04:00
441_lower,441,2019-09-18,2019-09-18 10:30:00-04:00,2019-10-16 10:30:00-04:00,lower,7852.45469012319,2019-09-18 14:01:00-04:00
442_upper,442,2019-09-19,2019-09-19 10:30:00-04:00,2019-10-17 10:30:00-04:00,upper,7998.1514477686915,
442_lower,442,2019-09-19,2019-09-19 10:30:00-04:00,2019-10-17 10:30:00-04:00,lower,7873.9735522313085,2019-09-20 13:13:00-04:00
443_upper,443,2019-09-20,2019-09-20 10:30:00-04:00,2019-10-18 10:30:00-04:00,upper,7976.01739907401,2019-10-17 05:32:00-04:00
443_lower,443,2019-09-20,2019-09-20 10:30:00-04:00,2019-10-18 10:30:00-04:00,lower,7891.60760092599,2019-09-20 11:39:00-04:00
444_upper,444,2019-09-23,2019-09-23 10:30:00-04:00,2019-10-21 10:30:00-04:00,upper,7892.500697080708,2019-09-23 19:01:00-04:00
444_lower,444,2019-09-23,2019-09-23 10:30:00-04:00,2019-10-21 10:30:00-04:00,lower,7769.124302919292,2019-09-24 12:22:00-04:00
445_upper,445,2019-09-24,2019-09-24 10:30:00-04:00,2019-10-22 10:30:00-04:00,upper,7939.115043702661,2019-10-15 10:36:00-04:00
445_lower,445,2019-09-24,2019-09-24 10:30:00-04:00,2019-10-22 10:30:00-04:00,lower,7808.759956297339,2019-09-24 11:36:00-04:00
446_upper,446,2019-09-25,2019-09-25 10:30:00-04:00,2019-10-23 10:30:00-04:00,upper,7807.746534226804,2019-09-25 14:45:00-04:00
446_lower,446,2019-09-25,2019-09-25 10:30:00-04:00,2019-10-23 10:30:00-04:00,lower,7620.753465773196,2019-10-02 09:35:00-04:00
447_upper,447,2019-09-26,2019-09-26 10:30:00-04:00,2019-10-24 10:30:00-04:00,upper,7875.098943353723,2019-10-11 09:49:00-04:00
447_lower,447,2019-09-26,2019-09-26 10:30:00-04:00,2019-10-24 10:30:00-04:00,lower,7724.776056646277,2019-09-27 11:38:00-04:00
448_upper,448,2019-09-27,2019-09-27 10:30:00-04:00,2019-10-25 10:30:00-04:00,upper,7875.633565366137,2019-10-11 09:49:00-04:00
448_lower,448,2019-09-27,2019-09-27 10:30:00-04:00,2019-10-25 10:30:00-04:00,lower,7706.741434633863,2019-09-27 12:56:00-04:00
449_upper,449,2019-09-30,2019-09-30 10:30:00-04:00,2019-10-28 10:30:00-04:00,upper,7794.986609458772,2019-09-30 20:44:00-04:00
449_lower,449,2019-09-30,2019-09-30 10:30:00-04:00,2019-10-28 10:30:00-04:00,lower,7659.513390541228,2019-10-02 03:32:00-04:00
450_upper,450,2019-10-01,2019-10-01 10:30:00-04:00,2019-10-29 10:30:00-04:00,upper,7895.983025940814,2019-10-11 10:31:00-04:00
450_lower,450,2019-10-01,2019-10-01 10:30:00-04:00,2019-10-29 10:30:00-04:00,lower,7701.016974059186,2019-10-01 13:32:00-04:00
451_upper,451,2019-10-02,2019-10-02 10:30:00-04:00,2019-10-30 10:30:00-04:00,upper,7728.042387012641,2019-10-04 11:31:00-04:00
451_lower,451,2019-10-02,2019-10-02 10:30:00-04:00,2019-10-30 10:30:00-04:00,lower,7541.207612987359,2019-10-02 12:35:00-04:00
452_upper,452,2019-10-03,2019-10-03 10:30:00-04:00,2019-10-31 10:30:00-04:00,upper,7677.2589620531835,2019-10-04 01:14:00-04:00
452_lower,452,2019-10-03,2019-10-03 10:30:00-04:00,2019-10-31 10:30:00-04:00,lower,7420.1160379468165,
453_upper,453,2019-10-04,2019-10-04 10:30:00-04:00,2019-11-01 10:30:00-04:00,upper,7772.496786182752,2019-10-04 15:50:00-04:00
453_lower,453,2019-10-04,2019-10-04 10:30:00-04:00,2019-11-01 10:30:00-04:00,lower,7620.003213817248,2019-10-08 15:58:00-04:00
454_upper,454,2019-10-07,2019-10-07 10:30:00-04:00,2019-11-04 10:30:00-05:00,upper,7807.288231385581,2019-10-10 18:58:00-04:00
454_lower,454,2019-10-07,2019-10-07 10:30:00-04:00,2019-11-04 10:30:00-05:00,lower,7674.961768614419,2019-10-08 07:00:00-04:00
455_upper,455,2019-10-08,2019-10-08 10:30:00-04:00,2019-11-05 10:30:00-05:00,upper,7762.042238330833,2019-10-10 10:19:00-04:00
455_lower,455,2019-10-08,2019-10-08 10:30:00-04:00,2019-11-05 10:30:00-05:00,lower,7583.082761669167,
456_upper,456,2019-10-09,2019-10-09 10:30:00-04:00,2019-11-06 10:30:00-05:00,upper,7754.35489022386,2019-10-10 09:55:00-04:00
456_lower,456,2019-10-09,2019-10-09 10:30:00-04:00,2019-11-06 10:30:00-05:00,lower,7609.52010977614,2019-10-09 18:27:00-04:00
457_upper,457,2019-10-10,2019-10-10 10:30:00-04:00,2019-11-07 10:30:00-05:00,upper,7806.983152583176,2019-10-10 18:58:00-04:00
457_lower,457,2019-10-10,2019-10-10 10:30:00-04:00,2019-11-07 10:30:00-05:00,lower,7616.766847416824,
458_upper,458,2019-10-11,2019-10-11 10:30:00-04:00,2019-11-08 10:30:00-05:00,upper,7933.252515518831,2019-10-15 10:35:00-04:00
458_lower,458,2019-10-11,2019-10-11 10:30:00-04:00,2019-11-08 10:30:00-05:00,lower,7778.247484481169,
459_upper,459,2019-10-14,2019-10-14 10:30:00-04:00,2019-11-11 10:30:00-05:00,upper,7910.36240883361,2019-10-15 10:11:00-04:00
459_lower,459,2019-10-14,2019-10-14 10:30:00-04:00,2019-11-11 10:30:00-05:00,lower,7788.26259116639,
460_upper,460,2019-10-15,2019-10-15 10:30:00-04:00,2019-11-12 10:30:00-05:00,upper,7959.4284389419445,2019-10-15 13:45:00-04:00
460_lower,460,2019-10-15,2019-10-15 10:30:00-04:00,2019-11-12 10:30:00-05:00,lower,7816.1965610580555,2019-10-22 20:08:00-04:00
461_upper,461,2019-10-16,2019-10-16 10:30:00-04:00,2019-11-13 10:30:00-05:00,upper,7973.881504856465,2019-10-17 05:32:00-04:00
461_lower,461,2019-10-16,2019-10-16 10:30:00-04:00,2019-11-13 10:30:00-05:00,lower,7875.493495143535,2019-10-18 11:53:00-04:00
462_upper,462,2019-10-17,2019-10-17 10:30:00-04:00,2019-11-14 10:30:00-05:00,upper,8029.851190552939,2019-10-25 11:20:00-04:00
462_lower,462,2019-10-17,2019-10-17 10:30:00-04:00,2019-11-14 10:30:00-05:00,lower,7924.773809447061,2019-10-17 12:03:00-04:00
463_upper,463,2019-10-18,2019-10-18 10:30:00-04:00,2019-11-15 10:30:00-05:00,upper,7996.4999471329775,2019-10-25 10:24:00-04:00
463_lower,463,2019-10-18,2019-10-18 10:30:00-04:00,2019-11-15 10:30:00-05:00,lower,7886.6250528670225,2019-10-18 11:50:00-04:00
464_upper,464,2019-10-21,2019-10-21 10:30:00-04:00,2019-11-18 10:30:00-05:00,upper,7975.2771884998065,2019-10-21 20:20:00-04:00
464_lower,464,2019-10-21,2019-10-21 10:30:00-04:00,2019-11-18 10:30:00-05:00,lower,7853.8478115001935,2019-10-22 16:02:00-04:00
465_upper,465,2019-10-22,2019-10-22 10:30:00-04:00,2019-11-19 10:30:00-05:00,upper,8025.070653677688,2019-10-25 11:19:00-04:00
465_lower,465,2019-10-22,2019-10-22 10:30:00-04:00,2019-11-19 10:30:00-05:00,lower,7920.304346322312,2019-10-22 13:55:00-04:00
466_upper,466,2019-10-23,2019-10-23 10:30:00-04:00,2019-11-20 10:30:00-05:00,upper,7922.27330531959,2019-10-23 18:00:00-04:00
466_lower,466,2019-10-23,2019-10-23 10:30:00-04:00,2019-11-20 10:30:00-05:00,lower,7812.47669468041,
467_upper,467,2019-10-24,2019-10-24 10:30:00-04:00,2019-11-21 10:30:00-05:00,upper,8007.99861994854,2019-10-25 10:50:00-04:00
467_lower,467,2019-10-24,2019-10-24 10:30:00-04:00,2019-11-21 10:30:00-05:00,lower,7885.00138005146,
468_upper,468,2019-10-25,2019-10-25 10:30:00-04:00,2019-11-22 10:30:00-05:00,upper,8024.182293584758,2019-10-25 11:19:00-04:00
468_lower,468,2019-10-25,2019-10-25 10:30:00-04:00,2019-11-22 10:30:00-05:00,lower,7869.192706415242,
469_upper,469,2019-10-28,2019-10-28 10:30:00-04:00,2019-11-25 10:30:00-05:00,upper,8132.462309595539,2019-10-30 16:30:00-04:00
469_lower,469,2019-10-28,2019-10-28 10:30:00-04:00,2019-11-25 10:30:00-05:00,lower,8032.537690404461,2019-10-30 10:03:00-04:00
470_upper,470,2019-10-29,2019-10-29 10:30:00-04:00,2019-11-26 10:30:00-05:00,upper,8153.691518775713,2019-11-01 10:02:00-04:00
470_lower,470,2019-10-29,2019-10-29 10:30:00-04:00,2019-11-26 10:30:00-05:00,lower,8041.933481224287,2019-10-30 09:39:00-04:00
471_upper,471,2019-10-30,2019-10-30 10:30:00-04:00,2019-11-27 10:30:00-05:00,upper,8118.429488813279,2019-10-30 16:30:00-04:00
471_lower,471,2019-10-30,2019-10-30 10:30:00-04:00,2019-11-27 10:30:00-05:00,lower,7994.070511186721,
472_upper,472,2019-10-31,2019-10-31 10:30:00-04:00,2019-11-28 10:30:00-05:00,upper,8170.509405977322,2019-11-03 18:00:00-05:00
472_lower,472,2019-10-31,2019-10-31 10:30:00-04:00,2019-11-28 10:30:00-05:00,lower,8028.365594022678,
473_upper,473,2019-11-01,2019-11-01 10:30:00-04:00,2019-11-29 10:30:00-05:00,upper,8193.176407823285,2019-11-03 21:59:00-05:00
473_lower,473,2019-11-01,2019-11-01 10:30:00-04:00,2019-11-29 10:30:00-05:00,lower,8073.6985921767155,
474_upper,474,2019-11-04,2019-11-04 10:30:00-05:00,2019-12-02 10:30:00-05:00,upper,8265.054324506837,2019-11-07 10:18:00-05:00
474_lower,474,2019-11-04,2019-11-04 10:30:00-05:00,2019-12-02 10:30:00-05:00,lower,8173.820675493165,2019-11-06 11:45:00-05:00
475_upper,475,2019-11-05,2019-11-05 10:30:00-05:00,2019-12-03 10:30:00-05:00,upper,8276.169726885451,2019-11-07 11:59:00-05:00
475_lower,475,2019-11-05,2019-11-05 10:30:00-05:00,2019-12-03 10:30:00-05:00,lower,8162.33027311455,2019-11-06 11:52:00-05:00
476_upper,476,2019-11-06,2019-11-06 10:30:00-05:00,2019-12-04 10:30:00-05:00,upper,8252.094226079807,2019-11-07 02:29:00-05:00
476_lower,476,2019-11-06,2019-11-06 10:30:00-05:00,2019-12-04 10:30:00-05:00,lower,8154.280773920193,
477_upper,477,2019-11-07,2019-11-07 10:30:00-05:00,2019-12-05 10:30:00-05:00,upper,8294.449194644101,2019-11-12 10:49:00-05:00
477_lower,477,2019-11-07,2019-11-07 10:30:00-05:00,2019-12-05 10:30:00-05:00,lower,8196.8008053559,2019-11-08 00:05:00-05:00
478_upper,478,2019-11-08,2019-11-08 10:30:00-05:00,2019-12-06 10:30:00-05:00,upper,8269.653256088226,2019-11-12 01:10:00-05:00
478_lower,478,2019-11-08,2019-11-08 10:30:00-05:00,2019-12-06 10:30:00-05:00,lower,8153.221743911774,
479_upper,479,2019-11-11,2019-11-11 10:30:00-05:00,2019-12-09 10:30:00-05:00,upper,8268.310015999796,2019-11-12 01:10:00-05:00
479_lower,479,2019-11-11,2019-11-11 10:30:00-05:00,2019-12-09 10:30:00-05:00,lower,8173.6899840002025,2019-12-03 09:48:00-05:00
480_upper,480,2019-11-12,2019-11-12 10:30:00-05:00,2019-12-10 10:30:00-05:00,upper,8314.37002763398,2019-11-15 09:28:00-05:00
480_lower,480,2019-11-12,2019-11-12 10:30:00-05:00,2019-12-10 10:30:00-05:00,lower,8210.50497236602,2019-12-03 09:18:00-05:00
481_upper,481,2019-11-13,2019-11-13 10:30:00-05:00,2019-12-11 10:30:00-05:00,upper,8298.278866343364,2019-11-14 19:58:00-05:00
481_lower,481,2019-11-13,2019-11-13 10:30:00-05:00,2019-12-11 10:30:00-05:00,lower,8198.346133656636,2019-12-03 09:31:00-05:00
482_upper,482,2019-11-14,2019-11-14 10:30:00-05:00,2019-12-12 10:30:00-05:00,upper,8292.809772317756,2019-11-14 19:50:00-05:00
482_lower,482,2019-11-14,2019-11-14 10:30:00-05:00,2019-12-12 10:30:00-05:00,lower,8200.190227682244,2019-12-03 09:30:00-05:00
483_upper,483,2019-11-15,2019-11-15 10:30:00-05:00,2019-12-13 10:30:00-05:00,upper,8356.843238658654,2019-11-18 02:17:00-05:00
483_lower,483,2019-11-15,2019-11-15 10:30:00-05:00,2019-12-13 10:30:00-05:00,lower,8260.531761341346,2019-11-20 12:58:00-05:00
484_upper,484,2019-11-18,2019-11-18 10:30:00-05:00,2019-12-16 10:30:00-05:00,upper,8355.442438288166,2019-11-19 03:15:00-05:00
484_lower,484,2019-11-18,2019-11-18 10:30:00-05:00,2019-12-16 10:30:00-05:00,lower,8255.182561711834,2019-11-20 13:10:00-05:00
485_upper,485,2019-11-19,2019-11-19 10:30:00-05:00,2019-12-17 10:30:00-05:00,upper,8406.657199185789,2019-11-25 20:46:00-05:00
485_lower,485,2019-11-19,2019-11-19 10:30:00-05:00,2019-12-17 10:30:00-05:00,lower,8305.092800814211,2019-11-19 20:29:00-05:00
486_upper,486,2019-11-20,2019-11-20 10:30:00-05:00,2019-12-18 10:30:00-05:00,upper,8368.518121420257,2019-11-25 10:40:00-05:00
486_lower,486,2019-11-20,2019-11-20 10:30:00-05:00,2019-12-18 10:30:00-05:00,lower,8282.731878579743,2019-11-20 12:57:00-05:00
487_upper,487,2019-11-21,2019-11-21 10:30:00-05:00,2019-12-19 10:30:00-05:00,upper,8328.053431817778,2019-11-25 09:31:00-05:00
487_lower,487,2019-11-21,2019-11-21 10:30:00-05:00,2019-12-19 10:30:00-05:00,lower,8225.946568182222,2019-12-03 08:33:00-05:00
488_upper,488,2019-11-22,2019-11-22 10:30:00-05:00,2019-12-20 10:30:00-05:00,upper,8344.99267734645,2019-11-25 09:37:00-05:00
488_lower,488,2019-11-22,2019-11-22 10:30:00-05:00,2019-12-20 10:30:00-05:00,lower,8224.00732265355,2019-12-03 08:33:00-05:00
489_upper,489,2019-11-25,2019-11-25 10:30:00-05:00,2019-12-23 10:30:00-05:00,upper,8390.25817316012,2019-11-25 19:59:00-05:00
489_lower,489,2019-11-25,2019-11-25 10:30:00-05:00,2019-12-23 10:30:00-05:00,lower,8260.36682683988,2019-12-03 07:49:00-05:00
490_upper,490,2019-11-26,2019-11-26 10:30:00-05:00,2019-12-24 10:30:00-05:00,upper,8420.28786761345,2019-11-27 04:05:00-05:00
490_lower,490,2019-11-26,2019-11-26 10:30:00-05:00,2019-12-24 10:30:00-05:00,lower,8339.71213238655,2019-12-02 10:00:00-05:00
491_upper,491,2019-11-27,2019-11-27 10:30:00-05:00,2019-12-26 10:30:00-05:00,upper,8451.845619899323,2019-11-27 16:00:00-05:00
491_lower,491,2019-11-27,2019-11-27 10:30:00-05:00,2019-12-26 10:30:00-05:00,lower,8373.904380100677,2019-12-02 09:39:00-05:00
492_upper,492,2019-11-28,2019-11-28 10:30:00-05:00,2019-12-27 10:30:00-05:00,upper,8468.053769743168,2019-12-12 10:00:00-05:00
492_lower,492,2019-11-28,2019-11-28 10:30:00-05:00,2019-12-27 10:30:00-05:00,lower,8413.946230256832,2019-11-29 01:09:00-05:00
493_upper,493,2019-11-29,2019-11-29 10:30:00-05:00,2019-12-30 10:30:00-05:00,upper,8467.745943147362,2019-12-12 10:00:00-05:00
493_lower,493,2019-11-29,2019-11-29 10:30:00-05:00,2019-12-30 10:30:00-05:00,lower,8392.754056852638,2019-12-02 09:35:00-05:00
494_upper,494,2019-12-02,2019-12-02 10:30:00-05:00,2020-01-02 10:30:00-05:00,upper,8495.2901400052,2019-12-12 10:20:00-05:00
494_lower,494,2019-12-02,2019-12-02 10:30:00-05:00,2020-01-02 10:30:00-05:00,lower,8271.8348599948,2019-12-03 05:29:00-05:00
495_upper,495,2019-12-03,2019-12-03 10:30:00-05:00,2020-01-03 10:30:00-05:00,upper,8278.584516174698,2019-12-04 04:06:00-05:00
495_lower,495,2019-12-03,2019-12-03 10:30:00-05:00,2020-01-03 10:30:00-05:00,lower,8130.040483825301,
496_upper,496,2019-12-04,2019-12-04 10:30:00-05:00,2020-01-06 10:30:00-05:00,upper,8362.410656378725,2019-12-06 08:34:00-05:00
496_lower,496,2019-12-04,2019-12-04 10:30:00-05:00,2020-01-06 10:30:00-05:00,lower,8241.964343621275,
497_upper,497,2019-12-05,2019-12-05 10:30:00-05:00,2020-01-07 10:30:00-05:00,upper,8387.022488475435,2019-12-06 09:45:00-05:00
497_lower,497,2019-12-05,2019-12-05 10:30:00-05:00,2020-01-07 10:30:00-05:00,lower,8240.477511524565,
498_upper,498,2019-12-06,2019-12-06 10:30:00-05:00,2020-01-08 10:30:00-05:00,upper,8425.978172450685,2019-12-09 09:44:00-05:00
498_lower,498,2019-12-06,2019-12-06 10:30:00-05:00,2020-01-08 10:30:00-05:00,lower,8325.021827549315,2019-12-10 03:53:00-05:00
499_upper,499,2019-12-09,2019-12-09 10:30:00-05:00,2020-01-09 10:30:00-05:00,upper,8456.479567619344,2019-12-12 09:39:00-05:00
499_lower,499,2019-12-09,2019-12-09 10:30:00-05:00,2020-01-09 10:30:00-05:00,lower,8339.145432380656,2019-12-10 03:50:00-05:00
500_upper,500,2019-12-10,2019-12-10 10:30:00-05:00,2020-01-10 10:30:00-05:00,upper,8446.13188573984,2019-12-12 09:38:00-05:00
500_lower,500,2019-12-10,2019-12-10 10:30:00-05:00,2020-01-10 10:30:00-05:00,lower,8289.11811426016,
501_upper,501,2019-12-11,2019-12-11 10:30:00-05:00,2020-01-13 10:30:00-05:00,upper,8438.461650333309,2019-12-12 09:38:00-05:00
501_lower,501,2019-12-11,2019-12-11 10:30:00-05:00,2020-01-13 10:30:00-05:00,lower,8317.788349666691,
502_upper,502,2019-12-12,2019-12-12 10:30:00-05:00,2020-01-14 10:30:00-05:00,upper,8536.404026568427,2019-12-12 20:14:00-05:00
502_lower,502,2019-12-12,2019-12-12 10:30:00-05:00,2020-01-14 10:30:00-05:00,lower,8294.845973431573,
503_upper,503,2019-12-13,2019-12-13 10:30:00-05:00,2020-01-15 10:30:00-05:00,upper,8586.185494581694,2019-12-16 09:33:00-05:00
503_lower,503,2019-12-13,2019-12-13 10:30:00-05:00,2020-01-15 10:30:00-05:00,lower,8403.439505418306,
504_upper,504,2019-12-16,2019-12-16 10:30:00-05:00,2020-01-16 10:30:00-05:00,upper,8641.251328329068,2019-12-19 11:07:00-05:00
504_lower,504,2019-12-16,2019-12-16 10:30:00-05:00,2020-01-16 10:30:00-05:00,lower,8523.748671670932,
505_upper,505,2019-12-17,2019-12-17 10:30:00-05:00,2020-01-17 10:30:00-05:00,upper,8660.55668610343,2019-12-19 14:25:00-05:00
505_lower,505,2019-12-17,2019-12-17 10:30:00-05:00,2020-01-17 10:30:00-05:00,lower,8566.19331389657,
506_upper,506,2019-12-18,2019-12-18 10:30:00-05:00,2020-01-20 10:30:00-05:00,upper,8660.326407923749,2019-12-19 14:25:00-05:00
506_lower,506,2019-12-18,2019-12-18 10:30:00-05:00,2020-01-20 10:30:00-05:00,lower,8576.173592076251,
507_upper,507,2019-12-19,2019-12-19 10:30:00-05:00,2020-01-21 10:30:00-05:00,upper,8666.94036476305,2019-12-19 15:55:00-05:00
507_lower,507,2019-12-19,2019-12-19 10:30:00-05:00,2020-01-21 10:30:00-05:00,lower,8581.18463523695,
508_upper,508,2019-12-20,2019-12-20 10:30:00-05:00,2020-01-22 10:30:00-05:00,upper,8749.973277138735,2019-12-26 08:29:00-05:00
508_lower,508,2019-12-20,2019-12-20 10:30:00-05:00,2020-01-22 10:30:00-05:00,lower,8656.026722861265,
509_upper,509,2019-12-23,2019-12-23 10:30:00-05:00,2020-01-23 10:30:00-05:00,upper,8768.763077523226,2019-12-26 10:55:00-05:00
509_lower,509,2019-12-23,2019-12-23 10:30:00-05:00,2020-01-23 10:30:00-05:00,lower,8692.111922476774,2019-12-30 10:15:00-05:00
510_upper,510,2019-12-24,2019-12-24 10:30:00-05:00,2020-01-24 10:30:00-05:00,upper,8773.968254097463,2019-12-26 11:03:00-05:00
510_lower,510,2019-12-24,2019-12-24 10:30:00-05:00,2020-01-24 10:30:00-05:00,lower,8677.156745902537,
511_upper,511,2019-12-26,2019-12-26 10:30:00-05:00,2020-01-27 10:30:00-05:00,upper,8794.47437030492,2019-12-26 15:58:00-05:00
511_lower,511,2019-12-26,2019-12-26 10:30:00-05:00,2020-01-27 10:30:00-05:00,lower,8698.27562969508,2019-12-30 10:15:00-05:00
512_upper,512,2019-12-27,2019-12-27 10:30:00-05:00,2020-01-28 10:30:00-05:00,upper,8886.987505368814,2020-01-02 15:59:00-05:00
512_lower,512,2019-12-27,2019-12-27 10:30:00-05:00,2020-01-28 10:30:00-05:00,lower,8751.387494631186,2019-12-30 09:37:00-05:00
513_upper,513,2019-12-30,2019-12-30 10:30:00-05:00,2020-01-29 10:30:00-05:00,upper,8871.58683797998,2020-01-02 15:50:00-05:00
513_lower,513,2019-12-30,2019-12-30 10:30:00-05:00,2020-01-29 10:30:00-05:00,lower,8657.53816202002,
514_upper,514,2020-01-02,2020-01-02 10:30:00-05:00,2020-01-30 10:30:00-05:00,upper,8894.10850135604,2020-01-02 16:09:00-05:00
514_lower,514,2020-01-02,2020-01-02 10:30:00-05:00,2020-01-30 10:30:00-05:00,lower,8754.51649864396,2020-01-03 05:49:00-05:00
515_upper,515,2020-01-03,2020-01-03 10:30:00-05:00,2020-01-31 10:30:00-05:00,upper,8868.81702014036,2020-01-06 16:00:00-05:00
515_lower,515,2020-01-03,2020-01-03 10:30:00-05:00,2020-01-31 10:30:00-05:00,lower,8708.80797985964,2020-01-07 19:25:00-05:00
516_upper,516,2020-01-06,2020-01-06 10:30:00-05:00,2020-02-03 10:30:00-05:00,upper,8855.988022963937,2020-01-06 15:47:00-05:00
516_lower,516,2020-01-06,2020-01-06 10:30:00-05:00,2020-02-03 10:30:00-05:00,lower,8656.761977036063,
517_upper,517,2020-01-07,2020-01-07 10:30:00-05:00,2020-02-04 10:30:00-05:00,upper,8926.851085524057,2020-01-08 11:41:00-05:00
517_lower,517,2020-01-07,2020-01-07 10:30:00-05:00,2020-02-04 10:30:00-05:00,lower,8796.398914475943,2020-01-07 18:22:00-05:00
518_upper,518,2020-01-08,2020-01-08 10:30:00-05:00,2020-02-05 10:30:00-05:00,upper,8936.485403850194,2020-01-08 11:51:00-05:00
518_lower,518,2020-01-08,2020-01-08 10:30:00-05:00,2020-02-05 10:30:00-05:00,lower,8797.514596149806,
519_upper,519,2020-01-09,2020-01-09 10:30:00-05:00,2020-02-06 10:30:00-05:00,upper,9058.918224788074,2020-01-13 12:00:00-05:00
519_lower,519,2020-01-09,2020-01-09 10:30:00-05:00,2020-02-06 10:30:00-05:00,lower,8950.081775211926,2020-01-27 06:00:00-05:00
520_upper,520,2020-01-10,2020-01-10 10:30:00-05:00,2020-02-07 10:30:00-05:00,upper,9087.372060473437,2020-01-13 16:14:00-05:00
520_lower,520,2020-01-10,2020-01-10 10:30:00-05:00,2020-02-07 10:30:00-05:00,lower,8973.752939526563,2020-01-10 15:39:00-05:00
521_upper,521,2020-01-13,2020-01-13 10:30:00-05:00,2020-02-10 10:30:00-05:00,upper,9073.466854812636,2020-01-13 14:24:00-05:00
521_lower,521,2020-01-13,2020-01-13 10:30:00-05:00,2020-02-10 10:30:00-05:00,lower,8964.783145187364,2020-01-27 05:20:00-05:00
522_upper,522,2020-01-14,2020-01-14 10:30:00-05:00,2020-02-11 10:30:00-05:00,upper,9135.150963253942,2020-01-16 15:52:00-05:00
522_lower,522,2020-01-14,2020-01-14 10:30:00-05:00,2020-02-11 10:30:00-05:00,lower,9002.099036746058,2020-01-26 18:44:00-05:00
523_upper,523,2020-01-15,2020-01-15 10:30:00-05:00,2020-02-12 10:30:00-05:00,upper,9121.041353432887,2020-01-16 15:43:00-05:00
523_lower,523,2020-01-15,2020-01-15 10:30:00-05:00,2020-02-12 10:30:00-05:00,lower,9004.208646567113,2020-01-26 18:43:00-05:00
524_upper,524,2020-01-16,2020-01-16 10:30:00-05:00,2020-02-13 10:30:00-05:00,upper,9152.102447722647,2020-01-16 18:18:00-05:00
524_lower,524,2020-01-16,2020-01-16 10:30:00-05:00,2020-02-13 10:30:00-05:00,lower,9047.397552277353,2020-01-26 18:01:00-05:00
525_upper,525,2020-01-17,2020-01-17 10:30:00-05:00,2020-02-14 10:30:00-05:00,upper,9226.5061671169,2020-01-21 21:51:00-05:00
525_lower,525,2020-01-17,2020-01-17 10:30:00-05:00,2020-02-14 10:30:00-05:00,lower,9108.9938328831,2020-01-26 18:00:00-05:00
526_upper,526,2020-01-20,2020-01-20 10:30:00-05:00,2020-02-17 10:30:00-05:00,upper,9202.419729769566,2020-01-21 21:20:00-05:00
526_lower,526,2020-01-20,2020-01-20 10:30:00-05:00,2020-02-17 10:30:00-05:00,lower,9132.330270230434,2020-01-20 20:54:00-05:00
527_upper,527,2020-01-21,2020-01-21 10:30:00-05:00,2020-02-18 10:30:00-05:00,upper,9211.607798715811,2020-01-21 21:51:00-05:00
527_lower,527,2020-01-21,2020-01-21 10:30:00-05:00,2020-02-18 10:30:00-05:00,lower,9109.392201284189,2020-01-26 18:00:00-05:00
528_upper,528,2020-01-22,2020-01-22 10:30:00-05:00,2020-02-19 10:30:00-05:00,upper,9282.162376677103,2020-01-24 03:30:00-05:00
528_lower,528,2020-01-22,2020-01-22 10:30:00-05:00,2020-02-19 10:30:00-05:00,lower,9169.712623322897,2020-01-23 09:32:00-05:00
529_upper,529,2020-01-23,2020-01-23 10:30:00-05:00,2020-02-20 10:30:00-05:00,upper,9261.601499727944,2020-01-23 18:02:00-05:00
529_lower,529,2020-01-23,2020-01-23 10:30:00-05:00,2020-02-20 10:30:00-05:00,lower,9112.273500272056,2020-01-24 14:23:00-05:00
530_upper,530,2020-01-24,2020-01-24 10:30:00-05:00,2020-02-21 10:30:00-05:00,upper,9336.388689547526,2020-02-04 14:02:00-05:00
530_lower,530,2020-01-24,2020-01-24 10:30:00-05:00,2020-02-21 10:30:00-05:00,lower,9193.236310452474,2020-01-24 12:06:00-05:00
531_upper,531,2020-01-27,2020-01-27 10:30:00-05:00,2020-02-24 10:30:00-05:00,upper,9040.664763238832,2020-01-28 10:24:00-05:00
531_lower,531,2020-01-27,2020-01-27 10:30:00-05:00,2020-02-24 10:30:00-05:00,lower,8866.460236761168,
532_upper,532,2020-01-28,2020-01-28 10:30:00-05:00,2020-02-25 10:30:00-05:00,upper,9117.891953676843,2020-01-28 15:23:00-05:00
532_lower,532,2020-01-28,2020-01-28 10:30:00-05:00,2020-02-25 10:30:00-05:00,lower,8935.108046323157,
533_upper,533,2020-01-29,2020-01-29 10:30:00-05:00,2020-02-26 10:30:00-05:00,upper,9240.01686517373,2020-01-30 20:04:00-05:00
533_lower,533,2020-01-29,2020-01-29 10:30:00-05:00,2020-02-26 10:30:00-05:00,lower,9024.48313482627,2020-01-30 02:06:00-05:00
534_upper,534,2020-01-30,2020-01-30 10:30:00-05:00,2020-02-27 10:30:00-05:00,upper,9161.03554402627,2020-01-30 16:01:00-05:00
534_lower,534,2020-01-30,2020-01-30 10:30:00-05:00,2020-02-27 10:30:00-05:00,lower,8970.33945597373,2020-01-31 15:42:00-05:00
535_upper,535,2020-01-31,2020-01-31 10:30:00-05:00,2020-02-28 10:30:00-05:00,upper,9281.619426802492,2020-02-04 10:33:00-05:00
535_lower,535,2020-01-31,2020-01-31 10:30:00-05:00,2020-02-28 10:30:00-05:00,lower,9025.255573197508,2020-01-31 11:15:00-05:00
536_upper,536,2020-02-03,2020-02-03 10:30:00-05:00,2020-03-02 10:30:00-05:00,upper,9209.94080348574,2020-02-04 03:10:00-05:00
536_lower,536,2020-02-03,2020-02-03 10:30:00-05:00,2020-03-02 10:30:00-05:00,lower,8927.30919651426,2020-02-25 13:41:00-05:00
537_upper,537,2020-02-04,2020-02-04 10:30:00-05:00,2020-03-03 10:30:00-05:00,upper,9346.500558111893,2020-02-04 14:41:00-05:00
537_lower,537,2020-02-04,2020-02-04 10:30:00-05:00,2020-03-03 10:30:00-05:00,lower,9165.624441888107,2020-02-24 04:01:00-05:00
538_upper,538,2020-02-05,2020-02-05 10:30:00-05:00,2020-03-04 10:30:00-05:00,upper,9558.759667542745,2020-02-10 20:16:00-05:00
538_lower,538,2020-02-05,2020-02-05 10:30:00-05:00,2020-03-04 10:30:00-05:00,lower,9298.615332457255,2020-02-23 18:12:00-05:00
539_upper,539,2020-02-06,2020-02-06 10:30:00-05:00,2020-03-05 10:30:00-05:00,upper,9475.797790661523,2020-02-10 10:38:00-05:00
539_lower,539,2020-02-06,2020-02-06 10:30:00-05:00,2020-03-05 10:30:00-05:00,lower,9311.202209338477,2020-02-23 18:12:00-05:00
540_upper,540,2020-02-07,2020-02-07 10:30:00-05:00,2020-03-06 10:30:00-05:00,upper,9479.806757784641,2020-02-10 11:46:00-05:00
540_lower,540,2020-02-07,2020-02-07 10:30:00-05:00,2020-03-06 10:30:00-05:00,lower,9337.443242215359,2020-02-09 18:35:00-05:00
541_upper,541,2020-02-10,2020-02-10 10:30:00-05:00,2020-03-09 10:30:00-04:00,upper,9505.63266386011,2020-02-10 15:11:00-05:00
541_lower,541,2020-02-10,2020-02-10 10:30:00-05:00,2020-03-09 10:30:00-04:00,lower,9295.74233613989,2020-02-23 18:12:00-05:00
542_upper,542,2020-02-11,2020-02-11 10:30:00-05:00,2020-03-10 10:30:00-04:00,upper,9660.708183181294,2020-02-16 18:16:00-05:00
542_lower,542,2020-02-11,2020-02-11 10:30:00-05:00,2020-03-10 10:30:00-04:00,lower,9485.791816818706,2020-02-21 09:49:00-05:00
543_upper,543,2020-02-12,2020-02-12 10:30:00-05:00,2020-03-11 10:30:00-04:00,upper,9656.133464019826,2020-02-13 22:02:00-05:00
543_lower,543,2020-02-12,2020-02-12 10:30:00-05:00,2020-03-11 10:30:00-04:00,lower,9505.991535980174,2020-02-21 09:47:00-05:00
544_upper,544,2020-02-13,2020-02-13 10:30:00-05:00,2020-03-12 10:30:00-04:00,upper,9633.91048536134,2020-02-13 13:45:00-05:00
544_lower,544,2020-02-13,2020-02-13 10:30:00-05:00,2020-03-12 10:30:00-04:00,lower,9481.83951463866,2020-02-21 09:49:00-05:00
545_upper,545,2020-02-14,2020-02-14 10:30:00-05:00,2020-03-13 10:30:00-04:00,upper,9690.586429909186,2020-02-19 09:06:00-05:00
545_lower,545,2020-02-14,2020-02-14 10:30:00-05:00,2020-03-13 10:30:00-04:00,lower,9544.788570090814,2020-02-18 02:34:00-05:00
546_upper,546,2020-02-17,2020-02-17 10:30:00-05:00,2020-03-16 10:30:00-04:00,upper,9701.00850205556,2020-02-19 09:32:00-05:00
546_lower,546,2020-02-17,2020-02-17 10:30:00-05:00,2020-03-16 10:30:00-04:00,lower,9615.36649794444,2020-02-17 18:00:00-05:00
547_upper,547,2020-02-18,2020-02-18 10:30:00-05:00,2020-03-17 10:30:00-04:00,upper,9668.493017509381,2020-02-18 19:00:00-05:00
547_lower,547,2020-02-18,2020-02-18 10:30:00-05:00,2020-03-17 10:30:00-04:00,lower,9516.506982490619,2020-02-21 09:47:00-05:00
548_upper,548,2020-02-19,2020-02-19 10:30:00-05:00,2020-03-18 10:30:00-04:00,upper,9768.45407976957,
548_lower,548,2020-02-19,2020-02-19 10:30:00-05:00,2020-03-18 10:30:00-04:00,lower,9624.17092023043,2020-02-20 11:26:00-05:00
549_upper,549,2020-02-20,2020-02-20 10:30:00-05:00,2020-03-19 10:30:00-04:00,upper,9774.569343068222,
549_lower,549,2020-02-20,2020-02-20 10:30:00-05:00,2020-03-19 10:30:00-04:00,lower,9636.180656931778,2020-02-20 11:25:00-05:00
550_upper,550,2020-02-21,2020-02-21 10:30:00-05:00,2020-03-20 10:30:00-04:00,upper,9701.87501025857,
550_lower,550,2020-02-21,2020-02-21 10:30:00-05:00,2020-03-20 10:30:00-04:00,lower,9431.37498974143,2020-02-21 13:50:00-05:00
551_upper,551,2020-02-24,2020-02-24 10:30:00-05:00,2020-03-23 10:30:00-04:00,upper,9279.345921503827,
551_lower,551,2020-02-24,2020-02-24 10:30:00-05:00,2020-03-23 10:30:00-04:00,lower,8946.529078496173,2020-02-25 11:18:00-05:00
552_upper,552,2020-02-25,2020-02-25 10:30:00-05:00,2020-03-24 10:30:00-04:00,upper,9325.761076685652,
552_lower,552,2020-02-25,2020-02-25 10:30:00-05:00,2020-03-24 10:30:00-04:00,lower,8948.363923314348,2020-02-25 11:18:00-05:00
553_upper,553,2020-02-26,2020-02-26 10:30:00-05:00,2020-03-25 10:30:00-04:00,upper,9102.611245551696,
553_lower,553,2020-02-26,2020-02-26 10:30:00-05:00,2020-03-25 10:30:00-04:00,lower,8735.888754448304,2020-02-26 22:06:00-05:00
554_upper,554,2020-02-27,2020-02-27 10:30:00-05:00,2020-03-26 10:30:00-04:00,upper,8846.695621026636,2020-03-02 15:54:00-05:00
554_lower,554,2020-02-27,2020-02-27 10:30:00-05:00,2020-03-26 10:30:00-04:00,lower,8455.554378973364,2020-02-27 15:59:00-05:00
555_upper,555,2020-02-28,2020-02-28 10:30:00-05:00,2020-03-27 10:30:00-04:00,upper,8449.449672286646,2020-03-01 20:31:00-05:00
555_lower,555,2020-02-28,2020-02-28 10:30:00-05:00,2020-03-27 10:30:00-04:00,lower,7935.675327713354,2020-03-09 09:30:00-04:00
556_upper,556,2020-03-02,2020-03-02 10:30:00-05:00,2020-03-30 10:30:00-04:00,upper,8775.991216173119,2020-03-02 15:47:00-05:00
556_lower,556,2020-03-02,2020-03-02 10:30:00-05:00,2020-03-30 10:30:00-04:00,lower,8307.508783826881,2020-03-08 18:00:00-04:00
557_upper,557,2020-03-03,2020-03-03 10:30:00-05:00,2020-03-31 10:30:00-04:00,upper,9181.993363016256,
557_lower,557,2020-03-03,2020-03-03 10:30:00-05:00,2020-03-31 10:30:00-04:00,lower,8592.631636983744,2020-03-03 13:57:00-05:00
558_upper,558,2020-03-04,2020-03-04 10:30:00-05:00,2020-04-01 10:30:00-04:00,upper,8949.904249123141,2020-03-04 15:59:00-05:00
558_lower,558,2020-03-04,2020-03-04 10:30:00-05:00,2020-04-01 10:30:00-04:00,lower,8527.595750876859,2020-03-06 00:08:00-05:00
559_upper,559,2020-03-05,2020-03-05 10:30:00-05:00,2020-04-02 10:30:00-04:00,upper,8919.405110920161,
559_lower,559,2020-03-05,2020-03-05 10:30:00-05:00,2020-04-02 10:30:00-04:00,lower,8556.594889079839,2020-03-05 22:01:00-05:00
560_upper,560,2020-03-06,2020-03-06 10:30:00-05:00,2020-04-03 10:30:00-04:00,upper,8658.539050594516,
560_lower,560,2020-03-06,2020-03-06 10:30:00-05:00,2020-04-03 10:30:00-04:00,lower,8174.210949405484,2020-03-08 18:04:00-04:00
561_upper,561,2020-03-09,2020-03-09 10:30:00-04:00,2020-04-06 10:30:00-04:00,upper,8369.65275059803,2020-03-10 16:00:00-04:00
561_lower,561,2020-03-09,2020-03-09 10:30:00-04:00,2020-04-06 10:30:00-04:00,lower,7601.972249401969,2020-03-11 22:04:00-04:00
562_upper,562,2020-03-10,2020-03-10 10:30:00-04:00,2020-04-07 10:30:00-04:00,upper,8466.125258943415,
562_lower,562,2020-03-10,2020-03-10 10:30:00-04:00,2020-04-07 10:30:00-04:00,lower,7965.874741056584,2020-03-10 11:30:00-04:00
563_upper,563,2020-03-11,2020-03-11 10:30:00-04:00,2020-04-08 10:30:00-04:00,upper,8380.780451215443,
563_lower,563,2020-03-11,2020-03-11 10:30:00-04:00,2020-04-08 10:30:00-04:00,lower,7953.7195487845565,2020-03-11 15:03:00-04:00
564_upper,564,2020-03-12,2020-03-12 10:30:00-04:00,2020-04-09 10:30:00-04:00,upper,7826.650193522921,2020-03-13 15:54:00-04:00
564_lower,564,2020-03-12,2020-03-12 10:30:00-04:00,2020-04-09 10:30:00-04:00,lower,7139.474806477079,2020-03-12 16:38:00-04:00
565_upper,565,2020-03-13,2020-03-13 10:30:00-04:00,2020-04-13 10:30:00-04:00,upper,8060.746965419656,2020-04-06 15:54:00-04:00
565_lower,565,2020-03-13,2020-03-13 10:30:00-04:00,2020-04-13 10:30:00-04:00,lower,7230.253034580344,2020-03-16 09:45:00-04:00
566_upper,566,2020-03-16,2020-03-16 10:30:00-04:00,2020-04-14 10:30:00-04:00,upper,7701.809417610286,2020-03-25 04:56:00-04:00
566_lower,566,2020-03-16,2020-03-16 10:30:00-04:00,2020-04-14 10:30:00-04:00,lower,6892.440582389714,2020-03-18 13:32:00-04:00
567_upper,567,2020-03-17,2020-03-17 10:30:00-04:00,2020-04-15 10:30:00-04:00,upper,7569.8379038772,2020-03-20 03:52:00-04:00
567_lower,567,2020-03-17,2020-03-17 10:30:00-04:00,2020-04-15 10:30:00-04:00,lower,6680.1620961228,2020-03-22 18:02:00-04:00
568_upper,568,2020-03-18,2020-03-18 10:30:00-04:00,2020-04-16 10:30:00-04:00,upper,7523.430217355327,2020-03-20 03:27:00-04:00
568_lower,568,2020-03-18,2020-03-18 10:30:00-04:00,2020-04-16 10:30:00-04:00,lower,6593.569782644673,
569_upper,569,2020-03-19,2020-03-19 10:30:00-04:00,2020-04-17 10:30:00-04:00,upper,7674.405619310493,2020-03-25 04:29:00-04:00
569_lower,569,2020-03-19,2020-03-19 10:30:00-04:00,2020-04-17 10:30:00-04:00,lower,6703.094380689507,2020-03-22 18:00:00-04:00
570_upper,570,2020-03-20,2020-03-20 10:30:00-04:00,2020-04-20 10:30:00-04:00,upper,7734.967355248917,2020-03-25 05:09:00-04:00
570_lower,570,2020-03-20,2020-03-20 10:30:00-04:00,2020-04-20 10:30:00-04:00,lower,7073.032644751083,2020-03-20 14:58:00-04:00
571_upper,571,2020-03-23,2020-03-23 10:30:00-04:00,2020-04-21 10:30:00-04:00,upper,7328.874142072142,2020-03-24 05:18:00-04:00
571_lower,571,2020-03-23,2020-03-23 10:30:00-04:00,2020-04-21 10:30:00-04:00,lower,6628.125857927858,
572_upper,572,2020-03-24,2020-03-24 10:30:00-04:00,2020-04-22 10:30:00-04:00,upper,7655.687833587241,2020-03-25 04:27:00-04:00
572_lower,572,2020-03-24,2020-03-24 10:30:00-04:00,2020-04-22 10:30:00-04:00,lower,7110.312166412759,
573_upper,573,2020-03-25,2020-03-25 10:30:00-04:00,2020-04-23 10:30:00-04:00,upper,7923.818587441283,2020-03-30 21:06:00-04:00
573_lower,573,2020-03-25,2020-03-25 10:30:00-04:00,2020-04-23 10:30:00-04:00,lower,7149.306412558717,
574_upper,574,2020-03-26,2020-03-26 10:30:00-04:00,2020-04-24 10:30:00-04:00,upper,7885.270693157692,2020-03-26 15:54:00-04:00
574_lower,574,2020-03-26,2020-03-26 10:30:00-04:00,2020-04-24 10:30:00-04:00,lower,7251.979306842308,
575_upper,575,2020-03-27,2020-03-27 10:30:00-04:00,2020-04-27 10:30:00-04:00,upper,7898.965246391469,2020-03-30 20:05:00-04:00
575_lower,575,2020-03-27,2020-03-27 10:30:00-04:00,2020-04-27 10:30:00-04:00,lower,7391.034753608531,2020-03-29 18:00:00-04:00
576_upper,576,2020-03-30,2020-03-30 10:30:00-04:00,2020-04-28 10:30:00-04:00,upper,7962.171155472115,2020-03-31 10:19:00-04:00
576_lower,576,2020-03-30,2020-03-30 10:30:00-04:00,2020-04-28 10:30:00-04:00,lower,7395.828844527885,2020-04-02 09:14:00-04:00
577_upper,577,2020-03-31,2020-03-31 10:30:00-04:00,2020-04-29 10:30:00-04:00,upper,8158.171146378543,2020-04-07 03:02:00-04:00
577_lower,577,2020-03-31,2020-03-31 10:30:00-04:00,2020-04-29 10:30:00-04:00,lower,7571.953853621457,2020-04-01 02:05:00-04:00
578_upper,578,2020-04-01,2020-04-01 10:30:00-04:00,2020-04-30 10:30:00-04:00,upper,7782.845882660256,2020-04-05 20:34:00-04:00
578_lower,578,2020-04-01,2020-04-01 10:30:00-04:00,2020-04-30 10:30:00-04:00,lower,7381.404117339744,2020-04-02 09:14:00-04:00
579_upper,579,2020-04-02,2020-04-02 10:30:00-04:00,2020-05-01 10:30:00-04:00,upper,7711.3368373248595,2020-04-05 20:19:00-04:00
579_lower,579,2020-04-02,2020-04-02 10:30:00-04:00,2020-05-01 10:30:00-04:00,lower,7199.2881626751405,
580_upper,580,2020-04-03,2020-04-03 10:30:00-04:00,2020-05-04 10:30:00-04:00,upper,7814.4435487912415,2020-04-05 20:35:00-04:00
580_lower,580,2020-04-03,2020-04-03 10:30:00-04:00,2020-05-04 10:30:00-04:00,lower,7387.4314512087585,
581_upper,581,2020-04-06,2020-04-06 10:30:00-04:00,2020-05-05 10:30:00-04:00,upper,8021.43413932564,2020-04-06 15:50:00-04:00
581_lower,581,2020-04-06,2020-04-06 10:30:00-04:00,2020-05-05 10:30:00-04:00,lower,7586.31586067436,
582_upper,582,2020-04-07,2020-04-07 10:30:00-04:00,2020-05-06 10:30:00-04:00,upper,8510.899376485311,2020-04-14 09:35:00-04:00
582_lower,582,2020-04-07,2020-04-07 10:30:00-04:00,2020-05-06 10:30:00-04:00,lower,7981.475623514689,2020-04-07 18:12:00-04:00
583_upper,583,2020-04-08,2020-04-08 10:30:00-04:00,2020-05-07 10:30:00-04:00,upper,8323.344399504385,2020-04-09 09:44:00-04:00
583_lower,583,2020-04-08,2020-04-08 10:30:00-04:00,2020-05-07 10:30:00-04:00,lower,7891.780600495615,
584_upper,584,2020-04-09,2020-04-09 10:30:00-04:00,2020-05-08 10:30:00-04:00,upper,8515.770357742247,2020-04-14 09:35:00-04:00
584_lower,584,2020-04-09,2020-04-09 10:30:00-04:00,2020-05-08 10:30:00-04:00,lower,8010.229642257752,
585_upper,585,2020-04-13,2020-04-13 10:30:00-04:00,2020-05-11 10:30:00-04:00,upper,8378.973901109293,2020-04-13 21:33:00-04:00
585_lower,585,2020-04-13,2020-04-13 10:30:00-04:00,2020-05-11 10:30:00-04:00,lower,8009.401098890707,
586_upper,586,2020-04-14,2020-04-14 10:30:00-04:00,2020-05-12 10:30:00-04:00,upper,8746.696226396827,2020-04-16 11:22:00-04:00
586_lower,586,2020-04-14,2020-04-14 10:30:00-04:00,2020-05-12 10:30:00-04:00,lower,8273.928773603173,
587_upper,587,2020-04-15,2020-04-15 10:30:00-04:00,2020-05-13 10:30:00-04:00,upper,8706.634102705419,2020-04-16 10:58:00-04:00
587_lower,587,2020-04-15,2020-04-15 10:30:00-04:00,2020-05-13 10:30:00-04:00,lower,8363.365897294581,2020-04-21 11:14:00-04:00
588_upper,588,2020-04-16,2020-04-16 10:30:00-04:00,2020-05-14 10:30:00-04:00,upper,8865.039652576586,2020-04-16 18:00:00-04:00
588_lower,588,2020-04-16,2020-04-16 10:30:00-04:00,2020-05-14 10:30:00-04:00,lower,8458.085347423414,2020-04-21 10:49:00-04:00
589_upper,589,2020-04-17,2020-04-17 10:30:00-04:00,2020-05-15 10:30:00-04:00,upper,9037.991887192426,2020-04-29 16:14:00-04:00
589_lower,589,2020-04-17,2020-04-17 10:30:00-04:00,2020-05-15 10:30:00-04:00,lower,8628.758112807574,2020-04-20 22:37:00-04:00
590_upper,590,2020-04-20,2020-04-20 10:30:00-04:00,2020-05-18 10:30:00-04:00,upper,8918.85605642292,2020-04-28 05:26:00-04:00
590_lower,590,2020-04-20,2020-04-20 10:30:00-04:00,2020-05-18 10:30:00-04:00,lower,8582.89394357708,2020-04-21 09:37:00-04:00
591_upper,591,2020-04-21,2020-04-21 10:30:00-04:00,2020-05-19 10:30:00-04:00,upper,8842.931709483477,2020-04-27 00:00:00-04:00
591_lower,591,2020-04-21,2020-04-21 10:30:00-04:00,2020-05-19 10:30:00-04:00,lower,8371.068290516523,2020-04-21 11:11:00-04:00
592_upper,592,2020-04-22,2020-04-22 10:30:00-04:00,2020-05-20 10:30:00-04:00,upper,8752.68751759694,2020-04-23 10:23:00-04:00
592_lower,592,2020-04-22,2020-04-22 10:30:00-04:00,2020-05-20 10:30:00-04:00,lower,8381.43748240306,
593_upper,593,2020-04-23,2020-04-23 10:30:00-04:00,2020-05-21 10:30:00-04:00,upper,8897.034943817556,2020-04-27 01:46:00-04:00
593_lower,593,2020-04-23,2020-04-23 10:30:00-04:00,2020-05-21 10:30:00-04:00,lower,8491.715056182444,
594_upper,594,2020-04-24,2020-04-24 10:30:00-04:00,2020-05-22 10:30:00-04:00,upper,8822.83484233447,2020-04-26 22:06:00-04:00
594_lower,594,2020-04-24,2020-04-24 10:30:00-04:00,2020-05-22 10:30:00-04:00,lower,8446.66515766553,
595_upper,595,2020-04-27,2020-04-27 10:30:00-04:00,2020-05-25 10:30:00-04:00,upper,9005.931223143576,2020-04-29 15:25:00-04:00
595_lower,595,2020-04-27,2020-04-27 10:30:00-04:00,2020-05-25 10:30:00-04:00,lower,8700.193776856424,2020-04-28 10:57:00-04:00
596_upper,596,2020-04-28,2020-04-28 10:30:00-04:00,2020-05-26 10:30:00-04:00,upper,9082.56727598843,2020-04-29 16:34:00-04:00
596_lower,596,2020-04-28,2020-04-28 10:30:00-04:00,2020-05-26 10:30:00-04:00,lower,8648.55772401157,2020-05-03 18:00:00-04:00
597_upper,597,2020-04-29,2020-04-29 10:30:00-04:00,2020-05-27 10:30:00-04:00,upper,9063.102134166696,2020-04-29 16:30:00-04:00
597_lower,597,2020-04-29,2020-04-29 10:30:00-04:00,2020-05-27 10:30:00-04:00,lower,8674.772865833304,2020-05-01 13:18:00-04:00
598_upper,598,2020-04-30,2020-04-30 10:30:00-04:00,2020-05-28 10:30:00-04:00,upper,9151.604567457243,2020-05-07 20:00:00-04:00
598_lower,598,2020-04-30,2020-04-30 10:30:00-04:00,2020-05-28 10:30:00-04:00,lower,8841.770432542757,2020-04-30 18:00:00-04:00
599_upper,599,2020-05-01,2020-05-01 10:30:00-04:00,2020-05-29 10:30:00-04:00,upper,8986.947620883286,2020-05-05 11:59:00-04:00
599_lower,599,2020-05-01,2020-05-01 10:30:00-04:00,2020-05-29 10:30:00-04:00,lower,8633.552379116714,2020-05-03 18:00:00-04:00
600_upper,600,2020-05-04,2020-05-04 10:30:00-04:00,2020-06-01 10:30:00-04:00,upper,8890.462396533094,2020-05-05 03:30:00-04:00
600_lower,600,2020-05-04,2020-05-04 10:30:00-04:00,2020-06-01 10:30:00-04:00,lower,8490.287603466906,
601_upper,601,2020-05-05,2020-05-05 10:30:00-04:00,2020-06-02 10:30:00-04:00,upper,9088.893194956298,2020-05-07 05:32:00-04:00
601_lower,601,2020-05-05,2020-05-05 10:30:00-04:00,2020-06-02 10:30:00-04:00,lower,8752.231805043702,
602_upper,602,2020-05-06,2020-05-06 10:30:00-04:00,2020-06-03 10:30:00-04:00,upper,9158.178834496186,2020-05-07 20:00:00-04:00
602_lower,602,2020-05-06,2020-05-06 10:30:00-04:00,2020-06-03 10:30:00-04:00,lower,8811.571165503814,
603_upper,603,2020-05-07,2020-05-07 10:30:00-04:00,2020-06-04 10:30:00-04:00,upper,9238.063382456276,2020-05-10 19:30:00-04:00
603_lower,603,2020-05-07,2020-05-07 10:30:00-04:00,2020-06-04 10:30:00-04:00,lower,8923.436617543724,2020-05-13 12:10:00-04:00
604_upper,604,2020-05-08,2020-05-08 10:30:00-04:00,2020-06-05 10:30:00-04:00,upper,9305.866994753302,2020-05-11 13:26:00-04:00
604_lower,604,2020-05-08,2020-05-08 10:30:00-04:00,2020-06-05 10:30:00-04:00,lower,9004.133005246698,2020-05-12 20:10:00-04:00
605_upper,605,2020-05-11,2020-05-11 10:30:00-04:00,2020-06-08 10:30:00-04:00,upper,9336.002085905808,2020-05-11 15:07:00-04:00
605_lower,605,2020-05-11,2020-05-11 10:30:00-04:00,2020-06-08 10:30:00-04:00,lower,9017.997914094192,2020-05-12 19:36:00-04:00
606_upper,606,2020-05-12,2020-05-12 10:30:00-04:00,2020-06-09 10:30:00-04:00,upper,9472.540498390059,2020-05-20 10:12:00-04:00
606_lower,606,2020-05-12,2020-05-12 10:30:00-04:00,2020-06-09 10:30:00-04:00,lower,9138.584501609941,2020-05-12 15:50:00-04:00
607_upper,607,2020-05-13,2020-05-13 10:30:00-04:00,2020-06-10 10:30:00-04:00,upper,9330.286505342694,2020-05-18 10:58:00-04:00
607_lower,607,2020-05-13,2020-05-13 10:30:00-04:00,2020-06-10 10:30:00-04:00,lower,8906.963494657306,2020-05-13 12:14:00-04:00
608_upper,608,2020-05-14,2020-05-14 10:30:00-04:00,2020-06-11 10:30:00-04:00,upper,9127.723469167115,2020-05-15 03:03:00-04:00
608_lower,608,2020-05-14,2020-05-14 10:30:00-04:00,2020-06-11 10:30:00-04:00,lower,8717.901530832885,
609_upper,609,2020-05-15,2020-05-15 10:30:00-04:00,2020-06-12 10:30:00-04:00,upper,9165.812944966474,2020-05-17 18:55:00-04:00
609_lower,609,2020-05-15,2020-05-15 10:30:00-04:00,2020-06-12 10:30:00-04:00,lower,8796.562055033526,
610_upper,610,2020-05-18,2020-05-18 10:30:00-04:00,2020-06-15 10:30:00-04:00,upper,9419.998858637005,2020-05-20 09:30:00-04:00
610_lower,610,2020-05-18,2020-05-18 10:30:00-04:00,2020-06-15 10:30:00-04:00,lower,9118.626141362995,
611_upper,611,2020-05-19,2020-05-19 10:30:00-04:00,2020-06-16 10:30:00-04:00,upper,9496.71643578658,2020-05-20 12:00:00-04:00
611_lower,611,2020-05-19,2020-05-19 10:30:00-04:00,2020-06-16 10:30:00-04:00,lower,9186.28356421342,2020-05-27 10:49:00-04:00
612_upper,612,2020-05-20,2020-05-20 10:30:00-04:00,2020-06-17 10:30:00-04:00,upper,9571.512582191517,2020-05-25 23:54:00-04:00
612_lower,612,2020-05-20,2020-05-20 10:30:00-04:00,2020-06-17 10:30:00-04:00,lower,9268.612417808483,2020-05-22 01:29:00-04:00
613_upper,613,2020-05-21,2020-05-21 10:30:00-04:00,2020-06-18 10:30:00-04:00,upper,9629.258422888674,2020-06-02 04:18:00-04:00
613_lower,613,2020-05-21,2020-05-21 10:30:00-04:00,2020-06-18 10:30:00-04:00,lower,9321.616577111326,2020-05-21 22:30:00-04:00
614_upper,614,2020-05-22,2020-05-22 10:30:00-04:00,2020-06-19 10:30:00-04:00,upper,9511.052240054454,2020-05-25 06:48:00-04:00
614_lower,614,2020-05-22,2020-05-22 10:30:00-04:00,2020-06-19 10:30:00-04:00,lower,9206.447759945546,2020-05-27 10:43:00-04:00
615_upper,615,2020-05-25,2020-05-25 10:30:00-04:00,2020-06-22 10:30:00-04:00,upper,9619.650665053654,2020-06-02 03:28:00-04:00
615_lower,615,2020-05-25,2020-05-25 10:30:00-04:00,2020-06-22 10:30:00-04:00,lower,9419.099334946346,2020-05-26 11:46:00-04:00
616_upper,616,2020-05-26,2020-05-26 10:30:00-04:00,2020-06-23 10:30:00-04:00,upper,9697.977458587058,2020-06-03 09:59:00-04:00
616_lower,616,2020-05-26,2020-05-26 10:30:00-04:00,2020-06-23 10:30:00-04:00,lower,9387.022541412942,2020-05-26 15:43:00-04:00
617_upper,617,2020-05-27,2020-05-27 10:30:00-04:00,2020-06-24 10:30:00-04:00,upper,9522.109937543795,2020-05-28 12:06:00-04:00
617_lower,617,2020-05-27,2020-05-27 10:30:00-04:00,2020-06-24 10:30:00-04:00,lower,9163.015062456205,
618_upper,618,2020-05-28,2020-05-28 10:30:00-04:00,2020-06-25 10:30:00-04:00,upper,9563.409052874773,2020-05-28 13:39:00-04:00
618_lower,618,2020-05-28,2020-05-28 10:30:00-04:00,2020-06-25 10:30:00-04:00,lower,9249.090947125227,
619_upper,619,2020-05-29,2020-05-29 10:30:00-04:00,2020-06-26 10:30:00-04:00,upper,9604.150926501141,2020-06-01 13:25:00-04:00
619_lower,619,2020-05-29,2020-05-29 10:30:00-04:00,2020-06-26 10:30:00-04:00,lower,9268.974073498859,
620_upper,620,2020-06-01,2020-06-01 10:30:00-04:00,2020-06-29 10:30:00-04:00,upper,9679.614250731573,2020-06-02 20:04:00-04:00
620_lower,620,2020-06-01,2020-06-01 10:30:00-04:00,2020-06-29 10:30:00-04:00,lower,9386.010749268427,2020-06-15 02:05:00-04:00
621_upper,621,2020-06-02,2020-06-02 10:30:00-04:00,2020-07-01 10:30:00-04:00,upper,9725.496607431089,2020-06-03 15:50:00-04:00
621_lower,621,2020-06-02,2020-06-02 10:30:00-04:00,2020-07-01 10:30:00-04:00,lower,9463.628392568911,2020-06-15 01:35:00-04:00
622_upper,622,2020-06-03,2020-06-03 10:30:00-04:00,2020-07-02 10:30:00-04:00,upper,9803.511985137648,2020-06-05 11:24:00-04:00
622_lower,622,2020-06-03,2020-06-03 10:30:00-04:00,2020-07-02 10:30:00-04:00,lower,9550.988014862352,2020-06-12 13:39:00-04:00
623_upper,623,2020-06-04,2020-06-04 10:30:00-04:00,2020-07-03 10:30:00-04:00,upper,9830.30652614986,2020-06-05 12:30:00-04:00
623_lower,623,2020-06-04,2020-06-04 10:30:00-04:00,2020-07-03 10:30:00-04:00,lower,9557.06847385014,2020-06-12 13:39:00-04:00
624_upper,624,2020-06-05,2020-06-05 10:30:00-04:00,2020-07-06 10:30:00-04:00,upper,9870.27157304688,2020-06-07 19:06:00-04:00
624_lower,624,2020-06-05,2020-06-05 10:30:00-04:00,2020-07-06 10:30:00-04:00,lower,9516.60342695312,2020-06-12 13:48:00-04:00
625_upper,625,2020-06-08,2020-06-08 10:30:00-04:00,2020-07-07 10:30:00-04:00,upper,9939.699368802674,2020-06-09 10:45:00-04:00
625_lower,625,2020-06-08,2020-06-08 10:30:00-04:00,2020-07-07 10:30:00-04:00,lower,9658.050631197326,2020-06-11 14:41:00-04:00
626_upper,626,2020-06-09,2020-06-09 10:30:00-04:00,2020-07-08 10:30:00-04:00,upper,10001.419276561759,2020-06-09 13:38:00-04:00
626_lower,626,2020-06-09,2020-06-09 10:30:00-04:00,2020-07-08 10:30:00-04:00,lower,9739.205723438241,2020-06-11 12:49:00-04:00
627_upper,627,2020-06-10,2020-06-10 10:30:00-04:00,2020-07-09 10:30:00-04:00,upper,10178.464576779894,2020-06-23 03:16:00-04:00
627_lower,627,2020-06-10,2020-06-10 10:30:00-04:00,2020-07-09 10:30:00-04:00,lower,9910.660423220106,2020-06-11 08:22:00-04:00
628_upper,628,2020-06-11,2020-06-11 10:30:00-04:00,2020-07-10 10:30:00-04:00,upper,10088.754281386064,2020-06-19 08:09:00-04:00
628_lower,628,2020-06-11,2020-06-11 10:30:00-04:00,2020-07-10 10:30:00-04:00,lower,9761.870718613936,2020-06-11 12:27:00-04:00
629_upper,629,2020-06-12,2020-06-12 10:30:00-04:00,2020-07-13 10:30:00-04:00,upper,10013.831425587894,2020-06-17 03:28:00-04:00
629_lower,629,2020-06-12,2020-06-12 10:30:00-04:00,2020-07-13 10:30:00-04:00,lower,9582.918574412106,2020-06-12 11:19:00-04:00
630_upper,630,2020-06-15,2020-06-15 10:30:00-04:00,2020-07-14 10:30:00-04:00,upper,9762.510663688336,2020-06-15 14:04:00-04:00
630_lower,630,2020-06-15,2020-06-15 10:30:00-04:00,2020-07-14 10:30:00-04:00,lower,9295.364336311664,
631_upper,631,2020-06-16,2020-06-16 10:30:00-04:00,2020-07-15 10:30:00-04:00,upper,10139.247377843396,2020-06-22 18:48:00-04:00
631_lower,631,2020-06-16,2020-06-16 10:30:00-04:00,2020-07-15 10:30:00-04:00,lower,9808.627622156604,2020-06-16 11:00:00-04:00
632_upper,632,2020-06-17,2020-06-17 10:30:00-04:00,2020-07-16 10:30:00-04:00,upper,10168.09961951841,2020-06-23 03:16:00-04:00
632_lower,632,2020-06-17,2020-06-17 10:30:00-04:00,2020-07-16 10:30:00-04:00,lower,9811.77538048159,2020-06-28 18:00:00-04:00
633_upper,633,2020-06-18,2020-06-18 10:30:00-04:00,2020-07-17 10:30:00-04:00,upper,10114.314336625648,2020-06-22 14:57:00-04:00
633_lower,633,2020-06-18,2020-06-18 10:30:00-04:00,2020-07-17 10:30:00-04:00,lower,9808.060663374352,2020-06-28 18:00:00-04:00
634_upper,634,2020-06-19,2020-06-19 10:30:00-04:00,2020-07-20 10:30:00-04:00,upper,10235.96325481384,2020-06-23 11:12:00-04:00
634_lower,634,2020-06-19,2020-06-19 10:30:00-04:00,2020-07-20 10:30:00-04:00,lower,9954.53674518616,2020-06-19 12:19:00-04:00
635_upper,635,2020-06-22,2020-06-22 10:30:00-04:00,2020-07-21 10:30:00-04:00,upper,10184.272558239805,2020-06-23 03:54:00-04:00
635_lower,635,2020-06-22,2020-06-22 10:30:00-04:00,2020-07-21 10:30:00-04:00,lower,9821.727441760195,2020-06-28 18:00:00-04:00
636_upper,636,2020-06-23,2020-06-23 10:30:00-04:00,2020-07-22 10:30:00-04:00,upper,10345.85599436476,2020-07-02 08:30:00-04:00
636_lower,636,2020-06-23,2020-06-23 10:30:00-04:00,2020-07-22 10:30:00-04:00,lower,10026.64400563524,2020-06-24 11:11:00-04:00
637_upper,637,2020-06-24,2020-06-24 10:30:00-04:00,2020-07-23 10:30:00-04:00,upper,10379.323433198886,2020-07-02 08:53:00-04:00
637_lower,637,2020-06-24,2020-06-24 10:30:00-04:00,2020-07-23 10:30:00-04:00,lower,9934.301566801114,2020-06-24 11:49:00-04:00
638_upper,638,2020-06-25,2020-06-25 10:30:00-04:00,2020-07-24 10:30:00-04:00,upper,10190.442506992731,2020-07-01 09:33:00-04:00
638_lower,638,2020-06-25,2020-06-25 10:30:00-04:00,2020-07-24 10:30:00-04:00,lower,9757.932493007269,2020-06-29 09:41:00-04:00
639_upper,639,2020-06-26,2020-06-26 10:30:00-04:00,2020-07-27 10:30:00-04:00,upper,10282.902191477217,2020-07-01 15:09:00-04:00
639_lower,639,2020-06-26,2020-06-26 10:30:00-04:00,2020-07-27 10:30:00-04:00,lower,9778.722808522783,2020-06-29 09:38:00-04:00
640_upper,640,2020-06-29,2020-06-29 10:30:00-04:00,2020-07-28 10:30:00-04:00,upper,10028.375880230178,2020-06-30 09:56:00-04:00
640_lower,640,2020-06-29,2020-06-29 10:30:00-04:00,2020-07-28 10:30:00-04:00,lower,9600.374119769822,
641_upper,641,2020-07-01,2020-07-01 10:30:00-04:00,2020-07-29 10:30:00-04:00,upper,10328.213990781373,2020-07-02 04:25:00-04:00
641_lower,641,2020-07-01,2020-07-01 10:30:00-04:00,2020-07-29 10:30:00-04:00,lower,9988.661009218627,
642_upper,642,2020-07-02,2020-07-02 10:30:00-04:00,2020-07-30 10:30:00-04:00,upper,10527.082940782186,2020-07-06 10:00:00-04:00
642_lower,642,2020-07-02,2020-07-02 10:30:00-04:00,2020-07-30 10:30:00-04:00,lower,10233.042059217814,
643_upper,643,2020-07-03,2020-07-03 10:30:00-04:00,2020-07-31 10:30:00-04:00,upper,10464.090364254242,2020-07-05 21:42:00-04:00
643_lower,643,2020-07-03,2020-07-03 10:30:00-04:00,2020-07-31 10:30:00-04:00,lower,10236.909635745758,
644_upper,644,2020-07-06,2020-07-06 10:30:00-04:00,2020-08-03 10:30:00-04:00,upper,10641.35725392221,2020-07-06 19:20:00-04:00
644_lower,644,2020-07-06,2020-07-06 10:30:00-04:00,2020-08-03 10:30:00-04:00,lower,10335.51774607779,2020-07-24 09:38:00-04:00
645_upper,645,2020-07-07,2020-07-07 10:30:00-04:00,2020-08-04 10:30:00-04:00,upper,10780.75310778448,2020-07-10 14:46:00-04:00
645_lower,645,2020-07-07,2020-07-07 10:30:00-04:00,2020-08-04 10:30:00-04:00,lower,10411.87189221552,2020-07-14 09:52:00-04:00
646_upper,646,2020-07-08,2020-07-08 10:30:00-04:00,2020-08-05 10:30:00-04:00,upper,10750.76486298785,2020-07-09 15:00:00-04:00
646_lower,646,2020-07-08,2020-07-08 10:30:00-04:00,2020-08-05 10:30:00-04:00,lower,10426.23513701215,2020-07-14 09:52:00-04:00
647_upper,647,2020-07-09,2020-07-09 10:30:00-04:00,2020-08-06 10:30:00-04:00,upper,10878.41931660847,2020-07-12 18:10:00-04:00
647_lower,647,2020-07-09,2020-07-09 10:30:00-04:00,2020-08-06 10:30:00-04:00,lower,10569.08068339153,2020-07-09 11:04:00-04:00
648_upper,648,2020-07-10,2020-07-10 10:30:00-04:00,2020-08-07 10:30:00-04:00,upper,10911.656132619795,2020-07-13 02:02:00-04:00
648_lower,648,2020-07-10,2020-07-10 10:30:00-04:00,2020-08-07 10:30:00-04:00,lower,10509.843867380205,2020-07-14 08:56:00-04:00
649_upper,649,2020-07-13,2020-07-13 10:30:00-04:00,2020-08-10 10:30:00-04:00,upper,11108.644862667688,2020-08-05 02:33:00-04:00
649_lower,649,2020-07-13,2020-07-13 10:30:00-04:00,2020-08-10 10:30:00-04:00,lower,10795.230137332312,2020-07-13 14:34:00-04:00
650_upper,650,2020-07-14,2020-07-14 10:30:00-04:00,2020-08-11 10:30:00-04:00,upper,10813.481139219744,2020-07-20 12:10:00-04:00
650_lower,650,2020-07-14,2020-07-14 10:30:00-04:00,2020-08-11 10:30:00-04:00,lower,10173.268860780256,
651_upper,651,2020-07-15,2020-07-15 10:30:00-04:00,2020-08-12 10:30:00-04:00,upper,10899.1474153186,2020-07-20 15:05:00-04:00
651_lower,651,2020-07-15,2020-07-15 10:30:00-04:00,2020-08-12 10:30:00-04:00,lower,10547.4775846814,2020-07-16 04:31:00-04:00
652_upper,652,2020-07-16,2020-07-16 10:30:00-04:00,2020-08-13 10:30:00-04:00,upper,10732.538188045724,2020-07-20 10:15:00-04:00
652_lower,652,2020-07-16,2020-07-16 10:30:00-04:00,2020-08-13 10:30:00-04:00,lower,10391.211811954276,2020-07-24 03:21:00-04:00
653_upper,653,2020-07-17,2020-07-17 10:30:00-04:00,2020-08-14 10:30:00-04:00,upper,10804.32804668192,2020-07-20 11:39:00-04:00
653_lower,653,2020-07-17,2020-07-17 10:30:00-04:00,2020-08-14 10:30:00-04:00,lower,10432.42195331808,2020-07-24 02:58:00-04:00
654_upper,654,2020-07-20,2020-07-20 10:30:00-04:00,2020-08-17 10:30:00-04:00,upper,10887.520876388706,2020-07-20 14:49:00-04:00
654_lower,654,2020-07-20,2020-07-20 10:30:00-04:00,2020-08-17 10:30:00-04:00,lower,10458.979123611294,2020-07-23 23:47:00-04:00
655_upper,655,2020-07-21,2020-07-21 10:30:00-04:00,2020-08-18 10:30:00-04:00,upper,11152.196863150393,2020-08-06 12:14:00-04:00
655_lower,655,2020-07-21,2020-07-21 10:30:00-04:00,2020-08-18 10:30:00-04:00,lower,10792.178136849607,2020-07-21 15:51:00-04:00
656_upper,656,2020-07-22,2020-07-22 10:30:00-04:00,2020-08-19 10:30:00-04:00,upper,10997.743805550515,2020-08-03 07:30:00-04:00
656_lower,656,2020-07-22,2020-07-22 10:30:00-04:00,2020-08-19 10:30:00-04:00,lower,10700.631194449485,2020-07-23 12:33:00-04:00
657_upper,657,2020-07-23,2020-07-23 10:30:00-04:00,2020-08-20 10:30:00-04:00,upper,10995.943021564599,2020-08-03 07:30:00-04:00
657_lower,657,2020-07-23,2020-07-23 10:30:00-04:00,2020-08-20 10:30:00-04:00,lower,10667.556978435401,2020-07-23 12:38:00-04:00
658_upper,658,2020-07-24,2020-07-24 10:30:00-04:00,2020-08-21 10:30:00-04:00,upper,10610.446716981049,2020-07-27 09:43:00-04:00
658_lower,658,2020-07-24,2020-07-24 10:30:00-04:00,2020-08-21 10:30:00-04:00,lower,10186.553283018951,
659_upper,659,2020-07-27,2020-07-27 10:30:00-04:00,2020-08-24 10:30:00-04:00,upper,10743.797822353696,2020-07-27 21:02:00-04:00
659_lower,659,2020-07-27,2020-07-27 10:30:00-04:00,2020-08-24 10:30:00-04:00,lower,10377.702177646304,
660_upper,660,2020-07-28,2020-07-28 10:30:00-04:00,2020-08-25 10:30:00-04:00,upper,10771.425824304959,2020-07-30 16:09:00-04:00
660_lower,660,2020-07-28,2020-07-28 10:30:00-04:00,2020-08-25 10:30:00-04:00,lower,10461.574175695041,
661_upper,661,2020-07-29,2020-07-29 10:30:00-04:00,2020-08-26 10:30:00-04:00,upper,10731.182539809775,2020-07-30 16:05:00-04:00
661_lower,661,2020-07-29,2020-07-29 10:30:00-04:00,2020-08-26 10:30:00-04:00,lower,10459.067460190225,
662_upper,662,2020-07-30,2020-07-30 10:30:00-04:00,2020-08-27 10:30:00-04:00,upper,10731.510056935054,2020-07-30 16:05:00-04:00
662_lower,662,2020-07-30,2020-07-30 10:30:00-04:00,2020-08-27 10:30:00-04:00,lower,10403.114943064946,
663_upper,663,2020-07-31,2020-07-31 10:30:00-04:00,2020-08-28 10:30:00-04:00,upper,11082.840406908466,2020-08-04 02:39:00-04:00
663_lower,663,2020-07-31,2020-07-31 10:30:00-04:00,2020-08-28 10:30:00-04:00,lower,10621.034593091534,
664_upper,664,2020-08-03,2020-08-03 10:30:00-04:00,2020-08-31 10:30:00-04:00,upper,11161.184632518216,2020-08-06 12:24:00-04:00
664_lower,664,2020-08-03,2020-08-03 10:30:00-04:00,2020-08-31 10:30:00-04:00,lower,10850.190367481784,2020-08-11 15:53:00-04:00
665_upper,665,2020-08-04,2020-08-04 10:30:00-04:00,2020-09-01 10:30:00-04:00,upper,11175.921256367055,2020-08-06 13:21:00-04:00
665_lower,665,2020-08-04,2020-08-04 10:30:00-04:00,2020-09-01 10:30:00-04:00,lower,10883.203743632945,2020-08-11 15:47:00-04:00
666_upper,666,2020-08-05,2020-08-05 10:30:00-04:00,2020-09-02 10:30:00-04:00,upper,11233.972983123344,2020-08-06 14:31:00-04:00
666_lower,666,2020-08-05,2020-08-05 10:30:00-04:00,2020-09-02 10:30:00-04:00,lower,10963.277016876656,2020-08-10 10:51:00-04:00
667_upper,667,2020-08-06,2020-08-06 10:30:00-04:00,2020-09-03 10:30:00-04:00,upper,11244.584910571572,2020-08-06 14:41:00-04:00
667_lower,667,2020-08-06,2020-08-06 10:30:00-04:00,2020-09-03 10:30:00-04:00,lower,10964.165089428428,2020-08-10 10:51:00-04:00
668_upper,668,2020-08-07,2020-08-07 10:30:00-04:00,2020-09-04 10:30:00-04:00,upper,11349.794163369275,2020-08-18 09:35:00-04:00
668_lower,668,2020-08-07,2020-08-07 10:30:00-04:00,2020-09-04 10:30:00-04:00,lower,11112.330836630725,2020-08-07 13:09:00-04:00
669_upper,669,2020-08-10,2020-08-10 10:30:00-04:00,2020-09-07 10:30:00-04:00,upper,11275.14255760795,2020-08-17 10:01:00-04:00
669_lower,669,2020-08-10,2020-08-10 10:30:00-04:00,2020-09-07 10:30:00-04:00,lower,10958.10744239205,2020-08-10 10:52:00-04:00
670_upper,670,2020-08-11,2020-08-11 10:30:00-04:00,2020-09-08 10:30:00-04:00,upper,11165.32897948474,2020-08-12 13:56:00-04:00
670_lower,670,2020-08-11,2020-08-11 10:30:00-04:00,2020-09-08 10:30:00-04:00,lower,10853.92102051526,2020-08-11 15:53:00-04:00
671_upper,671,2020-08-12,2020-08-12 10:30:00-04:00,2020-09-09 10:30:00-04:00,upper,11192.550161820907,2020-08-13 08:40:00-04:00
671_lower,671,2020-08-12,2020-08-12 10:30:00-04:00,2020-09-09 10:30:00-04:00,lower,10796.574838179093,
672_upper,672,2020-08-13,2020-08-13 10:30:00-04:00,2020-09-10 10:30:00-04:00,upper,11318.763109325704,2020-08-18 05:33:00-04:00
672_lower,672,2020-08-13,2020-08-13 10:30:00-04:00,2020-09-10 10:30:00-04:00,lower,11052.986890674296,2020-09-08 15:59:00-04:00
673_upper,673,2020-08-14,2020-08-14 10:30:00-04:00,2020-09-11 10:30:00-04:00,upper,11336.00571170634,2020-08-18 08:23:00-04:00
673_lower,673,2020-08-14,2020-08-14 10:30:00-04:00,2020-09-11 10:30:00-04:00,lower,11006.36928829366,2020-09-08 18:00:00-04:00
674_upper,674,2020-08-17,2020-08-17 10:30:00-04:00,2020-09-14 10:30:00-04:00,upper,11362.105950111945,2020-08-18 09:37:00-04:00
674_lower,674,2020-08-17,2020-08-17 10:30:00-04:00,2020-09-14 10:30:00-04:00,lower,11115.769049888055,2020-09-08 14:44:00-04:00
675_upper,675,2020-08-18,2020-08-18 10:30:00-04:00,2020-09-15 10:30:00-04:00,upper,11492.487401230002,2020-08-20 15:42:00-04:00
675_lower,675,2020-08-18,2020-08-18 10:30:00-04:00,2020-09-15 10:30:00-04:00,lower,11162.512598769998,2020-09-04 10:43:00-04:00
676_upper,676,2020-08-19,2020-08-19 10:30:00-04:00,2020-09-16 10:30:00-04:00,upper,11525.730422047789,2020-08-21 10:28:00-04:00
676_lower,676,2020-08-19,2020-08-19 10:30:00-04:00,2020-09-16 10:30:00-04:00,lower,11240.519577952211,2020-08-19 22:34:00-04:00
677_upper,677,2020-08-20,2020-08-20 10:30:00-04:00,2020-09-17 10:30:00-04:00,upper,11474.891935162981,2020-08-20 15:04:00-04:00
677_lower,677,2020-08-20,2020-08-20 10:30:00-04:00,2020-09-17 10:30:00-04:00,lower,11133.983064837019,2020-09-08 09:41:00-04:00
678_upper,678,2020-08-21,2020-08-21 10:30:00-04:00,2020-09-18 10:30:00-04:00,upper,11631.326609002448,2020-08-24 03:02:00-04:00
678_lower,678,2020-08-21,2020-08-21 10:30:00-04:00,2020-09-18 10:30:00-04:00,lower,11343.423390997552,2020-09-04 10:33:00-04:00
679_upper,679,2020-08-24,2020-08-24 10:30:00-04:00,2020-09-21 10:30:00-04:00,upper,11858.46605580518,2020-08-26 11:28:00-04:00
679_lower,679,2020-08-24,2020-08-24 10:30:00-04:00,2020-09-21 10:30:00-04:00,lower,11485.65894419482,2020-09-04 10:14:00-04:00
680_upper,680,2020-08-25,2020-08-25 10:30:00-04:00,2020-09-22 10:30:00-04:00,upper,11739.838307509453,2020-08-25 16:52:00-04:00
680_lower,680,2020-08-25,2020-08-25 10:30:00-04:00,2020-09-22 10:30:00-04:00,lower,11461.411692490547,2020-09-04 10:15:00-04:00
681_upper,681,2020-08-26,2020-08-26 10:30:00-04:00,2020-09-23 10:30:00-04:00,upper,11900.321883771961,2020-08-26 12:05:00-04:00
681_lower,681,2020-08-26,2020-08-26 10:30:00-04:00,2020-09-23 10:30:00-04:00,lower,11654.928116228039,2020-09-03 18:53:00-04:00
682_upper,682,2020-08-27,2020-08-27 10:30:00-04:00,2020-09-24 10:30:00-04:00,upper,12165.061808629322,2020-08-31 21:58:00-04:00
682_lower,682,2020-08-27,2020-08-27 10:30:00-04:00,2020-09-24 10:30:00-04:00,lower,11807.688191370678,2020-09-03 11:18:00-04:00
683_upper,683,2020-08-28,2020-08-28 10:30:00-04:00,2020-09-25 10:30:00-04:00,upper,12133.787382964594,2020-08-31 13:32:00-04:00
683_lower,683,2020-08-28,2020-08-28 10:30:00-04:00,2020-09-25 10:30:00-04:00,lower,11828.712617035406,2020-09-03 11:18:00-04:00
684_upper,684,2020-08-31,2020-08-31 10:30:00-04:00,2020-09-28 10:30:00-04:00,upper,12170.131737721544,2020-08-31 22:04:00-04:00
684_lower,684,2020-08-31,2020-08-31 10:30:00-04:00,2020-09-28 10:30:00-04:00,lower,11876.743262278456,2020-09-03 11:08:00-04:00
685_upper,685,2020-09-01,2020-09-01 10:30:00-04:00,2020-09-29 10:30:00-04:00,upper,12419.217116229534,2020-09-02 03:21:00-04:00
685_lower,685,2020-09-01,2020-09-01 10:30:00-04:00,2020-09-29 10:30:00-04:00,lower,11977.657883770466,2020-09-03 10:39:00-04:00
686_upper,686,2020-09-02,2020-09-02 10:30:00-04:00,2020-09-30 10:30:00-04:00,upper,12641.725565799105,
686_lower,686,2020-09-02,2020-09-02 10:30:00-04:00,2020-09-30 10:30:00-04:00,lower,12129.149434200895,2020-09-03 10:12:00-04:00
687_upper,687,2020-09-03,2020-09-03 10:30:00-04:00,2020-10-01 10:30:00-04:00,upper,12454.252319581243,
687_lower,687,2020-09-03,2020-09-03 10:30:00-04:00,2020-10-01 10:30:00-04:00,lower,11903.747680418757,2020-09-03 10:48:00-04:00
688_upper,688,2020-09-04,2020-09-04 10:30:00-04:00,2020-10-02 10:30:00-04:00,upper,12163.711654289054,
688_lower,688,2020-09-04,2020-09-04 10:30:00-04:00,2020-10-02 10:30:00-04:00,lower,11147.288345710946,2020-09-04 10:43:00-04:00
689_upper,689,2020-09-07,2020-09-07 10:30:00-04:00,2020-10-05 10:30:00-04:00,upper,11626.965250051157,
689_lower,689,2020-09-07,2020-09-07 10:30:00-04:00,2020-10-05 10:30:00-04:00,lower,11303.409749948843,2020-09-08 05:34:00-04:00
690_upper,690,2020-09-08,2020-09-08 10:30:00-04:00,2020-10-06 10:30:00-04:00,upper,11534.714301030595,2020-09-10 09:33:00-04:00
690_lower,690,2020-09-08,2020-09-08 10:30:00-04:00,2020-10-06 10:30:00-04:00,lower,10879.410698969405,2020-09-18 12:31:00-04:00
691_upper,691,2020-09-09,2020-09-09 10:30:00-04:00,2020-10-07 10:30:00-04:00,upper,11539.618188351924,2020-09-10 09:34:00-04:00
691_lower,691,2020-09-09,2020-09-09 10:30:00-04:00,2020-10-07 10:30:00-04:00,lower,11028.506811648076,2020-09-11 12:56:00-04:00
692_upper,692,2020-09-10,2020-09-10 10:30:00-04:00,2020-10-08 10:30:00-04:00,upper,11712.14152043045,
692_lower,692,2020-09-10,2020-09-10 10:30:00-04:00,2020-10-08 10:30:00-04:00,lower,11316.98347956955,2020-09-10 13:58:00-04:00
693_upper,693,2020-09-11,2020-09-11 10:30:00-04:00,2020-10-09 10:30:00-04:00,upper,11468.904311731989,2020-09-15 10:00:00-04:00
693_lower,693,2020-09-11,2020-09-11 10:30:00-04:00,2020-10-09 10:30:00-04:00,lower,10964.720688268011,2020-09-11 13:28:00-04:00
694_upper,694,2020-09-14,2020-09-14 10:30:00-04:00,2020-10-12 10:30:00-04:00,upper,11469.672645389881,2020-09-15 10:00:00-04:00
694_lower,694,2020-09-14,2020-09-14 10:30:00-04:00,2020-10-12 10:30:00-04:00,lower,11031.827354610119,2020-09-17 02:17:00-04:00
695_upper,695,2020-09-15,2020-09-15 10:30:00-04:00,2020-10-13 10:30:00-04:00,upper,11584.328932109347,2020-10-01 08:39:00-04:00
695_lower,695,2020-09-15,2020-09-15 10:30:00-04:00,2020-10-13 10:30:00-04:00,lower,11267.546067890653,2020-09-16 15:30:00-04:00
696_upper,696,2020-09-16,2020-09-16 10:30:00-04:00,2020-10-14 10:30:00-04:00,upper,11611.012778855398,2020-10-09 08:47:00-04:00
696_lower,696,2020-09-16,2020-09-16 10:30:00-04:00,2020-10-14 10:30:00-04:00,lower,11273.362221144602,2020-09-16 15:27:00-04:00
697_upper,697,2020-09-17,2020-09-17 10:30:00-04:00,2020-10-15 10:30:00-04:00,upper,11208.629846102862,2020-09-23 05:07:00-04:00
697_lower,697,2020-09-17,2020-09-17 10:30:00-04:00,2020-10-15 10:30:00-04:00,lower,10768.120153897138,2020-09-18 13:30:00-04:00
698_upper,698,2020-09-18,2020-09-18 10:30:00-04:00,2020-10-16 10:30:00-04:00,upper,11283.67234174892,2020-09-28 06:03:00-04:00
698_lower,698,2020-09-18,2020-09-18 10:30:00-04:00,2020-10-16 10:30:00-04:00,lower,10908.45265825108,2020-09-18 11:35:00-04:00
699_upper,699,2020-09-21,2020-09-21 10:30:00-04:00,2020-10-19 10:30:00-04:00,upper,10965.77708542164,2020-09-21 15:59:00-04:00
699_lower,699,2020-09-21,2020-09-21 10:30:00-04:00,2020-10-19 10:30:00-04:00,lower,10559.47291457836,
700_upper,700,2020-09-22,2020-09-22 10:30:00-04:00,2020-10-20 10:30:00-04:00,upper,11238.42135289631,2020-09-28 03:55:00-04:00
700_lower,700,2020-09-22,2020-09-22 10:30:00-04:00,2020-10-20 10:30:00-04:00,lower,10841.45364710369,2020-09-23 14:56:00-04:00
701_upper,701,2020-09-23,2020-09-23 10:30:00-04:00,2020-10-21 10:30:00-04:00,upper,11323.694435869058,2020-09-28 06:17:00-04:00
701_lower,701,2020-09-23,2020-09-23 10:30:00-04:00,2020-10-21 10:30:00-04:00,lower,10925.805564130942,2020-09-23 14:10:00-04:00
702_upper,702,2020-09-24,2020-09-24 10:30:00-04:00,2020-10-22 10:30:00-04:00,upper,11049.619215639075,2020-09-25 13:43:00-04:00
702_lower,702,2020-09-24,2020-09-24 10:30:00-04:00,2020-10-22 10:30:00-04:00,lower,10490.380784360925,
703_upper,703,2020-09-25,2020-09-25 10:30:00-04:00,2020-10-23 10:30:00-04:00,upper,11086.42153830628,2020-09-25 14:07:00-04:00
703_lower,703,2020-09-25,2020-09-25 10:30:00-04:00,2020-10-23 10:30:00-04:00,lower,10697.82846169372,
704_upper,704,2020-09-28,2020-09-28 10:30:00-04:00,2020-10-26 10:30:00-04:00,upper,11494.16171641274,2020-09-30 11:49:00-04:00
704_lower,704,2020-09-28,2020-09-28 10:30:00-04:00,2020-10-26 10:30:00-04:00,lower,11139.33828358726,
705_upper,705,2020-09-29,2020-09-29 10:30:00-04:00,2020-10-27 10:30:00-04:00,upper,11495.742500846743,2020-09-30 11:49:00-04:00
705_lower,705,2020-09-29,2020-09-29 10:30:00-04:00,2020-10-27 10:30:00-04:00,lower,11207.757499153257,2020-09-30 01:49:00-04:00
706_upper,706,2020-09-30,2020-09-30 10:30:00-04:00,2020-10-28 10:30:00-04:00,upper,11586.455952407689,2020-10-01 08:39:00-04:00
706_lower,706,2020-09-30,2020-09-30 10:30:00-04:00,2020-10-28 10:30:00-04:00,lower,11128.794047592311,
707_upper,707,2020-10-01,2020-10-01 10:30:00-04:00,2020-10-29 10:30:00-04:00,upper,11708.221646351478,2020-10-09 15:58:00-04:00
707_lower,707,2020-10-01,2020-10-01 10:30:00-04:00,2020-10-29 10:30:00-04:00,lower,11373.778353648522,2020-10-02 01:08:00-04:00
708_upper,708,2020-10-02,2020-10-02 10:30:00-04:00,2020-10-30 10:30:00-04:00,upper,11579.457969257646,2020-10-08 18:04:00-04:00
708_lower,708,2020-10-02,2020-10-02 10:30:00-04:00,2020-10-30 10:30:00-04:00,lower,11121.792030742354,2020-10-30 01:18:00-04:00
709_upper,709,2020-10-05,2020-10-05 10:30:00-04:00,2020-11-02 10:30:00-05:00,upper,11525.824353695622,2020-10-08 02:03:00-04:00
709_lower,709,2020-10-05,2020-10-05 10:30:00-04:00,2020-11-02 10:30:00-05:00,lower,11168.425646304378,2020-10-28 13:16:00-04:00
710_upper,710,2020-10-06,2020-10-06 10:30:00-04:00,2020-11-03 10:30:00-05:00,upper,11623.511040268879,2020-10-09 09:42:00-04:00
710_lower,710,2020-10-06,2020-10-06 10:30:00-04:00,2020-11-03 10:30:00-05:00,lower,11281.863959731121,2020-10-06 15:06:00-04:00
711_upper,711,2020-10-07,2020-10-07 10:30:00-04:00,2020-11-04 10:30:00-05:00,upper,11564.022616332837,2020-10-08 02:41:00-04:00
711_lower,711,2020-10-07,2020-10-07 10:30:00-04:00,2020-11-04 10:30:00-05:00,lower,11223.227383667163,2020-10-28 10:27:00-04:00
712_upper,712,2020-10-08,2020-10-08 10:30:00-04:00,2020-11-05 10:30:00-05:00,upper,11730.712148060313,2020-10-09 16:30:00-04:00
712_lower,712,2020-10-08,2020-10-08 10:30:00-04:00,2020-11-05 10:30:00-05:00,lower,11373.037851939687,2020-10-26 13:26:00-04:00
713_upper,713,2020-10-09,2020-10-09 10:30:00-04:00,2020-11-06 10:30:00-05:00,upper,11757.533740610299,2020-10-11 21:46:00-04:00
713_lower,713,2020-10-09,2020-10-09 10:30:00-04:00,2020-11-06 10:30:00-05:00,lower,11461.591259389701,2020-10-26 11:34:00-04:00
714_upper,714,2020-10-12,2020-10-12 10:30:00-04:00,2020-11-09 10:30:00-05:00,upper,12069.9952685252,2020-10-12 12:23:00-04:00
714_lower,714,2020-10-12,2020-10-12 10:30:00-04:00,2020-11-09 10:30:00-05:00,lower,11748.5047314748,2020-10-15 05:40:00-04:00
715_upper,715,2020-10-13,2020-10-13 10:30:00-04:00,2020-11-10 10:30:00-05:00,upper,12317.307577226928,2020-11-08 20:06:00-05:00
715_lower,715,2020-10-13,2020-10-13 10:30:00-04:00,2020-11-10 10:30:00-05:00,lower,11926.317422773072,2020-10-14 12:19:00-04:00
716_upper,716,2020-10-14,2020-10-14 10:30:00-04:00,2020-11-11 10:30:00-05:00,upper,12297.68605351325,2020-11-08 19:58:00-05:00
716_lower,716,2020-10-14,2020-10-14 10:30:00-04:00,2020-11-11 10:30:00-05:00,lower,11909.56394648675,2020-10-14 12:23:00-04:00
717_upper,717,2020-10-15,2020-10-15 10:30:00-04:00,2020-11-12 10:30:00-05:00,upper,11997.517219422052,2020-10-16 10:04:00-04:00
717_lower,717,2020-10-15,2020-10-15 10:30:00-04:00,2020-11-12 10:30:00-05:00,lower,11594.482780577948,2020-10-19 15:54:00-04:00
718_upper,718,2020-10-16,2020-10-16 10:30:00-04:00,2020-11-13 10:30:00-05:00,upper,12150.382153826105,2020-11-08 18:00:00-05:00
718_lower,718,2020-10-16,2020-10-16 10:30:00-04:00,2020-11-13 10:30:00-05:00,lower,11784.992846173895,2020-10-19 10:37:00-04:00
719_upper,719,2020-10-19,2020-10-19 10:30:00-04:00,2020-11-16 10:30:00-05:00,upper,12113.648431146485,2020-11-05 06:17:00-05:00
719_lower,719,2020-10-19,2020-10-19 10:30:00-04:00,2020-11-16 10:30:00-05:00,lower,11675.476568853515,2020-10-19 14:45:00-04:00
720_upper,720,2020-10-20,2020-10-20 10:30:00-04:00,2020-11-17 10:30:00-05:00,upper,11872.406111730092,2020-11-04 22:27:00-05:00
720_lower,720,2020-10-20,2020-10-20 10:30:00-04:00,2020-11-17 10:30:00-05:00,lower,11478.343888269908,2020-10-26 11:17:00-04:00
721_upper,721,2020-10-21,2020-10-21 10:30:00-04:00,2020-11-18 10:30:00-05:00,upper,11905.72740884429,2020-11-04 22:38:00-05:00
721_lower,721,2020-10-21,2020-10-21 10:30:00-04:00,2020-11-18 10:30:00-05:00,lower,11481.52259115571,2020-10-26 11:17:00-04:00
722_upper,722,2020-10-22,2020-10-22 10:30:00-04:00,2020-11-19 10:30:00-05:00,upper,11896.44446541195,2020-11-04 22:32:00-05:00
722_lower,722,2020-10-22,2020-10-22 10:30:00-04:00,2020-11-19 10:30:00-05:00,lower,11438.55553458805,2020-10-26 12:45:00-04:00
723_upper,723,2020-10-23,2020-10-23 10:30:00-04:00,2020-11-20 10:30:00-05:00,upper,11847.363071410957,2020-11-04 20:00:00-05:00
723_lower,723,2020-10-23,2020-10-23 10:30:00-04:00,2020-11-20 10:30:00-05:00,lower,11453.511928589043,2020-10-26 11:44:00-04:00
724_upper,724,2020-10-26,2020-10-26 10:30:00-04:00,2020-11-23 10:30:00-05:00,upper,11809.93476348378,2020-11-04 11:59:00-05:00
724_lower,724,2020-10-26,2020-10-26 10:30:00-04:00,2020-11-23 10:30:00-05:00,lower,11396.81523651622,2020-10-26 13:06:00-04:00
725_upper,725,2020-10-27,2020-10-27 10:30:00-04:00,2020-11-24 10:30:00-05:00,upper,11734.16642038271,2020-11-03 22:15:00-05:00
725_lower,725,2020-10-27,2020-10-27 10:30:00-04:00,2020-11-24 10:30:00-05:00,lower,11332.83357961729,2020-10-28 09:41:00-04:00
726_upper,726,2020-10-28,2020-10-28 10:30:00-04:00,2020-11-25 10:30:00-05:00,upper,11652.94230786559,2020-11-03 22:10:00-05:00
726_lower,726,2020-10-28,2020-10-28 10:30:00-04:00,2020-11-25 10:30:00-05:00,lower,11063.30769213441,2020-10-30 01:50:00-04:00
727_upper,727,2020-10-29,2020-10-29 10:30:00-04:00,2020-11-26 10:30:00-05:00,upper,11478.5805523995,2020-11-03 21:59:00-05:00
727_lower,727,2020-10-29,2020-10-29 10:30:00-04:00,2020-11-26 10:30:00-05:00,lower,10950.0444476005,2020-10-30 14:45:00-04:00
728_upper,728,2020-10-30,2020-10-30 10:30:00-04:00,2020-11-27 10:30:00-05:00,upper,11530.815804440273,2020-11-03 22:00:00-05:00
728_lower,728,2020-10-30,2020-10-30 10:30:00-04:00,2020-11-27 10:30:00-05:00,lower,10880.309195559727,
729_upper,729,2020-11-02,2020-11-02 10:30:00-05:00,2020-11-30 10:30:00-05:00,upper,11378.368076606152,2020-11-03 20:52:00-05:00
729_lower,729,2020-11-02,2020-11-02 10:30:00-05:00,2020-11-30 10:30:00-05:00,lower,10921.131923393848,
730_upper,730,2020-11-03,2020-11-03 10:30:00-05:00,2020-12-01 10:30:00-05:00,upper,11497.291580029925,2020-11-03 22:00:00-05:00
730_lower,730,2020-11-03,2020-11-03 10:30:00-05:00,2020-12-01 10:30:00-05:00,lower,10862.083419970075,
731_upper,731,2020-11-04,2020-11-04 10:30:00-05:00,2020-12-02 10:30:00-05:00,upper,11978.24426760153,2020-11-04 22:40:00-05:00
731_lower,731,2020-11-04,2020-11-04 10:30:00-05:00,2020-12-02 10:30:00-05:00,lower,11325.75573239847,
732_upper,732,2020-11-05,2020-11-05 10:30:00-05:00,2020-12-03 10:30:00-05:00,upper,12261.679381131875,2020-11-08 19:40:00-05:00
732_lower,732,2020-11-05,2020-11-05 10:30:00-05:00,2020-12-03 10:30:00-05:00,lower,11809.070618868125,2020-11-09 19:19:00-05:00
733_upper,733,2020-11-06,2020-11-06 10:30:00-05:00,2020-12-04 10:30:00-05:00,upper,12240.058303221802,2020-11-08 18:18:00-05:00
733_lower,733,2020-11-06,2020-11-06 10:30:00-05:00,2020-12-04 10:30:00-05:00,lower,11761.191696778198,2020-11-09 21:58:00-05:00
734_upper,734,2020-11-09,2020-11-09 10:30:00-05:00,2020-12-07 10:30:00-05:00,upper,12438.699358568669,2020-12-01 11:31:00-05:00
734_lower,734,2020-11-09,2020-11-09 10:30:00-05:00,2020-12-07 10:30:00-05:00,lower,11903.800641431331,2020-11-09 15:51:00-05:00
735_upper,735,2020-11-10,2020-11-10 10:30:00-05:00,2020-12-08 10:30:00-05:00,upper,11917.90724247721,2020-11-12 04:46:00-05:00
735_lower,735,2020-11-10,2020-11-10 10:30:00-05:00,2020-12-08 10:30:00-05:00,lower,11428.84275752279,
736_upper,736,2020-11-11,2020-11-11 10:30:00-05:00,2020-12-09 10:30:00-05:00,upper,11947.180161570317,2020-11-12 05:00:00-05:00
736_lower,736,2020-11-11,2020-11-11 10:30:00-05:00,2020-12-09 10:30:00-05:00,lower,11543.944838429683,
737_upper,737,2020-11-12,2020-11-12 10:30:00-05:00,2020-12-10 10:30:00-05:00,upper,12077.279149152293,2020-11-16 18:00:00-05:00
737_lower,737,2020-11-12,2020-11-12 10:30:00-05:00,2020-12-10 10:30:00-05:00,lower,11762.345850847707,
738_upper,738,2020-11-13,2020-11-13 10:30:00-05:00,2020-12-11 10:30:00-05:00,upper,12055.667128548514,2020-11-15 18:15:00-05:00
738_lower,738,2020-11-13,2020-11-13 10:30:00-05:00,2020-12-11 10:30:00-05:00,lower,11711.832871451486,
739_upper,739,2020-11-16,2020-11-16 10:30:00-05:00,2020-12-14 10:30:00-05:00,upper,12113.993733505278,2020-11-24 18:09:00-05:00
739_lower,739,2020-11-16,2020-11-16 10:30:00-05:00,2020-12-14 10:30:00-05:00,lower,11749.131266494722,
740_upper,740,2020-11-17,2020-11-17 10:30:00-05:00,2020-12-15 10:30:00-05:00,upper,12165.436558511265,2020-11-24 20:22:00-05:00
740_lower,740,2020-11-17,2020-11-17 10:30:00-05:00,2020-12-15 10:30:00-05:00,lower,11863.938441488735,2020-11-18 16:31:00-05:00
741_upper,741,2020-11-18,2020-11-18 10:30:00-05:00,2020-12-16 10:30:00-05:00,upper,12104.18030997636,2020-11-24 16:56:00-05:00
741_lower,741,2020-11-18,2020-11-18 10:30:00-05:00,2020-12-16 10:30:00-05:00,lower,11804.44469002364,
742_upper,742,2020-11-19,2020-11-19 10:30:00-05:00,2020-12-17 10:30:00-05:00,upper,12036.033524590846,2020-11-24 11:49:00-05:00
742_lower,742,2020-11-19,2020-11-19 10:30:00-05:00,2020-12-17 10:30:00-05:00,lower,11717.591475409154,
743_upper,743,2020-11-20,2020-11-20 10:30:00-05:00,2020-12-18 10:30:00-05:00,upper,12102.288907824353,2020-11-24 16:56:00-05:00
743_lower,743,2020-11-20,2020-11-20 10:30:00-05:00,2020-12-18 10:30:00-05:00,lower,11849.711092175647,2020-11-23 11:10:00-05:00
744_upper,744,2020-11-23,2020-11-23 10:30:00-05:00,2020-12-21 10:30:00-05:00,upper,12134.970433990384,2020-11-24 19:10:00-05:00
744_lower,744,2020-11-23,2020-11-23 10:30:00-05:00,2020-12-21 10:30:00-05:00,lower,11747.779566009616,
745_upper,745,2020-11-24,2020-11-24 10:30:00-05:00,2020-12-22 10:30:00-05:00,upper,12085.355669006804,2020-11-24 13:41:00-05:00
745_lower,745,2020-11-24,2020-11-24 10:30:00-05:00,2020-12-22 10:30:00-05:00,lower,11778.394330993196,
746_upper,746,2020-11-25,2020-11-25 10:30:00-05:00,2020-12-23 10:30:00-05:00,upper,12249.695754242477,2020-11-27 09:33:00-05:00
746_lower,746,2020-11-25,2020-11-25 10:30:00-05:00,2020-12-23 10:30:00-05:00,lower,11974.304245757523,
747_upper,747,2020-11-26,2020-11-26 10:30:00-05:00,2020-12-24 10:30:00-05:00,upper,12308.311726961032,2020-11-29 18:00:00-05:00
747_lower,747,2020-11-26,2020-11-26 10:30:00-05:00,2020-12-24 10:30:00-05:00,lower,12089.938273038968,2020-11-30 10:45:00-05:00
748_upper,748,2020-11-27,2020-11-27 10:30:00-05:00,2020-12-28 10:30:00-05:00,upper,12388.677260992521,2020-11-30 21:07:00-05:00
748_lower,748,2020-11-27,2020-11-27 10:30:00-05:00,2020-12-28 10:30:00-05:00,lower,12094.072739007479,2020-11-30 10:45:00-05:00
749_upper,749,2020-11-30,2020-11-30 10:30:00-05:00,2020-12-29 10:30:00-05:00,upper,12421.806243220406,2020-12-01 10:09:00-05:00
749_lower,749,2020-11-30,2020-11-30 10:30:00-05:00,2020-12-29 10:30:00-05:00,lower,12097.443756779594,2020-11-30 10:45:00-05:00
750_upper,750,2020-12-01,2020-12-01 10:30:00-05:00,2020-12-30 10:30:00-05:00,upper,12537.981242065402,2020-12-03 10:24:00-05:00
750_lower,750,2020-12-01,2020-12-01 10:30:00-05:00,2020-12-30 10:30:00-05:00,lower,12221.643757934598,2020-12-10 09:34:00-05:00
751_upper,751,2020-12-02,2020-12-02 10:30:00-05:00,2021-01-04 10:30:00-05:00,upper,12554.072308369363,2020-12-06 18:00:00-05:00
751_lower,751,2020-12-02,2020-12-02 10:30:00-05:00,2021-01-04 10:30:00-05:00,lower,12207.427691630637,
752_upper,752,2020-12-03,2020-12-03 10:30:00-05:00,2021-01-05 10:30:00-05:00,upper,12629.017495330017,2020-12-08 13:38:00-05:00
752_lower,752,2020-12-03,2020-12-03 10:30:00-05:00,2021-01-05 10:30:00-05:00,lower,12337.607504669983,2020-12-09 14:42:00-05:00
753_upper,753,2020-12-04,2020-12-04 10:30:00-05:00,2021-01-06 10:30:00-05:00,upper,12620.768200750848,2020-12-08 13:29:00-05:00
753_lower,753,2020-12-04,2020-12-04 10:30:00-05:00,2021-01-06 10:30:00-05:00,lower,12337.856799249152,2020-12-09 13:59:00-05:00
754_upper,754,2020-12-07,2020-12-07 10:30:00-05:00,2021-01-07 10:30:00-05:00,upper,12691.58423233221,2020-12-16 15:20:00-05:00
754_lower,754,2020-12-07,2020-12-07 10:30:00-05:00,2021-01-07 10:30:00-05:00,lower,12404.66576766779,2020-12-09 13:33:00-05:00
755_upper,755,2020-12-08,2020-12-08 10:30:00-05:00,2021-01-08 10:30:00-05:00,upper,12714.471812990509,2020-12-17 01:28:00-05:00
755_lower,755,2020-12-08,2020-12-08 10:30:00-05:00,2021-01-08 10:30:00-05:00,lower,12407.153187009491,2020-12-09 13:33:00-05:00
756_upper,756,2020-12-09,2020-12-09 10:30:00-05:00,2021-01-11 10:30:00-05:00,upper,12760.966408611901,2020-12-17 09:33:00-05:00
756_lower,756,2020-12-09,2020-12-09 10:30:00-05:00,2021-01-11 10:30:00-05:00,lower,12473.908591388099,2020-12-09 12:47:00-05:00
757_upper,757,2020-12-10,2020-12-10 10:30:00-05:00,2021-01-12 10:30:00-05:00,upper,12535.537185089031,2020-12-14 10:16:00-05:00
757_lower,757,2020-12-10,2020-12-10 10:30:00-05:00,2021-01-12 10:30:00-05:00,lower,12048.587814910969,
758_upper,758,2020-12-11,2020-12-11 10:30:00-05:00,2021-01-13 10:30:00-05:00,upper,12481.320700024631,2020-12-14 09:38:00-05:00
758_lower,758,2020-12-11,2020-12-11 10:30:00-05:00,2021-01-13 10:30:00-05:00,lower,12165.929299975369,
759_upper,759,2020-12-14,2020-12-14 10:30:00-05:00,2021-01-14 10:30:00-05:00,upper,12644.636459613952,2020-12-16 03:30:00-05:00
759_lower,759,2020-12-14,2020-12-14 10:30:00-05:00,2021-01-14 10:30:00-05:00,lower,12261.738540386048,
760_upper,760,2020-12-15,2020-12-15 10:30:00-05:00,2021-01-15 10:30:00-05:00,upper,12702.785066493954,2020-12-16 15:34:00-05:00
760_lower,760,2020-12-15,2020-12-15 10:30:00-05:00,2021-01-15 10:30:00-05:00,lower,12425.214933506046,
761_upper,761,2020-12-16,2020-12-16 10:30:00-05:00,2021-01-18 10:30:00-05:00,upper,12746.087303686412,2020-12-17 03:23:00-05:00
761_lower,761,2020-12-16,2020-12-16 10:30:00-05:00,2021-01-18 10:30:00-05:00,lower,12470.287696313588,2020-12-21 05:53:00-05:00
762_upper,762,2020-12-17,2020-12-17 10:30:00-05:00,2021-01-19 10:30:00-05:00,upper,12874.583468371175,2020-12-29 00:34:00-05:00
762_lower,762,2020-12-17,2020-12-17 10:30:00-05:00,2021-01-19 10:30:00-05:00,lower,12597.541531628825,2020-12-21 05:07:00-05:00
763_upper,763,2020-12-18,2020-12-18 10:30:00-05:00,2021-01-20 10:30:00-05:00,upper,12928.298800228158,2021-01-04 02:59:00-05:00
763_lower,763,2020-12-18,2020-12-18 10:30:00-05:00,2021-01-20 10:30:00-05:00,lower,12581.701199771842,2020-12-21 05:07:00-05:00
764_upper,764,2020-12-21,2020-12-21 10:30:00-05:00,2021-01-21 10:30:00-05:00,upper,12790.34699538569,2020-12-28 02:06:00-05:00
764_lower,764,2020-12-21,2020-12-21 10:30:00-05:00,2021-01-21 10:30:00-05:00,lower,12355.77800461431,
765_upper,765,2020-12-22,2020-12-22 10:30:00-05:00,2021-01-22 10:30:00-05:00,upper,12884.869587002913,2020-12-29 00:46:00-05:00
765_lower,765,2020-12-22,2020-12-22 10:30:00-05:00,2021-01-22 10:30:00-05:00,lower,12550.755412997087,2021-01-04 12:11:00-05:00
766_upper,766,2020-12-23,2020-12-23 10:30:00-05:00,2021-01-25 10:30:00-05:00,upper,12861.412311153548,2020-12-28 19:30:00-05:00
766_lower,766,2020-12-23,2020-12-23 10:30:00-05:00,2021-01-25 10:30:00-05:00,lower,12538.962688846452,2021-01-04 12:11:00-05:00
767_upper,767,2020-12-24,2020-12-24 10:30:00-05:00,2021-01-26 10:30:00-05:00,upper,12823.809220868367,2020-12-28 08:58:00-05:00
767_lower,767,2020-12-24,2020-12-24 10:30:00-05:00,2021-01-26 10:30:00-05:00,lower,12524.690779131633,2021-01-04 12:15:00-05:00
768_upper,768,2020-12-28,2020-12-28 10:30:00-05:00,2021-01-27 10:30:00-05:00,upper,12950.638746797096,2021-01-04 03:06:00-05:00
768_lower,768,2020-12-28,2020-12-28 10:30:00-05:00,2021-01-27 10:30:00-05:00,lower,12645.986253202904,2021-01-04 11:57:00-05:00
769_upper,769,2020-12-29,2020-12-29 10:30:00-05:00,2021-01-28 10:30:00-05:00,upper,13053.141593583012,2021-01-08 10:05:00-05:00
769_lower,769,2020-12-29,2020-12-29 10:30:00-05:00,2021-01-28 10:30:00-05:00,lower,12703.108406416988,2021-01-04 11:06:00-05:00
770_upper,770,2020-12-30,2020-12-30 10:30:00-05:00,2021-01-29 10:30:00-05:00,upper,13042.193696060283,2021-01-08 09:41:00-05:00
770_lower,770,2020-12-30,2020-12-30 10:30:00-05:00,2021-01-29 10:30:00-05:00,lower,12727.181303939717,2021-01-04 11:04:00-05:00
771_upper,771,2021-01-04,2021-01-04 10:30:00-05:00,2021-02-01 10:30:00-05:00,upper,13084.97221829512,2021-01-08 15:46:00-05:00
771_lower,771,2021-01-04,2021-01-04 10:30:00-05:00,2021-02-01 10:30:00-05:00,lower,12742.65278170488,2021-01-04 11:03:00-05:00
772_upper,772,2021-01-05,2021-01-05 10:30:00-05:00,2021-02-02 10:30:00-05:00,upper,12902.95887702149,2021-01-07 10:49:00-05:00
772_lower,772,2021-01-05,2021-01-05 10:30:00-05:00,2021-02-02 10:30:00-05:00,lower,12465.16612297851,
773_upper,773,2021-01-06,2021-01-06 10:30:00-05:00,2021-02-03 10:30:00-05:00,upper,12848.188799964293,2021-01-07 10:01:00-05:00
773_lower,773,2021-01-06,2021-01-06 10:30:00-05:00,2021-02-03 10:30:00-05:00,lower,12383.061200035707,
774_upper,774,2021-01-07,2021-01-07 10:30:00-05:00,2021-02-04 10:30:00-05:00,upper,12999.880256810842,2021-01-08 07:25:00-05:00
774_lower,774,2021-01-07,2021-01-07 10:30:00-05:00,2021-02-04 10:30:00-05:00,lower,12535.619743189158,
775_upper,775,2021-01-08,2021-01-08 10:30:00-05:00,2021-02-05 10:30:00-05:00,upper,13186.663015245602,2021-01-20 09:40:00-05:00
775_lower,775,2021-01-08,2021-01-08 10:30:00-05:00,2021-02-05 10:30:00-05:00,lower,12835.836984754398,2021-01-12 12:04:00-05:00
776_upper,776,2021-01-11,2021-01-11 10:30:00-05:00,2021-02-08 10:30:00-05:00,upper,13128.546415435589,2021-01-20 09:02:00-05:00
776_lower,776,2021-01-11,2021-01-11 10:30:00-05:00,2021-02-08 10:30:00-05:00,lower,12780.953584564411,2021-01-12 12:14:00-05:00
777_upper,777,2021-01-12,2021-01-12 10:30:00-05:00,2021-02-09 10:30:00-05:00,upper,13084.323555876123,2021-01-20 03:44:00-05:00
777_lower,777,2021-01-12,2021-01-12 10:30:00-05:00,2021-02-09 10:30:00-05:00,lower,12713.676444123877,
778_upper,778,2021-01-13,2021-01-13 10:30:00-05:00,2021-02-10 10:30:00-05:00,upper,13060.516938915123,2021-01-20 01:46:00-05:00
778_lower,778,2021-01-13,2021-01-13 10:30:00-05:00,2021-02-10 10:30:00-05:00,lower,12733.733061084877,2021-01-17 18:50:00-05:00
779_upper,779,2021-01-14,2021-01-14 10:30:00-05:00,2021-02-11 10:30:00-05:00,upper,13121.302145178104,2021-01-20 08:58:00-05:00
779_lower,779,2021-01-14,2021-01-14 10:30:00-05:00,2021-02-11 10:30:00-05:00,lower,12856.322854821896,2021-01-15 00:18:00-05:00
780_upper,780,2021-01-15,2021-01-15 10:30:00-05:00,2021-02-12 10:30:00-05:00,upper,13102.242831070122,2021-01-20 07:55:00-05:00
780_lower,780,2021-01-15,2021-01-15 10:30:00-05:00,2021-02-12 10:30:00-05:00,lower,12629.632168929878,
781_upper,781,2021-01-18,2021-01-18 10:30:00-05:00,2021-02-15 10:30:00-05:00,upper,12929.914466050821,2021-01-18 22:26:00-05:00
781_lower,781,2021-01-18,2021-01-18 10:30:00-05:00,2021-02-15 10:30:00-05:00,lower,12669.960533949179,
782_upper,782,2021-01-19,2021-01-19 10:30:00-05:00,2021-02-16 10:30:00-05:00,upper,13057.461827321687,2021-01-20 00:54:00-05:00
782_lower,782,2021-01-19,2021-01-19 10:30:00-05:00,2021-02-16 10:30:00-05:00,lower,12733.038172678313,2021-01-31 18:13:00-05:00
783_upper,783,2021-01-20,2021-01-20 10:30:00-05:00,2021-02-17 10:30:00-05:00,upper,13350.4521042832,2021-01-20 19:59:00-05:00
783_lower,783,2021-01-20,2021-01-20 10:30:00-05:00,2021-02-17 10:30:00-05:00,lower,12966.0478957168,2021-01-27 16:09:00-05:00
784_upper,784,2021-01-21,2021-01-21 10:30:00-05:00,2021-02-18 10:30:00-05:00,upper,13503.465993947262,2021-01-25 07:14:00-05:00
784_lower,784,2021-01-21,2021-01-21 10:30:00-05:00,2021-02-18 10:30:00-05:00,lower,13166.909006052738,2021-01-27 14:33:00-05:00
785_upper,785,2021-01-22,2021-01-22 10:30:00-05:00,2021-02-19 10:30:00-05:00,upper,13498.040493001106,2021-01-25 07:12:00-05:00
785_lower,785,2021-01-22,2021-01-22 10:30:00-05:00,2021-02-19 10:30:00-05:00,lower,13209.459506998894,2021-01-25 11:08:00-05:00
786_upper,786,2021-01-25,2021-01-25 10:30:00-05:00,2021-02-22 10:30:00-05:00,upper,13656.05998848482,2021-02-07 19:37:00-05:00
786_lower,786,2021-01-25,2021-01-25 10:30:00-05:00,2021-02-22 10:30:00-05:00,lower,13366.94001151518,2021-01-25 10:58:00-05:00
787_upper,787,2021-01-26,2021-01-26 10:30:00-05:00,2021-02-23 10:30:00-05:00,upper,13649.94612918621,2021-02-07 19:23:00-05:00
787_lower,787,2021-01-26,2021-01-26 10:30:00-05:00,2021-02-23 10:30:00-05:00,lower,13311.30387081379,2021-01-27 09:32:00-05:00
788_upper,788,2021-01-27,2021-01-27 10:30:00-05:00,2021-02-24 10:30:00-05:00,upper,13604.227695070249,2021-02-05 00:32:00-05:00
788_lower,788,2021-01-27,2021-01-27 10:30:00-05:00,2021-02-24 10:30:00-05:00,lower,13065.647304929751,2021-01-27 15:28:00-05:00
789_upper,789,2021-01-28,2021-01-28 10:30:00-05:00,2021-02-25 10:30:00-05:00,upper,13469.475207853717,2021-02-02 12:15:00-05:00
789_lower,789,2021-01-28,2021-01-28 10:30:00-05:00,2021-02-25 10:30:00-05:00,lower,12889.399792146283,2021-01-29 12:39:00-05:00
790_upper,790,2021-01-29,2021-01-29 10:30:00-05:00,2021-02-26 10:30:00-05:00,upper,13353.437198310974,2021-02-01 21:25:00-05:00
790_lower,790,2021-01-29,2021-01-29 10:30:00-05:00,2021-02-26 10:30:00-05:00,lower,12834.562801689026,2021-01-29 12:49:00-05:00
791_upper,791,2021-02-01,2021-02-01 10:30:00-05:00,2021-03-01 10:30:00-05:00,upper,13298.909458168324,2021-02-01 20:17:00-05:00
791_lower,791,2021-02-01,2021-02-01 10:30:00-05:00,2021-03-01 10:30:00-05:00,lower,12789.715541831676,2021-02-23 09:47:00-05:00
792_upper,792,2021-02-02,2021-02-02 10:30:00-05:00,2021-03-02 10:30:00-05:00,upper,13584.345298244229,2021-02-03 03:02:00-05:00
792_lower,792,2021-02-02,2021-02-02 10:30:00-05:00,2021-03-02 10:30:00-05:00,lower,13159.154701755771,2021-02-23 04:12:00-05:00
793_upper,793,2021-02-03,2021-02-03 10:30:00-05:00,2021-03-03 10:30:00-05:00,upper,13737.171599346211,2021-02-09 22:00:00-05:00
793_lower,793,2021-02-03,2021-02-03 10:30:00-05:00,2021-03-03 10:30:00-05:00,lower,13264.953400653789,2021-02-22 15:28:00-05:00
794_upper,794,2021-02-04,2021-02-04 10:30:00-05:00,2021-03-04 10:30:00-05:00,upper,13614.434504754947,2021-02-05 00:32:00-05:00
794_lower,794,2021-02-04,2021-02-04 10:30:00-05:00,2021-03-04 10:30:00-05:00,lower,13270.565495245053,2021-02-22 15:24:00-05:00
795_upper,795,2021-02-05,2021-02-05 10:30:00-05:00,2021-03-05 10:30:00-05:00,upper,13729.231681861473,2021-02-09 10:33:00-05:00
795_lower,795,2021-02-05,2021-02-05 10:30:00-05:00,2021-03-05 10:30:00-05:00,lower,13417.143318138527,2021-02-22 02:48:00-05:00
796_upper,796,2021-02-08,2021-02-08 10:30:00-05:00,2021-03-08 10:30:00-05:00,upper,13806.292708497089,2021-02-12 15:57:00-05:00
796_lower,796,2021-02-08,2021-02-08 10:30:00-05:00,2021-03-08 10:30:00-05:00,lower,13522.832291502911,2021-02-10 10:44:00-05:00
797_upper,797,2021-02-09,2021-02-09 10:30:00-05:00,2021-03-09 10:30:00-05:00,upper,13826.36209265489,2021-02-14 18:00:00-05:00
797_lower,797,2021-02-09,2021-02-09 10:30:00-05:00,2021-03-09 10:30:00-05:00,lower,13505.88790734511,2021-02-18 10:07:00-05:00
798_upper,798,2021-02-10,2021-02-10 10:30:00-05:00,2021-03-10 10:30:00-05:00,upper,13953.533424359492,
798_lower,798,2021-02-10,2021-02-10 10:30:00-05:00,2021-03-10 10:30:00-05:00,lower,13451.341575640508,2021-02-22 02:17:00-05:00
799_upper,799,2021-02-11,2021-02-11 10:30:00-05:00,2021-03-11 10:30:00-05:00,upper,13859.385503490432,2021-02-14 19:23:00-05:00
799_lower,799,2021-02-11,2021-02-11 10:30:00-05:00,2021-03-11 10:30:00-05:00,lower,13568.239496509568,2021-02-17 11:17:00-05:00
800_upper,800,2021-02-12,2021-02-12 10:30:00-05:00,2021-03-12 10:30:00-05:00,upper,13832.065313397892,2021-02-14 18:00:00-05:00
800_lower,800,2021-02-12,2021-02-12 10:30:00-05:00,2021-03-12 10:30:00-05:00,lower,13539.184686602108,2021-02-18 09:04:00-05:00
801_upper,801,2021-02-15,2021-02-15 10:30:00-05:00,2021-03-15 10:30:00-04:00,upper,13956.900808070744,
801_lower,801,2021-02-15,2021-02-15 10:30:00-05:00,2021-03-15 10:30:00-04:00,lower,13749.224191929256,2021-02-16 11:51:00-05:00
802_upper,802,2021-02-16,2021-02-16 10:30:00-05:00,2021-03-16 10:30:00-04:00,upper,13973.657871343778,
802_lower,802,2021-02-16,2021-02-16 10:30:00-05:00,2021-03-16 10:30:00-04:00,lower,13702.092128656222,2021-02-16 20:03:00-05:00
803_upper,803,2021-02-17,2021-02-17 10:30:00-05:00,2021-03-17 10:30:00-04:00,upper,13818.607788814403,
803_lower,803,2021-02-17,2021-02-17 10:30:00-05:00,2021-03-17 10:30:00-04:00,lower,13458.767211185597,2021-02-22 02:15:00-05:00
804_upper,804,2021-02-18,2021-02-18 10:30:00-05:00,2021-03-18 10:30:00-04:00,upper,13718.77476483483,2021-02-19 08:29:00-05:00
804_lower,804,2021-02-18,2021-02-18 10:30:00-05:00,2021-03-18 10:30:00-04:00,lower,13352.97523516517,2021-02-22 10:22:00-05:00
805_upper,805,2021-02-19,2021-02-19 10:30:00-05:00,2021-03-19 10:30:00-04:00,upper,13839.018245601877,
805_lower,805,2021-02-19,2021-02-19 10:30:00-05:00,2021-03-19 10:30:00-04:00,lower,13521.481754398123,2021-02-22 01:00:00-05:00
806_upper,806,2021-02-22,2021-02-22 10:30:00-05:00,2021-03-22 10:30:00-04:00,upper,13572.87941595784,
806_lower,806,2021-02-22,2021-02-22 10:30:00-05:00,2021-03-22 10:30:00-04:00,lower,13210.62058404216,2021-02-22 19:02:00-05:00
807_upper,807,2021-02-23,2021-02-23 10:30:00-05:00,2021-03-23 10:30:00-04:00,upper,13256.157638399745,2021-02-23 15:30:00-05:00
807_lower,807,2021-02-23,2021-02-23 10:30:00-05:00,2021-03-23 10:30:00-04:00,lower,12638.467361600255,2021-03-03 18:21:00-05:00
808_upper,808,2021-02-24,2021-02-24 10:30:00-05:00,2021-03-24 10:30:00-04:00,upper,13282.329224062803,2021-02-24 15:34:00-05:00
808_lower,808,2021-02-24,2021-02-24 10:30:00-05:00,2021-03-24 10:30:00-04:00,lower,12831.045775937197,2021-02-25 13:02:00-05:00
809_upper,809,2021-02-25,2021-02-25 10:30:00-05:00,2021-03-25 10:30:00-04:00,upper,13414.617490163888,
809_lower,809,2021-02-25,2021-02-25 10:30:00-05:00,2021-03-25 10:30:00-04:00,lower,12971.882509836112,2021-02-25 12:02:00-05:00
810_upper,810,2021-02-26,2021-02-26 10:30:00-05:00,2021-03-26 10:30:00-04:00,upper,13263.954349770087,2021-03-01 14:43:00-05:00
810_lower,810,2021-02-26,2021-02-26 10:30:00-05:00,2021-03-26 10:30:00-04:00,lower,12580.795650229913,2021-03-03 21:59:00-05:00
811_upper,811,2021-03-01,2021-03-01 10:30:00-05:00,2021-03-29 10:30:00-04:00,upper,13306.522790510102,2021-03-01 16:12:00-05:00
811_lower,811,2021-03-01,2021-03-01 10:30:00-05:00,2021-03-29 10:30:00-04:00,lower,12887.352209489898,2021-03-03 10:06:00-05:00
812_upper,812,2021-03-02,2021-03-02 10:30:00-05:00,2021-03-30 10:30:00-04:00,upper,13481.496555457572,
812_lower,812,2021-03-02,2021-03-02 10:30:00-05:00,2021-03-30 10:30:00-04:00,lower,13044.253444542428,2021-03-03 08:33:00-05:00
813_upper,813,2021-03-03,2021-03-03 10:30:00-05:00,2021-03-31 10:30:00-04:00,upper,13254.721258778369,2021-03-16 10:29:00-04:00
813_lower,813,2021-03-03,2021-03-03 10:30:00-05:00,2021-03-31 10:30:00-04:00,lower,12695.403741221631,2021-03-03 14:30:00-05:00
814_upper,814,2021-03-04,2021-03-04 10:30:00-05:00,2021-04-01 10:30:00-04:00,upper,12959.978747413312,2021-03-10 09:12:00-05:00
814_lower,814,2021-03-04,2021-03-04 10:30:00-05:00,2021-04-01 10:30:00-04:00,lower,12341.146252586688,2021-03-04 13:52:00-05:00
815_upper,815,2021-03-05,2021-03-05 10:30:00-05:00,2021-04-05 10:30:00-04:00,upper,12853.410555986107,2021-03-09 13:40:00-05:00
815_lower,815,2021-03-05,2021-03-05 10:30:00-05:00,2021-04-05 10:30:00-04:00,lower,12202.089444013893,
816_upper,816,2021-03-08,2021-03-08 10:30:00-05:00,2021-04-06 10:30:00-04:00,upper,12873.175167169964,2021-03-10 08:34:00-05:00
816_lower,816,2021-03-08,2021-03-08 10:30:00-05:00,2021-04-06 10:30:00-04:00,lower,12381.449832830036,2021-03-08 15:01:00-05:00
817_upper,817,2021-03-09,2021-03-09 10:30:00-05:00,2021-04-07 10:30:00-04:00,upper,12889.568918845831,2021-03-10 08:35:00-05:00
817_lower,817,2021-03-09,2021-03-09 10:30:00-05:00,2021-04-07 10:30:00-04:00,lower,12397.056081154169,
818_upper,818,2021-03-10,2021-03-10 10:30:00-05:00,2021-04-08 10:30:00-04:00,upper,13175.936887021475,2021-03-16 09:32:00-04:00
818_lower,818,2021-03-10,2021-03-10 10:30:00-05:00,2021-04-08 10:30:00-04:00,lower,12675.938112978525,2021-03-25 10:49:00-04:00
819_upper,819,2021-03-11,2021-03-11 10:30:00-05:00,2021-04-09 10:30:00-04:00,upper,13125.787361496206,2021-03-15 23:41:00-04:00
819_lower,819,2021-03-11,2021-03-11 10:30:00-05:00,2021-04-09 10:30:00-04:00,lower,12785.462638503794,2021-03-12 10:27:00-05:00
820_upper,820,2021-03-12,2021-03-12 10:30:00-05:00,2021-04-12 10:30:00-04:00,upper,13049.153485250365,2021-03-15 15:54:00-04:00
820_lower,820,2021-03-12,2021-03-12 10:30:00-05:00,2021-04-12 10:30:00-04:00,lower,12661.721514749635,2021-03-25 10:51:00-04:00
821_upper,821,2021-03-15,2021-03-15 10:30:00-04:00,2021-04-13 10:30:00-04:00,upper,13103.920447224915,2021-03-15 21:51:00-04:00
821_lower,821,2021-03-15,2021-03-15 10:30:00-04:00,2021-04-13 10:30:00-04:00,lower,12774.954552775085,2021-03-18 15:49:00-04:00
822_upper,822,2021-03-16,2021-03-16 10:30:00-04:00,2021-04-14 10:30:00-04:00,upper,13369.778726055076,2021-04-01 22:35:00-04:00
822_lower,822,2021-03-16,2021-03-16 10:30:00-04:00,2021-04-14 10:30:00-04:00,lower,12990.096273944924,2021-03-17 07:37:00-04:00
823_upper,823,2021-03-17,2021-03-17 10:30:00-04:00,2021-04-15 10:30:00-04:00,upper,13194.970082697426,2021-03-17 14:43:00-04:00
823_lower,823,2021-03-17,2021-03-17 10:30:00-04:00,2021-04-15 10:30:00-04:00,lower,12815.654917302574,2021-03-18 15:05:00-04:00
824_upper,824,2021-03-18,2021-03-18 10:30:00-04:00,2021-04-16 10:30:00-04:00,upper,13137.144103482135,2021-03-22 12:42:00-04:00
824_lower,824,2021-03-18,2021-03-18 10:30:00-04:00,2021-04-16 10:30:00-04:00,lower,12810.855896517865,2021-03-18 15:24:00-04:00
825_upper,825,2021-03-19,2021-03-19 10:30:00-04:00,2021-04-19 10:30:00-04:00,upper,12977.296941785738,2021-03-22 09:32:00-04:00
825_lower,825,2021-03-19,2021-03-19 10:30:00-04:00,2021-04-19 10:30:00-04:00,lower,12558.078058214262,
826_upper,826,2021-03-22,2021-03-22 10:30:00-04:00,2021-04-20 10:30:00-04:00,upper,13122.135918960317,2021-03-22 12:24:00-04:00
826_lower,826,2021-03-22,2021-03-22 10:30:00-04:00,2021-04-20 10:30:00-04:00,lower,12785.489081039683,2021-03-24 16:00:00-04:00
827_upper,827,2021-03-23,2021-03-23 10:30:00-04:00,2021-04-21 10:30:00-04:00,upper,13247.726596630528,2021-04-01 09:03:00-04:00
827_lower,827,2021-03-23,2021-03-23 10:30:00-04:00,2021-04-21 10:30:00-04:00,lower,12958.273403369472,2021-03-24 09:51:00-04:00
828_upper,828,2021-03-24,2021-03-24 10:30:00-04:00,2021-04-22 10:30:00-04:00,upper,13240.966319221232,2021-04-01 08:12:00-04:00
828_lower,828,2021-03-24,2021-03-24 10:30:00-04:00,2021-04-22 10:30:00-04:00,lower,12821.283680778768,2021-03-24 15:53:00-04:00
829_upper,829,2021-03-25,2021-03-25 10:30:00-04:00,2021-04-23 10:30:00-04:00,upper,12941.774353679677,2021-03-26 15:58:00-04:00
829_lower,829,2021-03-25,2021-03-25 10:30:00-04:00,2021-04-23 10:30:00-04:00,lower,12538.600646320323,
830_upper,830,2021-03-26,2021-03-26 10:30:00-04:00,2021-04-26 10:30:00-04:00,upper,12944.296386188827,2021-03-26 15:59:00-04:00
830_lower,830,2021-03-26,2021-03-26 10:30:00-04:00,2021-04-26 10:30:00-04:00,lower,12623.703613811173,
831_upper,831,2021-03-29,2021-03-29 10:30:00-04:00,2021-04-27 10:30:00-04:00,upper,13121.21930771583,2021-03-31 10:41:00-04:00
831_lower,831,2021-03-29,2021-03-29 10:30:00-04:00,2021-04-27 10:30:00-04:00,lower,12716.78069228417,
832_upper,832,2021-03-30,2021-03-30 10:30:00-04:00,2021-04-28 10:30:00-04:00,upper,13026.119947751788,2021-03-31 09:48:00-04:00
832_lower,832,2021-03-30,2021-03-30 10:30:00-04:00,2021-04-28 10:30:00-04:00,lower,12679.755052248212,
833_upper,833,2021-03-31,2021-03-31 10:30:00-04:00,2021-04-29 10:30:00-04:00,upper,13193.622190456395,2021-04-01 03:28:00-04:00
833_lower,833,2021-03-31,2021-03-31 10:30:00-04:00,2021-04-29 10:30:00-04:00,lower,12801.752809543605,
834_upper,834,2021-04-01,2021-04-01 10:30:00-04:00,2021-04-30 10:30:00-04:00,upper,13410.351838874325,2021-04-05 08:39:00-04:00
834_lower,834,2021-04-01,2021-04-01 10:30:00-04:00,2021-04-30 10:30:00-04:00,lower,13123.148161125675,
835_upper,835,2021-04-05,2021-04-05 10:30:00-04:00,2021-05-03 10:30:00-04:00,upper,13598.18345647206,2021-04-05 13:56:00-04:00
835_lower,835,2021-04-05,2021-04-05 10:30:00-04:00,2021-05-03 10:30:00-04:00,lower,13284.19154352794,
836_upper,836,2021-04-06,2021-04-06 10:30:00-04:00,2021-05-04 10:30:00-04:00,upper,13707.171628273954,2021-04-07 23:48:00-04:00
836_lower,836,2021-04-06,2021-04-06 10:30:00-04:00,2021-05-04 10:30:00-04:00,lower,13436.328371726046,
837_upper,837,2021-04-07,2021-04-07 10:30:00-04:00,2021-05-05 10:30:00-04:00,upper,13721.434611448636,2021-04-08 01:50:00-04:00
837_lower,837,2021-04-07,2021-04-07 10:30:00-04:00,2021-05-05 10:30:00-04:00,lower,13397.565388551364,2021-05-04 11:50:00-04:00
838_upper,838,2021-04-08,2021-04-08 10:30:00-04:00,2021-05-06 10:30:00-04:00,upper,13849.487811930356,2021-04-13 08:32:00-04:00
838_lower,838,2021-04-08,2021-04-08 10:30:00-04:00,2021-05-06 10:30:00-04:00,lower,13600.262188069644,2021-05-04 09:44:00-04:00
839_upper,839,2021-04-09,2021-04-09 10:30:00-04:00,2021-05-07 10:30:00-04:00,upper,13838.230991534117,2021-04-09 15:55:00-04:00
839_lower,839,2021-04-09,2021-04-09 10:30:00-04:00,2021-05-07 10:30:00-04:00,lower,13553.894008465883,2021-05-04 09:55:00-04:00
840_upper,840,2021-04-12,2021-04-12 10:30:00-04:00,2021-05-10 10:30:00-04:00,upper,13905.328912326131,2021-04-13 09:36:00-04:00
840_lower,840,2021-04-12,2021-04-12 10:30:00-04:00,2021-05-10 10:30:00-04:00,lower,13655.171087673869,2021-05-04 07:41:00-04:00
841_upper,841,2021-04-13,2021-04-13 10:30:00-04:00,2021-05-11 10:30:00-04:00,upper,14030.64038285278,2021-04-15 15:51:00-04:00
841_lower,841,2021-04-13,2021-04-13 10:30:00-04:00,2021-05-11 10:30:00-04:00,lower,13754.35961714722,2021-04-20 11:19:00-04:00
842_upper,842,2021-04-14,2021-04-14 10:30:00-04:00,2021-05-12 10:30:00-04:00,upper,14097.788058139964,
842_lower,842,2021-04-14,2021-04-14 10:30:00-04:00,2021-05-12 10:30:00-04:00,lower,13837.586941860036,2021-04-14 13:59:00-04:00
843_upper,843,2021-04-15,2021-04-15 10:30:00-04:00,2021-05-13 10:30:00-04:00,upper,14073.923640401905,
843_lower,843,2021-04-15,2021-04-15 10:30:00-04:00,2021-05-13 10:30:00-04:00,lower,13813.326359598095,2021-04-20 10:45:00-04:00
844_upper,844,2021-04-16,2021-04-16 10:30:00-04:00,2021-05-14 10:30:00-04:00,upper,14157.086338241921,
844_lower,844,2021-04-16,2021-04-16 10:30:00-04:00,2021-05-14 10:30:00-04:00,lower,13877.913661758079,2021-04-19 10:46:00-04:00
845_upper,845,2021-04-19,2021-04-19 10:30:00-04:00,2021-05-17 10:30:00-04:00,upper,14123.96918211969,
845_lower,845,2021-04-19,2021-04-19 10:30:00-04:00,2021-05-17 10:30:00-04:00,lower,13792.65581788031,2021-04-20 10:53:00-04:00
846_upper,846,2021-04-20,2021-04-20 10:30:00-04:00,2021-05-18 10:30:00-04:00,upper,14019.44444751415,2021-04-26 14:48:00-04:00
846_lower,846,2021-04-20,2021-04-20 10:30:00-04:00,2021-05-18 10:30:00-04:00,lower,13745.43055248585,2021-04-20 11:22:00-04:00
847_upper,847,2021-04-21,2021-04-21 10:30:00-04:00,2021-05-19 10:30:00-04:00,upper,13930.103118503492,2021-04-22 02:02:00-04:00
847_lower,847,2021-04-21,2021-04-21 10:30:00-04:00,2021-05-19 10:30:00-04:00,lower,13577.896881496508,2021-05-04 09:49:00-04:00
848_upper,848,2021-04-22,2021-04-22 10:30:00-04:00,2021-05-20 10:30:00-04:00,upper,14022.277575456013,2021-04-26 15:00:00-04:00
848_lower,848,2021-04-22,2021-04-22 10:30:00-04:00,2021-05-20 10:30:00-04:00,lower,13766.222424543987,2021-04-22 13:44:00-04:00
849_upper,849,2021-04-23,2021-04-23 10:30:00-04:00,2021-05-21 10:30:00-04:00,upper,13938.982797596585,2021-04-23 12:05:00-04:00
849_lower,849,2021-04-23,2021-04-23 10:30:00-04:00,2021-05-21 10:30:00-04:00,lower,13652.017202403415,2021-05-04 07:41:00-04:00
850_upper,850,2021-04-26,2021-04-26 10:30:00-04:00,2021-05-24 10:30:00-04:00,upper,14061.820619484875,2021-04-29 08:53:00-04:00
850_lower,850,2021-04-26,2021-04-26 10:30:00-04:00,2021-05-24 10:30:00-04:00,lower,13806.429380515125,2021-05-03 11:11:00-04:00
851_upper,851,2021-04-27,2021-04-27 10:30:00-04:00,2021-05-25 10:30:00-04:00,upper,14169.904988111412,
851_lower,851,2021-04-27,2021-04-27 10:30:00-04:00,2021-05-25 10:30:00-04:00,lower,13831.470011888588,2021-04-29 12:07:00-04:00
852_upper,852,2021-04-28,2021-04-28 10:30:00-04:00,2021-05-26 10:30:00-04:00,upper,14088.748857720613,
852_lower,852,2021-04-28,2021-04-28 10:30:00-04:00,2021-05-26 10:30:00-04:00,lower,13784.251142279387,2021-05-03 11:25:00-04:00
853_upper,853,2021-04-29,2021-04-29 10:30:00-04:00,2021-05-27 10:30:00-04:00,upper,14200.78278833992,
853_lower,853,2021-04-29,2021-04-29 10:30:00-04:00,2021-05-27 10:30:00-04:00,lower,13832.34221166008,2021-04-29 12:07:00-04:00
854_upper,854,2021-04-30,2021-04-30 10:30:00-04:00,2021-05-28 10:30:00-04:00,upper,14034.796808211824,
854_lower,854,2021-04-30,2021-04-30 10:30:00-04:00,2021-05-28 10:30:00-04:00,lower,13712.578191788176,2021-05-04 07:39:00-04:00
855_upper,855,2021-05-03,2021-05-03 10:30:00-04:00,2021-05-31 10:30:00-04:00,upper,14065.705188225202,
855_lower,855,2021-05-03,2021-05-03 10:30:00-04:00,2021-05-31 10:30:00-04:00,lower,13748.544811774798,2021-05-03 21:02:00-04:00
856_upper,856,2021-05-04,2021-05-04 10:30:00-04:00,2021-06-01 10:30:00-04:00,upper,13874.5159742623,
856_lower,856,2021-05-04,2021-05-04 10:30:00-04:00,2021-06-01 10:30:00-04:00,lower,13403.4840257377,2021-05-04 11:48:00-04:00
857_upper,857,2021-05-05,2021-05-05 10:30:00-04:00,2021-06-02 10:30:00-04:00,upper,13804.2799294609,2021-05-07 08:33:00-04:00
857_lower,857,2021-05-05,2021-05-05 10:30:00-04:00,2021-06-02 10:30:00-04:00,lower,13422.3450705391,2021-05-06 10:00:00-04:00
858_upper,858,2021-05-06,2021-05-06 10:30:00-04:00,2021-06-03 10:30:00-04:00,upper,13642.919672484295,2021-05-06 21:00:00-04:00
858_lower,858,2021-05-06,2021-05-06 10:30:00-04:00,2021-06-03 10:30:00-04:00,lower,13290.705327515705,2021-05-10 20:48:00-04:00
859_upper,859,2021-05-07,2021-05-07 10:30:00-04:00,2021-06-04 10:30:00-04:00,upper,13920.54821806241,
859_lower,859,2021-05-07,2021-05-07 10:30:00-04:00,2021-06-04 10:30:00-04:00,lower,13529.95178193759,2021-05-10 09:53:00-04:00
860_upper,860,2021-05-10,2021-05-10 10:30:00-04:00,2021-06-07 10:30:00-04:00,upper,13809.94346066405,
860_lower,860,2021-05-10,2021-05-10 10:30:00-04:00,2021-06-07 10:30:00-04:00,lower,13415.30653933595,2021-05-10 14:15:00-04:00
861_upper,861,2021-05-11,2021-05-11 10:30:00-04:00,2021-06-08 10:30:00-04:00,upper,13379.001766688574,2021-05-14 14:14:00-04:00
861_lower,861,2021-05-11,2021-05-11 10:30:00-04:00,2021-06-08 10:30:00-04:00,lower,12916.123233311426,2021-05-13 04:52:00-04:00
862_upper,862,2021-05-12,2021-05-12 10:30:00-04:00,2021-06-09 10:30:00-04:00,upper,13347.299469223746,2021-05-14 12:03:00-04:00
862_lower,862,2021-05-12,2021-05-12 10:30:00-04:00,2021-06-09 10:30:00-04:00,lower,12948.950530776254,2021-05-13 03:52:00-04:00
863_upper,863,2021-05-13,2021-05-13 10:30:00-04:00,2021-06-10 10:30:00-04:00,upper,13357.652406615905,2021-05-14 12:10:00-04:00
863_lower,863,2021-05-13,2021-05-13 10:30:00-04:00,2021-06-10 10:30:00-04:00,lower,12913.597593384095,
864_upper,864,2021-05-14,2021-05-14 10:30:00-04:00,2021-06-11 10:30:00-04:00,upper,13425.373286693362,2021-05-14 14:55:00-04:00
864_lower,864,2021-05-14,2021-05-14 10:30:00-04:00,2021-06-11 10:30:00-04:00,lower,13065.501713306638,2021-05-19 03:16:00-04:00
865_upper,865,2021-05-17,2021-05-17 10:30:00-04:00,2021-06-14 10:30:00-04:00,upper,13463.846338036034,2021-05-20 11:28:00-04:00
865_lower,865,2021-05-17,2021-05-17 10:30:00-04:00,2021-06-14 10:30:00-04:00,lower,13139.903661963966,2021-05-18 22:54:00-04:00
866_upper,866,2021-05-18,2021-05-18 10:30:00-04:00,2021-06-15 10:30:00-04:00,upper,13498.61084978783,2021-05-20 11:50:00-04:00
866_lower,866,2021-05-18,2021-05-18 10:30:00-04:00,2021-06-15 10:30:00-04:00,lower,13190.51415021217,2021-05-18 16:35:00-04:00
867_upper,867,2021-05-19,2021-05-19 10:30:00-04:00,2021-06-16 10:30:00-04:00,upper,13199.593629993211,2021-05-19 14:22:00-04:00
867_lower,867,2021-05-19,2021-05-19 10:30:00-04:00,2021-06-16 10:30:00-04:00,lower,12819.031370006789,
868_upper,868,2021-05-20,2021-05-20 10:30:00-04:00,2021-06-17 10:30:00-04:00,upper,13532.948110140409,2021-05-20 20:09:00-04:00
868_lower,868,2021-05-20,2021-05-20 10:30:00-04:00,2021-06-17 10:30:00-04:00,lower,13113.301889859591,
869_upper,869,2021-05-21,2021-05-21 10:30:00-04:00,2021-06-18 10:30:00-04:00,upper,13702.409786014181,2021-05-25 02:03:00-04:00
869_lower,869,2021-05-21,2021-05-21 10:30:00-04:00,2021-06-18 10:30:00-04:00,lower,13372.340213985819,2021-05-23 18:03:00-04:00
870_upper,870,2021-05-24,2021-05-24 10:30:00-04:00,2021-06-21 10:30:00-04:00,upper,13738.921176695329,2021-05-28 09:41:00-04:00
870_lower,870,2021-05-24,2021-05-24 10:30:00-04:00,2021-06-21 10:30:00-04:00,lower,13336.703823304671,
871_upper,871,2021-05-25,2021-05-25 10:30:00-04:00,2021-06-22 10:30:00-04:00,upper,13844.381226603171,2021-06-07 20:18:00-04:00
871_lower,871,2021-05-25,2021-05-25 10:30:00-04:00,2021-06-22 10:30:00-04:00,lower,13545.368773396829,2021-06-03 07:04:00-04:00
872_upper,872,2021-05-26,2021-05-26 10:30:00-04:00,2021-06-23 10:30:00-04:00,upper,13809.389772997289,2021-06-07 16:03:00-04:00
872_lower,872,2021-05-26,2021-05-26 10:30:00-04:00,2021-06-23 10:30:00-04:00,lower,13558.735227002711,2021-06-03 07:03:00-04:00
873_upper,873,2021-05-27,2021-05-27 10:30:00-04:00,2021-06-24 10:30:00-04:00,upper,13806.161734335179,2021-06-07 15:24:00-04:00
873_lower,873,2021-05-27,2021-05-27 10:30:00-04:00,2021-06-24 10:30:00-04:00,lower,13554.963265664821,2021-06-03 07:03:00-04:00
874_upper,874,2021-05-28,2021-05-28 10:30:00-04:00,2021-06-25 10:30:00-04:00,upper,13818.816417968192,2021-06-07 16:50:00-04:00
874_lower,874,2021-05-28,2021-05-28 10:30:00-04:00,2021-06-25 10:30:00-04:00,lower,13601.808582031808,2021-06-01 10:56:00-04:00
875_upper,875,2021-05-31,2021-05-31 10:30:00-04:00,2021-06-28 10:30:00-04:00,upper,13761.504408171839,2021-06-01 09:40:00-04:00
875_lower,875,2021-05-31,2021-05-31 10:30:00-04:00,2021-06-28 10:30:00-04:00,lower,13588.120591828161,2021-06-03 06:56:00-04:00
876_upper,876,2021-06-01,2021-06-01 10:30:00-04:00,2021-06-29 10:30:00-04:00,upper,13909.746006088806,2021-06-08 09:40:00-04:00
876_lower,876,2021-06-01,2021-06-01 10:30:00-04:00,2021-06-29 10:30:00-04:00,lower,13543.378993911194,2021-06-03 07:04:00-04:00
877_upper,877,2021-06-02,2021-06-02 10:30:00-04:00,2021-06-30 10:30:00-04:00,upper,13796.692670939423,2021-06-07 15:17:00-04:00
877_lower,877,2021-06-02,2021-06-02 10:30:00-04:00,2021-06-30 10:30:00-04:00,lower,13550.432329060577,2021-06-03 07:03:00-04:00
878_upper,878,2021-06-03,2021-06-03 10:30:00-04:00,2021-07-01 10:30:00-04:00,upper,13693.915348744336,2021-06-04 09:47:00-04:00
878_lower,878,2021-06-03,2021-06-03 10:30:00-04:00,2021-07-01 10:30:00-04:00,lower,13377.584651255664,
879_upper,879,2021-06-04,2021-06-04 10:30:00-04:00,2021-07-02 10:30:00-04:00,upper,13833.916146309279,2021-06-07 19:24:00-04:00
879_lower,879,2021-06-04,2021-06-04 10:30:00-04:00,2021-07-02 10:30:00-04:00,lower,13454.208853690721,
880_upper,880,2021-06-07,2021-06-07 10:30:00-04:00,2021-07-05 10:30:00-04:00,upper,13850.439589914644,2021-06-07 21:02:00-04:00
880_lower,880,2021-06-07,2021-06-07 10:30:00-04:00,2021-07-05 10:30:00-04:00,lower,13626.310410085356,
881_upper,881,2021-06-08,2021-06-08 10:30:00-04:00,2021-07-06 10:30:00-04:00,upper,14019.972889725974,2021-06-13 20:00:00-04:00
881_lower,881,2021-06-08,2021-06-08 10:30:00-04:00,2021-07-06 10:30:00-04:00,lower,13728.027110274026,2021-06-10 08:31:00-04:00
882_upper,882,2021-06-09,2021-06-09 10:30:00-04:00,2021-07-07 10:30:00-04:00,upper,14004.59756317838,2021-06-13 18:00:00-04:00
882_lower,882,2021-06-09,2021-06-09 10:30:00-04:00,2021-07-07 10:30:00-04:00,lower,13731.15243682162,2021-06-10 08:31:00-04:00
883_upper,883,2021-06-10,2021-06-10 10:30:00-04:00,2021-07-08 10:30:00-04:00,upper,14056.294000356822,2021-06-14 13:42:00-04:00
883_lower,883,2021-06-10,2021-06-10 10:30:00-04:00,2021-07-08 10:30:00-04:00,lower,13662.705999643178,
884_upper,884,2021-06-11,2021-06-11 10:30:00-04:00,2021-07-09 10:30:00-04:00,upper,14067.614357391314,2021-06-14 15:29:00-04:00
884_lower,884,2021-06-11,2021-06-11 10:30:00-04:00,2021-07-09 10:30:00-04:00,lower,13855.760642608686,2021-06-16 14:40:00-04:00
885_upper,885,2021-06-14,2021-06-14 10:30:00-04:00,2021-07-12 10:30:00-04:00,upper,14133.308728767022,2021-06-14 20:26:00-04:00
885_lower,885,2021-06-14,2021-06-14 10:30:00-04:00,2021-07-12 10:30:00-04:00,lower,13871.441271232978,2021-06-16 14:18:00-04:00
886_upper,886,2021-06-15,2021-06-15 10:30:00-04:00,2021-07-13 10:30:00-04:00,upper,14225.051208463632,2021-06-22 12:26:00-04:00
886_lower,886,2021-06-15,2021-06-15 10:30:00-04:00,2021-07-13 10:30:00-04:00,lower,13973.948791536368,2021-06-16 14:00:00-04:00
887_upper,887,2021-06-16,2021-06-16 10:30:00-04:00,2021-07-14 10:30:00-04:00,upper,14178.025656910419,2021-06-17 11:33:00-04:00
887_lower,887,2021-06-16,2021-06-16 10:30:00-04:00,2021-07-14 10:30:00-04:00,lower,13941.349343089581,2021-06-16 14:00:00-04:00
888_upper,888,2021-06-17,2021-06-17 10:30:00-04:00,2021-07-15 10:30:00-04:00,upper,14194.197629128357,2021-06-17 15:13:00-04:00
888_lower,888,2021-06-17,2021-06-17 10:30:00-04:00,2021-07-15 10:30:00-04:00,lower,13760.677370871643,
889_upper,889,2021-06-18,2021-06-18 10:30:00-04:00,2021-07-16 10:30:00-04:00,upper,14232.15024534288,2021-06-22 12:52:00-04:00
889_lower,889,2021-06-18,2021-06-18 10:30:00-04:00,2021-07-16 10:30:00-04:00,lower,13936.34975465712,
890_upper,890,2021-06-21,2021-06-21 10:30:00-04:00,2021-07-19 10:30:00-04:00,upper,14224.771817955021,2021-06-22 12:26:00-04:00
890_lower,890,2021-06-21,2021-06-21 10:30:00-04:00,2021-07-19 10:30:00-04:00,lower,13846.103182044979,
891_upper,891,2021-06-22,2021-06-22 10:30:00-04:00,2021-07-20 10:30:00-04:00,upper,14266.704579208903,2021-06-22 15:20:00-04:00
891_lower,891,2021-06-22,2021-06-22 10:30:00-04:00,2021-07-20 10:30:00-04:00,lower,13995.420420791097,
892_upper,892,2021-06-23,2021-06-23 10:30:00-04:00,2021-07-21 10:30:00-04:00,upper,14395.521907103874,2021-06-24 10:06:00-04:00
892_lower,892,2021-06-23,2021-06-23 10:30:00-04:00,2021-07-21 10:30:00-04:00,lower,14147.353092896126,
893_upper,893,2021-06-24,2021-06-24 10:30:00-04:00,2021-07-22 10:30:00-04:00,upper,14484.32782684159,2021-06-28 10:38:00-04:00
893_lower,893,2021-06-24,2021-06-24 10:30:00-04:00,2021-07-22 10:30:00-04:00,lower,14239.92217315841,
894_upper,894,2021-06-25,2021-06-25 10:30:00-04:00,2021-07-23 10:30:00-04:00,upper,14498.28749378124,2021-06-28 14:52:00-04:00
894_lower,894,2021-06-25,2021-06-25 10:30:00-04:00,2021-07-23 10:30:00-04:00,lower,14233.08750621876,
895_upper,895,2021-06-28,2021-06-28 10:30:00-04:00,2021-07-26 10:30:00-04:00,upper,14556.395177244383,2021-06-29 14:08:00-04:00
895_lower,895,2021-06-28,2021-06-28 10:30:00-04:00,2021-07-26 10:30:00-04:00,lower,14273.979822755617,
896_upper,896,2021-06-29,2021-06-29 10:30:00-04:00,2021-07-27 10:30:00-04:00,upper,14621.381971367304,2021-07-02 08:32:00-04:00
896_lower,896,2021-06-29,2021-06-29 10:30:00-04:00,2021-07-27 10:30:00-04:00,lower,14384.368028632696,
897_upper,897,2021-06-30,2021-06-30 10:30:00-04:00,2021-07-28 10:30:00-04:00,upper,14668.076143904373,2021-07-02 11:54:00-04:00
897_lower,897,2021-06-30,2021-06-30 10:30:00-04:00,2021-07-28 10:30:00-04:00,lower,14436.798856095627,
898_upper,898,2021-07-01,2021-07-01 10:30:00-04:00,2021-07-29 10:30:00-04:00,upper,14654.668863011237,2021-07-02 09:36:00-04:00
898_lower,898,2021-07-01,2021-07-01 10:30:00-04:00,2021-07-29 10:30:00-04:00,lower,14412.081136988763,
899_upper,899,2021-07-02,2021-07-02 10:30:00-04:00,2021-07-30 10:30:00-04:00,upper,14743.53403169489,2021-07-06 07:31:00-04:00
899_lower,899,2021-07-02,2021-07-02 10:30:00-04:00,2021-07-30 10:30:00-04:00,lower,14527.71596830511,2021-07-19 07:44:00-04:00
900_upper,900,2021-07-05,2021-07-05 10:30:00-04:00,2021-08-02 10:30:00-04:00,upper,14781.742578583015,2021-07-06 10:07:00-04:00
900_lower,900,2021-07-05,2021-07-05 10:30:00-04:00,2021-08-02 10:30:00-04:00,lower,14620.757421416985,2021-07-08 05:22:00-04:00
901_upper,901,2021-07-06,2021-07-06 10:30:00-04:00,2021-08-03 10:30:00-04:00,upper,14862.959142383224,2021-07-07 07:09:00-04:00
901_lower,901,2021-07-06,2021-07-06 10:30:00-04:00,2021-08-03 10:30:00-04:00,lower,14641.540857616776,2021-07-06 12:19:00-04:00
902_upper,902,2021-07-07,2021-07-07 10:30:00-04:00,2021-08-04 10:30:00-04:00,upper,15007.631271398208,2021-07-23 04:15:00-04:00
902_lower,902,2021-07-07,2021-07-07 10:30:00-04:00,2021-08-04 10:30:00-04:00,lower,14697.743728601792,2021-07-08 03:42:00-04:00
903_upper,903,2021-07-08,2021-07-08 10:30:00-04:00,2021-08-05 10:30:00-04:00,upper,14761.582728134756,2021-07-09 10:53:00-04:00
903_lower,903,2021-07-08,2021-07-08 10:30:00-04:00,2021-08-05 10:30:00-04:00,lower,14431.417271865244,
904_upper,904,2021-07-09,2021-07-09 10:30:00-04:00,2021-08-06 10:30:00-04:00,upper,14841.665415311521,2021-07-11 18:01:00-04:00
904_lower,904,2021-07-09,2021-07-09 10:30:00-04:00,2021-08-06 10:30:00-04:00,lower,14553.209584688479,2021-07-19 07:30:00-04:00
905_upper,905,2021-07-12,2021-07-12 10:30:00-04:00,2021-08-09 10:30:00-04:00,upper,15001.730785130929,2021-07-23 04:09:00-04:00
905_lower,905,2021-07-12,2021-07-12 10:30:00-04:00,2021-08-09 10:30:00-04:00,lower,14714.394214869071,2021-07-15 13:55:00-04:00
906_upper,906,2021-07-13,2021-07-13 10:30:00-04:00,2021-08-10 10:30:00-04:00,upper,15042.934234537177,2021-07-23 11:19:00-04:00
906_lower,906,2021-07-13,2021-07-13 10:30:00-04:00,2021-08-10 10:30:00-04:00,lower,14710.565765462823,2021-07-15 13:56:00-04:00
907_upper,907,2021-07-14,2021-07-14 10:30:00-04:00,2021-08-11 10:30:00-04:00,upper,15098.146545170473,2021-07-23 13:14:00-04:00
907_lower,907,2021-07-14,2021-07-14 10:30:00-04:00,2021-08-11 10:30:00-04:00,lower,14836.353454829527,2021-07-15 09:34:00-04:00
908_upper,908,2021-07-15,2021-07-15 10:30:00-04:00,2021-08-12 10:30:00-04:00,upper,15035.877058916954,2021-07-23 11:17:00-04:00
908_lower,908,2021-07-15,2021-07-15 10:30:00-04:00,2021-08-12 10:30:00-04:00,lower,14701.122941083046,2021-07-16 11:46:00-04:00
909_upper,909,2021-07-16,2021-07-16 10:30:00-04:00,2021-08-13 10:30:00-04:00,upper,14998.44069596644,2021-07-23 04:07:00-04:00
909_lower,909,2021-07-16,2021-07-16 10:30:00-04:00,2021-08-13 10:30:00-04:00,lower,14635.55930403356,2021-07-18 19:27:00-04:00
910_upper,910,2021-07-19,2021-07-19 10:30:00-04:00,2021-08-16 10:30:00-04:00,upper,14699.536908512444,2021-07-20 11:54:00-04:00
910_lower,910,2021-07-19,2021-07-19 10:30:00-04:00,2021-08-16 10:30:00-04:00,lower,14344.088091487556,
911_upper,911,2021-07-20,2021-07-20 10:30:00-04:00,2021-08-17 10:30:00-04:00,upper,14766.384420497987,2021-07-20 14:30:00-04:00
911_lower,911,2021-07-20,2021-07-20 10:30:00-04:00,2021-08-17 10:30:00-04:00,lower,14391.240579502013,
912_upper,912,2021-07-21,2021-07-21 10:30:00-04:00,2021-08-18 10:30:00-04:00,upper,14871.07950890567,2021-07-22 03:00:00-04:00
912_lower,912,2021-07-21,2021-07-21 10:30:00-04:00,2021-08-18 10:30:00-04:00,lower,14560.92049109433,
913_upper,913,2021-07-22,2021-07-22 10:30:00-04:00,2021-08-19 10:30:00-04:00,upper,14997.642771541743,2021-07-22 20:50:00-04:00
913_lower,913,2021-07-22,2021-07-22 10:30:00-04:00,2021-08-19 10:30:00-04:00,lower,14716.357228458257,2021-08-19 04:23:00-04:00
914_upper,914,2021-07-23,2021-07-23 10:30:00-04:00,2021-08-20 10:30:00-04:00,upper,15119.122494462219,2021-07-25 19:19:00-04:00
914_lower,914,2021-07-23,2021-07-23 10:30:00-04:00,2021-08-20 10:30:00-04:00,lower,14836.127505537781,2021-07-27 11:34:00-04:00
915_upper,915,2021-07-26,2021-07-26 10:30:00-04:00,2021-08-23 10:30:00-04:00,upper,15221.214227813573,2021-08-23 10:02:00-04:00
915_lower,915,2021-07-26,2021-07-26 10:30:00-04:00,2021-08-23 10:30:00-04:00,lower,14933.035772186427,2021-07-27 10:34:00-04:00
916_upper,916,2021-07-27,2021-07-27 10:30:00-04:00,2021-08-24 10:30:00-04:00,upper,15272.800601361583,2021-08-23 11:00:00-04:00
916_lower,916,2021-07-27,2021-07-27 10:30:00-04:00,2021-08-24 10:30:00-04:00,lower,14861.574398638417,2021-07-27 11:19:00-04:00
917_upper,917,2021-07-28,2021-07-28 10:30:00-04:00,2021-08-25 10:30:00-04:00,upper,15211.445914089098,2021-08-23 10:01:00-04:00
917_lower,917,2021-07-28,2021-07-28 10:30:00-04:00,2021-08-25 10:30:00-04:00,lower,14769.804085910902,2021-08-19 02:25:00-04:00
918_upper,918,2021-07-29,2021-07-29 10:30:00-04:00,2021-08-26 10:30:00-04:00,upper,15172.262524627964,2021-08-05 16:59:00-04:00
918_lower,918,2021-07-29,2021-07-29 10:30:00-04:00,2021-08-26 10:30:00-04:00,lower,14841.862475372036,2021-07-29 20:35:00-04:00
919_upper,919,2021-07-30,2021-07-30 10:30:00-04:00,2021-08-27 10:30:00-04:00,upper,15069.367897250399,2021-08-04 01:56:00-04:00
919_lower,919,2021-07-30,2021-07-30 10:30:00-04:00,2021-08-27 10:30:00-04:00,lower,14722.632102749601,2021-08-19 04:07:00-04:00
920_upper,920,2021-08-02,2021-08-02 10:30:00-04:00,2021-08-30 10:30:00-04:00,upper,15182.669156576023,2021-08-23 09:37:00-04:00
920_lower,920,2021-08-02,2021-08-02 10:30:00-04:00,2021-08-30 10:30:00-04:00,lower,14835.205843423977,2021-08-18 16:20:00-04:00
921_upper,921,2021-08-03,2021-08-03 10:30:00-04:00,2021-08-31 10:30:00-04:00,upper,15169.567559406632,2021-08-05 15:59:00-04:00
921_lower,921,2021-08-03,2021-08-03 10:30:00-04:00,2021-08-31 10:30:00-04:00,lower,14752.057440593368,2021-08-19 02:57:00-04:00
922_upper,922,2021-08-04,2021-08-04 10:30:00-04:00,2021-09-01 10:30:00-04:00,upper,15182.231576391368,2021-08-23 09:37:00-04:00
922_lower,922,2021-08-04,2021-08-04 10:30:00-04:00,2021-09-01 10:30:00-04:00,lower,14898.018423608632,2021-08-17 12:59:00-04:00
923_upper,923,2021-08-05,2021-08-05 10:30:00-04:00,2021-09-02 10:30:00-04:00,upper,15238.343451968754,2021-08-23 10:18:00-04:00
923_lower,923,2021-08-05,2021-08-05 10:30:00-04:00,2021-09-02 10:30:00-04:00,lower,14966.156548031246,2021-08-11 11:16:00-04:00
924_upper,924,2021-08-06,2021-08-06 10:30:00-04:00,2021-09-03 10:30:00-04:00,upper,15243.918674848665,2021-08-23 10:20:00-04:00
924_lower,924,2021-08-06,2021-08-06 10:30:00-04:00,2021-09-03 10:30:00-04:00,lower,14988.081325151335,2021-08-11 05:17:00-04:00
925_upper,925,2021-08-09,2021-08-09 10:30:00-04:00,2021-09-06 10:30:00-04:00,upper,15242.361375174063,2021-08-23 10:20:00-04:00
925_lower,925,2021-08-09,2021-08-09 10:30:00-04:00,2021-09-06 10:30:00-04:00,lower,14977.013624825937,2021-08-11 05:17:00-04:00
926_upper,926,2021-08-10,2021-08-10 10:30:00-04:00,2021-09-07 10:30:00-04:00,upper,15276.194444912588,2021-08-23 11:02:00-04:00
926_lower,926,2021-08-10,2021-08-10 10:30:00-04:00,2021-09-07 10:30:00-04:00,lower,14984.180555087412,2021-08-11 05:17:00-04:00
927_upper,927,2021-08-11,2021-08-11 10:30:00-04:00,2021-09-08 10:30:00-04:00,upper,15235.681093058778,2021-08-23 10:06:00-04:00
927_lower,927,2021-08-11,2021-08-11 10:30:00-04:00,2021-09-08 10:30:00-04:00,lower,14938.568906941222,2021-08-16 10:30:00-04:00
928_upper,928,2021-08-12,2021-08-12 10:30:00-04:00,2021-09-09 10:30:00-04:00,upper,15136.217298430422,2021-08-13 10:18:00-04:00
928_lower,928,2021-08-12,2021-08-12 10:30:00-04:00,2021-09-09 10:30:00-04:00,lower,14847.907701569578,2021-08-18 15:59:00-04:00
929_upper,929,2021-08-13,2021-08-13 10:30:00-04:00,2021-09-10 10:30:00-04:00,upper,15228.991064061618,2021-08-23 10:02:00-04:00
929_lower,929,2021-08-13,2021-08-13 10:30:00-04:00,2021-09-10 10:30:00-04:00,lower,14965.008935938382,2021-08-16 10:16:00-04:00
930_upper,930,2021-08-16,2021-08-16 10:30:00-04:00,2021-09-13 10:30:00-04:00,upper,15269.478094604949,2021-08-23 10:40:00-04:00
930_lower,930,2021-08-16,2021-08-16 10:30:00-04:00,2021-09-13 10:30:00-04:00,lower,14825.021905395051,2021-08-18 16:36:00-04:00
931_upper,931,2021-08-17,2021-08-17 10:30:00-04:00,2021-09-14 10:30:00-04:00,upper,15156.182694747724,2021-08-23 09:32:00-04:00
931_lower,931,2021-08-17,2021-08-17 10:30:00-04:00,2021-09-14 10:30:00-04:00,lower,14856.067305252276,2021-08-18 15:58:00-04:00
932_upper,932,2021-08-18,2021-08-18 10:30:00-04:00,2021-09-15 10:30:00-04:00,upper,15133.99615325006,2021-08-22 21:50:00-04:00
932_lower,932,2021-08-18,2021-08-18 10:30:00-04:00,2021-09-15 10:30:00-04:00,lower,14845.87884674994,2021-08-18 15:59:00-04:00
933_upper,933,2021-08-19,2021-08-19 10:30:00-04:00,2021-09-16 10:30:00-04:00,upper,15001.095805017356,2021-08-20 09:45:00-04:00
933_lower,933,2021-08-19,2021-08-19 10:30:00-04:00,2021-09-16 10:30:00-04:00,lower,14598.279194982644,
934_upper,934,2021-08-20,2021-08-20 10:30:00-04:00,2021-09-17 10:30:00-04:00,upper,15210.750316628335,2021-08-23 10:01:00-04:00
934_lower,934,2021-08-20,2021-08-20 10:30:00-04:00,2021-09-17 10:30:00-04:00,lower,14787.999683371665,
935_upper,935,2021-08-23,2021-08-23 10:30:00-04:00,2021-09-20 10:30:00-04:00,upper,15349.912725942071,2021-08-24 02:34:00-04:00
935_lower,935,2021-08-23,2021-08-23 10:30:00-04:00,2021-09-20 10:30:00-04:00,lower,14966.462274057929,
936_upper,936,2021-08-24,2021-08-24 10:30:00-04:00,2021-09-21 10:30:00-04:00,upper,15468.65783063691,2021-08-30 09:30:00-04:00
936_lower,936,2021-08-24,2021-08-24 10:30:00-04:00,2021-09-21 10:30:00-04:00,lower,15206.46716936309,2021-09-19 22:58:00-04:00
937_upper,937,2021-08-25,2021-08-25 10:30:00-04:00,2021-09-22 10:30:00-04:00,upper,15491.047365226608,2021-08-30 09:33:00-04:00
937_lower,937,2021-08-25,2021-08-25 10:30:00-04:00,2021-09-22 10:30:00-04:00,lower,15249.702634773392,2021-09-19 22:35:00-04:00
938_upper,938,2021-08-26,2021-08-26 10:30:00-04:00,2021-09-23 10:30:00-04:00,upper,15484.24942022108,2021-08-30 09:33:00-04:00
938_lower,938,2021-08-26,2021-08-26 10:30:00-04:00,2021-09-23 10:30:00-04:00,lower,15167.87557977892,2021-09-20 04:02:00-04:00
939_upper,939,2021-08-27,2021-08-27 10:30:00-04:00,2021-09-24 10:30:00-04:00,upper,15536.995975129716,2021-08-30 10:03:00-04:00
939_lower,939,2021-08-27,2021-08-27 10:30:00-04:00,2021-09-24 10:30:00-04:00,lower,15118.379024870284,2021-09-20 07:26:00-04:00
940_upper,940,2021-08-30,2021-08-30 10:30:00-04:00,2021-09-27 10:30:00-04:00,upper,15658.608660695227,2021-08-31 01:01:00-04:00
940_lower,940,2021-08-30,2021-08-30 10:30:00-04:00,2021-09-27 10:30:00-04:00,lower,15311.766339304773,2021-09-15 10:13:00-04:00
941_upper,941,2021-08-31,2021-08-31 10:30:00-04:00,2021-09-28 10:30:00-04:00,upper,15737.860534892956,
941_lower,941,2021-08-31,2021-08-31 10:30:00-04:00,2021-09-28 10:30:00-04:00,lower,15433.139465107044,2021-09-12 21:40:00-04:00
942_upper,942,2021-09-01,2021-09-01 10:30:00-04:00,2021-09-29 10:30:00-04:00,upper,15788.66353757547,
942_lower,942,2021-09-01,2021-09-01 10:30:00-04:00,2021-09-29 10:30:00-04:00,lower,15501.83646242453,2021-09-10 15:14:00-04:00
943_upper,943,2021-09-02,2021-09-02 10:30:00-04:00,2021-09-30 10:30:00-04:00,upper,15792.129264866244,
943_lower,943,2021-09-02,2021-09-02 10:30:00-04:00,2021-09-30 10:30:00-04:00,lower,15524.745735133756,2021-09-08 12:00:00-04:00
944_upper,944,2021-09-03,2021-09-03 10:30:00-04:00,2021-10-01 10:30:00-04:00,upper,15753.503059547009,
944_lower,944,2021-09-03,2021-09-03 10:30:00-04:00,2021-10-01 10:30:00-04:00,lower,15413.371940452991,2021-09-13 01:08:00-04:00
945_upper,945,2021-09-06,2021-09-06 10:30:00-04:00,2021-10-04 10:30:00-04:00,upper,15794.235734757453,
945_lower,945,2021-09-06,2021-09-06 10:30:00-04:00,2021-10-04 10:30:00-04:00,lower,15591.514265242547,2021-09-08 10:33:00-04:00
946_upper,946,2021-09-07,2021-09-07 10:30:00-04:00,2021-10-05 10:30:00-04:00,upper,15778.2692969454,
946_lower,946,2021-09-07,2021-09-07 10:30:00-04:00,2021-10-05 10:30:00-04:00,lower,15514.4807030546,2021-09-10 15:12:00-04:00
947_upper,947,2021-09-08,2021-09-08 10:30:00-04:00,2021-10-06 10:30:00-04:00,upper,15790.385846474695,
947_lower,947,2021-09-08,2021-09-08 10:30:00-04:00,2021-10-06 10:30:00-04:00,lower,15515.239153525305,2021-09-10 15:11:00-04:00
948_upper,948,2021-09-09,2021-09-09 10:30:00-04:00,2021-10-07 10:30:00-04:00,upper,15774.774599550894,
948_lower,948,2021-09-09,2021-09-09 10:30:00-04:00,2021-10-07 10:30:00-04:00,lower,15504.600400449106,2021-09-10 15:13:00-04:00
949_upper,949,2021-09-10,2021-09-10 10:30:00-04:00,2021-10-08 10:30:00-04:00,upper,15790.120714164186,
949_lower,949,2021-09-10,2021-09-10 10:30:00-04:00,2021-10-08 10:30:00-04:00,lower,15478.004285835814,2021-09-10 15:35:00-04:00
950_upper,950,2021-09-13,2021-09-13 10:30:00-04:00,2021-10-11 10:30:00-04:00,upper,15760.797196832835,
950_lower,950,2021-09-13,2021-09-13 10:30:00-04:00,2021-10-11 10:30:00-04:00,lower,15235.952803167165,2021-09-19 22:46:00-04:00
951_upper,951,2021-09-14,2021-09-14 10:30:00-04:00,2021-10-12 10:30:00-04:00,upper,15670.651130268823,
951_lower,951,2021-09-14,2021-09-14 10:30:00-04:00,2021-10-12 10:30:00-04:00,lower,15286.598869731177,2021-09-17 13:46:00-04:00
952_upper,952,2021-09-15,2021-09-15 10:30:00-04:00,2021-10-13 10:30:00-04:00,upper,15584.402792783876,
952_lower,952,2021-09-15,2021-09-15 10:30:00-04:00,2021-10-13 10:30:00-04:00,lower,15191.222207216124,2021-09-20 02:40:00-04:00
953_upper,953,2021-09-16,2021-09-16 10:30:00-04:00,2021-10-14 10:30:00-04:00,upper,15606.777448064397,
953_lower,953,2021-09-16,2021-09-16 10:30:00-04:00,2021-10-14 10:30:00-04:00,lower,15252.972551935603,2021-09-19 22:17:00-04:00
954_upper,954,2021-09-17,2021-09-17 10:30:00-04:00,2021-10-15 10:30:00-04:00,upper,15643.562109868124,
954_lower,954,2021-09-17,2021-09-17 10:30:00-04:00,2021-10-15 10:30:00-04:00,lower,15264.187890131876,2021-09-19 22:16:00-04:00
955_upper,955,2021-09-20,2021-09-20 10:30:00-04:00,2021-10-18 10:30:00-04:00,upper,15290.39519139767,2021-09-23 05:08:00-04:00
955_lower,955,2021-09-20,2021-09-20 10:30:00-04:00,2021-10-18 10:30:00-04:00,lower,14867.85480860233,2021-09-20 14:21:00-04:00
956_upper,956,2021-09-21,2021-09-21 10:30:00-04:00,2021-10-19 10:30:00-04:00,upper,15308.167979837444,2021-09-23 05:08:00-04:00
956_lower,956,2021-09-21,2021-09-21 10:30:00-04:00,2021-10-19 10:30:00-04:00,lower,14841.582020162556,2021-09-28 10:20:00-04:00
957_upper,957,2021-09-22,2021-09-22 10:30:00-04:00,2021-10-20 10:30:00-04:00,upper,15283.832360146298,2021-09-23 05:08:00-04:00
957_lower,957,2021-09-22,2021-09-22 10:30:00-04:00,2021-10-20 10:30:00-04:00,lower,14851.292639853702,2021-09-28 10:18:00-04:00
958_upper,958,2021-09-23,2021-09-23 10:30:00-04:00,2021-10-21 10:30:00-04:00,upper,15462.108540896155,
958_lower,958,2021-09-23,2021-09-23 10:30:00-04:00,2021-10-21 10:30:00-04:00,lower,15008.891459103845,2021-09-28 03:30:00-04:00
959_upper,959,2021-09-24,2021-09-24 10:30:00-04:00,2021-10-22 10:30:00-04:00,upper,15366.912747100749,2021-09-26 20:45:00-04:00
959_lower,959,2021-09-24,2021-09-24 10:30:00-04:00,2021-10-22 10:30:00-04:00,lower,15065.837252899251,2021-09-28 02:58:00-04:00
960_upper,960,2021-09-27,2021-09-27 10:30:00-04:00,2021-10-25 10:30:00-04:00,upper,15355.495686452396,2021-10-19 07:14:00-04:00
960_lower,960,2021-09-27,2021-09-27 10:30:00-04:00,2021-10-25 10:30:00-04:00,lower,14979.004313547604,2021-09-28 04:04:00-04:00
961_upper,961,2021-09-28,2021-09-28 10:30:00-04:00,2021-10-26 10:30:00-04:00,upper,15211.051915234446,2021-10-18 11:46:00-04:00
961_lower,961,2021-09-28,2021-09-28 10:30:00-04:00,2021-10-26 10:30:00-04:00,lower,14718.698084765554,2021-09-29 13:40:00-04:00
962_upper,962,2021-09-29,2021-09-29 10:30:00-04:00,2021-10-27 10:30:00-04:00,upper,15041.264121224927,2021-10-14 12:48:00-04:00
962_lower,962,2021-09-29,2021-09-29 10:30:00-04:00,2021-10-27 10:30:00-04:00,lower,14623.360878775073,2021-09-30 21:08:00-04:00
963_upper,963,2021-09-30,2021-09-30 10:30:00-04:00,2021-10-28 10:30:00-04:00,upper,14999.417644822486,2021-10-07 11:58:00-04:00
963_lower,963,2021-09-30,2021-09-30 10:30:00-04:00,2021-10-28 10:30:00-04:00,lower,14649.707355177514,2021-09-30 21:03:00-04:00
964_upper,964,2021-10-01,2021-10-01 10:30:00-04:00,2021-10-29 10:30:00-04:00,upper,14937.640729363466,2021-10-07 07:17:00-04:00
964_lower,964,2021-10-01,2021-10-01 10:30:00-04:00,2021-10-29 10:30:00-04:00,lower,14411.234270636534,2021-10-04 10:53:00-04:00
965_upper,965,2021-10-04,2021-10-04 10:30:00-04:00,2021-11-01 10:30:00-04:00,upper,14934.442727877606,2021-10-07 07:17:00-04:00
965_lower,965,2021-10-04,2021-10-04 10:30:00-04:00,2021-11-01 10:30:00-04:00,lower,14374.182272122394,2021-10-04 12:51:00-04:00
966_upper,966,2021-10-05,2021-10-05 10:30:00-04:00,2021-11-02 10:30:00-04:00,upper,14763.638207087848,2021-10-06 15:59:00-04:00
966_lower,966,2021-10-05,2021-10-05 10:30:00-04:00,2021-11-02 10:30:00-04:00,lower,14313.861792912152,
967_upper,967,2021-10-06,2021-10-06 10:30:00-04:00,2021-11-03 10:30:00-04:00,upper,14807.657751709325,2021-10-06 18:36:00-04:00
967_lower,967,2021-10-06,2021-10-06 10:30:00-04:00,2021-11-03 10:30:00-04:00,lower,14297.467248290675,
968_upper,968,2021-10-07,2021-10-07 10:30:00-04:00,2021-11-04 10:30:00-04:00,upper,15112.796038903409,2021-10-15 11:00:00-04:00
968_lower,968,2021-10-07,2021-10-07 10:30:00-04:00,2021-11-04 10:30:00-04:00,lower,14696.078961096591,2021-10-11 06:45:00-04:00
969_upper,969,2021-10-08,2021-10-08 10:30:00-04:00,2021-11-05 10:30:00-04:00,upper,15085.883760277793,2021-10-14 22:19:00-04:00
969_lower,969,2021-10-08,2021-10-08 10:30:00-04:00,2021-11-05 10:30:00-04:00,lower,14741.741239722207,2021-10-10 19:06:00-04:00
970_upper,970,2021-10-11,2021-10-11 10:30:00-04:00,2021-11-08 10:30:00-05:00,upper,15003.61446239388,2021-10-14 11:40:00-04:00
970_lower,970,2021-10-11,2021-10-11 10:30:00-04:00,2021-11-08 10:30:00-05:00,lower,14554.26053760612,
971_upper,971,2021-10-12,2021-10-12 10:30:00-04:00,2021-11-09 10:30:00-05:00,upper,14933.597106885374,2021-10-14 08:11:00-04:00
971_lower,971,2021-10-12,2021-10-12 10:30:00-04:00,2021-11-09 10:30:00-05:00,lower,14541.402893114626,
972_upper,972,2021-10-13,2021-10-13 10:30:00-04:00,2021-11-10 10:30:00-05:00,upper,14918.123843445963,2021-10-14 08:06:00-04:00
972_lower,972,2021-10-13,2021-10-13 10:30:00-04:00,2021-11-10 10:30:00-05:00,lower,14551.501156554037,
973_upper,973,2021-10-14,2021-10-14 10:30:00-04:00,2021-11-11 10:30:00-05:00,upper,15102.114543841559,2021-10-15 00:45:00-04:00
973_lower,973,2021-10-14,2021-10-14 10:30:00-04:00,2021-11-11 10:30:00-05:00,lower,14759.385456158441,
974_upper,974,2021-10-15,2021-10-15 10:30:00-04:00,2021-11-12 10:30:00-05:00,upper,15205.034138452196,2021-10-18 11:35:00-04:00
974_lower,974,2021-10-15,2021-10-15 10:30:00-04:00,2021-11-12 10:30:00-05:00,lower,14956.340861547804,
975_upper,975,2021-10-18,2021-10-18 10:30:00-04:00,2021-11-15 10:30:00-05:00,upper,15254.003767135808,2021-10-18 14:03:00-04:00
975_lower,975,2021-10-18,2021-10-18 10:30:00-04:00,2021-11-15 10:30:00-05:00,lower,14928.871232864192,
976_upper,976,2021-10-19,2021-10-19 10:30:00-04:00,2021-11-16 10:30:00-05:00,upper,15458.694175838606,2021-10-21 15:06:00-04:00
976_lower,976,2021-10-19,2021-10-19 10:30:00-04:00,2021-11-16 10:30:00-05:00,lower,15203.680824161394,
977_upper,977,2021-10-20,2021-10-20 10:30:00-04:00,2021-11-17 10:30:00-05:00,upper,15539.689007935562,2021-10-25 14:35:00-04:00
977_lower,977,2021-10-20,2021-10-20 10:30:00-04:00,2021-11-17 10:30:00-05:00,lower,15290.185992064438,2021-10-22 11:38:00-04:00
978_upper,978,2021-10-21,2021-10-21 10:30:00-04:00,2021-11-18 10:30:00-05:00,upper,15515.592383698135,2021-10-25 14:27:00-04:00
978_lower,978,2021-10-21,2021-10-21 10:30:00-04:00,2021-11-18 10:30:00-05:00,lower,15213.657616301865,
979_upper,979,2021-10-22,2021-10-22 10:30:00-04:00,2021-11-19 10:30:00-05:00,upper,15557.39129983919,2021-10-25 20:14:00-04:00
979_lower,979,2021-10-22,2021-10-22 10:30:00-04:00,2021-11-19 10:30:00-05:00,lower,15289.60870016081,2021-10-22 11:38:00-04:00
980_upper,980,2021-10-25,2021-10-25 10:30:00-04:00,2021-11-22 10:30:00-05:00,upper,15553.33676246088,2021-10-25 20:08:00-04:00
980_lower,980,2021-10-25,2021-10-25 10:30:00-04:00,2021-11-22 10:30:00-05:00,lower,15230.03823753912,
981_upper,981,2021-10-26,2021-10-26 10:30:00-04:00,2021-11-23 10:30:00-05:00,upper,15784.964401322215,2021-10-29 12:24:00-04:00
981_lower,981,2021-10-26,2021-10-26 10:30:00-04:00,2021-11-23 10:30:00-05:00,lower,15451.910598677785,
982_upper,982,2021-10-27,2021-10-27 10:30:00-04:00,2021-11-24 10:30:00-05:00,upper,15736.213897170179,2021-10-28 10:46:00-04:00
982_lower,982,2021-10-27,2021-10-27 10:30:00-04:00,2021-11-24 10:30:00-05:00,lower,15437.911102829821,
983_upper,983,2021-10-28,2021-10-28 10:30:00-04:00,2021-11-25 10:30:00-05:00,upper,15815.624457919945,2021-10-29 15:50:00-04:00
983_lower,983,2021-10-28,2021-10-28 10:30:00-04:00,2021-11-25 10:30:00-05:00,lower,15525.875542080055,
984_upper,984,2021-10-29,2021-10-29 10:30:00-04:00,2021-11-26 10:30:00-05:00,upper,15800.60273235505,2021-10-29 13:15:00-04:00
984_lower,984,2021-10-29,2021-10-29 10:30:00-04:00,2021-11-26 10:30:00-05:00,lower,15491.77226764495,
985_upper,985,2021-11-01,2021-11-01 10:30:00-04:00,2021-11-29 10:30:00-05:00,upper,15999.019320382355,2021-11-03 14:00:00-04:00
985_lower,985,2021-11-01,2021-11-01 10:30:00-04:00,2021-11-29 10:30:00-05:00,lower,15677.480679617645,
986_upper,986,2021-11-02,2021-11-02 10:30:00-04:00,2021-11-30 10:30:00-05:00,upper,16055.880916912265,2021-11-03 14:47:00-04:00
986_lower,986,2021-11-02,2021-11-02 10:30:00-04:00,2021-11-30 10:30:00-05:00,lower,15725.994083087735,
987_upper,987,2021-11-03,2021-11-03 10:30:00-04:00,2021-12-01 10:30:00-05:00,upper,16104.98143959647,2021-11-03 15:11:00-04:00
987_lower,987,2021-11-03,2021-11-03 10:30:00-04:00,2021-12-01 10:30:00-05:00,lower,15841.76856040353,
988_upper,988,2021-11-04,2021-11-04 10:30:00-04:00,2021-12-02 10:30:00-05:00,upper,16397.81765722141,2021-11-05 05:55:00-04:00
988_lower,988,2021-11-04,2021-11-04 10:30:00-04:00,2021-12-02 10:30:00-05:00,lower,16013.80734277859,2021-11-10 13:51:00-05:00
989_upper,989,2021-11-05,2021-11-05 10:30:00-04:00,2021-12-03 10:30:00-05:00,upper,16550.13021845014,2021-11-18 21:31:00-05:00
989_lower,989,2021-11-05,2021-11-05 10:30:00-04:00,2021-12-03 10:30:00-05:00,lower,16271.494781549856,2021-11-07 18:00:00-05:00
990_upper,990,2021-11-08,2021-11-08 10:30:00-05:00,2021-12-06 10:30:00-05:00,upper,16500.583556364334,2021-11-18 15:48:00-05:00
990_lower,990,2021-11-08,2021-11-08 10:30:00-05:00,2021-12-06 10:30:00-05:00,lower,16204.791443635666,2021-11-09 09:58:00-05:00
991_upper,991,2021-11-09,2021-11-09 10:30:00-05:00,2021-12-07 10:30:00-05:00,upper,16580.27498514186,2021-11-18 22:14:00-05:00
991_lower,991,2021-11-09,2021-11-09 10:30:00-05:00,2021-12-07 10:30:00-05:00,lower,16086.35001485814,2021-11-10 08:46:00-05:00
992_upper,992,2021-11-10,2021-11-10 10:30:00-05:00,2021-12-08 10:30:00-05:00,upper,16347.838994194968,2021-11-17 10:40:00-05:00
992_lower,992,2021-11-10,2021-11-10 10:30:00-05:00,2021-12-08 10:30:00-05:00,lower,15885.036005805032,2021-12-01 15:59:00-05:00
993_upper,993,2021-11-11,2021-11-11 10:30:00-05:00,2021-12-09 10:30:00-05:00,upper,16244.245613265048,2021-11-15 08:11:00-05:00
993_lower,993,2021-11-11,2021-11-11 10:30:00-05:00,2021-12-09 10:30:00-05:00,lower,15934.379386734952,2021-12-01 15:55:00-05:00
994_upper,994,2021-11-12,2021-11-12 10:30:00-05:00,2021-12-10 10:30:00-05:00,upper,16208.109251223981,2021-11-12 15:31:00-05:00
994_lower,994,2021-11-12,2021-11-12 10:30:00-05:00,2021-12-10 10:30:00-05:00,lower,15901.765748776019,2021-12-01 15:58:00-05:00
995_upper,995,2021-11-15,2021-11-15 10:30:00-05:00,2021-12-13 10:30:00-05:00,upper,16384.913028322986,2021-11-17 11:57:00-05:00
995_lower,995,2021-11-15,2021-11-15 10:30:00-05:00,2021-12-13 10:30:00-05:00,lower,16061.461971677014,2021-11-26 11:15:00-05:00
996_upper,996,2021-11-16,2021-11-16 10:30:00-05:00,2021-12-14 10:30:00-05:00,upper,16353.148154458751,2021-11-17 10:41:00-05:00
996_lower,996,2021-11-16,2021-11-16 10:30:00-05:00,2021-12-14 10:30:00-05:00,lower,16008.726845541249,2021-11-26 12:54:00-05:00
997_upper,997,2021-11-17,2021-11-17 10:30:00-05:00,2021-12-15 10:30:00-05:00,upper,16439.028119055707,2021-11-18 11:37:00-05:00
997_lower,997,2021-11-17,2021-11-17 10:30:00-05:00,2021-12-15 10:30:00-05:00,lower,16174.721880944293,2021-11-23 10:58:00-05:00
998_upper,998,2021-11-18,2021-11-18 10:30:00-05:00,2021-12-16 10:30:00-05:00,upper,16562.963967750016,2021-11-18 21:48:00-05:00
998_lower,998,2021-11-18,2021-11-18 10:30:00-05:00,2021-12-16 10:30:00-05:00,lower,16197.286032249984,2021-11-23 10:54:00-05:00
999_upper,999,2021-11-19,2021-11-19 10:30:00-05:00,2021-12-17 10:30:00-05:00,upper,16732.233635607045,2021-11-22 09:50:00-05:00
999_lower,999,2021-11-19,2021-11-19 10:30:00-05:00,2021-12-17 10:30:00-05:00,lower,16383.391364392954,2021-11-22 15:59:00-05:00
1000_upper,1000,2021-11-22,2021-11-22 10:30:00-05:00,2021-12-20 10:30:00-05:00,upper,16869.199713901435,
1000_lower,1000,2021-11-22,2021-11-22 10:30:00-05:00,2021-12-20 10:30:00-05:00,lower,16472.175286098565,2021-11-22 11:58:00-05:00
1001_upper,1001,2021-11-23,2021-11-23 10:30:00-05:00,2021-12-21 10:30:00-05:00,upper,16574.25786436775,
1001_lower,1001,2021-11-23,2021-11-23 10:30:00-05:00,2021-12-21 10:30:00-05:00,lower,16083.617135632248,2021-11-26 11:01:00-05:00
1002_upper,1002,2021-11-24,2021-11-24 10:30:00-05:00,2021-12-22 10:30:00-05:00,upper,16416.100926183957,2021-11-25 01:03:00-05:00
1002_lower,1002,2021-11-24,2021-11-24 10:30:00-05:00,2021-12-22 10:30:00-05:00,lower,15963.774073816043,2021-12-01 15:23:00-05:00
1003_upper,1003,2021-11-25,2021-11-25 10:30:00-05:00,2021-12-23 10:30:00-05:00,upper,16526.379462391364,
1003_lower,1003,2021-11-25,2021-11-25 10:30:00-05:00,2021-12-23 10:30:00-05:00,lower,16259.995537608636,2021-11-25 21:26:00-05:00
1004_upper,1004,2021-11-26,2021-11-26 10:30:00-05:00,2021-12-27 10:30:00-05:00,upper,16478.12911051377,2021-12-27 10:10:00-05:00
1004_lower,1004,2021-11-26,2021-11-26 10:30:00-05:00,2021-12-27 10:30:00-05:00,lower,15984.620889486228,2021-12-01 15:21:00-05:00
1005_upper,1005,2021-11-29,2021-11-29 10:30:00-05:00,2021-12-28 10:30:00-05:00,upper,16497.11557241332,2021-12-27 10:24:00-05:00
1005_lower,1005,2021-11-29,2021-11-29 10:30:00-05:00,2021-12-28 10:30:00-05:00,lower,16004.00942758668,2021-12-01 15:19:00-05:00
1006_upper,1006,2021-11-30,2021-11-30 10:30:00-05:00,2021-12-29 10:30:00-05:00,upper,16606.343480865908,2021-12-28 03:58:00-05:00
1006_lower,1006,2021-11-30,2021-11-30 10:30:00-05:00,2021-12-29 10:30:00-05:00,lower,16136.28151913409,2021-11-30 11:00:00-05:00
1007_upper,1007,2021-12-01,2021-12-01 10:30:00-05:00,2021-12-30 10:30:00-05:00,upper,16570.909914428223,2021-12-27 16:06:00-05:00
1007_lower,1007,2021-12-01,2021-12-01 10:30:00-05:00,2021-12-30 10:30:00-05:00,lower,16092.090085571777,2021-12-01 15:03:00-05:00
1008_upper,1008,2021-12-02,2021-12-02 10:30:00-05:00,2021-12-31 10:30:00-05:00,upper,16222.36890767911,2021-12-07 09:54:00-05:00
1008_lower,1008,2021-12-02,2021-12-02 10:30:00-05:00,2021-12-31 10:30:00-05:00,lower,15508.38109232089,2021-12-20 04:06:00-05:00
1009_upper,1009,2021-12-03,2021-12-03 10:30:00-05:00,2022-01-03 10:30:00-05:00,upper,16408.463402485886,2021-12-07 21:47:00-05:00
1009_lower,1009,2021-12-03,2021-12-03 10:30:00-05:00,2022-01-03 10:30:00-05:00,lower,15550.536597514114,2021-12-03 14:20:00-05:00
1010_upper,1010,2021-12-06,2021-12-06 10:30:00-05:00,2022-01-04 10:30:00-05:00,upper,16049.74386136947,2021-12-07 03:21:00-05:00
1010_lower,1010,2021-12-06,2021-12-06 10:30:00-05:00,2022-01-04 10:30:00-05:00,lower,15358.13113863053,
1011_upper,1011,2021-12-07,2021-12-07 10:30:00-05:00,2022-01-05 10:30:00-05:00,upper,16425.124365290445,2021-12-08 06:46:00-05:00
1011_lower,1011,2021-12-07,2021-12-07 10:30:00-05:00,2022-01-05 10:30:00-05:00,lower,15888.125634709557,2021-12-14 09:10:00-05:00
1012_upper,1012,2021-12-08,2021-12-08 10:30:00-05:00,2022-01-06 10:30:00-05:00,upper,16521.242412303734,2021-12-27 10:34:00-05:00
1012_lower,1012,2021-12-08,2021-12-08 10:30:00-05:00,2022-01-06 10:30:00-05:00,lower,16113.382587696266,2021-12-13 11:53:00-05:00
1013_upper,1013,2021-12-09,2021-12-09 10:30:00-05:00,2022-01-07 10:30:00-05:00,upper,16560.99661560232,2021-12-27 15:55:00-05:00
1013_lower,1013,2021-12-09,2021-12-09 10:30:00-05:00,2022-01-07 10:30:00-05:00,lower,16116.753384397682,2021-12-13 11:50:00-05:00
1014_upper,1014,2021-12-10,2021-12-10 10:30:00-05:00,2022-01-10 10:30:00-05:00,upper,16483.474609841043,2021-12-27 10:21:00-05:00
1014_lower,1014,2021-12-10,2021-12-10 10:30:00-05:00,2022-01-10 10:30:00-05:00,lower,16051.025390158957,2021-12-14 04:39:00-05:00
1015_upper,1015,2021-12-13,2021-12-13 10:30:00-05:00,2022-01-11 10:30:00-05:00,upper,16510.88848223214,2021-12-27 10:30:00-05:00
1015_lower,1015,2021-12-13,2021-12-13 10:30:00-05:00,2022-01-11 10:30:00-05:00,lower,16081.611517767858,2021-12-13 15:59:00-05:00
1016_upper,1016,2021-12-14,2021-12-14 10:30:00-05:00,2022-01-12 10:30:00-05:00,upper,16124.624408507256,2021-12-15 15:14:00-05:00
1016_lower,1016,2021-12-14,2021-12-14 10:30:00-05:00,2022-01-12 10:30:00-05:00,lower,15683.500591492744,2021-12-17 04:15:00-05:00
1017_upper,1017,2021-12-15,2021-12-15 10:30:00-05:00,2022-01-13 10:30:00-05:00,upper,16099.47614784776,2021-12-15 15:07:00-05:00
1017_lower,1017,2021-12-15,2021-12-15 10:30:00-05:00,2022-01-13 10:30:00-05:00,lower,15676.02385215224,2021-12-17 07:50:00-05:00
1018_upper,1018,2021-12-16,2021-12-16 10:30:00-05:00,2022-01-14 10:30:00-05:00,upper,16565.962977762083,2021-12-27 16:00:00-05:00
1018_lower,1018,2021-12-16,2021-12-16 10:30:00-05:00,2022-01-14 10:30:00-05:00,lower,15972.662022237917,2021-12-16 11:58:00-05:00
1019_upper,1019,2021-12-17,2021-12-17 10:30:00-05:00,2022-01-17 10:30:00-05:00,upper,15985.256524745715,2021-12-21 15:59:00-05:00
1019_lower,1019,2021-12-17,2021-12-17 10:30:00-05:00,2022-01-17 10:30:00-05:00,lower,15475.368475254285,2022-01-10 07:15:00-05:00
1020_upper,1020,2021-12-20,2021-12-20 10:30:00-05:00,2022-01-18 10:30:00-05:00,upper,15792.794439782083,2021-12-21 01:02:00-05:00
1020_lower,1020,2021-12-20,2021-12-20 10:30:00-05:00,2022-01-18 10:30:00-05:00,lower,15386.080560217917,2022-01-10 07:57:00-05:00
1021_upper,1021,2021-12-21,2021-12-21 10:30:00-05:00,2022-01-19 10:30:00-05:00,upper,15998.676705907243,2021-12-22 09:44:00-05:00
1021_lower,1021,2021-12-21,2021-12-21 10:30:00-05:00,2022-01-19 10:30:00-05:00,lower,15469.573294092757,2022-01-10 07:18:00-05:00
1022_upper,1022,2021-12-22,2021-12-22 10:30:00-05:00,2022-01-20 10:30:00-05:00,upper,16175.538295030434,2021-12-22 15:59:00-05:00
1022_lower,1022,2021-12-22,2021-12-22 10:30:00-05:00,2022-01-20 10:30:00-05:00,lower,15775.711704969566,2022-01-05 15:59:00-05:00
1023_upper,1023,2021-12-23,2021-12-23 10:30:00-05:00,2022-01-21 10:30:00-05:00,upper,16380.96125294789,2021-12-27 08:37:00-05:00
1023_lower,1023,2021-12-23,2021-12-23 10:30:00-05:00,2022-01-21 10:30:00-05:00,lower,16028.78874705211,2022-01-05 13:11:00-05:00
1024_upper,1024,2021-12-27,2021-12-27 10:30:00-05:00,2022-01-24 10:30:00-05:00,upper,16614.587496660934,2021-12-28 04:04:00-05:00
1024_lower,1024,2021-12-27,2021-12-27 10:30:00-05:00,2022-01-24 10:30:00-05:00,lower,16161.037503339068,2022-01-04 13:30:00-05:00
1025_upper,1025,2021-12-28,2021-12-28 10:30:00-05:00,2022-01-25 10:30:00-05:00,upper,16763.31048007537,
1025_lower,1025,2021-12-28,2021-12-28 10:30:00-05:00,2022-01-25 10:30:00-05:00,lower,16388.18951992463,2021-12-29 10:16:00-05:00
1026_upper,1026,2021-12-29,2021-12-29 10:30:00-05:00,2022-01-26 10:30:00-05:00,upper,16702.170307181877,
1026_lower,1026,2021-12-29,2021-12-29 10:30:00-05:00,2022-01-26 10:30:00-05:00,lower,16262.829692818123,2022-01-04 10:54:00-05:00
1027_upper,1027,2021-12-30,2021-12-30 10:30:00-05:00,2022-01-27 10:30:00-05:00,upper,16674.823182075343,
1027_lower,1027,2021-12-30,2021-12-30 10:30:00-05:00,2022-01-27 10:30:00-05:00,lower,16309.051817924661,2022-01-03 09:50:00-05:00
1028_upper,1028,2021-12-31,2021-12-31 10:30:00-05:00,2022-01-28 10:30:00-05:00,upper,16587.202541455663,
1028_lower,1028,2021-12-31,2021-12-31 10:30:00-05:00,2022-01-28 10:30:00-05:00,lower,16229.797458544337,2022-01-04 10:56:00-05:00
1029_upper,1029,2022-01-03,2022-01-03 10:30:00-05:00,2022-01-31 10:30:00-05:00,upper,16625.572443306002,
1029_lower,1029,2022-01-03,2022-01-03 10:30:00-05:00,2022-01-31 10:30:00-05:00,lower,16145.802556693998,2022-01-04 13:57:00-05:00
1030_upper,1030,2022-01-04,2022-01-04 10:30:00-05:00,2022-02-01 10:30:00-05:00,upper,16676.401711153318,
1030_lower,1030,2022-01-04,2022-01-04 10:30:00-05:00,2022-02-01 10:30:00-05:00,lower,16271.973288846682,2022-01-04 10:53:00-05:00
1031_upper,1031,2022-01-05,2022-01-05 10:30:00-05:00,2022-02-02 10:30:00-05:00,upper,16387.981189072816,
1031_lower,1031,2022-01-05,2022-01-05 10:30:00-05:00,2022-02-02 10:30:00-05:00,lower,15987.393810927184,2022-01-05 14:12:00-05:00
1032_upper,1032,2022-01-06,2022-01-06 10:30:00-05:00,2022-02-03 10:30:00-05:00,upper,16002.887018721187,2022-01-12 10:14:00-05:00
1032_lower,1032,2022-01-06,2022-01-06 10:30:00-05:00,2022-02-03 10:30:00-05:00,lower,15412.612981278813,2022-01-10 07:46:00-05:00
1033_upper,1033,2022-01-07,2022-01-07 10:30:00-05:00,2022-02-04 10:30:00-05:00,upper,15991.155255630892,2022-01-12 09:34:00-05:00
1033_lower,1033,2022-01-07,2022-01-07 10:30:00-05:00,2022-02-04 10:30:00-05:00,lower,15500.719744369108,2022-01-10 06:42:00-05:00
1034_upper,1034,2022-01-10,2022-01-10 10:30:00-05:00,2022-02-07 10:30:00-05:00,upper,15603.825379166086,2022-01-10 15:59:00-05:00
1034_lower,1034,2022-01-10,2022-01-10 10:30:00-05:00,2022-02-07 10:30:00-05:00,lower,15078.174620833914,2022-01-18 23:59:00-05:00
1035_upper,1035,2022-01-11,2022-01-11 10:30:00-05:00,2022-02-08 10:30:00-05:00,upper,15801.139788010132,2022-01-11 11:40:00-05:00
1035_lower,1035,2022-01-11,2022-01-11 10:30:00-05:00,2022-02-08 10:30:00-05:00,lower,15328.235211989868,2022-01-14 07:59:00-05:00
1036_upper,1036,2022-01-12,2022-01-12 10:30:00-05:00,2022-02-09 10:30:00-05:00,upper,16136.026331378947,
1036_lower,1036,2022-01-12,2022-01-12 10:30:00-05:00,2022-02-09 10:30:00-05:00,lower,15749.348668621053,2022-01-13 10:51:00-05:00
1037_upper,1037,2022-01-13,2022-01-13 10:30:00-05:00,2022-02-10 10:30:00-05:00,upper,16134.277174371924,
1037_lower,1037,2022-01-13,2022-01-13 10:30:00-05:00,2022-02-10 10:30:00-05:00,lower,15721.722825628076,2022-01-13 12:15:00-05:00
1038_upper,1038,2022-01-14,2022-01-14 10:30:00-05:00,2022-02-11 10:30:00-05:00,upper,15712.55722724238,
1038_lower,1038,2022-01-14,2022-01-14 10:30:00-05:00,2022-02-11 10:30:00-05:00,lower,15166.81777275762,2022-01-18 19:48:00-05:00
1039_upper,1039,2022-01-17,2022-01-17 10:30:00-05:00,2022-02-14 10:30:00-05:00,upper,15739.471496809272,
1039_lower,1039,2022-01-17,2022-01-17 10:30:00-05:00,2022-02-14 10:30:00-05:00,lower,15437.403503190728,2022-01-17 23:18:00-05:00
1040_upper,1040,2022-01-18,2022-01-18 10:30:00-05:00,2022-02-15 10:30:00-05:00,upper,15572.957658726707,
1040_lower,1040,2022-01-18,2022-01-18 10:30:00-05:00,2022-02-15 10:30:00-05:00,lower,15128.042341273293,2022-01-18 21:46:00-05:00
1041_upper,1041,2022-01-19,2022-01-19 10:30:00-05:00,2022-02-16 10:30:00-05:00,upper,15501.238745741186,
1041_lower,1041,2022-01-19,2022-01-19 10:30:00-05:00,2022-02-16 10:30:00-05:00,lower,15077.636254258814,2022-01-19 15:53:00-05:00
1042_upper,1042,2022-01-20,2022-01-20 10:30:00-05:00,2022-02-17 10:30:00-05:00,upper,15424.308047391505,
1042_lower,1042,2022-01-20,2022-01-20 10:30:00-05:00,2022-02-17 10:30:00-05:00,lower,14971.066952608495,2022-01-20 15:25:00-05:00
1043_upper,1043,2022-01-21,2022-01-21 10:30:00-05:00,2022-02-18 10:30:00-05:00,upper,15057.937615364193,2022-02-01 16:10:00-05:00
1043_lower,1043,2022-01-21,2022-01-21 10:30:00-05:00,2022-02-18 10:30:00-05:00,lower,14362.937384635807,2022-01-24 05:18:00-05:00
1044_upper,1044,2022-01-24,2022-01-24 10:30:00-05:00,2022-02-21 10:30:00-05:00,upper,14515.940174148202,2022-01-24 15:58:00-05:00
1044_lower,1044,2022-01-24,2022-01-24 10:30:00-05:00,2022-02-21 10:30:00-05:00,lower,13795.309825851798,2022-01-24 12:12:00-05:00
1045_upper,1045,2022-01-25,2022-01-25 10:30:00-05:00,2022-02-22 10:30:00-05:00,upper,14547.892216808588,2022-01-26 12:44:00-05:00
1045_lower,1045,2022-01-25,2022-01-25 10:30:00-05:00,2022-02-22 10:30:00-05:00,lower,13842.232783191412,2022-01-28 07:47:00-05:00
1046_upper,1046,2022-01-26,2022-01-26 10:30:00-05:00,2022-02-23 10:30:00-05:00,upper,14739.589903021135,2022-01-31 11:04:00-05:00
1046_lower,1046,2022-01-26,2022-01-26 10:30:00-05:00,2022-02-23 10:30:00-05:00,lower,14168.785096978865,2022-01-26 15:01:00-05:00
1047_upper,1047,2022-01-27,2022-01-27 10:30:00-05:00,2022-02-24 10:30:00-05:00,upper,14624.353102855057,2022-01-31 09:55:00-05:00
1047_lower,1047,2022-01-27,2022-01-27 10:30:00-05:00,2022-02-24 10:30:00-05:00,lower,14029.271897144943,2022-01-27 13:20:00-05:00
1048_upper,1048,2022-01-28,2022-01-28 10:30:00-05:00,2022-02-25 10:30:00-05:00,upper,14359.507623248217,2022-01-28 15:49:00-05:00
1048_lower,1048,2022-01-28,2022-01-28 10:30:00-05:00,2022-02-25 10:30:00-05:00,lower,13690.242376751783,2022-02-21 18:00:00-05:00
1049_upper,1049,2022-01-31,2022-01-31 10:30:00-05:00,2022-02-28 10:30:00-05:00,upper,14902.528511298187,2022-01-31 15:54:00-05:00
1049_lower,1049,2022-01-31,2022-01-31 10:30:00-05:00,2022-02-28 10:30:00-05:00,lower,14156.096488701813,2022-02-14 03:25:00-05:00
1050_upper,1050,2022-02-01,2022-02-01 10:30:00-05:00,2022-03-01 10:30:00-05:00,upper,15189.715954095685,2022-02-02 01:30:00-05:00
1050_lower,1050,2022-02-01,2022-02-01 10:30:00-05:00,2022-03-01 10:30:00-05:00,lower,14594.909045904315,2022-02-03 14:42:00-05:00
1051_upper,1051,2022-02-02,2022-02-02 10:30:00-05:00,2022-03-02 10:30:00-05:00,upper,15363.889415786736,
1051_lower,1051,2022-02-02,2022-02-02 10:30:00-05:00,2022-03-02 10:30:00-05:00,lower,14906.235584213264,2022-02-02 16:08:00-05:00
1052_upper,1052,2022-02-03,2022-02-03 10:30:00-05:00,2022-03-03 10:30:00-05:00,upper,14967.882452614387,2022-02-09 12:37:00-05:00
1052_lower,1052,2022-02-03,2022-02-03 10:30:00-05:00,2022-03-03 10:30:00-05:00,lower,14496.117547385613,2022-02-03 15:50:00-05:00
1053_upper,1053,2022-02-04,2022-02-04 10:30:00-05:00,2022-03-04 10:30:00-05:00,upper,14833.444762947813,2022-02-09 03:45:00-05:00
1053_lower,1053,2022-02-04,2022-02-04 10:30:00-05:00,2022-03-04 10:30:00-05:00,lower,14235.555237052187,2022-02-11 14:51:00-05:00
1054_upper,1054,2022-02-07,2022-02-07 10:30:00-05:00,2022-03-07 10:30:00-05:00,upper,14944.088052285837,2022-02-09 08:11:00-05:00
1054_lower,1054,2022-02-07,2022-02-07 10:30:00-05:00,2022-03-07 10:30:00-05:00,lower,14502.286947714163,2022-02-08 07:16:00-05:00
1055_upper,1055,2022-02-08,2022-02-08 10:30:00-05:00,2022-03-08 10:30:00-05:00,upper,14727.275300230187,2022-02-08 12:33:00-05:00
1055_lower,1055,2022-02-08,2022-02-08 10:30:00-05:00,2022-03-08 10:30:00-05:00,lower,14316.724699769813,2022-02-11 13:46:00-05:00
1056_upper,1056,2022-02-09,2022-02-09 10:30:00-05:00,2022-03-09 10:30:00-05:00,upper,15094.309360726416,
1056_lower,1056,2022-02-09,2022-02-09 10:30:00-05:00,2022-03-09 10:30:00-05:00,lower,14726.940639273584,2022-02-10 09:09:00-05:00
1057_upper,1057,2022-02-10,2022-02-10 10:30:00-05:00,2022-03-10 10:30:00-05:00,upper,15094.727138723247,
1057_lower,1057,2022-02-10,2022-02-10 10:30:00-05:00,2022-03-10 10:30:00-05:00,lower,14510.522861276753,2022-02-11 12:54:00-05:00
1058_upper,1058,2022-02-11,2022-02-11 10:30:00-05:00,2022-03-11 10:30:00-05:00,upper,14944.763121799766,
1058_lower,1058,2022-02-11,2022-02-11 10:30:00-05:00,2022-03-11 10:30:00-05:00,lower,14434.361878200234,2022-02-11 13:33:00-05:00
1059_upper,1059,2022-02-14,2022-02-14 10:30:00-05:00,2022-03-14 10:30:00-04:00,upper,14485.68686311103,2022-02-15 03:34:00-05:00
1059_lower,1059,2022-02-14,2022-02-14 10:30:00-05:00,2022-03-14 10:30:00-04:00,lower,13981.93813688897,2022-02-18 11:03:00-05:00
1060_upper,1060,2022-02-15,2022-02-15 10:30:00-05:00,2022-03-15 10:30:00-04:00,upper,14681.296871291568,
1060_lower,1060,2022-02-15,2022-02-15 10:30:00-05:00,2022-03-15 10:30:00-04:00,lower,14274.453128708432,2022-02-17 14:09:00-05:00
1061_upper,1061,2022-02-16,2022-02-16 10:30:00-05:00,2022-03-16 10:30:00-04:00,upper,14714.608804671123,
1061_lower,1061,2022-02-16,2022-02-16 10:30:00-05:00,2022-03-16 10:30:00-04:00,lower,14248.391195328877,2022-02-17 14:44:00-05:00
1062_upper,1062,2022-02-17,2022-02-17 10:30:00-05:00,2022-03-17 10:30:00-04:00,upper,14681.184061277982,
1062_lower,1062,2022-02-17,2022-02-17 10:30:00-05:00,2022-03-17 10:30:00-04:00,lower,14196.440938722018,2022-02-17 15:14:00-05:00
1063_upper,1063,2022-02-18,2022-02-18 10:30:00-05:00,2022-03-18 10:30:00-04:00,upper,14431.830068324294,
1063_lower,1063,2022-02-18,2022-02-18 10:30:00-05:00,2022-03-18 10:30:00-04:00,lower,13915.669931675706,2022-02-18 13:16:00-05:00
1064_upper,1064,2022-02-21,2022-02-21 10:30:00-05:00,2022-03-21 10:30:00-04:00,upper,14049.327505149195,2022-02-22 09:53:00-05:00
1064_lower,1064,2022-02-21,2022-02-21 10:30:00-05:00,2022-03-21 10:30:00-04:00,lower,13656.047494850805,2022-02-21 18:00:00-05:00
1065_upper,1065,2022-02-22,2022-02-22 10:30:00-05:00,2022-03-22 10:30:00-04:00,upper,14253.529627556833,2022-02-28 11:22:00-05:00
1065_lower,1065,2022-02-22,2022-02-22 10:30:00-05:00,2022-03-22 10:30:00-04:00,lower,13612.345372443167,2022-02-23 14:28:00-05:00
1066_upper,1066,2022-02-23,2022-02-23 10:30:00-05:00,2022-03-23 10:30:00-04:00,upper,14279.124155561916,2022-02-28 11:31:00-05:00
1066_lower,1066,2022-02-23,2022-02-23 10:30:00-05:00,2022-03-23 10:30:00-04:00,lower,13624.500844438084,2022-02-23 14:24:00-05:00
1067_upper,1067,2022-02-24,2022-02-24 10:30:00-05:00,2022-03-24 10:30:00-04:00,upper,13635.044408499703,2022-02-24 13:49:00-05:00
1067_lower,1067,2022-02-24,2022-02-24 10:30:00-05:00,2022-03-24 10:30:00-04:00,lower,12709.330591500297,
1068_upper,1068,2022-02-25,2022-02-25 10:30:00-05:00,2022-03-25 10:30:00-04:00,upper,14246.182635570247,2022-02-28 11:20:00-05:00
1068_lower,1068,2022-02-25,2022-02-25 10:30:00-05:00,2022-03-25 10:30:00-04:00,lower,13670.942364429753,2022-03-06 18:04:00-05:00
1069_upper,1069,2022-02-28,2022-02-28 10:30:00-05:00,2022-03-28 10:30:00-04:00,upper,14301.406807308935,2022-03-01 02:07:00-05:00
1069_lower,1069,2022-02-28,2022-02-28 10:30:00-05:00,2022-03-28 10:30:00-04:00,lower,13832.843192691065,2022-03-03 19:39:00-05:00
1070_upper,1070,2022-03-01,2022-03-01 10:30:00-05:00,2022-03-29 10:30:00-04:00,upper,14439.513582404074,2022-03-18 16:24:00-04:00
1070_lower,1070,2022-03-01,2022-03-01 10:30:00-05:00,2022-03-29 10:30:00-04:00,lower,13945.486417595926,2022-03-01 15:45:00-05:00
1071_upper,1071,2022-03-02,2022-03-02 10:30:00-05:00,2022-03-30 10:30:00-04:00,upper,14356.794736734988,2022-03-03 09:00:00-05:00
1071_lower,1071,2022-03-02,2022-03-02 10:30:00-05:00,2022-03-30 10:30:00-04:00,lower,13751.080263265012,2022-03-03 20:11:00-05:00
1072_upper,1072,2022-03-03,2022-03-03 10:30:00-05:00,2022-03-31 10:30:00-04:00,upper,14625.180333003445,2022-03-22 10:43:00-04:00
1072_lower,1072,2022-03-03,2022-03-03 10:30:00-05:00,2022-03-31 10:30:00-04:00,lower,13966.569666996555,2022-03-03 15:46:00-05:00
1073_upper,1073,2022-03-04,2022-03-04 10:30:00-05:00,2022-04-01 10:30:00-04:00,upper,14214.725184071429,2022-03-18 10:10:00-04:00
1073_lower,1073,2022-03-04,2022-03-04 10:30:00-05:00,2022-04-01 10:30:00-04:00,lower,13617.774815928571,2022-03-06 18:20:00-05:00
1074_upper,1074,2022-03-07,2022-03-07 10:30:00-05:00,2022-04-04 10:30:00-04:00,upper,14171.895311984976,2022-03-18 10:02:00-04:00
1074_lower,1074,2022-03-07,2022-03-07 10:30:00-05:00,2022-04-04 10:30:00-04:00,lower,13380.729688015024,2022-03-07 15:12:00-05:00
1075_upper,1075,2022-03-08,2022-03-08 10:30:00-05:00,2022-04-05 10:30:00-04:00,upper,13623.168829144231,2022-03-08 13:01:00-05:00
1075_lower,1075,2022-03-08,2022-03-08 10:30:00-05:00,2022-04-05 10:30:00-04:00,lower,12918.956170855769,
1076_upper,1076,2022-03-09,2022-03-09 10:30:00-05:00,2022-04-06 10:30:00-04:00,upper,13874.023420301528,2022-03-16 15:47:00-04:00
1076_lower,1076,2022-03-09,2022-03-09 10:30:00-05:00,2022-04-06 10:30:00-04:00,lower,13301.226579698472,2022-03-11 15:59:00-05:00
1077_upper,1077,2022-03-10,2022-03-10 10:30:00-05:00,2022-04-07 10:30:00-04:00,upper,13808.681258414803,2022-03-11 06:26:00-05:00
1077_lower,1077,2022-03-10,2022-03-10 10:30:00-05:00,2022-04-07 10:30:00-04:00,lower,13305.318741585197,2022-03-11 15:57:00-05:00
1078_upper,1078,2022-03-11,2022-03-11 10:30:00-05:00,2022-04-08 10:30:00-04:00,upper,13972.187551028597,2022-03-16 16:17:00-04:00
1078_lower,1078,2022-03-11,2022-03-11 10:30:00-05:00,2022-04-08 10:30:00-04:00,lower,13354.812448971403,2022-03-11 15:31:00-05:00
1079_upper,1079,2022-03-14,2022-03-14 10:30:00-04:00,2022-04-11 10:30:00-04:00,upper,13557.121064109677,2022-03-16 01:45:00-04:00
1079_lower,1079,2022-03-14,2022-03-14 10:30:00-04:00,2022-04-11 10:30:00-04:00,lower,12984.003935890323,2022-03-15 03:11:00-04:00
1080_upper,1080,2022-03-15,2022-03-15 10:30:00-04:00,2022-04-12 10:30:00-04:00,upper,13455.802437829017,2022-03-15 15:31:00-04:00
1080_lower,1080,2022-03-15,2022-03-15 10:30:00-04:00,2022-04-12 10:30:00-04:00,lower,12879.947562170983,
1081_upper,1081,2022-03-16,2022-03-16 10:30:00-04:00,2022-04-13 10:30:00-04:00,upper,13984.694845187998,2022-03-16 16:18:00-04:00
1081_lower,1081,2022-03-16,2022-03-16 10:30:00-04:00,2022-04-13 10:30:00-04:00,lower,13358.805154812002,
1082_upper,1082,2022-03-17,2022-03-17 10:30:00-04:00,2022-04-14 10:30:00-04:00,upper,14169.288140636385,2022-03-18 10:00:00-04:00
1082_lower,1082,2022-03-17,2022-03-17 10:30:00-04:00,2022-04-14 10:30:00-04:00,lower,13618.836859363615,
1083_upper,1083,2022-03-18,2022-03-18 10:30:00-04:00,2022-04-18 10:30:00-04:00,upper,14397.212532805297,2022-03-18 15:25:00-04:00
1083_lower,1083,2022-03-18,2022-03-18 10:30:00-04:00,2022-04-18 10:30:00-04:00,lower,13769.412467194703,2022-04-17 19:21:00-04:00
1084_upper,1084,2022-03-21,2022-03-21 10:30:00-04:00,2022-04-19 10:30:00-04:00,upper,14657.812338580574,2022-03-22 11:11:00-04:00
1084_lower,1084,2022-03-21,2022-03-21 10:30:00-04:00,2022-04-19 10:30:00-04:00,lower,14061.062661419426,2022-04-11 10:40:00-04:00
1085_upper,1085,2022-03-22,2022-03-22 10:30:00-04:00,2022-04-20 10:30:00-04:00,upper,14728.31455211478,2022-03-24 15:25:00-04:00
1085_lower,1085,2022-03-22,2022-03-22 10:30:00-04:00,2022-04-20 10:30:00-04:00,lower,14150.43544788522,2022-04-11 08:09:00-04:00
1086_upper,1086,2022-03-23,2022-03-23 10:30:00-04:00,2022-04-21 10:30:00-04:00,upper,14746.497511657451,2022-03-24 15:52:00-04:00
1086_lower,1086,2022-03-23,2022-03-23 10:30:00-04:00,2022-04-21 10:30:00-04:00,lower,14313.377488342549,2022-04-08 09:58:00-04:00
1087_upper,1087,2022-03-24,2022-03-24 10:30:00-04:00,2022-04-22 10:30:00-04:00,upper,14720.15271656816,2022-03-24 15:25:00-04:00
1087_lower,1087,2022-03-24,2022-03-24 10:30:00-04:00,2022-04-22 10:30:00-04:00,lower,14298.34728343184,2022-04-10 20:00:00-04:00
1088_upper,1088,2022-03-25,2022-03-25 10:30:00-04:00,2022-04-25 10:30:00-04:00,upper,14933.206513972236,2022-03-28 14:59:00-04:00
1088_lower,1088,2022-03-25,2022-03-25 10:30:00-04:00,2022-04-25 10:30:00-04:00,lower,14571.418486027764,2022-04-06 09:39:00-04:00
1089_upper,1089,2022-03-28,2022-03-28 10:30:00-04:00,2022-04-26 10:30:00-04:00,upper,15019.125846626272,2022-03-29 01:52:00-04:00
1089_lower,1089,2022-03-28,2022-03-28 10:30:00-04:00,2022-04-26 10:30:00-04:00,lower,14565.124153373728,2022-04-06 09:41:00-04:00
1090_upper,1090,2022-03-29,2022-03-29 10:30:00-04:00,2022-04-27 10:30:00-04:00,upper,15378.44568929425,
1090_lower,1090,2022-03-29,2022-03-29 10:30:00-04:00,2022-04-27 10:30:00-04:00,lower,14895.30431070575,2022-03-31 15:54:00-04:00
1091_upper,1091,2022-03-30,2022-03-30 10:30:00-04:00,2022-04-28 10:30:00-04:00,upper,15339.477868578892,
1091_lower,1091,2022-03-30,2022-03-30 10:30:00-04:00,2022-04-28 10:30:00-04:00,lower,15012.147131421108,2022-03-31 09:38:00-04:00
1092_upper,1092,2022-03-31,2022-03-31 10:30:00-04:00,2022-04-29 10:30:00-04:00,upper,15246.142822628544,
1092_lower,1092,2022-03-31,2022-03-31 10:30:00-04:00,2022-04-29 10:30:00-04:00,lower,14862.107177371456,2022-03-31 15:59:00-04:00
1093_upper,1093,2022-04-01,2022-04-01 10:30:00-04:00,2022-05-02 10:30:00-04:00,upper,15083.230541986839,2022-04-04 11:01:00-04:00
1093_lower,1093,2022-04-01,2022-04-01 10:30:00-04:00,2022-05-02 10:30:00-04:00,lower,14685.269458013161,2022-04-06 05:50:00-04:00
1094_upper,1094,2022-04-04,2022-04-04 10:30:00-04:00,2022-05-03 10:30:00-04:00,upper,15173.99422131737,2022-04-04 16:41:00-04:00
1094_lower,1094,2022-04-04,2022-04-04 10:30:00-04:00,2022-05-03 10:30:00-04:00,lower,14697.38077868263,2022-04-06 05:43:00-04:00
1095_upper,1095,2022-04-05,2022-04-05 10:30:00-04:00,2022-05-04 10:30:00-04:00,upper,15315.938263213004,
1095_lower,1095,2022-04-05,2022-04-05 10:30:00-04:00,2022-05-04 10:30:00-04:00,lower,14825.061736786996,2022-04-05 15:12:00-04:00
1096_upper,1096,2022-04-06,2022-04-06 10:30:00-04:00,2022-05-05 10:30:00-04:00,upper,14821.907619264784,
1096_lower,1096,2022-04-06,2022-04-06 10:30:00-04:00,2022-05-05 10:30:00-04:00,lower,14330.717380735216,2022-04-07 12:48:00-04:00
1097_upper,1097,2022-04-07,2022-04-07 10:30:00-04:00,2022-05-06 10:30:00-04:00,upper,14722.130368895161,
1097_lower,1097,2022-04-07,2022-04-07 10:30:00-04:00,2022-05-06 10:30:00-04:00,lower,14278.744631104839,2022-04-10 20:08:00-04:00
1098_upper,1098,2022-04-08,2022-04-08 10:30:00-04:00,2022-05-09 10:30:00-04:00,upper,14661.503962919762,
1098_lower,1098,2022-04-08,2022-04-08 10:30:00-04:00,2022-05-09 10:30:00-04:00,lower,14201.121037080238,2022-04-10 22:19:00-04:00
1099_upper,1099,2022-04-11,2022-04-11 10:30:00-04:00,2022-05-10 10:30:00-04:00,upper,14347.20191247879,
1099_lower,1099,2022-04-11,2022-04-11 10:30:00-04:00,2022-05-10 10:30:00-04:00,lower,13940.67308752121,2022-04-11 20:55:00-04:00
1100_upper,1100,2022-04-12,2022-04-12 10:30:00-04:00,2022-05-11 10:30:00-04:00,upper,14441.368557285608,
1100_lower,1100,2022-04-12,2022-04-12 10:30:00-04:00,2022-05-11 10:30:00-04:00,lower,13953.631442714392,2022-04-12 14:18:00-04:00
1101_upper,1101,2022-04-13,2022-04-13 10:30:00-04:00,2022-05-12 10:30:00-04:00,upper,14251.394373548865,2022-04-13 15:31:00-04:00
1101_lower,1101,2022-04-13,2022-04-13 10:30:00-04:00,2022-05-12 10:30:00-04:00,lower,13720.855626451135,2022-04-21 15:08:00-04:00
1102_upper,1102,2022-04-14,2022-04-14 10:30:00-04:00,2022-05-13 10:30:00-04:00,upper,14448.570788135727,
1102_lower,1102,2022-04-14,2022-04-14 10:30:00-04:00,2022-05-13 10:30:00-04:00,lower,13915.429211864273,2022-04-14 15:37:00-04:00
1103_upper,1103,2022-04-18,2022-04-18 10:30:00-04:00,2022-05-16 10:30:00-04:00,upper,14122.158630666792,2022-04-19 10:40:00-04:00
1103_lower,1103,2022-04-18,2022-04-18 10:30:00-04:00,2022-05-16 10:30:00-04:00,lower,13642.841369333208,2022-04-21 20:45:00-04:00
1104_upper,1104,2022-04-19,2022-04-19 10:30:00-04:00,2022-05-17 10:30:00-04:00,upper,14223.863925857251,2022-04-19 15:22:00-04:00
1104_lower,1104,2022-04-19,2022-04-19 10:30:00-04:00,2022-05-17 10:30:00-04:00,lower,13617.136074142749,2022-04-21 20:50:00-04:00
1105_upper,1105,2022-04-20,2022-04-20 10:30:00-04:00,2022-05-18 10:30:00-04:00,upper,14481.409188706595,
1105_lower,1105,2022-04-20,2022-04-20 10:30:00-04:00,2022-05-18 10:30:00-04:00,lower,13923.965811293405,2022-04-21 12:51:00-04:00
1106_upper,1106,2022-04-21,2022-04-21 10:30:00-04:00,2022-05-19 10:30:00-04:00,upper,14409.008514950476,
1106_lower,1106,2022-04-21,2022-04-21 10:30:00-04:00,2022-05-19 10:30:00-04:00,lower,13962.866485049524,2022-04-21 12:03:00-04:00
1107_upper,1107,2022-04-22,2022-04-22 10:30:00-04:00,2022-05-20 10:30:00-04:00,upper,13955.810626217557,
1107_lower,1107,2022-04-22,2022-04-22 10:30:00-04:00,2022-05-20 10:30:00-04:00,lower,13450.064373782443,2022-04-22 13:40:00-04:00
1108_upper,1108,2022-04-25,2022-04-25 10:30:00-04:00,2022-05-23 10:30:00-04:00,upper,13574.346185798055,2022-04-25 23:12:00-04:00
1108_lower,1108,2022-04-25,2022-04-25 10:30:00-04:00,2022-05-23 10:30:00-04:00,lower,13040.653814201945,2022-04-26 15:54:00-04:00
1109_upper,1109,2022-04-26,2022-04-26 10:30:00-04:00,2022-05-24 10:30:00-04:00,upper,13715.760974756386,
1109_lower,1109,2022-04-26,2022-04-26 10:30:00-04:00,2022-05-24 10:30:00-04:00,lower,13036.739025243614,2022-04-26 15:54:00-04:00
1110_upper,1110,2022-04-27,2022-04-27 10:30:00-04:00,2022-05-25 10:30:00-04:00,upper,13449.476414101242,2022-04-28 13:40:00-04:00
1110_lower,1110,2022-04-27,2022-04-27 10:30:00-04:00,2022-05-25 10:30:00-04:00,lower,12672.648585898758,2022-05-06 09:35:00-04:00
1111_upper,1111,2022-04-28,2022-04-28 10:30:00-04:00,2022-05-26 10:30:00-04:00,upper,13505.134190487275,2022-04-28 14:49:00-04:00
1111_lower,1111,2022-04-28,2022-04-28 10:30:00-04:00,2022-05-26 10:30:00-04:00,lower,12878.615809512725,2022-04-29 15:50:00-04:00
1112_upper,1112,2022-04-29,2022-04-29 10:30:00-04:00,2022-05-27 10:30:00-04:00,upper,13609.766527108284,
1112_lower,1112,2022-04-29,2022-04-29 10:30:00-04:00,2022-05-27 10:30:00-04:00,lower,13002.358472891716,2022-04-29 14:37:00-04:00
1113_upper,1113,2022-05-02,2022-05-02 10:30:00-04:00,2022-05-30 10:30:00-04:00,upper,13219.356041715515,2022-05-04 14:01:00-04:00
1113_lower,1113,2022-05-02,2022-05-02 10:30:00-04:00,2022-05-30 10:30:00-04:00,lower,12501.393958284485,2022-05-09 04:23:00-04:00
1114_upper,1114,2022-05-03,2022-05-03 10:30:00-04:00,2022-05-31 10:30:00-04:00,upper,13355.332485075493,2022-05-04 14:56:00-04:00
1114_lower,1114,2022-05-03,2022-05-03 10:30:00-04:00,2022-05-31 10:30:00-04:00,lower,12778.292514924507,2022-05-05 15:02:00-04:00
1115_upper,1115,2022-05-04,2022-05-04 10:30:00-04:00,2022-06-01 10:30:00-04:00,upper,13337.313709693699,2022-05-04 14:56:00-04:00
1115_lower,1115,2022-05-04,2022-05-04 10:30:00-04:00,2022-06-01 10:30:00-04:00,lower,12792.061290306301,2022-05-05 14:27:00-04:00
1116_upper,1116,2022-05-05,2022-05-05 10:30:00-04:00,2022-06-02 10:30:00-04:00,upper,13633.034198687721,
1116_lower,1116,2022-05-05,2022-05-05 10:30:00-04:00,2022-06-02 10:30:00-04:00,lower,12884.840801312279,2022-05-05 11:08:00-04:00
1117_upper,1117,2022-05-06,2022-05-06 10:30:00-04:00,2022-06-03 10:30:00-04:00,upper,13101.991866956927,
1117_lower,1117,2022-05-06,2022-05-06 10:30:00-04:00,2022-06-03 10:30:00-04:00,lower,12337.758133043073,2022-05-09 10:30:00-04:00
1118_upper,1118,2022-05-09,2022-05-09 10:30:00-04:00,2022-06-06 10:30:00-04:00,upper,12748.34921621799,2022-05-29 19:33:00-04:00
1118_lower,1118,2022-05-09,2022-05-09 10:30:00-04:00,2022-06-06 10:30:00-04:00,lower,12143.02578378201,2022-05-09 15:51:00-04:00
1119_upper,1119,2022-05-10,2022-05-10 10:30:00-04:00,2022-06-07 10:30:00-04:00,upper,12782.346195869119,2022-05-29 22:21:00-04:00
1119_lower,1119,2022-05-10,2022-05-10 10:30:00-04:00,2022-06-07 10:30:00-04:00,lower,12155.778804130881,2022-05-11 08:53:00-04:00
1120_upper,1120,2022-05-11,2022-05-11 10:30:00-04:00,2022-06-08 10:30:00-04:00,upper,12671.551798802288,2022-05-27 15:58:00-04:00
1120_lower,1120,2022-05-11,2022-05-11 10:30:00-04:00,2022-06-08 10:30:00-04:00,lower,11886.198201197712,2022-05-12 03:02:00-04:00
1121_upper,1121,2022-05-12,2022-05-12 10:30:00-04:00,2022-06-09 10:30:00-04:00,upper,12230.661922322073,2022-05-13 09:51:00-04:00
1121_lower,1121,2022-05-12,2022-05-12 10:30:00-04:00,2022-06-09 10:30:00-04:00,lower,11430.713077677927,
1122_upper,1122,2022-05-13,2022-05-13 10:30:00-04:00,2022-06-10 10:30:00-04:00,upper,12508.375231898572,2022-05-17 04:39:00-04:00
1122_lower,1122,2022-05-13,2022-05-13 10:30:00-04:00,2022-06-10 10:30:00-04:00,lower,11825.374768101428,2022-05-18 19:40:00-04:00
1123_upper,1123,2022-05-16,2022-05-16 10:30:00-04:00,2022-06-13 10:30:00-04:00,upper,12553.438592109283,2022-05-17 15:02:00-04:00
1123_lower,1123,2022-05-16,2022-05-16 10:30:00-04:00,2022-06-13 10:30:00-04:00,lower,12047.436407890717,2022-05-18 13:09:00-04:00
1124_upper,1124,2022-05-17,2022-05-17 10:30:00-04:00,2022-06-14 10:30:00-04:00,upper,12699.096565035312,2022-05-27 16:10:00-04:00
1124_lower,1124,2022-05-17,2022-05-17 10:30:00-04:00,2022-06-14 10:30:00-04:00,lower,12261.653434964688,2022-05-18 10:38:00-04:00
1125_upper,1125,2022-05-18,2022-05-18 10:30:00-04:00,2022-06-15 10:30:00-04:00,upper,12554.345012848995,2022-05-27 10:11:00-04:00
1125_lower,1125,2022-05-18,2022-05-18 10:30:00-04:00,2022-06-15 10:30:00-04:00,lower,12154.654987151005,2022-05-18 11:29:00-04:00
1126_upper,1126,2022-05-19,2022-05-19 10:30:00-04:00,2022-06-16 10:30:00-04:00,upper,12172.617546214515,2022-05-26 10:15:00-04:00
1126_lower,1126,2022-05-19,2022-05-19 10:30:00-04:00,2022-06-16 10:30:00-04:00,lower,11593.882453785485,2022-05-20 12:38:00-04:00
1127_upper,1127,2022-05-20,2022-05-20 10:30:00-04:00,2022-06-17 10:30:00-04:00,upper,12251.469047289087,2022-05-26 12:10:00-04:00
1127_lower,1127,2022-05-20,2022-05-20 10:30:00-04:00,2022-06-17 10:30:00-04:00,lower,11739.155952710913,2022-05-20 11:16:00-04:00
1128_upper,1128,2022-05-23,2022-05-23 10:30:00-04:00,2022-06-20 10:30:00-04:00,upper,12149.95828182672,2022-05-26 10:12:00-04:00
1128_lower,1128,2022-05-23,2022-05-23 10:30:00-04:00,2022-06-20 10:30:00-04:00,lower,11615.41671817328,2022-05-24 10:14:00-04:00
1129_upper,1129,2022-05-24,2022-05-24 10:30:00-04:00,2022-06-21 10:30:00-04:00,upper,12084.372776794302,2022-05-26 09:51:00-04:00
1129_lower,1129,2022-05-24,2022-05-24 10:30:00-04:00,2022-06-21 10:30:00-04:00,lower,11444.002223205698,2022-06-13 10:17:00-04:00
1130_upper,1130,2022-05-25,2022-05-25 10:30:00-04:00,2022-06-22 10:30:00-04:00,upper,12027.984728457572,2022-05-25 15:11:00-04:00
1130_lower,1130,2022-05-25,2022-05-25 10:30:00-04:00,2022-06-22 10:30:00-04:00,lower,11494.890271542428,2022-06-13 04:18:00-04:00
1131_upper,1131,2022-05-26,2022-05-26 10:30:00-04:00,2022-06-23 10:30:00-04:00,upper,12319.936100359999,2022-05-26 12:57:00-04:00
1131_lower,1131,2022-05-26,2022-05-26 10:30:00-04:00,2022-06-23 10:30:00-04:00,lower,11640.188899640001,2022-06-12 20:52:00-04:00
1132_upper,1132,2022-05-27,2022-05-27 10:30:00-04:00,2022-06-24 10:30:00-04:00,upper,12703.837333821568,2022-05-27 16:16:00-04:00
1132_lower,1132,2022-05-27,2022-05-27 10:30:00-04:00,2022-06-24 10:30:00-04:00,lower,12195.912666178432,2022-06-10 08:30:00-04:00
1133_upper,1133,2022-05-30,2022-05-30 10:30:00-04:00,2022-06-27 10:30:00-04:00,upper,12900.681185789204,2022-06-02 16:50:00-04:00
1133_lower,1133,2022-05-30,2022-05-30 10:30:00-04:00,2022-06-27 10:30:00-04:00,lower,12613.068814210796,2022-05-31 08:33:00-04:00
1134_upper,1134,2022-05-31,2022-05-31 10:30:00-04:00,2022-06-28 10:30:00-04:00,upper,12903.086171328803,2022-06-02 16:50:00-04:00
1134_lower,1134,2022-05-31,2022-05-31 10:30:00-04:00,2022-06-28 10:30:00-04:00,lower,12357.663828671197,2022-06-09 15:30:00-04:00
1135_upper,1135,2022-06-01,2022-06-01 10:30:00-04:00,2022-06-29 10:30:00-04:00,upper,13002.92448964675,
1135_lower,1135,2022-06-01,2022-06-01 10:30:00-04:00,2022-06-29 10:30:00-04:00,lower,12445.20051035325,2022-06-02 09:31:00-04:00
1136_upper,1136,2022-06-02,2022-06-02 10:30:00-04:00,2022-06-30 10:30:00-04:00,upper,12773.206371003507,2022-06-02 12:30:00-04:00
1136_lower,1136,2022-06-02,2022-06-02 10:30:00-04:00,2022-06-30 10:30:00-04:00,lower,12266.793628996493,2022-06-09 16:09:00-04:00
1137_upper,1137,2022-06-03,2022-06-03 10:30:00-04:00,2022-07-01 10:30:00-04:00,upper,12870.970918278574,
1137_lower,1137,2022-06-03,2022-06-03 10:30:00-04:00,2022-07-01 10:30:00-04:00,lower,12472.779081721426,2022-06-07 01:28:00-04:00
1138_upper,1138,2022-06-06,2022-06-06 10:30:00-04:00,2022-07-04 10:30:00-04:00,upper,12952.608888657582,
1138_lower,1138,2022-06-06,2022-06-06 10:30:00-04:00,2022-07-04 10:30:00-04:00,lower,12530.641111342418,2022-06-06 21:26:00-04:00
1139_upper,1139,2022-06-07,2022-06-07 10:30:00-04:00,2022-07-05 10:30:00-04:00,upper,12729.705382549706,2022-06-07 15:50:00-04:00
1139_lower,1139,2022-06-07,2022-06-07 10:30:00-04:00,2022-07-05 10:30:00-04:00,lower,12233.669617450294,2022-06-10 08:30:00-04:00
1140_upper,1140,2022-06-08,2022-06-08 10:30:00-04:00,2022-07-06 10:30:00-04:00,upper,12910.230477395846,
1140_lower,1140,2022-06-08,2022-06-08 10:30:00-04:00,2022-07-06 10:30:00-04:00,lower,12468.769522604154,2022-06-09 14:43:00-04:00
1141_upper,1141,2022-06-09,2022-06-09 10:30:00-04:00,2022-07-07 10:30:00-04:00,upper,12785.695317600335,
1141_lower,1141,2022-06-09,2022-06-09 10:30:00-04:00,2022-07-07 10:30:00-04:00,lower,12342.429682399665,2022-06-09 15:41:00-04:00
1142_upper,1142,2022-06-10,2022-06-10 10:30:00-04:00,2022-07-08 10:30:00-04:00,upper,12292.695086583295,
1142_lower,1142,2022-06-10,2022-06-10 10:30:00-04:00,2022-07-08 10:30:00-04:00,lower,11720.554913416705,2022-06-12 18:00:00-04:00
1143_upper,1143,2022-06-13,2022-06-13 10:30:00-04:00,2022-07-11 10:30:00-04:00,upper,11755.461299739487,2022-06-15 15:32:00-04:00
1143_lower,1143,2022-06-13,2022-06-13 10:30:00-04:00,2022-07-11 10:30:00-04:00,lower,11247.788700260513,2022-06-14 15:17:00-04:00
1144_upper,1144,2022-06-14,2022-06-14 10:30:00-04:00,2022-07-12 10:30:00-04:00,upper,11645.015485750995,2022-06-15 14:41:00-04:00
1144_lower,1144,2022-06-14,2022-06-14 10:30:00-04:00,2022-07-12 10:30:00-04:00,lower,11132.234514249005,2022-06-16 10:50:00-04:00
1145_upper,1145,2022-06-15,2022-06-15 10:30:00-04:00,2022-07-13 10:30:00-04:00,upper,11719.846395326338,2022-06-15 14:44:00-04:00
1145_lower,1145,2022-06-15,2022-06-15 10:30:00-04:00,2022-07-13 10:30:00-04:00,lower,11284.278604673662,2022-06-16 05:00:00-04:00
1146_upper,1146,2022-06-16,2022-06-16 10:30:00-04:00,2022-07-14 10:30:00-04:00,upper,11529.116292527138,2022-06-21 03:50:00-04:00
1146_lower,1146,2022-06-16,2022-06-16 10:30:00-04:00,2022-07-14 10:30:00-04:00,lower,11076.258707472862,2022-06-16 14:49:00-04:00
1147_upper,1147,2022-06-17,2022-06-17 10:30:00-04:00,2022-07-15 10:30:00-04:00,upper,11481.922600823085,2022-06-20 23:12:00-04:00
1147_lower,1147,2022-06-17,2022-06-17 10:30:00-04:00,2022-07-15 10:30:00-04:00,lower,10974.077399176915,
1148_upper,1148,2022-06-20,2022-06-20 10:30:00-04:00,2022-07-18 10:30:00-04:00,upper,11525.433004647344,2022-06-21 03:41:00-04:00
1148_lower,1148,2022-06-20,2022-06-20 10:30:00-04:00,2022-07-18 10:30:00-04:00,lower,11199.941995352656,
1149_upper,1149,2022-06-21,2022-06-21 10:30:00-04:00,2022-07-19 10:30:00-04:00,upper,11793.387391517317,2022-06-23 22:10:00-04:00
1149_lower,1149,2022-06-21,2022-06-21 10:30:00-04:00,2022-07-19 10:30:00-04:00,lower,11258.612608482683,
1150_upper,1150,2022-06-22,2022-06-22 10:30:00-04:00,2022-07-20 10:30:00-04:00,upper,11848.337631068087,2022-06-24 00:16:00-04:00
1150_lower,1150,2022-06-22,2022-06-22 10:30:00-04:00,2022-07-20 10:30:00-04:00,lower,11203.287368931913,
1151_upper,1151,2022-06-23,2022-06-23 10:30:00-04:00,2022-07-21 10:30:00-04:00,upper,11863.034125176246,2022-06-24 00:24:00-04:00
1151_lower,1151,2022-06-23,2022-06-23 10:30:00-04:00,2022-07-21 10:30:00-04:00,lower,11412.715874823754,2022-06-30 09:52:00-04:00
1152_upper,1152,2022-06-24,2022-06-24 10:30:00-04:00,2022-07-22 10:30:00-04:00,upper,12207.652026214488,2022-06-26 22:33:00-04:00
1152_lower,1152,2022-06-24,2022-06-24 10:30:00-04:00,2022-07-22 10:30:00-04:00,lower,11602.472973785512,2022-06-29 09:33:00-04:00
1153_upper,1153,2022-06-27,2022-06-27 10:30:00-04:00,2022-07-25 10:30:00-04:00,upper,12411.053569807347,2022-07-20 10:32:00-04:00
1153_lower,1153,2022-06-27,2022-06-27 10:30:00-04:00,2022-07-25 10:30:00-04:00,lower,11894.696430192653,2022-06-28 11:24:00-04:00
1154_upper,1154,2022-06-28,2022-06-28 10:30:00-04:00,2022-07-26 10:30:00-04:00,upper,12323.130858014823,2022-07-19 16:23:00-04:00
1154_lower,1154,2022-06-28,2022-06-28 10:30:00-04:00,2022-07-26 10:30:00-04:00,lower,11823.369141985177,2022-06-28 11:41:00-04:00
1155_upper,1155,2022-06-29,2022-06-29 10:30:00-04:00,2022-07-27 10:30:00-04:00,upper,11914.170350250166,2022-07-06 14:33:00-04:00
1155_lower,1155,2022-06-29,2022-06-29 10:30:00-04:00,2022-07-27 10:30:00-04:00,lower,11410.954649749834,2022-06-30 09:53:00-04:00
1156_upper,1156,2022-06-30,2022-06-30 10:30:00-04:00,2022-07-28 10:30:00-04:00,upper,11802.359798244901,2022-07-05 15:28:00-04:00
1156_lower,1156,2022-06-30,2022-06-30 10:30:00-04:00,2022-07-28 10:30:00-04:00,lower,11222.140201755099,
1157_upper,1157,2022-07-01,2022-07-01 10:30:00-04:00,2022-07-29 10:30:00-04:00,upper,11762.892006115308,2022-07-05 14:36:00-04:00
1157_lower,1157,2022-07-01,2022-07-01 10:30:00-04:00,2022-07-29 10:30:00-04:00,lower,11234.482993884692,
1158_upper,1158,2022-07-04,2022-07-04 10:30:00-04:00,2022-08-01 10:30:00-04:00,upper,11695.101771689398,2022-07-04 19:06:00-04:00
1158_lower,1158,2022-07-04,2022-07-04 10:30:00-04:00,2022-08-01 10:30:00-04:00,lower,11423.398228310602,2022-07-05 09:30:00-04:00
1159_upper,1159,2022-07-05,2022-07-05 10:30:00-04:00,2022-08-02 10:30:00-04:00,upper,11659.646264940147,2022-07-05 13:19:00-04:00
1159_lower,1159,2022-07-05,2022-07-05 10:30:00-04:00,2022-08-02 10:30:00-04:00,lower,11248.228735059853,
1160_upper,1160,2022-07-06,2022-07-06 10:30:00-04:00,2022-08-03 10:30:00-04:00,upper,12030.849902206886,2022-07-07 09:50:00-04:00
1160_lower,1160,2022-07-06,2022-07-06 10:30:00-04:00,2022-08-03 10:30:00-04:00,lower,11613.150097793114,2022-07-13 08:30:00-04:00
1161_upper,1161,2022-07-07,2022-07-07 10:30:00-04:00,2022-08-04 10:30:00-04:00,upper,12161.809939732284,2022-07-07 15:16:00-04:00
1161_lower,1161,2022-07-07,2022-07-07 10:30:00-04:00,2022-08-04 10:30:00-04:00,lower,11742.190060267716,2022-07-12 15:25:00-04:00
1162_upper,1162,2022-07-08,2022-07-08 10:30:00-04:00,2022-08-05 10:30:00-04:00,upper,12254.76597479346,2022-07-19 13:59:00-04:00
1162_lower,1162,2022-07-08,2022-07-08 10:30:00-04:00,2022-08-05 10:30:00-04:00,lower,11815.23402520654,2022-07-11 20:54:00-04:00
1163_upper,1163,2022-07-11,2022-07-11 10:30:00-04:00,2022-08-08 10:30:00-04:00,upper,12261.525537365906,2022-07-19 14:01:00-04:00
1163_lower,1163,2022-07-11,2022-07-11 10:30:00-04:00,2022-08-08 10:30:00-04:00,lower,11746.099462634094,2022-07-12 15:25:00-04:00
1164_upper,1164,2022-07-12,2022-07-12 10:30:00-04:00,2022-08-09 10:30:00-04:00,upper,12202.059482233546,2022-07-19 12:31:00-04:00
1164_lower,1164,2022-07-12,2022-07-12 10:30:00-04:00,2022-08-09 10:30:00-04:00,lower,11656.690517766454,2022-07-13 08:30:00-04:00
1165_upper,1165,2022-07-13,2022-07-13 10:30:00-04:00,2022-08-10 10:30:00-04:00,upper,11818.650613562095,2022-07-13 10:51:00-04:00
1165_lower,1165,2022-07-13,2022-07-13 10:30:00-04:00,2022-08-10 10:30:00-04:00,lower,11335.849386437905,
1166_upper,1166,2022-07-14,2022-07-14 10:30:00-04:00,2022-08-11 10:30:00-04:00,upper,11857.184970499598,2022-07-14 19:59:00-04:00
1166_lower,1166,2022-07-14,2022-07-14 10:30:00-04:00,2022-08-11 10:30:00-04:00,lower,11382.940029500402,
1167_upper,1167,2022-07-15,2022-07-15 10:30:00-04:00,2022-08-12 10:30:00-04:00,upper,12133.310731838705,2022-07-18 03:18:00-04:00
1167_lower,1167,2022-07-15,2022-07-15 10:30:00-04:00,2022-08-12 10:30:00-04:00,lower,11712.189268161295,
1168_upper,1168,2022-07-18,2022-07-18 10:30:00-04:00,2022-08-15 10:30:00-04:00,upper,12303.661293240004,2022-07-19 16:17:00-04:00
1168_lower,1168,2022-07-18,2022-07-18 10:30:00-04:00,2022-08-15 10:30:00-04:00,lower,11958.713706759996,2022-07-18 14:44:00-04:00
1169_upper,1169,2022-07-19,2022-07-19 10:30:00-04:00,2022-08-16 10:30:00-04:00,upper,12237.51139161615,2022-07-19 13:41:00-04:00
1169_lower,1169,2022-07-19,2022-07-19 10:30:00-04:00,2022-08-16 10:30:00-04:00,lower,11869.36360838385,
1170_upper,1170,2022-07-20,2022-07-20 10:30:00-04:00,2022-08-17 10:30:00-04:00,upper,12514.539304704016,2022-07-20 12:07:00-04:00
1170_lower,1170,2022-07-20,2022-07-20 10:30:00-04:00,2022-08-17 10:30:00-04:00,lower,12101.210695295984,2022-07-26 14:27:00-04:00
1171_upper,1171,2022-07-21,2022-07-21 10:30:00-04:00,2022-08-18 10:30:00-04:00,upper,12697.868197532916,2022-07-22 09:51:00-04:00
1171_lower,1171,2022-07-21,2022-07-21 10:30:00-04:00,2022-08-18 10:30:00-04:00,lower,12243.006802467084,2022-07-26 09:32:00-04:00
1172_upper,1172,2022-07-22,2022-07-22 10:30:00-04:00,2022-08-19 10:30:00-04:00,upper,12829.455127771584,2022-07-28 16:01:00-04:00
1172_lower,1172,2022-07-22,2022-07-22 10:30:00-04:00,2022-08-19 10:30:00-04:00,lower,12397.919872228416,2022-07-22 13:16:00-04:00
1173_upper,1173,2022-07-25,2022-07-25 10:30:00-04:00,2022-08-22 10:30:00-04:00,upper,12609.02828660434,2022-07-27 14:52:00-04:00
1173_lower,1173,2022-07-25,2022-07-25 10:30:00-04:00,2022-08-22 10:30:00-04:00,lower,12181.22171339566,2022-07-26 10:25:00-04:00
1174_upper,1174,2022-07-26,2022-07-26 10:30:00-04:00,2022-08-23 10:30:00-04:00,upper,12444.1770283582,2022-07-27 11:01:00-04:00
1174_lower,1174,2022-07-26,2022-07-26 10:30:00-04:00,2022-08-23 10:30:00-04:00,lower,12063.4479716418,
1175_upper,1175,2022-07-27,2022-07-27 10:30:00-04:00,2022-08-24 10:30:00-04:00,upper,12551.33981955401,2022-07-27 14:40:00-04:00
1175_lower,1175,2022-07-27,2022-07-27 10:30:00-04:00,2022-08-24 10:30:00-04:00,lower,12106.66018044599,
1176_upper,1176,2022-07-28,2022-07-28 10:30:00-04:00,2022-08-25 10:30:00-04:00,upper,12830.848087664319,2022-07-28 16:02:00-04:00
1176_lower,1176,2022-07-28,2022-07-28 10:30:00-04:00,2022-08-25 10:30:00-04:00,lower,12328.651912335681,
1177_upper,1177,2022-07-29,2022-07-29 10:30:00-04:00,2022-08-26 10:30:00-04:00,upper,13057.188393069559,2022-08-01 10:10:00-04:00
1177_lower,1177,2022-07-29,2022-07-29 10:30:00-04:00,2022-08-26 10:30:00-04:00,lower,12583.811606930441,
1178_upper,1178,2022-08-01,2022-08-01 10:30:00-04:00,2022-08-29 10:30:00-04:00,upper,13183.432692242888,2022-08-03 11:13:00-04:00
1178_lower,1178,2022-08-01,2022-08-01 10:30:00-04:00,2022-08-29 10:30:00-04:00,lower,12673.567307757112,2022-08-26 15:32:00-04:00
1179_upper,1179,2022-08-02,2022-08-02 10:30:00-04:00,2022-08-30 10:30:00-04:00,upper,13079.060039054877,2022-08-02 12:28:00-04:00
1179_lower,1179,2022-08-02,2022-08-02 10:30:00-04:00,2022-08-30 10:30:00-04:00,lower,12674.064960945123,2022-08-26 15:32:00-04:00
1180_upper,1180,2022-08-03,2022-08-03 10:30:00-04:00,2022-08-31 10:30:00-04:00,upper,13281.791579429195,2022-08-03 14:18:00-04:00
1180_lower,1180,2022-08-03,2022-08-03 10:30:00-04:00,2022-08-31 10:30:00-04:00,lower,12792.833420570805,2022-08-26 11:20:00-04:00
1181_upper,1181,2022-08-04,2022-08-04 10:30:00-04:00,2022-09-01 10:30:00-04:00,upper,13463.218231524264,2022-08-11 02:38:00-04:00
1181_lower,1181,2022-08-04,2022-08-04 10:30:00-04:00,2022-09-01 10:30:00-04:00,lower,13092.781768475736,2022-08-05 11:29:00-04:00
1182_upper,1182,2022-08-05,2022-08-05 10:30:00-04:00,2022-09-02 10:30:00-04:00,upper,13406.858858006522,2022-08-08 09:55:00-04:00
1182_lower,1182,2022-08-05,2022-08-05 10:30:00-04:00,2022-09-02 10:30:00-04:00,lower,12923.641141993478,2022-08-22 13:57:00-04:00
1183_upper,1183,2022-08-08,2022-08-08 10:30:00-04:00,2022-09-05 10:30:00-04:00,upper,13530.076804971388,2022-08-11 10:05:00-04:00
1183_lower,1183,2022-08-08,2022-08-08 10:30:00-04:00,2022-09-05 10:30:00-04:00,lower,13059.798195028612,2022-08-09 09:31:00-04:00
1184_upper,1184,2022-08-09,2022-08-09 10:30:00-04:00,2022-09-06 10:30:00-04:00,upper,13270.189542105658,2022-08-10 08:30:00-04:00
1184_lower,1184,2022-08-09,2022-08-09 10:30:00-04:00,2022-09-06 10:30:00-04:00,lower,12873.560457894342,2022-08-23 02:11:00-04:00
1185_upper,1185,2022-08-10,2022-08-10 10:30:00-04:00,2022-09-07 10:30:00-04:00,upper,13504.841041681568,2022-08-11 08:30:00-04:00
1185_lower,1185,2022-08-10,2022-08-10 10:30:00-04:00,2022-09-07 10:30:00-04:00,lower,13131.783958318432,2022-08-22 03:29:00-04:00
1186_upper,1186,2022-08-11,2022-08-11 10:30:00-04:00,2022-09-08 10:30:00-04:00,upper,13681.088970537405,2022-08-15 14:52:00-04:00
1186_lower,1186,2022-08-11,2022-08-11 10:30:00-04:00,2022-09-08 10:30:00-04:00,lower,13323.661029462595,2022-08-11 14:44:00-04:00
1187_upper,1187,2022-08-12,2022-08-12 10:30:00-04:00,2022-09-09 10:30:00-04:00,upper,13574.965115375026,2022-08-12 15:57:00-04:00
1187_lower,1187,2022-08-12,2022-08-12 10:30:00-04:00,2022-09-09 10:30:00-04:00,lower,13238.409884624974,2022-08-19 13:31:00-04:00
1188_upper,1188,2022-08-15,2022-08-15 10:30:00-04:00,2022-09-12 10:30:00-04:00,upper,13723.071599307536,2022-08-16 14:09:00-04:00
1188_lower,1188,2022-08-15,2022-08-15 10:30:00-04:00,2022-09-12 10:30:00-04:00,lower,13396.053400692464,2022-08-19 04:23:00-04:00
1189_upper,1189,2022-08-16,2022-08-16 10:30:00-04:00,2022-09-13 10:30:00-04:00,upper,13798.52513765728,
1189_lower,1189,2022-08-16,2022-08-16 10:30:00-04:00,2022-09-13 10:30:00-04:00,lower,13445.84986234272,2022-08-17 10:37:00-04:00
1190_upper,1190,2022-08-17,2022-08-17 10:30:00-04:00,2022-09-14 10:30:00-04:00,upper,13680.66354476158,
1190_lower,1190,2022-08-17,2022-08-17 10:30:00-04:00,2022-09-14 10:30:00-04:00,lower,13352.21145523842,2022-08-19 09:42:00-04:00
1191_upper,1191,2022-08-18,2022-08-18 10:30:00-04:00,2022-09-15 10:30:00-04:00,upper,13626.704398940958,
1191_lower,1191,2022-08-18,2022-08-18 10:30:00-04:00,2022-09-15 10:30:00-04:00,lower,13327.170601059042,2022-08-19 09:48:00-04:00
1192_upper,1192,2022-08-19,2022-08-19 10:30:00-04:00,2022-09-16 10:30:00-04:00,upper,13571.686049217205,
1192_lower,1192,2022-08-19,2022-08-19 10:30:00-04:00,2022-09-16 10:30:00-04:00,lower,13180.438950782795,2022-08-21 18:00:00-04:00
1193_upper,1193,2022-08-22,2022-08-22 10:30:00-04:00,2022-09-19 10:30:00-04:00,upper,13240.337206083777,
1193_lower,1193,2022-08-22,2022-08-22 10:30:00-04:00,2022-09-19 10:30:00-04:00,lower,12868.412793916223,2022-08-23 02:11:00-04:00
1194_upper,1194,2022-08-23,2022-08-23 10:30:00-04:00,2022-09-20 10:30:00-04:00,upper,13139.736364878117,2022-08-25 15:54:00-04:00
1194_lower,1194,2022-08-23,2022-08-23 10:30:00-04:00,2022-09-20 10:30:00-04:00,lower,12700.763635121883,2022-08-26 14:56:00-04:00
1195_upper,1195,2022-08-24,2022-08-24 10:30:00-04:00,2022-09-21 10:30:00-04:00,upper,13068.229149406165,2022-08-25 02:16:00-04:00
1195_lower,1195,2022-08-24,2022-08-24 10:30:00-04:00,2022-09-21 10:30:00-04:00,lower,12708.645850593835,2022-08-26 14:46:00-04:00
1196_upper,1196,2022-08-25,2022-08-25 10:30:00-04:00,2022-09-22 10:30:00-04:00,upper,13230.116280398408,
1196_lower,1196,2022-08-25,2022-08-25 10:30:00-04:00,2022-09-22 10:30:00-04:00,lower,12811.508719601592,2022-08-26 11:10:00-04:00
1197_upper,1197,2022-08-26,2022-08-26 10:30:00-04:00,2022-09-23 10:30:00-04:00,upper,13402.352856829442,
1197_lower,1197,2022-08-26,2022-08-26 10:30:00-04:00,2022-09-23 10:30:00-04:00,lower,12809.022143170558,2022-08-26 11:17:00-04:00
1198_upper,1198,2022-08-29,2022-08-29 10:30:00-04:00,2022-09-26 10:30:00-04:00,upper,12732.701522737712,2022-09-12 03:34:00-04:00
1198_lower,1198,2022-08-29,2022-08-29 10:30:00-04:00,2022-09-26 10:30:00-04:00,lower,12315.298477262288,2022-08-30 10:36:00-04:00
1199_upper,1199,2022-08-30,2022-08-30 10:30:00-04:00,2022-09-27 10:30:00-04:00,upper,12791.145489552953,2022-09-12 09:55:00-04:00
1199_lower,1199,2022-08-30,2022-08-30 10:30:00-04:00,2022-09-27 10:30:00-04:00,lower,12257.729510447047,2022-08-30 13:44:00-04:00
1200_upper,1200,2022-08-31,2022-08-31 10:30:00-04:00,2022-09-28 10:30:00-04:00,upper,12677.130457040203,2022-09-11 18:03:00-04:00
1200_lower,1200,2022-08-31,2022-08-31 10:30:00-04:00,2022-09-28 10:30:00-04:00,lower,12244.119542959797,2022-08-31 18:23:00-04:00
1201_upper,1201,2022-09-01,2022-09-01 10:30:00-04:00,2022-09-29 10:30:00-04:00,upper,12370.478688879057,2022-09-02 08:30:00-04:00
1201_lower,1201,2022-09-01,2022-09-01 10:30:00-04:00,2022-09-29 10:30:00-04:00,lower,11961.646311120943,2022-09-06 10:03:00-04:00
1202_upper,1202,2022-09-02,2022-09-02 10:30:00-04:00,2022-09-30 10:30:00-04:00,upper,12595.707771458441,2022-09-09 13:16:00-04:00
1202_lower,1202,2022-09-02,2022-09-02 10:30:00-04:00,2022-09-30 10:30:00-04:00,lower,12155.542228541559,2022-09-02 13:22:00-04:00
1203_upper,1203,2022-09-05,2022-09-05 10:30:00-04:00,2022-10-03 10:30:00-04:00,upper,12267.465081428303,2022-09-07 14:42:00-04:00
1203_lower,1203,2022-09-05,2022-09-05 10:30:00-04:00,2022-10-03 10:30:00-04:00,lower,11976.159918571697,2022-09-06 10:02:00-04:00
1204_upper,1204,2022-09-06,2022-09-06 10:30:00-04:00,2022-10-04 10:30:00-04:00,upper,12376.478539206179,2022-09-08 11:20:00-04:00
1204_lower,1204,2022-09-06,2022-09-06 10:30:00-04:00,2022-10-04 10:30:00-04:00,lower,11801.271460793821,2022-09-16 09:49:00-04:00
1205_upper,1205,2022-09-07,2022-09-07 10:30:00-04:00,2022-10-05 10:30:00-04:00,upper,12245.183943569682,2022-09-07 14:03:00-04:00
1205_lower,1205,2022-09-07,2022-09-07 10:30:00-04:00,2022-10-05 10:30:00-04:00,lower,11873.441056430318,2022-09-16 04:17:00-04:00
1206_upper,1206,2022-09-08,2022-09-08 10:30:00-04:00,2022-10-06 10:30:00-04:00,upper,12419.118023927547,2022-09-09 03:06:00-04:00
1206_lower,1206,2022-09-08,2022-09-08 10:30:00-04:00,2022-10-06 10:30:00-04:00,lower,11957.881976072453,2022-09-15 15:18:00-04:00
1207_upper,1207,2022-09-09,2022-09-09 10:30:00-04:00,2022-10-07 10:30:00-04:00,upper,12645.545691293024,2022-09-11 18:00:00-04:00
1207_lower,1207,2022-09-09,2022-09-09 10:30:00-04:00,2022-10-07 10:30:00-04:00,lower,12251.579308706976,2022-09-13 14:27:00-04:00
1208_upper,1208,2022-09-12,2022-09-12 10:30:00-04:00,2022-10-10 10:30:00-04:00,upper,12941.084255115798,2022-09-13 08:26:00-04:00
1208_lower,1208,2022-09-12,2022-09-12 10:30:00-04:00,2022-10-10 10:30:00-04:00,lower,12566.415744884202,2022-09-13 08:31:00-04:00
1209_upper,1209,2022-09-13,2022-09-13 10:30:00-04:00,2022-10-11 10:30:00-04:00,upper,12658.053556873372,
1209_lower,1209,2022-09-13,2022-09-13 10:30:00-04:00,2022-10-11 10:30:00-04:00,lower,12230.821443126628,2022-09-13 14:44:00-04:00
1210_upper,1210,2022-09-14,2022-09-14 10:30:00-04:00,2022-10-12 10:30:00-04:00,upper,12367.29153793829,
1210_lower,1210,2022-09-14,2022-09-14 10:30:00-04:00,2022-10-12 10:30:00-04:00,lower,11956.70846206171,2022-09-15 15:22:00-04:00
1211_upper,1211,2022-09-15,2022-09-15 10:30:00-04:00,2022-10-13 10:30:00-04:00,upper,12356.571196234514,
1211_lower,1211,2022-09-15,2022-09-15 10:30:00-04:00,2022-10-13 10:30:00-04:00,lower,11943.928803765486,2022-09-15 15:28:00-04:00
1212_upper,1212,2022-09-16,2022-09-16 10:30:00-04:00,2022-10-14 10:30:00-04:00,upper,12035.233314641859,2022-09-19 16:00:00-04:00
1212_lower,1212,2022-09-16,2022-09-16 10:30:00-04:00,2022-10-14 10:30:00-04:00,lower,11665.266685358141,2022-09-21 16:24:00-04:00
1213_upper,1213,2022-09-19,2022-09-19 10:30:00-04:00,2022-10-17 10:30:00-04:00,upper,12044.389394531328,2022-09-19 16:01:00-04:00
1213_lower,1213,2022-09-19,2022-09-19 10:30:00-04:00,2022-10-17 10:30:00-04:00,lower,11651.110605468672,2022-09-21 16:27:00-04:00
1214_upper,1214,2022-09-20,2022-09-20 10:30:00-04:00,2022-10-18 10:30:00-04:00,upper,12067.857699410155,2022-09-21 14:44:00-04:00
1214_lower,1214,2022-09-20,2022-09-20 10:30:00-04:00,2022-10-18 10:30:00-04:00,lower,11766.142300589845,2022-09-21 14:05:00-04:00
1215_upper,1215,2022-09-21,2022-09-21 10:30:00-04:00,2022-10-19 10:30:00-04:00,upper,12124.16794190355,2022-09-21 14:45:00-04:00
1215_lower,1215,2022-09-21,2022-09-21 10:30:00-04:00,2022-10-19 10:30:00-04:00,lower,11807.20705809645,2022-09-21 14:04:00-04:00
1216_upper,1216,2022-09-22,2022-09-22 10:30:00-04:00,2022-10-20 10:30:00-04:00,upper,11832.670150447611,
1216_lower,1216,2022-09-22,2022-09-22 10:30:00-04:00,2022-10-20 10:30:00-04:00,lower,11433.579849552389,2022-09-23 05:35:00-04:00
1217_upper,1217,2022-09-23,2022-09-23 10:30:00-04:00,2022-10-21 10:30:00-04:00,upper,11640.037625070929,2022-10-04 10:00:00-04:00
1217_lower,1217,2022-09-23,2022-09-23 10:30:00-04:00,2022-10-21 10:30:00-04:00,lower,11225.587374929071,2022-09-27 22:12:00-04:00
1218_upper,1218,2022-09-26,2022-09-26 10:30:00-04:00,2022-10-24 10:30:00-04:00,upper,11660.475342408557,2022-10-04 10:01:00-04:00
1218_lower,1218,2022-09-26,2022-09-26 10:30:00-04:00,2022-10-24 10:30:00-04:00,lower,11131.649657591443,2022-09-29 13:57:00-04:00
1219_upper,1219,2022-09-27,2022-09-27 10:30:00-04:00,2022-10-25 10:30:00-04:00,upper,11730.81389832465,
1219_lower,1219,2022-09-27,2022-09-27 10:30:00-04:00,2022-10-25 10:30:00-04:00,lower,11226.43610167535,2022-09-27 22:12:00-04:00
1220_upper,1220,2022-09-28,2022-09-28 10:30:00-04:00,2022-10-26 10:30:00-04:00,upper,11572.433878607877,2022-09-28 15:11:00-04:00
1220_lower,1220,2022-09-28,2022-09-28 10:30:00-04:00,2022-10-26 10:30:00-04:00,lower,11096.691121392123,2022-09-29 14:17:00-04:00
1221_upper,1221,2022-09-29,2022-09-29 10:30:00-04:00,2022-10-27 10:30:00-04:00,upper,11635.803273215031,2022-10-04 10:00:00-04:00
1221_lower,1221,2022-09-29,2022-09-29 10:30:00-04:00,2022-10-27 10:30:00-04:00,lower,11031.821726784969,2022-09-30 15:57:00-04:00
1222_upper,1222,2022-09-30,2022-09-30 10:30:00-04:00,2022-10-28 10:30:00-04:00,upper,11421.48196931437,2022-10-04 00:37:00-04:00
1222_lower,1222,2022-09-30,2022-09-30 10:30:00-04:00,2022-10-28 10:30:00-04:00,lower,10974.14303068563,2022-10-02 19:52:00-04:00
1223_upper,1223,2022-10-03,2022-10-03 10:30:00-04:00,2022-10-31 10:30:00-04:00,upper,11372.373419634278,2022-10-03 20:15:00-04:00
1223_lower,1223,2022-10-03,2022-10-03 10:30:00-04:00,2022-10-31 10:30:00-04:00,lower,10861.126580365722,2022-10-11 03:00:00-04:00
1224_upper,1224,2022-10-04,2022-10-04 10:30:00-04:00,2022-11-01 10:30:00-04:00,upper,11788.848364606609,
1224_lower,1224,2022-10-04,2022-10-04 10:30:00-04:00,2022-11-01 10:30:00-04:00,lower,11317.901635393391,2022-10-07 08:51:00-04:00
1225_upper,1225,2022-10-05,2022-10-05 10:30:00-04:00,2022-11-02 10:30:00-04:00,upper,11709.084988716797,2022-10-05 15:19:00-04:00
1225_lower,1225,2022-10-05,2022-10-05 10:30:00-04:00,2022-11-02 10:30:00-04:00,lower,11235.040011283203,2022-10-07 09:56:00-04:00
1226_upper,1226,2022-10-06,2022-10-06 10:30:00-04:00,2022-11-03 10:30:00-04:00,upper,11868.033084121878,
1226_lower,1226,2022-10-06,2022-10-06 10:30:00-04:00,2022-11-03 10:30:00-04:00,lower,11346.466915878122,2022-10-07 08:30:00-04:00
1227_upper,1227,2022-10-07,2022-10-07 10:30:00-04:00,2022-11-04 10:30:00-04:00,upper,11541.206899591196,2022-10-25 09:30:00-04:00
1227_lower,1227,2022-10-07,2022-10-07 10:30:00-04:00,2022-11-04 10:30:00-04:00,lower,11081.793100408804,2022-10-07 15:23:00-04:00
1228_upper,1228,2022-10-10,2022-10-10 10:30:00-04:00,2022-11-07 10:30:00-05:00,upper,11310.282952758347,2022-10-17 23:47:00-04:00
1228_lower,1228,2022-10-10,2022-10-10 10:30:00-04:00,2022-11-07 10:30:00-05:00,lower,10852.967047241653,2022-10-11 09:48:00-04:00
1229_upper,1229,2022-10-11,2022-10-11 10:30:00-04:00,2022-11-08 10:30:00-05:00,upper,11134.263773821574,2022-10-13 15:08:00-04:00
1229_lower,1229,2022-10-11,2022-10-11 10:30:00-04:00,2022-11-08 10:30:00-05:00,lower,10652.361226178426,2022-10-13 08:30:00-04:00
1230_upper,1230,2022-10-12,2022-10-12 10:30:00-04:00,2022-11-09 10:30:00-05:00,upper,11103.865391007534,2022-10-13 11:40:00-04:00
1230_lower,1230,2022-10-12,2022-10-12 10:30:00-04:00,2022-11-09 10:30:00-05:00,lower,10637.259608992466,2022-10-13 08:30:00-04:00
1231_upper,1231,2022-10-13,2022-10-13 10:30:00-04:00,2022-11-10 10:30:00-05:00,upper,10839.456913976992,2022-10-13 11:17:00-04:00
1231_lower,1231,2022-10-13,2022-10-13 10:30:00-04:00,2022-11-10 10:30:00-05:00,lower,10274.418086023008,
1232_upper,1232,2022-10-14,2022-10-14 10:30:00-04:00,2022-11-11 10:30:00-05:00,upper,11492.981376590491,2022-10-23 18:01:00-04:00
1232_lower,1232,2022-10-14,2022-10-14 10:30:00-04:00,2022-11-11 10:30:00-05:00,lower,10722.018623409509,2022-10-16 18:00:00-04:00
1233_upper,1233,2022-10-17,2022-10-17 10:30:00-04:00,2022-11-14 10:30:00-05:00,upper,11257.314348657648,2022-10-17 23:41:00-04:00
1233_lower,1233,2022-10-17,2022-10-17 10:30:00-04:00,2022-11-14 10:30:00-05:00,lower,10810.060651342352,2022-11-03 08:36:00-04:00
1234_upper,1234,2022-10-18,2022-10-18 10:30:00-04:00,2022-11-15 10:30:00-05:00,upper,11631.842080747841,2022-10-25 09:49:00-04:00
1234_lower,1234,2022-10-18,2022-10-18 10:30:00-04:00,2022-11-15 10:30:00-05:00,lower,11114.282919252159,2022-10-18 11:25:00-04:00
1235_upper,1235,2022-10-19,2022-10-19 10:30:00-04:00,2022-11-16 10:30:00-05:00,upper,11412.273779011428,2022-10-23 18:00:00-04:00
1235_lower,1235,2022-10-19,2022-10-19 10:30:00-04:00,2022-11-16 10:30:00-05:00,lower,10914.726220988572,2022-11-02 16:01:00-04:00
1236_upper,1236,2022-10-20,2022-10-20 10:30:00-04:00,2022-11-17 10:30:00-05:00,upper,11457.56100610986,2022-10-23 18:00:00-04:00
1236_lower,1236,2022-10-20,2022-10-20 10:30:00-04:00,2022-11-17 10:30:00-05:00,lower,10863.31399389014,2022-11-03 06:28:00-04:00
1237_upper,1237,2022-10-21,2022-10-21 10:30:00-04:00,2022-11-18 10:30:00-05:00,upper,11364.105074542596,2022-10-21 15:31:00-04:00
1237_lower,1237,2022-10-21,2022-10-21 10:30:00-04:00,2022-11-18 10:30:00-05:00,lower,10789.894925457404,2022-11-03 09:44:00-04:00
1238_upper,1238,2022-10-24,2022-10-24 10:30:00-04:00,2022-11-21 10:30:00-05:00,upper,11618.910043573744,2022-10-25 09:47:00-04:00
1238_lower,1238,2022-10-24,2022-10-24 10:30:00-04:00,2022-11-21 10:30:00-05:00,lower,11057.464956426256,2022-10-27 16:07:00-04:00
1239_upper,1239,2022-10-25,2022-10-25 10:30:00-04:00,2022-11-22 10:30:00-05:00,upper,11784.711926817366,2022-11-11 13:08:00-05:00
1239_lower,1239,2022-10-25,2022-10-25 10:30:00-04:00,2022-11-22 10:30:00-05:00,lower,11320.913073182634,2022-10-27 09:50:00-04:00
1240_upper,1240,2022-10-26,2022-10-26 10:30:00-04:00,2022-11-23 10:30:00-05:00,upper,11722.072596056452,2022-11-11 00:58:00-05:00
1240_lower,1240,2022-10-26,2022-10-26 10:30:00-04:00,2022-11-23 10:30:00-05:00,lower,11263.177403943548,2022-10-27 12:28:00-04:00
1241_upper,1241,2022-10-27,2022-10-27 10:30:00-04:00,2022-11-24 10:30:00-05:00,upper,11639.327331521781,2022-11-10 15:55:00-05:00
1241_lower,1241,2022-10-27,2022-10-27 10:30:00-04:00,2022-11-24 10:30:00-05:00,lower,11125.547668478219,2022-10-27 16:02:00-04:00
1242_upper,1242,2022-10-28,2022-10-28 10:30:00-04:00,2022-11-25 10:30:00-05:00,upper,11520.426824584569,2022-10-28 12:32:00-04:00
1242_lower,1242,2022-10-28,2022-10-28 10:30:00-04:00,2022-11-25 10:30:00-05:00,lower,11002.198175415431,2022-11-02 15:28:00-04:00
1243_upper,1243,2022-10-31,2022-10-31 10:30:00-04:00,2022-11-28 10:30:00-05:00,upper,11673.469137181242,2022-11-10 16:54:00-05:00
1243_lower,1243,2022-10-31,2022-10-31 10:30:00-04:00,2022-11-28 10:30:00-05:00,lower,11269.905862818758,2022-11-02 10:14:00-04:00
1244_upper,1244,2022-11-01,2022-11-01 10:30:00-04:00,2022-11-29 10:30:00-05:00,upper,11831.397390979673,2022-11-11 13:31:00-05:00
1244_lower,1244,2022-11-01,2022-11-01 10:30:00-04:00,2022-11-29 10:30:00-05:00,lower,11260.977609020327,2022-11-02 10:29:00-04:00
1245_upper,1245,2022-11-02,2022-11-02 10:30:00-04:00,2022-11-30 10:30:00-05:00,upper,11475.507427435428,2022-11-10 11:31:00-05:00
1245_lower,1245,2022-11-02,2022-11-02 10:30:00-04:00,2022-11-30 10:30:00-05:00,lower,11154.867572564572,2022-11-02 14:51:00-04:00
1246_upper,1246,2022-11-03,2022-11-03 10:30:00-04:00,2022-12-01 10:30:00-05:00,upper,11003.632120786468,2022-11-07 14:32:00-05:00
1246_lower,1246,2022-11-03,2022-11-03 10:30:00-04:00,2022-12-01 10:30:00-05:00,lower,10603.867879213532,
1247_upper,1247,2022-11-04,2022-11-04 10:30:00-04:00,2022-12-02 10:30:00-05:00,upper,11160.770472275412,2022-11-08 11:17:00-05:00
1247_lower,1247,2022-11-04,2022-11-04 10:30:00-04:00,2022-12-02 10:30:00-05:00,lower,10615.604527724588,
1248_upper,1248,2022-11-07,2022-11-07 10:30:00-05:00,2022-12-05 10:30:00-05:00,upper,11104.480172377744,2022-11-08 09:07:00-05:00
1248_lower,1248,2022-11-07,2022-11-07 10:30:00-05:00,2022-12-05 10:30:00-05:00,lower,10742.269827622256,
1249_upper,1249,2022-11-08,2022-11-08 10:30:00-05:00,2022-12-06 10:30:00-05:00,upper,11236.814423819513,2022-11-10 08:30:00-05:00
1249_lower,1249,2022-11-08,2022-11-08 10:30:00-05:00,2022-12-06 10:30:00-05:00,lower,10898.810576180487,2022-11-09 13:30:00-05:00
1250_upper,1250,2022-11-09,2022-11-09 10:30:00-05:00,2022-12-07 10:30:00-05:00,upper,11172.418239768649,2022-11-10 08:30:00-05:00
1250_lower,1250,2022-11-09,2022-11-09 10:30:00-05:00,2022-12-07 10:30:00-05:00,lower,10851.081760231351,2022-11-09 14:49:00-05:00
1251_upper,1251,2022-11-10,2022-11-10 10:30:00-05:00,2022-12-08 10:30:00-05:00,upper,11613.528649790998,2022-11-10 15:53:00-05:00
1251_lower,1251,2022-11-10,2022-11-10 10:30:00-05:00,2022-12-08 10:30:00-05:00,lower,11112.096350209002,
1252_upper,1252,2022-11-11,2022-11-11 10:30:00-05:00,2022-12-09 10:30:00-05:00,upper,11880.687827554306,2022-11-14 13:29:00-05:00
1252_lower,1252,2022-11-11,2022-11-11 10:30:00-05:00,2022-12-09 10:30:00-05:00,lower,11408.812172445694,
1253_upper,1253,2022-11-14,2022-11-14 10:30:00-05:00,2022-12-12 10:30:00-05:00,upper,11933.646275773204,2022-11-15 08:09:00-05:00
1253_lower,1253,2022-11-14,2022-11-14 10:30:00-05:00,2022-12-12 10:30:00-05:00,lower,11585.603724226796,2022-11-17 08:10:00-05:00
1254_upper,1254,2022-11-15,2022-11-15 10:30:00-05:00,2022-12-13 10:30:00-05:00,upper,12189.187246504353,2022-12-13 08:30:00-05:00
1254_lower,1254,2022-11-15,2022-11-15 10:30:00-05:00,2022-12-13 10:30:00-05:00,lower,11845.312753495647,2022-11-15 13:27:00-05:00
1255_upper,1255,2022-11-16,2022-11-16 10:30:00-05:00,2022-12-14 10:30:00-05:00,upper,11984.612724502302,2022-11-30 15:32:00-05:00
1255_lower,1255,2022-11-16,2022-11-16 10:30:00-05:00,2022-12-14 10:30:00-05:00,lower,11619.262275497698,2022-11-17 08:00:00-05:00
1256_upper,1256,2022-11-17,2022-11-17 10:30:00-05:00,2022-12-15 10:30:00-05:00,upper,11770.271946358916,2022-11-17 13:20:00-05:00
1256_lower,1256,2022-11-17,2022-11-17 10:30:00-05:00,2022-12-15 10:30:00-05:00,lower,11388.978053641084,
1257_upper,1257,2022-11-18,2022-11-18 10:30:00-05:00,2022-12-16 10:30:00-05:00,upper,12019.279976190555,2022-11-30 15:54:00-05:00
1257_lower,1257,2022-11-18,2022-11-18 10:30:00-05:00,2022-12-16 10:30:00-05:00,lower,11577.595023809445,2022-11-21 10:45:00-05:00
1258_upper,1258,2022-11-21,2022-11-21 10:30:00-05:00,2022-12-19 10:30:00-05:00,upper,11821.166255840397,2022-11-23 09:45:00-05:00
1258_lower,1258,2022-11-21,2022-11-21 10:30:00-05:00,2022-12-19 10:30:00-05:00,lower,11471.833744159603,2022-11-29 11:20:00-05:00
1259_upper,1259,2022-11-22,2022-11-22 10:30:00-05:00,2022-12-20 10:30:00-05:00,upper,11759.77156023763,2022-11-23 02:49:00-05:00
1259_lower,1259,2022-11-22,2022-11-22 10:30:00-05:00,2022-12-20 10:30:00-05:00,lower,11435.22843976237,2022-12-07 07:28:00-05:00
1260_upper,1260,2022-11-23,2022-11-23 10:30:00-05:00,2022-12-21 10:30:00-05:00,upper,11953.111066901032,2022-11-30 15:17:00-05:00
1260_lower,1260,2022-11-23,2022-11-23 10:30:00-05:00,2022-12-21 10:30:00-05:00,lower,11603.138933098968,2022-11-28 14:14:00-05:00
1261_upper,1261,2022-11-24,2022-11-24 10:30:00-05:00,2022-12-22 10:30:00-05:00,upper,12005.830675713167,2022-11-30 15:51:00-05:00
1261_lower,1261,2022-11-24,2022-11-24 10:30:00-05:00,2022-12-22 10:30:00-05:00,lower,11816.794324286833,2022-11-25 08:45:00-05:00
1262_upper,1262,2022-11-25,2022-11-25 10:30:00-05:00,2022-12-23 10:30:00-05:00,upper,11922.60343853955,2022-11-30 14:22:00-05:00
1262_lower,1262,2022-11-25,2022-11-25 10:30:00-05:00,2022-12-23 10:30:00-05:00,lower,11672.52156146045,2022-11-27 20:35:00-05:00
1263_upper,1263,2022-11-28,2022-11-28 10:30:00-05:00,2022-12-27 10:30:00-05:00,upper,11878.085310210627,2022-11-30 14:18:00-05:00
1263_lower,1263,2022-11-28,2022-11-28 10:30:00-05:00,2022-12-27 10:30:00-05:00,lower,11560.539689789373,2022-11-29 11:03:00-05:00
1264_upper,1264,2022-11-29,2022-11-29 10:30:00-05:00,2022-12-28 10:30:00-05:00,upper,11754.752016634382,2022-11-30 13:58:00-05:00
1264_lower,1264,2022-11-29,2022-11-29 10:30:00-05:00,2022-12-28 10:30:00-05:00,lower,11467.122983365618,2022-11-29 11:20:00-05:00
1265_upper,1265,2022-11-30,2022-11-30 10:30:00-05:00,2022-12-29 10:30:00-05:00,upper,11672.779365053811,2022-11-30 13:38:00-05:00
1265_lower,1265,2022-11-30,2022-11-30 10:30:00-05:00,2022-12-29 10:30:00-05:00,lower,11411.345634946189,2022-12-15 13:51:00-05:00
1266_upper,1266,2022-12-01,2022-12-01 10:30:00-05:00,2022-12-30 10:30:00-05:00,upper,12283.818209644862,2022-12-13 08:30:00-05:00
1266_lower,1266,2022-12-01,2022-12-01 10:30:00-05:00,2022-12-30 10:30:00-05:00,lower,11817.306790355138,2022-12-02 08:30:00-05:00
1267_upper,1267,2022-12-02,2022-12-02 10:30:00-05:00,2023-01-03 10:30:00-05:00,upper,12033.65334874397,2022-12-02 15:13:00-05:00
1267_lower,1267,2022-12-02,2022-12-02 10:30:00-05:00,2023-01-03 10:30:00-05:00,lower,11706.84665125603,2022-12-06 09:45:00-05:00
1268_upper,1268,2022-12-05,2022-12-05 10:30:00-05:00,2023-01-04 10:30:00-05:00,upper,12075.074702123151,2022-12-13 08:29:00-05:00
1268_lower,1268,2022-12-05,2022-12-05 10:30:00-05:00,2023-01-04 10:30:00-05:00,lower,11761.925297876849,2022-12-05 14:30:00-05:00
1269_upper,1269,2022-12-06,2022-12-06 10:30:00-05:00,2023-01-05 10:30:00-05:00,upper,11980.392456722391,2022-12-13 08:26:00-05:00
1269_lower,1269,2022-12-06,2022-12-06 10:30:00-05:00,2023-01-05 10:30:00-05:00,lower,11526.982543277609,2022-12-06 14:25:00-05:00
1270_upper,1270,2022-12-07,2022-12-07 10:30:00-05:00,2023-01-06 10:30:00-05:00,upper,11715.462017920365,2022-12-09 02:34:00-05:00
1270_lower,1270,2022-12-07,2022-12-07 10:30:00-05:00,2023-01-06 10:30:00-05:00,lower,11312.412982079635,2022-12-16 11:11:00-05:00
1271_upper,1271,2022-12-08,2022-12-08 10:30:00-05:00,2023-01-09 10:30:00-05:00,upper,11795.398099159896,2022-12-12 15:23:00-05:00
1271_lower,1271,2022-12-08,2022-12-08 10:30:00-05:00,2023-01-09 10:30:00-05:00,lower,11340.601900840104,2022-12-16 03:29:00-05:00
1272_upper,1272,2022-12-09,2022-12-09 10:30:00-05:00,2023-01-10 10:30:00-05:00,upper,11772.690364008686,2022-12-12 15:06:00-05:00
1272_lower,1272,2022-12-09,2022-12-09 10:30:00-05:00,2023-01-10 10:30:00-05:00,lower,11434.434635991314,2022-12-15 13:06:00-05:00
1273_upper,1273,2022-12-12,2022-12-12 10:30:00-05:00,2023-01-11 10:30:00-05:00,upper,11832.104399041422,2022-12-12 15:59:00-05:00
1273_lower,1273,2022-12-12,2022-12-12 10:30:00-05:00,2023-01-11 10:30:00-05:00,lower,11553.270600958578,2022-12-15 10:00:00-05:00
1274_upper,1274,2022-12-13,2022-12-13 10:30:00-05:00,2023-01-12 10:30:00-05:00,upper,12507.956013481566,
1274_lower,1274,2022-12-13,2022-12-13 10:30:00-05:00,2023-01-12 10:30:00-05:00,lower,11978.043986518434,2022-12-13 11:52:00-05:00
1275_upper,1275,2022-12-14,2022-12-14 10:30:00-05:00,2023-01-13 10:30:00-05:00,upper,12134.676138098457,
1275_lower,1275,2022-12-14,2022-12-14 10:30:00-05:00,2023-01-13 10:30:00-05:00,lower,11783.323861901543,2022-12-14 14:34:00-05:00
1276_upper,1276,2022-12-15,2022-12-15 10:30:00-05:00,2023-01-16 10:30:00-05:00,upper,11877.390741668713,
1276_lower,1276,2022-12-15,2022-12-15 10:30:00-05:00,2023-01-16 10:30:00-05:00,lower,11429.359258331287,2022-12-15 13:06:00-05:00
1277_upper,1277,2022-12-16,2022-12-16 10:30:00-05:00,2023-01-17 10:30:00-05:00,upper,11624.104196471846,2023-01-15 20:58:00-05:00
1277_lower,1277,2022-12-16,2022-12-16 10:30:00-05:00,2023-01-17 10:30:00-05:00,lower,11219.520803528154,2022-12-19 11:01:00-05:00
1278_upper,1278,2022-12-19,2022-12-19 10:30:00-05:00,2023-01-18 10:30:00-05:00,upper,11506.241315763007,2023-01-12 08:06:00-05:00
1278_lower,1278,2022-12-19,2022-12-19 10:30:00-05:00,2023-01-18 10:30:00-05:00,lower,11142.383684236993,2022-12-19 15:08:00-05:00
1279_upper,1279,2022-12-20,2022-12-20 10:30:00-05:00,2023-01-19 10:30:00-05:00,upper,11343.150908811214,2022-12-21 10:42:00-05:00
1279_lower,1279,2022-12-20,2022-12-20 10:30:00-05:00,2023-01-19 10:30:00-05:00,lower,10937.349091188786,2022-12-22 12:25:00-05:00
1280_upper,1280,2022-12-21,2022-12-21 10:30:00-05:00,2023-01-20 10:30:00-05:00,upper,11400.365893650076,2023-01-11 12:14:00-05:00
1280_lower,1280,2022-12-21,2022-12-21 10:30:00-05:00,2023-01-20 10:30:00-05:00,lower,11059.134106349924,2022-12-22 10:05:00-05:00
1281_upper,1281,2022-12-22,2022-12-22 10:30:00-05:00,2023-01-23 10:30:00-05:00,upper,11380.524086814403,2023-01-09 11:15:00-05:00
1281_lower,1281,2022-12-22,2022-12-22 10:30:00-05:00,2023-01-23 10:30:00-05:00,lower,10928.600913185597,2022-12-22 12:27:00-05:00
1282_upper,1282,2022-12-23,2022-12-23 10:30:00-05:00,2023-01-24 10:30:00-05:00,upper,11188.497669326796,2023-01-09 08:31:00-05:00
1282_lower,1282,2022-12-23,2022-12-23 10:30:00-05:00,2023-01-24 10:30:00-05:00,lower,10801.002330673204,2022-12-28 11:38:00-05:00
1283_upper,1283,2022-12-27,2022-12-27 10:30:00-05:00,2023-01-25 10:30:00-05:00,upper,11208.807856431396,2023-01-09 09:30:00-05:00
1283_lower,1283,2022-12-27,2022-12-27 10:30:00-05:00,2023-01-25 10:30:00-05:00,lower,10818.692143568604,2022-12-28 11:02:00-05:00
1284_upper,1284,2022-12-28,2022-12-28 10:30:00-05:00,2023-01-26 10:30:00-05:00,upper,11092.912491558116,2023-01-02 18:00:00-05:00
1284_lower,1284,2022-12-28,2022-12-28 10:30:00-05:00,2023-01-26 10:30:00-05:00,lower,10736.462508441884,
1285_upper,1285,2022-12-29,2022-12-29 10:30:00-05:00,2023-01-27 10:30:00-05:00,upper,11110.3867879986,2023-01-02 18:00:00-05:00
1285_lower,1285,2022-12-29,2022-12-29 10:30:00-05:00,2023-01-27 10:30:00-05:00,lower,10711.7382120014,
1286_upper,1286,2022-12-30,2022-12-30 10:30:00-05:00,2023-01-30 10:30:00-05:00,upper,11052.106225421698,2023-01-02 18:00:00-05:00
1286_lower,1286,2022-12-30,2022-12-30 10:30:00-05:00,2023-01-30 10:30:00-05:00,lower,10761.018774578302,2023-01-06 08:19:00-05:00
1287_upper,1287,2023-01-03,2023-01-03 10:30:00-05:00,2023-01-31 10:30:00-05:00,upper,11362.614645579888,2023-01-09 10:46:00-05:00
1287_lower,1287,2023-01-03,2023-01-03 10:30:00-05:00,2023-01-31 10:30:00-05:00,lower,10805.385354420112,2023-01-05 15:54:00-05:00
1288_upper,1288,2023-01-04,2023-01-04 10:30:00-05:00,2023-02-01 10:30:00-05:00,upper,11215.228339788013,2023-01-09 09:30:00-05:00
1288_lower,1288,2023-01-04,2023-01-04 10:30:00-05:00,2023-02-01 10:30:00-05:00,lower,10773.271660211987,2023-01-06 08:17:00-05:00
1289_upper,1289,2023-01-05,2023-01-05 10:30:00-05:00,2023-02-02 10:30:00-05:00,upper,11060.025266886787,2023-01-06 13:37:00-05:00
1289_lower,1289,2023-01-05,2023-01-05 10:30:00-05:00,2023-02-02 10:30:00-05:00,lower,10733.474733113213,
1290_upper,1290,2023-01-06,2023-01-06 10:30:00-05:00,2023-02-03 10:30:00-05:00,upper,11087.931867454903,2023-01-06 14:10:00-05:00
1290_lower,1290,2023-01-06,2023-01-06 10:30:00-05:00,2023-02-03 10:30:00-05:00,lower,10658.693132545097,
1291_upper,1291,2023-01-09,2023-01-09 10:30:00-05:00,2023-02-06 10:30:00-05:00,upper,11404.922462215774,2023-01-11 12:17:00-05:00
1291_lower,1291,2023-01-09,2023-01-09 10:30:00-05:00,2023-02-06 10:30:00-05:00,lower,11054.702537784226,
1292_upper,1292,2023-01-10,2023-01-10 10:30:00-05:00,2023-02-07 10:30:00-05:00,upper,11366.258388527885,2023-01-11 10:10:00-05:00
1292_lower,1292,2023-01-10,2023-01-10 10:30:00-05:00,2023-02-07 10:30:00-05:00,lower,10987.116611472115,
1293_upper,1293,2023-01-11,2023-01-11 10:30:00-05:00,2023-02-08 10:30:00-05:00,upper,11481.126968376546,2023-01-11 23:54:00-05:00
1293_lower,1293,2023-01-11,2023-01-11 10:30:00-05:00,2023-02-08 10:30:00-05:00,lower,11182.498031623454,
1294_upper,1294,2023-01-12,2023-01-12 10:30:00-05:00,2023-02-09 10:30:00-05:00,upper,11687.781146618683,2023-01-17 21:44:00-05:00
1294_lower,1294,2023-01-12,2023-01-12 10:30:00-05:00,2023-02-09 10:30:00-05:00,lower,11217.218853381317,
1295_upper,1295,2023-01-13,2023-01-13 10:30:00-05:00,2023-02-10 10:30:00-05:00,upper,11604.818145218489,2023-01-13 15:36:00-05:00
1295_lower,1295,2023-01-13,2023-01-13 10:30:00-05:00,2023-02-10 10:30:00-05:00,lower,11287.681854781511,
1296_upper,1296,2023-01-16,2023-01-16 10:30:00-05:00,2023-02-13 10:30:00-05:00,upper,11683.867532087548,2023-01-17 10:12:00-05:00
1296_lower,1296,2023-01-16,2023-01-16 10:30:00-05:00,2023-02-13 10:30:00-05:00,lower,11504.007467912452,2023-01-18 13:03:00-05:00
1297_upper,1297,2023-01-17,2023-01-17 10:30:00-05:00,2023-02-14 10:30:00-05:00,upper,11782.877616412858,2023-01-23 09:47:00-05:00
1297_lower,1297,2023-01-17,2023-01-17 10:30:00-05:00,2023-02-14 10:30:00-05:00,lower,11433.122383587142,2023-01-19 02:20:00-05:00
1298_upper,1298,2023-01-18,2023-01-18 10:30:00-05:00,2023-02-15 10:30:00-05:00,upper,11844.267605988833,2023-01-23 10:23:00-05:00
1298_lower,1298,2023-01-18,2023-01-18 10:30:00-05:00,2023-02-15 10:30:00-05:00,lower,11566.607394011167,2023-01-18 11:20:00-05:00
1299_upper,1299,2023-01-19,2023-01-19 10:30:00-05:00,2023-02-16 10:30:00-05:00,upper,11551.350652785937,2023-01-20 12:51:00-05:00
1299_lower,1299,2023-01-19,2023-01-19 10:30:00-05:00,2023-02-16 10:30:00-05:00,lower,11253.524347214063,
1300_upper,1300,2023-01-20,2023-01-20 10:30:00-05:00,2023-02-17 10:30:00-05:00,upper,11597.453724445273,2023-01-20 13:50:00-05:00
1300_lower,1300,2023-01-20,2023-01-20 10:30:00-05:00,2023-02-17 10:30:00-05:00,lower,11271.796275554727,
1301_upper,1301,2023-01-23,2023-01-23 10:30:00-05:00,2023-02-20 10:30:00-05:00,upper,11951.3441348054,2023-01-23 11:20:00-05:00
1301_lower,1301,2023-01-23,2023-01-23 10:30:00-05:00,2023-02-20 10:30:00-05:00,lower,11518.2808651946,
1302_upper,1302,2023-01-24,2023-01-24 10:30:00-05:00,2023-02-21 10:30:00-05:00,upper,12039.126529014906,2023-01-26 09:30:00-05:00
1302_lower,1302,2023-01-24,2023-01-24 10:30:00-05:00,2023-02-21 10:30:00-05:00,lower,11715.748470985094,2023-01-25 08:48:00-05:00
1303_upper,1303,2023-01-25,2023-01-25 10:30:00-05:00,2023-02-22 10:30:00-05:00,upper,11845.663177802411,2023-01-25 14:12:00-05:00
1303_lower,1303,2023-01-25,2023-01-25 10:30:00-05:00,2023-02-22 10:30:00-05:00,lower,11536.211822197589,
1304_upper,1304,2023-01-26,2023-01-26 10:30:00-05:00,2023-02-23 10:30:00-05:00,upper,12184.902865591945,2023-01-27 10:10:00-05:00
1304_lower,1304,2023-01-26,2023-01-26 10:30:00-05:00,2023-02-23 10:30:00-05:00,lower,11843.847134408055,
1305_upper,1305,2023-01-27,2023-01-27 10:30:00-05:00,2023-02-24 10:30:00-05:00,upper,12269.089365288994,2023-01-27 14:23:00-05:00
1305_lower,1305,2023-01-27,2023-01-27 10:30:00-05:00,2023-02-24 10:30:00-05:00,lower,11895.660634711006,2023-01-31 05:34:00-05:00
1306_upper,1306,2023-01-30,2023-01-30 10:30:00-05:00,2023-02-27 10:30:00-05:00,upper,12242.925937303991,2023-02-01 14:39:00-05:00
1306_lower,1306,2023-01-30,2023-01-30 10:30:00-05:00,2023-02-27 10:30:00-05:00,lower,11924.699062696009,2023-01-30 22:43:00-05:00
1307_upper,1307,2023-01-31,2023-01-31 10:30:00-05:00,2023-02-28 10:30:00-05:00,upper,12152.130490992873,2023-01-31 15:59:00-05:00
1307_lower,1307,2023-01-31,2023-01-31 10:30:00-05:00,2023-02-28 10:30:00-05:00,lower,11842.244509007127,
1308_upper,1308,2023-02-01,2023-02-01 10:30:00-05:00,2023-03-01 10:30:00-05:00,upper,12256.254351813179,2023-02-01 14:40:00-05:00
1308_lower,1308,2023-02-01,2023-02-01 10:30:00-05:00,2023-03-01 10:30:00-05:00,lower,12017.120648186821,2023-02-24 08:36:00-05:00
1309_upper,1309,2023-02-02,2023-02-02 10:30:00-05:00,2023-03-02 10:30:00-05:00,upper,12857.470851524722,2023-02-02 13:24:00-05:00
1309_lower,1309,2023-02-02,2023-02-02 10:30:00-05:00,2023-03-02 10:30:00-05:00,lower,12530.904148475278,2023-02-06 03:58:00-05:00
1310_upper,1310,2023-02-03,2023-02-03 10:30:00-05:00,2023-03-03 10:30:00-05:00,upper,12918.850592063343,
1310_lower,1310,2023-02-03,2023-02-03 10:30:00-05:00,2023-03-03 10:30:00-05:00,lower,12351.649407936657,2023-02-10 04:49:00-05:00
1311_upper,1311,2023-02-06,2023-02-06 10:30:00-05:00,2023-03-06 10:30:00-05:00,upper,12685.024440288907,2023-02-07 12:47:00-05:00
1311_lower,1311,2023-02-06,2023-02-06 10:30:00-05:00,2023-03-06 10:30:00-05:00,lower,12356.350559711093,2023-02-10 04:49:00-05:00
1312_upper,1312,2023-02-07,2023-02-07 10:30:00-05:00,2023-03-07 10:30:00-05:00,upper,12647.653642480165,2023-02-07 12:45:00-05:00
1312_lower,1312,2023-02-07,2023-02-07 10:30:00-05:00,2023-03-07 10:30:00-05:00,lower,12371.971357519835,2023-02-09 15:35:00-05:00
1313_upper,1313,2023-02-08,2023-02-08 10:30:00-05:00,2023-03-08 10:30:00-05:00,upper,12871.65390935139,
1313_lower,1313,2023-02-08,2023-02-08 10:30:00-05:00,2023-03-08 10:30:00-05:00,lower,12532.97109064861,2023-02-08 11:25:00-05:00
1314_upper,1314,2023-02-09,2023-02-09 10:30:00-05:00,2023-03-09 10:30:00-05:00,upper,12866.201935983634,
1314_lower,1314,2023-02-09,2023-02-09 10:30:00-05:00,2023-03-09 10:30:00-05:00,lower,12526.673064016366,2023-02-09 12:37:00-05:00
1315_upper,1315,2023-02-10,2023-02-10 10:30:00-05:00,2023-03-10 10:30:00-05:00,upper,12532.204113085812,2023-02-13 11:15:00-05:00
1315_lower,1315,2023-02-10,2023-02-10 10:30:00-05:00,2023-03-10 10:30:00-05:00,lower,12156.295886914188,2023-02-21 11:29:00-05:00
1316_upper,1316,2023-02-13,2023-02-13 10:30:00-05:00,2023-03-13 10:30:00-04:00,upper,12582.621490569609,2023-02-14 05:34:00-05:00
1316_lower,1316,2023-02-13,2023-02-13 10:30:00-05:00,2023-03-13 10:30:00-04:00,lower,12232.128509430391,2023-02-21 03:51:00-05:00
1317_upper,1317,2023-02-14,2023-02-14 10:30:00-05:00,2023-03-14 10:30:00-04:00,upper,12799.393317219468,
1317_lower,1317,2023-02-14,2023-02-14 10:30:00-05:00,2023-03-14 10:30:00-04:00,lower,12206.606682780532,2023-02-21 10:11:00-05:00
1318_upper,1318,2023-02-15,2023-02-15 10:30:00-05:00,2023-03-15 10:30:00-04:00,upper,12723.837222182741,2023-02-15 15:59:00-05:00
1318_lower,1318,2023-02-15,2023-02-15 10:30:00-05:00,2023-03-15 10:30:00-04:00,lower,12407.537777817259,2023-02-16 23:23:00-05:00
1319_upper,1319,2023-02-16,2023-02-16 10:30:00-05:00,2023-03-16 10:30:00-04:00,upper,12710.139605524175,
1319_lower,1319,2023-02-16,2023-02-16 10:30:00-05:00,2023-03-16 10:30:00-04:00,lower,12373.235394475825,2023-02-17 03:02:00-05:00
1320_upper,1320,2023-02-17,2023-02-17 10:30:00-05:00,2023-03-17 10:30:00-04:00,upper,12553.266357272068,2023-03-16 11:08:00-04:00
1320_lower,1320,2023-02-17,2023-02-17 10:30:00-05:00,2023-03-17 10:30:00-04:00,lower,12196.733642727932,2023-02-21 10:12:00-05:00
1321_upper,1321,2023-02-20,2023-02-20 10:30:00-05:00,2023-03-20 10:30:00-04:00,upper,12488.685258610974,2023-03-16 10:49:00-04:00
1321_lower,1321,2023-02-20,2023-02-20 10:30:00-05:00,2023-03-20 10:30:00-04:00,lower,12288.064741389026,2023-02-21 03:31:00-05:00
1322_upper,1322,2023-02-21,2023-02-21 10:30:00-05:00,2023-03-21 10:30:00-04:00,upper,12400.46642467013,2023-03-06 10:08:00-05:00
1322_lower,1322,2023-02-21,2023-02-21 10:30:00-05:00,2023-03-21 10:30:00-04:00,lower,12064.03357532987,2023-02-22 06:38:00-05:00
1323_upper,1323,2023-02-22,2023-02-22 10:30:00-05:00,2023-03-22 10:30:00-04:00,upper,12308.262852820835,2023-03-03 15:04:00-05:00
1323_lower,1323,2023-02-22,2023-02-22 10:30:00-05:00,2023-03-22 10:30:00-04:00,lower,11919.737147179165,2023-03-01 20:15:00-05:00
1324_upper,1324,2023-02-23,2023-02-23 10:30:00-05:00,2023-03-23 10:30:00-04:00,upper,12395.401256600635,2023-03-06 09:34:00-05:00
1324_lower,1324,2023-02-23,2023-02-23 10:30:00-05:00,2023-03-23 10:30:00-04:00,lower,12069.348743399365,2023-02-23 11:40:00-05:00
1325_upper,1325,2023-02-24,2023-02-24 10:30:00-05:00,2023-03-24 10:30:00-04:00,upper,12156.950092663526,2023-02-27 10:03:00-05:00
1325_lower,1325,2023-02-24,2023-02-24 10:30:00-05:00,2023-03-24 10:30:00-04:00,lower,11825.299907336474,2023-03-10 13:35:00-05:00
1326_upper,1326,2023-02-27,2023-02-27 10:30:00-05:00,2023-03-27 10:30:00-04:00,upper,12289.623787258712,2023-03-03 14:11:00-05:00
1326_lower,1326,2023-02-27,2023-02-27 10:30:00-05:00,2023-03-27 10:30:00-04:00,lower,11989.251212741288,2023-02-28 20:02:00-05:00
1327_upper,1327,2023-02-28,2023-02-28 10:30:00-05:00,2023-03-28 10:30:00-04:00,upper,12214.814288380549,2023-03-03 10:25:00-05:00
1327_lower,1327,2023-02-28,2023-02-28 10:30:00-05:00,2023-03-28 10:30:00-04:00,lower,11923.685711619451,2023-03-01 20:09:00-05:00
1328_upper,1328,2023-03-01,2023-03-01 10:30:00-05:00,2023-03-29 10:30:00-04:00,upper,12211.472100056499,2023-03-03 10:23:00-05:00
1328_lower,1328,2023-03-01,2023-03-01 10:30:00-05:00,2023-03-29 10:30:00-04:00,lower,11856.777899943501,2023-03-01 20:45:00-05:00
1329_upper,1329,2023-03-02,2023-03-02 10:30:00-05:00,2023-03-30 10:30:00-04:00,upper,12017.201738273528,2023-03-02 14:00:00-05:00
1329_lower,1329,2023-03-02,2023-03-02 10:30:00-05:00,2023-03-30 10:30:00-04:00,lower,11729.048261726472,
1330_upper,1330,2023-03-03,2023-03-03 10:30:00-05:00,2023-03-31 10:30:00-04:00,upper,12315.218355184945,2023-03-03 15:05:00-05:00
1330_lower,1330,2023-03-03,2023-03-03 10:30:00-05:00,2023-03-31 10:30:00-04:00,lower,11988.156644815055,2023-03-09 15:20:00-05:00
1331_upper,1331,2023-03-06,2023-03-06 10:30:00-05:00,2023-04-03 10:30:00-04:00,upper,12523.233209803911,2023-03-16 10:55:00-04:00
1331_lower,1331,2023-03-06,2023-03-06 10:30:00-05:00,2023-04-03 10:30:00-04:00,lower,12232.266790196089,2023-03-07 10:04:00-05:00
1332_upper,1332,2023-03-07,2023-03-07 10:30:00-05:00,2023-04-04 10:30:00-04:00,upper,12509.299764892883,2023-03-16 10:52:00-04:00
1332_lower,1332,2023-03-07,2023-03-07 10:30:00-05:00,2023-04-04 10:30:00-04:00,lower,12086.450235107117,2023-03-09 14:04:00-05:00
1333_upper,1333,2023-03-08,2023-03-08 10:30:00-05:00,2023-04-05 10:30:00-04:00,upper,12332.732853480076,2023-03-09 09:51:00-05:00
1333_lower,1333,2023-03-08,2023-03-08 10:30:00-05:00,2023-04-05 10:30:00-04:00,lower,12014.642146519924,2023-03-09 15:18:00-05:00
1334_upper,1334,2023-03-09,2023-03-09 10:30:00-05:00,2023-04-06 10:30:00-04:00,upper,12438.014012855449,2023-03-15 20:29:00-04:00
1334_lower,1334,2023-03-09,2023-03-09 10:30:00-05:00,2023-04-06 10:30:00-04:00,lower,12099.985987144551,2023-03-09 14:01:00-05:00
1335_upper,1335,2023-03-10,2023-03-10 10:30:00-05:00,2023-04-10 10:30:00-04:00,upper,12195.232442498009,2023-03-12 23:36:00-04:00
1335_lower,1335,2023-03-10,2023-03-10 10:30:00-05:00,2023-04-10 10:30:00-04:00,lower,11769.017557501991,
1336_upper,1336,2023-03-13,2023-03-13 10:30:00-04:00,2023-04-11 10:30:00-04:00,upper,12200.310763300957,2023-03-13 12:00:00-04:00
1336_lower,1336,2023-03-13,2023-03-13 10:30:00-04:00,2023-04-11 10:30:00-04:00,lower,11631.064236699043,
1337_upper,1337,2023-03-14,2023-03-14 10:30:00-04:00,2023-04-12 10:30:00-04:00,upper,12425.847227298753,2023-03-15 19:00:00-04:00
1337_lower,1337,2023-03-14,2023-03-14 10:30:00-04:00,2023-04-12 10:30:00-04:00,lower,12038.152772701247,
1338_upper,1338,2023-03-15,2023-03-15 10:30:00-04:00,2023-04-13 10:30:00-04:00,upper,12388.705373167631,2023-03-15 14:27:00-04:00
1338_lower,1338,2023-03-15,2023-03-15 10:30:00-04:00,2023-04-13 10:30:00-04:00,lower,12051.044626832369,
1339_upper,1339,2023-03-16,2023-03-16 10:30:00-04:00,2023-04-14 10:30:00-04:00,upper,12561.9280863524,2023-03-16 11:17:00-04:00
1339_lower,1339,2023-03-16,2023-03-16 10:30:00-04:00,2023-04-14 10:30:00-04:00,lower,12157.8219136476,
1340_upper,1340,2023-03-17,2023-03-17 10:30:00-04:00,2023-04-17 10:30:00-04:00,upper,12931.941706894118,2023-03-22 10:28:00-04:00
1340_lower,1340,2023-03-17,2023-03-17 10:30:00-04:00,2023-04-17 10:30:00-04:00,lower,12521.058293105882,
1341_upper,1341,2023-03-20,2023-03-20 10:30:00-04:00,2023-04-18 10:30:00-04:00,upper,12790.780595621574,2023-03-21 07:54:00-04:00
1341_lower,1341,2023-03-20,2023-03-20 10:30:00-04:00,2023-04-18 10:30:00-04:00,lower,12413.469404378426,
1342_upper,1342,2023-03-21,2023-03-21 10:30:00-04:00,2023-04-19 10:30:00-04:00,upper,12963.594233131811,2023-03-22 14:00:00-04:00
1342_lower,1342,2023-03-21,2023-03-21 10:30:00-04:00,2023-04-19 10:30:00-04:00,lower,12597.280766868189,
1343_upper,1343,2023-03-22,2023-03-22 10:30:00-04:00,2023-04-20 10:30:00-04:00,upper,13042.357451659473,2023-03-22 14:06:00-04:00
1343_lower,1343,2023-03-22,2023-03-22 10:30:00-04:00,2023-04-20 10:30:00-04:00,lower,12725.517548340527,2023-03-22 15:55:00-04:00
1344_upper,1344,2023-03-23,2023-03-23 10:30:00-04:00,2023-04-21 10:30:00-04:00,upper,13059.286878406123,2023-03-30 08:35:00-04:00
1344_lower,1344,2023-03-23,2023-03-23 10:30:00-04:00,2023-04-21 10:30:00-04:00,lower,12698.588121593877,2023-03-28 09:38:00-04:00
1345_upper,1345,2023-03-24,2023-03-24 10:30:00-04:00,2023-04-24 10:30:00-04:00,upper,12988.431814304487,2023-03-29 15:49:00-04:00
1345_lower,1345,2023-03-24,2023-03-24 10:30:00-04:00,2023-04-24 10:30:00-04:00,lower,12628.818185695513,
1346_upper,1346,2023-03-27,2023-03-27 10:30:00-04:00,2023-04-25 10:30:00-04:00,upper,13082.080000874665,2023-03-30 10:00:00-04:00
1346_lower,1346,2023-03-27,2023-03-27 10:30:00-04:00,2023-04-25 10:30:00-04:00,lower,12757.419999125335,2023-03-28 03:57:00-04:00
1347_upper,1347,2023-03-28,2023-03-28 10:30:00-04:00,2023-04-26 10:30:00-04:00,upper,12916.74661783818,2023-03-29 09:36:00-04:00
1347_lower,1347,2023-03-28,2023-03-28 10:30:00-04:00,2023-04-26 10:30:00-04:00,lower,12584.62838216182,
1348_upper,1348,2023-03-29,2023-03-29 10:30:00-04:00,2023-04-27 10:30:00-04:00,upper,13021.450338975124,2023-03-30 06:39:00-04:00
1348_lower,1348,2023-03-29,2023-03-29 10:30:00-04:00,2023-04-27 10:30:00-04:00,lower,12772.674661024876,
1349_upper,1349,2023-03-30,2023-03-30 10:30:00-04:00,2023-04-28 10:30:00-04:00,upper,13204.348726029217,2023-03-31 11:51:00-04:00
1349_lower,1349,2023-03-30,2023-03-30 10:30:00-04:00,2023-04-28 10:30:00-04:00,lower,12926.276273970783,2023-04-12 19:58:00-04:00
1350_upper,1350,2023-03-31,2023-03-31 10:30:00-04:00,2023-05-01 10:30:00-04:00,upper,13250.913409322617,2023-03-31 14:08:00-04:00
1350_lower,1350,2023-03-31,2023-03-31 10:30:00-04:00,2023-05-01 10:30:00-04:00,lower,12962.586590677383,2023-04-06 09:35:00-04:00
1351_upper,1351,2023-04-03,2023-04-03 10:30:00-04:00,2023-05-02 10:30:00-04:00,upper,13355.632739452136,2023-05-01 02:42:00-04:00
1351_lower,1351,2023-04-03,2023-04-03 10:30:00-04:00,2023-05-02 10:30:00-04:00,lower,13087.617260547864,2023-04-05 10:30:00-04:00
1352_upper,1352,2023-04-04,2023-04-04 10:30:00-04:00,2023-05-03 10:30:00-04:00,upper,13435.398524514181,
1352_lower,1352,2023-04-04,2023-04-04 10:30:00-04:00,2023-05-03 10:30:00-04:00,lower,13127.726475485819,2023-04-05 09:48:00-04:00
1353_upper,1353,2023-04-05,2023-04-05 10:30:00-04:00,2023-05-04 10:30:00-04:00,upper,13309.671854218543,2023-04-27 16:01:00-04:00
1353_lower,1353,2023-04-05,2023-04-05 10:30:00-04:00,2023-05-04 10:30:00-04:00,lower,12997.078145781457,2023-04-06 06:01:00-04:00
1354_upper,1354,2023-04-06,2023-04-06 10:30:00-04:00,2023-05-05 10:30:00-04:00,upper,13165.625471262523,2023-04-06 13:40:00-04:00
1354_lower,1354,2023-04-06,2023-04-06 10:30:00-04:00,2023-05-05 10:30:00-04:00,lower,12850.499528737477,2023-04-25 14:08:00-04:00
1355_upper,1355,2023-04-10,2023-04-10 10:30:00-04:00,2023-05-08 10:30:00-04:00,upper,13167.11808681727,2023-04-10 16:03:00-04:00
1355_lower,1355,2023-04-10,2023-04-10 10:30:00-04:00,2023-05-08 10:30:00-04:00,lower,12885.50691318273,2023-04-25 13:15:00-04:00
1356_upper,1356,2023-04-11,2023-04-11 10:30:00-04:00,2023-05-09 10:30:00-04:00,upper,13288.407957258067,2023-04-18 07:32:00-04:00
1356_lower,1356,2023-04-11,2023-04-11 10:30:00-04:00,2023-05-09 10:30:00-04:00,lower,12985.342042741933,2023-04-12 11:11:00-04:00
1357_upper,1357,2023-04-12,2023-04-12 10:30:00-04:00,2023-05-10 10:30:00-04:00,upper,13325.43956324313,2023-04-27 16:02:00-04:00
1357_lower,1357,2023-04-12,2023-04-12 10:30:00-04:00,2023-05-10 10:30:00-04:00,lower,12938.56043675687,2023-04-12 15:55:00-04:00
1358_upper,1358,2023-04-13,2023-04-13 10:30:00-04:00,2023-05-11 10:30:00-04:00,upper,13224.416321876422,2023-04-13 15:21:00-04:00
1358_lower,1358,2023-04-13,2023-04-13 10:30:00-04:00,2023-05-11 10:30:00-04:00,lower,12882.333678123578,2023-04-25 13:15:00-04:00
1359_upper,1359,2023-04-14,2023-04-14 10:30:00-04:00,2023-05-12 10:30:00-04:00,upper,13334.706063224334,2023-04-28 16:01:00-04:00
1359_lower,1359,2023-04-14,2023-04-14 10:30:00-04:00,2023-05-12 10:30:00-04:00,lower,12998.293936775666,2023-04-21 09:59:00-04:00
1360_upper,1360,2023-04-17,2023-04-17 10:30:00-04:00,2023-05-15 10:30:00-04:00,upper,13290.835960841716,2023-04-18 07:32:00-04:00
1360_lower,1360,2023-04-17,2023-04-17 10:30:00-04:00,2023-05-15 10:30:00-04:00,lower,13043.789039158284,2023-04-20 04:37:00-04:00
1361_upper,1361,2023-04-18,2023-04-18 10:30:00-04:00,2023-05-16 10:30:00-04:00,upper,13432.248219808838,2023-05-10 10:16:00-04:00
1361_lower,1361,2023-04-18,2023-04-18 10:30:00-04:00,2023-05-16 10:30:00-04:00,lower,13075.001780191162,2023-04-19 05:46:00-04:00
1362_upper,1362,2023-04-19,2023-04-19 10:30:00-04:00,2023-05-17 10:30:00-04:00,upper,13206.08034834591,2023-04-19 12:42:00-04:00
1362_lower,1362,2023-04-19,2023-04-19 10:30:00-04:00,2023-05-17 10:30:00-04:00,lower,12985.79465165409,2023-04-21 10:02:00-04:00
1363_upper,1363,2023-04-20,2023-04-20 10:30:00-04:00,2023-05-18 10:30:00-04:00,upper,13223.205452748582,2023-04-27 14:19:00-04:00
1363_lower,1363,2023-04-20,2023-04-20 10:30:00-04:00,2023-05-18 10:30:00-04:00,lower,12927.294547251418,2023-04-25 11:51:00-04:00
1364_upper,1364,2023-04-21,2023-04-21 10:30:00-04:00,2023-05-19 10:30:00-04:00,upper,13191.89607011248,2023-04-27 13:33:00-04:00
1364_lower,1364,2023-04-21,2023-04-21 10:30:00-04:00,2023-05-19 10:30:00-04:00,lower,12897.97892988752,2023-04-25 12:33:00-04:00
1365_upper,1365,2023-04-24,2023-04-24 10:30:00-04:00,2023-05-22 10:30:00-04:00,upper,13216.34506847625,2023-04-27 13:48:00-04:00
1365_lower,1365,2023-04-24,2023-04-24 10:30:00-04:00,2023-05-22 10:30:00-04:00,lower,12955.15493152375,2023-04-25 10:11:00-04:00
1366_upper,1366,2023-04-25,2023-04-25 10:30:00-04:00,2023-05-23 10:30:00-04:00,upper,13111.744426514826,2023-04-27 10:40:00-04:00
1366_lower,1366,2023-04-25,2023-04-25 10:30:00-04:00,2023-05-23 10:30:00-04:00,lower,12852.755573485174,2023-04-25 14:08:00-04:00
1367_upper,1367,2023-04-26,2023-04-26 10:30:00-04:00,2023-05-24 10:30:00-04:00,upper,13074.276268390819,2023-04-27 10:14:00-04:00
1367_lower,1367,2023-04-26,2023-04-26 10:30:00-04:00,2023-05-24 10:30:00-04:00,lower,12807.973731609181,
1368_upper,1368,2023-04-27,2023-04-27 10:30:00-04:00,2023-05-25 10:30:00-04:00,upper,13186.605451452378,2023-04-27 13:25:00-04:00
1368_lower,1368,2023-04-27,2023-04-27 10:30:00-04:00,2023-05-25 10:30:00-04:00,lower,12906.894548547622,
1369_upper,1369,2023-04-28,2023-04-28 10:30:00-04:00,2023-05-26 10:30:00-04:00,upper,13389.14088078941,2023-05-10 08:43:00-04:00
1369_lower,1369,2023-04-28,2023-04-28 10:30:00-04:00,2023-05-26 10:30:00-04:00,lower,13063.35911921059,2023-05-03 18:00:00-04:00
1370_upper,1370,2023-05-01,2023-05-01 10:30:00-04:00,2023-05-29 10:30:00-04:00,upper,13405.759780226956,2023-05-10 09:14:00-04:00
1370_lower,1370,2023-05-01,2023-05-01 10:30:00-04:00,2023-05-29 10:30:00-04:00,lower,13198.865219773044,2023-05-02 10:28:00-04:00
1371_upper,1371,2023-05-02,2023-05-02 10:30:00-04:00,2023-05-30 10:30:00-04:00,upper,13433.332366379553,2023-05-10 10:16:00-04:00
1371_lower,1371,2023-05-02,2023-05-02 10:30:00-04:00,2023-05-30 10:30:00-04:00,lower,13123.167633620447,2023-05-02 11:02:00-04:00
1372_upper,1372,2023-05-03,2023-05-03 10:30:00-04:00,2023-05-31 10:30:00-04:00,upper,13324.144114267667,2023-05-05 14:27:00-04:00
1372_lower,1372,2023-05-03,2023-05-03 10:30:00-04:00,2023-05-31 10:30:00-04:00,lower,13089.480885732333,2023-05-03 16:49:00-04:00
1373_upper,1373,2023-05-04,2023-05-04 10:30:00-04:00,2023-06-01 10:30:00-04:00,upper,13205.216564341516,2023-05-05 10:05:00-04:00
1373_lower,1373,2023-05-04,2023-05-04 10:30:00-04:00,2023-06-01 10:30:00-04:00,lower,12921.408435658484,
1374_upper,1374,2023-05-05,2023-05-05 10:30:00-04:00,2023-06-02 10:30:00-04:00,upper,13337.677447200946,2023-05-05 14:46:00-04:00
1374_lower,1374,2023-05-05,2023-05-05 10:30:00-04:00,2023-06-02 10:30:00-04:00,lower,12984.697552799054,
1375_upper,1375,2023-05-08,2023-05-08 10:30:00-04:00,2023-06-05 10:30:00-04:00,upper,13404.39518831247,2023-05-10 09:14:00-04:00
1375_lower,1375,2023-05-08,2023-05-08 10:30:00-04:00,2023-06-05 10:30:00-04:00,lower,13182.35481168753,
1376_upper,1376,2023-05-09,2023-05-09 10:30:00-04:00,2023-06-06 10:30:00-04:00,upper,13393.786760311754,2023-05-10 09:01:00-04:00
1376_lower,1376,2023-05-09,2023-05-09 10:30:00-04:00,2023-06-06 10:30:00-04:00,lower,13183.213239688246,
1377_upper,1377,2023-05-10,2023-05-10 10:30:00-04:00,2023-06-07 10:30:00-04:00,upper,13533.825021140981,2023-05-16 11:29:00-04:00
1377_lower,1377,2023-05-10,2023-05-10 10:30:00-04:00,2023-06-07 10:30:00-04:00,lower,13210.174978859019,
1378_upper,1378,2023-05-11,2023-05-11 10:30:00-04:00,2023-06-08 10:30:00-04:00,upper,13534.553018318136,2023-05-16 11:29:00-04:00
1378_lower,1378,2023-05-11,2023-05-11 10:30:00-04:00,2023-06-08 10:30:00-04:00,lower,13295.446981681864,
1379_upper,1379,2023-05-12,2023-05-12 10:30:00-04:00,2023-06-09 10:30:00-04:00,upper,13597.896775099714,2023-05-17 12:52:00-04:00
1379_lower,1379,2023-05-12,2023-05-12 10:30:00-04:00,2023-06-09 10:30:00-04:00,lower,13311.103224900286,2023-05-12 14:01:00-04:00
1380_upper,1380,2023-05-15,2023-05-15 10:30:00-04:00,2023-06-12 10:30:00-04:00,upper,13535.083399979676,2023-05-16 11:29:00-04:00
1380_lower,1380,2023-05-15,2023-05-15 10:30:00-04:00,2023-06-12 10:30:00-04:00,lower,13271.541600020324,
1381_upper,1381,2023-05-16,2023-05-16 10:30:00-04:00,2023-06-13 10:30:00-04:00,upper,13591.31356342511,2023-05-17 12:47:00-04:00
1381_lower,1381,2023-05-16,2023-05-16 10:30:00-04:00,2023-06-13 10:30:00-04:00,lower,13319.81143657489,
1382_upper,1382,2023-05-17,2023-05-17 10:30:00-04:00,2023-06-14 10:30:00-04:00,upper,13644.796178394918,2023-05-17 13:27:00-04:00
1382_lower,1382,2023-05-17,2023-05-17 10:30:00-04:00,2023-06-14 10:30:00-04:00,lower,13387.953821605082,
1383_upper,1383,2023-05-18,2023-05-18 10:30:00-04:00,2023-06-15 10:30:00-04:00,upper,13864.687363522822,2023-05-18 15:42:00-04:00
1383_lower,1383,2023-05-18,2023-05-18 10:30:00-04:00,2023-06-15 10:30:00-04:00,lower,13510.062636477178,
1384_upper,1384,2023-05-19,2023-05-19 10:30:00-04:00,2023-06-16 10:30:00-04:00,upper,14019.324341696727,2023-05-25 14:00:00-04:00
1384_lower,1384,2023-05-19,2023-05-19 10:30:00-04:00,2023-06-16 10:30:00-04:00,lower,13774.300658303273,2023-05-23 13:30:00-04:00
1385_upper,1385,2023-05-22,2023-05-22 10:30:00-04:00,2023-06-19 10:30:00-04:00,upper,14023.150431764287,2023-05-25 14:01:00-04:00
1385_lower,1385,2023-05-22,2023-05-22 10:30:00-04:00,2023-06-19 10:30:00-04:00,lower,13721.724568235713,2023-05-23 14:24:00-04:00
1386_upper,1386,2023-05-23,2023-05-23 10:30:00-04:00,2023-06-20 10:30:00-04:00,upper,13960.341098163271,2023-05-25 08:19:00-04:00
1386_lower,1386,2023-05-23,2023-05-23 10:30:00-04:00,2023-06-20 10:30:00-04:00,lower,13720.783901836729,2023-05-23 14:24:00-04:00
1387_upper,1387,2023-05-24,2023-05-24 10:30:00-04:00,2023-06-21 10:30:00-04:00,upper,13787.40935431977,2023-05-24 16:23:00-04:00
1387_lower,1387,2023-05-24,2023-05-24 10:30:00-04:00,2023-06-21 10:30:00-04:00,lower,13486.34064568023,
1388_upper,1388,2023-05-25,2023-05-25 10:30:00-04:00,2023-06-22 10:30:00-04:00,upper,14111.79815269417,2023-05-26 09:52:00-04:00
1388_lower,1388,2023-05-25,2023-05-25 10:30:00-04:00,2023-06-22 10:30:00-04:00,lower,13751.45184730583,
1389_upper,1389,2023-05-26,2023-05-26 10:30:00-04:00,2023-06-23 10:30:00-04:00,upper,14306.763743362291,2023-05-26 12:22:00-04:00
1389_lower,1389,2023-05-26,2023-05-26 10:30:00-04:00,2023-06-23 10:30:00-04:00,lower,13826.611256637709,
1390_upper,1390,2023-05-29,2023-05-29 10:30:00-04:00,2023-06-26 10:30:00-04:00,upper,14476.488223883964,2023-05-30 04:18:00-04:00
1390_lower,1390,2023-05-29,2023-05-29 10:30:00-04:00,2023-06-26 10:30:00-04:00,lower,14278.511776116036,2023-05-31 10:26:00-04:00
1391_upper,1391,2023-05-30,2023-05-30 10:30:00-04:00,2023-06-27 10:30:00-04:00,upper,14698.495060654932,2023-06-11 20:00:00-04:00
1391_lower,1391,2023-05-30,2023-05-30 10:30:00-04:00,2023-06-27 10:30:00-04:00,lower,14291.254939345068,2023-05-31 10:25:00-04:00
1392_upper,1392,2023-05-31,2023-05-31 10:30:00-04:00,2023-06-28 10:30:00-04:00,upper,14522.882699461417,2023-06-01 15:06:00-04:00
1392_lower,1392,2023-05-31,2023-05-31 10:30:00-04:00,2023-06-28 10:30:00-04:00,lower,14150.367300538583,
1393_upper,1393,2023-06-01,2023-06-01 10:30:00-04:00,2023-06-29 10:30:00-04:00,upper,14450.23979215567,2023-06-01 12:18:00-04:00
1393_lower,1393,2023-06-01,2023-06-01 10:30:00-04:00,2023-06-29 10:30:00-04:00,lower,14144.76020784433,
1394_upper,1394,2023-06-02,2023-06-02 10:30:00-04:00,2023-06-30 10:30:00-04:00,upper,14739.109810433052,2023-06-11 20:00:00-04:00
1394_lower,1394,2023-06-02,2023-06-02 10:30:00-04:00,2023-06-30 10:30:00-04:00,lower,14352.140189566948,2023-06-07 13:21:00-04:00
1395_upper,1395,2023-06-05,2023-06-05 10:30:00-04:00,2023-07-03 10:30:00-04:00,upper,14720.491355869983,2023-06-11 20:00:00-04:00
1395_lower,1395,2023-06-05,2023-06-05 10:30:00-04:00,2023-07-03 10:30:00-04:00,lower,14457.758644130017,2023-06-07 10:52:00-04:00
1396_upper,1396,2023-06-06,2023-06-06 10:30:00-04:00,2023-07-04 10:30:00-04:00,upper,14678.69495248501,2023-06-09 10:15:00-04:00
1396_lower,1396,2023-06-06,2023-06-06 10:30:00-04:00,2023-07-04 10:30:00-04:00,lower,14425.43004751499,2023-06-07 12:17:00-04:00
1397_upper,1397,2023-06-07,2023-06-07 10:30:00-04:00,2023-07-05 10:30:00-04:00,upper,14769.952411515118,2023-06-11 20:00:00-04:00
1397_lower,1397,2023-06-07,2023-06-07 10:30:00-04:00,2023-07-05 10:30:00-04:00,lower,14425.422588484882,2023-06-07 12:17:00-04:00
1398_upper,1398,2023-06-08,2023-06-08 10:30:00-04:00,2023-07-06 10:30:00-04:00,upper,14491.192093040883,2023-06-08 11:10:00-04:00
1398_lower,1398,2023-06-08,2023-06-08 10:30:00-04:00,2023-07-06 10:30:00-04:00,lower,14222.432906959117,
1399_upper,1399,2023-06-09,2023-06-09 10:30:00-04:00,2023-07-07 10:30:00-04:00,upper,14752.382499843849,2023-06-11 20:00:00-04:00
1399_lower,1399,2023-06-09,2023-06-09 10:30:00-04:00,2023-07-07 10:30:00-04:00,lower,14431.617500156151,
1400_upper,1400,2023-06-12,2023-06-12 10:30:00-04:00,2023-07-10 10:30:00-04:00,upper,14904.108530404237,2023-06-12 14:46:00-04:00
1400_lower,1400,2023-06-12,2023-06-12 10:30:00-04:00,2023-07-10 10:30:00-04:00,lower,14691.516469595763,
1401_upper,1401,2023-06-13,2023-06-13 10:30:00-04:00,2023-07-11 10:30:00-04:00,upper,15270.467714616454,2023-06-15 10:48:00-04:00
1401_lower,1401,2023-06-13,2023-06-13 10:30:00-04:00,2023-07-11 10:30:00-04:00,lower,14873.032285383546,2023-06-26 15:48:00-04:00
1402_upper,1402,2023-06-14,2023-06-14 10:30:00-04:00,2023-07-12 10:30:00-04:00,upper,15264.331532375792,2023-06-15 10:27:00-04:00
1402_lower,1402,2023-06-14,2023-06-14 10:30:00-04:00,2023-07-12 10:30:00-04:00,lower,14943.293467624208,2023-06-26 12:07:00-04:00
1403_upper,1403,2023-06-15,2023-06-15 10:30:00-04:00,2023-07-13 10:30:00-04:00,upper,15350.491572907664,2023-06-15 13:55:00-04:00
1403_lower,1403,2023-06-15,2023-06-15 10:30:00-04:00,2023-07-13 10:30:00-04:00,lower,14982.883427092336,2023-06-22 02:04:00-04:00
1404_upper,1404,2023-06-16,2023-06-16 10:30:00-04:00,2023-07-14 10:30:00-04:00,upper,15617.071438799921,2023-07-13 09:54:00-04:00
1404_lower,1404,2023-06-16,2023-06-16 10:30:00-04:00,2023-07-14 10:30:00-04:00,lower,15258.178561200079,2023-06-19 04:38:00-04:00
1405_upper,1405,2023-06-19,2023-06-19 10:30:00-04:00,2023-07-17 10:30:00-04:00,upper,15328.801158175287,2023-06-30 09:50:00-04:00
1405_lower,1405,2023-06-19,2023-06-19 10:30:00-04:00,2023-07-17 10:30:00-04:00,lower,15163.948841824713,2023-06-20 10:21:00-04:00
1406_upper,1406,2023-06-20,2023-06-20 10:30:00-04:00,2023-07-18 10:30:00-04:00,upper,15422.483416028066,2023-07-05 10:27:00-04:00
1406_lower,1406,2023-06-20,2023-06-20 10:30:00-04:00,2023-07-18 10:30:00-04:00,lower,15007.641583971934,2023-06-21 11:19:00-04:00
1407_upper,1407,2023-06-21,2023-06-21 10:30:00-04:00,2023-07-19 10:30:00-04:00,upper,15349.448555640254,2023-06-30 10:16:00-04:00
1407_lower,1407,2023-06-21,2023-06-21 10:30:00-04:00,2023-07-19 10:30:00-04:00,lower,14999.926444359746,2023-06-22 01:06:00-04:00
1408_upper,1408,2023-06-22,2023-06-22 10:30:00-04:00,2023-07-20 10:30:00-04:00,upper,15219.85902784533,2023-06-22 16:20:00-04:00
1408_lower,1408,2023-06-22,2023-06-22 10:30:00-04:00,2023-07-20 10:30:00-04:00,lower,14818.14097215467,
1409_upper,1409,2023-06-23,2023-06-23 10:30:00-04:00,2023-07-21 10:30:00-04:00,upper,15177.588624350847,2023-06-28 10:37:00-04:00
1409_lower,1409,2023-06-23,2023-06-23 10:30:00-04:00,2023-07-21 10:30:00-04:00,lower,14902.411375649153,2023-06-26 12:39:00-04:00
1410_upper,1410,2023-06-26,2023-06-26 10:30:00-04:00,2023-07-24 10:30:00-04:00,upper,15222.315679177646,2023-06-30 08:30:00-04:00
1410_lower,1410,2023-06-26,2023-06-26 10:30:00-04:00,2023-07-24 10:30:00-04:00,lower,14902.684320822354,2023-06-26 12:39:00-04:00
1411_upper,1411,2023-06-27,2023-06-27 10:30:00-04:00,2023-07-25 10:30:00-04:00,upper,15061.819695958933,2023-06-27 12:45:00-04:00
1411_lower,1411,2023-06-27,2023-06-27 10:30:00-04:00,2023-07-25 10:30:00-04:00,lower,14789.430304041067,
1412_upper,1412,2023-06-28,2023-06-28 10:30:00-04:00,2023-07-26 10:30:00-04:00,upper,15216.553831486508,2023-06-28 12:16:00-04:00
1412_lower,1412,2023-06-28,2023-06-28 10:30:00-04:00,2023-07-26 10:30:00-04:00,lower,14900.196168513492,
1413_upper,1413,2023-06-29,2023-06-29 10:30:00-04:00,2023-07-27 10:30:00-04:00,upper,15250.944024567976,2023-06-30 08:38:00-04:00
1413_lower,1413,2023-06-29,2023-06-29 10:30:00-04:00,2023-07-27 10:30:00-04:00,lower,14958.305975432024,
1414_upper,1414,2023-06-30,2023-06-30 10:30:00-04:00,2023-07-28 10:30:00-04:00,upper,15449.056489049208,2023-07-12 09:48:00-04:00
1414_lower,1414,2023-06-30,2023-06-30 10:30:00-04:00,2023-07-28 10:30:00-04:00,lower,15110.568510950792,2023-07-10 01:39:00-04:00
1415_upper,1415,2023-07-03,2023-07-03 10:30:00-04:00,2023-07-31 10:30:00-04:00,upper,15465.409179853163,2023-07-12 09:54:00-04:00
1415_lower,1415,2023-07-03,2023-07-03 10:30:00-04:00,2023-07-31 10:30:00-04:00,lower,15253.465820146837,2023-07-06 08:16:00-04:00
1416_upper,1416,2023-07-04,2023-07-04 10:30:00-04:00,2023-08-01 10:30:00-04:00,upper,15442.20868144968,2023-07-12 09:31:00-04:00
1416_lower,1416,2023-07-04,2023-07-04 10:30:00-04:00,2023-08-01 10:30:00-04:00,lower,15280.29131855032,2023-07-05 05:21:00-04:00
1417_upper,1417,2023-07-05,2023-07-05 10:30:00-04:00,2023-08-02 10:30:00-04:00,upper,15490.741120261606,2023-07-12 10:10:00-04:00
1417_lower,1417,2023-07-05,2023-07-05 10:30:00-04:00,2023-08-02 10:30:00-04:00,lower,15160.758879738394,2023-07-06 09:34:00-04:00
1418_upper,1418,2023-07-06,2023-07-06 10:30:00-04:00,2023-08-03 10:30:00-04:00,upper,15325.586992197508,2023-07-07 12:35:00-04:00
1418_lower,1418,2023-07-06,2023-07-06 10:30:00-04:00,2023-08-03 10:30:00-04:00,lower,15033.288007802492,
1419_upper,1419,2023-07-07,2023-07-07 10:30:00-04:00,2023-08-04 10:30:00-04:00,upper,15370.649332871444,2023-07-12 08:30:00-04:00
1419_lower,1419,2023-07-07,2023-07-07 10:30:00-04:00,2023-08-04 10:30:00-04:00,lower,15083.225667128556,2023-07-10 02:00:00-04:00
1420_upper,1420,2023-07-10,2023-07-10 10:30:00-04:00,2023-08-07 10:30:00-04:00,upper,15329.065286910525,2023-07-12 08:30:00-04:00
1420_lower,1420,2023-07-10,2023-07-10 10:30:00-04:00,2023-08-07 10:30:00-04:00,lower,14989.559713089475,
1421_upper,1421,2023-07-11,2023-07-11 10:30:00-04:00,2023-08-08 10:30:00-04:00,upper,15354.197339473543,2023-07-12 08:30:00-04:00
1421_lower,1421,2023-07-11,2023-07-11 10:30:00-04:00,2023-08-08 10:30:00-04:00,lower,15019.302660526457,
1422_upper,1422,2023-07-12,2023-07-12 10:30:00-04:00,2023-08-09 10:30:00-04:00,upper,15593.02933420335,2023-07-13 09:33:00-04:00
1422_lower,1422,2023-07-12,2023-07-12 10:30:00-04:00,2023-08-09 10:30:00-04:00,lower,15295.34566579665,2023-08-08 09:49:00-04:00
1423_upper,1423,2023-07-13,2023-07-13 10:30:00-04:00,2023-08-10 10:30:00-04:00,upper,15700.785024918223,2023-07-13 15:11:00-04:00
1423_lower,1423,2023-07-13,2023-07-13 10:30:00-04:00,2023-08-10 10:30:00-04:00,lower,15462.339975081777,2023-08-02 11:55:00-04:00
1424_upper,1424,2023-07-14,2023-07-14 10:30:00-04:00,2023-08-11 10:30:00-04:00,upper,15925.99529668927,2023-07-18 12:38:00-04:00
1424_lower,1424,2023-07-14,2023-07-14 10:30:00-04:00,2023-08-11 10:30:00-04:00,lower,15585.37970331073,2023-07-20 15:08:00-04:00
1425_upper,1425,2023-07-17,2023-07-17 10:30:00-04:00,2023-08-14 10:30:00-04:00,upper,15858.864712675717,2023-07-17 15:18:00-04:00
1425_lower,1425,2023-07-17,2023-07-17 10:30:00-04:00,2023-08-14 10:30:00-04:00,lower,15616.010287324283,2023-07-20 14:28:00-04:00
1426_upper,1426,2023-07-18,2023-07-18 10:30:00-04:00,2023-08-15 10:30:00-04:00,upper,15925.310503620953,2023-07-18 12:38:00-04:00
1426_lower,1426,2023-07-18,2023-07-18 10:30:00-04:00,2023-08-15 10:30:00-04:00,lower,15664.439496379047,2023-07-20 14:15:00-04:00
1427_upper,1427,2023-07-19,2023-07-19 10:30:00-04:00,2023-08-16 10:30:00-04:00,upper,16125.973888731118,
1427_lower,1427,2023-07-19,2023-07-19 10:30:00-04:00,2023-08-16 10:30:00-04:00,lower,15890.776111268882,2023-07-19 18:12:00-04:00
1428_upper,1428,2023-07-20,2023-07-20 10:30:00-04:00,2023-08-17 10:30:00-04:00,upper,16011.65419463464,
1428_lower,1428,2023-07-20,2023-07-20 10:30:00-04:00,2023-08-17 10:30:00-04:00,lower,15639.84580536536,2023-07-20 14:20:00-04:00
1429_upper,1429,2023-07-21,2023-07-21 10:30:00-04:00,2023-08-18 10:30:00-04:00,upper,15859.536583333522,2023-07-27 09:34:00-04:00
1429_lower,1429,2023-07-21,2023-07-21 10:30:00-04:00,2023-08-18 10:30:00-04:00,lower,15462.838416666478,2023-08-02 11:55:00-04:00
1430_upper,1430,2023-07-24,2023-07-24 10:30:00-04:00,2023-08-21 10:30:00-04:00,upper,15733.790026855968,2023-07-25 14:44:00-04:00
1430_lower,1430,2023-07-24,2023-07-24 10:30:00-04:00,2023-08-21 10:30:00-04:00,lower,15395.959973144032,2023-08-03 03:00:00-04:00
1431_upper,1431,2023-07-25,2023-07-25 10:30:00-04:00,2023-08-22 10:30:00-04:00,upper,15742.498902542808,2023-07-27 03:19:00-04:00
1431_lower,1431,2023-07-25,2023-07-25 10:30:00-04:00,2023-08-22 10:30:00-04:00,lower,15476.501097457192,2023-08-02 11:48:00-04:00
1432_upper,1432,2023-07-26,2023-07-26 10:30:00-04:00,2023-08-23 10:30:00-04:00,upper,15735.230728813007,2023-07-27 03:19:00-04:00
1432_lower,1432,2023-07-26,2023-07-26 10:30:00-04:00,2023-08-23 10:30:00-04:00,lower,15486.394271186993,2023-08-02 10:58:00-04:00
1433_upper,1433,2023-07-27,2023-07-27 10:30:00-04:00,2023-08-24 10:30:00-04:00,upper,16004.231034442899,
1433_lower,1433,2023-07-27,2023-07-27 10:30:00-04:00,2023-08-24 10:30:00-04:00,lower,15666.143965557101,2023-07-27 14:11:00-04:00
1434_upper,1434,2023-07-28,2023-07-28 10:30:00-04:00,2023-08-25 10:30:00-04:00,upper,15913.786617343027,2023-07-30 18:40:00-04:00
1434_lower,1434,2023-07-28,2023-07-28 10:30:00-04:00,2023-08-25 10:30:00-04:00,lower,15596.463382656973,2023-08-02 04:19:00-04:00
1435_upper,1435,2023-07-31,2023-07-31 10:30:00-04:00,2023-08-28 10:30:00-04:00,upper,15999.861359899873,
1435_lower,1435,2023-07-31,2023-07-31 10:30:00-04:00,2023-08-28 10:30:00-04:00,lower,15715.263640100127,2023-08-01 18:00:00-04:00
1436_upper,1436,2023-08-01,2023-08-01 10:30:00-04:00,2023-08-29 10:30:00-04:00,upper,15918.393885755464,
1436_lower,1436,2023-08-01,2023-08-01 10:30:00-04:00,2023-08-29 10:30:00-04:00,lower,15649.856114244536,2023-08-02 03:51:00-04:00
1437_upper,1437,2023-08-02,2023-08-02 10:30:00-04:00,2023-08-30 10:30:00-04:00,upper,15810.42718150578,
1437_lower,1437,2023-08-02,2023-08-02 10:30:00-04:00,2023-08-30 10:30:00-04:00,lower,15453.69781849422,2023-08-02 11:56:00-04:00
1438_upper,1438,2023-08-03,2023-08-03 10:30:00-04:00,2023-08-31 10:30:00-04:00,upper,15551.66550424739,2023-08-03 16:30:00-04:00
1438_lower,1438,2023-08-03,2023-08-03 10:30:00-04:00,2023-08-31 10:30:00-04:00,lower,15215.33449575261,2023-08-09 10:56:00-04:00
1439_upper,1439,2023-08-04,2023-08-04 10:30:00-04:00,2023-09-01 10:30:00-04:00,upper,15724.349699057788,
1439_lower,1439,2023-08-04,2023-08-04 10:30:00-04:00,2023-09-01 10:30:00-04:00,lower,15275.275300942212,2023-08-08 09:50:00-04:00
1440_upper,1440,2023-08-07,2023-08-07 10:30:00-04:00,2023-09-04 10:30:00-04:00,upper,15599.655917990221,2023-08-31 10:31:00-04:00
1440_lower,1440,2023-08-07,2023-08-07 10:30:00-04:00,2023-09-04 10:30:00-04:00,lower,15248.969082009779,2023-08-08 10:17:00-04:00
1441_upper,1441,2023-08-08,2023-08-08 10:30:00-04:00,2023-09-05 10:30:00-04:00,upper,15526.735964053696,2023-08-30 22:23:00-04:00
1441_lower,1441,2023-08-08,2023-08-08 10:30:00-04:00,2023-09-05 10:30:00-04:00,lower,15164.014035946304,2023-08-09 11:17:00-04:00
1442_upper,1442,2023-08-09,2023-08-09 10:30:00-04:00,2023-09-06 10:30:00-04:00,upper,15501.329726245434,2023-08-30 10:12:00-04:00
1442_lower,1442,2023-08-09,2023-08-09 10:30:00-04:00,2023-09-06 10:30:00-04:00,lower,15172.545273754566,2023-08-09 11:16:00-04:00
1443_upper,1443,2023-08-10,2023-08-10 10:30:00-04:00,2023-09-07 10:30:00-04:00,upper,15536.394701010333,2023-08-31 08:30:00-04:00
1443_lower,1443,2023-08-10,2023-08-10 10:30:00-04:00,2023-09-07 10:30:00-04:00,lower,15122.105298989667,2023-08-11 08:34:00-04:00
1444_upper,1444,2023-08-11,2023-08-11 10:30:00-04:00,2023-09-08 10:30:00-04:00,upper,15272.55281621694,2023-08-14 15:59:00-04:00
1444_lower,1444,2023-08-11,2023-08-11 10:30:00-04:00,2023-09-08 10:30:00-04:00,lower,14932.32218378306,2023-08-16 16:00:00-04:00
1445_upper,1445,2023-08-14,2023-08-14 10:30:00-04:00,2023-09-11 10:30:00-04:00,upper,15261.91427650943,2023-08-14 15:58:00-04:00
1445_lower,1445,2023-08-14,2023-08-14 10:30:00-04:00,2023-09-11 10:30:00-04:00,lower,14910.33572349057,2023-08-16 20:19:00-04:00
1446_upper,1446,2023-08-15,2023-08-15 10:30:00-04:00,2023-09-12 10:30:00-04:00,upper,15388.335234255417,2023-08-23 22:58:00-04:00
1446_lower,1446,2023-08-15,2023-08-15 10:30:00-04:00,2023-09-12 10:30:00-04:00,lower,15022.789765744583,2023-08-16 12:11:00-04:00
1447_upper,1447,2023-08-16,2023-08-16 10:30:00-04:00,2023-09-13 10:30:00-04:00,upper,15240.349559041908,2023-08-23 13:53:00-04:00
1447_lower,1447,2023-08-16,2023-08-16 10:30:00-04:00,2023-09-13 10:30:00-04:00,lower,14936.900440958092,2023-08-16 16:00:00-04:00
1448_upper,1448,2023-08-17,2023-08-17 10:30:00-04:00,2023-09-14 10:30:00-04:00,upper,15146.934572869004,2023-08-23 10:41:00-04:00
1448_lower,1448,2023-08-17,2023-08-17 10:30:00-04:00,2023-09-14 10:30:00-04:00,lower,14792.065427130996,2023-08-17 15:08:00-04:00
1449_upper,1449,2023-08-18,2023-08-18 10:30:00-04:00,2023-09-15 10:30:00-04:00,upper,14795.812625115403,2023-08-18 15:46:00-04:00
1449_lower,1449,2023-08-18,2023-08-18 10:30:00-04:00,2023-09-15 10:30:00-04:00,lower,14489.562374884597,
1450_upper,1450,2023-08-21,2023-08-21 10:30:00-04:00,2023-09-18 10:30:00-04:00,upper,15019.240872959776,2023-08-22 03:09:00-04:00
1450_lower,1450,2023-08-21,2023-08-21 10:30:00-04:00,2023-09-18 10:30:00-04:00,lower,14658.509127040224,
1451_upper,1451,2023-08-22,2023-08-22 10:30:00-04:00,2023-09-19 10:30:00-04:00,upper,15225.156657255098,2023-08-23 13:30:00-04:00
1451_lower,1451,2023-08-22,2023-08-22 10:30:00-04:00,2023-09-19 10:30:00-04:00,lower,14911.343342744902,2023-08-24 15:34:00-04:00
1452_upper,1452,2023-08-23,2023-08-23 10:30:00-04:00,2023-09-20 10:30:00-04:00,upper,15234.406444409102,2023-08-23 13:47:00-04:00
1452_lower,1452,2023-08-23,2023-08-23 10:30:00-04:00,2023-09-20 10:30:00-04:00,lower,14847.093555590898,2023-08-24 16:01:00-04:00
1453_upper,1453,2023-08-24,2023-08-24 10:30:00-04:00,2023-09-21 10:30:00-04:00,upper,15557.108813885221,2023-08-31 09:45:00-04:00
1453_lower,1453,2023-08-24,2023-08-24 10:30:00-04:00,2023-09-21 10:30:00-04:00,lower,14979.391186114779,2023-08-24 11:37:00-04:00
1454_upper,1454,2023-08-25,2023-08-25 10:30:00-04:00,2023-09-22 10:30:00-04:00,upper,15147.5071431492,2023-08-29 09:45:00-04:00
1454_lower,1454,2023-08-25,2023-08-25 10:30:00-04:00,2023-09-22 10:30:00-04:00,lower,14709.1178568508,
1455_upper,1455,2023-08-28,2023-08-28 10:30:00-04:00,2023-09-25 10:30:00-04:00,upper,15250.453204310528,2023-08-29 10:14:00-04:00
1455_lower,1455,2023-08-28,2023-08-28 10:30:00-04:00,2023-09-25 10:30:00-04:00,lower,14912.546795689472,2023-09-21 15:09:00-04:00
1456_upper,1456,2023-08-29,2023-08-29 10:30:00-04:00,2023-09-26 10:30:00-04:00,upper,15389.263558433442,2023-08-29 12:26:00-04:00
1456_lower,1456,2023-08-29,2023-08-29 10:30:00-04:00,2023-09-26 10:30:00-04:00,lower,14873.111441566558,2023-09-21 15:56:00-04:00
1457_upper,1457,2023-08-30,2023-08-30 10:30:00-04:00,2023-09-27 10:30:00-04:00,upper,15599.830401001627,2023-08-31 10:31:00-04:00
1457_lower,1457,2023-08-30,2023-08-30 10:30:00-04:00,2023-09-27 10:30:00-04:00,lower,15257.544598998373,2023-09-07 08:19:00-04:00
1458_upper,1458,2023-08-31,2023-08-31 10:30:00-04:00,2023-09-28 10:30:00-04:00,upper,15666.41106154671,2023-09-11 13:53:00-04:00
1458_lower,1458,2023-08-31,2023-08-31 10:30:00-04:00,2023-09-28 10:30:00-04:00,lower,15368.08893845329,2023-09-06 11:00:00-04:00
1459_upper,1459,2023-09-01,2023-09-01 10:30:00-04:00,2023-09-29 10:30:00-04:00,upper,15787.647199469717,
1459_lower,1459,2023-09-01,2023-09-01 10:30:00-04:00,2023-09-29 10:30:00-04:00,lower,15421.102800530283,2023-09-05 04:18:00-04:00
1460_upper,1460,2023-09-04,2023-09-04 10:30:00-04:00,2023-10-02 10:30:00-04:00,upper,15646.540851326616,2023-09-11 09:34:00-04:00
1460_lower,1460,2023-09-04,2023-09-04 10:30:00-04:00,2023-10-02 10:30:00-04:00,lower,15471.959148673384,2023-09-05 03:36:00-04:00
1461_upper,1461,2023-09-05,2023-09-05 10:30:00-04:00,2023-10-03 10:30:00-04:00,upper,15611.487959847653,2023-09-11 07:39:00-04:00
1461_lower,1461,2023-09-05,2023-09-05 10:30:00-04:00,2023-10-03 10:30:00-04:00,lower,15353.387040152347,2023-09-06 11:09:00-04:00
1462_upper,1462,2023-09-06,2023-09-06 10:30:00-04:00,2023-10-04 10:30:00-04:00,upper,15644.61898697415,2023-09-11 09:33:00-04:00
1462_lower,1462,2023-09-06,2023-09-06 10:30:00-04:00,2023-10-04 10:30:00-04:00,lower,15301.13101302585,2023-09-07 04:10:00-04:00
1463_upper,1463,2023-09-07,2023-09-07 10:30:00-04:00,2023-10-05 10:30:00-04:00,upper,15333.227966296941,2023-09-08 02:07:00-04:00
1463_lower,1463,2023-09-07,2023-09-07 10:30:00-04:00,2023-10-05 10:30:00-04:00,lower,15066.522033703059,2023-09-21 03:32:00-04:00
1464_upper,1464,2023-09-08,2023-09-08 10:30:00-04:00,2023-10-06 10:30:00-04:00,upper,15463.089770944049,2023-09-10 20:00:00-04:00
1464_lower,1464,2023-09-08,2023-09-08 10:30:00-04:00,2023-10-06 10:30:00-04:00,lower,15140.285229055951,2023-09-20 16:03:00-04:00
1465_upper,1465,2023-09-11,2023-09-11 10:30:00-04:00,2023-10-09 10:30:00-04:00,upper,15756.856378501387,
1465_lower,1465,2023-09-11,2023-09-11 10:30:00-04:00,2023-10-09 10:30:00-04:00,lower,15453.893621498613,2023-09-13 08:30:00-04:00
1466_upper,1466,2023-09-12,2023-09-12 10:30:00-04:00,2023-10-10 10:30:00-04:00,upper,15744.886249691968,
1466_lower,1466,2023-09-12,2023-09-12 10:30:00-04:00,2023-10-10 10:30:00-04:00,lower,15468.113750308032,2023-09-13 02:32:00-04:00
1467_upper,1467,2023-09-13,2023-09-13 10:30:00-04:00,2023-10-11 10:30:00-04:00,upper,15657.360315748407,2023-09-14 10:45:00-04:00
1467_lower,1467,2023-09-13,2023-09-13 10:30:00-04:00,2023-10-11 10:30:00-04:00,lower,15354.264684251593,2023-09-18 07:38:00-04:00
1468_upper,1468,2023-09-14,2023-09-14 10:30:00-04:00,2023-10-12 10:30:00-04:00,upper,15750.399262835508,
1468_lower,1468,2023-09-14,2023-09-14 10:30:00-04:00,2023-10-12 10:30:00-04:00,lower,15454.475737164492,2023-09-15 10:51:00-04:00
1469_upper,1469,2023-09-15,2023-09-15 10:30:00-04:00,2023-10-13 10:30:00-04:00,upper,15761.167446545598,
1469_lower,1469,2023-09-15,2023-09-15 10:30:00-04:00,2023-10-13 10:30:00-04:00,lower,15397.707553454402,2023-09-15 13:20:00-04:00
1470_upper,1470,2023-09-18,2023-09-18 10:30:00-04:00,2023-10-16 10:30:00-04:00,upper,15513.496006790534,
1470_lower,1470,2023-09-18,2023-09-18 10:30:00-04:00,2023-10-16 10:30:00-04:00,lower,15233.503993209466,2023-09-20 15:18:00-04:00
1471_upper,1471,2023-09-19,2023-09-19 10:30:00-04:00,2023-10-17 10:30:00-04:00,upper,15483.136482044578,
1471_lower,1471,2023-09-19,2023-09-19 10:30:00-04:00,2023-10-17 10:30:00-04:00,lower,15194.988517955422,2023-09-20 15:37:00-04:00
1472_upper,1472,2023-09-20,2023-09-20 10:30:00-04:00,2023-10-18 10:30:00-04:00,upper,15534.283410378452,
1472_lower,1472,2023-09-20,2023-09-20 10:30:00-04:00,2023-10-18 10:30:00-04:00,lower,15283.091589621548,2023-09-20 15:07:00-04:00
1473_upper,1473,2023-09-21,2023-09-21 10:30:00-04:00,2023-10-19 10:30:00-04:00,upper,15128.340690869729,2023-10-06 14:35:00-04:00
1473_lower,1473,2023-09-21,2023-09-21 10:30:00-04:00,2023-10-19 10:30:00-04:00,lower,14829.284309130271,2023-09-25 04:37:00-04:00
1474_upper,1474,2023-09-22,2023-09-22 10:30:00-04:00,2023-10-20 10:30:00-04:00,upper,15080.154280515824,2023-10-06 13:17:00-04:00
1474_lower,1474,2023-09-22,2023-09-22 10:30:00-04:00,2023-10-20 10:30:00-04:00,lower,14785.345719484176,2023-09-25 09:11:00-04:00
1475_upper,1475,2023-09-25,2023-09-25 10:30:00-04:00,2023-10-23 10:30:00-04:00,upper,15002.139490081412,2023-09-29 08:30:00-04:00
1475_lower,1475,2023-09-25,2023-09-25 10:30:00-04:00,2023-10-23 10:30:00-04:00,lower,14661.860509918588,2023-09-27 12:02:00-04:00
1476_upper,1476,2023-09-26,2023-09-26 10:30:00-04:00,2023-10-24 10:30:00-04:00,upper,14979.391837478037,2023-09-29 08:30:00-04:00
1476_lower,1476,2023-09-26,2023-09-26 10:30:00-04:00,2023-10-24 10:30:00-04:00,lower,14630.983162521963,2023-09-27 13:21:00-04:00
1477_upper,1477,2023-09-27,2023-09-27 10:30:00-04:00,2023-10-25 10:30:00-04:00,upper,14923.762000982895,2023-09-28 12:26:00-04:00
1477_lower,1477,2023-09-27,2023-09-27 10:30:00-04:00,2023-10-25 10:30:00-04:00,lower,14585.237999017105,2023-10-23 05:30:00-04:00
1478_upper,1478,2023-09-28,2023-09-28 10:30:00-04:00,2023-10-26 10:30:00-04:00,upper,14881.413858437982,2023-09-28 11:43:00-04:00
1478_lower,1478,2023-09-28,2023-09-28 10:30:00-04:00,2023-10-26 10:30:00-04:00,lower,14529.211141562018,2023-10-23 05:47:00-04:00
1479_upper,1479,2023-09-29,2023-09-29 10:30:00-04:00,2023-10-27 10:30:00-04:00,upper,15163.16498988088,2023-10-09 13:43:00-04:00
1479_lower,1479,2023-09-29,2023-09-29 10:30:00-04:00,2023-10-27 10:30:00-04:00,lower,14853.71001011912,2023-09-29 13:06:00-04:00
1480_upper,1480,2023-10-02,2023-10-02 10:30:00-04:00,2023-10-30 10:30:00-04:00,upper,15092.096920717682,2023-10-06 13:22:00-04:00
1480_lower,1480,2023-10-02,2023-10-02 10:30:00-04:00,2023-10-30 10:30:00-04:00,lower,14701.653079282318,2023-10-03 13:49:00-04:00
1481_upper,1481,2023-10-03,2023-10-03 10:30:00-04:00,2023-10-31 10:30:00-04:00,upper,15119.294026051684,2023-10-06 14:28:00-04:00
1481_lower,1481,2023-10-03,2023-10-03 10:30:00-04:00,2023-10-31 10:30:00-04:00,lower,14631.330973948316,2023-10-04 02:07:00-04:00
1482_upper,1482,2023-10-04,2023-10-04 10:30:00-04:00,2023-11-01 10:30:00-04:00,upper,14942.891097119413,2023-10-04 15:36:00-04:00
1482_lower,1482,2023-10-04,2023-10-04 10:30:00-04:00,2023-11-01 10:30:00-04:00,lower,14594.608902880587,2023-10-23 05:10:00-04:00
1483_upper,1483,2023-10-05,2023-10-05 10:30:00-04:00,2023-11-02 10:30:00-04:00,upper,15092.562129016664,2023-10-06 13:22:00-04:00
1483_lower,1483,2023-10-05,2023-10-05 10:30:00-04:00,2023-11-02 10:30:00-04:00,lower,14661.437870983336,2023-10-06 08:53:00-04:00
1484_upper,1484,2023-10-06,2023-10-06 10:30:00-04:00,2023-11-03 10:30:00-04:00,upper,14969.029903491115,2023-10-06 11:33:00-04:00
1484_lower,1484,2023-10-06,2023-10-06 10:30:00-04:00,2023-11-03 10:30:00-04:00,lower,14548.970096508885,2023-10-23 05:33:00-04:00
1485_upper,1485,2023-10-09,2023-10-09 10:30:00-04:00,2023-11-06 10:30:00-05:00,upper,15185.513536917528,2023-10-09 13:57:00-04:00
1485_lower,1485,2023-10-09,2023-10-09 10:30:00-04:00,2023-11-06 10:30:00-05:00,lower,14834.861463082472,2023-10-19 18:06:00-04:00
1486_upper,1486,2023-10-10,2023-10-10 10:30:00-04:00,2023-11-07 10:30:00-05:00,upper,15398.681512280808,2023-10-11 16:01:00-04:00
1486_lower,1486,2023-10-10,2023-10-10 10:30:00-04:00,2023-11-07 10:30:00-05:00,lower,15041.318487719192,2023-10-18 15:02:00-04:00
1487_upper,1487,2023-10-11,2023-10-11 10:30:00-04:00,2023-11-08 10:30:00-05:00,upper,15486.629763209312,
1487_lower,1487,2023-10-11,2023-10-11 10:30:00-04:00,2023-11-08 10:30:00-05:00,lower,15182.495236790688,2023-10-13 11:05:00-04:00
1488_upper,1488,2023-10-12,2023-10-12 10:30:00-04:00,2023-11-09 10:30:00-05:00,upper,15556.135640008726,
1488_lower,1488,2023-10-12,2023-10-12 10:30:00-04:00,2023-11-09 10:30:00-05:00,lower,15250.114359991274,2023-10-12 14:08:00-04:00
1489_upper,1489,2023-10-13,2023-10-13 10:30:00-04:00,2023-11-10 10:30:00-05:00,upper,15490.814996382574,
1489_lower,1489,2023-10-13,2023-10-13 10:30:00-04:00,2023-11-10 10:30:00-05:00,lower,15166.935003617426,2023-10-13 11:23:00-04:00
1490_upper,1490,2023-10-16,2023-10-16 10:30:00-04:00,2023-11-13 10:30:00-05:00,upper,15421.684873819304,2023-11-09 09:59:00-05:00
1490_lower,1490,2023-10-16,2023-10-16 10:30:00-04:00,2023-11-13 10:30:00-05:00,lower,14997.690126180696,2023-10-18 15:45:00-04:00
1491_upper,1491,2023-10-17,2023-10-17 10:30:00-04:00,2023-11-14 10:30:00-05:00,upper,15335.200457453884,2023-11-07 10:28:00-05:00
1491_lower,1491,2023-10-17,2023-10-17 10:30:00-04:00,2023-11-14 10:30:00-05:00,lower,14930.549542546116,2023-10-19 12:37:00-04:00
1492_upper,1492,2023-10-18,2023-10-18 10:30:00-04:00,2023-11-15 10:30:00-05:00,upper,15319.014250818458,2023-11-07 10:00:00-05:00
1492_lower,1492,2023-10-18,2023-10-18 10:30:00-04:00,2023-11-15 10:30:00-05:00,lower,14984.485749181542,2023-10-18 15:47:00-04:00
1493_upper,1493,2023-10-19,2023-10-19 10:30:00-04:00,2023-11-16 10:30:00-05:00,upper,15250.669582626088,2023-11-06 09:39:00-05:00
1493_lower,1493,2023-10-19,2023-10-19 10:30:00-04:00,2023-11-16 10:30:00-05:00,lower,14891.830417373912,2023-10-19 14:48:00-04:00
1494_upper,1494,2023-10-20,2023-10-20 10:30:00-04:00,2023-11-17 10:30:00-05:00,upper,15051.348370181388,2023-11-03 08:32:00-04:00
1494_lower,1494,2023-10-20,2023-10-20 10:30:00-04:00,2023-11-17 10:30:00-05:00,lower,14629.526629818612,2023-10-23 04:02:00-04:00
1495_upper,1495,2023-10-23,2023-10-23 10:30:00-04:00,2023-11-20 10:30:00-05:00,upper,14840.940001222516,2023-10-23 12:59:00-04:00
1495_lower,1495,2023-10-23,2023-10-23 10:30:00-04:00,2023-11-20 10:30:00-05:00,lower,14362.559998777484,2023-10-25 18:16:00-04:00
1496_upper,1496,2023-10-24,2023-10-24 10:30:00-04:00,2023-11-21 10:30:00-05:00,upper,14966.645584635495,2023-11-02 11:04:00-04:00
1496_lower,1496,2023-10-24,2023-10-24 10:30:00-04:00,2023-11-21 10:30:00-05:00,lower,14617.854415364505,2023-10-25 09:45:00-04:00
1497_upper,1497,2023-10-25,2023-10-25 10:30:00-04:00,2023-11-22 10:30:00-05:00,upper,14915.975363958416,2023-11-02 08:30:00-04:00
1497_lower,1497,2023-10-25,2023-10-25 10:30:00-04:00,2023-11-22 10:30:00-05:00,lower,14498.524636041584,2023-10-25 13:28:00-04:00
1498_upper,1498,2023-10-26,2023-10-26 10:30:00-04:00,2023-11-23 10:30:00-05:00,upper,14633.381483756297,2023-11-01 10:24:00-04:00
1498_lower,1498,2023-10-26,2023-10-26 10:30:00-04:00,2023-11-23 10:30:00-05:00,lower,14151.743516243703,2023-10-26 12:47:00-04:00
1499_upper,1499,2023-10-27,2023-10-27 10:30:00-04:00,2023-11-24 10:30:00-05:00,upper,14478.237374951346,2023-10-31 13:53:00-04:00
1499_lower,1499,2023-10-27,2023-10-27 10:30:00-04:00,2023-11-24 10:30:00-05:00,lower,14159.012625048654,
1500_upper,1500,2023-10-30,2023-10-30 10:30:00-04:00,2023-11-27 10:30:00-05:00,upper,14601.427746182682,2023-11-01 10:22:00-04:00
1500_lower,1500,2023-10-30,2023-10-30 10:30:00-04:00,2023-11-27 10:30:00-05:00,lower,14165.072253817318,
1501_upper,1501,2023-10-31,2023-10-31 10:30:00-04:00,2023-11-28 10:30:00-05:00,upper,14579.121659887402,2023-11-01 09:47:00-04:00
1501_lower,1501,2023-10-31,2023-10-31 10:30:00-04:00,2023-11-28 10:30:00-05:00,lower,14210.128340112598,
1502_upper,1502,2023-11-01,2023-11-01 10:30:00-04:00,2023-11-29 10:30:00-05:00,upper,14730.95295303678,2023-11-01 15:12:00-04:00
1502_lower,1502,2023-11-01,2023-11-01 10:30:00-04:00,2023-11-29 10:30:00-05:00,lower,14367.17204696322,
1503_upper,1503,2023-11-02,2023-11-02 10:30:00-04:00,2023-11-30 10:30:00-05:00,upper,15061.351038721397,2023-11-03 08:32:00-04:00
1503_lower,1503,2023-11-02,2023-11-02 10:30:00-04:00,2023-11-30 10:30:00-05:00,lower,14770.148961278603,
1504_upper,1504,2023-11-03,2023-11-03 10:30:00-04:00,2023-12-01 10:30:00-05:00,upper,15245.547624808209,2023-11-06 09:38:00-05:00
1504_lower,1504,2023-11-03,2023-11-03 10:30:00-04:00,2023-12-01 10:30:00-05:00,lower,14907.327375191791,
1505_upper,1505,2023-11-06,2023-11-06 10:30:00-05:00,2023-12-04 10:30:00-05:00,upper,15340.50144400854,2023-11-07 10:28:00-05:00
1505_lower,1505,2023-11-06,2023-11-06 10:30:00-05:00,2023-12-04 10:30:00-05:00,lower,15084.74855599146,
1506_upper,1506,2023-11-07,2023-11-07 10:30:00-05:00,2023-12-05 10:30:00-05:00,upper,15445.927349990332,2023-11-09 11:51:00-05:00
1506_lower,1506,2023-11-07,2023-11-07 10:30:00-05:00,2023-12-05 10:30:00-05:00,lower,15114.947650009668,
1507_upper,1507,2023-11-08,2023-11-08 10:30:00-05:00,2023-12-06 10:30:00-05:00,upper,15515.853641872798,2023-11-10 12:34:00-05:00
1507_lower,1507,2023-11-08,2023-11-08 10:30:00-05:00,2023-12-06 10:30:00-05:00,lower,15251.271358127202,2023-11-09 15:00:00-05:00
1508_upper,1508,2023-11-09,2023-11-09 10:30:00-05:00,2023-12-07 10:30:00-05:00,upper,15530.638553456876,2023-11-10 12:43:00-05:00
1508_lower,1508,2023-11-09,2023-11-09 10:30:00-05:00,2023-12-07 10:30:00-05:00,lower,15266.486446543124,2023-11-09 14:42:00-05:00
1509_upper,1509,2023-11-10,2023-11-10 10:30:00-05:00,2023-12-08 10:30:00-05:00,upper,15478.396087815985,2023-11-10 12:07:00-05:00
1509_lower,1509,2023-11-10,2023-11-10 10:30:00-05:00,2023-12-08 10:30:00-05:00,lower,15197.478912184015,
1510_upper,1510,2023-11-13,2023-11-13 10:30:00-05:00,2023-12-11 10:30:00-05:00,upper,15642.139125820533,2023-11-14 08:30:00-05:00
1510_lower,1510,2023-11-13,2023-11-13 10:30:00-05:00,2023-12-11 10:30:00-05:00,lower,15389.735874179467,
1511_upper,1511,2023-11-14,2023-11-14 10:30:00-05:00,2023-12-12 10:30:00-05:00,upper,15974.511754051036,2023-11-15 06:49:00-05:00
1511_lower,1511,2023-11-14,2023-11-14 10:30:00-05:00,2023-12-12 10:30:00-05:00,lower,15676.363245948964,
1512_upper,1512,2023-11-15,2023-11-15 10:30:00-05:00,2023-12-13 10:30:00-05:00,upper,16072.336285407166,2023-11-20 13:25:00-05:00
1512_lower,1512,2023-11-15,2023-11-15 10:30:00-05:00,2023-12-13 10:30:00-05:00,lower,15824.663714592834,2023-11-15 21:04:00-05:00
1513_upper,1513,2023-11-16,2023-11-16 10:30:00-05:00,2023-12-14 10:30:00-05:00,upper,15991.242363390014,2023-11-20 09:52:00-05:00
1513_lower,1513,2023-11-16,2023-11-16 10:30:00-05:00,2023-12-14 10:30:00-05:00,lower,15725.007636609986,2023-12-04 10:53:00-05:00
1514_upper,1514,2023-11-17,2023-11-17 10:30:00-05:00,2023-12-15 10:30:00-05:00,upper,15972.308709501387,2023-11-20 09:35:00-05:00
1514_lower,1514,2023-11-17,2023-11-17 10:30:00-05:00,2023-12-15 10:30:00-05:00,lower,15744.316290498613,2023-12-04 10:32:00-05:00
1515_upper,1515,2023-11-20,2023-11-20 10:30:00-05:00,2023-12-18 10:30:00-05:00,upper,16072.986338665674,2023-11-20 13:25:00-05:00
1515_lower,1515,2023-11-20,2023-11-20 10:30:00-05:00,2023-12-18 10:30:00-05:00,lower,15770.513661334326,2023-12-04 10:24:00-05:00
1516_upper,1516,2023-11-21,2023-11-21 10:30:00-05:00,2023-12-19 10:30:00-05:00,upper,16135.043695703582,2023-11-22 09:34:00-05:00
1516_lower,1516,2023-11-21,2023-11-21 10:30:00-05:00,2023-12-19 10:30:00-05:00,lower,15849.331304296418,2023-12-04 09:24:00-05:00
1517_upper,1517,2023-11-22,2023-11-22 10:30:00-05:00,2023-12-20 10:30:00-05:00,upper,16274.338706019134,2023-12-10 19:00:00-05:00
1517_lower,1517,2023-11-22,2023-11-22 10:30:00-05:00,2023-12-20 10:30:00-05:00,lower,15884.911293980866,2023-11-30 10:48:00-05:00
1518_upper,1518,2023-11-23,2023-11-23 10:30:00-05:00,2023-12-21 10:30:00-05:00,upper,16140.516121656065,2023-11-29 07:32:00-05:00
1518_lower,1518,2023-11-23,2023-11-23 10:30:00-05:00,2023-12-21 10:30:00-05:00,lower,15982.858878343935,2023-11-24 10:52:00-05:00
1519_upper,1519,2023-11-24,2023-11-24 10:30:00-05:00,2023-12-22 10:30:00-05:00,upper,16137.526047408379,2023-11-29 06:57:00-05:00
1519_lower,1519,2023-11-24,2023-11-24 10:30:00-05:00,2023-12-22 10:30:00-05:00,lower,15912.973952591621,2023-11-30 10:39:00-05:00
1520_upper,1520,2023-11-27,2023-11-27 10:30:00-05:00,2023-12-26 10:30:00-05:00,upper,16127.36071656436,2023-11-29 06:54:00-05:00
1520_lower,1520,2023-11-27,2023-11-27 10:30:00-05:00,2023-12-26 10:30:00-05:00,lower,15881.88928343564,2023-11-30 10:49:00-05:00
1521_upper,1521,2023-11-28,2023-11-28 10:30:00-05:00,2023-12-27 10:30:00-05:00,upper,16079.562082485572,2023-11-28 20:01:00-05:00
1521_lower,1521,2023-11-28,2023-11-28 10:30:00-05:00,2023-12-27 10:30:00-05:00,lower,15877.937917514428,2023-11-30 11:46:00-05:00
1522_upper,1522,2023-11-29,2023-11-29 10:30:00-05:00,2023-12-28 10:30:00-05:00,upper,16304.550179123926,2023-12-10 19:00:00-05:00
1522_lower,1522,2023-11-29,2023-11-29 10:30:00-05:00,2023-12-28 10:30:00-05:00,lower,15989.449820876074,2023-11-30 09:39:00-05:00
1523_upper,1523,2023-11-30,2023-11-30 10:30:00-05:00,2023-12-29 10:30:00-05:00,upper,16174.557402153641,2023-12-10 19:00:00-05:00
1523_lower,1523,2023-11-30,2023-11-30 10:30:00-05:00,2023-12-29 10:30:00-05:00,lower,15843.067597846359,2023-12-04 09:31:00-05:00
1524_upper,1524,2023-12-01,2023-12-01 10:30:00-05:00,2024-01-02 10:30:00-05:00,upper,16061.92507952557,2023-12-07 14:22:00-05:00
1524_lower,1524,2023-12-01,2023-12-01 10:30:00-05:00,2024-01-02 10:30:00-05:00,lower,15786.94992047443,2023-12-04 10:22:00-05:00
1525_upper,1525,2023-12-04,2023-12-04 10:30:00-05:00,2024-01-03 10:30:00-05:00,upper,15997.502789742462,2023-12-06 08:45:00-05:00
1525_lower,1525,2023-12-04,2023-12-04 10:30:00-05:00,2024-01-03 10:30:00-05:00,lower,15676.622210257538,
1526_upper,1526,2023-12-05,2023-12-05 10:30:00-05:00,2024-01-04 10:30:00-05:00,upper,16006.321241475045,2023-12-06 08:56:00-05:00
1526_lower,1526,2023-12-05,2023-12-05 10:30:00-05:00,2024-01-04 10:30:00-05:00,lower,15644.928758524955,
1527_upper,1527,2023-12-06,2023-12-06 10:30:00-05:00,2024-01-05 10:30:00-05:00,upper,16181.99187490335,2023-12-10 19:00:00-05:00
1527_lower,1527,2023-12-06,2023-12-06 10:30:00-05:00,2024-01-05 10:30:00-05:00,lower,15808.25812509665,2023-12-06 15:54:00-05:00
1528_upper,1528,2023-12-07,2023-12-07 10:30:00-05:00,2024-01-08 10:30:00-05:00,upper,16085.99257066718,2023-12-08 10:11:00-05:00
1528_lower,1528,2023-12-07,2023-12-07 10:30:00-05:00,2024-01-08 10:30:00-05:00,lower,15790.50742933282,
1529_upper,1529,2023-12-08,2023-12-08 10:30:00-05:00,2024-01-09 10:30:00-05:00,upper,16184.169023724207,2023-12-10 19:00:00-05:00
1529_lower,1529,2023-12-08,2023-12-08 10:30:00-05:00,2024-01-09 10:30:00-05:00,lower,15802.205976275793,
1530_upper,1530,2023-12-11,2023-12-11 10:30:00-05:00,2024-01-10 10:30:00-05:00,upper,16455.33398603335,2023-12-11 13:52:00-05:00
1530_lower,1530,2023-12-11,2023-12-11 10:30:00-05:00,2024-01-10 10:30:00-05:00,lower,16169.41601396665,
1531_upper,1531,2023-12-12,2023-12-12 10:30:00-05:00,2024-01-11 10:30:00-05:00,upper,16580.14559694074,2023-12-12 16:01:00-05:00
1531_lower,1531,2023-12-12,2023-12-12 10:30:00-05:00,2024-01-11 10:30:00-05:00,lower,16307.47940305926,
1532_upper,1532,2023-12-13,2023-12-13 10:30:00-05:00,2024-01-12 10:30:00-05:00,upper,16726.555267747262,2023-12-13 14:35:00-05:00
1532_lower,1532,2023-12-13,2023-12-13 10:30:00-05:00,2024-01-12 10:30:00-05:00,lower,16510.194732252738,2024-01-04 07:06:00-05:00
1533_upper,1533,2023-12-14,2023-12-14 10:30:00-05:00,2024-01-15 10:30:00-05:00,upper,16959.477658113006,2023-12-18 14:06:00-05:00
1533_lower,1533,2023-12-14,2023-12-14 10:30:00-05:00,2024-01-15 10:30:00-05:00,lower,16692.647341886994,2023-12-14 13:19:00-05:00
1534_upper,1534,2023-12-15,2023-12-15 10:30:00-05:00,2024-01-16 10:30:00-05:00,upper,16938.23602167835,2023-12-18 13:18:00-05:00
1534_lower,1534,2023-12-15,2023-12-15 10:30:00-05:00,2024-01-16 10:30:00-05:00,lower,16673.13897832165,2024-01-02 14:06:00-05:00
1535_upper,1535,2023-12-18,2023-12-18 10:30:00-05:00,2024-01-17 10:30:00-05:00,upper,16978.199383242783,2023-12-19 07:17:00-05:00
1535_lower,1535,2023-12-18,2023-12-18 10:30:00-05:00,2024-01-17 10:30:00-05:00,lower,16737.300616757217,2024-01-02 09:49:00-05:00
1536_upper,1536,2023-12-19,2023-12-19 10:30:00-05:00,2024-01-18 10:30:00-05:00,upper,17069.704472774883,2023-12-20 10:31:00-05:00
1536_lower,1536,2023-12-19,2023-12-19 10:30:00-05:00,2024-01-18 10:30:00-05:00,lower,16853.670527225117,2023-12-20 14:53:00-05:00
1537_upper,1537,2023-12-20,2023-12-20 10:30:00-05:00,2024-01-19 10:30:00-05:00,upper,17139.79327283377,2023-12-27 20:06:00-05:00
1537_lower,1537,2023-12-20,2023-12-20 10:30:00-05:00,2024-01-19 10:30:00-05:00,lower,16863.45672716623,2023-12-20 14:53:00-05:00
1538_upper,1538,2023-12-21,2023-12-21 10:30:00-05:00,2024-01-22 10:30:00-05:00,upper,17073.57650747626,2023-12-26 14:59:00-05:00
1538_lower,1538,2023-12-21,2023-12-21 10:30:00-05:00,2024-01-22 10:30:00-05:00,lower,16749.67349252374,2024-01-02 09:48:00-05:00
1539_upper,1539,2023-12-22,2023-12-22 10:30:00-05:00,2024-01-23 10:30:00-05:00,upper,17122.107069323436,2023-12-27 10:00:00-05:00
1539_lower,1539,2023-12-22,2023-12-22 10:30:00-05:00,2024-01-23 10:30:00-05:00,lower,16892.517930676564,2024-01-02 06:27:00-05:00
1540_upper,1540,2023-12-26,2023-12-26 10:30:00-05:00,2024-01-24 10:30:00-05:00,upper,17130.510100779757,2023-12-27 16:04:00-05:00
1540_lower,1540,2023-12-26,2023-12-26 10:30:00-05:00,2024-01-24 10:30:00-05:00,lower,16910.239899220243,2024-01-02 06:17:00-05:00
1541_upper,1541,2023-12-27,2023-12-27 10:30:00-05:00,2024-01-25 10:30:00-05:00,upper,17214.537880122298,2024-01-19 04:13:00-05:00
1541_lower,1541,2023-12-27,2023-12-27 10:30:00-05:00,2024-01-25 10:30:00-05:00,lower,16967.337119877702,2023-12-29 11:16:00-05:00
1542_upper,1542,2023-12-28,2023-12-28 10:30:00-05:00,2024-01-26 10:30:00-05:00,upper,17249.921006124277,2024-01-19 06:35:00-05:00
1542_lower,1542,2023-12-28,2023-12-28 10:30:00-05:00,2024-01-26 10:30:00-05:00,lower,17029.203993875723,2023-12-29 10:46:00-05:00
1543_upper,1543,2023-12-29,2023-12-29 10:30:00-05:00,2024-01-29 10:30:00-05:00,upper,17183.275171816986,2024-01-19 02:19:00-05:00
1543_lower,1543,2023-12-29,2023-12-29 10:30:00-05:00,2024-01-29 10:30:00-05:00,lower,16996.349828183014,2023-12-29 11:08:00-05:00
1544_upper,1544,2024-01-02,2024-01-02 10:30:00-05:00,2024-01-30 10:30:00-05:00,upper,17019.026691184274,2024-01-11 03:12:00-05:00
1544_lower,1544,2024-01-02,2024-01-02 10:30:00-05:00,2024-01-30 10:30:00-05:00,lower,16631.723308815726,2024-01-02 15:04:00-05:00
1545_upper,1545,2024-01-03,2024-01-03 10:30:00-05:00,2024-01-31 10:30:00-05:00,upper,16750.822361079394,2024-01-08 14:10:00-05:00
1545_lower,1545,2024-01-03,2024-01-03 10:30:00-05:00,2024-01-31 10:30:00-05:00,lower,16464.177638920606,2024-01-04 08:39:00-05:00
1546_upper,1546,2024-01-04,2024-01-04 10:30:00-05:00,2024-02-01 10:30:00-05:00,upper,16613.44913049601,2024-01-08 09:57:00-05:00
1546_lower,1546,2024-01-04,2024-01-04 10:30:00-05:00,2024-02-01 10:30:00-05:00,lower,16328.05086950399,
1547_upper,1547,2024-01-05,2024-01-05 10:30:00-05:00,2024-02-02 10:30:00-05:00,upper,16636.88488508443,2024-01-08 10:04:00-05:00
1547_lower,1547,2024-01-05,2024-01-05 10:30:00-05:00,2024-02-02 10:30:00-05:00,lower,16308.74011491557,
1548_upper,1548,2024-01-08,2024-01-08 10:30:00-05:00,2024-02-05 10:30:00-05:00,upper,16727.03820229238,2024-01-08 13:47:00-05:00
1548_lower,1548,2024-01-08,2024-01-08 10:30:00-05:00,2024-02-05 10:30:00-05:00,lower,16364.086797707621,
1549_upper,1549,2024-01-09,2024-01-09 10:30:00-05:00,2024-02-06 10:30:00-05:00,upper,16821.467735974536,2024-01-09 11:55:00-05:00
1549_lower,1549,2024-01-09,2024-01-09 10:30:00-05:00,2024-02-06 10:30:00-05:00,lower,16551.532264025464,
1550_upper,1550,2024-01-10,2024-01-10 10:30:00-05:00,2024-02-07 10:30:00-05:00,upper,16962.100417934445,2024-01-10 14:13:00-05:00
1550_lower,1550,2024-01-10,2024-01-10 10:30:00-05:00,2024-02-07 10:30:00-05:00,lower,16715.649582065555,2024-01-17 09:48:00-05:00
1551_upper,1551,2024-01-11,2024-01-11 10:30:00-05:00,2024-02-08 10:30:00-05:00,upper,17192.60826254194,2024-01-19 03:49:00-05:00
1551_lower,1551,2024-01-11,2024-01-11 10:30:00-05:00,2024-02-08 10:30:00-05:00,lower,16725.89173745806,2024-01-17 09:46:00-05:00
1552_upper,1552,2024-01-12,2024-01-12 10:30:00-05:00,2024-02-09 10:30:00-05:00,upper,17146.426606017027,2024-01-18 18:58:00-05:00
1552_lower,1552,2024-01-12,2024-01-12 10:30:00-05:00,2024-02-09 10:30:00-05:00,lower,16850.448393982973,2024-01-16 03:01:00-05:00
1553_upper,1553,2024-01-15,2024-01-15 10:30:00-05:00,2024-02-12 10:30:00-05:00,upper,17046.04137857874,2024-01-18 09:31:00-05:00
1553_lower,1553,2024-01-15,2024-01-15 10:30:00-05:00,2024-02-12 10:30:00-05:00,lower,16862.95862142126,2024-01-16 03:01:00-05:00
1554_upper,1554,2024-01-16,2024-01-16 10:30:00-05:00,2024-02-13 10:30:00-05:00,upper,17108.750865745977,2024-01-18 14:53:00-05:00
1554_lower,1554,2024-01-16,2024-01-16 10:30:00-05:00,2024-02-13 10:30:00-05:00,lower,16738.374134254023,2024-01-17 09:44:00-05:00
1555_upper,1555,2024-01-17,2024-01-17 10:30:00-05:00,2024-02-14 10:30:00-05:00,upper,16986.93058230527,2024-01-18 06:44:00-05:00
1555_lower,1555,2024-01-17,2024-01-17 10:30:00-05:00,2024-02-14 10:30:00-05:00,lower,16604.44441769473,
1556_upper,1556,2024-01-18,2024-01-18 10:30:00-05:00,2024-02-15 10:30:00-05:00,upper,17142.848788713585,2024-01-18 18:57:00-05:00
1556_lower,1556,2024-01-18,2024-01-18 10:30:00-05:00,2024-02-15 10:30:00-05:00,lower,16874.401211286415,
1557_upper,1557,2024-01-19,2024-01-19 10:30:00-05:00,2024-02-16 10:30:00-05:00,upper,17324.88497162577,2024-01-19 12:54:00-05:00
1557_lower,1557,2024-01-19,2024-01-19 10:30:00-05:00,2024-02-16 10:30:00-05:00,lower,17065.36502837423,
1558_upper,1558,2024-01-22,2024-01-22 10:30:00-05:00,2024-02-19 10:30:00-05:00,upper,17689.53462686929,2024-01-24 08:29:00-05:00
1558_lower,1558,2024-01-22,2024-01-22 10:30:00-05:00,2024-02-19 10:30:00-05:00,lower,17366.84037313071,2024-01-31 04:20:00-05:00
1559_upper,1559,2024-01-23,2024-01-23 10:30:00-05:00,2024-02-20 10:30:00-05:00,upper,17602.063888114448,2024-01-24 00:29:00-05:00
1559_lower,1559,2024-01-23,2024-01-23 10:30:00-05:00,2024-02-20 10:30:00-05:00,lower,17334.186111885552,2024-01-31 06:03:00-05:00
1560_upper,1560,2024-01-24,2024-01-24 10:30:00-05:00,2024-02-21 10:30:00-05:00,upper,17818.170377401962,2024-02-07 10:17:00-05:00
1560_lower,1560,2024-01-24,2024-01-24 10:30:00-05:00,2024-02-21 10:30:00-05:00,lower,17552.579622598038,2024-01-25 14:07:00-05:00
1561_upper,1561,2024-01-25,2024-01-25 10:30:00-05:00,2024-02-22 10:30:00-05:00,upper,17848.557794972287,2024-02-07 10:27:00-05:00
1561_lower,1561,2024-01-25,2024-01-25 10:30:00-05:00,2024-02-22 10:30:00-05:00,lower,17566.192205027713,2024-01-25 14:01:00-05:00
1562_upper,1562,2024-01-26,2024-01-26 10:30:00-05:00,2024-02-23 10:30:00-05:00,upper,17689.601007306668,2024-01-29 15:18:00-05:00
1562_lower,1562,2024-01-26,2024-01-26 10:30:00-05:00,2024-02-23 10:30:00-05:00,lower,17412.898992693332,2024-01-30 18:00:00-05:00
1563_upper,1563,2024-01-29,2024-01-29 10:30:00-05:00,2024-02-26 10:30:00-05:00,upper,17670.361690405804,2024-01-29 15:01:00-05:00
1563_lower,1563,2024-01-29,2024-01-29 10:30:00-05:00,2024-02-26 10:30:00-05:00,lower,17432.388309594196,2024-01-30 18:00:00-05:00
1564_upper,1564,2024-01-30,2024-01-30 10:30:00-05:00,2024-02-27 10:30:00-05:00,upper,17786.19478210825,2024-02-07 10:13:00-05:00
1564_lower,1564,2024-01-30,2024-01-30 10:30:00-05:00,2024-02-27 10:30:00-05:00,lower,17526.18021789175,2024-01-30 16:03:00-05:00
1565_upper,1565,2024-01-31,2024-01-31 10:30:00-05:00,2024-02-28 10:30:00-05:00,upper,17544.05656683552,2024-02-01 16:13:00-05:00
1565_lower,1565,2024-01-31,2024-01-31 10:30:00-05:00,2024-02-28 10:30:00-05:00,lower,17227.06843316448,2024-01-31 16:01:00-05:00
1566_upper,1566,2024-02-01,2024-02-01 10:30:00-05:00,2024-02-29 10:30:00-05:00,upper,17472.280767477314,2024-02-01 16:02:00-05:00
1566_lower,1566,2024-02-01,2024-02-01 10:30:00-05:00,2024-02-29 10:30:00-05:00,lower,17155.594232522686,
1567_upper,1567,2024-02-02,2024-02-02 10:30:00-05:00,2024-03-01 10:30:00-05:00,upper,17725.050237637814,2024-02-02 12:27:00-05:00
1567_lower,1567,2024-02-02,2024-02-02 10:30:00-05:00,2024-03-01 10:30:00-05:00,lower,17327.449762362186,
1568_upper,1568,2024-02-05,2024-02-05 10:30:00-05:00,2024-03-04 10:30:00-05:00,upper,17879.140825642433,2024-02-08 10:50:00-05:00
1568_lower,1568,2024-02-05,2024-02-05 10:30:00-05:00,2024-03-04 10:30:00-05:00,lower,17512.609174357567,2024-02-20 10:13:00-05:00
1569_upper,1569,2024-02-06,2024-02-06 10:30:00-05:00,2024-03-05 10:30:00-05:00,upper,17918.85806632607,2024-02-09 03:27:00-05:00
1569_lower,1569,2024-02-06,2024-02-06 10:30:00-05:00,2024-03-05 10:30:00-05:00,lower,17505.14193367393,2024-02-20 10:26:00-05:00
1570_upper,1570,2024-02-07,2024-02-07 10:30:00-05:00,2024-03-06 10:30:00-05:00,upper,17972.764411861506,2024-02-09 10:30:00-05:00
1570_lower,1570,2024-02-07,2024-02-07 10:30:00-05:00,2024-03-06 10:30:00-05:00,lower,17594.985588138494,2024-02-13 09:30:00-05:00
1571_upper,1571,2024-02-08,2024-02-08 10:30:00-05:00,2024-03-07 10:30:00-05:00,upper,17954.21939632162,2024-02-09 08:32:00-05:00
1571_lower,1571,2024-02-08,2024-02-08 10:30:00-05:00,2024-03-07 10:30:00-05:00,lower,17718.53060367838,2024-02-13 08:31:00-05:00
1572_upper,1572,2024-02-09,2024-02-09 10:30:00-05:00,2024-03-08 10:30:00-05:00,upper,18065.93236656843,2024-02-09 14:44:00-05:00
1572_lower,1572,2024-02-09,2024-02-09 10:30:00-05:00,2024-03-08 10:30:00-05:00,lower,17767.81763343157,2024-02-13 08:30:00-05:00
1573_upper,1573,2024-02-12,2024-02-12 10:30:00-05:00,2024-03-11 10:30:00-04:00,upper,18138.2842105178,2024-02-23 09:34:00-05:00
1573_lower,1573,2024-02-12,2024-02-12 10:30:00-05:00,2024-03-11 10:30:00-04:00,lower,17920.5907894822,2024-02-12 16:21:00-05:00
1574_upper,1574,2024-02-13,2024-02-13 10:30:00-05:00,2024-03-12 10:30:00-04:00,upper,17853.80439081435,2024-02-14 15:40:00-05:00
1574_lower,1574,2024-02-13,2024-02-13 10:30:00-05:00,2024-03-12 10:30:00-04:00,lower,17443.69560918565,2024-02-21 12:10:00-05:00
1575_upper,1575,2024-02-14,2024-02-14 10:30:00-05:00,2024-03-13 10:30:00-04:00,upper,17965.1330426875,2024-02-15 16:06:00-05:00
1575_lower,1575,2024-02-14,2024-02-14 10:30:00-05:00,2024-03-13 10:30:00-04:00,lower,17618.6169573125,2024-02-20 06:01:00-05:00
1576_upper,1576,2024-02-15,2024-02-15 10:30:00-05:00,2024-03-14 10:30:00-04:00,upper,18034.27457263756,2024-02-22 13:37:00-05:00
1576_lower,1576,2024-02-15,2024-02-15 10:30:00-05:00,2024-03-14 10:30:00-04:00,lower,17703.85042736244,2024-02-19 20:47:00-05:00
1577_upper,1577,2024-02-16,2024-02-16 10:30:00-05:00,2024-03-15 10:30:00-04:00,upper,18118.00750143481,2024-02-23 09:31:00-05:00
1577_lower,1577,2024-02-16,2024-02-16 10:30:00-05:00,2024-03-15 10:30:00-04:00,lower,17632.24249856519,2024-02-20 05:07:00-05:00
1578_upper,1578,2024-02-19,2024-02-19 10:30:00-05:00,2024-03-18 10:30:00-04:00,upper,17897.984950105278,2024-02-22 06:16:00-05:00
1578_lower,1578,2024-02-19,2024-02-19 10:30:00-05:00,2024-03-18 10:30:00-04:00,lower,17683.140049894722,2024-02-19 20:59:00-05:00
1579_upper,1579,2024-02-20,2024-02-20 10:30:00-05:00,2024-03-19 10:30:00-04:00,upper,17900.160449447732,2024-02-22 06:16:00-05:00
1579_lower,1579,2024-02-20,2024-02-20 10:30:00-05:00,2024-03-19 10:30:00-04:00,lower,17364.089550552268,
1580_upper,1580,2024-02-21,2024-02-21 10:30:00-05:00,2024-03-20 10:30:00-04:00,upper,17639.21157804961,2024-02-21 16:29:00-05:00
1580_lower,1580,2024-02-21,2024-02-21 10:30:00-05:00,2024-03-20 10:30:00-04:00,lower,17342.41342195039,
1581_upper,1581,2024-02-22,2024-02-22 10:30:00-05:00,2024-03-21 10:30:00-04:00,upper,18078.583917589218,2024-02-22 14:23:00-05:00
1581_lower,1581,2024-02-22,2024-02-22 10:30:00-05:00,2024-03-21 10:30:00-04:00,lower,17734.541082410782,
1582_upper,1582,2024-02-23,2024-02-23 10:30:00-05:00,2024-03-22 10:30:00-04:00,upper,18266.896508373582,2024-03-01 12:24:00-05:00
1582_lower,1582,2024-02-23,2024-02-23 10:30:00-05:00,2024-03-22 10:30:00-04:00,lower,17929.478491626418,2024-02-25 19:50:00-05:00
1583_upper,1583,2024-02-26,2024-02-26 10:30:00-05:00,2024-03-25 10:30:00-04:00,upper,18158.162349498154,2024-03-01 02:32:00-05:00
1583_lower,1583,2024-02-26,2024-02-26 10:30:00-05:00,2024-03-25 10:30:00-04:00,lower,17867.462650501846,2024-02-28 16:17:00-05:00
1584_upper,1584,2024-02-27,2024-02-27 10:30:00-05:00,2024-03-26 10:30:00-04:00,upper,18152.84682286049,2024-03-01 02:03:00-05:00
1584_lower,1584,2024-02-27,2024-02-27 10:30:00-05:00,2024-03-26 10:30:00-04:00,lower,17852.15317713951,2024-02-28 16:42:00-05:00
1585_upper,1585,2024-02-28,2024-02-28 10:30:00-05:00,2024-03-27 10:30:00-04:00,upper,18049.398001990856,2024-02-29 09:30:00-05:00
1585_lower,1585,2024-02-28,2024-02-28 10:30:00-05:00,2024-03-27 10:30:00-04:00,lower,17785.601998009144,
1586_upper,1586,2024-02-29,2024-02-29 10:30:00-05:00,2024-03-28 10:30:00-04:00,upper,18179.49525038047,2024-03-01 10:10:00-05:00
1586_lower,1586,2024-02-29,2024-02-29 10:30:00-05:00,2024-03-28 10:30:00-04:00,lower,17877.25474961953,2024-03-05 13:51:00-05:00
1587_upper,1587,2024-03-01,2024-03-01 10:30:00-05:00,2024-04-01 10:30:00-04:00,upper,18277.84768411445,2024-03-01 12:49:00-05:00
1587_lower,1587,2024-03-01,2024-03-01 10:30:00-05:00,2024-04-01 10:30:00-04:00,lower,17963.90231588555,2024-03-05 10:20:00-05:00
1588_upper,1588,2024-03-04,2024-03-04 10:30:00-05:00,2024-04-02 10:30:00-04:00,upper,18438.613002936312,2024-03-12 10:51:00-04:00
1588_lower,1588,2024-03-04,2024-03-04 10:30:00-05:00,2024-04-02 10:30:00-04:00,lower,18199.136997063688,2024-03-04 20:39:00-05:00
1589_upper,1589,2024-03-05,2024-03-05 10:30:00-05:00,2024-04-03 10:30:00-04:00,upper,18308.936760323122,2024-03-07 12:00:00-05:00
1589_lower,1589,2024-03-05,2024-03-05 10:30:00-05:00,2024-04-03 10:30:00-04:00,lower,17866.188239676878,2024-03-05 14:38:00-05:00
1590_upper,1590,2024-03-06,2024-03-06 10:30:00-05:00,2024-04-04 10:30:00-04:00,upper,18284.194122364064,2024-03-07 11:24:00-05:00
1590_lower,1590,2024-03-06,2024-03-06 10:30:00-05:00,2024-04-04 10:30:00-04:00,lower,17865.055877635936,
1591_upper,1591,2024-03-07,2024-03-07 10:30:00-05:00,2024-04-05 10:30:00-04:00,upper,18361.799526896764,2024-03-08 08:31:00-05:00
1591_lower,1591,2024-03-07,2024-03-07 10:30:00-05:00,2024-04-05 10:30:00-04:00,lower,18000.825473103236,2024-03-10 18:04:00-04:00
1592_upper,1592,2024-03-08,2024-03-08 10:30:00-05:00,2024-04-08 10:30:00-04:00,upper,18539.89177963277,2024-03-20 16:12:00-04:00
1592_lower,1592,2024-03-08,2024-03-08 10:30:00-05:00,2024-04-08 10:30:00-04:00,lower,18140.35822036723,2024-03-08 12:09:00-05:00
1593_upper,1593,2024-03-11,2024-03-11 10:30:00-04:00,2024-04-09 10:30:00-04:00,upper,18381.762778703516,2024-03-12 10:30:00-04:00
1593_lower,1593,2024-03-11,2024-03-11 10:30:00-04:00,2024-04-09 10:30:00-04:00,lower,18035.987221296484,2024-03-15 10:06:00-04:00
1594_upper,1594,2024-03-12,2024-03-12 10:30:00-04:00,2024-04-10 10:30:00-04:00,upper,18553.978216594875,2024-03-20 18:12:00-04:00
1594_lower,1594,2024-03-12,2024-03-12 10:30:00-04:00,2024-04-10 10:30:00-04:00,lower,18040.146783405125,2024-03-15 10:06:00-04:00
1595_upper,1595,2024-03-13,2024-03-13 10:30:00-04:00,2024-04-11 10:30:00-04:00,upper,18577.165309779473,2024-03-20 19:18:00-04:00
1595_lower,1595,2024-03-13,2024-03-13 10:30:00-04:00,2024-04-11 10:30:00-04:00,lower,18217.334690220527,2024-03-14 10:00:00-04:00
1596_upper,1596,2024-03-14,2024-03-14 10:30:00-04:00,2024-04-12 10:30:00-04:00,upper,18567.725401704804,2024-03-20 19:07:00-04:00
1596_lower,1596,2024-03-14,2024-03-14 10:30:00-04:00,2024-04-12 10:30:00-04:00,lower,18108.149598295196,2024-03-15 09:38:00-04:00
1597_upper,1597,2024-03-15,2024-03-15 10:30:00-04:00,2024-04-15 10:30:00-04:00,upper,18323.4150014445,2024-03-18 09:32:00-04:00
1597_lower,1597,2024-03-15,2024-03-15 10:30:00-04:00,2024-04-15 10:30:00-04:00,lower,17930.8349985555,
1598_upper,1598,2024-03-18,2024-03-18 10:30:00-04:00,2024-04-16 10:30:00-04:00,upper,18472.2325228511,2024-03-20 15:19:00-04:00
1598_lower,1598,2024-03-18,2024-03-18 10:30:00-04:00,2024-04-16 10:30:00-04:00,lower,18141.0174771489,2024-03-19 07:11:00-04:00
1599_upper,1599,2024-03-19,2024-03-19 10:30:00-04:00,2024-04-17 10:30:00-04:00,upper,18284.11253254601,2024-03-19 13:01:00-04:00
1599_lower,1599,2024-03-19,2024-03-19 10:30:00-04:00,2024-04-17 10:30:00-04:00,lower,17962.01246745399,2024-04-15 13:28:00-04:00
1600_upper,1600,2024-03-20,2024-03-20 10:30:00-04:00,2024-04-18 10:30:00-04:00,upper,18454.545318180393,2024-03-20 15:05:00-04:00
1600_lower,1600,2024-03-20,2024-03-20 10:30:00-04:00,2024-04-18 10:30:00-04:00,lower,18153.579681819607,2024-04-04 15:17:00-04:00
1601_upper,1601,2024-03-21,2024-03-21 10:30:00-04:00,2024-04-19 10:30:00-04:00,upper,18820.441950630473,
1601_lower,1601,2024-03-21,2024-03-21 10:30:00-04:00,2024-04-19 10:30:00-04:00,lower,18534.058049369527,2024-03-21 22:40:00-04:00
1602_upper,1602,2024-03-22,2024-03-22 10:30:00-04:00,2024-04-22 10:30:00-04:00,upper,18662.296033464416,
1602_lower,1602,2024-03-22,2024-03-22 10:30:00-04:00,2024-04-22 10:30:00-04:00,lower,18407.703966535584,2024-03-27 10:02:00-04:00
1603_upper,1603,2024-03-25,2024-03-25 10:30:00-04:00,2024-04-23 10:30:00-04:00,upper,18643.41546408442,
1603_lower,1603,2024-03-25,2024-03-25 10:30:00-04:00,2024-04-23 10:30:00-04:00,lower,18294.20953591558,2024-04-02 09:11:00-04:00
1604_upper,1604,2024-03-26,2024-03-26 10:30:00-04:00,2024-04-24 10:30:00-04:00,upper,18702.553899781276,
1604_lower,1604,2024-03-26,2024-03-26 10:30:00-04:00,2024-04-24 10:30:00-04:00,lower,18441.446100218724,2024-03-26 15:56:00-04:00
1605_upper,1605,2024-03-27,2024-03-27 10:30:00-04:00,2024-04-25 10:30:00-04:00,upper,18746.782708977902,
1605_lower,1605,2024-03-27,2024-03-27 10:30:00-04:00,2024-04-25 10:30:00-04:00,lower,18294.842291022098,2024-04-02 09:11:00-04:00
1606_upper,1606,2024-03-28,2024-03-28 10:30:00-04:00,2024-04-26 10:30:00-04:00,upper,18637.460562868306,
1606_lower,1606,2024-03-28,2024-03-28 10:30:00-04:00,2024-04-26 10:30:00-04:00,lower,18360.539437131694,2024-04-02 08:42:00-04:00
1607_upper,1607,2024-04-01,2024-04-01 10:30:00-04:00,2024-04-29 10:30:00-04:00,upper,18695.013372755337,
1607_lower,1607,2024-04-01,2024-04-01 10:30:00-04:00,2024-04-29 10:30:00-04:00,lower,18350.236627244663,2024-04-02 08:43:00-04:00
1608_upper,1608,2024-04-02,2024-04-02 10:30:00-04:00,2024-04-30 10:30:00-04:00,upper,18417.530359736596,2024-04-03 10:28:00-04:00
1608_lower,1608,2024-04-02,2024-04-02 10:30:00-04:00,2024-04-30 10:30:00-04:00,lower,18116.719640263404,2024-04-04 15:28:00-04:00
1609_upper,1609,2024-04-03,2024-04-03 10:30:00-04:00,2024-05-01 10:30:00-04:00,upper,18516.42203413604,2024-04-04 08:49:00-04:00
1609_lower,1609,2024-04-03,2024-04-03 10:30:00-04:00,2024-05-01 10:30:00-04:00,lower,18057.20296586396,2024-04-04 16:18:00-04:00
1610_upper,1610,2024-04-04,2024-04-04 10:30:00-04:00,2024-05-02 10:30:00-04:00,upper,18684.1080116059,
1610_lower,1610,2024-04-04,2024-04-04 10:30:00-04:00,2024-05-02 10:30:00-04:00,lower,18384.5169883941,2024-04-04 14:18:00-04:00
1611_upper,1611,2024-04-05,2024-04-05 10:30:00-04:00,2024-05-03 10:30:00-04:00,upper,18371.25806838236,2024-04-05 12:00:00-04:00
1611_lower,1611,2024-04-05,2024-04-05 10:30:00-04:00,2024-05-03 10:30:00-04:00,lower,17944.24193161764,2024-04-15 13:30:00-04:00
1612_upper,1612,2024-04-08,2024-04-08 10:30:00-04:00,2024-05-06 10:30:00-04:00,upper,18506.311227083832,2024-04-11 14:34:00-04:00
1612_lower,1612,2024-04-08,2024-04-08 10:30:00-04:00,2024-05-06 10:30:00-04:00,lower,18122.688772916168,2024-04-10 08:31:00-04:00
1613_upper,1613,2024-04-09,2024-04-09 10:30:00-04:00,2024-05-07 10:30:00-04:00,upper,18578.98887723455,
1613_lower,1613,2024-04-09,2024-04-09 10:30:00-04:00,2024-05-07 10:30:00-04:00,lower,18130.63612276545,2024-04-10 08:31:00-04:00
1614_upper,1614,2024-04-10,2024-04-10 10:30:00-04:00,2024-05-08 10:30:00-04:00,upper,18315.361466244794,2024-04-11 11:59:00-04:00
1614_lower,1614,2024-04-10,2024-04-10 10:30:00-04:00,2024-05-08 10:30:00-04:00,lower,17982.513533755206,2024-04-15 13:27:00-04:00
1615_upper,1615,2024-04-11,2024-04-11 10:30:00-04:00,2024-05-09 10:30:00-04:00,upper,18419.747006595815,2024-04-11 13:20:00-04:00
1615_lower,1615,2024-04-11,2024-04-11 10:30:00-04:00,2024-05-09 10:30:00-04:00,lower,18067.252993404185,2024-04-15 13:18:00-04:00
1616_upper,1616,2024-04-12,2024-04-12 10:30:00-04:00,2024-05-10 10:30:00-04:00,upper,18454.033160419905,
1616_lower,1616,2024-04-12,2024-04-12 10:30:00-04:00,2024-05-10 10:30:00-04:00,lower,18143.966839580095,2024-04-12 13:02:00-04:00
1617_upper,1617,2024-04-15,2024-04-15 10:30:00-04:00,2024-05-13 10:30:00-04:00,upper,18520.586288237806,
1617_lower,1617,2024-04-15,2024-04-15 10:30:00-04:00,2024-05-13 10:30:00-04:00,lower,18080.163711762194,2024-04-15 13:18:00-04:00
1618_upper,1618,2024-04-16,2024-04-16 10:30:00-04:00,2024-05-14 10:30:00-04:00,upper,18074.157322762407,2024-05-06 09:29:00-04:00
1618_lower,1618,2024-04-16,2024-04-16 10:30:00-04:00,2024-05-14 10:30:00-04:00,lower,17670.842677237593,2024-04-17 12:33:00-04:00
1619_upper,1619,2024-04-17,2024-04-17 10:30:00-04:00,2024-05-15 10:30:00-04:00,upper,18148.33804854811,2024-05-06 14:27:00-04:00
1619_lower,1619,2024-04-17,2024-04-17 10:30:00-04:00,2024-05-15 10:30:00-04:00,lower,17692.78695145189,2024-04-17 12:05:00-04:00
1620_upper,1620,2024-04-18,2024-04-18 10:30:00-04:00,2024-05-16 10:30:00-04:00,upper,17850.46039856354,2024-04-26 10:49:00-04:00
1620_lower,1620,2024-04-18,2024-04-18 10:30:00-04:00,2024-05-16 10:30:00-04:00,lower,17438.41460143646,2024-04-18 20:20:00-04:00
1621_upper,1621,2024-04-19,2024-04-19 10:30:00-04:00,2024-05-17 10:30:00-04:00,upper,17702.23415853681,2024-04-23 19:42:00-04:00
1621_lower,1621,2024-04-19,2024-04-19 10:30:00-04:00,2024-05-17 10:30:00-04:00,lower,17221.76584146319,2024-04-19 12:23:00-04:00
1622_upper,1622,2024-04-22,2024-04-22 10:30:00-04:00,2024-05-20 10:30:00-04:00,upper,17496.355330958366,2024-04-23 09:45:00-04:00
1622_lower,1622,2024-04-22,2024-04-22 10:30:00-04:00,2024-05-20 10:30:00-04:00,lower,17049.269669041634,
1623_upper,1623,2024-04-23,2024-04-23 10:30:00-04:00,2024-05-21 10:30:00-04:00,upper,17691.991014951847,2024-04-23 18:00:00-04:00
1623_lower,1623,2024-04-23,2024-04-23 10:30:00-04:00,2024-05-21 10:30:00-04:00,lower,17235.633985048153,
1624_upper,1624,2024-04-24,2024-04-24 10:30:00-04:00,2024-05-22 10:30:00-04:00,upper,17899.030714409208,2024-04-26 13:34:00-04:00
1624_lower,1624,2024-04-24,2024-04-24 10:30:00-04:00,2024-05-22 10:30:00-04:00,lower,17585.469285590792,2024-04-24 12:13:00-04:00
1625_upper,1625,2024-04-25,2024-04-25 10:30:00-04:00,2024-05-23 10:30:00-04:00,upper,17563.113377652644,2024-04-25 13:49:00-04:00
1625_lower,1625,2024-04-25,2024-04-25 10:30:00-04:00,2024-05-23 10:30:00-04:00,lower,17168.261622347356,
1626_upper,1626,2024-04-26,2024-04-26 10:30:00-04:00,2024-05-24 10:30:00-04:00,upper,17946.089559007654,2024-04-29 09:32:00-04:00
1626_lower,1626,2024-04-26,2024-04-26 10:30:00-04:00,2024-05-24 10:30:00-04:00,lower,17505.035440992346,2024-04-30 16:17:00-04:00
1627_upper,1627,2024-04-29,2024-04-29 10:30:00-04:00,2024-05-27 10:30:00-04:00,upper,18085.050588806887,2024-05-06 09:37:00-04:00
1627_lower,1627,2024-04-29,2024-04-29 10:30:00-04:00,2024-05-27 10:30:00-04:00,lower,17725.949411193113,2024-04-30 12:33:00-04:00
1628_upper,1628,2024-04-30,2024-04-30 10:30:00-04:00,2024-05-28 10:30:00-04:00,upper,17989.89307058458,2024-05-03 09:45:00-04:00
1628_lower,1628,2024-04-30,2024-04-30 10:30:00-04:00,2024-05-28 10:30:00-04:00,lower,17704.73192941542,2024-04-30 12:39:00-04:00
1629_upper,1629,2024-05-01,2024-05-01 10:30:00-04:00,2024-05-29 10:30:00-04:00,upper,17647.588928695215,2024-05-01 14:40:00-04:00
1629_lower,1629,2024-05-01,2024-05-01 10:30:00-04:00,2024-05-29 10:30:00-04:00,lower,17325.786071304785,
1630_upper,1630,2024-05-02,2024-05-02 10:30:00-04:00,2024-05-30 10:30:00-04:00,upper,17791.66466892927,2024-05-02 18:16:00-04:00
1630_lower,1630,2024-05-02,2024-05-02 10:30:00-04:00,2024-05-30 10:30:00-04:00,lower,17285.71033107073,
1631_upper,1631,2024-05-03,2024-05-03 10:30:00-04:00,2024-05-31 10:30:00-04:00,upper,18170.164083659634,2024-05-06 15:54:00-04:00
1631_lower,1631,2024-05-03,2024-05-03 10:30:00-04:00,2024-05-31 10:30:00-04:00,lower,17759.335916340366,
1632_upper,1632,2024-05-06,2024-05-06 10:30:00-04:00,2024-06-03 10:30:00-04:00,upper,18212.995744620952,2024-05-07 09:29:00-04:00
1632_lower,1632,2024-05-06,2024-05-06 10:30:00-04:00,2024-06-03 10:30:00-04:00,lower,17941.129255379048,
1633_upper,1633,2024-05-07,2024-05-07 10:30:00-04:00,2024-06-04 10:30:00-04:00,upper,18331.723377414182,2024-05-10 09:48:00-04:00
1633_lower,1633,2024-05-07,2024-05-07 10:30:00-04:00,2024-06-04 10:30:00-04:00,lower,18088.401622585818,2024-05-08 08:36:00-04:00
1634_upper,1634,2024-05-08,2024-05-08 10:30:00-04:00,2024-06-05 10:30:00-04:00,upper,18292.19635320892,2024-05-10 05:00:00-04:00
1634_lower,1634,2024-05-08,2024-05-08 10:30:00-04:00,2024-06-05 10:30:00-04:00,lower,17936.55364679108,
1635_upper,1635,2024-05-09,2024-05-09 10:30:00-04:00,2024-06-06 10:30:00-04:00,upper,18320.33467701407,2024-05-10 09:40:00-04:00
1635_lower,1635,2024-05-09,2024-05-09 10:30:00-04:00,2024-06-06 10:30:00-04:00,lower,18022.79032298593,
1636_upper,1636,2024-05-10,2024-05-10 10:30:00-04:00,2024-06-07 10:30:00-04:00,upper,18451.30213454956,2024-05-15 08:30:00-04:00
1636_lower,1636,2024-05-10,2024-05-10 10:30:00-04:00,2024-06-07 10:30:00-04:00,lower,18106.32286545044,
1637_upper,1637,2024-05-13,2024-05-13 10:30:00-04:00,2024-06-10 10:30:00-04:00,upper,18450.828974335927,2024-05-15 08:30:00-04:00
1637_lower,1637,2024-05-13,2024-05-13 10:30:00-04:00,2024-06-10 10:30:00-04:00,lower,18175.171025664073,2024-05-14 08:30:00-04:00
1638_upper,1638,2024-05-14,2024-05-14 10:30:00-04:00,2024-06-11 10:30:00-04:00,upper,18457.224411337593,2024-05-15 08:30:00-04:00
1638_lower,1638,2024-05-14,2024-05-14 10:30:00-04:00,2024-06-11 10:30:00-04:00,lower,18135.150588662407,
1639_upper,1639,2024-05-15,2024-05-15 10:30:00-04:00,2024-06-12 10:30:00-04:00,upper,18655.92231917153,2024-05-15 13:30:00-04:00
1639_lower,1639,2024-05-15,2024-05-15 10:30:00-04:00,2024-06-12 10:30:00-04:00,lower,18348.20268082847,2024-05-31 11:06:00-04:00
1640_upper,1640,2024-05-16,2024-05-16 10:30:00-04:00,2024-06-13 10:30:00-04:00,upper,18802.18312870599,2024-05-21 15:55:00-04:00
1640_lower,1640,2024-05-16,2024-05-16 10:30:00-04:00,2024-06-13 10:30:00-04:00,lower,18574.06687129401,2024-05-17 14:13:00-04:00
1641_upper,1641,2024-05-17,2024-05-17 10:30:00-04:00,2024-06-14 10:30:00-04:00,upper,18758.328034036447,2024-05-20 10:21:00-04:00
1641_lower,1641,2024-05-17,2024-05-17 10:30:00-04:00,2024-06-14 10:30:00-04:00,lower,18536.921965963553,2024-05-30 20:12:00-04:00
1642_upper,1642,2024-05-20,2024-05-20 10:30:00-04:00,2024-06-17 10:30:00-04:00,upper,18834.883856275046,2024-05-22 11:06:00-04:00
1642_lower,1642,2024-05-20,2024-05-20 10:30:00-04:00,2024-06-17 10:30:00-04:00,lower,18505.491143724954,2024-05-30 20:35:00-04:00
1643_upper,1643,2024-05-21,2024-05-21 10:30:00-04:00,2024-06-18 10:30:00-04:00,upper,18814.136589930422,2024-05-21 19:24:00-04:00
1643_lower,1643,2024-05-21,2024-05-21 10:30:00-04:00,2024-06-18 10:30:00-04:00,lower,18579.113410069578,2024-05-30 15:48:00-04:00
1644_upper,1644,2024-05-22,2024-05-22 10:30:00-04:00,2024-06-19 10:30:00-04:00,upper,18914.447754049084,2024-05-22 22:53:00-04:00
1644_lower,1644,2024-05-22,2024-05-22 10:30:00-04:00,2024-06-19 10:30:00-04:00,lower,18704.302245950916,2024-05-22 14:03:00-04:00
1645_upper,1645,2024-05-23,2024-05-23 10:30:00-04:00,2024-06-20 10:30:00-04:00,upper,19130.346404374977,2024-06-07 08:30:00-04:00
1645_lower,1645,2024-05-23,2024-05-23 10:30:00-04:00,2024-06-20 10:30:00-04:00,lower,18761.403595625023,2024-05-23 13:44:00-04:00
1646_upper,1646,2024-05-24,2024-05-24 10:30:00-04:00,2024-06-21 10:30:00-04:00,upper,18931.456244201636,2024-05-27 11:35:00-04:00
1646_lower,1646,2024-05-24,2024-05-24 10:30:00-04:00,2024-06-21 10:30:00-04:00,lower,18616.043755798364,2024-05-30 15:24:00-04:00
1647_upper,1647,2024-05-27,2024-05-27 10:30:00-04:00,2024-06-24 10:30:00-04:00,upper,18985.424587543,2024-06-05 11:42:00-04:00
1647_lower,1647,2024-05-27,2024-05-27 10:30:00-04:00,2024-06-24 10:30:00-04:00,lower,18787.075412457,2024-05-29 08:35:00-04:00
1648_upper,1648,2024-05-28,2024-05-28 10:30:00-04:00,2024-06-25 10:30:00-04:00,upper,19053.44647237583,2024-06-05 15:39:00-04:00
1648_lower,1648,2024-05-28,2024-05-28 10:30:00-04:00,2024-06-25 10:30:00-04:00,lower,18754.55352762417,2024-05-29 16:49:00-04:00
1649_upper,1649,2024-05-29,2024-05-29 10:30:00-04:00,2024-06-26 10:30:00-04:00,upper,18949.579545756875,2024-06-05 11:11:00-04:00
1649_lower,1649,2024-05-29,2024-05-29 10:30:00-04:00,2024-06-26 10:30:00-04:00,lower,18630.045454243125,2024-05-30 11:05:00-04:00
1650_upper,1650,2024-05-30,2024-05-30 10:30:00-04:00,2024-06-27 10:30:00-04:00,upper,18899.499581567885,2024-06-05 10:30:00-04:00
1650_lower,1650,2024-05-30,2024-05-30 10:30:00-04:00,2024-06-27 10:30:00-04:00,lower,18592.125418432115,2024-05-30 15:42:00-04:00
1651_upper,1651,2024-05-31,2024-05-31 10:30:00-04:00,2024-06-28 10:30:00-04:00,upper,18824.351096340102,2024-06-05 08:53:00-04:00
1651_lower,1651,2024-05-31,2024-05-31 10:30:00-04:00,2024-06-28 10:30:00-04:00,lower,18291.773903659898,2024-05-31 12:00:00-04:00
1652_upper,1652,2024-06-03,2024-06-03 10:30:00-04:00,2024-07-01 10:30:00-04:00,upper,18868.56249023392,2024-06-05 10:24:00-04:00
1652_lower,1652,2024-06-03,2024-06-03 10:30:00-04:00,2024-07-01 10:30:00-04:00,lower,18544.68750976608,2024-06-03 12:12:00-04:00
1653_upper,1653,2024-06-04,2024-06-04 10:30:00-04:00,2024-07-02 10:30:00-04:00,upper,18779.45018796668,2024-06-05 05:21:00-04:00
1653_lower,1653,2024-06-04,2024-06-04 10:30:00-04:00,2024-07-02 10:30:00-04:00,lower,18474.17481203332,
1654_upper,1654,2024-06-05,2024-06-05 10:30:00-04:00,2024-07-03 10:30:00-04:00,upper,19012.28533067284,2024-06-05 13:04:00-04:00
1654_lower,1654,2024-06-05,2024-06-05 10:30:00-04:00,2024-07-03 10:30:00-04:00,lower,18689.46466932716,
1655_upper,1655,2024-06-06,2024-06-06 10:30:00-04:00,2024-07-04 10:30:00-04:00,upper,19230.240241008847,2024-06-11 14:33:00-04:00
1655_lower,1655,2024-06-06,2024-06-06 10:30:00-04:00,2024-07-04 10:30:00-04:00,lower,18946.509758991153,2024-06-07 08:43:00-04:00
1656_upper,1656,2024-06-07,2024-06-07 10:30:00-04:00,2024-07-05 10:30:00-04:00,upper,19167.555872352103,2024-06-11 14:03:00-04:00
1656_lower,1656,2024-06-07,2024-06-07 10:30:00-04:00,2024-07-05 10:30:00-04:00,lower,18901.694127647897,
1657_upper,1657,2024-06-10,2024-06-10 10:30:00-04:00,2024-07-08 10:30:00-04:00,upper,19122.60815695558,2024-06-10 15:14:00-04:00
1657_lower,1657,2024-06-10,2024-06-10 10:30:00-04:00,2024-07-08 10:30:00-04:00,lower,18875.76684304442,
1658_upper,1658,2024-06-11,2024-06-11 10:30:00-04:00,2024-07-09 10:30:00-04:00,upper,19204.093089421884,2024-06-11 14:25:00-04:00
1658_lower,1658,2024-06-11,2024-06-11 10:30:00-04:00,2024-07-09 10:30:00-04:00,lower,18897.406910578116,
1659_upper,1659,2024-06-12,2024-06-12 10:30:00-04:00,2024-07-10 10:30:00-04:00,upper,19640.910095181556,2024-06-13 02:41:00-04:00
1659_lower,1659,2024-06-12,2024-06-12 10:30:00-04:00,2024-07-10 10:30:00-04:00,lower,19221.089904818444,
1660_upper,1660,2024-06-13,2024-06-13 10:30:00-04:00,2024-07-11 10:30:00-04:00,upper,19791.83417306144,2024-06-16 20:00:00-04:00
1660_lower,1660,2024-06-13,2024-06-13 10:30:00-04:00,2024-07-11 10:30:00-04:00,lower,19444.04082693856,
1661_upper,1661,2024-06-14,2024-06-14 10:30:00-04:00,2024-07-12 10:30:00-04:00,upper,19735.159868878898,2024-06-16 20:00:00-04:00
1661_lower,1661,2024-06-14,2024-06-14 10:30:00-04:00,2024-07-12 10:30:00-04:00,lower,19445.715131121102,
1662_upper,1662,2024-06-17,2024-06-17 10:30:00-04:00,2024-07-15 10:30:00-04:00,upper,20094.728784683695,2024-06-17 12:45:00-04:00
1662_lower,1662,2024-06-17,2024-06-17 10:30:00-04:00,2024-07-15 10:30:00-04:00,lower,19807.271215316305,2024-06-24 13:12:00-04:00
1663_upper,1663,2024-06-18,2024-06-18 10:30:00-04:00,2024-07-16 10:30:00-04:00,upper,20318.359367589088,2024-06-20 01:04:00-04:00
1663_lower,1663,2024-06-18,2024-06-18 10:30:00-04:00,2024-07-16 10:30:00-04:00,lower,20065.015632410912,2024-06-20 12:29:00-04:00
1664_upper,1664,2024-06-19,2024-06-19 10:30:00-04:00,2024-07-17 10:30:00-04:00,upper,20339.028954305097,2024-06-20 03:16:00-04:00
1664_lower,1664,2024-06-19,2024-06-19 10:30:00-04:00,2024-07-17 10:30:00-04:00,lower,20147.096045694903,2024-06-20 10:15:00-04:00
1665_upper,1665,2024-06-20,2024-06-20 10:30:00-04:00,2024-07-18 10:30:00-04:00,upper,20410.603264982543,2024-07-03 12:17:00-04:00
1665_lower,1665,2024-06-20,2024-06-20 10:30:00-04:00,2024-07-18 10:30:00-04:00,lower,20026.021735017457,2024-06-20 12:31:00-04:00
1666_upper,1666,2024-06-21,2024-06-21 10:30:00-04:00,2024-07-19 10:30:00-04:00,upper,20168.28405551112,2024-06-28 08:30:00-04:00
1666_lower,1666,2024-06-21,2024-06-21 10:30:00-04:00,2024-07-19 10:30:00-04:00,lower,19819.84094448888,2024-06-24 13:08:00-04:00
1667_upper,1667,2024-06-24,2024-06-24 10:30:00-04:00,2024-07-22 10:30:00-04:00,upper,20111.162461685984,2024-06-27 10:14:00-04:00
1667_lower,1667,2024-06-24,2024-06-24 10:30:00-04:00,2024-07-22 10:30:00-04:00,lower,19742.462538314016,2024-06-24 15:57:00-04:00
1668_upper,1668,2024-06-25,2024-06-25 10:30:00-04:00,2024-07-23 10:30:00-04:00,upper,20005.196690845805,2024-06-25 22:03:00-04:00
1668_lower,1668,2024-06-25,2024-06-25 10:30:00-04:00,2024-07-23 10:30:00-04:00,lower,19669.928309154195,2024-07-19 13:20:00-04:00
1669_upper,1669,2024-06-26,2024-06-26 10:30:00-04:00,2024-07-24 10:30:00-04:00,upper,20113.997835835995,2024-06-27 10:15:00-04:00
1669_lower,1669,2024-06-26,2024-06-26 10:30:00-04:00,2024-07-24 10:30:00-04:00,lower,19786.877164164005,2024-07-18 11:50:00-04:00
1670_upper,1670,2024-06-27,2024-06-27 10:30:00-04:00,2024-07-25 10:30:00-04:00,upper,20200.15002074065,2024-06-28 10:02:00-04:00
1670_lower,1670,2024-06-27,2024-06-27 10:30:00-04:00,2024-07-25 10:30:00-04:00,lower,19843.59997925935,2024-07-01 09:50:00-04:00
1671_upper,1671,2024-06-28,2024-06-28 10:30:00-04:00,2024-07-26 10:30:00-04:00,upper,20369.845683433028,2024-07-03 11:55:00-04:00
1671_lower,1671,2024-06-28,2024-06-28 10:30:00-04:00,2024-07-26 10:30:00-04:00,lower,19856.904316566972,2024-07-01 09:50:00-04:00
1672_upper,1672,2024-07-01,2024-07-01 10:30:00-04:00,2024-07-29 10:30:00-04:00,upper,20147.817430031195,2024-07-02 11:37:00-04:00
1672_lower,1672,2024-07-01,2024-07-01 10:30:00-04:00,2024-07-29 10:30:00-04:00,lower,19722.682569968805,2024-07-19 11:32:00-04:00
1673_upper,1673,2024-07-02,2024-07-02 10:30:00-04:00,2024-07-30 10:30:00-04:00,upper,20181.13805710358,2024-07-02 13:13:00-04:00
1673_lower,1673,2024-07-02,2024-07-02 10:30:00-04:00,2024-07-30 10:30:00-04:00,lower,19838.48694289642,2024-07-18 11:21:00-04:00
1674_upper,1674,2024-07-03,2024-07-03 10:30:00-04:00,2024-07-31 10:30:00-04:00,upper,20380.126585477083,2024-07-03 11:58:00-04:00
1674_lower,1674,2024-07-03,2024-07-03 10:30:00-04:00,2024-07-31 10:30:00-04:00,lower,20094.123414522917,2024-07-17 11:16:00-04:00
1675_upper,1675,2024-07-04,2024-07-04 10:30:00-04:00,2024-08-01 10:30:00-04:00,upper,20504.253787619913,2024-07-05 09:55:00-04:00
1675_lower,1675,2024-07-04,2024-07-04 10:30:00-04:00,2024-08-01 10:30:00-04:00,lower,20290.121212380087,2024-07-17 07:18:00-04:00
1676_upper,1676,2024-07-05,2024-07-05 10:30:00-04:00,2024-08-02 10:30:00-04:00,upper,20633.794511564294,2024-07-05 13:47:00-04:00
1676_lower,1676,2024-07-05,2024-07-05 10:30:00-04:00,2024-08-02 10:30:00-04:00,lower,20293.955488435706,2024-07-17 07:16:00-04:00
1677_upper,1677,2024-07-08,2024-07-08 10:30:00-04:00,2024-08-05 10:30:00-04:00,upper,20757.003575861716,2024-07-09 09:34:00-04:00
1677_lower,1677,2024-07-08,2024-07-08 10:30:00-04:00,2024-08-05 10:30:00-04:00,lower,20500.621424138284,2024-07-11 11:40:00-04:00
1678_upper,1678,2024-07-09,2024-07-09 10:30:00-04:00,2024-08-06 10:30:00-04:00,upper,20874.551988043353,2024-07-10 13:42:00-04:00
1678_lower,1678,2024-07-09,2024-07-09 10:30:00-04:00,2024-08-06 10:30:00-04:00,lower,20578.573011956647,2024-07-11 11:23:00-04:00
1679_upper,1679,2024-07-10,2024-07-10 10:30:00-04:00,2024-08-07 10:30:00-04:00,upper,20901.240405728517,2024-07-10 15:48:00-04:00
1679_lower,1679,2024-07-10,2024-07-10 10:30:00-04:00,2024-08-07 10:30:00-04:00,lower,20615.759594271483,2024-07-11 10:58:00-04:00
1680_upper,1680,2024-07-11,2024-07-11 10:30:00-04:00,2024-08-08 10:30:00-04:00,upper,21110.959704223533,
1680_lower,1680,2024-07-11,2024-07-11 10:30:00-04:00,2024-08-08 10:30:00-04:00,lower,20563.165295776467,2024-07-11 11:23:00-04:00
1681_upper,1681,2024-07-12,2024-07-12 10:30:00-04:00,2024-08-09 10:30:00-04:00,upper,20684.240148947883,2024-07-12 13:33:00-04:00
1681_lower,1681,2024-07-12,2024-07-12 10:30:00-04:00,2024-08-09 10:30:00-04:00,lower,20265.134851052117,2024-07-17 07:33:00-04:00
1682_upper,1682,2024-07-15,2024-07-15 10:30:00-04:00,2024-08-12 10:30:00-04:00,upper,20795.230732757766,2024-07-15 11:22:00-04:00
1682_lower,1682,2024-07-15,2024-07-15 10:30:00-04:00,2024-08-12 10:30:00-04:00,lower,20453.519267242234,2024-07-17 02:18:00-04:00
1683_upper,1683,2024-07-16,2024-07-16 10:30:00-04:00,2024-08-13 10:30:00-04:00,upper,20857.28899955524,
1683_lower,1683,2024-07-16,2024-07-16 10:30:00-04:00,2024-08-13 10:30:00-04:00,lower,20376.96100044476,2024-07-17 03:50:00-04:00
1684_upper,1684,2024-07-17,2024-07-17 10:30:00-04:00,2024-08-14 10:30:00-04:00,upper,20452.33928335341,
1684_lower,1684,2024-07-17,2024-07-17 10:30:00-04:00,2024-08-14 10:30:00-04:00,lower,19997.78571664659,2024-07-17 15:06:00-04:00
1685_upper,1685,2024-07-18,2024-07-18 10:30:00-04:00,2024-08-15 10:30:00-04:00,upper,20309.20096911616,
1685_lower,1685,2024-07-18,2024-07-18 10:30:00-04:00,2024-08-15 10:30:00-04:00,lower,19916.79903088384,2024-07-18 10:41:00-04:00
1686_upper,1686,2024-07-19,2024-07-19 10:30:00-04:00,2024-08-16 10:30:00-04:00,upper,20120.237211471358,
1686_lower,1686,2024-07-19,2024-07-19 10:30:00-04:00,2024-08-16 10:30:00-04:00,lower,19635.887788528642,2024-07-24 08:34:00-04:00
1687_upper,1687,2024-07-22,2024-07-22 10:30:00-04:00,2024-08-19 10:30:00-04:00,upper,20176.78846052056,
1687_lower,1687,2024-07-22,2024-07-22 10:30:00-04:00,2024-08-19 10:30:00-04:00,lower,19732.71153947944,2024-07-24 00:21:00-04:00
1688_upper,1688,2024-07-23,2024-07-23 10:30:00-04:00,2024-08-20 10:30:00-04:00,upper,20161.28219591301,
1688_lower,1688,2024-07-23,2024-07-23 10:30:00-04:00,2024-08-20 10:30:00-04:00,lower,19787.09280408699,2024-07-23 18:25:00-04:00
1689_upper,1689,2024-07-24,2024-07-24 10:30:00-04:00,2024-08-21 10:30:00-04:00,upper,19838.950638892777,2024-08-19 15:54:00-04:00
1689_lower,1689,2024-07-24,2024-07-24 10:30:00-04:00,2024-08-21 10:30:00-04:00,lower,19361.549361107223,2024-07-24 11:59:00-04:00
1690_upper,1690,2024-07-25,2024-07-25 10:30:00-04:00,2024-08-22 10:30:00-04:00,upper,19514.365325762337,2024-07-31 11:32:00-04:00
1690_lower,1690,2024-07-25,2024-07-25 10:30:00-04:00,2024-08-22 10:30:00-04:00,lower,18757.634674237663,2024-07-30 16:02:00-04:00
1691_upper,1691,2024-07-26,2024-07-26 10:30:00-04:00,2024-08-23 10:30:00-04:00,upper,19374.65056958672,2024-07-29 10:00:00-04:00
1691_lower,1691,2024-07-26,2024-07-26 10:30:00-04:00,2024-08-23 10:30:00-04:00,lower,18907.09943041328,2024-07-30 12:36:00-04:00
1692_upper,1692,2024-07-29,2024-07-29 10:30:00-04:00,2024-08-26 10:30:00-04:00,upper,19517.571868747218,2024-07-31 14:32:00-04:00
1692_lower,1692,2024-07-29,2024-07-29 10:30:00-04:00,2024-08-26 10:30:00-04:00,lower,19067.303131252782,2024-07-30 11:01:00-04:00
1693_upper,1693,2024-07-30,2024-07-30 10:30:00-04:00,2024-08-27 10:30:00-04:00,upper,19496.809340978827,2024-07-31 11:31:00-04:00
1693_lower,1693,2024-07-30,2024-07-30 10:30:00-04:00,2024-08-27 10:30:00-04:00,lower,19028.315659021173,2024-07-30 11:02:00-04:00
1694_upper,1694,2024-07-31,2024-07-31 10:30:00-04:00,2024-08-28 10:30:00-04:00,upper,19621.42003200364,2024-07-31 16:05:00-04:00
1694_lower,1694,2024-07-31,2024-07-31 10:30:00-04:00,2024-08-28 10:30:00-04:00,lower,19141.57996799636,2024-08-01 12:22:00-04:00
1695_upper,1695,2024-08-01,2024-08-01 10:30:00-04:00,2024-08-29 10:30:00-04:00,upper,19835.7633475509,2024-08-19 15:54:00-04:00
1695_lower,1695,2024-08-01,2024-08-01 10:30:00-04:00,2024-08-29 10:30:00-04:00,lower,19248.9866524491,2024-08-01 11:30:00-04:00
1696_upper,1696,2024-08-02,2024-08-02 10:30:00-04:00,2024-08-30 10:30:00-04:00,upper,19014.130332133056,2024-08-13 12:20:00-04:00
1696_lower,1696,2024-08-02,2024-08-02 10:30:00-04:00,2024-08-30 10:30:00-04:00,lower,18209.744667866944,2024-08-04 20:13:00-04:00
1697_upper,1697,2024-08-05,2024-08-05 10:30:00-04:00,2024-09-02 10:30:00-04:00,upper,18284.725223215326,2024-08-05 12:28:00-04:00
1697_lower,1697,2024-08-05,2024-08-05 10:30:00-04:00,2024-09-02 10:30:00-04:00,lower,17087.899776784674,
1698_upper,1698,2024-08-06,2024-08-06 10:30:00-04:00,2024-09-03 10:30:00-04:00,upper,18544.523652114432,2024-08-07 09:50:00-04:00
1698_lower,1698,2024-08-06,2024-08-06 10:30:00-04:00,2024-09-03 10:30:00-04:00,lower,17631.351347885568,
1699_upper,1699,2024-08-07,2024-08-07 10:30:00-04:00,2024-09-04 10:30:00-04:00,upper,18767.821027478392,2024-08-13 03:06:00-04:00
1699_lower,1699,2024-08-07,2024-08-07 10:30:00-04:00,2024-09-04 10:30:00-04:00,lower,18167.553972521608,2024-08-07 13:18:00-04:00
1700_upper,1700,2024-08-08,2024-08-08 10:30:00-04:00,2024-09-05 10:30:00-04:00,upper,18655.454944836703,2024-08-09 13:29:00-04:00
1700_lower,1700,2024-08-08,2024-08-08 10:30:00-04:00,2024-09-05 10:30:00-04:00,lower,17796.795055163297,
1701_upper,1701,2024-08-09,2024-08-09 10:30:00-04:00,2024-09-06 10:30:00-04:00,upper,18746.82003861732,2024-08-12 11:02:00-04:00
1701_lower,1701,2024-08-09,2024-08-09 10:30:00-04:00,2024-09-06 10:30:00-04:00,lower,18189.67996138268,
1702_upper,1702,2024-08-12,2024-08-12 10:30:00-04:00,2024-09-09 10:30:00-04:00,upper,18920.626588370505,2024-08-13 10:12:00-04:00
1702_lower,1702,2024-08-12,2024-08-12 10:30:00-04:00,2024-09-09 10:30:00-04:00,lower,18346.373411629495,2024-09-06 16:53:00-04:00
1703_upper,1703,2024-08-13,2024-08-13 10:30:00-04:00,2024-09-10 10:30:00-04:00,upper,19062.968711353467,2024-08-13 12:50:00-04:00
1703_lower,1703,2024-08-13,2024-08-13 10:30:00-04:00,2024-09-10 10:30:00-04:00,lower,18628.156288646533,2024-09-06 10:31:00-04:00
1704_upper,1704,2024-08-14,2024-08-14 10:30:00-04:00,2024-09-11 10:30:00-04:00,upper,19381.901661534434,2024-08-15 09:37:00-04:00
1704_lower,1704,2024-08-14,2024-08-14 10:30:00-04:00,2024-09-11 10:30:00-04:00,lower,18826.098338465566,2024-09-03 21:19:00-04:00
1705_upper,1705,2024-08-15,2024-08-15 10:30:00-04:00,2024-09-12 10:30:00-04:00,upper,19605.228776789907,2024-08-15 18:38:00-04:00
1705_lower,1705,2024-08-15,2024-08-15 10:30:00-04:00,2024-09-12 10:30:00-04:00,lower,19159.771223210093,2024-08-28 18:45:00-04:00
1706_upper,1706,2024-08-16,2024-08-16 10:30:00-04:00,2024-09-13 10:30:00-04:00,upper,19712.947840013418,2024-08-19 13:52:00-04:00
1706_lower,1706,2024-08-16,2024-08-16 10:30:00-04:00,2024-09-13 10:30:00-04:00,lower,19317.427159986582,2024-08-28 13:57:00-04:00
1707_upper,1707,2024-08-19,2024-08-19 10:30:00-04:00,2024-09-16 10:30:00-04:00,upper,19761.734486212936,2024-08-19 14:40:00-04:00
1707_lower,1707,2024-08-19,2024-08-19 10:30:00-04:00,2024-09-16 10:30:00-04:00,lower,19420.015513787064,2024-08-28 11:02:00-04:00
1708_upper,1708,2024-08-20,2024-08-20 10:30:00-04:00,2024-09-17 10:30:00-04:00,upper,20030.80670794004,
1708_lower,1708,2024-08-20,2024-08-20 10:30:00-04:00,2024-09-17 10:30:00-04:00,lower,19651.06829205996,2024-08-22 13:31:00-04:00
1709_upper,1709,2024-08-21,2024-08-21 10:30:00-04:00,2024-09-18 10:30:00-04:00,upper,20034.05540483997,
1709_lower,1709,2024-08-21,2024-08-21 10:30:00-04:00,2024-09-18 10:30:00-04:00,lower,19670.06959516003,2024-08-22 11:50:00-04:00
1710_upper,1710,2024-08-22,2024-08-22 10:30:00-04:00,2024-09-19 10:30:00-04:00,upper,20194.72319355444,
1710_lower,1710,2024-08-22,2024-08-22 10:30:00-04:00,2024-09-19 10:30:00-04:00,lower,19757.02680644556,2024-08-22 11:38:00-04:00
1711_upper,1711,2024-08-23,2024-08-23 10:30:00-04:00,2024-09-20 10:30:00-04:00,upper,20049.377120419314,2024-09-19 09:27:00-04:00
1711_lower,1711,2024-08-23,2024-08-23 10:30:00-04:00,2024-09-20 10:30:00-04:00,lower,19511.247879580686,2024-08-26 10:38:00-04:00
1712_upper,1712,2024-08-26,2024-08-26 10:30:00-04:00,2024-09-23 10:30:00-04:00,upper,19988.655865018845,2024-09-19 06:23:00-04:00
1712_lower,1712,2024-08-26,2024-08-26 10:30:00-04:00,2024-09-23 10:30:00-04:00,lower,19477.094134981155,2024-08-27 09:04:00-04:00
1713_upper,1713,2024-08-27,2024-08-27 10:30:00-04:00,2024-09-24 10:30:00-04:00,upper,19801.639488155262,2024-09-17 07:58:00-04:00
1713_lower,1713,2024-08-27,2024-08-27 10:30:00-04:00,2024-09-24 10:30:00-04:00,lower,19268.735511844738,2024-08-28 16:24:00-04:00
1714_upper,1714,2024-08-28,2024-08-28 10:30:00-04:00,2024-09-25 10:30:00-04:00,upper,19816.226263992252,2024-09-17 08:30:00-04:00
1714_lower,1714,2024-08-28,2024-08-28 10:30:00-04:00,2024-09-25 10:30:00-04:00,lower,19394.398736007748,2024-08-28 11:11:00-04:00
1715_upper,1715,2024-08-29,2024-08-29 10:30:00-04:00,2024-09-26 10:30:00-04:00,upper,19810.47189859677,2024-09-17 08:30:00-04:00
1715_lower,1715,2024-08-29,2024-08-29 10:30:00-04:00,2024-09-26 10:30:00-04:00,lower,19269.15310140323,2024-09-03 10:31:00-04:00
1716_upper,1716,2024-08-30,2024-08-30 10:30:00-04:00,2024-09-27 10:30:00-04:00,upper,19756.141437846607,2024-09-15 20:00:00-04:00
1716_lower,1716,2024-08-30,2024-08-30 10:30:00-04:00,2024-09-27 10:30:00-04:00,lower,19374.483562153393,2024-08-30 12:37:00-04:00
1717_upper,1717,2024-09-02,2024-09-02 10:30:00-04:00,2024-09-30 10:30:00-04:00,upper,19761.23735163828,2024-09-15 20:00:00-04:00
1717_lower,1717,2024-09-02,2024-09-02 10:30:00-04:00,2024-09-30 10:30:00-04:00,lower,19474.01264836172,2024-09-03 05:11:00-04:00
1718_upper,1718,2024-09-03,2024-09-03 10:30:00-04:00,2024-10-01 10:30:00-04:00,upper,19684.24893300209,2024-09-15 20:00:00-04:00
1718_lower,1718,2024-09-03,2024-09-03 10:30:00-04:00,2024-10-01 10:30:00-04:00,lower,19176.87606699791,2024-09-03 10:50:00-04:00
1719_upper,1719,2024-09-04,2024-09-04 10:30:00-04:00,2024-10-02 10:30:00-04:00,upper,19182.25372695499,2024-09-11 15:16:00-04:00
1719_lower,1719,2024-09-04,2024-09-04 10:30:00-04:00,2024-10-02 10:30:00-04:00,lower,18627.12127304501,2024-09-06 10:33:00-04:00
1720_upper,1720,2024-09-05,2024-09-05 10:30:00-04:00,2024-10-03 10:30:00-04:00,upper,19294.032544516147,2024-09-11 22:28:00-04:00
1720_lower,1720,2024-09-05,2024-09-05 10:30:00-04:00,2024-10-03 10:30:00-04:00,lower,18610.217455483853,2024-09-06 10:34:00-04:00
1721_upper,1721,2024-09-06,2024-09-06 10:30:00-04:00,2024-10-04 10:30:00-04:00,upper,19248.56248162566,2024-09-11 15:54:00-04:00
1721_lower,1721,2024-09-06,2024-09-06 10:30:00-04:00,2024-10-04 10:30:00-04:00,lower,18480.93751837434,2024-09-06 11:19:00-04:00
1722_upper,1722,2024-09-09,2024-09-09 10:30:00-04:00,2024-10-07 10:30:00-04:00,upper,18892.518444835056,2024-09-11 09:01:00-04:00
1722_lower,1722,2024-09-09,2024-09-09 10:30:00-04:00,2024-10-07 10:30:00-04:00,lower,18387.606555164944,
1723_upper,1723,2024-09-10,2024-09-10 10:30:00-04:00,2024-10-08 10:30:00-04:00,upper,18985.395383202922,2024-09-11 13:28:00-04:00
1723_lower,1723,2024-09-10,2024-09-10 10:30:00-04:00,2024-10-08 10:30:00-04:00,lower,18527.104616797078,
1724_upper,1724,2024-09-11,2024-09-11 10:30:00-04:00,2024-10-09 10:30:00-04:00,upper,19177.117653817804,2024-09-11 14:42:00-04:00
1724_lower,1724,2024-09-11,2024-09-11 10:30:00-04:00,2024-10-09 10:30:00-04:00,lower,18484.757346182196,
1725_upper,1725,2024-09-12,2024-09-12 10:30:00-04:00,2024-10-10 10:30:00-04:00,upper,19505.258011542584,2024-09-13 10:00:00-04:00
1725_lower,1725,2024-09-12,2024-09-12 10:30:00-04:00,2024-10-10 10:30:00-04:00,lower,19020.991988457416,
1726_upper,1726,2024-09-13,2024-09-13 10:30:00-04:00,2024-10-11 10:30:00-04:00,upper,19649.443373539754,2024-09-15 20:00:00-04:00
1726_lower,1726,2024-09-13,2024-09-13 10:30:00-04:00,2024-10-11 10:30:00-04:00,lower,19223.556626460246,
1727_upper,1727,2024-09-16,2024-09-16 10:30:00-04:00,2024-10-14 10:30:00-04:00,upper,19864.75107034095,2024-09-18 14:00:00-04:00
1727_lower,1727,2024-09-16,2024-09-16 10:30:00-04:00,2024-10-14 10:30:00-04:00,lower,19435.37392965905,
1728_upper,1728,2024-09-17,2024-09-17 10:30:00-04:00,2024-10-15 10:30:00-04:00,upper,19989.834798681546,2024-09-19 06:27:00-04:00
1728_lower,1728,2024-09-17,2024-09-17 10:30:00-04:00,2024-10-15 10:30:00-04:00,lower,19574.540201318454,2024-09-17 13:45:00-04:00
1729_upper,1729,2024-09-18,2024-09-18 10:30:00-04:00,2024-10-16 10:30:00-04:00,upper,19899.297195511685,2024-09-18 14:01:00-04:00
1729_lower,1729,2024-09-18,2024-09-18 10:30:00-04:00,2024-10-16 10:30:00-04:00,lower,19522.952804488315,
1730_upper,1730,2024-09-19,2024-09-19 10:30:00-04:00,2024-10-17 10:30:00-04:00,upper,20319.047775660503,2024-09-25 21:55:00-04:00
1730_lower,1730,2024-09-19,2024-09-19 10:30:00-04:00,2024-10-17 10:30:00-04:00,lower,19788.577224339497,
1731_upper,1731,2024-09-20,2024-09-20 10:30:00-04:00,2024-10-18 10:30:00-04:00,upper,20226.936690082668,2024-09-25 09:59:00-04:00
1731_lower,1731,2024-09-20,2024-09-20 10:30:00-04:00,2024-10-18 10:30:00-04:00,lower,19835.438309917332,2024-10-01 11:10:00-04:00
1732_upper,1732,2024-09-23,2024-09-23 10:30:00-04:00,2024-10-21 10:30:00-04:00,upper,20255.1604880562,2024-09-25 10:12:00-04:00
1732_lower,1732,2024-09-23,2024-09-23 10:30:00-04:00,2024-10-21 10:30:00-04:00,lower,19897.8395119438,2024-10-01 10:28:00-04:00
1733_upper,1733,2024-09-24,2024-09-24 10:30:00-04:00,2024-10-22 10:30:00-04:00,upper,20349.71656251209,2024-09-25 23:38:00-04:00
1733_lower,1733,2024-09-24,2024-09-24 10:30:00-04:00,2024-10-22 10:30:00-04:00,lower,19844.28343748791,2024-10-01 11:09:00-04:00
1734_upper,1734,2024-09-25,2024-09-25 10:30:00-04:00,2024-10-23 10:30:00-04:00,upper,20378.78921241565,2024-09-26 00:53:00-04:00
1734_lower,1734,2024-09-25,2024-09-25 10:30:00-04:00,2024-10-23 10:30:00-04:00,lower,19966.71078758435,2024-10-01 10:09:00-04:00
1735_upper,1735,2024-09-26,2024-09-26 10:30:00-04:00,2024-10-24 10:30:00-04:00,upper,20708.519104316216,
1735_lower,1735,2024-09-26,2024-09-26 10:30:00-04:00,2024-10-24 10:30:00-04:00,lower,20222.355895683784,2024-09-26 10:55:00-04:00
1736_upper,1736,2024-09-27,2024-09-27 10:30:00-04:00,2024-10-25 10:30:00-04:00,upper,20536.68676564502,2024-10-14 08:57:00-04:00
1736_lower,1736,2024-09-27,2024-09-27 10:30:00-04:00,2024-10-25 10:30:00-04:00,lower,20174.93823435498,2024-09-27 14:31:00-04:00
1737_upper,1737,2024-09-30,2024-09-30 10:30:00-04:00,2024-10-28 10:30:00-04:00,upper,20407.49603546792,2024-10-09 11:35:00-04:00
1737_lower,1737,2024-09-30,2024-09-30 10:30:00-04:00,2024-10-28 10:30:00-04:00,lower,19967.00396453208,2024-10-01 10:09:00-04:00
1738_upper,1738,2024-10-01,2024-10-01 10:30:00-04:00,2024-10-29 10:30:00-04:00,upper,20568.6462455922,2024-10-14 09:32:00-04:00
1738_lower,1738,2024-10-01,2024-10-01 10:30:00-04:00,2024-10-29 10:30:00-04:00,lower,19757.3537544078,
1739_upper,1739,2024-10-02,2024-10-02 10:30:00-04:00,2024-10-30 10:30:00-04:00,upper,20204.849123069227,2024-10-04 08:46:00-04:00
1739_lower,1739,2024-10-02,2024-10-02 10:30:00-04:00,2024-10-30 10:30:00-04:00,lower,19662.025876930773,
1740_upper,1740,2024-10-03,2024-10-03 10:30:00-04:00,2024-10-31 10:30:00-04:00,upper,20254.793687797894,2024-10-04 09:00:00-04:00
1740_lower,1740,2024-10-03,2024-10-03 10:30:00-04:00,2024-10-31 10:30:00-04:00,lower,19661.456312202106,
1741_upper,1741,2024-10-04,2024-10-04 10:30:00-04:00,2024-11-01 10:30:00-04:00,upper,20493.42685089374,2024-10-10 12:11:00-04:00
1741_lower,1741,2024-10-04,2024-10-04 10:30:00-04:00,2024-11-01 10:30:00-04:00,lower,19859.94814910626,
1742_upper,1742,2024-10-07,2024-10-07 10:30:00-04:00,2024-11-04 10:30:00-05:00,upper,20348.050693845078,2024-10-09 10:27:00-04:00
1742_lower,1742,2024-10-07,2024-10-07 10:30:00-04:00,2024-11-04 10:30:00-05:00,lower,19926.824306154922,2024-10-07 18:33:00-04:00
1743_upper,1743,2024-10-08,2024-10-08 10:30:00-04:00,2024-11-05 10:30:00-05:00,upper,20382.693578720202,2024-10-09 11:00:00-04:00
1743_lower,1743,2024-10-08,2024-10-08 10:30:00-04:00,2024-11-05 10:30:00-05:00,lower,19856.681421279798,
1744_upper,1744,2024-10-09,2024-10-09 10:30:00-04:00,2024-11-06 10:30:00-05:00,upper,20531.7948457901,2024-10-14 08:47:00-04:00
1744_lower,1744,2024-10-09,2024-10-09 10:30:00-04:00,2024-11-06 10:30:00-05:00,lower,20046.8301542099,2024-10-31 11:47:00-04:00
1745_upper,1745,2024-10-10,2024-10-10 10:30:00-04:00,2024-11-07 10:30:00-05:00,upper,20595.95547479901,2024-10-14 09:35:00-04:00
1745_lower,1745,2024-10-10,2024-10-10 10:30:00-04:00,2024-11-07 10:30:00-05:00,lower,20121.66952520099,2024-10-23 13:58:00-04:00
1746_upper,1746,2024-10-11,2024-10-11 10:30:00-04:00,2024-11-08 10:30:00-05:00,upper,20645.862059253748,2024-10-14 09:50:00-04:00
1746_lower,1746,2024-10-11,2024-10-11 10:30:00-04:00,2024-11-08 10:30:00-05:00,lower,20092.387940746252,2024-10-23 14:15:00-04:00
1747_upper,1747,2024-10-14,2024-10-14 10:30:00-04:00,2024-11-11 10:30:00-05:00,upper,20834.541836611155,2024-11-06 13:02:00-05:00
1747_lower,1747,2024-10-14,2024-10-14 10:30:00-04:00,2024-11-11 10:30:00-05:00,lower,20326.458163388845,2024-10-15 14:59:00-04:00
1748_upper,1748,2024-10-15,2024-10-15 10:30:00-04:00,2024-11-12 10:30:00-05:00,upper,20881.647864338916,2024-11-06 14:14:00-05:00
1748_lower,1748,2024-10-15,2024-10-15 10:30:00-04:00,2024-11-12 10:30:00-05:00,lower,20317.477135661084,2024-10-15 15:02:00-04:00
1749_upper,1749,2024-10-16,2024-10-16 10:30:00-04:00,2024-11-13 10:30:00-05:00,upper,20580.01422164379,2024-10-17 09:07:00-04:00
1749_lower,1749,2024-10-16,2024-10-16 10:30:00-04:00,2024-11-13 10:30:00-05:00,lower,20054.23577835621,2024-10-31 11:06:00-04:00
1750_upper,1750,2024-10-17,2024-10-17 10:30:00-04:00,2024-11-14 10:30:00-05:00,upper,20822.22213510117,2024-11-06 12:48:00-05:00
1750_lower,1750,2024-10-17,2024-10-17 10:30:00-04:00,2024-11-14 10:30:00-05:00,lower,20222.27786489883,2024-10-23 13:01:00-04:00
1751_upper,1751,2024-10-18,2024-10-18 10:30:00-04:00,2024-11-15 10:30:00-05:00,upper,20677.856341418505,2024-10-25 10:01:00-04:00
1751_lower,1751,2024-10-18,2024-10-18 10:30:00-04:00,2024-11-15 10:30:00-05:00,lower,20266.018658581495,2024-10-23 12:27:00-04:00
1752_upper,1752,2024-10-21,2024-10-21 10:30:00-04:00,2024-11-18 10:30:00-05:00,upper,20686.259350683504,2024-10-25 10:01:00-04:00
1752_lower,1752,2024-10-21,2024-10-21 10:30:00-04:00,2024-11-18 10:30:00-05:00,lower,20230.115649316496,2024-10-23 13:01:00-04:00
1753_upper,1753,2024-10-22,2024-10-22 10:30:00-04:00,2024-11-19 10:30:00-05:00,upper,20668.438045991174,2024-10-25 10:00:00-04:00
1753_lower,1753,2024-10-22,2024-10-22 10:30:00-04:00,2024-11-19 10:30:00-05:00,lower,20179.061954008826,2024-10-23 13:14:00-04:00
1754_upper,1754,2024-10-23,2024-10-23 10:30:00-04:00,2024-11-20 10:30:00-05:00,upper,20637.92855511268,2024-10-25 09:55:00-04:00
1754_lower,1754,2024-10-23,2024-10-23 10:30:00-04:00,2024-11-20 10:30:00-05:00,lower,20201.44644488732,2024-10-23 13:12:00-04:00
1755_upper,1755,2024-10-24,2024-10-24 10:30:00-04:00,2024-11-21 10:30:00-05:00,upper,20555.197461245378,2024-10-25 09:35:00-04:00
1755_lower,1755,2024-10-24,2024-10-24 10:30:00-04:00,2024-11-21 10:30:00-05:00,lower,20154.677538754622,2024-10-31 09:54:00-04:00
1756_upper,1756,2024-10-25,2024-10-25 10:30:00-04:00,2024-11-22 10:30:00-05:00,upper,20845.931169587562,2024-11-06 13:10:00-05:00
1756_lower,1756,2024-10-25,2024-10-25 10:30:00-04:00,2024-11-22 10:30:00-05:00,lower,20244.068830412438,2024-10-31 09:45:00-04:00
1757_upper,1757,2024-10-28,2024-10-28 10:30:00-04:00,2024-11-25 10:30:00-05:00,upper,20824.463319599126,2024-11-06 12:49:00-05:00
1757_lower,1757,2024-10-28,2024-10-28 10:30:00-04:00,2024-11-25 10:30:00-05:00,lower,20378.411680400874,2024-10-31 02:17:00-04:00
1758_upper,1758,2024-10-29,2024-10-29 10:30:00-04:00,2024-11-26 10:30:00-05:00,upper,20786.518854434027,2024-10-29 21:38:00-04:00
1758_lower,1758,2024-10-29,2024-10-29 10:30:00-04:00,2024-11-26 10:30:00-05:00,lower,20242.106145565973,2024-10-31 09:45:00-04:00
1759_upper,1759,2024-10-30,2024-10-30 10:30:00-04:00,2024-11-27 10:30:00-05:00,upper,20900.32321371915,2024-11-06 15:06:00-05:00
1759_lower,1759,2024-10-30,2024-10-30 10:30:00-04:00,2024-11-27 10:30:00-05:00,lower,20382.05178628085,2024-10-31 02:09:00-04:00
1760_upper,1760,2024-10-31,2024-10-31 10:30:00-04:00,2024-11-28 10:30:00-05:00,upper,20640.173601777264,2024-11-05 22:04:00-05:00
1760_lower,1760,2024-10-31,2024-10-31 10:30:00-04:00,2024-11-28 10:30:00-05:00,lower,19969.951398222736,
1761_upper,1761,2024-11-01,2024-11-01 10:30:00-04:00,2024-11-29 10:30:00-05:00,upper,20449.247027337835,2024-11-05 21:18:00-05:00
1761_lower,1761,2024-11-01,2024-11-01 10:30:00-04:00,2024-11-29 10:30:00-05:00,lower,19786.627972662165,
1762_upper,1762,2024-11-04,2024-11-04 10:30:00-05:00,2024-12-02 10:30:00-05:00,upper,20415.449692057126,2024-11-05 20:06:00-05:00
1762_lower,1762,2024-11-04,2024-11-04 10:30:00-05:00,2024-12-02 10:30:00-05:00,lower,19813.425307942874,
1763_upper,1763,2024-11-05,2024-11-05 10:30:00-05:00,2024-12-03 10:30:00-05:00,upper,20482.518774411852,2024-11-05 21:29:00-05:00
1763_lower,1763,2024-11-05,2024-11-05 10:30:00-05:00,2024-12-03 10:30:00-05:00,lower,19903.856225588148,
1764_upper,1764,2024-11-06,2024-11-06 10:30:00-05:00,2024-12-04 10:30:00-05:00,upper,20976.74258538725,2024-11-07 07:29:00-05:00
1764_lower,1764,2024-11-06,2024-11-06 10:30:00-05:00,2024-12-04 10:30:00-05:00,lower,20432.63241461275,2024-11-15 13:46:00-05:00
1765_upper,1765,2024-11-07,2024-11-07 10:30:00-05:00,2024-12-05 10:30:00-05:00,upper,21249.438156767083,2024-11-07 15:17:00-05:00
1765_lower,1765,2024-11-07,2024-11-07 10:30:00-05:00,2024-12-05 10:30:00-05:00,lower,20823.936843232917,2024-11-15 03:09:00-05:00
1766_upper,1766,2024-11-08,2024-11-08 10:30:00-05:00,2024-12-06 10:30:00-05:00,upper,21355.408300429837,2024-12-04 00:21:00-05:00
1766_lower,1766,2024-11-08,2024-11-08 10:30:00-05:00,2024-12-06 10:30:00-05:00,lower,21026.841699570163,2024-11-14 12:32:00-05:00
1767_upper,1767,2024-11-11,2024-11-11 10:30:00-05:00,2024-12-09 10:30:00-05:00,upper,21466.0631407428,2024-12-04 10:32:00-05:00
1767_lower,1767,2024-11-11,2024-11-11 10:30:00-05:00,2024-12-09 10:30:00-05:00,lower,21040.9368592572,2024-11-14 10:19:00-05:00
1768_upper,1768,2024-11-12,2024-11-12 10:30:00-05:00,2024-12-10 10:30:00-05:00,upper,21378.409318060825,2024-12-04 03:50:00-05:00
1768_lower,1768,2024-11-12,2024-11-12 10:30:00-05:00,2024-12-10 10:30:00-05:00,lower,21051.465681939175,2024-11-14 10:19:00-05:00
1769_upper,1769,2024-11-13,2024-11-13 10:30:00-05:00,2024-12-11 10:30:00-05:00,upper,21342.41628408251,2024-12-03 21:59:00-05:00
1769_lower,1769,2024-11-13,2024-11-13 10:30:00-05:00,2024-12-11 10:30:00-05:00,lower,20936.83371591749,2024-11-14 19:31:00-05:00
1770_upper,1770,2024-11-14,2024-11-14 10:30:00-05:00,2024-12-12 10:30:00-05:00,upper,21324.302339501766,2024-12-03 16:25:00-05:00
1770_lower,1770,2024-11-14,2024-11-14 10:30:00-05:00,2024-12-12 10:30:00-05:00,lower,20921.072660498234,2024-11-14 19:42:00-05:00
1771_upper,1771,2024-11-15,2024-11-15 10:30:00-05:00,2024-12-13 10:30:00-05:00,upper,20962.955480998324,2024-11-24 20:10:00-05:00
1771_lower,1771,2024-11-15,2024-11-15 10:30:00-05:00,2024-12-13 10:30:00-05:00,lower,20474.044519001676,2024-11-15 12:50:00-05:00
1772_upper,1772,2024-11-18,2024-11-18 10:30:00-05:00,2024-12-16 10:30:00-05:00,upper,20813.130025979626,2024-11-19 19:20:00-05:00
1772_lower,1772,2024-11-18,2024-11-18 10:30:00-05:00,2024-12-16 10:30:00-05:00,lower,20329.494974020374,
1773_upper,1773,2024-11-19,2024-11-19 10:30:00-05:00,2024-12-17 10:30:00-05:00,upper,20727.879874785354,2024-11-19 13:27:00-05:00
1773_lower,1773,2024-11-19,2024-11-19 10:30:00-05:00,2024-12-17 10:30:00-05:00,lower,20353.120125214646,
1774_upper,1774,2024-11-20,2024-11-20 10:30:00-05:00,2024-12-18 10:30:00-05:00,upper,21011.841365814267,2024-11-25 08:50:00-05:00
1774_lower,1774,2024-11-20,2024-11-20 10:30:00-05:00,2024-12-18 10:30:00-05:00,lower,20357.658634185733,
1775_upper,1775,2024-11-21,2024-11-21 10:30:00-05:00,2024-12-19 10:30:00-05:00,upper,21211.915655801415,2024-12-02 11:38:00-05:00
1775_lower,1775,2024-11-21,2024-11-21 10:30:00-05:00,2024-12-19 10:30:00-05:00,lower,20374.084344198585,
1776_upper,1776,2024-11-22,2024-11-22 10:30:00-05:00,2024-12-20 10:30:00-05:00,upper,21029.84419733362,2024-11-25 09:12:00-05:00
1776_lower,1776,2024-11-22,2024-11-22 10:30:00-05:00,2024-12-20 10:30:00-05:00,lower,20559.03080266638,
1777_upper,1777,2024-11-25,2024-11-25 10:30:00-05:00,2024-12-23 10:30:00-05:00,upper,21264.9779092586,2024-12-03 15:24:00-05:00
1777_lower,1777,2024-11-25,2024-11-25 10:30:00-05:00,2024-12-23 10:30:00-05:00,lower,20726.6470907414,2024-11-27 10:38:00-05:00
1778_upper,1778,2024-11-26,2024-11-26 10:30:00-05:00,2024-12-24 10:30:00-05:00,upper,21138.985325723585,2024-12-02 09:41:00-05:00
1778_lower,1778,2024-11-26,2024-11-26 10:30:00-05:00,2024-12-24 10:30:00-05:00,lower,20771.889674276415,2024-11-27 10:27:00-05:00
1779_upper,1779,2024-11-27,2024-11-27 10:30:00-05:00,2024-12-26 10:30:00-05:00,upper,21125.349518377454,2024-12-02 09:35:00-05:00
1779_lower,1779,2024-11-27,2024-11-27 10:30:00-05:00,2024-12-26 10:30:00-05:00,lower,20663.400481622546,
1780_upper,1780,2024-11-28,2024-11-28 10:30:00-05:00,2024-12-27 10:30:00-05:00,upper,21002.12894664092,2024-11-29 11:50:00-05:00
1780_lower,1780,2024-11-28,2024-11-28 10:30:00-05:00,2024-12-27 10:30:00-05:00,lower,20759.87105335908,
1781_upper,1781,2024-11-29,2024-11-29 10:30:00-05:00,2024-12-30 10:30:00-05:00,upper,21084.247215077878,2024-12-02 09:31:00-05:00
1781_lower,1781,2024-11-29,2024-11-29 10:30:00-05:00,2024-12-30 10:30:00-05:00,lower,20635.752784922122,
1782_upper,1782,2024-12-02,2024-12-02 10:30:00-05:00,2025-01-02 10:30:00-05:00,upper,21300.802703087233,2024-12-03 16:06:00-05:00
1782_lower,1782,2024-12-02,2024-12-02 10:30:00-05:00,2025-01-02 10:30:00-05:00,lower,20853.447296912767,
1783_upper,1783,2024-12-03,2024-12-03 10:30:00-05:00,2025-01-03 10:30:00-05:00,upper,21341.249594529017,2024-12-03 21:59:00-05:00
1783_lower,1783,2024-12-03,2024-12-03 10:30:00-05:00,2025-01-03 10:30:00-05:00,lower,21000.875405470983,2025-01-02 12:50:00-05:00
1784_upper,1784,2024-12-04,2024-12-04 10:30:00-05:00,2025-01-06 10:30:00-05:00,upper,21575.275228686434,2024-12-06 09:46:00-05:00
1784_lower,1784,2024-12-04,2024-12-04 10:30:00-05:00,2025-01-06 10:30:00-05:00,lower,21268.474771313566,2024-12-19 19:53:00-05:00
1785_upper,1785,2024-12-05,2024-12-05 10:30:00-05:00,2025-01-07 10:30:00-05:00,upper,21668.538618920473,2024-12-06 13:24:00-05:00
1785_lower,1785,2024-12-05,2024-12-05 10:30:00-05:00,2025-01-07 10:30:00-05:00,lower,21391.336381079527,2024-12-10 15:02:00-05:00
1786_upper,1786,2024-12-06,2024-12-06 10:30:00-05:00,2025-01-08 10:30:00-05:00,upper,21746.56581144483,2024-12-11 11:24:00-05:00
1786_lower,1786,2024-12-06,2024-12-06 10:30:00-05:00,2025-01-08 10:30:00-05:00,lower,21310.05918855517,2024-12-19 19:16:00-05:00
1787_upper,1787,2024-12-09,2024-12-09 10:30:00-05:00,2025-01-10 10:30:00-05:00,upper,21776.67405793113,2024-12-11 12:04:00-05:00
1787_lower,1787,2024-12-09,2024-12-09 10:30:00-05:00,2025-01-10 10:30:00-05:00,lower,21435.20094206887,2024-12-10 14:11:00-05:00
1788_upper,1788,2024-12-10,2024-12-10 10:30:00-05:00,2025-01-13 10:30:00-05:00,upper,21724.923895669614,2024-12-11 10:10:00-05:00
1788_lower,1788,2024-12-10,2024-12-10 10:30:00-05:00,2025-01-13 10:30:00-05:00,lower,21363.951104330386,2024-12-10 15:31:00-05:00
1789_upper,1789,2024-12-11,2024-12-11 10:30:00-05:00,2025-01-14 10:30:00-05:00,upper,21849.28094518611,2024-12-13 09:42:00-05:00
1789_lower,1789,2024-12-11,2024-12-11 10:30:00-05:00,2025-01-14 10:30:00-05:00,lower,21394.84405481389,2024-12-18 16:03:00-05:00
1790_upper,1790,2024-12-12,2024-12-12 10:30:00-05:00,2025-01-15 10:30:00-05:00,upper,21854.11462723743,2024-12-13 09:42:00-05:00
1790_lower,1790,2024-12-12,2024-12-12 10:30:00-05:00,2025-01-15 10:30:00-05:00,lower,21511.88537276257,2024-12-18 15:40:00-05:00
1791_upper,1791,2024-12-13,2024-12-13 10:30:00-05:00,2025-01-16 10:30:00-05:00,upper,22014.32353761514,2024-12-16 10:33:00-05:00
1791_lower,1791,2024-12-13,2024-12-13 10:30:00-05:00,2025-01-16 10:30:00-05:00,lower,21629.92646238486,2024-12-18 15:36:00-05:00
1792_upper,1792,2024-12-16,2024-12-16 10:30:00-05:00,2025-01-17 10:30:00-05:00,upper,22106.57144521641,2024-12-16 13:15:00-05:00
1792_lower,1792,2024-12-16,2024-12-16 10:30:00-05:00,2025-01-17 10:30:00-05:00,lower,21741.67855478359,2024-12-18 15:27:00-05:00
1793_upper,1793,2024-12-17,2024-12-17 10:30:00-05:00,2025-01-20 10:30:00-05:00,upper,22526.058469324562,
1793_lower,1793,2024-12-17,2024-12-17 10:30:00-05:00,2025-01-20 10:30:00-05:00,lower,22115.441530675438,2024-12-18 14:09:00-05:00
1794_upper,1794,2024-12-18,2024-12-18 10:30:00-05:00,2025-01-21 10:30:00-05:00,upper,22474.088581444583,
1794_lower,1794,2024-12-18,2024-12-18 10:30:00-05:00,2025-01-21 10:30:00-05:00,lower,22070.036418555417,2024-12-18 14:29:00-05:00
1795_upper,1795,2024-12-19,2024-12-19 10:30:00-05:00,2025-01-22 10:30:00-05:00,upper,22007.723346921717,2024-12-24 12:54:00-05:00
1795_lower,1795,2024-12-19,2024-12-19 10:30:00-05:00,2025-01-22 10:30:00-05:00,lower,21266.651653078283,2024-12-19 19:53:00-05:00
1796_upper,1796,2024-12-20,2024-12-20 10:30:00-05:00,2025-01-23 10:30:00-05:00,upper,21708.42196281794,2024-12-20 11:36:00-05:00
1796_lower,1796,2024-12-20,2024-12-20 10:30:00-05:00,2025-01-23 10:30:00-05:00,lower,20831.32803718206,2025-01-13 03:22:00-05:00
1797_upper,1797,2024-12-23,2024-12-23 10:30:00-05:00,2025-01-24 10:30:00-05:00,upper,21887.27627378313,2024-12-24 09:52:00-05:00
1797_lower,1797,2024-12-23,2024-12-23 10:30:00-05:00,2025-01-24 10:30:00-05:00,lower,21308.09872621687,2024-12-30 09:46:00-05:00
1798_upper,1798,2024-12-24,2024-12-24 10:30:00-05:00,2025-01-27 10:30:00-05:00,upper,22083.195208318662,2024-12-25 18:00:00-05:00
1798_lower,1798,2024-12-24,2024-12-24 10:30:00-05:00,2025-01-27 10:30:00-05:00,lower,21613.304791681338,2024-12-27 10:03:00-05:00
1799_upper,1799,2024-12-26,2024-12-26 10:30:00-05:00,2025-01-28 10:30:00-05:00,upper,22161.260952984238,
1799_lower,1799,2024-12-26,2024-12-26 10:30:00-05:00,2025-01-28 10:30:00-05:00,lower,21739.364047015762,2024-12-27 09:36:00-05:00
1800_upper,1800,2024-12-27,2024-12-27 10:30:00-05:00,2025-01-29 10:30:00-05:00,upper,22140.568525993236,
1800_lower,1800,2024-12-27,2024-12-27 10:30:00-05:00,2025-01-29 10:30:00-05:00,lower,21393.306474006764,2024-12-30 08:45:00-05:00
1801_upper,1801,2024-12-30,2024-12-30 10:30:00-05:00,2025-01-30 10:30:00-05:00,upper,21612.69257330452,2025-01-06 03:47:00-05:00
1801_lower,1801,2024-12-30,2024-12-30 10:30:00-05:00,2025-01-30 10:30:00-05:00,lower,21130.80742669548,2025-01-01 19:18:00-05:00
1802_upper,1802,2025-01-02,2025-01-02 10:30:00-05:00,2025-01-31 10:30:00-05:00,upper,21664.69978147411,2025-01-06 04:54:00-05:00
1802_lower,1802,2025-01-02,2025-01-02 10:30:00-05:00,2025-01-31 10:30:00-05:00,lower,20988.30021852589,2025-01-02 12:50:00-05:00
1803_upper,1803,2025-01-03,2025-01-03 10:30:00-05:00,2025-02-03 10:30:00-05:00,upper,21591.44341487367,2025-01-06 03:11:00-05:00
1803_lower,1803,2025-01-03,2025-01-03 10:30:00-05:00,2025-02-03 10:30:00-05:00,lower,21053.43158512633,2025-01-10 08:34:00-05:00
1804_upper,1804,2025-01-06,2025-01-06 10:30:00-05:00,2025-02-04 10:30:00-05:00,upper,22013.640797265376,2025-01-22 09:55:00-05:00
1804_lower,1804,2025-01-06,2025-01-06 10:30:00-05:00,2025-02-04 10:30:00-05:00,lower,21524.234202734624,2025-01-07 10:31:00-05:00
1805_upper,1805,2025-01-07,2025-01-07 10:30:00-05:00,2025-02-05 10:30:00-05:00,upper,22061.118309549343,2025-01-22 11:36:00-05:00
1805_lower,1805,2025-01-07,2025-01-07 10:30:00-05:00,2025-02-05 10:30:00-05:00,lower,21396.256690450657,2025-01-07 12:46:00-05:00
1806_upper,1806,2025-01-08,2025-01-08 10:30:00-05:00,2025-02-06 10:30:00-05:00,upper,21602.706205872288,2025-01-17 09:12:00-05:00
1806_lower,1806,2025-01-08,2025-01-08 10:30:00-05:00,2025-02-06 10:30:00-05:00,lower,21071.668794127712,2025-01-10 08:30:00-05:00
1807_upper,1807,2025-01-10,2025-01-10 10:30:00-05:00,2025-02-07 10:30:00-05:00,upper,21491.146790149025,2025-01-16 02:13:00-05:00
1807_lower,1807,2025-01-10,2025-01-10 10:30:00-05:00,2025-02-07 10:30:00-05:00,lower,20737.353209850975,2025-01-13 04:04:00-05:00
1808_upper,1808,2025-01-13,2025-01-13 10:30:00-05:00,2025-02-10 10:30:00-05:00,upper,21031.37906860453,2025-01-13 18:05:00-05:00
1808_lower,1808,2025-01-13,2025-01-13 10:30:00-05:00,2025-02-10 10:30:00-05:00,lower,20513.12093139547,
1809_upper,1809,2025-01-14,2025-01-14 10:30:00-05:00,2025-02-11 10:30:00-05:00,upper,21325.82760662702,2025-01-15 08:48:00-05:00
1809_lower,1809,2025-01-14,2025-01-14 10:30:00-05:00,2025-02-11 10:30:00-05:00,lower,20793.67239337298,2025-01-14 12:35:00-05:00
1810_upper,1810,2025-01-15,2025-01-15 10:30:00-05:00,2025-02-12 10:30:00-05:00,upper,21581.044572454863,2025-01-17 09:04:00-05:00
1810_lower,1810,2025-01-15,2025-01-15 10:30:00-05:00,2025-02-12 10:30:00-05:00,lower,20967.580427545137,2025-01-27 05:43:00-05:00
1811_upper,1811,2025-01-16,2025-01-16 10:30:00-05:00,2025-02-13 10:30:00-05:00,upper,21697.79314242225,2025-01-20 09:01:00-05:00
1811_lower,1811,2025-01-16,2025-01-16 10:30:00-05:00,2025-02-13 10:30:00-05:00,lower,21213.83185757775,2025-01-16 16:11:00-05:00
1812_upper,1812,2025-01-17,2025-01-17 10:30:00-05:00,2025-02-14 10:30:00-05:00,upper,21862.478539454787,2025-01-21 23:33:00-05:00
1812_lower,1812,2025-01-17,2025-01-17 10:30:00-05:00,2025-02-14 10:30:00-05:00,lower,21352.271460545213,2025-01-27 02:15:00-05:00
1813_upper,1813,2025-01-20,2025-01-20 10:30:00-05:00,2025-02-17 10:30:00-05:00,upper,21922.965174330137,2025-01-22 08:18:00-05:00
1813_lower,1813,2025-01-20,2025-01-20 10:30:00-05:00,2025-02-17 10:30:00-05:00,lower,21528.659825669863,2025-01-20 19:53:00-05:00
1814_upper,1814,2025-01-21,2025-01-21 10:30:00-05:00,2025-02-18 10:30:00-05:00,upper,21930.140786878655,2025-01-22 08:43:00-05:00
1814_lower,1814,2025-01-21,2025-01-21 10:30:00-05:00,2025-02-18 10:30:00-05:00,lower,21402.609213121345,2025-01-27 01:33:00-05:00
1815_upper,1815,2025-01-22,2025-01-22 10:30:00-05:00,2025-02-19 10:30:00-05:00,upper,22156.808585098242,2025-02-14 02:12:00-05:00
1815_lower,1815,2025-01-22,2025-01-22 10:30:00-05:00,2025-02-19 10:30:00-05:00,lower,21726.691414901758,2025-01-26 18:00:00-05:00
1816_upper,1816,2025-01-23,2025-01-23 10:30:00-05:00,2025-02-20 10:30:00-05:00,upper,22043.75506756726,2025-01-23 16:00:00-05:00
1816_lower,1816,2025-01-23,2025-01-23 10:30:00-05:00,2025-02-20 10:30:00-05:00,lower,21736.99493243274,2025-01-26 18:00:00-05:00
1817_upper,1817,2025-01-24,2025-01-24 10:30:00-05:00,2025-02-21 10:30:00-05:00,upper,22221.360196748632,2025-02-14 15:54:00-05:00
1817_lower,1817,2025-01-24,2025-01-24 10:30:00-05:00,2025-02-21 10:30:00-05:00,lower,21855.639803251368,2025-01-24 14:08:00-05:00
1818_upper,1818,2025-01-27,2025-01-27 10:30:00-05:00,2025-02-24 10:30:00-05:00,upper,21494.00145656491,2025-01-28 12:02:00-05:00
1818_lower,1818,2025-01-27,2025-01-27 10:30:00-05:00,2025-02-24 10:30:00-05:00,lower,20873.49854343509,
1819_upper,1819,2025-01-28,2025-01-28 10:30:00-05:00,2025-02-25 10:30:00-05:00,upper,21687.755333255638,2025-01-29 03:12:00-05:00
1819_lower,1819,2025-01-28,2025-01-28 10:30:00-05:00,2025-02-25 10:30:00-05:00,lower,20935.619666744362,
1820_upper,1820,2025-01-29,2025-01-29 10:30:00-05:00,2025-02-26 10:30:00-05:00,upper,21789.67731733928,2025-01-31 02:11:00-05:00
1820_lower,1820,2025-01-29,2025-01-29 10:30:00-05:00,2025-02-26 10:30:00-05:00,lower,21353.44768266072,2025-02-02 18:00:00-05:00
1821_upper,1821,2025-01-30,2025-01-30 10:30:00-05:00,2025-02-27 10:30:00-05:00,upper,21945.155557001206,2025-01-31 10:56:00-05:00
1821_lower,1821,2025-01-30,2025-01-30 10:30:00-05:00,2025-02-27 10:30:00-05:00,lower,21333.219442998794,2025-02-02 18:00:00-05:00
1822_upper,1822,2025-01-31,2025-01-31 10:30:00-05:00,2025-02-28 10:30:00-05:00,upper,22048.041674182496,2025-02-13 10:42:00-05:00
1822_lower,1822,2025-01-31,2025-01-31 10:30:00-05:00,2025-02-28 10:30:00-05:00,lower,21570.208325817504,2025-01-31 15:04:00-05:00
1823_upper,1823,2025-02-03,2025-02-03 10:30:00-05:00,2025-03-03 10:30:00-05:00,upper,21535.111799690836,2025-02-03 16:36:00-05:00
1823_lower,1823,2025-02-03,2025-02-03 10:30:00-05:00,2025-03-03 10:30:00-05:00,lower,20918.263200309164,2025-02-27 10:00:00-05:00
1824_upper,1824,2025-02-04,2025-02-04 10:30:00-05:00,2025-03-04 10:30:00-05:00,upper,21812.78781117073,2025-02-06 00:13:00-05:00
1824_lower,1824,2025-02-04,2025-02-04 10:30:00-05:00,2025-03-04 10:30:00-05:00,lower,21142.83718882927,2025-02-25 10:14:00-05:00
1825_upper,1825,2025-02-05,2025-02-05 10:30:00-05:00,2025-03-05 10:30:00-05:00,upper,21769.025278831366,2025-02-05 16:00:00-05:00
1825_lower,1825,2025-02-05,2025-02-05 10:30:00-05:00,2025-03-05 10:30:00-05:00,lower,21339.349721168634,2025-02-25 02:50:00-05:00
1826_upper,1826,2025-02-06,2025-02-06 10:30:00-05:00,2025-03-06 10:30:00-05:00,upper,21987.58521127494,2025-02-13 10:20:00-05:00
1826_lower,1826,2025-02-06,2025-02-06 10:30:00-05:00,2025-03-06 10:30:00-05:00,lower,21582.91478872506,2025-02-07 14:21:00-05:00
1827_upper,1827,2025-02-07,2025-02-07 10:30:00-05:00,2025-03-07 10:30:00-05:00,upper,22185.810439658686,2025-02-14 13:36:00-05:00
1827_lower,1827,2025-02-07,2025-02-07 10:30:00-05:00,2025-03-07 10:30:00-05:00,lower,21527.189560341314,2025-02-09 18:00:00-05:00
1828_upper,1828,2025-02-10,2025-02-10 10:30:00-05:00,2025-03-10 10:30:00-04:00,upper,22009.604076749136,2025-02-13 10:38:00-05:00
1828_lower,1828,2025-02-10,2025-02-10 10:30:00-05:00,2025-03-10 10:30:00-04:00,lower,21563.395923250864,2025-02-12 08:32:00-05:00
1829_upper,1829,2025-02-11,2025-02-11 10:30:00-05:00,2025-03-11 10:30:00-04:00,upper,21967.236220017185,2025-02-13 10:19:00-05:00
1829_lower,1829,2025-02-11,2025-02-11 10:30:00-05:00,2025-03-11 10:30:00-04:00,lower,21511.763779982815,2025-02-12 09:01:00-05:00
1830_upper,1830,2025-02-12,2025-02-12 10:30:00-05:00,2025-03-12 10:30:00-04:00,upper,21867.053237471155,2025-02-12 18:00:00-05:00
1830_lower,1830,2025-02-12,2025-02-12 10:30:00-05:00,2025-03-12 10:30:00-04:00,lower,21321.821762528845,2025-02-25 02:53:00-05:00
1831_upper,1831,2025-02-13,2025-02-13 10:30:00-05:00,2025-03-13 10:30:00-04:00,upper,22135.195895065284,2025-02-13 20:38:00-05:00
1831_lower,1831,2025-02-13,2025-02-13 10:30:00-05:00,2025-03-13 10:30:00-04:00,lower,21650.429104934716,2025-02-24 09:52:00-05:00
1832_upper,1832,2025-02-14,2025-02-14 10:30:00-05:00,2025-03-14 10:30:00-04:00,upper,22284.683523329426,2025-02-18 01:39:00-05:00
1832_lower,1832,2025-02-14,2025-02-14 10:30:00-05:00,2025-03-14 10:30:00-04:00,lower,21948.316476670574,2025-02-21 10:44:00-05:00
1833_upper,1833,2025-02-17,2025-02-17 10:30:00-05:00,2025-03-17 10:30:00-04:00,upper,22380.961002596483,
1833_lower,1833,2025-02-17,2025-02-17 10:30:00-05:00,2025-03-17 10:30:00-04:00,lower,22078.038997403517,2025-02-20 09:53:00-05:00
1834_upper,1834,2025-02-18,2025-02-18 10:30:00-05:00,2025-03-18 10:30:00-04:00,upper,22450.689851639574,
1834_lower,1834,2025-02-18,2025-02-18 10:30:00-05:00,2025-03-18 10:30:00-04:00,lower,22006.185148360426,2025-02-20 09:59:00-05:00
1835_upper,1835,2025-02-19,2025-02-19 10:30:00-05:00,2025-03-19 10:30:00-04:00,upper,22384.584391863173,
1835_lower,1835,2025-02-19,2025-02-19 10:30:00-05:00,2025-03-19 10:30:00-04:00,lower,21992.415608136827,2025-02-20 10:00:00-05:00
1836_upper,1836,2025-02-20,2025-02-20 10:30:00-05:00,2025-03-20 10:30:00-04:00,upper,22472.523456228715,
1836_lower,1836,2025-02-20,2025-02-20 10:30:00-05:00,2025-03-20 10:30:00-04:00,lower,21825.226543771285,2025-02-21 13:02:00-05:00
1837_upper,1837,2025-02-21,2025-02-21 10:30:00-05:00,2025-03-21 10:30:00-04:00,upper,22406.04033309422,
1837_lower,1837,2025-02-21,2025-02-21 10:30:00-05:00,2025-03-21 10:30:00-04:00,lower,21870.33466690578,2025-02-21 12:50:00-05:00
1838_upper,1838,2025-02-24,2025-02-24 10:30:00-05:00,2025-03-24 10:30:00-04:00,upper,22100.07984452731,
1838_lower,1838,2025-02-24,2025-02-24 10:30:00-05:00,2025-03-24 10:30:00-04:00,lower,21271.42015547269,2025-02-25 09:51:00-05:00
1839_upper,1839,2025-02-25,2025-02-25 10:30:00-05:00,2025-03-25 10:30:00-04:00,upper,21722.972939624815,
1839_lower,1839,2025-02-25,2025-02-25 10:30:00-05:00,2025-03-25 10:30:00-04:00,lower,20880.902060375185,2025-02-27 14:30:00-05:00
1840_upper,1840,2025-02-26,2025-02-26 10:30:00-05:00,2025-03-26 10:30:00-04:00,upper,21544.598112542037,
1840_lower,1840,2025-02-26,2025-02-26 10:30:00-05:00,2025-03-26 10:30:00-04:00,lower,20975.151887457963,2025-02-27 10:00:00-05:00
1841_upper,1841,2025-02-27,2025-02-27 10:30:00-05:00,2025-03-27 10:30:00-04:00,upper,21747.9806934925,
1841_lower,1841,2025-02-27,2025-02-27 10:30:00-05:00,2025-03-27 10:30:00-04:00,lower,20731.3943065075,2025-02-27 15:13:00-05:00
1842_upper,1842,2025-02-28,2025-02-28 10:30:00-05:00,2025-03-28 10:30:00-04:00,upper,20980.168492277804,2025-03-02 18:00:00-05:00
1842_lower,1842,2025-02-28,2025-02-28 10:30:00-05:00,2025-03-28 10:30:00-04:00,lower,20220.206507722196,2025-03-04 10:00:00-05:00
1843_upper,1843,2025-03-03,2025-03-03 10:30:00-05:00,2025-03-31 10:30:00-04:00,upper,21415.729243513728,
1843_lower,1843,2025-03-03,2025-03-03 10:30:00-05:00,2025-03-31 10:30:00-04:00,lower,20580.270756486272,2025-03-03 15:00:00-05:00
1844_upper,1844,2025-03-04,2025-03-04 10:30:00-05:00,2025-04-01 10:30:00-04:00,upper,20730.32244730843,2025-03-04 15:24:00-05:00
1844_lower,1844,2025-03-04,2025-03-04 10:30:00-05:00,2025-04-01 10:30:00-04:00,lower,19864.80255269157,2025-03-07 11:26:00-05:00
1845_upper,1845,2025-03-05,2025-03-05 10:30:00-05:00,2025-04-02 10:30:00-04:00,upper,20745.773020249246,
1845_lower,1845,2025-03-05,2025-03-05 10:30:00-05:00,2025-04-02 10:30:00-04:00,lower,20059.101979750754,2025-03-06 13:40:00-05:00
1846_upper,1846,2025-03-06,2025-03-06 10:30:00-05:00,2025-04-03 10:30:00-04:00,upper,20684.61557323893,
1846_lower,1846,2025-03-06,2025-03-06 10:30:00-05:00,2025-04-03 10:30:00-04:00,lower,19982.13442676107,2025-03-07 10:31:00-05:00
1847_upper,1847,2025-03-07,2025-03-07 10:30:00-05:00,2025-04-04 10:30:00-04:00,upper,20428.81523751561,2025-03-25 08:30:00-04:00
1847_lower,1847,2025-03-07,2025-03-07 10:30:00-05:00,2025-04-04 10:30:00-04:00,lower,19740.55976248439,2025-03-10 10:00:00-04:00
1848_upper,1848,2025-03-10,2025-03-10 10:30:00-04:00,2025-04-07 10:30:00-04:00,upper,20190.42652515223,2025-03-24 04:05:00-04:00
1848_lower,1848,2025-03-10,2025-03-10 10:30:00-04:00,2025-04-07 10:30:00-04:00,lower,19464.57347484777,2025-03-10 13:11:00-04:00
1849_upper,1849,2025-03-11,2025-03-11 10:30:00-04:00,2025-04-08 10:30:00-04:00,upper,19864.770434457696,2025-03-17 14:12:00-04:00
1849_lower,1849,2025-03-11,2025-03-11 10:30:00-04:00,2025-04-08 10:30:00-04:00,lower,19019.479565542304,2025-03-31 09:34:00-04:00
1850_upper,1850,2025-03-12,2025-03-12 10:30:00-04:00,2025-04-09 10:30:00-04:00,upper,20029.008353511977,2025-03-17 20:00:00-04:00
1850_lower,1850,2025-03-12,2025-03-12 10:30:00-04:00,2025-04-09 10:30:00-04:00,lower,19346.366646488023,2025-03-13 09:57:00-04:00
1851_upper,1851,2025-03-13,2025-03-13 10:30:00-04:00,2025-04-10 10:30:00-04:00,upper,19872.72941863454,2025-03-17 14:13:00-04:00
1851_lower,1851,2025-03-13,2025-03-13 10:30:00-04:00,2025-04-10 10:30:00-04:00,lower,19152.02058136546,2025-03-31 07:26:00-04:00
1852_upper,1852,2025-03-14,2025-03-14 10:30:00-04:00,2025-04-11 10:30:00-04:00,upper,19808.109953124265,2025-03-17 09:37:00-04:00
1852_lower,1852,2025-03-14,2025-03-14 10:30:00-04:00,2025-04-11 10:30:00-04:00,lower,19185.640046875735,2025-03-30 20:16:00-04:00
1853_upper,1853,2025-03-17,2025-03-17 10:30:00-04:00,2025-04-14 10:30:00-04:00,upper,20010.624868086546,2025-03-17 20:00:00-04:00
1853_lower,1853,2025-03-17,2025-03-17 10:30:00-04:00,2025-04-14 10:30:00-04:00,lower,19457.625131913454,2025-03-28 13:10:00-04:00
1854_upper,1854,2025-03-18,2025-03-18 10:30:00-04:00,2025-04-15 10:30:00-04:00,upper,20176.927414157875,2025-03-24 04:03:00-04:00
1854_lower,1854,2025-03-18,2025-03-18 10:30:00-04:00,2025-04-15 10:30:00-04:00,lower,19488.447585842125,2025-03-28 12:23:00-04:00
1855_upper,1855,2025-03-19,2025-03-19 10:30:00-04:00,2025-04-16 10:30:00-04:00,upper,20095.443745159828,2025-03-19 15:07:00-04:00
1855_lower,1855,2025-03-19,2025-03-19 10:30:00-04:00,2025-04-16 10:30:00-04:00,lower,19497.056254840172,2025-03-28 12:19:00-04:00
1856_upper,1856,2025-03-20,2025-03-20 10:30:00-04:00,2025-04-17 10:30:00-04:00,upper,20241.27502239523,2025-03-24 07:12:00-04:00
1856_lower,1856,2025-03-20,2025-03-20 10:30:00-04:00,2025-04-17 10:30:00-04:00,lower,19466.59997760477,2025-03-28 13:06:00-04:00
1857_upper,1857,2025-03-21,2025-03-21 10:30:00-04:00,2025-04-21 10:30:00-04:00,upper,19935.863431576876,2025-03-21 15:55:00-04:00
1857_lower,1857,2025-03-21,2025-03-21 10:30:00-04:00,2025-04-21 10:30:00-04:00,lower,19411.886568423124,2025-03-28 16:10:00-04:00
1858_upper,1858,2025-03-24,2025-03-24 10:30:00-04:00,2025-04-22 10:30:00-04:00,upper,20499.010869032565,2025-03-25 16:00:00-04:00
1858_lower,1858,2025-03-24,2025-03-24 10:30:00-04:00,2025-04-22 10:30:00-04:00,lower,20045.614130967435,2025-03-26 15:07:00-04:00
1859_upper,1859,2025-03-25,2025-03-25 10:30:00-04:00,2025-04-23 10:30:00-04:00,upper,20600.15350612817,
1859_lower,1859,2025-03-25,2025-03-25 10:30:00-04:00,2025-04-23 10:30:00-04:00,lower,20209.84649387183,2025-03-26 11:52:00-04:00
1860_upper,1860,2025-03-26,2025-03-26 10:30:00-04:00,2025-04-24 10:30:00-04:00,upper,20703.257762567482,
1860_lower,1860,2025-03-26,2025-03-26 10:30:00-04:00,2025-04-24 10:30:00-04:00,lower,20086.742237432518,2025-03-26 13:36:00-04:00
1861_upper,1861,2025-03-27,2025-03-27 10:30:00-04:00,2025-04-25 10:30:00-04:00,upper,20304.66586076636,
1861_lower,1861,2025-03-27,2025-03-27 10:30:00-04:00,2025-04-25 10:30:00-04:00,lower,19757.58413923364,2025-03-28 10:08:00-04:00
1862_upper,1862,2025-03-28,2025-03-28 10:30:00-04:00,2025-04-28 10:30:00-04:00,upper,20212.14001054875,
1862_lower,1862,2025-03-28,2025-03-28 10:30:00-04:00,2025-04-28 10:30:00-04:00,lower,19485.23498945125,2025-03-28 13:00:00-04:00
1863_upper,1863,2025-03-31,2025-03-31 10:30:00-04:00,2025-04-29 10:30:00-04:00,upper,19434.248066622204,2025-03-31 15:13:00-04:00
1863_lower,1863,2025-03-31,2025-03-31 10:30:00-04:00,2025-04-29 10:30:00-04:00,lower,18816.501933377796,2025-04-03 10:45:00-04:00
1864_upper,1864,2025-04-01,2025-04-01 10:30:00-04:00,2025-04-30 10:30:00-04:00,upper,19676.379301721645,2025-04-01 18:10:00-04:00
1864_lower,1864,2025-04-01,2025-04-01 10:30:00-04:00,2025-04-30 10:30:00-04:00,lower,19065.995698278355,2025-04-02 18:02:00-04:00
1865_upper,1865,2025-04-02,2025-04-02 10:30:00-04:00,2025-05-01 10:30:00-04:00,upper,19776.412836425206,2025-04-02 12:32:00-04:00
1865_lower,1865,2025-04-02,2025-04-02 10:30:00-04:00,2025-05-01 10:30:00-04:00,lower,19020.212163574794,2025-04-02 18:02:00-04:00
1866_upper,1866,2025-04-03,2025-04-03 10:30:00-04:00,2025-05-02 10:30:00-04:00,upper,19252.765053933537,2025-04-09 15:31:00-04:00
1866_lower,1866,2025-04-03,2025-04-03 10:30:00-04:00,2025-05-02 10:30:00-04:00,lower,18636.734946066463,2025-04-03 16:27:00-04:00
1867_upper,1867,2025-04-04,2025-04-04 10:30:00-04:00,2025-05-05 10:30:00-04:00,upper,18570.82282903946,2025-04-09 13:25:00-04:00
1867_lower,1867,2025-04-04,2025-04-04 10:30:00-04:00,2025-05-05 10:30:00-04:00,lower,17662.05217096054,2025-04-04 10:50:00-04:00
1868_upper,1868,2025-04-07,2025-04-07 10:30:00-04:00,2025-05-06 10:30:00-04:00,upper,18773.42737172335,2025-04-09 13:27:00-04:00
1868_lower,1868,2025-04-07,2025-04-07 10:30:00-04:00,2025-05-06 10:30:00-04:00,lower,15669.072628276652,
1869_upper,1869,2025-04-08,2025-04-08 10:30:00-04:00,2025-05-07 10:30:00-04:00,upper,18722.848198939886,2025-04-09 13:27:00-04:00
1869_lower,1869,2025-04-08,2025-04-08 10:30:00-04:00,2025-05-07 10:30:00-04:00,lower,17635.901801060114,2025-04-08 13:01:00-04:00
1870_upper,1870,2025-04-09,2025-04-09 10:30:00-04:00,2025-05-08 10:30:00-04:00,upper,17939.421741141323,2025-04-09 13:19:00-04:00
1870_lower,1870,2025-04-09,2025-04-09 10:30:00-04:00,2025-05-08 10:30:00-04:00,lower,16668.953258858677,
1871_upper,1871,2025-04-10,2025-04-10 10:30:00-04:00,2025-05-09 10:30:00-04:00,upper,19215.601220490295,2025-04-13 18:00:00-04:00
1871_lower,1871,2025-04-10,2025-04-10 10:30:00-04:00,2025-05-09 10:30:00-04:00,lower,18295.148779509705,2025-04-10 11:57:00-04:00
1872_upper,1872,2025-04-11,2025-04-11 10:30:00-04:00,2025-05-12 10:30:00-04:00,upper,18999.98716826042,2025-04-13 18:00:00-04:00
1872_lower,1872,2025-04-11,2025-04-11 10:30:00-04:00,2025-05-12 10:30:00-04:00,lower,17874.38783173958,2025-04-21 11:23:00-04:00
1873_upper,1873,2025-04-14,2025-04-14 10:30:00-04:00,2025-05-13 10:30:00-04:00,upper,19645.525123644737,2025-04-29 13:48:00-04:00
1873_lower,1873,2025-04-14,2025-04-14 10:30:00-04:00,2025-05-13 10:30:00-04:00,lower,18707.724876355263,2025-04-15 18:00:00-04:00
1874_upper,1874,2025-04-15,2025-04-15 10:30:00-04:00,2025-05-14 10:30:00-04:00,upper,19391.037948781017,2025-04-24 16:01:00-04:00
1874_lower,1874,2025-04-15,2025-04-15 10:30:00-04:00,2025-05-14 10:30:00-04:00,lower,18630.337051218983,2025-04-16 01:02:00-04:00
1875_upper,1875,2025-04-16,2025-04-16 10:30:00-04:00,2025-05-15 10:30:00-04:00,upper,18921.633843829746,2025-04-23 06:55:00-04:00
1875_lower,1875,2025-04-16,2025-04-16 10:30:00-04:00,2025-05-15 10:30:00-04:00,lower,18256.991156170254,2025-04-16 14:41:00-04:00
1876_upper,1876,2025-04-17,2025-04-17 10:30:00-04:00,2025-05-16 10:30:00-04:00,upper,18834.967164636662,2025-04-23 04:17:00-04:00
1876_lower,1876,2025-04-17,2025-04-17 10:30:00-04:00,2025-05-16 10:30:00-04:00,lower,18063.657835363338,2025-04-21 09:37:00-04:00
1877_upper,1877,2025-04-21,2025-04-21 10:30:00-04:00,2025-05-19 10:30:00-04:00,upper,18475.633435751322,2025-04-22 12:20:00-04:00
1877_lower,1877,2025-04-21,2025-04-21 10:30:00-04:00,2025-05-19 10:30:00-04:00,lower,17685.991564248678,
1878_upper,1878,2025-04-22,2025-04-22 10:30:00-04:00,2025-05-20 10:30:00-04:00,upper,18557.828987049215,2025-04-22 18:00:00-04:00
1878_lower,1878,2025-04-22,2025-04-22 10:30:00-04:00,2025-05-20 10:30:00-04:00,lower,17797.671012950785,
1879_upper,1879,2025-04-23,2025-04-23 10:30:00-04:00,2025-05-21 10:30:00-04:00,upper,19373.066491444806,2025-04-24 16:01:00-04:00
1879_lower,1879,2025-04-23,2025-04-23 10:30:00-04:00,2025-05-21 10:30:00-04:00,lower,18606.433508555194,2025-04-24 04:41:00-04:00
1880_upper,1880,2025-04-24,2025-04-24 10:30:00-04:00,2025-05-22 10:30:00-04:00,upper,19355.299216666994,2025-04-24 16:01:00-04:00
1880_lower,1880,2025-04-24,2025-04-24 10:30:00-04:00,2025-05-22 10:30:00-04:00,lower,18515.825783333006,
1881_upper,1881,2025-04-25,2025-04-25 10:30:00-04:00,2025-05-23 10:30:00-04:00,upper,19624.282393468646,2025-04-28 22:26:00-04:00
1881_lower,1881,2025-04-25,2025-04-25 10:30:00-04:00,2025-05-23 10:30:00-04:00,lower,18998.467606531354,
1882_upper,1882,2025-04-28,2025-04-28 10:30:00-04:00,2025-05-26 10:30:00-04:00,upper,19855.928576245882,2025-04-30 16:33:00-04:00
1882_lower,1882,2025-04-28,2025-04-28 10:30:00-04:00,2025-05-26 10:30:00-04:00,lower,19220.446423754118,2025-04-30 09:37:00-04:00
1883_upper,1883,2025-04-29,2025-04-29 10:30:00-04:00,2025-05-27 10:30:00-04:00,upper,19789.361381614275,2025-04-30 16:06:00-04:00
1883_lower,1883,2025-04-29,2025-04-29 10:30:00-04:00,2025-05-27 10:30:00-04:00,lower,19139.888618385725,2025-04-30 09:43:00-04:00
1884_upper,1884,2025-04-30,2025-04-30 10:30:00-04:00,2025-05-28 10:30:00-04:00,upper,19590.671525609854,2025-04-30 15:50:00-04:00
1884_lower,1884,2025-04-30,2025-04-30 10:30:00-04:00,2025-05-28 10:30:00-04:00,lower,18924.453474390146,
1885_upper,1885,2025-05-01,2025-05-01 10:30:00-04:00,2025-05-29 10:30:00-04:00,upper,20239.46220178598,2025-05-02 12:01:00-04:00
1885_lower,1885,2025-05-01,2025-05-01 10:30:00-04:00,2025-05-29 10:30:00-04:00,lower,19664.28779821402,
1886_upper,1886,2025-05-02,2025-05-02 10:30:00-04:00,2025-05-30 10:30:00-04:00,upper,20395.213158322727,2025-05-11 18:00:00-04:00
1886_lower,1886,2025-05-02,2025-05-02 10:30:00-04:00,2025-05-30 10:30:00-04:00,lower,19796.036841677273,2025-05-06 09:18:00-04:00
1887_upper,1887,2025-05-05,2025-05-05 10:30:00-04:00,2025-06-02 10:30:00-04:00,upper,20286.42973995628,2025-05-08 11:42:00-04:00
1887_lower,1887,2025-05-05,2025-05-05 10:30:00-04:00,2025-06-02 10:30:00-04:00,lower,19771.94526004372,2025-05-06 09:51:00-04:00
1888_upper,1888,2025-05-06,2025-05-06 10:30:00-04:00,2025-06-03 10:30:00-04:00,upper,20106.244144739307,2025-05-06 18:05:00-04:00
1888_lower,1888,2025-05-06,2025-05-06 10:30:00-04:00,2025-06-03 10:30:00-04:00,lower,19513.505855260693,
1889_upper,1889,2025-05-07,2025-05-07 10:30:00-04:00,2025-06-04 10:30:00-04:00,upper,20176.23696645711,2025-05-08 00:08:00-04:00
1889_lower,1889,2025-05-07,2025-05-07 10:30:00-04:00,2025-06-04 10:30:00-04:00,lower,19640.51303354289,
1890_upper,1890,2025-05-08,2025-05-08 10:30:00-04:00,2025-06-05 10:30:00-04:00,upper,20414.20014594965,2025-05-11 18:00:00-04:00
1890_lower,1890,2025-05-08,2025-05-08 10:30:00-04:00,2025-06-05 10:30:00-04:00,lower,19848.29985405035,
1891_upper,1891,2025-05-09,2025-05-09 10:30:00-04:00,2025-06-06 10:30:00-04:00,upper,20500.64746317931,2025-05-11 19:28:00-04:00
1891_lower,1891,2025-05-09,2025-05-09 10:30:00-04:00,2025-06-06 10:30:00-04:00,lower,19922.10253682069,
1892_upper,1892,2025-05-12,2025-05-12 10:30:00-04:00,2025-06-09 10:30:00-04:00,upper,21193.2451978732,2025-05-13 10:14:00-04:00
1892_lower,1892,2025-05-12,2025-05-12 10:30:00-04:00,2025-06-09 10:30:00-04:00,lower,20540.0048021268,
1893_upper,1893,2025-05-13,2025-05-13 10:30:00-04:00,2025-06-10 10:30:00-04:00,upper,21398.705602376456,2025-05-14 09:35:00-04:00
1893_lower,1893,2025-05-13,2025-05-13 10:30:00-04:00,2025-06-10 10:30:00-04:00,lower,20715.419397623544,
1894_upper,1894,2025-05-14,2025-05-14 10:30:00-04:00,2025-06-11 10:30:00-04:00,upper,21562.900308890166,2025-05-28 09:40:00-04:00
1894_lower,1894,2025-05-14,2025-05-14 10:30:00-04:00,2025-06-11 10:30:00-04:00,lower,21091.349691109834,2025-05-21 15:21:00-04:00
1895_upper,1895,2025-05-15,2025-05-15 10:30:00-04:00,2025-06-12 10:30:00-04:00,upper,21514.292262529707,2025-05-15 13:19:00-04:00
1895_lower,1895,2025-05-15,2025-05-15 10:30:00-04:00,2025-06-12 10:30:00-04:00,lower,21085.332737470293,2025-05-21 15:25:00-04:00
1896_upper,1896,2025-05-16,2025-05-16 10:30:00-04:00,2025-06-13 10:30:00-04:00,upper,21644.574760357005,2025-05-28 19:01:00-04:00
1896_lower,1896,2025-05-16,2025-05-16 10:30:00-04:00,2025-06-13 10:30:00-04:00,lower,21252.050239642995,2025-05-18 23:10:00-04:00
1897_upper,1897,2025-05-19,2025-05-19 10:30:00-04:00,2025-06-16 10:30:00-04:00,upper,21591.169434021478,2025-05-28 18:55:00-04:00
1897_lower,1897,2025-05-19,2025-05-19 10:30:00-04:00,2025-06-16 10:30:00-04:00,lower,20944.455565978522,2025-05-23 07:44:00-04:00
1898_upper,1898,2025-05-20,2025-05-20 10:30:00-04:00,2025-06-17 10:30:00-04:00,upper,21606.055654319076,2025-05-28 19:00:00-04:00
1898_lower,1898,2025-05-20,2025-05-20 10:30:00-04:00,2025-06-17 10:30:00-04:00,lower,21204.194345680924,2025-05-21 13:29:00-04:00
1899_upper,1899,2025-05-21,2025-05-21 10:30:00-04:00,2025-06-18 10:30:00-04:00,upper,21577.92796101929,2025-05-28 18:50:00-04:00
1899_lower,1899,2025-05-21,2025-05-21 10:30:00-04:00,2025-06-18 10:30:00-04:00,lower,21059.94703898071,2025-05-22 08:16:00-04:00
1900_upper,1900,2025-05-22,2025-05-22 10:30:00-04:00,2025-06-19 10:30:00-04:00,upper,21517.459718633057,2025-05-28 06:59:00-04:00
1900_lower,1900,2025-05-22,2025-05-22 10:30:00-04:00,2025-06-19 10:30:00-04:00,lower,20875.915281366943,2025-05-23 07:46:00-04:00
1901_upper,1901,2025-05-23,2025-05-23 10:30:00-04:00,2025-06-20 10:30:00-04:00,upper,21158.21882991538,2025-05-25 18:22:00-04:00
1901_lower,1901,2025-05-23,2025-05-23 10:30:00-04:00,2025-06-20 10:30:00-04:00,lower,20599.15617008462,
1902_upper,1902,2025-05-26,2025-05-26 10:30:00-04:00,2025-06-23 10:30:00-04:00,upper,21488.199839039342,2025-05-27 14:01:00-04:00
1902_lower,1902,2025-05-26,2025-05-26 10:30:00-04:00,2025-06-23 10:30:00-04:00,lower,21046.050160960658,
1903_upper,1903,2025-05-27,2025-05-27 10:30:00-04:00,2025-06-24 10:30:00-04:00,upper,21573.298807953895,2025-05-28 18:50:00-04:00
1903_lower,1903,2025-05-27,2025-05-27 10:30:00-04:00,2025-06-24 10:30:00-04:00,lower,20974.326192046105,
1904_upper,1904,2025-05-28,2025-05-28 10:30:00-04:00,2025-06-25 10:30:00-04:00,upper,21745.78235454284,2025-05-28 19:15:00-04:00
1904_lower,1904,2025-05-28,2025-05-28 10:30:00-04:00,2025-06-25 10:30:00-04:00,lower,21262.34264545716,2025-05-30 08:11:00-04:00
1905_upper,1905,2025-05-29,2025-05-29 10:30:00-04:00,2025-06-26 10:30:00-04:00,upper,21975.65560730397,2025-06-10 15:05:00-04:00
1905_lower,1905,2025-05-29,2025-05-29 10:30:00-04:00,2025-06-26 10:30:00-04:00,lower,21228.71939269603,2025-05-30 08:11:00-04:00
1906_upper,1906,2025-05-30,2025-05-30 10:30:00-04:00,2025-06-27 10:30:00-04:00,upper,21612.08935981346,2025-06-03 10:00:00-04:00
1906_lower,1906,2025-05-30,2025-05-30 10:30:00-04:00,2025-06-27 10:30:00-04:00,lower,21083.66064018654,2025-05-30 12:34:00-04:00
1907_upper,1907,2025-06-02,2025-06-02 10:30:00-04:00,2025-06-30 10:30:00-04:00,upper,21624.39006803678,2025-06-03 10:00:00-04:00
1907_lower,1907,2025-06-02,2025-06-02 10:30:00-04:00,2025-06-30 10:30:00-04:00,lower,21009.73493196322,
1908_upper,1908,2025-06-03,2025-06-03 10:30:00-04:00,2025-07-01 10:30:00-04:00,upper,21797.12900956116,2025-06-04 14:01:00-04:00
1908_lower,1908,2025-06-03,2025-06-03 10:30:00-04:00,2025-07-01 10:30:00-04:00,lower,21323.99599043884,
1909_upper,1909,2025-06-04,2025-06-04 10:30:00-04:00,2025-07-02 10:30:00-04:00,upper,21971.190130811774,2025-06-09 21:56:00-04:00
1909_lower,1909,2025-06-04,2025-06-04 10:30:00-04:00,2025-07-02 10:30:00-04:00,lower,21471.684869188226,2025-06-05 18:00:00-04:00
1910_upper,1910,2025-06-05,2025-06-05 10:30:00-04:00,2025-07-03 10:30:00-04:00,upper,22036.355563229503,2025-06-11 08:30:00-04:00
1910_lower,1910,2025-06-05,2025-06-05 10:30:00-04:00,2025-07-03 10:30:00-04:00,lower,21541.894436770497,2025-06-05 15:17:00-04:00
1911_upper,1911,2025-06-06,2025-06-06 10:30:00-04:00,2025-07-04 10:30:00-04:00,upper,22024.596420512084,2025-06-11 08:30:00-04:00
1911_lower,1911,2025-06-06,2025-06-06 10:30:00-04:00,2025-07-04 10:30:00-04:00,lower,21586.653579487916,2025-06-12 20:05:00-04:00
1912_upper,1912,2025-06-09,2025-06-09 10:30:00-04:00,2025-07-07 10:30:00-04:00,upper,22017.794451738562,2025-06-11 08:30:00-04:00
1912_lower,1912,2025-06-09,2025-06-09 10:30:00-04:00,2025-07-07 10:30:00-04:00,lower,21588.205548261438,2025-06-12 20:05:00-04:00
1913_upper,1913,2025-06-10,2025-06-10 10:30:00-04:00,2025-07-08 10:30:00-04:00,upper,22034.15321518699,2025-06-11 08:30:00-04:00
1913_lower,1913,2025-06-10,2025-06-10 10:30:00-04:00,2025-07-08 10:30:00-04:00,lower,21657.72178481301,2025-06-12 20:04:00-04:00
1914_upper,1914,2025-06-11,2025-06-11 10:30:00-04:00,2025-07-09 10:30:00-04:00,upper,22225.180691742178,2025-06-23 19:01:00-04:00
1914_lower,1914,2025-06-11,2025-06-11 10:30:00-04:00,2025-07-09 10:30:00-04:00,lower,21771.569308257822,2025-06-11 21:28:00-04:00
1915_upper,1915,2025-06-12,2025-06-12 10:30:00-04:00,2025-07-10 10:30:00-04:00,upper,22068.592067188496,2025-06-16 09:31:00-04:00
1915_lower,1915,2025-06-12,2025-06-12 10:30:00-04:00,2025-07-10 10:30:00-04:00,lower,21635.407932811504,2025-06-12 20:05:00-04:00
1916_upper,1916,2025-06-13,2025-06-13 10:30:00-04:00,2025-07-11 10:30:00-04:00,upper,21964.18649855486,2025-06-16 02:21:00-04:00
1916_lower,1916,2025-06-13,2025-06-13 10:30:00-04:00,2025-07-11 10:30:00-04:00,lower,21421.43850144514,
1917_upper,1917,2025-06-16,2025-06-16 10:30:00-04:00,2025-07-14 10:30:00-04:00,upper,22367.4551571999,2025-06-24 02:30:00-04:00
1917_lower,1917,2025-06-16,2025-06-16 10:30:00-04:00,2025-07-14 10:30:00-04:00,lower,21755.2948428001,2025-06-19 08:49:00-04:00
1918_upper,1918,2025-06-17,2025-06-17 10:30:00-04:00,2025-07-15 10:30:00-04:00,upper,22302.756343137095,2025-06-24 01:45:00-04:00
1918_lower,1918,2025-06-17,2025-06-17 10:30:00-04:00,2025-07-15 10:30:00-04:00,lower,21840.993656862905,2025-06-18 21:04:00-04:00
1919_upper,1919,2025-06-18,2025-06-18 10:30:00-04:00,2025-07-16 10:30:00-04:00,upper,22287.65788473507,2025-06-24 01:36:00-04:00
1919_lower,1919,2025-06-18,2025-06-18 10:30:00-04:00,2025-07-16 10:30:00-04:00,lower,21709.96711526493,2025-06-19 09:46:00-04:00
1920_upper,1920,2025-06-19,2025-06-19 10:30:00-04:00,2025-07-17 10:30:00-04:00,upper,22010.86257149386,2025-06-20 08:33:00-04:00
1920_lower,1920,2025-06-19,2025-06-19 10:30:00-04:00,2025-07-17 10:30:00-04:00,lower,21492.13742850614,
1921_upper,1921,2025-06-20,2025-06-20 10:30:00-04:00,2025-07-18 10:30:00-04:00,upper,22400.68422134689,2025-06-24 12:38:00-04:00
1921_lower,1921,2025-06-20,2025-06-20 10:30:00-04:00,2025-07-18 10:30:00-04:00,lower,21683.81577865311,2025-06-22 18:00:00-04:00
1922_upper,1922,2025-06-23,2025-06-23 10:30:00-04:00,2025-07-21 10:30:00-04:00,upper,22229.417486196857,2025-06-23 19:02:00-04:00
1922_lower,1922,2025-06-23,2025-06-23 10:30:00-04:00,2025-07-21 10:30:00-04:00,lower,21525.207513803143,
1923_upper,1923,2025-06-24,2025-06-24 10:30:00-04:00,2025-07-22 10:30:00-04:00,upper,22504.871078027933,2025-06-25 08:56:00-04:00
1923_lower,1923,2025-06-24,2025-06-24 10:30:00-04:00,2025-07-22 10:30:00-04:00,lower,22078.128921972067,
1924_upper,1924,2025-06-25,2025-06-25 10:30:00-04:00,2025-07-23 10:30:00-04:00,upper,22705.21887898441,2025-06-26 18:26:00-04:00
1924_lower,1924,2025-06-25,2025-06-25 10:30:00-04:00,2025-07-23 10:30:00-04:00,lower,22300.28112101559,
1925_upper,1925,2025-06-26,2025-06-26 10:30:00-04:00,2025-07-24 10:30:00-04:00,upper,22753.43894795879,2025-06-27 03:22:00-04:00
1925_lower,1925,2025-06-26,2025-06-26 10:30:00-04:00,2025-07-24 10:30:00-04:00,lower,22327.93605204121,
1926_upper,1926,2025-06-27,2025-06-27 10:30:00-04:00,2025-07-25 10:30:00-04:00,upper,22969.19354480575,2025-07-03 09:30:00-04:00
1926_lower,1926,2025-06-27,2025-06-27 10:30:00-04:00,2025-07-25 10:30:00-04:00,lower,22493.68145519425,
1927_upper,1927,2025-06-30,2025-06-30 10:30:00-04:00,2025-07-28 10:30:00-04:00,upper,23045.46005190433,2025-07-03 10:05:00-04:00
1927_lower,1927,2025-06-30,2025-06-30 10:30:00-04:00,2025-07-28 10:30:00-04:00,lower,22661.16494809567,2025-07-01 11:07:00-04:00
1928_upper,1928,2025-07-01,2025-07-01 10:30:00-04:00,2025-07-29 10:30:00-04:00,upper,23009.444279135634,2025-07-03 10:00:00-04:00
1928_lower,1928,2025-07-01,2025-07-01 10:30:00-04:00,2025-07-29 10:30:00-04:00,lower,22591.305720864366,2025-07-02 08:42:00-04:00
1929_upper,1929,2025-07-02,2025-07-02 10:30:00-04:00,2025-07-30 10:30:00-04:00,upper,22936.361357273672,2025-07-03 08:35:00-04:00
1929_lower,1929,2025-07-02,2025-07-02 10:30:00-04:00,2025-07-30 10:30:00-04:00,lower,22443.763642726328,
1930_upper,1930,2025-07-03,2025-07-03 10:30:00-04:00,2025-07-31 10:30:00-04:00,upper,23203.11134244749,2025-07-15 08:31:00-04:00
1930_lower,1930,2025-07-03,2025-07-03 10:30:00-04:00,2025-07-31 10:30:00-04:00,lower,22727.88865755251,
1931_upper,1931,2025-07-04,2025-07-04 10:30:00-04:00,2025-08-01 10:30:00-04:00,upper,23092.54861333326,2025-07-09 09:50:00-04:00
1931_lower,1931,2025-07-04,2025-07-04 10:30:00-04:00,2025-08-01 10:30:00-04:00,lower,22742.20138666674,
1932_upper,1932,2025-07-07,2025-07-07 10:30:00-04:00,2025-08-04 10:30:00-04:00,upper,23141.022812240677,2025-07-14 21:51:00-04:00
1932_lower,1932,2025-07-07,2025-07-07 10:30:00-04:00,2025-08-04 10:30:00-04:00,lower,22741.227187759323,
1933_upper,1933,2025-07-08,2025-07-08 10:30:00-04:00,2025-08-05 10:30:00-04:00,upper,23131.643777288344,2025-07-14 21:50:00-04:00
1933_lower,1933,2025-07-08,2025-07-08 10:30:00-04:00,2025-08-05 10:30:00-04:00,lower,22700.106222711656,
1934_upper,1934,2025-07-09,2025-07-09 10:30:00-04:00,2025-08-06 10:30:00-04:00,upper,23248.705615172126,2025-07-17 11:58:00-04:00
1934_lower,1934,2025-07-09,2025-07-09 10:30:00-04:00,2025-08-06 10:30:00-04:00,lower,22775.044384827874,2025-08-01 14:09:00-04:00
1935_upper,1935,2025-07-10,2025-07-10 10:30:00-04:00,2025-08-07 10:30:00-04:00,upper,23304.54648286401,2025-07-18 01:32:00-04:00
1935_lower,1935,2025-07-10,2025-07-10 10:30:00-04:00,2025-08-07 10:30:00-04:00,lower,22763.32851713599,
1936_upper,1936,2025-07-11,2025-07-11 10:30:00-04:00,2025-08-08 10:30:00-04:00,upper,23157.242659537675,2025-07-14 21:52:00-04:00
1936_lower,1936,2025-07-11,2025-07-11 10:30:00-04:00,2025-08-08 10:30:00-04:00,lower,22691.757340462325,
1937_upper,1937,2025-07-14,2025-07-14 10:30:00-04:00,2025-08-11 10:30:00-04:00,upper,23171.888883724347,2025-07-14 21:53:00-04:00
1937_lower,1937,2025-07-14,2025-07-14 10:30:00-04:00,2025-08-11 10:30:00-04:00,lower,22686.611116275653,
1938_upper,1938,2025-07-15,2025-07-15 10:30:00-04:00,2025-08-12 10:30:00-04:00,upper,23403.98392558004,2025-07-21 10:15:00-04:00
1938_lower,1938,2025-07-15,2025-07-15 10:30:00-04:00,2025-08-12 10:30:00-04:00,lower,22967.89107441996,2025-07-16 02:39:00-04:00
1939_upper,1939,2025-07-16,2025-07-16 10:30:00-04:00,2025-08-13 10:30:00-04:00,upper,23294.39090454622,2025-07-18 01:13:00-04:00
1939_lower,1939,2025-07-16,2025-07-16 10:30:00-04:00,2025-08-13 10:30:00-04:00,lower,22798.98409545378,2025-08-01 14:09:00-04:00
1940_upper,1940,2025-07-17,2025-07-17 10:30:00-04:00,2025-08-14 10:30:00-04:00,upper,23332.81794449016,2025-07-21 09:40:00-04:00
1940_lower,1940,2025-07-17,2025-07-17 10:30:00-04:00,2025-08-14 10:30:00-04:00,lower,22887.93205550984,2025-08-01 09:48:00-04:00
1941_upper,1941,2025-07-18,2025-07-18 10:30:00-04:00,2025-08-15 10:30:00-04:00,upper,23502.927934443658,2025-07-27 18:00:00-04:00
1941_lower,1941,2025-07-18,2025-07-18 10:30:00-04:00,2025-08-15 10:30:00-04:00,lower,23046.447065556342,2025-08-01 06:51:00-04:00
1942_upper,1942,2025-07-21,2025-07-21 10:30:00-04:00,2025-08-18 10:30:00-04:00,upper,23554.254682582978,2025-07-27 18:00:00-04:00
1942_lower,1942,2025-07-21,2025-07-21 10:30:00-04:00,2025-08-18 10:30:00-04:00,lower,23039.245317417022,2025-08-01 06:52:00-04:00
1943_upper,1943,2025-07-22,2025-07-22 10:30:00-04:00,2025-08-19 10:30:00-04:00,upper,23606.040531741084,2025-07-29 05:55:00-04:00
1943_lower,1943,2025-07-22,2025-07-22 10:30:00-04:00,2025-08-19 10:30:00-04:00,lower,22968.834468258916,2025-08-01 09:40:00-04:00
1944_upper,1944,2025-07-23,2025-07-23 10:30:00-04:00,2025-08-20 10:30:00-04:00,upper,23456.48785387179,2025-07-25 12:23:00-04:00
1944_lower,1944,2025-07-23,2025-07-23 10:30:00-04:00,2025-08-20 10:30:00-04:00,lower,23010.26214612821,2025-08-01 09:34:00-04:00
1945_upper,1945,2025-07-24,2025-07-24 10:30:00-04:00,2025-08-21 10:30:00-04:00,upper,23564.5696919488,2025-07-27 22:36:00-04:00
1945_lower,1945,2025-07-24,2025-07-24 10:30:00-04:00,2025-08-21 10:30:00-04:00,lower,23159.0553080512,2025-08-01 03:36:00-04:00
1946_upper,1946,2025-07-25,2025-07-25 10:30:00-04:00,2025-08-22 10:30:00-04:00,upper,23556.418915497226,2025-07-27 18:00:00-04:00
1946_lower,1946,2025-07-25,2025-07-25 10:30:00-04:00,2025-08-22 10:30:00-04:00,lower,23176.956084502774,2025-08-01 03:33:00-04:00
1947_upper,1947,2025-07-28,2025-07-28 10:30:00-04:00,2025-08-25 10:30:00-04:00,upper,23655.225992881817,2025-07-30 16:07:00-04:00
1947_lower,1947,2025-07-28,2025-07-28 10:30:00-04:00,2025-08-25 10:30:00-04:00,lower,23314.399007118183,2025-07-31 14:16:00-04:00
1948_upper,1948,2025-07-29,2025-07-29 10:30:00-04:00,2025-08-26 10:30:00-04:00,upper,23804.625040066167,2025-07-31 00:42:00-04:00
1948_lower,1948,2025-07-29,2025-07-29 10:30:00-04:00,2025-08-26 10:30:00-04:00,lower,23386.249959933833,2025-07-30 15:00:00-04:00
1949_upper,1949,2025-07-30,2025-07-30 10:30:00-04:00,2025-08-27 10:30:00-04:00,upper,23676.39425021826,2025-07-30 16:13:00-04:00
1949_lower,1949,2025-07-30,2025-07-30 10:30:00-04:00,2025-08-27 10:30:00-04:00,lower,23299.10574978174,2025-07-31 16:18:00-04:00
1950_upper,1950,2025-07-31,2025-07-31 10:30:00-04:00,2025-08-28 10:30:00-04:00,upper,23949.981821410653,2025-08-12 15:54:00-04:00
1950_lower,1950,2025-07-31,2025-07-31 10:30:00-04:00,2025-08-28 10:30:00-04:00,lower,23477.893178589347,2025-07-31 13:25:00-04:00
1951_upper,1951,2025-08-01,2025-08-01 10:30:00-04:00,2025-08-29 10:30:00-04:00,upper,23375.73227058796,2025-08-05 02:15:00-04:00
1951_lower,1951,2025-08-01,2025-08-01 10:30:00-04:00,2025-08-29 10:30:00-04:00,lower,22659.64272941204,
1952_upper,1952,2025-08-04,2025-08-04 10:30:00-04:00,2025-09-01 10:30:00-04:00,upper,23436.42827206102,2025-08-06 15:20:00-04:00
1952_lower,1952,2025-08-04,2025-08-04 10:30:00-04:00,2025-09-01 10:30:00-04:00,lower,22834.07172793898,
1953_upper,1953,2025-08-05,2025-08-05 10:30:00-04:00,2025-09-02 10:30:00-04:00,upper,23585.80276437661,2025-08-07 05:32:00-04:00
1953_lower,1953,2025-08-05,2025-08-05 10:30:00-04:00,2025-09-02 10:30:00-04:00,lower,23091.94723562339,2025-08-05 16:32:00-04:00
1954_upper,1954,2025-08-06,2025-08-06 10:30:00-04:00,2025-09-03 10:30:00-04:00,upper,23442.453320404064,2025-08-06 15:32:00-04:00
1954_lower,1954,2025-08-06,2025-08-06 10:30:00-04:00,2025-09-03 10:30:00-04:00,lower,22943.546679595936,
1955_upper,1955,2025-08-07,2025-08-07 10:30:00-04:00,2025-09-04 10:30:00-04:00,upper,23840.327181120854,2025-08-12 11:16:00-04:00
1955_lower,1955,2025-08-07,2025-08-07 10:30:00-04:00,2025-09-04 10:30:00-04:00,lower,23367.422818879146,2025-08-07 14:10:00-04:00
1956_upper,1956,2025-08-08,2025-08-08 10:30:00-04:00,2025-09-05 10:30:00-04:00,upper,23829.457240463482,2025-08-12 11:10:00-04:00
1956_lower,1956,2025-08-08,2025-08-08 10:30:00-04:00,2025-09-05 10:30:00-04:00,lower,23320.167759536518,2025-08-20 09:45:00-04:00
1957_upper,1957,2025-08-11,2025-08-11 10:30:00-04:00,2025-09-08 10:30:00-04:00,upper,23910.708563441818,2025-08-12 12:55:00-04:00
1957_lower,1957,2025-08-11,2025-08-11 10:30:00-04:00,2025-09-08 10:30:00-04:00,lower,23529.166436558182,2025-08-19 11:00:00-04:00
1958_upper,1958,2025-08-12,2025-08-12 10:30:00-04:00,2025-09-09 10:30:00-04:00,upper,23999.839844912844,2025-08-13 04:11:00-04:00
1958_lower,1958,2025-08-12,2025-08-12 10:30:00-04:00,2025-09-09 10:30:00-04:00,lower,23448.285155087156,2025-08-19 13:18:00-04:00
1959_upper,1959,2025-08-13,2025-08-13 10:30:00-04:00,2025-09-10 10:30:00-04:00,upper,24240.94349014668,
1959_lower,1959,2025-08-13,2025-08-13 10:30:00-04:00,2025-09-10 10:30:00-04:00,lower,23811.30650985332,2025-08-14 08:35:00-04:00
1960_upper,1960,2025-08-14,2025-08-14 10:30:00-04:00,2025-09-11 10:30:00-04:00,upper,24092.106108142718,
1960_lower,1960,2025-08-14,2025-08-14 10:30:00-04:00,2025-09-11 10:30:00-04:00,lower,23668.018891857282,2025-08-19 09:34:00-04:00
1961_upper,1961,2025-08-15,2025-08-15 10:30:00-04:00,2025-09-12 10:30:00-04:00,upper,24104.350460564026,
1961_lower,1961,2025-08-15,2025-08-15 10:30:00-04:00,2025-09-12 10:30:00-04:00,lower,23645.524539435974,2025-08-19 09:47:00-04:00
1962_upper,1962,2025-08-18,2025-08-18 10:30:00-04:00,2025-09-15 10:30:00-04:00,upper,23966.33524078305,2025-09-10 08:30:00-04:00
1962_lower,1962,2025-08-18,2025-08-18 10:30:00-04:00,2025-09-15 10:30:00-04:00,lower,23581.53975921695,2025-08-19 10:43:00-04:00
1963_upper,1963,2025-08-19,2025-08-19 10:30:00-04:00,2025-09-16 10:30:00-04:00,upper,23964.74051879201,2025-09-10 08:30:00-04:00
1963_lower,1963,2025-08-19,2025-08-19 10:30:00-04:00,2025-09-16 10:30:00-04:00,lower,23494.50948120799,2025-08-19 12:40:00-04:00
1964_upper,1964,2025-08-20,2025-08-20 10:30:00-04:00,2025-09-17 10:30:00-04:00,upper,23741.23051976241,2025-08-28 09:33:00-04:00
1964_lower,1964,2025-08-20,2025-08-20 10:30:00-04:00,2025-09-17 10:30:00-04:00,lower,22932.76948023759,
1965_upper,1965,2025-08-21,2025-08-21 10:30:00-04:00,2025-09-18 10:30:00-04:00,upper,23528.438409143047,2025-08-22 10:03:00-04:00
1965_lower,1965,2025-08-21,2025-08-21 10:30:00-04:00,2025-09-18 10:30:00-04:00,lower,22984.186590856953,
1966_upper,1966,2025-08-22,2025-08-22 10:30:00-04:00,2025-09-19 10:30:00-04:00,upper,23798.79829625684,2025-08-28 15:02:00-04:00
1966_lower,1966,2025-08-22,2025-08-22 10:30:00-04:00,2025-09-19 10:30:00-04:00,lower,22884.95170374316,
1967_upper,1967,2025-08-25,2025-08-25 10:30:00-04:00,2025-09-22 10:30:00-04:00,upper,23703.16967638153,2025-08-28 09:30:00-04:00
1967_lower,1967,2025-08-25,2025-08-25 10:30:00-04:00,2025-09-22 10:30:00-04:00,lower,23294.95532361847,2025-09-02 03:51:00-04:00
1968_upper,1968,2025-08-26,2025-08-26 10:30:00-04:00,2025-09-23 10:30:00-04:00,upper,23690.795533120516,2025-08-28 09:30:00-04:00
1968_lower,1968,2025-08-26,2025-08-26 10:30:00-04:00,2025-09-23 10:30:00-04:00,lower,23267.454466879484,2025-09-02 06:24:00-04:00
1969_upper,1969,2025-08-27,2025-08-27 10:30:00-04:00,2025-09-24 10:30:00-04:00,upper,23754.253972350198,2025-08-28 12:28:00-04:00
1969_lower,1969,2025-08-27,2025-08-27 10:30:00-04:00,2025-09-24 10:30:00-04:00,lower,23334.371027649802,2025-09-02 03:47:00-04:00
1970_upper,1970,2025-08-28,2025-08-28 10:30:00-04:00,2025-09-25 10:30:00-04:00,upper,23898.590982605092,2025-09-05 09:30:00-04:00
1970_lower,1970,2025-08-28,2025-08-28 10:30:00-04:00,2025-09-25 10:30:00-04:00,lower,23399.034017394908,2025-08-29 13:17:00-04:00
1971_upper,1971,2025-08-29,2025-08-29 10:30:00-04:00,2025-09-26 10:30:00-04:00,upper,23898.623598725324,2025-09-05 09:30:00-04:00
1971_lower,1971,2025-08-29,2025-08-29 10:30:00-04:00,2025-09-26 10:30:00-04:00,lower,23301.376401274676,2025-09-02 03:51:00-04:00
1972_upper,1972,2025-09-01,2025-09-01 10:30:00-04:00,2025-09-29 10:30:00-04:00,upper,23638.094503493834,2025-09-04 15:15:00-04:00
1972_lower,1972,2025-09-01,2025-09-01 10:30:00-04:00,2025-09-29 10:30:00-04:00,lower,23306.155496506166,2025-09-02 03:50:00-04:00
1973_upper,1973,2025-09-02,2025-09-02 10:30:00-04:00,2025-09-30 10:30:00-04:00,upper,23448.359281187728,2025-09-03 07:01:00-04:00
1973_lower,1973,2025-09-02,2025-09-02 10:30:00-04:00,2025-09-30 10:30:00-04:00,lower,22804.515718812272,
1974_upper,1974,2025-09-03,2025-09-03 10:30:00-04:00,2025-10-01 10:30:00-04:00,upper,23641.594080012226,2025-09-04 15:22:00-04:00
1974_lower,1974,2025-09-03,2025-09-03 10:30:00-04:00,2025-10-01 10:30:00-04:00,lower,23203.030919987774,
1975_upper,1975,2025-09-04,2025-09-04 10:30:00-04:00,2025-10-02 10:30:00-04:00,upper,23718.89884908215,2025-09-04 20:09:00-04:00
1975_lower,1975,2025-09-04,2025-09-04 10:30:00-04:00,2025-10-02 10:30:00-04:00,lower,23240.72615091785,
1976_upper,1976,2025-09-05,2025-09-05 10:30:00-04:00,2025-10-03 10:30:00-04:00,upper,24153.31843482746,2025-09-12 14:52:00-04:00
1976_lower,1976,2025-09-05,2025-09-05 10:30:00-04:00,2025-10-03 10:30:00-04:00,lower,23486.93156517254,
1977_upper,1977,2025-09-08,2025-09-08 10:30:00-04:00,2025-10-06 10:30:00-04:00,upper,24008.898073990247,2025-09-10 08:30:00-04:00
1977_lower,1977,2025-09-08,2025-09-08 10:30:00-04:00,2025-10-06 10:30:00-04:00,lower,23599.351926009753,
1978_upper,1978,2025-09-09,2025-09-09 10:30:00-04:00,2025-10-07 10:30:00-04:00,upper,24010.9224686331,2025-09-10 08:30:00-04:00
1978_lower,1978,2025-09-09,2025-09-09 10:30:00-04:00,2025-10-07 10:30:00-04:00,lower,23644.0775313669,
1979_upper,1979,2025-09-10,2025-09-10 10:30:00-04:00,2025-10-08 10:30:00-04:00,upper,24176.107240047204,2025-09-14 20:00:00-04:00
1979_lower,1979,2025-09-10,2025-09-10 10:30:00-04:00,2025-10-08 10:30:00-04:00,lower,23773.017759952796,
1980_upper,1980,2025-09-11,2025-09-11 10:30:00-04:00,2025-10-09 10:30:00-04:00,upper,24166.906377018822,2025-09-14 20:00:00-04:00
1980_lower,1980,2025-09-11,2025-09-11 10:30:00-04:00,2025-10-09 10:30:00-04:00,lower,23767.218622981178,
1981_upper,1981,2025-09-12,2025-09-12 10:30:00-04:00,2025-10-10 10:30:00-04:00,upper,24219.35743931265,2025-09-14 20:00:00-04:00
1981_lower,1981,2025-09-12,2025-09-12 10:30:00-04:00,2025-10-10 10:30:00-04:00,lower,23860.26756068735,
1982_upper,1982,2025-09-15,2025-09-15 10:30:00-04:00,2025-10-13 10:30:00-04:00,upper,24637.025879319204,2025-09-16 04:16:00-04:00
1982_lower,1982,2025-09-15,2025-09-15 10:30:00-04:00,2025-10-13 10:30:00-04:00,lower,24241.849120680796,2025-10-10 16:51:00-04:00
1983_upper,1983,2025-09-16,2025-09-16 10:30:00-04:00,2025-10-14 10:30:00-04:00,upper,24770.39039470826,2025-09-18 10:19:00-04:00
1983_lower,1983,2025-09-16,2025-09-16 10:30:00-04:00,2025-10-14 10:30:00-04:00,lower,24378.48460529174,2025-09-17 12:40:00-04:00
1984_upper,1984,2025-09-17,2025-09-17 10:30:00-04:00,2025-10-15 10:30:00-04:00,upper,24726.193305776986,2025-09-18 04:55:00-04:00
1984_lower,1984,2025-09-17,2025-09-17 10:30:00-04:00,2025-10-15 10:30:00-04:00,lower,24282.431694223014,2025-09-17 14:45:00-04:00
1985_upper,1985,2025-09-18,2025-09-18 10:30:00-04:00,2025-10-16 10:30:00-04:00,upper,24980.12057771546,2025-09-22 12:31:00-04:00
1985_lower,1985,2025-09-18,2025-09-18 10:30:00-04:00,2025-10-16 10:30:00-04:00,lower,24400.12942228454,2025-10-10 15:55:00-04:00
1986_upper,1986,2025-09-19,2025-09-19 10:30:00-04:00,2025-10-17 10:30:00-04:00,upper,24969.971744113624,2025-09-22 12:28:00-04:00
1986_lower,1986,2025-09-19,2025-09-19 10:30:00-04:00,2025-10-17 10:30:00-04:00,lower,24575.278255886376,2025-09-25 08:41:00-04:00
1987_upper,1987,2025-09-22,2025-09-22 10:30:00-04:00,2025-10-20 10:30:00-04:00,upper,25041.82435470874,2025-10-01 20:19:00-04:00
1987_lower,1987,2025-09-22,2025-09-22 10:30:00-04:00,2025-10-20 10:30:00-04:00,lower,24633.80064529126,2025-09-24 12:12:00-04:00
1988_upper,1988,2025-09-23,2025-09-23 10:30:00-04:00,2025-10-21 10:30:00-04:00,upper,25188.225818348154,2025-10-03 01:30:00-04:00
1988_lower,1988,2025-09-23,2025-09-23 10:30:00-04:00,2025-10-21 10:30:00-04:00,lower,24782.399181651846,2025-09-23 13:41:00-04:00
1989_upper,1989,2025-09-24,2025-09-24 10:30:00-04:00,2025-10-22 10:30:00-04:00,upper,25096.90783363385,2025-10-02 04:04:00-04:00
1989_lower,1989,2025-09-24,2025-09-24 10:30:00-04:00,2025-10-22 10:30:00-04:00,lower,24630.21716636615,2025-09-24 12:12:00-04:00
1990_upper,1990,2025-09-25,2025-09-25 10:30:00-04:00,2025-10-23 10:30:00-04:00,upper,24859.432501005263,2025-09-29 03:35:00-04:00
1990_lower,1990,2025-09-25,2025-09-25 10:30:00-04:00,2025-10-23 10:30:00-04:00,lower,24248.942498994737,2025-10-10 16:51:00-04:00
1991_upper,1991,2025-09-26,2025-09-26 10:30:00-04:00,2025-10-24 10:30:00-04:00,upper,24947.115133738993,2025-09-29 09:49:00-04:00
1991_lower,1991,2025-09-26,2025-09-26 10:30:00-04:00,2025-10-24 10:30:00-04:00,lower,24333.759866261007,2025-10-10 16:50:00-04:00
1992_upper,1992,2025-09-29,2025-09-29 10:30:00-04:00,2025-10-27 10:30:00-04:00,upper,25110.59832562138,2025-10-02 04:22:00-04:00
1992_lower,1992,2025-09-29,2025-09-29 10:30:00-04:00,2025-10-27 10:30:00-04:00,lower,24652.02667437862,2025-10-01 02:56:00-04:00
1993_upper,1993,2025-09-30,2025-09-30 10:30:00-04:00,2025-10-28 10:30:00-04:00,upper,25021.902111772382,2025-10-01 14:26:00-04:00
1993_lower,1993,2025-09-30,2025-09-30 10:30:00-04:00,2025-10-28 10:30:00-04:00,lower,24575.222888227618,2025-10-10 14:53:00-04:00
1994_upper,1994,2025-10-01,2025-10-01 10:30:00-04:00,2025-10-29 10:30:00-04:00,upper,25054.97210157362,2025-10-01 20:45:00-04:00
1994_lower,1994,2025-10-01,2025-10-01 10:30:00-04:00,2025-10-29 10:30:00-04:00,lower,24517.77789842638,2025-10-10 15:28:00-04:00
1995_upper,1995,2025-10-02,2025-10-02 10:30:00-04:00,2025-10-30 10:30:00-04:00,upper,25390.274461148023,2025-10-08 19:17:00-04:00
1995_lower,1995,2025-10-02,2025-10-02 10:30:00-04:00,2025-10-30 10:30:00-04:00,lower,24866.475538851977,2025-10-10 11:21:00-04:00
1996_upper,1996,2025-10-03,2025-10-03 10:30:00-04:00,2025-10-31 10:30:00-04:00,upper,25358.060260906183,2025-10-08 16:28:00-04:00
1996_lower,1996,2025-10-03,2025-10-03 10:30:00-04:00,2025-10-31 10:30:00-04:00,lower,24884.939739093817,2025-10-10 11:21:00-04:00
1997_upper,1997,2025-10-06,2025-10-06 10:30:00-04:00,2025-11-03 10:30:00-05:00,upper,25420.03751081353,2025-10-24 08:30:00-04:00
1997_lower,1997,2025-10-06,2025-10-06 10:30:00-04:00,2025-11-03 10:30:00-05:00,lower,24963.46248918647,2025-10-10 11:18:00-04:00
1998_upper,1998,2025-10-07,2025-10-07 10:30:00-04:00,2025-11-04 10:30:00-05:00,upper,25426.404526630537,2025-10-24 08:30:00-04:00
1998_lower,1998,2025-10-07,2025-10-07 10:30:00-04:00,2025-11-04 10:30:00-05:00,lower,25046.720473369463,2025-10-07 11:32:00-04:00
1999_upper,1999,2025-10-08,2025-10-08 10:30:00-04:00,2025-11-05 10:30:00-05:00,upper,25388.356611917992,2025-10-08 19:16:00-04:00
1999_lower,1999,2025-10-08,2025-10-08 10:30:00-04:00,2025-11-05 10:30:00-05:00,lower,24843.893388082008,2025-10-10 11:24:00-04:00
2000_upper,2000,2025-10-09,2025-10-09 10:30:00-04:00,2025-11-06 10:30:00-05:00,upper,25527.67440919861,2025-10-24 09:37:00-04:00
2000_lower,2000,2025-10-09,2025-10-09 10:30:00-04:00,2025-11-06 10:30:00-05:00,lower,25087.07559080139,2025-10-10 11:00:00-04:00
2001_upper,2001,2025-10-10,2025-10-10 10:30:00-04:00,2025-11-07 10:30:00-05:00,upper,25545.742316258118,2025-10-24 10:06:00-04:00
2001_lower,2001,2025-10-10,2025-10-10 10:30:00-04:00,2025-11-07 10:30:00-05:00,lower,25108.007683741882,2025-10-10 11:00:00-04:00
2002_upper,2002,2025-10-13,2025-10-13 10:30:00-04:00,2025-11-10 10:30:00-05:00,upper,25159.576084502012,2025-10-16 10:42:00-04:00
2002_lower,2002,2025-10-13,2025-10-13 10:30:00-04:00,2025-11-10 10:30:00-05:00,lower,24484.173915497988,2025-10-14 09:38:00-04:00
2003_upper,2003,2025-10-14,2025-10-14 10:30:00-04:00,2025-11-11 10:30:00-05:00,upper,25004.727341867234,2025-10-15 08:11:00-04:00
2003_lower,2003,2025-10-14,2025-10-14 10:30:00-04:00,2025-11-11 10:30:00-05:00,lower,24208.022658132766,
2004_upper,2004,2025-10-15,2025-10-15 10:30:00-04:00,2025-11-12 10:30:00-05:00,upper,25355.099667379956,2025-10-20 21:20:00-04:00
2004_lower,2004,2025-10-15,2025-10-15 10:30:00-04:00,2025-11-12 10:30:00-05:00,lower,24652.525332620044,2025-10-16 14:32:00-04:00
2005_upper,2005,2025-10-16,2025-10-16 10:30:00-04:00,2025-11-13 10:30:00-05:00,upper,25329.02361642914,2025-10-20 11:48:00-04:00
2005_lower,2005,2025-10-16,2025-10-16 10:30:00-04:00,2025-11-13 10:30:00-05:00,lower,24785.85138357086,2025-10-16 12:32:00-04:00
2006_upper,2006,2025-10-17,2025-10-17 10:30:00-04:00,2025-11-14 10:30:00-05:00,upper,25223.368660137978,2025-10-20 09:37:00-04:00
2006_lower,2006,2025-10-17,2025-10-17 10:30:00-04:00,2025-11-14 10:30:00-05:00,lower,24329.506339862022,
2007_upper,2007,2025-10-20,2025-10-20 10:30:00-04:00,2025-11-17 10:30:00-05:00,upper,25476.632481079625,2025-10-24 08:30:00-04:00
2007_lower,2007,2025-10-20,2025-10-20 10:30:00-04:00,2025-11-17 10:30:00-05:00,lower,24842.117518920375,2025-10-22 13:41:00-04:00
2008_upper,2008,2025-10-21,2025-10-21 10:30:00-04:00,2025-11-18 10:30:00-05:00,upper,25518.09329582927,2025-10-24 08:30:00-04:00
2008_lower,2008,2025-10-21,2025-10-21 10:30:00-04:00,2025-11-18 10:30:00-05:00,lower,25037.53170417073,2025-10-22 11:23:00-04:00
2009_upper,2009,2025-10-22,2025-10-22 10:30:00-04:00,2025-11-19 10:30:00-05:00,upper,25532.884244884997,2025-10-24 09:45:00-04:00
2009_lower,2009,2025-10-22,2025-10-22 10:30:00-04:00,2025-11-19 10:30:00-05:00,lower,24928.365755115003,2025-10-22 12:30:00-04:00
2010_upper,2010,2025-10-23,2025-10-23 10:30:00-04:00,2025-11-20 10:30:00-05:00,upper,25355.820541365894,2025-10-24 02:04:00-04:00
2010_lower,2010,2025-10-23,2025-10-23 10:30:00-04:00,2025-11-20 10:30:00-05:00,lower,24749.804458634106,2025-11-07 11:56:00-05:00
2011_upper,2011,2025-10-24,2025-10-24 10:30:00-04:00,2025-11-21 10:30:00-05:00,upper,25724.833310372593,2025-10-26 18:00:00-04:00
2011_lower,2011,2025-10-24,2025-10-24 10:30:00-04:00,2025-11-21 10:30:00-05:00,lower,25230.916689627407,2025-11-06 11:43:00-05:00
2012_upper,2012,2025-10-27,2025-10-27 10:30:00-04:00,2025-11-24 10:30:00-05:00,upper,26036.00961765908,2025-10-28 09:03:00-04:00
2012_lower,2012,2025-10-27,2025-10-27 10:30:00-04:00,2025-11-24 10:30:00-05:00,lower,25615.86538234092,2025-11-04 13:27:00-05:00
2013_upper,2013,2025-10-28,2025-10-28 10:30:00-04:00,2025-11-25 10:30:00-05:00,upper,26251.955093530407,2025-10-28 22:29:00-04:00
2013_lower,2013,2025-10-28,2025-10-28 10:30:00-04:00,2025-11-25 10:30:00-05:00,lower,25861.669906469593,2025-10-30 16:00:00-04:00
2014_upper,2014,2025-10-29,2025-10-29 10:30:00-04:00,2025-11-26 10:30:00-05:00,upper,26486.1785789637,
2014_lower,2014,2025-10-29,2025-10-29 10:30:00-04:00,2025-11-26 10:30:00-05:00,lower,26070.4464210363,2025-10-29 14:40:00-04:00
2015_upper,2015,2025-10-30,2025-10-30 10:30:00-04:00,2025-11-27 10:30:00-05:00,upper,26432.286588142037,
2015_lower,2015,2025-10-30,2025-10-30 10:30:00-04:00,2025-11-27 10:30:00-05:00,lower,25755.338411857963,2025-11-04 01:12:00-05:00
2016_upper,2016,2025-10-31,2025-10-31 10:30:00-04:00,2025-11-28 10:30:00-05:00,upper,26427.801398454714,
2016_lower,2016,2025-10-31,2025-10-31 10:30:00-04:00,2025-11-28 10:30:00-05:00,lower,25901.198601545286,2025-10-31 13:16:00-04:00
2017_upper,2017,2025-11-03,2025-11-03 10:30:00-05:00,2025-12-01 10:30:00-05:00,upper,26537.018962513324,
2017_lower,2017,2025-11-03,2025-11-03 10:30:00-05:00,2025-12-01 10:30:00-05:00,lower,25842.981037486676,2025-11-04 00:41:00-05:00
2018_upper,2018,2025-11-04,2025-11-04 10:30:00-05:00,2025-12-02 10:30:00-05:00,upper,26091.267260771223,
2018_lower,2018,2025-11-04,2025-11-04 10:30:00-05:00,2025-12-02 10:30:00-05:00,lower,25428.982739228777,2025-11-04 19:33:00-05:00
2019_upper,2019,2025-11-05,2025-11-05 10:30:00-05:00,2025-12-03 10:30:00-05:00,upper,25920.94499807675,
2019_lower,2019,2025-11-05,2025-11-05 10:30:00-05:00,2025-12-03 10:30:00-05:00,lower,25224.55500192325,2025-11-06 11:43:00-05:00
2020_upper,2020,2025-11-06,2025-11-06 10:30:00-05:00,2025-12-04 10:30:00-05:00,upper,25986.79845462448,
2020_lower,2020,2025-11-06,2025-11-06 10:30:00-05:00,2025-12-04 10:30:00-05:00,lower,25232.32654537552,2025-11-06 11:43:00-05:00
2021_upper,2021,2025-11-07,2025-11-07 10:30:00-05:00,2025-12-05 10:30:00-05:00,upper,25402.283437021055,2025-11-09 20:27:00-05:00
2021_lower,2021,2025-11-07,2025-11-07 10:30:00-05:00,2025-12-05 10:30:00-05:00,lower,24704.716562978945,2025-11-14 07:39:00-05:00
2022_upper,2022,2025-11-10,2025-11-10 10:30:00-05:00,2025-12-08 10:30:00-05:00,upper,25849.348211178156,2025-12-05 10:12:00-05:00
2022_lower,2022,2025-11-10,2025-11-10 10:30:00-05:00,2025-12-08 10:30:00-05:00,lower,25285.276788821844,2025-11-13 09:45:00-05:00
2023_upper,2023,2025-11-11,2025-11-11 10:30:00-05:00,2025-12-09 10:30:00-05:00,upper,25844.300972742356,2025-12-05 10:11:00-05:00
2023_lower,2023,2025-11-11,2025-11-11 10:30:00-05:00,2025-12-09 10:30:00-05:00,lower,25349.574027257644,2025-11-13 09:40:00-05:00
2024_upper,2024,2025-11-12,2025-11-12 10:30:00-05:00,2025-12-10 10:30:00-05:00,upper,26048.880429014433,
2024_lower,2024,2025-11-12,2025-11-12 10:30:00-05:00,2025-12-10 10:30:00-05:00,lower,25400.744570985567,2025-11-13 09:35:00-05:00
2025_upper,2025,2025-11-13,2025-11-13 10:30:00-05:00,2025-12-11 10:30:00-05:00,upper,25760.387983258595,2025-12-05 09:31:00-05:00
2025_lower,2025,2025-11-13,2025-11-13 10:30:00-05:00,2025-12-11 10:30:00-05:00,lower,25107.987016741405,2025-11-13 13:17:00-05:00
2026_upper,2026,2025-11-14,2025-11-14 10:30:00-05:00,2025-12-12 10:30:00-05:00,upper,25256.179263509242,2025-11-14 11:27:00-05:00
2026_lower,2026,2025-11-14,2025-11-14 10:30:00-05:00,2025-12-12 10:30:00-05:00,lower,24294.570736490758,2025-11-20 13:50:00-05:00
2027_upper,2027,2025-11-17,2025-11-17 10:30:00-05:00,2025-12-15 10:30:00-05:00,upper,25454.79064965047,2025-11-28 12:56:00-05:00
2027_lower,2027,2025-11-17,2025-11-17 10:30:00-05:00,2025-12-15 10:30:00-05:00,lower,24647.45935034953,2025-11-17 23:18:00-05:00
2028_upper,2028,2025-11-18,2025-11-18 10:30:00-05:00,2025-12-16 10:30:00-05:00,upper,25178.174836558763,2025-11-19 22:00:00-05:00
2028_lower,2028,2025-11-18,2025-11-18 10:30:00-05:00,2025-12-16 10:30:00-05:00,lower,24171.075163441237,2025-11-20 15:40:00-05:00
2029_upper,2029,2025-11-19,2025-11-19 10:30:00-05:00,2025-12-17 10:30:00-05:00,upper,25230.992824137655,2025-11-20 08:31:00-05:00
2029_lower,2029,2025-11-19,2025-11-19 10:30:00-05:00,2025-12-17 10:30:00-05:00,lower,24160.757175862345,2025-11-20 15:41:00-05:00
2030_upper,2030,2025-11-20,2025-11-20 10:30:00-05:00,2025-12-18 10:30:00-05:00,upper,25551.601410442396,2025-12-02 09:36:00-05:00
2030_lower,2030,2025-11-20,2025-11-20 10:30:00-05:00,2025-12-18 10:30:00-05:00,lower,24882.773589557604,2025-11-20 11:30:00-05:00
2031_upper,2031,2025-11-21,2025-11-21 10:30:00-05:00,2025-12-19 10:30:00-05:00,upper,24625.01232051655,2025-11-24 09:32:00-05:00
2031_lower,2031,2025-11-21,2025-11-21 10:30:00-05:00,2025-12-19 10:30:00-05:00,lower,23738.23767948345,
2032_upper,2032,2025-11-24,2025-11-24 10:30:00-05:00,2025-12-22 10:30:00-05:00,upper,24982.960287247926,2025-11-24 15:54:00-05:00
2032_lower,2032,2025-11-24,2025-11-24 10:30:00-05:00,2025-12-22 10:30:00-05:00,lower,24182.539712752074,
2033_upper,2033,2025-11-25,2025-11-25 10:30:00-05:00,2025-12-23 10:30:00-05:00,upper,25192.196489354646,2025-11-25 22:02:00-05:00
2033_lower,2033,2025-11-25,2025-11-25 10:30:00-05:00,2025-12-23 10:30:00-05:00,lower,24405.803510645354,
2034_upper,2034,2025-11-26,2025-11-26 10:30:00-05:00,2025-12-24 10:30:00-05:00,upper,25493.056878967567,2025-11-28 13:02:00-05:00
2034_lower,2034,2025-11-26,2025-11-26 10:30:00-05:00,2025-12-24 10:30:00-05:00,lower,24936.193121032433,2025-12-17 13:51:00-05:00
2035_upper,2035,2025-11-27,2025-11-27 10:30:00-05:00,2025-12-26 10:30:00-05:00,upper,25480.4886884135,2025-11-28 12:58:00-05:00
2035_lower,2035,2025-11-27,2025-11-27 10:30:00-05:00,2025-12-26 10:30:00-05:00,lower,25123.3863115865,2025-12-12 11:38:00-05:00
2036_upper,2036,2025-11-28,2025-11-28 10:30:00-05:00,2025-12-29 10:30:00-05:00,upper,25591.570751733372,2025-12-02 09:37:00-05:00
2036_lower,2036,2025-11-28,2025-11-28 10:30:00-05:00,2025-12-29 10:30:00-05:00,lower,25142.929248266628,2025-12-12 11:21:00-05:00
2037_upper,2037,2025-12-01,2025-12-01 10:30:00-05:00,2025-12-30 10:30:00-05:00,upper,25558.69667366835,2025-12-02 09:36:00-05:00
2037_lower,2037,2025-12-01,2025-12-01 10:30:00-05:00,2025-12-30 10:30:00-05:00,lower,24995.42832633165,2025-12-17 11:50:00-05:00
2038_upper,2038,2025-12-02,2025-12-02 10:30:00-05:00,2025-12-31 10:30:00-05:00,upper,25822.784895671703,2025-12-05 10:05:00-05:00
2038_lower,2038,2025-12-02,2025-12-02 10:30:00-05:00,2025-12-31 10:30:00-05:00,lower,25232.965104328297,2025-12-12 10:58:00-05:00
2039_upper,2039,2025-12-03,2025-12-03 10:30:00-05:00,2026-01-02 10:30:00-05:00,upper,25757.902287436256,2025-12-05 09:31:00-05:00
2039_lower,2039,2025-12-03,2025-12-03 10:30:00-05:00,2026-01-02 10:30:00-05:00,lower,25239.597712563744,2025-12-12 10:58:00-05:00
2040_upper,2040,2025-12-04,2025-12-04 10:30:00-05:00,2026-01-05 10:30:00-05:00,upper,25955.78022737772,
2040_lower,2040,2025-12-04,2025-12-04 10:30:00-05:00,2026-01-05 10:30:00-05:00,lower,25372.96977262228,2025-12-12 10:24:00-05:00
2041_upper,2041,2025-12-05,2025-12-05 10:30:00-05:00,2026-01-06 10:30:00-05:00,upper,26015.04447352429,
2041_lower,2041,2025-12-05,2025-12-05 10:30:00-05:00,2026-01-06 10:30:00-05:00,lower,25435.70552647571,2025-12-10 22:07:00-05:00
2042_upper,2042,2025-12-08,2025-12-08 10:30:00-05:00,2026-01-07 10:30:00-05:00,upper,26068.477020163853,
2042_lower,2042,2025-12-08,2025-12-08 10:30:00-05:00,2026-01-07 10:30:00-05:00,lower,25481.397979836147,2025-12-10 22:02:00-05:00
2043_upper,2043,2025-12-09,2025-12-09 10:30:00-05:00,2026-01-08 10:30:00-05:00,upper,25851.538362823718,2025-12-10 15:12:00-05:00
2043_lower,2043,2025-12-09,2025-12-09 10:30:00-05:00,2026-01-08 10:30:00-05:00,lower,25381.961637176282,2025-12-12 10:24:00-05:00
2044_upper,2044,2025-12-10,2025-12-10 10:30:00-05:00,2026-01-09 10:30:00-05:00,upper,25867.578308503576,2025-12-10 15:20:00-05:00
2044_lower,2044,2025-12-10,2025-12-10 10:30:00-05:00,2026-01-09 10:30:00-05:00,lower,25399.296691496424,2025-12-10 22:09:00-05:00
2045_upper,2045,2025-12-11,2025-12-11 10:30:00-05:00,2026-01-12 10:30:00-05:00,upper,25920.341744860587,2025-12-26 08:40:00-05:00
2045_lower,2045,2025-12-11,2025-12-11 10:30:00-05:00,2026-01-12 10:30:00-05:00,lower,25243.408255139413,2025-12-12 10:58:00-05:00
2046_upper,2046,2025-12-12,2025-12-12 10:30:00-05:00,2026-01-13 10:30:00-05:00,upper,25885.691527453466,2025-12-24 12:30:00-05:00
2046_lower,2046,2025-12-12,2025-12-12 10:30:00-05:00,2026-01-13 10:30:00-05:00,lower,25131.933472546534,2025-12-12 11:38:00-05:00
2047_upper,2047,2025-12-15,2025-12-15 10:30:00-05:00,2026-01-14 10:30:00-05:00,upper,26001.807940724975,2026-01-12 14:27:00-05:00
2047_lower,2047,2025-12-15,2025-12-15 10:30:00-05:00,2026-01-14 10:30:00-05:00,lower,25141.817059275025,2025-12-15 20:38:00-05:00
2048_upper,2048,2025-12-16,2025-12-16 10:30:00-05:00,2026-01-15 10:30:00-05:00,upper,25583.78874283228,2025-12-19 10:00:00-05:00
2048_lower,2048,2025-12-16,2025-12-16 10:30:00-05:00,2026-01-15 10:30:00-05:00,lower,24942.08625716772,2025-12-17 13:41:00-05:00
2049_upper,2049,2025-12-17,2025-12-17 10:30:00-05:00,2026-01-16 10:30:00-05:00,upper,25685.45109782549,2025-12-21 20:05:00-05:00
2049_lower,2049,2025-12-17,2025-12-17 10:30:00-05:00,2026-01-16 10:30:00-05:00,lower,25083.67390217451,2025-12-17 10:52:00-05:00
2050_upper,2050,2025-12-18,2025-12-18 10:30:00-05:00,2026-01-19 10:30:00-05:00,upper,25556.114324184462,2025-12-19 09:45:00-05:00
2050_lower,2050,2025-12-18,2025-12-18 10:30:00-05:00,2026-01-19 10:30:00-05:00,lower,24972.135675815538,
2051_upper,2051,2025-12-19,2025-12-19 10:30:00-05:00,2026-01-20 10:30:00-05:00,upper,25755.072854848902,2025-12-22 08:24:00-05:00
2051_lower,2051,2025-12-19,2025-12-19 10:30:00-05:00,2026-01-20 10:30:00-05:00,lower,25084.802145151098,
2052_upper,2052,2025-12-22,2025-12-22 10:30:00-05:00,2026-01-21 10:30:00-05:00,upper,25984.589724093865,2026-01-07 12:07:00-05:00
2052_lower,2052,2025-12-22,2025-12-22 10:30:00-05:00,2026-01-21 10:30:00-05:00,lower,25529.660275906135,2025-12-31 15:00:00-05:00
2053_upper,2053,2025-12-23,2025-12-23 10:30:00-05:00,2026-01-22 10:30:00-05:00,upper,25885.65835974218,2025-12-24 12:30:00-05:00
2053_lower,2053,2025-12-23,2025-12-23 10:30:00-05:00,2026-01-22 10:30:00-05:00,lower,25448.34164025782,2025-12-31 15:59:00-05:00
2054_upper,2054,2025-12-24,2025-12-24 10:30:00-05:00,2026-01-23 10:30:00-05:00,upper,25972.681573060232,2026-01-07 12:00:00-05:00
2054_lower,2054,2025-12-24,2025-12-24 10:30:00-05:00,2026-01-23 10:30:00-05:00,lower,25634.693426939768,2025-12-30 19:12:00-05:00
2055_upper,2055,2025-12-26,2025-12-26 10:30:00-05:00,2026-01-26 10:30:00-05:00,upper,26089.225529594478,
2055_lower,2055,2025-12-26,2025-12-26 10:30:00-05:00,2026-01-26 10:30:00-05:00,lower,25694.524470405522,2025-12-29 08:48:00-05:00
2056_upper,2056,2025-12-29,2025-12-29 10:30:00-05:00,2026-01-27 10:30:00-05:00,upper,25963.396708067507,2026-01-07 11:46:00-05:00
2056_lower,2056,2025-12-29,2025-12-29 10:30:00-05:00,2026-01-27 10:30:00-05:00,lower,25483.728291932493,2025-12-31 15:21:00-05:00
2057_upper,2057,2025-12-30,2025-12-30 10:30:00-05:00,2026-01-28 10:30:00-05:00,upper,25911.891086809886,2026-01-07 11:00:00-05:00
2057_lower,2057,2025-12-30,2025-12-30 10:30:00-05:00,2026-01-28 10:30:00-05:00,lower,25505.358913190114,2025-12-31 15:08:00-05:00
2058_upper,2058,2025-12-31,2025-12-31 10:30:00-05:00,2026-01-29 10:30:00-05:00,upper,25876.502124143462,2026-01-07 09:56:00-05:00
2058_lower,2058,2025-12-31,2025-12-31 10:30:00-05:00,2026-01-29 10:30:00-05:00,lower,25432.247875856538,2025-12-31 16:57:00-05:00
2059_upper,2059,2026-01-02,2026-01-02 10:30:00-05:00,2026-01-30 10:30:00-05:00,upper,26054.06891937699,2026-01-27 09:55:00-05:00
2059_lower,2059,2026-01-02,2026-01-02 10:30:00-05:00,2026-01-30 10:30:00-05:00,lower,25263.43108062301,2026-01-19 04:57:00-05:00
2060_upper,2060,2026-01-05,2026-01-05 10:30:00-05:00,2026-02-02 10:30:00-05:00,upper,25866.48984638282,2026-01-07 09:46:00-05:00
2060_lower,2060,2026-01-05,2026-01-05 10:30:00-05:00,2026-02-02 10:30:00-05:00,lower,25387.13515361718,2026-01-18 19:17:00-05:00
2061_upper,2061,2026-01-06,2026-01-06 10:30:00-05:00,2026-02-03 10:30:00-05:00,upper,25927.639071591628,2026-01-07 11:15:00-05:00
2061_lower,2061,2026-01-06,2026-01-06 10:30:00-05:00,2026-02-03 10:30:00-05:00,lower,25401.860928408372,2026-01-18 18:00:00-05:00
2062_upper,2062,2026-01-07,2026-01-07 10:30:00-05:00,2026-02-04 10:30:00-05:00,upper,26023.898762162367,2026-01-13 08:31:00-05:00
2062_lower,2062,2026-01-07,2026-01-07 10:30:00-05:00,2026-02-04 10:30:00-05:00,lower,25592.351237837633,2026-01-08 10:00:00-05:00
2063_upper,2063,2026-01-08,2026-01-08 10:30:00-05:00,2026-02-05 10:30:00-05:00,upper,26052.145143733775,2026-01-27 09:55:00-05:00
2063_lower,2063,2026-01-08,2026-01-08 10:30:00-05:00,2026-02-05 10:30:00-05:00,lower,25420.354856266225,2026-01-18 18:00:00-05:00
2064_upper,2064,2026-01-09,2026-01-09 10:30:00-05:00,2026-02-06 10:30:00-05:00,upper,26051.91480957388,2026-01-27 09:55:00-05:00
2064_lower,2064,2026-01-09,2026-01-09 10:30:00-05:00,2026-02-06 10:30:00-05:00,lower,25400.83519042612,2026-01-18 18:00:00-05:00
2065_upper,2065,2026-01-12,2026-01-12 10:30:00-05:00,2026-02-09 10:30:00-05:00,upper,26066.0048141807,2026-01-27 10:09:00-05:00
2065_lower,2065,2026-01-12,2026-01-12 10:30:00-05:00,2026-02-09 10:30:00-05:00,lower,25518.7451858193,2026-01-14 10:47:00-05:00
2066_upper,2066,2026-01-13,2026-01-13 10:30:00-05:00,2026-02-10 10:30:00-05:00,upper,26250.73178114501,2026-01-28 01:00:00-05:00
2066_lower,2066,2026-01-13,2026-01-13 10:30:00-05:00,2026-02-10 10:30:00-05:00,lower,25627.14321885499,2026-01-14 09:44:00-05:00
2067_upper,2067,2026-01-14,2026-01-14 10:30:00-05:00,2026-02-11 10:30:00-05:00,upper,26041.0675025889,2026-01-27 06:52:00-05:00
2067_lower,2067,2026-01-14,2026-01-14 10:30:00-05:00,2026-02-11 10:30:00-05:00,lower,25359.0574974111,2026-01-19 02:10:00-05:00
2068_upper,2068,2026-01-15,2026-01-15 10:30:00-05:00,2026-02-12 10:30:00-05:00,upper,26149.590757708407,2026-01-27 19:08:00-05:00
2068_lower,2068,2026-01-15,2026-01-15 10:30:00-05:00,2026-02-12 10:30:00-05:00,lower,25672.284242291593,2026-01-16 10:19:00-05:00
2069_upper,2069,2026-01-16,2026-01-16 10:30:00-05:00,2026-02-13 10:30:00-05:00,upper,26141.823552298745,2026-01-27 18:00:00-05:00
2069_lower,2069,2026-01-16,2026-01-16 10:30:00-05:00,2026-02-13 10:30:00-05:00,lower,25500.426447701255,2026-01-18 18:00:00-05:00
2070_upper,2070,2026-01-19,2026-01-19 10:30:00-05:00,2026-02-16 10:30:00-05:00,upper,25513.550850511452,2026-01-21 14:38:00-05:00
2070_lower,2070,2026-01-19,2026-01-19 10:30:00-05:00,2026-02-16 10:30:00-05:00,lower,25067.949149488548,2026-01-21 06:55:00-05:00
2071_upper,2071,2026-01-20,2026-01-20 10:30:00-05:00,2026-02-17 10:30:00-05:00,upper,25544.869993672764,2026-01-21 14:42:00-05:00
2071_lower,2071,2026-01-20,2026-01-20 10:30:00-05:00,2026-02-17 10:30:00-05:00,lower,24999.755006327236,2026-02-04 11:43:00-05:00
2072_upper,2072,2026-01-21,2026-01-21 10:30:00-05:00,2026-02-18 10:30:00-05:00,upper,25610.296605468247,2026-01-21 14:47:00-05:00
2072_lower,2072,2026-01-21,2026-01-21 10:30:00-05:00,2026-02-18 10:30:00-05:00,lower,24846.078394531753,2026-02-04 12:36:00-05:00
2073_upper,2073,2026-01-22,2026-01-22 10:30:00-05:00,2026-02-19 10:30:00-05:00,upper,25983.319322864918,2026-01-26 23:09:00-05:00
2073_lower,2073,2026-01-22,2026-01-22 10:30:00-05:00,2026-02-19 10:30:00-05:00,lower,25379.930677135082,2026-01-25 18:00:00-05:00
2074_upper,2074,2026-01-23,2026-01-23 10:30:00-05:00,2026-02-20 10:30:00-05:00,upper,25928.18564424603,2026-01-26 11:32:00-05:00
2074_lower,2074,2026-01-23,2026-01-23 10:30:00-05:00,2026-02-20 10:30:00-05:00,lower,25342.81435575397,2026-02-01 22:14:00-05:00
2075_upper,2075,2026-01-26,2026-01-26 10:30:00-05:00,2026-02-23 10:30:00-05:00,upper,26056.240848018366,2026-01-27 09:56:00-05:00
2075_lower,2075,2026-01-26,2026-01-26 10:30:00-05:00,2026-02-23 10:30:00-05:00,lower,25488.134151981634,2026-02-01 18:01:00-05:00
2076_upper,2076,2026-01-27,2026-01-27 10:30:00-05:00,2026-02-24 10:30:00-05:00,upper,26256.960402123907,2026-01-28 01:00:00-05:00
2076_lower,2076,2026-01-27,2026-01-27 10:30:00-05:00,2026-02-24 10:30:00-05:00,lower,25721.789597876093,2026-01-29 10:14:00-05:00
2077_upper,2077,2026-01-28,2026-01-28 10:30:00-05:00,2026-02-25 10:30:00-05:00,upper,26477.992788080708,
2077_lower,2077,2026-01-28,2026-01-28 10:30:00-05:00,2026-02-25 10:30:00-05:00,lower,26027.507211919292,2026-01-28 16:02:00-05:00
2078_upper,2078,2026-01-29,2026-01-29 10:30:00-05:00,2026-02-26 10:30:00-05:00,upper,26536.10176039643,
2078_lower,2078,2026-01-29,2026-01-29 10:30:00-05:00,2026-02-26 10:30:00-05:00,lower,25543.02323960357,2026-01-29 10:54:00-05:00
2079_upper,2079,2026-01-30,2026-01-30 10:30:00-05:00,2026-02-27 10:30:00-05:00,upper,26127.691204410246,
2079_lower,2079,2026-01-30,2026-01-30 10:30:00-05:00,2026-02-27 10:30:00-05:00,lower,25561.933795589754,2026-02-01 18:00:00-05:00
2080_upper,2080,2026-02-02,2026-02-02 10:30:00-05:00,2026-03-02 10:30:00-05:00,upper,26073.258862191728,
2080_lower,2080,2026-02-02,2026-02-02 10:30:00-05:00,2026-03-02 10:30:00-05:00,lower,25195.241137808272,2026-02-04 09:58:00-05:00
2081_upper,2081,2026-02-03,2026-02-03 10:30:00-05:00,2026-03-03 10:30:00-05:00,upper,26335.595256939152,
2081_lower,2081,2026-02-03,2026-02-03 10:30:00-05:00,2026-03-03 10:30:00-05:00,lower,25310.404743060848,2026-02-03 13:30:00-05:00
2082_upper,2082,2026-02-04,2026-02-04 10:30:00-05:00,2026-03-04 10:30:00-05:00,upper,25692.902821179545,
2082_lower,2082,2026-02-04,2026-02-04 10:30:00-05:00,2026-03-04 10:30:00-05:00,lower,24941.597178820455,2026-02-04 11:49:00-05:00
2083_upper,2083,2026-02-05,2026-02-05 10:30:00-05:00,2026-03-05 10:30:00-05:00,upper,25236.909162966727,2026-02-08 18:04:00-05:00
2083_lower,2083,2026-02-05,2026-02-05 10:30:00-05:00,2026-03-05 10:30:00-05:00,lower,24288.715837033273,2026-02-05 19:03:00-05:00
2084_upper,2084,2026-02-06,2026-02-06 10:30:00-05:00,2026-03-06 10:30:00-05:00,upper,25210.350510208315,2026-02-06 15:51:00-05:00
2084_lower,2084,2026-02-06,2026-02-06 10:30:00-05:00,2026-03-06 10:30:00-05:00,lower,24392.524489791685,2026-03-03 06:20:00-05:00
2085_upper,2085,2026-02-09,2026-02-09 10:30:00-05:00,2026-03-09 10:30:00-04:00,upper,25464.58737656062,2026-02-11 09:31:00-05:00
2085_lower,2085,2026-02-09,2026-02-09 10:30:00-05:00,2026-03-09 10:30:00-04:00,lower,24697.91262343938,2026-02-13 00:40:00-05:00
2086_upper,2086,2026-02-10,2026-02-10 10:30:00-05:00,2026-03-10 10:30:00-04:00,upper,25665.31976270851,
2086_lower,2086,2026-02-10,2026-02-10 10:30:00-05:00,2026-03-10 10:30:00-04:00,lower,25062.68023729149,2026-02-11 10:26:00-05:00
2087_upper,2087,2026-02-11,2026-02-11 10:30:00-05:00,2026-03-11 10:30:00-04:00,upper,25807.660092019083,
2087_lower,2087,2026-02-11,2026-02-11 10:30:00-05:00,2026-03-11 10:30:00-04:00,lower,24872.589907980917,2026-02-12 11:21:00-05:00
2088_upper,2088,2026-02-12,2026-02-12 10:30:00-05:00,2026-03-12 10:30:00-04:00,upper,25641.131961170602,
2088_lower,2088,2026-02-12,2026-02-12 10:30:00-05:00,2026-03-12 10:30:00-04:00,lower,24986.243038829398,2026-02-12 11:05:00-05:00
2089_upper,2089,2026-02-13,2026-02-13 10:30:00-05:00,2026-03-13 10:30:00-04:00,upper,25165.195956851036,2026-02-25 08:56:00-05:00
2089_lower,2089,2026-02-13,2026-02-13 10:30:00-05:00,2026-03-13 10:30:00-04:00,lower,24315.179043148964,2026-03-08 18:01:00-04:00
2090_upper,2090,2026-02-16,2026-02-16 10:30:00-05:00,2026-03-16 10:30:00-04:00,upper,25017.587978054784,2026-02-18 10:04:00-05:00
2090_lower,2090,2026-02-16,2026-02-16 10:30:00-05:00,2026-03-16 10:30:00-04:00,lower,24490.287021945216,2026-02-17 09:59:00-05:00
2091_upper,2091,2026-02-17,2026-02-17 10:30:00-05:00,2026-03-17 10:30:00-04:00,upper,25104.323742852415,2026-02-18 11:05:00-05:00
2091_lower,2091,2026-02-17,2026-02-17 10:30:00-05:00,2026-03-17 10:30:00-04:00,lower,24193.926257147585,2026-03-08 19:47:00-04:00
2092_upper,2092,2026-02-18,2026-02-18 10:30:00-05:00,2026-03-18 10:30:00-04:00,upper,25285.18911837964,2026-02-25 09:45:00-05:00
2092_lower,2092,2026-02-18,2026-02-18 10:30:00-05:00,2026-03-18 10:30:00-04:00,lower,24437.31088162036,2026-03-03 05:08:00-05:00
2093_upper,2093,2026-02-19,2026-02-19 10:30:00-05:00,2026-03-19 10:30:00-04:00,upper,25167.95700004568,2026-02-25 09:09:00-05:00
2093_lower,2093,2026-02-19,2026-02-19 10:30:00-05:00,2026-03-19 10:30:00-04:00,lower,24525.54299995432,2026-03-02 03:00:00-05:00
2094_upper,2094,2026-02-20,2026-02-20 10:30:00-05:00,2026-03-20 10:30:00-04:00,upper,25282.477365325394,2026-02-25 09:45:00-05:00
2094_lower,2094,2026-02-20,2026-02-20 10:30:00-05:00,2026-03-20 10:30:00-04:00,lower,24313.522634674606,2026-03-08 18:01:00-04:00
2095_upper,2095,2026-02-23,2026-02-23 10:30:00-05:00,2026-03-23 10:30:00-04:00,upper,25282.25672213505,2026-02-25 09:45:00-05:00
2095_lower,2095,2026-02-23,2026-02-23 10:30:00-05:00,2026-03-23 10:30:00-04:00,lower,24638.99327786495,2026-03-01 18:00:00-05:00
2096_upper,2096,2026-02-24,2026-02-24 10:30:00-05:00,2026-03-24 10:30:00-04:00,upper,25265.684726979584,2026-02-25 09:41:00-05:00
2096_lower,2096,2026-02-24,2026-02-24 10:30:00-05:00,2026-03-24 10:30:00-04:00,lower,24397.065273020416,2026-03-03 05:33:00-05:00
2097_upper,2097,2026-02-25,2026-02-25 10:30:00-05:00,2026-03-25 10:30:00-04:00,upper,25541.41068370437,
2097_lower,2097,2026-02-25,2026-02-25 10:30:00-05:00,2026-03-25 10:30:00-04:00,lower,24878.08931629563,2026-02-26 10:34:00-05:00
2098_upper,2098,2026-02-26,2026-02-26 10:30:00-05:00,2026-03-26 10:30:00-04:00,upper,25733.646120679943,
2098_lower,2098,2026-02-26,2026-02-26 10:30:00-05:00,2026-03-26 10:30:00-04:00,lower,24721.853879320057,2026-03-01 18:00:00-05:00
2099_upper,2099,2026-02-27,2026-02-27 10:30:00-05:00,2026-03-27 10:30:00-04:00,upper,25180.391708561594,2026-03-04 12:54:00-05:00
2099_lower,2099,2026-02-27,2026-02-27 10:30:00-05:00,2026-03-27 10:30:00-04:00,lower,24524.608291438406,2026-03-02 03:00:00-05:00
2100_upper,2100,2026-03-02,2026-03-02 10:30:00-05:00,2026-03-30 10:30:00-04:00,upper,25144.448796601882,2026-03-04 10:29:00-05:00
2100_lower,2100,2026-03-02,2026-03-02 10:30:00-05:00,2026-03-30 10:30:00-04:00,lower,24276.426203398118,2026-03-08 18:02:00-04:00
2101_upper,2101,2026-03-03,2026-03-03 10:30:00-05:00,2026-03-31 10:30:00-04:00,upper,24944.10500304462,2026-03-04 09:30:00-05:00
2101_lower,2101,2026-03-03,2026-03-03 10:30:00-05:00,2026-03-31 10:30:00-04:00,lower,24097.51999695538,2026-03-08 20:55:00-04:00
2102_upper,2102,2026-03-04,2026-03-04 10:30:00-05:00,2026-04-01 10:30:00-04:00,upper,25377.135888026627,
2102_lower,2102,2026-03-04,2026-03-04 10:30:00-05:00,2026-04-01 10:30:00-04:00,lower,24463.614111973373,2026-03-08 18:00:00-04:00
2103_upper,2103,2026-03-05,2026-03-05 10:30:00-05:00,2026-04-02 10:30:00-04:00,upper,25423.323738784613,
2103_lower,2103,2026-03-05,2026-03-05 10:30:00-05:00,2026-04-02 10:30:00-04:00,lower,24641.926261215387,2026-03-06 08:54:00-05:00
2104_upper,2104,2026-03-06,2026-03-06 10:30:00-05:00,2026-04-06 10:30:00-04:00,upper,25098.073961770402,2026-03-10 04:05:00-04:00
2104_lower,2104,2026-03-06,2026-03-06 10:30:00-05:00,2026-04-06 10:30:00-04:00,lower,24313.926038229598,2026-03-08 18:01:00-04:00
2105_upper,2105,2026-03-09,2026-03-09 10:30:00-04:00,2026-04-07 10:30:00-04:00,upper,24852.79798791416,2026-03-09 15:21:00-04:00
2105_lower,2105,2026-03-09,2026-03-09 10:30:00-04:00,2026-04-07 10:30:00-04:00,lower,23998.57701208584,2026-03-20 15:37:00-04:00
2106_upper,2106,2026-03-10,2026-03-10 10:30:00-04:00,2026-04-08 10:30:00-04:00,upper,25366.27667572586,
2106_lower,2106,2026-03-10,2026-03-10 10:30:00-04:00,2026-04-08 10:30:00-04:00,lower,24611.72332427414,2026-03-12 10:32:00-04:00
2107_upper,2107,2026-03-11,2026-03-11 10:30:00-04:00,2026-04-09 10:30:00-04:00,upper,25437.972703167026,
2107_lower,2107,2026-03-11,2026-03-11 10:30:00-04:00,2026-04-09 10:30:00-04:00,lower,24676.152296832974,2026-03-12 09:53:00-04:00
2108_upper,2108,2026-03-12,2026-03-12 10:30:00-04:00,2026-04-10 10:30:00-04:00,upper,25136.352375280207,2026-03-17 23:55:00-04:00
2108_lower,2108,2026-03-12,2026-03-12 10:30:00-04:00,2026-04-10 10:30:00-04:00,lower,24363.272624719793,2026-03-13 13:50:00-04:00
2109_upper,2109,2026-03-13,2026-03-13 10:30:00-04:00,2026-04-13 10:30:00-04:00,upper,25071.551789707803,2026-03-17 09:34:00-04:00
2109_lower,2109,2026-03-13,2026-03-13 10:30:00-04:00,2026-04-13 10:30:00-04:00,lower,24282.073210292197,2026-03-15 18:00:00-04:00
2110_upper,2110,2026-03-16,2026-03-16 10:30:00-04:00,2026-04-14 10:30:00-04:00,upper,25246.85172069246,2026-04-08 08:04:00-04:00
2110_lower,2110,2026-03-16,2026-03-16 10:30:00-04:00,2026-04-14 10:30:00-04:00,lower,24530.64827930754,2026-03-19 04:35:00-04:00
2111_upper,2111,2026-03-17,2026-03-17 10:30:00-04:00,2026-04-15 10:30:00-04:00,upper,25351.036753614317,2026-04-10 08:29:00-04:00
2111_lower,2111,2026-03-17,2026-03-17 10:30:00-04:00,2026-04-15 10:30:00-04:00,lower,24690.213246385683,2026-03-18 15:41:00-04:00
2112_upper,2112,2026-03-18,2026-03-18 10:30:00-04:00,2026-04-16 10:30:00-04:00,upper,25260.302063122832,2026-04-09 12:03:00-04:00
2112_lower,2112,2026-03-18,2026-03-18 10:30:00-04:00,2026-04-16 10:30:00-04:00,lower,24572.947936877168,2026-03-18 16:26:00-04:00
2113_upper,2113,2026-03-19,2026-03-19 10:30:00-04:00,2026-04-17 10:30:00-04:00,upper,24823.058580106346,2026-04-07 18:39:00-04:00
2113_lower,2113,2026-03-19,2026-03-19 10:30:00-04:00,2026-04-17 10:30:00-04:00,lower,24041.941419893654,2026-03-20 15:32:00-04:00
2114_upper,2114,2026-03-20,2026-03-20 10:30:00-04:00,2026-04-20 10:30:00-04:00,upper,24830.836220451238,2026-04-07 18:39:00-04:00
2114_lower,2114,2026-03-20,2026-03-20 10:30:00-04:00,2026-04-20 10:30:00-04:00,lower,24022.288779548762,2026-03-20 15:35:00-04:00
2115_upper,2115,2026-03-23,2026-03-23 10:30:00-04:00,2026-04-21 10:30:00-04:00,upper,24961.12286212304,2026-04-07 19:02:00-04:00
2115_lower,2115,2026-03-23,2026-03-23 10:30:00-04:00,2026-04-21 10:30:00-04:00,lower,24092.50213787696,2026-03-26 08:01:00-04:00
2116_upper,2116,2026-03-24,2026-03-24 10:30:00-04:00,2026-04-22 10:30:00-04:00,upper,24611.586929197405,2026-04-07 18:00:00-04:00
2116_lower,2116,2026-03-24,2026-03-24 10:30:00-04:00,2026-04-22 10:30:00-04:00,lower,23868.413070802595,2026-03-26 13:58:00-04:00
2117_upper,2117,2026-03-25,2026-03-25 10:30:00-04:00,2026-04-23 10:30:00-04:00,upper,24821.099064629943,2026-04-07 18:38:00-04:00
2117_lower,2117,2026-03-25,2026-03-25 10:30:00-04:00,2026-04-23 10:30:00-04:00,lower,24036.400935370057,2026-03-26 10:55:00-04:00
2118_upper,2118,2026-03-26,2026-03-26 10:30:00-04:00,2026-04-24 10:30:00-04:00,upper,24513.779244737085,2026-04-07 18:00:00-04:00
2118_lower,2118,2026-03-26,2026-03-26 10:30:00-04:00,2026-04-24 10:30:00-04:00,lower,23795.720755262915,2026-03-26 15:53:00-04:00
2119_upper,2119,2026-03-27,2026-03-27 10:30:00-04:00,2026-04-27 10:30:00-04:00,upper,24004.551024582608,2026-03-31 19:36:00-04:00
2119_lower,2119,2026-03-27,2026-03-27 10:30:00-04:00,2026-04-27 10:30:00-04:00,lower,23208.448975417392,2026-03-29 18:00:00-04:00
2120_upper,2120,2026-03-30,2026-03-30 10:30:00-04:00,2026-04-28 10:30:00-04:00,upper,23917.889494860174,2026-03-31 15:40:00-04:00
2120_lower,2120,2026-03-30,2026-03-30 10:30:00-04:00,2026-04-28 10:30:00-04:00,lower,23006.360505139826,2026-03-30 20:15:00-04:00
2121_upper,2121,2026-03-31,2026-03-31 10:30:00-04:00,2026-04-29 10:30:00-04:00,upper,23848.286439272648,2026-03-31 12:43:00-04:00
2121_lower,2121,2026-03-31,2026-03-31 10:30:00-04:00,2026-04-29 10:30:00-04:00,lower,23013.213560727352,
2122_upper,2122,2026-04-01,2026-04-01 10:30:00-04:00,2026-04-30 10:30:00-04:00,upper,24456.712418543626,2026-04-07 18:00:00-04:00
2122_lower,2122,2026-04-01,2026-04-01 10:30:00-04:00,2026-04-30 10:30:00-04:00,lower,23758.037581456374,2026-04-02 01:49:00-04:00
2123_upper,2123,2026-04-02,2026-04-02 10:30:00-04:00,2026-05-01 10:30:00-04:00,upper,24260.846208158193,2026-04-02 10:37:00-04:00
2123_lower,2123,2026-04-02,2026-04-02 10:30:00-04:00,2026-05-01 10:30:00-04:00,lower,23343.778791841807,
2124_upper,2124,2026-04-06,2026-04-06 10:30:00-04:00,2026-05-04 10:30:00-04:00,upper,24674.293099971626,2026-04-07 18:32:00-04:00
2124_lower,2124,2026-04-06,2026-04-06 10:30:00-04:00,2026-05-04 10:30:00-04:00,lower,23939.956900028374,
2125_upper,2125,2026-04-07,2026-04-07 10:30:00-04:00,2026-05-05 10:30:00-04:00,upper,24647.702189294603,2026-04-07 18:00:00-04:00
2125_lower,2125,2026-04-07,2026-04-07 10:30:00-04:00,2026-05-05 10:30:00-04:00,lower,23746.797810705397,
2126_upper,2126,2026-04-08,2026-04-08 10:30:00-04:00,2026-05-06 10:30:00-04:00,upper,25569.522933036693,2026-04-13 16:35:00-04:00
2126_lower,2126,2026-04-08,2026-04-08 10:30:00-04:00,2026-05-06 10:30:00-04:00,lower,24774.852066963307,
2127_upper,2127,2026-04-09,2026-04-09 10:30:00-04:00,2026-05-07 10:30:00-04:00,upper,25362.139015600347,2026-04-10 08:29:00-04:00
2127_lower,2127,2026-04-09,2026-04-09 10:30:00-04:00,2026-05-07 10:30:00-04:00,lower,24756.485984399653,
2128_upper,2128,2026-04-10,2026-04-10 10:30:00-04:00,2026-05-08 10:30:00-04:00,upper,25571.380715930216,2026-04-13 16:36:00-04:00
2128_lower,2128,2026-04-10,2026-04-10 10:30:00-04:00,2026-05-08 10:30:00-04:00,lower,25062.494284069784,2026-04-12 18:00:00-04:00
2129_upper,2129,2026-04-13,2026-04-13 10:30:00-04:00,2026-05-11 10:30:00-04:00,upper,25536.03598625753,2026-04-13 15:55:00-04:00
2129_lower,2129,2026-04-13,2026-04-13 10:30:00-04:00,2026-05-11 10:30:00-04:00,lower,24926.21401374247,
2130_upper,2130,2026-04-14,2026-04-14 10:30:00-04:00,2026-05-12 10:30:00-04:00,upper,25985.009924295307,2026-04-14 15:24:00-04:00
2130_lower,2130,2026-04-14,2026-04-14 10:30:00-04:00,2026-05-12 10:30:00-04:00,lower,25402.990075704693,
2131_upper,2131,2026-04-15,2026-04-15 10:30:00-04:00,2026-05-13 10:30:00-04:00,upper,26331.487705611675,2026-04-15 15:27:00-04:00
2131_lower,2131,2026-04-15,2026-04-15 10:30:00-04:00,2026-05-13 10:30:00-04:00,lower,25752.387294388325,
2132_upper,2132,2026-04-16,2026-04-16 10:30:00-04:00,2026-05-14 10:30:00-04:00,upper,26708.388394888916,2026-04-17 08:49:00-04:00
2132_lower,2132,2026-04-16,2026-04-16 10:30:00-04:00,2026-05-14 10:30:00-04:00,lower,26094.986605111084,
2133_upper,2133,2026-04-17,2026-04-17 10:30:00-04:00,2026-05-15 10:30:00-04:00,upper,26980.28476200274,2026-04-22 10:26:00-04:00
2133_lower,2133,2026-04-17,2026-04-17 10:30:00-04:00,2026-05-15 10:30:00-04:00,lower,26414.96523799726,
2134_upper,2134,2026-04-20,2026-04-20 10:30:00-04:00,2026-05-18 10:30:00-04:00,upper,27036.791276059725,2026-04-22 13:21:00-04:00
2134_lower,2134,2026-04-20,2026-04-20 10:30:00-04:00,2026-05-18 10:30:00-04:00,lower,26531.458723940275,
2135_upper,2135,2026-04-21,2026-04-21 10:30:00-04:00,2026-05-19 10:30:00-04:00,upper,27109.291394738728,2026-04-22 16:02:00-04:00
2135_lower,2135,2026-04-21,2026-04-21 10:30:00-04:00,2026-05-19 10:30:00-04:00,lower,26504.708605261272,
2136_upper,2136,2026-04-22,2026-04-22 10:30:00-04:00,2026-05-20 10:30:00-04:00,upper,27221.626279666394,2026-04-24 07:04:00-04:00
2136_lower,2136,2026-04-22,2026-04-22 10:30:00-04:00,2026-05-20 10:30:00-04:00,lower,26563.248720333606,
2137_upper,2137,2026-04-23,2026-04-23 10:30:00-04:00,2026-05-21 10:30:00-04:00,upper,27312.85549416,2026-04-24 07:21:00-04:00
2137_lower,2137,2026-04-23,2026-04-23 10:30:00-04:00,2026-05-21 10:30:00-04:00,lower,26735.26950584,2026-04-23 13:45:00-04:00
2138_upper,2138,2026-04-24,2026-04-24 10:30:00-04:00,2026-05-22 10:30:00-04:00,upper,27498.241688570124,2026-04-26 21:01:00-04:00
2138_lower,2138,2026-04-24,2026-04-24 10:30:00-04:00,2026-05-22 10:30:00-04:00,lower,26910.508311429876,
2139_upper,2139,2026-04-27,2026-04-27 10:30:00-04:00,2026-05-25 10:30:00-04:00,upper,27677.29272904733,2026-05-01 09:31:00-04:00
2139_lower,2139,2026-04-27,2026-04-27 10:30:00-04:00,2026-05-25 10:30:00-04:00,lower,27100.20727095267,2026-04-28 07:41:00-04:00
2140_upper,2140,2026-04-28,2026-04-28 10:30:00-04:00,2026-05-26 10:30:00-04:00,upper,27475.324367485722,2026-04-29 18:16:00-04:00
2140_lower,2140,2026-04-28,2026-04-28 10:30:00-04:00,2026-05-26 10:30:00-04:00,lower,26845.800632514278,
2141_upper,2141,2026-04-29,2026-04-29 10:30:00-04:00,2026-05-27 10:30:00-04:00,upper,27493.488736699335,2026-04-29 18:19:00-04:00
2141_lower,2141,2026-04-29,2026-04-29 10:30:00-04:00,2026-05-27 10:30:00-04:00,lower,26913.886263300665,
2142_upper,2142,2026-04-30,2026-04-30 10:30:00-04:00,2026-05-28 10:30:00-04:00,upper,27843.343088070986,2026-05-01 09:55:00-04:00
2142_lower,2142,2026-04-30,2026-04-30 10:30:00-04:00,2026-05-28 10:30:00-04:00,lower,26975.281911929014,
2143_upper,2143,2026-05-01,2026-05-01 10:30:00-04:00,2026-05-29 10:30:00-04:00,upper,28084.75260489501,2026-05-05 09:45:00-04:00
2143_lower,2143,2026-05-01,2026-05-01 10:30:00-04:00,2026-05-29 10:30:00-04:00,lower,27311.49739510499,
2144_upper,2144,2026-05-04,2026-05-04 10:30:00-04:00,2026-06-01 10:30:00-04:00,upper,28106.948868660696,2026-05-05 09:50:00-04:00
2144_lower,2144,2026-05-04,2026-05-04 10:30:00-04:00,2026-06-01 10:30:00-04:00,lower,27608.301131339304,
2145_upper,2145,2026-05-05,2026-05-05 10:30:00-04:00,2026-06-02 10:30:00-04:00,upper,28328.54548620839,2026-05-05 18:52:00-04:00
2145_lower,2145,2026-05-05,2026-05-05 10:30:00-04:00,2026-06-02 10:30:00-04:00,lower,27712.45451379161,
2146_upper,2146,2026-05-06,2026-05-06 10:30:00-04:00,2026-06-03 10:30:00-04:00,upper,28711.261734817595,2026-05-06 15:57:00-04:00
2146_lower,2146,2026-05-06,2026-05-06 10:30:00-04:00,2026-06-03 10:30:00-04:00,lower,28099.238265182405,
2147_upper,2147,2026-05-07,2026-05-07 10:30:00-04:00,2026-06-04 10:30:00-04:00,upper,29104.591732121746,2026-05-08 09:59:00-04:00
2147_lower,2147,2026-05-07,2026-05-07 10:30:00-04:00,2026-06-04 10:30:00-04:00,lower,28450.658267878254,
2148_upper,2148,2026-05-08,2026-05-08 10:30:00-04:00,2026-06-05 10:30:00-04:00,upper,29353.946878476305,2026-05-08 16:01:00-04:00
2148_lower,2148,2026-05-08,2026-05-08 10:30:00-04:00,2026-06-05 10:30:00-04:00,lower,28537.303121523695,
2149_upper,2149,2026-05-11,2026-05-11 10:30:00-04:00,2026-06-07 19:59:00-04:00,upper,29632.710773516577,2026-05-13 19:05:00-04:00
2149_lower,2149,2026-05-11,2026-05-11 10:30:00-04:00,2026-06-07 19:59:00-04:00,lower,29027.164226483423,2026-05-12 10:31:00-04:00
2150_upper,2150,2026-05-12,2026-05-12 10:30:00-04:00,2026-06-07 19:59:00-04:00,upper,29573.27326212223,2026-05-13 18:16:00-04:00
2150_lower,2150,2026-05-12,2026-05-12 10:30:00-04:00,2026-06-07 19:59:00-04:00,lower,28812.60173787777,2026-05-12 12:00:00-04:00
2151_upper,2151,2026-05-13,2026-05-13 10:30:00-04:00,2026-06-07 19:59:00-04:00,upper,29585.9332553466,2026-05-13 18:45:00-04:00
2151_lower,2151,2026-05-13,2026-05-13 10:30:00-04:00,2026-06-07 19:59:00-04:00,lower,28882.3167446534,2026-05-18 12:28:00-04:00
2152_upper,2152,2026-05-14,2026-05-14 10:30:00-04:00,2026-06-07 19:59:00-04:00,upper,29885.25961309063,2026-05-24 20:23:00-04:00
2152_lower,2152,2026-05-14,2026-05-14 10:30:00-04:00,2026-06-07 19:59:00-04:00,lower,29162.61538690937,2026-05-15 08:30:00-04:00
2153_upper,2153,2026-05-15,2026-05-15 10:30:00-04:00,2026-06-07 19:59:00-04:00,upper,29660.08324655374,2026-05-22 04:20:00-04:00
2153_lower,2153,2026-05-15,2026-05-15 10:30:00-04:00,2026-06-07 19:59:00-04:00,lower,28854.16675344626,2026-05-18 12:30:00-04:00
2154_upper,2154,2026-05-18,2026-05-18 10:30:00-04:00,2026-06-07 19:59:00-04:00,upper,29658.758983377244,2026-05-22 04:20:00-04:00
2154_lower,2154,2026-05-18,2026-05-18 10:30:00-04:00,2026-06-07 19:59:00-04:00,lower,28921.741016622756,2026-05-18 12:26:00-04:00
2155_upper,2155,2026-05-19,2026-05-19 10:30:00-04:00,2026-06-07 19:59:00-04:00,upper,29348.287359538626,2026-05-20 11:15:00-04:00
2155_lower,2155,2026-05-19,2026-05-19 10:30:00-04:00,2026-06-07 19:59:00-04:00,lower,28367.462640461374,
2156_upper,2156,2026-05-20,2026-05-20 10:30:00-04:00,2026-06-07 19:59:00-04:00,upper,29473.47586136976,2026-05-21 13:22:00-04:00
2156_lower,2156,2026-05-20,2026-05-20 10:30:00-04:00,2026-06-07 19:59:00-04:00,lower,28729.27413863024,
2157_upper,2157,2026-05-21,2026-05-21 10:30:00-04:00,2026-06-07 19:59:00-04:00,upper,29569.990998732355,2026-05-21 19:51:00-04:00
2157_lower,2157,2026-05-21,2026-05-21 10:30:00-04:00,2026-06-07 19:59:00-04:00,lower,28880.759001267645,2026-06-05 16:05:00-04:00
2158_upper,2158,2026-05-22,2026-05-22 10:30:00-04:00,2026-06-07 19:59:00-04:00,upper,29939.81246824024,2026-05-24 21:31:00-04:00
2158_lower,2158,2026-05-22,2026-05-22 10:30:00-04:00,2026-06-07 19:59:00-04:00,lower,29243.06253175976,2026-06-05 14:27:00-04:00
2159_upper,2159,2026-05-25,2026-05-25 10:30:00-04:00,2026-06-07 19:59:00-04:00,upper,30176.358996436476,2026-05-27 04:15:00-04:00
2159_lower,2159,2026-05-25,2026-05-25 10:30:00-04:00,2026-06-07 19:59:00-04:00,lower,29729.766003563524,2026-06-05 11:14:00-04:00
2160_upper,2160,2026-05-26,2026-05-26 10:30:00-04:00,2026-06-07 19:59:00-04:00,upper,30301.1858500179,2026-05-27 08:19:00-04:00
2160_lower,2160,2026-05-26,2026-05-26 10:30:00-04:00,2026-06-07 19:59:00-04:00,lower,29556.1891499821,2026-06-05 12:16:00-04:00
2161_upper,2161,2026-05-27,2026-05-27 10:30:00-04:00,2026-06-07 19:59:00-04:00,upper,30528.042438560115,2026-05-29 10:00:00-04:00
2161_lower,2161,2026-05-27,2026-05-27 10:30:00-04:00,2026-06-07 19:59:00-04:00,lower,29699.582561439885,2026-06-05 11:23:00-04:00
2162_upper,2162,2026-05-28,2026-05-28 10:30:00-04:00,2026-06-07 19:59:00-04:00,upper,30430.37245952778,2026-05-29 09:37:00-04:00
2162_lower,2162,2026-05-28,2026-05-28 10:30:00-04:00,2026-06-07 19:59:00-04:00,lower,29676.25254047222,2026-06-05 11:37:00-04:00
2163_upper,2163,2026-05-29,2026-05-29 10:30:00-04:00,2026-06-07 19:59:00-04:00,upper,30727.034742440974,2026-06-02 16:04:00-04:00
2163_lower,2163,2026-05-29,2026-05-29 10:30:00-04:00,2026-06-07 19:59:00-04:00,lower,30096.965257559026,2026-06-04 21:21:00-04:00
2164_upper,2164,2026-06-01,2026-06-01 10:30:00-04:00,2026-06-07 19:59:00-04:00,upper,30660.019358738784,2026-06-01 13:43:00-04:00
2164_lower,2164,2026-06-01,2026-06-01 10:30:00-04:00,2026-06-07 19:59:00-04:00,lower,30062.605641261216,2026-06-04 21:25:00-04:00
2165_upper,2165,2026-06-02,2026-06-02 10:30:00-04:00,2026-06-07 19:59:00-04:00,upper,30891.21754109164,
2165_lower,2165,2026-06-02,2026-06-02 10:30:00-04:00,2026-06-07 19:59:00-04:00,lower,30201.28245890836,2026-06-04 07:36:00-04:00
2166_upper,2166,2026-06-03,2026-06-03 10:30:00-04:00,2026-06-07 19:59:00-04:00,upper,31112.326749332235,
2166_lower,2166,2026-06-03,2026-06-03 10:30:00-04:00,2026-06-07 19:59:00-04:00,lower,30294.298250667765,2026-06-04 05:05:00-04:00
2167_upper,2167,2026-06-04,2026-06-04 10:30:00-04:00,2026-06-07 19:59:00-04:00,upper,30598.76207286687,2026-06-04 15:30:00-04:00
2167_lower,2167,2026-06-04,2026-06-04 10:30:00-04:00,2026-06-07 19:59:00-04:00,lower,29927.23792713313,2026-06-05 09:45:00-04:00
2168_upper,2168,2026-06-05,2026-06-05 10:30:00-04:00,2026-06-07 19:59:00-04:00,upper,30405.737161323832,
2168_lower,2168,2026-06-05,2026-06-05 10:30:00-04:00,2026-06-07 19:59:00-04:00,lower,29559.262838676168,2026-06-05 12:16:00-04:00
