level_id,session_date,created_at,expiry_at,physical_touch,side,eligibility,skip_reason,position_state,sal_state,entry_time,exit_time,entry_price,exit_price,anchor,cap,exit_reason,pnl
1_lower,2023-06-02,2023-06-02 10:00:00-04:00,2023-06-30 10:00:00-04:00,2023-06-14 20:51:00-04:00,lower,skipped,simultaneous_collision,flat,inactive,,,,,,,,
0_lower,2023-06-15,2023-06-01 10:00:00-04:00,2023-06-29 10:00:00-04:00,2023-06-14 20:51:00-04:00,lower,executed,,flat,inactive,2023-06-14 20:51:00-04:00,2023-06-14 21:14:00-04:00,1951.2113748550169,1947.4613748550169,2.5,3.75,SL,-3.75
6_lower,2023-06-09,2023-06-09 10:00:00-04:00,2023-07-07 10:00:00-04:00,2023-06-14 21:33:00-04:00,lower,skipped,SAL,n/a,active,,,,,,,,
5_lower,2023-06-08,2023-06-08 10:00:00-04:00,2023-07-06 10:00:00-04:00,2023-06-14 21:34:00-04:00,lower,skipped,SAL,n/a,active,,,,,,,,
9_lower,2023-06-14,2023-06-14 10:00:00-04:00,2023-07-12 10:00:00-04:00,2023-06-14 21:59:00-04:00,lower,skipped,SAL,n/a,active,,,,,,,,
3_lower,2023-06-06,2023-06-06 10:00:00-04:00,2023-07-04 10:00:00-04:00,2023-06-15 01:11:00-04:00,lower,skipped,SAL,n/a,active,,,,,,,,
4_lower,2023-06-07,2023-06-07 10:00:00-04:00,2023-07-05 10:00:00-04:00,2023-06-15 01:11:00-04:00,lower,skipped,SAL,n/a,active,,,,,,,,
7_lower,2023-06-12,2023-06-12 10:00:00-04:00,2023-07-10 10:00:00-04:00,2023-06-15 07:56:00-04:00,lower,skipped,SAL,n/a,active,,,,,,,,
8_lower,2023-06-13,2023-06-13 10:00:00-04:00,2023-07-11 10:00:00-04:00,2023-06-15 08:12:00-04:00,lower,skipped,SAL,n/a,active,,,,,,,,
11_lower,2023-06-20,2023-06-16 10:00:00-04:00,2023-07-14 10:00:00-04:00,2023-06-20 09:56:00-04:00,lower,executed,,flat,inactive,2023-06-20 09:56:00-04:00,2023-06-20 10:46:00-04:00,1942.4627720308147,1942.4627720308147,10.899999999999864,16.349999999999795,BE,0.0
12_lower,2023-06-21,2023-06-19 10:00:00-04:00,2023-07-17 10:00:00-04:00,2023-06-21 08:22:00-04:00,lower,executed,,flat,inactive,2023-06-21 08:22:00-04:00,2023-06-21 08:30:00-04:00,1939.8963271758207,1943.196327175821,2.2000000000000455,3.300000000000068,TP,3.300000000000068
2_lower,2023-06-22,2023-06-05 10:00:00-04:00,2023-07-03 10:00:00-04:00,2023-06-22 09:09:00-04:00,lower,executed,,flat,inactive,2023-06-22 09:09:00-04:00,2023-06-22 10:16:00-04:00,1929.2295041565812,1929.2295041565812,8.200000000000045,12.300000000000068,BE,0.0
10_lower,2023-06-15,2023-06-15 10:00:00-04:00,2023-07-13 10:00:00-04:00,2023-06-22 11:37:00-04:00,lower,skipped,blocked_time,n/a,n/a,,,,,,,,
13_lower,2023-06-28,2023-06-20 10:00:00-04:00,2023-07-18 10:00:00-04:00,2023-06-28 02:43:00-04:00,lower,executed,,flat,inactive,2023-06-28 02:43:00-04:00,2023-06-28 03:30:00-04:00,1918.9589547338987,1918.9589547338987,1.7999999999999545,2.699999999999932,BE,0.0
16_lower,2023-06-28,2023-06-23 10:00:00-04:00,2023-07-21 10:00:00-04:00,2023-06-28 08:31:00-04:00,lower,executed,,flat,inactive,2023-06-28 08:31:00-04:00,2023-06-28 09:28:00-04:00,1914.3035197989868,1917.4535197989867,2.099999999999909,3.1499999999998636,TP,3.1499999999998636
17_lower,2023-06-29,2023-06-26 10:00:00-04:00,2023-07-24 10:00:00-04:00,2023-06-29 08:37:00-04:00,lower,executed,,flat,inactive,2023-06-29 08:37:00-04:00,2023-06-29 08:54:00-04:00,1906.9452574151808,1904.0952574151806,1.900000000000091,2.8500000000001364,SL,-2.8500000000001364
14_lower,2023-06-21,2023-06-21 10:00:00-04:00,2023-07-19 10:00:00-04:00,2023-06-29 08:53:00-04:00,lower,skipped,position_open,open,active,,,,,,,,
15_lower,2023-06-22,2023-06-22 10:00:00-04:00,2023-07-20 10:00:00-04:00,2023-06-29 09:01:00-04:00,lower,skipped,SAL,n/a,active,,,,,,,,
18_lower,2023-06-27,2023-06-27 10:00:00-04:00,2023-07-25 10:00:00-04:00,2023-06-29 09:16:00-04:00,lower,skipped,SAL,n/a,active,,,,,,,,
20_upper,2023-07-03,2023-06-29 10:00:00-04:00,2023-07-27 10:00:00-04:00,2023-07-03 09:17:00-04:00,upper,executed,,flat,inactive,2023-07-03 09:17:00-04:00,2023-07-03 15:00:00-04:00,1933.05183956402,1928.9,10.600000000000136,15.900000000000205,cutoff,4.151839564019838
23_lower,2023-07-06,2023-07-04 10:00:00-04:00,2023-08-01 10:00:00-04:00,2023-07-06 08:31:00-04:00,lower,executed,,flat,inactive,2023-07-06 08:31:00-04:00,2023-07-06 09:20:00-04:00,1912.022762603832,1916.822762603832,3.2000000000000455,4.800000000000068,TP,4.800000000000068
21_upper,2023-06-30,2023-06-30 10:00:00-04:00,2023-07-28 10:00:00-04:00,2023-07-12 08:30:00-04:00,upper,skipped,simultaneous_collision,flat,inactive,,,,,,,,
25_upper,2023-07-06,2023-07-06 10:00:00-04:00,2023-08-03 10:00:00-04:00,2023-07-12 08:30:00-04:00,upper,skipped,simultaneous_collision,flat,inactive,,,,,,,,
19_upper,2023-07-12,2023-06-28 10:00:00-04:00,2023-07-26 10:00:00-04:00,2023-07-12 08:30:00-04:00,upper,executed,,flat,inactive,2023-07-12 08:30:00-04:00,2023-07-12 08:37:00-04:00,1950.1991088366688,1954.8491088366686,3.099999999999909,4.649999999999864,SL,-4.649999999999864
27_upper,2023-07-10,2023-07-10 10:00:00-04:00,2023-08-07 10:00:00-04:00,2023-07-12 08:36:00-04:00,upper,skipped,position_open,open,active,,,,,,,,
26_upper,2023-07-07,2023-07-07 10:00:00-04:00,2023-08-04 10:00:00-04:00,2023-07-12 09:30:00-04:00,upper,skipped,SAL,n/a,active,,,,,,,,
23_upper,2023-07-04,2023-07-04 10:00:00-04:00,2023-08-01 10:00:00-04:00,2023-07-12 09:33:00-04:00,upper,skipped,SAL,n/a,active,,,,,,,,
15_upper,2023-06-22,2023-06-22 10:00:00-04:00,2023-07-20 10:00:00-04:00,2023-07-12 09:50:00-04:00,upper,skipped,SAL,n/a,active,,,,,,,,
22_upper,2023-07-03,2023-07-03 10:00:00-04:00,2023-07-31 10:00:00-04:00,2023-07-12 09:50:00-04:00,upper,skipped,SAL,n/a,active,,,,,,,,
17_upper,2023-07-13,2023-06-26 10:00:00-04:00,2023-07-24 10:00:00-04:00,2023-07-12 22:50:00-04:00,upper,executed,,flat,inactive,2023-07-12 22:50:00-04:00,2023-07-12 23:43:00-04:00,1965.354742584819,1965.354742584819,3.599999999999909,5.399999999999864,BE,-0.0
28_upper,2023-07-13,2023-07-11 10:00:00-04:00,2023-08-08 10:00:00-04:00,2023-07-13 02:27:00-04:00,upper,executed,,flat,inactive,2023-07-13 02:27:00-04:00,2023-07-13 08:30:00-04:00,1966.9303274357414,1962.1303274357417,3.199999999999818,4.799999999999727,TP,4.799999999999727
24_upper,2023-07-05,2023-07-05 10:00:00-04:00,2023-08-02 10:00:00-04:00,2023-07-13 08:30:00-04:00,upper,skipped,same_bar_reentry,reopen_blocked,inactive,,,,,,,,
16_upper,2023-06-23,2023-06-23 10:00:00-04:00,2023-07-21 10:00:00-04:00,2023-07-18 07:16:00-04:00,upper,skipped,simultaneous_collision,flat,inactive,,,,,,,,
18_upper,2023-06-27,2023-06-27 10:00:00-04:00,2023-07-25 10:00:00-04:00,2023-07-18 07:16:00-04:00,upper,skipped,simultaneous_collision,flat,inactive,,,,,,,,
14_upper,2023-07-18,2023-06-21 10:00:00-04:00,2023-07-19 10:00:00-04:00,2023-07-18 07:16:00-04:00,upper,executed,,flat,inactive,2023-07-18 07:16:00-04:00,2023-07-18 07:16:00-04:00,1971.121869165929,1975.171869165929,2.7000000000000455,4.050000000000068,SL,-4.0499999999999545
32_upper,2023-07-17,2023-07-17 10:00:00-04:00,2023-08-14 10:00:00-04:00,2023-07-18 10:00:00-04:00,upper,skipped,SAL,n/a,active,,,,,,,,
29_upper,2023-07-12,2023-07-12 10:00:00-04:00,2023-08-09 10:00:00-04:00,2023-07-18 10:23:00-04:00,upper,skipped,SAL,n/a,active,,,,,,,,
31_upper,2023-07-14,2023-07-14 10:00:00-04:00,2023-08-11 10:00:00-04:00,2023-07-18 10:42:00-04:00,upper,skipped,SAL,n/a,active,,,,,,,,
30_upper,2023-07-20,2023-07-13 10:00:00-04:00,2023-08-10 10:00:00-04:00,2023-07-19 22:58:00-04:00,upper,executed,,flat,inactive,2023-07-19 22:58:00-04:00,2023-07-20 08:26:00-04:00,1989.04766791823,1979.8976679182297,6.100000000000136,9.150000000000205,TP,9.150000000000205
34_lower,2023-07-19,2023-07-19 10:00:00-04:00,2023-08-16 10:00:00-04:00,2023-07-24 15:11:00-04:00,lower,skipped,no_cutoff,n/a,n/a,,,,,,,,
35_lower,2023-07-25,2023-07-20 10:00:00-04:00,2023-08-17 10:00:00-04:00,2023-07-25 10:00:00-04:00,lower,executed,,flat,inactive,2023-07-25 10:00:00-04:00,2023-07-25 10:17:00-04:00,1953.5794191873274,1961.5294191873272,5.2999999999999545,7.949999999999932,TP,7.949999999999932
39_lower,2023-07-27,2023-07-26 10:00:00-04:00,2023-08-23 10:00:00-04:00,2023-07-27 09:40:00-04:00,lower,executed,,flat,inactive,2023-07-27 09:40:00-04:00,2023-07-27 10:27:00-04:00,1943.5633552380057,1943.5633552380057,22.09999999999991,33.149999999999864,BE,0.0
33_lower,2023-07-18,2023-07-18 10:00:00-04:00,2023-08-15 10:00:00-04:00,2023-07-27 09:55:00-04:00,lower,skipped,position_open,open,inactive,,,,,,,,
40_upper,2023-07-28,2023-07-27 10:00:00-04:00,2023-08-24 10:00:00-04:00,2023-07-27 20:00:00-04:00,upper,executed,,flat,inactive,2023-07-27 20:00:00-04:00,2023-07-27 21:03:00-04:00,1986.3,1986.3,3.2000000000000455,4.800000000000068,BE,-0.0
38_upper,2023-07-28,2023-07-25 10:00:00-04:00,2023-08-22 10:00:00-04:00,2023-07-27 21:25:00-04:00,upper,executed,,flat,inactive,2023-07-27 21:25:00-04:00,2023-07-27 22:49:00-04:00,1986.771285472612,1989.6212854726118,1.8999999999998636,2.8499999999997954,SL,-2.849999999999909
36_upper,2023-07-21,2023-07-21 10:00:00-04:00,2023-08-18 10:00:00-04:00,2023-07-27 21:36:00-04:00,upper,skipped,position_open,open,active,,,,,,,,
37_upper,2023-07-24,2023-07-24 10:00:00-04:00,2023-08-21 10:00:00-04:00,2023-07-27 23:00:00-04:00,upper,skipped,SAL,n/a,active,,,,,,,,
39_upper,2023-07-26,2023-07-26 10:00:00-04:00,2023-08-23 10:00:00-04:00,2023-07-28 00:12:00-04:00,upper,skipped,SAL,n/a,active,,,,,,,,
33_upper,2023-07-31,2023-07-18 10:00:00-04:00,2023-08-15 10:00:00-04:00,2023-07-31 08:31:00-04:00,upper,executed,,flat,inactive,2023-07-31 08:31:00-04:00,2023-07-31 09:17:00-04:00,2002.464876050837,2002.464876050837,3.2999999999999545,4.949999999999932,BE,-0.0
34_upper,2023-07-19,2023-07-19 10:00:00-04:00,2023-08-16 10:00:00-04:00,2023-07-31 08:52:00-04:00,upper,skipped,position_open,open,inactive,,,,,,,,
35_upper,2023-07-31,2023-07-20 10:00:00-04:00,2023-08-17 10:00:00-04:00,2023-07-31 09:35:00-04:00,upper,executed,,flat,inactive,2023-07-31 09:35:00-04:00,2023-07-31 10:30:00-04:00,2006.8205808126727,2006.8205808126727,9.900000000000091,14.850000000000136,BE,-0.0
42_lower,2023-07-31,2023-07-31 10:00:00-04:00,2023-08-28 10:00:00-04:00,2023-08-01 11:15:00-04:00,lower,skipped,blocked_time,n/a,n/a,,,,,,,,
41_lower,2023-08-03,2023-07-28 10:00:00-04:00,2023-08-25 10:00:00-04:00,2023-08-02 23:07:00-04:00,lower,executed,,flat,inactive,2023-08-02 23:07:00-04:00,2023-08-02 23:52:00-04:00,1968.8565096120483,1972.306509612048,2.2999999999999545,3.449999999999932,TP,3.449999999999932
44_lower,2023-08-02,2023-08-02 10:00:00-04:00,2023-08-30 10:00:00-04:00,2023-08-04 08:30:00-04:00,lower,skipped,simultaneous_collision,flat,inactive,,,,,,,,
43_lower,2023-08-04,2023-08-01 10:00:00-04:00,2023-08-29 10:00:00-04:00,2023-08-04 08:30:00-04:00,lower,executed,,flat,inactive,2023-08-04 08:30:00-04:00,2023-08-04 08:30:00-04:00,1958.926202900775,1955.4762029007748,2.300000000000182,3.450000000000273,SL,-3.450000000000273
46_lower,2023-08-09,2023-08-04 10:00:00-04:00,2023-09-01 10:00:00-04:00,2023-08-09 10:31:00-04:00,lower,executed,,flat,inactive,2023-08-09 10:31:00-04:00,2023-08-09 15:00:00-04:00,1954.020356049074,1949.6,4.599999999999909,6.899999999999864,cutoff,-4.420356049074144
47_lower,2023-08-07,2023-08-07 10:00:00-04:00,2023-09-04 10:00:00-04:00,2023-08-09 16:33:00-04:00,lower,skipped,no_cutoff,n/a,n/a,,,,,,,,
45_lower,2023-08-03,2023-08-03 10:00:00-04:00,2023-08-31 10:00:00-04:00,2023-08-10 16:49:00-04:00,lower,skipped,no_cutoff,n/a,n/a,,,,,,,,
37_lower,2023-07-24,2023-07-24 10:00:00-04:00,2023-08-21 10:00:00-04:00,2023-08-14 08:24:00-04:00,lower,skipped,simultaneous_collision,flat,inactive,,,,,,,,
36_lower,2023-08-14,2023-07-21 10:00:00-04:00,2023-08-18 10:00:00-04:00,2023-08-14 08:24:00-04:00,lower,executed,,flat,inactive,2023-08-14 08:24:00-04:00,2023-08-14 08:42:00-04:00,1938.9049397174942,1941.3049397174946,1.6000000000001364,2.4000000000002046,TP,2.4000000000002046
49_lower,2023-08-09,2023-08-09 10:00:00-04:00,2023-09-06 10:00:00-04:00,2023-08-14 09:34:00-04:00,lower,skipped,simultaneous_collision,flat,inactive,,,,,,,,
48_lower,2023-08-14,2023-08-08 10:00:00-04:00,2023-09-05 10:00:00-04:00,2023-08-14 09:34:00-04:00,lower,executed,,flat,inactive,2023-08-14 09:34:00-04:00,2023-08-14 15:00:00-04:00,1936.0116017178557,1940.3,8.5,12.75,cutoff,4.288398282144271
50_lower,2023-08-15,2023-08-10 10:00:00-04:00,2023-09-07 10:00:00-04:00,2023-08-15 08:30:00-04:00,lower,executed,,flat,inactive,2023-08-15 08:30:00-04:00,2023-08-15 08:34:00-04:00,1929.3001656866834,1932.7501656866834,2.2999999999999545,3.449999999999932,TP,3.449999999999932
38_lower,2023-07-25,2023-07-25 10:00:00-04:00,2023-08-22 10:00:00-04:00,2023-08-15 08:31:00-04:00,lower,skipped,position_open,open,inactive,,,,,,,,
51_lower,2023-08-11,2023-08-11 10:00:00-04:00,2023-09-08 10:00:00-04:00,2023-08-16 15:30:00-04:00,lower,skipped,no_cutoff,n/a,n/a,,,,,,,,
40_lower,2023-07-27,2023-07-27 10:00:00-04:00,2023-08-24 10:00:00-04:00,2023-08-16 15:50:00-04:00,lower,skipped,no_cutoff,n/a,n/a,,,,,,,,
52_lower,2023-08-14,2023-08-14 10:00:00-04:00,2023-09-11 10:00:00-04:00,2023-08-17 13:29:00-04:00,lower,skipped,blocked_time,n/a,n/a,,,,,,,,
58_upper,2023-08-23,2023-08-22 10:00:00-04:00,2023-09-19 10:00:00-04:00,2023-08-23 09:47:00-04:00,upper,executed,,flat,inactive,2023-08-23 09:47:00-04:00,2023-08-23 15:00:00-04:00,1945.6818883203398,1945.8,6.2999999999999545,9.449999999999932,cutoff,-0.11811167966016001
57_upper,2023-08-21,2023-08-21 10:00:00-04:00,2023-09-18 10:00:00-04:00,2023-08-23 09:56:00-04:00,upper,skipped,position_open,open,active,,,,,,,,
56_upper,2023-08-18,2023-08-18 10:00:00-04:00,2023-09-15 10:00:00-04:00,2023-08-23 09:57:00-04:00,upper,skipped,position_open,open,active,,,,,,,,
54_upper,2023-08-16,2023-08-16 10:00:00-04:00,2023-09-13 10:00:00-04:00,2023-08-29 10:00:00-04:00,upper,skipped,simultaneous_collision,flat,inactive,,,,,,,,
55_upper,2023-08-17,2023-08-17 10:00:00-04:00,2023-09-14 10:00:00-04:00,2023-08-29 10:00:00-04:00,upper,skipped,simultaneous_collision,flat,inactive,,,,,,,,
53_upper,2023-08-29,2023-08-15 10:00:00-04:00,2023-09-12 10:00:00-04:00,2023-08-29 10:00:00-04:00,upper,executed,,flat,inactive,2023-08-29 10:00:00-04:00,2023-08-29 11:47:00-04:00,1957.1964961459848,1965.1464961459847,5.2999999999999545,7.949999999999932,SL,-7.949999999999818
52_upper,2023-08-14,2023-08-14 10:00:00-04:00,2023-09-11 10:00:00-04:00,2023-08-29 10:05:00-04:00,upper,skipped,position_open,open,active,,,,,,,,
61_upper,2023-08-25,2023-08-25 10:00:00-04:00,2023-09-22 10:00:00-04:00,2023-08-29 11:34:00-04:00,upper,skipped,blocked_time,n/a,n/a,,,,,,,,
60_upper,2023-08-24,2023-08-24 10:00:00-04:00,2023-09-21 10:00:00-04:00,2023-08-29 11:53:00-04:00,upper,skipped,blocked_time,n/a,n/a,,,,,,,,
62_upper,2023-08-30,2023-08-28 10:00:00-04:00,2023-09-25 10:00:00-04:00,2023-08-30 07:40:00-04:00,upper,executed,,flat,inactive,2023-08-30 07:40:00-04:00,2023-08-30 08:15:00-04:00,1966.9597289732335,1969.6597289732335,1.7999999999999545,2.699999999999932,SL,-2.7000000000000455
59_upper,2023-08-23,2023-08-23 10:00:00-04:00,2023-09-20 10:00:00-04:00,2023-08-30 08:15:00-04:00,upper,skipped,SAL,n/a,active,,,,,,,,
51_upper,2023-08-11,2023-08-11 10:00:00-04:00,2023-09-08 10:00:00-04:00,2023-08-30 08:30:00-04:00,upper,skipped,SAL,n/a,active,,,,,,,,
63_upper,2023-08-29,2023-08-29 10:00:00-04:00,2023-09-26 10:00:00-04:00,2023-09-01 08:30:00-04:00,upper,skipped,simultaneous_collision,flat,inactive,,,,,,,,
50_upper,2023-09-01,2023-08-10 10:00:00-04:00,2023-09-07 10:00:00-04:00,2023-09-01 08:30:00-04:00,upper,executed,,flat,inactive,2023-09-01 08:30:00-04:00,2023-09-01 08:44:00-04:00,1978.1998343133168,1975.3498343133167,1.900000000000091,2.8500000000001364,TP,2.8500000000001364
49_upper,2023-08-09,2023-08-09 10:00:00-04:00,2023-09-06 10:00:00-04:00,2023-09-01 08:31:00-04:00,upper,skipped,position_open,open,inactive,,,,,,,,
64_lower,2023-09-05,2023-08-30 10:00:00-04:00,2023-09-27 10:00:00-04:00,2023-09-05 10:15:00-04:00,lower,executed,,flat,inactive,2023-09-05 10:15:00-04:00,2023-09-05 15:00:00-04:00,1951.131314939158,1951.4,7.7999999999999545,11.699999999999932,cutoff,0.26868506084201726
65_lower,2023-09-06,2023-08-31 10:00:00-04:00,2023-09-28 10:00:00-04:00,2023-09-06 03:59:00-04:00,lower,executed,,flat,inactive,2023-09-06 03:59:00-04:00,2023-09-06 05:33:00-04:00,1948.056838325265,1948.056838325265,2.8999999999998636,4.349999999999795,BE,0.0
66_lower,2023-09-06,2023-09-01 10:00:00-04:00,2023-09-29 10:00:00-04:00,2023-09-06 10:01:00-04:00,lower,executed,,flat,inactive,2023-09-06 10:01:00-04:00,2023-09-06 15:00:00-04:00,1944.9604834335407,1942.5,8.5,12.75,cutoff,-2.4604834335407304
67_lower,2023-09-04,2023-09-04 10:00:00-04:00,2023-10-02 10:00:00-04:00,2023-09-06 10:02:00-04:00,lower,skipped,position_open,open,active,,,,,,,,
68_lower,2023-09-12,2023-09-05 10:00:00-04:00,2023-10-03 10:00:00-04:00,2023-09-12 08:20:00-04:00,lower,executed,,flat,inactive,2023-09-12 08:20:00-04:00,2023-09-12 15:00:00-04:00,1932.6847132450368,1936.2,4.400000000000091,6.600000000000136,cutoff,3.515286754963199
72_lower,2023-09-13,2023-09-11 10:00:00-04:00,2023-10-09 10:00:00-04:00,2023-09-13 08:30:00-04:00,lower,executed,,flat,inactive,2023-09-13 08:30:00-04:00,2023-09-13 08:33:00-04:00,1928.8069894778735,1931.5069894778737,1.800000000000182,2.700000000000273,TP,2.700000000000273
70_lower,2023-09-07,2023-09-07 10:00:00-04:00,2023-10-05 10:00:00-04:00,2023-09-14 08:30:00-04:00,lower,skipped,simultaneous_collision,flat,inactive,,,,,,,,
71_lower,2023-09-08,2023-09-08 10:00:00-04:00,2023-10-06 10:00:00-04:00,2023-09-14 08:30:00-04:00,lower,skipped,simultaneous_collision,flat,inactive,,,,,,,,
69_lower,2023-09-14,2023-09-06 10:00:00-04:00,2023-10-04 10:00:00-04:00,2023-09-14 08:30:00-04:00,lower,executed,,flat,inactive,2023-09-14 08:30:00-04:00,2023-09-14 08:51:00-04:00,1922.7008191211132,1925.550819121113,1.8999999999998636,2.8499999999997954,TP,2.8499999999997954
75_upper,2023-09-15,2023-09-14 10:00:00-04:00,2023-10-12 10:00:00-04:00,2023-09-15 09:24:00-04:00,upper,executed,,flat,inactive,2023-09-15 09:24:00-04:00,2023-09-15 15:00:00-04:00,1945.7034395555331,1945.5,4.699999999999818,7.049999999999727,cutoff,0.20343955553312298
73_upper,2023-09-12,2023-09-12 10:00:00-04:00,2023-10-10 10:00:00-04:00,2023-09-15 10:07:00-04:00,upper,skipped,position_open,open,inactive,,,,,,,,
74_upper,2023-09-19,2023-09-13 10:00:00-04:00,2023-10-11 10:00:00-04:00,2023-09-18 19:39:00-04:00,upper,executed,,flat,inactive,2023-09-18 19:39:00-04:00,2023-09-18 20:28:00-04:00,1955.9011353196834,1954.8511353196832,0.7000000000000455,1.0500000000000682,TP,1.0500000000000682
70_upper,2023-09-07,2023-09-07 10:00:00-04:00,2023-10-05 10:00:00-04:00,2023-09-20 12:53:00-04:00,upper,skipped,blocked_time,n/a,n/a,,,,,,,,
76_upper,2023-09-15,2023-09-15 10:00:00-04:00,2023-10-13 10:00:00-04:00,2023-09-20 13:20:00-04:00,upper,skipped,blocked_time,n/a,n/a,,,,,,,,
78_lower,2023-09-21,2023-09-19 10:00:00-04:00,2023-10-17 10:00:00-04:00,2023-09-21 08:44:00-04:00,lower,executed,,flat,inactive,2023-09-21 08:44:00-04:00,2023-09-21 10:31:00-04:00,1934.210787868162,1942.460787868162,5.5,8.25,TP,8.25
79_lower,2023-09-26,2023-09-20 10:00:00-04:00,2023-10-18 10:00:00-04:00,2023-09-26 08:37:00-04:00,lower,executed,,flat,inactive,2023-09-26 08:37:00-04:00,2023-09-26 09:32:00-04:00,1927.8868347940272,1923.0868347940273,3.2000000000000455,4.800000000000068,SL,-4.7999999999999545
76_lower,2023-09-15,2023-09-15 10:00:00-04:00,2023-10-13 10:00:00-04:00,2023-09-26 08:38:00-04:00,lower,skipped,position_open,open,active,,,,,,,,
77_lower,2023-09-18,2023-09-18 10:00:00-04:00,2023-10-16 10:00:00-04:00,2023-09-26 08:38:00-04:00,lower,skipped,position_open,open,active,,,,,,,,
81_lower,2023-09-22,2023-09-22 10:00:00-04:00,2023-10-20 10:00:00-04:00,2023-09-26 11:07:00-04:00,lower,skipped,blocked_time,n/a,n/a,,,,,,,,
82_lower,2023-09-25,2023-09-25 10:00:00-04:00,2023-10-23 10:00:00-04:00,2023-09-26 11:07:00-04:00,lower,skipped,blocked_time,n/a,n/a,,,,,,,,
74_lower,2023-09-27,2023-09-13 10:00:00-04:00,2023-10-11 10:00:00-04:00,2023-09-27 00:12:00-04:00,lower,executed,,flat,inactive,2023-09-27 00:12:00-04:00,2023-09-27 01:23:00-04:00,1916.3488646803166,1913.9488646803165,1.6000000000001364,2.4000000000002046,SL,-2.400000000000091
80_lower,2023-09-21,2023-09-21 10:00:00-04:00,2023-10-19 10:00:00-04:00,2023-09-27 01:23:00-04:00,lower,skipped,SAL,n/a,active,,,,,,,,
73_lower,2023-09-12,2023-09-12 10:00:00-04:00,2023-10-10 10:00:00-04:00,2023-09-27 05:43:00-04:00,lower,skipped,SAL,n/a,active,,,,,,,,
75_lower,2023-09-14,2023-09-14 10:00:00-04:00,2023-10-12 10:00:00-04:00,2023-09-27 09:44:00-04:00,lower,skipped,SAL,n/a,active,,,,,,,,
83_lower,2023-09-26,2023-09-26 10:00:00-04:00,2023-10-24 10:00:00-04:00,2023-09-27 11:10:00-04:00,lower,skipped,blocked_time,n/a,n/a,,,,,,,,
84_lower,2023-09-27,2023-09-27 10:00:00-04:00,2023-10-25 10:00:00-04:00,2023-09-28 11:01:00-04:00,lower,skipped,blocked_time,n/a,n/a,,,,,,,,
85_lower,2023-09-28,2023-09-28 10:00:00-04:00,2023-10-26 10:00:00-04:00,2023-09-29 14:16:00-04:00,lower,skipped,blocked_time,n/a,n/a,,,,,,,,
86_lower,2023-09-29,2023-09-29 10:00:00-04:00,2023-10-27 10:00:00-04:00,2023-09-29 14:17:00-04:00,lower,skipped,blocked_time,n/a,n/a,,,,,,,,
87_lower,2023-10-06,2023-10-02 10:00:00-04:00,2023-10-30 10:00:00-04:00,2023-10-06 08:30:00-04:00,lower,executed,,flat,inactive,2023-10-06 08:30:00-04:00,2023-10-06 08:57:00-04:00,1824.8361637924359,1828.2861637924357,2.2999999999999545,3.449999999999932,TP,3.449999999999932
90_upper,2023-10-05,2023-10-05 10:00:00-04:00,2023-11-02 10:00:00-04:00,2023-10-08 18:00:00-04:00,upper,skipped,no_anchor,n/a,n/a,,,,,,,,
89_upper,2023-10-04,2023-10-04 10:00:00-04:00,2023-11-01 10:00:00-04:00,2023-10-08 18:01:00-04:00,upper,skipped,no_anchor,n/a,n/a,,,,,,,,
88_upper,2023-10-03,2023-10-03 10:00:00-04:00,2023-10-31 10:00:00-04:00,2023-10-08 18:03:00-04:00,upper,skipped,no_anchor,n/a,n/a,,,,,,,,
91_upper,2023-10-06,2023-10-06 10:00:00-04:00,2023-11-03 10:00:00-04:00,2023-10-08 18:03:00-04:00,upper,skipped,no_anchor,n/a,n/a,,,,,,,,
87_upper,2023-10-02,2023-10-02 10:00:00-04:00,2023-10-30 10:00:00-04:00,2023-10-09 15:31:00-04:00,upper,skipped,no_cutoff,n/a,n/a,,,,,,,,
92_upper,2023-10-11,2023-10-09 10:00:00-04:00,2023-11-06 10:00:00-05:00,2023-10-11 06:23:00-04:00,upper,executed,,flat,inactive,2023-10-11 06:23:00-04:00,2023-10-11 06:44:00-04:00,1885.2385496355716,1888.388549635572,2.1000000000001364,3.1500000000002046,SL,-3.1500000000003183
93_upper,2023-10-12,2023-10-10 10:00:00-04:00,2023-11-07 10:00:00-05:00,2023-10-12 08:29:00-04:00,upper,executed,,flat,inactive,2023-10-12 08:29:00-04:00,2023-10-12 08:33:00-04:00,1898.0837891403273,1892.6837891403275,3.599999999999909,5.399999999999864,TP,5.399999999999864
86_upper,2023-09-29,2023-09-29 10:00:00-04:00,2023-10-27 10:00:00-04:00,2023-10-13 08:26:00-04:00,upper,skipped,simultaneous_collision,flat,inactive,,,,,,,,
94_upper,2023-10-11,2023-10-11 10:00:00-04:00,2023-11-08 10:00:00-05:00,2023-10-13 08:26:00-04:00,upper,skipped,simultaneous_collision,flat,inactive,,,,,,,,
85_upper,2023-10-13,2023-09-28 10:00:00-04:00,2023-10-26 10:00:00-04:00,2023-10-13 08:26:00-04:00,upper,executed,,flat,inactive,2023-10-13 08:26:00-04:00,2023-10-13 12:00:00-04:00,1917.6324571615273,1936.8324571615271,12.799999999999955,19.199999999999932,SL,-19.199999999999818
95_upper,2023-10-12,2023-10-12 10:00:00-04:00,2023-11-09 10:00:00-05:00,2023-10-13 08:27:00-04:00,upper,skipped,position_open,open,active,,,,,,,,
84_upper,2023-09-27,2023-09-27 10:00:00-04:00,2023-10-25 10:00:00-04:00,2023-10-13 08:35:00-04:00,upper,skipped,position_open,open,active,,,,,,,,
83_upper,2023-10-18,2023-09-26 10:00:00-04:00,2023-10-24 10:00:00-04:00,2023-10-17 21:30:00-04:00,upper,executed,,flat,inactive,2023-10-17 21:30:00-04:00,2023-10-18 05:41:00-04:00,1949.8343173334079,1957.934317333408,5.400000000000091,8.100000000000136,SL,-8.100000000000136
96_upper,2023-10-13,2023-10-13 10:00:00-04:00,2023-11-10 10:00:00-05:00,2023-10-17 21:45:00-04:00,upper,skipped,position_open,open,active,,,,,,,,
80_upper,2023-09-21,2023-09-21 10:00:00-04:00,2023-10-19 10:00:00-04:00,2023-10-18 08:03:00-04:00,upper,skipped,SAL,n/a,active,,,,,,,,
97_upper,2023-10-16,2023-10-16 10:00:00-04:00,2023-11-13 10:00:00-05:00,2023-10-18 09:31:00-04:00,upper,skipped,SAL,n/a,active,,,,,,,,
81_upper,2023-09-22,2023-09-22 10:00:00-04:00,2023-10-20 10:00:00-04:00,2023-10-18 09:38:00-04:00,upper,skipped,SAL,n/a,active,,,,,,,,
82_upper,2023-09-25,2023-09-25 10:00:00-04:00,2023-10-23 10:00:00-04:00,2023-10-18 09:38:00-04:00,upper,skipped,SAL,n/a,active,,,,,,,,
98_upper,2023-10-17,2023-10-17 10:00:00-04:00,2023-11-14 10:00:00-05:00,2023-10-18 09:45:00-04:00,upper,skipped,SAL,n/a,active,,,,,,,,
100_upper,2023-10-20,2023-10-19 10:00:00-04:00,2023-11-16 10:00:00-05:00,2023-10-20 09:59:00-04:00,upper,executed,,flat,inactive,2023-10-20 09:59:00-04:00,2023-10-20 13:18:00-04:00,1999.9356214802538,1989.285621480254,7.099999999999909,10.649999999999864,TP,10.649999999999864
99_upper,2023-10-18,2023-10-18 10:00:00-04:00,2023-11-15 10:00:00-05:00,2023-10-20 11:03:00-04:00,upper,skipped,blocked_time,n/a,n/a,,,,,,,,
103_upper,2023-10-24,2023-10-24 10:00:00-04:00,2023-11-21 10:00:00-05:00,2023-10-27 14:03:00-04:00,upper,skipped,blocked_time,n/a,n/a,,,,,,,,
107_lower,2023-11-07,2023-10-30 10:00:00-04:00,2023-11-27 10:00:00-05:00,2023-11-07 03:55:00-05:00,lower,executed,,flat,inactive,2023-11-07 03:55:00-05:00,2023-11-07 04:41:00-05:00,1972.8148682919496,1972.8148682919496,4.0,6.0,BE,0.0
108_lower,2023-11-07,2023-10-31 10:00:00-04:00,2023-11-28 10:00:00-05:00,2023-11-07 07:09:00-05:00,lower,executed,,flat,inactive,2023-11-07 07:09:00-05:00,2023-11-07 13:26:00-05:00,1968.445150308117,1974.5951503081174,4.100000000000136,6.150000000000205,TP,6.150000000000205
112_lower,2023-11-06,2023-11-06 10:00:00-05:00,2023-12-04 10:00:00-05:00,2023-11-07 07:53:00-05:00,lower,skipped,position_open,open,inactive,,,,,,,,
111_lower,2023-11-08,2023-11-03 10:00:00-04:00,2023-12-01 10:00:00-05:00,2023-11-08 10:23:00-05:00,lower,executed,,flat,inactive,2023-11-08 10:23:00-05:00,2023-11-08 15:00:00-05:00,1961.82615762574,1954.1,6.899999999999864,10.349999999999795,cutoff,-7.726157625740143
110_lower,2023-11-02,2023-11-02 10:00:00-04:00,2023-11-30 10:00:00-05:00,2023-11-08 10:38:00-05:00,lower,skipped,position_open,open,active,,,,,,,,
106_lower,2023-10-27,2023-10-27 10:00:00-04:00,2023-11-24 10:00:00-05:00,2023-11-08 14:25:00-05:00,lower,skipped,blocked_time,n/a,n/a,,,,,,,,
104_lower,2023-10-25,2023-10-25 10:00:00-04:00,2023-11-22 10:00:00-05:00,2023-11-08 14:51:00-05:00,lower,skipped,blocked_time,n/a,n/a,,,,,,,,
105_lower,2023-10-26,2023-10-26 10:00:00-04:00,2023-11-23 10:00:00-05:00,2023-11-08 14:52:00-05:00,lower,skipped,blocked_time,n/a,n/a,,,,,,,,
109_lower,2023-11-01,2023-11-01 10:00:00-04:00,2023-11-29 10:00:00-05:00,2023-11-08 14:52:00-05:00,lower,skipped,blocked_time,n/a,n/a,,,,,,,,
101_lower,2023-11-09,2023-10-20 10:00:00-04:00,2023-11-17 10:00:00-05:00,2023-11-09 03:13:00-05:00,lower,executed,,flat,inactive,2023-11-09 03:13:00-05:00,2023-11-09 03:19:00-05:00,1951.6079641619249,1948.757964161925,1.8999999999998636,2.8499999999997954,SL,-2.849999999999909
102_lower,2023-10-23,2023-10-23 10:00:00-04:00,2023-11-20 10:00:00-05:00,2023-11-09 03:17:00-05:00,lower,skipped,position_open,open,active,,,,,,,,
113_lower,2023-11-07,2023-11-07 10:00:00-05:00,2023-12-05 10:00:00-05:00,2023-11-10 12:52:00-05:00,lower,skipped,blocked_time,n/a,n/a,,,,,,,,
103_lower,2023-10-24,2023-10-24 10:00:00-04:00,2023-11-21 10:00:00-05:00,2023-11-10 13:16:00-05:00,lower,skipped,blocked_time,n/a,n/a,,,,,,,,
114_lower,2023-11-08,2023-11-08 10:00:00-05:00,2023-12-06 10:00:00-05:00,2023-11-10 13:29:00-05:00,lower,skipped,blocked_time,n/a,n/a,,,,,,,,
117_upper,2023-11-14,2023-11-13 10:00:00-05:00,2023-12-11 10:00:00-05:00,2023-11-14 09:37:00-05:00,upper,executed,,flat,inactive,2023-11-14 09:37:00-05:00,2023-11-14 15:00:00-05:00,1968.4294961870962,1967.6,25.600000000000136,38.400000000000205,cutoff,0.8294961870963107
116_upper,2023-11-16,2023-11-10 10:00:00-05:00,2023-12-08 10:00:00-05:00,2023-11-16 09:45:00-05:00,upper,executed,,flat,inactive,2023-11-16 09:45:00-05:00,2023-11-16 15:00:00-05:00,1983.4288740324027,1986.8,9.599999999999909,14.399999999999864,cutoff,-3.3711259675972087
115_upper,2023-11-17,2023-11-09 10:00:00-05:00,2023-12-07 10:00:00-05:00,2023-11-17 04:06:00-05:00,upper,executed,,flat,inactive,2023-11-17 04:06:00-05:00,2023-11-17 09:36:00-05:00,1992.1648362958,1984.9648362957996,4.800000000000182,7.200000000000273,TP,7.200000000000273
114_upper,2023-11-21,2023-11-08 10:00:00-05:00,2023-12-06 10:00:00-05:00,2023-11-21 08:24:00-05:00,upper,executed,,flat,inactive,2023-11-21 08:24:00-05:00,2023-11-21 08:30:00-05:00,1997.7019912529595,2001.9019912529593,2.7999999999999545,4.199999999999932,SL,-4.199999999999818
113_upper,2023-11-07,2023-11-07 10:00:00-05:00,2023-12-05 10:00:00-05:00,2023-11-21 08:30:00-05:00,upper,skipped,SAL,n/a,active,,,,,,,,
119_upper,2023-11-15,2023-11-15 10:00:00-05:00,2023-12-13 10:00:00-05:00,2023-11-21 08:30:00-05:00,upper,skipped,SAL,n/a,active,,,,,,,,
118_upper,2023-11-14,2023-11-14 10:00:00-05:00,2023-12-12 10:00:00-05:00,2023-11-21 09:26:00-05:00,upper,skipped,SAL,n/a,active,,,,,,,,
122_upper,2023-11-20,2023-11-20 10:00:00-05:00,2023-12-18 10:00:00-05:00,2023-11-21 09:26:00-05:00,upper,skipped,SAL,n/a,active,,,,,,,,
120_upper,2023-11-27,2023-11-16 10:00:00-05:00,2023-12-14 10:00:00-05:00,2023-11-26 20:26:00-05:00,upper,executed,,flat,inactive,2023-11-26 20:26:00-05:00,2023-11-26 20:27:00-05:00,2013.3314118803014,2016.7814118803012,2.2999999999999545,3.449999999999932,SL,-3.449999999999818
110_upper,2023-11-02,2023-11-02 10:00:00-04:00,2023-11-30 10:00:00-05:00,2023-11-27 19:00:00-05:00,upper,skipped,simultaneous_collision,flat,inactive,,,,,,,,
111_upper,2023-11-03,2023-11-03 10:00:00-04:00,2023-12-01 10:00:00-05:00,2023-11-27 19:00:00-05:00,upper,skipped,simultaneous_collision,flat,inactive,,,,,,,,
112_upper,2023-11-06,2023-11-06 10:00:00-05:00,2023-12-04 10:00:00-05:00,2023-11-27 19:00:00-05:00,upper,skipped,simultaneous_collision,flat,inactive,,,,,,,,
121_upper,2023-11-17,2023-11-17 10:00:00-05:00,2023-12-15 10:00:00-05:00,2023-11-27 19:00:00-05:00,upper,skipped,simultaneous_collision,flat,inactive,,,,,,,,
123_upper,2023-11-21,2023-11-21 10:00:00-05:00,2023-12-19 10:00:00-05:00,2023-11-27 19:00:00-05:00,upper,skipped,simultaneous_collision,flat,inactive,,,,,,,,
124_upper,2023-11-22,2023-11-22 10:00:00-05:00,2023-12-20 10:00:00-05:00,2023-11-27 19:00:00-05:00,upper,skipped,simultaneous_collision,flat,inactive,,,,,,,,
125_upper,2023-11-23,2023-11-23 10:00:00-05:00,2023-12-21 10:00:00-05:00,2023-11-27 19:00:00-05:00,upper,skipped,simultaneous_collision,flat,inactive,,,,,,,,
126_upper,2023-11-24,2023-11-24 10:00:00-05:00,2023-12-22 10:00:00-05:00,2023-11-27 19:00:00-05:00,upper,skipped,simultaneous_collision,flat,inactive,,,,,,,,
109_upper,2023-11-28,2023-11-01 10:00:00-04:00,2023-11-29 10:00:00-05:00,2023-11-27 19:00:00-05:00,upper,executed,,flat,inactive,2023-11-27 19:00:00-05:00,2023-11-28 02:49:00-05:00,2036.3978079483077,2033.5478079483075,1.900000000000091,2.8500000000001364,TP,2.8500000000001364
127_upper,2023-11-27,2023-11-27 10:00:00-05:00,2023-12-26 10:00:00-05:00,2023-11-28 09:16:00-05:00,upper,skipped,simultaneous_collision,flat,inactive,,,,,,,,
108_upper,2023-11-28,2023-10-31 10:00:00-04:00,2023-11-28 10:00:00-05:00,2023-11-28 09:16:00-05:00,upper,executed,,flat,inactive,2023-11-28 09:16:00-05:00,2023-11-28 12:14:00-05:00,2045.604849691883,2063.154849691883,11.700000000000045,17.550000000000068,SL,-17.550000000000182
128_upper,2023-11-28,2023-11-28 10:00:00-05:00,2023-12-27 10:00:00-05:00,2023-12-01 12:43:00-05:00,upper,skipped,blocked_time,n/a,n/a,,,,,,,,
130_upper,2023-11-30,2023-11-30 10:00:00-05:00,2023-12-29 10:00:00-05:00,2023-12-01 13:33:00-05:00,upper,skipped,blocked_time,n/a,n/a,,,,,,,,
131_upper,2023-12-01,2023-12-01 10:00:00-05:00,2024-01-02 10:00:00-05:00,2023-12-01 13:35:00-05:00,upper,skipped,blocked_time,n/a,n/a,,,,,,,,
129_upper,2023-11-29,2023-11-29 10:00:00-05:00,2023-12-28 10:00:00-05:00,2023-12-03 18:16:00-05:00,upper,skipped,no_anchor,n/a,n/a,,,,,,,,
132_lower,2023-12-05,2023-12-04 10:00:00-05:00,2024-01-03 10:00:00-05:00,2023-12-05 10:36:00-05:00,lower,executed,,flat,inactive,2023-12-05 10:36:00-05:00,2023-12-05 15:00:00-05:00,2032.638531144269,2038.1,14.900000000000091,22.350000000000136,cutoff,5.4614688557308
129_lower,2023-12-08,2023-11-29 10:00:00-05:00,2023-12-28 10:00:00-05:00,2023-12-08 09:11:00-05:00,lower,executed,,flat,inactive,2023-12-08 09:11:00-05:00,2023-12-08 15:00:00-05:00,2027.2589688981766,2016.0,17.59999999999991,26.399999999999864,cutoff,-11.25896889817659
130_lower,2023-11-30,2023-11-30 10:00:00-05:00,2023-12-29 10:00:00-05:00,2023-12-08 09:23:00-05:00,lower,skipped,position_open,open,active,,,,,,,,
131_lower,2023-12-01,2023-12-01 10:00:00-05:00,2024-01-02 10:00:00-05:00,2023-12-08 09:23:00-05:00,lower,skipped,position_open,open,active,,,,,,,,
134_lower,2023-12-06,2023-12-06 10:00:00-05:00,2024-01-05 10:00:00-05:00,2023-12-08 12:04:00-05:00,lower,skipped,blocked_time,n/a,n/a,,,,,,,,
135_lower,2023-12-07,2023-12-07 10:00:00-05:00,2024-01-08 10:00:00-05:00,2023-12-08 12:07:00-05:00,lower,skipped,blocked_time,n/a,n/a,,,,,,,,
128_lower,2023-11-28,2023-11-28 10:00:00-05:00,2023-12-27 10:00:00-05:00,2023-12-08 12:15:00-05:00,lower,skipped,blocked_time,n/a,n/a,,,,,,,,
133_lower,2023-12-11,2023-12-05 10:00:00-05:00,2024-01-04 10:00:00-05:00,2023-12-11 09:30:00-05:00,lower,executed,,flat,inactive,2023-12-11 09:30:00-05:00,2023-12-11 10:37:00-05:00,2005.0679891665395,1996.5179891665393,5.7000000000000455,8.550000000000068,SL,-8.550000000000182
136_lower,2023-12-13,2023-12-08 10:00:00-05:00,2024-01-09 10:00:00-05:00,2023-12-13 01:23:00-05:00,lower,executed,,flat,inactive,2023-12-13 01:23:00-05:00,2023-12-13 02:09:00-05:00,1989.8614197698216,1989.8614197698216,1.400000000000091,2.1000000000001364,BE,0.0
138_upper,2023-12-12,2023-12-12 10:00:00-05:00,2024-01-11 10:00:00-05:00,2023-12-13 14:36:00-05:00,upper,skipped,blocked_time,n/a,n/a,,,,,,,,
139_upper,2023-12-13,2023-12-13 10:00:00-05:00,2024-01-12 10:00:00-05:00,2023-12-13 14:36:00-05:00,upper,skipped,blocked_time,n/a,n/a,,,,,,,,
137_upper,2023-12-11,2023-12-11 10:00:00-05:00,2024-01-10 10:00:00-05:00,2023-12-13 15:20:00-05:00,upper,skipped,no_cutoff,n/a,n/a,,,,,,,,
136_upper,2023-12-14,2023-12-08 10:00:00-05:00,2024-01-09 10:00:00-05:00,2023-12-14 09:33:00-05:00,upper,executed,,flat,inactive,2023-12-14 09:33:00-05:00,2023-12-14 15:00:00-05:00,2057.288580230178,2047.8,11.900000000000091,17.850000000000136,cutoff,9.488580230178059
142_upper,2023-12-18,2023-12-18 10:00:00-05:00,2024-01-17 10:00:00-05:00,2023-12-21 18:42:00-05:00,upper,skipped,no_anchor,n/a,n/a,,,,,,,,
141_upper,2023-12-15,2023-12-15 10:00:00-05:00,2024-01-16 10:00:00-05:00,2023-12-22 07:29:00-05:00,upper,skipped,simultaneous_collision,flat,inactive,,,,,,,,
133_upper,2023-12-22,2023-12-05 10:00:00-05:00,2024-01-04 10:00:00-05:00,2023-12-22 07:29:00-05:00,upper,executed,,flat,inactive,2023-12-22 07:29:00-05:00,2023-12-22 08:30:00-05:00,2075.7,2075.7,8.0,12.0,BE,-0.0
144_upper,2023-12-22,2023-12-20 10:00:00-05:00,2024-01-19 10:00:00-05:00,2023-12-22 08:48:00-05:00,upper,executed,,flat,inactive,2023-12-22 08:48:00-05:00,2023-12-22 11:45:00-05:00,2078.2514476388096,2067.90144763881,6.899999999999636,10.349999999999454,TP,10.349999999999454
134_upper,2023-12-06,2023-12-06 10:00:00-05:00,2024-01-05 10:00:00-05:00,2023-12-22 08:53:00-05:00,upper,skipped,position_open,open,inactive,,,,,,,,
145_upper,2023-12-21,2023-12-21 10:00:00-05:00,2024-01-22 10:00:00-05:00,2023-12-27 09:35:00-05:00,upper,skipped,simultaneous_collision,flat,inactive,,,,,,,,
143_upper,2023-12-27,2023-12-19 10:00:00-05:00,2024-01-18 10:00:00-05:00,2023-12-27 09:35:00-05:00,upper,executed,,flat,inactive,2023-12-27 09:35:00-05:00,2023-12-27 10:29:00-05:00,2083.2655342857115,2089.115534285712,3.900000000000091,5.850000000000136,SL,-5.850000000000364
135_upper,2023-12-07,2023-12-07 10:00:00-05:00,2024-01-08 10:00:00-05:00,2023-12-27 10:13:00-05:00,upper,skipped,position_open,open,active,,,,,,,,
140_upper,2023-12-14,2023-12-14 10:00:00-05:00,2024-01-15 10:00:00-05:00,2023-12-27 10:29:00-05:00,upper,skipped,SAL,n/a,active,,,,,,,,
132_upper,2023-12-28,2023-12-04 10:00:00-05:00,2024-01-03 10:00:00-05:00,2023-12-27 21:56:00-05:00,upper,executed,,flat,inactive,2023-12-27 21:56:00-05:00,2023-12-28 04:06:00-05:00,2097.811468855731,2086.111468855732,7.799999999999727,11.69999999999959,TP,11.69999999999959
149_lower,2024-01-03,2023-12-28 10:00:00-05:00,2024-01-26 10:00:00-05:00,2024-01-03 06:58:00-05:00,lower,executed,,flat,inactive,2024-01-03 06:58:00-05:00,2024-01-03 08:47:00-05:00,2054.7378191784696,2047.5378191784694,4.800000000000182,7.200000000000273,SL,-7.200000000000273
146_lower,2023-12-22,2023-12-22 10:00:00-05:00,2024-01-23 10:00:00-05:00,2024-01-03 07:27:00-05:00,lower,skipped,position_open,open,active,,,,,,,,
148_lower,2023-12-27,2023-12-27 10:00:00-05:00,2024-01-25 10:00:00-05:00,2024-01-03 07:27:00-05:00,lower,skipped,position_open,open,active,,,,,,,,
151_lower,2024-01-02,2024-01-02 10:00:00-05:00,2024-01-30 10:00:00-05:00,2024-01-03 09:35:00-05:00,lower,skipped,SAL,n/a,active,,,,,,,,
147_lower,2023-12-26,2023-12-26 10:00:00-05:00,2024-01-24 10:00:00-05:00,2024-01-03 09:36:00-05:00,lower,skipped,SAL,n/a,active,,,,,,,,
150_lower,2023-12-29,2023-12-29 10:00:00-05:00,2024-01-29 10:00:00-05:00,2024-01-03 11:01:00-05:00,lower,skipped,blocked_time,n/a,n/a,,,,,,,,
145_lower,2024-01-08,2023-12-21 10:00:00-05:00,2024-01-22 10:00:00-05:00,2024-01-08 06:18:00-05:00,lower,executed,,flat,inactive,2024-01-08 06:18:00-05:00,2024-01-08 06:21:00-05:00,2025.6852780977124,2029.4352780977124,2.5,3.75,TP,3.75
140_lower,2023-12-14,2023-12-14 10:00:00-05:00,2024-01-15 10:00:00-05:00,2024-01-11 11:24:00-05:00,lower,skipped,blocked_time,n/a,n/a,,,,,,,,
141_lower,2023-12-15,2023-12-15 10:00:00-05:00,2024-01-16 10:00:00-05:00,2024-01-11 11:26:00-05:00,lower,skipped,blocked_time,n/a,n/a,,,,,,,,
144_lower,2023-12-20,2023-12-20 10:00:00-05:00,2024-01-19 10:00:00-05:00,2024-01-11 11:26:00-05:00,lower,skipped,blocked_time,n/a,n/a,,,,,,,,
154_lower,2024-01-05,2024-01-05 10:00:00-05:00,2024-02-02 10:00:00-05:00,2024-01-11 12:57:00-05:00,lower,skipped,blocked_time,n/a,n/a,,,,,,,,
155_upper,2024-01-12,2024-01-08 10:00:00-05:00,2024-02-05 10:00:00-05:00,2024-01-12 08:31:00-05:00,upper,executed,,flat,inactive,2024-01-12 08:31:00-05:00,2024-01-12 09:19:00-05:00,2060.1055635906664,2060.1055635906664,8.5,12.75,BE,-0.0
158_upper,2024-01-12,2024-01-11 10:00:00-05:00,2024-02-08 10:00:00-05:00,2024-01-12 09:37:00-05:00,upper,executed,,flat,inactive,2024-01-12 09:37:00-05:00,2024-01-12 12:15:00-05:00,2066.7005285772607,2047.8005285772608,12.599999999999909,18.899999999999864,TP,18.899999999999864
159_lower,2024-01-12,2024-01-12 10:00:00-05:00,2024-02-09 10:00:00-05:00,2024-01-16 12:07:00-05:00,lower,skipped,blocked_time,n/a,n/a,,,,,,,,
160_lower,2024-01-17,2024-01-15 10:00:00-05:00,2024-02-12 10:00:00-05:00,2024-01-17 00:09:00-05:00,lower,executed,,flat,inactive,2024-01-17 00:09:00-05:00,2024-01-17 01:07:00-05:00,2025.5831838628494,2021.8331838628494,2.5,3.75,SL,-3.75
153_lower,2024-01-04,2024-01-04 10:00:00-05:00,2024-02-01 10:00:00-05:00,2024-01-17 09:59:00-05:00,lower,skipped,SAL,n/a,active,,,,,,,,
156_lower,2024-01-09,2024-01-09 10:00:00-05:00,2024-02-06 10:00:00-05:00,2024-01-17 10:16:00-05:00,lower,skipped,SAL,n/a,active,,,,,,,,
143_lower,2023-12-19,2023-12-19 10:00:00-05:00,2024-01-18 10:00:00-05:00,2024-01-17 10:30:00-05:00,lower,skipped,SAL,n/a,active,,,,,,,,
161_lower,2024-01-16,2024-01-16 10:00:00-05:00,2024-02-13 10:00:00-05:00,2024-01-17 10:30:00-05:00,lower,skipped,SAL,n/a,active,,,,,,,,
152_lower,2024-01-03,2024-01-03 10:00:00-05:00,2024-01-31 10:00:00-05:00,2024-01-17 11:49:00-05:00,lower,skipped,blocked_time,n/a,n/a,,,,,,,,
157_lower,2024-01-25,2024-01-10 10:00:00-05:00,2024-02-07 10:00:00-05:00,2024-01-25 08:30:00-05:00,lower,executed,,flat,inactive,2024-01-25 08:30:00-05:00,2024-01-25 08:31:00-05:00,2004.3603984430604,2010.8103984430604,4.2999999999999545,6.449999999999932,TP,6.449999999999932
163_upper,2024-01-29,2024-01-18 10:00:00-05:00,2024-02-15 10:00:00-05:00,2024-01-28 20:06:00-05:00,upper,executed,,flat,inactive,2024-01-28 20:06:00-05:00,2024-01-28 21:48:00-05:00,2042.188539184065,2042.188539184065,2.7999999999999545,4.199999999999932,BE,-0.0
169_upper,2024-01-29,2024-01-26 10:00:00-05:00,2024-02-23 10:00:00-05:00,2024-01-29 02:10:00-05:00,upper,executed,,flat,inactive,2024-01-29 02:10:00-05:00,2024-01-29 08:48:00-05:00,2048.9557344715413,2055.2557344715415,4.2000000000000455,6.300000000000068,SL,-6.300000000000182
168_upper,2024-01-25,2024-01-25 10:00:00-05:00,2024-02-22 10:00:00-05:00,2024-01-29 02:33:00-05:00,upper,skipped,position_open,open,active,,,,,,,,
166_upper,2024-01-23,2024-01-23 10:00:00-05:00,2024-02-20 10:00:00-05:00,2024-01-29 08:41:00-05:00,upper,skipped,position_open,open,active,,,,,,,,
165_upper,2024-01-22,2024-01-22 10:00:00-05:00,2024-02-19 10:00:00-05:00,2024-01-29 08:43:00-05:00,upper,skipped,position_open,open,active,,,,,,,,
162_upper,2024-01-30,2024-01-17 10:00:00-05:00,2024-02-14 10:00:00-05:00,2024-01-30 02:35:00-05:00,upper,executed,,flat,inactive,2024-01-30 02:35:00-05:00,2024-01-30 06:15:00-05:00,2058.9410692681868,2052.9410692681868,4.0,6.0,TP,6.0
167_upper,2024-01-24,2024-01-24 10:00:00-05:00,2024-02-21 10:00:00-05:00,2024-01-30 09:20:00-05:00,upper,skipped,simultaneous_collision,flat,inactive,,,,,,,,
164_upper,2024-01-30,2024-01-19 10:00:00-05:00,2024-02-16 10:00:00-05:00,2024-01-30 09:20:00-05:00,upper,executed,,flat,inactive,2024-01-30 09:20:00-05:00,2024-01-30 10:05:00-05:00,2064.088658698523,2057.0386586985232,4.699999999999818,7.049999999999727,TP,7.049999999999727
157_upper,2024-01-10,2024-01-10 10:00:00-05:00,2024-02-07 10:00:00-05:00,2024-01-30 10:00:00-05:00,upper,skipped,position_open,open,inactive,,,,,,,,
156_upper,2024-01-31,2024-01-09 10:00:00-05:00,2024-02-06 10:00:00-05:00,2024-01-31 09:46:00-05:00,upper,executed,,flat,inactive,2024-01-31 09:46:00-05:00,2024-01-31 10:32:00-05:00,2071.5240540784343,2071.5240540784343,7.400000000000091,11.100000000000136,BE,-0.0
161_upper,2024-01-16,2024-01-16 10:00:00-05:00,2024-02-13 10:00:00-05:00,2024-02-01 11:15:00-05:00,upper,skipped,blocked_time,n/a,n/a,,,,,,,,
170_upper,2024-01-29,2024-01-29 10:00:00-05:00,2024-02-26 10:00:00-05:00,2024-02-01 11:45:00-05:00,upper,skipped,blocked_time,n/a,n/a,,,,,,,,
171_lower,2024-02-05,2024-01-30 10:00:00-05:00,2024-02-27 10:00:00-05:00,2024-02-05 08:51:00-05:00,lower,executed,,flat,inactive,2024-02-05 08:51:00-05:00,2024-02-05 10:53:00-05:00,2031.7657368968396,2031.7657368968396,5.5,8.25,BE,0.0
172_lower,2024-02-12,2024-01-31 10:00:00-05:00,2024-02-28 10:00:00-05:00,2024-02-12 09:16:00-05:00,lower,executed,,flat,inactive,2024-02-12 09:16:00-05:00,2024-02-12 15:00:00-05:00,2030.7026560579432,2032.6,9.599999999999909,14.399999999999864,cutoff,1.8973439420567502
173_lower,2024-02-01,2024-02-01 10:00:00-05:00,2024-02-29 10:00:00-05:00,2024-02-12 09:23:00-05:00,lower,skipped,position_open,open,inactive,,,,,,,,
177_lower,2024-02-13,2024-02-07 10:00:00-05:00,2024-03-06 10:00:00-05:00,2024-02-13 08:47:00-05:00,lower,executed,,flat,inactive,2024-02-13 08:47:00-05:00,2024-02-13 08:58:00-05:00,2019.5843089775108,2017.0343089775106,1.7000000000000455,2.550000000000068,SL,-2.550000000000182
178_lower,2024-02-08,2024-02-08 10:00:00-05:00,2024-03-07 10:00:00-05:00,2024-02-13 08:57:00-05:00,lower,skipped,position_open,open,active,,,,,,,,
176_lower,2024-02-06,2024-02-06 10:00:00-05:00,2024-03-05 10:00:00-05:00,2024-02-13 08:58:00-05:00,lower,skipped,SAL,n/a,active,,,,,,,,
170_lower,2024-01-29,2024-01-29 10:00:00-05:00,2024-02-26 10:00:00-05:00,2024-02-13 09:00:00-05:00,lower,skipped,SAL,n/a,active,,,,,,,,
174_lower,2024-02-02,2024-02-02 10:00:00-05:00,2024-03-01 10:00:00-05:00,2024-02-13 09:00:00-05:00,lower,skipped,SAL,n/a,active,,,,,,,,
179_lower,2024-02-09,2024-02-09 10:00:00-05:00,2024-03-08 10:00:00-05:00,2024-02-13 09:10:00-05:00,lower,skipped,SAL,n/a,active,,,,,,,,
175_lower,2024-02-05,2024-02-05 10:00:00-05:00,2024-03-04 10:00:00-05:00,2024-02-13 10:05:00-05:00,lower,skipped,SAL,n/a,active,,,,,,,,
180_lower,2024-02-12,2024-02-12 10:00:00-05:00,2024-03-11 10:00:00-04:00,2024-02-13 20:15:00-05:00,lower,skipped,simultaneous_collision,flat,inactive,,,,,,,,
164_lower,2024-02-14,2024-01-19 10:00:00-05:00,2024-02-16 10:00:00-05:00,2024-02-13 20:15:00-05:00,lower,executed,,flat,inactive,2024-02-13 20:15:00-05:00,2024-02-13 21:10:00-05:00,2002.2613413014776,2006.0113413014776,2.5,3.75,TP,3.75
167_lower,2024-02-14,2024-01-24 10:00:00-05:00,2024-02-21 10:00:00-05:00,2024-02-14 03:31:00-05:00,lower,executed,,flat,inactive,2024-02-14 03:31:00-05:00,2024-02-14 05:34:00-05:00,1998.967867191565,2004.517867191565,3.7000000000000455,5.550000000000068,TP,5.550000000000068
182_upper,2024-02-19,2024-02-14 10:00:00-05:00,2024-03-13 10:00:00-04:00,2024-02-18 19:26:00-05:00,upper,executed,,flat,inactive,2024-02-18 19:26:00-05:00,2024-02-19 14:29:00-05:00,2029.5102428294276,2029.4,4.099999999999909,6.149999999999864,cutoff,0.11024282942753416
184_upper,2024-02-20,2024-02-16 10:00:00-05:00,2024-03-15 10:00:00-04:00,2024-02-20 04:08:00-05:00,upper,executed,,flat,inactive,2024-02-20 04:08:00-05:00,2024-02-20 05:09:00-05:00,2035.793592576565,2035.793592576565,2.5,3.75,BE,-0.0
181_upper,2024-02-20,2024-02-13 10:00:00-05:00,2024-03-12 10:00:00-04:00,2024-02-20 08:45:00-05:00,upper,executed,,flat,inactive,2024-02-20 08:45:00-05:00,2024-02-20 09:32:00-05:00,2041.8214029263736,2039.1214029263738,1.7999999999999545,2.699999999999932,TP,2.699999999999932
183_upper,2024-02-22,2024-02-15 10:00:00-05:00,2024-03-14 10:00:00-04:00,2024-02-22 03:07:00-05:00,upper,executed,,flat,inactive,2024-02-22 03:07:00-05:00,2024-02-22 04:27:00-05:00,2044.2855887870367,2039.4855887870367,3.2000000000000455,4.800000000000068,TP,4.800000000000068
185_upper,2024-02-19,2024-02-19 10:00:00-05:00,2024-03-18 10:00:00-04:00,2024-02-23 13:50:00-05:00,upper,skipped,blocked_time,n/a,n/a,,,,,,,,
180_upper,2024-02-29,2024-02-12 10:00:00-05:00,2024-03-11 10:00:00-04:00,2024-02-29 08:45:00-05:00,upper,executed,,flat,inactive,2024-02-29 08:45:00-05:00,2024-02-29 11:31:00-05:00,2056.2552607535167,2052.2052607535165,2.7000000000000455,4.050000000000068,TP,4.050000000000068
188_upper,2024-03-01,2024-02-22 10:00:00-05:00,2024-03-21 10:00:00-04:00,2024-03-01 05:25:00-05:00,upper,executed,,flat,inactive,2024-03-01 05:25:00-05:00,2024-03-01 10:34:00-05:00,2060.043341787471,2072.793341787471,8.5,12.75,SL,-12.75
189_upper,2024-02-23,2024-02-23 10:00:00-05:00,2024-03-22 10:00:00-04:00,2024-03-01 05:34:00-05:00,upper,skipped,position_open,open,active,,,,,,,,
190_upper,2024-02-26,2024-02-26 10:00:00-05:00,2024-03-25 10:00:00-04:00,2024-03-01 05:37:00-05:00,upper,skipped,position_open,open,active,,,,,,,,
179_upper,2024-02-09,2024-02-09 10:00:00-05:00,2024-03-08 10:00:00-05:00,2024-03-01 06:09:00-05:00,upper,skipped,position_open,open,active,,,,,,,,
187_upper,2024-02-21,2024-02-21 10:00:00-05:00,2024-03-20 10:00:00-04:00,2024-03-01 06:09:00-05:00,upper,skipped,position_open,open,active,,,,,,,,
175_upper,2024-02-05,2024-02-05 10:00:00-05:00,2024-03-04 10:00:00-05:00,2024-03-01 06:36:00-05:00,upper,skipped,position_open,open,active,,,,,,,,
186_upper,2024-02-20,2024-02-20 10:00:00-05:00,2024-03-19 10:00:00-04:00,2024-03-01 06:36:00-05:00,upper,skipped,position_open,open,active,,,,,,,,
192_upper,2024-02-28,2024-02-28 10:00:00-05:00,2024-03-27 10:00:00-04:00,2024-03-01 10:15:00-05:00,upper,skipped,position_open,open,active,,,,,,,,
191_upper,2024-02-27,2024-02-27 10:00:00-05:00,2024-03-26 10:00:00-04:00,2024-03-01 10:27:00-05:00,upper,skipped,position_open,open,active,,,,,,,,
178_upper,2024-02-08,2024-02-08 10:00:00-05:00,2024-03-07 10:00:00-05:00,2024-03-01 10:28:00-05:00,upper,skipped,position_open,open,active,,,,,,,,
176_upper,2024-02-06,2024-02-06 10:00:00-05:00,2024-03-05 10:00:00-05:00,2024-03-01 10:46:00-05:00,upper,skipped,SAL,n/a,active,,,,,,,,
193_upper,2024-02-29,2024-02-29 10:00:00-05:00,2024-03-28 10:00:00-04:00,2024-03-01 11:11:00-05:00,upper,skipped,blocked_time,n/a,n/a,,,,,,,,
177_upper,2024-02-07,2024-02-07 10:00:00-05:00,2024-03-06 10:00:00-05:00,2024-03-01 11:37:00-05:00,upper,skipped,blocked_time,n/a,n/a,,,,,,,,
194_upper,2024-03-01,2024-03-01 10:00:00-05:00,2024-04-01 10:00:00-04:00,2024-03-01 12:08:00-05:00,upper,skipped,blocked_time,n/a,n/a,,,,,,,,
195_upper,2024-03-05,2024-03-04 10:00:00-05:00,2024-04-02 10:00:00-04:00,2024-03-05 05:10:00-05:00,upper,executed,,flat,inactive,2024-03-05 05:10:00-05:00,2024-03-05 06:11:00-05:00,2134.4731418357114,2134.4731418357114,6.399999999999636,9.599999999999454,BE,-0.0
196_upper,2024-03-08,2024-03-05 10:00:00-05:00,2024-04-03 10:00:00-04:00,2024-03-08 03:29:00-05:00,upper,executed,,flat,inactive,2024-03-08 03:29:00-05:00,2024-03-08 04:57:00-05:00,2173.2002609968386,2177.550260996839,2.900000000000091,4.350000000000136,SL,-4.350000000000364
197_upper,2024-03-06,2024-03-06 10:00:00-05:00,2024-04-04 10:00:00-04:00,2024-03-08 08:31:00-05:00,upper,skipped,SAL,n/a,active,,,,,,,,
198_upper,2024-03-07,2024-03-07 10:00:00-05:00,2024-04-05 10:00:00-04:00,2024-03-08 08:32:00-05:00,upper,skipped,SAL,n/a,active,,,,,,,,
200_lower,2024-03-11,2024-03-11 10:00:00-04:00,2024-04-09 10:00:00-04:00,2024-03-12 15:01:00-04:00,lower,skipped,no_cutoff,n/a,n/a,,,,,,,,
205_upper,2024-03-18,2024-03-18 10:00:00-04:00,2024-04-16 10:00:00-04:00,2024-03-20 14:55:00-04:00,upper,skipped,blocked_time,n/a,n/a,,,,,,,,
206_upper,2024-03-19,2024-03-19 10:00:00-04:00,2024-04-17 10:00:00-04:00,2024-03-20 14:55:00-04:00,upper,skipped,blocked_time,n/a,n/a,,,,,,,,
207_upper,2024-03-20,2024-03-20 10:00:00-04:00,2024-04-18 10:00:00-04:00,2024-03-20 14:55:00-04:00,upper,skipped,blocked_time,n/a,n/a,,,,,,,,
204_upper,2024-03-15,2024-03-15 10:00:00-04:00,2024-04-15 10:00:00-04:00,2024-03-20 15:28:00-04:00,upper,skipped,no_cutoff,n/a,n/a,,,,,,,,
203_upper,2024-03-14,2024-03-14 10:00:00-04:00,2024-04-12 10:00:00-04:00,2024-03-20 18:11:00-04:00,upper,skipped,no_anchor,n/a,n/a,,,,,,,,
201_upper,2024-03-12,2024-03-12 10:00:00-04:00,2024-04-10 10:00:00-04:00,2024-03-20 18:15:00-04:00,upper,skipped,no_anchor,n/a,n/a,,,,,,,,
199_upper,2024-03-08,2024-03-08 10:00:00-05:00,2024-04-08 10:00:00-04:00,2024-03-20 18:16:00-04:00,upper,skipped,no_anchor,n/a,n/a,,,,,,,,
200_upper,2024-03-11,2024-03-11 10:00:00-04:00,2024-04-09 10:00:00-04:00,2024-03-20 18:16:00-04:00,upper,skipped,no_anchor,n/a,n/a,,,,,,,,
202_upper,2024-03-13,2024-03-13 10:00:00-04:00,2024-04-11 10:00:00-04:00,2024-03-20 18:16:00-04:00,upper,skipped,no_anchor,n/a,n/a,,,,,,,,
208_lower,2024-03-21,2024-03-21 10:00:00-04:00,2024-04-19 10:00:00-04:00,2024-03-21 11:27:00-04:00,lower,skipped,blocked_time,n/a,n/a,,,,,,,,
210_upper,2024-03-26,2024-03-25 10:00:00-04:00,2024-04-23 10:00:00-04:00,2024-03-26 05:12:00-04:00,upper,executed,,flat,inactive,2024-03-26 05:12:00-04:00,2024-03-26 05:41:00-04:00,2203.012903665052,2214.7129036650513,7.799999999999727,11.69999999999959,SL,-11.699999999999363
209_upper,2024-03-22,2024-03-22 10:00:00-04:00,2024-04-22 10:00:00-04:00,2024-03-26 05:13:00-04:00,upper,skipped,position_open,open,active,,,,,,,,
208_upper,2024-03-28,2024-03-21 10:00:00-04:00,2024-04-19 10:00:00-04:00,2024-03-28 06:46:00-04:00,upper,executed,,flat,inactive,2024-03-28 06:46:00-04:00,2024-03-28 09:54:00-04:00,2232.8104516415624,2224.2604516415627,5.699999999999818,8.549999999999727,TP,8.549999999999727
212_upper,2024-03-27,2024-03-27 10:00:00-04:00,2024-04-25 10:00:00-04:00,2024-03-28 08:07:00-04:00,upper,skipped,position_open,open,inactive,,,,,,,,
211_upper,2024-03-26,2024-03-26 10:00:00-04:00,2024-04-24 10:00:00-04:00,2024-03-28 12:26:00-04:00,upper,skipped,blocked_time,n/a,n/a,,,,,,,,
213_upper,2024-03-28,2024-03-28 10:00:00-04:00,2024-04-26 10:00:00-04:00,2024-03-28 16:49:00-04:00,upper,skipped,no_cutoff,n/a,n/a,,,,,,,,
214_upper,2024-04-01,2024-04-01 10:00:00-04:00,2024-04-29 10:00:00-04:00,2024-04-02 18:17:00-04:00,upper,skipped,no_anchor,n/a,n/a,,,,,,,,
215_upper,2024-04-02,2024-04-02 10:00:00-04:00,2024-04-30 10:00:00-04:00,2024-04-03 12:22:00-04:00,upper,skipped,blocked_time,n/a,n/a,,,,,,,,
216_upper,2024-04-05,2024-04-03 10:00:00-04:00,2024-05-01 10:00:00-04:00,2024-04-05 10:26:00-04:00,upper,executed,,flat,inactive,2024-04-05 10:26:00-04:00,2024-04-05 15:00:00-04:00,2328.4998481536027,2343.7,16.90000000000009,25.350000000000136,cutoff,-15.200151846397148
217_upper,2024-04-04,2024-04-04 10:00:00-04:00,2024-05-02 10:00:00-04:00,2024-04-05 10:33:00-04:00,upper,skipped,position_open,open,active,,,,,,,,
218_upper,2024-04-08,2024-04-05 10:00:00-04:00,2024-05-03 10:00:00-04:00,2024-04-07 22:15:00-04:00,upper,executed,,flat,inactive,2024-04-07 22:15:00-04:00,2024-04-08 15:00:00-04:00,2350.737229372961,2357.7,22.600000000000364,33.900000000000546,cutoff,-6.962770627038935
220_lower,2024-04-10,2024-04-09 10:00:00-04:00,2024-05-07 10:00:00-04:00,2024-04-10 09:13:00-04:00,lower,executed,,flat,inactive,2024-04-10 09:13:00-04:00,2024-04-10 15:00:00-04:00,2341.9538920364303,2347.2,23.300000000000182,34.95000000000027,cutoff,5.246107963569557
221_upper,2024-04-10,2024-04-10 10:00:00-04:00,2024-05-08 10:00:00-04:00,2024-04-11 14:38:00-04:00,upper,skipped,blocked_time,n/a,n/a,,,,,,,,
219_upper,2024-04-08,2024-04-08 10:00:00-04:00,2024-05-06 10:00:00-04:00,2024-04-11 15:42:00-04:00,upper,skipped,no_cutoff,n/a,n/a,,,,,,,,
222_upper,2024-04-11,2024-04-11 10:00:00-04:00,2024-05-09 10:00:00-04:00,2024-04-11 15:56:00-04:00,upper,skipped,no_cutoff,n/a,n/a,,,,,,,,
220_upper,2024-04-12,2024-04-09 10:00:00-04:00,2024-05-07 10:00:00-04:00,2024-04-11 21:01:00-04:00,upper,executed,,flat,inactive,2024-04-11 21:01:00-04:00,2024-04-11 22:06:00-04:00,2405.09610796357,2411.6961079635703,4.400000000000091,6.600000000000136,SL,-6.600000000000364
223_lower,2024-04-12,2024-04-12 10:00:00-04:00,2024-05-10 10:00:00-04:00,2024-04-12 12:47:00-04:00,lower,skipped,blocked_time,n/a,n/a,,,,,,,,
224_upper,2024-04-15,2024-04-15 10:00:00-04:00,2024-05-13 10:00:00-04:00,2024-04-15 18:15:00-04:00,upper,skipped,no_anchor,n/a,n/a,,,,,,,,
226_lower,2024-04-17,2024-04-17 10:00:00-04:00,2024-05-15 10:00:00-04:00,2024-04-17 16:52:00-04:00,lower,skipped,no_cutoff,n/a,n/a,,,,,,,,
225_upper,2024-04-19,2024-04-16 10:00:00-04:00,2024-05-14 10:00:00-04:00,2024-04-18 21:46:00-04:00,upper,executed,,flat,inactive,2024-04-18 21:46:00-04:00,2024-04-18 21:53:00-04:00,2431.1481944751554,2421.8481944751557,6.199999999999818,9.299999999999727,TP,9.299999999999727
228_lower,2024-04-22,2024-04-19 10:00:00-04:00,2024-05-17 10:00:00-04:00,2024-04-22 07:07:00-04:00,lower,executed,,flat,inactive,2024-04-22 07:07:00-04:00,2024-04-22 07:18:00-04:00,2363.5379820454523,2355.4379820454524,5.400000000000091,8.100000000000136,SL,-8.099999999999909
227_lower,2024-04-18,2024-04-18 10:00:00-04:00,2024-05-16 10:00:00-04:00,2024-04-22 07:08:00-04:00,lower,skipped,position_open,open,active,,,,,,,,
225_lower,2024-04-16,2024-04-16 10:00:00-04:00,2024-05-14 10:00:00-04:00,2024-04-22 08:02:00-04:00,lower,skipped,SAL,n/a,active,,,,,,,,
224_lower,2024-04-23,2024-04-15 10:00:00-04:00,2024-05-13 10:00:00-04:00,2024-04-22 21:37:00-04:00,lower,executed,,flat,inactive,2024-04-22 21:37:00-04:00,2024-04-22 21:40:00-04:00,2332.216349516768,2325.7663495167676,4.300000000000182,6.450000000000273,SL,-6.450000000000273
222_lower,2024-04-11,2024-04-11 10:00:00-04:00,2024-05-09 10:00:00-04:00,2024-04-22 21:38:00-04:00,lower,skipped,position_open,open,active,,,,,,,,
219_lower,2024-04-08,2024-04-08 10:00:00-04:00,2024-05-06 10:00:00-04:00,2024-04-22 21:52:00-04:00,lower,skipped,SAL,n/a,active,,,,,,,,
229_lower,2024-04-22,2024-04-22 10:00:00-04:00,2024-05-20 10:00:00-04:00,2024-04-22 21:52:00-04:00,lower,skipped,SAL,n/a,active,,,,,,,,
221_lower,2024-04-10,2024-04-10 10:00:00-04:00,2024-05-08 10:00:00-04:00,2024-04-23 05:17:00-04:00,lower,skipped,SAL,n/a,active,,,,,,,,
232_upper,2024-04-26,2024-04-25 10:00:00-04:00,2024-05-23 10:00:00-04:00,2024-04-26 04:02:00-04:00,upper,executed,,flat,inactive,2024-04-26 04:02:00-04:00,2024-04-26 05:04:00-04:00,2361.442000266016,2361.442000266016,9.799999999999727,14.69999999999959,BE,-0.0
233_lower,2024-04-30,2024-04-26 10:00:00-04:00,2024-05-24 10:00:00-04:00,2024-04-30 04:28:00-04:00,lower,executed,,flat,inactive,2024-04-30 04:28:00-04:00,2024-04-30 07:08:00-04:00,2324.2742340287577,2324.2742340287577,8.100000000000364,12.150000000000546,BE,0.0
234_lower,2024-04-30,2024-04-29 10:00:00-04:00,2024-05-27 10:00:00-04:00,2024-04-30 10:09:00-04:00,lower,executed,,flat,inactive,2024-04-30 10:09:00-04:00,2024-04-30 15:00:00-04:00,2312.6469938093983,2301.6,11.300000000000182,16.950000000000273,cutoff,-11.046993809398373
231_lower,2024-04-24,2024-04-24 10:00:00-04:00,2024-05-22 10:00:00-04:00,2024-04-30 13:28:00-04:00,lower,skipped,blocked_time,n/a,n/a,,,,,,,,
232_lower,2024-04-25,2024-04-25 10:00:00-04:00,2024-05-23 10:00:00-04:00,2024-04-30 16:33:00-04:00,lower,skipped,no_cutoff,n/a,n/a,,,,,,,,
230_lower,2024-05-03,2024-04-23 10:00:00-04:00,2024-05-21 10:00:00-04:00,2024-05-03 09:34:00-04:00,lower,executed,,flat,inactive,2024-05-03 09:34:00-04:00,2024-05-03 15:00:00-04:00,2290.002870795973,2305.9,27.5,41.25,cutoff,15.897129204026896
235_lower,2024-04-30,2024-04-30 10:00:00-04:00,2024-05-28 10:00:00-04:00,2024-05-03 09:35:00-04:00,lower,skipped,position_open,open,inactive,,,,,,,,
237_upper,2024-05-06,2024-05-02 10:00:00-04:00,2024-05-30 10:00:00-04:00,2024-05-06 03:39:00-04:00,upper,executed,,flat,inactive,2024-05-06 03:39:00-04:00,2024-05-06 04:40:00-04:00,2330.9752170450342,2326.4752170450342,3.0,4.5,TP,4.5
236_upper,2024-05-09,2024-05-01 10:00:00-04:00,2024-05-29 10:00:00-04:00,2024-05-09 10:14:00-04:00,upper,executed,,flat,inactive,2024-05-09 10:14:00-04:00,2024-05-09 11:07:00-04:00,2342.126759705551,2342.126759705551,15.599999999999909,23.399999999999864,BE,-0.0
241_upper,2024-05-08,2024-05-08 10:00:00-04:00,2024-06-05 10:00:00-04:00,2024-05-09 10:20:00-04:00,upper,skipped,position_open,open,inactive,,,,,,,,
235_upper,2024-04-30,2024-04-30 10:00:00-04:00,2024-05-28 10:00:00-04:00,2024-05-09 15:39:00-04:00,upper,skipped,no_cutoff,n/a,n/a,,,,,,,,
238_upper,2024-05-03,2024-05-03 10:00:00-04:00,2024-05-31 10:00:00-04:00,2024-05-09 15:39:00-04:00,upper,skipped,no_cutoff,n/a,n/a,,,,,,,,
240_upper,2024-05-07,2024-05-07 10:00:00-04:00,2024-06-04 10:00:00-04:00,2024-05-09 18:09:00-04:00,upper,skipped,no_anchor,n/a,n/a,,,,,,,,
242_upper,2024-05-10,2024-05-09 10:00:00-04:00,2024-06-06 10:00:00-04:00,2024-05-09 19:16:00-04:00,upper,executed,,flat,inactive,2024-05-09 19:16:00-04:00,2024-05-09 20:17:00-04:00,2354.881063578819,2354.881063578819,2.800000000000182,4.200000000000273,BE,-0.0
231_upper,2024-05-10,2024-04-24 10:00:00-04:00,2024-05-22 10:00:00-04:00,2024-05-10 01:44:00-04:00,upper,executed,,flat,inactive,2024-05-10 01:44:00-04:00,2024-05-10 02:38:00-04:00,2365.090863719704,2370.0408637197042,3.300000000000182,4.950000000000273,SL,-4.950000000000273
239_upper,2024-05-06,2024-05-06 10:00:00-04:00,2024-06-03 10:00:00-04:00,2024-05-10 02:11:00-04:00,upper,skipped,position_open,open,active,,,,,,,,
230_upper,2024-04-23,2024-04-23 10:00:00-04:00,2024-05-21 10:00:00-04:00,2024-05-10 02:42:00-04:00,upper,skipped,SAL,n/a,active,,,,,,,,
234_upper,2024-04-29,2024-04-29 10:00:00-04:00,2024-05-27 10:00:00-04:00,2024-05-10 02:58:00-04:00,upper,skipped,SAL,n/a,active,,,,,,,,
233_upper,2024-04-26,2024-04-26 10:00:00-04:00,2024-05-24 10:00:00-04:00,2024-05-10 05:11:00-04:00,upper,skipped,SAL,n/a,active,,,,,,,,
229_upper,2024-04-22,2024-04-22 10:00:00-04:00,2024-05-20 10:00:00-04:00,2024-05-10 06:31:00-04:00,upper,skipped,SAL,n/a,active,,,,,,,,
243_lower,2024-05-13,2024-05-10 10:00:00-04:00,2024-06-07 10:00:00-04:00,2024-05-13 05:32:00-04:00,lower,executed,,flat,inactive,2024-05-13 05:32:00-04:00,2024-05-13 06:27:00-04:00,2346.5890458494036,2346.5890458494036,9.0,13.5,BE,0.0
244_upper,2024-05-15,2024-05-13 10:00:00-04:00,2024-06-10 10:00:00-04:00,2024-05-15 04:49:00-04:00,upper,executed,,flat,inactive,2024-05-15 04:49:00-04:00,2024-05-15 07:49:00-04:00,2379.8727860707727,2368.022786070773,7.900000000000091,11.850000000000136,TP,11.850000000000136
245_upper,2024-05-15,2024-05-14 10:00:00-04:00,2024-06-11 10:00:00-04:00,2024-05-15 08:30:00-04:00,upper,executed,,flat,inactive,2024-05-15 08:30:00-04:00,2024-05-15 08:34:00-04:00,2386.1308060245947,2378.7808060245943,4.900000000000091,7.350000000000136,TP,7.350000000000136
243_upper,2024-05-16,2024-05-10 10:00:00-04:00,2024-06-07 10:00:00-04:00,2024-05-15 21:00:00-04:00,upper,executed,,flat,inactive,2024-05-15 21:00:00-04:00,2024-05-15 21:56:00-04:00,2401.7109541505965,2394.2109541505965,5.0,7.5,TP,7.5
246_upper,2024-05-17,2024-05-15 10:00:00-04:00,2024-06-12 10:00:00-04:00,2024-05-17 09:14:00-04:00,upper,executed,,flat,inactive,2024-05-17 09:14:00-04:00,2024-05-17 10:01:00-04:00,2407.233361112941,2407.233361112941,7.700000000000273,11.55000000000041,BE,-0.0
247_upper,2024-05-17,2024-05-16 10:00:00-04:00,2024-06-13 10:00:00-04:00,2024-05-17 10:26:00-04:00,upper,executed,,flat,inactive,2024-05-17 10:26:00-04:00,2024-05-17 15:00:00-04:00,2410.79206177133,2419.9,12.0,18.0,cutoff,-9.107938228670264
248_upper,2024-05-20,2024-05-17 10:00:00-04:00,2024-06-14 10:00:00-04:00,2024-05-19 21:00:00-04:00,upper,executed,,flat,inactive,2024-05-19 21:00:00-04:00,2024-05-20 01:34:00-04:00,2433.5753357422523,2448.5753357422523,10.0,15.0,SL,-15.0
250_lower,2024-05-22,2024-05-21 10:00:00-04:00,2024-06-18 10:00:00-04:00,2024-05-22 10:07:00-04:00,lower,executed,,flat,inactive,2024-05-22 10:07:00-04:00,2024-05-22 10:19:00-04:00,2403.976250157183,2392.276250157183,7.800000000000182,11.700000000000273,SL,-11.700000000000273
249_lower,2024-05-20,2024-05-20 10:00:00-04:00,2024-06-17 10:00:00-04:00,2024-05-22 10:27:00-04:00,lower,skipped,SAL,n/a,active,,,,,,,,
251_lower,2024-05-22,2024-05-22 10:00:00-04:00,2024-06-19 10:00:00-04:00,2024-05-22 14:22:00-04:00,lower,skipped,blocked_time,n/a,n/a,,,,,,,,
248_lower,2024-05-23,2024-05-17 10:00:00-04:00,2024-06-14 10:00:00-04:00,2024-05-22 21:20:00-04:00,lower,executed,,flat,inactive,2024-05-22 21:20:00-04:00,2024-05-23 01:38:00-04:00,2376.024664257748,2368.0746642577487,5.299999999999727,7.949999999999591,SL,-7.949999999999363
247_lower,2024-05-16,2024-05-16 10:00:00-04:00,2024-06-13 10:00:00-04:00,2024-05-23 09:51:00-04:00,lower,skipped,SAL,n/a,active,,,,,,,,
246_lower,2024-05-15,2024-05-15 10:00:00-04:00,2024-06-12 10:00:00-04:00,2024-05-23 16:31:00-04:00,lower,skipped,no_cutoff,n/a,n/a,,,,,,,,
252_lower,2024-05-24,2024-05-23 10:00:00-04:00,2024-06-20 10:00:00-04:00,2024-05-23 22:29:00-04:00,lower,executed,,flat,inactive,2024-05-23 22:29:00-04:00,2024-05-24 01:52:00-04:00,2326.5745750190736,2339.924575019074,8.900000000000091,13.350000000000136,TP,13.350000000000136
254_upper,2024-05-27,2024-05-27 10:00:00-04:00,2024-06-24 10:00:00-04:00,2024-05-28 20:00:00-04:00,upper,skipped,simultaneous_collision,flat,inactive,,,,,,,,
253_upper,2024-05-29,2024-05-24 10:00:00-04:00,2024-06-21 10:00:00-04:00,2024-05-28 20:00:00-04:00,upper,executed,,flat,inactive,2024-05-28 20:00:00-04:00,2024-05-28 21:43:00-04:00,2383.3,2379.55,2.5,3.75,TP,3.75
258_lower,2024-06-03,2024-05-31 10:00:00-04:00,2024-06-28 10:00:00-04:00,2024-06-03 01:42:00-04:00,lower,executed,,flat,inactive,2024-06-03 01:42:00-04:00,2024-06-03 01:44:00-04:00,2339.418793322963,2335.5187933229636,2.599999999999909,3.8999999999998636,SL,-3.899999999999636
256_lower,2024-05-29,2024-05-29 10:00:00-04:00,2024-06-26 10:00:00-04:00,2024-06-03 01:43:00-04:00,lower,skipped,position_open,open,active,,,,,,,,
257_lower,2024-05-30,2024-05-30 10:00:00-04:00,2024-06-27 10:00:00-04:00,2024-06-03 01:43:00-04:00,lower,skipped,position_open,open,active,,,,,,,,
259_upper,2024-06-03,2024-06-03 10:00:00-04:00,2024-07-01 10:00:00-04:00,2024-06-05 21:31:00-04:00,upper,skipped,simultaneous_collision,flat,inactive,,,,,,,,
260_upper,2024-06-04,2024-06-04 10:00:00-04:00,2024-07-02 10:00:00-04:00,2024-06-05 21:31:00-04:00,upper,skipped,simultaneous_collision,flat,inactive,,,,,,,,
261_upper,2024-06-05,2024-06-05 10:00:00-04:00,2024-07-03 10:00:00-04:00,2024-06-05 21:31:00-04:00,upper,skipped,simultaneous_collision,flat,inactive,,,,,,,,
255_upper,2024-06-06,2024-05-28 10:00:00-04:00,2024-06-25 10:00:00-04:00,2024-06-05 21:31:00-04:00,upper,executed,,flat,inactive,2024-06-05 21:31:00-04:00,2024-06-05 21:31:00-04:00,2391.55700181956,2393.80700181956,1.5,2.25,SL,-2.25
256_upper,2024-05-29,2024-05-29 10:00:00-04:00,2024-06-26 10:00:00-04:00,2024-06-06 11:30:00-04:00,upper,skipped,blocked_time,n/a,n/a,,,,,,,,
257_upper,2024-05-30,2024-05-30 10:00:00-04:00,2024-06-27 10:00:00-04:00,2024-06-06 11:30:00-04:00,upper,skipped,blocked_time,n/a,n/a,,,,,,,,
252_upper,2024-06-07,2024-05-23 10:00:00-04:00,2024-06-20 10:00:00-04:00,2024-06-07 00:20:00-04:00,upper,executed,,flat,inactive,2024-06-07 00:20:00-04:00,2024-06-07 03:38:00-04:00,2401.6754249809264,2391.775424980927,6.599999999999909,9.899999999999864,TP,9.899999999999864
262_lower,2024-06-07,2024-06-06 10:00:00-04:00,2024-07-04 10:00:00-04:00,2024-06-07 06:50:00-04:00,lower,executed,,flat,inactive,2024-06-07 06:50:00-04:00,2024-06-07 07:49:00-04:00,2351.0186290029083,2351.0186290029083,10.700000000000273,16.05000000000041,BE,0.0
261_lower,2024-06-07,2024-06-05 10:00:00-04:00,2024-07-03 10:00:00-04:00,2024-06-07 09:48:00-04:00,lower,executed,,flat,inactive,2024-06-07 09:48:00-04:00,2024-06-07 10:54:00-04:00,2330.386771226202,2330.386771226202,26.90000000000009,40.350000000000136,BE,0.0
255_lower,2024-05-28,2024-05-28 10:00:00-04:00,2024-06-25 10:00:00-04:00,2024-06-07 09:50:00-04:00,lower,skipped,position_open,open,inactive,,,,,,,,
245_lower,2024-05-14,2024-05-14 10:00:00-04:00,2024-06-11 10:00:00-04:00,2024-06-07 09:56:00-04:00,lower,skipped,position_open,open,inactive,,,,,,,,
254_lower,2024-05-27,2024-05-27 10:00:00-04:00,2024-06-24 10:00:00-04:00,2024-06-07 09:56:00-04:00,lower,skipped,position_open,open,inactive,,,,,,,,
244_lower,2024-05-13,2024-05-13 10:00:00-04:00,2024-06-10 10:00:00-04:00,2024-06-07 12:05:00-04:00,lower,skipped,blocked_time,n/a,n/a,,,,,,,,
259_lower,2024-06-03,2024-06-03 10:00:00-04:00,2024-07-01 10:00:00-04:00,2024-06-07 12:05:00-04:00,lower,skipped,blocked_time,n/a,n/a,,,,,,,,
260_lower,2024-06-04,2024-06-04 10:00:00-04:00,2024-07-02 10:00:00-04:00,2024-06-07 15:10:00-04:00,lower,skipped,no_cutoff,n/a,n/a,,,,,,,,
253_lower,2024-05-24,2024-05-24 10:00:00-04:00,2024-06-21 10:00:00-04:00,2024-06-07 15:19:00-04:00,lower,skipped,no_cutoff,n/a,n/a,,,,,,,,
264_upper,2024-06-12,2024-06-10 10:00:00-04:00,2024-07-08 10:00:00-04:00,2024-06-12 08:39:00-04:00,upper,executed,,flat,inactive,2024-06-12 08:39:00-04:00,2024-06-12 08:43:00-04:00,2347.240656936564,2343.3406569365643,2.599999999999909,3.8999999999998636,TP,3.8999999999998636
265_upper,2024-06-12,2024-06-11 10:00:00-04:00,2024-07-09 10:00:00-04:00,2024-06-12 09:08:00-04:00,upper,executed,,flat,inactive,2024-06-12 09:08:00-04:00,2024-06-12 15:00:00-04:00,2356.7263795669146,2338.9,26.5,39.75,cutoff,17.82637956691451
266_lower,2024-06-13,2024-06-12 10:00:00-04:00,2024-07-10 10:00:00-04:00,2024-06-13 07:45:00-04:00,lower,executed,,flat,inactive,2024-06-13 07:45:00-04:00,2024-06-13 08:30:00-04:00,2320.4975740153423,2328.297574015342,5.199999999999818,7.799999999999727,TP,7.799999999999727
269_upper,2024-06-20,2024-06-17 10:00:00-04:00,2024-07-15 10:00:00-04:00,2024-06-20 10:00:00-04:00,upper,executed,,flat,inactive,2024-06-20 10:00:00-04:00,2024-06-20 15:00:00-04:00,2363.353257700926,2371.8,13.300000000000182,19.950000000000273,cutoff,-8.44674229907423
270_upper,2024-06-18,2024-06-18 10:00:00-04:00,2024-07-16 10:00:00-04:00,2024-06-20 10:01:00-04:00,upper,skipped,position_open,open,active,,,,,,,,
267_upper,2024-06-13,2024-06-13 10:00:00-04:00,2024-07-11 10:00:00-04:00,2024-06-20 10:03:00-04:00,upper,skipped,position_open,open,active,,,,,,,,
271_upper,2024-06-19,2024-06-19 10:00:00-04:00,2024-07-17 10:00:00-04:00,2024-06-20 10:03:00-04:00,upper,skipped,position_open,open,active,,,,,,,,
268_upper,2024-06-14,2024-06-14 10:00:00-04:00,2024-07-12 10:00:00-04:00,2024-06-20 10:20:00-04:00,upper,skipped,position_open,open,active,,,,,,,,
263_upper,2024-06-07,2024-06-07 10:00:00-04:00,2024-07-05 10:00:00-04:00,2024-06-20 10:57:00-04:00,upper,skipped,position_open,open,active,,,,,,,,
273_lower,2024-06-21,2024-06-21 10:00:00-04:00,2024-07-19 10:00:00-04:00,2024-06-25 12:55:00-04:00,lower,skipped,blocked_time,n/a,n/a,,,,,,,,
272_lower,2024-06-26,2024-06-20 10:00:00-04:00,2024-07-18 10:00:00-04:00,2024-06-25 21:39:00-04:00,lower,executed,,flat,inactive,2024-06-25 21:39:00-04:00,2024-06-26 01:40:00-04:00,2326.027706631385,2326.027706631385,6.300000000000182,9.450000000000273,BE,0.0
271_lower,2024-06-26,2024-06-19 10:00:00-04:00,2024-07-17 10:00:00-04:00,2024-06-26 06:22:00-04:00,lower,executed,,flat,inactive,2024-06-26 06:22:00-04:00,2024-06-26 07:23:00-04:00,2321.299885439046,2317.0998854390464,2.799999999999727,4.199999999999591,SL,-4.199999999999818
274_lower,2024-06-24,2024-06-24 10:00:00-04:00,2024-07-22 10:00:00-04:00,2024-06-26 07:01:00-04:00,lower,skipped,position_open,open,active,,,,,,,,
268_lower,2024-06-14,2024-06-14 10:00:00-04:00,2024-07-12 10:00:00-04:00,2024-06-26 07:25:00-04:00,lower,skipped,SAL,n/a,active,,,,,,,,
269_lower,2024-06-17,2024-06-17 10:00:00-04:00,2024-07-15 10:00:00-04:00,2024-06-26 09:19:00-04:00,lower,skipped,SAL,n/a,active,,,,,,,,
275_lower,2024-06-25,2024-06-25 10:00:00-04:00,2024-07-23 10:00:00-04:00,2024-06-26 09:26:00-04:00,lower,skipped,SAL,n/a,active,,,,,,,,
276_upper,2024-06-27,2024-06-26 10:00:00-04:00,2024-07-24 10:00:00-04:00,2024-06-27 08:39:00-04:00,upper,executed,,flat,inactive,2024-06-27 08:39:00-04:00,2024-06-27 09:26:00-04:00,2333.8771958366265,2333.8771958366265,4.800000000000182,7.200000000000273,BE,-0.0
277_upper,2024-07-03,2024-06-27 10:00:00-04:00,2024-07-25 10:00:00-04:00,2024-07-03 06:39:00-04:00,upper,executed,,flat,inactive,2024-07-03 06:39:00-04:00,2024-07-03 07:23:00-04:00,2358.5009991654197,2352.0509991654194,4.300000000000182,6.450000000000273,TP,6.450000000000273
275_upper,2024-07-03,2024-06-25 10:00:00-04:00,2024-07-23 10:00:00-04:00,2024-07-03 08:31:00-04:00,upper,executed,,flat,inactive,2024-07-03 08:31:00-04:00,2024-07-03 10:00:00-04:00,2361.465100831753,2368.5151008317525,4.699999999999818,7.049999999999727,SL,-7.049999999999727
278_upper,2024-06-28,2024-06-28 10:00:00-04:00,2024-07-26 10:00:00-04:00,2024-07-03 09:44:00-04:00,upper,skipped,position_open,open,active,,,,,,,,
274_upper,2024-06-24,2024-06-24 10:00:00-04:00,2024-07-22 10:00:00-04:00,2024-07-03 10:00:00-04:00,upper,skipped,SAL,n/a,active,,,,,,,,
279_upper,2024-07-01,2024-07-01 10:00:00-04:00,2024-07-29 10:00:00-04:00,2024-07-03 10:00:00-04:00,upper,skipped,SAL,n/a,active,,,,,,,,
280_upper,2024-07-02,2024-07-02 10:00:00-04:00,2024-07-30 10:00:00-04:00,2024-07-03 10:00:00-04:00,upper,skipped,SAL,n/a,active,,,,,,,,
272_upper,2024-07-05,2024-06-20 10:00:00-04:00,2024-07-18 10:00:00-04:00,2024-07-05 08:32:00-04:00,upper,executed,,flat,inactive,2024-07-05 08:32:00-04:00,2024-07-05 08:34:00-04:00,2384.4222933686146,2378.7222933686144,3.800000000000182,5.700000000000273,TP,5.700000000000273
266_upper,2024-07-05,2024-06-12 10:00:00-04:00,2024-07-10 10:00:00-04:00,2024-07-05 09:12:00-04:00,upper,executed,,flat,inactive,2024-07-05 09:12:00-04:00,2024-07-05 15:00:00-04:00,2387.2024259846576,2400.1,29.199999999999818,43.79999999999973,cutoff,-12.897574015342343
282_upper,2024-07-04,2024-07-04 10:00:00-04:00,2024-08-01 10:00:00-04:00,2024-07-05 09:35:00-04:00,upper,skipped,position_open,open,active,,,,,,,,
281_upper,2024-07-03,2024-07-03 10:00:00-04:00,2024-07-31 10:00:00-04:00,2024-07-05 11:18:00-04:00,upper,skipped,blocked_time,n/a,n/a,,,,,,,,
273_upper,2024-06-21,2024-06-21 10:00:00-04:00,2024-07-19 10:00:00-04:00,2024-07-05 14:42:00-04:00,upper,skipped,blocked_time,n/a,n/a,,,,,,,,
283_lower,2024-07-05,2024-07-05 10:00:00-04:00,2024-08-02 10:00:00-04:00,2024-07-09 11:21:00-04:00,lower,skipped,blocked_time,n/a,n/a,,,,,,,,
284_lower,2024-07-08,2024-07-08 10:00:00-04:00,2024-08-05 10:00:00-04:00,2024-07-09 11:21:00-04:00,lower,skipped,blocked_time,n/a,n/a,,,,,,,,
285_upper,2024-07-11,2024-07-09 10:00:00-04:00,2024-08-06 10:00:00-04:00,2024-07-11 08:30:00-04:00,upper,executed,,flat,inactive,2024-07-11 08:30:00-04:00,2024-07-11 08:32:00-04:00,2398.5329523778987,2405.2829523778987,4.5,6.75,SL,-6.75
284_upper,2024-07-08,2024-07-08 10:00:00-04:00,2024-08-05 10:00:00-04:00,2024-07-11 08:33:00-04:00,upper,skipped,SAL,n/a,active,,,,,,,,
283_upper,2024-07-05,2024-07-05 10:00:00-04:00,2024-08-02 10:00:00-04:00,2024-07-11 08:43:00-04:00,upper,skipped,SAL,n/a,active,,,,,,,,
286_upper,2024-07-10,2024-07-10 10:00:00-04:00,2024-08-07 10:00:00-04:00,2024-07-11 08:58:00-04:00,upper,skipped,SAL,n/a,active,,,,,,,,
288_upper,2024-07-15,2024-07-12 10:00:00-04:00,2024-08-09 10:00:00-04:00,2024-07-15 10:51:00-04:00,upper,executed,,flat,inactive,2024-07-15 10:51:00-04:00,2024-07-15 12:42:00-04:00,2432.69838263956,2444.2483826395596,7.699999999999818,11.549999999999727,SL,-11.549999999999727
287_upper,2024-07-11,2024-07-11 10:00:00-04:00,2024-08-08 10:00:00-04:00,2024-07-15 11:27:00-04:00,upper,skipped,blocked_time,n/a,n/a,,,,,,,,
289_upper,2024-07-16,2024-07-15 10:00:00-04:00,2024-08-12 10:00:00-04:00,2024-07-16 05:36:00-04:00,upper,executed,,flat,inactive,2024-07-16 05:36:00-04:00,2024-07-16 07:25:00-04:00,2446.914881653509,2446.914881653509,5.200000000000273,7.800000000000409,BE,-0.0
290_upper,2024-07-16,2024-07-16 10:00:00-04:00,2024-08-13 10:00:00-04:00,2024-07-16 16:05:00-04:00,upper,skipped,no_cutoff,n/a,n/a,,,,,,,,
291_lower,2024-07-17,2024-07-17 10:00:00-04:00,2024-08-14 10:00:00-04:00,2024-07-18 15:06:00-04:00,lower,skipped,no_cutoff,n/a,n/a,,,,,,,,
292_lower,2024-07-19,2024-07-18 10:00:00-04:00,2024-08-15 10:00:00-04:00,2024-07-18 20:03:00-04:00,lower,executed,,flat,inactive,2024-07-18 20:03:00-04:00,2024-07-18 20:17:00-04:00,2437.1046998299335,2431.254699829933,3.900000000000091,5.850000000000136,SL,-5.850000000000364
290_lower,2024-07-16,2024-07-16 10:00:00-04:00,2024-08-13 10:00:00-04:00,2024-07-19 03:41:00-04:00,lower,skipped,SAL,n/a,active,,,,,,,,
289_lower,2024-07-22,2024-07-15 10:00:00-04:00,2024-08-12 10:00:00-04:00,2024-07-22 08:33:00-04:00,lower,executed,,flat,inactive,2024-07-22 08:33:00-04:00,2024-07-22 09:44:00-04:00,2394.2351183464916,2394.2351183464916,9.799999999999727,14.69999999999959,BE,0.0
294_upper,2024-07-24,2024-07-22 10:00:00-04:00,2024-08-19 10:00:00-04:00,2024-07-24 09:48:00-04:00,upper,executed,,flat,inactive,2024-07-24 09:48:00-04:00,2024-07-24 13:05:00-04:00,2425.3919102188993,2416.541910218899,5.900000000000091,8.850000000000136,TP,8.850000000000136
293_upper,2024-07-19,2024-07-19 10:00:00-04:00,2024-08-16 10:00:00-04:00,2024-07-24 10:51:00-04:00,upper,skipped,position_open,open,inactive,,,,,,,,
295_upper,2024-07-23,2024-07-23 10:00:00-04:00,2024-08-20 10:00:00-04:00,2024-07-24 10:53:00-04:00,upper,skipped,position_open,open,inactive,,,,,,,,
296_lower,2024-07-25,2024-07-24 10:00:00-04:00,2024-08-21 10:00:00-04:00,2024-07-24 21:24:00-04:00,lower,executed,,flat,inactive,2024-07-24 21:24:00-04:00,2024-07-24 21:27:00-04:00,2390.0974974896876,2384.6974974896875,3.599999999999909,5.399999999999864,SL,-5.400000000000091
287_lower,2024-07-11,2024-07-11 10:00:00-04:00,2024-08-08 10:00:00-04:00,2024-07-24 21:38:00-04:00,lower,skipped,SAL,n/a,active,,,,,,,,
288_lower,2024-07-12,2024-07-12 10:00:00-04:00,2024-08-09 10:00:00-04:00,2024-07-24 21:38:00-04:00,lower,skipped,SAL,n/a,active,,,,,,,,
295_lower,2024-07-23,2024-07-23 10:00:00-04:00,2024-08-20 10:00:00-04:00,2024-07-24 21:40:00-04:00,lower,skipped,SAL,n/a,active,,,,,,,,
293_lower,2024-07-19,2024-07-19 10:00:00-04:00,2024-08-16 10:00:00-04:00,2024-07-24 22:41:00-04:00,lower,skipped,SAL,n/a,active,,,,,,,,
294_lower,2024-07-22,2024-07-22 10:00:00-04:00,2024-08-19 10:00:00-04:00,2024-07-24 22:42:00-04:00,lower,skipped,SAL,n/a,active,,,,,,,,
286_lower,2024-07-10,2024-07-10 10:00:00-04:00,2024-08-07 10:00:00-04:00,2024-07-25 09:54:00-04:00,lower,skipped,SAL,n/a,active,,,,,,,,
297_upper,2024-07-25,2024-07-25 10:00:00-04:00,2024-08-22 10:00:00-04:00,2024-07-28 18:15:00-04:00,upper,skipped,no_anchor,n/a,n/a,,,,,,,,
298_upper,2024-07-29,2024-07-26 10:00:00-04:00,2024-08-23 10:00:00-04:00,2024-07-28 20:00:00-04:00,upper,executed,,flat,inactive,2024-07-28 20:00:00-04:00,2024-07-28 21:33:00-04:00,2443.7,2437.25,4.299999999999727,6.449999999999591,TP,6.449999999999591
296_upper,2024-07-24,2024-07-24 10:00:00-04:00,2024-08-21 10:00:00-04:00,2024-07-30 13:01:00-04:00,upper,skipped,blocked_time,n/a,n/a,,,,,,,,
299_upper,2024-07-31,2024-07-29 10:00:00-04:00,2024-08-26 10:00:00-04:00,2024-07-31 02:32:00-04:00,upper,executed,,flat,inactive,2024-07-31 02:32:00-04:00,2024-07-31 03:28:00-04:00,2469.0332796072503,2461.5332796072503,5.0,7.5,TP,7.5
300_upper,2024-07-31,2024-07-30 10:00:00-04:00,2024-08-27 10:00:00-04:00,2024-07-31 09:55:00-04:00,upper,executed,,flat,inactive,2024-07-31 09:55:00-04:00,2024-07-31 12:29:00-04:00,2472.138255876178,2472.138255876178,6.099999999999909,9.149999999999864,BE,-0.0
292_upper,2024-07-18,2024-07-18 10:00:00-04:00,2024-08-15 10:00:00-04:00,2024-07-31 15:37:00-04:00,upper,skipped,no_cutoff,n/a,n/a,,,,,,,,
301_upper,2024-08-01,2024-07-31 10:00:00-04:00,2024-08-28 10:00:00-04:00,2024-07-31 21:21:00-04:00,upper,executed,,flat,inactive,2024-07-31 21:21:00-04:00,2024-07-31 22:00:00-04:00,2500.2349757910965,2494.0849757910964,4.099999999999909,6.149999999999864,TP,6.149999999999864
291_upper,2024-08-02,2024-07-17 10:00:00-04:00,2024-08-14 10:00:00-04:00,2024-08-02 01:59:00-04:00,upper,executed,,flat,inactive,2024-08-02 01:59:00-04:00,2024-08-02 07:38:00-04:00,2511.0544617462474,2501.9044617462478,6.099999999999909,9.149999999999864,TP,9.149999999999864
303_lower,2024-08-02,2024-08-02 10:00:00-04:00,2024-08-30 10:00:00-04:00,2024-08-02 10:45:00-04:00,lower,executed,,flat,inactive,2024-08-02 10:45:00-04:00,2024-08-02 15:00:00-04:00,2474.2238145321835,2469.8,19.199999999999818,28.799999999999727,cutoff,-4.423814532183314
302_lower,2024-08-01,2024-08-01 10:00:00-04:00,2024-08-29 10:00:00-04:00,2024-08-02 11:13:00-04:00,lower,skipped,blocked_time,n/a,n/a,,,,,,,,
301_lower,2024-08-05,2024-07-31 10:00:00-04:00,2024-08-28 10:00:00-04:00,2024-08-05 07:35:00-04:00,lower,executed,,flat,inactive,2024-08-05 07:35:00-04:00,2024-08-05 08:24:00-04:00,2433.3650242089034,2406.665024208903,17.800000000000182,26.700000000000273,SL,-26.700000000000273
299_lower,2024-07-29,2024-07-29 10:00:00-04:00,2024-08-26 10:00:00-04:00,2024-08-05 08:24:00-04:00,lower,skipped,SAL,n/a,active,,,,,,,,
300_lower,2024-07-30,2024-07-30 10:00:00-04:00,2024-08-27 10:00:00-04:00,2024-08-05 08:30:00-04:00,lower,skipped,SAL,n/a,active,,,,,,,,
304_upper,2024-08-09,2024-08-05 10:00:00-04:00,2024-09-02 10:00:00-04:00,2024-08-09 07:04:00-04:00,upper,executed,,flat,inactive,2024-08-09 07:04:00-04:00,2024-08-09 09:31:00-04:00,2472.1831291873914,2472.1831291873914,9.300000000000182,13.950000000000273,BE,-0.0
305_upper,2024-08-12,2024-08-06 10:00:00-04:00,2024-09-03 10:00:00-04:00,2024-08-12 03:39:00-04:00,upper,executed,,flat,inactive,2024-08-12 03:39:00-04:00,2024-08-12 09:19:00-04:00,2479.4128224897063,2485.1128224897056,3.799999999999727,5.699999999999591,SL,-5.699999999999363
306_upper,2024-08-07,2024-08-07 10:00:00-04:00,2024-09-04 10:00:00-04:00,2024-08-12 03:57:00-04:00,upper,skipped,position_open,open,active,,,,,,,,
307_upper,2024-08-08,2024-08-08 10:00:00-04:00,2024-09-05 10:00:00-04:00,2024-08-12 09:31:00-04:00,upper,skipped,SAL,n/a,active,,,,,,,,
308_upper,2024-08-09,2024-08-09 10:00:00-04:00,2024-09-06 10:00:00-04:00,2024-08-12 13:49:00-04:00,upper,skipped,blocked_time,n/a,n/a,,,,,,,,
310_lower,2024-08-15,2024-08-13 10:00:00-04:00,2024-09-10 10:00:00-04:00,2024-08-15 09:08:00-04:00,lower,executed,,flat,inactive,2024-08-15 09:08:00-04:00,2024-08-15 15:00:00-04:00,2471.1275297496927,2495.8,30.0,45.0,cutoff,24.67247025030747
312_upper,2024-08-16,2024-08-15 10:00:00-04:00,2024-09-12 10:00:00-04:00,2024-08-16 08:53:00-04:00,upper,executed,,flat,inactive,2024-08-16 08:53:00-04:00,2024-08-16 09:46:00-04:00,2523.712197707961,2535.562197707961,7.900000000000091,11.850000000000136,SL,-11.849999999999909
309_upper,2024-08-12,2024-08-12 10:00:00-04:00,2024-09-09 10:00:00-04:00,2024-08-16 08:55:00-04:00,upper,skipped,position_open,open,active,,,,,,,,
311_upper,2024-08-14,2024-08-14 10:00:00-04:00,2024-09-11 10:00:00-04:00,2024-08-16 08:59:00-04:00,upper,skipped,position_open,open,active,,,,,,,,
302_upper,2024-08-01,2024-08-01 10:00:00-04:00,2024-08-29 10:00:00-04:00,2024-08-16 09:46:00-04:00,upper,skipped,SAL,n/a,active,,,,,,,,
303_upper,2024-08-02,2024-08-02 10:00:00-04:00,2024-08-30 10:00:00-04:00,2024-08-16 15:57:00-04:00,upper,skipped,no_cutoff,n/a,n/a,,,,,,,,
310_upper,2024-08-13,2024-08-13 10:00:00-04:00,2024-09-10 10:00:00-04:00,2024-08-16 15:57:00-04:00,upper,skipped,no_cutoff,n/a,n/a,,,,,,,,
314_upper,2024-08-20,2024-08-19 10:00:00-04:00,2024-09-16 10:00:00-04:00,2024-08-20 07:27:00-04:00,upper,executed,,flat,inactive,2024-08-20 07:27:00-04:00,2024-08-20 08:14:00-04:00,2564.3509634604807,2564.3509634604807,3.800000000000182,5.700000000000273,BE,-0.0
313_upper,2024-08-20,2024-08-16 10:00:00-04:00,2024-09-13 10:00:00-04:00,2024-08-20 08:26:00-04:00,upper,executed,,flat,inactive,2024-08-20 08:26:00-04:00,2024-08-20 09:29:00-04:00,2567.107290422816,2567.107290422816,4.900000000000091,7.350000000000136,BE,-0.0
315_lower,2024-08-22,2024-08-20 10:00:00-04:00,2024-09-17 10:00:00-04:00,2024-08-22 09:21:00-04:00,lower,executed,,flat,inactive,2024-08-22 09:21:00-04:00,2024-08-22 10:13:00-04:00,2528.0007663676097,2512.10076636761,10.599999999999909,15.899999999999864,SL,-15.899999999999636
317_upper,2024-08-28,2024-08-22 10:00:00-04:00,2024-09-19 10:00:00-04:00,2024-08-27 19:07:00-04:00,upper,executed,,flat,inactive,2024-08-27 19:07:00-04:00,2024-08-27 19:33:00-04:00,2563.516172669009,2561.266172669009,1.5,2.25,TP,2.25
319_lower,2024-09-02,2024-08-26 10:00:00-04:00,2024-09-23 10:00:00-04:00,2024-09-01 22:42:00-04:00,lower,executed,,flat,inactive,2024-09-01 22:42:00-04:00,2024-09-02 04:39:00-04:00,2522.602212606904,2534.602212606904,8.0,12.0,TP,12.0
323_lower,2024-09-03,2024-08-30 10:00:00-04:00,2024-09-27 10:00:00-04:00,2024-09-03 09:39:00-04:00,lower,executed,,flat,inactive,2024-09-03 09:39:00-04:00,2024-09-03 15:00:00-04:00,2515.807313062116,2520.5,15.199999999999818,22.799999999999727,cutoff,4.692686937883991
320_lower,2024-08-27,2024-08-27 10:00:00-04:00,2024-09-24 10:00:00-04:00,2024-09-03 09:49:00-04:00,lower,skipped,position_open,open,inactive,,,,,,,,
322_lower,2024-08-29,2024-08-29 10:00:00-04:00,2024-09-26 10:00:00-04:00,2024-09-03 09:49:00-04:00,lower,skipped,position_open,open,inactive,,,,,,,,
321_lower,2024-08-28,2024-08-28 10:00:00-04:00,2024-09-25 10:00:00-04:00,2024-09-03 10:20:00-04:00,lower,skipped,position_open,open,inactive,,,,,,,,
326_upper,2024-09-12,2024-09-04 10:00:00-04:00,2024-10-02 10:00:00-04:00,2024-09-12 08:45:00-04:00,upper,executed,,flat,inactive,2024-09-12 08:45:00-04:00,2024-09-12 09:10:00-04:00,2560.1212617964716,2571.2212617964715,7.400000000000091,11.100000000000136,SL,-11.099999999999909
324_upper,2024-09-02,2024-09-02 10:00:00-04:00,2024-09-30 10:00:00-04:00,2024-09-12 08:46:00-04:00,upper,skipped,position_open,open,active,,,,,,,,
325_upper,2024-09-03,2024-09-03 10:00:00-04:00,2024-10-01 10:00:00-04:00,2024-09-12 08:46:00-04:00,upper,skipped,position_open,open,active,,,,,,,,
329_upper,2024-09-09,2024-09-09 10:00:00-04:00,2024-10-07 10:00:00-04:00,2024-09-12 09:09:00-04:00,upper,skipped,position_open,open,active,,,,,,,,
318_upper,2024-08-23,2024-08-23 10:00:00-04:00,2024-09-20 10:00:00-04:00,2024-09-12 09:42:00-04:00,upper,skipped,SAL,n/a,active,,,,,,,,
331_upper,2024-09-11,2024-09-11 10:00:00-04:00,2024-10-09 10:00:00-04:00,2024-09-12 09:44:00-04:00,upper,skipped,SAL,n/a,active,,,,,,,,
320_upper,2024-08-27,2024-08-27 10:00:00-04:00,2024-09-24 10:00:00-04:00,2024-09-12 09:45:00-04:00,upper,skipped,SAL,n/a,active,,,,,,,,
321_upper,2024-08-28,2024-08-28 10:00:00-04:00,2024-09-25 10:00:00-04:00,2024-09-12 09:45:00-04:00,upper,skipped,SAL,n/a,active,,,,,,,,
328_upper,2024-09-06,2024-09-06 10:00:00-04:00,2024-10-04 10:00:00-04:00,2024-09-12 09:45:00-04:00,upper,skipped,SAL,n/a,active,,,,,,,,
316_upper,2024-08-21,2024-08-21 10:00:00-04:00,2024-09-18 10:00:00-04:00,2024-09-12 10:46:00-04:00,upper,skipped,SAL,n/a,active,,,,,,,,
322_upper,2024-08-29,2024-08-29 10:00:00-04:00,2024-09-26 10:00:00-04:00,2024-09-12 10:46:00-04:00,upper,skipped,SAL,n/a,active,,,,,,,,
323_upper,2024-08-30,2024-08-30 10:00:00-04:00,2024-09-27 10:00:00-04:00,2024-09-12 10:46:00-04:00,upper,skipped,SAL,n/a,active,,,,,,,,
330_upper,2024-09-10,2024-09-10 10:00:00-04:00,2024-10-08 10:00:00-04:00,2024-09-12 10:46:00-04:00,upper,skipped,SAL,n/a,active,,,,,,,,
327_upper,2024-09-05,2024-09-05 10:00:00-04:00,2024-10-03 10:00:00-04:00,2024-09-12 15:50:00-04:00,upper,skipped,no_cutoff,n/a,n/a,,,,,,,,
319_upper,2024-09-13,2024-08-26 10:00:00-04:00,2024-09-23 10:00:00-04:00,2024-09-12 21:09:00-04:00,upper,executed,,flat,inactive,2024-09-12 21:09:00-04:00,2024-09-12 23:25:00-04:00,2594.997787393096,2594.997787393096,6.400000000000091,9.600000000000136,BE,-0.0
315_upper,2024-09-13,2024-08-20 10:00:00-04:00,2024-09-17 10:00:00-04:00,2024-09-13 08:59:00-04:00,upper,executed,,flat,inactive,2024-09-13 08:59:00-04:00,2024-09-13 09:41:00-04:00,2603.649233632391,2610.6992336323906,4.699999999999818,7.049999999999727,SL,-7.049999999999727
332_upper,2024-09-16,2024-09-12 10:00:00-04:00,2024-10-10 10:00:00-04:00,2024-09-15 23:06:00-04:00,upper,executed,,flat,inactive,2024-09-15 23:06:00-04:00,2024-09-16 01:25:00-04:00,2615.2989224062453,2615.2989224062453,4.5,6.75,BE,-0.0
334_lower,2024-09-16,2024-09-16 10:00:00-04:00,2024-10-14 10:00:00-04:00,2024-09-18 15:50:00-04:00,lower,skipped,no_cutoff,n/a,n/a,,,,,,,,
335_upper,2024-09-20,2024-09-17 10:00:00-04:00,2024-10-15 10:00:00-04:00,2024-09-20 07:01:00-04:00,upper,executed,,flat,inactive,2024-09-20 07:01:00-04:00,2024-09-20 07:54:00-04:00,2639.991594389636,2639.991594389636,8.0,12.0,BE,-0.0
336_upper,2024-09-20,2024-09-18 10:00:00-04:00,2024-10-16 10:00:00-04:00,2024-09-20 08:06:00-04:00,upper,executed,,flat,inactive,2024-09-20 08:06:00-04:00,2024-09-20 08:54:00-04:00,2641.730590390143,2641.730590390143,5.399999999999636,8.099999999999454,BE,-0.0
337_upper,2024-09-19,2024-09-19 10:00:00-04:00,2024-10-17 10:00:00-04:00,2024-09-20 08:22:00-04:00,upper,skipped,position_open,open,inactive,,,,,,,,
333_upper,2024-09-13,2024-09-13 10:00:00-04:00,2024-10-11 10:00:00-04:00,2024-09-20 11:41:00-04:00,upper,skipped,blocked_time,n/a,n/a,,,,,,,,
334_upper,2024-09-16,2024-09-16 10:00:00-04:00,2024-10-14 10:00:00-04:00,2024-09-20 12:00:00-04:00,upper,skipped,blocked_time,n/a,n/a,,,,,,,,
338_upper,2024-09-24,2024-09-20 10:00:00-04:00,2024-10-18 10:00:00-04:00,2024-09-24 10:53:00-04:00,upper,executed,,flat,inactive,2024-09-24 10:53:00-04:00,2024-09-24 12:05:00-04:00,2671.6607151005937,2671.6607151005937,6.399999999999636,9.599999999999454,BE,-0.0
339_upper,2024-09-25,2024-09-23 10:00:00-04:00,2024-10-21 10:00:00-04:00,2024-09-24 22:57:00-04:00,upper,executed,,flat,inactive,2024-09-24 22:57:00-04:00,2024-09-25 01:50:00-04:00,2691.2554304420482,2679.405430442049,7.899999999999636,11.849999999999454,TP,11.849999999999454
340_upper,2024-09-26,2024-09-24 10:00:00-04:00,2024-10-22 10:00:00-04:00,2024-09-26 06:20:00-04:00,upper,executed,,flat,inactive,2024-09-26 06:20:00-04:00,2024-09-26 07:04:00-04:00,2696.215234070307,2700.5652340703073,2.900000000000091,4.350000000000136,SL,-4.350000000000364
341_lower,2024-09-30,2024-09-25 10:00:00-04:00,2024-10-23 10:00:00-04:00,2024-09-30 10:03:00-04:00,lower,executed,,flat,inactive,2024-09-30 10:03:00-04:00,2024-09-30 14:12:00-04:00,2651.2674340370195,2651.2674340370195,11.900000000000091,17.850000000000136,BE,0.0
343_lower,2024-09-27,2024-09-27 10:00:00-04:00,2024-10-25 10:00:00-04:00,2024-09-30 14:26:00-04:00,lower,skipped,blocked_time,n/a,n/a,,,,,,,,
342_lower,2024-10-08,2024-09-26 10:00:00-04:00,2024-10-24 10:00:00-04:00,2024-10-08 10:30:00-04:00,lower,executed,,flat,inactive,2024-10-08 10:30:00-04:00,2024-10-08 11:32:00-04:00,2644.337004414619,2627.387004414619,11.300000000000182,16.950000000000273,SL,-16.950000000000273
346_lower,2024-10-02,2024-10-02 10:00:00-04:00,2024-10-30 10:00:00-04:00,2024-10-08 11:07:00-04:00,lower,skipped,blocked_time,n/a,n/a,,,,,,,,
345_lower,2024-10-01,2024-10-01 10:00:00-04:00,2024-10-29 10:00:00-04:00,2024-10-08 11:30:00-04:00,lower,skipped,blocked_time,n/a,n/a,,,,,,,,
340_lower,2024-10-10,2024-09-24 10:00:00-04:00,2024-10-22 10:00:00-04:00,2024-10-10 08:30:00-04:00,lower,executed,,flat,inactive,2024-10-10 08:30:00-04:00,2024-10-10 08:31:00-04:00,2621.934765929693,2633.784765929693,7.900000000000091,11.850000000000136,TP,11.850000000000136
351_upper,2024-10-14,2024-10-09 10:00:00-04:00,2024-11-06 10:00:00-05:00,2024-10-14 02:24:00-04:00,upper,executed,,flat,inactive,2024-10-14 02:24:00-04:00,2024-10-14 04:47:00-04:00,2681.359838864176,2675.8098388641756,3.700000000000273,5.550000000000409,TP,5.550000000000409
352_upper,2024-10-16,2024-10-10 10:00:00-04:00,2024-11-07 10:00:00-05:00,2024-10-16 02:26:00-04:00,upper,executed,,flat,inactive,2024-10-16 02:26:00-04:00,2024-10-16 03:51:00-04:00,2693.1048623495312,2693.1048623495312,4.300000000000182,6.450000000000273,BE,-0.0
344_upper,2024-10-17,2024-09-30 10:00:00-04:00,2024-10-28 10:00:00-04:00,2024-10-17 09:58:00-04:00,upper,executed,,flat,inactive,2024-10-17 09:58:00-04:00,2024-10-17 15:00:00-04:00,2705.229114825323,2704.5,9.800000000000182,14.700000000000273,cutoff,0.7291148253229949
350_upper,2024-10-08,2024-10-08 10:00:00-04:00,2024-11-05 10:00:00-05:00,2024-10-17 10:26:00-04:00,upper,skipped,position_open,open,inactive,,,,,,,,
349_upper,2024-10-18,2024-10-07 10:00:00-04:00,2024-11-04 10:00:00-05:00,2024-10-17 21:24:00-04:00,upper,executed,,flat,inactive,2024-10-17 21:24:00-04:00,2024-10-17 21:35:00-04:00,2714.478622488702,2718.6786224887023,2.800000000000182,4.200000000000273,SL,-4.200000000000273
353_upper,2024-10-11,2024-10-11 10:00:00-04:00,2024-11-08 10:00:00-05:00,2024-10-17 21:35:00-04:00,upper,skipped,SAL,n/a,active,,,,,,,,
347_upper,2024-10-03,2024-10-03 10:00:00-04:00,2024-10-31 10:00:00-04:00,2024-10-17 21:45:00-04:00,upper,skipped,SAL,n/a,active,,,,,,,,
355_upper,2024-10-15,2024-10-15 10:00:00-04:00,2024-11-12 10:00:00-05:00,2024-10-17 21:45:00-04:00,upper,skipped,SAL,n/a,active,,,,,,,,
346_upper,2024-10-02,2024-10-02 10:00:00-04:00,2024-10-30 10:00:00-04:00,2024-10-17 22:25:00-04:00,upper,skipped,SAL,n/a,active,,,,,,,,
341_upper,2024-09-25,2024-09-25 10:00:00-04:00,2024-10-23 10:00:00-04:00,2024-10-17 22:31:00-04:00,upper,skipped,SAL,n/a,active,,,,,,,,
354_upper,2024-10-14,2024-10-14 10:00:00-04:00,2024-11-11 10:00:00-05:00,2024-10-18 01:36:00-04:00,upper,skipped,SAL,n/a,active,,,,,,,,
348_upper,2024-10-04,2024-10-04 10:00:00-04:00,2024-11-01 10:00:00-04:00,2024-10-18 01:38:00-04:00,upper,skipped,SAL,n/a,active,,,,,,,,
342_upper,2024-09-26,2024-09-26 10:00:00-04:00,2024-10-24 10:00:00-04:00,2024-10-18 08:32:00-04:00,upper,skipped,SAL,n/a,active,,,,,,,,
343_upper,2024-09-27,2024-09-27 10:00:00-04:00,2024-10-25 10:00:00-04:00,2024-10-18 08:33:00-04:00,upper,skipped,SAL,n/a,active,,,,,,,,
345_upper,2024-10-01,2024-10-01 10:00:00-04:00,2024-10-29 10:00:00-04:00,2024-10-18 08:33:00-04:00,upper,skipped,SAL,n/a,active,,,,,,,,
357_upper,2024-10-21,2024-10-17 10:00:00-04:00,2024-11-14 10:00:00-05:00,2024-10-21 07:31:00-04:00,upper,executed,,flat,inactive,2024-10-21 07:31:00-04:00,2024-10-21 08:23:00-04:00,2752.029240189984,2752.029240189984,6.900000000000091,10.350000000000136,BE,-0.0
356_upper,2024-10-16,2024-10-16 10:00:00-04:00,2024-11-13 10:00:00-05:00,2024-10-21 07:45:00-04:00,upper,skipped,position_open,open,inactive,,,,,,,,
358_upper,2024-10-29,2024-10-18 10:00:00-04:00,2024-11-15 10:00:00-05:00,2024-10-29 09:51:00-04:00,upper,executed,,flat,inactive,2024-10-29 09:51:00-04:00,2024-10-29 13:02:00-04:00,2776.4137199314114,2784.213719931411,5.199999999999818,7.799999999999727,SL,-7.799999999999727
363_upper,2024-10-30,2024-10-25 10:00:00-04:00,2024-11-22 10:00:00-05:00,2024-10-29 20:10:00-04:00,upper,executed,,flat,inactive,2024-10-29 20:10:00-04:00,2024-10-29 21:37:00-04:00,2790.1143047818796,2792.6643047818793,1.699999999999818,2.549999999999727,SL,-2.549999999999727
366_lower,2024-10-30,2024-10-30 10:00:00-04:00,2024-11-27 10:00:00-05:00,2024-11-03 18:03:00-05:00,lower,skipped,no_anchor,n/a,n/a,,,,,,,,
367_lower,2024-11-06,2024-10-31 10:00:00-04:00,2024-11-28 10:00:00-05:00,2024-11-06 01:33:00-05:00,lower,executed,,flat,inactive,2024-11-06 01:33:00-05:00,2024-11-06 01:37:00-05:00,2723.20592248673,2712.55592248673,7.099999999999909,10.649999999999864,SL,-10.649999999999636
365_lower,2024-10-29,2024-10-29 10:00:00-04:00,2024-11-26 10:00:00-05:00,2024-11-06 01:35:00-05:00,lower,skipped,position_open,open,active,,,,,,,,
368_lower,2024-11-01,2024-11-01 10:00:00-04:00,2024-11-29 10:00:00-05:00,2024-11-06 01:37:00-05:00,lower,skipped,SAL,n/a,active,,,,,,,,
370_lower,2024-11-05,2024-11-05 10:00:00-05:00,2024-12-03 10:00:00-05:00,2024-11-06 06:58:00-05:00,lower,skipped,SAL,n/a,active,,,,,,,,
360_lower,2024-10-22,2024-10-22 10:00:00-04:00,2024-11-19 10:00:00-05:00,2024-11-06 07:33:00-05:00,lower,skipped,SAL,n/a,active,,,,,,,,
369_lower,2024-11-04,2024-11-04 10:00:00-05:00,2024-12-02 10:00:00-05:00,2024-11-06 07:33:00-05:00,lower,skipped,SAL,n/a,active,,,,,,,,
359_lower,2024-10-21,2024-10-21 10:00:00-04:00,2024-11-18 10:00:00-05:00,2024-11-06 08:00:00-05:00,lower,skipped,SAL,n/a,active,,,,,,,,
361_lower,2024-10-23,2024-10-23 10:00:00-04:00,2024-11-20 10:00:00-05:00,2024-11-06 08:00:00-05:00,lower,skipped,SAL,n/a,active,,,,,,,,
364_lower,2024-10-28,2024-10-28 10:00:00-04:00,2024-11-25 10:00:00-05:00,2024-11-06 08:00:00-05:00,lower,skipped,SAL,n/a,active,,,,,,,,
362_lower,2024-10-24,2024-10-24 10:00:00-04:00,2024-11-21 10:00:00-05:00,2024-11-06 08:02:00-05:00,lower,skipped,SAL,n/a,active,,,,,,,,
363_lower,2024-10-25,2024-10-25 10:00:00-04:00,2024-11-22 10:00:00-05:00,2024-11-06 08:09:00-05:00,lower,skipped,SAL,n/a,active,,,,,,,,
358_lower,2024-10-18,2024-10-18 10:00:00-04:00,2024-11-15 10:00:00-05:00,2024-11-06 08:38:00-05:00,lower,skipped,SAL,n/a,active,,,,,,,,
371_upper,2024-11-06,2024-11-06 10:00:00-05:00,2024-12-04 10:00:00-05:00,2024-11-07 15:24:00-05:00,upper,skipped,no_cutoff,n/a,n/a,,,,,,,,
373_lower,2024-11-11,2024-11-08 10:00:00-05:00,2024-12-06 10:00:00-05:00,2024-11-11 08:33:00-05:00,lower,executed,,flat,inactive,2024-11-11 08:33:00-05:00,2024-11-11 08:53:00-05:00,2653.070267454891,2642.7202674548907,6.900000000000091,10.350000000000136,SL,-10.350000000000364
372_lower,2024-11-07,2024-11-07 10:00:00-05:00,2024-12-05 10:00:00-05:00,2024-11-11 08:34:00-05:00,lower,skipped,position_open,open,active,,,,,,,,
357_lower,2024-10-17,2024-10-17 10:00:00-04:00,2024-11-14 10:00:00-05:00,2024-11-11 08:35:00-05:00,lower,skipped,position_open,open,active,,,,,,,,
356_lower,2024-10-16,2024-10-16 10:00:00-04:00,2024-11-13 10:00:00-05:00,2024-11-11 08:59:00-05:00,lower,skipped,SAL,n/a,active,,,,,,,,
371_lower,2024-11-06,2024-11-06 10:00:00-05:00,2024-12-04 10:00:00-05:00,2024-11-12 00:30:00-05:00,lower,skipped,simultaneous_collision,flat,inactive,,,,,,,,
355_lower,2024-11-12,2024-10-15 10:00:00-04:00,2024-11-12 10:00:00-05:00,2024-11-12 00:30:00-05:00,lower,executed,,flat,inactive,2024-11-12 00:30:00-05:00,2024-11-12 02:24:00-05:00,2614.440949027545,2608.8909490275446,3.700000000000273,5.550000000000409,SL,-5.550000000000182
374_lower,2024-11-11,2024-11-11 10:00:00-05:00,2024-12-09 10:00:00-05:00,2024-11-13 12:11:00-05:00,lower,skipped,blocked_time,n/a,n/a,,,,,,,,
375_lower,2024-11-12,2024-11-12 10:00:00-05:00,2024-12-10 10:00:00-05:00,2024-11-13 16:58:00-05:00,lower,skipped,no_cutoff,n/a,n/a,,,,,,,,
376_lower,2024-11-14,2024-11-13 10:00:00-05:00,2024-12-11 10:00:00-05:00,2024-11-13 20:02:00-05:00,lower,executed,,flat,inactive,2024-11-13 20:02:00-05:00,2024-11-13 21:37:00-05:00,2571.8713855825167,2564.3713855825167,5.0,7.5,SL,-7.5
377_upper,2024-11-18,2024-11-14 10:00:00-05:00,2024-12-12 10:00:00-05:00,2024-11-18 08:38:00-05:00,upper,executed,,flat,inactive,2024-11-18 08:38:00-05:00,2024-11-18 10:57:00-05:00,2607.2308532934326,2617.5808532934325,6.900000000000091,10.350000000000136,SL,-10.349999999999909
378_upper,2024-11-15,2024-11-15 10:00:00-05:00,2024-12-13 10:00:00-05:00,2024-11-18 09:12:00-05:00,upper,skipped,position_open,open,active,,,,,,,,
379_upper,2024-11-20,2024-11-18 10:00:00-05:00,2024-12-16 10:00:00-05:00,2024-11-20 09:35:00-05:00,upper,executed,,flat,inactive,2024-11-20 09:35:00-05:00,2024-11-20 15:00:00-05:00,2646.984235062497,2653.8,9.699999999999818,14.549999999999727,cutoff,-6.8157649375029905
376_upper,2024-11-21,2024-11-13 10:00:00-05:00,2024-12-11 10:00:00-05:00,2024-11-20 19:43:00-05:00,upper,executed,,flat,inactive,2024-11-20 19:43:00-05:00,2024-11-20 20:58:00-05:00,2660.3786144174833,2654.5286144174834,3.900000000000091,5.850000000000136,TP,5.850000000000136
375_upper,2024-11-12,2024-11-12 10:00:00-05:00,2024-12-10 10:00:00-05:00,2024-11-20 19:49:00-05:00,upper,skipped,position_open,open,inactive,,,,,,,,
380_upper,2024-11-21,2024-11-19 10:00:00-05:00,2024-12-17 10:00:00-05:00,2024-11-21 03:35:00-05:00,upper,executed,,flat,inactive,2024-11-21 03:35:00-05:00,2024-11-21 05:01:00-05:00,2671.845894167907,2671.845894167907,4.899999999999636,7.349999999999454,BE,-0.0
374_upper,2024-11-21,2024-11-11 10:00:00-05:00,2024-12-09 10:00:00-05:00,2024-11-21 06:21:00-05:00,upper,executed,,flat,inactive,2024-11-21 06:21:00-05:00,2024-11-21 07:12:00-05:00,2675.751886796757,2667.651886796757,5.400000000000091,8.100000000000136,TP,8.100000000000136
381_upper,2024-11-22,2024-11-20 10:00:00-05:00,2024-12-18 10:00:00-05:00,2024-11-21 21:36:00-05:00,upper,executed,,flat,inactive,2024-11-21 21:36:00-05:00,2024-11-22 01:56:00-05:00,2685.596836790314,2695.496836790314,6.599999999999909,9.899999999999864,SL,-9.900000000000091
382_upper,2024-11-21,2024-11-21 10:00:00-05:00,2024-12-19 10:00:00-05:00,2024-11-22 05:27:00-05:00,upper,skipped,SAL,n/a,active,,,,,,,,
383_lower,2024-11-25,2024-11-22 10:00:00-05:00,2024-12-20 10:00:00-05:00,2024-11-25 09:20:00-05:00,lower,executed,,flat,inactive,2024-11-25 09:20:00-05:00,2024-11-25 10:55:00-05:00,2647.238539047139,2629.988539047139,11.5,17.25,SL,-17.25
382_lower,2024-11-21,2024-11-21 10:00:00-05:00,2024-12-19 10:00:00-05:00,2024-11-25 10:57:00-05:00,lower,skipped,SAL,n/a,active,,,,,,,,
385_upper,2024-11-27,2024-11-26 10:00:00-05:00,2024-12-24 10:00:00-05:00,2024-11-27 00:41:00-05:00,upper,executed,,flat,inactive,2024-11-27 00:41:00-05:00,2024-11-27 01:10:00-05:00,2670.267966805565,2664.267966805565,4.0,6.0,TP,6.0
384_upper,2024-11-29,2024-11-25 10:00:00-05:00,2024-12-23 10:00:00-05:00,2024-11-28 23:40:00-05:00,upper,executed,,flat,inactive,2024-11-28 23:40:00-05:00,2024-11-29 00:27:00-05:00,2687.573853231803,2687.573853231803,5.899999999999636,8.849999999999454,BE,-0.0
388_lower,2024-11-29,2024-11-29 10:00:00-05:00,2024-12-30 10:00:00-05:00,2024-12-05 20:10:00-05:00,lower,skipped,simultaneous_collision,flat,inactive,,,,,,,,
391_lower,2024-12-04,2024-12-04 10:00:00-05:00,2025-01-03 10:00:00-05:00,2024-12-05 20:10:00-05:00,lower,skipped,simultaneous_collision,flat,inactive,,,,,,,,
386_lower,2024-12-06,2024-11-27 10:00:00-05:00,2024-12-26 10:00:00-05:00,2024-12-05 20:10:00-05:00,lower,executed,,flat,inactive,2024-12-05 20:10:00-05:00,2024-12-05 20:30:00-05:00,2635.7949713437347,2643.5949713437344,5.199999999999818,7.799999999999727,TP,7.799999999999727
393_upper,2024-12-09,2024-12-06 10:00:00-05:00,2025-01-07 10:00:00-05:00,2024-12-09 08:48:00-05:00,upper,executed,,flat,inactive,2024-12-09 08:48:00-05:00,2024-12-09 09:41:00-05:00,2687.1483805480716,2694.1983805480722,4.700000000000273,7.050000000000409,SL,-7.050000000000637
392_upper,2024-12-10,2024-12-05 10:00:00-05:00,2025-01-06 10:00:00-05:00,2024-12-10 09:05:00-05:00,upper,executed,,flat,inactive,2024-12-10 09:05:00-05:00,2024-12-10 15:00:00-05:00,2705.9560288870857,2718.0,10.400000000000091,15.600000000000136,cutoff,-12.043971112914278
389_upper,2024-12-02,2024-12-02 10:00:00-05:00,2024-12-31 10:00:00-05:00,2024-12-10 09:19:00-05:00,upper,skipped,position_open,open,active,,,,,,,,
387_upper,2024-11-28,2024-11-28 10:00:00-05:00,2024-12-27 10:00:00-05:00,2024-12-10 09:23:00-05:00,upper,skipped,position_open,open,active,,,,,,,,
391_upper,2024-12-04,2024-12-04 10:00:00-05:00,2025-01-03 10:00:00-05:00,2024-12-10 09:32:00-05:00,upper,skipped,position_open,open,active,,,,,,,,
390_upper,2024-12-03,2024-12-03 10:00:00-05:00,2025-01-02 10:00:00-05:00,2024-12-10 09:54:00-05:00,upper,skipped,position_open,open,active,,,,,,,,
386_upper,2024-11-27,2024-11-27 10:00:00-05:00,2024-12-26 10:00:00-05:00,2024-12-10 11:59:00-05:00,upper,skipped,blocked_time,n/a,n/a,,,,,,,,
388_upper,2024-11-29,2024-11-29 10:00:00-05:00,2024-12-30 10:00:00-05:00,2024-12-10 12:53:00-05:00,upper,skipped,blocked_time,n/a,n/a,,,,,,,,
394_upper,2024-12-11,2024-12-09 10:00:00-05:00,2025-01-08 10:00:00-05:00,2024-12-10 19:34:00-05:00,upper,executed,,flat,inactive,2024-12-10 19:34:00-05:00,2024-12-10 21:30:00-05:00,2729.0009272914112,2738.0009272914112,6.0,9.0,SL,-9.0
383_upper,2024-11-22,2024-11-22 10:00:00-05:00,2024-12-20 10:00:00-05:00,2024-12-10 21:22:00-05:00,upper,skipped,position_open,open,active,,,,,,,,
395_upper,2024-12-10,2024-12-10 10:00:00-05:00,2025-01-09 10:00:00-05:00,2024-12-11 10:01:00-05:00,upper,skipped,SAL,n/a,active,,,,,,,,
396_lower,2024-12-13,2024-12-11 10:00:00-05:00,2025-01-10 10:00:00-05:00,2024-12-13 03:57:00-05:00,lower,executed,,flat,inactive,2024-12-13 03:57:00-05:00,2024-12-13 07:01:00-05:00,2695.863040948888,2683.2630409488875,8.400000000000091,12.600000000000136,SL,-12.600000000000364
395_lower,2024-12-10,2024-12-10 10:00:00-05:00,2025-01-09 10:00:00-05:00,2024-12-13 08:51:00-05:00,lower,skipped,SAL,n/a,active,,,,,,,,
397_lower,2024-12-12,2024-12-12 10:00:00-05:00,2025-01-13 10:00:00-05:00,2024-12-13 13:41:00-05:00,lower,skipped,blocked_time,n/a,n/a,,,,,,,,
394_lower,2024-12-17,2024-12-09 10:00:00-05:00,2025-01-08 10:00:00-05:00,2024-12-17 03:57:00-05:00,lower,executed,,flat,inactive,2024-12-17 03:57:00-05:00,2024-12-17 15:00:00-05:00,2656.449072708589,2661.7,7.900000000000091,11.850000000000136,cutoff,5.25092729141079
398_lower,2024-12-13,2024-12-13 10:00:00-05:00,2025-01-14 10:00:00-05:00,2024-12-18 14:00:00-05:00,lower,skipped,blocked_time,n/a,n/a,,,,,,,,
399_lower,2024-12-16,2024-12-16 10:00:00-05:00,2025-01-15 10:00:00-05:00,2024-12-18 14:05:00-05:00,lower,skipped,blocked_time,n/a,n/a,,,,,,,,
389_lower,2024-12-02,2024-12-02 10:00:00-05:00,2024-12-31 10:00:00-05:00,2024-12-18 14:09:00-05:00,lower,skipped,blocked_time,n/a,n/a,,,,,,,,
390_lower,2024-12-03,2024-12-03 10:00:00-05:00,2025-01-02 10:00:00-05:00,2024-12-18 14:09:00-05:00,lower,skipped,blocked_time,n/a,n/a,,,,,,,,
387_lower,2024-11-28,2024-11-28 10:00:00-05:00,2024-12-27 10:00:00-05:00,2024-12-18 14:38:00-05:00,lower,skipped,blocked_time,n/a,n/a,,,,,,,,
392_lower,2024-12-05,2024-12-05 10:00:00-05:00,2025-01-06 10:00:00-05:00,2024-12-18 14:38:00-05:00,lower,skipped,blocked_time,n/a,n/a,,,,,,,,
401_lower,2024-12-18,2024-12-18 10:00:00-05:00,2025-01-17 10:00:00-05:00,2024-12-18 14:55:00-05:00,lower,skipped,blocked_time,n/a,n/a,,,,,,,,
393_lower,2024-12-06,2024-12-06 10:00:00-05:00,2025-01-07 10:00:00-05:00,2024-12-18 15:20:00-05:00,lower,skipped,no_cutoff,n/a,n/a,,,,,,,,
400_lower,2024-12-17,2024-12-17 10:00:00-05:00,2025-01-16 10:00:00-05:00,2024-12-18 15:20:00-05:00,lower,skipped,no_cutoff,n/a,n/a,,,,,,,,
384_lower,2024-11-25,2024-11-25 10:00:00-05:00,2024-12-23 10:00:00-05:00,2024-12-18 16:45:00-05:00,lower,skipped,no_cutoff,n/a,n/a,,,,,,,,
402_upper,2024-12-20,2024-12-19 10:00:00-05:00,2025-01-20 10:00:00-05:00,2024-12-20 10:36:00-05:00,upper,executed,,flat,inactive,2024-12-20 10:36:00-05:00,2024-12-20 13:48:00-05:00,2648.4032225235205,2648.4032225235205,12.299999999999727,18.44999999999959,BE,-0.0
406_lower,2024-12-26,2024-12-26 10:00:00-05:00,2025-01-24 10:00:00-05:00,2024-12-30 11:19:00-05:00,lower,skipped,blocked_time,n/a,n/a,,,,,,,,
408_upper,2025-01-02,2024-12-30 10:00:00-05:00,2025-01-28 10:00:00-05:00,2025-01-02 05:21:00-05:00,upper,executed,,flat,inactive,2025-01-02 05:21:00-05:00,2025-01-02 07:32:00-05:00,2656.8761322212035,2656.8761322212035,4.0,6.0,BE,-0.0
409_upper,2024-12-31,2024-12-31 10:00:00-05:00,2025-01-29 10:00:00-05:00,2025-01-02 05:23:00-05:00,upper,skipped,position_open,open,inactive,,,,,,,,
407_upper,2024-12-27,2024-12-27 10:00:00-05:00,2025-01-27 10:00:00-05:00,2025-01-02 09:15:00-05:00,upper,skipped,simultaneous_collision,flat,inactive,,,,,,,,
404_upper,2025-01-02,2024-12-23 10:00:00-05:00,2025-01-22 10:00:00-05:00,2025-01-02 09:15:00-05:00,upper,executed,,flat,inactive,2025-01-02 09:15:00-05:00,2025-01-02 10:05:00-05:00,2662.2340287962766,2662.2340287962766,12.5,18.75,BE,-0.0
405_upper,2024-12-24,2024-12-24 10:00:00-05:00,2025-01-23 10:00:00-05:00,2025-01-02 09:31:00-05:00,upper,skipped,position_open,open,inactive,,,,,,,,
403_upper,2025-01-02,2024-12-20 10:00:00-05:00,2025-01-21 10:00:00-05:00,2025-01-02 10:34:00-05:00,upper,executed,,flat,inactive,2025-01-02 10:34:00-05:00,2025-01-02 15:00:00-05:00,2665.165865332642,2667.8,11.700000000000273,17.55000000000041,cutoff,-2.634134667358012
406_upper,2025-01-03,2024-12-26 10:00:00-05:00,2025-01-24 10:00:00-05:00,2025-01-02 20:00:00-05:00,upper,executed,,flat,inactive,2025-01-02 20:00:00-05:00,2025-01-02 21:16:00-05:00,2675.4903118160596,2675.4903118160596,4.099999999999909,6.149999999999864,BE,-0.0
411_lower,2025-01-06,2025-01-03 10:00:00-05:00,2025-01-31 10:00:00-05:00,2025-01-06 09:16:00-05:00,lower,executed,,flat,inactive,2025-01-06 09:16:00-05:00,2025-01-06 15:00:00-05:00,2629.841164269436,2645.3,30.899999999999636,46.349999999999454,cutoff,15.45883573056426
410_lower,2025-01-02,2025-01-02 10:00:00-05:00,2025-01-30 10:00:00-05:00,2025-01-06 09:17:00-05:00,lower,skipped,position_open,open,inactive,,,,,,,,
412_upper,2025-01-07,2025-01-06 10:00:00-05:00,2025-02-03 10:00:00-05:00,2025-01-07 08:54:00-05:00,upper,executed,,flat,inactive,2025-01-07 08:54:00-05:00,2025-01-07 09:42:00-05:00,2676.6866284859093,2676.6866284859093,6.5,9.75,BE,-0.0
401_upper,2024-12-18,2024-12-18 10:00:00-05:00,2025-01-17 10:00:00-05:00,2025-01-08 11:52:00-05:00,upper,skipped,blocked_time,n/a,n/a,,,,,,,,
400_upper,2025-01-09,2024-12-17 10:00:00-05:00,2025-01-16 10:00:00-05:00,2025-01-09 06:53:00-05:00,upper,executed,,flat,inactive,2025-01-09 06:53:00-05:00,2025-01-09 12:05:00-05:00,2690.4599450983496,2684.0099450983494,4.300000000000182,6.450000000000273,TP,6.450000000000273
410_upper,2025-01-02,2025-01-02 10:00:00-05:00,2025-01-30 10:00:00-05:00,2025-01-09 08:07:00-05:00,upper,skipped,position_open,open,inactive,,,,,,,,
411_upper,2025-01-10,2025-01-03 10:00:00-05:00,2025-01-31 10:00:00-05:00,2025-01-09 21:23:00-05:00,upper,executed,,flat,inactive,2025-01-09 21:23:00-05:00,2025-01-09 22:10:00-05:00,2696.858835730564,2696.858835730564,2.699999999999818,4.049999999999727,BE,-0.0
413_upper,2025-01-10,2025-01-07 10:00:00-05:00,2025-02-04 10:00:00-05:00,2025-01-10 03:43:00-05:00,upper,executed,,flat,inactive,2025-01-10 03:43:00-05:00,2025-01-10 05:11:00-05:00,2708.396098538012,2708.396098538012,6.0,9.0,BE,-0.0
414_upper,2025-01-08,2025-01-08 10:00:00-05:00,2025-02-05 10:00:00-05:00,2025-01-10 08:58:00-05:00,upper,skipped,simultaneous_collision,flat,inactive,,,,,,,,
399_upper,2025-01-10,2024-12-16 10:00:00-05:00,2025-01-15 10:00:00-05:00,2025-01-10 08:58:00-05:00,upper,executed,,flat,inactive,2025-01-10 08:58:00-05:00,2025-01-10 09:24:00-05:00,2713.777620242853,2724.4276202428537,7.100000000000364,10.650000000000546,SL,-10.650000000000546
398_upper,2024-12-13,2024-12-13 10:00:00-05:00,2025-01-14 10:00:00-05:00,2025-01-10 09:01:00-05:00,upper,skipped,position_open,open,active,,,,,,,,
415_upper,2025-01-09,2025-01-09 10:00:00-05:00,2025-02-06 10:00:00-05:00,2025-01-10 09:24:00-05:00,upper,skipped,SAL,n/a,active,,,,,,,,
416_lower,2025-01-13,2025-01-10 10:00:00-05:00,2025-02-07 10:00:00-05:00,2025-01-13 07:32:00-05:00,lower,executed,,flat,inactive,2025-01-13 07:32:00-05:00,2025-01-13 08:37:00-05:00,2683.390647670908,2683.390647670908,8.400000000000091,12.600000000000136,BE,0.0
418_upper,2025-01-15,2025-01-14 10:00:00-05:00,2025-02-11 10:00:00-05:00,2025-01-15 05:35:00-05:00,upper,executed,,flat,inactive,2025-01-15 05:35:00-05:00,2025-01-15 08:30:00-05:00,2712.0135301543837,2712.0135301543837,8.300000000000182,12.450000000000273,BE,-0.0
417_upper,2025-01-16,2025-01-13 10:00:00-05:00,2025-02-10 10:00:00-05:00,2025-01-15 19:23:00-05:00,upper,executed,,flat,inactive,2025-01-15 19:23:00-05:00,2025-01-15 19:28:00-05:00,2725.936805711005,2720.986805711005,3.299999999999727,4.949999999999591,TP,4.949999999999591
419_upper,2025-01-15,2025-01-15 10:00:00-05:00,2025-02-12 10:00:00-05:00,2025-01-16 11:00:00-05:00,upper,skipped,blocked_time,n/a,n/a,,,,,,,,
422_upper,2025-01-20,2025-01-20 10:00:00-05:00,2025-02-17 10:00:00-05:00,2025-01-22 00:52:00-05:00,upper,skipped,simultaneous_collision,flat,inactive,,,,,,,,
416_upper,2025-01-22,2025-01-10 10:00:00-05:00,2025-02-07 10:00:00-05:00,2025-01-22 00:52:00-05:00,upper,executed,,flat,inactive,2025-01-22 00:52:00-05:00,2025-01-22 01:15:00-05:00,2771.209352329092,2765.8093523290913,3.600000000000364,5.400000000000546,TP,5.400000000000546
421_upper,2025-01-24,2025-01-17 10:00:00-05:00,2025-02-14 10:00:00-05:00,2025-01-23 21:43:00-05:00,upper,executed,,flat,inactive,2025-01-23 21:43:00-05:00,2025-01-23 22:35:00-05:00,2780.7149078502152,2780.7149078502152,4.5,6.75,BE,-0.0
420_upper,2025-01-16,2025-01-16 10:00:00-05:00,2025-02-13 10:00:00-05:00,2025-01-23 22:02:00-05:00,upper,skipped,position_open,open,inactive,,,,,,,,
423_upper,2025-01-24,2025-01-21 10:00:00-05:00,2025-02-18 10:00:00-05:00,2025-01-24 08:08:00-05:00,upper,executed,,flat,inactive,2025-01-24 08:08:00-05:00,2025-01-24 09:29:00-05:00,2787.9433297394007,2781.4933297394005,4.300000000000182,6.450000000000273,TP,6.450000000000273
425_upper,2025-01-23,2025-01-23 10:00:00-05:00,2025-02-20 10:00:00-05:00,2025-01-24 08:13:00-05:00,upper,skipped,position_open,open,inactive,,,,,,,,
426_lower,2025-01-27,2025-01-24 10:00:00-05:00,2025-02-21 10:00:00-05:00,2025-01-27 10:35:00-05:00,lower,executed,,flat,inactive,2025-01-27 10:35:00-05:00,2025-01-27 15:00:00-05:00,2742.861314874067,2741.1,14.300000000000182,21.450000000000273,cutoff,-1.7613148740670113
428_upper,2025-01-28,2025-01-28 10:00:00-05:00,2025-02-25 10:00:00-05:00,2025-01-28 19:00:00-05:00,upper,skipped,simultaneous_collision,flat,inactive,,,,,,,,
427_upper,2025-01-29,2025-01-27 10:00:00-05:00,2025-02-24 10:00:00-05:00,2025-01-28 19:00:00-05:00,upper,executed,,flat,inactive,2025-01-28 19:00:00-05:00,2025-01-28 20:16:00-05:00,2797.0,2800.0,2.0,3.0,SL,-3.0
424_upper,2025-01-30,2025-01-22 10:00:00-05:00,2025-02-19 10:00:00-05:00,2025-01-30 02:17:00-05:00,upper,executed,,flat,inactive,2025-01-30 02:17:00-05:00,2025-01-30 05:37:00-05:00,2805.991912028711,2817.0919120287103,7.399999999999636,11.099999999999454,SL,-11.099999999999454
426_upper,2025-01-24,2025-01-24 10:00:00-05:00,2025-02-21 10:00:00-05:00,2025-01-30 08:02:00-05:00,upper,skipped,SAL,n/a,active,,,,,,,,
429_upper,2025-01-29,2025-01-29 10:00:00-05:00,2025-02-26 10:00:00-05:00,2025-01-30 09:56:00-05:00,upper,skipped,SAL,n/a,active,,,,,,,,
431_lower,2025-02-03,2025-01-31 10:00:00-05:00,2025-02-28 10:00:00-05:00,2025-02-02 21:06:00-05:00,lower,executed,,flat,inactive,2025-02-02 21:06:00-05:00,2025-02-03 07:09:00-05:00,2813.001735405905,2836.851735405905,15.900000000000091,23.850000000000136,TP,23.850000000000136
430_upper,2025-02-03,2025-01-30 10:00:00-05:00,2025-02-27 10:00:00-05:00,2025-02-03 09:54:00-05:00,upper,executed,,flat,inactive,2025-02-03 09:54:00-05:00,2025-02-03 10:24:00-05:00,2870.4751505473932,2860.125150547393,6.900000000000091,10.350000000000136,TP,10.350000000000136
431_upper,2025-02-05,2025-01-31 10:00:00-05:00,2025-02-28 10:00:00-05:00,2025-02-05 02:58:00-05:00,upper,executed,,flat,inactive,2025-02-05 02:58:00-05:00,2025-02-05 03:44:00-05:00,2890.198264594095,2895.2982645940947,3.400000000000091,5.100000000000136,SL,-5.099999999999909
432_upper,2025-02-03,2025-02-03 10:00:00-05:00,2025-03-03 10:00:00-05:00,2025-02-05 10:46:00-05:00,upper,skipped,SAL,n/a,active,,,,,,,,
433_upper,2025-02-07,2025-02-04 10:00:00-05:00,2025-03-04 10:00:00-05:00,2025-02-07 10:46:00-05:00,upper,executed,,flat,inactive,2025-02-07 10:46:00-05:00,2025-02-07 15:00:00-05:00,2910.435505662786,2884.1,26.0,39.0,cutoff,26.33550566278609
435_upper,2025-02-10,2025-02-06 10:00:00-05:00,2025-03-06 10:00:00-05:00,2025-02-10 04:15:00-05:00,upper,executed,,flat,inactive,2025-02-10 04:15:00-05:00,2025-02-10 15:00:00-05:00,2928.350603710661,2934.3,9.0,13.5,cutoff,-5.949396289339347
434_upper,2025-02-05,2025-02-05 10:00:00-05:00,2025-03-05 10:00:00-05:00,2025-02-10 08:19:00-05:00,upper,skipped,position_open,open,active,,,,,,,,
436_upper,2025-02-07,2025-02-07 10:00:00-05:00,2025-03-07 10:00:00-05:00,2025-02-10 18:33:00-05:00,upper,skipped,no_anchor,n/a,n/a,,,,,,,,
437_upper,2025-02-11,2025-02-10 10:00:00-05:00,2025-03-10 10:00:00-04:00,2025-02-10 21:13:00-05:00,upper,executed,,flat,inactive,2025-02-10 21:13:00-05:00,2025-02-10 21:39:00-05:00,2965.1278729746373,2942.9278729746375,14.799999999999727,22.19999999999959,TP,22.19999999999959
437_lower,2025-02-12,2025-02-10 10:00:00-05:00,2025-03-10 10:00:00-04:00,2025-02-12 08:30:00-05:00,lower,executed,,flat,inactive,2025-02-12 08:30:00-05:00,2025-02-12 08:59:00-05:00,2895.072127025363,2907.072127025363,8.0,12.0,TP,12.0
438_lower,2025-02-11,2025-02-11 10:00:00-05:00,2025-03-11 10:00:00-04:00,2025-02-12 08:31:00-05:00,lower,skipped,position_open,open,inactive,,,,,,,,
439_upper,2025-02-12,2025-02-12 10:00:00-05:00,2025-03-12 10:00:00-04:00,2025-02-13 18:22:00-05:00,upper,skipped,no_anchor,n/a,n/a,,,,,,,,
441_lower,2025-02-14,2025-02-14 10:00:00-05:00,2025-03-14 10:00:00-04:00,2025-02-14 12:40:00-05:00,lower,skipped,blocked_time,n/a,n/a,,,,,,,,
440_lower,2025-02-13,2025-02-13 10:00:00-05:00,2025-03-13 10:00:00-04:00,2025-02-14 12:43:00-05:00,lower,skipped,blocked_time,n/a,n/a,,,,,,,,
442_upper,2025-02-18,2025-02-17 10:00:00-05:00,2025-03-17 10:00:00-04:00,2025-02-18 10:14:00-05:00,upper,executed,,flat,inactive,2025-02-18 10:14:00-05:00,2025-02-18 11:23:00-05:00,2946.9038068561613,2946.9038068561613,12.400000000000091,18.600000000000136,BE,-0.0
438_upper,2025-02-20,2025-02-11 10:00:00-05:00,2025-03-11 10:00:00-04:00,2025-02-20 02:32:00-05:00,upper,executed,,flat,inactive,2025-02-20 02:32:00-05:00,2025-02-20 07:23:00-05:00,2967.3032241906085,2961.0032241906088,4.199999999999818,6.299999999999727,TP,6.299999999999727
448_lower,2025-02-25,2025-02-25 10:00:00-05:00,2025-03-25 10:00:00-04:00,2025-02-25 10:31:00-05:00,lower,skipped,simultaneous_collision,flat,inactive,,,,,,,,
444_lower,2025-02-25,2025-02-19 10:00:00-05:00,2025-03-19 10:00:00-04:00,2025-02-25 10:31:00-05:00,lower,executed,,flat,inactive,2025-02-25 10:31:00-05:00,2025-02-25 15:00:00-05:00,2916.0653696394334,2924.7,14.099999999999909,21.149999999999864,cutoff,8.634630360566462
445_lower,2025-02-20,2025-02-20 10:00:00-05:00,2025-03-20 10:00:00-04:00,2025-02-25 11:07:00-05:00,lower,skipped,blocked_time,n/a,n/a,,,,,,,,
446_lower,2025-02-21,2025-02-21 10:00:00-05:00,2025-03-21 10:00:00-04:00,2025-02-25 11:07:00-05:00,lower,skipped,blocked_time,n/a,n/a,,,,,,,,
447_lower,2025-02-24,2025-02-24 10:00:00-05:00,2025-03-24 10:00:00-04:00,2025-02-25 11:07:00-05:00,lower,skipped,blocked_time,n/a,n/a,,,,,,,,
443_lower,2025-02-18,2025-02-18 10:00:00-05:00,2025-03-18 10:00:00-04:00,2025-02-25 11:08:00-05:00,lower,skipped,blocked_time,n/a,n/a,,,,,,,,
439_lower,2025-02-27,2025-02-12 10:00:00-05:00,2025-03-12 10:00:00-04:00,2025-02-27 09:46:00-05:00,lower,executed,,flat,inactive,2025-02-27 09:46:00-05:00,2025-02-27 10:52:00-05:00,2884.7883770846083,2884.7883770846083,10.599999999999909,15.899999999999864,BE,0.0
442_lower,2025-02-28,2025-02-17 10:00:00-05:00,2025-03-17 10:00:00-04:00,2025-02-27 22:42:00-05:00,lower,executed,,flat,inactive,2025-02-27 22:42:00-05:00,2025-02-28 03:18:00-05:00,2876.5461931438385,2865.446193143838,7.400000000000091,11.100000000000136,SL,-11.100000000000364
449_lower,2025-02-26,2025-02-26 10:00:00-05:00,2025-03-26 10:00:00-04:00,2025-02-28 03:44:00-05:00,lower,skipped,SAL,n/a,active,,,,,,,,
436_lower,2025-02-07,2025-02-07 10:00:00-05:00,2025-03-07 10:00:00-05:00,2025-02-28 09:08:00-05:00,lower,skipped,SAL,n/a,active,,,,,,,,
434_lower,2025-02-05,2025-02-05 10:00:00-05:00,2025-03-05 10:00:00-05:00,2025-02-28 09:59:00-05:00,lower,skipped,SAL,n/a,active,,,,,,,,
450_lower,2025-02-27,2025-02-27 10:00:00-05:00,2025-03-27 10:00:00-04:00,2025-02-28 10:00:00-05:00,lower,skipped,SAL,n/a,active,,,,,,,,
451_upper,2025-03-03,2025-02-28 10:00:00-05:00,2025-03-28 10:00:00-04:00,2025-03-03 10:28:00-05:00,upper,executed,,flat,inactive,2025-03-03 10:28:00-05:00,2025-03-03 11:17:00-05:00,2898.4492432543684,2898.4492432543684,13.599999999999909,20.399999999999864,BE,-0.0
452_upper,2025-03-04,2025-03-03 10:00:00-05:00,2025-03-31 10:00:00-04:00,2025-03-04 03:30:00-05:00,upper,executed,,flat,inactive,2025-03-04 03:30:00-05:00,2025-03-04 15:00:00-05:00,2925.3759604825905,2926.8,13.700000000000273,20.55000000000041,cutoff,-1.4240395174097102
457_upper,2025-03-10,2025-03-10 10:00:00-04:00,2025-04-07 10:00:00-04:00,2025-03-12 12:09:00-04:00,upper,skipped,blocked_time,n/a,n/a,,,,,,,,
450_upper,2025-03-13,2025-02-27 10:00:00-05:00,2025-03-27 10:00:00-04:00,2025-03-12 21:04:00-04:00,upper,executed,,flat,inactive,2025-03-12 21:04:00-04:00,2025-03-12 21:24:00-04:00,2949.600185777273,2946.9001857772737,1.7999999999997272,2.6999999999995907,TP,2.6999999999995907
449_upper,2025-03-13,2025-02-26 10:00:00-05:00,2025-03-26 10:00:00-04:00,2025-03-12 23:53:00-04:00,upper,executed,,flat,inactive,2025-03-12 23:53:00-04:00,2025-03-13 03:43:00-04:00,2955.16682106,2943.16682106,8.0,12.0,TP,12.0
459_upper,2025-03-13,2025-03-12 10:00:00-04:00,2025-04-09 10:00:00-04:00,2025-03-13 05:42:00-04:00,upper,executed,,flat,inactive,2025-03-13 05:42:00-04:00,2025-03-13 07:41:00-04:00,2956.759064780901,2956.759064780901,10.299999999999727,15.44999999999959,BE,-0.0
455_upper,2025-03-13,2025-03-06 10:00:00-05:00,2025-04-03 10:00:00-04:00,2025-03-13 10:06:00-04:00,upper,executed,,flat,inactive,2025-03-13 10:06:00-04:00,2025-03-13 11:38:00-04:00,2963.631279808744,2987.181279808744,15.700000000000273,23.55000000000041,SL,-23.550000000000182
458_upper,2025-03-11,2025-03-11 10:00:00-04:00,2025-04-08 10:00:00-04:00,2025-03-13 10:33:00-04:00,upper,skipped,position_open,open,active,,,,,,,,
454_upper,2025-03-05,2025-03-05 10:00:00-05:00,2025-04-02 10:00:00-04:00,2025-03-13 10:35:00-04:00,upper,skipped,position_open,open,active,,,,,,,,
443_upper,2025-02-18,2025-02-18 10:00:00-05:00,2025-03-18 10:00:00-04:00,2025-03-13 10:44:00-04:00,upper,skipped,position_open,open,active,,,,,,,,
456_upper,2025-03-07,2025-03-07 10:00:00-05:00,2025-04-04 10:00:00-04:00,2025-03-13 10:44:00-04:00,upper,skipped,position_open,open,active,,,,,,,,
453_upper,2025-03-04,2025-03-04 10:00:00-05:00,2025-04-01 10:00:00-04:00,2025-03-13 10:48:00-04:00,upper,skipped,position_open,open,active,,,,,,,,
441_upper,2025-02-14,2025-02-14 10:00:00-05:00,2025-03-14 10:00:00-04:00,2025-03-13 11:15:00-04:00,upper,skipped,blocked_time,n/a,n/a,,,,,,,,
445_upper,2025-02-20,2025-02-20 10:00:00-05:00,2025-03-20 10:00:00-04:00,2025-03-13 11:20:00-04:00,upper,skipped,blocked_time,n/a,n/a,,,,,,,,
444_upper,2025-02-19,2025-02-19 10:00:00-05:00,2025-03-19 10:00:00-04:00,2025-03-13 11:38:00-04:00,upper,skipped,blocked_time,n/a,n/a,,,,,,,,
446_upper,2025-02-21,2025-02-21 10:00:00-05:00,2025-03-21 10:00:00-04:00,2025-03-13 11:39:00-04:00,upper,skipped,blocked_time,n/a,n/a,,,,,,,,
460_upper,2025-03-13,2025-03-13 10:00:00-04:00,2025-04-10 10:00:00-04:00,2025-03-13 12:39:00-04:00,upper,skipped,blocked_time,n/a,n/a,,,,,,,,
448_upper,2025-02-25,2025-02-25 10:00:00-05:00,2025-03-25 10:00:00-04:00,2025-03-13 12:44:00-04:00,upper,skipped,blocked_time,n/a,n/a,,,,,,,,
447_upper,2025-02-24,2025-02-24 10:00:00-05:00,2025-03-24 10:00:00-04:00,2025-03-13 18:00:00-04:00,upper,skipped,no_anchor,n/a,n/a,,,,,,,,
462_upper,2025-03-18,2025-03-17 10:00:00-04:00,2025-04-14 10:00:00-04:00,2025-03-18 04:31:00-04:00,upper,executed,,flat,inactive,2025-03-18 04:31:00-04:00,2025-03-18 07:35:00-04:00,3035.0965596848314,3035.0965596848314,5.100000000000364,7.650000000000546,BE,-0.0
461_upper,2025-03-19,2025-03-14 10:00:00-04:00,2025-04-11 10:00:00-04:00,2025-03-19 01:36:00-04:00,upper,executed,,flat,inactive,2025-03-19 01:36:00-04:00,2025-03-19 02:20:00-04:00,3048.9348919164995,3043.5348919165,3.599999999999909,5.399999999999864,TP,5.399999999999864
467_upper,2025-03-27,2025-03-24 10:00:00-04:00,2025-04-22 10:00:00-04:00,2025-03-26 22:35:00-04:00,upper,executed,,flat,inactive,2025-03-26 22:35:00-04:00,2025-03-27 00:09:00-04:00,3063.8021246940075,3070.4021246940074,4.400000000000091,6.600000000000136,SL,-6.599999999999909
469_upper,2025-03-26,2025-03-26 10:00:00-04:00,2025-04-24 10:00:00-04:00,2025-03-26 22:43:00-04:00,upper,skipped,position_open,open,active,,,,,,,,
468_upper,2025-03-25,2025-03-25 10:00:00-04:00,2025-04-23 10:00:00-04:00,2025-03-26 23:56:00-04:00,upper,skipped,position_open,open,active,,,,,,,,
465_upper,2025-03-20,2025-03-20 10:00:00-04:00,2025-04-17 10:00:00-04:00,2025-03-27 06:02:00-04:00,upper,skipped,SAL,n/a,active,,,,,,,,
466_upper,2025-03-21,2025-03-21 10:00:00-04:00,2025-04-21 10:00:00-04:00,2025-03-27 06:06:00-04:00,upper,skipped,SAL,n/a,active,,,,,,,,
463_upper,2025-03-18,2025-03-18 10:00:00-04:00,2025-04-15 10:00:00-04:00,2025-03-27 06:10:00-04:00,upper,skipped,SAL,n/a,active,,,,,,,,
464_upper,2025-03-19,2025-03-19 10:00:00-04:00,2025-04-16 10:00:00-04:00,2025-03-27 06:12:00-04:00,upper,skipped,SAL,n/a,active,,,,,,,,
470_upper,2025-03-28,2025-03-27 10:00:00-04:00,2025-04-25 10:00:00-04:00,2025-03-28 01:55:00-04:00,upper,executed,,flat,inactive,2025-03-28 01:55:00-04:00,2025-03-28 03:07:00-04:00,3118.819627540664,3123.919627540664,3.400000000000091,5.100000000000136,SL,-5.099999999999909
471_upper,2025-03-31,2025-03-28 10:00:00-04:00,2025-04-28 10:00:00-04:00,2025-03-31 02:12:00-04:00,upper,executed,,flat,inactive,2025-03-31 02:12:00-04:00,2025-03-31 03:04:00-04:00,3154.3913867214555,3154.3913867214555,13.200000000000273,19.80000000000041,BE,-0.0
472_upper,2025-03-31,2025-03-31 10:00:00-04:00,2025-04-29 10:00:00-04:00,2025-04-02 16:28:00-04:00,upper,skipped,no_cutoff,n/a,n/a,,,,,,,,
474_lower,2025-04-02,2025-04-02 10:00:00-04:00,2025-05-01 10:00:00-04:00,2025-04-03 06:58:00-04:00,lower,skipped,simultaneous_collision,flat,inactive,,,,,,,,
473_lower,2025-04-03,2025-04-01 10:00:00-04:00,2025-04-30 10:00:00-04:00,2025-04-03 06:58:00-04:00,lower,executed,,flat,inactive,2025-04-03 06:58:00-04:00,2025-04-03 08:22:00-04:00,3120.281920790326,3105.5819207903255,9.800000000000182,14.700000000000273,SL,-14.700000000000273
472_lower,2025-03-31,2025-03-31 10:00:00-04:00,2025-04-29 10:00:00-04:00,2025-04-03 08:25:00-04:00,lower,skipped,SAL,n/a,active,,,,,,,,
475_upper,2025-04-03,2025-04-03 10:00:00-04:00,2025-05-02 10:00:00-04:00,2025-04-03 10:28:00-04:00,upper,skipped,SAL,n/a,active,,,,,,,,
471_lower,2025-04-04,2025-03-28 10:00:00-04:00,2025-04-28 10:00:00-04:00,2025-04-04 10:06:00-04:00,lower,executed,,flat,inactive,2025-04-04 10:06:00-04:00,2025-04-04 15:00:00-04:00,3069.758613278545,3045.7,29.0,43.5,cutoff,-24.05861327854518
470_lower,2025-03-27,2025-03-27 10:00:00-04:00,2025-04-25 10:00:00-04:00,2025-04-04 11:36:00-04:00,lower,skipped,blocked_time,n/a,n/a,,,,,,,,
475_lower,2025-04-03,2025-04-03 10:00:00-04:00,2025-05-02 10:00:00-04:00,2025-04-04 11:37:00-04:00,lower,skipped,blocked_time,n/a,n/a,,,,,,,,
476_lower,2025-04-04,2025-04-04 10:00:00-04:00,2025-05-05 10:00:00-04:00,2025-04-04 11:37:00-04:00,lower,skipped,blocked_time,n/a,n/a,,,,,,,,
463_lower,2025-03-18,2025-03-18 10:00:00-04:00,2025-04-15 10:00:00-04:00,2025-04-06 18:06:00-04:00,lower,skipped,no_anchor,n/a,n/a,,,,,,,,
464_lower,2025-03-19,2025-03-19 10:00:00-04:00,2025-04-16 10:00:00-04:00,2025-04-06 18:06:00-04:00,lower,skipped,no_anchor,n/a,n/a,,,,,,,,
465_lower,2025-03-20,2025-03-20 10:00:00-04:00,2025-04-17 10:00:00-04:00,2025-04-06 18:06:00-04:00,lower,skipped,no_anchor,n/a,n/a,,,,,,,,
467_lower,2025-03-24,2025-03-24 10:00:00-04:00,2025-04-22 10:00:00-04:00,2025-04-06 18:06:00-04:00,lower,skipped,no_anchor,n/a,n/a,,,,,,,,
468_lower,2025-03-25,2025-03-25 10:00:00-04:00,2025-04-23 10:00:00-04:00,2025-04-06 18:06:00-04:00,lower,skipped,no_anchor,n/a,n/a,,,,,,,,
469_lower,2025-03-26,2025-03-26 10:00:00-04:00,2025-04-24 10:00:00-04:00,2025-04-06 18:06:00-04:00,lower,skipped,no_anchor,n/a,n/a,,,,,,,,
466_lower,2025-03-21,2025-03-21 10:00:00-04:00,2025-04-21 10:00:00-04:00,2025-04-07 13:09:00-04:00,lower,skipped,blocked_time,n/a,n/a,,,,,,,,
478_upper,2025-04-09,2025-04-08 10:00:00-04:00,2025-05-07 10:00:00-04:00,2025-04-09 09:37:00-04:00,upper,executed,,flat,inactive,2025-04-09 09:37:00-04:00,2025-04-09 15:00:00-04:00,3093.716046608882,3080.9,33.40000000000009,50.100000000000136,cutoff,12.816046608882061
477_upper,2025-04-07,2025-04-07 10:00:00-04:00,2025-05-06 10:00:00-04:00,2025-04-09 11:25:00-04:00,upper,skipped,blocked_time,n/a,n/a,,,,,,,,
476_upper,2025-04-10,2025-04-04 10:00:00-04:00,2025-05-05 10:00:00-04:00,2025-04-09 23:24:00-04:00,upper,executed,,flat,inactive,2025-04-09 23:24:00-04:00,2025-04-10 01:03:00-04:00,3147.1104450843727,3147.1104450843727,27.59999999999991,41.399999999999864,BE,-0.0
479_upper,2025-04-10,2025-04-09 10:00:00-04:00,2025-05-08 10:00:00-04:00,2025-04-10 10:05:00-04:00,upper,executed,,flat,inactive,2025-04-10 10:05:00-04:00,2025-04-10 11:28:00-04:00,3155.0106808629716,3186.9606808629715,21.299999999999727,31.94999999999959,SL,-31.949999999999818
473_upper,2025-04-01,2025-04-01 10:00:00-04:00,2025-04-30 10:00:00-04:00,2025-04-10 18:33:00-04:00,upper,skipped,no_anchor,n/a,n/a,,,,,,,,
474_upper,2025-04-02,2025-04-02 10:00:00-04:00,2025-05-01 10:00:00-04:00,2025-04-10 18:33:00-04:00,upper,skipped,no_anchor,n/a,n/a,,,,,,,,
480_upper,2025-04-10,2025-04-10 10:00:00-04:00,2025-05-09 10:00:00-04:00,2025-04-10 18:33:00-04:00,upper,skipped,no_anchor,n/a,n/a,,,,,,,,
482_upper,2025-04-16,2025-04-14 10:00:00-04:00,2025-05-13 10:00:00-04:00,2025-04-15 21:03:00-04:00,upper,executed,,flat,inactive,2025-04-15 21:03:00-04:00,2025-04-15 22:01:00-04:00,3288.545043931776,3288.545043931776,16.800000000000182,25.200000000000273,BE,-0.0
483_upper,2025-04-16,2025-04-15 10:00:00-04:00,2025-05-14 10:00:00-04:00,2025-04-16 00:02:00-04:00,upper,executed,,flat,inactive,2025-04-16 00:02:00-04:00,2025-04-16 00:54:00-04:00,3299.5055111139504,3299.5055111139504,17.199999999999818,25.799999999999727,BE,-0.0
481_upper,2025-04-16,2025-04-11 10:00:00-04:00,2025-05-12 10:00:00-04:00,2025-04-16 04:13:00-04:00,upper,executed,,flat,inactive,2025-04-16 04:13:00-04:00,2025-04-16 04:31:00-04:00,3323.849119168633,3309.2991191686324,9.700000000000273,14.55000000000041,TP,14.55000000000041
484_upper,2025-04-21,2025-04-16 10:00:00-04:00,2025-05-15 10:00:00-04:00,2025-04-20 21:07:00-04:00,upper,executed,,flat,inactive,2025-04-20 21:07:00-04:00,2025-04-21 08:55:00-04:00,3388.822273456497,3424.072273456497,23.5,35.25,SL,-35.25
485_upper,2025-04-17,2025-04-17 10:00:00-04:00,2025-05-16 10:00:00-04:00,2025-04-21 02:48:00-04:00,upper,skipped,position_open,open,active,,,,,,,,
486_upper,2025-04-22,2025-04-21 10:00:00-04:00,2025-05-19 10:00:00-04:00,2025-04-21 23:19:00-04:00,upper,executed,,flat,inactive,2025-04-21 23:19:00-04:00,2025-04-22 00:07:00-04:00,3493.911581083879,3493.911581083879,33.5,50.25,BE,-0.0
486_lower,2025-04-21,2025-04-21 10:00:00-04:00,2025-05-19 10:00:00-04:00,2025-04-22 18:00:00-04:00,lower,skipped,no_anchor,n/a,n/a,,,,,,,,
487_lower,2025-04-22,2025-04-22 10:00:00-04:00,2025-05-20 10:00:00-04:00,2025-04-22 18:00:00-04:00,lower,skipped,no_anchor,n/a,n/a,,,,,,,,
490_upper,2025-04-25,2025-04-25 10:00:00-04:00,2025-05-23 10:00:00-04:00,2025-04-28 13:34:00-04:00,upper,skipped,blocked_time,n/a,n/a,,,,,,,,
485_lower,2025-04-17,2025-04-17 10:00:00-04:00,2025-05-16 10:00:00-04:00,2025-04-30 20:24:00-04:00,lower,skipped,simultaneous_collision,flat,inactive,,,,,,,,
489_lower,2025-04-24,2025-04-24 10:00:00-04:00,2025-05-22 10:00:00-04:00,2025-04-30 20:24:00-04:00,lower,skipped,simultaneous_collision,flat,inactive,,,,,,,,
492_lower,2025-04-29,2025-04-29 10:00:00-04:00,2025-05-27 10:00:00-04:00,2025-04-30 20:24:00-04:00,lower,skipped,simultaneous_collision,flat,inactive,,,,,,,,
484_lower,2025-05-01,2025-04-16 10:00:00-04:00,2025-05-15 10:00:00-04:00,2025-04-30 20:24:00-04:00,lower,executed,,flat,inactive,2025-04-30 20:24:00-04:00,2025-05-01 00:20:00-04:00,3256.0777265435036,3232.677726543504,15.599999999999909,23.399999999999864,SL,-23.399999999999636
493_lower,2025-04-30,2025-04-30 10:00:00-04:00,2025-05-28 10:00:00-04:00,2025-04-30 20:54:00-04:00,lower,skipped,position_open,open,active,,,,,,,,
491_lower,2025-04-28,2025-04-28 10:00:00-04:00,2025-05-26 10:00:00-04:00,2025-04-30 21:06:00-04:00,lower,skipped,position_open,open,active,,,,,,,,
488_lower,2025-04-23,2025-04-23 10:00:00-04:00,2025-05-21 10:00:00-04:00,2025-05-01 05:58:00-04:00,lower,skipped,SAL,n/a,active,,,,,,,,
490_lower,2025-04-25,2025-04-25 10:00:00-04:00,2025-05-23 10:00:00-04:00,2025-05-01 07:47:00-04:00,lower,skipped,SAL,n/a,active,,,,,,,,
494_upper,2025-05-05,2025-05-01 10:00:00-04:00,2025-05-29 10:00:00-04:00,2025-05-05 05:29:00-04:00,upper,executed,,flat,inactive,2025-05-05 05:29:00-04:00,2025-05-05 15:00:00-04:00,3309.146787033028,3332.5,20.100000000000364,30.150000000000546,cutoff,-23.353212966972023
495_upper,2025-05-02,2025-05-02 10:00:00-04:00,2025-05-30 10:00:00-04:00,2025-05-05 10:06:00-04:00,upper,skipped,position_open,open,active,,,,,,,,
491_upper,2025-05-06,2025-04-28 10:00:00-04:00,2025-05-26 10:00:00-04:00,2025-05-05 21:10:00-04:00,upper,executed,,flat,inactive,2025-05-05 21:10:00-04:00,2025-05-05 21:42:00-04:00,3369.98955936352,3386.0395593635203,10.700000000000273,16.05000000000041,SL,-16.050000000000182
488_upper,2025-04-23,2025-04-23 10:00:00-04:00,2025-05-21 10:00:00-04:00,2025-05-05 21:41:00-04:00,upper,skipped,position_open,open,active,,,,,,,,
493_upper,2025-04-30,2025-04-30 10:00:00-04:00,2025-05-28 10:00:00-04:00,2025-05-05 21:42:00-04:00,upper,skipped,SAL,n/a,active,,,,,,,,
492_upper,2025-04-29,2025-04-29 10:00:00-04:00,2025-05-27 10:00:00-04:00,2025-05-05 22:08:00-04:00,upper,skipped,SAL,n/a,active,,,,,,,,
496_upper,2025-05-05,2025-05-05 10:00:00-04:00,2025-06-02 10:00:00-04:00,2025-05-05 22:08:00-04:00,upper,skipped,SAL,n/a,active,,,,,,,,
489_upper,2025-04-24,2025-04-24 10:00:00-04:00,2025-05-22 10:00:00-04:00,2025-05-06 09:16:00-04:00,upper,skipped,SAL,n/a,active,,,,,,,,
497_lower,2025-05-08,2025-05-06 10:00:00-04:00,2025-06-03 10:00:00-04:00,2025-05-08 02:16:00-04:00,lower,executed,,flat,inactive,2025-05-08 02:16:00-04:00,2025-05-08 15:00:00-04:00,3344.704839597328,3314.8,30.399999999999636,45.599999999999454,cutoff,-29.904839597327737
498_lower,2025-05-07,2025-05-07 10:00:00-04:00,2025-06-04 10:00:00-04:00,2025-05-08 02:33:00-04:00,lower,skipped,position_open,open,active,,,,,,,,
499_lower,2025-05-08,2025-05-08 10:00:00-04:00,2025-06-05 10:00:00-04:00,2025-05-08 13:09:00-04:00,lower,skipped,blocked_time,n/a,n/a,,,,,,,,
496_lower,2025-05-05,2025-05-05 10:00:00-04:00,2025-06-02 10:00:00-04:00,2025-05-11 18:00:00-04:00,lower,skipped,no_anchor,n/a,n/a,,,,,,,,
500_lower,2025-05-09,2025-05-09 10:00:00-04:00,2025-06-06 10:00:00-04:00,2025-05-11 18:00:00-04:00,lower,skipped,no_anchor,n/a,n/a,,,,,,,,
495_lower,2025-05-14,2025-05-02 10:00:00-04:00,2025-05-30 10:00:00-04:00,2025-05-14 08:54:00-04:00,lower,executed,,flat,inactive,2025-05-14 08:54:00-04:00,2025-05-14 09:40:00-04:00,3190.684029166425,3190.684029166425,20.300000000000182,30.450000000000273,BE,0.0
502_lower,2025-05-13,2025-05-13 10:00:00-04:00,2025-06-10 10:00:00-04:00,2025-05-14 08:58:00-04:00,lower,skipped,position_open,open,inactive,,,,,,,,
501_lower,2025-05-12,2025-05-12 10:00:00-04:00,2025-06-09 10:00:00-04:00,2025-05-14 09:02:00-04:00,lower,skipped,position_open,open,inactive,,,,,,,,
494_lower,2025-05-15,2025-05-01 10:00:00-04:00,2025-05-29 10:00:00-04:00,2025-05-14 22:41:00-04:00,lower,executed,,flat,inactive,2025-05-14 22:41:00-04:00,2025-05-15 02:03:00-04:00,3158.3532129669716,3125.2032129669715,22.09999999999991,33.149999999999864,SL,-33.15000000000009
503_lower,2025-05-14,2025-05-14 10:00:00-04:00,2025-06-11 10:00:00-04:00,2025-05-15 00:53:00-04:00,lower,skipped,position_open,open,active,,,,,,,,
504_upper,2025-05-15,2025-05-15 10:00:00-04:00,2025-06-12 10:00:00-04:00,2025-05-15 16:54:00-04:00,upper,skipped,no_cutoff,n/a,n/a,,,,,,,,
503_upper,2025-05-14,2025-05-14 10:00:00-04:00,2025-06-11 10:00:00-04:00,2025-05-15 18:00:00-04:00,upper,skipped,no_anchor,n/a,n/a,,,,,,,,
505_upper,2025-05-16,2025-05-16 10:00:00-04:00,2025-06-13 10:00:00-04:00,2025-05-18 18:18:00-04:00,upper,skipped,no_anchor,n/a,n/a,,,,,,,,
506_upper,2025-05-20,2025-05-19 10:00:00-04:00,2025-06-16 10:00:00-04:00,2025-05-20 10:19:00-04:00,upper,executed,,flat,inactive,2025-05-20 10:19:00-04:00,2025-05-20 11:16:00-04:00,3284.937415945339,3284.937415945339,30.100000000000364,45.150000000000546,BE,-0.0
501_upper,2025-05-12,2025-05-12 10:00:00-04:00,2025-06-09 10:00:00-04:00,2025-05-20 18:08:00-04:00,upper,skipped,no_anchor,n/a,n/a,,,,,,,,
502_upper,2025-05-13,2025-05-13 10:00:00-04:00,2025-06-10 10:00:00-04:00,2025-05-20 18:08:00-04:00,upper,skipped,no_anchor,n/a,n/a,,,,,,,,
507_upper,2025-05-21,2025-05-20 10:00:00-04:00,2025-06-17 10:00:00-04:00,2025-05-20 21:00:00-04:00,upper,executed,,flat,inactive,2025-05-20 21:00:00-04:00,2025-05-20 21:24:00-04:00,3310.6382192475157,3288.5882192475156,14.700000000000273,22.05000000000041,TP,22.05000000000041
508_upper,2025-05-23,2025-05-21 10:00:00-04:00,2025-06-18 10:00:00-04:00,2025-05-23 08:36:00-04:00,upper,executed,,flat,inactive,2025-05-23 08:36:00-04:00,2025-05-23 10:52:00-04:00,3356.6258753372363,3356.6258753372363,26.09999999999991,39.149999999999864,BE,-0.0
510_lower,2025-05-27,2025-05-23 10:00:00-04:00,2025-06-20 10:00:00-04:00,2025-05-27 07:21:00-04:00,lower,executed,,flat,inactive,2025-05-27 07:21:00-04:00,2025-05-27 09:35:00-04:00,3286.991569484357,3303.341569484357,10.900000000000091,16.350000000000136,TP,16.350000000000136
511_lower,2025-05-27,2025-05-26 10:00:00-04:00,2025-06-23 10:00:00-04:00,2025-05-27 10:00:00-04:00,lower,executed,,flat,inactive,2025-05-27 10:00:00-04:00,2025-05-27 13:45:00-04:00,3283.4663409206005,3302.8163409206,12.899999999999636,19.349999999999454,TP,19.349999999999454
513_lower,2025-05-29,2025-05-28 10:00:00-04:00,2025-06-25 10:00:00-04:00,2025-05-28 19:44:00-04:00,lower,executed,,flat,inactive,2025-05-28 19:44:00-04:00,2025-05-28 20:46:00-04:00,3271.501872528792,3291.9018725287915,13.599999999999909,20.399999999999864,TP,20.399999999999864
512_upper,2025-06-02,2025-05-27 10:00:00-04:00,2025-06-24 10:00:00-04:00,2025-06-02 02:20:00-04:00,upper,executed,,flat,inactive,2025-06-02 02:20:00-04:00,2025-06-02 03:15:00-04:00,3359.5912942271575,3378.1912942271574,12.400000000000091,18.600000000000136,SL,-18.59999999999991
509_upper,2025-05-22,2025-05-22 10:00:00-04:00,2025-06-19 10:00:00-04:00,2025-06-02 03:10:00-04:00,upper,skipped,position_open,open,active,,,,,,,,
515_upper,2025-05-30,2025-05-30 10:00:00-04:00,2025-06-27 10:00:00-04:00,2025-06-02 03:16:00-04:00,upper,skipped,SAL,n/a,active,,,,,,,,
513_upper,2025-05-28,2025-05-28 10:00:00-04:00,2025-06-25 10:00:00-04:00,2025-06-02 08:32:00-04:00,upper,skipped,SAL,n/a,active,,,,,,,,
511_upper,2025-05-26,2025-05-26 10:00:00-04:00,2025-06-23 10:00:00-04:00,2025-06-02 09:43:00-04:00,upper,skipped,SAL,n/a,active,,,,,,,,
500_upper,2025-05-09,2025-05-09 10:00:00-04:00,2025-06-06 10:00:00-04:00,2025-06-02 09:54:00-04:00,upper,skipped,SAL,n/a,active,,,,,,,,
514_upper,2025-05-29,2025-05-29 10:00:00-04:00,2025-06-26 10:00:00-04:00,2025-06-02 09:54:00-04:00,upper,skipped,SAL,n/a,active,,,,,,,,
510_upper,2025-05-23,2025-05-23 10:00:00-04:00,2025-06-20 10:00:00-04:00,2025-06-02 18:00:00-04:00,upper,skipped,no_anchor,n/a,n/a,,,,,,,,
519_lower,2025-06-06,2025-06-05 10:00:00-04:00,2025-07-03 10:00:00-04:00,2025-06-06 10:16:00-04:00,lower,executed,,flat,inactive,2025-06-06 10:16:00-04:00,2025-06-06 15:00:00-04:00,3349.5491697259135,3339.5,19.5,29.25,cutoff,-10.049169725913544
518_lower,2025-06-04,2025-06-04 10:00:00-04:00,2025-07-02 10:00:00-04:00,2025-06-06 16:05:00-04:00,lower,skipped,no_cutoff,n/a,n/a,,,,,,,,
520_lower,2025-06-09,2025-06-06 10:00:00-04:00,2025-07-04 10:00:00-04:00,2025-06-08 20:45:00-04:00,lower,executed,,flat,inactive,2025-06-08 20:45:00-04:00,2025-06-08 21:03:00-04:00,3319.066633220846,3327.0166332208464,5.300000000000182,7.950000000000273,TP,7.950000000000273
516_lower,2025-06-09,2025-06-02 10:00:00-04:00,2025-06-30 10:00:00-04:00,2025-06-08 21:58:00-04:00,lower,executed,,flat,inactive,2025-06-08 21:58:00-04:00,2025-06-09 03:23:00-04:00,3316.0342120506116,3348.2842120506116,21.5,32.25,TP,32.25
517_lower,2025-06-03,2025-06-03 10:00:00-04:00,2025-07-01 10:00:00-04:00,2025-06-08 21:59:00-04:00,lower,skipped,position_open,open,inactive,,,,,,,,
521_upper,2025-06-09,2025-06-09 10:00:00-04:00,2025-07-07 10:00:00-04:00,2025-06-11 18:24:00-04:00,upper,skipped,no_anchor,n/a,n/a,,,,,,,,
523_upper,2025-06-12,2025-06-11 10:00:00-04:00,2025-07-09 10:00:00-04:00,2025-06-12 07:03:00-04:00,upper,executed,,flat,inactive,2025-06-12 07:03:00-04:00,2025-06-12 08:30:00-04:00,3407.0016537078423,3407.0016537078423,24.0,36.0,BE,-0.0
522_upper,2025-06-12,2025-06-10 10:00:00-04:00,2025-07-08 10:00:00-04:00,2025-06-12 09:05:00-04:00,upper,executed,,flat,inactive,2025-06-12 09:05:00-04:00,2025-06-12 10:00:00-04:00,3413.819081631623,3413.819081631623,14.700000000000273,22.05000000000041,BE,-0.0
520_upper,2025-06-06,2025-06-06 10:00:00-04:00,2025-07-04 10:00:00-04:00,2025-06-12 20:07:00-04:00,upper,skipped,simultaneous_collision,flat,inactive,,,,,,,,
518_upper,2025-06-13,2025-06-04 10:00:00-04:00,2025-07-02 10:00:00-04:00,2025-06-12 20:07:00-04:00,upper,executed,,flat,inactive,2025-06-12 20:07:00-04:00,2025-06-12 21:44:00-04:00,3431.4871145621696,3452.4871145621696,14.0,21.0,SL,-21.0
517_upper,2025-06-03,2025-06-03 10:00:00-04:00,2025-07-01 10:00:00-04:00,2025-06-12 20:54:00-04:00,upper,skipped,position_open,open,active,,,,,,,,
516_upper,2025-06-02,2025-06-02 10:00:00-04:00,2025-06-30 10:00:00-04:00,2025-06-12 21:44:00-04:00,upper,skipped,SAL,n/a,active,,,,,,,,
519_upper,2025-06-05,2025-06-05 10:00:00-04:00,2025-07-03 10:00:00-04:00,2025-06-12 22:33:00-04:00,upper,skipped,SAL,n/a,active,,,,,,,,
524_upper,2025-06-12,2025-06-12 10:00:00-04:00,2025-07-10 10:00:00-04:00,2025-06-15 18:00:00-04:00,upper,skipped,no_anchor,n/a,n/a,,,,,,,,
525_lower,2025-06-17,2025-06-13 10:00:00-04:00,2025-07-11 10:00:00-04:00,2025-06-16 23:23:00-04:00,lower,executed,,flat,inactive,2025-06-16 23:23:00-04:00,2025-06-17 04:54:00-04:00,3397.353583308439,3397.353583308439,13.300000000000182,19.950000000000273,BE,0.0
524_lower,2025-06-24,2025-06-12 10:00:00-04:00,2025-07-10 10:00:00-04:00,2025-06-24 01:54:00-04:00,lower,executed,,flat,inactive,2025-06-24 01:54:00-04:00,2025-06-24 02:35:00-04:00,3341.249287595278,3331.1992875952774,6.700000000000273,10.05000000000041,SL,-10.050000000000637
527_lower,2025-06-17,2025-06-17 10:00:00-04:00,2025-07-15 10:00:00-04:00,2025-06-24 02:26:00-04:00,lower,skipped,position_open,open,active,,,,,,,,
526_lower,2025-06-16,2025-06-16 10:00:00-04:00,2025-07-14 10:00:00-04:00,2025-06-24 02:35:00-04:00,lower,skipped,SAL,n/a,active,,,,,,,,
528_lower,2025-06-18,2025-06-18 10:00:00-04:00,2025-07-16 10:00:00-04:00,2025-06-24 08:31:00-04:00,lower,skipped,SAL,n/a,active,,,,,,,,
522_lower,2025-06-10,2025-06-10 10:00:00-04:00,2025-07-08 10:00:00-04:00,2025-06-24 08:35:00-04:00,lower,skipped,SAL,n/a,active,,,,,,,,
523_lower,2025-06-27,2025-06-11 10:00:00-04:00,2025-07-09 10:00:00-04:00,2025-06-27 00:01:00-04:00,lower,executed,,flat,inactive,2025-06-27 00:01:00-04:00,2025-06-27 01:05:00-04:00,3305.1983462921576,3305.1983462921576,17.899999999999636,26.849999999999454,BE,0.0
531_lower,2025-06-27,2025-06-23 10:00:00-04:00,2025-07-21 10:00:00-04:00,2025-06-27 02:39:00-04:00,lower,executed,,flat,inactive,2025-06-27 02:39:00-04:00,2025-06-27 09:00:00-04:00,3298.1750730337794,3279.1250730337797,12.699999999999818,19.049999999999727,SL,-19.049999999999727
529_lower,2025-06-19,2025-06-19 10:00:00-04:00,2025-07-17 10:00:00-04:00,2025-06-27 04:14:00-04:00,lower,skipped,position_open,open,active,,,,,,,,
521_lower,2025-06-09,2025-06-09 10:00:00-04:00,2025-07-07 10:00:00-04:00,2025-06-27 08:09:00-04:00,lower,skipped,position_open,open,active,,,,,,,,
530_lower,2025-06-20,2025-06-20 10:00:00-04:00,2025-07-18 10:00:00-04:00,2025-06-27 08:10:00-04:00,lower,skipped,position_open,open,active,,,,,,,,
534_lower,2025-06-26,2025-06-26 10:00:00-04:00,2025-07-24 10:00:00-04:00,2025-06-27 09:24:00-04:00,lower,skipped,SAL,n/a,active,,,,,,,,
533_lower,2025-06-25,2025-06-25 10:00:00-04:00,2025-07-23 10:00:00-04:00,2025-06-27 09:27:00-04:00,lower,skipped,SAL,n/a,active,,,,,,,,
535_upper,2025-07-01,2025-06-27 10:00:00-04:00,2025-07-25 10:00:00-04:00,2025-07-01 00:19:00-04:00,upper,executed,,flat,inactive,2025-07-01 00:19:00-04:00,2025-07-01 03:11:00-04:00,3334.7683120125125,3346.3183120125123,7.699999999999818,11.549999999999727,SL,-11.549999999999727
536_upper,2025-06-30,2025-06-30 10:00:00-04:00,2025-07-28 10:00:00-04:00,2025-07-01 03:16:00-04:00,upper,skipped,SAL,n/a,active,,,,,,,,
537_lower,2025-07-07,2025-07-01 10:00:00-04:00,2025-07-29 10:00:00-04:00,2025-07-07 06:41:00-04:00,lower,executed,,flat,inactive,2025-07-07 06:41:00-04:00,2025-07-07 07:43:00-04:00,3309.2436342148717,3309.2436342148717,5.899999999999636,8.849999999999454,BE,0.0
538_lower,2025-07-02,2025-07-02 10:00:00-04:00,2025-07-30 10:00:00-04:00,2025-07-08 11:08:00-04:00,lower,skipped,blocked_time,n/a,n/a,,,,,,,,
540_lower,2025-07-04,2025-07-04 10:00:00-04:00,2025-08-01 10:00:00-04:00,2025-07-08 11:11:00-04:00,lower,skipped,blocked_time,n/a,n/a,,,,,,,,
543_upper,2025-07-11,2025-07-09 10:00:00-04:00,2025-08-06 10:00:00-04:00,2025-07-11 06:30:00-04:00,upper,executed,,flat,inactive,2025-07-11 06:30:00-04:00,2025-07-11 09:10:00-04:00,3357.204865581482,3370.104865581482,8.599999999999909,12.899999999999864,SL,-12.900000000000091
541_upper,2025-07-07,2025-07-07 10:00:00-04:00,2025-08-04 10:00:00-04:00,2025-07-11 10:42:00-04:00,upper,skipped,SAL,n/a,active,,,,,,,,
544_upper,2025-07-10,2025-07-10 10:00:00-04:00,2025-08-07 10:00:00-04:00,2025-07-13 18:00:00-04:00,upper,skipped,no_anchor,n/a,n/a,,,,,,,,
545_lower,2025-07-17,2025-07-11 10:00:00-04:00,2025-08-08 10:00:00-04:00,2025-07-17 08:30:00-04:00,lower,executed,,flat,inactive,2025-07-17 08:30:00-04:00,2025-07-17 09:25:00-04:00,3320.209763807726,3320.209763807726,6.699999999999818,10.049999999999727,BE,0.0
546_lower,2025-07-14,2025-07-14 10:00:00-04:00,2025-08-11 10:00:00-04:00,2025-07-17 08:45:00-04:00,lower,skipped,position_open,open,inactive,,,,,,,,
549_upper,2025-07-18,2025-07-17 10:00:00-04:00,2025-08-14 10:00:00-04:00,2025-07-18 08:40:00-04:00,upper,executed,,flat,inactive,2025-07-18 08:40:00-04:00,2025-07-18 15:00:00-04:00,3367.067594141905,3357.8,7.600000000000364,11.400000000000546,cutoff,9.267594141904738
548_upper,2025-07-21,2025-07-16 10:00:00-04:00,2025-08-13 10:00:00-04:00,2025-07-21 08:23:00-04:00,upper,executed,,flat,inactive,2025-07-21 08:23:00-04:00,2025-07-21 09:47:00-04:00,3388.1654879487673,3404.8154879487674,11.099999999999909,16.649999999999864,SL,-16.65000000000009
533_upper,2025-06-25,2025-06-25 10:00:00-04:00,2025-07-23 10:00:00-04:00,2025-07-21 08:25:00-04:00,upper,skipped,position_open,open,active,,,,,,,,
542_upper,2025-07-08,2025-07-08 10:00:00-04:00,2025-08-05 10:00:00-04:00,2025-07-21 08:25:00-04:00,upper,skipped,position_open,open,active,,,,,,,,
540_upper,2025-07-04,2025-07-04 10:00:00-04:00,2025-08-01 10:00:00-04:00,2025-07-21 08:38:00-04:00,upper,skipped,position_open,open,active,,,,,,,,
534_upper,2025-06-26,2025-06-26 10:00:00-04:00,2025-07-24 10:00:00-04:00,2025-07-21 08:50:00-04:00,upper,skipped,position_open,open,active,,,,,,,,
539_upper,2025-07-03,2025-07-03 10:00:00-04:00,2025-07-31 10:00:00-04:00,2025-07-21 08:50:00-04:00,upper,skipped,position_open,open,active,,,,,,,,
532_upper,2025-06-24,2025-06-24 10:00:00-04:00,2025-07-22 10:00:00-04:00,2025-07-21 09:06:00-04:00,upper,skipped,position_open,open,active,,,,,,,,
547_upper,2025-07-15,2025-07-15 10:00:00-04:00,2025-08-12 10:00:00-04:00,2025-07-21 09:43:00-04:00,upper,skipped,position_open,open,active,,,,,,,,
538_upper,2025-07-02,2025-07-02 10:00:00-04:00,2025-07-30 10:00:00-04:00,2025-07-21 10:07:00-04:00,upper,skipped,SAL,n/a,active,,,,,,,,
550_upper,2025-07-18,2025-07-18 10:00:00-04:00,2025-08-15 10:00:00-04:00,2025-07-21 10:07:00-04:00,upper,skipped,SAL,n/a,active,,,,,,,,
546_upper,2025-07-14,2025-07-14 10:00:00-04:00,2025-08-11 10:00:00-04:00,2025-07-21 10:15:00-04:00,upper,skipped,SAL,n/a,active,,,,,,,,
545_upper,2025-07-11,2025-07-11 10:00:00-04:00,2025-08-08 10:00:00-04:00,2025-07-21 10:16:00-04:00,upper,skipped,SAL,n/a,active,,,,,,,,
537_upper,2025-07-01,2025-07-01 10:00:00-04:00,2025-07-29 10:00:00-04:00,2025-07-21 10:20:00-04:00,upper,skipped,SAL,n/a,active,,,,,,,,
551_upper,2025-07-21,2025-07-21 10:00:00-04:00,2025-08-18 10:00:00-04:00,2025-07-22 11:05:00-04:00,upper,skipped,blocked_time,n/a,n/a,,,,,,,,
552_lower,2025-07-24,2025-07-22 10:00:00-04:00,2025-08-19 10:00:00-04:00,2025-07-24 03:51:00-04:00,lower,executed,,flat,inactive,2025-07-24 03:51:00-04:00,2025-07-24 04:52:00-04:00,3375.15023754917,3375.15023754917,9.199999999999818,13.799999999999727,BE,0.0
553_lower,2025-07-23,2025-07-23 10:00:00-04:00,2025-08-20 10:00:00-04:00,2025-07-24 03:55:00-04:00,lower,skipped,position_open,open,inactive,,,,,,,,
551_lower,2025-07-25,2025-07-21 10:00:00-04:00,2025-08-18 10:00:00-04:00,2025-07-25 04:28:00-04:00,lower,executed,,flat,inactive,2025-07-25 04:28:00-04:00,2025-07-25 08:43:00-04:00,3349.5568149007777,3338.0068149007775,7.700000000000273,11.55000000000041,SL,-11.550000000000182
550_lower,2025-07-18,2025-07-18 10:00:00-04:00,2025-08-15 10:00:00-04:00,2025-07-27 18:00:00-04:00,lower,skipped,no_anchor,n/a,n/a,,,,,,,,
554_lower,2025-07-24,2025-07-24 10:00:00-04:00,2025-08-21 10:00:00-04:00,2025-07-27 18:00:00-04:00,lower,skipped,no_anchor,n/a,n/a,,,,,,,,
556_upper,2025-07-29,2025-07-28 10:00:00-04:00,2025-08-25 10:00:00-04:00,2025-07-29 04:13:00-04:00,upper,executed,,flat,inactive,2025-07-29 04:13:00-04:00,2025-07-29 04:59:00-04:00,3380.503280788993,3380.503280788993,6.799999999999727,10.19999999999959,BE,-0.0
555_upper,2025-07-25,2025-07-25 10:00:00-04:00,2025-08-22 10:00:00-04:00,2025-07-29 11:06:00-04:00,upper,skipped,blocked_time,n/a,n/a,,,,,,,,
557_lower,2025-07-29,2025-07-29 10:00:00-04:00,2025-08-26 10:00:00-04:00,2025-07-30 15:20:00-04:00,lower,skipped,no_cutoff,n/a,n/a,,,,,,,,
558_upper,2025-07-30,2025-07-30 10:00:00-04:00,2025-08-27 10:00:00-04:00,2025-08-01 15:33:00-04:00,upper,skipped,no_cutoff,n/a,n/a,,,,,,,,
559_upper,2025-07-31,2025-07-31 10:00:00-04:00,2025-08-28 10:00:00-04:00,2025-08-01 15:36:00-04:00,upper,skipped,no_cutoff,n/a,n/a,,,,,,,,
554_upper,2025-07-24,2025-07-24 10:00:00-04:00,2025-08-21 10:00:00-04:00,2025-08-01 16:35:00-04:00,upper,skipped,no_cutoff,n/a,n/a,,,,,,,,
557_upper,2025-07-29,2025-07-29 10:00:00-04:00,2025-08-26 10:00:00-04:00,2025-08-03 18:00:00-04:00,upper,skipped,no_anchor,n/a,n/a,,,,,,,,
560_upper,2025-08-07,2025-08-01 10:00:00-04:00,2025-08-29 10:00:00-04:00,2025-08-07 02:55:00-04:00,upper,executed,,flat,inactive,2025-08-07 02:55:00-04:00,2025-08-07 10:08:00-04:00,3457.0820450907727,3442.9820450907728,9.400000000000091,14.100000000000136,TP,14.100000000000136
553_upper,2025-07-23,2025-07-23 10:00:00-04:00,2025-08-20 10:00:00-04:00,2025-08-07 03:32:00-04:00,upper,skipped,position_open,open,inactive,,,,,,,,
563_upper,2025-08-06,2025-08-06 10:00:00-04:00,2025-09-03 10:00:00-04:00,2025-08-07 16:24:00-04:00,upper,skipped,no_cutoff,n/a,n/a,,,,,,,,
552_upper,2025-07-22,2025-07-22 10:00:00-04:00,2025-08-19 10:00:00-04:00,2025-08-07 16:39:00-04:00,upper,skipped,no_cutoff,n/a,n/a,,,,,,,,
562_upper,2025-08-05,2025-08-05 10:00:00-04:00,2025-09-02 10:00:00-04:00,2025-08-07 16:59:00-04:00,upper,skipped,no_cutoff,n/a,n/a,,,,,,,,
561_upper,2025-08-04,2025-08-04 10:00:00-04:00,2025-09-01 10:00:00-04:00,2025-08-07 18:00:00-04:00,upper,skipped,no_anchor,n/a,n/a,,,,,,,,
564_upper,2025-08-07,2025-08-07 10:00:00-04:00,2025-09-04 10:00:00-04:00,2025-08-07 18:03:00-04:00,upper,skipped,no_anchor,n/a,n/a,,,,,,,,
565_lower,2025-08-11,2025-08-08 10:00:00-04:00,2025-09-05 10:00:00-04:00,2025-08-11 02:28:00-04:00,lower,executed,,flat,inactive,2025-08-11 02:28:00-04:00,2025-08-11 03:38:00-04:00,3428.6824337992566,3416.382433799257,8.199999999999818,12.299999999999727,SL,-12.299999999999727
564_lower,2025-08-07,2025-08-07 10:00:00-04:00,2025-09-04 10:00:00-04:00,2025-08-11 08:29:00-04:00,lower,skipped,SAL,n/a,active,,,,,,,,
563_lower,2025-08-06,2025-08-06 10:00:00-04:00,2025-09-03 10:00:00-04:00,2025-08-17 19:16:00-04:00,lower,skipped,simultaneous_collision,flat,inactive,,,,,,,,
561_lower,2025-08-18,2025-08-04 10:00:00-04:00,2025-09-01 10:00:00-04:00,2025-08-17 19:16:00-04:00,lower,executed,,flat,inactive,2025-08-17 19:16:00-04:00,2025-08-17 20:21:00-04:00,3374.9031572722706,3385.5531572722703,7.099999999999909,10.649999999999864,TP,10.649999999999864
562_lower,2025-08-05,2025-08-05 10:00:00-04:00,2025-09-02 10:00:00-04:00,2025-08-17 19:17:00-04:00,lower,skipped,position_open,open,inactive,,,,,,,,
568_lower,2025-08-19,2025-08-13 10:00:00-04:00,2025-09-10 10:00:00-04:00,2025-08-19 10:52:00-04:00,lower,executed,,flat,inactive,2025-08-19 10:52:00-04:00,2025-08-19 11:46:00-04:00,3365.2953175510047,3365.2953175510047,14.599999999999909,21.899999999999864,BE,0.0
566_lower,2025-08-20,2025-08-11 10:00:00-04:00,2025-09-08 10:00:00-04:00,2025-08-19 19:03:00-04:00,lower,executed,,flat,inactive,2025-08-19 19:03:00-04:00,2025-08-19 21:07:00-04:00,3358.086726062959,3354.486726062959,2.400000000000091,3.6000000000001364,SL,-3.599999999999909
572_upper,2025-08-22,2025-08-19 10:00:00-04:00,2025-09-16 10:00:00-04:00,2025-08-22 10:51:00-04:00,upper,executed,,flat,inactive,2025-08-22 10:51:00-04:00,2025-08-22 15:00:00-04:00,3421.9025048159556,3417.4,13.799999999999727,20.69999999999959,cutoff,4.50250481595549
575_upper,2025-08-26,2025-08-22 10:00:00-04:00,2025-09-19 10:00:00-04:00,2025-08-25 20:32:00-04:00,upper,executed,,flat,inactive,2025-08-25 20:32:00-04:00,2025-08-25 22:06:00-04:00,3427.2728652419814,3427.2728652419814,11.699999999999818,17.549999999999727,BE,-0.0
570_upper,2025-08-15,2025-08-15 10:00:00-04:00,2025-09-12 10:00:00-04:00,2025-08-25 20:46:00-04:00,upper,skipped,position_open,open,inactive,,,,,,,,
573_upper,2025-08-20,2025-08-20 10:00:00-04:00,2025-09-17 10:00:00-04:00,2025-08-25 20:46:00-04:00,upper,skipped,position_open,open,inactive,,,,,,,,
574_upper,2025-08-21,2025-08-21 10:00:00-04:00,2025-09-18 10:00:00-04:00,2025-08-25 20:47:00-04:00,upper,skipped,position_open,open,inactive,,,,,,,,
571_upper,2025-08-18,2025-08-18 10:00:00-04:00,2025-09-15 10:00:00-04:00,2025-08-26 15:21:00-04:00,upper,skipped,no_cutoff,n/a,n/a,,,,,,,,
569_upper,2025-08-14,2025-08-14 10:00:00-04:00,2025-09-11 10:00:00-04:00,2025-08-26 16:34:00-04:00,upper,skipped,no_cutoff,n/a,n/a,,,,,,,,
567_upper,2025-08-12,2025-08-12 10:00:00-04:00,2025-09-09 10:00:00-04:00,2025-08-27 12:48:00-04:00,upper,skipped,blocked_time,n/a,n/a,,,,,,,,
568_upper,2025-08-13,2025-08-13 10:00:00-04:00,2025-09-10 10:00:00-04:00,2025-08-27 18:00:00-04:00,upper,skipped,no_anchor,n/a,n/a,,,,,,,,
576_upper,2025-08-28,2025-08-25 10:00:00-04:00,2025-09-22 10:00:00-04:00,2025-08-27 19:46:00-04:00,upper,executed,,flat,inactive,2025-08-27 19:46:00-04:00,2025-08-27 20:45:00-04:00,3453.068245991153,3453.068245991153,4.800000000000182,7.200000000000273,BE,-0.0
566_upper,2025-08-28,2025-08-11 10:00:00-04:00,2025-09-08 10:00:00-04:00,2025-08-28 07:28:00-04:00,upper,executed,,flat,inactive,2025-08-28 07:28:00-04:00,2025-08-28 09:55:00-04:00,3460.0632739370412,3468.1632739370407,5.399999999999636,8.099999999999454,SL,-8.099999999999454
577_upper,2025-08-26,2025-08-26 10:00:00-04:00,2025-09-23 10:00:00-04:00,2025-08-28 07:32:00-04:00,upper,skipped,position_open,open,active,,,,,,,,
578_upper,2025-08-27,2025-08-27 10:00:00-04:00,2025-09-24 10:00:00-04:00,2025-08-28 12:31:00-04:00,upper,skipped,blocked_time,n/a,n/a,,,,,,,,
579_upper,2025-08-28,2025-08-28 10:00:00-04:00,2025-09-25 10:00:00-04:00,2025-08-29 11:22:00-04:00,upper,skipped,blocked_time,n/a,n/a,,,,,,,,
580_upper,2025-09-01,2025-08-29 10:00:00-04:00,2025-09-26 10:00:00-04:00,2025-08-31 22:07:00-04:00,upper,executed,,flat,inactive,2025-08-31 22:07:00-04:00,2025-09-01 14:29:00-04:00,3532.8412824017623,3545.8,22.59999999999991,33.899999999999864,cutoff,-12.958717598237854
565_upper,2025-08-08,2025-08-08 10:00:00-04:00,2025-09-05 10:00:00-04:00,2025-08-31 22:09:00-04:00,upper,skipped,position_open,open,active,,,,,,,,
581_upper,2025-09-01,2025-09-01 10:00:00-04:00,2025-09-29 10:00:00-04:00,2025-09-02 12:38:00-04:00,upper,skipped,blocked_time,n/a,n/a,,,,,,,,
582_upper,2025-09-02,2025-09-02 10:00:00-04:00,2025-09-30 10:00:00-04:00,2025-09-02 16:29:00-04:00,upper,skipped,no_cutoff,n/a,n/a,,,,,,,,
584_upper,2025-09-08,2025-09-04 10:00:00-04:00,2025-10-02 10:00:00-04:00,2025-09-08 09:10:00-04:00,upper,executed,,flat,inactive,2025-09-08 09:10:00-04:00,2025-09-08 09:56:00-04:00,3669.8850377500676,3669.8850377500676,11.400000000000091,17.100000000000136,BE,-0.0
583_upper,2025-09-08,2025-09-03 10:00:00-04:00,2025-10-01 10:00:00-04:00,2025-09-08 10:45:00-04:00,upper,executed,,flat,inactive,2025-09-08 10:45:00-04:00,2025-09-08 11:34:00-04:00,3677.7631509088164,3677.7631509088164,16.5,24.75,BE,-0.0
585_upper,2025-09-09,2025-09-05 10:00:00-04:00,2025-10-03 10:00:00-04:00,2025-09-09 09:25:00-04:00,upper,executed,,flat,inactive,2025-09-09 09:25:00-04:00,2025-09-09 10:34:00-04:00,3698.924289615716,3680.324289615716,12.400000000000091,18.600000000000136,TP,18.600000000000136
589_upper,2025-09-11,2025-09-11 10:00:00-04:00,2025-10-09 10:00:00-04:00,2025-09-15 11:54:00-04:00,upper,skipped,blocked_time,n/a,n/a,,,,,,,,
586_upper,2025-09-08,2025-09-08 10:00:00-04:00,2025-10-06 10:00:00-04:00,2025-09-15 11:58:00-04:00,upper,skipped,blocked_time,n/a,n/a,,,,,,,,
590_upper,2025-09-16,2025-09-12 10:00:00-04:00,2025-10-10 10:00:00-04:00,2025-09-16 05:51:00-04:00,upper,executed,,flat,inactive,2025-09-16 05:51:00-04:00,2025-09-16 07:49:00-04:00,3735.8245562916863,3735.8245562916863,10.700000000000273,16.05000000000041,BE,-0.0
588_upper,2025-09-16,2025-09-10 10:00:00-04:00,2025-10-08 10:00:00-04:00,2025-09-16 10:17:00-04:00,upper,executed,,flat,inactive,2025-09-16 10:17:00-04:00,2025-09-16 11:06:00-04:00,3737.7054436307208,3717.0054436307205,13.800000000000182,20.700000000000273,TP,20.700000000000273
592_lower,2025-09-16,2025-09-16 10:00:00-04:00,2025-10-14 10:00:00-04:00,2025-09-17 14:01:00-04:00,lower,skipped,blocked_time,n/a,n/a,,,,,,,,
591_upper,2025-09-15,2025-09-15 10:00:00-04:00,2025-10-13 10:00:00-04:00,2025-09-17 14:09:00-04:00,upper,skipped,blocked_time,n/a,n/a,,,,,,,,
593_lower,2025-09-18,2025-09-17 10:00:00-04:00,2025-10-15 10:00:00-04:00,2025-09-18 09:44:00-04:00,lower,executed,,flat,inactive,2025-09-18 09:44:00-04:00,2025-09-18 12:54:00-04:00,3665.3503573621324,3680.3503573621324,10.0,15.0,TP,15.0
595_upper,2025-09-22,2025-09-19 10:00:00-04:00,2025-10-17 10:00:00-04:00,2025-09-22 02:25:00-04:00,upper,executed,,flat,inactive,2025-09-22 02:25:00-04:00,2025-09-22 02:49:00-04:00,3739.460147860509,3752.5101478605093,8.700000000000273,13.05000000000041,SL,-13.050000000000182
594_upper,2025-09-18,2025-09-18 10:00:00-04:00,2025-10-16 10:00:00-04:00,2025-09-22 02:34:00-04:00,upper,skipped,position_open,open,active,,,,,,,,
593_upper,2025-09-17,2025-09-17 10:00:00-04:00,2025-10-15 10:00:00-04:00,2025-09-22 06:46:00-04:00,upper,skipped,SAL,n/a,active,,,,,,,,
587_upper,2025-09-09,2025-09-09 10:00:00-04:00,2025-10-07 10:00:00-04:00,2025-09-22 06:47:00-04:00,upper,skipped,SAL,n/a,active,,,,,,,,
592_upper,2025-09-16,2025-09-16 10:00:00-04:00,2025-10-14 10:00:00-04:00,2025-09-22 13:30:00-04:00,upper,skipped,blocked_time,n/a,n/a,,,,,,,,
596_upper,2025-09-23,2025-09-22 10:00:00-04:00,2025-10-20 10:00:00-04:00,2025-09-23 04:44:00-04:00,upper,executed,,flat,inactive,2025-09-23 04:44:00-04:00,2025-09-23 05:12:00-04:00,3803.9004413307125,3816.500441330712,8.399999999999636,12.599999999999454,SL,-12.599999999999454
597_lower,2025-09-23,2025-09-23 10:00:00-04:00,2025-10-21 10:00:00-04:00,2025-09-24 14:06:00-04:00,lower,skipped,blocked_time,n/a,n/a,,,,,,,,
599_upper,2025-09-29,2025-09-25 10:00:00-04:00,2025-10-23 10:00:00-04:00,2025-09-29 00:24:00-04:00,upper,executed,,flat,inactive,2025-09-29 00:24:00-04:00,2025-09-29 01:05:00-04:00,3828.900348093051,3839.400348093051,7.0,10.5,SL,-10.5
600_upper,2025-09-26,2025-09-26 10:00:00-04:00,2025-10-24 10:00:00-04:00,2025-09-29 02:15:00-04:00,upper,skipped,SAL,n/a,active,,,,,,,,
598_upper,2025-09-24,2025-09-24 10:00:00-04:00,2025-10-22 10:00:00-04:00,2025-09-29 04:53:00-04:00,upper,skipped,SAL,n/a,active,,,,,,,,
597_upper,2025-09-30,2025-09-23 10:00:00-04:00,2025-10-21 10:00:00-04:00,2025-09-29 20:05:00-04:00,upper,executed,,flat,inactive,2025-09-29 20:05:00-04:00,2025-09-29 20:59:00-04:00,3867.8046899283718,3867.8046899283718,5.400000000000091,8.100000000000136,BE,-0.0
602_upper,2025-09-30,2025-09-30 10:00:00-04:00,2025-10-28 10:00:00-04:00,2025-10-01 03:52:00-04:00,upper,skipped,simultaneous_collision,flat,inactive,,,,,,,,
601_upper,2025-10-01,2025-09-29 10:00:00-04:00,2025-10-27 10:00:00-04:00,2025-10-01 03:52:00-04:00,upper,executed,,flat,inactive,2025-10-01 03:52:00-04:00,2025-10-01 10:47:00-04:00,3907.8763387816693,3889.27633878167,12.399999999999636,18.599999999999454,TP,18.599999999999454
604_lower,2025-10-02,2025-10-02 10:00:00-04:00,2025-10-30 10:00:00-04:00,2025-10-02 11:37:00-04:00,lower,skipped,blocked_time,n/a,n/a,,,,,,,,
603_upper,2025-10-06,2025-10-01 10:00:00-04:00,2025-10-29 10:00:00-04:00,2025-10-05 23:44:00-04:00,upper,executed,,flat,inactive,2025-10-05 23:44:00-04:00,2025-10-06 01:00:00-04:00,3954.025011167392,3964.9750111673925,7.300000000000182,10.950000000000273,SL,-10.950000000000273
605_upper,2025-10-03,2025-10-03 10:00:00-04:00,2025-10-31 10:00:00-04:00,2025-10-06 04:05:00-04:00,upper,skipped,SAL,n/a,active,,,,,,,,
604_upper,2025-10-02,2025-10-02 10:00:00-04:00,2025-10-30 10:00:00-04:00,2025-10-06 11:55:00-04:00,upper,skipped,blocked_time,n/a,n/a,,,,,,,,
606_upper,2025-10-08,2025-10-06 10:00:00-04:00,2025-11-03 10:00:00-05:00,2025-10-07 22:13:00-04:00,upper,executed,,flat,inactive,2025-10-07 22:13:00-04:00,2025-10-08 01:05:00-04:00,4025.0441018799856,4050.394101879986,16.90000000000009,25.350000000000136,SL,-25.350000000000364
607_upper,2025-10-07,2025-10-07 10:00:00-04:00,2025-11-04 10:00:00-05:00,2025-10-08 01:34:00-04:00,upper,skipped,SAL,n/a,active,,,,,,,,
608_lower,2025-10-08,2025-10-08 10:00:00-04:00,2025-11-05 10:00:00-05:00,2025-10-09 12:39:00-04:00,lower,skipped,blocked_time,n/a,n/a,,,,,,,,
609_lower,2025-10-09,2025-10-09 10:00:00-04:00,2025-11-06 10:00:00-05:00,2025-10-09 12:54:00-04:00,lower,skipped,blocked_time,n/a,n/a,,,,,,,,
610_upper,2025-10-13,2025-10-10 10:00:00-04:00,2025-11-07 10:00:00-05:00,2025-10-12 19:06:00-04:00,upper,executed,,flat,inactive,2025-10-12 19:06:00-04:00,2025-10-12 20:39:00-04:00,4070.626729702926,4070.626729702926,50.5,75.75,BE,-0.0
608_upper,2025-10-13,2025-10-08 10:00:00-04:00,2025-11-05 10:00:00-05:00,2025-10-13 09:52:00-04:00,upper,executed,,flat,inactive,2025-10-13 09:52:00-04:00,2025-10-13 12:10:00-04:00,4113.967870785979,4133.917870785979,13.300000000000182,19.950000000000273,SL,-19.949999999999818
609_upper,2025-10-14,2025-10-09 10:00:00-04:00,2025-11-06 10:00:00-05:00,2025-10-13 19:34:00-04:00,upper,executed,,flat,inactive,2025-10-13 19:34:00-04:00,2025-10-13 20:27:00-04:00,4143.716061140374,4143.716061140374,9.200000000000728,13.800000000001091,BE,-0.0
611_upper,2025-10-14,2025-10-13 10:00:00-04:00,2025-11-10 10:00:00-05:00,2025-10-13 23:38:00-04:00,upper,executed,,flat,inactive,2025-10-13 23:38:00-04:00,2025-10-14 00:26:00-04:00,4175.123149035227,4175.123149035227,13.699999999999818,20.549999999999727,BE,-0.0
612_upper,2025-10-15,2025-10-14 10:00:00-04:00,2025-11-11 10:00:00-05:00,2025-10-14 21:12:00-04:00,upper,executed,,flat,inactive,2025-10-14 21:12:00-04:00,2025-10-15 03:38:00-04:00,4200.466585340683,4224.766585340683,16.199999999999818,24.299999999999727,SL,-24.300000000000182
613_upper,2025-10-16,2025-10-15 10:00:00-04:00,2025-11-12 10:00:00-05:00,2025-10-16 10:05:00-04:00,upper,executed,,flat,inactive,2025-10-16 10:05:00-04:00,2025-10-16 10:51:00-04:00,4275.130585700858,4275.130585700858,24.800000000000182,37.20000000000027,BE,-0.0
614_upper,2025-10-16,2025-10-16 10:00:00-04:00,2025-11-13 10:00:00-05:00,2025-10-16 16:03:00-04:00,upper,skipped,no_cutoff,n/a,n/a,,,,,,,,
615_lower,2025-10-17,2025-10-17 10:00:00-04:00,2025-11-14 10:00:00-05:00,2025-10-17 13:02:00-04:00,lower,skipped,blocked_time,n/a,n/a,,,,,,,,
614_lower,2025-10-16,2025-10-16 10:00:00-04:00,2025-11-13 10:00:00-05:00,2025-10-17 13:04:00-04:00,lower,skipped,blocked_time,n/a,n/a,,,,,,,,
616_lower,2025-10-21,2025-10-20 10:00:00-04:00,2025-11-17 10:00:00-05:00,2025-10-21 08:10:00-04:00,lower,executed,,flat,inactive,2025-10-21 08:10:00-04:00,2025-10-21 09:01:00-04:00,4254.685982019456,4212.835982019455,27.900000000000546,41.85000000000082,SL,-41.85000000000127
613_lower,2025-10-15,2025-10-15 10:00:00-04:00,2025-11-12 10:00:00-05:00,2025-10-21 10:30:00-04:00,lower,skipped,SAL,n/a,active,,,,,,,,
617_lower,2025-10-21,2025-10-21 10:00:00-04:00,2025-11-18 10:00:00-05:00,2025-10-21 10:43:00-04:00,lower,skipped,SAL,n/a,active,,,,,,,,
612_lower,2025-10-22,2025-10-14 10:00:00-04:00,2025-11-11 10:00:00-05:00,2025-10-21 20:06:00-04:00,lower,executed,,flat,inactive,2025-10-21 20:06:00-04:00,2025-10-21 21:04:00-04:00,4059.933414659318,4115.883414659318,37.30000000000018,55.95000000000027,TP,55.95000000000027
611_lower,2025-10-13,2025-10-13 10:00:00-04:00,2025-11-10 10:00:00-05:00,2025-10-21 20:10:00-04:00,lower,skipped,position_open,open,inactive,,,,,,,,
618_upper,2025-10-23,2025-10-22 10:00:00-04:00,2025-11-19 10:00:00-05:00,2025-10-23 09:18:00-04:00,upper,executed,,flat,inactive,2025-10-23 09:18:00-04:00,2025-10-23 15:00:00-04:00,4154.303298263775,4152.9,30.699999999999818,46.04999999999973,cutoff,1.4032982637754685
619_lower,2025-10-24,2025-10-23 10:00:00-04:00,2025-11-20 10:00:00-05:00,2025-10-24 03:51:00-04:00,lower,executed,,flat,inactive,2025-10-24 03:51:00-04:00,2025-10-24 09:07:00-04:00,4089.8603438004234,4124.060343800422,22.799999999999272,34.19999999999891,TP,34.19999999999891
620_lower,2025-10-27,2025-10-24 10:00:00-04:00,2025-11-21 10:00:00-05:00,2025-10-27 04:53:00-04:00,lower,executed,,flat,inactive,2025-10-27 04:53:00-04:00,2025-10-27 05:41:00-04:00,4051.74177720002,4051.74177720002,16.40000000000009,24.600000000000136,BE,0.0
618_lower,2025-10-22,2025-10-22 10:00:00-04:00,2025-11-19 10:00:00-05:00,2025-10-27 11:00:00-04:00,lower,skipped,blocked_time,n/a,n/a,,,,,,,,
621_lower,2025-10-28,2025-10-27 10:00:00-04:00,2025-11-24 10:00:00-05:00,2025-10-28 02:11:00-04:00,lower,executed,,flat,inactive,2025-10-28 02:11:00-04:00,2025-10-28 04:13:00-04:00,3969.1352303884155,3935.9852303884154,22.09999999999991,33.149999999999864,SL,-33.15000000000009
607_lower,2025-10-07,2025-10-07 10:00:00-04:00,2025-11-04 10:00:00-05:00,2025-10-28 03:20:00-04:00,lower,skipped,position_open,open,active,,,,,,,,
610_lower,2025-10-10,2025-10-10 10:00:00-04:00,2025-11-07 10:00:00-05:00,2025-10-28 03:32:00-04:00,lower,skipped,position_open,open,active,,,,,,,,
622_upper,2025-10-29,2025-10-28 10:00:00-04:00,2025-11-25 10:00:00-05:00,2025-10-29 04:04:00-04:00,upper,executed,,flat,inactive,2025-10-29 04:04:00-04:00,2025-10-29 14:35:00-04:00,4019.916503603379,3980.7665036033786,26.100000000000364,39.150000000000546,TP,39.150000000000546
623_lower,2025-10-29,2025-10-29 10:00:00-04:00,2025-11-26 10:00:00-05:00,2025-10-29 14:36:00-04:00,lower,skipped,blocked_time,n/a,n/a,,,,,,,,
625_lower,2025-11-03,2025-10-31 10:00:00-04:00,2025-11-28 10:00:00-05:00,2025-11-02 19:20:00-05:00,lower,executed,,flat,inactive,2025-11-02 19:20:00-05:00,2025-11-02 19:20:00-05:00,3971.502022282932,3974.9,21.09999999999991,31.649999999999864,cutoff,3.397977717067988
626_lower,2025-11-04,2025-11-03 10:00:00-05:00,2025-12-01 10:00:00-05:00,2025-11-04 09:33:00-05:00,lower,executed,,flat,inactive,2025-11-04 09:33:00-05:00,2025-11-04 10:20:00-05:00,3950.9508002389257,3950.9508002389257,24.90000000000009,37.350000000000136,BE,0.0
627_upper,2025-11-04,2025-11-04 10:00:00-05:00,2025-12-02 10:00:00-05:00,2025-11-07 11:36:00-05:00,upper,skipped,blocked_time,n/a,n/a,,,,,,,,
628_upper,2025-11-10,2025-11-05 10:00:00-05:00,2025-12-03 10:00:00-05:00,2025-11-09 20:22:00-05:00,upper,executed,,flat,inactive,2025-11-09 20:22:00-05:00,2025-11-09 21:14:00-05:00,4053.645241971765,4053.645241971765,12.900000000000091,19.350000000000136,BE,-0.0
629_upper,2025-11-06,2025-11-06 10:00:00-05:00,2025-12-04 10:00:00-05:00,2025-11-09 20:26:00-05:00,upper,skipped,position_open,open,inactive,,,,,,,,
630_upper,2025-11-10,2025-11-07 10:00:00-05:00,2025-12-05 10:00:00-05:00,2025-11-09 23:09:00-05:00,upper,executed,,flat,inactive,2025-11-09 23:09:00-05:00,2025-11-10 00:24:00-05:00,4063.85790315649,4063.85790315649,8.199999999999818,12.299999999999727,BE,-0.0
624_upper,2025-11-10,2025-10-30 10:00:00-04:00,2025-11-27 10:00:00-05:00,2025-11-10 00:30:00-05:00,upper,executed,,flat,inactive,2025-11-10 00:30:00-05:00,2025-11-10 00:56:00-05:00,4066.2950080788073,4077.395008078807,7.400000000000091,11.100000000000136,SL,-11.099999999999909
623_upper,2025-10-29,2025-10-29 10:00:00-04:00,2025-11-26 10:00:00-05:00,2025-11-10 03:36:00-05:00,upper,skipped,SAL,n/a,active,,,,,,,,
625_upper,2025-10-31,2025-10-31 10:00:00-04:00,2025-11-28 10:00:00-05:00,2025-11-10 07:14:00-05:00,upper,skipped,SAL,n/a,active,,,,,,,,
626_upper,2025-11-03,2025-11-03 10:00:00-05:00,2025-12-01 10:00:00-05:00,2025-11-10 07:14:00-05:00,upper,skipped,SAL,n/a,active,,,,,,,,
621_upper,2025-10-27,2025-10-27 10:00:00-04:00,2025-11-24 10:00:00-05:00,2025-11-10 13:18:00-05:00,upper,skipped,blocked_time,n/a,n/a,,,,,,,,
631_upper,2025-11-11,2025-11-10 10:00:00-05:00,2025-12-08 10:00:00-05:00,2025-11-10 22:15:00-05:00,upper,executed,,flat,inactive,2025-11-10 22:15:00-05:00,2025-11-11 00:36:00-05:00,4150.157479534126,4134.707479534125,10.300000000000182,15.450000000000273,TP,15.450000000000273
632_upper,2025-11-11,2025-11-11 10:00:00-05:00,2025-12-09 10:00:00-05:00,2025-11-12 11:03:00-05:00,upper,skipped,blocked_time,n/a,n/a,,,,,,,,
633_upper,2025-11-12,2025-11-12 10:00:00-05:00,2025-12-10 10:00:00-05:00,2025-11-12 11:31:00-05:00,upper,skipped,blocked_time,n/a,n/a,,,,,,,,
620_upper,2025-10-24,2025-10-24 10:00:00-04:00,2025-11-21 10:00:00-05:00,2025-11-12 11:34:00-05:00,upper,skipped,blocked_time,n/a,n/a,,,,,,,,
619_upper,2025-11-13,2025-10-23 10:00:00-04:00,2025-11-20 10:00:00-05:00,2025-11-13 03:03:00-05:00,upper,executed,,flat,inactive,2025-11-13 03:03:00-05:00,2025-11-13 07:59:00-05:00,4230.7396561995765,4249.4896561995765,12.5,18.75,SL,-18.75
634_lower,2025-11-14,2025-11-13 10:00:00-05:00,2025-12-11 10:00:00-05:00,2025-11-14 06:56:00-05:00,lower,executed,,flat,inactive,2025-11-14 06:56:00-05:00,2025-11-14 07:20:00-05:00,4135.66308183545,4118.11308183545,11.699999999999818,17.549999999999727,SL,-17.549999999999272
633_lower,2025-11-12,2025-11-12 10:00:00-05:00,2025-12-10 10:00:00-05:00,2025-11-14 08:19:00-05:00,lower,skipped,SAL,n/a,active,,,,,,,,
632_lower,2025-11-11,2025-11-11 10:00:00-05:00,2025-12-09 10:00:00-05:00,2025-11-14 08:22:00-05:00,lower,skipped,SAL,n/a,active,,,,,,,,
631_lower,2025-11-10,2025-11-10 10:00:00-05:00,2025-12-08 10:00:00-05:00,2025-11-14 09:33:00-05:00,lower,skipped,SAL,n/a,active,,,,,,,,
636_lower,2025-11-17,2025-11-17 10:00:00-05:00,2025-12-15 10:00:00-05:00,2025-11-17 14:57:00-05:00,lower,skipped,blocked_time,n/a,n/a,,,,,,,,
636_upper,2025-11-19,2025-11-17 10:00:00-05:00,2025-12-15 10:00:00-05:00,2025-11-19 10:14:00-05:00,upper,executed,,flat,inactive,2025-11-19 10:14:00-05:00,2025-11-19 11:01:00-05:00,4131.347724521153,4088.747724521154,28.399999999999636,42.599999999999454,TP,42.599999999999454
638_lower,2025-11-20,2025-11-19 10:00:00-05:00,2025-12-17 10:00:00-05:00,2025-11-19 21:18:00-05:00,lower,executed,,flat,inactive,2025-11-19 21:18:00-05:00,2025-11-19 22:08:00-05:00,4042.7328779389168,4083.5328779389165,27.199999999999818,40.79999999999973,TP,40.79999999999973
640_upper,2025-11-21,2025-11-21 10:00:00-05:00,2025-12-19 10:00:00-05:00,2025-11-24 15:33:00-05:00,upper,skipped,no_cutoff,n/a,n/a,,,,,,,,
637_upper,2025-11-18,2025-11-18 10:00:00-05:00,2025-12-16 10:00:00-05:00,2025-11-24 16:42:00-05:00,upper,skipped,no_cutoff,n/a,n/a,,,,,,,,
641_upper,2025-11-24,2025-11-24 10:00:00-05:00,2025-12-22 10:00:00-05:00,2025-11-24 18:46:00-05:00,upper,skipped,no_anchor,n/a,n/a,,,,,,,,
635_upper,2025-11-14,2025-11-14 10:00:00-05:00,2025-12-12 10:00:00-05:00,2025-11-24 18:59:00-05:00,upper,skipped,no_anchor,n/a,n/a,,,,,,,,
639_upper,2025-11-25,2025-11-20 10:00:00-05:00,2025-12-18 10:00:00-05:00,2025-11-24 19:00:00-05:00,upper,executed,,flat,inactive,2025-11-24 19:00:00-05:00,2025-11-24 21:05:00-05:00,4175.5,4175.5,18.199999999999818,27.299999999999727,BE,-0.0
638_upper,2025-11-25,2025-11-19 10:00:00-05:00,2025-12-17 10:00:00-05:00,2025-11-24 21:39:00-05:00,upper,executed,,flat,inactive,2025-11-24 21:39:00-05:00,2025-11-24 23:37:00-05:00,4181.817122061083,4181.817122061083,16.300000000000182,24.450000000000273,BE,-0.0
642_upper,2025-11-28,2025-11-25 10:00:00-05:00,2025-12-23 10:00:00-05:00,2025-11-28 09:23:00-05:00,upper,executed,,flat,inactive,2025-11-28 09:23:00-05:00,2025-11-28 10:47:00-05:00,4236.899051741822,4236.899051741822,12.5,18.75,BE,-0.0
644_upper,2025-11-27,2025-11-27 10:00:00-05:00,2025-12-26 10:00:00-05:00,2025-11-28 12:09:00-05:00,upper,skipped,blocked_time,n/a,n/a,,,,,,,,
643_upper,2025-11-26,2025-11-26 10:00:00-05:00,2025-12-24 10:00:00-05:00,2025-11-28 12:48:00-05:00,upper,skipped,blocked_time,n/a,n/a,,,,,,,,
634_upper,2025-12-01,2025-11-13 10:00:00-05:00,2025-12-11 10:00:00-05:00,2025-11-30 20:56:00-05:00,upper,executed,,flat,inactive,2025-11-30 20:56:00-05:00,2025-12-01 00:15:00-05:00,4286.33691816455,4262.036918164551,16.199999999999818,24.299999999999727,TP,24.299999999999727
646_lower,2025-12-02,2025-12-01 10:00:00-05:00,2025-12-30 10:00:00-05:00,2025-12-02 10:58:00-05:00,lower,executed,,flat,inactive,2025-12-02 10:58:00-05:00,2025-12-02 12:32:00-05:00,4198.543240780171,4227.34324078017,19.199999999999818,28.799999999999727,TP,28.799999999999727
650_lower,2025-12-09,2025-12-05 10:00:00-05:00,2026-01-06 10:00:00-05:00,2025-12-09 01:10:00-05:00,lower,executed,,flat,inactive,2025-12-09 01:10:00-05:00,2025-12-09 03:15:00-05:00,4201.527234927204,4216.677234927204,10.100000000000364,15.150000000000546,TP,15.150000000000546
653_upper,2025-12-11,2025-12-10 10:00:00-05:00,2026-01-09 10:00:00-05:00,2025-12-11 10:40:00-05:00,upper,executed,,flat,inactive,2025-12-11 10:40:00-05:00,2025-12-11 15:00:00-05:00,4278.873065715325,4302.6,28.0,42.0,cutoff,-23.726934284675735
652_upper,2025-12-09,2025-12-09 10:00:00-05:00,2026-01-08 10:00:00-05:00,2025-12-11 10:51:00-05:00,upper,skipped,position_open,open,active,,,,,,,,
651_upper,2025-12-08,2025-12-08 10:00:00-05:00,2026-01-07 10:00:00-05:00,2025-12-11 11:47:00-05:00,upper,skipped,blocked_time,n/a,n/a,,,,,,,,
645_upper,2025-11-28,2025-11-28 10:00:00-05:00,2025-12-29 10:00:00-05:00,2025-12-11 11:48:00-05:00,upper,skipped,blocked_time,n/a,n/a,,,,,,,,
649_upper,2025-12-04,2025-12-04 10:00:00-05:00,2026-01-05 10:00:00-05:00,2025-12-11 11:48:00-05:00,upper,skipped,blocked_time,n/a,n/a,,,,,,,,
654_upper,2025-12-12,2025-12-11 10:00:00-05:00,2026-01-12 10:00:00-05:00,2025-12-12 02:36:00-05:00,upper,executed,,flat,inactive,2025-12-12 02:36:00-05:00,2025-12-12 03:38:00-05:00,4320.586321272086,4331.236321272085,7.099999999999454,10.649999999999181,SL,-10.649999999998727
647_upper,2025-12-02,2025-12-02 10:00:00-05:00,2025-12-31 10:00:00-05:00,2025-12-12 03:03:00-05:00,upper,skipped,position_open,open,active,,,,,,,,
650_upper,2025-12-05,2025-12-05 10:00:00-05:00,2026-01-06 10:00:00-05:00,2025-12-12 03:35:00-05:00,upper,skipped,position_open,open,active,,,,,,,,
648_upper,2025-12-03,2025-12-03 10:00:00-05:00,2026-01-02 10:00:00-05:00,2025-12-12 03:49:00-05:00,upper,skipped,SAL,n/a,active,,,,,,,,
646_upper,2025-12-01,2025-12-01 10:00:00-05:00,2025-12-30 10:00:00-05:00,2025-12-12 04:25:00-05:00,upper,skipped,SAL,n/a,active,,,,,,,,
655_lower,2025-12-12,2025-12-12 10:00:00-05:00,2026-01-13 10:00:00-05:00,2025-12-12 11:03:00-05:00,lower,skipped,blocked_time,n/a,n/a,,,,,,,,
656_lower,2025-12-16,2025-12-15 10:00:00-05:00,2026-01-14 10:00:00-05:00,2025-12-16 00:30:00-05:00,lower,executed,,flat,inactive,2025-12-16 00:30:00-05:00,2025-12-16 00:45:00-05:00,4298.593524026471,4306.993524026471,5.600000000000364,8.400000000000546,TP,8.400000000000546
657_upper,2025-12-22,2025-12-16 10:00:00-05:00,2026-01-15 10:00:00-05:00,2025-12-21 20:47:00-05:00,upper,executed,,flat,inactive,2025-12-21 20:47:00-05:00,2025-12-22 00:13:00-05:00,4416.592106356068,4434.442106356069,11.900000000000546,17.85000000000082,SL,-17.850000000001273
656_upper,2025-12-15,2025-12-15 10:00:00-05:00,2026-01-14 10:00:00-05:00,2025-12-21 21:31:00-05:00,upper,skipped,position_open,open,active,,,,,,,,
660_upper,2025-12-19,2025-12-19 10:00:00-05:00,2026-01-20 10:00:00-05:00,2025-12-21 22:45:00-05:00,upper,skipped,position_open,open,active,,,,,,,,
658_upper,2025-12-17,2025-12-17 10:00:00-05:00,2026-01-16 10:00:00-05:00,2025-12-21 23:49:00-05:00,upper,skipped,position_open,open,active,,,,,,,,
655_upper,2025-12-12,2025-12-12 10:00:00-05:00,2026-01-13 10:00:00-05:00,2025-12-22 00:32:00-05:00,upper,skipped,SAL,n/a,active,,,,,,,,
659_upper,2025-12-18,2025-12-18 10:00:00-05:00,2026-01-19 10:00:00-05:00,2025-12-22 00:35:00-05:00,upper,skipped,SAL,n/a,active,,,,,,,,
661_upper,2025-12-23,2025-12-22 10:00:00-05:00,2026-01-21 10:00:00-05:00,2025-12-22 21:32:00-05:00,upper,executed,,flat,inactive,2025-12-22 21:32:00-05:00,2025-12-23 03:45:00-05:00,4523.851621518486,4523.851621518486,20.800000000000182,31.200000000000273,BE,-0.0
662_upper,2025-12-26,2025-12-23 10:00:00-05:00,2026-01-22 10:00:00-05:00,2025-12-25 20:05:00-05:00,upper,executed,,flat,inactive,2025-12-25 20:05:00-05:00,2025-12-25 21:32:00-05:00,4559.158758752439,4523.008758752439,24.100000000000364,36.150000000000546,TP,36.150000000000546
663_upper,2025-12-24,2025-12-24 10:00:00-05:00,2026-01-23 10:00:00-05:00,2025-12-26 11:04:00-05:00,upper,skipped,blocked_time,n/a,n/a,,,,,,,,
664_lower,2025-12-29,2025-12-26 10:00:00-05:00,2026-01-26 10:00:00-05:00,2025-12-28 19:30:00-05:00,lower,executed,,flat,inactive,2025-12-28 19:30:00-05:00,2025-12-28 21:33:00-05:00,4491.102964191999,4538.802964191998,31.800000000000182,47.70000000000027,TP,47.70000000000027
663_lower,2025-12-29,2025-12-24 10:00:00-05:00,2026-01-23 10:00:00-05:00,2025-12-29 08:50:00-05:00,lower,executed,,flat,inactive,2025-12-29 08:50:00-05:00,2025-12-29 09:30:00-05:00,4432.995695138282,4402.3956951382825,20.399999999999636,30.599999999999454,SL,-30.599999999999454
662_lower,2025-12-23,2025-12-23 10:00:00-05:00,2026-01-22 10:00:00-05:00,2025-12-29 09:04:00-05:00,lower,skipped,position_open,open,active,,,,,,,,
661_lower,2025-12-22,2025-12-22 10:00:00-05:00,2026-01-21 10:00:00-05:00,2025-12-29 09:30:00-05:00,lower,skipped,SAL,n/a,active,,,,,,,,
666_lower,2025-12-31,2025-12-30 10:00:00-05:00,2026-01-28 10:00:00-05:00,2025-12-31 00:48:00-05:00,lower,executed,,flat,inactive,2025-12-31 00:48:00-05:00,2025-12-31 00:53:00-05:00,4320.208065710168,4289.308065710167,20.600000000000364,30.900000000000546,SL,-30.900000000000546
665_lower,2025-12-29,2025-12-29 10:00:00-05:00,2026-01-27 10:00:00-05:00,2025-12-31 00:50:00-05:00,lower,skipped,position_open,open,active,,,,,,,,
657_lower,2025-12-16,2025-12-16 10:00:00-05:00,2026-01-15 10:00:00-05:00,2025-12-31 00:53:00-05:00,lower,skipped,SAL,n/a,active,,,,,,,,
658_lower,2025-12-17,2025-12-17 10:00:00-05:00,2026-01-16 10:00:00-05:00,2025-12-31 00:53:00-05:00,lower,skipped,SAL,n/a,active,,,,,,,,
660_lower,2025-12-19,2025-12-19 10:00:00-05:00,2026-01-20 10:00:00-05:00,2025-12-31 00:53:00-05:00,lower,skipped,SAL,n/a,active,,,,,,,,
667_upper,2026-01-05,2025-12-31 10:00:00-05:00,2026-01-29 10:00:00-05:00,2026-01-04 20:02:00-05:00,upper,executed,,flat,inactive,2026-01-04 20:02:00-05:00,2026-01-04 21:52:00-05:00,4416.788398661018,4416.788398661018,27.099999999999454,40.64999999999918,BE,-0.0
668_upper,2026-01-05,2026-01-02 10:00:00-05:00,2026-01-30 10:00:00-05:00,2026-01-05 03:17:00-05:00,upper,executed,,flat,inactive,2026-01-05 03:17:00-05:00,2026-01-05 06:27:00-05:00,4438.802126382322,4425.902126382323,8.599999999999454,12.899999999999181,TP,12.899999999999181
666_upper,2026-01-06,2025-12-30 10:00:00-05:00,2026-01-28 10:00:00-05:00,2026-01-05 22:12:00-05:00,upper,executed,,flat,inactive,2026-01-05 22:12:00-05:00,2026-01-06 05:00:00-05:00,4475.091934289831,4454.241934289832,13.899999999999636,20.849999999999454,TP,20.849999999999454
665_upper,2025-12-29,2025-12-29 10:00:00-05:00,2026-01-27 10:00:00-05:00,2026-01-06 00:30:00-05:00,upper,skipped,position_open,open,inactive,,,,,,,,
669_upper,2026-01-05,2026-01-05 10:00:00-05:00,2026-02-02 10:00:00-05:00,2026-01-06 12:55:00-05:00,upper,skipped,blocked_time,n/a,n/a,,,,,,,,
670_lower,2026-01-08,2026-01-06 10:00:00-05:00,2026-02-03 10:00:00-05:00,2026-01-08 07:16:00-05:00,lower,executed,,flat,inactive,2026-01-08 07:16:00-05:00,2026-01-08 07:39:00-05:00,4416.666411453466,4434.666411453466,12.0,18.0,TP,18.0
672_upper,2026-01-09,2026-01-08 10:00:00-05:00,2026-02-05 10:00:00-05:00,2026-01-09 09:10:00-05:00,upper,executed,,flat,inactive,2026-01-09 09:10:00-05:00,2026-01-09 15:00:00-05:00,4502.097582459498,4507.5,33.80000000000018,50.70000000000027,cutoff,-5.402417540502029
671_upper,2026-01-07,2026-01-07 10:00:00-05:00,2026-02-04 10:00:00-05:00,2026-01-09 10:22:00-05:00,upper,skipped,position_open,open,active,,,,,,,,
670_upper,2026-01-06,2026-01-06 10:00:00-05:00,2026-02-03 10:00:00-05:00,2026-01-11 18:31:00-05:00,upper,skipped,no_anchor,n/a,n/a,,,,,,,,
673_upper,2026-01-12,2026-01-09 10:00:00-05:00,2026-02-06 10:00:00-05:00,2026-01-11 19:18:00-05:00,upper,executed,,flat,inactive,2026-01-11 19:18:00-05:00,2026-01-12 08:40:00-05:00,4572.1233860307475,4623.423386030747,34.19999999999982,51.29999999999973,SL,-51.29999999999927
664_upper,2025-12-26,2025-12-26 10:00:00-05:00,2026-01-26 10:00:00-05:00,2026-01-12 08:54:00-05:00,upper,skipped,SAL,n/a,active,,,,,,,,
676_lower,2026-01-14,2026-01-14 10:00:00-05:00,2026-02-11 10:00:00-05:00,2026-01-16 10:33:00-05:00,lower,skipped,simultaneous_collision,flat,inactive,,,,,,,,
675_lower,2026-01-16,2026-01-13 10:00:00-05:00,2026-02-10 10:00:00-05:00,2026-01-16 10:33:00-05:00,lower,executed,,flat,inactive,2026-01-16 10:33:00-05:00,2026-01-16 10:55:00-05:00,4548.3072652427045,4576.8072652427045,19.0,28.5,TP,28.5
674_upper,2026-01-12,2026-01-12 10:00:00-05:00,2026-02-09 10:00:00-05:00,2026-01-18 18:22:00-05:00,upper,skipped,no_anchor,n/a,n/a,,,,,,,,
677_upper,2026-01-15,2026-01-15 10:00:00-05:00,2026-02-12 10:00:00-05:00,2026-01-18 18:28:00-05:00,upper,skipped,no_anchor,n/a,n/a,,,,,,,,
678_upper,2026-01-16,2026-01-16 10:00:00-05:00,2026-02-13 10:00:00-05:00,2026-01-18 18:28:00-05:00,upper,skipped,no_anchor,n/a,n/a,,,,,,,,
675_upper,2026-01-20,2026-01-13 10:00:00-05:00,2026-02-10 10:00:00-05:00,2026-01-20 00:34:00-05:00,upper,executed,,flat,inactive,2026-01-20 00:34:00-05:00,2026-01-20 04:29:00-05:00,4710.292734757296,4738.792734757296,19.0,28.5,SL,-28.5
676_upper,2026-01-14,2026-01-14 10:00:00-05:00,2026-02-11 10:00:00-05:00,2026-01-20 01:07:00-05:00,upper,skipped,position_open,open,active,,,,,,,,
679_upper,2026-01-19,2026-01-19 10:00:00-05:00,2026-02-16 10:00:00-05:00,2026-01-20 09:02:00-05:00,upper,skipped,SAL,n/a,active,,,,,,,,
680_upper,2026-01-21,2026-01-20 10:00:00-05:00,2026-02-17 10:00:00-05:00,2026-01-20 20:54:00-05:00,upper,executed,,flat,inactive,2026-01-20 20:54:00-05:00,2026-01-20 21:40:00-05:00,4839.663919596453,4839.663919596453,18.399999999999636,27.599999999999454,BE,-0.0
681_lower,2026-01-21,2026-01-21 10:00:00-05:00,2026-02-18 10:00:00-05:00,2026-01-21 14:44:00-05:00,lower,skipped,blocked_time,n/a,n/a,,,,,,,,
682_upper,2026-01-22,2026-01-22 10:00:00-05:00,2026-02-19 10:00:00-05:00,2026-01-22 15:14:00-05:00,upper,skipped,no_cutoff,n/a,n/a,,,,,,,,
681_upper,2026-01-21,2026-01-21 10:00:00-05:00,2026-02-18 10:00:00-05:00,2026-01-22 18:04:00-05:00,upper,skipped,no_anchor,n/a,n/a,,,,,,,,
683_upper,2026-01-23,2026-01-23 10:00:00-05:00,2026-02-20 10:00:00-05:00,2026-01-25 18:54:00-05:00,upper,skipped,no_anchor,n/a,n/a,,,,,,,,
685_upper,2026-01-27,2026-01-27 10:00:00-05:00,2026-02-24 10:00:00-05:00,2026-01-27 15:48:00-05:00,upper,skipped,no_cutoff,n/a,n/a,,,,,,,,
684_upper,2026-01-26,2026-01-26 10:00:00-05:00,2026-02-23 10:00:00-05:00,2026-01-27 15:55:00-05:00,upper,skipped,no_cutoff,n/a,n/a,,,,,,,,
686_upper,2026-01-28,2026-01-28 10:00:00-05:00,2026-02-25 10:00:00-05:00,2026-01-28 15:49:00-05:00,upper,skipped,no_cutoff,n/a,n/a,,,,,,,,
687_lower,2026-01-29,2026-01-29 10:00:00-05:00,2026-02-26 10:00:00-05:00,2026-01-29 10:14:00-05:00,lower,executed,,flat,inactive,2026-01-29 10:14:00-05:00,2026-01-29 10:17:00-05:00,5408.878782688977,5315.878782688977,62.0,93.0,SL,-93.0
686_lower,2026-01-28,2026-01-28 10:00:00-05:00,2026-02-25 10:00:00-05:00,2026-01-29 10:27:00-05:00,lower,skipped,SAL,n/a,active,,,,,,,,
684_lower,2026-01-30,2026-01-26 10:00:00-05:00,2026-02-23 10:00:00-05:00,2026-01-30 04:45:00-05:00,lower,executed,,flat,inactive,2026-01-30 04:45:00-05:00,2026-01-30 11:52:00-05:00,4977.762022350845,4977.762022350845,133.69999999999982,200.0,BE,0.0
685_lower,2026-01-27,2026-01-27 10:00:00-05:00,2026-02-24 10:00:00-05:00,2026-01-30 12:12:00-05:00,lower,skipped,blocked_time,n/a,n/a,,,,,,,,
688_lower,2026-01-30,2026-01-30 10:00:00-05:00,2026-02-27 10:00:00-05:00,2026-01-30 12:33:00-05:00,lower,skipped,blocked_time,n/a,n/a,,,,,,,,
683_lower,2026-01-23,2026-01-23 10:00:00-05:00,2026-02-20 10:00:00-05:00,2026-01-30 12:53:00-05:00,lower,skipped,blocked_time,n/a,n/a,,,,,,,,
682_lower,2026-01-22,2026-01-22 10:00:00-05:00,2026-02-19 10:00:00-05:00,2026-01-30 13:21:00-05:00,lower,skipped,blocked_time,n/a,n/a,,,,,,,,
680_lower,2026-02-02,2026-01-20 10:00:00-05:00,2026-02-17 10:00:00-05:00,2026-02-01 20:10:00-05:00,lower,executed,,flat,inactive,2026-02-01 20:10:00-05:00,2026-02-01 22:40:00-05:00,4661.236080403547,4661.236080403547,142.30000000000018,200.0,BE,0.0
679_lower,2026-02-02,2026-01-19 10:00:00-05:00,2026-02-16 10:00:00-05:00,2026-02-02 00:44:00-05:00,lower,executed,,flat,inactive,2026-02-02 00:44:00-05:00,2026-02-02 01:38:00-05:00,4597.134847440412,4429.284847440413,111.89999999999964,167.84999999999945,SL,-167.84999999999945
674_lower,2026-01-12,2026-01-12 10:00:00-05:00,2026-02-09 10:00:00-05:00,2026-02-02 00:53:00-05:00,lower,skipped,position_open,open,active,,,,,,,,
677_lower,2026-01-15,2026-01-15 10:00:00-05:00,2026-02-12 10:00:00-05:00,2026-02-02 00:53:00-05:00,lower,skipped,position_open,open,active,,,,,,,,
678_lower,2026-01-16,2026-01-16 10:00:00-05:00,2026-02-13 10:00:00-05:00,2026-02-02 00:53:00-05:00,lower,skipped,position_open,open,active,,,,,,,,
673_lower,2026-01-09,2026-01-09 10:00:00-05:00,2026-02-06 10:00:00-05:00,2026-02-02 01:38:00-05:00,lower,skipped,SAL,n/a,active,,,,,,,,
689_upper,2026-02-03,2026-02-02 10:00:00-05:00,2026-03-02 10:00:00-05:00,2026-02-03 02:26:00-05:00,upper,executed,,flat,inactive,2026-02-03 02:26:00-05:00,2026-02-03 15:00:00-05:00,4923.764644752739,4944.3,78.0,117.0,cutoff,-20.535355247261577
690_upper,2026-02-04,2026-02-03 10:00:00-05:00,2026-03-03 10:00:00-05:00,2026-02-03 20:07:00-05:00,upper,executed,,flat,inactive,2026-02-03 20:07:00-05:00,2026-02-04 10:33:00-05:00,5053.856618363085,4944.656618363084,72.80000000000018,109.20000000000027,TP,109.20000000000027
691_lower,2026-02-04,2026-02-04 10:00:00-05:00,2026-03-04 10:00:00-05:00,2026-02-04 11:46:00-05:00,lower,skipped,blocked_time,n/a,n/a,,,,,,,,
690_lower,2026-02-05,2026-02-03 10:00:00-05:00,2026-03-03 10:00:00-05:00,2026-02-04 21:51:00-05:00,lower,executed,,flat,inactive,2026-02-04 21:51:00-05:00,2026-02-05 01:28:00-05:00,4830.593381636916,4945.643381636915,76.69999999999982,115.04999999999973,TP,115.04999999999973
692_lower,2026-02-06,2026-02-05 10:00:00-05:00,2026-03-05 10:00:00-05:00,2026-02-05 19:02:00-05:00,lower,executed,,flat,inactive,2026-02-05 19:02:00-05:00,2026-02-05 20:02:00-05:00,4716.58234676889,4716.58234676889,94.69999999999982,142.04999999999973,BE,0.0
692_upper,2026-02-05,2026-02-05 10:00:00-05:00,2026-03-05 10:00:00-05:00,2026-02-08 18:00:00-05:00,upper,skipped,no_anchor,n/a,n/a,,,,,,,,
693_upper,2026-02-09,2026-02-06 10:00:00-05:00,2026-03-06 10:00:00-05:00,2026-02-09 10:45:00-05:00,upper,executed,,flat,inactive,2026-02-09 10:45:00-05:00,2026-02-09 15:00:00-05:00,5082.4835575692105,5098.6,39.5,59.25,cutoff,-16.116442430789903
696_lower,2026-02-11,2026-02-11 10:00:00-05:00,2026-03-11 10:00:00-04:00,2026-02-12 11:14:00-05:00,lower,skipped,blocked_time,n/a,n/a,,,,,,,,
697_lower,2026-02-12,2026-02-12 10:00:00-05:00,2026-03-12 10:00:00-04:00,2026-02-12 11:14:00-05:00,lower,skipped,blocked_time,n/a,n/a,,,,,,,,
695_lower,2026-02-10,2026-02-10 10:00:00-05:00,2026-03-10 10:00:00-04:00,2026-02-12 11:17:00-05:00,lower,skipped,blocked_time,n/a,n/a,,,,,,,,
694_lower,2026-02-09,2026-02-09 10:00:00-05:00,2026-03-09 10:00:00-04:00,2026-02-12 11:22:00-05:00,lower,skipped,blocked_time,n/a,n/a,,,,,,,,
699_lower,2026-02-17,2026-02-16 10:00:00-05:00,2026-03-16 10:00:00-04:00,2026-02-17 00:17:00-05:00,lower,executed,,flat,inactive,2026-02-17 00:17:00-05:00,2026-02-17 00:31:00-05:00,4926.526986003155,4905.676986003155,13.899999999999636,20.849999999999454,SL,-20.849999999999454
698_lower,2026-02-13,2026-02-13 10:00:00-05:00,2026-03-13 10:00:00-04:00,2026-02-17 00:25:00-05:00,lower,skipped,position_open,open,active,,,,,,,,
700_upper,2026-02-18,2026-02-17 10:00:00-05:00,2026-03-17 10:00:00-04:00,2026-02-18 10:03:00-05:00,upper,executed,,flat,inactive,2026-02-18 10:03:00-05:00,2026-02-18 11:04:00-05:00,5023.501417573829,5023.501417573829,42.899999999999636,64.34999999999945,BE,-0.0
701_upper,2026-02-18,2026-02-18 10:00:00-05:00,2026-03-18 10:00:00-04:00,2026-02-20 12:13:00-05:00,upper,skipped,blocked_time,n/a,n/a,,,,,,,,
699_upper,2026-02-16,2026-02-16 10:00:00-05:00,2026-03-16 10:00:00-04:00,2026-02-20 12:49:00-05:00,upper,skipped,blocked_time,n/a,n/a,,,,,,,,
702_upper,2026-02-19,2026-02-19 10:00:00-05:00,2026-03-19 10:00:00-04:00,2026-02-20 16:49:00-05:00,upper,skipped,no_cutoff,n/a,n/a,,,,,,,,
698_upper,2026-02-13,2026-02-13 10:00:00-05:00,2026-03-13 10:00:00-04:00,2026-02-20 16:53:00-05:00,upper,skipped,no_cutoff,n/a,n/a,,,,,,,,
694_upper,2026-02-09,2026-02-09 10:00:00-05:00,2026-03-09 10:00:00-04:00,2026-02-22 18:08:00-05:00,upper,skipped,no_anchor,n/a,n/a,,,,,,,,
703_upper,2026-02-20,2026-02-20 10:00:00-05:00,2026-03-20 10:00:00-04:00,2026-02-22 18:48:00-05:00,upper,skipped,no_anchor,n/a,n/a,,,,,,,,
691_upper,2026-02-04,2026-02-04 10:00:00-05:00,2026-03-04 10:00:00-05:00,2026-02-22 18:51:00-05:00,upper,skipped,no_anchor,n/a,n/a,,,,,,,,
697_upper,2026-02-12,2026-02-12 10:00:00-05:00,2026-03-12 10:00:00-04:00,2026-02-22 18:51:00-05:00,upper,skipped,no_anchor,n/a,n/a,,,,,,,,
696_upper,2026-02-23,2026-02-11 10:00:00-05:00,2026-03-11 10:00:00-04:00,2026-02-23 09:38:00-05:00,upper,executed,,flat,inactive,2026-02-23 09:38:00-05:00,2026-02-23 11:19:00-05:00,5203.219525665077,5236.6695256650755,22.299999999999272,33.44999999999891,SL,-33.44999999999891
695_upper,2026-02-10,2026-02-10 10:00:00-05:00,2026-03-10 10:00:00-04:00,2026-02-23 09:45:00-05:00,upper,skipped,position_open,open,active,,,,,,,,
705_upper,2026-02-24,2026-02-24 10:00:00-05:00,2026-03-24 10:00:00-04:00,2026-02-27 11:10:00-05:00,upper,skipped,blocked_time,n/a,n/a,,,,,,,,
704_upper,2026-02-23,2026-02-23 10:00:00-05:00,2026-03-23 10:00:00-04:00,2026-03-01 18:00:00-05:00,upper,skipped,no_anchor,n/a,n/a,,,,,,,,
706_upper,2026-02-25,2026-02-25 10:00:00-05:00,2026-03-25 10:00:00-04:00,2026-03-01 18:00:00-05:00,upper,skipped,no_anchor,n/a,n/a,,,,,,,,
707_upper,2026-02-26,2026-02-26 10:00:00-05:00,2026-03-26 10:00:00-04:00,2026-03-01 18:00:00-05:00,upper,skipped,no_anchor,n/a,n/a,,,,,,,,
708_upper,2026-02-27,2026-02-27 10:00:00-05:00,2026-03-27 10:00:00-04:00,2026-03-01 18:00:00-05:00,upper,skipped,no_anchor,n/a,n/a,,,,,,,,
709_lower,2026-03-03,2026-03-02 10:00:00-05:00,2026-03-30 10:00:00-04:00,2026-03-03 06:09:00-05:00,lower,executed,,flat,inactive,2026-03-03 06:09:00-05:00,2026-03-03 06:31:00-05:00,5186.566672758728,5105.566672758728,54.0,81.0,SL,-81.0
708_lower,2026-02-27,2026-02-27 10:00:00-05:00,2026-03-27 10:00:00-04:00,2026-03-03 06:31:00-05:00,lower,skipped,SAL,n/a,active,,,,,,,,
704_lower,2026-02-23,2026-02-23 10:00:00-05:00,2026-03-23 10:00:00-04:00,2026-03-03 09:45:00-05:00,lower,skipped,SAL,n/a,active,,,,,,,,
706_lower,2026-02-25,2026-02-25 10:00:00-05:00,2026-03-25 10:00:00-04:00,2026-03-03 09:45:00-05:00,lower,skipped,SAL,n/a,active,,,,,,,,
707_lower,2026-02-26,2026-02-26 10:00:00-05:00,2026-03-26 10:00:00-04:00,2026-03-03 09:50:00-05:00,lower,skipped,SAL,n/a,active,,,,,,,,
705_lower,2026-02-24,2026-02-24 10:00:00-05:00,2026-03-24 10:00:00-04:00,2026-03-03 10:17:00-05:00,lower,skipped,SAL,n/a,active,,,,,,,,
715_lower,2026-03-10,2026-03-10 10:00:00-04:00,2026-04-08 10:00:00-04:00,2026-03-13 15:47:00-04:00,lower,skipped,no_cutoff,n/a,n/a,,,,,,,,
711_lower,2026-03-04,2026-03-04 10:00:00-05:00,2026-04-01 10:00:00-04:00,2026-03-15 18:00:00-04:00,lower,skipped,no_anchor,n/a,n/a,,,,,,,,
712_lower,2026-03-18,2026-03-05 10:00:00-05:00,2026-04-02 10:00:00-04:00,2026-03-18 07:04:00-04:00,lower,executed,,flat,inactive,2026-03-18 07:04:00-04:00,2026-03-18 08:12:00-04:00,4962.268165084851,4911.568165084852,33.79999999999927,50.69999999999891,SL,-50.69999999999891
716_lower,2026-03-11,2026-03-11 10:00:00-04:00,2026-04-09 10:00:00-04:00,2026-03-18 07:05:00-04:00,lower,skipped,position_open,open,active,,,,,,,,
703_lower,2026-02-20,2026-02-20 10:00:00-05:00,2026-03-20 10:00:00-04:00,2026-03-18 07:40:00-04:00,lower,skipped,position_open,open,active,,,,,,,,
717_lower,2026-03-12,2026-03-12 10:00:00-04:00,2026-04-10 10:00:00-04:00,2026-03-18 07:48:00-04:00,lower,skipped,position_open,open,active,,,,,,,,
713_lower,2026-03-06,2026-03-06 10:00:00-05:00,2026-04-06 10:00:00-04:00,2026-03-18 08:02:00-04:00,lower,skipped,position_open,open,active,,,,,,,,
710_lower,2026-03-03,2026-03-03 10:00:00-05:00,2026-03-31 10:00:00-04:00,2026-03-18 08:22:00-04:00,lower,skipped,SAL,n/a,active,,,,,,,,
701_lower,2026-02-18,2026-02-18 10:00:00-05:00,2026-03-18 10:00:00-04:00,2026-03-18 08:38:00-04:00,lower,skipped,SAL,n/a,active,,,,,,,,
714_lower,2026-03-09,2026-03-09 10:00:00-04:00,2026-04-07 10:00:00-04:00,2026-03-18 08:38:00-04:00,lower,skipped,SAL,n/a,active,,,,,,,,
718_lower,2026-03-13,2026-03-13 10:00:00-04:00,2026-04-13 10:00:00-04:00,2026-03-18 08:43:00-04:00,lower,skipped,SAL,n/a,active,,,,,,,,
702_lower,2026-02-19,2026-02-19 10:00:00-05:00,2026-03-19 10:00:00-04:00,2026-03-18 08:49:00-04:00,lower,skipped,SAL,n/a,active,,,,,,,,
720_lower,2026-03-17,2026-03-17 10:00:00-04:00,2026-04-15 10:00:00-04:00,2026-03-18 16:27:00-04:00,lower,skipped,no_cutoff,n/a,n/a,,,,,,,,
719_lower,2026-03-16,2026-03-16 10:00:00-04:00,2026-04-14 10:00:00-04:00,2026-03-18 18:21:00-04:00,lower,skipped,no_anchor,n/a,n/a,,,,,,,,
721_lower,2026-03-19,2026-03-18 10:00:00-04:00,2026-04-16 10:00:00-04:00,2026-03-19 06:20:00-04:00,lower,executed,,flat,inactive,2026-03-19 06:20:00-04:00,2026-03-19 07:36:00-04:00,4677.417650714181,4677.417650714181,37.80000000000018,56.70000000000027,BE,0.0
723_lower,2026-03-20,2026-03-20 10:00:00-04:00,2026-04-20 10:00:00-04:00,2026-03-22 18:00:00-04:00,lower,skipped,no_anchor,n/a,n/a,,,,,,,,
722_lower,2026-03-23,2026-03-19 10:00:00-04:00,2026-04-17 10:00:00-04:00,2026-03-22 20:36:00-04:00,lower,executed,,flat,inactive,2026-03-22 20:36:00-04:00,2026-03-22 21:22:00-04:00,4354.101147915262,4441.101147915262,58.0,87.0,TP,87.0
725_upper,2026-03-25,2026-03-24 10:00:00-04:00,2026-04-22 10:00:00-04:00,2026-03-24 19:36:00-04:00,upper,executed,,flat,inactive,2026-03-24 19:36:00-04:00,2026-03-24 21:10:00-04:00,4526.788274091389,4577.93827409139,34.100000000000364,51.150000000000546,SL,-51.150000000000546
726_lower,2026-03-25,2026-03-25 10:00:00-04:00,2026-04-23 10:00:00-04:00,2026-03-26 12:25:00-04:00,lower,skipped,blocked_time,n/a,n/a,,,,,,,,
727_upper,2026-03-30,2026-03-26 10:00:00-04:00,2026-04-24 10:00:00-04:00,2026-03-30 07:51:00-04:00,upper,executed,,flat,inactive,2026-03-30 07:51:00-04:00,2026-03-30 07:58:00-04:00,4607.416135726616,4588.516135726617,12.599999999999454,18.89999999999918,TP,18.89999999999918
728_upper,2026-03-27,2026-03-27 10:00:00-04:00,2026-04-27 10:00:00-04:00,2026-03-30 21:31:00-04:00,upper,skipped,simultaneous_collision,flat,inactive,,,,,,,,
724_upper,2026-03-31,2026-03-23 10:00:00-04:00,2026-04-21 10:00:00-04:00,2026-03-30 21:31:00-04:00,upper,executed,,flat,inactive,2026-03-30 21:31:00-04:00,2026-03-30 22:17:00-04:00,4617.85209660565,4617.85209660565,67.30000000000018,100.95000000000027,BE,-0.0
726_upper,2026-04-01,2026-03-25 10:00:00-04:00,2026-04-23 10:00:00-04:00,2026-03-31 20:15:00-04:00,upper,executed,,flat,inactive,2026-03-31 20:15:00-04:00,2026-04-01 00:17:00-04:00,4736.614926469647,4693.864926469647,28.5,42.75,TP,42.75
729_upper,2026-04-01,2026-03-30 10:00:00-04:00,2026-04-28 10:00:00-04:00,2026-04-01 07:39:00-04:00,upper,executed,,flat,inactive,2026-04-01 07:39:00-04:00,2026-04-01 09:00:00-04:00,4784.582354587262,4749.182354587261,23.600000000000364,35.400000000000546,TP,35.400000000000546
730_upper,2026-03-31,2026-03-31 10:00:00-04:00,2026-04-29 10:00:00-04:00,2026-04-01 11:31:00-04:00,upper,skipped,blocked_time,n/a,n/a,,,,,,,,
722_upper,2026-03-19,2026-03-19 10:00:00-04:00,2026-04-17 10:00:00-04:00,2026-04-01 11:50:00-04:00,upper,skipped,blocked_time,n/a,n/a,,,,,,,,
731_lower,2026-04-02,2026-04-01 10:00:00-04:00,2026-04-30 10:00:00-04:00,2026-04-02 02:08:00-04:00,lower,executed,,flat,inactive,2026-04-02 02:08:00-04:00,2026-04-02 15:00:00-04:00,4595.732908863033,4698.2,94.40000000000055,141.60000000000082,cutoff,102.4670911369667
732_upper,2026-04-02,2026-04-02 10:00:00-04:00,2026-05-01 10:00:00-04:00,2026-04-07 18:55:00-04:00,upper,skipped,no_anchor,n/a,n/a,,,,,,,,
723_upper,2026-03-20,2026-03-20 10:00:00-04:00,2026-04-20 10:00:00-04:00,2026-04-07 18:56:00-04:00,upper,skipped,no_anchor,n/a,n/a,,,,,,,,
734_upper,2026-04-08,2026-04-07 10:00:00-04:00,2026-05-05 10:00:00-04:00,2026-04-07 19:58:00-04:00,upper,executed,,flat,inactive,2026-04-07 19:58:00-04:00,2026-04-08 01:49:00-04:00,4858.026060589348,4858.026060589348,106.60000000000036,159.90000000000055,BE,-0.0
733_upper,2026-04-06,2026-04-06 10:00:00-04:00,2026-05-04 10:00:00-04:00,2026-04-07 20:02:00-04:00,upper,skipped,position_open,open,inactive,,,,,,,,
737_lower,2026-04-10,2026-04-10 10:00:00-04:00,2026-05-08 10:00:00-04:00,2026-04-12 18:00:00-04:00,lower,skipped,no_anchor,n/a,n/a,,,,,,,,
738_upper,2026-04-17,2026-04-13 10:00:00-04:00,2026-05-11 10:00:00-04:00,2026-04-17 09:11:00-04:00,upper,executed,,flat,inactive,2026-04-17 09:11:00-04:00,2026-04-17 09:57:00-04:00,4904.79339906379,4904.79339906379,51.0,76.5,BE,-0.0
742_lower,2026-04-17,2026-04-17 10:00:00-04:00,2026-05-15 10:00:00-04:00,2026-04-21 12:53:00-04:00,lower,skipped,blocked_time,n/a,n/a,,,,,,,,
743_lower,2026-04-20,2026-04-20 10:00:00-04:00,2026-05-18 10:00:00-04:00,2026-04-21 13:28:00-04:00,lower,skipped,blocked_time,n/a,n/a,,,,,,,,
740_lower,2026-04-15,2026-04-15 10:00:00-04:00,2026-05-13 10:00:00-04:00,2026-04-21 15:42:00-04:00,lower,skipped,no_cutoff,n/a,n/a,,,,,,,,
741_lower,2026-04-24,2026-04-16 10:00:00-04:00,2026-05-14 10:00:00-04:00,2026-04-24 00:22:00-04:00,lower,executed,,flat,inactive,2026-04-24 00:22:00-04:00,2026-04-24 01:30:00-04:00,4678.931782375668,4693.931782375668,10.0,15.0,TP,15.0
744_lower,2026-04-21,2026-04-21 10:00:00-04:00,2026-05-19 10:00:00-04:00,2026-04-28 01:35:00-04:00,lower,skipped,simultaneous_collision,flat,inactive,,,,,,,,
739_lower,2026-04-28,2026-04-14 10:00:00-04:00,2026-05-12 10:00:00-04:00,2026-04-28 01:35:00-04:00,lower,executed,,flat,inactive,2026-04-28 01:35:00-04:00,2026-04-28 01:40:00-04:00,4655.774773143764,4647.674773143763,5.400000000000546,8.100000000000819,SL,-8.100000000001273
735_lower,2026-04-08,2026-04-08 10:00:00-04:00,2026-05-06 10:00:00-04:00,2026-04-28 05:35:00-04:00,lower,skipped,SAL,n/a,active,,,,,,,,
736_lower,2026-04-09,2026-04-09 10:00:00-04:00,2026-05-07 10:00:00-04:00,2026-04-28 05:40:00-04:00,lower,skipped,SAL,n/a,active,,,,,,,,
745_lower,2026-04-22,2026-04-22 10:00:00-04:00,2026-05-20 10:00:00-04:00,2026-04-28 07:14:00-04:00,lower,skipped,SAL,n/a,active,,,,,,,,
738_lower,2026-04-13,2026-04-13 10:00:00-04:00,2026-05-11 10:00:00-04:00,2026-04-28 07:20:00-04:00,lower,skipped,SAL,n/a,active,,,,,,,,
746_lower,2026-04-23,2026-04-23 10:00:00-04:00,2026-05-21 10:00:00-04:00,2026-04-28 07:36:00-04:00,lower,skipped,SAL,n/a,active,,,,,,,,
748_lower,2026-04-27,2026-04-27 10:00:00-04:00,2026-05-25 10:00:00-04:00,2026-04-28 07:48:00-04:00,lower,skipped,SAL,n/a,active,,,,,,,,
747_lower,2026-04-29,2026-04-24 10:00:00-04:00,2026-05-22 10:00:00-04:00,2026-04-29 05:50:00-04:00,lower,executed,,flat,inactive,2026-04-29 05:50:00-04:00,2026-04-29 08:34:00-04:00,4565.219105633365,4565.219105633365,19.5,29.25,BE,0.0
733_lower,2026-04-29,2026-04-06 10:00:00-04:00,2026-05-04 10:00:00-04:00,2026-04-29 09:45:00-04:00,lower,executed,,flat,inactive,2026-04-29 09:45:00-04:00,2026-04-29 11:40:00-04:00,4522.437912146677,4566.237912146678,29.200000000000728,43.80000000000109,TP,43.80000000000109
750_upper,2026-05-06,2026-04-29 10:00:00-04:00,2026-05-27 10:00:00-04:00,2026-05-06 02:31:00-04:00,upper,executed,,flat,inactive,2026-05-06 02:31:00-04:00,2026-05-06 03:28:00-04:00,4679.168155698877,4679.168155698877,19.199999999999818,28.799999999999727,BE,-0.0
753_upper,2026-05-06,2026-05-04 10:00:00-04:00,2026-05-31 19:59:00-04:00,2026-05-06 04:50:00-04:00,upper,executed,,flat,inactive,2026-05-06 04:50:00-04:00,2026-05-06 15:00:00-04:00,4704.973096281371,4698.3,24.699999999999818,37.04999999999973,cutoff,6.6730962813708175
754_upper,2026-05-05,2026-05-05 10:00:00-04:00,2026-05-31 19:59:00-04:00,2026-05-06 06:30:00-04:00,upper,skipped,position_open,open,inactive,,,,,,,,
749_upper,2026-04-28,2026-04-28 10:00:00-04:00,2026-05-26 10:00:00-04:00,2026-05-06 06:54:00-04:00,upper,skipped,position_open,open,inactive,,,,,,,,
752_upper,2026-05-07,2026-05-01 10:00:00-04:00,2026-05-29 10:00:00-04:00,2026-05-07 10:50:00-04:00,upper,executed,,flat,inactive,2026-05-07 10:50:00-04:00,2026-05-07 12:07:00-04:00,4771.154446332088,4729.904446332088,27.5,41.25,TP,41.25
756_lower,2026-05-15,2026-05-07 10:00:00-04:00,2026-05-31 19:59:00-04:00,2026-05-14 20:41:00-04:00,lower,executed,,flat,inactive,2026-05-14 20:41:00-04:00,2026-05-15 01:17:00-04:00,4620.099967289261,4591.449967289261,19.100000000000364,28.650000000000546,SL,-28.650000000000546
758_lower,2026-05-11,2026-05-11 10:00:00-04:00,2026-05-31 19:59:00-04:00,2026-05-15 01:01:00-04:00,lower,skipped,position_open,open,active,,,,,,,,
757_lower,2026-05-08,2026-05-08 10:00:00-04:00,2026-05-31 19:59:00-04:00,2026-05-15 01:02:00-04:00,lower,skipped,position_open,open,active,,,,,,,,
755_lower,2026-05-06,2026-05-06 10:00:00-04:00,2026-05-31 19:59:00-04:00,2026-05-15 04:30:00-04:00,lower,skipped,SAL,n/a,active,,,,,,,,
759_lower,2026-05-12,2026-05-12 10:00:00-04:00,2026-05-31 19:59:00-04:00,2026-05-15 04:30:00-04:00,lower,skipped,SAL,n/a,active,,,,,,,,
761_lower,2026-05-14,2026-05-14 10:00:00-04:00,2026-05-31 19:59:00-04:00,2026-05-15 04:30:00-04:00,lower,skipped,SAL,n/a,active,,,,,,,,
760_lower,2026-05-13,2026-05-13 10:00:00-04:00,2026-05-31 19:59:00-04:00,2026-05-15 05:14:00-04:00,lower,skipped,SAL,n/a,active,,,,,,,,
751_lower,2026-05-18,2026-04-30 10:00:00-04:00,2026-05-28 10:00:00-04:00,2026-05-17 20:34:00-04:00,lower,executed,,flat,inactive,2026-05-17 20:34:00-04:00,2026-05-17 21:20:00-04:00,4496.969215746075,4496.969215746075,16.299999999999272,24.44999999999891,BE,0.0
749_lower,2026-05-20,2026-04-28 10:00:00-04:00,2026-05-26 10:00:00-04:00,2026-05-19 21:36:00-04:00,lower,executed,,flat,inactive,2026-05-19 21:36:00-04:00,2026-05-19 23:06:00-04:00,4460.267353845519,4460.267353845519,29.800000000000182,44.70000000000027,BE,0.0
754_lower,2026-05-05,2026-05-05 10:00:00-04:00,2026-05-31 19:59:00-04:00,2026-05-27 09:06:00-04:00,lower,skipped,simultaneous_collision,flat,inactive,,,,,,,,
752_lower,2026-05-27,2026-05-01 10:00:00-04:00,2026-05-29 10:00:00-04:00,2026-05-27 09:06:00-04:00,lower,executed,,flat,inactive,2026-05-27 09:06:00-04:00,2026-05-27 15:00:00-04:00,4452.245553667912,4485.7,39.19999999999982,58.79999999999973,cutoff,33.45444633208808
763_lower,2026-05-18,2026-05-18 10:00:00-04:00,2026-05-31 19:59:00-04:00,2026-05-27 09:07:00-04:00,lower,skipped,position_open,open,inactive,,,,,,,,
753_lower,2026-05-04,2026-05-04 10:00:00-04:00,2026-05-31 19:59:00-04:00,2026-05-27 09:18:00-04:00,lower,skipped,position_open,open,inactive,,,,,,,,
768_lower,2026-05-25,2026-05-25 10:00:00-04:00,2026-05-31 19:59:00-04:00,2026-05-27 09:20:00-04:00,lower,skipped,position_open,open,inactive,,,,,,,,
762_lower,2026-05-28,2026-05-15 10:00:00-04:00,2026-05-31 19:59:00-04:00,2026-05-27 23:38:00-04:00,lower,executed,,flat,inactive,2026-05-27 23:38:00-04:00,2026-05-28 06:10:00-04:00,4403.037854347428,4433.337854347428,20.199999999999818,30.299999999999727,TP,30.299999999999727
771_upper,2026-05-29,2026-05-28 10:00:00-04:00,2026-05-31 19:59:00-04:00,2026-05-29 05:45:00-04:00,upper,executed,,flat,inactive,2026-05-29 05:45:00-04:00,2026-05-29 06:32:00-04:00,4564.050283961104,4564.050283961104,15.5,23.25,BE,-0.0
770_upper,2026-05-27,2026-05-27 10:00:00-04:00,2026-05-31 19:59:00-04:00,2026-05-29 05:46:00-04:00,upper,skipped,position_open,open,inactive,,,,,,,,
765_upper,2026-05-20,2026-05-20 10:00:00-04:00,2026-05-31 19:59:00-04:00,2026-05-29 11:07:00-04:00,upper,skipped,blocked_time,n/a,n/a,,,,,,,,
