shadow_idx,level_id,session_date,year,side,entry_time,exit_time,entry_price,exit_price,level,anchor,cap,exit_reason,pnl,gap_through,source,entry_ts
0,0_lower,2013-01-07,2013,lower,2013-01-07 09:18:00-05:00,2013-01-07 10:10:00-05:00,2705.355285880853,2712.480285880853,2705.355285880853,4.75,7.125,TP,7.125,False,external_2013_2015,2013-01-07 14:18:00+00:00
1,4_upper,2013-01-10,2013,upper,2013-01-10 07:57:00-05:00,2013-01-10 08:14:00-05:00,2731.8337231926243,2734.8337231926243,2731.8337231926243,2.0,3.0,SL,-3.0,False,external_2013_2015,2013-01-10 12:57:00+00:00
2,2_upper,2013-01-10,2013,upper,2013-01-10 08:24:00-05:00,2013-01-10 10:30:00-05:00,2737.880347359795,2727.380347359795,2737.880347359795,7.0,10.5,TP,10.5,False,external_2013_2015,2013-01-10 13:24:00+00:00
3,7_upper,2013-01-14,2013,upper,2013-01-13 20:58:00-05:00,2013-01-14 01:02:00-05:00,2748.082434952682,2742.832434952682,2748.082434952682,3.5,5.25,TP,5.25,False,external_2013_2015,2013-01-14 01:58:00+00:00
4,7_lower,2013-01-14,2013,lower,2013-01-14 07:47:00-05:00,2013-01-14 09:02:00-05:00,2728.042565047318,2728.042565047318,2728.042565047318,5.0,7.5,BE,0.0,False,external_2013_2015,2013-01-14 12:47:00+00:00
5,8_lower,2013-01-15,2013,lower,2013-01-15 09:34:00-05:00,2013-01-15 09:54:00-05:00,2712.951717556987,2705.826717556987,2712.951717556987,4.75,7.125,SL,-7.125,False,external_2013_2015,2013-01-15 14:34:00+00:00
6,11_lower,2013-01-18,2013,lower,2013-01-18 07:04:00-05:00,2013-01-18 09:30:00-05:00,2730.601204288801,2730.601204288801,2730.601204288801,6.0,9.0,BE,0.0,False,external_2013_2015,2013-01-18 12:04:00+00:00
7,20_upper,2013-02-01,2013,upper,2013-02-01 08:47:00-05:00,2013-02-01 09:49:00-05:00,2747.0896408295785,2739.5896408295785,2747.0896408295785,5.0,7.5,TP,7.5,False,external_2013_2015,2013-02-01 13:47:00+00:00
8,25_upper,2013-02-08,2013,upper,2013-02-08 09:30:00-05:00,2013-02-08 09:40:00-05:00,2760.150625189412,2772.150625189412,2760.150625189412,8.0,12.0,SL,-12.0,False,external_2013_2015,2013-02-08 14:30:00+00:00
9,26_upper,2013-02-11,2013,upper,2013-02-11 04:50:00-05:00,2013-02-11 05:42:00-05:00,2778.535251038489,2778.535251038489,2778.535251038489,2.75,4.125,BE,-0.0,False,external_2013_2015,2013-02-11 09:50:00+00:00
10,28_upper,2013-02-13,2013,upper,2013-02-13 09:59:00-05:00,2013-02-13 11:18:00-05:00,2776.2603765613194,2770.6353765613194,2776.2603765613194,3.75,5.625,TP,5.625,False,external_2013_2015,2013-02-13 14:59:00+00:00
11,29_lower,2013-02-14,2013,lower,2013-02-14 05:31:00-05:00,2013-02-14 09:42:00-05:00,2759.131960032837,2765.131960032837,2759.131960032837,4.0,6.0,TP,6.0,False,external_2013_2015,2013-02-14 10:31:00+00:00
12,34_upper,2013-02-25,2013,upper,2013-02-25 03:12:00-05:00,2013-02-25 04:14:00-05:00,2741.4250052470657,2741.4250052470657,2741.4250052470657,2.75,4.125,BE,-0.0,False,external_2013_2015,2013-02-25 08:12:00+00:00
13,39_lower,2013-03-01,2013,lower,2013-03-01 06:20:00-05:00,2013-03-01 07:11:00-05:00,2728.9914061049285,2728.9914061049285,2728.9914061049285,4.5,6.75,BE,0.0,False,external_2013_2015,2013-03-01 11:20:00+00:00
14,36_upper,2013-03-05,2013,upper,2013-03-05 04:02:00-05:00,2013-03-05 08:15:00-05:00,2767.888944764353,2773.138944764353,2767.888944764353,3.5,5.25,SL,-5.25,False,external_2013_2015,2013-03-05 09:02:00+00:00
15,33_upper,2013-03-05,2013,upper,2013-03-05 09:39:00-05:00,2013-03-05 10:32:00-05:00,2786.450375010939,2793.575375010939,2786.450375010939,4.75,7.125,SL,-7.125,False,external_2013_2015,2013-03-05 14:39:00+00:00
16,43_upper,2013-03-08,2013,upper,2013-03-08 08:30:00-05:00,2013-03-08 08:31:00-05:00,2816.640972819859,2811.015972819859,2816.640972819859,3.75,5.625,TP,5.625,False,external_2013_2015,2013-03-08 13:30:00+00:00
17,47_upper,2013-03-14,2013,upper,2013-03-14 08:17:00-04:00,2013-03-14 09:35:00-04:00,2805.302074587284,2805.302074587284,2805.302074587284,5.0,7.5,BE,-0.0,False,external_2013_2015,2013-03-14 12:17:00+00:00
18,49_lower,2013-03-15,2013,lower,2013-03-15 09:54:00-04:00,2013-03-15 10:00:00-04:00,2794.5447248592145,2790.0447248592145,2794.5447248592145,3.0,4.5,SL,-4.5,False,external_2013_2015,2013-03-15 13:54:00+00:00
19,52_upper,2013-03-20,2013,upper,2013-03-20 08:15:00-04:00,2013-03-20 09:30:00-04:00,2802.8054244034897,2802.8054244034897,2802.8054244034897,4.25,6.375,BE,-0.0,False,external_2013_2015,2013-03-20 12:15:00+00:00
20,54_upper,2013-03-22,2013,upper,2013-03-22 09:33:00-04:00,2013-03-22 09:40:00-04:00,2782.6594268911317,2779.2844268911317,2782.6594268911317,2.25,3.375,TP,3.375,False,external_2013_2015,2013-03-22 13:33:00+00:00
21,49_upper,2013-03-25,2013,upper,2013-03-24 19:48:00-04:00,2013-03-24 21:02:00-04:00,2808.955275140785,2808.955275140785,2808.955275140785,4.75,7.125,BE,-0.0,False,external_2013_2015,2013-03-24 23:48:00+00:00
22,53_upper,2013-03-25,2013,upper,2013-03-25 06:08:00-04:00,2013-03-25 09:01:00-04:00,2810.686739126299,2803.186739126299,2810.686739126299,5.0,7.5,TP,7.5,False,external_2013_2015,2013-03-25 10:08:00+00:00
23,51_lower,2013-04-05,2013,lower,2013-04-05 08:30:00-04:00,2013-04-05 09:29:00-04:00,2753.020655766093,2743.645655766093,2753.020655766093,6.25,9.375,SL,-9.375,False,external_2013_2015,2013-04-05 12:30:00+00:00
24,68_lower,2013-04-12,2013,lower,2013-04-12 08:15:00-04:00,2013-04-12 09:05:00-04:00,2840.761497148273,2840.761497148273,2840.761497148273,4.25,6.375,BE,0.0,False,external_2013_2015,2013-04-12 12:15:00+00:00
25,71_lower,2013-04-17,2013,lower,2013-04-17 09:38:00-04:00,2013-04-17 10:17:00-04:00,2798.888627947599,2786.138627947599,2798.888627947599,8.5,12.75,SL,-12.75,False,external_2013_2015,2013-04-17 13:38:00+00:00
26,72_upper,2013-04-23,2013,upper,2013-04-23 09:31:00-04:00,2013-04-23 10:01:00-04:00,2820.4809750525164,2830.9809750525164,2820.4809750525164,7.0,10.5,SL,-10.5,False,external_2013_2015,2013-04-23 13:31:00+00:00
27,77_upper,2013-04-25,2013,upper,2013-04-25 08:30:00-04:00,2013-04-25 09:16:00-04:00,2842.712738204752,2837.087738204752,2842.712738204752,3.75,5.625,TP,5.625,False,external_2013_2015,2013-04-25 12:30:00+00:00
28,79_upper,2013-04-29,2013,upper,2013-04-29 09:47:00-04:00,2013-04-29 09:52:00-04:00,2848.610376887659,2853.485376887659,2848.610376887659,3.25,4.875,SL,-4.875,False,external_2013_2015,2013-04-29 13:47:00+00:00
29,84_upper,2013-05-06,2013,upper,2013-05-06 09:34:00-04:00,2013-05-06 10:22:00-04:00,2948.1523514282694,2948.1523514282694,2948.1523514282694,5.75,8.625,BE,-0.0,False,external_2013_2015,2013-05-06 13:34:00+00:00
30,86_upper,2013-05-09,2013,upper,2013-05-08 21:26:00-04:00,2013-05-08 22:26:00-04:00,2966.2287743827133,2966.2287743827133,2966.2287743827133,1.0,1.5,BE,-0.0,False,external_2013_2015,2013-05-09 01:26:00+00:00
31,92_lower,2013-05-23,2013,lower,2013-05-23 02:17:00-04:00,2013-05-23 02:30:00-04:00,2981.1038662222263,2969.1038662222263,2981.1038662222263,8.0,12.0,SL,-12.0,False,external_2013_2015,2013-05-23 06:17:00+00:00
32,90_lower,2013-05-23,2013,lower,2013-05-23 04:30:00-04:00,2013-05-23 10:10:00-04:00,2961.976196538426,2984.851196538426,2961.976196538426,15.25,22.875,TP,22.875,False,external_2013_2015,2013-05-23 08:30:00+00:00
33,101_upper,2013-05-30,2013,upper,2013-05-30 09:47:00-04:00,2013-05-30 13:32:00-04:00,3008.565518888124,3022.065518888124,3008.565518888124,9.0,13.5,SL,-13.5,False,external_2013_2015,2013-05-30 13:47:00+00:00
34,104_upper,2013-06-04,2013,upper,2013-06-04 09:34:00-04:00,2013-06-04 12:28:00-04:00,2997.795127934753,2985.795127934753,2997.795127934753,8.0,12.0,TP,12.0,False,external_2013_2015,2013-06-04 13:34:00+00:00
35,107_upper,2013-06-07,2013,upper,2013-06-07 08:30:00-04:00,2013-06-07 08:30:00-04:00,2955.606186232867,2961.606186232867,2955.606186232867,4.0,6.0,SL,-6.0,False,external_2013_2015,2013-06-07 12:30:00+00:00
36,109_lower,2013-06-11,2013,lower,2013-06-10 23:13:00-04:00,2013-06-11 03:05:00-04:00,2982.90133687912,2982.90133687912,2982.90133687912,4.5,6.75,BE,0.0,False,external_2013_2015,2013-06-11 03:13:00+00:00
37,113_upper,2013-06-17,2013,upper,2013-06-17 05:36:00-04:00,2013-06-17 07:46:00-04:00,2968.81959171836,2962.06959171836,2968.81959171836,4.5,6.75,TP,6.75,False,external_2013_2015,2013-06-17 09:36:00+00:00
38,114_lower,2013-06-20,2013,lower,2013-06-19 20:19:00-04:00,2013-06-19 21:09:00-04:00,2948.970044476783,2948.970044476783,2948.970044476783,2.5,3.75,BE,0.0,False,external_2013_2015,2013-06-20 00:19:00+00:00
39,119_upper,2013-06-25,2013,upper,2013-06-25 09:15:00-04:00,2013-06-25 09:55:00-04:00,2868.284572971376,2856.659572971376,2868.284572971376,7.75,11.625,TP,11.625,False,external_2013_2015,2013-06-25 13:15:00+00:00
40,120_upper,2013-06-27,2013,upper,2013-06-26 22:10:00-04:00,2013-06-27 03:41:00-04:00,2892.9011777163787,2882.7761777163787,2892.9011777163787,6.75,10.125,TP,10.125,False,external_2013_2015,2013-06-27 02:10:00+00:00
41,121_upper,2013-06-27,2013,upper,2013-06-27 08:31:00-04:00,2013-06-27 09:19:00-04:00,2900.732906201168,2900.732906201168,2900.732906201168,12.25,18.375,BE,-0.0,False,external_2013_2015,2013-06-27 12:31:00+00:00
42,118_upper,2013-06-27,2013,upper,2013-06-27 09:48:00-04:00,2013-06-27 10:30:00-04:00,2906.7794679868894,2916.1544679868894,2906.7794679868894,6.25,9.375,SL,-9.375,False,external_2013_2015,2013-06-27 13:48:00+00:00
43,122_lower,2013-06-28,2013,lower,2013-06-28 09:15:00-04:00,2013-06-28 11:05:00-04:00,2889.8941029603566,2911.2691029603566,2889.8941029603566,14.25,21.375,TP,21.375,False,external_2013_2015,2013-06-28 13:15:00+00:00
44,117_upper,2013-07-01,2013,upper,2013-07-01 09:56:00-04:00,2013-07-01 10:42:00-04:00,2938.528421405269,2938.528421405269,2938.528421405269,7.5,11.25,BE,-0.0,False,external_2013_2015,2013-07-01 13:56:00+00:00
45,125_lower,2013-07-03,2013,lower,2013-07-03 03:07:00-04:00,2013-07-03 08:31:00-04:00,2905.917014468548,2918.292014468548,2905.917014468548,8.25,12.375,TP,12.375,False,external_2013_2015,2013-07-03 07:07:00+00:00
46,127_upper,2013-07-08,2013,upper,2013-07-08 03:34:00-04:00,2013-07-08 05:11:00-04:00,2971.8649590874747,2971.8649590874747,2971.8649590874747,6.25,9.375,BE,-0.0,False,external_2013_2015,2013-07-08 07:34:00+00:00
47,129_upper,2013-07-10,2013,upper,2013-07-10 09:48:00-04:00,2013-07-10 10:52:00-04:00,2985.1692290438687,2985.1692290438687,2985.1692290438687,4.25,6.375,BE,-0.0,False,external_2013_2015,2013-07-10 13:48:00+00:00
48,133_upper,2013-07-16,2013,upper,2013-07-16 09:30:00-04:00,2013-07-16 10:58:00-04:00,3078.126184588201,3072.876184588201,3078.126184588201,3.5,5.25,TP,5.25,False,external_2013_2015,2013-07-16 13:30:00+00:00
49,134_upper,2013-07-17,2013,upper,2013-07-17 09:40:00-04:00,2013-07-17 10:35:00-04:00,3083.6258547916277,3083.6258547916277,3083.6258547916277,9.5,14.25,BE,-0.0,False,external_2013_2015,2013-07-17 13:40:00+00:00
50,137_upper,2013-07-22,2013,upper,2013-07-21 21:04:00-04:00,2013-07-22 02:36:00-04:00,3051.898591166268,3046.273591166268,3051.898591166268,3.75,5.625,TP,5.625,False,external_2013_2015,2013-07-22 01:04:00+00:00
51,143_upper,2013-07-30,2013,upper,2013-07-30 08:49:00-04:00,2013-07-30 09:38:00-04:00,3078.7267503950097,3073.8517503950097,3078.7267503950097,3.25,4.875,TP,4.875,False,external_2013_2015,2013-07-30 12:49:00+00:00
52,148_lower,2013-08-06,2013,lower,2013-08-06 09:54:00-04:00,2013-08-06 10:30:00-04:00,3127.626939951201,3120.876939951201,3127.626939951201,4.5,6.75,SL,-6.75,False,external_2013_2015,2013-08-06 13:54:00+00:00
53,150_upper,2013-08-08,2013,upper,2013-08-08 07:13:00-04:00,2013-08-08 08:00:00-04:00,3130.1003149395,3130.1003149395,3130.1003149395,4.75,7.125,BE,-0.0,False,external_2013_2015,2013-08-08 11:13:00+00:00
54,152_upper,2013-08-13,2013,upper,2013-08-13 05:00:00-04:00,2013-08-13 06:54:00-04:00,3137.31448213575,3132.81448213575,3137.31448213575,3.0,4.5,TP,4.5,False,external_2013_2015,2013-08-13 09:00:00+00:00
55,154_lower,2013-08-15,2013,lower,2013-08-15 07:42:00-04:00,2013-08-15 09:30:00-04:00,3102.415001232432,3088.165001232432,3102.415001232432,9.5,14.25,SL,-14.25,False,external_2013_2015,2013-08-15 11:42:00+00:00
56,150_lower,2013-08-15,2013,lower,2013-08-15 09:33:00-04:00,2013-08-15 10:12:00-04:00,3085.7746850605004,3068.5246850605004,3085.7746850605004,11.5,17.25,SL,-17.25,False,external_2013_2015,2013-08-15 13:33:00+00:00
57,158_lower,2013-08-22,2013,lower,2013-08-21 19:57:00-04:00,2013-08-21 21:45:00-04:00,3057.9183182711845,3064.2933182711845,3057.9183182711845,4.25,6.375,TP,6.375,False,external_2013_2015,2013-08-21 23:57:00+00:00
58,156_upper,2013-08-23,2013,upper,2013-08-22 21:32:00-04:00,2013-08-22 22:34:00-04:00,3108.8276774886426,3108.8276774886426,3108.8276774886426,3.0,4.5,BE,-0.0,False,external_2013_2015,2013-08-23 01:32:00+00:00
59,163_lower,2013-08-27,2013,lower,2013-08-27 03:50:00-04:00,2013-08-27 04:07:00-04:00,3112.3929937291523,3106.0179937291523,3112.3929937291523,4.25,6.375,SL,-6.375,False,external_2013_2015,2013-08-27 07:50:00+00:00
60,170_upper,2013-09-06,2013,upper,2013-09-06 08:31:00-04:00,2013-09-06 08:37:00-04:00,3143.0096721663467,3136.6346721663467,3143.0096721663467,4.25,6.375,TP,6.375,False,external_2013_2015,2013-09-06 12:31:00+00:00
61,170_lower,2013-09-06,2013,lower,2013-09-06 09:46:00-04:00,2013-09-06 10:04:00-04:00,3113.3653278336533,3098.3653278336533,3113.3653278336533,10.0,15.0,SL,-15.0,False,external_2013_2015,2013-09-06 13:46:00+00:00
62,184_upper,2013-09-26,2013,upper,2013-09-26 09:49:00-04:00,2013-09-26 11:02:00-04:00,3227.9407775066484,3218.1907775066484,3227.9407775066484,6.5,9.75,TP,9.75,False,external_2013_2015,2013-09-26 13:49:00+00:00
63,185_lower,2013-09-30,2013,lower,2013-09-29 20:28:00-04:00,2013-09-29 21:45:00-04:00,3202.068558598517,3202.068558598517,3202.068558598517,4.75,7.125,BE,0.0,False,external_2013_2015,2013-09-30 00:28:00+00:00
64,186_lower,2013-09-30,2013,lower,2013-09-30 08:34:00-04:00,2013-09-30 09:30:00-04:00,3195.732217091446,3188.232217091446,3195.732217091446,5.0,7.5,SL,-7.5,False,external_2013_2015,2013-09-30 12:34:00+00:00
65,194_upper,2013-10-10,2013,upper,2013-10-10 09:37:00-04:00,2013-10-10 11:46:00-04:00,3180.524364158933,3193.274364158933,3180.524364158933,8.5,12.75,SL,-12.75,False,external_2013_2015,2013-10-10 13:37:00+00:00
66,190_upper,2013-10-16,2013,upper,2013-10-16 09:56:00-04:00,2013-10-16 15:00:00-04:00,3266.8334723728394,3267.75,3266.8334723728394,9.75,14.625,cutoff,-0.9165276271605762,False,external_2013_2015,2013-10-16 13:56:00+00:00
67,202_upper,2013-10-22,2013,upper,2013-10-22 08:30:00-04:00,2013-10-22 08:31:00-04:00,3367.8237856908627,3364.0737856908627,3367.8237856908627,2.5,3.75,TP,3.75,False,external_2013_2015,2013-10-22 12:30:00+00:00
68,203_upper,2013-10-25,2013,upper,2013-10-25 07:19:00-04:00,2013-10-25 08:54:00-04:00,3381.0805915086885,3381.0805915086885,3381.0805915086885,4.0,6.0,BE,-0.0,False,external_2013_2015,2013-10-25 11:19:00+00:00
69,206_upper,2013-10-30,2013,upper,2013-10-30 09:51:00-04:00,2013-10-30 10:01:00-04:00,3401.327272384276,3393.077272384276,3401.327272384276,5.5,8.25,TP,8.25,False,external_2013_2015,2013-10-30 13:51:00+00:00
70,212_lower,2013-11-05,2013,lower,2013-11-05 09:32:00-05:00,2013-11-05 10:40:00-05:00,3362.581980831917,3371.581980831917,3362.581980831917,6.0,9.0,TP,9.0,False,external_2013_2015,2013-11-05 14:32:00+00:00
71,210_upper,2013-11-06,2013,upper,2013-11-05 23:30:00-05:00,2013-11-06 00:25:00-05:00,3395.167275112469,3395.167275112469,3395.167275112469,7.25,10.875,BE,-0.0,False,external_2013_2015,2013-11-06 04:30:00+00:00
72,217_lower,2013-11-13,2013,lower,2013-11-13 08:33:00-05:00,2013-11-13 09:28:00-05:00,3340.2429611541547,3340.2429611541547,3340.2429611541547,6.75,10.125,BE,0.0,False,external_2013_2015,2013-11-13 13:33:00+00:00
73,221_upper,2013-11-18,2013,upper,2013-11-18 09:27:00-05:00,2013-11-18 09:30:00-05:00,3422.450855760806,3417.200855760806,3422.450855760806,3.5,5.25,TP,5.25,False,external_2013_2015,2013-11-18 14:27:00+00:00
74,223_upper,2013-11-22,2013,upper,2013-11-22 03:13:00-05:00,2013-11-22 04:52:00-05:00,3407.7761645626333,3403.6511645626333,3407.7761645626333,2.75,4.125,TP,4.125,False,external_2013_2015,2013-11-22 08:13:00+00:00
75,230_lower,2013-12-03,2013,lower,2013-12-03 09:47:00-05:00,2013-12-03 09:49:00-05:00,3475.671510547041,3479.046510547041,3475.671510547041,2.25,3.375,TP,3.375,False,external_2013_2015,2013-12-03 14:47:00+00:00
76,232_lower,2013-12-04,2013,lower,2013-12-04 09:05:00-05:00,2013-12-04 09:40:00-05:00,3466.0864202556195,3475.4614202556195,3466.0864202556195,6.25,9.375,TP,9.375,False,external_2013_2015,2013-12-04 14:05:00+00:00
77,232_upper,2013-12-06,2013,upper,2013-12-06 08:30:00-05:00,2013-12-06 08:31:00-05:00,3495.4135797443805,3487.9135797443805,3495.4135797443805,5.0,7.5,TP,7.5,False,external_2013_2015,2013-12-06 13:30:00+00:00
78,234_upper,2013-12-06,2013,upper,2013-12-06 08:46:00-05:00,2013-12-06 08:49:00-05:00,3500.0720510686306,3507.5720510686306,3500.0720510686306,5.0,7.5,SL,-7.5,False,external_2013_2015,2013-12-06 13:46:00+00:00
79,236_lower,2013-12-11,2013,lower,2013-12-11 09:50:00-05:00,2013-12-11 09:58:00-05:00,3503.6859126989875,3509.3109126989875,3503.6859126989875,3.75,5.625,TP,5.625,False,external_2013_2015,2013-12-11 14:50:00+00:00
80,229_lower,2013-12-16,2013,lower,2013-12-15 22:08:00-05:00,2013-12-15 22:08:00-05:00,3442.2555683948704,3431.0055683948704,3442.2555683948704,7.5,11.25,SL,-11.25,False,external_2013_2015,2013-12-16 03:08:00+00:00
81,240_upper,2013-12-16,2013,upper,2013-12-16 09:52:00-05:00,2013-12-16 10:14:00-05:00,3489.121544171468,3482.371544171468,3489.121544171468,4.5,6.75,TP,6.75,False,external_2013_2015,2013-12-16 14:52:00+00:00
82,244_upper,2013-12-20,2013,upper,2013-12-20 09:49:00-05:00,2013-12-20 10:52:00-05:00,3513.295415400391,3521.920415400391,3513.295415400391,5.75,8.625,SL,-8.625,False,external_2013_2015,2013-12-20 14:49:00+00:00
83,246_upper,2013-12-24,2013,upper,2013-12-24 09:31:00-05:00,2013-12-24 09:39:00-05:00,3569.282605149716,3565.532605149716,3569.282605149716,2.5,3.75,TP,3.75,False,external_2013_2015,2013-12-24 14:31:00+00:00
84,248_upper,2013-12-27,2013,upper,2013-12-27 09:30:00-05:00,2013-12-27 09:44:00-05:00,3585.5800272670585,3580.7050272670585,3585.5800272670585,3.25,4.875,TP,4.875,False,external_2013_2015,2013-12-27 14:30:00+00:00
85,248_lower,2013-12-30,2013,lower,2013-12-30 09:37:00-05:00,2013-12-30 14:42:00-05:00,3562.919972732941,3570.044972732941,3562.919972732941,4.75,7.125,TP,7.125,False,external_2013_2015,2013-12-30 14:37:00+00:00
86,251_lower,2014-01-02,2014,lower,2014-01-02 09:40:00-05:00,2014-01-02 10:04:00-05:00,3562.3048430005742,3552.5548430005742,3562.3048430005742,6.5,9.75,SL,-9.75,False,external_2013_2015,2014-01-02 14:40:00+00:00
87,253_upper,2014-01-09,2014,upper,2014-01-09 04:18:00-05:00,2014-01-09 10:10:00-05:00,3572.3764457124007,3559.2514457124007,3572.3764457124007,8.75,13.125,TP,13.125,False,external_2013_2015,2014-01-09 09:18:00+00:00
88,258_upper,2014-01-15,2014,upper,2014-01-15 03:24:00-05:00,2014-01-15 03:30:00-05:00,3579.0201141714283,3583.5201141714283,3579.0201141714283,3.0,4.5,SL,-4.5,False,external_2013_2015,2014-01-15 08:24:00+00:00
89,257_upper,2014-01-15,2014,upper,2014-01-15 06:45:00-05:00,2014-01-15 08:35:00-05:00,3588.3028456249617,3584.1778456249617,3588.3028456249617,2.75,4.125,TP,4.125,False,external_2013_2015,2014-01-15 11:45:00+00:00
90,252_upper,2014-01-15,2014,upper,2014-01-15 09:10:00-05:00,2014-01-15 09:36:00-05:00,3589.4654527183743,3595.4654527183743,3589.4654527183743,4.0,6.0,SL,-6.0,False,external_2013_2015,2014-01-15 14:10:00+00:00
91,262_lower,2014-01-17,2014,lower,2014-01-17 09:55:00-05:00,2014-01-17 12:12:00-05:00,3586.3129987584293,3600.5629987584293,3586.3129987584293,9.5,14.25,TP,14.25,False,external_2013_2015,2014-01-17 14:55:00+00:00
92,263_upper,2014-01-21,2014,upper,2014-01-21 00:01:00-05:00,2014-01-21 03:00:00-05:00,3607.58515814581,3600.83515814581,3607.58515814581,4.5,6.75,TP,6.75,False,external_2013_2015,2014-01-21 05:01:00+00:00
93,262_upper,2014-01-22,2014,upper,2014-01-21 23:42:00-05:00,2014-01-22 00:02:00-05:00,3612.93700124157,3617.43700124157,3612.93700124157,3.0,4.5,SL,-4.5,False,external_2013_2015,2014-01-22 04:42:00+00:00
94,265_lower,2014-01-23,2014,lower,2014-01-23 09:00:00-05:00,2014-01-23 15:00:00-05:00,3602.4469238051697,3596.0,3602.4469238051697,15.75,23.625,cutoff,-6.4469238051697175,False,external_2013_2015,2014-01-23 14:00:00+00:00
95,261_lower,2014-01-24,2014,lower,2014-01-24 09:44:00-05:00,2014-01-24 10:31:00-05:00,3573.777407964286,3573.777407964286,3573.777407964286,10.25,15.375,BE,0.0,False,external_2013_2015,2014-01-24 14:44:00+00:00
96,269_lower,2014-01-29,2014,lower,2014-01-29 09:37:00-05:00,2014-01-29 14:18:00-05:00,3459.257811292093,3459.257811292093,3459.257811292093,28.0,42.0,BE,0.0,False,external_2013_2015,2014-01-29 14:37:00+00:00
97,270_upper,2014-01-30,2014,upper,2014-01-30 09:00:00-05:00,2014-01-30 10:42:00-05:00,3497.850988285444,3516.975988285444,3497.850988285444,12.75,19.125,SL,-19.125,False,external_2013_2015,2014-01-30 14:00:00+00:00
98,271_lower,2014-01-31,2014,lower,2014-01-31 06:38:00-05:00,2014-01-31 08:16:00-05:00,3485.585311726145,3485.585311726145,3485.585311726145,13.0,19.5,BE,0.0,False,external_2013_2015,2014-01-31 11:38:00+00:00
99,274_upper,2014-02-06,2014,upper,2014-02-06 09:50:00-05:00,2014-02-06 15:00:00-05:00,3479.5140450584886,3495.75,3479.5140450584886,17.25,25.875,cutoff,-16.23595494151141,False,external_2013_2015,2014-02-06 14:50:00+00:00
100,276_upper,2014-02-07,2014,upper,2014-02-07 01:16:00-05:00,2014-02-07 02:18:00-05:00,3505.8198501239026,3500.9448501239026,3505.8198501239026,3.25,4.875,TP,4.875,False,external_2013_2015,2014-02-07 06:16:00+00:00
101,268_upper,2014-02-10,2014,upper,2014-02-10 09:48:00-05:00,2014-02-10 10:09:00-05:00,3570.9858841927853,3563.8608841927853,3570.9858841927853,4.75,7.125,TP,7.125,False,external_2013_2015,2014-02-10 14:48:00+00:00
102,280_lower,2014-02-13,2014,lower,2014-02-13 00:27:00-05:00,2014-02-13 03:02:00-05:00,3609.766440854684,3613.516440854684,3609.766440854684,2.5,3.75,TP,3.75,False,external_2013_2015,2014-02-13 05:27:00+00:00
103,283_lower,2014-02-20,2014,lower,2014-02-19 20:48:00-05:00,2014-02-20 03:35:00-05:00,3643.8971333251393,3649.1471333251393,3643.8971333251393,3.5,5.25,TP,5.25,False,external_2013_2015,2014-02-20 01:48:00+00:00
104,285_upper,2014-02-21,2014,upper,2014-02-20 21:52:00-05:00,2014-02-20 22:50:00-05:00,3680.2332161814174,3680.2332161814174,3680.2332161814174,2.5,3.75,BE,-0.0,False,external_2013_2015,2014-02-21 02:52:00+00:00
105,283_upper,2014-02-24,2014,upper,2014-02-24 09:50:00-05:00,2014-02-24 10:37:00-05:00,3688.4778666748607,3695.6028666748607,3688.4778666748607,4.75,7.125,SL,-7.125,False,external_2013_2015,2014-02-24 14:50:00+00:00
106,288_upper,2014-02-28,2014,upper,2014-02-28 09:39:00-05:00,2014-02-28 09:55:00-05:00,3709.011186233783,3715.011186233783,3709.011186233783,4.0,6.0,SL,-6.0,False,external_2013_2015,2014-02-28 14:39:00+00:00
107,288_lower,2014-03-03,2014,lower,2014-03-02 19:27:00-05:00,2014-03-03 15:00:00-05:00,3660.6138137662174,3667.5,3660.6138137662174,15.75,23.625,cutoff,6.88618623378261,False,external_2013_2015,2014-03-03 00:27:00+00:00
108,292_upper,2014-03-04,2014,upper,2014-03-04 01:04:00-05:00,2014-03-04 01:06:00-05:00,3690.0175498677954,3699.3925498677954,3690.0175498677954,6.25,9.375,SL,-9.375,False,external_2013_2015,2014-03-04 06:04:00+00:00
109,294_upper,2014-03-07,2014,upper,2014-03-07 08:42:00-05:00,2014-03-07 09:06:00-05:00,3739.583327063895,3733.208327063895,3739.583327063895,4.25,6.375,TP,6.375,False,external_2013_2015,2014-03-07 13:42:00+00:00
110,294_lower,2014-03-07,2014,lower,2014-03-07 09:50:00-05:00,2014-03-07 10:55:00-05:00,3704.166672936105,3704.166672936105,3704.166672936105,20.75,31.125,BE,0.0,False,external_2013_2015,2014-03-07 14:50:00+00:00
111,282_lower,2014-03-14,2014,lower,2014-03-14 09:59:00-04:00,2014-03-14 10:55:00-04:00,3631.488533307652,3631.488533307652,3631.488533307652,13.25,19.875,BE,0.0,False,external_2013_2015,2014-03-14 13:59:00+00:00
112,301_upper,2014-03-17,2014,upper,2014-03-17 09:40:00-04:00,2014-03-17 10:02:00-04:00,3661.873694264423,3669.748694264423,3661.873694264423,5.25,7.875,SL,-7.875,False,external_2013_2015,2014-03-17 13:40:00+00:00
113,305_upper,2014-03-21,2014,upper,2014-03-21 02:23:00-04:00,2014-03-21 03:34:00-04:00,3699.797405241128,3699.797405241128,3699.797405241128,3.25,4.875,BE,-0.0,False,external_2013_2015,2014-03-21 06:23:00+00:00
114,303_lower,2014-03-24,2014,lower,2014-03-24 09:40:00-04:00,2014-03-24 09:50:00-04:00,3631.346547000964,3622.721547000964,3631.346547000964,5.75,8.625,SL,-8.625,False,external_2013_2015,2014-03-24 13:40:00+00:00
115,310_upper,2014-04-01,2014,upper,2014-04-01 09:33:00-04:00,2014-04-01 09:42:00-04:00,3612.6253456426593,3618.2503456426593,3612.6253456426593,3.75,5.625,SL,-5.625,False,external_2013_2015,2014-04-01 13:33:00+00:00
116,312_upper,2014-04-01,2014,upper,2014-04-01 09:46:00-04:00,2014-04-01 09:50:00-04:00,3623.060039422333,3628.685039422333,3623.060039422333,3.75,5.625,SL,-5.625,False,external_2013_2015,2014-04-01 13:46:00+00:00
117,308_upper,2014-04-02,2014,upper,2014-04-01 21:14:00-04:00,2014-04-01 22:00:00-04:00,3662.38422368482,3655.63422368482,3662.38422368482,4.5,6.75,TP,6.75,False,external_2013_2015,2014-04-02 01:14:00+00:00
118,309_upper,2014-04-02,2014,upper,2014-04-02 09:29:00-04:00,2014-04-02 09:35:00-04:00,3664.033248732997,3655.783248732997,3664.033248732997,5.5,8.25,TP,8.25,False,external_2013_2015,2014-04-02 13:29:00+00:00
119,310_lower,2014-04-07,2014,lower,2014-04-07 02:38:00-04:00,2014-04-07 03:29:00-04:00,3518.1246543573407,3512.4996543573407,3518.1246543573407,3.75,5.625,SL,-5.625,False,external_2013_2015,2014-04-07 06:38:00+00:00
120,318_upper,2014-04-09,2014,upper,2014-04-09 04:48:00-04:00,2014-04-09 05:34:00-04:00,3538.148544127742,3538.148544127742,3538.148544127742,4.5,6.75,BE,-0.0,False,external_2013_2015,2014-04-09 08:48:00+00:00
121,318_lower,2014-04-11,2014,lower,2014-04-11 07:02:00-04:00,2014-04-11 07:19:00-04:00,3469.726455872258,3459.601455872258,3469.726455872258,6.75,10.125,SL,-10.125,False,external_2013_2015,2014-04-11 11:02:00+00:00
122,323_upper,2014-04-17,2014,upper,2014-04-17 09:42:00-04:00,2014-04-17 09:49:00-04:00,3526.714543214204,3511.339543214204,3526.714543214204,10.25,15.375,TP,15.375,False,external_2013_2015,2014-04-17 13:42:00+00:00
123,326_upper,2014-04-22,2014,upper,2014-04-22 09:18:00-04:00,2014-04-22 10:04:00-04:00,3562.098165907186,3573.723165907186,3562.098165907186,7.75,11.625,SL,-11.625,False,external_2013_2015,2014-04-22 13:18:00+00:00
124,328_upper,2014-04-24,2014,upper,2014-04-24 06:16:00-04:00,2014-04-24 06:22:00-04:00,3604.218463383929,3607.968463383929,3604.218463383929,2.5,3.75,SL,-3.75,False,external_2013_2015,2014-04-24 10:16:00+00:00
125,333_upper,2014-05-01,2014,upper,2014-05-01 03:52:00-04:00,2014-05-01 04:29:00-04:00,3579.9890824362783,3583.7390824362783,3579.9890824362783,2.5,3.75,SL,-3.75,False,external_2013_2015,2014-05-01 07:52:00+00:00
126,330_upper,2014-05-01,2014,upper,2014-05-01 04:41:00-04:00,2014-05-01 08:34:00-04:00,3585.699235487589,3578.199235487589,3585.699235487589,5.0,7.5,TP,7.5,False,external_2013_2015,2014-05-01 08:41:00+00:00
127,335_lower,2014-05-05,2014,lower,2014-05-05 04:51:00-04:00,2014-05-05 09:03:00-04:00,3565.5941685408943,3559.2191685408943,3565.5941685408943,4.25,6.375,SL,-6.375,False,external_2013_2015,2014-05-05 08:51:00+00:00
128,336_upper,2014-05-06,2014,upper,2014-05-06 05:07:00-04:00,2014-05-06 06:00:00-04:00,3600.8494440701143,3600.8494440701143,3600.8494440701143,8.0,12.0,BE,-0.0,False,external_2013_2015,2014-05-06 09:07:00+00:00
129,336_lower,2014-05-07,2014,lower,2014-05-07 09:59:00-04:00,2014-05-07 10:13:00-04:00,3524.2755559298857,3508.9005559298857,3524.2755559298857,10.25,15.375,SL,-15.375,False,external_2013_2015,2014-05-07 13:59:00+00:00
130,340_upper,2014-05-12,2014,upper,2014-05-12 06:30:00-04:00,2014-05-12 06:59:00-04:00,3562.234440257173,3568.984440257173,3562.234440257173,4.5,6.75,SL,-6.75,False,external_2013_2015,2014-05-12 10:30:00+00:00
131,339_upper,2014-05-12,2014,upper,2014-05-12 09:47:00-04:00,2014-05-12 10:00:00-04:00,3587.9155129235387,3593.9155129235387,3587.9155129235387,4.0,6.0,SL,-6.0,False,external_2013_2015,2014-05-12 13:47:00+00:00
132,343_lower,2014-05-15,2014,lower,2014-05-15 09:45:00-04:00,2014-05-15 09:55:00-04:00,3583.0900726869304,3568.4650726869304,3583.0900726869304,9.75,14.625,SL,-14.625,False,external_2013_2015,2014-05-15 13:45:00+00:00
133,351_upper,2014-05-27,2014,upper,2014-05-27 04:53:00-04:00,2014-05-27 05:56:00-04:00,3692.516343206204,3692.516343206204,3692.516343206204,3.0,4.5,BE,-0.0,False,external_2013_2015,2014-05-27 08:53:00+00:00
134,362_upper,2014-06-23,2014,upper,2014-06-22 21:45:00-04:00,2014-06-23 02:29:00-04:00,3806.953412548252,3801.328412548252,3806.953412548252,3.75,5.625,TP,5.625,False,external_2013_2015,2014-06-23 01:45:00+00:00
135,369_upper,2014-06-24,2014,upper,2014-06-24 09:36:00-04:00,2014-06-24 09:44:00-04:00,3803.077069133338,3807.577069133338,3803.077069133338,3.0,4.5,SL,-4.5,False,external_2013_2015,2014-06-24 13:36:00+00:00
136,361_upper,2014-06-24,2014,upper,2014-06-24 09:45:00-04:00,2014-06-24 10:06:00-04:00,3808.004503148346,3812.504503148346,3808.004503148346,3.0,4.5,SL,-4.5,False,external_2013_2015,2014-06-24 13:45:00+00:00
137,372_upper,2014-06-30,2014,upper,2014-06-30 09:35:00-04:00,2014-06-30 10:00:00-04:00,3838.107486167105,3843.357486167105,3838.107486167105,3.5,5.25,SL,-5.25,False,external_2013_2015,2014-06-30 13:35:00+00:00
138,376_upper,2014-07-03,2014,upper,2014-07-03 08:27:00-04:00,2014-07-03 08:30:00-04:00,3897.0790249026295,3899.3290249026295,3897.0790249026295,1.5,2.25,SL,-2.25,False,external_2013_2015,2014-07-03 12:27:00+00:00
139,378_lower,2014-07-07,2014,lower,2014-07-07 02:26:00-04:00,2014-07-07 03:24:00-04:00,3909.99767789096,3909.99767789096,3909.99767789096,1.75,2.625,BE,0.0,False,external_2013_2015,2014-07-07 06:26:00+00:00
140,377_lower,2014-07-08,2014,lower,2014-07-08 09:37:00-04:00,2014-07-08 09:45:00-04:00,3890.188948832003,3883.438948832003,3890.188948832003,4.5,6.75,SL,-6.75,False,external_2013_2015,2014-07-08 13:37:00+00:00
141,376_lower,2014-07-08,2014,lower,2014-07-08 09:51:00-04:00,2014-07-08 10:05:00-04:00,3878.4209750973705,3871.6709750973705,3878.4209750973705,4.5,6.75,SL,-6.75,False,external_2013_2015,2014-07-08 13:51:00+00:00
142,381_lower,2014-07-10,2014,lower,2014-07-10 08:51:00-04:00,2014-07-10 09:27:00-04:00,3845.8283081091145,3834.2033081091145,3845.8283081091145,7.75,11.625,SL,-11.625,False,external_2013_2015,2014-07-10 12:51:00+00:00
143,378_upper,2014-07-14,2014,upper,2014-07-14 05:14:00-04:00,2014-07-14 11:10:00-04:00,3916.50232210904,3928.87732210904,3916.50232210904,8.25,12.375,SL,-12.375,False,external_2013_2015,2014-07-14 09:14:00+00:00
144,389_upper,2014-07-22,2014,upper,2014-07-22 05:43:00-04:00,2014-07-22 07:30:00-04:00,3941.083653790526,3941.083653790526,3941.083653790526,7.25,10.875,BE,-0.0,False,external_2013_2015,2014-07-22 09:43:00+00:00
145,385_upper,2014-07-22,2014,upper,2014-07-22 07:41:00-04:00,2014-07-22 07:44:00-04:00,3946.889322715248,3942.764322715248,3946.889322715248,2.75,4.125,TP,4.125,False,external_2013_2015,2014-07-22 11:41:00+00:00
146,386_upper,2014-07-22,2014,upper,2014-07-22 09:52:00-04:00,2014-07-22 15:00:00-04:00,3951.334367636304,3947.75,3951.334367636304,8.25,12.375,cutoff,3.584367636303796,False,external_2013_2015,2014-07-22 13:52:00+00:00
147,390_upper,2014-07-23,2014,upper,2014-07-23 07:41:00-04:00,2014-07-23 08:03:00-04:00,3968.018575304315,3962.768575304315,3968.018575304315,3.5,5.25,TP,5.25,False,external_2013_2015,2014-07-23 11:41:00+00:00
148,391_upper,2014-07-24,2014,upper,2014-07-23 21:45:00-04:00,2014-07-23 21:46:00-04:00,3984.460256202407,3982.210256202407,3984.460256202407,1.5,2.25,TP,2.25,False,external_2013_2015,2014-07-24 01:45:00+00:00
149,391_lower,2014-07-25,2014,lower,2014-07-25 09:33:00-04:00,2014-07-25 09:54:00-04:00,3950.5397437975935,3957.6647437975935,3950.5397437975935,4.75,7.125,TP,7.125,False,external_2013_2015,2014-07-25 13:33:00+00:00
150,393_upper,2014-07-29,2014,upper,2014-07-29 09:48:00-04:00,2014-07-29 11:07:00-04:00,3972.741036870003,3962.991036870003,3972.741036870003,6.5,9.75,TP,9.75,False,external_2013_2015,2014-07-29 13:48:00+00:00
151,396_lower,2014-07-31,2014,lower,2014-07-31 04:00:00-04:00,2014-07-31 09:58:00-04:00,3950.779665488284,3927.904665488284,3950.779665488284,15.25,22.875,SL,-22.875,False,external_2013_2015,2014-07-31 08:00:00+00:00
152,388_lower,2014-08-01,2014,lower,2014-08-01 04:25:00-04:00,2014-08-01 05:42:00-04:00,3873.5813138116814,3855.9563138116814,3873.5813138116814,11.75,17.625,SL,-17.625,False,external_2013_2015,2014-08-01 08:25:00+00:00
153,402_upper,2014-08-11,2014,upper,2014-08-11 09:55:00-04:00,2014-08-11 10:10:00-04:00,3904.354804341837,3912.229804341837,3904.354804341837,5.25,7.875,SL,-7.875,False,external_2013_2015,2014-08-11 13:55:00+00:00
154,404_upper,2014-08-13,2014,upper,2014-08-13 06:47:00-04:00,2014-08-13 08:03:00-04:00,3924.235427547656,3924.235427547656,3924.235427547656,4.25,6.375,BE,-0.0,False,external_2013_2015,2014-08-13 10:47:00+00:00
155,394_upper,2014-08-15,2014,upper,2014-08-15 09:28:00-04:00,2014-08-15 09:29:00-04:00,3984.461197114517,3988.961197114517,3984.461197114517,3.0,4.5,SL,-4.5,False,external_2013_2015,2014-08-15 13:28:00+00:00
156,392_upper,2014-08-18,2014,upper,2014-08-18 03:18:00-04:00,2014-08-18 04:06:00-04:00,4003.1326378402823,4003.1326378402823,4003.1326378402823,4.25,6.375,BE,-0.0,False,external_2013_2015,2014-08-18 07:18:00+00:00
157,409_upper,2014-08-19,2014,upper,2014-08-19 01:07:00-04:00,2014-08-19 03:16:00-04:00,4021.580774578441,4024.580774578441,4021.580774578441,2.0,3.0,SL,-3.0,False,external_2013_2015,2014-08-19 05:07:00+00:00
158,413_upper,2014-08-25,2014,upper,2014-08-24 23:07:00-04:00,2014-08-25 15:00:00-04:00,4066.299338137733,4066.25,4066.299338137733,8.25,12.375,cutoff,0.049338137732775,False,external_2013_2015,2014-08-25 03:07:00+00:00
159,415_lower,2014-08-28,2014,lower,2014-08-28 05:56:00-04:00,2014-08-28 07:03:00-04:00,4056.912717772594,4061.037717772594,4056.912717772594,2.75,4.125,TP,4.125,False,external_2013_2015,2014-08-28 09:56:00+00:00
160,414_upper,2014-08-29,2014,upper,2014-08-29 03:38:00-04:00,2014-08-29 03:45:00-04:00,4080.6071275166296,4082.8571275166296,4080.6071275166296,1.5,2.25,SL,-2.25,False,external_2013_2015,2014-08-29 07:38:00+00:00
161,415_upper,2014-08-29,2014,upper,2014-08-29 03:46:00-04:00,2014-08-29 03:46:00-04:00,4083.337282227406,4085.587282227406,4083.337282227406,1.5,2.25,SL,-2.25,False,external_2013_2015,2014-08-29 07:46:00+00:00
162,419_upper,2014-09-02,2014,upper,2014-09-01 22:10:00-04:00,2014-09-01 23:36:00-04:00,4087.9267041050502,4087.9267041050502,4087.9267041050502,3.75,5.625,BE,-0.0,False,external_2013_2015,2014-09-02 02:10:00+00:00
163,418_upper,2014-09-02,2014,upper,2014-09-02 04:11:00-04:00,2014-09-02 07:17:00-04:00,4092.305373572085,4088.555373572085,4092.305373572085,2.5,3.75,TP,3.75,False,external_2013_2015,2014-09-02 08:11:00+00:00
164,420_upper,2014-09-03,2014,upper,2014-09-03 04:00:00-04:00,2014-09-03 04:03:00-04:00,4105.106749118562,4111.106749118562,4105.106749118562,4.0,6.0,SL,-6.0,False,external_2013_2015,2014-09-03 08:00:00+00:00
165,418_lower,2014-09-05,2014,lower,2014-09-05 06:00:00-04:00,2014-09-05 08:00:00-04:00,4055.819626427915,4064.819626427915,4055.819626427915,6.0,9.0,TP,9.0,False,external_2013_2015,2014-09-05 10:00:00+00:00
166,423_upper,2014-09-08,2014,upper,2014-09-08 09:32:00-04:00,2014-09-08 09:43:00-04:00,4091.855649854068,4097.105649854067,4091.855649854068,3.5,5.25,SL,-5.25,False,external_2013_2015,2014-09-08 13:32:00+00:00
167,413_lower,2014-09-15,2014,lower,2014-09-15 09:49:00-04:00,2014-09-15 11:19:00-04:00,4030.575661862267,4020.450661862267,4030.575661862267,6.75,10.125,SL,-10.125,False,external_2013_2015,2014-09-15 13:49:00+00:00
168,424_upper,2014-09-19,2014,upper,2014-09-18 21:29:00-04:00,2014-09-18 22:53:00-04:00,4110.8058534064,4110.8058534064,4110.8058534064,3.0,4.5,BE,-0.0,False,external_2013_2015,2014-09-19 01:29:00+00:00
169,436_upper,2014-09-30,2014,upper,2014-09-30 05:01:00-04:00,2014-09-30 07:01:00-04:00,4049.55449938499,4055.17949938499,4049.55449938499,3.75,5.625,SL,-5.625,False,external_2013_2015,2014-09-30 09:01:00+00:00
170,437_lower,2014-10-01,2014,lower,2014-10-01 09:50:00-04:00,2014-10-01 10:05:00-04:00,4007.636134670135,3994.136134670135,4007.636134670135,9.0,13.5,SL,-13.5,False,external_2013_2015,2014-10-01 13:50:00+00:00
171,439_upper,2014-10-03,2014,upper,2014-10-03 08:32:00-04:00,2014-10-03 09:33:00-04:00,4005.4577337621695,3994.5827337621695,4005.4577337621695,7.25,10.875,TP,10.875,False,external_2013_2015,2014-10-03 12:32:00+00:00
172,440_upper,2014-10-09,2014,upper,2014-10-09 04:01:00-04:00,2014-10-09 07:40:00-04:00,4047.093159653869,4025.343159653869,4047.093159653869,14.5,21.75,TP,21.75,False,external_2013_2015,2014-10-09 08:01:00+00:00
173,443_lower,2014-10-10,2014,lower,2014-10-10 06:19:00-04:00,2014-10-10 08:48:00-04:00,3924.520950492521,3944.020950492521,3924.520950492521,13.0,19.5,TP,19.5,False,external_2013_2015,2014-10-10 10:19:00+00:00
174,447_lower,2014-10-15,2014,lower,2014-10-15 08:48:00-04:00,2014-10-15 12:50:00-04:00,3765.3514042967104,3717.3514042967104,3765.3514042967104,32.0,48.0,SL,-48.0,False,external_2013_2015,2014-10-15 12:48:00+00:00
175,448_lower,2014-10-16,2014,lower,2014-10-16 06:41:00-04:00,2014-10-16 10:52:00-04:00,3690.386160350578,3755.636160350578,3690.386160350578,43.5,65.25,TP,65.25,False,external_2013_2015,2014-10-16 10:41:00+00:00
176,446_upper,2014-10-21,2014,upper,2014-10-21 09:35:00-04:00,2014-10-21 11:35:00-04:00,3911.601850359069,3934.851850359069,3911.601850359069,15.5,23.25,SL,-23.25,False,external_2013_2015,2014-10-21 13:35:00+00:00
177,455_upper,2014-10-27,2014,upper,2014-10-26 19:26:00-04:00,2014-10-26 20:19:00-04:00,4041.1348714529977,4041.1348714529977,4041.1348714529977,3.75,5.625,BE,-0.0,False,external_2013_2015,2014-10-26 23:26:00+00:00
178,444_upper,2014-10-28,2014,upper,2014-10-28 03:00:00-04:00,2014-10-28 04:00:00-04:00,4052.4734344304775,4052.4734344304775,4052.4734344304775,3.75,5.625,BE,-0.0,False,external_2013_2015,2014-10-28 07:00:00+00:00
179,441_upper,2014-10-28,2014,upper,2014-10-28 04:16:00-04:00,2014-10-28 09:49:00-04:00,4056.828348914386,4068.828348914386,4056.828348914386,8.0,12.0,SL,-12.0,False,external_2013_2015,2014-10-28 08:16:00+00:00
180,438_upper,2014-10-28,2014,upper,2014-10-28 09:50:00-04:00,2014-10-28 14:30:00-04:00,4070.499432462706,4085.499432462706,4070.499432462706,10.0,15.0,SL,-15.0,False,external_2013_2015,2014-10-28 13:50:00+00:00
181,458_upper,2014-10-31,2014,upper,2014-10-31 00:50:00-04:00,2014-10-31 00:51:00-04:00,4109.6948039313575,4113.8198039313575,4109.6948039313575,2.75,4.125,SL,-4.125,False,external_2013_2015,2014-10-31 04:50:00+00:00
182,462_upper,2014-11-05,2014,upper,2014-11-05 08:55:00-05:00,2014-11-05 09:39:00-05:00,4173.314238736263,4159.814238736263,4173.314238736263,9.0,13.5,TP,13.5,False,external_2013_2015,2014-11-05 13:55:00+00:00
183,464_upper,2014-11-07,2014,upper,2014-11-06 23:36:00-05:00,2014-11-07 01:22:00-05:00,4171.298946985567,4175.798946985567,4171.298946985567,3.0,4.5,SL,-4.5,False,external_2013_2015,2014-11-07 04:36:00+00:00
184,463_upper,2014-11-13,2014,upper,2014-11-13 01:16:00-05:00,2014-11-13 01:39:00-05:00,4202.625140044715,4207.500140044715,4202.625140044715,3.25,4.875,SL,-4.875,False,external_2013_2015,2014-11-13 06:16:00+00:00
185,470_upper,2014-11-18,2014,upper,2014-11-18 09:45:00-05:00,2014-11-18 10:11:00-05:00,4232.118518356445,4239.618518356445,4232.118518356445,5.0,7.5,SL,-7.5,False,external_2013_2015,2014-11-18 14:45:00+00:00
186,472_upper,2014-11-21,2014,upper,2014-11-21 01:04:00-05:00,2014-11-21 03:19:00-05:00,4250.275096286063,4254.775096286063,4250.275096286063,3.0,4.5,SL,-4.5,False,external_2013_2015,2014-11-21 06:04:00+00:00
187,473_upper,2014-11-21,2014,upper,2014-11-21 05:32:00-05:00,2014-11-21 05:33:00-05:00,4263.791927578443,4269.041927578443,4263.791927578443,3.5,5.25,SL,-5.25,False,external_2013_2015,2014-11-21 10:32:00+00:00
188,475_upper,2014-11-25,2014,upper,2014-11-25 09:38:00-05:00,2014-11-25 09:52:00-05:00,4301.936703107495,4292.936703107495,4301.936703107495,6.0,9.0,TP,9.0,False,external_2013_2015,2014-11-25 14:38:00+00:00
189,480_lower,2014-12-01,2014,lower,2014-12-01 09:43:00-05:00,2014-12-01 09:50:00-05:00,4313.373180755792,4294.248180755792,4313.373180755792,12.75,19.125,SL,-19.125,False,external_2013_2015,2014-12-01 14:43:00+00:00
190,482_upper,2014-12-04,2014,upper,2014-12-04 09:47:00-05:00,2014-12-04 12:32:00-05:00,4322.766563410555,4322.766563410555,4322.766563410555,26.75,40.125,BE,-0.0,False,external_2013_2015,2014-12-04 14:47:00+00:00
191,485_lower,2014-12-08,2014,lower,2014-12-08 05:15:00-05:00,2014-12-08 09:33:00-05:00,4295.280261605394,4304.280261605394,4295.280261605394,6.0,9.0,TP,9.0,False,external_2013_2015,2014-12-08 10:15:00+00:00
192,476_lower,2014-12-09,2014,lower,2014-12-09 07:42:00-05:00,2014-12-09 08:28:00-05:00,4243.065101880751,4243.065101880751,4243.065101880751,4.5,6.75,BE,0.0,False,external_2013_2015,2014-12-09 12:42:00+00:00
193,487_lower,2014-12-12,2014,lower,2014-12-12 04:04:00-05:00,2014-12-12 04:52:00-05:00,4203.042497840345,4203.042497840345,4203.042497840345,26.5,39.75,BE,0.0,False,external_2013_2015,2014-12-12 09:04:00+00:00
194,489_upper,2014-12-23,2014,upper,2014-12-23 08:33:00-05:00,2014-12-23 09:39:00-05:00,4305.62136075127,4298.12136075127,4305.62136075127,5.0,7.5,TP,7.5,False,external_2013_2015,2014-12-23 13:33:00+00:00
195,505_upper,2015-01-08,2015,upper,2015-01-07 20:37:00-05:00,2015-01-07 20:45:00-05:00,4177.765953376027,4183.015953376027,4177.765953376027,3.5,5.25,SL,-5.25,False,external_2013_2015,2015-01-08 01:37:00+00:00
196,504_upper,2015-01-08,2015,upper,2015-01-08 09:40:00-05:00,2015-01-08 10:09:00-05:00,4198.341761649456,4211.841761649456,4198.341761649456,9.0,13.5,SL,-13.5,False,external_2013_2015,2015-01-08 14:40:00+00:00
197,510_upper,2015-01-15,2015,upper,2015-01-15 01:04:00-05:00,2015-01-15 04:45:00-05:00,4179.706409152139,4151.956409152139,4179.706409152139,18.5,27.75,TP,27.75,False,external_2013_2015,2015-01-15 06:04:00+00:00
198,493_lower,2015-01-16,2015,lower,2015-01-15 21:32:00-05:00,2015-01-15 22:46:00-05:00,4049.758883650045,4049.758883650045,4049.758883650045,10.5,15.75,BE,0.0,False,external_2013_2015,2015-01-16 02:32:00+00:00
199,511_upper,2015-01-22,2015,upper,2015-01-22 08:40:00-05:00,2015-01-22 09:31:00-05:00,4211.913888389903,4211.913888389903,4211.913888389903,21.25,31.875,BE,-0.0,False,external_2013_2015,2015-01-22 13:40:00+00:00
200,518_lower,2015-01-27,2015,lower,2015-01-27 07:43:00-05:00,2015-01-27 08:11:00-05:00,4232.46129644901,4214.46129644901,4232.46129644901,12.0,18.0,SL,-18.0,False,external_2013_2015,2015-01-27 12:43:00+00:00
201,519_upper,2015-01-28,2015,upper,2015-01-27 23:07:00-05:00,2015-01-28 00:27:00-05:00,4233.439840497722,4233.439840497722,4233.439840497722,22.0,33.0,BE,-0.0,False,external_2013_2015,2015-01-28 04:07:00+00:00
202,515_lower,2015-01-29,2015,lower,2015-01-29 09:46:00-05:00,2015-01-29 10:41:00-05:00,4104.428132606125,4104.428132606125,4104.428132606125,16.5,24.75,BE,0.0,False,external_2013_2015,2015-01-29 14:46:00+00:00
203,523_upper,2015-02-03,2015,upper,2015-02-03 09:46:00-05:00,2015-02-03 10:03:00-05:00,4210.6617189074295,4191.9117189074295,4210.6617189074295,12.5,18.75,TP,18.75,False,external_2013_2015,2015-02-03 14:46:00+00:00
204,520_upper,2015-02-06,2015,upper,2015-02-06 03:07:00-05:00,2015-02-06 08:30:00-05:00,4254.963699553444,4254.963699553444,4254.963699553444,8.0,12.0,BE,-0.0,False,external_2013_2015,2015-02-06 08:07:00+00:00
205,528_upper,2015-02-10,2015,upper,2015-02-10 07:10:00-05:00,2015-02-10 08:22:00-05:00,4241.377474136553,4241.377474136553,4241.377474136553,7.5,11.25,BE,-0.0,False,external_2013_2015,2015-02-10 12:10:00+00:00
206,527_upper,2015-02-11,2015,upper,2015-02-11 09:33:00-05:00,2015-02-11 10:43:00-05:00,4285.35965370222,4297.73465370222,4285.35965370222,8.25,12.375,SL,-12.375,False,external_2013_2015,2015-02-11 14:33:00+00:00
207,531_upper,2015-02-13,2015,upper,2015-02-13 00:05:00-05:00,2015-02-13 03:24:00-05:00,4347.707744837045,4352.957744837045,4347.707744837045,3.5,5.25,SL,-5.25,False,external_2013_2015,2015-02-13 05:05:00+00:00
208,533_upper,2015-02-19,2015,upper,2015-02-19 07:01:00-05:00,2015-02-19 07:25:00-05:00,4393.756577809625,4383.256577809625,4393.756577809625,7.0,10.5,TP,10.5,False,external_2013_2015,2015-02-19 12:01:00+00:00
209,535_upper,2015-02-19,2015,upper,2015-02-19 09:57:00-05:00,2015-02-19 10:38:00-05:00,4400.89742801335,4409.14742801335,4400.89742801335,5.5,8.25,SL,-8.25,False,external_2013_2015,2015-02-19 14:57:00+00:00
210,536_upper,2015-02-20,2015,upper,2015-02-20 05:51:00-05:00,2015-02-20 06:41:00-05:00,4421.220605540682,4421.220605540682,4421.220605540682,2.25,3.375,BE,-0.0,False,external_2013_2015,2015-02-20 10:51:00+00:00
211,541_upper,2015-03-02,2015,upper,2015-03-02 09:54:00-05:00,2015-03-02 10:00:00-05:00,4465.280872365376,4470.155872365376,4465.280872365376,3.25,4.875,SL,-4.875,False,external_2013_2015,2015-03-02 14:54:00+00:00
212,543_lower,2015-03-04,2015,lower,2015-03-04 09:43:00-05:00,2015-03-04 10:12:00-05:00,4426.881109343798,4421.256109343798,4426.881109343798,3.75,5.625,SL,-5.625,False,external_2013_2015,2015-03-04 14:43:00+00:00
213,537_lower,2015-03-10,2015,lower,2015-03-10 06:19:00-04:00,2015-03-10 07:18:00-04:00,4382.6919248406375,4382.6919248406375,4382.6919248406375,6.5,9.75,BE,0.0,False,external_2013_2015,2015-03-10 10:19:00+00:00
214,548_lower,2015-03-10,2015,lower,2015-03-10 08:01:00-04:00,2015-03-10 09:31:00-04:00,4376.794054183564,4376.794054183564,4376.794054183564,10.75,16.125,BE,0.0,False,external_2013_2015,2015-03-10 12:01:00+00:00
215,536_lower,2015-03-10,2015,lower,2015-03-10 09:46:00-04:00,2015-03-10 10:36:00-04:00,4365.154394459318,4345.654394459318,4365.154394459318,13.0,19.5,SL,-19.5,False,external_2013_2015,2015-03-10 13:46:00+00:00
216,548_upper,2015-03-20,2015,upper,2015-03-20 04:03:00-04:00,2015-03-20 04:46:00-04:00,4435.330945816436,4431.955945816436,4435.330945816436,2.25,3.375,TP,3.375,False,external_2013_2015,2015-03-20 08:03:00+00:00
217,556_upper,2015-03-20,2015,upper,2015-03-20 07:52:00-04:00,2015-03-20 08:33:00-04:00,4445.45044122684,4453.32544122684,4445.45044122684,5.25,7.875,SL,-7.875,False,external_2013_2015,2015-03-20 11:52:00+00:00
218,559_lower,2015-03-25,2015,lower,2015-03-25 09:40:00-04:00,2015-03-25 09:46:00-04:00,4415.632642670079,4405.507642670079,4415.632642670079,6.75,10.125,SL,-10.125,False,external_2013_2015,2015-03-25 13:40:00+00:00
219,553_lower,2015-03-26,2015,lower,2015-03-26 04:07:00-04:00,2015-03-26 04:53:00-04:00,4291.9941622604965,4291.9941622604965,4291.9941622604965,10.75,16.125,BE,0.0,False,external_2013_2015,2015-03-26 08:07:00+00:00
220,551_lower,2015-03-26,2015,lower,2015-03-26 05:21:00-04:00,2015-03-26 08:36:00-04:00,4270.795625167137,4270.795625167137,4270.795625167137,17.5,26.25,BE,0.0,False,external_2013_2015,2015-03-26 09:21:00+00:00
221,562_upper,2015-03-30,2015,upper,2015-03-29 22:42:00-04:00,2015-03-30 00:16:00-04:00,4344.789797577574,4344.789797577574,4344.789797577574,6.75,10.125,BE,-0.0,False,external_2013_2015,2015-03-30 02:42:00+00:00
222,562_lower,2015-04-01,2015,lower,2015-03-31 20:56:00-04:00,2015-03-31 20:56:00-04:00,4273.835202422426,4267.460202422426,4273.835202422426,4.25,6.375,SL,-6.375,False,external_2013_2015,2015-04-01 00:56:00+00:00
223,566_lower,2015-04-03,2015,lower,2015-04-03 09:00:00-04:00,2015-04-03 09:14:00-04:00,4272.945687084783,4263.0,4272.945687084783,38.5,57.75,cutoff,-9.945687084782548,False,external_2013_2015,2015-04-03 13:00:00+00:00
224,564_upper,2015-04-09,2015,upper,2015-04-09 09:33:00-04:00,2015-04-09 09:50:00-04:00,4384.956059752225,4373.331059752225,4384.956059752225,7.75,11.625,TP,11.625,False,external_2013_2015,2015-04-09 13:33:00+00:00
225,570_upper,2015-04-10,2015,upper,2015-04-10 06:46:00-04:00,2015-04-10 09:23:00-04:00,4402.443436824931,4394.193436824931,4402.443436824931,5.5,8.25,TP,8.25,False,external_2013_2015,2015-04-10 10:46:00+00:00
226,572_lower,2015-04-14,2015,lower,2015-04-14 05:22:00-04:00,2015-04-14 10:02:00-04:00,4397.344958059329,4377.094958059329,4397.344958059329,13.5,20.25,SL,-20.25,False,external_2013_2015,2015-04-14 09:22:00+00:00
227,575_lower,2015-04-17,2015,lower,2015-04-17 06:05:00-04:00,2015-04-17 06:15:00-04:00,4385.489147079905,4369.364147079905,4385.489147079905,10.75,16.125,SL,-16.125,False,external_2013_2015,2015-04-17 10:05:00+00:00
228,573_lower,2015-04-17,2015,lower,2015-04-17 09:45:00-04:00,2015-04-17 13:57:00-04:00,4351.235390755034,4332.485390755034,4351.235390755034,12.5,18.75,SL,-18.75,False,external_2013_2015,2015-04-17 13:45:00+00:00
229,575_upper,2015-04-21,2015,upper,2015-04-21 03:17:00-04:00,2015-04-21 05:37:00-04:00,4431.760852920095,4417.885852920095,4431.760852920095,9.25,13.875,TP,13.875,False,external_2013_2015,2015-04-21 07:17:00+00:00
230,578_lower,2015-04-22,2015,lower,2015-04-22 04:07:00-04:00,2015-04-22 04:56:00-04:00,4408.554162200386,4408.554162200386,4408.554162200386,13.0,19.5,BE,0.0,False,external_2013_2015,2015-04-22 08:07:00+00:00
231,581_upper,2015-04-27,2015,upper,2015-04-27 03:05:00-04:00,2015-04-27 03:19:00-04:00,4538.286071283503,4531.536071283503,4538.286071283503,4.5,6.75,TP,6.75,False,external_2013_2015,2015-04-27 07:05:00+00:00
232,585_upper,2015-05-04,2015,upper,2015-05-04 09:43:00-04:00,2015-05-04 10:46:00-04:00,4496.635769373179,4489.510769373179,4496.635769373179,4.75,7.125,TP,7.125,False,external_2013_2015,2015-05-04 13:43:00+00:00
233,587_lower,2015-05-05,2015,lower,2015-05-05 08:38:00-04:00,2015-05-05 09:36:00-04:00,4456.657151985237,4465.282151985237,4456.657151985237,5.75,8.625,TP,8.625,False,external_2013_2015,2015-05-05 12:38:00+00:00
234,589_lower,2015-05-07,2015,lower,2015-05-07 05:15:00-04:00,2015-05-07 06:41:00-04:00,4341.200310011832,4341.200310011832,4341.200310011832,23.0,34.5,BE,0.0,False,external_2013_2015,2015-05-07 09:15:00+00:00
235,590_upper,2015-05-08,2015,upper,2015-05-08 02:16:00-04:00,2015-05-08 03:00:00-04:00,4414.613406709382,4420.613406709382,4414.613406709382,4.0,6.0,SL,-6.0,False,external_2013_2015,2015-05-08 06:16:00+00:00
236,592_lower,2015-05-12,2015,lower,2015-05-11 22:11:00-04:00,2015-05-12 01:12:00-04:00,4426.397098709795,4432.022098709795,4426.397098709795,3.75,5.625,TP,5.625,False,external_2013_2015,2015-05-12 02:11:00+00:00
237,591_lower,2015-05-12,2015,lower,2015-05-12 03:18:00-04:00,2015-05-12 05:06:00-04:00,4415.733396426478,4392.483396426478,4415.733396426478,15.5,23.25,SL,-23.25,False,external_2013_2015,2015-05-12 07:18:00+00:00
238,593_upper,2015-05-13,2015,upper,2015-05-13 03:45:00-04:00,2015-05-13 04:03:00-04:00,4438.010301900942,4446.260301900942,4438.010301900942,5.5,8.25,SL,-8.25,False,external_2013_2015,2015-05-13 07:45:00+00:00
239,584_upper,2015-05-19,2015,upper,2015-05-19 03:06:00-04:00,2015-05-19 04:08:00-04:00,4523.401609864752,4523.401609864752,4523.401609864752,4.25,6.375,BE,-0.0,False,external_2013_2015,2015-05-19 07:06:00+00:00
240,598_lower,2015-05-20,2015,lower,2015-05-20 09:35:00-04:00,2015-05-20 10:36:00-04:00,4490.457774734654,4502.082774734654,4490.457774734654,7.75,11.625,TP,11.625,False,external_2013_2015,2015-05-20 13:35:00+00:00
241,602_lower,2015-05-26,2015,lower,2015-05-26 03:41:00-04:00,2015-05-26 06:37:00-04:00,4510.569400669154,4518.444400669154,4510.569400669154,5.25,7.875,TP,7.875,False,external_2013_2015,2015-05-26 07:41:00+00:00
242,608_upper,2015-06-03,2015,upper,2015-06-03 07:49:00-04:00,2015-06-03 09:34:00-04:00,4533.080003128375,4518.830003128375,4533.080003128375,9.5,14.25,TP,14.25,False,external_2013_2015,2015-06-03 11:49:00+00:00
243,609_lower,2015-06-04,2015,lower,2015-06-04 03:40:00-04:00,2015-06-04 04:43:00-04:00,4496.928304711307,4486.428304711307,4496.928304711307,7.0,10.5,SL,-10.5,False,external_2013_2015,2015-06-04 07:40:00+00:00
244,608_lower,2015-06-05,2015,lower,2015-06-05 08:30:00-04:00,2015-06-05 08:35:00-04:00,4470.919996871625,4485.544996871625,4470.919996871625,9.75,14.625,TP,14.625,False,external_2013_2015,2015-06-05 12:30:00+00:00
245,604_lower,2015-06-05,2015,lower,2015-06-05 09:41:00-04:00,2015-06-05 10:35:00-04:00,4451.486158495371,4488.986158495371,4451.486158495371,25.0,37.5,TP,37.5,False,external_2013_2015,2015-06-05 13:41:00+00:00
246,594_lower,2015-06-09,2015,lower,2015-06-09 05:54:00-04:00,2015-06-09 09:32:00-04:00,4405.136683466166,4425.011683466166,4405.136683466166,13.25,19.875,TP,19.875,False,external_2013_2015,2015-06-09 09:54:00+00:00
247,612_upper,2015-06-11,2015,upper,2015-06-11 09:27:00-04:00,2015-06-11 09:50:00-04:00,4500.404964540428,4508.654964540428,4500.404964540428,5.5,8.25,SL,-8.25,False,external_2013_2015,2015-06-11 13:27:00+00:00
248,615_lower,2015-06-12,2015,lower,2015-06-11 21:29:00-04:00,2015-06-12 04:05:00-04:00,4475.75,4469.75,4476.9283200262325,4.0,6.0,SL,-6.0,True,external_2013_2015,2015-06-12 01:29:00+00:00
249,614_lower,2015-06-15,2015,lower,2015-06-15 09:30:00-04:00,2015-06-15 09:35:00-04:00,4406.803936255797,4394.803936255797,4406.803936255797,8.0,12.0,SL,-12.0,False,external_2013_2015,2015-06-15 13:30:00+00:00
250,617_upper,2015-06-16,2015,upper,2015-06-16 09:39:00-04:00,2015-06-16 10:12:00-04:00,4437.839824422863,4423.214824422863,4437.839824422863,9.75,14.625,TP,14.625,False,external_2013_2015,2015-06-16 13:39:00+00:00
251,619_upper,2015-06-18,2015,upper,2015-06-18 09:29:00-04:00,2015-06-18 09:45:00-04:00,4478.44831123276,4493.82331123276,4478.44831123276,10.25,15.375,SL,-15.375,False,external_2013_2015,2015-06-18 13:29:00+00:00
252,610_upper,2015-06-19,2015,upper,2015-06-19 04:40:00-04:00,2015-06-19 05:26:00-04:00,4538.483066990497,4538.483066990497,4538.483066990497,10.0,15.0,BE,-0.0,False,external_2013_2015,2015-06-19 08:40:00+00:00
253,628_upper,2015-07-01,2015,upper,2015-07-01 05:10:00-04:00,2015-07-01 12:43:00-04:00,4433.214047796828,4407.714047796828,4433.214047796828,17.0,25.5,TP,25.5,False,external_2013_2015,2015-07-01 09:10:00+00:00
254,632_upper,2015-07-07,2015,upper,2015-07-07 01:26:00-04:00,2015-07-07 01:30:00-04:00,4438.679833043172,4443.179833043172,4438.679833043172,3.0,4.5,SL,-4.5,False,external_2013_2015,2015-07-07 05:26:00+00:00
255,631_upper,2015-07-07,2015,upper,2015-07-07 03:15:00-04:00,2015-07-07 06:36:00-04:00,4446.509945700989,4433.009945700989,4446.509945700989,9.0,13.5,TP,13.5,False,external_2013_2015,2015-07-07 07:15:00+00:00
256,634_upper,2015-07-13,2015,upper,2015-07-13 02:48:00-04:00,2015-07-13 05:07:00-04:00,4427.347163405295,4439.722163405295,4427.347163405295,8.25,12.375,SL,-12.375,False,external_2013_2015,2015-07-13 06:48:00+00:00
257,630_upper,2015-07-13,2015,upper,2015-07-13 09:37:00-04:00,2015-07-13 09:48:00-04:00,4459.024717874418,4471.024717874418,4459.024717874418,8.0,12.0,SL,-12.0,False,external_2013_2015,2015-07-13 13:37:00+00:00
258,637_upper,2015-07-14,2015,upper,2015-07-14 02:01:00-04:00,2015-07-14 02:09:00-04:00,4493.510665886055,4491.260665886055,4493.510665886055,1.5,2.25,TP,2.25,False,external_2013_2015,2015-07-14 06:01:00+00:00
259,639_upper,2015-07-16,2015,upper,2015-07-15 22:50:00-04:00,2015-07-16 02:01:00-04:00,4550.678355221941,4550.678355221941,4550.678355221941,4.25,6.375,BE,-0.0,False,external_2013_2015,2015-07-16 02:50:00+00:00
260,625_upper,2015-07-16,2015,upper,2015-07-16 04:34:00-04:00,2015-07-16 09:50:00-04:00,4554.800355128937,4564.175355128937,4554.800355128937,6.25,9.375,SL,-9.375,False,external_2013_2015,2015-07-16 08:34:00+00:00
261,641_lower,2015-07-22,2015,lower,2015-07-22 08:02:00-04:00,2015-07-22 09:22:00-04:00,4603.832019845142,4589.582019845142,4603.832019845142,9.5,14.25,SL,-14.25,False,external_2013_2015,2015-07-22 12:02:00+00:00
262,640_lower,2015-07-27,2015,lower,2015-07-27 06:48:00-04:00,2015-07-27 09:33:00-04:00,4538.686550961208,4517.686550961208,4538.686550961208,14.0,21.0,SL,-21.0,False,external_2013_2015,2015-07-27 10:48:00+00:00
263,648_upper,2015-07-29,2015,upper,2015-07-29 03:29:00-04:00,2015-07-29 05:16:00-04:00,4567.591141929934,4567.591141929934,4567.591141929934,14.5,21.75,BE,-0.0,False,external_2013_2015,2015-07-29 07:29:00+00:00
264,651_lower,2015-08-03,2015,lower,2015-08-03 03:30:00-04:00,2015-08-03 03:52:00-04:00,4570.194582093629,4579.194582093629,4570.194582093629,6.0,9.0,TP,9.0,False,external_2013_2015,2015-08-03 07:30:00+00:00
265,653_upper,2015-08-05,2015,upper,2015-08-05 08:25:00-04:00,2015-08-05 09:36:00-04:00,4596.930423254588,4596.930423254588,4596.930423254588,16.25,24.375,BE,-0.0,False,external_2013_2015,2015-08-05 12:25:00+00:00
266,652_upper,2015-08-05,2015,upper,2015-08-05 09:54:00-04:00,2015-08-05 15:00:00-04:00,4616.721106113661,4603.0,4616.721106113661,20.75,31.125,cutoff,13.721106113661335,False,external_2013_2015,2015-08-05 13:54:00+00:00
267,656_upper,2015-08-10,2015,upper,2015-08-10 09:30:00-04:00,2015-08-10 09:50:00-04:00,4551.523381528517,4571.773381528517,4551.523381528517,13.5,20.25,SL,-20.25,False,external_2013_2015,2015-08-10 13:30:00+00:00
268,656_lower,2015-08-12,2015,lower,2015-08-12 03:36:00-04:00,2015-08-12 09:50:00-04:00,4472.726618471483,4452.101618471483,4472.726618471483,13.75,20.625,SL,-20.625,False,external_2013_2015,2015-08-12 07:36:00+00:00
269,661_upper,2015-08-17,2015,upper,2015-08-17 03:01:00-04:00,2015-08-17 03:39:00-04:00,4542.8405194366005,4532.7155194366005,4542.8405194366005,6.75,10.125,TP,10.125,False,external_2013_2015,2015-08-17 07:01:00+00:00
270,660_upper,2015-08-18,2015,upper,2015-08-17 20:56:00-04:00,2015-08-17 23:00:00-04:00,4569.876276140889,4565.001276140889,4569.876276140889,3.25,4.875,TP,4.875,False,external_2013_2015,2015-08-18 00:56:00+00:00
271,663_lower,2015-08-19,2015,lower,2015-08-19 02:00:00-04:00,2015-08-19 02:52:00-04:00,4528.349435264207,4528.349435264207,4528.349435264207,7.5,11.25,BE,0.0,False,external_2013_2015,2015-08-19 06:00:00+00:00
272,661_lower,2015-08-20,2015,lower,2015-08-20 04:48:00-04:00,2015-08-20 10:02:00-04:00,4479.6594805634,4454.1594805634,4479.6594805634,17.0,25.5,SL,-25.5,False,external_2013_2015,2015-08-20 08:48:00+00:00
273,668_upper,2015-08-27,2015,upper,2015-08-27 03:26:00-04:00,2015-08-27 04:15:00-04:00,4258.073772470903,4258.073772470903,4258.073772470903,35.5,53.25,BE,-0.0,False,external_2013_2015,2015-08-27 07:26:00+00:00
274,671_lower,2015-09-01,2015,lower,2015-08-31 19:51:00-04:00,2015-08-31 20:14:00-04:00,4248.176383769504,4226.426383769504,4248.176383769504,14.5,21.75,SL,-21.75,False,external_2013_2015,2015-08-31 23:51:00+00:00
275,670_lower,2015-09-01,2015,lower,2015-08-31 20:31:00-04:00,2015-08-31 21:28:00-04:00,4212.541465478224,4212.541465478224,4212.541465478224,20.75,31.125,BE,0.0,False,external_2013_2015,2015-09-01 00:31:00+00:00
276,675_lower,2015-09-04,2015,lower,2015-09-03 20:18:00-04:00,2015-09-03 20:18:00-04:00,4215.124586640414,4209.874586640414,4215.124586640414,3.5,5.25,SL,-5.25,False,external_2013_2015,2015-09-04 00:18:00+00:00
277,676_upper,2015-09-07,2015,upper,2015-09-06 21:34:00-04:00,2015-09-06 23:15:00-04:00,4234.920063186771,4234.920063186771,4234.920063186771,15.75,23.625,BE,-0.0,False,external_2013_2015,2015-09-07 01:34:00+00:00
278,677_upper,2015-09-08,2015,upper,2015-09-08 03:15:00-04:00,2015-09-08 15:00:00-04:00,4251.614901098796,4284.75,4251.614901098796,28.75,43.125,cutoff,-33.1350989012044,False,external_2013_2015,2015-09-08 07:15:00+00:00
279,678_upper,2015-09-09,2015,upper,2015-09-08 21:50:00-04:00,2015-09-09 02:00:00-04:00,4325.652898091956,4348.152898091956,4325.652898091956,15.0,22.5,SL,-22.5,False,external_2013_2015,2015-09-09 01:50:00+00:00
280,671_upper,2015-09-09,2015,upper,2015-09-09 03:21:00-04:00,2015-09-09 06:45:00-04:00,4361.448616230496,4343.823616230496,4361.448616230496,11.75,17.625,TP,17.625,False,external_2013_2015,2015-09-09 07:21:00+00:00
281,685_lower,2015-09-18,2015,lower,2015-09-18 06:28:00-04:00,2015-09-18 09:16:00-04:00,4336.02330541891,4307.14830541891,4336.02330541891,19.25,28.875,SL,-28.875,False,external_2013_2015,2015-09-18 10:28:00+00:00
282,684_lower,2015-09-18,2015,lower,2015-09-18 09:17:00-04:00,2015-09-18 09:36:00-04:00,4305.727653543795,4327.477653543795,4305.727653543795,14.5,21.75,TP,21.75,False,external_2013_2015,2015-09-18 13:17:00+00:00
283,682_lower,2015-09-22,2015,lower,2015-09-22 05:56:00-04:00,2015-09-22 15:00:00-04:00,4263.366174391269,4245.75,4263.366174391269,30.5,45.75,cutoff,-17.61617439126894,False,external_2013_2015,2015-09-22 09:56:00+00:00
284,689_lower,2015-09-24,2015,lower,2015-09-24 07:10:00-04:00,2015-09-24 15:00:00-04:00,4220.655448611437,4256.5,4220.655448611437,30.75,46.125,cutoff,35.84455138856265,False,external_2013_2015,2015-09-24 11:10:00+00:00
285,690_upper,2015-09-25,2015,upper,2015-09-25 02:22:00-04:00,2015-09-25 04:15:00-04:00,4270.290156868676,4284.540156868676,4270.290156868676,9.5,14.25,SL,-14.25,False,external_2013_2015,2015-09-25 06:22:00+00:00
286,688_upper,2015-09-25,2015,upper,2015-09-25 04:54:00-04:00,2015-09-25 10:23:00-04:00,4301.096887902927,4269.971887902927,4301.096887902927,20.75,31.125,TP,31.125,False,external_2013_2015,2015-09-25 08:54:00+00:00
287,677_lower,2015-09-28,2015,lower,2015-09-28 06:37:00-04:00,2015-09-28 07:48:00-04:00,4176.260098901204,4176.260098901204,4176.260098901204,17.0,25.5,BE,0.0,False,external_2013_2015,2015-09-28 10:37:00+00:00
288,690_lower,2015-09-28,2015,lower,2015-09-28 09:49:00-04:00,2015-09-28 10:10:00-04:00,4168.709843131324,4142.834843131324,4168.709843131324,17.25,25.875,SL,-25.875,False,external_2013_2015,2015-09-28 13:49:00+00:00
289,693_upper,2015-10-01,2015,upper,2015-09-30 22:24:00-04:00,2015-10-01 03:27:00-04:00,4190.327720385524,4222.202720385524,4190.327720385524,21.25,31.875,SL,-31.875,False,external_2013_2015,2015-10-01 02:24:00+00:00
290,698_upper,2015-10-09,2015,upper,2015-10-09 00:41:00-04:00,2015-10-09 03:12:00-04:00,4354.580357367391,4338.455357367391,4354.580357367391,10.75,16.125,TP,16.125,False,external_2013_2015,2015-10-09 04:41:00+00:00
291,702_lower,2015-10-14,2015,lower,2015-10-13 20:46:00-04:00,2015-10-13 22:55:00-04:00,4330.862292663714,4336.112292663714,4330.862292663714,3.5,5.25,TP,5.25,False,external_2013_2015,2015-10-14 00:46:00+00:00
292,706_upper,2015-10-19,2015,upper,2015-10-19 03:33:00-04:00,2015-10-19 05:23:00-04:00,4442.42783451614,4430.80283451614,4442.42783451614,7.75,11.625,TP,11.625,False,external_2013_2015,2015-10-19 07:33:00+00:00
293,707_upper,2015-10-22,2015,upper,2015-10-22 09:50:00-04:00,2015-10-22 12:28:00-04:00,4459.931636558389,4488.806636558389,4459.931636558389,19.25,28.875,SL,-28.875,False,external_2013_2015,2015-10-22 13:50:00+00:00
294,715_upper,2015-10-30,2015,upper,2015-10-29 21:56:00-04:00,2015-10-30 06:42:00-04:00,4677.12816190224,4662.50316190224,4677.12816190224,9.75,14.625,TP,14.625,False,external_2013_2015,2015-10-30 01:56:00+00:00
295,717_lower,2015-11-10,2015,lower,2015-11-10 09:44:00-05:00,2015-11-10 09:51:00-05:00,4618.550513361709,4628.675513361709,4618.550513361709,6.75,10.125,TP,10.125,False,external_2013_2015,2015-11-10 14:44:00+00:00
296,723_upper,2015-11-11,2015,upper,2015-11-11 07:42:00-05:00,2015-11-11 09:31:00-05:00,4659.588332966767,4646.838332966767,4659.588332966767,8.5,12.75,TP,12.75,False,external_2013_2015,2015-11-11 12:42:00+00:00
297,724_lower,2015-11-12,2015,lower,2015-11-12 09:09:00-05:00,2015-11-12 10:10:00-05:00,4611.9042095516725,4626.1542095516725,4611.9042095516725,9.5,14.25,TP,14.25,False,external_2013_2015,2015-11-12 14:09:00+00:00
298,711_lower,2015-11-13,2015,lower,2015-11-13 06:10:00-05:00,2015-11-13 08:40:00-05:00,4574.35513253898,4564.23013253898,4574.35513253898,6.75,10.125,SL,-10.125,False,external_2013_2015,2015-11-13 11:10:00+00:00
299,724_upper,2015-11-20,2015,upper,2015-11-20 09:45:00-05:00,2015-11-20 10:14:00-05:00,4680.220790448328,4688.845790448328,4680.220790448328,5.75,8.625,SL,-8.625,False,external_2013_2015,2015-11-20 14:45:00+00:00
300,731_lower,2015-11-24,2015,lower,2015-11-24 03:51:00-05:00,2015-11-24 03:58:00-05:00,4649.458298523974,4637.833298523974,4649.458298523974,7.75,11.625,SL,-11.625,False,external_2013_2015,2015-11-24 08:51:00+00:00
301,735_lower,2015-11-27,2015,lower,2015-11-27 01:41:00-05:00,2015-11-27 02:16:00-05:00,4676.596054019692,4681.096054019692,4676.596054019692,3.0,4.5,TP,4.5,False,external_2013_2015,2015-11-27 06:41:00+00:00
302,734_upper,2015-12-01,2015,upper,2015-12-01 09:50:00-05:00,2015-12-01 10:16:00-05:00,4703.680714155031,4697.305714155031,4703.680714155031,4.25,6.375,TP,6.375,False,external_2013_2015,2015-12-01 14:50:00+00:00
303,722_upper,2015-12-02,2015,upper,2015-12-02 01:25:00-05:00,2015-12-02 01:44:00-05:00,4720.043710836954,4723.418710836954,4720.043710836954,2.25,3.375,SL,-3.375,False,external_2013_2015,2015-12-02 06:25:00+00:00
304,738_upper,2015-12-02,2015,upper,2015-12-02 09:41:00-05:00,2015-12-02 13:53:00-05:00,4730.027305174621,4717.277305174621,4730.027305174621,8.5,12.75,TP,12.75,False,external_2013_2015,2015-12-02 14:41:00+00:00
305,745_lower,2015-12-11,2015,lower,2015-12-11 07:40:00-05:00,2015-12-11 09:17:00-05:00,4589.451747277238,4589.451747277238,4589.451747277238,13.5,20.25,BE,0.0,False,external_2013_2015,2015-12-11 12:40:00+00:00
306,741_lower,2015-12-11,2015,lower,2015-12-11 09:52:00-05:00,2015-12-11 10:58:00-05:00,4568.003285595188,4568.003285595188,4568.003285595188,20.0,30.0,BE,0.0,False,external_2013_2015,2015-12-11 14:52:00+00:00
307,747_upper,2015-12-15,2015,upper,2015-12-15 04:31:00-05:00,2015-12-15 15:00:00-05:00,4594.917206131226,4615.25,4594.917206131226,29.5,44.25,cutoff,-20.332793868774388,False,external_2013_2015,2015-12-15 09:31:00+00:00
308,749_upper,2015-12-17,2015,upper,2015-12-17 04:45:00-05:00,2015-12-17 10:19:00-05:00,4673.17227932254,4646.54727932254,4673.17227932254,17.75,26.625,TP,26.625,False,external_2013_2015,2015-12-17 09:45:00+00:00
309,748_lower,2015-12-18,2015,lower,2015-12-17 19:42:00-05:00,2015-12-17 21:16:00-05:00,4555.607277090264,4566.107277090264,4555.607277090264,7.0,10.5,TP,10.5,False,external_2013_2015,2015-12-18 00:42:00+00:00
310,753_upper,2015-12-23,2015,upper,2015-12-23 07:08:00-05:00,2015-12-23 15:00:00-05:00,4609.432952275932,4617.25,4609.432952275932,10.5,15.75,cutoff,-7.817047724068288,False,external_2013_2015,2015-12-23 12:08:00+00:00
311,755_lower,2015-12-28,2015,lower,2015-12-28 07:19:00-05:00,2015-12-28 08:30:00-05:00,4592.620476408283,4601.245476408283,4592.620476408283,5.75,8.625,TP,8.625,False,external_2013_2015,2015-12-28 12:19:00+00:00
312,756_upper,2015-12-29,2015,upper,2015-12-29 03:21:00-05:00,2015-12-29 04:10:00-05:00,4633.667143790512,4639.667143790512,4633.667143790512,4.0,6.0,SL,-6.0,False,external_2013_2015,2015-12-29 08:21:00+00:00
313,755_upper,2015-12-29,2015,upper,2015-12-29 08:32:00-05:00,2015-12-29 09:18:00-05:00,4644.504523591717,4644.504523591717,4644.504523591717,8.25,12.375,BE,-0.0,False,external_2013_2015,2015-12-29 13:32:00+00:00
314,758_lower,2015-12-31,2015,lower,2015-12-31 07:29:00-05:00,2015-12-31 08:40:00-05:00,4638.98762614286,4629.98762614286,4638.98762614286,6.0,9.0,SL,-9.0,False,external_2013_2015,2015-12-31 12:29:00+00:00
315,0_upper,2018-01-03,2018,upper,2018-01-03 04:06:00-05:00,2018-01-03 04:53:00-05:00,6529.134910517963,6529.134910517963,6529.134910517963,5.75,8.625,BE,-0.0,False,build_years,2018-01-03 09:06:00+00:00
316,1_upper,2018-01-04,2018,upper,2018-01-03 19:09:00-05:00,2018-01-03 20:12:00-05:00,6591.363648739487,6582.363648739487,6591.363648739487,6.0,9.0,TP,9.0,False,build_years,2018-01-04 00:09:00+00:00
317,4_upper,2018-01-09,2018,upper,2018-01-09 08:26:00-05:00,2018-01-09 09:35:00-05:00,6700.852925468027,6692.227925468027,6700.852925468027,5.75,8.625,TP,8.625,False,build_years,2018-01-09 13:26:00+00:00
318,5_lower,2018-01-10,2018,lower,2018-01-10 05:59:00-05:00,2018-01-10 06:24:00-05:00,6644.365418961772,6654.865418961772,6644.365418961772,7.0,10.5,TP,10.5,False,build_years,2018-01-10 10:59:00+00:00
319,5_upper,2018-01-12,2018,upper,2018-01-12 03:25:00-05:00,2018-01-12 04:13:00-05:00,6741.759581038228,6741.759581038228,6741.759581038228,6.25,9.375,BE,-0.0,False,build_years,2018-01-12 08:25:00+00:00
320,9_upper,2018-01-16,2018,upper,2018-01-16 05:23:00-05:00,2018-01-16 09:35:00-05:00,6809.770647884909,6826.270647884909,6809.770647884909,11.0,16.5,SL,-16.5,False,build_years,2018-01-16 10:23:00+00:00
321,19_lower,2018-01-30,2018,lower,2018-01-29 22:52:00-05:00,2018-01-29 22:56:00-05:00,6956.366742923148,6964.616742923148,6956.366742923148,5.5,8.25,TP,8.25,False,build_years,2018-01-30 03:52:00+00:00
322,17_lower,2018-02-02,2018,lower,2018-02-02 04:21:00-05:00,2018-02-02 10:01:00-05:00,6880.975997086674,6831.850997086674,6880.975997086674,32.75,49.125,SL,-49.125,False,build_years,2018-02-02 09:21:00+00:00
323,28_upper,2018-02-12,2018,upper,2018-02-12 09:44:00-05:00,2018-02-12 10:13:00-05:00,6513.528021066135,6463.653021066135,6513.528021066135,33.25,49.875,TP,49.875,False,build_years,2018-02-12 14:44:00+00:00
324,30_upper,2018-02-14,2018,upper,2018-02-14 02:34:00-05:00,2018-02-14 08:30:00-05:00,6590.569710186437,6578.569710186437,6590.569710186437,8.0,12.0,TP,12.0,False,build_years,2018-02-14 07:34:00+00:00
325,34_lower,2018-02-20,2018,lower,2018-02-20 05:04:00-05:00,2018-02-20 06:23:00-05:00,6727.800168995409,6727.800168995409,6727.800168995409,34.0,51.0,BE,0.0,False,build_years,2018-02-20 10:04:00+00:00
326,35_lower,2018-03-02,2018,lower,2018-03-02 08:01:00-05:00,2018-03-02 09:12:00-05:00,6674.644394150568,6674.644394150568,6674.644394150568,44.5,66.75,BE,0.0,False,build_years,2018-03-02 13:01:00+00:00
327,32_lower,2018-03-02,2018,lower,2018-03-02 09:44:00-05:00,2018-03-02 10:33:00-05:00,6655.008211491266,6700.383211491266,6655.008211491266,30.25,45.375,TP,45.375,False,build_years,2018-03-02 14:44:00+00:00
328,46_upper,2018-03-08,2018,upper,2018-03-08 02:11:00-05:00,2018-03-08 07:16:00-05:00,6945.66025015068,6962.16025015068,6945.66025015068,11.0,16.5,SL,-16.5,False,build_years,2018-03-08 07:11:00+00:00
329,42_upper,2018-03-08,2018,upper,2018-03-08 09:08:00-05:00,2018-03-08 09:57:00-05:00,6967.241668711537,6967.241668711537,6967.241668711537,12.25,18.375,BE,-0.0,False,build_years,2018-03-08 14:08:00+00:00
330,45_upper,2018-03-09,2018,upper,2018-03-08 19:00:00-05:00,2018-03-08 19:46:00-05:00,7000.75,7000.75,6989.60835460164,16.0,24.0,BE,-0.0,True,build_years,2018-03-09 00:00:00+00:00
331,41_upper,2018-03-09,2018,upper,2018-03-08 20:09:00-05:00,2018-03-08 23:35:00-05:00,7013.153575857334,6991.778575857334,7013.153575857334,14.25,21.375,TP,21.375,False,build_years,2018-03-09 01:09:00+00:00
332,40_upper,2018-03-09,2018,upper,2018-03-09 08:36:00-05:00,2018-03-09 08:38:00-05:00,7057.28680551017,7047.53680551017,7057.28680551017,6.5,9.75,TP,9.75,False,build_years,2018-03-09 13:36:00+00:00
333,49_upper,2018-03-13,2018,upper,2018-03-13 09:42:00-04:00,2018-03-13 10:55:00-04:00,7211.202029295153,7160.202029295153,7211.202029295153,34.0,51.0,TP,51.0,False,build_years,2018-03-13 13:42:00+00:00
334,51_lower,2018-03-15,2018,lower,2018-03-14 21:10:00-04:00,2018-03-15 11:25:00-04:00,7027.927462033644,7095.802462033644,7027.927462033644,45.25,67.875,TP,67.875,False,build_years,2018-03-15 01:10:00+00:00
335,53_lower,2018-03-19,2018,lower,2018-03-18 20:59:00-04:00,2018-03-18 21:09:00-04:00,7019.536644549242,7006.411644549242,7019.536644549242,8.75,13.125,SL,-13.125,False,build_years,2018-03-19 00:59:00+00:00
336,48_lower,2018-03-19,2018,lower,2018-03-19 01:09:00-04:00,2018-03-19 01:17:00-04:00,6984.070799723797,6993.445799723797,6984.070799723797,6.25,9.375,TP,9.375,False,build_years,2018-03-19 05:09:00+00:00
337,55_lower,2018-03-22,2018,lower,2018-03-22 03:59:00-04:00,2018-03-22 05:13:00-04:00,6815.833165584705,6815.833165584705,6815.833165584705,26.75,40.125,BE,0.0,False,build_years,2018-03-22 07:59:00+00:00
338,46_lower,2018-03-22,2018,lower,2018-03-22 06:50:00-04:00,2018-03-22 08:36:00-04:00,6796.46474984932,6796.46474984932,6796.46474984932,38.0,57.0,BE,0.0,False,build_years,2018-03-22 10:50:00+00:00
339,58_upper,2018-03-27,2018,upper,2018-03-26 20:01:00-04:00,2018-03-26 21:20:00-04:00,6796.040408190775,6820.415408190775,6796.040408190775,16.25,24.375,SL,-24.375,False,build_years,2018-03-27 00:01:00+00:00
340,68_upper,2018-04-10,2018,upper,2018-04-09 22:42:00-04:00,2018-04-10 02:31:00-04:00,6618.015361193202,6618.015361193202,6618.015361193202,70.5,105.75,BE,-0.0,False,build_years,2018-04-10 02:42:00+00:00
341,69_upper,2018-04-12,2018,upper,2018-04-12 09:59:00-04:00,2018-04-12 11:52:00-04:00,6674.120573515432,6656.495573515432,6674.120573515432,11.75,17.625,TP,17.625,False,build_years,2018-04-12 13:59:00+00:00
342,71_upper,2018-04-17,2018,upper,2018-04-17 02:19:00-04:00,2018-04-17 04:18:00-04:00,6742.225463751627,6729.475463751627,6742.225463751627,8.5,12.75,TP,12.75,False,build_years,2018-04-17 06:19:00+00:00
343,73_upper,2018-04-17,2018,upper,2018-04-17 06:13:00-04:00,2018-04-17 07:41:00-04:00,6747.283059462454,6747.283059462454,6747.283059462454,11.25,16.875,BE,-0.0,False,build_years,2018-04-17 10:13:00+00:00
344,75_lower,2018-04-20,2018,lower,2018-04-20 03:30:00-04:00,2018-04-20 06:53:00-04:00,6754.992006121582,6776.367006121582,6754.992006121582,14.25,21.375,TP,21.375,False,build_years,2018-04-20 07:30:00+00:00
345,78_upper,2018-04-27,2018,upper,2018-04-27 08:47:00-04:00,2018-04-27 09:31:00-04:00,6767.945052421435,6745.070052421435,6767.945052421435,15.25,22.875,TP,22.875,False,build_years,2018-04-27 12:47:00+00:00
346,77_upper,2018-05-07,2018,upper,2018-05-07 00:30:00-04:00,2018-05-07 02:53:00-04:00,6828.16377343615,6815.41377343615,6828.16377343615,8.5,12.75,TP,12.75,False,build_years,2018-05-07 04:30:00+00:00
347,93_lower,2018-05-15,2018,lower,2018-05-15 08:39:00-04:00,2018-05-15 09:32:00-04:00,6928.543047509258,6897.043047509258,6928.543047509258,21.0,31.5,SL,-31.5,False,build_years,2018-05-15 12:39:00+00:00
348,91_lower,2018-05-15,2018,lower,2018-05-15 09:55:00-04:00,2018-05-15 11:10:00-04:00,6870.515226696004,6870.515226696004,6870.515226696004,47.75,71.625,BE,0.0,False,build_years,2018-05-15 13:55:00+00:00
349,98_lower,2018-05-23,2018,lower,2018-05-22 21:51:00-04:00,2018-05-22 22:40:00-04:00,6878.121273342689,6878.121273342689,6878.121273342689,10.25,15.375,BE,0.0,False,build_years,2018-05-23 01:51:00+00:00
350,99_lower,2018-05-23,2018,lower,2018-05-22 23:06:00-04:00,2018-05-23 03:20:00-04:00,6869.126676304564,6869.126676304564,6869.126676304564,10.25,15.375,BE,0.0,False,build_years,2018-05-23 03:06:00+00:00
351,96_lower,2018-05-23,2018,lower,2018-05-23 03:24:00-04:00,2018-05-23 04:16:00-04:00,6862.149696078842,6844.149696078842,6862.149696078842,12.0,18.0,SL,-18.0,False,build_years,2018-05-23 07:24:00+00:00
352,94_lower,2018-05-23,2018,lower,2018-05-23 05:42:00-04:00,2018-05-23 09:31:00-04:00,6829.859454475612,6856.859454475612,6829.859454475612,18.0,27.0,TP,27.0,False,build_years,2018-05-23 09:42:00+00:00
353,94_upper,2018-05-24,2018,upper,2018-05-24 03:19:00-04:00,2018-05-24 04:48:00-04:00,6971.765545524388,6971.765545524388,6971.765545524388,16.5,24.75,BE,-0.0,False,build_years,2018-05-24 07:19:00+00:00
354,98_upper,2018-05-25,2018,upper,2018-05-24 21:33:00-04:00,2018-05-24 22:19:00-04:00,6988.503726657311,6988.503726657311,6988.503726657311,11.75,17.625,BE,-0.0,False,build_years,2018-05-25 01:33:00+00:00
355,103_lower,2018-05-29,2018,lower,2018-05-29 02:47:00-04:00,2018-05-29 03:15:00-04:00,6935.904766379892,6955.029766379892,6935.904766379892,12.75,19.125,TP,19.125,False,build_years,2018-05-29 06:47:00+00:00
356,102_lower,2018-05-29,2018,lower,2018-05-29 04:32:00-04:00,2018-05-29 09:42:00-04:00,6899.922722627305,6943.797722627305,6899.922722627305,29.25,43.875,TP,43.875,False,build_years,2018-05-29 08:32:00+00:00
357,93_upper,2018-06-01,2018,upper,2018-06-01 09:55:00-04:00,2018-06-01 10:55:00-04:00,7036.581952490742,7069.206952490742,7036.581952490742,21.75,32.625,SL,-32.625,False,build_years,2018-06-01 13:55:00+00:00
358,107_upper,2018-06-04,2018,upper,2018-06-03 20:18:00-04:00,2018-06-04 03:53:00-04:00,7092.43659505992,7115.68659505992,7092.43659505992,15.5,23.25,SL,-23.25,False,build_years,2018-06-04 00:18:00+00:00
359,108_upper,2018-06-05,2018,upper,2018-06-05 04:00:00-04:00,2018-06-05 10:04:00-04:00,7156.635231374005,7180.635231374005,7156.635231374005,16.0,24.0,SL,-24.0,False,build_years,2018-06-05 08:00:00+00:00
360,110_upper,2018-06-07,2018,upper,2018-06-07 02:32:00-04:00,2018-06-07 03:05:00-04:00,7231.326699234774,7226.451699234774,7231.326699234774,3.25,4.875,TP,4.875,False,build_years,2018-06-07 06:32:00+00:00
361,110_lower,2018-06-08,2018,lower,2018-06-08 04:10:00-04:00,2018-06-08 05:03:00-04:00,7113.548300765226,7113.548300765226,7113.548300765226,27.25,40.875,BE,0.0,False,build_years,2018-06-08 08:10:00+00:00
362,112_upper,2018-06-11,2018,upper,2018-06-11 09:46:00-04:00,2018-06-11 10:18:00-04:00,7194.487916844135,7177.987916844135,7194.487916844135,11.0,16.5,TP,16.5,False,build_years,2018-06-11 13:46:00+00:00
363,114_upper,2018-06-13,2018,upper,2018-06-12 20:23:00-04:00,2018-06-12 21:10:00-04:00,7254.301705073458,7254.301705073458,7254.301705073458,5.25,7.875,BE,-0.0,False,build_years,2018-06-13 00:23:00+00:00
364,117_lower,2018-06-18,2018,lower,2018-06-18 09:34:00-04:00,2018-06-18 09:48:00-04:00,7214.541889345101,7237.041889345101,7214.541889345101,15.0,22.5,TP,22.5,False,build_years,2018-06-18 13:34:00+00:00
365,116_lower,2018-06-19,2018,lower,2018-06-18 21:55:00-04:00,2018-06-19 02:00:00-04:00,7207.821104982877,7187.946104982877,7207.821104982877,13.25,19.875,SL,-19.875,False,build_years,2018-06-19 01:55:00+00:00
366,118_lower,2018-06-19,2018,lower,2018-06-19 03:07:00-04:00,2018-06-19 04:26:00-04:00,7172.345652503716,7172.345652503716,7172.345652503716,18.0,27.0,BE,0.0,False,build_years,2018-06-19 07:07:00+00:00
367,119_upper,2018-06-20,2018,upper,2018-06-19 20:02:00-04:00,2018-06-19 21:03:00-04:00,7262.911183414944,7241.536183414944,7262.911183414944,14.25,21.375,TP,21.375,False,build_years,2018-06-20 00:02:00+00:00
368,118_upper,2018-06-20,2018,upper,2018-06-20 08:54:00-04:00,2018-06-20 09:42:00-04:00,7287.904347496284,7303.279347496284,7287.904347496284,10.25,15.375,SL,-15.375,False,build_years,2018-06-20 12:54:00+00:00
369,116_upper,2018-06-21,2018,upper,2018-06-20 21:57:00-04:00,2018-06-20 22:19:00-04:00,7342.428895017123,7357.053895017123,7342.428895017123,9.75,14.625,SL,-14.625,False,build_years,2018-06-21 01:57:00+00:00
370,122_lower,2018-06-25,2018,lower,2018-06-25 05:03:00-04:00,2018-06-25 09:39:00-04:00,7161.205449367277,7130.830449367277,7161.205449367277,20.25,30.375,SL,-30.375,False,build_years,2018-06-25 09:03:00+00:00
371,126_upper,2018-06-29,2018,upper,2018-06-28 22:36:00-04:00,2018-06-29 03:29:00-04:00,7076.796525590399,7104.546525590399,7076.796525590399,18.5,27.75,SL,-27.75,False,build_years,2018-06-29 02:36:00+00:00
372,127_lower,2018-07-02,2018,lower,2018-07-02 02:24:00-04:00,2018-07-02 10:39:00-04:00,7021.939275551633,7058.314275551633,7021.939275551633,24.25,36.375,TP,36.375,False,build_years,2018-07-02 06:24:00+00:00
373,127_upper,2018-07-03,2018,upper,2018-07-03 07:36:00-04:00,2018-07-03 09:30:00-04:00,7161.685724448367,7140.685724448367,7161.685724448367,14.0,21.0,TP,21.0,False,build_years,2018-07-03 11:36:00+00:00
374,131_upper,2018-07-06,2018,upper,2018-07-06 01:32:00-04:00,2018-07-06 09:40:00-04:00,7154.980786813723,7154.980786813723,7154.980786813723,37.5,56.25,BE,-0.0,False,build_years,2018-07-06 05:32:00+00:00
375,123_upper,2018-07-09,2018,upper,2018-07-08 20:08:00-04:00,2018-07-08 21:14:00-04:00,7245.184324224052,7257.559324224052,7245.184324224052,8.25,12.375,SL,-12.375,False,build_years,2018-07-09 00:08:00+00:00
376,133_upper,2018-07-10,2018,upper,2018-07-09 20:54:00-04:00,2018-07-09 21:44:00-04:00,7333.438705783388,7322.938705783388,7333.438705783388,7.0,10.5,TP,10.5,False,build_years,2018-07-10 00:54:00+00:00
377,121_upper,2018-07-13,2018,upper,2018-07-12 23:46:00-04:00,2018-07-13 04:20:00-04:00,7406.569912336632,7397.944912336632,7406.569912336632,5.75,8.625,TP,8.625,False,build_years,2018-07-13 03:46:00+00:00
378,140_lower,2018-07-23,2018,lower,2018-07-22 21:00:00-04:00,2018-07-23 09:40:00-04:00,7346.6858821268015,7318.9358821268015,7346.6858821268015,18.5,27.75,SL,-27.75,False,build_years,2018-07-23 01:00:00+00:00
379,142_upper,2018-07-24,2018,upper,2018-07-23 19:52:00-04:00,2018-07-23 21:31:00-04:00,7438.102087580435,7438.102087580435,7438.102087580435,10.5,15.75,BE,-0.0,False,build_years,2018-07-23 23:52:00+00:00
380,137_upper,2018-07-24,2018,upper,2018-07-23 21:45:00-04:00,2018-07-24 03:00:00-04:00,7442.534348931817,7431.284348931817,7442.534348931817,7.5,11.25,TP,11.25,False,build_years,2018-07-24 01:45:00+00:00
381,140_upper,2018-07-24,2018,upper,2018-07-24 09:36:00-04:00,2018-07-24 11:03:00-04:00,7478.0641178731985,7449.9391178731985,7478.0641178731985,18.75,28.125,TP,28.125,False,build_years,2018-07-24 13:36:00+00:00
382,136_lower,2018-07-30,2018,lower,2018-07-30 09:44:00-04:00,2018-07-30 10:35:00-04:00,7226.908261951898,7226.908261951898,7226.908261951898,20.5,30.75,BE,0.0,False,build_years,2018-07-30 13:44:00+00:00
383,153_upper,2018-08-07,2018,upper,2018-08-06 23:02:00-04:00,2018-08-07 00:41:00-04:00,7459.432390640652,7459.432390640652,7459.432390640652,5.5,8.25,BE,-0.0,False,build_years,2018-08-07 03:02:00+00:00
384,146_upper,2018-08-07,2018,upper,2018-08-07 09:35:00-04:00,2018-08-07 09:44:00-04:00,7482.682503501307,7475.182503501307,7482.682503501307,5.0,7.5,TP,7.5,False,build_years,2018-08-07 13:35:00+00:00
385,156_lower,2018-08-10,2018,lower,2018-08-10 06:04:00-04:00,2018-08-10 09:02:00-04:00,7424.720023865139,7424.720023865139,7424.720023865139,21.0,31.5,BE,0.0,False,build_years,2018-08-10 10:04:00+00:00
386,161_lower,2018-08-17,2018,lower,2018-08-17 08:08:00-04:00,2018-08-17 09:28:00-04:00,7360.173904777643,7360.173904777643,7360.173904777643,10.25,15.375,BE,0.0,False,build_years,2018-08-17 12:08:00+00:00
387,164_lower,2018-08-22,2018,lower,2018-08-21 19:14:00-04:00,2018-08-21 23:12:00-04:00,7352.896833553673,7380.646833553673,7352.896833553673,18.5,27.75,TP,27.75,False,build_years,2018-08-21 23:14:00+00:00
388,165_upper,2018-08-23,2018,upper,2018-08-23 09:42:00-04:00,2018-08-23 09:49:00-04:00,7452.447510363063,7463.322510363063,7452.447510363063,7.25,10.875,SL,-10.875,False,build_years,2018-08-23 13:42:00+00:00
389,161_upper,2018-08-23,2018,upper,2018-08-23 09:53:00-04:00,2018-08-23 10:57:00-04:00,7466.576095222357,7455.701095222357,7466.576095222357,7.25,10.875,TP,10.875,False,build_years,2018-08-23 13:53:00+00:00
390,154_upper,2018-08-27,2018,upper,2018-08-26 19:44:00-04:00,2018-08-26 21:10:00-04:00,7522.8484656051105,7522.8484656051105,7522.8484656051105,18.75,28.125,BE,-0.0,False,build_years,2018-08-26 23:44:00+00:00
391,156_upper,2018-08-27,2018,upper,2018-08-27 09:30:00-04:00,2018-08-27 09:38:00-04:00,7534.904976134861,7522.529976134861,7534.904976134861,8.25,12.375,TP,12.375,False,build_years,2018-08-27 13:30:00+00:00
392,168_upper,2018-08-29,2018,upper,2018-08-28 22:28:00-04:00,2018-08-29 00:32:00-04:00,7599.9516883498845,7599.9516883498845,7599.9516883498845,5.25,7.875,BE,-0.0,False,build_years,2018-08-29 02:28:00+00:00
393,173_lower,2018-09-04,2018,lower,2018-09-04 07:41:00-04:00,2018-09-04 09:30:00-04:00,7633.061168833607,7633.061168833607,7633.061168833607,14.5,21.75,BE,0.0,False,build_years,2018-09-04 11:41:00+00:00
394,171_lower,2018-09-04,2018,lower,2018-09-04 09:39:00-04:00,2018-09-04 09:42:00-04:00,7604.500703523443,7590.250703523443,7604.500703523443,9.5,14.25,SL,-14.25,False,build_years,2018-09-04 13:39:00+00:00
395,167_lower,2018-09-07,2018,lower,2018-09-07 09:00:00-04:00,2018-09-07 09:53:00-04:00,7401.824362995334,7462.199362995334,7401.824362995334,40.25,60.375,TP,60.375,False,build_years,2018-09-07 13:00:00+00:00
396,179_upper,2018-09-12,2018,upper,2018-09-12 03:47:00-04:00,2018-09-12 04:00:00-04:00,7527.395003291416,7537.895003291416,7527.395003291416,7.0,10.5,SL,-10.5,False,build_years,2018-09-12 07:47:00+00:00
397,178_upper,2018-09-13,2018,upper,2018-09-13 09:32:00-04:00,2018-09-13 09:45:00-04:00,7547.622652900693,7578.372652900693,7547.622652900693,20.5,30.75,SL,-30.75,False,build_years,2018-09-13 13:32:00+00:00
398,176_upper,2018-09-14,2018,upper,2018-09-14 02:25:00-04:00,2018-09-14 09:30:00-04:00,7612.28905045813,7596.53905045813,7612.28905045813,10.5,15.75,TP,15.75,False,build_years,2018-09-14 06:25:00+00:00
399,182_lower,2018-09-17,2018,lower,2018-09-17 09:36:00-04:00,2018-09-17 09:37:00-04:00,7544.14004620946,7531.01504620946,7544.14004620946,8.75,13.125,SL,-13.125,False,build_years,2018-09-17 13:36:00+00:00
400,184_upper,2018-09-20,2018,upper,2018-09-20 09:43:00-04:00,2018-09-20 15:00:00-04:00,7584.795092564204,7607.25,7584.795092564204,21.5,32.25,cutoff,-22.454907435795576,False,build_years,2018-09-20 13:43:00+00:00
401,183_upper,2018-09-21,2018,upper,2018-09-21 02:47:00-04:00,2018-09-21 05:28:00-04:00,7631.354115860666,7618.229115860666,7631.354115860666,8.75,13.125,TP,13.125,False,build_years,2018-09-21 06:47:00+00:00
402,186_lower,2018-09-24,2018,lower,2018-09-24 09:31:00-04:00,2018-09-24 09:32:00-04:00,7499.12113621541,7485.24613621541,7499.12113621541,9.25,13.875,SL,-13.875,False,build_years,2018-09-24 13:31:00+00:00
403,187_upper,2018-10-01,2018,upper,2018-09-30 19:08:00-04:00,2018-09-30 20:14:00-04:00,7688.758399715875,7688.758399715875,7688.758399715875,16.0,24.0,BE,-0.0,False,build_years,2018-09-30 23:08:00+00:00
404,175_upper,2018-10-01,2018,upper,2018-09-30 22:17:00-04:00,2018-10-01 03:48:00-04:00,7702.894612183031,7714.894612183031,7702.894612183031,8.0,12.0,SL,-12.0,False,build_years,2018-10-01 02:17:00+00:00
405,193_lower,2018-10-02,2018,lower,2018-10-02 04:46:00-04:00,2018-10-02 09:30:00-04:00,7641.621028945046,7664.496028945046,7641.621028945046,15.25,22.875,TP,22.875,False,build_years,2018-10-02 08:46:00+00:00
406,195_lower,2018-10-04,2018,lower,2018-10-03 21:36:00-04:00,2018-10-04 05:00:00-04:00,7629.524241982807,7605.149241982807,7629.524241982807,16.25,24.375,SL,-24.375,False,build_years,2018-10-04 01:36:00+00:00
407,194_lower,2018-10-04,2018,lower,2018-10-04 09:40:00-04:00,2018-10-04 10:20:00-04:00,7588.947492919474,7560.447492919474,7588.947492919474,19.0,28.5,SL,-28.5,False,build_years,2018-10-04 13:40:00+00:00
408,198_lower,2018-10-10,2018,lower,2018-10-10 09:50:00-04:00,2018-10-10 09:57:00-04:00,7286.224538054712,7250.974538054712,7286.224538054712,23.5,35.25,SL,-35.25,False,build_years,2018-10-10 13:50:00+00:00
409,208_lower,2018-10-23,2018,lower,2018-10-23 05:17:00-04:00,2018-10-23 06:52:00-04:00,7032.3496815496055,7058.5996815496055,7032.3496815496055,17.5,26.25,TP,26.25,False,build_years,2018-10-23 09:17:00+00:00
410,203_lower,2018-10-23,2018,lower,2018-10-23 09:30:00-04:00,2018-10-23 09:32:00-04:00,7000.761047057629,7031.511047057629,7000.761047057629,20.5,30.75,TP,30.75,False,build_years,2018-10-23 13:30:00+00:00
411,211_lower,2018-10-26,2018,lower,2018-10-26 05:25:00-04:00,2018-10-26 09:30:00-04:00,6762.610909414232,6818.485909414232,6762.610909414232,37.25,55.875,TP,55.875,False,build_years,2018-10-26 09:25:00+00:00
412,214_upper,2018-10-31,2018,upper,2018-10-31 04:37:00-04:00,2018-10-31 06:44:00-04:00,6889.683844244571,6889.683844244571,6889.683844244571,21.25,31.875,BE,-0.0,False,build_years,2018-10-31 08:37:00+00:00
413,215_upper,2018-11-02,2018,upper,2018-11-02 01:04:00-04:00,2018-11-02 10:29:00-04:00,7089.567462295751,6993.942462295751,7089.567462295751,63.75,95.625,TP,95.625,False,build_years,2018-11-02 05:04:00+00:00
414,217_lower,2018-11-05,2018,lower,2018-11-05 09:44:00-05:00,2018-11-05 10:11:00-05:00,6903.866612075746,6877.241612075746,6903.866612075746,17.75,26.625,SL,-26.625,False,build_years,2018-11-05 14:44:00+00:00
415,218_upper,2018-11-07,2018,upper,2018-11-07 03:20:00-05:00,2018-11-07 04:37:00-05:00,7081.0047610942565,7114.0047610942565,7081.0047610942565,22.0,33.0,SL,-33.0,False,build_years,2018-11-07 08:20:00+00:00
416,221_lower,2018-11-09,2018,lower,2018-11-09 06:37:00-05:00,2018-11-09 09:35:00-05:00,7094.461029890275,7094.461029890275,7094.461029890275,24.75,37.125,BE,0.0,False,build_years,2018-11-09 11:37:00+00:00
417,220_lower,2018-11-12,2018,lower,2018-11-12 09:32:00-05:00,2018-11-12 10:03:00-05:00,6976.819470200613,6914.194470200613,6976.819470200613,41.75,62.625,SL,-62.625,False,build_years,2018-11-12 14:32:00+00:00
418,215_lower,2018-11-13,2018,lower,2018-11-12 19:44:00-05:00,2018-11-12 22:27:00-05:00,6812.432537704249,6845.057537704249,6812.432537704249,21.75,32.625,TP,32.625,False,build_years,2018-11-13 00:44:00+00:00
419,214_lower,2018-11-20,2018,lower,2018-11-20 08:40:00-05:00,2018-11-20 10:14:00-05:00,6537.816155755429,6456.441155755429,6537.816155755429,54.25,81.375,SL,-81.375,False,build_years,2018-11-20 13:40:00+00:00
420,229_upper,2018-11-21,2018,upper,2018-11-21 09:31:00-05:00,2018-11-21 09:41:00-05:00,6638.488855974993,6600.988855974993,6638.488855974993,25.0,37.5,TP,37.5,False,build_years,2018-11-21 14:31:00+00:00
421,230_lower,2018-11-23,2018,lower,2018-11-23 08:43:00-05:00,2018-11-23 09:01:00-05:00,6499.389445867615,6525.639445867615,6499.389445867615,17.5,26.25,TP,26.25,False,build_years,2018-11-23 13:43:00+00:00
422,231_upper,2018-11-26,2018,upper,2018-11-26 03:15:00-05:00,2018-11-26 10:00:00-05:00,6623.8814122187305,6660.2564122187305,6623.8814122187305,24.25,36.375,SL,-36.375,False,build_years,2018-11-26 08:15:00+00:00
423,233_upper,2018-11-28,2018,upper,2018-11-28 01:10:00-05:00,2018-11-28 03:00:00-05:00,6735.842929241806,6725.342929241806,6735.842929241806,7.0,10.5,TP,10.5,False,build_years,2018-11-28 06:10:00+00:00
424,242_upper,2018-12-11,2018,upper,2018-12-11 05:53:00-05:00,2018-12-11 08:26:00-05:00,6741.269055832232,6785.519055832232,6741.269055832232,29.5,44.25,SL,-44.25,False,build_years,2018-12-11 10:53:00+00:00
425,245_lower,2018-12-14,2018,lower,2018-12-13 21:06:00-05:00,2018-12-14 00:49:00-05:00,6708.7658878650445,6708.7658878650445,6708.7658878650445,46.25,69.375,BE,0.0,False,build_years,2018-12-14 02:06:00+00:00
426,234_lower,2018-12-17,2018,lower,2018-12-17 09:53:00-05:00,2018-12-17 10:09:00-05:00,6528.160513975401,6570.910513975401,6528.160513975401,28.5,42.75,TP,42.75,False,build_years,2018-12-17 14:53:00+00:00
427,254_upper,2018-12-28,2018,upper,2018-12-27 23:30:00-05:00,2018-12-28 00:48:00-05:00,6340.354224240451,6313.354224240451,6340.354224240451,18.0,27.0,TP,27.0,False,build_years,2018-12-28 04:30:00+00:00
428,256_lower,2019-01-02,2019,lower,2019-01-02 03:03:00-05:00,2019-01-02 03:21:00-05:00,6238.169923802291,6195.044923802291,6238.169923802291,28.75,43.125,SL,-43.125,False,validation,2019-01-02 08:03:00+00:00
429,255_lower,2019-01-02,2019,lower,2019-01-02 03:22:00-05:00,2019-01-02 09:31:00-05:00,6185.839423975138,6228.964423975138,6185.839423975138,28.75,43.125,TP,43.125,False,validation,2019-01-02 08:22:00+00:00
430,250_upper,2019-01-07,2019,upper,2019-01-06 19:03:00-05:00,2019-01-06 19:20:00-05:00,6469.258199892534,6492.133199892534,6469.258199892534,15.25,22.875,SL,-22.875,False,validation,2019-01-07 00:03:00+00:00
431,265_upper,2019-01-15,2019,upper,2019-01-15 09:36:00-05:00,2019-01-15 10:00:00-05:00,6623.795237270195,6651.920237270195,6623.795237270195,18.75,28.125,SL,-28.125,False,validation,2019-01-15 14:36:00+00:00
432,247_upper,2019-01-16,2019,upper,2019-01-16 09:33:00-05:00,2019-01-16 09:41:00-05:00,6698.710922106751,6711.085922106751,6698.710922106751,8.25,12.375,SL,-12.375,False,validation,2019-01-16 14:33:00+00:00
433,266_upper,2019-01-16,2019,upper,2019-01-16 09:46:00-05:00,2019-01-16 09:46:00-05:00,6720.912585668611,6733.287585668611,6720.912585668611,8.25,12.375,SL,-12.375,False,validation,2019-01-16 14:46:00+00:00
434,267_lower,2019-01-17,2019,lower,2019-01-17 03:16:00-05:00,2019-01-17 06:38:00-05:00,6615.187968301361,6643.687968301361,6615.187968301361,19.0,28.5,TP,28.5,False,validation,2019-01-17 08:16:00+00:00
435,267_upper,2019-01-18,2019,upper,2019-01-18 09:28:00-05:00,2019-01-18 09:32:00-05:00,6785.562031698639,6766.437031698639,6785.562031698639,12.75,19.125,TP,19.125,False,validation,2019-01-18 14:28:00+00:00
436,274_lower,2019-01-28,2019,lower,2019-01-28 09:33:00-05:00,2019-01-28 09:50:00-05:00,6680.472121266195,6661.347121266195,6680.472121266195,12.75,19.125,SL,-19.125,False,validation,2019-01-28 14:33:00+00:00
437,282_lower,2019-02-07,2019,lower,2019-02-07 09:30:00-05:00,2019-02-07 10:20:00-05:00,6927.889636332791,6927.889636332791,6927.889636332791,15.5,23.25,BE,0.0,False,validation,2019-02-07 14:30:00+00:00
438,286_upper,2019-02-13,2019,upper,2019-02-12 19:12:00-05:00,2019-02-12 20:01:00-05:00,7043.27827199871,7043.27827199871,7043.27827199871,13.5,20.25,BE,-0.0,False,validation,2019-02-13 00:12:00+00:00
439,281_upper,2019-02-13,2019,upper,2019-02-13 01:18:00-05:00,2019-02-13 03:58:00-05:00,7058.524825242923,7046.149825242923,7058.524825242923,8.25,12.375,TP,12.375,False,validation,2019-02-13 06:18:00+00:00
440,287_lower,2019-02-14,2019,lower,2019-02-14 09:31:00-05:00,2019-02-14 15:00:00-05:00,6981.265999128756,7036.0,6981.265999128756,58.0,87.0,cutoff,54.73400087124446,False,validation,2019-02-14 14:31:00+00:00
441,288_upper,2019-02-15,2019,upper,2019-02-15 09:28:00-05:00,2019-02-15 10:41:00-05:00,7071.945814887033,7071.945814887033,7071.945814887033,27.5,41.25,BE,-0.0,False,validation,2019-02-15 14:28:00+00:00
442,290_upper,2019-02-21,2019,upper,2019-02-20 22:40:00-05:00,2019-02-21 07:31:00-05:00,7110.376430518732,7066.876430518732,7110.376430518732,29.0,43.5,TP,43.5,False,validation,2019-02-21 03:40:00+00:00
443,290_lower,2019-02-21,2019,lower,2019-02-21 09:45:00-05:00,2019-02-21 11:58:00-05:00,7026.498569481268,7057.623569481268,7026.498569481268,20.75,31.125,TP,31.125,False,validation,2019-02-21 14:45:00+00:00
444,292_upper,2019-02-25,2019,upper,2019-02-25 06:24:00-05:00,2019-02-25 07:54:00-05:00,7137.312499692195,7137.312499692195,7137.312499692195,10.75,16.125,BE,-0.0,False,validation,2019-02-25 11:24:00+00:00
445,289_upper,2019-02-25,2019,upper,2019-02-25 08:47:00-05:00,2019-02-25 09:35:00-05:00,7144.790488080103,7157.165488080103,7144.790488080103,8.25,12.375,SL,-12.375,False,validation,2019-02-25 13:47:00+00:00
446,295_lower,2019-02-26,2019,lower,2019-02-25 20:28:00-05:00,2019-02-25 21:27:00-05:00,7101.039941058964,7083.414941058964,7101.039941058964,11.75,17.625,SL,-17.625,False,validation,2019-02-26 01:28:00+00:00
447,302_lower,2019-03-07,2019,lower,2019-03-06 19:05:00-05:00,2019-03-06 19:56:00-05:00,7097.747854027111,7097.747854027111,7097.747854027111,12.5,18.75,BE,0.0,False,validation,2019-03-07 00:05:00+00:00
448,301_lower,2019-03-07,2019,lower,2019-03-07 02:04:00-05:00,2019-03-07 05:59:00-05:00,7088.702796625807,7096.202796625807,7088.702796625807,5.0,7.5,TP,7.5,False,validation,2019-03-07 07:04:00+00:00
449,296_lower,2019-03-07,2019,lower,2019-03-07 09:52:00-05:00,2019-03-07 11:34:00-05:00,7038.961093836613,7070.836093836613,7038.961093836613,21.25,31.875,TP,31.875,False,validation,2019-03-07 14:52:00+00:00
450,289_lower,2019-03-08,2019,lower,2019-03-08 08:30:00-05:00,2019-03-08 09:00:00-05:00,6998.584511919897,6980.959511919897,6998.584511919897,11.75,17.625,SL,-17.625,False,validation,2019-03-08 13:30:00+00:00
451,306_upper,2019-03-13,2019,upper,2019-03-13 08:00:00-04:00,2019-03-13 09:12:00-04:00,7262.804382013026,7262.804382013026,7262.804382013026,15.5,23.25,BE,-0.0,False,validation,2019-03-13 12:00:00+00:00
452,308_upper,2019-03-15,2019,upper,2019-03-15 09:56:00-04:00,2019-03-15 11:16:00-04:00,7332.254555376385,7332.254555376385,7332.254555376385,17.5,26.25,BE,-0.0,False,validation,2019-03-15 13:56:00+00:00
453,309_upper,2019-03-18,2019,upper,2019-03-18 09:58:00-04:00,2019-03-18 11:23:00-04:00,7364.223578148492,7347.723578148492,7364.223578148492,11.0,16.5,TP,16.5,False,validation,2019-03-18 13:58:00+00:00
454,311_lower,2019-03-25,2019,lower,2019-03-24 20:24:00-04:00,2019-03-24 20:37:00-04:00,7337.82254636648,7322.82254636648,7337.82254636648,10.0,15.0,SL,-15.0,False,validation,2019-03-25 00:24:00+00:00
455,315_upper,2019-03-26,2019,upper,2019-03-26 09:57:00-04:00,2019-03-26 10:32:00-04:00,7433.512851730817,7409.512851730817,7433.512851730817,16.0,24.0,TP,24.0,False,validation,2019-03-26 13:57:00+00:00
456,317_upper,2019-04-01,2019,upper,2019-03-31 19:05:00-04:00,2019-03-31 19:53:00-04:00,7455.804037375222,7455.804037375222,7455.804037375222,26.0,39.0,BE,-0.0,False,validation,2019-03-31 23:05:00+00:00
457,321_upper,2019-04-03,2019,upper,2019-04-02 21:45:00-04:00,2019-04-03 15:00:00-04:00,7556.688231456711,7564.5,7556.688231456711,41.5,62.25,cutoff,-7.811768543288963,False,validation,2019-04-03 01:45:00+00:00
458,326_upper,2019-04-11,2019,upper,2019-04-10 19:42:00-04:00,2019-04-10 21:31:00-04:00,7658.04600710988,7658.04600710988,7658.04600710988,6.75,10.125,BE,-0.0,False,validation,2019-04-10 23:42:00+00:00
459,328_upper,2019-04-17,2019,upper,2019-04-16 21:59:00-04:00,2019-04-17 05:35:00-04:00,7699.333072790703,7699.333072790703,7699.333072790703,16.25,24.375,BE,-0.0,False,validation,2019-04-17 01:59:00+00:00
460,330_upper,2019-04-17,2019,upper,2019-04-17 08:03:00-04:00,2019-04-17 08:46:00-04:00,7708.943373859822,7722.068373859822,7708.943373859822,8.75,13.125,SL,-13.125,False,validation,2019-04-17 12:03:00+00:00
461,331_upper,2019-04-17,2019,upper,2019-04-17 09:23:00-04:00,2019-04-17 09:58:00-04:00,7730.394273932708,7704.519273932708,7730.394273932708,17.25,25.875,TP,25.875,False,validation,2019-04-17 13:23:00+00:00
462,333_upper,2019-04-23,2019,upper,2019-04-23 09:44:00-04:00,2019-04-23 10:03:00-04:00,7772.171559230863,7786.421559230863,7772.171559230863,9.5,14.25,SL,-14.25,False,validation,2019-04-23 13:44:00+00:00
463,336_lower,2019-04-26,2019,lower,2019-04-26 09:43:00-04:00,2019-04-26 15:00:00-04:00,7773.931429214922,7822.75,7773.931429214922,38.5,57.75,cutoff,48.81857078507801,False,validation,2019-04-26 13:43:00+00:00
464,339_lower,2019-04-30,2019,lower,2019-04-29 21:00:00-04:00,2019-04-30 03:01:00-04:00,7787.768622292595,7802.393622292595,7787.768622292595,9.75,14.625,TP,14.625,False,validation,2019-04-30 01:00:00+00:00
465,328_lower,2019-05-09,2019,lower,2019-05-09 02:52:00-04:00,2019-05-09 09:04:00-04:00,7578.916927209297,7544.791927209297,7578.916927209297,22.75,34.125,SL,-34.125,False,validation,2019-05-09 06:52:00+00:00
466,346_lower,2019-05-09,2019,lower,2019-05-09 09:43:00-04:00,2019-05-09 10:26:00-04:00,7531.209619502675,7485.084619502675,7531.209619502675,30.75,46.125,SL,-46.125,False,validation,2019-05-09 13:43:00+00:00
467,347_upper,2019-05-10,2019,upper,2019-05-09 20:24:00-04:00,2019-05-09 20:28:00-04:00,7651.573096473161,7609.198096473161,7651.573096473161,28.25,42.375,TP,42.375,False,validation,2019-05-10 00:24:00+00:00
468,347_lower,2019-05-13,2019,lower,2019-05-13 08:14:00-04:00,2019-05-13 10:01:00-04:00,7422.426903526839,7369.551903526839,7422.426903526839,35.25,52.875,SL,-52.875,False,validation,2019-05-13 12:14:00+00:00
469,353_lower,2019-05-20,2019,lower,2019-05-20 06:14:00-04:00,2019-05-20 07:09:00-04:00,7446.417643630048,7416.417643630048,7446.417643630048,20.0,30.0,SL,-30.0,False,validation,2019-05-20 10:14:00+00:00
470,355_lower,2019-05-23,2019,lower,2019-05-23 02:07:00-04:00,2019-05-23 03:13:00-04:00,7371.647120555797,7351.022120555797,7371.647120555797,13.75,20.625,SL,-20.625,False,validation,2019-05-23 06:07:00+00:00
471,354_lower,2019-05-23,2019,lower,2019-05-23 09:45:00-04:00,2019-05-23 11:11:00-04:00,7312.929449834561,7312.929449834561,7312.929449834561,25.5,38.25,BE,0.0,False,validation,2019-05-23 13:45:00+00:00
472,359_upper,2019-05-28,2019,upper,2019-05-28 09:39:00-04:00,2019-05-28 10:18:00-04:00,7364.662584484247,7329.412584484247,7364.662584484247,23.5,35.25,TP,35.25,False,validation,2019-05-28 13:39:00+00:00
473,358_lower,2019-05-29,2019,lower,2019-05-28 20:09:00-04:00,2019-05-28 20:33:00-04:00,7278.526693405793,7257.526693405793,7278.526693405793,14.0,21.0,SL,-21.0,False,validation,2019-05-29 00:09:00+00:00
474,362_lower,2019-05-31,2019,lower,2019-05-31 03:05:00-04:00,2019-05-31 03:53:00-04:00,7176.495656589786,7152.870656589786,7176.495656589786,15.75,23.625,SL,-23.625,False,validation,2019-05-31 07:05:00+00:00
475,364_upper,2019-06-05,2019,upper,2019-06-05 05:27:00-04:00,2019-06-05 06:14:00-04:00,7224.946166549782,7244.821166549782,7224.946166549782,13.25,19.875,SL,-19.875,False,validation,2019-06-05 09:27:00+00:00
476,367_upper,2019-06-07,2019,upper,2019-06-07 04:08:00-04:00,2019-06-07 08:50:00-04:00,7306.2149127648445,7329.0899127648445,7306.2149127648445,15.25,22.875,SL,-22.875,False,validation,2019-06-07 08:08:00+00:00
477,354_upper,2019-06-10,2019,upper,2019-06-10 09:33:00-04:00,2019-06-10 09:41:00-04:00,7490.945550165439,7514.195550165439,7490.945550165439,15.5,23.25,SL,-23.25,False,validation,2019-06-10 13:33:00+00:00
478,356_upper,2019-06-10,2019,upper,2019-06-10 09:42:00-04:00,2019-06-10 10:17:00-04:00,7514.957749626323,7538.207749626323,7514.957749626323,15.5,23.25,SL,-23.25,False,validation,2019-06-10 13:42:00+00:00
479,369_upper,2019-06-11,2019,upper,2019-06-11 08:35:00-04:00,2019-06-11 09:32:00-04:00,7584.364849485702,7600.489849485702,7584.364849485702,10.75,16.125,SL,-16.125,False,validation,2019-06-11 12:35:00+00:00
480,373_upper,2019-06-17,2019,upper,2019-06-17 09:53:00-04:00,2019-06-17 15:00:00-04:00,7560.9113085016415,7558.5,7560.9113085016415,17.25,25.875,cutoff,2.4113085016415425,False,validation,2019-06-17 13:53:00+00:00
481,372_upper,2019-06-18,2019,upper,2019-06-18 04:18:00-04:00,2019-06-18 06:46:00-04:00,7584.937138920871,7623.562138920871,7584.937138920871,25.75,38.625,SL,-38.625,False,validation,2019-06-18 08:18:00+00:00
482,370_upper,2019-06-18,2019,upper,2019-06-18 09:40:00-04:00,2019-06-18 09:42:00-04:00,7662.43816592718,7682.68816592718,7662.43816592718,13.5,20.25,SL,-20.25,False,validation,2019-06-18 13:40:00+00:00
483,376_upper,2019-06-20,2019,upper,2019-06-19 21:09:00-04:00,2019-06-19 21:55:00-04:00,7748.238854969065,7748.238854969065,7748.238854969065,15.0,22.5,BE,-0.0,False,validation,2019-06-20 01:09:00+00:00
484,375_upper,2019-06-20,2019,upper,2019-06-19 23:49:00-04:00,2019-06-20 02:26:00-04:00,7765.55530926014,7765.55530926014,7765.55530926014,16.5,24.75,BE,-0.0,False,validation,2019-06-20 03:49:00+00:00
485,379_upper,2019-07-01,2019,upper,2019-07-01 03:03:00-04:00,2019-07-01 06:15:00-04:00,7829.290057770993,7829.290057770993,7829.290057770993,13.75,20.625,BE,-0.0,False,validation,2019-07-01 07:03:00+00:00
486,385_upper,2019-07-03,2019,upper,2019-07-03 03:15:00-04:00,2019-07-03 03:34:00-04:00,7845.729041524407,7856.604041524407,7845.729041524407,7.25,10.875,SL,-10.875,False,validation,2019-07-03 07:15:00+00:00
487,377_upper,2019-07-03,2019,upper,2019-07-03 04:55:00-04:00,2019-07-03 13:14:00-04:00,7864.7414727131645,7888.25,7864.7414727131645,24.75,37.125,cutoff,-23.508527286835488,False,validation,2019-07-03 08:55:00+00:00
488,387_lower,2019-07-05,2019,lower,2019-07-05 08:30:00-04:00,2019-07-05 08:31:00-04:00,7857.780845939943,7873.905845939943,7857.780845939943,10.75,16.125,TP,16.125,False,validation,2019-07-05 12:30:00+00:00
489,386_lower,2019-07-08,2019,lower,2019-07-08 09:37:00-04:00,2019-07-08 10:30:00-04:00,7791.326459544721,7791.326459544721,7791.326459544721,9.25,13.875,BE,0.0,False,validation,2019-07-08 13:37:00+00:00
490,388_lower,2019-07-09,2019,lower,2019-07-08 23:23:00-04:00,2019-07-09 03:50:00-04:00,7762.717990386845,7744.717990386845,7762.717990386845,12.0,18.0,SL,-18.0,False,validation,2019-07-09 03:23:00+00:00
491,389_upper,2019-07-10,2019,upper,2019-07-10 08:33:00-04:00,2019-07-10 08:36:00-04:00,7873.192209136437,7889.317209136437,7873.192209136437,10.75,16.125,SL,-16.125,False,validation,2019-07-10 12:33:00+00:00
492,384_upper,2019-07-10,2019,upper,2019-07-10 09:32:00-04:00,2019-07-10 15:00:00-04:00,7913.106717944328,7916.5,7913.106717944328,84.75,127.125,cutoff,-3.393282055671989,False,validation,2019-07-10 13:32:00+00:00
493,392_upper,2019-07-16,2019,upper,2019-07-15 19:54:00-04:00,2019-07-15 20:41:00-04:00,7994.358280096334,7994.358280096334,7994.358280096334,5.25,7.875,BE,-0.0,False,validation,2019-07-15 23:54:00+00:00
494,399_upper,2019-07-23,2019,upper,2019-07-23 08:08:00-04:00,2019-07-23 09:38:00-04:00,7959.990078487765,7944.615078487765,7959.990078487765,10.25,15.375,TP,15.375,False,validation,2019-07-23 12:08:00+00:00
495,403_lower,2019-07-30,2019,lower,2019-07-30 07:31:00-04:00,2019-07-30 08:35:00-04:00,7941.555932796677,7941.555932796677,7941.555932796677,13.75,20.625,BE,0.0,False,validation,2019-07-30 11:31:00+00:00
496,389_lower,2019-08-02,2019,lower,2019-08-02 03:50:00-04:00,2019-08-02 04:53:00-04:00,7742.182790863563,7742.182790863563,7742.182790863563,17.75,26.625,BE,0.0,False,validation,2019-08-02 07:50:00+00:00
497,408_lower,2019-08-05,2019,lower,2019-08-04 21:35:00-04:00,2019-08-04 22:17:00-04:00,7636.544656962058,7606.919656962058,7636.544656962058,19.75,29.625,SL,-29.625,False,validation,2019-08-05 01:35:00+00:00
498,411_upper,2019-08-08,2019,upper,2019-08-07 21:24:00-04:00,2019-08-08 09:05:00-04:00,7582.281783028347,7612.281783028347,7582.281783028347,20.0,30.0,SL,-30.0,False,validation,2019-08-08 01:24:00+00:00
499,414_lower,2019-08-13,2019,lower,2019-08-13 05:30:00-04:00,2019-08-13 06:17:00-04:00,7521.640114106753,7521.640114106753,7521.640114106753,27.25,40.875,BE,0.0,False,validation,2019-08-13 09:30:00+00:00
500,414_upper,2019-08-13,2019,upper,2019-08-13 09:46:00-04:00,2019-08-13 09:48:00-04:00,7694.484885893247,7732.734885893247,7694.484885893247,25.5,38.25,SL,-38.25,False,validation,2019-08-13 13:46:00+00:00
501,418_upper,2019-08-19,2019,upper,2019-08-19 01:18:00-04:00,2019-08-19 02:05:00-04:00,7664.75497912878,7664.75497912878,7664.75497912878,7.5,11.25,BE,-0.0,False,validation,2019-08-19 05:18:00+00:00
502,416_upper,2019-08-19,2019,upper,2019-08-19 03:03:00-04:00,2019-08-19 06:56:00-04:00,7698.231790929952,7698.231790929952,7698.231790929952,29.5,44.25,BE,-0.0,False,validation,2019-08-19 07:03:00+00:00
503,422_lower,2019-08-23,2019,lower,2019-08-23 08:25:00-04:00,2019-08-23 08:55:00-04:00,7648.5269320504385,7674.7769320504385,7648.5269320504385,17.5,26.25,TP,26.25,False,validation,2019-08-23 12:25:00+00:00
504,419_lower,2019-08-23,2019,lower,2019-08-23 09:50:00-04:00,2019-08-23 11:02:00-04:00,7631.648645621291,7631.648645621291,7631.648645621291,101.5,152.25,BE,0.0,False,validation,2019-08-23 13:50:00+00:00
505,424_upper,2019-08-27,2019,upper,2019-08-27 09:06:00-04:00,2019-08-27 11:16:00-04:00,7642.508695258361,7590.008695258361,7642.508695258361,35.0,52.5,TP,52.5,False,validation,2019-08-27 13:06:00+00:00
506,426_upper,2019-08-29,2019,upper,2019-08-29 03:13:00-04:00,2019-08-29 03:14:00-04:00,7646.212089161028,7662.337089161028,7646.212089161028,10.75,16.125,SL,-16.125,False,validation,2019-08-29 07:13:00+00:00
507,425_upper,2019-08-29,2019,upper,2019-08-29 09:33:00-04:00,2019-08-29 10:11:00-04:00,7713.9752591962115,7694.4752591962115,7713.9752591962115,13.0,19.5,TP,19.5,False,validation,2019-08-29 13:33:00+00:00
508,423_upper,2019-08-30,2019,upper,2019-08-30 05:30:00-04:00,2019-08-30 06:18:00-04:00,7762.221632104627,7762.221632104627,7762.221632104627,22.75,34.125,BE,-0.0,False,validation,2019-08-30 09:30:00+00:00
509,429_upper,2019-09-05,2019,upper,2019-09-04 20:04:00-04:00,2019-09-04 20:09:00-04:00,7734.292320353883,7744.792320353883,7734.292320353883,7.0,10.5,SL,-10.5,False,validation,2019-09-05 00:04:00+00:00
510,430_upper,2019-09-05,2019,upper,2019-09-04 21:02:00-04:00,2019-09-04 21:31:00-04:00,7749.207958554301,7790.082958554301,7749.207958554301,27.25,40.875,SL,-40.875,False,validation,2019-09-05 01:02:00+00:00
511,413_upper,2019-09-05,2019,upper,2019-09-04 21:37:00-04:00,2019-09-04 22:10:00-04:00,7793.271226938899,7834.146226938899,7793.271226938899,27.25,40.875,SL,-40.875,False,validation,2019-09-05 01:37:00+00:00
512,422_upper,2019-09-05,2019,upper,2019-09-05 09:52:00-04:00,2019-09-05 10:15:00-04:00,7843.3480679495615,7867.7230679495615,7843.3480679495615,16.25,24.375,SL,-24.375,False,validation,2019-09-05 13:52:00+00:00
513,433_lower,2019-09-10,2019,lower,2019-09-10 03:41:00-04:00,2019-09-10 06:27:00-04:00,7792.904046735641,7815.029046735641,7792.904046735641,14.75,22.125,TP,22.125,False,validation,2019-09-10 07:41:00+00:00
514,436_upper,2019-09-12,2019,upper,2019-09-11 19:22:00-04:00,2019-09-11 19:24:00-04:00,7921.3221564805135,7933.6971564805135,7921.3221564805135,8.25,12.375,SL,-12.375,False,validation,2019-09-11 23:22:00+00:00
515,432_upper,2019-09-12,2019,upper,2019-09-11 19:25:00-04:00,2019-09-11 19:26:00-04:00,7938.40261158739,7950.77761158739,7938.40261158739,8.25,12.375,SL,-12.375,False,validation,2019-09-11 23:25:00+00:00
516,439_upper,2019-09-19,2019,upper,2019-09-19 09:32:00-04:00,2019-09-19 15:00:00-04:00,7939.129790605412,7930.75,7939.129790605412,39.25,58.875,cutoff,8.379790605412381,False,validation,2019-09-19 13:32:00+00:00
517,444_upper,2019-09-24,2019,upper,2019-09-23 19:02:00-04:00,2019-09-23 19:03:00-04:00,7904.190003267094,7891.440003267094,7904.190003267094,8.5,12.75,TP,12.75,False,validation,2019-09-23 23:02:00+00:00
518,435_lower,2019-09-25,2019,lower,2019-09-25 04:49:00-04:00,2019-09-25 10:54:00-04:00,7698.761779676393,7744.511779676393,7698.761779676393,30.5,45.75,TP,45.75,False,validation,2019-09-25 08:49:00+00:00
519,449_upper,2019-10-01,2019,upper,2019-09-30 21:02:00-04:00,2019-10-01 10:13:00-04:00,7806.146137609452,7768.271137609452,7806.146137609452,25.25,37.875,TP,37.875,False,validation,2019-10-01 01:02:00+00:00
520,450_lower,2019-10-02,2019,lower,2019-10-02 03:10:00-04:00,2019-10-02 03:22:00-04:00,7689.38138584795,7663.88138584795,7689.38138584795,17.0,25.5,SL,-25.5,False,validation,2019-10-02 07:10:00+00:00
521,449_lower,2019-10-02,2019,lower,2019-10-02 04:44:00-04:00,2019-10-02 10:41:00-04:00,7648.353862390548,7571.103862390548,7648.353862390548,51.5,77.25,SL,-77.25,False,validation,2019-10-02 08:44:00+00:00
522,452_upper,2019-10-04,2019,upper,2019-10-04 08:31:00-04:00,2019-10-04 08:48:00-04:00,7686.64445205237,7663.01945205237,7686.64445205237,15.75,23.625,TP,23.625,False,validation,2019-10-04 12:31:00+00:00
523,454_lower,2019-10-08,2019,lower,2019-10-08 09:39:00-04:00,2019-10-08 10:02:00-04:00,7665.212805671234,7636.712805671234,7665.212805671234,19.0,28.5,SL,-28.5,False,validation,2019-10-08 13:39:00+00:00
524,454_upper,2019-10-11,2019,upper,2019-10-11 04:10:00-04:00,2019-10-11 05:02:00-04:00,7817.037194328765,7845.162194328765,7817.037194328765,18.75,28.125,SL,-28.125,False,validation,2019-10-11 08:10:00+00:00
525,447_upper,2019-10-11,2019,upper,2019-10-11 09:49:00-04:00,2019-10-11 11:31:00-04:00,7884.881813648036,7903.631813648036,7884.881813648036,12.5,18.75,SL,-18.75,False,validation,2019-10-11 13:49:00+00:00
526,460_upper,2019-10-17,2019,upper,2019-10-17 05:31:00-04:00,2019-10-17 10:49:00-04:00,7971.955612648202,7943.830612648202,7971.955612648202,18.75,28.125,TP,28.125,False,validation,2019-10-17 09:31:00+00:00
527,464_upper,2019-10-22,2019,upper,2019-10-22 09:34:00-04:00,2019-10-22 09:36:00-04:00,7986.401104246743,7971.026104246743,7986.401104246743,10.25,15.375,TP,15.375,False,validation,2019-10-22 13:34:00+00:00
528,466_upper,2019-10-24,2019,upper,2019-10-24 03:15:00-04:00,2019-10-24 06:12:00-04:00,7934.28716641723,7934.28716641723,7934.28716641723,14.0,21.0,BE,-0.0,False,validation,2019-10-24 07:15:00+00:00
529,469_upper,2019-11-01,2019,upper,2019-11-01 09:54:00-04:00,2019-11-01 15:00:00-04:00,8143.651822073346,8146.25,8143.651822073346,35.5,53.25,cutoff,-2.598177926653989,False,validation,2019-11-01 13:54:00+00:00
530,472_upper,2019-11-04,2019,upper,2019-11-03 21:37:00-05:00,2019-11-03 21:37:00-05:00,8184.499970626402,8184.75,8184.499970626402,10.25,15.375,cutoff,-0.2500293735974992,False,validation,2019-11-04 02:37:00+00:00
531,473_upper,2019-11-04,2019,upper,2019-11-04 05:02:00-05:00,2019-11-04 08:31:00-05:00,8206.423598005367,8223.298598005367,8206.423598005367,11.25,16.875,SL,-16.875,False,validation,2019-11-04 10:02:00+00:00
532,482_upper,2019-11-15,2019,upper,2019-11-14 20:15:00-05:00,2019-11-14 21:56:00-05:00,8303.323514829619,8303.323514829619,8303.323514829619,34.5,51.75,BE,-0.0,False,validation,2019-11-15 01:15:00+00:00
533,481_upper,2019-11-15,2019,upper,2019-11-15 08:48:00-05:00,2019-11-15 09:59:00-05:00,8308.599787545481,8290.974787545481,8308.599787545481,11.75,17.625,TP,17.625,False,validation,2019-11-15 13:48:00+00:00
534,480_upper,2019-11-18,2019,upper,2019-11-18 02:16:00-05:00,2019-11-18 02:17:00-05:00,8325.258197873129,8332.758197873129,8325.258197873129,5.0,7.5,SL,-7.5,False,validation,2019-11-18 07:16:00+00:00
535,484_upper,2019-11-19,2019,upper,2019-11-19 03:23:00-05:00,2019-11-19 03:32:00-05:00,8363.69098040014,8354.31598040014,8363.69098040014,6.25,9.375,TP,9.375,False,validation,2019-11-19 08:23:00+00:00
536,485_lower,2019-11-20,2019,lower,2019-11-20 03:54:00-05:00,2019-11-20 05:15:00-05:00,8296.92587972569,8296.92587972569,8296.92587972569,24.75,37.125,BE,0.0,False,validation,2019-11-20 08:54:00+00:00
537,487_upper,2019-11-25,2019,upper,2019-11-25 09:34:00-05:00,2019-11-25 10:10:00-05:00,8337.282692203938,8359.032692203938,8337.282692203938,14.5,21.75,SL,-21.75,False,validation,2019-11-25 14:34:00+00:00
538,485_upper,2019-11-26,2019,upper,2019-11-25 20:46:00-05:00,2019-11-25 21:47:00-05:00,8414.82412027431,8382.94912027431,8414.82412027431,21.25,31.875,TP,31.875,False,validation,2019-11-26 01:46:00+00:00
539,492_lower,2019-12-02,2019,lower,2019-12-02 09:30:00-05:00,2019-12-02 09:39:00-05:00,8403.609446385071,8373.984446385071,8403.609446385071,19.75,29.625,SL,-29.625,False,validation,2019-12-02 14:30:00+00:00
540,491_lower,2019-12-02,2019,lower,2019-12-02 09:40:00-05:00,2019-12-02 10:00:00-05:00,8363.173461706589,8333.548461706589,8363.173461706589,19.75,29.625,SL,-29.625,False,validation,2019-12-02 14:40:00+00:00
541,494_lower,2019-12-03,2019,lower,2019-12-03 07:45:00-05:00,2019-12-03 08:32:00-05:00,8261.172082087238,8229.672082087238,8261.172082087238,21.0,31.5,SL,-31.5,False,validation,2019-12-03 12:45:00+00:00
542,487_lower,2019-12-03,2019,lower,2019-12-03 09:04:00-05:00,2019-12-03 15:00:00-05:00,8216.717307796062,8230.5,8216.717307796062,40.0,60.0,cutoff,13.782692203938495,False,validation,2019-12-03 14:04:00+00:00
543,495_upper,2019-12-04,2019,upper,2019-12-04 04:07:00-05:00,2019-12-04 15:00:00-05:00,8288.801957918473,8313.5,8288.801957918473,27.25,40.875,cutoff,-24.69804208152709,False,validation,2019-12-04 09:07:00+00:00
544,496_upper,2019-12-06,2019,upper,2019-12-06 08:41:00-05:00,2019-12-06 10:50:00-05:00,8372.8689328482,8393.1189328482,8372.8689328482,13.5,20.25,SL,-20.25,False,validation,2019-12-06 13:41:00+00:00
545,499_lower,2019-12-10,2019,lower,2019-12-10 03:52:00-05:00,2019-12-10 03:55:00-05:00,8329.83248049312,8320.83248049312,8329.83248049312,6.0,9.0,SL,-9.0,False,validation,2019-12-10 08:52:00+00:00
546,498_lower,2019-12-10,2019,lower,2019-12-10 06:27:00-05:00,2019-12-10 08:15:00-05:00,8313.651757845686,8335.776757845686,8313.651757845686,14.75,22.125,TP,22.125,False,validation,2019-12-10 11:27:00+00:00
547,498_upper,2019-12-12,2019,upper,2019-12-12 09:38:00-05:00,2019-12-12 10:00:00-05:00,8437.348242154314,8470.348242154314,8437.348242154314,22.0,33.0,SL,-33.0,False,validation,2019-12-12 14:38:00+00:00
548,502_upper,2019-12-13,2019,upper,2019-12-13 05:31:00-05:00,2019-12-13 07:01:00-05:00,8544.400039693046,8530.900039693046,8544.400039693046,9.0,13.5,TP,13.5,False,validation,2019-12-13 10:31:00+00:00
549,503_upper,2019-12-16,2019,upper,2019-12-16 09:45:00-05:00,2019-12-16 10:23:00-05:00,8594.903059526845,8609.153059526845,8594.903059526845,9.5,14.25,SL,-14.25,False,validation,2019-12-16 14:45:00+00:00
550,508_upper,2019-12-26,2019,upper,2019-12-26 09:45:00-05:00,2019-12-26 11:20:00-05:00,8756.55477276877,8775.67977276877,8756.55477276877,12.75,19.125,SL,-19.125,False,validation,2019-12-26 14:45:00+00:00
551,512_lower,2019-12-30,2019,lower,2019-12-30 09:38:00-05:00,2019-12-30 09:45:00-05:00,8742.97249466529,8723.09749466529,8742.97249466529,13.25,19.875,SL,-19.875,False,validation,2019-12-30 14:38:00+00:00
552,514_lower,2020-01-03,2020,lower,2020-01-03 05:56:00-05:00,2020-01-03 08:13:00-05:00,8743.715344071625,8793.965344071625,8743.715344071625,33.5,50.25,TP,50.25,False,build_years,2020-01-03 10:56:00+00:00
553,515_upper,2020-01-07,2020,upper,2020-01-06 21:23:00-05:00,2020-01-06 23:25:00-05:00,8881.00840595395,8881.00840595395,8881.00840595395,14.0,21.0,BE,-0.0,False,build_years,2020-01-07 02:23:00+00:00
554,515_lower,2020-01-08,2020,lower,2020-01-07 19:32:00-05:00,2020-01-08 06:28:00-05:00,8696.61659404605,8876.99159404605,8696.61659404605,120.25,180.375,TP,180.375,False,build_years,2020-01-08 00:32:00+00:00
555,524_upper,2020-01-17,2020,upper,2020-01-17 04:51:00-05:00,2020-01-17 11:13:00-05:00,9163.275526241005,9136.650526241005,9163.275526241005,17.75,26.625,TP,26.625,False,build_years,2020-01-17 09:51:00+00:00
556,526_lower,2020-01-21,2020,lower,2020-01-20 21:35:00-05:00,2020-01-21 01:42:00-05:00,9121.972242453598,9121.972242453598,9121.972242453598,39.75,59.625,BE,0.0,False,build_years,2020-01-21 02:35:00+00:00
557,526_upper,2020-01-22,2020,upper,2020-01-21 21:51:00-05:00,2020-01-21 21:57:00-05:00,9212.777757546402,9230.027757546402,9212.777757546402,11.5,17.25,SL,-17.25,False,build_years,2020-01-22 02:51:00+00:00
558,525_upper,2020-01-22,2020,upper,2020-01-22 01:06:00-05:00,2020-01-22 03:47:00-05:00,9236.007077102986,9224.757077102986,9236.007077102986,7.5,11.25,TP,11.25,False,build_years,2020-01-22 06:06:00+00:00
559,528_lower,2020-01-23,2020,lower,2020-01-23 09:35:00-05:00,2020-01-23 09:58:00-05:00,9157.475099792831,9184.100099792831,9157.475099792831,17.75,26.625,TP,26.625,False,build_years,2020-01-23 14:35:00+00:00
560,529_upper,2020-01-24,2020,upper,2020-01-24 03:07:00-05:00,2020-01-24 03:35:00-05:00,9274.55896358009,9285.05896358009,9274.55896358009,7.0,10.5,SL,-10.5,False,build_years,2020-01-24 08:07:00+00:00
561,523_lower,2020-01-27,2020,lower,2020-01-27 05:03:00-05:00,2020-01-27 15:00:00-05:00,8991.946156459002,8974.0,8991.946156459002,48.0,72.0,cutoff,-17.94615645900194,False,build_years,2020-01-27 10:03:00+00:00
562,533_lower,2020-01-30,2020,lower,2020-01-30 02:06:00-05:00,2020-01-30 03:03:00-05:00,9012.488205660382,9012.488205660382,9012.488205660382,19.5,29.25,BE,0.0,False,build_years,2020-01-30 07:06:00+00:00
563,536_upper,2020-02-04,2020,upper,2020-02-04 03:23:00-05:00,2020-02-04 04:26:00-05:00,9218.804595713063,9218.804595713063,9218.804595713063,28.0,42.0,BE,-0.0,False,build_years,2020-02-04 08:23:00+00:00
564,533_upper,2020-02-04,2020,upper,2020-02-04 07:40:00-05:00,2020-02-04 10:29:00-05:00,9252.011794339618,9280.511794339618,9252.011794339618,19.0,28.5,SL,-28.5,False,build_years,2020-02-04 12:40:00+00:00
565,538_upper,2020-02-11,2020,upper,2020-02-10 20:45:00-05:00,2020-02-11 15:00:00-05:00,9567.69569543655,9536.0,9567.69569543655,32.5,48.75,cutoff,31.695695436550523,False,build_years,2020-02-11 01:45:00+00:00
566,544_upper,2020-02-14,2020,upper,2020-02-13 22:02:00-05:00,2020-02-13 22:49:00-05:00,9650.077889608092,9650.077889608092,9650.077889608092,21.0,31.5,BE,-0.0,False,build_years,2020-02-14 03:02:00+00:00
567,543_upper,2020-02-17,2020,upper,2020-02-16 20:47:00-05:00,2020-02-16 21:44:00-05:00,9673.03187706804,9673.03187706804,9673.03187706804,13.25,19.875,BE,-0.0,False,build_years,2020-02-17 01:47:00+00:00
568,542_upper,2020-02-17,2020,upper,2020-02-17 00:41:00-05:00,2020-02-17 01:19:00-05:00,9676.808177323495,9683.183177323495,9676.808177323495,4.25,6.375,SL,-6.375,False,build_years,2020-02-17 05:41:00+00:00
569,547_upper,2020-02-19,2020,upper,2020-02-19 07:58:00-05:00,2020-02-19 08:47:00-05:00,9684.604784625351,9684.604784625351,9684.604784625351,9.5,14.25,BE,-0.0,False,build_years,2020-02-19 12:58:00+00:00
570,545_upper,2020-02-19,2020,upper,2020-02-19 09:36:00-05:00,2020-02-19 10:20:00-05:00,9706.908512159982,9720.033512159982,9706.908512159982,8.75,13.125,SL,-13.125,False,build_years,2020-02-19 14:36:00+00:00
571,543_lower,2020-02-21,2020,lower,2020-02-21 09:49:00-05:00,2020-02-21 09:57:00-05:00,9489.09312293196,9521.34312293196,9489.09312293196,21.5,32.25,TP,32.25,False,build_years,2020-02-21 14:49:00+00:00
572,541_lower,2020-02-24,2020,lower,2020-02-23 21:27:00-05:00,2020-02-24 02:15:00-05:00,9281.154486973352,9251.904486973352,9281.154486973352,19.5,29.25,SL,-29.25,False,build_years,2020-02-24 02:27:00+00:00
573,537_lower,2020-02-24,2020,lower,2020-02-24 04:16:00-05:00,2020-02-24 05:47:00-05:00,9156.767105704166,9156.767105704166,9156.767105704166,87.0,130.5,BE,0.0,False,build_years,2020-02-24 09:16:00+00:00
574,553_lower,2020-02-27,2020,lower,2020-02-26 22:58:00-05:00,2020-02-27 02:27:00-05:00,8724.757467992544,8800.132467992544,8724.757467992544,50.25,75.375,TP,75.375,False,build_years,2020-02-27 03:58:00+00:00
575,555_upper,2020-03-02,2020,upper,2020-03-01 20:31:00-05:00,2020-03-02 02:45:00-05:00,8455.361761076416,8565.236761076416,8455.361761076416,73.25,109.875,SL,-109.875,False,build_years,2020-03-02 01:31:00+00:00
576,559_lower,2020-03-06,2020,lower,2020-03-05 22:53:00-05:00,2020-03-06 04:58:00-05:00,8551.275749585217,8466.900749585217,8551.275749585217,56.25,84.375,SL,-84.375,False,build_years,2020-03-06 03:53:00+00:00
577,561_lower,2020-03-12,2020,lower,2020-03-12 09:30:00-04:00,2020-03-12 09:30:00-04:00,7504.25,7497.875,7595.5999259774835,4.25,6.375,SL,-6.375,True,build_years,2020-03-12 13:30:00+00:00
578,568_upper,2020-03-20,2020,upper,2020-03-20 03:26:00-04:00,2020-03-20 09:44:00-04:00,7511.458736501807,7311.458736501807,7511.458736501807,169.5,200.0,TP,200.0,False,build_years,2020-03-20 07:26:00+00:00
579,571_upper,2020-03-24,2020,upper,2020-03-24 04:07:00-04:00,2020-03-24 05:12:00-04:00,7322.838733246481,7322.838733246481,7322.838733246481,60.5,90.75,BE,-0.0,False,build_years,2020-03-24 08:07:00+00:00
580,572_upper,2020-03-25,2020,upper,2020-03-25 03:59:00-04:00,2020-03-25 06:53:00-04:00,7646.30369503761,7492.55369503761,7646.30369503761,102.5,153.75,TP,153.75,False,build_years,2020-03-25 07:59:00+00:00
581,575_upper,2020-03-31,2020,upper,2020-03-30 20:01:00-04:00,2020-03-30 20:48:00-04:00,7888.718408387388,7888.718408387388,7888.718408387388,31.0,46.5,BE,-0.0,False,build_years,2020-03-31 00:01:00+00:00
582,573_upper,2020-03-31,2020,upper,2020-03-30 21:02:00-04:00,2020-03-30 21:50:00-04:00,7909.778477294267,7909.778477294267,7909.778477294267,29.0,43.5,BE,-0.0,False,build_years,2020-03-31 01:02:00+00:00
583,576_upper,2020-03-31,2020,upper,2020-03-31 05:22:00-04:00,2020-03-31 06:21:00-04:00,7949.624439029813,7893.374439029813,7949.624439029813,37.5,56.25,TP,56.25,False,build_years,2020-03-31 09:22:00+00:00
584,577_lower,2020-04-01,2020,lower,2020-04-01 01:49:00-04:00,2020-04-01 10:16:00-04:00,7578.254553993011,7635.254553993011,7578.254553993011,38.0,57.0,TP,57.0,False,build_years,2020-04-01 05:49:00+00:00
585,578_lower,2020-04-02,2020,lower,2020-04-02 09:14:00-04:00,2020-04-02 10:35:00-04:00,7388.1058233536705,7588.1058233536705,7388.1058233536705,145.0,200.0,TP,200.0,False,build_years,2020-04-02 13:14:00+00:00
586,579_upper,2020-04-06,2020,upper,2020-04-05 20:17:00-04:00,2020-04-05 20:31:00-04:00,7703.231612359354,7751.981612359354,7703.231612359354,32.5,48.75,SL,-48.75,False,build_years,2020-04-06 00:17:00+00:00
587,580_upper,2020-04-06,2020,upper,2020-04-05 20:35:00-04:00,2020-04-05 22:30:00-04:00,7808.464622827671,7759.714622827671,7808.464622827671,32.5,48.75,TP,48.75,False,build_years,2020-04-06 00:35:00+00:00
588,577_upper,2020-04-07,2020,upper,2020-04-07 02:58:00-04:00,2020-04-07 06:02:00-04:00,8151.870446006989,8260.62044600699,8151.870446006989,72.5,108.75,SL,-108.75,False,build_years,2020-04-07 06:58:00+00:00
589,583_upper,2020-04-09,2020,upper,2020-04-09 09:43:00-04:00,2020-04-09 15:00:00-04:00,8316.921889912834,8173.75,8316.921889912834,171.75,200.0,cutoff,143.17188991283365,False,build_years,2020-04-09 13:43:00+00:00
590,585_upper,2020-04-14,2020,upper,2020-04-13 21:33:00-04:00,2020-04-13 22:34:00-04:00,8377.974427210953,8448.474427210953,8377.974427210953,47.0,70.5,SL,-70.5,False,build_years,2020-04-14 01:33:00+00:00
591,582_upper,2020-04-14,2020,upper,2020-04-14 09:34:00-04:00,2020-04-14 09:50:00-04:00,8503.366634118818,8564.116634118818,8503.366634118818,40.5,60.75,SL,-60.75,False,build_years,2020-04-14 13:34:00+00:00
592,589_lower,2020-04-21,2020,lower,2020-04-20 22:38:00-04:00,2020-04-21 03:04:00-04:00,8627.887119112991,8702.512119112991,8627.887119112991,49.75,74.625,TP,74.625,False,build_years,2020-04-21 02:38:00+00:00
593,590_lower,2020-04-21,2020,lower,2020-04-21 09:37:00-04:00,2020-04-21 09:45:00-04:00,8582.137175759435,8533.387175759435,8582.137175759435,32.5,48.75,SL,-48.75,False,build_years,2020-04-21 13:37:00+00:00
594,594_upper,2020-04-27,2020,upper,2020-04-26 22:06:00-04:00,2020-04-26 23:01:00-04:00,8823.787808365498,8823.787808365498,8823.787808365498,40.75,61.125,BE,-0.0,False,build_years,2020-04-27 02:06:00+00:00
595,591_upper,2020-04-27,2020,upper,2020-04-27 00:00:00-04:00,2020-04-27 00:32:00-04:00,8842.999663098304,8873.749663098304,8842.999663098304,20.5,30.75,SL,-30.75,False,build_years,2020-04-27 04:00:00+00:00
596,593_upper,2020-04-28,2020,upper,2020-04-28 05:20:00-04:00,2020-04-28 05:50:00-04:00,8898.367238360446,8930.992238360446,8898.367238360446,21.75,32.625,SL,-32.625,False,build_years,2020-04-28 09:20:00+00:00
597,600_upper,2020-05-05,2020,upper,2020-05-05 03:30:00-04:00,2020-05-05 04:17:00-04:00,8892.408305458119,8892.408305458119,8892.408305458119,23.75,35.625,BE,-0.0,False,build_years,2020-05-05 07:30:00+00:00
598,601_upper,2020-05-07,2020,upper,2020-05-07 05:36:00-04:00,2020-05-07 06:22:00-04:00,9092.014338145143,9092.014338145143,9092.014338145143,23.75,35.625,BE,-0.0,False,build_years,2020-05-07 09:36:00+00:00
599,598_upper,2020-05-08,2020,upper,2020-05-07 20:00:00-04:00,2020-05-07 22:16:00-04:00,9157.354943061791,9200.479943061791,9157.354943061791,28.75,43.125,SL,-43.125,False,build_years,2020-05-08 00:00:00+00:00
600,603_upper,2020-05-11,2020,upper,2020-05-10 19:33:00-04:00,2020-05-11 07:40:00-04:00,9243.358037197811,9175.108037197811,9243.358037197811,45.5,68.25,TP,68.25,False,build_years,2020-05-10 23:33:00+00:00
601,605_lower,2020-05-13,2020,lower,2020-05-12 19:45:00-04:00,2020-05-12 22:44:00-04:00,9008.407743009884,9078.907743009884,9008.407743009884,47.0,70.5,TP,70.5,False,build_years,2020-05-12 23:45:00+00:00
602,608_upper,2020-05-15,2020,upper,2020-05-15 03:07:00-04:00,2020-05-15 03:53:00-04:00,9130.678190866349,9130.678190866349,9130.678190866349,25.75,38.625,BE,-0.0,False,build_years,2020-05-15 07:07:00+00:00
603,609_upper,2020-05-18,2020,upper,2020-05-17 19:04:00-04:00,2020-05-17 19:50:00-04:00,9169.976526088944,9169.976526088944,9169.976526088944,57.75,86.625,BE,-0.0,False,build_years,2020-05-17 23:04:00+00:00
604,610_upper,2020-05-20,2020,upper,2020-05-20 09:30:00-04:00,2020-05-20 09:58:00-04:00,9425.837628444118,9456.212628444118,9425.837628444118,20.25,30.375,SL,-30.375,False,build_years,2020-05-20 13:30:00+00:00
605,613_lower,2020-05-22,2020,lower,2020-05-21 22:54:00-04:00,2020-05-22 03:15:00-04:00,9317.39740577974,9251.39740577974,9317.39740577974,44.0,66.0,SL,-66.0,False,build_years,2020-05-22 02:54:00+00:00
606,614_upper,2020-05-25,2020,upper,2020-05-25 06:50:00-04:00,2020-05-25 08:42:00-04:00,9515.47359590476,9515.47359590476,9515.47359590476,16.25,24.375,BE,-0.0,False,build_years,2020-05-25 10:50:00+00:00
607,612_upper,2020-05-26,2020,upper,2020-05-25 23:54:00-04:00,2020-05-26 02:11:00-04:00,9572.289936151348,9595.164936151348,9572.289936151348,15.25,22.875,SL,-22.875,False,build_years,2020-05-26 03:54:00+00:00
608,619_upper,2020-06-02,2020,upper,2020-06-02 02:29:00-04:00,2020-06-02 03:28:00-04:00,9608.202720566169,9608.202720566169,9608.202720566169,27.0,40.5,BE,-0.0,False,build_years,2020-06-02 06:29:00+00:00
609,615_upper,2020-06-02,2020,upper,2020-06-02 03:31:00-04:00,2020-06-02 04:17:00-04:00,9624.147499658488,9624.147499658488,9624.147499658488,15.0,22.5,BE,-0.0,False,build_years,2020-06-02 07:31:00+00:00
610,613_upper,2020-06-02,2020,upper,2020-06-02 04:18:00-04:00,2020-06-02 09:31:00-04:00,9633.47759422026,9583.22759422026,9633.47759422026,33.5,50.25,TP,50.25,False,build_years,2020-06-02 08:18:00+00:00
611,620_upper,2020-06-03,2020,upper,2020-06-02 20:45:00-04:00,2020-06-02 21:45:00-04:00,9681.300958053464,9681.300958053464,9681.300958053464,37.5,56.25,BE,-0.0,False,build_years,2020-06-03 00:45:00+00:00
612,621_upper,2020-06-04,2020,upper,2020-06-04 09:50:00-04:00,2020-06-04 11:13:00-04:00,9728.37040825345,9667.24540825345,9728.37040825345,40.75,61.125,TP,61.125,False,build_years,2020-06-04 13:50:00+00:00
613,626_upper,2020-06-10,2020,upper,2020-06-09 21:32:00-04:00,2020-06-10 05:03:00-04:00,10005.261489168231,9979.761489168231,10005.261489168231,17.0,25.5,TP,25.5,False,build_years,2020-06-10 01:32:00+00:00
614,627_lower,2020-06-11,2020,lower,2020-06-11 08:22:00-04:00,2020-06-11 09:38:00-04:00,9906.19433490329,9906.19433490329,9906.19433490329,45.5,68.25,BE,0.0,False,build_years,2020-06-11 12:22:00+00:00
615,621_lower,2020-06-15,2020,lower,2020-06-15 01:36:00-04:00,2020-06-15 02:01:00-04:00,9460.75459174655,9396.25459174655,9460.75459174655,43.0,64.5,SL,-64.5,False,build_years,2020-06-15 05:36:00+00:00
616,620_lower,2020-06-15,2020,lower,2020-06-15 02:05:00-04:00,2020-06-15 09:57:00-04:00,9384.324041946536,9571.074041946536,9384.324041946536,124.5,186.75,TP,186.75,False,build_years,2020-06-15 06:05:00+00:00
617,629_upper,2020-06-16,2020,upper,2020-06-16 08:57:00-04:00,2020-06-16 09:35:00-04:00,9998.480141994416,9943.355141994416,9998.480141994416,36.75,55.125,TP,55.125,False,build_years,2020-06-16 12:57:00+00:00
618,628_upper,2020-06-19,2020,upper,2020-06-19 08:36:00-04:00,2020-06-19 09:24:00-04:00,10095.59396073106,10095.59396073106,10095.59396073106,21.5,32.25,BE,-0.0,False,build_years,2020-06-19 12:36:00+00:00
619,633_upper,2020-06-19,2020,upper,2020-06-19 09:28:00-04:00,2020-06-19 09:31:00-04:00,10112.11935459612,10079.11935459612,10112.11935459612,22.0,33.0,TP,33.0,False,build_years,2020-06-19 13:28:00+00:00
620,632_upper,2020-06-23,2020,upper,2020-06-23 03:15:00-04:00,2020-06-23 11:23:00-04:00,10164.240165724948,10249.365165724948,10164.240165724948,56.75,85.125,SL,-85.125,False,build_years,2020-06-23 07:15:00+00:00
621,638_lower,2020-06-29,2020,lower,2020-06-29 09:41:00-04:00,2020-06-29 10:02:00-04:00,9758.955832485262,9823.830832485262,9758.955832485262,43.25,64.875,TP,64.875,False,build_years,2020-06-29 13:41:00+00:00
622,640_upper,2020-06-30,2020,upper,2020-06-30 01:21:00-04:00,2020-06-30 01:27:00-04:00,10024.81294832396,10016.56294832396,10024.81294832396,5.5,8.25,TP,8.25,False,build_years,2020-06-30 05:21:00+00:00
623,638_upper,2020-07-01,2020,upper,2020-07-01 09:33:00-04:00,2020-07-01 15:00:00-04:00,10189.419167514738,10263.0,10189.419167514738,68.5,102.75,cutoff,-73.58083248526236,False,build_years,2020-07-01 13:33:00+00:00
624,641_upper,2020-07-02,2020,upper,2020-07-02 04:27:00-04:00,2020-07-02 07:42:00-04:00,10329.49261309652,10329.49261309652,10329.49261309652,29.25,43.875,BE,-0.0,False,build_years,2020-07-02 08:27:00+00:00
625,636_upper,2020-07-02,2020,upper,2020-07-02 08:30:00-04:00,2020-07-02 09:32:00-04:00,10344.29260296773,10385.54260296773,10344.29260296773,27.5,41.25,SL,-41.25,False,build_years,2020-07-02 12:30:00+00:00
626,643_upper,2020-07-06,2020,upper,2020-07-05 21:46:00-04:00,2020-07-05 22:33:00-04:00,10467.840840343804,10467.840840343804,10467.840840343804,28.0,42.0,BE,-0.0,False,build_years,2020-07-06 01:46:00+00:00
627,644_upper,2020-07-07,2020,upper,2020-07-06 19:33:00-04:00,2020-07-06 21:53:00-04:00,10645.149837633802,10599.399837633802,10645.149837633802,30.5,45.75,TP,45.75,False,build_years,2020-07-06 23:33:00+00:00
628,648_upper,2020-07-13,2020,upper,2020-07-13 07:06:00-04:00,2020-07-13 09:33:00-04:00,10926.109448111816,10958.359448111816,10926.109448111816,21.5,32.25,SL,-32.25,False,build_years,2020-07-13 11:06:00+00:00
629,647_lower,2020-07-14,2020,lower,2020-07-14 08:51:00-04:00,2020-07-14 09:38:00-04:00,10556.529124282211,10556.529124282211,10556.529124282211,82.5,123.75,BE,0.0,False,build_years,2020-07-14 12:51:00+00:00
630,646_lower,2020-07-14,2020,lower,2020-07-14 09:52:00-04:00,2020-07-14 13:54:00-04:00,10416.702043158331,10616.702043158331,10416.702043158331,164.5,200.0,TP,200.0,False,build_years,2020-07-14 13:52:00+00:00
631,651_lower,2020-07-16,2020,lower,2020-07-16 05:11:00-04:00,2020-07-16 06:00:00-04:00,10513.317772147311,10513.317772147311,10513.317772147311,68.25,102.375,BE,0.0,False,build_years,2020-07-16 09:11:00+00:00
632,654_lower,2020-07-24,2020,lower,2020-07-24 02:57:00-04:00,2020-07-24 03:32:00-04:00,10437.617993932472,10386.617993932472,10437.617993932472,34.0,51.0,SL,-51.0,False,build_years,2020-07-24 06:57:00+00:00
633,652_lower,2020-07-24,2020,lower,2020-07-24 09:37:00-04:00,2020-07-24 09:40:00-04:00,10357.582540447102,10305.832540447102,10357.582540447102,34.5,51.75,SL,-51.75,False,build_years,2020-07-24 13:37:00+00:00
634,656_upper,2020-08-03,2020,upper,2020-08-03 09:33:00-04:00,2020-08-03 10:00:00-04:00,11023.64486768893,11053.26986768893,11023.64486768893,19.75,29.625,SL,-29.625,False,build_years,2020-08-03 13:33:00+00:00
635,663_upper,2020-08-05,2020,upper,2020-08-05 02:05:00-04:00,2020-08-05 03:11:00-04:00,11106.176913153136,11131.676913153136,11106.176913153136,17.0,25.5,SL,-25.5,False,build_years,2020-08-05 06:05:00+00:00
636,670_upper,2020-08-13,2020,upper,2020-08-13 09:31:00-04:00,2020-08-13 10:20:00-04:00,11198.889330594502,11198.889330594502,11198.889330594502,62.25,93.375,BE,-0.0,False,build_years,2020-08-13 13:31:00+00:00
637,669_upper,2020-08-18,2020,upper,2020-08-17 19:31:00-04:00,2020-08-17 20:25:00-04:00,11308.24988909068,11308.24988909068,11308.24988909068,11.5,17.25,BE,-0.0,False,build_years,2020-08-17 23:31:00+00:00
638,672_upper,2020-08-18,2020,upper,2020-08-18 09:35:00-04:00,2020-08-18 10:28:00-04:00,11353.428427392624,11290.803427392624,11353.428427392624,41.75,62.625,TP,62.625,False,build_years,2020-08-18 13:35:00+00:00
639,677_upper,2020-08-21,2020,upper,2020-08-20 20:00:00-04:00,2020-08-20 21:00:00-04:00,11503.059627482891,11522.559627482891,11503.059627482891,13.0,19.5,SL,-19.5,False,build_years,2020-08-21 00:00:00+00:00
640,678_upper,2020-08-24,2020,upper,2020-08-24 04:00:00-04:00,2020-08-24 09:39:00-04:00,11657.182826359074,11713.807826359074,11657.182826359074,37.75,56.625,SL,-56.625,False,build_years,2020-08-24 08:00:00+00:00
641,680_upper,2020-08-26,2020,upper,2020-08-26 06:54:00-04:00,2020-08-26 08:16:00-04:00,11773.882955083516,11747.257955083516,11773.882955083516,17.75,26.625,TP,26.625,False,build_years,2020-08-26 10:54:00+00:00
642,683_upper,2020-09-01,2020,upper,2020-09-01 02:16:00-04:00,2020-09-01 03:21:00-04:00,12175.52827197218,12203.65327197218,12175.52827197218,18.75,28.125,SL,-28.125,False,build_years,2020-09-01 06:16:00+00:00
643,684_upper,2020-09-01,2020,upper,2020-09-01 03:22:00-04:00,2020-09-01 04:12:00-04:00,12216.688193135333,12216.688193135333,12216.688193135333,31.25,46.875,BE,-0.0,False,build_years,2020-09-01 07:22:00+00:00
644,685_upper,2020-09-02,2020,upper,2020-09-02 05:56:00-04:00,2020-09-02 09:30:00-04:00,12458.311956416415,12414.061956416415,12458.311956416415,29.5,44.25,TP,44.25,False,build_years,2020-09-02 09:56:00+00:00
645,681_lower,2020-09-04,2020,lower,2020-09-03 19:06:00-04:00,2020-09-04 09:32:00-04:00,11622.124257880094,11800.999257880094,11622.124257880094,119.25,178.875,TP,178.875,False,build_years,2020-09-03 23:06:00+00:00
646,689_lower,2020-09-08,2020,lower,2020-09-08 06:25:00-04:00,2020-09-08 07:23:00-04:00,11253.833137562138,11253.833137562138,11253.833137562138,126.75,190.125,BE,0.0,False,build_years,2020-09-08 10:25:00+00:00
647,675_lower,2020-09-08,2020,lower,2020-09-08 09:41:00-04:00,2020-09-08 09:57:00-04:00,11134.05289964816,11286.30289964816,11134.05289964816,101.5,152.25,TP,152.25,False,build_years,2020-09-08 13:41:00+00:00
648,693_upper,2020-09-16,2020,upper,2020-09-16 04:08:00-04:00,2020-09-16 07:29:00-04:00,11505.250841805442,11464.750841805442,11505.250841805442,27.0,40.5,TP,40.5,False,build_years,2020-09-16 08:08:00+00:00
649,694_lower,2020-09-17,2020,lower,2020-09-17 08:30:00-04:00,2020-09-17 10:45:00-04:00,10994.689272151754,11116.939272151754,10994.689272151754,81.5,122.25,TP,122.25,False,build_years,2020-09-17 12:30:00+00:00
650,697_lower,2020-09-21,2020,lower,2020-09-21 04:48:00-04:00,2020-09-21 05:45:00-04:00,10727.425618727217,10727.425618727217,10727.425618727217,123.25,184.875,BE,0.0,False,build_years,2020-09-21 08:48:00+00:00
651,697_upper,2020-09-28,2020,upper,2020-09-28 04:10:00-04:00,2020-09-28 06:09:00-04:00,11249.324381272783,11301.074381272783,11249.324381272783,34.5,51.75,SL,-51.75,False,build_years,2020-09-28 08:10:00+00:00
652,698_upper,2020-09-28,2020,upper,2020-09-28 06:17:00-04:00,2020-09-28 07:23:00-04:00,11326.604011271396,11326.604011271396,11326.604011271396,29.25,43.875,BE,-0.0,False,build_years,2020-09-28 10:17:00+00:00
653,701_upper,2020-09-28,2020,upper,2020-09-28 08:06:00-04:00,2020-09-28 09:37:00-04:00,11360.491702084564,11297.116702084564,11360.491702084564,42.25,63.375,TP,63.375,False,build_years,2020-09-28 12:06:00+00:00
654,705_lower,2020-09-30,2020,lower,2020-09-30 02:10:00-04:00,2020-09-30 08:39:00-04:00,11169.921437132629,11309.796437132629,11169.921437132629,93.25,139.875,TP,139.875,False,build_years,2020-09-30 06:10:00+00:00
655,704_upper,2020-10-01,2020,upper,2020-10-01 05:41:00-04:00,2020-10-01 15:00:00-04:00,11532.33747309487,11585.25,11532.33747309487,56.75,85.125,cutoff,-52.9125269051292,False,build_years,2020-10-01 09:41:00+00:00
656,707_lower,2020-10-02,2020,lower,2020-10-02 01:30:00-04:00,2020-10-02 05:32:00-04:00,11332.60493006846,11332.60493006846,11332.60493006846,116.25,174.375,BE,0.0,False,build_years,2020-10-02 05:30:00+00:00
657,709_upper,2020-10-08,2020,upper,2020-10-08 02:42:00-04:00,2020-10-08 04:10:00-04:00,11565.107239575818,11545.607239575818,11565.107239575818,13.0,19.5,TP,19.5,False,build_years,2020-10-08 06:42:00+00:00
658,711_upper,2020-10-09,2020,upper,2020-10-08 23:08:00-04:00,2020-10-09 02:11:00-04:00,11596.25264073798,11571.12764073798,11596.25264073798,16.75,25.125,TP,25.125,False,build_years,2020-10-09 03:08:00+00:00
659,708_upper,2020-10-09,2020,upper,2020-10-09 08:56:00-04:00,2020-10-09 11:31:00-04:00,11616.392866816184,11670.392866816184,11616.392866816184,36.0,54.0,SL,-54.0,False,build_years,2020-10-09 12:56:00+00:00
660,707_upper,2020-10-12,2020,upper,2020-10-11 19:46:00-04:00,2020-10-11 21:32:00-04:00,11749.39506993154,11749.39506993154,11749.39506993154,57.25,85.875,BE,-0.0,False,build_years,2020-10-11 23:46:00+00:00
661,712_upper,2020-10-12,2020,upper,2020-10-11 21:52:00-04:00,2020-10-11 22:38:00-04:00,11765.108817550014,11765.108817550014,11765.108817550014,27.25,40.875,BE,-0.0,False,build_years,2020-10-12 01:52:00+00:00
662,713_upper,2020-10-12,2020,upper,2020-10-12 03:58:00-04:00,2020-10-12 04:18:00-04:00,11794.396357206311,11818.771357206311,11794.396357206311,16.25,24.375,SL,-24.375,False,build_years,2020-10-12 07:58:00+00:00
663,715_lower,2020-10-15,2020,lower,2020-10-14 22:50:00-04:00,2020-10-15 04:40:00-04:00,11886.27611815851,11771.90111815851,11886.27611815851,76.25,114.375,SL,-114.375,False,build_years,2020-10-15 02:50:00+00:00
664,712_lower,2020-10-28,2020,lower,2020-10-28 09:40:00-04:00,2020-10-28 10:17:00-04:00,11338.641182449986,11236.266182449986,11338.641182449986,68.25,102.375,SL,-102.375,False,build_years,2020-10-28 13:40:00+00:00
665,708_lower,2020-10-30,2020,lower,2020-10-30 01:45:00-04:00,2020-10-30 02:10:00-04:00,11084.857133183816,11043.232133183816,11084.857133183816,27.75,41.625,SL,-41.625,False,build_years,2020-10-30 05:45:00+00:00
666,729_upper,2020-11-04,2020,upper,2020-11-03 20:52:00-05:00,2020-11-03 22:03:00-05:00,11392.75306250971,11564.50306250971,11392.75306250971,114.5,171.75,SL,-171.75,False,build_years,2020-11-04 01:52:00+00:00
667,726_upper,2020-11-04,2020,upper,2020-11-03 22:10:00-05:00,2020-11-03 22:57:00-05:00,11667.350479194514,11667.350479194514,11667.350479194514,175.5,200.0,BE,-0.0,False,build_years,2020-11-04 03:10:00+00:00
668,723_upper,2020-11-05,2020,upper,2020-11-04 22:27:00-05:00,2020-11-04 22:40:00-05:00,11875.730155823774,11974.355155823774,11875.730155823774,65.75,98.625,SL,-98.625,False,build_years,2020-11-05 03:27:00+00:00
669,731_upper,2020-11-05,2020,upper,2020-11-05 02:26:00-05:00,2020-11-05 05:21:00-05:00,11991.199723329855,12097.324723329855,11991.199723329855,70.75,106.125,SL,-106.125,False,build_years,2020-11-05 07:26:00+00:00
670,733_upper,2020-11-09,2020,upper,2020-11-08 19:40:00-05:00,2020-11-09 07:36:00-05:00,12264.887181720746,12064.887181720746,12264.887181720746,135.75,200.0,TP,200.0,False,build_years,2020-11-09 00:40:00+00:00
671,732_lower,2020-11-10,2020,lower,2020-11-09 19:24:00-05:00,2020-11-09 20:39:00-05:00,11791.119783901191,11867.994783901191,11791.119783901191,51.25,76.875,TP,76.875,False,build_years,2020-11-10 00:24:00+00:00
672,733_lower,2020-11-10,2020,lower,2020-11-09 22:38:00-05:00,2020-11-09 23:27:00-05:00,11736.362818279254,11736.362818279254,11736.362818279254,141.25,200.0,BE,0.0,False,build_years,2020-11-10 03:38:00+00:00
673,735_upper,2020-11-12,2020,upper,2020-11-12 04:58:00-05:00,2020-11-12 05:50:00-05:00,11943.547030998565,11943.547030998565,11943.547030998565,35.75,53.625,BE,-0.0,False,build_years,2020-11-12 09:58:00+00:00
674,740_lower,2020-11-19,2020,lower,2020-11-18 22:11:00-05:00,2020-11-19 00:36:00-05:00,11840.639868789596,11866.139868789596,11840.639868789596,17.0,25.5,TP,25.5,False,build_years,2020-11-19 03:11:00+00:00
675,739_upper,2020-11-25,2020,upper,2020-11-24 19:10:00-05:00,2020-11-25 08:17:00-05:00,12141.813069613385,12090.063069613385,12141.813069613385,34.5,51.75,TP,51.75,False,build_years,2020-11-25 00:10:00+00:00
676,740_upper,2020-11-26,2020,upper,2020-11-25 20:33:00-05:00,2020-11-26 03:11:00-05:00,12188.735131210404,12214.235131210404,12188.735131210404,17.0,25.5,SL,-25.5,False,build_years,2020-11-26 01:33:00+00:00
677,751_upper,2020-12-07,2020,upper,2020-12-07 09:58:00-05:00,2020-12-07 11:10:00-05:00,12586.46422517784,12609.71422517784,12586.46422517784,15.5,23.25,SL,-23.25,False,build_years,2020-12-07 14:58:00+00:00
678,752_lower,2020-12-10,2020,lower,2020-12-10 01:44:00-05:00,2020-12-10 03:22:00-05:00,12306.297441328374,12339.672441328374,12306.297441328374,22.25,33.375,TP,33.375,False,build_years,2020-12-10 06:44:00+00:00
679,758_upper,2020-12-14,2020,upper,2020-12-14 09:57:00-05:00,2020-12-14 15:00:00-05:00,12513.505255950951,12515.0,12513.505255950951,47.5,71.25,cutoff,-1.494744049046858,False,build_years,2020-12-14 14:57:00+00:00
680,757_upper,2020-12-15,2020,upper,2020-12-15 09:30:00-05:00,2020-12-15 10:21:00-05:00,12569.580163178834,12569.580163178834,12569.580163178834,22.25,33.375,BE,-0.0,False,build_years,2020-12-15 14:30:00+00:00
681,754_upper,2020-12-17,2020,upper,2020-12-17 02:21:00-05:00,2020-12-17 02:42:00-05:00,12722.324964145051,12733.574964145051,12722.324964145051,7.5,11.25,SL,-11.25,False,build_years,2020-12-17 07:21:00+00:00
682,755_upper,2020-12-17,2020,upper,2020-12-17 03:22:00-05:00,2020-12-17 04:44:00-05:00,12743.68701379392,12743.68701379392,12743.68701379392,28.75,43.125,BE,-0.0,False,build_years,2020-12-17 08:22:00+00:00
683,761_upper,2020-12-18,2020,upper,2020-12-18 04:09:00-05:00,2020-12-18 08:32:00-05:00,12771.969398294714,12771.969398294714,12771.969398294714,31.25,46.875,BE,-0.0,False,build_years,2020-12-18 09:09:00+00:00
684,756_upper,2020-12-18,2020,upper,2020-12-18 09:18:00-05:00,2020-12-18 09:45:00-05:00,12787.820547812002,12741.695547812002,12787.820547812002,30.75,46.125,TP,46.125,False,build_years,2020-12-18 14:18:00+00:00
685,762_lower,2020-12-21,2020,lower,2020-12-21 05:07:00-05:00,2020-12-21 13:55:00-05:00,12570.712238347563,12697.462238347563,12570.712238347563,84.5,126.75,TP,126.75,False,build_years,2020-12-21 10:07:00+00:00
686,764_upper,2020-12-28,2020,upper,2020-12-28 08:45:00-05:00,2020-12-28 09:31:00-05:00,12816.798684725329,12816.798684725329,12816.798684725329,21.5,32.25,BE,-0.0,False,build_years,2020-12-28 13:45:00+00:00
687,766_upper,2020-12-29,2020,upper,2020-12-29 00:37:00-05:00,2020-12-29 03:09:00-05:00,12879.983338357595,12896.858338357595,12879.983338357595,11.25,16.875,SL,-16.875,False,build_years,2020-12-29 05:37:00+00:00
688,762_upper,2020-12-29,2020,upper,2020-12-29 09:30:00-05:00,2020-12-29 09:31:00-05:00,12901.412761652437,12887.162761652437,12901.412761652437,9.5,14.25,TP,14.25,False,build_years,2020-12-29 14:30:00+00:00
689,763_upper,2021-01-04,2021,upper,2021-01-04 04:16:00-05:00,2021-01-04 09:32:00-05:00,12953.999984457409,12908.249984457409,12953.999984457409,30.5,45.75,TP,45.75,False,validation,2021-01-04 09:16:00+00:00
690,766_lower,2021-01-06,2021,lower,2021-01-06 03:21:00-05:00,2021-01-06 06:05:00-05:00,12520.391661642405,12520.391661642405,12520.391661642405,100.75,151.125,BE,0.0,False,validation,2021-01-06 08:21:00+00:00
691,768_upper,2021-01-08,2021,upper,2021-01-07 20:31:00-05:00,2021-01-08 08:42:00-05:00,12972.891274962194,13010.016274962194,12972.891274962194,24.75,37.125,SL,-37.125,False,validation,2021-01-08 01:31:00+00:00
692,774_upper,2021-01-08,2021,upper,2021-01-08 09:28:00-05:00,2021-01-08 10:27:00-05:00,13020.927210784295,12968.052210784295,13020.927210784295,35.25,52.875,TP,52.875,False,validation,2021-01-08 14:28:00+00:00
693,782_upper,2021-01-20,2021,upper,2021-01-20 03:43:00-05:00,2021-01-20 04:14:00-05:00,13081.986247428204,13056.111247428204,13081.986247428204,17.25,25.875,TP,25.875,False,validation,2021-01-20 08:43:00+00:00
694,777_upper,2021-01-20,2021,upper,2021-01-20 08:00:00-05:00,2021-01-20 09:35:00-05:00,13108.910184604236,13150.535184604236,13108.910184604236,27.75,41.625,SL,-41.625,False,validation,2021-01-20 13:00:00+00:00
695,783_upper,2021-01-21,2021,upper,2021-01-20 20:05:00-05:00,2021-01-20 21:51:00-05:00,13373.571867454351,13373.571867454351,13373.571867454351,45.25,67.875,BE,-0.0,False,validation,2021-01-21 01:05:00+00:00
696,784_upper,2021-01-25,2021,upper,2021-01-25 09:34:00-05:00,2021-01-25 10:47:00-05:00,13530.82960294782,13484.32960294782,13530.82960294782,31.0,46.5,TP,46.5,False,validation,2021-01-25 14:34:00+00:00
697,787_lower,2021-01-27,2021,lower,2021-01-27 09:32:00-05:00,2021-01-27 09:45:00-05:00,13281.87280141763,13212.87280141763,13281.87280141763,46.0,69.0,SL,-69.0,False,validation,2021-01-27 14:32:00+00:00
698,785_lower,2021-01-27,2021,lower,2021-01-27 09:51:00-05:00,2021-01-27 09:56:00-05:00,13179.557516810324,13248.557516810324,13179.557516810324,46.0,69.0,TP,69.0,False,validation,2021-01-27 14:51:00+00:00
699,791_upper,2021-02-02,2021,upper,2021-02-01 20:23:00-05:00,2021-02-01 21:34:00-05:00,13321.262122403,13368.137122403,13321.262122403,31.25,46.875,SL,-46.875,False,validation,2021-02-02 01:23:00+00:00
700,790_upper,2021-02-02,2021,upper,2021-02-02 04:52:00-05:00,2021-02-02 09:35:00-05:00,13378.420181457432,13378.420181457432,13378.420181457432,62.0,93.0,BE,-0.0,False,validation,2021-02-02 09:52:00+00:00
701,792_upper,2021-02-05,2021,upper,2021-02-05 00:32:00-05:00,2021-02-05 04:00:00-05:00,13605.373124295926,13576.498124295926,13605.373124295926,19.25,28.875,TP,28.875,False,validation,2021-02-05 05:32:00+00:00
702,787_upper,2021-02-08,2021,upper,2021-02-07 20:23:00-05:00,2021-02-07 21:18:00-05:00,13679.37719858237,13679.37719858237,13679.37719858237,39.0,58.5,BE,-0.0,False,validation,2021-02-08 01:23:00+00:00
703,793_upper,2021-02-10,2021,upper,2021-02-10 02:35:00-05:00,2021-02-10 03:12:00-05:00,13758.10878065542,13740.48378065542,13758.10878065542,11.75,17.625,TP,17.625,False,validation,2021-02-10 07:35:00+00:00
704,797_upper,2021-02-15,2021,upper,2021-02-14 19:20:00-05:00,2021-02-15 12:59:00-05:00,13852.90228910213,13872.0,13852.90228910213,34.0,51.0,cutoff,-19.097710897869547,False,validation,2021-02-15 00:20:00+00:00
705,799_upper,2021-02-16,2021,upper,2021-02-15 20:21:00-05:00,2021-02-16 03:37:00-05:00,13888.65707742389,13847.78207742389,13888.65707742389,27.25,40.875,TP,40.875,False,validation,2021-02-16 01:21:00+00:00
706,801_lower,2021-02-17,2021,lower,2021-02-16 19:04:00-05:00,2021-02-17 01:30:00-05:00,13714.378111306329,13775.503111306329,13714.378111306329,40.75,61.125,TP,61.125,False,validation,2021-02-17 00:04:00+00:00
707,802_lower,2021-02-17,2021,lower,2021-02-17 08:52:00-05:00,2021-02-17 09:09:00-05:00,13667.283785427257,13629.408785427257,13667.283785427257,25.25,37.875,SL,-37.875,False,validation,2021-02-17 13:52:00+00:00
708,799_lower,2021-02-18,2021,lower,2021-02-18 09:04:00-05:00,2021-02-18 10:05:00-05:00,13538.96792257611,13538.96792257611,13538.96792257611,51.5,77.25,BE,0.0,False,validation,2021-02-18 14:04:00+00:00
709,805_lower,2021-02-22,2021,lower,2021-02-22 02:06:00-05:00,2021-02-22 02:19:00-05:00,13493.982062487335,13445.982062487335,13493.982062487335,32.0,48.0,SL,-48.0,False,validation,2021-02-22 07:06:00+00:00
710,798_lower,2021-02-22,2021,lower,2021-02-22 02:47:00-05:00,2021-02-22 03:51:00-05:00,13424.45039840004,13376.45039840004,13424.45039840004,32.0,48.0,SL,-48.0,False,validation,2021-02-22 07:47:00+00:00
711,806_lower,2021-02-23,2021,lower,2021-02-23 04:03:00-05:00,2021-02-23 05:16:00-05:00,13180.62114639175,13022.74614639175,13180.62114639175,105.25,157.875,SL,-157.875,False,validation,2021-02-23 09:03:00+00:00
712,791_lower,2021-02-23,2021,lower,2021-02-23 09:50:00-05:00,2021-02-23 09:53:00-05:00,12767.362877597,12858.862877597,12767.362877597,61.0,91.5,TP,91.5,False,validation,2021-02-23 14:50:00+00:00
713,807_upper,2021-02-24,2021,upper,2021-02-24 07:56:00-05:00,2021-02-24 08:33:00-05:00,13294.905916763611,13199.655916763611,13294.905916763611,63.5,95.25,TP,95.25,False,validation,2021-02-24 12:56:00+00:00
714,812_lower,2021-03-03,2021,lower,2021-03-03 08:34:00-05:00,2021-03-03 09:43:00-05:00,13016.401124013051,12939.901124013051,13016.401124013051,51.0,76.5,SL,-76.5,False,validation,2021-03-03 13:34:00+00:00
715,810_lower,2021-03-04,2021,lower,2021-03-03 22:58:00-05:00,2021-03-04 02:47:00-05:00,12543.721079432133,12674.221079432133,12543.721079432133,87.0,130.5,TP,130.5,False,validation,2021-03-04 03:58:00+00:00
716,814_lower,2021-03-05,2021,lower,2021-03-04 20:14:00-05:00,2021-03-04 22:35:00-05:00,12304.997183398267,12423.497183398267,12304.997183398267,79.0,118.5,TP,118.5,False,validation,2021-03-05 01:14:00+00:00
717,815_upper,2021-03-10,2021,upper,2021-03-10 08:35:00-05:00,2021-03-10 08:42:00-05:00,12884.42255597324,12825.92255597324,12884.42255597324,39.0,58.5,TP,58.5,False,validation,2021-03-10 13:35:00+00:00
718,816_upper,2021-03-10,2021,upper,2021-03-10 09:05:00-05:00,2021-03-10 15:00:00-05:00,12909.141971053332,12822.0,12909.141971053332,172.0,200.0,cutoff,87.14197105333187,False,validation,2021-03-10 14:05:00+00:00
719,814_upper,2021-03-11,2021,upper,2021-03-11 04:19:00-05:00,2021-03-11 05:50:00-05:00,12996.127816601733,12996.127816601733,12996.127816601733,77.0,115.5,BE,-0.0,False,validation,2021-03-11 09:19:00+00:00
720,820_upper,2021-03-16,2021,upper,2021-03-15 21:16:00-04:00,2021-03-16 02:00:00-04:00,13090.352101714769,13133.102101714769,13090.352101714769,28.5,42.75,SL,-42.75,False,validation,2021-03-16 01:16:00+00:00
721,821_upper,2021-03-16,2021,upper,2021-03-16 02:55:00-04:00,2021-03-16 04:00:00-04:00,13151.866626470985,13120.741626470985,13151.866626470985,20.75,31.125,TP,31.125,False,validation,2021-03-16 06:55:00+00:00
722,819_upper,2021-03-16,2021,upper,2021-03-16 09:32:00-04:00,2021-03-16 09:59:00-04:00,13171.475961304095,13226.600961304095,13171.475961304095,36.75,55.125,SL,-55.125,False,validation,2021-03-16 13:32:00+00:00
723,822_lower,2021-03-17,2021,lower,2021-03-17 09:39:00-04:00,2021-03-17 09:48:00-04:00,12945.071957511602,13009.946957511602,12945.071957511602,43.25,64.875,TP,64.875,False,validation,2021-03-17 13:39:00+00:00
724,819_lower,2021-03-19,2021,lower,2021-03-19 02:01:00-04:00,2021-03-19 02:50:00-04:00,12739.774038695905,12805.399038695905,12739.774038695905,43.75,65.625,TP,65.625,False,validation,2021-03-19 06:01:00+00:00
725,826_lower,2021-03-25,2021,lower,2021-03-25 07:53:00-04:00,2021-03-25 09:12:00-04:00,12741.205908997852,12705.205908997852,12741.205908997852,24.0,36.0,SL,-36.0,False,validation,2021-03-25 11:53:00+00:00
726,824_upper,2021-04-01,2021,upper,2021-04-01 03:24:00-04:00,2021-04-01 09:03:00-04:00,13181.85833179647,13246.35833179647,13181.85833179647,43.0,64.5,SL,-64.5,False,validation,2021-04-01 07:24:00+00:00
727,828_upper,2021-04-01,2021,upper,2021-04-01 09:36:00-04:00,2021-04-01 10:18:00-04:00,13279.716633298362,13318.341633298362,13279.716633298362,25.75,38.625,SL,-38.625,False,validation,2021-04-01 13:36:00+00:00
728,822_upper,2021-04-05,2021,upper,2021-04-05 08:40:00-04:00,2021-04-05 09:45:00-04:00,13414.803042488398,13449.678042488398,13414.803042488398,23.25,34.875,SL,-34.875,False,validation,2021-04-05 12:40:00+00:00
729,836_upper,2021-04-08,2021,upper,2021-04-08 06:27:00-04:00,2021-04-08 09:33:00-04:00,13739.329262634976,13739.329262634976,13739.329262634976,31.25,46.875,BE,-0.0,False,validation,2021-04-08 10:27:00+00:00
730,837_upper,2021-04-08,2021,upper,2021-04-08 09:57:00-04:00,2021-04-08 10:07:00-04:00,13752.062079921416,13712.687079921416,13752.062079921416,26.25,39.375,TP,39.375,False,validation,2021-04-08 13:57:00+00:00
731,839_upper,2021-04-13,2021,upper,2021-04-13 08:39:00-04:00,2021-04-13 09:38:00-04:00,13873.47985075084,13924.10485075084,13873.47985075084,33.75,50.625,SL,-50.625,False,validation,2021-04-13 12:39:00+00:00
732,840_upper,2021-04-13,2021,upper,2021-04-13 09:48:00-04:00,2021-04-13 13:36:00-04:00,13940.822384174497,13940.822384174497,13940.822384174497,91.0,136.5,BE,-0.0,False,validation,2021-04-13 13:48:00+00:00
733,846_lower,2021-04-21,2021,lower,2021-04-20 22:01:00-04:00,2021-04-21 02:04:00-04:00,13715.223625595678,13750.098625595678,13715.223625595678,23.25,34.875,TP,34.875,False,validation,2021-04-21 02:01:00+00:00
734,846_upper,2021-04-27,2021,upper,2021-04-27 01:51:00-04:00,2021-04-27 02:02:00-04:00,14049.651374404322,14040.651374404322,14049.651374404322,6.0,9.0,TP,9.0,False,validation,2021-04-27 05:51:00+00:00
735,848_upper,2021-04-29,2021,upper,2021-04-29 08:44:00-04:00,2021-04-29 09:30:00-04:00,14051.393956724412,14051.393956724412,14051.393956724412,26.75,40.125,BE,-0.0,False,validation,2021-04-29 12:44:00+00:00
736,852_lower,2021-05-04,2021,lower,2021-05-03 20:20:00-04:00,2021-05-04 07:39:00-04:00,13755.986604749303,13718.861604749303,13755.986604749303,24.75,37.125,SL,-37.125,False,validation,2021-05-04 00:20:00+00:00
737,854_lower,2021-05-04,2021,lower,2021-05-04 07:40:00-04:00,2021-05-04 09:32:00-04:00,13686.343941088197,13640.218941088197,13686.343941088197,30.75,46.125,SL,-46.125,False,validation,2021-05-04 11:40:00+00:00
738,849_lower,2021-05-04,2021,lower,2021-05-04 09:33:00-04:00,2021-05-04 09:52:00-04:00,13623.32431093971,13566.32431093971,13623.32431093971,38.0,57.0,SL,-57.0,False,validation,2021-05-04 13:33:00+00:00
739,847_lower,2021-05-04,2021,lower,2021-05-04 09:57:00-04:00,2021-05-04 10:48:00-04:00,13547.10047736728,13490.10047736728,13547.10047736728,38.0,57.0,SL,-57.0,False,validation,2021-05-04 13:57:00+00:00
740,858_upper,2021-05-07,2021,upper,2021-05-07 08:30:00-04:00,2021-05-07 08:30:00-04:00,13677.48205119757,13702.98205119757,13677.48205119757,17.0,25.5,SL,-25.5,False,validation,2021-05-07 12:30:00+00:00
741,858_lower,2021-05-11,2021,lower,2021-05-10 20:54:00-04:00,2021-05-10 20:54:00-04:00,13256.14294880243,13232.14294880243,13256.14294880243,16.0,24.0,SL,-24.0,False,validation,2021-05-11 00:54:00+00:00
742,862_lower,2021-05-13,2021,lower,2021-05-13 04:50:00-04:00,2021-05-13 08:36:00-04:00,12917.82391110361,13090.69891110361,12917.82391110361,115.25,172.875,TP,172.875,False,validation,2021-05-13 08:50:00+00:00
743,866_lower,2021-05-19,2021,lower,2021-05-18 20:07:00-04:00,2021-05-18 22:21:00-04:00,13159.67258306895,13159.67258306895,13159.67258306895,56.5,84.75,BE,0.0,False,validation,2021-05-19 00:07:00+00:00
744,865_lower,2021-05-19,2021,lower,2021-05-19 02:35:00-04:00,2021-05-19 02:41:00-04:00,13107.509969965256,13140.134969965256,13107.509969965256,21.75,32.625,TP,32.625,False,validation,2021-05-19 06:35:00+00:00
745,864_lower,2021-05-19,2021,lower,2021-05-19 04:46:00-04:00,2021-05-19 05:54:00-04:00,13034.817106139166,13034.817106139166,13034.817106139166,89.0,133.5,BE,0.0,False,validation,2021-05-19 08:46:00+00:00
746,866_upper,2021-05-21,2021,upper,2021-05-20 20:09:00-04:00,2021-05-21 09:30:00-04:00,13529.45241693105,13569.95241693105,13529.45241693105,27.0,40.5,SL,-40.5,False,validation,2021-05-21 00:09:00+00:00
747,869_upper,2021-05-25,2021,upper,2021-05-25 02:14:00-04:00,2021-05-25 09:38:00-04:00,13721.457519968146,13675.332519968146,13721.457519968146,30.75,46.125,TP,46.125,False,validation,2021-05-25 06:14:00+00:00
748,874_lower,2021-06-03,2021,lower,2021-06-03 06:58:00-04:00,2021-06-03 07:46:00-04:00,13572.782154047016,13519.532154047016,13572.782154047016,35.5,53.25,SL,-53.25,False,validation,2021-06-03 10:58:00+00:00
749,876_lower,2021-06-03,2021,lower,2021-06-03 08:04:00-04:00,2021-06-03 09:38:00-04:00,13518.03941414036,13518.03941414036,13518.03941414036,63.0,94.5,BE,0.0,False,validation,2021-06-03 12:04:00+00:00
750,872_upper,2021-06-08,2021,upper,2021-06-07 19:24:00-04:00,2021-06-07 20:11:00-04:00,13833.96022555264,13833.96022555264,13833.96022555264,14.25,21.375,BE,-0.0,False,validation,2021-06-07 23:24:00+00:00
751,874_upper,2021-06-08,2021,upper,2021-06-07 21:01:00-04:00,2021-06-08 03:04:00-04:00,13847.842845952984,13808.467845952984,13847.842845952984,26.25,39.375,TP,39.375,False,validation,2021-06-08 01:01:00+00:00
752,871_upper,2021-06-08,2021,upper,2021-06-08 07:42:00-04:00,2021-06-08 11:19:00-04:00,13867.900638054682,13774.525638054682,13867.900638054682,62.25,93.375,TP,93.375,False,validation,2021-06-08 11:42:00+00:00
753,876_upper,2021-06-10,2021,upper,2021-06-10 09:46:00-04:00,2021-06-10 15:00:00-04:00,13935.08558585964,13952.75,13935.08558585964,109.5,164.25,cutoff,-17.66441414035944,False,validation,2021-06-10 13:46:00+00:00
754,882_upper,2021-06-14,2021,upper,2021-06-14 06:38:00-04:00,2021-06-14 08:43:00-04:00,14029.2275428399,14013.4775428399,14029.2275428399,10.5,15.75,TP,15.75,False,validation,2021-06-14 10:38:00+00:00
755,885_upper,2021-06-15,2021,upper,2021-06-14 21:15:00-04:00,2021-06-15 03:07:00-04:00,14152.666148882205,14152.666148882205,14152.666148882205,41.25,61.875,BE,-0.0,False,validation,2021-06-15 01:15:00+00:00
756,887_upper,2021-06-18,2021,upper,2021-06-17 21:45:00-04:00,2021-06-18 01:53:00-04:00,14199.654863564489,14199.654863564489,14199.654863564489,20.75,31.125,BE,-0.0,False,validation,2021-06-18 01:45:00+00:00
757,891_upper,2021-06-23,2021,upper,2021-06-22 20:10:00-04:00,2021-06-22 23:04:00-04:00,14282.770750377364,14297.395750377364,14282.770750377364,9.75,14.625,SL,-14.625,False,validation,2021-06-23 00:10:00+00:00
758,896_upper,2021-07-02,2021,upper,2021-07-02 09:01:00-04:00,2021-07-02 15:00:00-04:00,14643.198381504111,14689.5,14643.198381504111,56.75,85.125,cutoff,-46.30161849588694,False,validation,2021-07-02 13:01:00+00:00
759,899_upper,2021-07-06,2021,upper,2021-07-06 09:32:00-04:00,2021-07-06 09:45:00-04:00,14769.97071956765,14742.22071956765,14769.97071956765,18.5,27.75,TP,27.75,False,validation,2021-07-06 13:32:00+00:00
760,900_upper,2021-07-07,2021,upper,2021-07-07 03:06:00-04:00,2021-07-07 03:58:00-04:00,14806.114928665243,14829.739928665243,14806.114928665243,15.75,23.625,SL,-23.625,False,validation,2021-07-07 07:06:00+00:00
761,902_lower,2021-07-08,2021,lower,2021-07-08 03:46:00-04:00,2021-07-08 05:22:00-04:00,14671.044908797909,14619.294908797909,14671.044908797909,34.5,51.75,SL,-51.75,False,validation,2021-07-08 07:46:00+00:00
762,900_lower,2021-07-08,2021,lower,2021-07-08 06:15:00-04:00,2021-07-08 07:32:00-04:00,14596.385071334757,14596.385071334757,14596.385071334757,52.0,78.0,BE,0.0,False,validation,2021-07-08 10:15:00+00:00
763,904_upper,2021-07-12,2021,upper,2021-07-12 08:20:00-04:00,2021-07-12 09:39:00-04:00,14868.276518067436,14842.026518067436,14868.276518067436,17.5,26.25,TP,26.25,False,validation,2021-07-12 12:20:00+00:00
764,907_lower,2021-07-15,2021,lower,2021-07-15 09:38:00-04:00,2021-07-15 09:49:00-04:00,14814.252863178532,14863.002863178532,14814.252863178532,32.5,48.75,TP,48.75,False,validation,2021-07-15 13:38:00+00:00
765,909_lower,2021-07-19,2021,lower,2021-07-18 19:34:00-04:00,2021-07-18 21:44:00-04:00,14617.459438183269,14617.459438183269,14617.459438183269,31.0,46.5,BE,0.0,False,validation,2021-07-18 23:34:00+00:00
766,904_lower,2021-07-19,2021,lower,2021-07-19 07:44:00-04:00,2021-07-19 08:38:00-04:00,14526.598481932564,14526.598481932564,14526.598481932564,32.75,49.125,BE,0.0,False,validation,2021-07-19 11:44:00+00:00
767,899_lower,2021-07-19,2021,lower,2021-07-19 09:33:00-04:00,2021-07-19 15:00:00-04:00,14501.27928043235,14486.5,14501.27928043235,51.75,77.625,cutoff,-14.779280432350788,False,validation,2021-07-19 13:33:00+00:00
768,912_upper,2021-07-22,2021,upper,2021-07-22 09:42:00-04:00,2021-07-22 10:41:00-04:00,14882.366829089073,14919.116829089073,14882.366829089073,24.5,36.75,SL,-36.75,False,validation,2021-07-22 13:42:00+00:00
769,913_upper,2021-07-23,2021,upper,2021-07-23 05:39:00-04:00,2021-07-23 07:25:00-04:00,15012.191094334648,14983.316094334648,15012.191094334648,19.25,28.875,TP,28.875,False,validation,2021-07-23 09:39:00+00:00
770,907_upper,2021-07-26,2021,upper,2021-07-25 19:21:00-04:00,2021-07-25 20:14:00-04:00,15120.247136821468,15120.247136821468,15120.247136821468,18.5,27.75,BE,-0.0,False,validation,2021-07-25 23:21:00+00:00
771,918_lower,2021-07-30,2021,lower,2021-07-29 20:47:00-04:00,2021-07-30 01:00:00-04:00,14826.22986524775,14826.22986524775,14826.22986524775,61.75,92.625,BE,0.0,False,validation,2021-07-30 00:47:00+00:00
772,925_lower,2021-08-12,2021,lower,2021-08-12 09:36:00-04:00,2021-08-12 10:29:00-04:00,14956.42257734829,15020.17257734829,14956.42257734829,42.5,63.75,TP,63.75,False,validation,2021-08-12 13:36:00+00:00
773,917_lower,2021-08-19,2021,lower,2021-08-19 02:58:00-04:00,2021-08-19 03:52:00-04:00,14749.254664502118,14749.254664502118,14749.254664502118,30.75,46.125,BE,0.0,False,validation,2021-08-19 06:58:00+00:00
774,933_upper,2021-08-20,2021,upper,2021-08-20 09:46:00-04:00,2021-08-20 15:00:00-04:00,15017.266824294666,15066.25,15017.266824294666,59.0,88.5,cutoff,-48.98317570533436,False,validation,2021-08-20 13:46:00+00:00
775,932_upper,2021-08-23,2021,upper,2021-08-23 01:11:00-04:00,2021-08-23 01:16:00-04:00,15153.221444576327,15144.221444576327,15153.221444576327,6.0,9.0,TP,9.0,False,validation,2021-08-23 05:11:00+00:00
776,928_upper,2021-08-23,2021,upper,2021-08-23 09:32:00-04:00,2021-08-23 09:40:00-04:00,15160.25267047382,15185.37767047382,15160.25267047382,16.75,25.125,SL,-25.125,False,validation,2021-08-23 13:32:00+00:00
777,922_upper,2021-08-23,2021,upper,2021-08-23 09:46:00-04:00,2021-08-23 10:02:00-04:00,15196.921396699883,15222.046396699883,15196.921396699883,16.75,25.125,SL,-25.125,False,validation,2021-08-23 13:46:00+00:00
778,935_upper,2021-08-24,2021,upper,2021-08-24 02:36:00-04:00,2021-08-24 07:52:00-04:00,15364.265950275054,15334.265950275054,15364.265950275054,20.0,30.0,TP,30.0,False,validation,2021-08-24 06:36:00+00:00
779,936_upper,2021-08-30,2021,upper,2021-08-30 09:33:00-04:00,2021-08-30 09:38:00-04:00,15484.655610356942,15506.780610356942,15484.655610356942,14.75,22.125,SL,-22.125,False,validation,2021-08-30 13:33:00+00:00
780,940_upper,2021-08-31,2021,upper,2021-08-31 02:14:00-04:00,2021-08-31 05:39:00-04:00,15671.691483257986,15631.941483257986,15671.691483257986,26.5,39.75,TP,39.75,False,validation,2021-08-31 06:14:00+00:00
781,941_lower,2021-09-13,2021,lower,2021-09-13 01:07:00-04:00,2021-09-13 01:47:00-04:00,15415.380775283047,15428.880775283047,15415.380775283047,9.0,13.5,TP,13.5,False,validation,2021-09-13 05:07:00+00:00
782,951_lower,2021-09-20,2021,lower,2021-09-19 22:16:00-04:00,2021-09-19 22:47:00-04:00,15272.996543165842,15227.996543165842,15272.996543165842,30.0,45.0,SL,-45.0,False,validation,2021-09-20 02:16:00+00:00
783,950_lower,2021-09-20,2021,lower,2021-09-19 22:48:00-04:00,2021-09-19 23:39:00-04:00,15224.9403948474,15224.9403948474,15224.9403948474,30.0,45.0,BE,0.0,False,validation,2021-09-20 02:48:00+00:00
784,936_lower,2021-09-20,2021,lower,2021-09-20 02:44:00-04:00,2021-09-20 05:50:00-04:00,15190.469389643058,15143.594389643058,15190.469389643058,31.25,46.875,SL,-46.875,False,validation,2021-09-20 06:44:00+00:00
785,939_lower,2021-09-20,2021,lower,2021-09-20 07:32:00-04:00,2021-09-20 08:30:00-04:00,15103.137787485584,15052.512787485584,15103.137787485584,33.75,50.625,SL,-50.625,False,validation,2021-09-20 11:32:00+00:00
786,955_upper,2021-09-23,2021,upper,2021-09-23 05:08:00-04:00,2021-09-23 05:09:00-04:00,15299.061195048977,15267.936195048977,15299.061195048977,20.75,31.125,TP,31.125,False,validation,2021-09-23 09:08:00+00:00
787,959_upper,2021-09-27,2021,upper,2021-09-26 21:31:00-04:00,2021-09-27 05:35:00-04:00,15382.419064245358,15293.919064245358,15382.419064245358,59.0,88.5,TP,88.5,False,validation,2021-09-27 01:31:00+00:00
788,959_lower,2021-09-28,2021,lower,2021-09-28 03:19:00-04:00,2021-09-28 10:17:00-04:00,15050.330935754642,14859.455935754642,15050.330935754642,127.25,190.875,SL,-190.875,False,validation,2021-09-28 07:19:00+00:00
789,963_lower,2021-10-01,2021,lower,2021-09-30 21:08:00-04:00,2021-10-01 07:24:00-04:00,14625.509577891058,14702.384577891058,14625.509577891058,51.25,76.875,TP,76.875,False,validation,2021-10-01 01:08:00+00:00
790,967_upper,2021-10-07,2021,upper,2021-10-06 20:36:00-04:00,2021-10-06 21:31:00-04:00,14831.385381404469,14831.385381404469,14831.385381404469,33.75,50.625,BE,-0.0,False,validation,2021-10-07 00:36:00+00:00
791,965_upper,2021-10-07,2021,upper,2021-10-07 09:59:00-04:00,2021-10-07 15:00:00-04:00,14955.978758632344,14918.75,14955.978758632344,32.25,48.375,cutoff,37.22875863234367,False,validation,2021-10-07 13:59:00+00:00
792,969_lower,2021-10-11,2021,lower,2021-10-10 19:39:00-04:00,2021-10-11 03:44:00-04:00,14720.10499822078,14720.10499822078,14720.10499822078,77.75,116.625,BE,0.0,False,validation,2021-10-10 23:39:00+00:00
793,972_upper,2021-10-14,2021,upper,2021-10-14 08:30:00-04:00,2021-10-14 09:43:00-04:00,14938.793156548334,14938.793156548334,14938.793156548334,45.75,68.625,BE,-0.0,False,validation,2021-10-14 12:30:00+00:00
794,971_upper,2021-10-14,2021,upper,2021-10-14 09:52:00-04:00,2021-10-14 11:58:00-04:00,14953.877863206815,15015.752863206815,14953.877863206815,41.25,61.875,SL,-61.875,False,validation,2021-10-14 13:52:00+00:00
795,969_upper,2021-10-15,2021,upper,2021-10-15 01:58:00-04:00,2021-10-15 02:20:00-04:00,15107.52000177922,15068.52000177922,15107.52000177922,26.0,39.0,TP,39.0,False,validation,2021-10-15 05:58:00+00:00
796,977_upper,2021-10-26,2021,upper,2021-10-25 20:09:00-04:00,2021-10-25 21:21:00-04:00,15555.53419964312,15582.53419964312,15555.53419964312,18.0,27.0,SL,-27.0,False,validation,2021-10-26 00:09:00+00:00
797,988_upper,2021-11-05,2021,upper,2021-11-05 09:33:00-04:00,2021-11-05 13:25:00-04:00,16425.401381401833,16323.776381401833,16425.401381401833,67.75,101.625,TP,101.625,False,validation,2021-11-05 13:33:00+00:00
798,989_lower,2021-11-09,2021,lower,2021-11-09 09:58:00-05:00,2021-11-09 11:12:00-05:00,16240.353578456474,16240.353578456474,16240.353578456474,49.25,73.875,BE,0.0,False,validation,2021-11-09 14:58:00+00:00
799,991_lower,2021-11-10,2021,lower,2021-11-10 09:32:00-05:00,2021-11-10 09:59:00-05:00,16056.30493137468,16177.80493137468,16056.30493137468,81.0,121.5,TP,121.5,False,validation,2021-11-10 14:32:00+00:00
800,993_upper,2021-11-15,2021,upper,2021-11-15 08:20:00-05:00,2021-11-15 09:25:00-05:00,16273.028589163643,16250.903589163643,16273.028589163643,14.75,22.125,TP,22.125,False,validation,2021-11-15 13:20:00+00:00
801,995_upper,2021-11-18,2021,upper,2021-11-18 09:47:00-05:00,2021-11-18 09:51:00-05:00,16417.715750437408,16387.340750437408,16417.715750437408,20.25,30.375,TP,30.375,False,validation,2021-11-18 14:47:00+00:00
802,990_upper,2021-11-19,2021,upper,2021-11-18 20:47:00-05:00,2021-11-18 21:31:00-05:00,16533.348439223577,16550.973439223577,16533.348439223577,11.75,17.625,SL,-17.625,False,validation,2021-11-19 01:47:00+00:00
803,989_upper,2021-11-19,2021,upper,2021-11-18 22:14:00-05:00,2021-11-18 23:10:00-05:00,16581.271421543526,16581.271421543526,16581.271421543526,43.0,64.5,BE,-0.0,False,validation,2021-11-19 03:14:00+00:00
804,998_upper,2021-11-19,2021,upper,2021-11-19 09:56:00-05:00,2021-11-19 10:27:00-05:00,16591.693634465002,16553.068634465002,16591.693634465002,25.75,38.625,TP,38.625,False,validation,2021-11-19 14:56:00+00:00
805,999_lower,2021-11-23,2021,lower,2021-11-22 21:23:00-05:00,2021-11-23 02:09:00-05:00,16358.632254367074,16294.882254367074,16358.632254367074,42.5,63.75,SL,-63.75,False,validation,2021-11-23 02:23:00+00:00
806,1003_lower,2021-11-26,2021,lower,2021-11-26 02:06:00-05:00,2021-11-26 10:18:00-05:00,16226.186692272446,16119.686692272446,16226.186692272446,71.0,106.5,SL,-106.5,False,validation,2021-11-26 07:06:00+00:00
807,1010_upper,2021-12-07,2021,upper,2021-12-07 03:25:00-05:00,2021-12-07 04:22:00-05:00,16066.717553940764,16127.842553940764,16066.717553940764,40.75,61.125,SL,-61.125,False,validation,2021-12-07 08:25:00+00:00
808,1008_upper,2021-12-07,2021,upper,2021-12-07 09:54:00-05:00,2021-12-07 10:35:00-05:00,16221.309859915767,16273.059859915767,16221.309859915767,34.5,51.75,SL,-51.75,False,validation,2021-12-07 14:54:00+00:00
809,1009_upper,2021-12-08,2021,upper,2021-12-08 06:46:00-05:00,2021-12-08 06:47:00-05:00,16420.0253666291,16372.0253666291,16420.0253666291,32.0,48.0,TP,48.0,False,validation,2021-12-08 11:46:00+00:00
810,1015_lower,2021-12-14,2021,lower,2021-12-14 04:40:00-05:00,2021-12-14 04:53:00-05:00,16047.80046864001,16007.67546864001,16047.80046864001,26.75,40.125,SL,-40.125,False,validation,2021-12-14 09:40:00+00:00
811,1011_lower,2021-12-14,2021,lower,2021-12-14 09:30:00-05:00,2021-12-14 15:00:00-05:00,15869.1494347324,15865.0,15869.1494347324,128.0,192.0,cutoff,-4.14943473240055,False,validation,2021-12-14 14:30:00+00:00
812,1011_upper,2021-12-16,2021,upper,2021-12-16 06:28:00-05:00,2021-12-16 07:46:00-05:00,16444.1005652676,16386.3505652676,16444.1005652676,38.5,57.75,TP,57.75,False,validation,2021-12-16 11:28:00+00:00
813,1016_lower,2021-12-17,2021,lower,2021-12-17 09:42:00-05:00,2021-12-17 09:47:00-05:00,15660.17671606175,15753.17671606175,15660.17671606175,62.0,93.0,TP,93.0,False,validation,2021-12-17 14:42:00+00:00
814,1008_lower,2021-12-20,2021,lower,2021-12-20 04:06:00-05:00,2021-12-20 09:55:00-05:00,15509.440140084233,15642.565140084233,15509.440140084233,88.75,133.125,TP,133.125,False,validation,2021-12-20 09:06:00+00:00
815,1020_upper,2021-12-21,2021,upper,2021-12-21 01:50:00-05:00,2021-12-21 02:34:00-05:00,15823.338074885563,15791.838074885563,15823.338074885563,21.0,31.5,TP,31.5,False,validation,2021-12-21 06:50:00+00:00
816,1019_upper,2021-12-22,2021,upper,2021-12-22 09:45:00-05:00,2021-12-22 10:31:00-05:00,16014.14752821853,16014.14752821853,16014.14752821853,51.75,77.625,BE,-0.0,False,validation,2021-12-22 14:45:00+00:00
817,1022_upper,2021-12-23,2021,upper,2021-12-23 05:52:00-05:00,2021-12-23 06:41:00-05:00,16200.362242887906,16200.362242887906,16200.362242887906,16.0,24.0,BE,-0.0,False,validation,2021-12-23 10:52:00+00:00
818,1023_upper,2021-12-27,2021,upper,2021-12-27 09:32:00-05:00,2021-12-27 09:37:00-05:00,16403.39085923301,16439.76585923301,16403.39085923301,24.25,36.375,SL,-36.375,False,validation,2021-12-27 14:32:00+00:00
819,1013_upper,2021-12-28,2021,upper,2021-12-28 03:28:00-05:00,2021-12-28 04:11:00-05:00,16592.642008049654,16625.642008049654,16592.642008049654,22.0,33.0,SL,-33.0,False,validation,2021-12-28 08:28:00+00:00
820,1024_upper,2021-12-28,2021,upper,2021-12-28 04:38:00-05:00,2021-12-28 09:35:00-05:00,16636.21188160003,16543.96188160003,16636.21188160003,61.5,92.25,TP,92.25,False,validation,2021-12-28 09:38:00+00:00
821,1025_lower,2021-12-31,2021,lower,2021-12-30 19:28:00-05:00,2021-12-30 20:00:00-05:00,16361.783170368326,16385.033170368326,16361.783170368326,15.5,23.25,TP,23.25,False,validation,2021-12-31 00:28:00+00:00
822,1024_lower,2022-01-05,2022,lower,2022-01-05 09:32:00-05:00,2022-01-05 09:51:00-05:00,16139.413118399969,16209.163118399969,16139.413118399969,46.5,69.75,TP,69.75,False,validation,2022-01-05 14:32:00+00:00
823,1019_lower,2022-01-10,2022,lower,2022-01-10 07:31:00-05:00,2022-01-10 08:00:00-05:00,15446.47747178147,15365.47747178147,15446.47747178147,54.0,81.0,SL,-81.0,False,validation,2022-01-10 12:31:00+00:00
824,1020_lower,2022-01-10,2022,lower,2022-01-10 09:31:00-05:00,2022-01-10 09:55:00-05:00,15355.536925114437,15271.911925114437,15355.536925114437,55.75,83.625,SL,-83.625,False,validation,2022-01-10 14:31:00+00:00
825,1034_upper,2022-01-11,2022,upper,2022-01-11 04:16:00-05:00,2022-01-11 09:17:00-05:00,15645.538295963996,15554.038295963996,15645.538295963996,61.0,91.5,TP,91.5,False,validation,2022-01-11 09:16:00+00:00
826,1039_lower,2022-01-18,2022,lower,2022-01-18 03:10:00-05:00,2022-01-18 03:19:00-05:00,15397.302536893398,15345.177536893398,15397.302536893398,34.75,52.125,SL,-52.125,False,validation,2022-01-18 08:10:00+00:00
827,1035_lower,2022-01-18,2022,lower,2022-01-18 04:19:00-05:00,2022-01-18 09:35:00-05:00,15288.82998890561,15288.82998890561,15288.82998890561,134.75,200.0,BE,0.0,False,validation,2022-01-18 09:19:00+00:00
828,1038_lower,2022-01-19,2022,lower,2022-01-18 21:47:00-05:00,2022-01-19 04:41:00-05:00,15125.980470062965,15222.730470062965,15125.980470062965,64.5,96.75,TP,96.75,False,validation,2022-01-19 02:47:00+00:00
829,1043_lower,2022-01-24,2022,lower,2022-01-24 05:26:00-05:00,2022-01-24 07:21:00-05:00,14333.793796523118,14333.793796523118,14333.793796523118,86.75,130.125,BE,0.0,False,validation,2022-01-24 10:26:00+00:00
830,1049_upper,2022-02-01,2022,upper,2022-02-01 02:12:00-05:00,2022-02-01 03:01:00-05:00,14934.757318438846,14882.257318438846,14934.757318438846,35.0,52.5,TP,52.5,False,validation,2022-02-01 07:12:00+00:00
831,1050_upper,2022-02-02,2022,upper,2022-02-02 04:44:00-05:00,2022-02-02 05:30:00-05:00,15221.075791511645,15221.075791511645,15221.075791511645,36.0,54.0,BE,-0.0,False,validation,2022-02-02 09:44:00+00:00
832,1052_lower,2022-02-04,2022,lower,2022-02-04 08:54:00-05:00,2022-02-04 10:05:00-05:00,14452.756770548807,14628.256770548807,14452.756770548807,117.0,175.5,TP,175.5,False,validation,2022-02-04 13:54:00+00:00
833,1053_upper,2022-02-09,2022,upper,2022-02-09 05:14:00-05:00,2022-02-09 06:16:00-05:00,14872.83087731542,14872.83087731542,14872.83087731542,21.5,32.25,BE,-0.0,False,validation,2022-02-09 10:14:00+00:00
834,1049_lower,2022-02-14,2022,lower,2022-02-14 03:29:00-05:00,2022-02-14 07:45:00-05:00,14123.867681561154,14238.992681561154,14123.867681561154,76.75,115.125,TP,115.125,False,validation,2022-02-14 08:29:00+00:00
835,1059_upper,2022-02-15,2022,upper,2022-02-15 04:19:00-05:00,2022-02-15 05:22:00-05:00,14523.728553381488,14523.728553381488,14523.728553381488,249.0,200.0,BE,-0.0,False,validation,2022-02-15 09:19:00+00:00
836,1045_lower,2022-02-21,2022,lower,2022-02-20 19:04:00-05:00,2022-02-20 20:09:00-05:00,13810.601816727918,13988.726816727918,13810.601816727918,118.75,178.125,TP,178.125,False,validation,2022-02-21 00:04:00+00:00
837,1064_upper,2022-02-22,2022,upper,2022-02-22 09:53:00-05:00,2022-02-22 10:05:00-05:00,14078.253565031777,13984.878565031777,14078.253565031777,62.25,93.375,TP,93.375,False,validation,2022-02-22 14:53:00+00:00
838,1066_upper,2022-03-01,2022,upper,2022-03-01 02:07:00-05:00,2022-03-01 03:06:00-05:00,14302.928269466458,14302.928269466458,14302.928269466458,51.25,76.875,BE,-0.0,False,validation,2022-03-01 07:07:00+00:00
839,1071_upper,2022-03-03,2022,upper,2022-03-03 09:02:00-05:00,2022-03-03 10:20:00-05:00,14367.318002793538,14167.318002793538,14367.318002793538,135.25,200.0,TP,200.0,False,validation,2022-03-03 14:02:00+00:00
840,1072_lower,2022-03-04,2022,lower,2022-03-03 19:23:00-05:00,2022-03-03 19:36:00-05:00,13953.51822142953,13899.51822142953,13953.51822142953,36.0,54.0,SL,-54.0,False,validation,2022-03-04 00:23:00+00:00
841,1069_lower,2022-03-04,2022,lower,2022-03-03 19:55:00-05:00,2022-03-03 20:01:00-05:00,13812.940525501035,13758.940525501035,13812.940525501035,36.0,54.0,SL,-54.0,False,validation,2022-03-04 00:55:00+00:00
842,1077_upper,2022-03-11,2022,upper,2022-03-11 06:26:00-05:00,2022-03-11 06:28:00-05:00,13824.115930626303,13752.115930626303,13824.115930626303,48.0,72.0,TP,72.0,False,validation,2022-03-11 11:26:00+00:00
843,1079_lower,2022-03-15,2022,lower,2022-03-15 03:13:00-04:00,2022-03-15 04:05:00-04:00,12962.621135300313,13020.371135300313,12962.621135300313,38.5,57.75,TP,57.75,False,validation,2022-03-15 07:13:00+00:00
844,1079_upper,2022-03-16,2022,upper,2022-03-16 01:47:00-04:00,2022-03-16 02:43:00-04:00,13578.503864699687,13578.503864699687,13578.503864699687,22.75,34.125,BE,-0.0,False,validation,2022-03-16 05:47:00+00:00
845,1070_upper,2022-03-21,2022,upper,2022-03-21 09:41:00-04:00,2022-03-21 09:48:00-04:00,14453.85645511314,14385.98145511314,14453.85645511314,45.25,67.875,TP,67.875,False,validation,2022-03-21 13:41:00+00:00
846,1089_upper,2022-03-29,2022,upper,2022-03-29 05:07:00-04:00,2022-03-29 07:32:00-04:00,15057.055654262684,15015.805654262684,15057.055654262684,27.5,41.25,TP,41.25,False,validation,2022-03-29 09:07:00+00:00
847,1090_lower,2022-04-01,2022,lower,2022-04-01 09:50:00-04:00,2022-04-01 10:39:00-04:00,14854.153631311128,14854.153631311128,14854.153631311128,59.5,89.25,BE,0.0,False,validation,2022-04-01 13:50:00+00:00
848,1094_lower,2022-04-06,2022,lower,2022-04-06 06:40:00-04:00,2022-04-06 09:42:00-04:00,14660.552011881444,14561.552011881444,14660.552011881444,66.0,99.0,SL,-99.0,False,validation,2022-04-06 10:40:00+00:00
849,1088_lower,2022-04-06,2022,lower,2022-04-06 09:44:00-04:00,2022-04-06 10:00:00-04:00,14535.264843202222,14493.264843202222,14535.264843202222,28.0,42.0,SL,-42.0,False,validation,2022-04-06 13:44:00+00:00
850,1086_lower,2022-04-11,2022,lower,2022-04-10 20:00:00-04:00,2022-04-10 21:30:00-04:00,14286.08670759079,14286.08670759079,14286.08670759079,55.5,83.25,BE,0.0,False,validation,2022-04-11 00:00:00+00:00
851,1097_lower,2022-04-11,2022,lower,2022-04-10 21:55:00-04:00,2022-04-11 08:09:00-04:00,14239.955251332522,14154.455251332522,14239.955251332522,57.0,85.5,SL,-85.5,False,validation,2022-04-11 01:55:00+00:00
852,1085_lower,2022-04-11,2022,lower,2022-04-11 09:33:00-04:00,2022-04-11 15:00:00-04:00,14121.37027015438,14097.25,14121.37027015438,61.25,91.875,cutoff,-24.120270154380705,False,validation,2022-04-11 13:33:00+00:00
853,1101_upper,2022-04-14,2022,upper,2022-04-14 00:30:00-04:00,2022-04-14 01:16:00-04:00,14285.013848168608,14285.013848168608,14285.013848168608,28.5,42.75,BE,-0.0,False,validation,2022-04-14 04:30:00+00:00
854,1083_lower,2022-04-18,2022,lower,2022-04-17 19:46:00-04:00,2022-04-18 09:32:00-04:00,13748.176154048422,13914.676154048422,13748.176154048422,111.0,166.5,TP,166.5,False,validation,2022-04-17 23:46:00+00:00
855,1104_upper,2022-04-20,2022,upper,2022-04-20 07:55:00-04:00,2022-04-20 09:34:00-04:00,14264.07134928854,14213.07134928854,14264.07134928854,34.0,51.0,TP,51.0,False,validation,2022-04-20 11:55:00+00:00
856,1110_lower,2022-05-06,2022,lower,2022-05-06 09:35:00-04:00,2022-05-06 10:37:00-04:00,12644.912422332747,12644.912422332747,12644.912422332747,178.5,200.0,BE,0.0,False,validation,2022-05-06 13:35:00+00:00
857,1113_lower,2022-05-09,2022,lower,2022-05-09 04:31:00-04:00,2022-05-09 05:28:00-04:00,12476.874443244957,12476.874443244957,12476.874443244957,97.5,146.25,BE,0.0,False,validation,2022-05-09 08:31:00+00:00
858,1118_lower,2022-05-10,2022,lower,2022-05-09 20:16:00-04:00,2022-05-09 20:44:00-04:00,12107.686455371198,12161.686455371198,12107.686455371198,36.0,54.0,TP,54.0,False,validation,2022-05-10 00:16:00+00:00
859,1119_lower,2022-05-11,2022,lower,2022-05-11 08:55:00-04:00,2022-05-11 09:07:00-04:00,12122.912972747228,12187.037972747228,12122.912972747228,42.75,64.125,TP,64.125,False,validation,2022-05-11 12:55:00+00:00
860,1120_lower,2022-05-12,2022,lower,2022-05-12 03:22:00-04:00,2022-05-12 03:50:00-04:00,11852.015796082807,11969.765796082807,11852.015796082807,78.5,117.75,TP,117.75,False,validation,2022-05-12 07:22:00+00:00
861,1121_upper,2022-05-13,2022,upper,2022-05-13 09:54:00-04:00,2022-05-13 10:22:00-04:00,12268.313117446343,12319.688117446343,12268.313117446343,34.25,51.375,SL,-51.375,False,validation,2022-05-13 13:54:00+00:00
862,1122_lower,2022-05-19,2022,lower,2022-05-19 03:33:00-04:00,2022-05-19 04:20:00-04:00,11779.567880580866,11779.567880580866,11779.567880580866,36.75,55.125,BE,0.0,False,validation,2022-05-19 07:33:00+00:00
863,1130_upper,2022-05-26,2022,upper,2022-05-26 09:43:00-04:00,2022-05-26 10:12:00-04:00,12058.985649560062,12151.985649560062,12058.985649560062,62.0,93.0,SL,-93.0,False,validation,2022-05-26 13:43:00+00:00
864,1131_upper,2022-05-27,2022,upper,2022-05-27 05:51:00-04:00,2022-05-27 06:59:00-04:00,12352.814438592224,12352.814438592224,12352.814438592224,103.0,154.5,BE,-0.0,False,validation,2022-05-27 09:51:00+00:00
865,1132_upper,2022-05-30,2022,upper,2022-05-29 19:14:00-04:00,2022-05-30 00:34:00-04:00,12733.78235199662,12806.15735199662,12733.78235199662,48.25,72.375,SL,-72.375,False,validation,2022-05-29 23:14:00+00:00
866,1119_upper,2022-05-30,2022,upper,2022-05-30 00:38:00-04:00,2022-05-30 01:30:00-04:00,12815.212027252772,12848.587027252772,12815.212027252772,22.25,33.375,SL,-33.375,False,validation,2022-05-30 04:38:00+00:00
867,1133_lower,2022-05-31,2022,lower,2022-05-31 09:34:00-04:00,2022-05-31 11:55:00-04:00,12581.52690726071,12708.27690726071,12581.52690726071,84.5,126.75,TP,126.75,False,validation,2022-05-31 13:34:00+00:00
868,1138_lower,2022-06-07,2022,lower,2022-06-06 21:26:00-04:00,2022-06-07 01:23:00-04:00,12495.726312429277,12495.726312429277,12495.726312429277,62.25,93.375,BE,0.0,False,validation,2022-06-07 01:26:00+00:00
869,1137_lower,2022-06-07,2022,lower,2022-06-07 08:31:00-04:00,2022-06-07 09:17:00-04:00,12439.248149815852,12439.248149815852,12439.248149815852,71.75,107.625,BE,0.0,False,validation,2022-06-07 12:31:00+00:00
870,1139_upper,2022-06-08,2022,upper,2022-06-08 09:49:00-04:00,2022-06-08 10:36:00-04:00,12764.47816450088,12764.47816450088,12764.47816450088,63.0,94.5,BE,-0.0,False,validation,2022-06-08 13:49:00+00:00
871,1132_lower,2022-06-10,2022,lower,2022-06-10 08:30:00-04:00,2022-06-10 08:32:00-04:00,12165.96764800338,12096.96764800338,12165.96764800338,46.0,69.0,SL,-69.0,False,validation,2022-06-10 12:30:00+00:00
872,1131_lower,2022-06-13,2022,lower,2022-06-12 21:23:00-04:00,2022-06-13 01:49:00-04:00,11607.310561407776,11607.310561407776,11607.310561407776,61.0,91.5,BE,0.0,False,validation,2022-06-13 01:23:00+00:00
873,1130_lower,2022-06-13,2022,lower,2022-06-13 04:18:00-04:00,2022-06-13 09:33:00-04:00,11463.889350439938,11576.014350439938,11463.889350439938,74.75,112.125,TP,112.125,False,validation,2022-06-13 08:18:00+00:00
874,1145_lower,2022-06-16,2022,lower,2022-06-16 09:54:00-04:00,2022-06-16 14:29:00-04:00,11257.956617134842,11096.706617134842,11257.956617134842,107.5,161.25,SL,-161.25,False,validation,2022-06-16 13:54:00+00:00
875,1147_upper,2022-06-21,2022,upper,2022-06-21 03:31:00-04:00,2022-06-21 09:40:00-04:00,11507.124027557198,11582.874027557198,11507.124027557198,50.5,75.75,SL,-75.75,False,validation,2022-06-21 07:31:00+00:00
876,1149_upper,2022-06-24,2022,upper,2022-06-23 22:40:00-04:00,2022-06-24 09:35:00-04:00,11818.83622306228,11914.46122306228,11818.83622306228,63.75,95.625,SL,-95.625,False,validation,2022-06-24 02:40:00+00:00
877,1152_upper,2022-06-27,2022,upper,2022-06-27 03:34:00-04:00,2022-06-27 06:42:00-04:00,12236.810160825216,12180.935160825216,12236.810160825216,37.25,55.875,TP,55.875,False,validation,2022-06-27 07:34:00+00:00
878,1152_lower,2022-06-29,2022,lower,2022-06-29 09:45:00-04:00,2022-06-29 09:52:00-04:00,11573.314839174784,11701.564839174784,11573.314839174784,85.5,128.25,TP,128.25,False,validation,2022-06-29 13:45:00+00:00
879,1158_upper,2022-07-05,2022,upper,2022-07-04 19:06:00-04:00,2022-07-05 04:24:00-04:00,11729.57838095358,11575.07838095358,11729.57838095358,103.0,154.5,TP,154.5,False,validation,2022-07-04 23:06:00+00:00
880,1162_lower,2022-07-12,2022,lower,2022-07-12 02:01:00-04:00,2022-07-12 02:22:00-04:00,11783.39271271376,11814.14271271376,11783.39271271376,20.5,30.75,TP,30.75,False,validation,2022-07-12 06:01:00+00:00
881,1160_lower,2022-07-13,2022,lower,2022-07-13 08:30:00-04:00,2022-07-13 08:31:00-04:00,11579.068530530343,11628.568530530343,11579.068530530343,33.0,49.5,TP,49.5,False,validation,2022-07-13 12:30:00+00:00
882,1166_upper,2022-07-15,2022,upper,2022-07-15 08:48:00-04:00,2022-07-15 09:30:00-04:00,11888.583341969455,11945.958341969455,11888.583341969455,38.25,57.375,SL,-57.375,False,validation,2022-07-15 12:48:00+00:00
883,1167_upper,2022-07-18,2022,upper,2022-07-18 03:37:00-04:00,2022-07-18 04:26:00-04:00,12162.60462922617,12162.60462922617,12162.60462922617,31.75,47.625,BE,-0.0,False,validation,2022-07-18 07:37:00+00:00
884,1154_upper,2022-07-20,2022,upper,2022-07-19 22:36:00-04:00,2022-07-20 00:09:00-04:00,12354.526735464444,12354.526735464444,12354.526735464444,29.0,43.5,BE,-0.0,False,validation,2022-07-20 02:36:00+00:00
885,1170_upper,2022-07-21,2022,upper,2022-07-21 08:43:00-04:00,2022-07-21 09:06:00-04:00,12544.34347200561,12507.21847200561,12544.34347200561,24.75,37.125,TP,37.125,False,validation,2022-07-21 12:43:00+00:00
886,1171_lower,2022-07-26,2022,lower,2022-07-26 09:45:00-04:00,2022-07-26 11:33:00-04:00,12210.07686467328,12134.70186467328,12210.07686467328,50.25,75.375,SL,-75.375,False,validation,2022-07-26 13:45:00+00:00
887,1179_upper,2022-08-03,2022,upper,2022-08-03 09:56:00-04:00,2022-08-03 10:44:00-04:00,13108.99430266321,13108.99430266321,13108.99430266321,46.0,69.0,BE,-0.0,False,validation,2022-08-03 13:56:00+00:00
888,1180_upper,2022-08-04,2022,upper,2022-08-04 06:04:00-04:00,2022-08-04 10:17:00-04:00,13312.843340278974,13232.218340278974,13312.843340278974,53.75,80.625,TP,80.625,False,validation,2022-08-04 10:04:00+00:00
889,1181_lower,2022-08-09,2022,lower,2022-08-09 09:31:00-04:00,2022-08-09 09:56:00-04:00,13061.266921843504,13001.641921843504,13061.266921843504,39.75,59.625,SL,-59.625,False,validation,2022-08-09 13:31:00+00:00
890,1184_upper,2022-08-10,2022,upper,2022-08-10 08:30:00-04:00,2022-08-10 08:32:00-04:00,13302.994635853946,13356.994635853946,13302.994635853946,36.0,54.0,SL,-54.0,False,validation,2022-08-10 12:30:00+00:00
891,1182_upper,2022-08-11,2022,upper,2022-08-10 20:27:00-04:00,2022-08-11 02:52:00-04:00,13439.758793471228,13480.633793471228,13439.758793471228,27.25,40.875,SL,-40.875,False,validation,2022-08-11 00:27:00+00:00
892,1181_upper,2022-08-11,2022,upper,2022-08-11 08:30:00-04:00,2022-08-11 09:30:00-04:00,13494.733078156496,13494.733078156496,13494.733078156496,45.5,68.25,BE,-0.0,False,validation,2022-08-11 12:30:00+00:00
893,1187_upper,2022-08-15,2022,upper,2022-08-15 09:54:00-04:00,2022-08-15 11:32:00-04:00,13606.256169569082,13606.256169569082,13606.256169569082,48.75,73.125,BE,-0.0,False,validation,2022-08-15 13:54:00+00:00
894,1188_lower,2022-08-19,2022,lower,2022-08-19 06:43:00-04:00,2022-08-19 08:25:00-04:00,13365.945639921973,13365.945639921973,13365.945639921973,31.5,47.25,BE,0.0,False,validation,2022-08-19 10:43:00+00:00
895,1190_lower,2022-08-19,2022,lower,2022-08-19 09:50:00-04:00,2022-08-19 10:57:00-04:00,13321.025025966936,13270.025025966936,13321.025025966936,34.0,51.0,SL,-51.0,False,validation,2022-08-19 13:50:00+00:00
896,1192_lower,2022-08-22,2022,lower,2022-08-22 03:26:00-04:00,2022-08-22 04:02:00-04:00,13148.997800446936,13091.622800446936,13148.997800446936,38.25,57.375,SL,-57.375,False,validation,2022-08-22 07:26:00+00:00
897,1184_lower,2022-08-23,2022,lower,2022-08-23 02:21:00-04:00,2022-08-23 03:17:00-04:00,12840.755364146054,12906.380364146054,12840.755364146054,43.75,65.625,TP,65.625,False,validation,2022-08-23 06:21:00+00:00
898,1194_upper,2022-08-26,2022,upper,2022-08-26 09:03:00-04:00,2022-08-26 10:02:00-04:00,13169.443883299631,13051.318883299631,13169.443883299631,78.75,118.125,TP,118.125,False,validation,2022-08-26 13:03:00+00:00
899,1201_upper,2022-09-02,2022,upper,2022-09-02 08:38:00-04:00,2022-09-02 08:44:00-04:00,12400.766479503596,12332.516479503596,12400.766479503596,45.5,68.25,TP,68.25,False,validation,2022-09-02 12:38:00+00:00
900,1204_upper,2022-09-09,2022,upper,2022-09-09 00:48:00-04:00,2022-09-09 02:00:00-04:00,12406.704601741834,12379.704601741834,12406.704601741834,18.0,27.0,TP,27.0,False,validation,2022-09-09 04:48:00+00:00
901,1206_upper,2022-09-09,2022,upper,2022-09-09 03:27:00-04:00,2022-09-09 04:31:00-04:00,12452.29077808732,12452.29077808732,12452.29077808732,35.25,52.875,BE,-0.0,False,validation,2022-09-09 07:27:00+00:00
902,1200_upper,2022-09-12,2022,upper,2022-09-11 20:00:00-04:00,2022-09-11 20:44:00-04:00,12706.163063434018,12676.538063434018,12706.163063434018,19.75,29.625,TP,29.625,False,validation,2022-09-12 00:00:00+00:00
903,1198_upper,2022-09-12,2022,upper,2022-09-12 04:42:00-04:00,2022-09-12 10:19:00-04:00,12763.025908248905,12836.900908248905,12763.025908248905,49.25,73.875,SL,-73.875,False,validation,2022-09-12 08:42:00+00:00
904,1208_upper,2022-09-13,2022,upper,2022-09-13 08:30:00-04:00,2022-09-13 08:31:00-04:00,12973.35751315287,12935.85751315287,12973.35751315287,25.0,37.5,TP,37.5,False,validation,2022-09-13 12:30:00+00:00
905,1208_lower,2022-09-13,2022,lower,2022-09-13 08:38:00-04:00,2022-09-13 08:54:00-04:00,12534.14248684713,12496.64248684713,12534.14248684713,25.0,37.5,SL,-37.5,False,validation,2022-09-13 12:38:00+00:00
906,1205_lower,2022-09-16,2022,lower,2022-09-16 08:57:00-04:00,2022-09-16 09:58:00-04:00,11841.776479599794,11785.901479599794,11841.776479599794,37.25,55.875,SL,-55.875,False,validation,2022-09-16 12:57:00+00:00
907,1213_upper,2022-09-20,2022,upper,2022-09-19 19:51:00-04:00,2022-09-19 21:18:00-04:00,12074.777340173585,12039.902340173585,12074.777340173585,23.25,34.875,TP,34.875,False,validation,2022-09-19 23:51:00+00:00
908,1216_lower,2022-09-23,2022,lower,2022-09-23 06:46:00-04:00,2022-09-23 12:27:00-04:00,11406.62824728022,11318.12824728022,11406.62824728022,59.0,88.5,SL,-88.5,False,validation,2022-09-23 10:46:00+00:00
909,1219_lower,2022-09-28,2022,lower,2022-09-27 22:12:00-04:00,2022-09-28 02:58:00-04:00,11205.345983893674,11205.345983893674,11205.345983893674,123.0,184.5,BE,0.0,False,validation,2022-09-28 02:12:00+00:00
910,1222_lower,2022-10-03,2022,lower,2022-10-02 19:52:00-04:00,2022-10-03 02:07:00-04:00,10951.81338046496,11058.68838046496,10951.81338046496,71.25,106.875,TP,106.875,False,validation,2022-10-02 23:52:00+00:00
911,1223_upper,2022-10-04,2022,upper,2022-10-03 20:17:00-04:00,2022-10-03 23:42:00-04:00,11394.19061439567,11394.19061439567,11394.19061439567,48.0,72.0,BE,-0.0,False,validation,2022-10-04 00:17:00+00:00
912,1222_upper,2022-10-04,2022,upper,2022-10-04 02:46:00-04:00,2022-10-04 03:35:00-04:00,11443.81161953504,11487.68661953504,11443.81161953504,29.25,43.875,SL,-43.875,False,validation,2022-10-04 06:46:00+00:00
913,1226_lower,2022-10-07,2022,lower,2022-10-07 08:51:00-04:00,2022-10-07 08:58:00-04:00,11320.090857567093,11354.215857567093,11320.090857567093,22.75,34.125,TP,34.125,False,validation,2022-10-07 12:51:00+00:00
914,1224_lower,2022-10-07,2022,lower,2022-10-07 09:44:00-04:00,2022-10-07 14:31:00-04:00,11293.145995587089,11093.145995587089,11293.145995587089,243.5,200.0,SL,-200.0,False,validation,2022-10-07 13:44:00+00:00
915,1223_lower,2022-10-11,2022,lower,2022-10-11 09:56:00-04:00,2022-10-11 11:34:00-04:00,10839.30938560433,10934.18438560433,10839.30938560433,63.25,94.875,TP,94.875,False,validation,2022-10-11 13:56:00+00:00
916,1229_lower,2022-10-13,2022,lower,2022-10-13 08:30:00-04:00,2022-10-13 08:32:00-04:00,10626.049230701945,10506.799230701945,10626.049230701945,79.5,119.25,SL,-119.25,False,validation,2022-10-13 12:30:00+00:00
917,1229_upper,2022-10-14,2022,upper,2022-10-13 22:31:00-04:00,2022-10-13 23:34:00-04:00,11160.575769298055,11160.575769298055,11160.575769298055,105.5,158.25,BE,-0.0,False,validation,2022-10-14 02:31:00+00:00
918,1233_upper,2022-10-18,2022,upper,2022-10-17 23:42:00-04:00,2022-10-17 23:47:00-04:00,11282.132898557971,11305.007898557971,11282.132898557971,15.25,22.875,SL,-22.875,False,validation,2022-10-18 03:42:00+00:00
919,1228_upper,2022-10-18,2022,upper,2022-10-18 00:18:00-04:00,2022-10-18 11:21:00-04:00,11334.338081071022,11141.588081071022,11334.338081071022,128.5,192.75,TP,192.75,False,validation,2022-10-18 04:18:00+00:00
920,1227_upper,2022-10-25,2022,upper,2022-10-25 09:31:00-04:00,2022-10-25 09:47:00-04:00,11564.971176348332,11615.971176348332,11564.971176348332,34.0,51.0,SL,-51.0,False,validation,2022-10-25 13:31:00+00:00
921,1238_upper,2022-10-25,2022,upper,2022-10-25 09:54:00-04:00,2022-10-25 10:50:00-04:00,11643.776491612476,11643.776491612476,11643.776491612476,34.0,51.0,BE,-0.0,False,validation,2022-10-25 13:54:00+00:00
922,1239_lower,2022-10-27,2022,lower,2022-10-27 09:51:00-04:00,2022-10-27 10:31:00-04:00,11295.296535945849,11450.921535945849,11295.296535945849,103.75,155.625,TP,155.625,False,validation,2022-10-27 13:51:00+00:00
923,1235_lower,2022-11-03,2022,lower,2022-11-03 06:18:00-04:00,2022-11-03 07:42:00-04:00,10890.143606830316,10826.018606830316,10890.143606830316,42.75,64.125,SL,-64.125,False,validation,2022-11-03 10:18:00+00:00
924,1233_lower,2022-11-03,2022,lower,2022-11-03 09:44:00-04:00,2022-11-03 10:36:00-04:00,10785.242101442029,10785.242101442029,10785.242101442029,56.75,85.125,BE,0.0,False,validation,2022-11-03 13:44:00+00:00
925,1250_upper,2022-11-10,2022,upper,2022-11-10 08:30:00-05:00,2022-11-10 08:30:00-05:00,11198.403031557606,11239.278031557606,11198.403031557606,27.25,40.875,SL,-40.875,False,validation,2022-11-10 13:30:00+00:00
926,1249_upper,2022-11-10,2022,upper,2022-11-10 08:45:00-05:00,2022-11-10 08:57:00-05:00,11265.117067630265,11305.992067630265,11265.117067630265,27.25,40.875,SL,-40.875,False,validation,2022-11-10 13:45:00+00:00
927,1243_upper,2022-11-11,2022,upper,2022-11-11 00:48:00-05:00,2022-11-11 02:46:00-05:00,11701.105117735204,11746.855117735204,11701.105117735204,30.5,45.75,SL,-45.75,False,validation,2022-11-11 05:48:00+00:00
928,1252_upper,2022-11-15,2022,upper,2022-11-15 07:27:00-05:00,2022-11-15 08:30:00-05:00,11911.900365803349,11950.525365803349,11911.900365803349,25.75,38.625,SL,-38.625,False,validation,2022-11-15 12:27:00+00:00
929,1255_lower,2022-11-17,2022,lower,2022-11-17 08:08:00-05:00,2022-11-17 11:55:00-05:00,11592.448534422849,11691.823534422849,11592.448534422849,66.25,99.375,TP,99.375,False,validation,2022-11-17 13:08:00+00:00
930,1256_upper,2022-11-18,2022,upper,2022-11-18 05:40:00-05:00,2022-11-18 10:03:00-05:00,11797.285748835811,11702.785748835811,11797.285748835811,63.0,94.5,TP,94.5,False,validation,2022-11-18 10:40:00+00:00
931,1257_lower,2022-11-22,2022,lower,2022-11-22 03:32:00-05:00,2022-11-22 04:30:00-05:00,11549.211504960516,11596.461504960516,11549.211504960516,31.5,47.25,TP,47.25,False,validation,2022-11-22 08:32:00+00:00
932,1259_upper,2022-11-23,2022,upper,2022-11-23 07:40:00-05:00,2022-11-23 08:46:00-05:00,11790.142005674925,11742.517005674925,11790.142005674925,31.75,47.625,TP,47.625,False,validation,2022-11-23 12:40:00+00:00
933,1258_upper,2022-11-23,2022,upper,2022-11-23 09:54:00-05:00,2022-11-23 11:55:00-05:00,11849.28186562853,11781.40686562853,11849.28186562853,45.25,67.875,TP,67.875,False,validation,2022-11-23 14:54:00+00:00
934,1261_lower,2022-11-25,2022,lower,2022-11-25 09:31:00-05:00,2022-11-25 11:28:00-05:00,11787.196029486602,11787.196029486602,11787.196029486602,34.75,52.125,BE,0.0,False,validation,2022-11-25 14:31:00+00:00
935,1262_lower,2022-11-28,2022,lower,2022-11-28 05:02:00-05:00,2022-11-28 09:32:00-05:00,11643.535986435312,11740.660986435312,11643.535986435312,64.75,97.125,TP,97.125,False,validation,2022-11-28 10:02:00+00:00
936,1260_lower,2022-11-29,2022,lower,2022-11-29 09:45:00-05:00,2022-11-29 11:02:00-05:00,11573.070378612196,11573.070378612196,11573.070378612196,58.75,88.125,BE,0.0,False,validation,2022-11-29 14:45:00+00:00
937,1266_lower,2022-12-02,2022,lower,2022-12-02 08:31:00-05:00,2022-12-02 08:54:00-05:00,11789.394449088326,11839.269449088326,11789.394449088326,33.25,49.875,TP,49.875,False,validation,2022-12-02 13:31:00+00:00
938,1268_lower,2022-12-06,2022,lower,2022-12-06 09:44:00-05:00,2022-12-06 09:58:00-05:00,11735.080997899688,11669.455997899688,11735.080997899688,43.75,65.625,SL,-65.625,False,validation,2022-12-06 14:44:00+00:00
939,1269_lower,2022-12-07,2022,lower,2022-12-07 06:44:00-05:00,2022-12-07 07:20:00-05:00,11501.850823944607,11469.600823944607,11501.850823944607,21.5,32.25,SL,-32.25,False,validation,2022-12-07 11:44:00+00:00
940,1258_lower,2022-12-07,2022,lower,2022-12-07 07:21:00-05:00,2022-12-07 08:17:00-05:00,11443.71813437147,11443.71813437147,11443.71813437147,60.25,90.375,BE,0.0,False,validation,2022-12-07 12:21:00+00:00
941,1270_upper,2022-12-09,2022,upper,2022-12-09 08:30:00-05:00,2022-12-09 08:31:00-05:00,11739.75053776858,11671.12553776858,11739.75053776858,45.75,68.625,TP,68.625,False,validation,2022-12-09 13:30:00+00:00
942,1273_upper,2022-12-13,2022,upper,2022-12-13 03:01:00-05:00,2022-12-13 04:27:00-05:00,11855.629740050335,11855.629740050335,11855.629740050335,23.75,35.625,BE,-0.0,False,validation,2022-12-13 08:01:00+00:00
943,1269_upper,2022-12-13,2022,upper,2022-12-13 08:26:00-05:00,2022-12-13 08:27:00-05:00,12005.524176055393,11932.399176055393,12005.524176055393,48.75,73.125,TP,73.125,False,validation,2022-12-13 13:26:00+00:00
944,1267_upper,2022-12-13,2022,upper,2022-12-13 08:29:00-05:00,2022-12-13 08:30:00-05:00,12062.801644800851,12135.926644800851,12062.801644800851,48.75,73.125,SL,-73.125,False,validation,2022-12-13 13:29:00+00:00
945,1265_lower,2022-12-16,2022,lower,2022-12-16 03:14:00-05:00,2022-12-16 09:49:00-05:00,11381.964807967212,11476.464807967212,11381.964807967212,63.0,94.5,TP,94.5,False,validation,2022-12-16 08:14:00+00:00
946,1278_lower,2022-12-20,2022,lower,2022-12-19 22:11:00-05:00,2022-12-19 22:43:00-05:00,11121.328961004048,11092.453961004048,11121.328961004048,19.25,28.875,SL,-28.875,False,validation,2022-12-20 03:11:00+00:00
947,1287_lower,2023-01-06,2023,lower,2023-01-06 04:35:00-05:00,2023-01-06 05:17:00-05:00,10779.425622787592,10815.800622787592,10779.425622787592,24.25,36.375,TP,36.375,False,build_years,2023-01-06 09:35:00+00:00
948,1282_upper,2023-01-09,2023,upper,2023-01-09 09:30:00-05:00,2023-01-09 09:52:00-05:00,11211.791251359777,11287.916251359777,11211.791251359777,50.75,76.125,SL,-76.125,False,build_years,2023-01-09 14:30:00+00:00
949,1293_upper,2023-01-12,2023,upper,2023-01-12 08:18:00-05:00,2023-01-12 08:29:00-05:00,11509.48180646574,11457.73180646574,11509.48180646574,34.5,51.75,TP,51.75,False,build_years,2023-01-12 13:18:00+00:00
950,1295_upper,2023-01-16,2023,upper,2023-01-15 20:58:00-05:00,2023-01-16 01:29:00-05:00,11631.48996521479,11593.61496521479,11631.48996521479,25.25,37.875,TP,37.875,False,build_years,2023-01-16 01:58:00+00:00
951,1294_upper,2023-01-18,2023,upper,2023-01-18 08:30:00-05:00,2023-01-18 08:33:00-05:00,11716.054661598511,11669.554661598511,11716.054661598511,31.0,46.5,TP,46.5,False,build_years,2023-01-18 13:30:00+00:00
952,1297_lower,2023-01-19,2023,lower,2023-01-19 05:26:00-05:00,2023-01-19 08:30:00-05:00,11413.349099754088,11351.099099754088,11413.349099754088,41.5,62.25,SL,-62.25,False,build_years,2023-01-19 10:26:00+00:00
953,1297_upper,2023-01-23,2023,upper,2023-01-23 09:51:00-05:00,2023-01-23 10:31:00-05:00,11802.650900245912,11860.775900245912,11802.650900245912,38.75,58.125,SL,-58.125,False,build_years,2023-01-23 14:51:00+00:00
954,1302_lower,2023-01-25,2023,lower,2023-01-25 09:30:00-05:00,2023-01-25 11:56:00-05:00,11693.33517488565,11784.83517488565,11693.33517488565,61.0,91.5,TP,91.5,False,build_years,2023-01-25 14:30:00+00:00
955,1302_upper,2023-01-26,2023,upper,2023-01-26 09:32:00-05:00,2023-01-26 10:54:00-05:00,12061.53982511435,11941.53982511435,12061.53982511435,80.0,120.0,TP,120.0,False,build_years,2023-01-26 14:32:00+00:00
956,1306_lower,2023-01-31,2023,lower,2023-01-31 05:34:00-05:00,2023-01-31 07:47:00-05:00,11895.872014981738,11932.997014981738,11895.872014981738,24.75,37.125,TP,37.125,False,build_years,2023-01-31 10:34:00+00:00
957,1309_lower,2023-02-06,2023,lower,2023-02-06 04:53:00-05:00,2023-02-06 09:45:00-05:00,12500.098735179718,12568.723735179718,12500.098735179718,45.75,68.625,TP,68.625,False,build_years,2023-02-06 09:53:00+00:00
958,1312_lower,2023-02-10,2023,lower,2023-02-10 04:56:00-05:00,2023-02-10 07:09:00-05:00,12340.168862818882,12271.168862818882,12340.168862818882,46.0,69.0,SL,-69.0,False,build_years,2023-02-10 09:56:00+00:00
959,1316_upper,2023-02-14,2023,upper,2023-02-14 08:29:00-05:00,2023-02-14 08:30:00-05:00,12614.653492198106,12575.653492198106,12614.653492198106,26.0,39.0,TP,39.0,False,build_years,2023-02-14 13:29:00+00:00
960,1318_lower,2023-02-17,2023,lower,2023-02-17 02:02:00-05:00,2023-02-17 03:02:00-05:00,12377.141552724202,12377.141552724202,12377.141552724202,26.75,40.125,BE,0.0,False,build_years,2023-02-17 07:02:00+00:00
961,1319_lower,2023-02-17,2023,lower,2023-02-17 03:36:00-05:00,2023-02-17 04:32:00-05:00,12344.34054521155,12404.34054521155,12344.34054521155,40.0,60.0,TP,60.0,False,build_years,2023-02-17 08:36:00+00:00
962,1321_lower,2023-02-21,2023,lower,2023-02-21 03:46:00-05:00,2023-02-21 04:37:00-05:00,12259.764318305486,12259.764318305486,12259.764318305486,35.75,53.625,BE,0.0,False,build_years,2023-02-21 08:46:00+00:00
963,1308_lower,2023-02-24,2023,lower,2023-02-24 08:39:00-05:00,2023-02-24 09:32:00-05:00,11986.569081537058,12017.694081537058,11986.569081537058,20.75,31.125,TP,31.125,False,build_years,2023-02-24 13:39:00+00:00
964,1327_lower,2023-03-02,2023,lower,2023-03-01 20:39:00-05:00,2023-03-01 21:40:00-05:00,11896.630632581931,11896.630632581931,11896.630632581931,46.25,69.375,BE,0.0,False,build_years,2023-03-02 01:39:00+00:00
965,1323_upper,2023-03-06,2023,upper,2023-03-05 21:37:00-05:00,2023-03-06 09:33:00-05:00,12335.463802876478,12385.713802876478,12335.463802876478,33.5,50.25,SL,-50.25,False,build_years,2023-03-06 02:37:00+00:00
966,1335_upper,2023-03-13,2023,upper,2023-03-13 02:12:00-04:00,2023-03-13 03:00:00-04:00,12213.8751113092,12213.8751113092,12213.8751113092,32.5,48.75,BE,-0.0,False,build_years,2023-03-13 06:12:00+00:00
967,1336_upper,2023-03-14,2023,upper,2023-03-14 09:16:00-04:00,2023-03-14 15:00:00-04:00,12215.005555992417,12242.0,12215.005555992417,170.75,200.0,cutoff,-26.99444400758512,False,build_years,2023-03-14 13:16:00+00:00
968,1333_upper,2023-03-15,2023,upper,2023-03-14 22:08:00-04:00,2023-03-15 01:34:00-04:00,12357.00815734723,12322.88315734723,12357.00815734723,22.75,34.125,TP,34.125,False,build_years,2023-03-15 02:08:00+00:00
969,1337_upper,2023-03-16,2023,upper,2023-03-15 20:29:00-04:00,2023-03-15 21:15:00-04:00,12439.642295720492,12439.642295720492,12439.642295720492,36.5,54.75,BE,-0.0,False,build_years,2023-03-16 00:29:00+00:00
970,1341_upper,2023-03-21,2023,upper,2023-03-21 09:32:00-04:00,2023-03-21 10:24:00-04:00,12804.894940581522,12752.019940581522,12804.894940581522,35.25,52.875,TP,52.875,False,build_years,2023-03-21 13:32:00+00:00
971,1346_lower,2023-03-28,2023,lower,2023-03-28 09:33:00-04:00,2023-03-28 10:00:00-04:00,12736.870630244795,12678.745630244795,12736.870630244795,38.75,58.125,SL,-58.125,False,build_years,2023-03-28 13:33:00+00:00
972,1345_upper,2023-03-30,2023,upper,2023-03-30 05:27:00-04:00,2023-03-30 06:57:00-04:00,13008.37954121838,13033.12954121838,13008.37954121838,16.5,24.75,SL,-24.75,False,build_years,2023-03-30 09:27:00+00:00
973,1348_upper,2023-03-30,2023,upper,2023-03-30 08:11:00-04:00,2023-03-30 08:44:00-04:00,13044.435005252406,13068.810005252406,13044.435005252406,16.25,24.375,SL,-24.375,False,build_years,2023-03-30 12:11:00+00:00
974,1353_lower,2023-04-06,2023,lower,2023-04-06 09:34:00-04:00,2023-04-06 10:15:00-04:00,12969.69249010037,13053.69249010037,12969.69249010037,56.0,84.0,TP,84.0,False,build_years,2023-04-06 13:34:00+00:00
975,1355_upper,2023-04-11,2023,upper,2023-04-11 05:02:00-04:00,2023-04-11 07:06:00-04:00,13195.157886365982,13154.657886365982,13195.157886365982,27.0,40.5,TP,40.5,False,build_years,2023-04-11 09:02:00+00:00
976,1361_lower,2023-04-20,2023,lower,2023-04-20 04:37:00-04:00,2023-04-20 12:33:00-04:00,13049.068378614227,13158.193378614227,13049.068378614227,72.75,109.125,TP,109.125,False,build_years,2023-04-20 08:37:00+00:00
977,1360_lower,2023-04-21,2023,lower,2023-04-21 06:50:00-04:00,2023-04-21 08:01:00-04:00,13017.100469293404,13017.100469293404,13017.100469293404,26.0,39.0,BE,0.0,False,build_years,2023-04-21 10:50:00+00:00
978,1353_upper,2023-05-01,2023,upper,2023-04-30 22:55:00-04:00,2023-04-30 23:41:00-04:00,13337.05750989963,13337.05750989963,13337.05750989963,14.5,21.75,BE,-0.0,False,build_years,2023-05-01 02:55:00+00:00
979,1357_upper,2023-05-01,2023,upper,2023-05-01 02:42:00-04:00,2023-05-01 04:07:00-04:00,13354.49981765214,13321.12481765214,13354.49981765214,22.25,33.375,TP,33.375,False,build_years,2023-05-01 06:42:00+00:00
980,1369_lower,2023-05-04,2023,lower,2023-05-04 09:44:00-04:00,2023-05-04 11:09:00-04:00,13042.435086729922,13101.310086729922,13042.435086729922,39.25,58.875,TP,58.875,False,build_years,2023-05-04 13:44:00+00:00
981,1369_upper,2023-05-10,2023,upper,2023-05-10 09:32:00-04:00,2023-05-10 15:00:00-04:00,13410.064913270078,13390.0,13410.064913270078,139.25,200.0,cutoff,20.06491327007825,False,build_years,2023-05-10 13:32:00+00:00
982,1371_upper,2023-05-11,2023,upper,2023-05-11 03:46:00-04:00,2023-05-11 04:32:00-04:00,13454.855520657637,13454.855520657637,13454.855520657637,22.0,33.0,BE,-0.0,False,build_years,2023-05-11 07:46:00+00:00
983,1385_lower,2023-05-24,2023,lower,2023-05-24 03:03:00-04:00,2023-05-24 07:10:00-04:00,13706.076931880389,13674.951931880389,13706.076931880389,20.75,31.125,SL,-31.125,False,build_years,2023-05-24 07:03:00+00:00
984,1386_upper,2023-05-25,2023,upper,2023-05-25 09:06:00-04:00,2023-05-25 09:32:00-04:00,13975.37052097448,13904.87052097448,13975.37052097448,47.0,70.5,TP,70.5,False,build_years,2023-05-25 13:06:00+00:00
985,1384_upper,2023-05-26,2023,upper,2023-05-26 07:26:00-04:00,2023-05-26 08:30:00-04:00,14037.217523662235,14037.217523662235,14037.217523662235,58.25,87.375,BE,-0.0,False,build_years,2023-05-26 11:26:00+00:00
986,1390_upper,2023-05-30,2023,upper,2023-05-30 05:20:00-04:00,2023-05-30 06:14:00-04:00,14500.603669049202,14500.603669049202,14500.603669049202,62.25,93.375,BE,-0.0,False,build_years,2023-05-30 09:20:00+00:00
987,1392_upper,2023-06-02,2023,upper,2023-06-02 05:14:00-04:00,2023-06-02 06:18:00-04:00,14550.866559532677,14550.866559532677,14550.866559532677,26.75,40.125,BE,-0.0,False,build_years,2023-06-02 09:14:00+00:00
988,1391_upper,2023-06-12,2023,upper,2023-06-11 20:00:00-04:00,2023-06-12 04:00:00-04:00,14767.75,14804.125,14725.630739165332,24.25,36.375,SL,-36.375,True,build_years,2023-06-12 00:00:00+00:00
989,1404_lower,2023-06-20,2023,lower,2023-06-20 01:20:00-04:00,2023-06-20 02:06:00-04:00,15222.97180417187,15222.97180417187,15222.97180417187,8.25,12.375,BE,0.0,False,build_years,2023-06-20 05:20:00+00:00
990,1406_lower,2023-06-22,2023,lower,2023-06-22 02:13:00-04:00,2023-06-22 03:02:00-04:00,14975.540735129563,14975.540735129563,14975.540735129563,26.5,39.75,BE,0.0,False,build_years,2023-06-22 06:13:00+00:00
991,1412_upper,2023-06-30,2023,upper,2023-06-30 08:38:00-04:00,2023-06-30 09:24:00-04:00,15254.069572783555,15254.069572783555,15254.069572783555,19.25,28.875,BE,-0.0,False,build_years,2023-06-30 12:38:00+00:00
992,1413_upper,2023-06-30,2023,upper,2023-06-30 09:43:00-04:00,2023-06-30 15:00:00-04:00,15290.171958931223,15336.75,15290.171958931223,87.5,131.25,cutoff,-46.578041068776656,False,build_years,2023-06-30 13:43:00+00:00
993,1407_upper,2023-07-03,2023,upper,2023-07-03 04:11:00-04:00,2023-07-03 06:05:00-04:00,15385.778277982936,15358.403277982936,15385.778277982936,18.25,27.375,TP,27.375,False,build_years,2023-07-03 08:11:00+00:00
994,1416_lower,2023-07-06,2023,lower,2023-07-06 08:30:00-04:00,2023-07-06 08:41:00-04:00,15242.18319312509,15208.43319312509,15242.18319312509,22.5,33.75,SL,-33.75,False,build_years,2023-07-06 12:30:00+00:00
995,1418_upper,2023-07-12,2023,upper,2023-07-12 08:30:00-04:00,2023-07-12 08:31:00-04:00,15359.868794196564,15407.118794196564,15359.868794196564,31.5,47.25,SL,-47.25,False,build_years,2023-07-12 12:30:00+00:00
996,1406_upper,2023-07-12,2023,upper,2023-07-12 09:48:00-04:00,2023-07-12 15:00:00-04:00,15454.584264870437,15454.25,15454.584264870437,124.75,187.125,cutoff,0.3342648704347084,False,build_years,2023-07-12 13:48:00+00:00
997,1417_upper,2023-07-13,2023,upper,2023-07-13 00:13:00-04:00,2023-07-13 00:56:00-04:00,15527.892235680834,15500.142235680834,15527.892235680834,18.5,27.75,TP,27.75,False,build_years,2023-07-13 04:13:00+00:00
998,1430_upper,2023-07-27,2023,upper,2023-07-27 03:49:00-04:00,2023-07-27 05:49:00-04:00,15770.652112320444,15808.152112320444,15770.652112320444,25.0,37.5,SL,-37.5,False,build_years,2023-07-27 07:49:00+00:00
999,1429_upper,2023-07-27,2023,upper,2023-07-27 09:45:00-04:00,2023-07-27 10:08:00-04:00,15897.89369544417,15843.14369544417,15897.89369544417,36.5,54.75,TP,54.75,False,build_years,2023-07-27 13:45:00+00:00
1000,1435_lower,2023-08-02,2023,lower,2023-08-02 02:53:00-04:00,2023-08-02 03:40:00-04:00,15680.358069343134,15680.358069343134,15680.358069343134,27.75,41.625,BE,0.0,False,build_years,2023-08-02 06:53:00+00:00
1001,1436_lower,2023-08-02,2023,lower,2023-08-02 04:02:00-04:00,2023-08-02 07:02:00-04:00,15614.468371465437,15710.843371465437,15614.468371465437,64.25,96.375,TP,96.375,False,build_years,2023-08-02 08:02:00+00:00
1002,1430_lower,2023-08-03,2023,lower,2023-08-03 03:31:00-04:00,2023-08-03 04:44:00-04:00,15359.097887679556,15359.097887679556,15359.097887679556,67.25,100.875,BE,0.0,False,build_years,2023-08-03 07:31:00+00:00
1003,1441_lower,2023-08-11,2023,lower,2023-08-11 08:31:00-04:00,2023-08-11 08:49:00-04:00,15133.43673161332,15091.43673161332,15133.43673161332,28.0,42.0,SL,-42.0,False,build_years,2023-08-11 12:31:00+00:00
1004,1447_lower,2023-08-17,2023,lower,2023-08-16 20:19:00-04:00,2023-08-16 21:12:00-04:00,14907.749306880967,14907.749306880967,14907.749306880967,16.25,24.375,BE,0.0,False,build_years,2023-08-17 00:19:00+00:00
1005,1449_upper,2023-08-21,2023,upper,2023-08-21 04:24:00-04:00,2023-08-21 13:26:00-04:00,14823.580191280837,14944.330191280837,14823.580191280837,80.5,120.75,SL,-120.75,False,build_years,2023-08-21 08:24:00+00:00
1006,1450_upper,2023-08-22,2023,upper,2023-08-22 03:44:00-04:00,2023-08-22 07:47:00-04:00,15046.702045487342,15102.952045487342,15046.702045487342,37.5,56.25,SL,-56.25,False,build_years,2023-08-22 07:44:00+00:00
1007,1442_upper,2023-08-31,2023,upper,2023-08-31 08:16:00-04:00,2023-08-31 09:31:00-04:00,15532.052676827978,15532.052676827978,15532.052676827978,57.5,86.25,BE,-0.0,False,build_years,2023-08-31 12:16:00+00:00
1008,1441_upper,2023-08-31,2023,upper,2023-08-31 09:45:00-04:00,2023-08-31 15:00:00-04:00,15557.31326838668,15566.75,15557.31326838668,51.5,77.25,cutoff,-9.436731613319353,False,build_years,2023-08-31 13:45:00+00:00
1009,1440_upper,2023-09-01,2023,upper,2023-09-01 08:32:00-04:00,2023-09-01 08:33:00-04:00,15629.551658579476,15594.676658579476,15629.551658579476,23.25,34.875,TP,34.875,False,build_years,2023-09-01 12:32:00+00:00
1010,1460_lower,2023-09-05,2023,lower,2023-09-05 04:12:00-04:00,2023-09-05 08:39:00-04:00,15439.378375806677,15439.378375806677,15439.378375806677,46.25,69.375,BE,0.0,False,build_years,2023-09-05 08:12:00+00:00
1011,1462_lower,2023-09-07,2023,lower,2023-09-07 08:14:00-04:00,2023-09-07 08:38:00-04:00,15268.239324433607,15211.614324433607,15268.239324433607,37.75,56.625,SL,-56.625,False,build_years,2023-09-07 12:14:00+00:00
1012,1463_upper,2023-09-08,2023,upper,2023-09-08 09:50:00-04:00,2023-09-08 10:36:00-04:00,15365.18591918266,15365.18591918266,15365.18591918266,50.0,75.0,BE,-0.0,False,build_years,2023-09-08 13:50:00+00:00
1013,1464_upper,2023-09-11,2023,upper,2023-09-10 20:00:00-04:00,2023-09-10 21:20:00-04:00,15522.5,15499.625,15496.462916416423,15.25,22.875,TP,22.875,True,build_years,2023-09-11 00:00:00+00:00
1014,1461_upper,2023-09-11,2023,upper,2023-09-11 09:33:00-04:00,2023-09-11 09:39:00-04:00,15639.465689431374,15590.340689431374,15639.465689431374,32.75,49.125,TP,49.125,False,build_years,2023-09-11 13:33:00+00:00
1015,1465_lower,2023-09-13,2023,lower,2023-09-13 08:30:00-04:00,2023-09-13 08:37:00-04:00,15421.240815329766,15496.240815329766,15421.240815329766,50.0,75.0,TP,75.0,False,build_years,2023-09-13 12:30:00+00:00
1016,1467_lower,2023-09-19,2023,lower,2023-09-19 09:50:00-04:00,2023-09-19 10:39:00-04:00,15323.86663134196,15255.24163134196,15323.86663134196,45.75,68.625,SL,-68.625,False,build_years,2023-09-19 13:50:00+00:00
1017,1464_lower,2023-09-21,2023,lower,2023-09-20 20:07:00-04:00,2023-09-21 03:31:00-04:00,15106.912083583577,15073.162083583577,15106.912083583577,22.5,33.75,SL,-33.75,False,build_years,2023-09-21 00:07:00+00:00
1018,1463_lower,2023-09-21,2023,lower,2023-09-21 06:01:00-04:00,2023-09-21 07:58:00-04:00,15034.56408081734,14981.68908081734,15034.56408081734,35.25,52.875,SL,-52.875,False,build_years,2023-09-21 10:01:00+00:00
1019,1473_lower,2023-09-25,2023,lower,2023-09-25 04:44:00-04:00,2023-09-25 05:02:00-04:00,14797.891152351334,14845.891152351334,14797.891152351334,32.0,48.0,TP,48.0,False,build_years,2023-09-25 08:44:00+00:00
1020,1476_upper,2023-09-29,2023,upper,2023-09-29 08:30:00-04:00,2023-09-29 09:30:00-04:00,15007.11661205743,15007.11661205743,15007.11661205743,40.75,61.125,BE,-0.0,False,build_years,2023-09-29 12:30:00+00:00
1021,1475_upper,2023-09-29,2023,upper,2023-09-29 09:48:00-04:00,2023-09-29 12:48:00-04:00,15030.213529050536,14899.713529050536,15030.213529050536,87.0,130.5,TP,130.5,False,build_years,2023-09-29 13:48:00+00:00
1022,1481_lower,2023-10-04,2023,lower,2023-10-04 02:18:00-04:00,2023-10-04 04:42:00-04:00,14608.482636343826,14683.482636343826,14608.482636343826,50.0,75.0,TP,75.0,False,build_years,2023-10-04 06:18:00+00:00
1023,1486_upper,2023-10-12,2023,upper,2023-10-11 20:06:00-04:00,2023-10-11 20:58:00-04:00,15423.33901500788,15423.33901500788,15423.33901500788,14.25,21.375,BE,-0.0,False,build_years,2023-10-12 00:06:00+00:00
1024,1490_lower,2023-10-19,2023,lower,2023-10-19 03:46:00-04:00,2023-10-19 05:32:00-04:00,14977.196253654804,15021.446253654804,14977.196253654804,29.5,44.25,TP,44.25,False,build_years,2023-10-19 07:46:00+00:00
1025,1485_lower,2023-10-20,2023,lower,2023-10-20 02:21:00-04:00,2023-10-20 03:08:00-04:00,14811.455813199624,14811.455813199624,14811.455813199624,23.0,34.5,BE,0.0,False,build_years,2023-10-20 06:21:00+00:00
1026,1483_lower,2023-10-23,2023,lower,2023-10-23 03:43:00-04:00,2023-10-23 04:12:00-04:00,14637.371414457424,14664.746414457424,14637.371414457424,18.25,27.375,TP,27.375,False,build_years,2023-10-23 07:43:00+00:00
1027,1494_lower,2023-10-23,2023,lower,2023-10-23 05:05:00-04:00,2023-10-23 05:33:00-04:00,14609.982422914663,14546.982422914663,14609.982422914663,42.0,63.0,SL,-63.0,False,build_years,2023-10-23 09:05:00+00:00
1028,1484_lower,2023-10-23,2023,lower,2023-10-23 05:48:00-04:00,2023-10-23 07:19:00-04:00,14524.195341913888,14587.195341913888,14524.195341913888,42.0,63.0,TP,63.0,False,build_years,2023-10-23 09:48:00+00:00
1029,1495_lower,2023-10-26,2023,lower,2023-10-25 19:21:00-04:00,2023-10-25 20:49:00-04:00,14341.862903533696,14341.862903533696,14341.862903533696,76.5,114.75,BE,0.0,False,build_years,2023-10-25 23:21:00+00:00
1030,1497_upper,2023-11-02,2023,upper,2023-11-02 08:30:00-04:00,2023-11-02 09:30:00-04:00,14935.534575520876,14935.534575520876,14935.534575520876,29.25,43.875,BE,-0.0,False,build_years,2023-11-02 12:30:00+00:00
1031,1494_upper,2023-11-03,2023,upper,2023-11-03 09:31:00-04:00,2023-11-03 15:00:00-04:00,15070.892577085337,15212.75,15070.892577085337,125.5,188.25,cutoff,-141.85742291466522,False,build_years,2023-11-03 13:31:00+00:00
1032,1504_upper,2023-11-07,2023,upper,2023-11-07 09:17:00-05:00,2023-11-07 10:00:00-05:00,15268.5396343366,15319.1646343366,15268.5396343366,33.75,50.625,SL,-50.625,False,build_years,2023-11-07 14:17:00+00:00
1033,1510_upper,2023-11-14,2023,upper,2023-11-14 08:30:00-05:00,2023-11-14 08:30:00-05:00,15665.251049723289,15694.876049723289,15665.251049723289,19.75,29.625,SL,-29.625,False,build_years,2023-11-14 13:30:00+00:00
1034,1511_upper,2023-11-15,2023,upper,2023-11-15 08:25:00-05:00,2023-11-15 08:30:00-05:00,15999.786834905071,16035.786834905071,15999.786834905071,24.0,36.0,SL,-36.0,False,build_years,2023-11-15 13:25:00+00:00
1035,1514_upper,2023-11-20,2023,upper,2023-11-20 09:58:00-05:00,2023-11-20 10:23:00-05:00,15994.229960445984,15945.479960445984,15994.229960445984,32.5,48.75,TP,48.75,False,build_years,2023-11-20 14:58:00+00:00
1036,1516_upper,2023-11-22,2023,upper,2023-11-22 09:36:00-05:00,2023-11-22 09:50:00-05:00,16158.55957440403,16118.43457440403,16158.55957440403,26.75,40.125,TP,40.125,False,build_years,2023-11-22 14:36:00+00:00
1037,1518_lower,2023-11-27,2023,lower,2023-11-26 21:04:00-05:00,2023-11-27 03:03:00-05:00,15958.763632343203,15987.638632343203,15958.763632343203,19.25,28.875,TP,28.875,False,build_years,2023-11-27 02:04:00+00:00
1038,1521_upper,2023-11-29,2023,upper,2023-11-29 04:23:00-05:00,2023-11-29 08:30:00-05:00,16103.147216602609,16169.147216602609,16103.147216602609,44.0,66.0,SL,-66.0,False,build_years,2023-11-29 09:23:00+00:00
1039,1522_lower,2023-11-30,2023,lower,2023-11-30 09:42:00-05:00,2023-11-30 10:46:00-05:00,15967.453281160262,15893.203281160262,15967.453281160262,49.5,74.25,SL,-74.25,False,build_years,2023-11-30 14:42:00+00:00
1040,1521_lower,2023-12-04,2023,lower,2023-12-04 09:24:00-05:00,2023-12-04 10:26:00-05:00,15854.352783397391,15756.852783397391,15854.352783397391,65.0,97.5,SL,-97.5,False,build_years,2023-12-04 14:24:00+00:00
1041,1525_upper,2023-12-06,2023,upper,2023-12-06 09:00:00-05:00,2023-12-06 10:25:00-05:00,16019.860859026963,15892.735859026963,16019.860859026963,84.75,127.125,TP,127.125,False,build_years,2023-12-06 14:00:00+00:00
1042,1517_upper,2023-12-11,2023,upper,2023-12-10 19:00:00-05:00,2023-12-10 21:30:00-05:00,16313.0,16264.625,16300.91155252398,32.25,48.375,TP,48.375,True,build_years,2023-12-11 00:00:00+00:00
1043,1522_upper,2023-12-11,2023,upper,2023-12-11 09:33:00-05:00,2023-12-11 09:46:00-05:00,16326.546718839738,16366.671718839738,16326.546718839738,26.75,40.125,SL,-40.125,False,build_years,2023-12-11 14:33:00+00:00
1044,1530_upper,2023-12-12,2023,upper,2023-12-11 19:21:00-05:00,2023-12-12 00:42:00-05:00,16478.359105597912,16478.359105597912,16478.359105597912,15.25,22.875,BE,-0.0,False,build_years,2023-12-12 00:21:00+00:00
1045,1533_upper,2023-12-19,2023,upper,2023-12-19 07:17:00-05:00,2023-12-19 09:31:00-05:00,16980.404600724352,16980.404600724352,16980.404600724352,24.75,37.125,BE,-0.0,False,build_years,2023-12-19 12:17:00+00:00
1046,1539_upper,2023-12-28,2023,upper,2023-12-27 20:09:00-05:00,2023-12-28 09:38:00-05:00,17145.732745703783,17122.482745703783,17145.732745703783,15.5,23.25,TP,23.25,False,build_years,2023-12-28 01:09:00+00:00
1047,1540_lower,2024-01-02,2024,lower,2024-01-02 06:27:00-05:00,2024-01-02 07:50:00-05:00,16886.198162072822,16842.323162072822,16886.198162072822,29.25,43.875,SL,-43.875,False,validation,2024-01-02 11:27:00+00:00
1048,1538_lower,2024-01-02,2024,lower,2024-01-02 09:56:00-05:00,2024-01-02 10:02:00-05:00,16727.620588496313,16785.370588496313,16727.620588496313,38.5,57.75,TP,57.75,False,validation,2024-01-02 14:56:00+00:00
1049,1544_lower,2024-01-03,2024,lower,2024-01-03 07:35:00-05:00,2024-01-03 09:08:00-05:00,16606.828216044698,16606.828216044698,16606.828216044698,29.75,44.625,BE,0.0,False,validation,2024-01-03 12:35:00+00:00
1050,1532_lower,2024-01-04,2024,lower,2024-01-04 08:21:00-05:00,2024-01-04 10:49:00-05:00,16488.54939710143,16535.42439710143,16488.54939710143,31.25,46.875,TP,46.875,False,validation,2024-01-04 13:21:00+00:00
1051,1545_lower,2024-01-05,2024,lower,2024-01-05 00:20:00-05:00,2024-01-05 01:34:00-05:00,16435.46891329104,16411.84391329104,16435.46891329104,15.75,23.625,SL,-23.625,False,validation,2024-01-05 05:20:00+00:00
1052,1550_upper,2024-01-11,2024,upper,2024-01-10 20:07:00-05:00,2024-01-10 21:00:00-05:00,16987.228593438093,16987.228593438093,16987.228593438093,27.5,41.25,BE,-0.0,False,validation,2024-01-11 01:07:00+00:00
1053,1544_upper,2024-01-11,2024,upper,2024-01-11 03:26:00-05:00,2024-01-11 04:09:00-05:00,17043.921783955302,17025.171783955302,17043.921783955302,12.5,18.75,TP,18.75,False,validation,2024-01-11 08:26:00+00:00
1054,1553_lower,2024-01-16,2024,lower,2024-01-16 03:03:00-05:00,2024-01-16 03:49:00-05:00,16837.32090714007,16837.32090714007,16837.32090714007,27.75,41.625,BE,0.0,False,validation,2024-01-16 08:03:00+00:00
1055,1554_lower,2024-01-17,2024,lower,2024-01-17 09:48:00-05:00,2024-01-17 15:00:00-05:00,16716.46127168041,16825.75,16716.46127168041,85.25,127.875,cutoff,109.2887283195887,False,validation,2024-01-17 14:48:00+00:00
1056,1555_upper,2024-01-18,2024,upper,2024-01-18 07:37:00-05:00,2024-01-18 11:32:00-05:00,17013.626595573453,17100.626595573453,17013.626595573453,58.0,87.0,SL,-87.0,False,validation,2024-01-18 12:37:00+00:00
1057,1556_upper,2024-01-19,2024,upper,2024-01-18 21:48:00-05:00,2024-01-18 22:37:00-05:00,17169.014278191687,17169.014278191687,17169.014278191687,27.75,41.625,BE,-0.0,False,validation,2024-01-19 02:48:00+00:00
1058,1543_upper,2024-01-19,2024,upper,2024-01-19 03:59:00-05:00,2024-01-19 04:49:00-05:00,17209.447723507175,17209.447723507175,17209.447723507175,39.0,58.5,BE,-0.0,False,validation,2024-01-19 08:59:00+00:00
1059,1541_upper,2024-01-19,2024,upper,2024-01-19 05:51:00-05:00,2024-01-19 09:29:00-05:00,17241.52214873588,17188.64714873588,17241.52214873588,35.25,52.875,TP,52.875,False,validation,2024-01-19 10:51:00+00:00
1060,1559_upper,2024-01-24,2024,upper,2024-01-24 01:52:00-05:00,2024-01-24 04:24:00-05:00,17629.672967767547,17658.172967767547,17629.672967767547,19.0,28.5,SL,-28.5,False,validation,2024-01-24 06:52:00+00:00
1061,1560_lower,2024-01-26,2024,lower,2024-01-25 20:00:00-05:00,2024-01-25 23:42:00-05:00,17524.716559417848,17492.841559417848,17524.716559417848,21.25,31.875,SL,-31.875,False,validation,2024-01-26 01:00:00+00:00
1062,1563_lower,2024-01-31,2024,lower,2024-01-31 04:15:00-05:00,2024-01-31 04:20:00-05:00,17406.34184385252,17365.09184385252,17406.34184385252,27.5,41.25,SL,-41.25,False,validation,2024-01-31 09:15:00+00:00
1063,1558_lower,2024-01-31,2024,lower,2024-01-31 06:01:00-05:00,2024-01-31 06:24:00-05:00,17338.545866728375,17379.420866728375,17338.545866728375,27.25,40.875,TP,40.875,False,validation,2024-01-31 11:01:00+00:00
1064,1568_upper,2024-02-09,2024,upper,2024-02-09 03:02:00-05:00,2024-02-09 08:31:00-05:00,17902.655592144743,17940.905592144743,17902.655592144743,25.5,38.25,SL,-38.25,False,validation,2024-02-09 08:02:00+00:00
1065,1573_lower,2024-02-13,2024,lower,2024-02-13 03:46:00-05:00,2024-02-13 04:47:00-05:00,17892.693496105894,17864.193496105894,17892.693496105894,19.0,28.5,SL,-28.5,False,validation,2024-02-13 08:46:00+00:00
1066,1572_lower,2024-02-13,2024,lower,2024-02-13 08:30:00-05:00,2024-02-13 08:32:00-05:00,17738.414944922893,17682.164944922893,17738.414944922893,37.5,56.25,SL,-56.25,False,validation,2024-02-13 13:30:00+00:00
1067,1575_upper,2024-02-16,2024,upper,2024-02-16 03:18:00-05:00,2024-02-16 08:30:00-05:00,17990.626370761616,17949.751370761616,17990.626370761616,27.25,40.875,TP,40.875,False,validation,2024-02-16 08:18:00+00:00
1068,1576_lower,2024-02-20,2024,lower,2024-02-19 21:00:00-05:00,2024-02-19 22:13:00-05:00,17676.52460225718,17676.52460225718,17676.52460225718,74.75,112.125,BE,0.0,False,validation,2024-02-20 02:00:00+00:00
1069,1578_lower,2024-02-20,2024,lower,2024-02-20 03:21:00-05:00,2024-02-20 04:02:00-05:00,17652.603222612077,17694.228222612077,17652.603222612077,27.75,41.625,TP,41.625,False,validation,2024-02-20 08:21:00+00:00
1070,1575_lower,2024-02-20,2024,lower,2024-02-20 09:40:00-05:00,2024-02-20 10:03:00-05:00,17593.123629238384,17528.623629238384,17593.123629238384,43.0,64.5,SL,-64.5,False,validation,2024-02-20 14:40:00+00:00
1071,1578_upper,2024-02-22,2024,upper,2024-02-22 09:45:00-05:00,2024-02-22 12:20:00-05:00,17928.521777387923,17982.896777387923,17928.521777387923,36.25,54.375,SL,-54.375,False,validation,2024-02-22 14:45:00+00:00
1072,1581_upper,2024-02-23,2024,upper,2024-02-23 09:20:00-05:00,2024-02-23 10:43:00-05:00,18108.59940195433,18032.09940195433,18108.59940195433,51.0,76.5,TP,76.5,False,validation,2024-02-23 14:20:00+00:00
1073,1582_lower,2024-02-28,2024,lower,2024-02-28 04:41:00-05:00,2024-02-28 09:34:00-05:00,17902.034269207063,17902.034269207063,17902.034269207063,48.25,72.375,BE,0.0,False,validation,2024-02-28 09:41:00+00:00
1074,1583_lower,2024-02-29,2024,lower,2024-02-29 03:10:00-05:00,2024-02-29 06:06:00-05:00,17839.442824688555,17887.442824688555,17839.442824688555,32.0,48.0,TP,48.0,False,validation,2024-02-29 08:10:00+00:00
1075,1577_upper,2024-03-01,2024,upper,2024-03-01 02:03:00-05:00,2024-03-01 03:48:00-05:00,18145.110202593296,18121.110202593296,18145.110202593296,16.0,24.0,TP,24.0,False,validation,2024-03-01 07:03:00+00:00
1076,1588_lower,2024-03-05,2024,lower,2024-03-05 01:31:00-05:00,2024-03-05 02:18:00-05:00,18169.62004403596,18169.62004403596,18169.62004403596,26.0,39.0,BE,0.0,False,validation,2024-03-05 06:31:00+00:00
1077,1596_lower,2024-03-15,2024,lower,2024-03-15 09:45:00-04:00,2024-03-15 10:48:00-04:00,18078.053768774236,18154.553768774236,18078.053768774236,51.0,76.5,TP,76.5,False,validation,2024-03-15 13:45:00+00:00
1078,1597_upper,2024-03-18,2024,upper,2024-03-18 09:46:00-04:00,2024-03-18 09:52:00-04:00,18353.50334997892,18313.37834997892,18353.50334997892,26.75,40.125,TP,40.125,False,validation,2024-03-18 13:46:00+00:00
1079,1598_lower,2024-03-19,2024,lower,2024-03-19 07:37:00-04:00,2024-03-19 09:43:00-04:00,18106.176019092043,18055.551019092043,18106.176019092043,33.75,50.625,SL,-50.625,False,validation,2024-03-19 11:37:00+00:00
1080,1599_upper,2024-03-20,2024,upper,2024-03-20 07:29:00-04:00,2024-03-20 09:30:00-04:00,18320.328722424598,18320.328722424598,18320.328722424598,38.25,57.375,BE,-0.0,False,validation,2024-03-20 11:29:00+00:00
1081,1592_upper,2024-03-21,2024,upper,2024-03-20 19:07:00-04:00,2024-03-21 02:27:00-04:00,18569.96596831918,18624.34096831918,18569.96596831918,36.25,54.375,SL,-54.375,False,validation,2024-03-20 23:07:00+00:00
1082,1601_lower,2024-03-22,2024,lower,2024-03-22 08:17:00-04:00,2024-03-22 09:47:00-04:00,18500.87567788597,18500.87567788597,18500.87567788597,78.25,117.375,BE,0.0,False,validation,2024-03-22 12:17:00+00:00
1083,1602_lower,2024-04-02,2024,lower,2024-04-02 08:40:00-04:00,2024-04-02 09:08:00-04:00,18375.152865133503,18309.152865133503,18375.152865133503,44.0,66.0,SL,-66.0,False,validation,2024-04-02 12:40:00+00:00
1084,1603_lower,2024-04-02,2024,lower,2024-04-02 09:33:00-04:00,2024-04-02 15:00:00-04:00,18265.28429594975,18277.25,18265.28429594975,86.75,130.125,cutoff,11.96570405024977,False,validation,2024-04-02 13:33:00+00:00
1085,1609_upper,2024-04-04,2024,upper,2024-04-04 09:00:00-04:00,2024-04-04 09:46:00-04:00,18542.060069309577,18542.060069309577,18542.060069309577,99.5,149.25,BE,-0.0,False,validation,2024-04-04 13:00:00+00:00
1086,1612_lower,2024-04-10,2024,lower,2024-04-10 08:36:00-04:00,2024-04-10 08:36:00-04:00,18099.594831948525,18074.094831948525,18099.594831948525,17.0,25.5,SL,-25.5,False,validation,2024-04-10 12:36:00+00:00
1087,1620_lower,2024-04-19,2024,lower,2024-04-18 21:04:00-04:00,2024-04-18 21:30:00-04:00,17410.581461499758,17296.206461499758,17410.581461499758,76.25,114.375,SL,-114.375,False,validation,2024-04-19 01:04:00+00:00
1088,1622_upper,2024-04-23,2024,upper,2024-04-23 09:56:00-04:00,2024-04-23 13:49:00-04:00,17525.21619148364,17626.84119148364,17525.21619148364,67.75,101.625,SL,-101.625,False,validation,2024-04-23 13:56:00+00:00
1089,1623_upper,2024-04-24,2024,upper,2024-04-23 21:19:00-04:00,2024-04-24 05:51:00-04:00,17720.605247732077,17669.980247732077,17720.605247732077,33.75,50.625,TP,50.625,False,validation,2024-04-24 01:19:00+00:00
1090,1624_upper,2024-04-29,2024,upper,2024-04-29 08:54:00-04:00,2024-04-29 09:40:00-04:00,17928.001554531023,17871.751554531023,17928.001554531023,37.5,56.25,TP,56.25,False,validation,2024-04-29 12:54:00+00:00
1091,1630_upper,2024-05-03,2024,upper,2024-05-03 08:30:00-04:00,2024-05-03 08:30:00-04:00,17819.63219946777,17867.25719946777,17819.63219946777,31.75,47.625,SL,-47.625,False,validation,2024-05-03 12:30:00+00:00
1092,1626_upper,2024-05-03,2024,upper,2024-05-03 09:45:00-04:00,2024-05-03 10:44:00-04:00,17980.92676687437,17980.92676687437,17980.92676687437,219.0,200.0,BE,-0.0,False,validation,2024-05-03 13:45:00+00:00
1093,1618_upper,2024-05-06,2024,upper,2024-05-06 09:38:00-04:00,2024-05-06 10:24:00-04:00,18099.553537313357,18099.553537313357,18099.553537313357,35.25,52.875,BE,-0.0,False,validation,2024-05-06 13:38:00+00:00
1094,1634_upper,2024-05-10,2024,upper,2024-05-10 09:35:00-04:00,2024-05-10 10:21:00-04:00,18318.397605320453,18240.022605320453,18318.397605320453,52.25,78.375,TP,78.375,False,validation,2024-05-10 13:35:00+00:00
1095,1636_upper,2024-05-15,2024,upper,2024-05-15 08:30:00-04:00,2024-05-15 08:30:00-04:00,18479.93747753404,18501.31247753404,18479.93747753404,14.25,21.375,SL,-21.375,False,validation,2024-05-15 12:30:00+00:00
1096,1644_upper,2024-05-23,2024,upper,2024-05-22 22:59:00-04:00,2024-05-23 08:32:00-04:00,18941.47583772364,19012.35083772364,18941.47583772364,47.25,70.875,SL,-70.875,False,validation,2024-05-23 02:59:00+00:00
1097,1646_upper,2024-05-28,2024,upper,2024-05-28 04:14:00-04:00,2024-05-28 07:00:00-04:00,18958.714051933915,18912.214051933915,18958.714051933915,31.0,46.5,TP,46.5,False,validation,2024-05-28 08:14:00+00:00
1098,1647_lower,2024-05-29,2024,lower,2024-05-29 09:27:00-04:00,2024-05-29 10:24:00-04:00,18759.35066828225,18853.10066828225,18759.35066828225,62.5,93.75,TP,93.75,False,validation,2024-05-29 13:27:00+00:00
1099,1641_lower,2024-05-31,2024,lower,2024-05-30 20:35:00-04:00,2024-05-30 21:02:00-04:00,18508.723924773964,18544.348924773964,18508.723924773964,23.75,35.625,TP,35.625,False,validation,2024-05-31 00:35:00+00:00
1100,1653_upper,2024-06-05,2024,upper,2024-06-05 07:40:00-04:00,2024-06-05 08:39:00-04:00,18807.187537455477,18807.187537455477,18807.187537455477,23.5,35.25,BE,-0.0,False,validation,2024-06-05 11:40:00+00:00
1101,1651_upper,2024-06-05,2024,upper,2024-06-05 09:29:00-04:00,2024-06-05 10:21:00-04:00,18848.519801691476,18848.519801691476,18848.519801691476,50.25,75.375,BE,-0.0,False,validation,2024-06-05 13:29:00+00:00
1102,1655_upper,2024-06-12,2024,upper,2024-06-11 19:00:00-04:00,2024-06-12 08:29:00-04:00,19260.324238183544,19299.324238183544,19260.324238183544,26.0,39.0,SL,-39.0,False,validation,2024-06-11 23:00:00+00:00
1103,1659_upper,2024-06-13,2024,upper,2024-06-13 03:14:00-04:00,2024-06-13 05:29:00-04:00,19663.67406997938,19616.79906997938,19663.67406997938,31.25,46.875,TP,46.875,False,validation,2024-06-13 07:14:00+00:00
1104,1660_upper,2024-06-17,2024,upper,2024-06-16 20:00:00-04:00,2024-06-17 02:01:00-04:00,19973.0,19944.125,19803.81760183625,19.25,28.875,TP,28.875,True,validation,2024-06-17 00:00:00+00:00
1105,1663_upper,2024-06-20,2024,upper,2024-06-20 03:30:00-04:00,2024-06-20 04:31:00-04:00,20350.794364611076,20311.794364611076,20350.794364611076,26.0,39.0,TP,39.0,False,validation,2024-06-20 07:30:00+00:00
1106,1668_upper,2024-06-26,2024,upper,2024-06-26 03:24:00-04:00,2024-06-26 03:54:00-04:00,20035.72334406313,20062.72334406313,20035.72334406313,18.0,27.0,SL,-27.0,False,validation,2024-06-26 07:24:00+00:00
1107,1667_upper,2024-06-28,2024,upper,2024-06-28 08:16:00-04:00,2024-06-28 08:30:00-04:00,20140.576519285627,20156.701519285627,20140.576519285627,10.75,16.125,SL,-16.125,False,validation,2024-06-28 12:16:00+00:00
1108,1665_upper,2024-07-05,2024,upper,2024-07-05 02:19:00-04:00,2024-07-05 08:30:00-04:00,20444.24095361413,20465.99095361413,20444.24095361413,14.5,21.75,SL,-21.75,False,validation,2024-07-05 06:19:00+00:00
1109,1679_upper,2024-07-11,2024,upper,2024-07-11 08:30:00-04:00,2024-07-11 08:30:00-04:00,20938.09926077548,20949.72426077548,20938.09926077548,7.75,11.625,SL,-11.625,False,validation,2024-07-11 12:30:00+00:00
1110,1682_lower,2024-07-17,2024,lower,2024-07-17 03:06:00-04:00,2024-07-17 07:33:00-04:00,20414.57002644139,20267.94502644139,20414.57002644139,97.75,146.625,SL,-146.625,False,validation,2024-07-17 07:06:00+00:00
1111,1676_lower,2024-07-17,2024,lower,2024-07-17 07:34:00-04:00,2024-07-17 09:28:00-04:00,20261.602184664134,20261.602184664134,20261.602184664134,47.25,70.875,BE,0.0,False,validation,2024-07-17 11:34:00+00:00
1112,1675_lower,2024-07-17,2024,lower,2024-07-17 09:29:00-04:00,2024-07-17 10:00:00-04:00,20256.45953439659,20185.95953439659,20256.45953439659,47.0,70.5,SL,-70.5,False,validation,2024-07-17 13:29:00+00:00
1113,1669_lower,2024-07-19,2024,lower,2024-07-19 03:44:00-04:00,2024-07-19 06:04:00-04:00,19756.5900361896,19879.2150361896,19756.5900361896,81.75,122.625,TP,122.625,False,validation,2024-07-19 07:44:00+00:00
1114,1688_lower,2024-07-24,2024,lower,2024-07-24 00:20:00-04:00,2024-07-24 04:18:00-04:00,19747.333224551483,19703.083224551483,19747.333224551483,29.5,44.25,SL,-44.25,False,validation,2024-07-24 04:20:00+00:00
1115,1687_lower,2024-07-24,2024,lower,2024-07-24 04:24:00-04:00,2024-07-24 07:05:00-04:00,19693.507880417463,19693.507880417463,19693.507880417463,45.25,67.875,BE,0.0,False,validation,2024-07-24 08:24:00+00:00
1116,1686_lower,2024-07-24,2024,lower,2024-07-24 09:34:00-04:00,2024-07-24 10:41:00-04:00,19594.19393318252,19447.94393318252,19594.19393318252,97.5,146.25,SL,-146.25,False,validation,2024-07-24 13:34:00+00:00
1117,1694_upper,2024-08-01,2024,upper,2024-07-31 19:16:00-04:00,2024-08-01 04:08:00-04:00,19669.08822149362,19576.08822149362,19669.08822149362,62.0,93.0,TP,93.0,False,validation,2024-07-31 23:16:00+00:00
1118,1690_lower,2024-08-02,2024,lower,2024-08-01 22:22:00-04:00,2024-08-01 23:32:00-04:00,18719.653445721407,18799.153445721407,18719.653445721407,53.0,79.5,TP,79.5,False,validation,2024-08-02 02:22:00+00:00
1119,1696_lower,2024-08-05,2024,lower,2024-08-04 20:52:00-04:00,2024-08-05 00:36:00-04:00,18164.80585626501,17964.805856265015,18164.80585626501,144.25,200.0,SL,-200.0,False,validation,2024-08-05 00:52:00+00:00
1120,1697_upper,2024-08-06,2024,upper,2024-08-05 20:48:00-04:00,2024-08-06 04:13:00-04:00,18314.59494601252,18174.71994601252,18314.59494601252,93.25,139.875,TP,139.875,False,validation,2024-08-06 00:48:00+00:00
1121,1698_upper,2024-08-07,2024,upper,2024-08-07 09:32:00-04:00,2024-08-07 10:28:00-04:00,18519.82576537015,18417.07576537015,18519.82576537015,68.5,102.75,TP,102.75,False,validation,2024-08-07 13:32:00+00:00
1122,1701_upper,2024-08-13,2024,upper,2024-08-13 03:06:00-04:00,2024-08-13 06:27:00-04:00,18769.267023665285,18684.892023665285,18769.267023665285,56.25,84.375,TP,84.375,False,validation,2024-08-13 07:06:00+00:00
1123,1704_upper,2024-08-15,2024,upper,2024-08-15 09:52:00-04:00,2024-08-15 15:00:00-04:00,19420.629424864208,19566.5,19420.629424864208,233.25,200.0,cutoff,-145.87057513579202,False,validation,2024-08-15 13:52:00+00:00
1124,1705_upper,2024-08-16,2024,upper,2024-08-15 22:19:00-04:00,2024-08-15 23:40:00-04:00,19643.32445003435,19643.32445003435,19643.32445003435,36.5,54.75,BE,-0.0,False,validation,2024-08-16 02:19:00+00:00
1125,1711_lower,2024-08-27,2024,lower,2024-08-27 09:38:00-04:00,2024-08-27 10:24:00-04:00,19470.180575569306,19611.180575569306,19470.180575569306,94.0,141.0,TP,141.0,False,validation,2024-08-27 13:38:00+00:00
1126,1717_lower,2024-09-03,2024,lower,2024-09-03 09:31:00-04:00,2024-09-03 09:40:00-04:00,19440.876008721498,19372.626008721498,19440.876008721498,45.5,68.25,SL,-68.25,False,validation,2024-09-03 13:31:00+00:00
1127,1716_lower,2024-09-03,2024,lower,2024-09-03 09:54:00-04:00,2024-09-03 10:31:00-04:00,19336.51895963652,19268.26895963652,19336.51895963652,45.5,68.25,SL,-68.25,False,validation,2024-09-03 13:54:00+00:00
1128,1704_lower,2024-09-06,2024,lower,2024-09-06 03:14:00-04:00,2024-09-06 08:30:00-04:00,18787.370575135792,18874.745575135792,18787.370575135792,58.25,87.375,TP,87.375,False,validation,2024-09-06 07:14:00+00:00
1129,1722_upper,2024-09-11,2024,upper,2024-09-11 09:21:00-04:00,2024-09-11 10:14:00-04:00,18916.42852213519,18716.42852213519,18916.42852213519,144.75,200.0,TP,200.0,False,validation,2024-09-11 13:21:00+00:00
1130,1720_upper,2024-09-12,2024,upper,2024-09-12 00:34:00-04:00,2024-09-12 08:38:00-04:00,19315.447828247725,19253.572828247725,19315.447828247725,41.25,61.875,TP,61.875,False,validation,2024-09-12 04:34:00+00:00
1131,1718_upper,2024-09-16,2024,upper,2024-09-15 20:00:00-04:00,2024-09-16 04:07:00-04:00,19778.25,19778.25,19712.93003387691,48.0,72.0,BE,-0.0,True,validation,2024-09-16 00:00:00+00:00
1132,1716_upper,2024-09-17,2024,upper,2024-09-17 07:52:00-04:00,2024-09-17 09:50:00-04:00,19794.106040363484,19738.981040363484,19794.106040363484,36.75,55.125,TP,55.125,False,validation,2024-09-17 11:52:00+00:00
1133,1727_upper,2024-09-19,2024,upper,2024-09-19 02:25:00-04:00,2024-09-19 05:17:00-04:00,19901.30572855788,19974.43072855788,19901.30572855788,48.75,73.125,SL,-73.125,False,validation,2024-09-19 06:25:00+00:00
1134,1712_upper,2024-09-19,2024,upper,2024-09-19 09:12:00-04:00,2024-09-19 09:41:00-04:00,20029.50585661215,20072.25585661215,20029.50585661215,28.5,42.75,SL,-42.75,False,validation,2024-09-19 13:12:00+00:00
1135,1732_upper,2024-09-26,2024,upper,2024-09-25 20:01:00-04:00,2024-09-25 23:39:00-04:00,20288.360122640388,20352.110122640388,20288.360122640388,42.5,63.75,SL,-63.75,False,validation,2024-09-26 00:01:00+00:00
1136,1733_upper,2024-09-26,2024,upper,2024-09-26 00:53:00-04:00,2024-09-26 02:07:00-04:00,20378.651620315424,20445.401620315424,20378.651620315424,44.5,66.75,SL,-66.75,False,validation,2024-09-26 04:53:00+00:00
1137,1736_lower,2024-09-30,2024,lower,2024-09-30 07:38:00-04:00,2024-09-30 09:31:00-04:00,20143.4885118941,20197.8635118941,20143.4885118941,36.25,54.375,TP,54.375,False,validation,2024-09-30 11:38:00+00:00
1138,1739_upper,2024-10-04,2024,upper,2024-10-04 08:52:00-04:00,2024-10-04 09:38:00-04:00,20223.771768351384,20223.771768351384,20223.771768351384,42.25,63.375,BE,-0.0,False,validation,2024-10-04 12:52:00+00:00
1139,1741_upper,2024-10-14,2024,upper,2024-10-14 06:16:00-04:00,2024-10-14 07:38:00-04:00,20509.27467220082,20509.27467220082,20509.27467220082,25.25,37.875,BE,-0.0,False,validation,2024-10-14 10:16:00+00:00
1140,1744_upper,2024-10-14,2024,upper,2024-10-14 09:01:00-04:00,2024-10-14 09:43:00-04:00,20549.36248371189,20607.11248371189,20549.36248371189,38.5,57.75,SL,-57.75,False,validation,2024-10-14 13:01:00+00:00
1141,1745_upper,2024-10-14,2024,upper,2024-10-14 09:46:00-04:00,2024-10-14 10:00:00-04:00,20616.47541862654,20674.22541862654,20616.47541862654,38.5,57.75,SL,-57.75,False,validation,2024-10-14 13:46:00+00:00
1142,1755_upper,2024-10-25,2024,upper,2024-10-25 09:43:00-04:00,2024-10-25 10:00:00-04:00,20584.71443989178,20661.21443989178,20584.71443989178,51.0,76.5,SL,-76.5,False,validation,2024-10-25 13:43:00+00:00
1143,1757_lower,2024-10-31,2024,lower,2024-10-31 02:48:00-04:00,2024-10-31 03:12:00-04:00,20354.781234151604,20313.906234151604,20354.781234151604,27.25,40.875,SL,-40.875,False,validation,2024-10-31 06:48:00+00:00
1144,1758_lower,2024-10-31,2024,lower,2024-10-31 09:47:00-04:00,2024-10-31 10:00:00-04:00,20216.82999338545,20147.82999338545,20216.82999338545,46.0,69.0,SL,-69.0,False,validation,2024-10-31 13:47:00+00:00
1145,1762_upper,2024-11-06,2024,upper,2024-11-05 21:09:00-05:00,2024-11-05 21:36:00-05:00,20430.18387338964,20499.55887338964,20430.18387338964,46.25,69.375,SL,-69.375,False,validation,2024-11-06 02:09:00+00:00
1146,1760_upper,2024-11-06,2024,upper,2024-11-06 01:37:00-05:00,2024-11-06 13:30:00-05:00,20662.14390613933,20862.14390613933,20662.14390613933,143.75,200.0,SL,-200.0,False,validation,2024-11-06 06:37:00+00:00
1147,1764_upper,2024-11-07,2024,upper,2024-11-07 08:10:00-05:00,2024-11-07 09:02:00-05:00,20993.11173358776,20993.11173358776,20993.11173358776,36.5,54.75,BE,-0.0,False,validation,2024-11-07 13:10:00+00:00
1148,1769_lower,2024-11-15,2024,lower,2024-11-14 20:07:00-05:00,2024-11-15 01:24:00-05:00,20908.426789910554,20843.926789910554,20908.426789910554,43.0,64.5,SL,-64.5,False,validation,2024-11-15 01:07:00+00:00
1149,1765_lower,2024-11-15,2024,lower,2024-11-15 03:24:00-05:00,2024-11-15 06:13:00-05:00,20802.5159054236,20854.2659054236,20802.5159054236,34.5,51.75,TP,51.75,False,validation,2024-11-15 08:24:00+00:00
1150,1772_upper,2024-11-20,2024,upper,2024-11-20 03:22:00-05:00,2024-11-20 04:50:00-05:00,20842.995254350048,20784.495254350048,20842.995254350048,39.0,58.5,TP,58.5,False,validation,2024-11-20 08:22:00+00:00
1151,1771_upper,2024-11-25,2024,upper,2024-11-25 08:45:00-05:00,2024-11-25 09:12:00-05:00,20990.661921935727,21034.536921935727,20990.661921935727,29.25,43.875,SL,-43.875,False,validation,2024-11-25 13:45:00+00:00
1152,1774_upper,2024-11-25,2024,upper,2024-11-25 09:16:00-05:00,2024-11-25 10:00:00-05:00,21041.58280563,20915.58280563,21041.58280563,84.0,126.0,TP,126.0,False,validation,2024-11-25 14:16:00+00:00
1153,1780_upper,2024-12-02,2024,upper,2024-12-02 08:11:00-05:00,2024-12-02 08:58:00-05:00,21023.332330874757,21023.332330874757,21023.332330874757,46.5,69.75,BE,-0.0,False,validation,2024-12-02 13:11:00+00:00
1154,1781_upper,2024-12-02,2024,upper,2024-12-02 09:32:00-05:00,2024-12-02 09:54:00-05:00,21107.046660596272,21163.671660596272,21107.046660596272,37.75,56.625,SL,-56.625,False,validation,2024-12-02 14:32:00+00:00
1155,1770_upper,2024-12-04,2024,upper,2024-12-03 23:56:00-05:00,2024-12-04 03:54:00-05:00,21353.263619206915,21382.138619206915,21353.263619206915,19.25,28.875,SL,-28.875,False,validation,2024-12-04 04:56:00+00:00
1156,1768_upper,2024-12-04,2024,upper,2024-12-04 05:50:00-05:00,2024-12-04 08:57:00-05:00,21406.807232979983,21446.182232979983,21406.807232979983,26.25,39.375,SL,-39.375,False,validation,2024-12-04 10:50:00+00:00
1157,1784_upper,2024-12-06,2024,upper,2024-12-06 09:49:00-05:00,2024-12-06 15:00:00-05:00,21596.018806749427,21628.25,21596.018806749427,89.5,134.25,cutoff,-32.23119325057269,False,validation,2024-12-06 14:49:00+00:00
1158,1785_upper,2024-12-09,2024,upper,2024-12-09 02:36:00-05:00,2024-12-09 02:47:00-05:00,21687.530920669866,21700.280920669866,21687.530920669866,8.5,12.75,SL,-12.75,False,validation,2024-12-09 07:36:00+00:00
1159,1789_upper,2024-12-13,2024,upper,2024-12-13 09:43:00-05:00,2024-12-13 10:08:00-05:00,21869.341110276982,21824.716110276982,21869.341110276982,29.75,44.625,TP,44.625,False,validation,2024-12-13 14:43:00+00:00
1160,1786_lower,2024-12-20,2024,lower,2024-12-19 19:16:00-05:00,2024-12-20 03:37:00-05:00,21291.86742736369,21192.49242736369,21291.86742736369,66.25,99.375,SL,-99.375,False,validation,2024-12-20 00:16:00+00:00
1161,1798_upper,2024-12-26,2024,upper,2024-12-25 22:23:00-05:00,2024-12-26 02:01:00-05:00,22102.530090185646,22066.530090185646,22102.530090185646,24.0,36.0,TP,36.0,False,validation,2024-12-26 03:23:00+00:00
1162,1799_lower,2024-12-27,2024,lower,2024-12-27 09:39:00-05:00,2024-12-27 10:01:00-05:00,21715.499624103435,21632.249624103435,21715.499624103435,55.5,83.25,SL,-83.25,False,validation,2024-12-27 14:39:00+00:00
1163,1800_lower,2024-12-30,2024,lower,2024-12-30 08:54:00-05:00,2024-12-30 13:16:00-05:00,21369.223516791924,21569.223516791924,21369.223516791924,211.75,200.0,TP,200.0,False,validation,2024-12-30 13:54:00+00:00
1164,1803_upper,2025-01-06,2025,upper,2025-01-06 03:47:00-05:00,2025-01-06 04:58:00-05:00,21612.9893337931,21668.1143337931,21612.9893337931,36.75,55.125,SL,-55.125,False,validation,2025-01-06 08:47:00+00:00
1165,1802_upper,2025-01-06,2025,upper,2025-01-06 05:19:00-05:00,2025-01-06 06:09:00-05:00,21686.300340523907,21686.300340523907,21686.300340523907,56.5,84.75,BE,-0.0,False,validation,2025-01-06 10:19:00+00:00
1166,1806_lower,2025-01-10,2025,lower,2025-01-10 08:35:00-05:00,2025-01-10 08:40:00-05:00,21047.20141250588,21146.95141250588,21047.20141250588,66.5,99.75,TP,99.75,False,validation,2025-01-10 13:35:00+00:00
1167,1803_lower,2025-01-10,2025,lower,2025-01-10 09:48:00-05:00,2025-01-10 10:34:00-05:00,21031.8856662069,21031.8856662069,21031.8856662069,278.5,200.0,BE,0.0,False,validation,2025-01-10 14:48:00+00:00
1168,1796_lower,2025-01-13,2025,lower,2025-01-13 03:42:00-05:00,2025-01-13 04:04:00-05:00,20812.6221350914,20739.1221350914,20812.6221350914,49.0,73.5,SL,-73.5,False,validation,2025-01-13 08:42:00+00:00
1169,1807_upper,2025-01-16,2025,upper,2025-01-16 02:30:00-05:00,2025-01-16 03:16:00-05:00,21513.00745261229,21513.00745261229,21513.00745261229,103.75,155.625,BE,-0.0,False,validation,2025-01-16 07:30:00+00:00
1170,1810_upper,2025-01-17,2025,upper,2025-01-17 09:12:00-05:00,2025-01-17 11:21:00-05:00,21603.9698663063,21603.9698663063,21603.9698663063,201.5,200.0,BE,-0.0,False,validation,2025-01-17 14:12:00+00:00
1171,1811_upper,2025-01-20,2025,upper,2025-01-20 09:26:00-05:00,2025-01-20 10:13:00-05:00,21724.619794802715,21724.619794802715,21724.619794802715,155.25,200.0,BE,-0.0,False,validation,2025-01-20 14:26:00+00:00
1172,1813_lower,2025-01-21,2025,lower,2025-01-20 19:53:00-05:00,2025-01-20 20:00:00-05:00,21503.086594849883,21402.586594849883,21503.086594849883,67.0,100.5,SL,-100.5,False,validation,2025-01-21 00:53:00+00:00
1173,1812_upper,2025-01-22,2025,upper,2025-01-22 03:47:00-05:00,2025-01-22 08:32:00-05:00,21888.13218343735,21927.88218343735,21888.13218343735,26.5,39.75,SL,-39.75,False,validation,2025-01-22 08:47:00+00:00
1174,1813_upper,2025-01-22,2025,upper,2025-01-22 09:31:00-05:00,2025-01-22 09:51:00-05:00,21948.53840515012,21994.28840515012,21948.53840515012,30.5,45.75,SL,-45.75,False,validation,2025-01-22 14:31:00+00:00
1175,1816_upper,2025-01-24,2025,upper,2025-01-24 09:53:00-05:00,2025-01-24 10:04:00-05:00,22074.60709946152,22020.60709946152,22074.60709946152,36.0,54.0,TP,54.0,False,validation,2025-01-24 14:53:00+00:00
1176,1814_lower,2025-01-27,2025,lower,2025-01-27 01:37:00-05:00,2025-01-27 03:16:00-05:00,21375.683637223643,21232.058637223643,21375.683637223643,95.75,143.625,SL,-143.625,False,validation,2025-01-27 06:37:00+00:00
1177,1810_lower,2025-01-27,2025,lower,2025-01-27 05:44:00-05:00,2025-01-27 05:52:00-05:00,20944.6551336937,20773.6551336937,20944.6551336937,114.0,171.0,SL,-171.0,False,validation,2025-01-27 10:44:00+00:00
1178,1819_upper,2025-01-30,2025,upper,2025-01-30 09:49:00-05:00,2025-01-30 10:02:00-05:00,21718.87173705512,21623.62173705512,21718.87173705512,63.5,95.25,TP,95.25,False,validation,2025-01-30 14:49:00+00:00
1179,1820_upper,2025-01-31,2025,upper,2025-01-31 09:31:00-05:00,2025-01-31 10:02:00-05:00,21822.843311433997,21902.343311433997,21822.843311433997,53.0,79.5,SL,-79.5,False,validation,2025-01-31 14:31:00+00:00
1180,1828_lower,2025-02-12,2025,lower,2025-02-12 08:36:00-05:00,2025-02-12 09:31:00-05:00,21540.774109111204,21540.774109111204,21540.774109111204,51.75,77.625,BE,0.0,False,validation,2025-02-12 13:36:00+00:00
1181,1831_upper,2025-02-14,2025,upper,2025-02-14 02:16:00-05:00,2025-02-14 03:08:00-05:00,22159.305308485866,22133.430308485866,22159.305308485866,17.25,25.875,TP,25.875,False,validation,2025-02-14 07:16:00+00:00
1182,1817_upper,2025-02-17,2025,upper,2025-02-16 20:36:00-05:00,2025-02-17 09:35:00-05:00,22250.5219911343,22210.3969911343,22250.5219911343,26.75,40.125,TP,40.125,False,validation,2025-02-17 01:36:00+00:00
1183,1832_upper,2025-02-18,2025,upper,2025-02-18 02:07:00-05:00,2025-02-18 02:58:00-05:00,22313.494446651624,22313.494446651624,22313.494446651624,52.75,79.125,BE,-0.0,False,validation,2025-02-18 07:07:00+00:00
1184,1833_lower,2025-02-20,2025,lower,2025-02-20 09:53:00-05:00,2025-02-20 09:59:00-05:00,22049.49225012711,22010.11725012711,22049.49225012711,26.25,39.375,SL,-39.375,False,validation,2025-02-20 14:53:00+00:00
1185,1831_lower,2025-02-24,2025,lower,2025-02-24 09:53:00-05:00,2025-02-24 10:01:00-05:00,21626.319691514134,21557.319691514134,21626.319691514134,46.0,69.0,SL,-69.0,False,validation,2025-02-24 14:53:00+00:00
1186,1825_lower,2025-02-25,2025,lower,2025-02-25 02:53:00-05:00,2025-02-25 03:09:00-05:00,21315.42227279141,21369.04727279141,21315.42227279141,35.75,53.625,TP,53.625,False,validation,2025-02-25 07:53:00+00:00
1187,1830_lower,2025-02-25,2025,lower,2025-02-25 05:51:00-05:00,2025-02-25 07:58:00-05:00,21298.48825970309,21421.48825970309,21298.48825970309,82.0,123.0,TP,123.0,False,validation,2025-02-25 10:51:00+00:00
1188,1838_lower,2025-02-25,2025,lower,2025-02-25 09:52:00-05:00,2025-02-25 10:14:00-05:00,21247.86849815972,21159.36849815972,21247.86849815972,59.0,88.5,SL,-88.5,False,validation,2025-02-25 14:52:00+00:00
1189,1852_upper,2025-03-17,2025,upper,2025-03-17 09:40:00-04:00,2025-03-17 11:34:00-04:00,19830.48773287708,19653.11273287708,19830.48773287708,118.25,177.375,TP,177.375,False,validation,2025-03-17 13:40:00+00:00
1190,1848_upper,2025-03-24,2025,upper,2025-03-24 04:09:00-04:00,2025-03-24 07:47:00-04:00,20207.49026863832,20256.24026863832,20207.49026863832,32.5,48.75,SL,-48.75,False,validation,2025-03-24 08:09:00+00:00
1191,1856_upper,2025-03-24,2025,upper,2025-03-24 08:32:00-04:00,2025-03-24 10:32:00-04:00,20270.254580858167,20349.004580858167,20270.254580858167,52.5,78.75,SL,-78.75,False,validation,2025-03-24 12:32:00+00:00
1192,1847_upper,2025-03-25,2025,upper,2025-03-25 08:31:00-04:00,2025-03-25 10:00:00-04:00,20439.543771219367,20439.543771219367,20439.543771219367,52.5,78.75,BE,-0.0,False,validation,2025-03-25 12:31:00+00:00
1193,1852_lower,2025-03-31,2025,lower,2025-03-30 20:20:00-04:00,2025-03-31 07:25:00-04:00,19163.26226712292,19163.26226712292,19163.26226712292,98.5,147.75,BE,0.0,False,validation,2025-03-31 00:20:00+00:00
1194,1851_lower,2025-03-31,2025,lower,2025-03-31 07:32:00-04:00,2025-03-31 08:36:00-04:00,19132.060649987903,19204.810649987903,19132.060649987903,48.5,72.75,TP,72.75,False,validation,2025-03-31 11:32:00+00:00
1195,1849_lower,2025-03-31,2025,lower,2025-03-31 09:44:00-04:00,2025-03-31 09:57:00-04:00,19011.986383264026,19123.736383264026,19011.986383264026,74.5,111.75,TP,111.75,False,validation,2025-03-31 13:44:00+00:00
1196,1873_lower,2025-04-16,2025,lower,2025-04-15 20:13:00-04:00,2025-04-16 01:19:00-04:00,18689.62805759884,18586.12805759884,18689.62805759884,69.0,103.5,SL,-103.5,False,validation,2025-04-16 00:13:00+00:00
1197,1876_lower,2025-04-21,2025,lower,2025-04-21 09:56:00-04:00,2025-04-21 10:02:00-04:00,18043.702403837186,17958.202403837182,18043.702403837186,57.0,85.5,SL,-85.5,False,validation,2025-04-21 13:56:00+00:00
1198,1876_upper,2025-04-23,2025,upper,2025-04-23 04:40:00-04:00,2025-04-23 06:03:00-04:00,18854.922596162814,18854.922596162814,18854.922596162814,77.0,115.5,BE,-0.0,False,validation,2025-04-23 08:40:00+00:00
1199,1875_upper,2025-04-23,2025,upper,2025-04-23 07:05:00-04:00,2025-04-23 08:36:00-04:00,18940.5845063049,18940.5845063049,18940.5845063049,89.75,134.625,BE,-0.0,False,validation,2025-04-23 11:05:00+00:00
1200,1882_lower,2025-04-30,2025,lower,2025-04-30 09:39:00-04:00,2025-04-30 11:09:00-04:00,19193.2781252601,19393.2781252601,19193.2781252601,278.0,200.0,TP,200.0,False,validation,2025-04-30 13:39:00+00:00
1201,1886_lower,2025-05-06,2025,lower,2025-05-06 09:51:00-04:00,2025-05-06 10:16:00-04:00,19771.59466634644,19849.21966634644,19771.59466634644,51.75,77.625,TP,77.625,False,validation,2025-05-06 13:51:00+00:00
1202,1889_upper,2025-05-08,2025,upper,2025-05-08 00:41:00-04:00,2025-05-08 04:17:00-04:00,20194.64849673071,20194.64849673071,20194.64849673071,73.75,110.625,BE,-0.0,False,validation,2025-05-08 04:41:00+00:00
1203,1891_upper,2025-05-12,2025,upper,2025-05-11 21:07:00-04:00,2025-05-11 22:48:00-04:00,20528.440535847047,20528.440535847047,20528.440535847047,67.5,101.25,BE,-0.0,False,validation,2025-05-12 01:07:00+00:00
1204,1896_lower,2025-05-19,2025,lower,2025-05-18 23:41:00-04:00,2025-05-19 02:10:00-04:00,21217.734988096745,21277.359988096745,21217.734988096745,39.75,59.625,TP,59.625,False,validation,2025-05-19 03:41:00+00:00
1205,1895_upper,2025-05-20,2025,upper,2025-05-19 19:32:00-04:00,2025-05-19 20:58:00-04:00,21548.17602820053,21515.17602820053,21548.17602820053,22.0,33.0,TP,33.0,False,validation,2025-05-19 23:32:00+00:00
1206,1894_lower,2025-05-22,2025,lower,2025-05-22 08:16:00-04:00,2025-05-22 09:53:00-04:00,21057.278595660748,21257.278595660748,21057.278595660748,168.25,200.0,TP,200.0,False,validation,2025-05-22 12:16:00+00:00
1207,1899_lower,2025-05-23,2025,lower,2025-05-23 07:43:00-04:00,2025-05-23 07:44:00-04:00,21026.60371456908,20956.85371456908,21026.60371456908,46.5,69.75,SL,-69.75,False,validation,2025-05-23 11:43:00+00:00
1208,1900_lower,2025-05-23,2025,lower,2025-05-23 07:49:00-04:00,2025-05-23 08:06:00-04:00,20848.158405671267,20778.408405671267,20848.158405671267,46.5,69.75,SL,-69.75,False,validation,2025-05-23 11:49:00+00:00
1209,1902_upper,2025-05-28,2025,upper,2025-05-28 06:54:00-04:00,2025-05-28 08:08:00-04:00,21513.31086137817,21513.31086137817,21513.31086137817,24.25,36.375,BE,-0.0,False,validation,2025-05-28 10:54:00+00:00
1210,1900_upper,2025-05-28,2025,upper,2025-05-28 09:39:00-04:00,2025-05-28 09:48:00-04:00,21545.216594328733,21489.341594328733,21545.216594328733,37.25,55.875,TP,55.875,False,validation,2025-05-28 13:39:00+00:00
1211,1897_upper,2025-05-29,2025,upper,2025-05-28 19:00:00-04:00,2025-05-28 20:47:00-04:00,21624.22750064137,21786.22750064137,21624.22750064137,108.0,162.0,SL,-162.0,False,validation,2025-05-28 23:00:00+00:00
1212,1904_lower,2025-05-30,2025,lower,2025-05-30 08:11:00-04:00,2025-05-30 08:14:00-04:00,21233.89387634992,21300.64387634992,21233.89387634992,44.5,66.75,TP,66.75,False,validation,2025-05-30 12:11:00+00:00
1213,1908_upper,2025-06-05,2025,upper,2025-06-05 03:27:00-04:00,2025-06-05 03:42:00-04:00,21806.20617937395,21838.08117937395,21806.20617937395,21.25,31.875,SL,-31.875,False,validation,2025-06-05 07:27:00+00:00
1214,1905_upper,2025-06-11,2025,upper,2025-06-11 08:30:00-04:00,2025-06-11 08:30:00-04:00,22005.095955978955,22092.470955978955,22005.095955978955,58.25,87.375,SL,-87.375,False,validation,2025-06-11 12:30:00+00:00
1215,1914_lower,2025-06-12,2025,lower,2025-06-12 04:02:00-04:00,2025-06-12 07:52:00-04:00,21746.69078079703,21746.69078079703,21746.69078079703,112.25,168.375,BE,0.0,False,validation,2025-06-12 08:02:00+00:00
1216,1913_lower,2025-06-13,2025,lower,2025-06-12 20:05:00-04:00,2025-06-12 22:43:00-04:00,21631.84416599201,21472.46916599201,21631.84416599201,106.25,159.375,SL,-159.375,False,validation,2025-06-13 00:05:00+00:00
1217,1916_upper,2025-06-16,2025,upper,2025-06-16 03:07:00-04:00,2025-06-16 09:31:00-04:00,21986.97655312121,22065.35155312121,21986.97655312121,52.25,78.375,SL,-78.375,False,validation,2025-06-16 07:07:00+00:00
1218,1915_upper,2025-06-16,2025,upper,2025-06-16 09:32:00-04:00,2025-06-16 09:55:00-04:00,22095.40708023221,22154.65708023221,22095.40708023221,39.5,59.25,SL,-59.25,False,validation,2025-06-16 13:32:00+00:00
1219,1918_lower,2025-06-19,2025,lower,2025-06-18 21:04:00-04:00,2025-06-18 22:02:00-04:00,21823.793626264163,21823.793626264163,21823.793626264163,104.75,157.125,BE,0.0,False,validation,2025-06-19 01:04:00+00:00
1220,1917_lower,2025-06-19,2025,lower,2025-06-19 09:05:00-04:00,2025-06-19 12:59:00-04:00,21741.51368658432,21703.0,21741.51368658432,82.75,124.125,cutoff,-38.51368658431966,False,validation,2025-06-19 13:05:00+00:00
1221,1920_upper,2025-06-20,2025,upper,2025-06-20 08:51:00-04:00,2025-06-20 10:45:00-04:00,22028.016247638705,21862.641247638705,22028.016247638705,110.25,165.375,TP,165.375,False,validation,2025-06-20 12:51:00+00:00
1222,1922_upper,2025-06-24,2025,upper,2025-06-23 19:18:00-04:00,2025-06-23 20:07:00-04:00,22243.279916919677,22243.279916919677,22243.279916919677,151.25,200.0,BE,-0.0,False,validation,2025-06-23 23:18:00+00:00
1223,1919_upper,2025-06-24,2025,upper,2025-06-24 01:45:00-04:00,2025-06-24 02:26:00-04:00,22302.46465015223,22345.96465015223,22302.46465015223,29.0,43.5,SL,-43.5,False,validation,2025-06-24 05:45:00+00:00
1224,1917_upper,2025-06-24,2025,upper,2025-06-24 03:07:00-04:00,2025-06-24 03:53:00-04:00,22381.23631341568,22266.48631341568,22381.23631341568,76.5,114.75,TP,114.75,False,validation,2025-06-24 07:07:00+00:00
1225,1923_upper,2025-06-25,2025,upper,2025-06-25 09:30:00-04:00,2025-06-25 10:14:00-04:00,22516.4532644436,22472.9532644436,22516.4532644436,29.0,43.5,TP,43.5,False,validation,2025-06-25 13:30:00+00:00
1226,1924_upper,2025-06-27,2025,upper,2025-06-27 02:11:00-04:00,2025-06-27 07:35:00-04:00,22722.75839492408,22768.13339492408,22722.75839492408,30.25,45.375,SL,-45.375,False,validation,2025-06-27 06:11:00+00:00
1227,1925_upper,2025-06-27,2025,upper,2025-06-27 07:38:00-04:00,2025-06-27 08:30:00-04:00,22773.328162960443,22773.328162960443,22773.328162960443,23.5,35.25,BE,-0.0,False,validation,2025-06-27 11:38:00+00:00
1228,1929_upper,2025-07-03,2025,upper,2025-07-03 09:30:00-04:00,2025-07-03 11:40:00-04:00,22963.565131112424,23091.065131112424,22963.565131112424,85.0,127.5,SL,-127.5,False,validation,2025-07-03 13:30:00+00:00
1229,1931_upper,2025-07-15,2025,upper,2025-07-14 21:50:00-04:00,2025-07-14 21:52:00-04:00,23120.43003053195,23153.80503053195,23120.43003053195,22.25,33.375,SL,-33.375,False,validation,2025-07-15 01:50:00+00:00
1230,1936_upper,2025-07-15,2025,upper,2025-07-15 06:31:00-04:00,2025-07-15 07:17:00-04:00,23184.128315938666,23184.128315938666,23184.128315938666,30.0,45.0,BE,-0.0,False,validation,2025-07-15 10:31:00+00:00
1231,1937_upper,2025-07-15,2025,upper,2025-07-15 08:30:00-04:00,2025-07-15 09:16:00-04:00,23195.73563913029,23195.73563913029,23195.73563913029,38.0,57.0,BE,-0.0,False,validation,2025-07-15 12:30:00+00:00
1232,1938_lower,2025-07-16,2025,lower,2025-07-16 03:07:00-04:00,2025-07-16 04:43:00-04:00,22944.32472931097,23008.07472931097,22944.32472931097,42.5,63.75,TP,63.75,False,validation,2025-07-16 07:07:00+00:00
1233,1939_upper,2025-07-18,2025,upper,2025-07-18 09:28:00-04:00,2025-07-18 09:29:00-04:00,23315.830634039357,23288.455634039357,23315.830634039357,18.25,27.375,TP,27.375,False,validation,2025-07-18 13:28:00+00:00
1234,1935_upper,2025-07-21,2025,upper,2025-07-21 09:39:00-04:00,2025-07-21 10:01:00-04:00,23329.70872407908,23401.33372407908,23329.70872407908,47.75,71.625,SL,-71.625,False,validation,2025-07-21 13:39:00+00:00
1235,1938_upper,2025-07-25,2025,upper,2025-07-24 21:43:00-04:00,2025-07-25 00:56:00-04:00,23427.550270689026,23393.425270689026,23427.550270689026,22.75,34.125,TP,34.125,False,validation,2025-07-25 01:43:00+00:00
1236,1942_upper,2025-07-28,2025,upper,2025-07-28 01:53:00-04:00,2025-07-28 03:11:00-04:00,23574.398521302704,23544.023521302704,23574.398521302704,20.25,30.375,TP,30.375,False,validation,2025-07-28 05:53:00+00:00
1237,1945_upper,2025-07-29,2025,upper,2025-07-29 03:46:00-04:00,2025-07-29 04:32:00-04:00,23588.220500917443,23588.220500917443,23588.220500917443,13.5,20.25,BE,-0.0,False,validation,2025-07-29 07:46:00+00:00
1238,1943_upper,2025-07-29,2025,upper,2025-07-29 09:31:00-04:00,2025-07-29 09:50:00-04:00,23624.97526779357,23563.47526779357,23624.97526779357,41.0,61.5,TP,61.5,False,validation,2025-07-29 13:31:00+00:00
1239,1948_upper,2025-07-31,2025,upper,2025-07-31 03:41:00-04:00,2025-07-31 06:00:00-04:00,23825.43409885948,23781.55909885948,23825.43409885948,29.25,43.875,TP,43.875,False,validation,2025-07-31 07:41:00+00:00
1240,1946_lower,2025-08-01,2025,lower,2025-08-01 03:36:00-04:00,2025-08-01 04:27:00-04:00,23155.5267650799,23094.0267650799,23155.5267650799,41.0,61.5,SL,-61.5,False,validation,2025-08-01 07:36:00+00:00
1241,1941_lower,2025-08-01,2025,lower,2025-08-01 09:32:00-04:00,2025-08-01 09:49:00-04:00,23026.723166003285,22864.723166003285,23026.723166003285,108.0,162.0,SL,-162.0,False,validation,2025-08-01 13:32:00+00:00
1242,1951_upper,2025-08-05,2025,upper,2025-08-05 08:14:00-04:00,2025-08-05 08:19:00-04:00,23398.54778671259,23347.17278671259,23398.54778671259,34.25,51.375,TP,51.375,False,validation,2025-08-05 12:14:00+00:00
1243,1953_upper,2025-08-07,2025,upper,2025-08-07 05:56:00-04:00,2025-08-07 11:27:00-04:00,23601.613878410044,23500.738878410044,23601.613878410044,67.25,100.875,TP,100.875,False,validation,2025-08-07 09:56:00+00:00
1244,1950_upper,2025-08-13,2025,upper,2025-08-12 19:49:00-04:00,2025-08-12 19:53:00-04:00,23967.18508415141,23937.93508415141,23967.18508415141,19.5,29.25,TP,29.25,False,validation,2025-08-12 23:49:00+00:00
1245,1958_upper,2025-08-13,2025,upper,2025-08-13 08:36:00-04:00,2025-08-13 09:30:00-04:00,24017.78030730159,24047.03030730159,24017.78030730159,19.5,29.25,SL,-29.25,False,validation,2025-08-13 12:36:00+00:00
1246,1959_lower,2025-08-15,2025,lower,2025-08-15 09:49:00-04:00,2025-08-15 10:03:00-04:00,23791.33191477614,23845.70691477614,23791.33191477614,36.25,54.375,TP,54.375,False,validation,2025-08-15 13:49:00+00:00
1247,1960_lower,2025-08-19,2025,lower,2025-08-19 09:47:00-04:00,2025-08-19 10:04:00-04:00,23646.978338376583,23712.978338376583,23646.978338376583,44.0,66.0,TP,66.0,False,validation,2025-08-19 13:47:00+00:00
1248,1956_lower,2025-08-20,2025,lower,2025-08-20 09:45:00-04:00,2025-08-20 09:51:00-04:00,23299.313203460883,23239.688203460883,23299.313203460883,39.75,59.625,SL,-59.625,False,validation,2025-08-20 13:45:00+00:00
1249,1968_upper,2025-08-28,2025,upper,2025-08-28 09:31:00-04:00,2025-08-28 09:50:00-04:00,23724.339417208048,23633.964417208048,23724.339417208048,60.25,90.375,TP,90.375,False,validation,2025-08-28 13:31:00+00:00
1250,1970_lower,2025-09-02,2025,lower,2025-09-02 03:42:00-04:00,2025-09-02 03:51:00-04:00,23363.293313891954,23302.168313891954,23363.293313891954,40.75,61.125,SL,-61.125,False,validation,2025-09-02 07:42:00+00:00
1251,1971_lower,2025-09-02,2025,lower,2025-09-02 03:54:00-04:00,2025-09-02 04:43:00-04:00,23271.67079540464,23332.79579540464,23271.67079540464,40.75,61.125,TP,61.125,False,validation,2025-09-02 07:54:00+00:00
1252,1967_lower,2025-09-02,2025,lower,2025-09-02 06:28:00-04:00,2025-09-02 08:02:00-04:00,23259.432715527568,23199.057715527568,23259.432715527568,40.25,60.375,SL,-60.375,False,validation,2025-09-02 10:28:00+00:00
1253,1975_upper,2025-09-05,2025,upper,2025-09-05 00:25:00-04:00,2025-09-05 01:16:00-04:00,23749.775744290502,23749.775744290502,23749.775744290502,16.75,25.125,BE,-0.0,False,validation,2025-09-05 04:25:00+00:00
1254,1966_upper,2025-09-05,2025,upper,2025-09-05 08:35:00-04:00,2025-09-05 09:03:00-04:00,23834.97845614906,23882.60345614906,23834.97845614906,31.75,47.625,SL,-47.625,False,validation,2025-09-05 12:35:00+00:00
1255,1971_upper,2025-09-10,2025,upper,2025-09-10 01:30:00-04:00,2025-09-10 01:32:00-04:00,23928.329204595364,23915.954204595364,23928.329204595364,8.25,12.375,TP,12.375,False,validation,2025-09-10 05:30:00+00:00
1256,1970_upper,2025-09-10,2025,upper,2025-09-10 02:22:00-04:00,2025-09-10 04:23:00-04:00,23934.33168610805,23909.20668610805,23934.33168610805,16.75,25.125,TP,25.125,False,validation,2025-09-10 06:22:00+00:00
1257,1962_upper,2025-09-10,2025,upper,2025-09-10 08:30:00-04:00,2025-09-10 08:30:00-04:00,23988.887704685447,24041.387704685447,23988.887704685447,35.0,52.5,SL,-52.5,False,validation,2025-09-10 12:30:00+00:00
1258,1976_upper,2025-09-15,2025,upper,2025-09-14 20:00:00-04:00,2025-09-14 20:56:00-04:00,24349.0,24349.0,24186.124086410306,28.5,42.75,BE,-0.0,True,validation,2025-09-15 00:00:00+00:00
1259,1982_upper,2025-09-18,2025,upper,2025-09-18 03:55:00-04:00,2025-09-18 04:55:00-04:00,24669.905354290506,24728.780354290506,24669.905354290506,39.25,58.875,SL,-58.875,False,validation,2025-09-18 07:55:00+00:00
1260,1984_upper,2025-09-18,2025,upper,2025-09-18 08:26:00-04:00,2025-09-18 09:02:00-04:00,24757.18340133589,24674.30840133589,24757.18340133589,55.25,82.875,TP,82.875,False,validation,2025-09-18 12:26:00+00:00
1261,1987_lower,2025-09-25,2025,lower,2025-09-25 07:58:00-04:00,2025-09-25 09:30:00-04:00,24601.656739631573,24533.781739631573,24601.656739631573,45.25,67.875,SL,-67.875,False,validation,2025-09-25 11:58:00+00:00
1262,1990_upper,2025-09-29,2025,upper,2025-09-29 05:28:00-04:00,2025-09-29 06:22:00-04:00,24895.71746247296,24895.71746247296,24895.71746247296,43.75,65.625,BE,-0.0,False,validation,2025-09-29 09:28:00+00:00
1263,1993_upper,2025-10-02,2025,upper,2025-10-01 20:50:00-04:00,2025-10-02 04:04:00-04:00,25058.547694982582,25097.172694982582,25058.547694982582,25.75,38.625,SL,-38.625,False,validation,2025-10-02 00:50:00+00:00
1264,1989_upper,2025-10-02,2025,upper,2025-10-02 07:12:00-04:00,2025-10-02 09:07:00-04:00,25131.101610830938,25177.976610830938,25131.101610830938,31.25,46.875,SL,-46.875,False,validation,2025-10-02 11:12:00+00:00
1265,1988_upper,2025-10-06,2025,upper,2025-10-06 08:10:00-04:00,2025-10-06 09:30:00-04:00,25220.90530462186,25220.90530462186,25220.90530462186,57.5,86.25,BE,-0.0,False,validation,2025-10-06 12:10:00+00:00
1266,1996_upper,2025-10-09,2025,upper,2025-10-08 19:17:00-04:00,2025-10-08 21:13:00-04:00,25391.50666616943,25348.00666616943,25391.50666616943,29.0,43.5,TP,43.5,False,validation,2025-10-08 23:17:00+00:00
1267,2002_lower,2025-10-14,2025,lower,2025-10-14 09:43:00-04:00,2025-10-14 10:04:00-04:00,24449.281358953056,24608.281358953056,24449.281358953056,106.0,159.0,TP,159.0,False,validation,2025-10-14 13:43:00+00:00
1268,2004_lower,2025-10-17,2025,lower,2025-10-17 01:43:00-04:00,2025-10-17 02:03:00-04:00,24618.367308282344,24678.742308282344,24618.367308282344,40.25,60.375,TP,60.375,False,validation,2025-10-17 05:43:00+00:00
1269,2002_upper,2025-10-20,2025,upper,2025-10-20 09:32:00-04:00,2025-10-20 10:27:00-04:00,25194.468641046944,25278.843641046944,25194.468641046944,56.25,84.375,SL,-84.375,False,validation,2025-10-20 13:32:00+00:00
1270,2005_upper,2025-10-21,2025,upper,2025-10-20 22:30:00-04:00,2025-10-20 23:50:00-04:00,25366.29683763213,25322.42183763213,25366.29683763213,29.25,43.875,TP,43.875,False,validation,2025-10-21 02:30:00+00:00
1271,2004_upper,2025-10-24,2025,upper,2025-10-24 05:37:00-04:00,2025-10-24 08:30:00-04:00,25389.257691717656,25389.257691717656,25389.257691717656,47.5,71.25,BE,-0.0,False,validation,2025-10-24 09:37:00+00:00
1272,2011_upper,2025-10-27,2025,upper,2025-10-26 23:20:00-04:00,2025-10-27 01:05:00-04:00,25769.150397814352,25769.150397814352,25769.150397814352,38.5,57.75,BE,-0.0,False,validation,2025-10-27 03:20:00+00:00
1273,2012_upper,2025-10-28,2025,upper,2025-10-28 09:31:00-04:00,2025-10-28 09:54:00-04:00,26079.10496771575,26030.35496771575,26079.10496771575,32.5,48.75,TP,48.75,False,validation,2025-10-28 13:31:00+00:00
1274,2013_upper,2025-10-29,2025,upper,2025-10-29 04:03:00-04:00,2025-10-29 05:12:00-04:00,26300.264687610725,26243.264687610725,26300.264687610725,38.0,57.0,TP,57.0,False,validation,2025-10-29 08:03:00+00:00
1275,2014_lower,2025-10-30,2025,lower,2025-10-30 09:36:00-04:00,2025-10-30 10:24:00-04:00,26019.877638426828,26019.877638426828,26019.877638426828,186.25,200.0,BE,0.0,False,validation,2025-10-30 13:36:00+00:00
1276,2016_lower,2025-11-04,2025,lower,2025-11-04 00:40:00-05:00,2025-11-04 01:03:00-05:00,25852.202423778017,25797.827423778017,25852.202423778017,36.25,54.375,SL,-54.375,False,validation,2025-11-04 05:40:00+00:00
1277,2015_lower,2025-11-04,2025,lower,2025-11-04 04:51:00-05:00,2025-11-04 08:28:00-05:00,25705.554893746776,25705.554893746776,25705.554893746776,62.0,93.0,BE,0.0,False,validation,2025-11-04 09:51:00+00:00
1278,2018_lower,2025-11-05,2025,lower,2025-11-04 20:01:00-05:00,2025-11-05 00:13:00-05:00,25382.76732691323,25526.39232691323,25382.76732691323,95.75,143.625,TP,143.625,False,validation,2025-11-05 01:01:00+00:00
1279,2011_lower,2025-11-07,2025,lower,2025-11-06 23:02:00-05:00,2025-11-07 00:18:00-05:00,25186.599602185648,25304.349602185648,25186.599602185648,78.5,117.75,TP,117.75,False,validation,2025-11-07 04:02:00+00:00
1280,2021_upper,2025-11-10,2025,upper,2025-11-09 22:02:00-05:00,2025-11-10 03:34:00-05:00,25453.09916771965,25513.09916771965,25453.09916771965,40.0,60.0,SL,-60.0,False,validation,2025-11-10 03:02:00+00:00
1281,2024_lower,2025-11-13,2025,lower,2025-11-13 09:40:00-05:00,2025-11-13 10:34:00-05:00,25346.03967944805,25346.03967944805,25346.03967944805,105.25,157.875,BE,0.0,False,validation,2025-11-13 14:40:00+00:00
1282,2010_lower,2025-11-14,2025,lower,2025-11-14 07:39:00-05:00,2025-11-14 09:48:00-05:00,24703.513119674288,24903.513119674288,24703.513119674288,167.75,200.0,TP,200.0,False,validation,2025-11-14 12:39:00+00:00
1283,2026_upper,2025-11-17,2025,upper,2025-11-17 02:23:00-05:00,2025-11-17 05:18:00-05:00,25313.414958811893,25250.039958811893,25313.414958811893,42.25,63.375,TP,63.375,False,validation,2025-11-17 07:23:00+00:00
1284,2027_lower,2025-11-18,2025,lower,2025-11-18 09:52:00-05:00,2025-11-18 10:02:00-05:00,24585.258299853253,24470.508299853253,24585.258299853253,76.5,114.75,SL,-114.75,False,validation,2025-11-18 14:52:00+00:00
1285,2028_upper,2025-11-20,2025,upper,2025-11-20 08:31:00-05:00,2025-11-20 09:20:00-05:00,25234.4251950072,25234.4251950072,25234.4251950072,97.5,146.25,BE,-0.0,False,validation,2025-11-20 13:31:00+00:00
1286,2029_upper,2025-11-20,2025,upper,2025-11-20 09:56:00-05:00,2025-11-20 10:42:00-05:00,25287.387854159508,25287.387854159508,25287.387854159508,144.0,200.0,BE,-0.0,False,validation,2025-11-20 14:56:00+00:00
1287,2031_upper,2025-11-24,2025,upper,2025-11-24 09:35:00-05:00,2025-11-24 10:39:00-05:00,24685.046496390183,24794.546496390183,24685.046496390183,73.0,109.5,SL,-109.5,False,validation,2025-11-24 14:35:00+00:00
1288,2033_upper,2025-11-26,2025,upper,2025-11-26 09:30:00-05:00,2025-11-26 09:59:00-05:00,25241.61892892361,25162.86892892361,25241.61892892361,52.5,78.75,TP,78.75,False,validation,2025-11-26 14:30:00+00:00
1289,2030_upper,2025-12-02,2025,upper,2025-12-02 09:39:00-05:00,2025-12-02 10:30:00-05:00,25607.58457932311,25556.20957932311,25607.58457932311,34.25,51.375,TP,51.375,False,validation,2025-12-02 14:39:00+00:00
1290,2042_lower,2025-12-11,2025,lower,2025-12-10 22:07:00-05:00,2025-12-11 07:04:00-05:00,25438.648571256614,25638.648571256614,25438.648571256614,137.5,200.0,TP,200.0,False,validation,2025-12-11 03:07:00+00:00
1291,2046_lower,2025-12-16,2025,lower,2025-12-16 02:37:00-05:00,2025-12-16 03:02:00-05:00,25096.208397431896,25144.208397431896,25096.208397431896,32.0,48.0,TP,48.0,False,validation,2025-12-16 07:37:00+00:00
1292,2049_upper,2025-12-22,2025,upper,2025-12-22 04:40:00-05:00,2025-12-22 07:10:00-05:00,25722.58511851881,25722.58511851881,25722.58511851881,35.5,53.25,BE,-0.0,False,validation,2025-12-22 09:40:00+00:00
1293,2051_upper,2025-12-22,2025,upper,2025-12-22 09:31:00-05:00,2025-12-22 09:33:00-05:00,25793.515304493496,25754.140304493496,25793.515304493496,26.25,39.375,TP,39.375,False,validation,2025-12-22 14:31:00+00:00
1294,2044_upper,2025-12-26,2025,upper,2025-12-25 19:13:00-05:00,2025-12-25 20:00:00-05:00,25906.252331580763,25906.252331580763,25906.252331580763,33.5,50.25,BE,-0.0,False,validation,2025-12-26 00:13:00+00:00
1295,2046_upper,2025-12-26,2025,upper,2025-12-26 08:40:00-05:00,2025-12-26 09:30:00-05:00,25921.416602568104,25879.416602568104,25921.416602568104,28.0,42.0,TP,42.0,False,validation,2025-12-26 13:40:00+00:00
1296,2053_upper,2025-12-26,2025,upper,2025-12-26 09:36:00-05:00,2025-12-26 10:00:00-05:00,25923.7220721326,25868.9720721326,25923.7220721326,36.5,54.75,TP,54.75,False,validation,2025-12-26 14:36:00+00:00
1297,2054_lower,2025-12-31,2025,lower,2025-12-30 20:00:00-05:00,2025-12-31 00:53:00-05:00,25599.45271544758,25599.45271544758,25599.45271544758,52.25,78.375,BE,0.0,False,validation,2025-12-31 01:00:00+00:00
1298,2052_upper,2026-01-13,2026,upper,2026-01-13 08:31:00-05:00,2026-01-13 08:39:00-05:00,26021.232009355885,25975.482009355885,26021.232009355885,30.5,45.75,TP,45.75,False,build_years,2026-01-13 13:31:00+00:00
1299,2066_lower,2026-01-14,2026,lower,2026-01-14 09:59:00-05:00,2026-01-14 10:15:00-05:00,25582.086025672208,25691.586025672208,25582.086025672208,73.0,109.5,TP,109.5,False,build_years,2026-01-14 14:59:00+00:00
1300,2063_lower,2026-01-19,2026,lower,2026-01-18 22:24:00-05:00,2026-01-18 23:11:00-05:00,25373.145816891814,25373.145816891814,25373.145816891814,32.75,49.125,BE,0.0,False,build_years,2026-01-19 03:24:00+00:00
1301,2061_lower,2026-01-19,2026,lower,2026-01-19 02:10:00-05:00,2026-01-19 03:23:00-05:00,25350.284539800687,25400.159539800687,25350.284539800687,33.25,49.875,TP,49.875,False,build_years,2026-01-19 07:10:00+00:00
1302,2067_lower,2026-01-19,2026,lower,2026-01-19 04:25:00-05:00,2026-01-19 12:30:00-05:00,25317.811823945234,25411.936823945234,25317.811823945234,62.75,94.125,TP,94.125,False,build_years,2026-01-19 09:25:00+00:00
1303,2059_lower,2026-01-20,2026,lower,2026-01-20 03:31:00-05:00,2026-01-20 04:32:00-05:00,25216.808747005507,25121.183747005507,25216.808747005507,63.75,95.625,SL,-95.625,False,build_years,2026-01-20 08:31:00+00:00
1304,2074_upper,2026-01-27,2026,upper,2026-01-26 21:57:00-05:00,2026-01-26 22:43:00-05:00,25972.950621766613,25972.950621766613,25972.950621766613,31.75,47.625,BE,-0.0,False,build_years,2026-01-27 02:57:00+00:00
1305,2073_upper,2026-01-27,2026,upper,2026-01-27 01:06:00-05:00,2026-01-27 03:36:00-05:00,26026.77634869439,25970.15134869439,26026.77634869439,37.75,56.625,TP,56.625,False,build_years,2026-01-27 06:06:00+00:00
1306,2068_upper,2026-01-28,2026,upper,2026-01-27 19:35:00-05:00,2026-01-28 00:58:00-05:00,26192.561843286232,26247.686843286232,26192.561843286232,36.75,55.125,SL,-55.125,False,build_years,2026-01-28 00:35:00+00:00
1307,2066_upper,2026-01-28,2026,upper,2026-01-28 01:00:00-05:00,2026-01-28 01:31:00-05:00,26295.788974327792,26338.538974327792,26295.788974327792,28.5,42.75,SL,-42.75,False,build_years,2026-01-28 06:00:00+00:00
1308,2077_lower,2026-01-29,2026,lower,2026-01-29 09:42:00-05:00,2026-01-29 09:54:00-05:00,25984.096228371414,25904.596228371414,25984.096228371414,53.0,79.5,SL,-79.5,False,build_years,2026-01-29 14:42:00+00:00
1309,2073_lower,2026-02-02,2026,lower,2026-02-01 22:14:00-05:00,2026-02-02 01:15:00-05:00,25336.47365130561,25197.72365130561,25336.47365130561,92.5,138.75,SL,-138.75,False,build_years,2026-02-02 03:14:00+00:00
1310,2083_upper,2026-02-09,2026,upper,2026-02-08 19:02:00-05:00,2026-02-09 04:51:00-05:00,25308.784126629384,25108.784126629384,25308.784126629384,140.75,200.0,TP,200.0,False,build_years,2026-02-09 00:02:00+00:00
1311,2085_lower,2026-02-13,2026,lower,2026-02-13 06:30:00-05:00,2026-02-13 07:00:00-05:00,24633.391857165167,24741.391857165167,24633.391857165167,72.0,108.0,TP,108.0,False,build_years,2026-02-13 11:30:00+00:00
1312,2091_upper,2026-02-25,2026,upper,2026-02-25 08:55:00-05:00,2026-02-25 09:31:00-05:00,25154.51755998832,25222.01755998832,25154.51755998832,45.0,67.5,SL,-67.5,False,build_years,2026-02-25 13:55:00+00:00
1313,2096_upper,2026-02-25,2026,upper,2026-02-25 09:47:00-05:00,2026-02-25 15:00:00-05:00,25317.93310463668,25371.0,25317.93310463668,42.0,63.0,cutoff,-53.06689536332124,False,build_years,2026-02-25 14:47:00+00:00
1314,2097_lower,2026-02-27,2026,lower,2026-02-27 08:30:00-05:00,2026-02-27 09:17:00-05:00,24825.88513501576,24825.88513501576,24825.88513501576,96.0,144.0,BE,0.0,False,build_years,2026-02-27 13:30:00+00:00
1315,2095_lower,2026-03-02,2026,lower,2026-03-02 01:48:00-05:00,2026-03-02 08:25:00-05:00,24588.439612813825,24734.689612813825,24588.439612813825,97.5,146.25,TP,146.25,False,build_years,2026-03-02 06:48:00+00:00
1316,2093_lower,2026-03-03,2026,lower,2026-03-03 04:46:00-05:00,2026-03-03 11:45:00-05:00,24473.331852930038,24673.331852930038,24473.331852930038,189.5,200.0,TP,200.0,False,build_years,2026-03-03 09:46:00+00:00
1317,2099_upper,2026-03-05,2026,upper,2026-03-04 19:15:00-05:00,2026-03-04 20:19:00-05:00,25229.04674451065,25152.92174451065,25229.04674451065,50.75,76.125,TP,76.125,False,build_years,2026-03-05 00:15:00+00:00
1318,2091_lower,2026-03-09,2026,lower,2026-03-08 20:23:00-04:00,2026-03-09 05:14:00-04:00,24143.73244001168,24343.73244001168,24143.73244001168,158.0,200.0,TP,200.0,False,build_years,2026-03-09 00:23:00+00:00
1319,2104_upper,2026-03-10,2026,upper,2026-03-10 04:08:00-04:00,2026-03-10 05:07:00-04:00,25119.94149499076,25119.94149499076,25119.94149499076,137.5,200.0,BE,-0.0,False,build_years,2026-03-10 08:08:00+00:00
1320,2107_lower,2026-03-12,2026,lower,2026-03-12 09:55:00-04:00,2026-03-12 10:04:00-04:00,24652.49668235829,24744.74668235829,24652.49668235829,61.5,92.25,TP,92.25,False,build_years,2026-03-12 13:55:00+00:00
1321,2109_upper,2026-03-17,2026,upper,2026-03-17 09:46:00-04:00,2026-03-17 15:00:00-04:00,25096.19805301506,25003.0,25096.19805301506,127.5,191.25,cutoff,93.1980530150613,False,build_years,2026-03-17 13:46:00+00:00
1322,2108_upper,2026-03-18,2026,upper,2026-03-18 01:27:00-04:00,2026-03-18 02:20:00-04:00,25161.616617122825,25188.616617122825,25161.616617122825,18.0,27.0,SL,-27.0,False,build_years,2026-03-18 05:27:00+00:00
1323,2112_lower,2026-03-19,2026,lower,2026-03-19 03:57:00-04:00,2026-03-19 05:51:00-04:00,24550.4725595392,24648.3475595392,24550.4725595392,65.25,97.875,TP,97.875,False,build_years,2026-03-19 07:57:00+00:00
1324,2115_lower,2026-03-26,2026,lower,2026-03-26 08:35:00-04:00,2026-03-26 09:39:00-04:00,24069.165318483185,24069.165318483185,24069.165318483185,89.75,134.625,BE,0.0,False,build_years,2026-03-26 12:35:00+00:00
1325,2120_lower,2026-03-31,2026,lower,2026-03-30 20:17:00-04:00,2026-03-30 20:43:00-04:00,22983.31380287526,23101.43880287526,22983.31380287526,78.75,118.125,TP,118.125,False,build_years,2026-03-31 00:17:00+00:00
1326,2119_upper,2026-04-01,2026,upper,2026-03-31 19:58:00-04:00,2026-03-31 20:51:00-04:00,24027.08869351358,24027.08869351358,24027.08869351358,94.0,141.0,BE,-0.0,False,build_years,2026-03-31 23:58:00+00:00
1327,2122_lower,2026-04-02,2026,lower,2026-04-02 07:28:00-04:00,2026-04-02 09:53:00-04:00,23729.68143980739,23828.30643980739,23729.68143980739,65.75,98.625,TP,98.625,False,build_years,2026-04-02 11:28:00+00:00
1328,2123_upper,2026-04-06,2026,upper,2026-04-05 22:19:00-04:00,2026-04-05 23:08:00-04:00,24289.10131924296,24204.72631924296,24289.10131924296,56.25,84.375,TP,84.375,False,build_years,2026-04-06 02:19:00+00:00
1329,2115_upper,2026-04-08,2026,upper,2026-04-07 19:04:00-04:00,2026-04-08 01:51:00-04:00,24984.45968151681,25184.45968151681,24984.45968151681,569.5,200.0,SL,-200.0,False,build_years,2026-04-07 23:04:00+00:00
1330,2110_upper,2026-04-10,2026,upper,2026-04-09 20:59:00-04:00,2026-04-10 04:17:00-04:00,25273.09253845201,25205.59253845201,25273.09253845201,45.0,67.5,TP,67.5,False,build_years,2026-04-10 00:59:00+00:00
1331,2111_upper,2026-04-10,2026,upper,2026-04-10 08:29:00-04:00,2026-04-10 08:30:00-04:00,25378.695918099,25317.945918099,25378.695918099,40.5,60.75,TP,60.75,False,build_years,2026-04-10 12:29:00+00:00
1332,2128_upper,2026-04-14,2026,upper,2026-04-13 19:07:00-04:00,2026-04-13 20:05:00-04:00,25611.34815671422,25561.47315671422,25611.34815671422,33.25,49.875,TP,49.875,False,build_years,2026-04-13 23:07:00+00:00
1333,2130_upper,2026-04-15,2026,upper,2026-04-14 19:34:00-04:00,2026-04-14 20:21:00-04:00,26016.020610526048,26016.020610526048,26016.020610526048,38.5,57.75,BE,-0.0,False,build_years,2026-04-14 23:34:00+00:00
1334,2132_upper,2026-04-17,2026,upper,2026-04-17 09:07:00-04:00,2026-04-17 10:01:00-04:00,26750.85865637195,26750.85865637195,26750.85865637195,184.25,200.0,BE,-0.0,False,build_years,2026-04-17 13:07:00+00:00
1335,2136_upper,2026-04-24,2026,upper,2026-04-24 07:07:00-04:00,2026-04-24 09:55:00-04:00,27267.134887108085,27140.009887108085,27267.134887108085,84.75,127.125,TP,127.125,False,build_years,2026-04-24 11:07:00+00:00
1336,2138_upper,2026-04-27,2026,upper,2026-04-26 22:00:00-04:00,2026-04-27 03:09:00-04:00,27541.200536733537,27415.200536733537,27541.200536733537,84.0,126.0,TP,126.0,False,build_years,2026-04-27 02:00:00+00:00
1337,2139_lower,2026-04-28,2026,lower,2026-04-28 08:23:00-04:00,2026-04-28 09:49:00-04:00,27049.808787510927,27249.808787510927,27049.808787510927,189.25,200.0,TP,200.0,False,build_years,2026-04-28 12:23:00+00:00
1338,2140_upper,2026-04-30,2026,upper,2026-04-29 19:48:00-04:00,2026-04-30 00:12:00-04:00,27529.43417796164,27329.43417796164,27529.43417796164,293.0,200.0,TP,200.0,False,build_years,2026-04-29 23:48:00+00:00
1339,2139_upper,2026-05-01,2026,upper,2026-05-01 09:33:00-04:00,2026-05-01 09:55:00-04:00,27727.691212489077,27845.816212489077,27727.691212489077,78.75,118.125,SL,-118.125,False,build_years,2026-05-01 13:33:00+00:00
1340,2148_upper,2026-05-11,2026,upper,2026-05-11 09:32:00-04:00,2026-05-11 10:29:00-04:00,29422.9618069465,29281.9618069465,29422.9618069465,94.0,141.0,TP,141.0,False,build_years,2026-05-11 13:32:00+00:00
1341,2150_upper,2026-05-14,2026,upper,2026-05-13 19:05:00-04:00,2026-05-13 20:16:00-04:00,29646.42303898361,29646.42303898361,29646.42303898361,81.25,121.875,BE,-0.0,False,build_years,2026-05-13 23:05:00+00:00
1342,2151_upper,2026-05-14,2026,upper,2026-05-13 20:17:00-04:00,2026-05-13 23:23:00-04:00,29656.73036561582,29569.35536561582,29656.73036561582,58.25,87.375,TP,87.375,False,build_years,2026-05-14 00:17:00+00:00
1343,2152_lower,2026-05-18,2026,lower,2026-05-17 19:40:00-04:00,2026-05-18 08:39:00-04:00,29084.62855805579,29284.62855805579,29084.62855805579,173.75,200.0,TP,200.0,False,build_years,2026-05-17 23:40:00+00:00
1344,2151_lower,2026-05-19,2026,lower,2026-05-19 09:20:00-04:00,2026-05-19 09:32:00-04:00,28811.51963438418,28971.64463438418,28811.51963438418,106.75,160.125,TP,160.125,False,build_years,2026-05-19 13:20:00+00:00
1345,2155_upper,2026-05-21,2026,upper,2026-05-21 00:59:00-04:00,2026-05-21 01:47:00-04:00,29420.86955887296,29336.49455887296,29420.86955887296,56.25,84.375,TP,84.375,False,build_years,2026-05-21 04:59:00+00:00
1346,2157_upper,2026-05-22,2026,upper,2026-05-22 04:18:00-04:00,2026-05-22 05:00:00-04:00,29642.116120772636,29553.991120772636,29642.116120772636,58.75,88.125,TP,88.125,False,build_years,2026-05-22 08:18:00+00:00
1347,2152_upper,2026-05-25,2026,upper,2026-05-24 23:00:00-04:00,2026-05-25 12:59:00-04:00,29963.24644194421,29962.5,29963.24644194421,57.75,86.625,cutoff,0.7464419442112558,False,build_years,2026-05-25 03:00:00+00:00
1348,2159_upper,2026-05-27,2026,upper,2026-05-27 07:00:00-04:00,2026-05-27 08:19:00-04:00,30248.50133165292,30302.87633165292,30248.50133165292,36.25,54.375,SL,-54.375,False,build_years,2026-05-27 11:00:00+00:00
1349,2160_upper,2026-05-27,2026,upper,2026-05-27 08:22:00-04:00,2026-05-27 08:49:00-04:00,30374.53042723353,30281.90542723353,30374.53042723353,61.75,92.625,TP,92.625,False,build_years,2026-05-27 12:22:00+00:00
1350,2162_upper,2026-05-29,2026,upper,2026-05-29 09:57:00-04:00,2026-05-29 10:15:00-04:00,30514.38147395403,30433.38147395403,30514.38147395403,54.0,81.0,TP,81.0,False,build_years,2026-05-29 13:57:00+00:00
1351,2166_lower,2026-06-04,2026,lower,2026-06-04 07:36:00-04:00,2026-06-04 09:45:00-04:00,30203.484160153974,30203.484160153974,30203.484160153974,132.75,199.125,BE,0.0,False,build_years,2026-06-04 11:36:00+00:00
1352,2165_lower,2026-06-05,2026,lower,2026-06-04 21:13:00-04:00,2026-06-05 02:44:00-04:00,30115.50365037811,30115.50365037811,30115.50365037811,133.25,199.875,BE,0.0,False,build_years,2026-06-05 01:13:00+00:00
1353,2163_lower,2026-06-05,2026,lower,2026-06-05 09:30:00-04:00,2026-06-05 09:56:00-04:00,30011.076790907744,29838.576790907744,30011.076790907744,115.0,172.5,SL,-172.5,False,build_years,2026-06-05 13:30:00+00:00
1354,2167_lower,2026-06-05,2026,lower,2026-06-05 09:57:00-04:00,2026-06-05 10:43:00-04:00,29834.523639704264,29834.523639704264,29834.523639704264,115.0,172.5,BE,0.0,False,build_years,2026-06-05 13:57:00+00:00
