level_id,session_date,created_at,expiry_at,physical_touch,side,eligibility,skip_reason,position_state,sal_state,entry_time,exit_time,entry_price,exit_price,anchor,cap,exit_reason,pnl
0_lower,2023-06-01,2023-06-01 10:00:00-04:00,2023-06-29 10:00:00-04:00,2023-06-04 18:00:00-04:00,lower,skipped,no_anchor,n/a,n/a,,,,,,,,
1_lower,2023-06-02,2023-06-02 10:00:00-04:00,2023-06-30 10:00:00-04:00,2023-06-04 18:00:00-04:00,lower,skipped,no_anchor,n/a,n/a,,,,,,,,
2_upper,2023-06-07,2023-06-05 10:00:00-04:00,2023-07-03 10:00:00-04:00,2023-06-07 09:55:00-04:00,upper,executed,,flat,inactive,2023-06-07 09:55:00-04:00,2023-06-07 10:11:00-04:00,1985.8762614447114,1979.5762614447117,4.199999999999818,6.299999999999727,TP,6.299999999999727
6_lower,2023-06-09,2023-06-09 10:00:00-04:00,2023-07-07 10:00:00-04:00,2023-06-13 11:40:00-04:00,lower,skipped,blocked_time,n/a,n/a,,,,,,,,
3_lower,2023-06-06,2023-06-06 10:00:00-04:00,2023-07-04 10:00:00-04:00,2023-06-13 13:50:00-04:00,lower,skipped,blocked_time,n/a,n/a,,,,,,,,
5_lower,2023-06-08,2023-06-08 10:00:00-04:00,2023-07-06 10:00:00-04:00,2023-06-13 13:50:00-04:00,lower,skipped,blocked_time,n/a,n/a,,,,,,,,
4_lower,2023-06-07,2023-06-07 10:00:00-04:00,2023-07-05 10:00:00-04:00,2023-06-13 14:31:00-04:00,lower,skipped,blocked_time,n/a,n/a,,,,,,,,
9_lower,2023-06-14,2023-06-14 10:00:00-04:00,2023-07-12 10:00:00-04:00,2023-06-14 14:06:00-04:00,lower,skipped,blocked_time,n/a,n/a,,,,,,,,
8_lower,2023-06-13,2023-06-13 10:00:00-04:00,2023-07-11 10:00:00-04:00,2023-06-14 20:51:00-04:00,lower,skipped,simultaneous_collision,flat,inactive,,,,,,,,
7_lower,2023-06-15,2023-06-12 10:00:00-04:00,2023-07-10 10:00:00-04:00,2023-06-14 20:51:00-04:00,lower,executed,,flat,inactive,2023-06-14 20:51:00-04:00,2023-06-14 21:59:00-04:00,1948.5502124367854,1944.8002124367854,2.5,3.75,SL,-3.75
2_lower,2023-06-05,2023-06-05 10:00:00-04:00,2023-07-03 10:00:00-04:00,2023-06-15 03:02:00-04:00,lower,skipped,SAL,n/a,active,,,,,,,,
11_lower,2023-06-20,2023-06-16 10:00:00-04:00,2023-07-14 10:00:00-04:00,2023-06-20 09:22:00-04:00,lower,executed,,flat,inactive,2023-06-20 09:22:00-04:00,2023-06-20 15:00:00-04:00,1951.2138393186483,1949.6,10.899999999999864,16.349999999999795,cutoff,-1.6138393186483881
12_lower,2023-06-19,2023-06-19 10:00:00-04:00,2023-07-17 10:00:00-04:00,2023-06-20 09:25:00-04:00,lower,skipped,position_open,open,active,,,,,,,,
10_lower,2023-06-21,2023-06-15 10:00:00-04:00,2023-07-13 10:00:00-04:00,2023-06-21 09:39:00-04:00,lower,executed,,flat,inactive,2023-06-21 09:39:00-04:00,2023-06-21 13:46:00-04:00,1931.702360252867,1946.2523602528672,9.700000000000045,14.550000000000068,TP,14.550000000000068
13_lower,2023-06-22,2023-06-20 10:00:00-04:00,2023-07-18 10:00:00-04:00,2023-06-22 10:20:00-04:00,lower,executed,,flat,inactive,2023-06-22 10:20:00-04:00,2023-06-22 15:00:00-04:00,1927.8899245121931,1925.3,9.100000000000136,13.650000000000205,cutoff,-2.5899245121931926
16_lower,2023-06-27,2023-06-23 10:00:00-04:00,2023-07-21 10:00:00-04:00,2023-06-27 10:15:00-04:00,lower,executed,,flat,inactive,2023-06-27 10:15:00-04:00,2023-06-27 11:13:00-04:00,1924.8408929199632,1924.8408929199632,8.099999999999909,12.149999999999864,BE,0.0
17_lower,2023-06-28,2023-06-26 10:00:00-04:00,2023-07-24 10:00:00-04:00,2023-06-28 02:43:00-04:00,lower,executed,,flat,inactive,2023-06-28 02:43:00-04:00,2023-06-28 02:52:00-04:00,1917.479653546231,1920.1796535462308,1.7999999999999545,2.699999999999932,TP,2.699999999999932
14_lower,2023-06-28,2023-06-21 10:00:00-04:00,2023-07-19 10:00:00-04:00,2023-06-28 08:21:00-04:00,lower,executed,,flat,inactive,2023-06-28 08:21:00-04:00,2023-06-28 09:11:00-04:00,1914.45107628173,1914.45107628173,2.099999999999909,3.1499999999998636,BE,0.0
18_lower,2023-06-27,2023-06-27 10:00:00-04:00,2023-07-25 10:00:00-04:00,2023-06-28 09:11:00-04:00,lower,skipped,same_bar_reentry,reopen_blocked,inactive,,,,,,,,
15_lower,2023-06-28,2023-06-22 10:00:00-04:00,2023-07-20 10:00:00-04:00,2023-06-28 09:46:00-04:00,lower,executed,,flat,inactive,2023-06-28 09:46:00-04:00,2023-06-28 09:48:00-04:00,1912.1193257969855,1916.9193257969855,3.2000000000000455,4.800000000000068,TP,4.800000000000068
20_upper,2023-06-30,2023-06-29 10:00:00-04:00,2023-07-27 10:00:00-04:00,2023-06-30 08:43:00-04:00,upper,executed,,flat,inactive,2023-06-30 08:43:00-04:00,2023-06-30 08:48:00-04:00,1921.3327014328843,1917.8827014328845,2.2999999999999545,3.449999999999932,TP,3.449999999999932
21_upper,2023-06-30,2023-06-30 10:00:00-04:00,2023-07-28 10:00:00-04:00,2023-07-03 10:00:00-04:00,upper,skipped,simultaneous_collision,flat,inactive,,,,,,,,
19_upper,2023-07-03,2023-06-28 10:00:00-04:00,2023-07-26 10:00:00-04:00,2023-07-03 10:00:00-04:00,upper,executed,,flat,inactive,2023-07-03 10:00:00-04:00,2023-07-03 15:00:00-04:00,1937.0312590261808,1928.9,8.0,12.0,cutoff,8.131259026180714
23_lower,2023-07-06,2023-07-04 10:00:00-04:00,2023-08-01 10:00:00-04:00,2023-07-06 04:37:00-04:00,lower,executed,,flat,inactive,2023-07-06 04:37:00-04:00,2023-07-06 06:16:00-04:00,1922.0314355993846,1925.7814355993846,2.5,3.75,TP,3.75
24_lower,2023-07-06,2023-07-05 10:00:00-04:00,2023-08-02 10:00:00-04:00,2023-07-06 08:20:00-04:00,lower,executed,,flat,inactive,2023-07-06 08:20:00-04:00,2023-07-06 08:31:00-04:00,1916.8034039965319,1912.0034039965317,3.2000000000000455,4.800000000000068,SL,-4.800000000000182
22_lower,2023-07-03,2023-07-03 10:00:00-04:00,2023-07-31 10:00:00-04:00,2023-07-06 08:26:00-04:00,lower,skipped,position_open,open,active,,,,,,,,
25_upper,2023-07-07,2023-07-06 10:00:00-04:00,2023-08-03 10:00:00-04:00,2023-07-07 08:30:00-04:00,upper,executed,,flat,inactive,2023-07-07 08:30:00-04:00,2023-07-07 08:31:00-04:00,1937.735116964989,1933.985116964989,2.5,3.75,TP,3.75
27_upper,2023-07-11,2023-07-10 10:00:00-04:00,2023-08-07 10:00:00-04:00,2023-07-11 02:40:00-04:00,upper,executed,,flat,inactive,2023-07-11 02:40:00-04:00,2023-07-11 02:44:00-04:00,1944.094451388545,1941.2444513885448,1.900000000000091,2.8500000000001364,TP,2.8500000000001364
26_upper,2023-07-07,2023-07-07 10:00:00-04:00,2023-08-04 10:00:00-04:00,2023-07-12 08:30:00-04:00,upper,skipped,simultaneous_collision,flat,inactive,,,,,,,,
23_upper,2023-07-12,2023-07-04 10:00:00-04:00,2023-08-01 10:00:00-04:00,2023-07-12 08:30:00-04:00,upper,executed,,flat,inactive,2023-07-12 08:30:00-04:00,2023-07-12 08:36:00-04:00,1949.6685644006152,1954.318564400615,3.099999999999909,4.649999999999864,SL,-4.649999999999864
15_upper,2023-06-22,2023-06-22 10:00:00-04:00,2023-07-20 10:00:00-04:00,2023-07-12 08:33:00-04:00,upper,skipped,position_open,open,active,,,,,,,,
22_upper,2023-07-03,2023-07-03 10:00:00-04:00,2023-07-31 10:00:00-04:00,2023-07-12 08:33:00-04:00,upper,skipped,position_open,open,active,,,,,,,,
17_upper,2023-06-26,2023-06-26 10:00:00-04:00,2023-07-24 10:00:00-04:00,2023-07-12 08:37:00-04:00,upper,skipped,SAL,n/a,active,,,,,,,,
28_upper,2023-07-11,2023-07-11 10:00:00-04:00,2023-08-08 10:00:00-04:00,2023-07-12 08:37:00-04:00,upper,skipped,SAL,n/a,active,,,,,,,,
24_upper,2023-07-05,2023-07-05 10:00:00-04:00,2023-08-02 10:00:00-04:00,2023-07-12 09:31:00-04:00,upper,skipped,SAL,n/a,active,,,,,,,,
18_upper,2023-06-27,2023-06-27 10:00:00-04:00,2023-07-25 10:00:00-04:00,2023-07-12 09:32:00-04:00,upper,skipped,SAL,n/a,active,,,,,,,,
14_upper,2023-06-21,2023-06-21 10:00:00-04:00,2023-07-19 10:00:00-04:00,2023-07-12 09:50:00-04:00,upper,skipped,SAL,n/a,active,,,,,,,,
16_upper,2023-06-23,2023-06-23 10:00:00-04:00,2023-07-21 10:00:00-04:00,2023-07-12 12:33:00-04:00,upper,skipped,blocked_time,n/a,n/a,,,,,,,,
13_upper,2023-07-13,2023-06-20 10:00:00-04:00,2023-07-18 10:00:00-04:00,2023-07-13 08:30:00-04:00,upper,executed,,flat,inactive,2023-07-13 08:30:00-04:00,2023-07-13 08:31:00-04:00,1968.3600754878069,1964.0100754878067,2.900000000000091,4.350000000000136,TP,4.350000000000136
32_upper,2023-07-18,2023-07-17 10:00:00-04:00,2023-08-14 10:00:00-04:00,2023-07-18 07:16:00-04:00,upper,executed,,flat,inactive,2023-07-18 07:16:00-04:00,2023-07-18 07:16:00-04:00,1970.0311841491107,1974.0811841491109,2.7000000000000455,4.050000000000068,SL,-4.050000000000182
29_upper,2023-07-12,2023-07-12 10:00:00-04:00,2023-08-09 10:00:00-04:00,2023-07-18 10:00:00-04:00,upper,skipped,SAL,n/a,active,,,,,,,,
31_upper,2023-07-14,2023-07-14 10:00:00-04:00,2023-08-11 10:00:00-04:00,2023-07-18 10:02:00-04:00,upper,skipped,SAL,n/a,active,,,,,,,,
30_upper,2023-07-13,2023-07-13 10:00:00-04:00,2023-08-10 10:00:00-04:00,2023-07-18 10:09:00-04:00,upper,skipped,SAL,n/a,active,,,,,,,,
34_lower,2023-07-21,2023-07-19 10:00:00-04:00,2023-08-16 10:00:00-04:00,2023-07-21 05:00:00-04:00,lower,executed,,flat,inactive,2023-07-21 05:00:00-04:00,2023-07-21 08:20:00-04:00,1963.1922280532076,1969.7922280532075,4.399999999999864,6.599999999999795,TP,6.599999999999795
35_lower,2023-07-21,2023-07-20 10:00:00-04:00,2023-08-17 10:00:00-04:00,2023-07-21 09:23:00-04:00,lower,executed,,flat,inactive,2023-07-21 09:23:00-04:00,2023-07-21 15:00:00-04:00,1961.3465058231952,1964.8,5.7000000000000455,8.550000000000068,cutoff,3.4534941768047247
38_upper,2023-07-25,2023-07-25 10:00:00-04:00,2023-08-22 10:00:00-04:00,2023-07-26 14:43:00-04:00,upper,skipped,blocked_time,n/a,n/a,,,,,,,,
36_upper,2023-07-27,2023-07-21 10:00:00-04:00,2023-08-18 10:00:00-04:00,2023-07-26 22:13:00-04:00,upper,executed,,flat,inactive,2023-07-26 22:13:00-04:00,2023-07-27 03:45:00-04:00,1981.1201937573842,1981.1201937573842,5.7999999999999545,8.699999999999932,BE,-0.0
39_lower,2023-07-26,2023-07-26 10:00:00-04:00,2023-08-23 10:00:00-04:00,2023-07-27 09:36:00-04:00,lower,skipped,simultaneous_collision,flat,inactive,,,,,,,,
33_lower,2023-07-27,2023-07-18 10:00:00-04:00,2023-08-15 10:00:00-04:00,2023-07-27 09:36:00-04:00,lower,executed,,flat,inactive,2023-07-27 09:36:00-04:00,2023-07-27 15:00:00-04:00,1950.8768961475685,1944.3,22.09999999999991,33.149999999999864,cutoff,-6.576896147568505
30_lower,2023-07-13,2023-07-13 10:00:00-04:00,2023-08-10 10:00:00-04:00,2023-07-27 09:40:00-04:00,lower,skipped,position_open,open,active,,,,,,,,
36_lower,2023-07-21,2023-07-21 10:00:00-04:00,2023-08-18 10:00:00-04:00,2023-07-27 09:40:00-04:00,lower,skipped,position_open,open,active,,,,,,,,
37_lower,2023-07-24,2023-07-24 10:00:00-04:00,2023-08-21 10:00:00-04:00,2023-07-27 09:40:00-04:00,lower,skipped,position_open,open,active,,,,,,,,
31_lower,2023-07-14,2023-07-14 10:00:00-04:00,2023-08-11 10:00:00-04:00,2023-07-27 09:55:00-04:00,lower,skipped,position_open,open,active,,,,,,,,
39_upper,2023-07-26,2023-07-26 10:00:00-04:00,2023-08-23 10:00:00-04:00,2023-07-27 20:00:00-04:00,upper,skipped,simultaneous_collision,flat,inactive,,,,,,,,
40_upper,2023-07-27,2023-07-27 10:00:00-04:00,2023-08-24 10:00:00-04:00,2023-07-27 20:00:00-04:00,upper,skipped,simultaneous_collision,flat,inactive,,,,,,,,
37_upper,2023-07-28,2023-07-24 10:00:00-04:00,2023-08-21 10:00:00-04:00,2023-07-27 20:00:00-04:00,upper,executed,,flat,inactive,2023-07-27 20:00:00-04:00,2023-07-27 21:03:00-04:00,1986.3,1986.3,3.2000000000000455,4.800000000000068,BE,-0.0
33_upper,2023-07-28,2023-07-18 10:00:00-04:00,2023-08-15 10:00:00-04:00,2023-07-28 07:23:00-04:00,upper,executed,,flat,inactive,2023-07-28 07:23:00-04:00,2023-07-28 11:08:00-04:00,1994.6231038524315,2000.1731038524317,3.7000000000000455,5.550000000000068,SL,-5.550000000000182
34_upper,2023-07-19,2023-07-19 10:00:00-04:00,2023-08-16 10:00:00-04:00,2023-07-28 08:30:00-04:00,upper,skipped,position_open,open,active,,,,,,,,
35_upper,2023-07-20,2023-07-20 10:00:00-04:00,2023-08-17 10:00:00-04:00,2023-07-28 08:30:00-04:00,upper,skipped,position_open,open,active,,,,,,,,
42_lower,2023-08-01,2023-07-31 10:00:00-04:00,2023-08-28 10:00:00-04:00,2023-08-01 08:43:00-04:00,lower,executed,,flat,inactive,2023-08-01 08:43:00-04:00,2023-08-01 10:31:00-04:00,1986.617991803296,1980.917991803296,3.7999999999999545,5.699999999999932,SL,-5.7000000000000455
41_lower,2023-08-02,2023-07-28 10:00:00-04:00,2023-08-25 10:00:00-04:00,2023-08-02 10:18:00-04:00,lower,executed,,flat,inactive,2023-08-02 10:18:00-04:00,2023-08-02 15:00:00-04:00,1975.1494429294662,1972.9,4.2999999999999545,6.449999999999932,cutoff,-2.249442929466113
44_lower,2023-08-02,2023-08-02 10:00:00-04:00,2023-08-30 10:00:00-04:00,2023-08-03 08:25:00-04:00,lower,skipped,simultaneous_collision,flat,inactive,,,,,,,,
43_lower,2023-08-03,2023-08-01 10:00:00-04:00,2023-08-29 10:00:00-04:00,2023-08-03 08:25:00-04:00,lower,executed,,flat,inactive,2023-08-03 08:25:00-04:00,2023-08-03 08:30:00-04:00,1965.306862849577,1971.156862849577,3.8999999999998636,5.849999999999795,TP,5.849999999999795
46_lower,2023-08-08,2023-08-04 10:00:00-04:00,2023-09-01 10:00:00-04:00,2023-08-08 08:09:00-04:00,lower,executed,,flat,inactive,2023-08-08 08:09:00-04:00,2023-08-08 08:55:00-04:00,1959.115222058826,1959.115222058826,6.099999999999909,9.149999999999864,BE,0.0
47_lower,2023-08-09,2023-08-07 10:00:00-04:00,2023-09-04 10:00:00-04:00,2023-08-09 10:54:00-04:00,lower,executed,,flat,inactive,2023-08-09 10:54:00-04:00,2023-08-09 15:00:00-04:00,1951.6654760578758,1949.6,4.599999999999909,6.899999999999864,cutoff,-2.0654760578759124
45_lower,2023-08-03,2023-08-03 10:00:00-04:00,2023-08-31 10:00:00-04:00,2023-08-09 10:57:00-04:00,lower,skipped,position_open,open,active,,,,,,,,
49_lower,2023-08-09,2023-08-09 10:00:00-04:00,2023-09-06 10:00:00-04:00,2023-08-14 08:11:00-04:00,lower,skipped,simultaneous_collision,flat,inactive,,,,,,,,
48_lower,2023-08-14,2023-08-08 10:00:00-04:00,2023-09-05 10:00:00-04:00,2023-08-14 08:11:00-04:00,lower,executed,,flat,inactive,2023-08-14 08:11:00-04:00,2023-08-14 08:24:00-04:00,1940.9487222232383,1938.5487222232382,1.6000000000001364,2.4000000000002046,SL,-2.400000000000091
38_lower,2023-07-25,2023-07-25 10:00:00-04:00,2023-08-22 10:00:00-04:00,2023-08-14 09:34:00-04:00,lower,skipped,SAL,n/a,active,,,,,,,,
32_lower,2023-07-17,2023-07-17 10:00:00-04:00,2023-08-14 10:00:00-04:00,2023-08-14 09:48:00-04:00,lower,skipped,SAL,n/a,active,,,,,,,,
50_lower,2023-08-10,2023-08-10 10:00:00-04:00,2023-09-07 10:00:00-04:00,2023-08-14 09:49:00-04:00,lower,skipped,SAL,n/a,active,,,,,,,,
40_lower,2023-08-15,2023-07-27 10:00:00-04:00,2023-08-24 10:00:00-04:00,2023-08-15 08:30:00-04:00,lower,executed,,flat,inactive,2023-08-15 08:30:00-04:00,2023-08-15 08:35:00-04:00,1929.6550375258034,1933.1050375258033,2.2999999999999545,3.449999999999932,TP,3.449999999999932
51_lower,2023-08-11,2023-08-11 10:00:00-04:00,2023-09-08 10:00:00-04:00,2023-08-16 13:37:00-04:00,lower,skipped,blocked_time,n/a,n/a,,,,,,,,
52_lower,2023-08-17,2023-08-14 10:00:00-04:00,2023-09-11 10:00:00-04:00,2023-08-16 21:12:00-04:00,lower,executed,,flat,inactive,2023-08-16 21:12:00-04:00,2023-08-17 02:20:00-04:00,1920.5230627092615,1923.8230627092616,2.2000000000000455,3.300000000000068,TP,3.300000000000068
53_lower,2023-08-15,2023-08-15 10:00:00-04:00,2023-09-12 10:00:00-04:00,2023-08-17 12:48:00-04:00,lower,skipped,blocked_time,n/a,n/a,,,,,,,,
54_lower,2023-08-16,2023-08-16 10:00:00-04:00,2023-09-13 10:00:00-04:00,2023-08-17 12:48:00-04:00,lower,skipped,blocked_time,n/a,n/a,,,,,,,,
58_upper,2023-08-23,2023-08-22 10:00:00-04:00,2023-09-19 10:00:00-04:00,2023-08-23 09:33:00-04:00,upper,executed,,flat,inactive,2023-08-23 09:33:00-04:00,2023-08-23 15:00:00-04:00,1940.7667636275482,1945.8,6.2999999999999545,9.449999999999932,cutoff,-5.033236372451711
56_upper,2023-08-18,2023-08-18 10:00:00-04:00,2023-09-15 10:00:00-04:00,2023-08-23 09:45:00-04:00,upper,skipped,position_open,open,active,,,,,,,,
57_upper,2023-08-21,2023-08-21 10:00:00-04:00,2023-09-18 10:00:00-04:00,2023-08-23 09:45:00-04:00,upper,skipped,position_open,open,active,,,,,,,,
55_upper,2023-08-24,2023-08-17 10:00:00-04:00,2023-09-14 10:00:00-04:00,2023-08-24 00:46:00-04:00,upper,executed,,flat,inactive,2023-08-24 00:46:00-04:00,2023-08-24 01:37:00-04:00,1950.269271694588,1950.269271694588,2.2000000000000455,3.300000000000068,BE,-0.0
52_upper,2023-08-14,2023-08-14 10:00:00-04:00,2023-09-11 10:00:00-04:00,2023-08-28 11:37:00-04:00,upper,skipped,blocked_time,n/a,n/a,,,,,,,,
53_upper,2023-08-15,2023-08-15 10:00:00-04:00,2023-09-12 10:00:00-04:00,2023-08-28 11:37:00-04:00,upper,skipped,blocked_time,n/a,n/a,,,,,,,,
54_upper,2023-08-16,2023-08-16 10:00:00-04:00,2023-09-13 10:00:00-04:00,2023-08-28 11:37:00-04:00,upper,skipped,blocked_time,n/a,n/a,,,,,,,,
61_upper,2023-08-29,2023-08-25 10:00:00-04:00,2023-09-22 10:00:00-04:00,2023-08-29 10:05:00-04:00,upper,executed,,flat,inactive,2023-08-29 10:05:00-04:00,2023-08-29 15:00:00-04:00,1959.458049624705,1964.6,5.2999999999999545,7.949999999999932,cutoff,-5.141950375294982
60_upper,2023-08-24,2023-08-24 10:00:00-04:00,2023-09-21 10:00:00-04:00,2023-08-29 10:06:00-04:00,upper,skipped,position_open,open,active,,,,,,,,
62_upper,2023-08-28,2023-08-28 10:00:00-04:00,2023-09-25 10:00:00-04:00,2023-08-29 10:18:00-04:00,upper,skipped,position_open,open,active,,,,,,,,
59_upper,2023-08-23,2023-08-23 10:00:00-04:00,2023-09-20 10:00:00-04:00,2023-08-29 11:23:00-04:00,upper,skipped,blocked_time,n/a,n/a,,,,,,,,
51_upper,2023-08-30,2023-08-11 10:00:00-04:00,2023-09-08 10:00:00-04:00,2023-08-30 08:15:00-04:00,upper,executed,,flat,inactive,2023-08-30 08:15:00-04:00,2023-08-30 08:30:00-04:00,1968.717087609028,1972.6170876090282,2.6000000000001364,3.9000000000002046,SL,-3.900000000000091
50_upper,2023-08-10,2023-08-10 10:00:00-04:00,2023-09-07 10:00:00-04:00,2023-08-30 08:30:00-04:00,upper,skipped,SAL,n/a,active,,,,,,,,
63_upper,2023-08-29,2023-08-29 10:00:00-04:00,2023-09-26 10:00:00-04:00,2023-08-30 08:30:00-04:00,upper,skipped,SAL,n/a,active,,,,,,,,
49_upper,2023-08-09,2023-08-09 10:00:00-04:00,2023-09-06 10:00:00-04:00,2023-08-30 09:48:00-04:00,upper,skipped,SAL,n/a,active,,,,,,,,
48_upper,2023-08-08,2023-08-08 10:00:00-04:00,2023-09-05 10:00:00-04:00,2023-08-30 10:12:00-04:00,upper,skipped,SAL,n/a,active,,,,,,,,
64_lower,2023-09-05,2023-08-30 10:00:00-04:00,2023-09-27 10:00:00-04:00,2023-09-05 05:26:00-04:00,lower,executed,,flat,inactive,2023-09-05 05:26:00-04:00,2023-09-05 09:57:00-04:00,1957.342613004579,1952.092613004579,3.5,5.25,SL,-5.25
65_lower,2023-08-31,2023-08-31 10:00:00-04:00,2023-09-28 10:00:00-04:00,2023-09-05 08:25:00-04:00,lower,skipped,position_open,open,active,,,,,,,,
66_lower,2023-09-01,2023-09-01 10:00:00-04:00,2023-09-29 10:00:00-04:00,2023-09-05 10:14:00-04:00,lower,skipped,SAL,n/a,active,,,,,,,,
67_lower,2023-09-04,2023-09-04 10:00:00-04:00,2023-10-02 10:00:00-04:00,2023-09-05 10:15:00-04:00,lower,skipped,SAL,n/a,active,,,,,,,,
68_lower,2023-09-11,2023-09-05 10:00:00-04:00,2023-10-03 10:00:00-04:00,2023-09-10 19:04:00-04:00,lower,executed,,flat,inactive,2023-09-10 19:04:00-04:00,2023-09-10 21:34:00-04:00,1939.9013479756522,1944.551347975652,3.099999999999909,4.649999999999864,TP,4.649999999999864
72_lower,2023-09-12,2023-09-11 10:00:00-04:00,2023-10-09 10:00:00-04:00,2023-09-12 07:30:00-04:00,lower,executed,,flat,inactive,2023-09-12 07:30:00-04:00,2023-09-12 15:00:00-04:00,1934.6306963907505,1936.2,7.099999999999909,10.649999999999864,cutoff,1.5693036092495731
70_lower,2023-09-07,2023-09-07 10:00:00-04:00,2023-10-05 10:00:00-04:00,2023-09-13 08:30:00-04:00,lower,skipped,simultaneous_collision,flat,inactive,,,,,,,,
71_lower,2023-09-08,2023-09-08 10:00:00-04:00,2023-10-06 10:00:00-04:00,2023-09-13 08:30:00-04:00,lower,skipped,simultaneous_collision,flat,inactive,,,,,,,,
69_lower,2023-09-13,2023-09-06 10:00:00-04:00,2023-10-04 10:00:00-04:00,2023-09-13 08:30:00-04:00,lower,executed,,flat,inactive,2023-09-13 08:30:00-04:00,2023-09-13 08:33:00-04:00,1929.3911139916004,1932.0911139916007,1.800000000000182,2.700000000000273,TP,2.700000000000273
61_lower,2023-08-25,2023-08-25 10:00:00-04:00,2023-09-22 10:00:00-04:00,2023-09-14 08:30:00-04:00,lower,skipped,simultaneous_collision,flat,inactive,,,,,,,,
62_lower,2023-08-28,2023-08-28 10:00:00-04:00,2023-09-25 10:00:00-04:00,2023-09-14 08:30:00-04:00,lower,skipped,simultaneous_collision,flat,inactive,,,,,,,,
63_lower,2023-08-29,2023-08-29 10:00:00-04:00,2023-09-26 10:00:00-04:00,2023-09-14 08:30:00-04:00,lower,skipped,simultaneous_collision,flat,inactive,,,,,,,,
60_lower,2023-09-14,2023-08-24 10:00:00-04:00,2023-09-21 10:00:00-04:00,2023-09-14 08:30:00-04:00,lower,executed,,flat,inactive,2023-09-14 08:30:00-04:00,2023-09-14 08:52:00-04:00,1924.069566192668,1926.9195661926678,1.8999999999998636,2.8499999999997954,TP,2.8499999999997954
75_upper,2023-09-15,2023-09-14 10:00:00-04:00,2023-10-12 10:00:00-04:00,2023-09-15 02:21:00-04:00,upper,executed,,flat,inactive,2023-09-15 02:21:00-04:00,2023-09-15 03:06:00-04:00,1940.5182831719274,1938.2682831719274,1.5,2.25,TP,2.25
73_upper,2023-09-15,2023-09-12 10:00:00-04:00,2023-10-10 10:00:00-04:00,2023-09-15 09:25:00-04:00,upper,executed,,flat,inactive,2023-09-15 09:25:00-04:00,2023-09-15 15:00:00-04:00,1947.0186670471455,1945.5,4.699999999999818,7.049999999999727,cutoff,1.5186670471455272
74_upper,2023-09-13,2023-09-13 10:00:00-04:00,2023-10-11 10:00:00-04:00,2023-09-15 10:18:00-04:00,upper,skipped,position_open,open,inactive,,,,,,,,
76_upper,2023-09-15,2023-09-15 10:00:00-04:00,2023-10-13 10:00:00-04:00,2023-09-20 09:44:00-04:00,upper,skipped,simultaneous_collision,flat,inactive,,,,,,,,
70_upper,2023-09-20,2023-09-07 10:00:00-04:00,2023-10-05 10:00:00-04:00,2023-09-20 09:44:00-04:00,upper,executed,,flat,inactive,2023-09-20 09:44:00-04:00,2023-09-20 11:13:00-04:00,1961.4668989698794,1966.7168989698794,3.5,5.25,SL,-5.25
77_upper,2023-09-18,2023-09-18 10:00:00-04:00,2023-10-16 10:00:00-04:00,2023-09-20 09:46:00-04:00,upper,skipped,position_open,open,active,,,,,,,,
71_upper,2023-09-08,2023-09-08 10:00:00-04:00,2023-10-06 10:00:00-04:00,2023-09-20 12:52:00-04:00,upper,skipped,blocked_time,n/a,n/a,,,,,,,,
69_upper,2023-09-06,2023-09-06 10:00:00-04:00,2023-10-04 10:00:00-04:00,2023-09-20 12:53:00-04:00,upper,skipped,blocked_time,n/a,n/a,,,,,,,,
78_lower,2023-09-21,2023-09-19 10:00:00-04:00,2023-10-17 10:00:00-04:00,2023-09-21 07:23:00-04:00,lower,executed,,flat,inactive,2023-09-21 07:23:00-04:00,2023-09-21 08:08:00-04:00,1941.1050644102231,1937.505064410223,2.400000000000091,3.6000000000001364,SL,-3.6000000000001364
79_lower,2023-09-20,2023-09-20 10:00:00-04:00,2023-10-18 10:00:00-04:00,2023-09-21 08:18:00-04:00,lower,skipped,SAL,n/a,active,,,,,,,,
77_lower,2023-09-26,2023-09-18 10:00:00-04:00,2023-10-16 10:00:00-04:00,2023-09-25 20:57:00-04:00,lower,executed,,flat,inactive,2023-09-25 20:57:00-04:00,2023-09-25 21:02:00-04:00,1932.6702230783715,1933.7202230783714,0.7000000000000455,1.0500000000000682,TP,1.0500000000000682
76_lower,2023-09-26,2023-09-15 10:00:00-04:00,2023-10-13 10:00:00-04:00,2023-09-26 02:17:00-04:00,lower,executed,,flat,inactive,2023-09-26 02:17:00-04:00,2023-09-26 03:00:00-04:00,1931.4144536919691,1928.8644536919692,1.7000000000000455,2.550000000000068,SL,-2.5499999999999545
81_lower,2023-09-22,2023-09-22 10:00:00-04:00,2023-10-20 10:00:00-04:00,2023-09-26 03:00:00-04:00,lower,skipped,SAL,n/a,active,,,,,,,,
82_lower,2023-09-25,2023-09-25 10:00:00-04:00,2023-10-23 10:00:00-04:00,2023-09-26 08:38:00-04:00,lower,skipped,SAL,n/a,active,,,,,,,,
74_lower,2023-09-13,2023-09-13 10:00:00-04:00,2023-10-11 10:00:00-04:00,2023-09-26 11:07:00-04:00,lower,skipped,blocked_time,n/a,n/a,,,,,,,,
80_lower,2023-09-21,2023-09-21 10:00:00-04:00,2023-10-19 10:00:00-04:00,2023-09-26 11:07:00-04:00,lower,skipped,blocked_time,n/a,n/a,,,,,,,,
73_lower,2023-09-27,2023-09-12 10:00:00-04:00,2023-10-10 10:00:00-04:00,2023-09-27 00:08:00-04:00,lower,executed,,flat,inactive,2023-09-27 00:08:00-04:00,2023-09-27 00:34:00-04:00,1916.9313329528545,1914.5313329528544,1.6000000000001364,2.4000000000002046,SL,-2.400000000000091
75_lower,2023-09-14,2023-09-14 10:00:00-04:00,2023-10-12 10:00:00-04:00,2023-09-27 08:13:00-04:00,lower,skipped,SAL,n/a,active,,,,,,,,
83_lower,2023-09-26,2023-09-26 10:00:00-04:00,2023-10-24 10:00:00-04:00,2023-09-27 08:30:00-04:00,lower,skipped,SAL,n/a,active,,,,,,,,
84_lower,2023-09-28,2023-09-27 10:00:00-04:00,2023-10-25 10:00:00-04:00,2023-09-28 10:31:00-04:00,lower,executed,,flat,inactive,2023-09-28 10:31:00-04:00,2023-09-28 11:10:00-04:00,1887.315777745765,1878.0157777457648,6.2000000000000455,9.300000000000068,SL,-9.300000000000182
85_lower,2023-09-28,2023-09-28 10:00:00-04:00,2023-10-26 10:00:00-04:00,2023-09-29 11:09:00-04:00,lower,skipped,blocked_time,n/a,n/a,,,,,,,,
86_lower,2023-09-29,2023-09-29 10:00:00-04:00,2023-10-27 10:00:00-04:00,2023-09-29 11:19:00-04:00,lower,skipped,blocked_time,n/a,n/a,,,,,,,,
87_lower,2023-10-03,2023-10-02 10:00:00-04:00,2023-10-30 10:00:00-04:00,2023-10-02 22:31:00-04:00,lower,executed,,flat,inactive,2023-10-02 22:31:00-04:00,2023-10-02 23:57:00-04:00,1832.3235888830536,1836.2235888830535,2.599999999999909,3.8999999999998636,TP,3.8999999999998636
88_upper,2023-10-03,2023-10-03 10:00:00-04:00,2023-10-31 10:00:00-04:00,2023-10-08 18:00:00-04:00,upper,skipped,no_anchor,n/a,n/a,,,,,,,,
89_upper,2023-10-04,2023-10-04 10:00:00-04:00,2023-11-01 10:00:00-04:00,2023-10-08 18:00:00-04:00,upper,skipped,no_anchor,n/a,n/a,,,,,,,,
90_upper,2023-10-05,2023-10-05 10:00:00-04:00,2023-11-02 10:00:00-04:00,2023-10-08 18:00:00-04:00,upper,skipped,no_anchor,n/a,n/a,,,,,,,,
91_upper,2023-10-06,2023-10-06 10:00:00-04:00,2023-11-03 10:00:00-04:00,2023-10-08 18:00:00-04:00,upper,skipped,no_anchor,n/a,n/a,,,,,,,,
87_upper,2023-10-02,2023-10-02 10:00:00-04:00,2023-10-30 10:00:00-04:00,2023-10-08 18:03:00-04:00,upper,skipped,no_anchor,n/a,n/a,,,,,,,,
92_upper,2023-10-09,2023-10-09 10:00:00-04:00,2023-11-06 10:00:00-05:00,2023-10-09 15:30:00-04:00,upper,skipped,no_cutoff,n/a,n/a,,,,,,,,
93_upper,2023-10-11,2023-10-10 10:00:00-04:00,2023-11-07 10:00:00-05:00,2023-10-11 06:24:00-04:00,upper,executed,,flat,inactive,2023-10-11 06:24:00-04:00,2023-10-11 08:30:00-04:00,1886.3963490469657,1883.2463490469654,2.1000000000001364,3.1500000000002046,TP,3.1500000000002046
94_upper,2023-10-13,2023-10-11 10:00:00-04:00,2023-11-08 10:00:00-05:00,2023-10-13 06:01:00-04:00,upper,executed,,flat,inactive,2023-10-13 06:01:00-04:00,2023-10-13 07:56:00-04:00,1901.8628255445099,1911.31282554451,6.2999999999999545,9.449999999999932,SL,-9.450000000000045
95_upper,2023-10-12,2023-10-12 10:00:00-04:00,2023-11-09 10:00:00-05:00,2023-10-13 07:25:00-04:00,upper,skipped,position_open,open,active,,,,,,,,
86_upper,2023-09-29,2023-09-29 10:00:00-04:00,2023-10-27 10:00:00-04:00,2023-10-13 07:52:00-04:00,upper,skipped,position_open,open,active,,,,,,,,
85_upper,2023-09-28,2023-09-28 10:00:00-04:00,2023-10-26 10:00:00-04:00,2023-10-13 07:54:00-04:00,upper,skipped,position_open,open,active,,,,,,,,
84_upper,2023-09-27,2023-09-27 10:00:00-04:00,2023-10-25 10:00:00-04:00,2023-10-13 08:31:00-04:00,upper,skipped,SAL,n/a,active,,,,,,,,
96_upper,2023-10-13,2023-10-13 10:00:00-04:00,2023-11-10 10:00:00-05:00,2023-10-13 12:59:00-04:00,upper,skipped,blocked_time,n/a,n/a,,,,,,,,
83_upper,2023-09-26,2023-09-26 10:00:00-04:00,2023-10-24 10:00:00-04:00,2023-10-13 13:53:00-04:00,upper,skipped,blocked_time,n/a,n/a,,,,,,,,
97_upper,2023-10-18,2023-10-16 10:00:00-04:00,2023-11-13 10:00:00-05:00,2023-10-17 21:31:00-04:00,upper,executed,,flat,inactive,2023-10-17 21:31:00-04:00,2023-10-18 07:33:00-04:00,1951.5089262786798,1959.60892627868,5.400000000000091,8.100000000000136,SL,-8.100000000000136
80_upper,2023-09-21,2023-09-21 10:00:00-04:00,2023-10-19 10:00:00-04:00,2023-10-17 21:46:00-04:00,upper,skipped,position_open,open,active,,,,,,,,
82_upper,2023-09-25,2023-09-25 10:00:00-04:00,2023-10-23 10:00:00-04:00,2023-10-18 08:03:00-04:00,upper,skipped,SAL,n/a,active,,,,,,,,
98_upper,2023-10-17,2023-10-17 10:00:00-04:00,2023-11-14 10:00:00-05:00,2023-10-18 08:03:00-04:00,upper,skipped,SAL,n/a,active,,,,,,,,
81_upper,2023-09-22,2023-09-22 10:00:00-04:00,2023-10-20 10:00:00-04:00,2023-10-18 09:22:00-04:00,upper,skipped,SAL,n/a,active,,,,,,,,
100_upper,2023-10-19,2023-10-19 10:00:00-04:00,2023-11-16 10:00:00-05:00,2023-10-19 14:01:00-04:00,upper,skipped,blocked_time,n/a,n/a,,,,,,,,
99_upper,2023-10-20,2023-10-18 10:00:00-04:00,2023-11-15 10:00:00-05:00,2023-10-19 19:31:00-04:00,upper,executed,,flat,inactive,2023-10-19 19:31:00-04:00,2023-10-19 21:05:00-04:00,1990.972649282352,1984.972649282352,4.0,6.0,TP,6.0
101_lower,2023-10-24,2023-10-20 10:00:00-04:00,2023-11-17 10:00:00-05:00,2023-10-24 07:04:00-04:00,lower,executed,,flat,inactive,2023-10-24 07:04:00-04:00,2023-10-24 08:20:00-04:00,1965.4169775401697,1975.3169775401695,6.599999999999909,9.899999999999864,TP,9.899999999999864
103_upper,2023-10-25,2023-10-24 10:00:00-04:00,2023-11-21 10:00:00-05:00,2023-10-25 09:52:00-04:00,upper,executed,,flat,inactive,2023-10-25 09:52:00-04:00,2023-10-25 10:07:00-04:00,1996.6772003763426,1989.7772003763428,4.599999999999909,6.899999999999864,TP,6.899999999999864
105_upper,2023-10-26,2023-10-26 10:00:00-04:00,2023-11-23 10:00:00-05:00,2023-10-27 14:06:00-04:00,upper,skipped,blocked_time,n/a,n/a,,,,,,,,
102_upper,2023-10-23,2023-10-23 10:00:00-04:00,2023-11-20 10:00:00-05:00,2023-10-27 14:12:00-04:00,upper,skipped,blocked_time,n/a,n/a,,,,,,,,
106_upper,2023-10-27,2023-10-27 10:00:00-04:00,2023-11-24 10:00:00-05:00,2023-10-27 14:12:00-04:00,upper,skipped,blocked_time,n/a,n/a,,,,,,,,
104_upper,2023-10-25,2023-10-25 10:00:00-04:00,2023-11-22 10:00:00-05:00,2023-10-27 14:15:00-04:00,upper,skipped,blocked_time,n/a,n/a,,,,,,,,
107_lower,2023-10-30,2023-10-30 10:00:00-04:00,2023-11-27 10:00:00-05:00,2023-10-31 14:34:00-04:00,lower,skipped,blocked_time,n/a,n/a,,,,,,,,
108_lower,2023-10-31,2023-10-31 10:00:00-04:00,2023-11-28 10:00:00-05:00,2023-11-01 14:42:00-04:00,lower,skipped,blocked_time,n/a,n/a,,,,,,,,
112_lower,2023-11-06,2023-11-06 10:00:00-05:00,2023-12-04 10:00:00-05:00,2023-11-07 02:17:00-05:00,lower,skipped,simultaneous_collision,flat,inactive,,,,,,,,
111_lower,2023-11-07,2023-11-03 10:00:00-04:00,2023-12-01 10:00:00-05:00,2023-11-07 02:17:00-05:00,lower,executed,,flat,inactive,2023-11-07 02:17:00-05:00,2023-11-07 03:08:00-05:00,1974.8789561278425,1974.8789561278425,2.900000000000091,4.350000000000136,BE,0.0
110_lower,2023-11-02,2023-11-02 10:00:00-04:00,2023-11-30 10:00:00-05:00,2023-11-07 02:23:00-05:00,lower,skipped,position_open,open,inactive,,,,,,,,
106_lower,2023-11-07,2023-10-27 10:00:00-04:00,2023-11-24 10:00:00-05:00,2023-11-07 06:39:00-05:00,lower,executed,,flat,inactive,2023-11-07 06:39:00-05:00,2023-11-07 07:41:00-05:00,1969.585599747294,1965.6855997472942,2.599999999999909,3.8999999999998636,SL,-3.8999999999998636
105_lower,2023-10-26,2023-10-26 10:00:00-04:00,2023-11-23 10:00:00-05:00,2023-11-07 07:26:00-05:00,lower,skipped,position_open,open,active,,,,,,,,
109_lower,2023-11-01,2023-11-01 10:00:00-04:00,2023-11-29 10:00:00-05:00,2023-11-07 07:27:00-05:00,lower,skipped,position_open,open,active,,,,,,,,
104_lower,2023-10-25,2023-10-25 10:00:00-04:00,2023-11-22 10:00:00-05:00,2023-11-07 07:40:00-05:00,lower,skipped,position_open,open,active,,,,,,,,
102_lower,2023-10-23,2023-10-23 10:00:00-04:00,2023-11-20 10:00:00-05:00,2023-11-07 08:16:00-05:00,lower,skipped,SAL,n/a,active,,,,,,,,
113_lower,2023-11-07,2023-11-07 10:00:00-05:00,2023-12-05 10:00:00-05:00,2023-11-09 03:15:00-05:00,lower,skipped,simultaneous_collision,flat,inactive,,,,,,,,
114_lower,2023-11-08,2023-11-08 10:00:00-05:00,2023-12-06 10:00:00-05:00,2023-11-09 03:15:00-05:00,lower,skipped,simultaneous_collision,flat,inactive,,,,,,,,
103_lower,2023-11-09,2023-10-24 10:00:00-04:00,2023-11-21 10:00:00-05:00,2023-11-09 03:15:00-05:00,lower,executed,,flat,inactive,2023-11-09 03:15:00-05:00,2023-11-09 03:19:00-05:00,1951.2727996236574,1948.4227996236577,1.8999999999998636,2.8499999999997954,SL,-2.8499999999996817
100_lower,2023-10-19,2023-10-19 10:00:00-04:00,2023-11-16 10:00:00-05:00,2023-11-10 11:20:00-05:00,lower,skipped,blocked_time,n/a,n/a,,,,,,,,
99_lower,2023-10-18,2023-10-18 10:00:00-04:00,2023-11-15 10:00:00-05:00,2023-11-10 11:36:00-05:00,lower,skipped,blocked_time,n/a,n/a,,,,,,,,
115_lower,2023-11-09,2023-11-09 10:00:00-05:00,2023-12-07 10:00:00-05:00,2023-11-10 13:29:00-05:00,lower,skipped,blocked_time,n/a,n/a,,,,,,,,
117_upper,2023-11-14,2023-11-13 10:00:00-05:00,2023-12-11 10:00:00-05:00,2023-11-14 08:30:00-05:00,upper,executed,,flat,inactive,2023-11-14 08:30:00-05:00,2023-11-14 08:30:00-05:00,1955.2943565559963,1958.1443565559964,1.900000000000091,2.8500000000001364,SL,-2.8500000000001364
116_upper,2023-11-10,2023-11-10 10:00:00-05:00,2023-12-08 10:00:00-05:00,2023-11-14 09:38:00-05:00,upper,skipped,SAL,n/a,active,,,,,,,,
115_upper,2023-11-15,2023-11-09 10:00:00-05:00,2023-12-07 10:00:00-05:00,2023-11-15 08:30:00-05:00,upper,executed,,flat,inactive,2023-11-15 08:30:00-05:00,2023-11-15 08:31:00-05:00,1978.7565575767671,1973.8065575767673,3.2999999999999545,4.949999999999932,TP,4.949999999999932
114_upper,2023-11-16,2023-11-08 10:00:00-05:00,2023-12-06 10:00:00-05:00,2023-11-16 09:49:00-05:00,upper,executed,,flat,inactive,2023-11-16 09:49:00-05:00,2023-11-16 15:00:00-05:00,1985.1882205665236,1986.8,9.599999999999909,14.399999999999864,cutoff,-1.6117794334763857
119_upper,2023-11-15,2023-11-15 10:00:00-05:00,2023-12-13 10:00:00-05:00,2023-11-16 10:19:00-05:00,upper,skipped,position_open,open,active,,,,,,,,
118_upper,2023-11-14,2023-11-14 10:00:00-05:00,2023-12-12 10:00:00-05:00,2023-11-16 11:04:00-05:00,upper,skipped,blocked_time,n/a,n/a,,,,,,,,
113_upper,2023-11-07,2023-11-07 10:00:00-05:00,2023-12-05 10:00:00-05:00,2023-11-16 11:14:00-05:00,upper,skipped,blocked_time,n/a,n/a,,,,,,,,
122_upper,2023-11-21,2023-11-20 10:00:00-05:00,2023-12-18 10:00:00-05:00,2023-11-20 20:16:00-05:00,upper,executed,,flat,inactive,2023-11-20 20:16:00-05:00,2023-11-21 08:30:00-05:00,1989.9747526424533,1998.9747526424533,6.0,9.0,SL,-9.0
120_upper,2023-11-16,2023-11-16 10:00:00-05:00,2023-12-14 10:00:00-05:00,2023-11-21 08:30:00-05:00,upper,skipped,SAL,n/a,active,,,,,,,,
121_upper,2023-11-17,2023-11-17 10:00:00-05:00,2023-12-15 10:00:00-05:00,2023-11-21 09:30:00-05:00,upper,skipped,SAL,n/a,active,,,,,,,,
112_upper,2023-11-06,2023-11-06 10:00:00-05:00,2023-12-04 10:00:00-05:00,2023-11-21 09:53:00-05:00,upper,skipped,SAL,n/a,active,,,,,,,,
125_upper,2023-11-27,2023-11-23 10:00:00-05:00,2023-12-21 10:00:00-05:00,2023-11-26 20:18:00-05:00,upper,executed,,flat,inactive,2023-11-26 20:18:00-05:00,2023-11-26 20:26:00-05:00,2009.5090800688135,2012.9590800688134,2.2999999999999545,3.449999999999932,SL,-3.449999999999818
110_upper,2023-11-02,2023-11-02 10:00:00-04:00,2023-11-30 10:00:00-05:00,2023-11-26 20:26:00-05:00,upper,skipped,SAL,n/a,active,,,,,,,,
126_upper,2023-11-24,2023-11-24 10:00:00-05:00,2023-12-22 10:00:00-05:00,2023-11-26 20:27:00-05:00,upper,skipped,SAL,n/a,active,,,,,,,,
109_upper,2023-11-01,2023-11-01 10:00:00-04:00,2023-11-29 10:00:00-05:00,2023-11-27 19:00:00-05:00,upper,skipped,simultaneous_collision,flat,inactive,,,,,,,,
111_upper,2023-11-03,2023-11-03 10:00:00-04:00,2023-12-01 10:00:00-05:00,2023-11-27 19:00:00-05:00,upper,skipped,simultaneous_collision,flat,inactive,,,,,,,,
123_upper,2023-11-21,2023-11-21 10:00:00-05:00,2023-12-19 10:00:00-05:00,2023-11-27 19:00:00-05:00,upper,skipped,simultaneous_collision,flat,inactive,,,,,,,,
124_upper,2023-11-22,2023-11-22 10:00:00-05:00,2023-12-20 10:00:00-05:00,2023-11-27 19:00:00-05:00,upper,skipped,simultaneous_collision,flat,inactive,,,,,,,,
127_upper,2023-11-27,2023-11-27 10:00:00-05:00,2023-12-26 10:00:00-05:00,2023-11-27 19:00:00-05:00,upper,skipped,simultaneous_collision,flat,inactive,,,,,,,,
108_upper,2023-11-28,2023-10-31 10:00:00-04:00,2023-11-28 10:00:00-05:00,2023-11-27 19:00:00-05:00,upper,executed,,flat,inactive,2023-11-27 19:00:00-05:00,2023-11-27 20:29:00-05:00,2037.3,2034.4499999999998,1.900000000000091,2.8500000000001364,TP,2.8500000000001364
128_upper,2023-11-28,2023-11-28 10:00:00-05:00,2023-12-27 10:00:00-05:00,2023-11-28 18:31:00-05:00,upper,skipped,no_anchor,n/a,n/a,,,,,,,,
130_upper,2023-11-30,2023-11-30 10:00:00-05:00,2023-12-29 10:00:00-05:00,2023-12-01 11:13:00-05:00,upper,skipped,blocked_time,n/a,n/a,,,,,,,,
131_upper,2023-12-01,2023-12-01 10:00:00-05:00,2024-01-02 10:00:00-05:00,2023-12-01 12:13:00-05:00,upper,skipped,blocked_time,n/a,n/a,,,,,,,,
129_upper,2023-11-29,2023-11-29 10:00:00-05:00,2023-12-28 10:00:00-05:00,2023-12-01 12:15:00-05:00,upper,skipped,blocked_time,n/a,n/a,,,,,,,,
129_lower,2023-12-04,2023-11-29 10:00:00-05:00,2023-12-28 10:00:00-05:00,2023-12-04 10:27:00-05:00,lower,executed,,flat,inactive,2023-12-04 10:27:00-05:00,2023-12-04 11:15:00-05:00,2044.2963350374232,2044.2963350374232,15.599999999999909,23.399999999999864,BE,0.0
132_lower,2023-12-04,2023-12-04 10:00:00-05:00,2024-01-03 10:00:00-05:00,2023-12-04 10:33:00-05:00,lower,skipped,position_open,open,inactive,,,,,,,,
131_lower,2023-12-01,2023-12-01 10:00:00-05:00,2024-01-02 10:00:00-05:00,2023-12-05 09:45:00-05:00,lower,skipped,simultaneous_collision,flat,inactive,,,,,,,,
130_lower,2023-12-05,2023-11-30 10:00:00-05:00,2023-12-29 10:00:00-05:00,2023-12-05 09:45:00-05:00,lower,executed,,flat,inactive,2023-12-05 09:45:00-05:00,2023-12-05 15:00:00-05:00,2036.5676163822907,2038.1,6.400000000000091,9.600000000000136,cutoff,1.532383617709229
128_lower,2023-11-28,2023-11-28 10:00:00-05:00,2023-12-27 10:00:00-05:00,2023-12-05 10:52:00-05:00,lower,skipped,position_open,open,inactive,,,,,,,,
135_lower,2023-12-07,2023-12-07 10:00:00-05:00,2024-01-08 10:00:00-05:00,2023-12-08 09:14:00-05:00,lower,skipped,simultaneous_collision,flat,inactive,,,,,,,,
134_lower,2023-12-08,2023-12-06 10:00:00-05:00,2024-01-05 10:00:00-05:00,2023-12-08 09:14:00-05:00,lower,executed,,flat,inactive,2023-12-08 09:14:00-05:00,2023-12-08 15:00:00-05:00,2026.181156999424,2016.0,17.59999999999991,26.399999999999864,cutoff,-10.181156999424047
133_lower,2023-12-05,2023-12-05 10:00:00-05:00,2024-01-04 10:00:00-05:00,2023-12-08 11:58:00-05:00,lower,skipped,blocked_time,n/a,n/a,,,,,,,,
136_lower,2023-12-11,2023-12-08 10:00:00-05:00,2024-01-09 10:00:00-05:00,2023-12-11 10:02:00-05:00,lower,executed,,flat,inactive,2023-12-11 10:02:00-05:00,2023-12-11 15:00:00-05:00,2001.519780108152,1997.5,8.100000000000136,12.150000000000205,cutoff,-4.019780108151963
127_lower,2023-11-27,2023-11-27 10:00:00-05:00,2023-12-26 10:00:00-05:00,2023-12-11 10:36:00-05:00,lower,skipped,position_open,open,active,,,,,,,,
139_upper,2023-12-13,2023-12-13 10:00:00-05:00,2024-01-12 10:00:00-05:00,2023-12-13 14:05:00-05:00,upper,skipped,blocked_time,n/a,n/a,,,,,,,,
138_upper,2023-12-12,2023-12-12 10:00:00-05:00,2024-01-11 10:00:00-05:00,2023-12-13 14:06:00-05:00,upper,skipped,blocked_time,n/a,n/a,,,,,,,,
137_upper,2023-12-11,2023-12-11 10:00:00-05:00,2024-01-10 10:00:00-05:00,2023-12-13 14:23:00-05:00,upper,skipped,blocked_time,n/a,n/a,,,,,,,,
136_upper,2023-12-08,2023-12-08 10:00:00-05:00,2024-01-09 10:00:00-05:00,2023-12-13 18:48:00-05:00,upper,skipped,no_anchor,n/a,n/a,,,,,,,,
140_lower,2023-12-14,2023-12-14 10:00:00-05:00,2024-01-15 10:00:00-05:00,2023-12-15 14:00:00-05:00,lower,skipped,blocked_time,n/a,n/a,,,,,,,,
141_lower,2023-12-15,2023-12-15 10:00:00-05:00,2024-01-16 10:00:00-05:00,2023-12-15 14:31:00-05:00,lower,skipped,blocked_time,n/a,n/a,,,,,,,,
142_upper,2023-12-19,2023-12-18 10:00:00-05:00,2024-01-17 10:00:00-05:00,2023-12-19 09:48:00-05:00,upper,executed,,flat,inactive,2023-12-19 09:48:00-05:00,2023-12-19 15:00:00-05:00,2055.478861629269,2053.2,4.2000000000000455,6.300000000000068,cutoff,2.2788616292691586
133_upper,2023-12-05,2023-12-05 10:00:00-05:00,2024-01-04 10:00:00-05:00,2023-12-21 18:42:00-05:00,upper,skipped,no_anchor,n/a,n/a,,,,,,,,
141_upper,2023-12-15,2023-12-15 10:00:00-05:00,2024-01-16 10:00:00-05:00,2023-12-21 18:47:00-05:00,upper,skipped,no_anchor,n/a,n/a,,,,,,,,
144_upper,2023-12-22,2023-12-20 10:00:00-05:00,2024-01-19 10:00:00-05:00,2023-12-22 05:26:00-05:00,upper,executed,,flat,inactive,2023-12-22 05:26:00-05:00,2023-12-22 06:12:00-05:00,2068.4515673962605,2068.4515673962605,3.199999999999818,4.799999999999727,BE,-0.0
134_upper,2023-12-22,2023-12-06 10:00:00-05:00,2024-01-05 10:00:00-05:00,2023-12-22 06:16:00-05:00,upper,executed,,flat,inactive,2023-12-22 06:16:00-05:00,2023-12-22 07:29:00-05:00,2069.8188430005757,2075.8188430005757,4.0,6.0,SL,-6.0
135_upper,2023-12-07,2023-12-07 10:00:00-05:00,2024-01-08 10:00:00-05:00,2023-12-22 06:24:00-05:00,upper,skipped,position_open,open,active,,,,,,,,
143_upper,2023-12-19,2023-12-19 10:00:00-05:00,2024-01-18 10:00:00-05:00,2023-12-22 06:24:00-05:00,upper,skipped,position_open,open,active,,,,,,,,
145_upper,2023-12-21,2023-12-21 10:00:00-05:00,2024-01-22 10:00:00-05:00,2023-12-22 06:39:00-05:00,upper,skipped,position_open,open,active,,,,,,,,
140_upper,2023-12-14,2023-12-14 10:00:00-05:00,2024-01-15 10:00:00-05:00,2023-12-22 07:31:00-05:00,upper,skipped,SAL,n/a,active,,,,,,,,
132_upper,2023-12-27,2023-12-04 10:00:00-05:00,2024-01-03 10:00:00-05:00,2023-12-27 10:26:00-05:00,upper,executed,,flat,inactive,2023-12-27 10:26:00-05:00,2023-12-27 15:00:00-05:00,2086.9151613005056,2088.9,6.299999999999727,9.44999999999959,cutoff,-1.984838699494503
147_upper,2023-12-26,2023-12-26 10:00:00-05:00,2024-01-24 10:00:00-05:00,2023-12-27 10:39:00-05:00,upper,skipped,position_open,open,active,,,,,,,,
149_lower,2024-01-02,2023-12-28 10:00:00-05:00,2024-01-26 10:00:00-05:00,2024-01-02 10:37:00-05:00,lower,executed,,flat,inactive,2024-01-02 10:37:00-05:00,2024-01-02 15:00:00-05:00,2064.760905490134,2069.7,8.400000000000091,12.600000000000136,cutoff,4.939094509865754
148_lower,2023-12-27,2023-12-27 10:00:00-05:00,2024-01-25 10:00:00-05:00,2024-01-03 06:33:00-05:00,lower,skipped,simultaneous_collision,flat,inactive,,,,,,,,
146_lower,2024-01-03,2023-12-22 10:00:00-05:00,2024-01-23 10:00:00-05:00,2024-01-03 06:33:00-05:00,lower,executed,,flat,inactive,2024-01-03 06:33:00-05:00,2024-01-03 07:06:00-05:00,2059.2165692058566,2052.0165692058563,4.800000000000182,7.200000000000273,SL,-7.200000000000273
151_lower,2024-01-02,2024-01-02 10:00:00-05:00,2024-01-30 10:00:00-05:00,2024-01-03 07:06:00-05:00,lower,skipped,SAL,n/a,active,,,,,,,,
150_lower,2023-12-29,2023-12-29 10:00:00-05:00,2024-01-29 10:00:00-05:00,2024-01-03 07:27:00-05:00,lower,skipped,SAL,n/a,active,,,,,,,,
147_lower,2023-12-26,2023-12-26 10:00:00-05:00,2024-01-24 10:00:00-05:00,2024-01-03 08:47:00-05:00,lower,skipped,SAL,n/a,active,,,,,,,,
145_lower,2024-01-05,2023-12-21 10:00:00-05:00,2024-01-22 10:00:00-05:00,2024-01-05 08:30:00-05:00,lower,executed,,flat,inactive,2024-01-05 08:30:00-05:00,2024-01-05 08:34:00-05:00,2034.3153226164516,2038.2153226164519,2.6000000000001364,3.9000000000002046,TP,3.9000000000002046
153_upper,2024-01-05,2024-01-04 10:00:00-05:00,2024-02-01 10:00:00-05:00,2024-01-05 10:10:00-05:00,upper,executed,,flat,inactive,2024-01-05 10:10:00-05:00,2024-01-05 11:57:00-05:00,2067.825501586671,2051.625501586671,10.800000000000182,16.200000000000273,TP,16.200000000000273
144_lower,2023-12-20,2023-12-20 10:00:00-05:00,2024-01-19 10:00:00-05:00,2024-01-08 06:18:00-05:00,lower,skipped,simultaneous_collision,flat,inactive,,,,,,,,
153_lower,2024-01-04,2024-01-04 10:00:00-05:00,2024-02-01 10:00:00-05:00,2024-01-08 06:18:00-05:00,lower,skipped,simultaneous_collision,flat,inactive,,,,,,,,
154_lower,2024-01-05,2024-01-05 10:00:00-05:00,2024-02-02 10:00:00-05:00,2024-01-08 06:18:00-05:00,lower,skipped,simultaneous_collision,flat,inactive,,,,,,,,
143_lower,2024-01-08,2023-12-19 10:00:00-05:00,2024-01-18 10:00:00-05:00,2024-01-08 06:18:00-05:00,lower,executed,,flat,inactive,2024-01-08 06:18:00-05:00,2024-01-08 06:19:00-05:00,2022.8586073342847,2026.6086073342847,2.5,3.75,TP,3.75
155_upper,2024-01-11,2024-01-08 10:00:00-05:00,2024-02-05 10:00:00-05:00,2024-01-11 08:30:00-05:00,upper,executed,,flat,inactive,2024-01-11 08:30:00-05:00,2024-01-11 08:30:00-05:00,2050.4345504769262,2055.6845504769262,3.5,5.25,SL,-5.25
156_lower,2024-01-09,2024-01-09 10:00:00-05:00,2024-02-06 10:00:00-05:00,2024-01-11 11:24:00-05:00,lower,skipped,blocked_time,n/a,n/a,,,,,,,,
142_lower,2023-12-18,2023-12-18 10:00:00-05:00,2024-01-17 10:00:00-05:00,2024-01-11 11:36:00-05:00,lower,skipped,blocked_time,n/a,n/a,,,,,,,,
152_lower,2024-01-03,2024-01-03 10:00:00-05:00,2024-01-31 10:00:00-05:00,2024-01-11 11:36:00-05:00,lower,skipped,blocked_time,n/a,n/a,,,,,,,,
158_upper,2024-01-11,2024-01-11 10:00:00-05:00,2024-02-08 10:00:00-05:00,2024-01-12 07:08:00-05:00,upper,skipped,simultaneous_collision,flat,inactive,,,,,,,,
157_upper,2024-01-12,2024-01-10 10:00:00-05:00,2024-02-07 10:00:00-05:00,2024-01-12 07:08:00-05:00,upper,executed,,flat,inactive,2024-01-12 07:08:00-05:00,2024-01-12 08:00:00-05:00,2057.1965046767964,2052.2465046767966,3.299999999999727,4.949999999999591,TP,4.949999999999591
156_upper,2024-01-12,2024-01-09 10:00:00-05:00,2024-02-06 10:00:00-05:00,2024-01-12 08:36:00-05:00,upper,executed,,flat,inactive,2024-01-12 08:36:00-05:00,2024-01-12 12:15:00-05:00,2060.7259106246174,2047.9759106246174,8.5,12.75,TP,12.75
159_lower,2024-01-16,2024-01-12 10:00:00-05:00,2024-02-09 10:00:00-05:00,2024-01-16 04:22:00-05:00,lower,executed,,flat,inactive,2024-01-16 04:22:00-05:00,2024-01-16 06:46:00-05:00,2042.4362751900078,2042.4362751900078,8.200000000000045,12.300000000000068,BE,0.0
160_lower,2024-01-16,2024-01-15 10:00:00-05:00,2024-02-12 10:00:00-05:00,2024-01-16 07:13:00-05:00,lower,executed,,flat,inactive,2024-01-16 07:13:00-05:00,2024-01-16 08:12:00-05:00,2039.7386737678812,2039.7386737678812,3.099999999999909,4.649999999999864,BE,0.0
161_lower,2024-01-17,2024-01-16 10:00:00-05:00,2024-02-13 10:00:00-05:00,2024-01-17 00:09:00-05:00,lower,executed,,flat,inactive,2024-01-17 00:09:00-05:00,2024-01-17 01:08:00-05:00,2024.9199754851288,2021.1699754851288,2.5,3.75,SL,-3.75
157_lower,2024-01-10,2024-01-10 10:00:00-05:00,2024-02-07 10:00:00-05:00,2024-01-17 09:59:00-05:00,lower,skipped,SAL,n/a,active,,,,,,,,
158_lower,2024-01-11,2024-01-11 10:00:00-05:00,2024-02-08 10:00:00-05:00,2024-01-17 10:16:00-05:00,lower,skipped,SAL,n/a,active,,,,,,,,
155_lower,2024-01-08,2024-01-08 10:00:00-05:00,2024-02-05 10:00:00-05:00,2024-01-17 13:16:00-05:00,lower,skipped,blocked_time,n/a,n/a,,,,,,,,
163_upper,2024-01-19,2024-01-18 10:00:00-05:00,2024-02-15 10:00:00-05:00,2024-01-19 03:54:00-05:00,upper,executed,,flat,inactive,2024-01-19 03:54:00-05:00,2024-01-19 04:59:00-05:00,2032.0727186747552,2032.0727186747552,6.2000000000000455,9.300000000000068,BE,-0.0
164_lower,2024-01-19,2024-01-19 10:00:00-05:00,2024-02-16 10:00:00-05:00,2024-01-24 14:25:00-05:00,lower,skipped,blocked_time,n/a,n/a,,,,,,,,
167_lower,2024-01-24,2024-01-24 10:00:00-05:00,2024-02-21 10:00:00-05:00,2024-01-25 08:30:00-05:00,lower,skipped,simultaneous_collision,flat,inactive,,,,,,,,
166_lower,2024-01-25,2024-01-23 10:00:00-05:00,2024-02-20 10:00:00-05:00,2024-01-25 08:30:00-05:00,lower,executed,,flat,inactive,2024-01-25 08:30:00-05:00,2024-01-25 08:31:00-05:00,2006.203688747785,2012.653688747785,4.2999999999999545,6.449999999999932,TP,6.449999999999932
169_upper,2024-01-29,2024-01-26 10:00:00-05:00,2024-02-23 10:00:00-05:00,2024-01-28 19:00:00-05:00,upper,executed,,flat,inactive,2024-01-28 19:00:00-05:00,2024-01-28 19:56:00-05:00,2040.0087088758228,2040.0087088758228,7.900000000000091,11.850000000000136,BE,-0.0
168_upper,2024-01-29,2024-01-25 10:00:00-05:00,2024-02-22 10:00:00-05:00,2024-01-28 20:10:00-05:00,upper,executed,,flat,inactive,2024-01-28 20:10:00-05:00,2024-01-28 21:49:00-05:00,2042.3857496091046,2042.3857496091046,2.7999999999999545,4.199999999999932,BE,-0.0
166_upper,2024-01-23,2024-01-23 10:00:00-05:00,2024-02-20 10:00:00-05:00,2024-01-28 20:13:00-05:00,upper,skipped,position_open,open,inactive,,,,,,,,
165_upper,2024-01-29,2024-01-22 10:00:00-05:00,2024-02-19 10:00:00-05:00,2024-01-28 22:01:00-05:00,upper,executed,,flat,inactive,2024-01-28 22:01:00-05:00,2024-01-28 22:48:00-05:00,2043.7286890047073,2043.7286890047073,4.0,6.0,BE,-0.0
162_upper,2024-01-29,2024-01-17 10:00:00-05:00,2024-02-14 10:00:00-05:00,2024-01-29 02:00:00-05:00,upper,executed,,flat,inactive,2024-01-29 02:00:00-05:00,2024-01-29 08:43:00-05:00,2047.6358299303427,2053.9358299303426,4.2000000000000455,6.300000000000068,SL,-6.2999999999999545
164_upper,2024-01-19,2024-01-19 10:00:00-05:00,2024-02-16 10:00:00-05:00,2024-01-29 08:43:00-05:00,upper,skipped,SAL,n/a,active,,,,,,,,
167_upper,2024-01-24,2024-01-24 10:00:00-05:00,2024-02-21 10:00:00-05:00,2024-01-29 08:43:00-05:00,upper,skipped,SAL,n/a,active,,,,,,,,
161_upper,2024-01-30,2024-01-16 10:00:00-05:00,2024-02-13 10:00:00-05:00,2024-01-30 09:19:00-05:00,upper,executed,,flat,inactive,2024-01-30 09:19:00-05:00,2024-01-30 10:06:00-05:00,2063.7300245148713,2056.6800245148715,4.699999999999818,7.049999999999727,TP,7.049999999999727
152_upper,2024-01-31,2024-01-03 10:00:00-05:00,2024-01-31 10:00:00-05:00,2024-01-31 09:46:00-05:00,upper,executed,,flat,inactive,2024-01-31 09:46:00-05:00,2024-01-31 10:32:00-05:00,2071.7511055749246,2071.7511055749246,7.400000000000091,11.100000000000136,BE,-0.0
160_upper,2024-01-15,2024-01-15 10:00:00-05:00,2024-02-12 10:00:00-05:00,2024-01-31 09:53:00-05:00,upper,skipped,position_open,open,inactive,,,,,,,,
170_upper,2024-01-29,2024-01-29 10:00:00-05:00,2024-02-26 10:00:00-05:00,2024-01-31 09:53:00-05:00,upper,skipped,position_open,open,inactive,,,,,,,,
154_upper,2024-01-05,2024-01-05 10:00:00-05:00,2024-02-02 10:00:00-05:00,2024-02-01 11:45:00-05:00,upper,skipped,blocked_time,n/a,n/a,,,,,,,,
171_lower,2024-02-05,2024-01-30 10:00:00-05:00,2024-02-27 10:00:00-05:00,2024-02-05 03:07:00-05:00,lower,executed,,flat,inactive,2024-02-05 03:07:00-05:00,2024-02-05 08:24:00-05:00,2041.3363312282513,2034.2863312282511,4.7000000000000455,7.050000000000068,SL,-7.050000000000182
172_lower,2024-01-31,2024-01-31 10:00:00-05:00,2024-02-28 10:00:00-05:00,2024-02-05 03:17:00-05:00,lower,skipped,position_open,open,active,,,,,,,,
173_lower,2024-02-01,2024-02-01 10:00:00-05:00,2024-02-29 10:00:00-05:00,2024-02-05 03:31:00-05:00,lower,skipped,position_open,open,active,,,,,,,,
175_upper,2024-02-07,2024-02-05 10:00:00-05:00,2024-03-04 10:00:00-05:00,2024-02-07 09:43:00-05:00,upper,executed,,flat,inactive,2024-02-07 09:43:00-05:00,2024-02-07 10:34:00-05:00,2056.659111544062,2056.659111544062,4.5,6.75,BE,-0.0
177_lower,2024-02-12,2024-02-07 10:00:00-05:00,2024-03-06 10:00:00-05:00,2024-02-12 09:34:00-05:00,lower,executed,,flat,inactive,2024-02-12 09:34:00-05:00,2024-02-12 10:45:00-05:00,2026.9327892253298,2026.9327892253298,9.599999999999909,14.399999999999864,BE,0.0
174_lower,2024-02-02,2024-02-02 10:00:00-05:00,2024-03-01 10:00:00-05:00,2024-02-13 08:42:00-05:00,lower,skipped,simultaneous_collision,flat,inactive,,,,,,,,
170_lower,2024-02-13,2024-01-29 10:00:00-05:00,2024-02-26 10:00:00-05:00,2024-02-13 08:42:00-05:00,lower,executed,,flat,inactive,2024-02-13 08:42:00-05:00,2024-02-13 08:47:00-05:00,2024.1992792038372,2021.649279203837,1.7000000000000455,2.550000000000068,SL,-2.550000000000182
176_lower,2024-02-06,2024-02-06 10:00:00-05:00,2024-03-05 10:00:00-05:00,2024-02-13 08:43:00-05:00,lower,skipped,position_open,open,active,,,,,,,,
178_lower,2024-02-08,2024-02-08 10:00:00-05:00,2024-03-07 10:00:00-05:00,2024-02-13 08:43:00-05:00,lower,skipped,position_open,open,active,,,,,,,,
179_lower,2024-02-09,2024-02-09 10:00:00-05:00,2024-03-08 10:00:00-05:00,2024-02-13 08:47:00-05:00,lower,skipped,SAL,n/a,active,,,,,,,,
175_lower,2024-02-05,2024-02-05 10:00:00-05:00,2024-03-04 10:00:00-05:00,2024-02-13 09:10:00-05:00,lower,skipped,SAL,n/a,active,,,,,,,,
180_lower,2024-02-12,2024-02-12 10:00:00-05:00,2024-03-11 10:00:00-04:00,2024-02-13 09:32:00-05:00,lower,skipped,SAL,n/a,active,,,,,,,,
169_lower,2024-01-26,2024-01-26 10:00:00-05:00,2024-02-23 10:00:00-05:00,2024-02-13 20:15:00-05:00,lower,skipped,simultaneous_collision,flat,inactive,,,,,,,,
168_lower,2024-02-14,2024-01-25 10:00:00-05:00,2024-02-22 10:00:00-05:00,2024-02-13 20:15:00-05:00,lower,executed,,flat,inactive,2024-02-13 20:15:00-05:00,2024-02-14 02:06:00-05:00,2002.6142503908954,2002.6142503908954,2.5,3.75,BE,0.0
165_lower,2024-02-14,2024-01-22 10:00:00-05:00,2024-02-19 10:00:00-05:00,2024-02-14 03:13:00-05:00,lower,executed,,flat,inactive,2024-02-14 03:13:00-05:00,2024-02-14 05:55:00-05:00,2000.2213109952925,2005.7713109952924,3.7000000000000455,5.550000000000068,TP,5.550000000000068
182_upper,2024-02-14,2024-02-14 10:00:00-05:00,2024-03-13 10:00:00-04:00,2024-02-16 12:39:00-05:00,upper,skipped,blocked_time,n/a,n/a,,,,,,,,
184_upper,2024-02-19,2024-02-16 10:00:00-05:00,2024-03-15 10:00:00-04:00,2024-02-18 19:58:00-05:00,upper,executed,,flat,inactive,2024-02-18 19:58:00-05:00,2024-02-18 20:49:00-05:00,2030.679496575397,2030.679496575397,4.099999999999909,6.149999999999864,BE,-0.0
181_upper,2024-02-20,2024-02-13 10:00:00-05:00,2024-03-12 10:00:00-04:00,2024-02-20 04:08:00-05:00,upper,executed,,flat,inactive,2024-02-20 04:08:00-05:00,2024-02-20 04:58:00-05:00,2035.053716107088,2035.053716107088,2.5,3.75,BE,-0.0
183_upper,2024-02-20,2024-02-15 10:00:00-05:00,2024-03-14 10:00:00-04:00,2024-02-20 05:35:00-05:00,upper,executed,,flat,inactive,2024-02-20 05:35:00-05:00,2024-02-20 06:36:00-05:00,2038.2745975674572,2038.2745975674572,2.7999999999999545,4.199999999999932,BE,-0.0
185_upper,2024-02-19,2024-02-19 10:00:00-05:00,2024-03-18 10:00:00-04:00,2024-02-23 11:34:00-05:00,upper,skipped,blocked_time,n/a,n/a,,,,,,,,
180_upper,2024-02-12,2024-02-12 10:00:00-05:00,2024-03-11 10:00:00-04:00,2024-02-23 12:00:00-05:00,upper,skipped,blocked_time,n/a,n/a,,,,,,,,
189_upper,2024-02-23,2024-02-23 10:00:00-05:00,2024-03-22 10:00:00-04:00,2024-02-29 08:45:00-05:00,upper,skipped,simultaneous_collision,flat,inactive,,,,,,,,
190_upper,2024-02-26,2024-02-26 10:00:00-05:00,2024-03-25 10:00:00-04:00,2024-02-29 08:45:00-05:00,upper,skipped,simultaneous_collision,flat,inactive,,,,,,,,
188_upper,2024-02-29,2024-02-22 10:00:00-05:00,2024-03-21 10:00:00-04:00,2024-02-29 08:45:00-05:00,upper,executed,,flat,inactive,2024-02-29 08:45:00-05:00,2024-02-29 11:31:00-05:00,2056.407368308116,2052.357368308116,2.7000000000000455,4.050000000000068,TP,4.050000000000068
179_upper,2024-02-09,2024-02-09 10:00:00-05:00,2024-03-08 10:00:00-05:00,2024-02-29 09:00:00-05:00,upper,skipped,position_open,open,inactive,,,,,,,,
187_upper,2024-03-01,2024-02-21 10:00:00-05:00,2024-03-20 10:00:00-04:00,2024-03-01 05:34:00-05:00,upper,executed,,flat,inactive,2024-03-01 05:34:00-05:00,2024-03-01 10:36:00-05:00,2060.5917158308634,2073.3417158308634,8.5,12.75,SL,-12.75
186_upper,2024-02-20,2024-02-20 10:00:00-05:00,2024-03-19 10:00:00-04:00,2024-03-01 05:35:00-05:00,upper,skipped,position_open,open,active,,,,,,,,
192_upper,2024-02-28,2024-02-28 10:00:00-05:00,2024-03-27 10:00:00-04:00,2024-03-01 05:37:00-05:00,upper,skipped,position_open,open,active,,,,,,,,
178_upper,2024-02-08,2024-02-08 10:00:00-05:00,2024-03-07 10:00:00-05:00,2024-03-01 06:38:00-05:00,upper,skipped,position_open,open,active,,,,,,,,
191_upper,2024-02-27,2024-02-27 10:00:00-05:00,2024-03-26 10:00:00-04:00,2024-03-01 06:38:00-05:00,upper,skipped,position_open,open,active,,,,,,,,
176_upper,2024-02-06,2024-02-06 10:00:00-05:00,2024-03-05 10:00:00-05:00,2024-03-01 10:15:00-05:00,upper,skipped,position_open,open,active,,,,,,,,
193_upper,2024-02-29,2024-02-29 10:00:00-05:00,2024-03-28 10:00:00-04:00,2024-03-01 10:48:00-05:00,upper,skipped,SAL,n/a,active,,,,,,,,
177_upper,2024-02-07,2024-02-07 10:00:00-05:00,2024-03-06 10:00:00-05:00,2024-03-01 10:52:00-05:00,upper,skipped,SAL,n/a,active,,,,,,,,
194_upper,2024-03-01,2024-03-01 10:00:00-05:00,2024-04-01 10:00:00-04:00,2024-03-01 11:38:00-05:00,upper,skipped,blocked_time,n/a,n/a,,,,,,,,
195_upper,2024-03-05,2024-03-04 10:00:00-05:00,2024-04-02 10:00:00-04:00,2024-03-05 03:27:00-05:00,upper,executed,,flat,inactive,2024-03-05 03:27:00-05:00,2024-03-05 05:10:00-05:00,2128.7548563767837,2134.3048563767843,3.700000000000273,5.550000000000409,SL,-5.550000000000637
196_upper,2024-03-07,2024-03-05 10:00:00-05:00,2024-04-03 10:00:00-04:00,2024-03-06 23:05:00-05:00,upper,executed,,flat,inactive,2024-03-06 23:05:00-05:00,2024-03-06 23:08:00-05:00,2167.8649849578674,2163.8149849578667,2.700000000000273,4.050000000000409,TP,4.050000000000409
197_upper,2024-03-08,2024-03-06 10:00:00-05:00,2024-04-04 10:00:00-04:00,2024-03-08 03:30:00-05:00,upper,executed,,flat,inactive,2024-03-08 03:30:00-05:00,2024-03-08 03:33:00-05:00,2175.469993831893,2171.119993831893,2.900000000000091,4.350000000000136,TP,4.350000000000136
198_upper,2024-03-08,2024-03-07 10:00:00-05:00,2024-04-05 10:00:00-04:00,2024-03-08 08:31:00-05:00,upper,executed,,flat,inactive,2024-03-08 08:31:00-05:00,2024-03-08 08:32:00-05:00,2185.1103553823355,2190.0603553823357,3.300000000000182,4.950000000000273,SL,-4.950000000000273
199_upper,2024-03-08,2024-03-08 10:00:00-05:00,2024-04-08 10:00:00-04:00,2024-03-08 12:19:00-05:00,upper,skipped,blocked_time,n/a,n/a,,,,,,,,
200_lower,2024-03-12,2024-03-11 10:00:00-04:00,2024-04-09 10:00:00-04:00,2024-03-12 09:36:00-04:00,lower,executed,,flat,inactive,2024-03-12 09:36:00-04:00,2024-03-12 13:46:00-04:00,2162.9102940229577,2162.9102940229577,22.0,33.0,BE,0.0
199_lower,2024-03-18,2024-03-08 10:00:00-05:00,2024-04-08 10:00:00-04:00,2024-03-17 22:46:00-04:00,lower,executed,,flat,inactive,2024-03-17 22:46:00-04:00,2024-03-18 06:34:00-04:00,2151.1254794707174,2161.025479470717,6.599999999999909,9.899999999999864,TP,9.899999999999864
202_lower,2024-03-13,2024-03-13 10:00:00-04:00,2024-04-11 10:00:00-04:00,2024-03-18 00:29:00-04:00,lower,skipped,position_open,open,inactive,,,,,,,,
205_upper,2024-03-18,2024-03-18 10:00:00-04:00,2024-04-16 10:00:00-04:00,2024-03-20 14:07:00-04:00,upper,skipped,blocked_time,n/a,n/a,,,,,,,,
206_upper,2024-03-19,2024-03-19 10:00:00-04:00,2024-04-17 10:00:00-04:00,2024-03-20 14:07:00-04:00,upper,skipped,blocked_time,n/a,n/a,,,,,,,,
207_upper,2024-03-20,2024-03-20 10:00:00-04:00,2024-04-18 10:00:00-04:00,2024-03-20 14:07:00-04:00,upper,skipped,blocked_time,n/a,n/a,,,,,,,,
204_upper,2024-03-15,2024-03-15 10:00:00-04:00,2024-04-15 10:00:00-04:00,2024-03-20 14:49:00-04:00,upper,skipped,blocked_time,n/a,n/a,,,,,,,,
203_upper,2024-03-14,2024-03-14 10:00:00-04:00,2024-04-12 10:00:00-04:00,2024-03-20 14:58:00-04:00,upper,skipped,blocked_time,n/a,n/a,,,,,,,,
201_upper,2024-03-12,2024-03-12 10:00:00-04:00,2024-04-10 10:00:00-04:00,2024-03-20 18:10:00-04:00,upper,skipped,no_anchor,n/a,n/a,,,,,,,,
202_upper,2024-03-13,2024-03-13 10:00:00-04:00,2024-04-11 10:00:00-04:00,2024-03-20 18:10:00-04:00,upper,skipped,no_anchor,n/a,n/a,,,,,,,,
200_upper,2024-03-11,2024-03-11 10:00:00-04:00,2024-04-09 10:00:00-04:00,2024-03-20 18:16:00-04:00,upper,skipped,no_anchor,n/a,n/a,,,,,,,,
208_lower,2024-03-21,2024-03-21 10:00:00-04:00,2024-04-19 10:00:00-04:00,2024-03-21 11:01:00-04:00,lower,skipped,blocked_time,n/a,n/a,,,,,,,,
209_upper,2024-03-26,2024-03-22 10:00:00-04:00,2024-04-22 10:00:00-04:00,2024-03-26 04:19:00-04:00,upper,executed,,flat,inactive,2024-03-26 04:19:00-04:00,2024-03-26 05:13:00-04:00,2197.518228577958,2204.718228577958,4.800000000000182,7.200000000000273,SL,-7.200000000000273
210_upper,2024-03-25,2024-03-25 10:00:00-04:00,2024-04-23 10:00:00-04:00,2024-03-26 04:21:00-04:00,upper,skipped,position_open,open,active,,,,,,,,
208_upper,2024-03-28,2024-03-21 10:00:00-04:00,2024-04-19 10:00:00-04:00,2024-03-28 06:22:00-04:00,upper,executed,,flat,inactive,2024-03-28 06:22:00-04:00,2024-03-28 08:07:00-04:00,2226.498737590751,2235.0487375907505,5.699999999999818,8.549999999999727,SL,-8.549999999999727
212_upper,2024-03-27,2024-03-27 10:00:00-04:00,2024-04-25 10:00:00-04:00,2024-03-28 06:37:00-04:00,upper,skipped,position_open,open,active,,,,,,,,
211_upper,2024-03-26,2024-03-26 10:00:00-04:00,2024-04-24 10:00:00-04:00,2024-03-28 06:50:00-04:00,upper,skipped,position_open,open,active,,,,,,,,
213_upper,2024-03-28,2024-03-28 10:00:00-04:00,2024-04-26 10:00:00-04:00,2024-03-28 16:49:00-04:00,upper,skipped,no_cutoff,n/a,n/a,,,,,,,,
214_upper,2024-04-01,2024-04-01 10:00:00-04:00,2024-04-29 10:00:00-04:00,2024-04-02 15:54:00-04:00,upper,skipped,no_cutoff,n/a,n/a,,,,,,,,
215_upper,2024-04-02,2024-04-02 10:00:00-04:00,2024-04-30 10:00:00-04:00,2024-04-02 18:17:00-04:00,upper,skipped,no_anchor,n/a,n/a,,,,,,,,
216_upper,2024-04-04,2024-04-03 10:00:00-04:00,2024-05-01 10:00:00-04:00,2024-04-03 21:00:00-04:00,upper,executed,,flat,inactive,2024-04-03 21:00:00-04:00,2024-04-04 01:56:00-04:00,2323.011867390151,2315.361867390151,5.099999999999909,7.649999999999864,TP,7.649999999999864
217_upper,2024-04-05,2024-04-04 10:00:00-04:00,2024-05-02 10:00:00-04:00,2024-04-05 10:28:00-04:00,upper,executed,,flat,inactive,2024-04-05 10:28:00-04:00,2024-04-05 15:00:00-04:00,2330.36031611161,2343.7,16.90000000000009,25.350000000000136,cutoff,-13.339683888390027
218_upper,2024-04-05,2024-04-05 10:00:00-04:00,2024-05-03 10:00:00-04:00,2024-04-05 10:44:00-04:00,upper,skipped,position_open,open,active,,,,,,,,
219_upper,2024-04-09,2024-04-08 10:00:00-04:00,2024-05-06 10:00:00-04:00,2024-04-09 04:38:00-04:00,upper,executed,,flat,inactive,2024-04-09 04:38:00-04:00,2024-04-09 11:56:00-04:00,2377.790488733713,2358.140488733713,13.099999999999909,19.649999999999864,TP,19.649999999999864
220_lower,2024-04-10,2024-04-09 10:00:00-04:00,2024-05-07 10:00:00-04:00,2024-04-10 08:32:00-04:00,lower,executed,,flat,inactive,2024-04-10 08:32:00-04:00,2024-04-10 08:38:00-04:00,2348.8023988005484,2355.852398800548,4.699999999999818,7.049999999999727,TP,7.049999999999727
221_upper,2024-04-10,2024-04-10 10:00:00-04:00,2024-05-08 10:00:00-04:00,2024-04-11 14:05:00-04:00,upper,skipped,blocked_time,n/a,n/a,,,,,,,,
222_upper,2024-04-11,2024-04-11 10:00:00-04:00,2024-05-09 10:00:00-04:00,2024-04-11 15:42:00-04:00,upper,skipped,no_cutoff,n/a,n/a,,,,,,,,
220_upper,2024-04-12,2024-04-09 10:00:00-04:00,2024-05-07 10:00:00-04:00,2024-04-11 21:00:00-04:00,upper,executed,,flat,inactive,2024-04-11 21:00:00-04:00,2024-04-11 21:01:00-04:00,2398.2476011994513,2404.8476011994517,4.400000000000091,6.600000000000136,SL,-6.600000000000364
223_upper,2024-04-12,2024-04-12 10:00:00-04:00,2024-05-10 10:00:00-04:00,2024-04-12 10:58:00-04:00,upper,skipped,SAL,n/a,active,,,,,,,,
223_lower,2024-04-12,2024-04-12 10:00:00-04:00,2024-05-10 10:00:00-04:00,2024-04-12 12:31:00-04:00,lower,skipped,blocked_time,n/a,n/a,,,,,,,,
224_upper,2024-04-15,2024-04-15 10:00:00-04:00,2024-05-13 10:00:00-04:00,2024-04-15 15:09:00-04:00,upper,skipped,no_cutoff,n/a,n/a,,,,,,,,
226_lower,2024-04-17,2024-04-17 10:00:00-04:00,2024-05-15 10:00:00-04:00,2024-04-17 12:45:00-04:00,lower,skipped,blocked_time,n/a,n/a,,,,,,,,
225_upper,2024-04-19,2024-04-16 10:00:00-04:00,2024-05-14 10:00:00-04:00,2024-04-18 21:34:00-04:00,upper,executed,,flat,inactive,2024-04-18 21:34:00-04:00,2024-04-18 21:46:00-04:00,2422.6750916909864,2431.975091690986,6.199999999999818,9.299999999999727,SL,-9.299999999999727
226_upper,2024-04-17,2024-04-17 10:00:00-04:00,2024-05-15 10:00:00-04:00,2024-04-18 21:46:00-04:00,upper,skipped,SAL,n/a,active,,,,,,,,
228_lower,2024-04-22,2024-04-19 10:00:00-04:00,2024-05-17 10:00:00-04:00,2024-04-22 02:46:00-04:00,lower,executed,,flat,inactive,2024-04-22 02:46:00-04:00,2024-04-22 07:02:00-04:00,2369.4037185321354,2369.4037185321354,9.599999999999909,14.399999999999864,BE,0.0
227_lower,2024-04-18,2024-04-18 10:00:00-04:00,2024-05-16 10:00:00-04:00,2024-04-22 02:47:00-04:00,lower,skipped,position_open,open,inactive,,,,,,,,
225_lower,2024-04-22,2024-04-16 10:00:00-04:00,2024-05-14 10:00:00-04:00,2024-04-22 07:18:00-04:00,lower,executed,,flat,inactive,2024-04-22 07:18:00-04:00,2024-04-22 08:01:00-04:00,2360.374908309014,2352.274908309014,5.400000000000091,8.100000000000136,SL,-8.099999999999909
224_lower,2024-04-15,2024-04-15 10:00:00-04:00,2024-05-13 10:00:00-04:00,2024-04-22 14:09:00-04:00,lower,skipped,blocked_time,n/a,n/a,,,,,,,,
222_lower,2024-04-23,2024-04-11 10:00:00-04:00,2024-05-09 10:00:00-04:00,2024-04-22 21:36:00-04:00,lower,executed,,flat,inactive,2024-04-22 21:36:00-04:00,2024-04-22 21:38:00-04:00,2337.2983786164855,2330.848378616485,4.300000000000182,6.450000000000273,SL,-6.450000000000273
219_lower,2024-04-08,2024-04-08 10:00:00-04:00,2024-05-06 10:00:00-04:00,2024-04-22 21:42:00-04:00,lower,skipped,SAL,n/a,active,,,,,,,,
229_lower,2024-04-22,2024-04-22 10:00:00-04:00,2024-05-20 10:00:00-04:00,2024-04-22 21:42:00-04:00,lower,skipped,SAL,n/a,active,,,,,,,,
221_lower,2024-04-10,2024-04-10 10:00:00-04:00,2024-05-08 10:00:00-04:00,2024-04-22 21:52:00-04:00,lower,skipped,SAL,n/a,active,,,,,,,,
232_upper,2024-04-25,2024-04-25 10:00:00-04:00,2024-05-23 10:00:00-04:00,2024-04-25 10:35:00-04:00,upper,executed,,flat,inactive,2024-04-25 10:35:00-04:00,2024-04-25 15:00:00-04:00,2355.98740654073,2345.7,19.899999999999636,29.849999999999454,cutoff,10.28740654072999
231_upper,2024-04-26,2024-04-24 10:00:00-04:00,2024-05-22 10:00:00-04:00,2024-04-26 04:01:00-04:00,upper,executed,,flat,inactive,2024-04-26 04:01:00-04:00,2024-04-26 10:37:00-04:00,2359.8214950561805,2345.1214950561807,9.799999999999727,14.69999999999959,TP,14.69999999999959
233_lower,2024-04-30,2024-04-26 10:00:00-04:00,2024-05-24 10:00:00-04:00,2024-04-30 03:25:00-04:00,lower,executed,,flat,inactive,2024-04-30 03:25:00-04:00,2024-04-30 04:28:00-04:00,2329.360798379579,2322.010798379579,4.900000000000091,7.350000000000136,SL,-7.350000000000364
234_lower,2024-04-29,2024-04-29 10:00:00-04:00,2024-05-27 10:00:00-04:00,2024-04-30 08:30:00-04:00,lower,skipped,SAL,n/a,active,,,,,,,,
231_lower,2024-04-24,2024-04-24 10:00:00-04:00,2024-05-22 10:00:00-04:00,2024-04-30 10:35:00-04:00,lower,skipped,SAL,n/a,active,,,,,,,,
232_lower,2024-04-25,2024-04-25 10:00:00-04:00,2024-05-23 10:00:00-04:00,2024-04-30 10:59:00-04:00,lower,skipped,SAL,n/a,active,,,,,,,,
230_lower,2024-05-01,2024-04-23 10:00:00-04:00,2024-05-21 10:00:00-04:00,2024-04-30 23:21:00-04:00,lower,executed,,flat,inactive,2024-04-30 23:21:00-04:00,2024-05-01 00:15:00-04:00,2294.937991141712,2291.937991141712,2.0,3.0,SL,-3.0
235_lower,2024-04-30,2024-04-30 10:00:00-04:00,2024-05-28 10:00:00-04:00,2024-04-30 23:56:00-04:00,lower,skipped,position_open,open,active,,,,,,,,
236_upper,2024-05-01,2024-05-01 10:00:00-04:00,2024-05-29 10:00:00-04:00,2024-05-01 14:50:00-04:00,upper,skipped,blocked_time,n/a,n/a,,,,,,,,
237_upper,2024-05-03,2024-05-02 10:00:00-04:00,2024-05-30 10:00:00-04:00,2024-05-03 08:30:00-04:00,upper,executed,,flat,inactive,2024-05-03 08:30:00-04:00,2024-05-03 08:30:00-04:00,2324.8245058814623,2330.5245058814617,3.799999999999727,5.699999999999591,SL,-5.699999999999363
218_lower,2024-04-05,2024-04-05 10:00:00-04:00,2024-05-03 10:00:00-04:00,2024-05-03 09:34:00-04:00,lower,skipped,SAL,n/a,active,,,,,,,,
236_lower,2024-05-01,2024-05-01 10:00:00-04:00,2024-05-29 10:00:00-04:00,2024-05-03 09:34:00-04:00,lower,skipped,SAL,n/a,active,,,,,,,,
241_upper,2024-05-09,2024-05-08 10:00:00-04:00,2024-06-05 10:00:00-04:00,2024-05-09 10:08:00-04:00,upper,executed,,flat,inactive,2024-05-09 10:08:00-04:00,2024-05-09 15:00:00-04:00,2337.3678569261424,2344.0,15.599999999999909,23.399999999999864,cutoff,-6.6321430738576055
235_upper,2024-04-30,2024-04-30 10:00:00-04:00,2024-05-28 10:00:00-04:00,2024-05-09 10:14:00-04:00,upper,skipped,position_open,open,active,,,,,,,,
238_upper,2024-05-03,2024-05-03 10:00:00-04:00,2024-05-31 10:00:00-04:00,2024-05-09 10:14:00-04:00,upper,skipped,position_open,open,active,,,,,,,,
240_upper,2024-05-07,2024-05-07 10:00:00-04:00,2024-06-04 10:00:00-04:00,2024-05-09 15:39:00-04:00,upper,skipped,no_cutoff,n/a,n/a,,,,,,,,
242_upper,2024-05-09,2024-05-09 10:00:00-04:00,2024-06-06 10:00:00-04:00,2024-05-09 15:39:00-04:00,upper,skipped,no_cutoff,n/a,n/a,,,,,,,,
239_upper,2024-05-10,2024-05-06 10:00:00-04:00,2024-06-03 10:00:00-04:00,2024-05-09 21:17:00-04:00,upper,executed,,flat,inactive,2024-05-09 21:17:00-04:00,2024-05-09 22:26:00-04:00,2359.526888876271,2354.8768888762716,3.099999999999909,4.649999999999864,TP,4.649999999999864
230_upper,2024-05-10,2024-04-23 10:00:00-04:00,2024-05-21 10:00:00-04:00,2024-05-10 01:44:00-04:00,upper,executed,,flat,inactive,2024-05-10 01:44:00-04:00,2024-05-10 02:42:00-04:00,2365.6120088582884,2370.5620088582887,3.300000000000182,4.950000000000273,SL,-4.950000000000273
234_upper,2024-04-29,2024-04-29 10:00:00-04:00,2024-05-27 10:00:00-04:00,2024-05-10 02:30:00-04:00,upper,skipped,position_open,open,active,,,,,,,,
233_upper,2024-04-26,2024-04-26 10:00:00-04:00,2024-05-24 10:00:00-04:00,2024-05-10 03:02:00-04:00,upper,skipped,SAL,n/a,active,,,,,,,,
229_upper,2024-04-22,2024-04-22 10:00:00-04:00,2024-05-20 10:00:00-04:00,2024-05-10 04:55:00-04:00,upper,skipped,SAL,n/a,active,,,,,,,,
243_lower,2024-05-13,2024-05-10 10:00:00-04:00,2024-06-07 10:00:00-04:00,2024-05-13 02:48:00-04:00,lower,executed,,flat,inactive,2024-05-13 02:48:00-04:00,2024-05-13 03:41:00-04:00,2354.071360586322,2354.071360586322,4.100000000000364,6.150000000000546,BE,0.0
244_upper,2024-05-15,2024-05-13 10:00:00-04:00,2024-06-10 10:00:00-04:00,2024-05-15 04:25:00-04:00,upper,executed,,flat,inactive,2024-05-15 04:25:00-04:00,2024-05-15 08:30:00-04:00,2372.563475878191,2384.413475878191,7.900000000000091,11.850000000000136,SL,-11.849999999999909
245_upper,2024-05-14,2024-05-14 10:00:00-04:00,2024-06-11 10:00:00-04:00,2024-05-15 08:30:00-04:00,upper,skipped,SAL,n/a,active,,,,,,,,
243_upper,2024-05-10,2024-05-10 10:00:00-04:00,2024-06-07 10:00:00-04:00,2024-05-15 13:11:00-04:00,upper,skipped,blocked_time,n/a,n/a,,,,,,,,
246_upper,2024-05-16,2024-05-15 10:00:00-04:00,2024-06-12 10:00:00-04:00,2024-05-15 21:00:00-04:00,upper,executed,,flat,inactive,2024-05-15 21:00:00-04:00,2024-05-15 22:01:00-04:00,2401.4270945013523,2393.9270945013523,5.0,7.5,TP,7.5
247_upper,2024-05-17,2024-05-16 10:00:00-04:00,2024-06-13 10:00:00-04:00,2024-05-17 09:02:00-04:00,upper,executed,,flat,inactive,2024-05-17 09:02:00-04:00,2024-05-17 09:48:00-04:00,2403.1752664528417,2403.1752664528417,7.700000000000273,11.55000000000041,BE,-0.0
248_upper,2024-05-17,2024-05-17 10:00:00-04:00,2024-06-14 10:00:00-04:00,2024-05-17 16:33:00-04:00,upper,skipped,no_cutoff,n/a,n/a,,,,,,,,
250_lower,2024-05-22,2024-05-21 10:00:00-04:00,2024-06-18 10:00:00-04:00,2024-05-22 07:42:00-04:00,lower,executed,,flat,inactive,2024-05-22 07:42:00-04:00,2024-05-22 09:08:00-04:00,2412.3463361540753,2412.3463361540753,5.099999999999909,7.649999999999864,BE,0.0
249_lower,2024-05-22,2024-05-20 10:00:00-04:00,2024-06-17 10:00:00-04:00,2024-05-22 10:14:00-04:00,lower,executed,,flat,inactive,2024-05-22 10:14:00-04:00,2024-05-22 10:31:00-04:00,2397.0485827664993,2385.348582766499,7.800000000000182,11.700000000000273,SL,-11.700000000000273
251_lower,2024-05-22,2024-05-22 10:00:00-04:00,2024-06-19 10:00:00-04:00,2024-05-22 10:19:00-04:00,lower,skipped,position_open,open,active,,,,,,,,
248_lower,2024-05-17,2024-05-17 10:00:00-04:00,2024-06-14 10:00:00-04:00,2024-05-22 14:22:00-04:00,lower,skipped,blocked_time,n/a,n/a,,,,,,,,
247_lower,2024-05-23,2024-05-16 10:00:00-04:00,2024-06-13 10:00:00-04:00,2024-05-23 01:58:00-04:00,lower,executed,,flat,inactive,2024-05-23 01:58:00-04:00,2024-05-23 02:06:00-04:00,2360.224733547158,2363.674733547158,2.300000000000182,3.450000000000273,TP,3.450000000000273
246_lower,2024-05-15,2024-05-15 10:00:00-04:00,2024-06-12 10:00:00-04:00,2024-05-23 13:29:00-04:00,lower,skipped,blocked_time,n/a,n/a,,,,,,,,
252_lower,2024-05-23,2024-05-23 10:00:00-04:00,2024-06-20 10:00:00-04:00,2024-05-23 13:56:00-04:00,lower,skipped,blocked_time,n/a,n/a,,,,,,,,
244_lower,2024-05-13,2024-05-13 10:00:00-04:00,2024-06-10 10:00:00-04:00,2024-05-23 16:35:00-04:00,lower,skipped,no_cutoff,n/a,n/a,,,,,,,,
245_lower,2024-05-14,2024-05-14 10:00:00-04:00,2024-06-11 10:00:00-04:00,2024-05-23 16:35:00-04:00,lower,skipped,no_cutoff,n/a,n/a,,,,,,,,
254_upper,2024-05-27,2024-05-27 10:00:00-04:00,2024-06-24 10:00:00-04:00,2024-05-28 20:00:00-04:00,upper,skipped,simultaneous_collision,flat,inactive,,,,,,,,
253_upper,2024-05-29,2024-05-24 10:00:00-04:00,2024-06-21 10:00:00-04:00,2024-05-28 20:00:00-04:00,upper,executed,,flat,inactive,2024-05-28 20:00:00-04:00,2024-05-28 21:43:00-04:00,2383.3,2379.55,2.5,3.75,TP,3.75
255_upper,2024-05-28,2024-05-28 10:00:00-04:00,2024-06-25 10:00:00-04:00,2024-05-28 20:01:00-04:00,upper,skipped,position_open,open,inactive,,,,,,,,
256_lower,2024-05-30,2024-05-29 10:00:00-04:00,2024-06-26 10:00:00-04:00,2024-05-30 01:49:00-04:00,lower,executed,,flat,inactive,2024-05-30 01:49:00-04:00,2024-05-30 02:26:00-04:00,2345.5233334168265,2349.873333416826,2.899999999999636,4.349999999999454,TP,4.349999999999454
258_lower,2024-05-31,2024-05-31 10:00:00-04:00,2024-06-28 10:00:00-04:00,2024-05-31 13:26:00-04:00,lower,skipped,blocked_time,n/a,n/a,,,,,,,,
257_lower,2024-05-30,2024-05-30 10:00:00-04:00,2024-06-27 10:00:00-04:00,2024-05-31 14:52:00-04:00,lower,skipped,blocked_time,n/a,n/a,,,,,,,,
255_lower,2024-06-03,2024-05-28 10:00:00-04:00,2024-06-25 10:00:00-04:00,2024-06-03 01:44:00-04:00,lower,executed,,flat,inactive,2024-06-03 01:44:00-04:00,2024-06-03 01:55:00-04:00,2336.1598823562845,2340.059882356284,2.599999999999909,3.8999999999998636,TP,3.8999999999998636
260_upper,2024-06-04,2024-06-04 10:00:00-04:00,2024-07-02 10:00:00-04:00,2024-06-05 21:14:00-04:00,upper,skipped,simultaneous_collision,flat,inactive,,,,,,,,
259_upper,2024-06-06,2024-06-03 10:00:00-04:00,2024-07-01 10:00:00-04:00,2024-06-05 21:14:00-04:00,upper,executed,,flat,inactive,2024-06-05 21:14:00-04:00,2024-06-05 21:14:00-04:00,2381.4655033669746,2383.7155033669746,1.5,2.25,SL,-2.25
261_upper,2024-06-05,2024-06-05 10:00:00-04:00,2024-07-03 10:00:00-04:00,2024-06-05 21:26:00-04:00,upper,skipped,SAL,n/a,active,,,,,,,,
252_upper,2024-05-23,2024-05-23 10:00:00-04:00,2024-06-20 10:00:00-04:00,2024-06-05 21:31:00-04:00,upper,skipped,SAL,n/a,active,,,,,,,,
256_upper,2024-05-29,2024-05-29 10:00:00-04:00,2024-06-26 10:00:00-04:00,2024-06-05 21:31:00-04:00,upper,skipped,SAL,n/a,active,,,,,,,,
257_upper,2024-05-30,2024-05-30 10:00:00-04:00,2024-06-27 10:00:00-04:00,2024-06-05 21:31:00-04:00,upper,skipped,SAL,n/a,active,,,,,,,,
258_upper,2024-06-07,2024-05-31 10:00:00-04:00,2024-06-28 10:00:00-04:00,2024-06-06 23:47:00-04:00,upper,executed,,flat,inactive,2024-06-06 23:47:00-04:00,2024-06-07 04:02:00-04:00,2399.1993823076546,2385.549382307655,9.099999999999909,13.649999999999864,TP,13.649999999999864
262_upper,2024-06-06,2024-06-06 10:00:00-04:00,2024-07-04 10:00:00-04:00,2024-06-07 00:30:00-04:00,upper,skipped,position_open,open,inactive,,,,,,,,
262_lower,2024-06-07,2024-06-06 10:00:00-04:00,2024-07-04 10:00:00-04:00,2024-06-07 05:19:00-04:00,lower,executed,,flat,inactive,2024-06-07 05:19:00-04:00,2024-06-07 15:00:00-04:00,2358.932125856313,2317.5,32.0,48.0,cutoff,-41.43212585631318
254_lower,2024-05-27,2024-05-27 10:00:00-04:00,2024-06-24 10:00:00-04:00,2024-06-07 08:30:00-04:00,lower,skipped,position_open,open,active,,,,,,,,
261_lower,2024-06-05,2024-06-05 10:00:00-04:00,2024-07-03 10:00:00-04:00,2024-06-07 08:30:00-04:00,lower,skipped,position_open,open,active,,,,,,,,
259_lower,2024-06-03,2024-06-03 10:00:00-04:00,2024-07-01 10:00:00-04:00,2024-06-07 09:49:00-04:00,lower,skipped,position_open,open,active,,,,,,,,
260_lower,2024-06-04,2024-06-04 10:00:00-04:00,2024-07-02 10:00:00-04:00,2024-06-07 09:51:00-04:00,lower,skipped,position_open,open,active,,,,,,,,
253_lower,2024-05-24,2024-05-24 10:00:00-04:00,2024-06-21 10:00:00-04:00,2024-06-07 12:05:00-04:00,lower,skipped,blocked_time,n/a,n/a,,,,,,,,
263_lower,2024-06-07,2024-06-07 10:00:00-04:00,2024-07-05 10:00:00-04:00,2024-06-07 15:49:00-04:00,lower,skipped,no_cutoff,n/a,n/a,,,,,,,,
264_upper,2024-06-12,2024-06-10 10:00:00-04:00,2024-07-08 10:00:00-04:00,2024-06-12 08:30:00-04:00,upper,executed,,flat,inactive,2024-06-12 08:30:00-04:00,2024-06-12 08:30:00-04:00,2341.438208144117,2345.338208144117,2.599999999999909,3.8999999999998636,SL,-3.899999999999636
265_upper,2024-06-11,2024-06-11 10:00:00-04:00,2024-07-09 10:00:00-04:00,2024-06-12 08:51:00-04:00,upper,skipped,SAL,n/a,active,,,,,,,,
266_lower,2024-06-13,2024-06-12 10:00:00-04:00,2024-07-10 10:00:00-04:00,2024-06-12 21:36:00-04:00,lower,executed,,flat,inactive,2024-06-12 21:36:00-04:00,2024-06-13 01:30:00-04:00,2324.7261936434275,2324.7261936434275,5.700000000000273,8.55000000000041,BE,0.0
268_lower,2024-06-18,2024-06-14 10:00:00-04:00,2024-07-12 10:00:00-04:00,2024-06-18 06:44:00-04:00,lower,executed,,flat,inactive,2024-06-18 06:44:00-04:00,2024-06-18 07:45:00-04:00,2320.9968378863687,2326.3968378863683,3.599999999999909,5.399999999999864,TP,5.399999999999864
269_upper,2024-06-20,2024-06-17 10:00:00-04:00,2024-07-15 10:00:00-04:00,2024-06-20 09:48:00-04:00,upper,executed,,flat,inactive,2024-06-20 09:48:00-04:00,2024-06-20 10:48:00-04:00,2360.0909752959606,2374.790975295961,9.800000000000182,14.700000000000273,SL,-14.700000000000273
267_upper,2024-06-13,2024-06-13 10:00:00-04:00,2024-07-11 10:00:00-04:00,2024-06-20 09:53:00-04:00,upper,skipped,position_open,open,active,,,,,,,,
270_upper,2024-06-18,2024-06-18 10:00:00-04:00,2024-07-16 10:00:00-04:00,2024-06-20 09:53:00-04:00,upper,skipped,position_open,open,active,,,,,,,,
271_upper,2024-06-19,2024-06-19 10:00:00-04:00,2024-07-17 10:00:00-04:00,2024-06-20 09:59:00-04:00,upper,skipped,position_open,open,active,,,,,,,,
268_upper,2024-06-14,2024-06-14 10:00:00-04:00,2024-07-12 10:00:00-04:00,2024-06-20 10:03:00-04:00,upper,skipped,position_open,open,active,,,,,,,,
263_upper,2024-06-07,2024-06-07 10:00:00-04:00,2024-07-05 10:00:00-04:00,2024-06-20 10:21:00-04:00,upper,skipped,position_open,open,active,,,,,,,,
272_upper,2024-06-21,2024-06-20 10:00:00-04:00,2024-07-18 10:00:00-04:00,2024-06-21 04:29:00-04:00,upper,executed,,flat,inactive,2024-06-21 04:29:00-04:00,2024-06-21 07:36:00-04:00,2381.0410617737975,2381.0410617737975,9.5,14.25,BE,-0.0
273_lower,2024-06-21,2024-06-21 10:00:00-04:00,2024-07-19 10:00:00-04:00,2024-06-21 13:28:00-04:00,lower,skipped,blocked_time,n/a,n/a,,,,,,,,
272_lower,2024-06-20,2024-06-20 10:00:00-04:00,2024-07-18 10:00:00-04:00,2024-06-21 14:02:00-04:00,lower,skipped,blocked_time,n/a,n/a,,,,,,,,
271_lower,2024-06-26,2024-06-19 10:00:00-04:00,2024-07-17 10:00:00-04:00,2024-06-25 21:39:00-04:00,lower,executed,,flat,inactive,2024-06-25 21:39:00-04:00,2024-06-26 01:47:00-04:00,2324.668615773876,2324.668615773876,6.300000000000182,9.450000000000273,BE,0.0
274_lower,2024-06-24,2024-06-24 10:00:00-04:00,2024-07-22 10:00:00-04:00,2024-06-25 21:50:00-04:00,lower,skipped,position_open,open,inactive,,,,,,,,
269_lower,2024-06-26,2024-06-17 10:00:00-04:00,2024-07-15 10:00:00-04:00,2024-06-26 07:29:00-04:00,lower,executed,,flat,inactive,2024-06-26 07:29:00-04:00,2024-06-26 09:11:00-04:00,2315.8590247040397,2315.8590247040397,9.599999999999909,14.399999999999864,BE,0.0
275_lower,2024-06-25,2024-06-25 10:00:00-04:00,2024-07-23 10:00:00-04:00,2024-06-26 09:11:00-04:00,lower,skipped,same_bar_reentry,reopen_blocked,inactive,,,,,,,,
265_lower,2024-06-26,2024-06-11 10:00:00-04:00,2024-07-09 10:00:00-04:00,2024-06-26 09:30:00-04:00,lower,executed,,flat,inactive,2024-06-26 09:30:00-04:00,2024-06-26 10:27:00-04:00,2307.7366210564596,2307.7366210564596,8.0,12.0,BE,0.0
270_lower,2024-06-18,2024-06-18 10:00:00-04:00,2024-07-16 10:00:00-04:00,2024-06-26 09:32:00-04:00,lower,skipped,position_open,open,inactive,,,,,,,,
267_lower,2024-06-13,2024-06-13 10:00:00-04:00,2024-07-11 10:00:00-04:00,2024-06-26 09:46:00-04:00,lower,skipped,position_open,open,inactive,,,,,,,,
276_upper,2024-06-27,2024-06-26 10:00:00-04:00,2024-07-24 10:00:00-04:00,2024-06-27 07:56:00-04:00,upper,executed,,flat,inactive,2024-06-27 07:56:00-04:00,2024-06-27 08:39:00-04:00,2328.4952969538963,2333.2952969538965,3.200000000000273,4.800000000000409,SL,-4.800000000000182
277_upper,2024-07-03,2024-06-27 10:00:00-04:00,2024-07-25 10:00:00-04:00,2024-07-03 03:15:00-04:00,upper,executed,,flat,inactive,2024-07-03 03:15:00-04:00,2024-07-03 09:43:00-04:00,2352.481968150146,2366.431968150146,9.300000000000182,13.950000000000273,SL,-13.950000000000273
275_upper,2024-06-25,2024-06-25 10:00:00-04:00,2024-07-23 10:00:00-04:00,2024-07-03 03:57:00-04:00,upper,skipped,position_open,open,active,,,,,,,,
278_upper,2024-06-28,2024-06-28 10:00:00-04:00,2024-07-26 10:00:00-04:00,2024-07-03 08:31:00-04:00,upper,skipped,position_open,open,active,,,,,,,,
279_upper,2024-07-01,2024-07-01 10:00:00-04:00,2024-07-29 10:00:00-04:00,2024-07-03 08:32:00-04:00,upper,skipped,position_open,open,active,,,,,,,,
280_upper,2024-07-02,2024-07-02 10:00:00-04:00,2024-07-30 10:00:00-04:00,2024-07-03 08:32:00-04:00,upper,skipped,position_open,open,active,,,,,,,,
274_upper,2024-06-24,2024-06-24 10:00:00-04:00,2024-07-22 10:00:00-04:00,2024-07-03 08:37:00-04:00,upper,skipped,position_open,open,active,,,,,,,,
282_upper,2024-07-04,2024-07-04 10:00:00-04:00,2024-08-01 10:00:00-04:00,2024-07-05 08:32:00-04:00,upper,skipped,simultaneous_collision,flat,inactive,,,,,,,,
266_upper,2024-07-05,2024-06-12 10:00:00-04:00,2024-07-10 10:00:00-04:00,2024-07-05 08:32:00-04:00,upper,executed,,flat,inactive,2024-07-05 08:32:00-04:00,2024-07-05 08:35:00-04:00,2382.9738063565724,2377.273806356572,3.800000000000182,5.700000000000273,TP,5.700000000000273
281_upper,2024-07-05,2024-07-03 10:00:00-04:00,2024-07-31 10:00:00-04:00,2024-07-05 09:12:00-04:00,upper,executed,,flat,inactive,2024-07-05 09:12:00-04:00,2024-07-05 15:00:00-04:00,2388.152905703361,2400.1,29.199999999999818,43.79999999999973,cutoff,-11.94709429663908
273_upper,2024-06-21,2024-06-21 10:00:00-04:00,2024-07-19 10:00:00-04:00,2024-07-05 11:33:00-04:00,upper,skipped,blocked_time,n/a,n/a,,,,,,,,
283_lower,2024-07-05,2024-07-05 10:00:00-04:00,2024-08-02 10:00:00-04:00,2024-07-08 11:48:00-04:00,lower,skipped,blocked_time,n/a,n/a,,,,,,,,
284_lower,2024-07-08,2024-07-08 10:00:00-04:00,2024-08-05 10:00:00-04:00,2024-07-08 11:48:00-04:00,lower,skipped,blocked_time,n/a,n/a,,,,,,,,
285_upper,2024-07-09,2024-07-09 10:00:00-04:00,2024-08-06 10:00:00-04:00,2024-07-11 08:30:00-04:00,upper,skipped,simultaneous_collision,flat,inactive,,,,,,,,
284_upper,2024-07-11,2024-07-08 10:00:00-04:00,2024-08-05 10:00:00-04:00,2024-07-11 08:30:00-04:00,upper,executed,,flat,inactive,2024-07-11 08:30:00-04:00,2024-07-11 08:37:00-04:00,2402.0106604747843,2408.7606604747843,4.5,6.75,SL,-6.75
283_upper,2024-07-05,2024-07-05 10:00:00-04:00,2024-08-02 10:00:00-04:00,2024-07-11 08:37:00-04:00,upper,skipped,SAL,n/a,active,,,,,,,,
286_upper,2024-07-10,2024-07-10 10:00:00-04:00,2024-08-07 10:00:00-04:00,2024-07-11 08:41:00-04:00,upper,skipped,SAL,n/a,active,,,,,,,,
288_upper,2024-07-15,2024-07-12 10:00:00-04:00,2024-08-09 10:00:00-04:00,2024-07-15 10:51:00-04:00,upper,executed,,flat,inactive,2024-07-15 10:51:00-04:00,2024-07-15 11:27:00-04:00,2430.065274032237,2441.615274032237,7.699999999999818,11.549999999999727,SL,-11.549999999999727
287_upper,2024-07-11,2024-07-11 10:00:00-04:00,2024-08-08 10:00:00-04:00,2024-07-15 11:00:00-04:00,upper,skipped,blocked_time,n/a,n/a,,,,,,,,
289_upper,2024-07-15,2024-07-15 10:00:00-04:00,2024-08-12 10:00:00-04:00,2024-07-15 12:42:00-04:00,upper,skipped,blocked_time,n/a,n/a,,,,,,,,
290_upper,2024-07-16,2024-07-16 10:00:00-04:00,2024-08-13 10:00:00-04:00,2024-07-16 15:51:00-04:00,upper,skipped,no_cutoff,n/a,n/a,,,,,,,,
291_lower,2024-07-17,2024-07-17 10:00:00-04:00,2024-08-14 10:00:00-04:00,2024-07-18 15:06:00-04:00,lower,skipped,no_cutoff,n/a,n/a,,,,,,,,
292_lower,2024-07-19,2024-07-18 10:00:00-04:00,2024-08-15 10:00:00-04:00,2024-07-18 20:03:00-04:00,lower,executed,,flat,inactive,2024-07-18 20:03:00-04:00,2024-07-18 20:12:00-04:00,2438.251367125273,2432.4013671252733,3.900000000000091,5.850000000000136,SL,-5.849999999999909
290_lower,2024-07-16,2024-07-16 10:00:00-04:00,2024-08-13 10:00:00-04:00,2024-07-19 02:13:00-04:00,lower,skipped,SAL,n/a,active,,,,,,,,
289_lower,2024-07-15,2024-07-15 10:00:00-04:00,2024-08-12 10:00:00-04:00,2024-07-19 09:19:00-04:00,lower,skipped,SAL,n/a,active,,,,,,,,
294_upper,2024-07-24,2024-07-22 10:00:00-04:00,2024-08-19 10:00:00-04:00,2024-07-24 09:00:00-04:00,upper,executed,,flat,inactive,2024-07-24 09:00:00-04:00,2024-07-24 09:24:00-04:00,2423.3548121260214,2414.5048121260215,5.900000000000091,8.850000000000136,TP,8.850000000000136
295_upper,2024-07-23,2024-07-23 10:00:00-04:00,2024-08-20 10:00:00-04:00,2024-07-24 10:50:00-04:00,upper,skipped,simultaneous_collision,flat,inactive,,,,,,,,
293_upper,2024-07-24,2024-07-19 10:00:00-04:00,2024-08-16 10:00:00-04:00,2024-07-24 10:50:00-04:00,upper,executed,,flat,inactive,2024-07-24 10:50:00-04:00,2024-07-24 13:55:00-04:00,2429.846130287954,2410.1961302879545,13.099999999999909,19.649999999999864,TP,19.649999999999864
296_lower,2024-07-25,2024-07-24 10:00:00-04:00,2024-08-21 10:00:00-04:00,2024-07-24 21:19:00-04:00,lower,executed,,flat,inactive,2024-07-24 21:19:00-04:00,2024-07-24 21:26:00-04:00,2392.5318732275223,2387.131873227522,3.599999999999909,5.399999999999864,SL,-5.400000000000091
287_lower,2024-07-11,2024-07-11 10:00:00-04:00,2024-08-08 10:00:00-04:00,2024-07-24 21:27:00-04:00,lower,skipped,SAL,n/a,active,,,,,,,,
288_lower,2024-07-12,2024-07-12 10:00:00-04:00,2024-08-09 10:00:00-04:00,2024-07-24 21:38:00-04:00,lower,skipped,SAL,n/a,active,,,,,,,,
295_lower,2024-07-23,2024-07-23 10:00:00-04:00,2024-08-20 10:00:00-04:00,2024-07-24 21:38:00-04:00,lower,skipped,SAL,n/a,active,,,,,,,,
293_lower,2024-07-19,2024-07-19 10:00:00-04:00,2024-08-16 10:00:00-04:00,2024-07-24 21:42:00-04:00,lower,skipped,SAL,n/a,active,,,,,,,,
294_lower,2024-07-22,2024-07-22 10:00:00-04:00,2024-08-19 10:00:00-04:00,2024-07-24 21:42:00-04:00,lower,skipped,SAL,n/a,active,,,,,,,,
286_lower,2024-07-10,2024-07-10 10:00:00-04:00,2024-08-07 10:00:00-04:00,2024-07-24 23:21:00-04:00,lower,skipped,SAL,n/a,active,,,,,,,,
297_upper,2024-07-25,2024-07-25 10:00:00-04:00,2024-08-22 10:00:00-04:00,2024-07-28 18:15:00-04:00,upper,skipped,no_anchor,n/a,n/a,,,,,,,,
298_upper,2024-07-29,2024-07-26 10:00:00-04:00,2024-08-23 10:00:00-04:00,2024-07-28 20:00:00-04:00,upper,executed,,flat,inactive,2024-07-28 20:00:00-04:00,2024-07-28 21:33:00-04:00,2443.7,2437.25,4.299999999999727,6.449999999999591,TP,6.449999999999591
296_upper,2024-07-24,2024-07-24 10:00:00-04:00,2024-08-21 10:00:00-04:00,2024-07-28 20:55:00-04:00,upper,skipped,position_open,open,inactive,,,,,,,,
299_upper,2024-07-31,2024-07-29 10:00:00-04:00,2024-08-26 10:00:00-04:00,2024-07-31 00:46:00-04:00,upper,executed,,flat,inactive,2024-07-31 00:46:00-04:00,2024-07-31 15:00:00-04:00,2465.0599479656717,2479.7,11.800000000000182,17.700000000000273,cutoff,-14.640052034328164
300_upper,2024-07-30,2024-07-30 10:00:00-04:00,2024-08-27 10:00:00-04:00,2024-07-31 02:28:00-04:00,upper,skipped,position_open,open,active,,,,,,,,
292_upper,2024-07-18,2024-07-18 10:00:00-04:00,2024-08-15 10:00:00-04:00,2024-07-31 15:35:00-04:00,upper,skipped,no_cutoff,n/a,n/a,,,,,,,,
301_upper,2024-07-31,2024-07-31 10:00:00-04:00,2024-08-28 10:00:00-04:00,2024-07-31 15:40:00-04:00,upper,skipped,no_cutoff,n/a,n/a,,,,,,,,
291_upper,2024-08-02,2024-07-17 10:00:00-04:00,2024-08-14 10:00:00-04:00,2024-08-02 01:59:00-04:00,upper,executed,,flat,inactive,2024-08-02 01:59:00-04:00,2024-08-02 02:58:00-04:00,2510.6818104332247,2510.6818104332247,6.099999999999909,9.149999999999864,BE,-0.0
303_lower,2024-08-02,2024-08-02 10:00:00-04:00,2024-08-30 10:00:00-04:00,2024-08-02 10:43:00-04:00,lower,executed,,flat,inactive,2024-08-02 10:43:00-04:00,2024-08-02 15:00:00-04:00,2479.5502641369003,2469.8,19.199999999999818,28.799999999999727,cutoff,-9.750264136900114
302_lower,2024-08-01,2024-08-01 10:00:00-04:00,2024-08-29 10:00:00-04:00,2024-08-02 11:07:00-04:00,lower,skipped,blocked_time,n/a,n/a,,,,,,,,
301_lower,2024-08-05,2024-07-31 10:00:00-04:00,2024-08-28 10:00:00-04:00,2024-08-05 07:22:00-04:00,lower,executed,,flat,inactive,2024-08-05 07:22:00-04:00,2024-08-05 08:24:00-04:00,2437.9148073837837,2411.2148073837834,17.800000000000182,26.700000000000273,SL,-26.700000000000273
299_lower,2024-07-29,2024-07-29 10:00:00-04:00,2024-08-26 10:00:00-04:00,2024-08-05 08:24:00-04:00,lower,skipped,SAL,n/a,active,,,,,,,,
300_lower,2024-07-30,2024-07-30 10:00:00-04:00,2024-08-27 10:00:00-04:00,2024-08-05 08:24:00-04:00,lower,skipped,SAL,n/a,active,,,,,,,,
304_upper,2024-08-05,2024-08-05 10:00:00-04:00,2024-09-02 10:00:00-04:00,2024-08-08 14:14:00-04:00,upper,skipped,blocked_time,n/a,n/a,,,,,,,,
306_upper,2024-08-07,2024-08-07 10:00:00-04:00,2024-09-04 10:00:00-04:00,2024-08-09 13:02:00-04:00,upper,skipped,blocked_time,n/a,n/a,,,,,,,,
305_upper,2024-08-12,2024-08-06 10:00:00-04:00,2024-09-03 10:00:00-04:00,2024-08-12 03:16:00-04:00,upper,executed,,flat,inactive,2024-08-12 03:16:00-04:00,2024-08-12 05:21:00-04:00,2478.1010932521594,2483.8010932521593,3.799999999999727,5.699999999999591,SL,-5.699999999999818
307_upper,2024-08-08,2024-08-08 10:00:00-04:00,2024-09-05 10:00:00-04:00,2024-08-12 09:19:00-04:00,upper,skipped,SAL,n/a,active,,,,,,,,
308_upper,2024-08-09,2024-08-09 10:00:00-04:00,2024-09-06 10:00:00-04:00,2024-08-12 12:10:00-04:00,upper,skipped,blocked_time,n/a,n/a,,,,,,,,
310_lower,2024-08-13,2024-08-13 10:00:00-04:00,2024-09-10 10:00:00-04:00,2024-08-14 12:25:00-04:00,lower,skipped,blocked_time,n/a,n/a,,,,,,,,
312_upper,2024-08-16,2024-08-15 10:00:00-04:00,2024-09-12 10:00:00-04:00,2024-08-16 08:50:00-04:00,upper,executed,,flat,inactive,2024-08-16 08:50:00-04:00,2024-08-16 08:58:00-04:00,2517.3615457476913,2529.211545747691,7.900000000000091,11.850000000000136,SL,-11.849999999999909
309_upper,2024-08-12,2024-08-12 10:00:00-04:00,2024-09-09 10:00:00-04:00,2024-08-16 08:52:00-04:00,upper,skipped,position_open,open,active,,,,,,,,
311_upper,2024-08-14,2024-08-14 10:00:00-04:00,2024-09-11 10:00:00-04:00,2024-08-16 08:53:00-04:00,upper,skipped,position_open,open,active,,,,,,,,
302_upper,2024-08-01,2024-08-01 10:00:00-04:00,2024-08-29 10:00:00-04:00,2024-08-16 08:58:00-04:00,upper,skipped,SAL,n/a,active,,,,,,,,
303_upper,2024-08-02,2024-08-02 10:00:00-04:00,2024-08-30 10:00:00-04:00,2024-08-16 14:37:00-04:00,upper,skipped,blocked_time,n/a,n/a,,,,,,,,
310_upper,2024-08-13,2024-08-13 10:00:00-04:00,2024-09-10 10:00:00-04:00,2024-08-16 14:37:00-04:00,upper,skipped,blocked_time,n/a,n/a,,,,,,,,
314_upper,2024-08-20,2024-08-19 10:00:00-04:00,2024-09-16 10:00:00-04:00,2024-08-20 04:04:00-04:00,upper,executed,,flat,inactive,2024-08-20 04:04:00-04:00,2024-08-20 15:00:00-04:00,2556.4488791592967,2551.7,14.399999999999636,21.599999999999454,cutoff,4.748879159296848
313_upper,2024-08-16,2024-08-16 10:00:00-04:00,2024-09-13 10:00:00-04:00,2024-08-20 04:48:00-04:00,upper,skipped,position_open,open,inactive,,,,,,,,
315_lower,2024-08-21,2024-08-20 10:00:00-04:00,2024-09-17 10:00:00-04:00,2024-08-21 09:44:00-04:00,lower,executed,,flat,inactive,2024-08-21 09:44:00-04:00,2024-08-21 10:30:00-04:00,2536.904681373333,2536.904681373333,7.099999999999909,10.649999999999864,BE,0.0
316_lower,2024-08-22,2024-08-21 10:00:00-04:00,2024-09-18 10:00:00-04:00,2024-08-22 10:22:00-04:00,lower,executed,,flat,inactive,2024-08-22 10:22:00-04:00,2024-08-22 15:00:00-04:00,2506.5172894796538,2518.1,19.200000000000273,28.80000000000041,cutoff,11.582710520346154
317_upper,2024-08-26,2024-08-22 10:00:00-04:00,2024-09-19 10:00:00-04:00,2024-08-26 03:36:00-04:00,upper,executed,,flat,inactive,2024-08-26 03:36:00-04:00,2024-08-26 10:01:00-04:00,2556.247336603589,2547.8473366035882,5.600000000000364,8.400000000000546,TP,8.400000000000546
319_lower,2024-08-28,2024-08-26 10:00:00-04:00,2024-09-23 10:00:00-04:00,2024-08-28 08:30:00-04:00,lower,executed,,flat,inactive,2024-08-28 08:30:00-04:00,2024-08-28 09:02:00-04:00,2528.539207708942,2536.1892077089424,5.100000000000364,7.650000000000546,TP,7.650000000000546
323_lower,2024-09-02,2024-08-30 10:00:00-04:00,2024-09-27 10:00:00-04:00,2024-09-01 22:42:00-04:00,lower,executed,,flat,inactive,2024-09-01 22:42:00-04:00,2024-09-02 04:39:00-04:00,2522.7392874216484,2534.7392874216484,8.0,12.0,TP,12.0
322_lower,2024-09-03,2024-08-29 10:00:00-04:00,2024-09-26 10:00:00-04:00,2024-09-03 07:57:00-04:00,lower,executed,,flat,inactive,2024-09-03 07:57:00-04:00,2024-09-03 08:13:00-04:00,2516.4898603622314,2529.539860362231,8.699999999999818,13.049999999999727,TP,13.049999999999727
320_lower,2024-09-03,2024-08-27 10:00:00-04:00,2024-09-24 10:00:00-04:00,2024-09-03 09:40:00-04:00,lower,executed,,flat,inactive,2024-09-03 09:40:00-04:00,2024-09-03 15:00:00-04:00,2514.5412894790848,2520.5,15.199999999999818,22.799999999999727,cutoff,5.958710520915247
321_lower,2024-08-28,2024-08-28 10:00:00-04:00,2024-09-25 10:00:00-04:00,2024-09-03 09:43:00-04:00,lower,skipped,position_open,open,inactive,,,,,,,,
324_lower,2024-09-02,2024-09-02 10:00:00-04:00,2024-09-30 10:00:00-04:00,2024-09-03 09:49:00-04:00,lower,skipped,position_open,open,inactive,,,,,,,,
318_lower,2024-09-04,2024-08-23 10:00:00-04:00,2024-09-20 10:00:00-04:00,2024-09-04 04:54:00-04:00,lower,executed,,flat,inactive,2024-09-04 04:54:00-04:00,2024-09-04 05:53:00-04:00,2503.65870973859,2513.7087097385897,6.699999999999818,10.049999999999727,TP,10.049999999999727
326_upper,2024-09-05,2024-09-04 10:00:00-04:00,2024-10-02 10:00:00-04:00,2024-09-05 08:35:00-04:00,upper,executed,,flat,inactive,2024-09-05 08:35:00-04:00,2024-09-05 09:04:00-04:00,2552.833817009289,2545.4838170092894,4.899999999999636,7.349999999999454,TP,7.349999999999454
325_upper,2024-09-03,2024-09-03 10:00:00-04:00,2024-10-01 10:00:00-04:00,2024-09-06 08:30:00-04:00,upper,skipped,simultaneous_collision,flat,inactive,,,,,,,,
324_upper,2024-09-06,2024-09-02 10:00:00-04:00,2024-09-30 10:00:00-04:00,2024-09-06 08:30:00-04:00,upper,executed,,flat,inactive,2024-09-06 08:30:00-04:00,2024-09-06 09:04:00-04:00,2554.932708980969,2546.3827089809683,5.700000000000273,8.55000000000041,TP,8.55000000000041
327_lower,2024-09-05,2024-09-05 10:00:00-04:00,2024-10-03 10:00:00-04:00,2024-09-06 12:41:00-04:00,lower,skipped,blocked_time,n/a,n/a,,,,,,,,
329_upper,2024-09-12,2024-09-09 10:00:00-04:00,2024-10-07 10:00:00-04:00,2024-09-12 08:45:00-04:00,upper,executed,,flat,inactive,2024-09-12 08:45:00-04:00,2024-09-12 09:10:00-04:00,2559.813502701025,2570.913502701025,7.400000000000091,11.100000000000136,SL,-11.100000000000364
318_upper,2024-08-23,2024-08-23 10:00:00-04:00,2024-09-20 10:00:00-04:00,2024-09-12 09:09:00-04:00,upper,skipped,position_open,open,active,,,,,,,,
331_upper,2024-09-11,2024-09-11 10:00:00-04:00,2024-10-09 10:00:00-04:00,2024-09-12 09:09:00-04:00,upper,skipped,position_open,open,active,,,,,,,,
321_upper,2024-08-28,2024-08-28 10:00:00-04:00,2024-09-25 10:00:00-04:00,2024-09-12 09:10:00-04:00,upper,skipped,SAL,n/a,active,,,,,,,,
328_upper,2024-09-06,2024-09-06 10:00:00-04:00,2024-10-04 10:00:00-04:00,2024-09-12 09:10:00-04:00,upper,skipped,SAL,n/a,active,,,,,,,,
320_upper,2024-08-27,2024-08-27 10:00:00-04:00,2024-09-24 10:00:00-04:00,2024-09-12 09:39:00-04:00,upper,skipped,SAL,n/a,active,,,,,,,,
330_upper,2024-09-10,2024-09-10 10:00:00-04:00,2024-10-08 10:00:00-04:00,2024-09-12 09:39:00-04:00,upper,skipped,SAL,n/a,active,,,,,,,,
316_upper,2024-08-21,2024-08-21 10:00:00-04:00,2024-09-18 10:00:00-04:00,2024-09-12 09:42:00-04:00,upper,skipped,SAL,n/a,active,,,,,,,,
322_upper,2024-08-29,2024-08-29 10:00:00-04:00,2024-09-26 10:00:00-04:00,2024-09-12 09:42:00-04:00,upper,skipped,SAL,n/a,active,,,,,,,,
323_upper,2024-08-30,2024-08-30 10:00:00-04:00,2024-09-27 10:00:00-04:00,2024-09-12 09:42:00-04:00,upper,skipped,SAL,n/a,active,,,,,,,,
327_upper,2024-09-05,2024-09-05 10:00:00-04:00,2024-10-03 10:00:00-04:00,2024-09-12 09:45:00-04:00,upper,skipped,SAL,n/a,active,,,,,,,,
319_upper,2024-09-13,2024-08-26 10:00:00-04:00,2024-09-23 10:00:00-04:00,2024-09-12 20:42:00-04:00,upper,executed,,flat,inactive,2024-09-12 20:42:00-04:00,2024-09-12 21:01:00-04:00,2589.060792291058,2592.060792291058,2.0,3.0,SL,-3.0
315_upper,2024-08-20,2024-08-20 10:00:00-04:00,2024-09-17 10:00:00-04:00,2024-09-12 21:09:00-04:00,upper,skipped,SAL,n/a,active,,,,,,,,
332_upper,2024-09-12,2024-09-12 10:00:00-04:00,2024-10-10 10:00:00-04:00,2024-09-13 08:59:00-04:00,upper,skipped,SAL,n/a,active,,,,,,,,
334_lower,2024-09-16,2024-09-16 10:00:00-04:00,2024-10-14 10:00:00-04:00,2024-09-18 15:21:00-04:00,lower,skipped,no_cutoff,n/a,n/a,,,,,,,,
333_lower,2024-09-13,2024-09-13 10:00:00-04:00,2024-10-11 10:00:00-04:00,2024-09-18 15:45:00-04:00,lower,skipped,no_cutoff,n/a,n/a,,,,,,,,
335_lower,2024-09-17,2024-09-17 10:00:00-04:00,2024-10-15 10:00:00-04:00,2024-09-18 15:49:00-04:00,lower,skipped,no_cutoff,n/a,n/a,,,,,,,,
335_upper,2024-09-20,2024-09-17 10:00:00-04:00,2024-10-15 10:00:00-04:00,2024-09-20 02:51:00-04:00,upper,executed,,flat,inactive,2024-09-20 02:51:00-04:00,2024-09-20 04:36:00-04:00,2631.936693486488,2636.2866934864874,2.899999999999636,4.349999999999454,SL,-4.349999999999454
336_upper,2024-09-18,2024-09-18 10:00:00-04:00,2024-10-16 10:00:00-04:00,2024-09-20 03:08:00-04:00,upper,skipped,position_open,open,active,,,,,,,,
337_upper,2024-09-19,2024-09-19 10:00:00-04:00,2024-10-17 10:00:00-04:00,2024-09-20 03:10:00-04:00,upper,skipped,position_open,open,active,,,,,,,,
333_upper,2024-09-13,2024-09-13 10:00:00-04:00,2024-10-11 10:00:00-04:00,2024-09-20 03:11:00-04:00,upper,skipped,position_open,open,active,,,,,,,,
334_upper,2024-09-16,2024-09-16 10:00:00-04:00,2024-10-14 10:00:00-04:00,2024-09-20 08:02:00-04:00,upper,skipped,SAL,n/a,active,,,,,,,,
338_upper,2024-09-24,2024-09-20 10:00:00-04:00,2024-10-18 10:00:00-04:00,2024-09-24 00:55:00-04:00,upper,executed,,flat,inactive,2024-09-24 00:55:00-04:00,2024-09-24 01:58:00-04:00,2662.0072069673133,2651.057206967313,7.300000000000182,10.950000000000273,TP,10.950000000000273
339_upper,2024-09-23,2024-09-23 10:00:00-04:00,2024-10-21 10:00:00-04:00,2024-09-24 14:22:00-04:00,upper,skipped,blocked_time,n/a,n/a,,,,,,,,
340_upper,2024-09-24,2024-09-24 10:00:00-04:00,2024-10-22 10:00:00-04:00,2024-09-24 15:15:00-04:00,upper,skipped,no_cutoff,n/a,n/a,,,,,,,,
343_lower,2024-09-30,2024-09-27 10:00:00-04:00,2024-10-25 10:00:00-04:00,2024-09-30 06:32:00-04:00,lower,executed,,flat,inactive,2024-09-30 06:32:00-04:00,2024-09-30 07:02:00-04:00,2664.367202384488,2656.4172023844876,5.300000000000182,7.950000000000273,SL,-7.950000000000273
341_lower,2024-09-25,2024-09-25 10:00:00-04:00,2024-10-23 10:00:00-04:00,2024-09-30 06:34:00-04:00,lower,skipped,position_open,open,active,,,,,,,,
342_lower,2024-09-26,2024-09-26 10:00:00-04:00,2024-10-24 10:00:00-04:00,2024-09-30 07:02:00-04:00,lower,skipped,SAL,n/a,active,,,,,,,,
344_upper,2024-10-01,2024-09-30 10:00:00-04:00,2024-10-28 10:00:00-04:00,2024-10-01 09:37:00-04:00,upper,executed,,flat,inactive,2024-10-01 09:37:00-04:00,2024-10-01 11:06:00-04:00,2688.511575646555,2678.6115756465542,6.600000000000364,9.900000000000546,TP,9.900000000000546
346_lower,2024-10-04,2024-10-02 10:00:00-04:00,2024-10-30 10:00:00-04:00,2024-10-04 08:56:00-04:00,lower,executed,,flat,inactive,2024-10-04 08:56:00-04:00,2024-10-04 08:59:00-04:00,2651.7397807631305,2659.6897807631303,5.299999999999727,7.949999999999591,TP,7.949999999999591
348_lower,2024-10-04,2024-10-04 10:00:00-04:00,2024-11-01 10:00:00-04:00,2024-10-08 10:30:00-04:00,lower,skipped,simultaneous_collision,flat,inactive,,,,,,,,
345_lower,2024-10-08,2024-10-01 10:00:00-04:00,2024-10-29 10:00:00-04:00,2024-10-08 10:30:00-04:00,lower,executed,,flat,inactive,2024-10-08 10:30:00-04:00,2024-10-08 11:32:00-04:00,2643.97229631498,2627.02229631498,11.300000000000182,16.950000000000273,SL,-16.950000000000273
349_lower,2024-10-07,2024-10-07 10:00:00-04:00,2024-11-04 10:00:00-05:00,2024-10-08 10:37:00-04:00,lower,skipped,position_open,open,active,,,,,,,,
340_lower,2024-09-24,2024-09-24 10:00:00-04:00,2024-10-22 10:00:00-04:00,2024-10-08 11:06:00-04:00,lower,skipped,blocked_time,n/a,n/a,,,,,,,,
347_lower,2024-10-03,2024-10-03 10:00:00-04:00,2024-10-31 10:00:00-04:00,2024-10-08 11:06:00-04:00,lower,skipped,blocked_time,n/a,n/a,,,,,,,,
344_lower,2024-09-30,2024-09-30 10:00:00-04:00,2024-10-28 10:00:00-04:00,2024-10-08 11:13:00-04:00,lower,skipped,blocked_time,n/a,n/a,,,,,,,,
350_lower,2024-10-08,2024-10-08 10:00:00-04:00,2024-11-05 10:00:00-05:00,2024-10-08 11:14:00-04:00,lower,skipped,blocked_time,n/a,n/a,,,,,,,,
339_lower,2024-09-23,2024-09-23 10:00:00-04:00,2024-10-21 10:00:00-04:00,2024-10-08 11:29:00-04:00,lower,skipped,blocked_time,n/a,n/a,,,,,,,,
351_upper,2024-10-11,2024-10-09 10:00:00-04:00,2024-11-06 10:00:00-05:00,2024-10-10 22:29:00-04:00,upper,executed,,flat,inactive,2024-10-10 22:29:00-04:00,2024-10-11 02:21:00-04:00,2657.024623331733,2664.3746233317333,4.900000000000091,7.350000000000136,SL,-7.350000000000364
352_upper,2024-10-10,2024-10-10 10:00:00-04:00,2024-11-07 10:00:00-05:00,2024-10-11 10:42:00-04:00,upper,skipped,SAL,n/a,active,,,,,,,,
350_upper,2024-10-16,2024-10-08 10:00:00-04:00,2024-11-05 10:00:00-05:00,2024-10-16 01:48:00-04:00,upper,executed,,flat,inactive,2024-10-16 01:48:00-04:00,2024-10-16 02:14:00-04:00,2686.4742713808823,2690.524271380882,2.699999999999818,4.049999999999727,SL,-4.049999999999727
349_upper,2024-10-07,2024-10-07 10:00:00-04:00,2024-11-04 10:00:00-05:00,2024-10-16 02:26:00-04:00,upper,skipped,SAL,n/a,active,,,,,,,,
353_upper,2024-10-11,2024-10-11 10:00:00-04:00,2024-11-08 10:00:00-05:00,2024-10-16 04:51:00-04:00,upper,skipped,SAL,n/a,active,,,,,,,,
355_upper,2024-10-15,2024-10-15 10:00:00-04:00,2024-11-12 10:00:00-05:00,2024-10-16 05:03:00-04:00,upper,skipped,SAL,n/a,active,,,,,,,,
347_upper,2024-10-03,2024-10-03 10:00:00-04:00,2024-10-31 10:00:00-04:00,2024-10-16 05:48:00-04:00,upper,skipped,SAL,n/a,active,,,,,,,,
348_upper,2024-10-04,2024-10-04 10:00:00-04:00,2024-11-01 10:00:00-04:00,2024-10-16 09:01:00-04:00,upper,skipped,SAL,n/a,active,,,,,,,,
354_upper,2024-10-17,2024-10-14 10:00:00-04:00,2024-11-11 10:00:00-05:00,2024-10-17 06:26:00-04:00,upper,executed,,flat,inactive,2024-10-17 06:26:00-04:00,2024-10-17 07:29:00-04:00,2702.988499486216,2702.988499486216,5.400000000000091,8.100000000000136,BE,-0.0
346_upper,2024-10-17,2024-10-02 10:00:00-04:00,2024-10-30 10:00:00-04:00,2024-10-17 10:11:00-04:00,upper,executed,,flat,inactive,2024-10-17 10:11:00-04:00,2024-10-17 15:00:00-04:00,2706.2102192368698,2704.5,12.800000000000182,19.200000000000273,cutoff,1.7102192368697615
341_upper,2024-10-18,2024-09-25 10:00:00-04:00,2024-10-23 10:00:00-04:00,2024-10-17 21:09:00-04:00,upper,executed,,flat,inactive,2024-10-17 21:09:00-04:00,2024-10-17 21:34:00-04:00,2713.0320711111003,2717.2320711111006,2.800000000000182,4.200000000000273,SL,-4.200000000000273
343_upper,2024-09-27,2024-09-27 10:00:00-04:00,2024-10-25 10:00:00-04:00,2024-10-17 21:10:00-04:00,upper,skipped,position_open,open,active,,,,,,,,
345_upper,2024-10-01,2024-10-01 10:00:00-04:00,2024-10-29 10:00:00-04:00,2024-10-17 21:29:00-04:00,upper,skipped,position_open,open,active,,,,,,,,
342_upper,2024-09-26,2024-09-26 10:00:00-04:00,2024-10-24 10:00:00-04:00,2024-10-17 21:35:00-04:00,upper,skipped,SAL,n/a,active,,,,,,,,
356_upper,2024-10-16,2024-10-16 10:00:00-04:00,2024-11-13 10:00:00-05:00,2024-10-18 10:19:00-04:00,upper,skipped,SAL,n/a,active,,,,,,,,
357_upper,2024-10-17,2024-10-17 10:00:00-04:00,2024-11-14 10:00:00-05:00,2024-10-18 10:19:00-04:00,upper,skipped,SAL,n/a,active,,,,,,,,
358_upper,2024-10-22,2024-10-18 10:00:00-04:00,2024-11-15 10:00:00-05:00,2024-10-22 10:53:00-04:00,upper,executed,,flat,inactive,2024-10-22 10:53:00-04:00,2024-10-22 12:42:00-04:00,2756.9047340399025,2756.9047340399025,7.400000000000091,11.100000000000136,BE,-0.0
360_lower,2024-10-22,2024-10-22 10:00:00-04:00,2024-11-19 10:00:00-05:00,2024-10-23 11:14:00-04:00,lower,skipped,blocked_time,n/a,n/a,,,,,,,,
363_upper,2024-10-29,2024-10-25 10:00:00-04:00,2024-11-22 10:00:00-05:00,2024-10-29 09:37:00-04:00,upper,executed,,flat,inactive,2024-10-29 09:37:00-04:00,2024-10-29 10:04:00-04:00,2770.3349809349443,2778.134980934944,5.199999999999818,7.799999999999727,SL,-7.799999999999727
359_upper,2024-10-21,2024-10-21 10:00:00-04:00,2024-11-18 10:00:00-05:00,2024-10-29 10:18:00-04:00,upper,skipped,SAL,n/a,active,,,,,,,,
364_upper,2024-10-28,2024-10-28 10:00:00-04:00,2024-11-25 10:00:00-05:00,2024-10-29 10:18:00-04:00,upper,skipped,SAL,n/a,active,,,,,,,,
361_upper,2024-10-23,2024-10-23 10:00:00-04:00,2024-11-20 10:00:00-05:00,2024-10-29 10:25:00-04:00,upper,skipped,SAL,n/a,active,,,,,,,,
360_upper,2024-10-22,2024-10-22 10:00:00-04:00,2024-11-19 10:00:00-05:00,2024-10-29 13:02:00-04:00,upper,skipped,blocked_time,n/a,n/a,,,,,,,,
362_upper,2024-10-24,2024-10-24 10:00:00-04:00,2024-11-21 10:00:00-05:00,2024-10-29 18:27:00-04:00,upper,skipped,no_anchor,n/a,n/a,,,,,,,,
366_lower,2024-10-31,2024-10-30 10:00:00-04:00,2024-11-27 10:00:00-05:00,2024-10-31 10:37:00-04:00,lower,executed,,flat,inactive,2024-10-31 10:37:00-04:00,2024-10-31 15:00:00-04:00,2755.358553054601,2758.2,19.699999999999818,29.549999999999727,cutoff,2.8414469453987294
367_lower,2024-11-05,2024-10-31 10:00:00-04:00,2024-11-28 10:00:00-05:00,2024-11-04 21:35:00-05:00,lower,executed,,flat,inactive,2024-11-04 21:35:00-05:00,2024-11-04 22:40:00-05:00,2736.297246699686,2741.3972466996865,3.400000000000091,5.100000000000136,TP,5.100000000000136
365_lower,2024-11-06,2024-10-29 10:00:00-04:00,2024-11-26 10:00:00-05:00,2024-11-06 01:26:00-05:00,lower,executed,,flat,inactive,2024-11-06 01:26:00-05:00,2024-11-06 01:33:00-05:00,2732.135160462543,2721.485160462543,7.099999999999909,10.649999999999864,SL,-10.650000000000091
368_lower,2024-11-01,2024-11-01 10:00:00-04:00,2024-11-29 10:00:00-05:00,2024-11-06 01:27:00-05:00,lower,skipped,position_open,open,active,,,,,,,,
364_lower,2024-10-28,2024-10-28 10:00:00-04:00,2024-11-25 10:00:00-05:00,2024-11-06 01:33:00-05:00,lower,skipped,SAL,n/a,active,,,,,,,,
370_lower,2024-11-05,2024-11-05 10:00:00-05:00,2024-12-03 10:00:00-05:00,2024-11-06 01:33:00-05:00,lower,skipped,SAL,n/a,active,,,,,,,,
359_lower,2024-10-21,2024-10-21 10:00:00-04:00,2024-11-18 10:00:00-05:00,2024-11-06 01:34:00-05:00,lower,skipped,SAL,n/a,active,,,,,,,,
361_lower,2024-10-23,2024-10-23 10:00:00-04:00,2024-11-20 10:00:00-05:00,2024-11-06 01:34:00-05:00,lower,skipped,SAL,n/a,active,,,,,,,,
369_lower,2024-11-04,2024-11-04 10:00:00-05:00,2024-12-02 10:00:00-05:00,2024-11-06 01:34:00-05:00,lower,skipped,SAL,n/a,active,,,,,,,,
362_lower,2024-10-24,2024-10-24 10:00:00-04:00,2024-11-21 10:00:00-05:00,2024-11-06 01:35:00-05:00,lower,skipped,SAL,n/a,active,,,,,,,,
363_lower,2024-10-25,2024-10-25 10:00:00-04:00,2024-11-22 10:00:00-05:00,2024-11-06 01:37:00-05:00,lower,skipped,SAL,n/a,active,,,,,,,,
358_lower,2024-10-18,2024-10-18 10:00:00-04:00,2024-11-15 10:00:00-05:00,2024-11-06 08:09:00-05:00,lower,skipped,SAL,n/a,active,,,,,,,,
357_lower,2024-10-17,2024-10-17 10:00:00-04:00,2024-11-14 10:00:00-05:00,2024-11-06 09:04:00-05:00,lower,skipped,SAL,n/a,active,,,,,,,,
356_lower,2024-11-07,2024-10-16 10:00:00-04:00,2024-11-13 10:00:00-05:00,2024-11-06 20:18:00-05:00,lower,executed,,flat,inactive,2024-11-06 20:18:00-05:00,2024-11-06 20:20:00-05:00,2660.3800854157757,2655.4300854157755,3.300000000000182,4.950000000000273,SL,-4.950000000000273
371_upper,2024-11-06,2024-11-06 10:00:00-05:00,2024-12-04 10:00:00-05:00,2024-11-07 09:40:00-05:00,upper,skipped,SAL,n/a,active,,,,,,,,
372_lower,2024-11-11,2024-11-07 10:00:00-05:00,2024-12-05 10:00:00-05:00,2024-11-11 04:20:00-05:00,lower,executed,,flat,inactive,2024-11-11 04:20:00-05:00,2024-11-11 05:17:00-05:00,2673.0639250461395,2679.513925046139,4.299999999999727,6.449999999999591,TP,6.449999999999591
373_lower,2024-11-08,2024-11-08 10:00:00-05:00,2024-12-06 10:00:00-05:00,2024-11-11 04:21:00-05:00,lower,skipped,position_open,open,inactive,,,,,,,,
354_lower,2024-11-11,2024-10-14 10:00:00-04:00,2024-11-11 10:00:00-05:00,2024-11-11 08:54:00-05:00,lower,executed,,flat,inactive,2024-11-11 08:54:00-05:00,2024-11-11 09:31:00-05:00,2641.2615005137845,2630.9115005137846,6.900000000000091,10.350000000000136,SL,-10.349999999999909
355_lower,2024-10-15,2024-10-15 10:00:00-04:00,2024-11-12 10:00:00-05:00,2024-11-11 09:02:00-05:00,lower,skipped,position_open,open,active,,,,,,,,
371_lower,2024-11-06,2024-11-06 10:00:00-05:00,2024-12-04 10:00:00-05:00,2024-11-11 09:29:00-05:00,lower,skipped,position_open,open,active,,,,,,,,
374_lower,2024-11-12,2024-11-11 10:00:00-05:00,2024-12-09 10:00:00-05:00,2024-11-12 02:38:00-05:00,lower,executed,,flat,inactive,2024-11-12 02:38:00-05:00,2024-11-12 04:05:00-05:00,2603.8252575087336,2603.8252575087336,6.800000000000182,10.200000000000273,BE,0.0
375_lower,2024-11-12,2024-11-12 10:00:00-05:00,2024-12-10 10:00:00-05:00,2024-11-13 11:55:00-05:00,lower,skipped,blocked_time,n/a,n/a,,,,,,,,
376_lower,2024-11-13,2024-11-13 10:00:00-05:00,2024-12-11 10:00:00-05:00,2024-11-13 15:04:00-05:00,lower,skipped,no_cutoff,n/a,n/a,,,,,,,,
377_upper,2024-11-18,2024-11-14 10:00:00-05:00,2024-12-12 10:00:00-05:00,2024-11-17 20:22:00-05:00,upper,executed,,flat,inactive,2024-11-17 20:22:00-05:00,2024-11-18 08:31:00-05:00,2593.474692936337,2604.724692936337,7.5,11.25,SL,-11.25
378_upper,2024-11-15,2024-11-15 10:00:00-05:00,2024-12-13 10:00:00-05:00,2024-11-18 08:05:00-05:00,upper,skipped,position_open,open,active,,,,,,,,
379_upper,2024-11-19,2024-11-18 10:00:00-05:00,2024-12-16 10:00:00-05:00,2024-11-19 04:23:00-05:00,upper,executed,,flat,inactive,2024-11-19 04:23:00-05:00,2024-11-19 15:00:00-05:00,2635.4016919973787,2634.6,8.5,12.75,cutoff,0.801691997378839
375_upper,2024-11-20,2024-11-12 10:00:00-05:00,2024-12-10 10:00:00-05:00,2024-11-20 09:35:00-05:00,upper,executed,,flat,inactive,2024-11-20 09:35:00-05:00,2024-11-20 15:00:00-05:00,2647.2373387247108,2653.8,9.699999999999818,14.549999999999727,cutoff,-6.562661275289429
376_upper,2024-11-13,2024-11-13 10:00:00-05:00,2024-12-11 10:00:00-05:00,2024-11-20 10:09:00-05:00,upper,skipped,position_open,open,active,,,,,,,,
380_upper,2024-11-19,2024-11-19 10:00:00-05:00,2024-12-17 10:00:00-05:00,2024-11-20 12:13:00-05:00,upper,skipped,blocked_time,n/a,n/a,,,,,,,,
374_upper,2024-11-21,2024-11-11 10:00:00-05:00,2024-12-09 10:00:00-05:00,2024-11-20 19:43:00-05:00,upper,executed,,flat,inactive,2024-11-20 19:43:00-05:00,2024-11-20 20:58:00-05:00,2660.0747424912665,2654.2247424912666,3.900000000000091,5.850000000000136,TP,5.850000000000136
381_upper,2024-11-21,2024-11-20 10:00:00-05:00,2024-12-18 10:00:00-05:00,2024-11-21 04:02:00-05:00,upper,executed,,flat,inactive,2024-11-21 04:02:00-05:00,2024-11-21 06:14:00-05:00,2673.3999954375204,2673.3999954375204,8.299999999999727,12.44999999999959,BE,-0.0
382_upper,2024-11-22,2024-11-21 10:00:00-05:00,2024-12-19 10:00:00-05:00,2024-11-22 02:48:00-05:00,upper,executed,,flat,inactive,2024-11-22 02:48:00-05:00,2024-11-22 06:00:00-05:00,2699.9951846696076,2711.2451846696076,7.5,11.25,SL,-11.25
383_lower,2024-11-25,2024-11-22 10:00:00-05:00,2024-12-20 10:00:00-05:00,2024-11-25 09:15:00-05:00,lower,executed,,flat,inactive,2024-11-25 09:15:00-05:00,2024-11-25 09:25:00-05:00,2658.8811260586917,2641.6311260586917,11.5,17.25,SL,-17.25
382_lower,2024-11-21,2024-11-21 10:00:00-05:00,2024-12-19 10:00:00-05:00,2024-11-25 09:37:00-05:00,lower,skipped,SAL,n/a,active,,,,,,,,
381_lower,2024-11-20,2024-11-20 10:00:00-05:00,2024-12-18 10:00:00-05:00,2024-11-25 18:42:00-05:00,lower,skipped,no_anchor,n/a,n/a,,,,,,,,
384_lower,2024-11-25,2024-11-25 10:00:00-05:00,2024-12-23 10:00:00-05:00,2024-11-25 18:42:00-05:00,lower,skipped,no_anchor,n/a,n/a,,,,,,,,
385_upper,2024-11-27,2024-11-26 10:00:00-05:00,2024-12-24 10:00:00-05:00,2024-11-26 19:00:00-05:00,upper,executed,,flat,inactive,2024-11-26 19:00:00-05:00,2024-11-26 19:48:00-05:00,2657.7,2652.5999999999995,3.400000000000091,5.100000000000136,TP,5.100000000000136
384_upper,2024-11-27,2024-11-25 10:00:00-05:00,2024-12-23 10:00:00-05:00,2024-11-27 03:54:00-05:00,upper,executed,,flat,inactive,2024-11-27 03:54:00-05:00,2024-11-27 06:06:00-05:00,2676.154397471298,2672.2543974712976,2.600000000000364,3.9000000000005457,TP,3.9000000000005457
386_lower,2024-11-28,2024-11-27 10:00:00-05:00,2024-12-26 10:00:00-05:00,2024-11-27 20:08:00-05:00,lower,executed,,flat,inactive,2024-11-27 20:08:00-05:00,2024-11-27 20:21:00-05:00,2650.8248051129553,2645.724805112956,3.399999999999636,5.099999999999454,SL,-5.099999999999454
388_lower,2024-12-02,2024-11-29 10:00:00-05:00,2024-12-30 10:00:00-05:00,2024-12-01 20:19:00-05:00,lower,executed,,flat,inactive,2024-12-01 20:19:00-05:00,2024-12-01 21:16:00-05:00,2652.2517879233983,2652.2517879233983,17.800000000000182,26.700000000000273,BE,0.0
391_lower,2024-12-04,2024-12-04 10:00:00-05:00,2025-01-03 10:00:00-05:00,2024-12-05 12:13:00-05:00,lower,skipped,blocked_time,n/a,n/a,,,,,,,,
389_lower,2024-12-02,2024-12-02 10:00:00-05:00,2024-12-31 10:00:00-05:00,2024-12-05 20:08:00-05:00,lower,skipped,simultaneous_collision,flat,inactive,,,,,,,,
390_lower,2024-12-03,2024-12-03 10:00:00-05:00,2025-01-02 10:00:00-05:00,2024-12-05 20:08:00-05:00,lower,skipped,simultaneous_collision,flat,inactive,,,,,,,,
392_lower,2024-12-05,2024-12-05 10:00:00-05:00,2025-01-06 10:00:00-05:00,2024-12-05 20:08:00-05:00,lower,skipped,simultaneous_collision,flat,inactive,,,,,,,,
387_lower,2024-12-06,2024-11-28 10:00:00-05:00,2024-12-27 10:00:00-05:00,2024-12-05 20:08:00-05:00,lower,executed,,flat,inactive,2024-12-05 20:08:00-05:00,2024-12-05 22:11:00-05:00,2643.277282499992,2651.0772824999917,5.199999999999818,7.799999999999727,TP,7.799999999999727
393_upper,2024-12-09,2024-12-06 10:00:00-05:00,2025-01-07 10:00:00-05:00,2024-12-09 05:17:00-05:00,upper,executed,,flat,inactive,2024-12-09 05:17:00-05:00,2024-12-09 09:31:00-05:00,2679.640167222456,2692.540167222456,8.599999999999909,12.899999999999864,SL,-12.900000000000091
392_upper,2024-12-05,2024-12-05 10:00:00-05:00,2025-01-06 10:00:00-05:00,2024-12-09 09:32:00-05:00,upper,skipped,SAL,n/a,active,,,,,,,,
387_upper,2024-11-28,2024-11-28 10:00:00-05:00,2024-12-27 10:00:00-05:00,2024-12-09 09:43:00-05:00,upper,skipped,SAL,n/a,active,,,,,,,,
389_upper,2024-12-02,2024-12-02 10:00:00-05:00,2024-12-31 10:00:00-05:00,2024-12-09 09:47:00-05:00,upper,skipped,SAL,n/a,active,,,,,,,,
391_upper,2024-12-04,2024-12-04 10:00:00-05:00,2025-01-03 10:00:00-05:00,2024-12-09 10:12:00-05:00,upper,skipped,SAL,n/a,active,,,,,,,,
386_upper,2024-12-10,2024-11-27 10:00:00-05:00,2024-12-26 10:00:00-05:00,2024-12-10 07:09:00-05:00,upper,executed,,flat,inactive,2024-12-10 07:09:00-05:00,2024-12-10 08:52:00-05:00,2703.025194887045,2703.025194887045,6.0,9.0,BE,-0.0
390_upper,2024-12-10,2024-12-03 10:00:00-05:00,2025-01-02 10:00:00-05:00,2024-12-10 08:56:00-05:00,upper,executed,,flat,inactive,2024-12-10 08:56:00-05:00,2024-12-10 09:55:00-05:00,2704.0714476359612,2716.5214476359615,8.300000000000182,12.450000000000273,SL,-12.450000000000273
388_upper,2024-11-29,2024-11-29 10:00:00-05:00,2024-12-30 10:00:00-05:00,2024-12-10 09:18:00-05:00,upper,skipped,position_open,open,active,,,,,,,,
394_upper,2024-12-09,2024-12-09 10:00:00-05:00,2025-01-08 10:00:00-05:00,2024-12-10 12:00:00-05:00,upper,skipped,blocked_time,n/a,n/a,,,,,,,,
383_upper,2024-11-22,2024-11-22 10:00:00-05:00,2024-12-20 10:00:00-05:00,2024-12-10 18:43:00-05:00,upper,skipped,no_anchor,n/a,n/a,,,,,,,,
395_upper,2024-12-11,2024-12-10 10:00:00-05:00,2025-01-09 10:00:00-05:00,2024-12-10 21:30:00-05:00,upper,executed,,flat,inactive,2024-12-10 21:30:00-05:00,2024-12-10 22:16:00-05:00,2737.8265417936655,2737.8265417936655,7.0,10.5,BE,-0.0
396_lower,2024-12-12,2024-12-11 10:00:00-05:00,2025-01-10 10:00:00-05:00,2024-12-12 10:42:00-05:00,lower,executed,,flat,inactive,2024-12-12 10:42:00-05:00,2024-12-12 15:00:00-05:00,2702.5897865525167,2706.8,23.299999999999727,34.94999999999959,cutoff,4.210213447483511
395_lower,2024-12-13,2024-12-10 10:00:00-05:00,2025-01-09 10:00:00-05:00,2024-12-13 06:16:00-05:00,lower,executed,,flat,inactive,2024-12-13 06:16:00-05:00,2024-12-13 07:44:00-05:00,2684.273458206334,2692.3734582063335,5.399999999999636,8.099999999999454,TP,8.099999999999454
397_lower,2024-12-12,2024-12-12 10:00:00-05:00,2025-01-13 10:00:00-05:00,2024-12-13 07:01:00-05:00,lower,skipped,position_open,open,inactive,,,,,,,,
394_lower,2024-12-09,2024-12-09 10:00:00-05:00,2025-01-08 10:00:00-05:00,2024-12-13 15:46:00-05:00,lower,skipped,no_cutoff,n/a,n/a,,,,,,,,
398_lower,2024-12-17,2024-12-13 10:00:00-05:00,2025-01-14 10:00:00-05:00,2024-12-17 04:36:00-05:00,lower,executed,,flat,inactive,2024-12-17 04:36:00-05:00,2024-12-17 05:46:00-05:00,2654.811363169761,2654.811363169761,15.099999999999909,22.649999999999864,BE,0.0
399_lower,2024-12-17,2024-12-16 10:00:00-05:00,2025-01-15 10:00:00-05:00,2024-12-17 08:51:00-05:00,lower,executed,,flat,inactive,2024-12-17 08:51:00-05:00,2024-12-17 09:52:00-05:00,2650.79905888953,2650.79905888953,5.800000000000182,8.700000000000273,BE,0.0
401_lower,2024-12-18,2024-12-18 10:00:00-05:00,2025-01-17 10:00:00-05:00,2024-12-18 14:47:00-05:00,lower,skipped,blocked_time,n/a,n/a,,,,,,,,
400_lower,2024-12-17,2024-12-17 10:00:00-05:00,2025-01-16 10:00:00-05:00,2024-12-18 14:48:00-05:00,lower,skipped,blocked_time,n/a,n/a,,,,,,,,
393_lower,2024-12-06,2024-12-06 10:00:00-05:00,2025-01-07 10:00:00-05:00,2024-12-18 14:51:00-05:00,lower,skipped,blocked_time,n/a,n/a,,,,,,,,
402_upper,2024-12-20,2024-12-19 10:00:00-05:00,2025-01-20 10:00:00-05:00,2024-12-20 10:36:00-05:00,upper,executed,,flat,inactive,2024-12-20 10:36:00-05:00,2024-12-20 13:48:00-05:00,2648.549250609525,2648.549250609525,12.299999999999727,18.44999999999959,BE,-0.0
406_lower,2024-12-30,2024-12-26 10:00:00-05:00,2025-01-24 10:00:00-05:00,2024-12-30 08:58:00-05:00,lower,executed,,flat,inactive,2024-12-30 08:58:00-05:00,2024-12-30 15:00:00-05:00,2619.0155334302785,2620.3,7.599999999999909,11.399999999999864,cutoff,1.2844665697216442
408_upper,2025-01-02,2024-12-30 10:00:00-05:00,2025-01-28 10:00:00-05:00,2025-01-02 03:46:00-05:00,upper,executed,,flat,inactive,2025-01-02 03:46:00-05:00,2025-01-02 05:08:00-05:00,2649.6623818319727,2644.7123818319724,3.300000000000182,4.950000000000273,TP,4.950000000000273
409_upper,2024-12-31,2024-12-31 10:00:00-05:00,2025-01-29 10:00:00-05:00,2025-01-02 04:02:00-05:00,upper,skipped,position_open,open,inactive,,,,,,,,
407_upper,2025-01-02,2024-12-27 10:00:00-05:00,2025-01-27 10:00:00-05:00,2025-01-02 05:19:00-05:00,upper,executed,,flat,inactive,2025-01-02 05:19:00-05:00,2025-01-02 08:18:00-05:00,2654.2425340714744,2648.2425340714744,4.0,6.0,TP,6.0
405_upper,2024-12-24,2024-12-24 10:00:00-05:00,2025-01-23 10:00:00-05:00,2025-01-02 05:21:00-05:00,upper,skipped,position_open,open,inactive,,,,,,,,
404_upper,2024-12-23,2024-12-23 10:00:00-05:00,2025-01-22 10:00:00-05:00,2025-01-02 05:22:00-05:00,upper,skipped,position_open,open,inactive,,,,,,,,
403_upper,2025-01-02,2024-12-20 10:00:00-05:00,2025-01-21 10:00:00-05:00,2025-01-02 09:47:00-05:00,upper,executed,,flat,inactive,2025-01-02 09:47:00-05:00,2025-01-02 10:33:00-05:00,2664.6137499490487,2664.6137499490487,12.5,18.75,BE,-0.0
406_upper,2025-01-02,2024-12-26 10:00:00-05:00,2025-01-24 10:00:00-05:00,2025-01-02 10:37:00-05:00,upper,executed,,flat,inactive,2025-01-02 10:37:00-05:00,2025-01-02 15:00:00-05:00,2667.1844665697213,2667.8,11.700000000000273,17.55000000000041,cutoff,-0.6155334302789015
401_upper,2024-12-18,2024-12-18 10:00:00-05:00,2025-01-17 10:00:00-05:00,2025-01-02 22:20:00-05:00,upper,skipped,simultaneous_collision,flat,inactive,,,,,,,,
400_upper,2025-01-03,2024-12-17 10:00:00-05:00,2025-01-16 10:00:00-05:00,2025-01-02 22:20:00-05:00,upper,executed,,flat,inactive,2025-01-02 22:20:00-05:00,2025-01-03 02:22:00-05:00,2680.8163255361874,2668.6663255361873,8.099999999999909,12.149999999999864,TP,12.149999999999864
411_lower,2025-01-06,2025-01-03 10:00:00-05:00,2025-01-31 10:00:00-05:00,2025-01-06 08:42:00-05:00,lower,executed,,flat,inactive,2025-01-06 08:42:00-05:00,2025-01-06 09:18:00-05:00,2635.2609822772856,2625.960982277286,6.199999999999818,9.299999999999727,SL,-9.299999999999727
410_lower,2025-01-02,2025-01-02 10:00:00-05:00,2025-01-30 10:00:00-05:00,2025-01-06 08:44:00-05:00,lower,skipped,position_open,open,active,,,,,,,,
412_upper,2025-01-07,2025-01-06 10:00:00-05:00,2025-02-03 10:00:00-05:00,2025-01-07 08:19:00-05:00,upper,executed,,flat,inactive,2025-01-07 08:19:00-05:00,2025-01-07 10:03:00-05:00,2669.2381975931094,2659.4881975931094,6.5,9.75,TP,9.75
410_upper,2025-01-02,2025-01-02 10:00:00-05:00,2025-01-30 10:00:00-05:00,2025-01-08 11:58:00-05:00,upper,skipped,blocked_time,n/a,n/a,,,,,,,,
411_upper,2025-01-09,2025-01-03 10:00:00-05:00,2025-01-31 10:00:00-05:00,2025-01-09 07:34:00-05:00,upper,executed,,flat,inactive,2025-01-09 07:34:00-05:00,2025-01-09 15:00:00-05:00,2691.439017722714,2691.9,9.799999999999727,14.69999999999959,cutoff,-0.46098227728589336
399_upper,2025-01-10,2024-12-16 10:00:00-05:00,2025-01-15 10:00:00-05:00,2025-01-10 01:33:00-05:00,upper,executed,,flat,inactive,2025-01-10 01:33:00-05:00,2025-01-10 02:21:00-05:00,2701.0509411104704,2701.0509411104704,5.199999999999818,7.799999999999727,BE,-0.0
413_upper,2025-01-07,2025-01-07 10:00:00-05:00,2025-02-04 10:00:00-05:00,2025-01-10 01:42:00-05:00,upper,skipped,position_open,open,inactive,,,,,,,,
398_upper,2025-01-10,2024-12-13 10:00:00-05:00,2025-01-14 10:00:00-05:00,2025-01-10 03:21:00-05:00,upper,executed,,flat,inactive,2025-01-10 03:21:00-05:00,2025-01-10 08:30:00-05:00,2703.9386368302394,2694.9386368302394,6.0,9.0,TP,9.0
414_upper,2025-01-08,2025-01-08 10:00:00-05:00,2025-02-05 10:00:00-05:00,2025-01-10 03:24:00-05:00,upper,skipped,position_open,open,inactive,,,,,,,,
415_upper,2025-01-10,2025-01-09 10:00:00-05:00,2025-02-06 10:00:00-05:00,2025-01-10 09:04:00-05:00,upper,executed,,flat,inactive,2025-01-10 09:04:00-05:00,2025-01-10 15:00:00-05:00,2716.871722280926,2715.3,27.40000000000009,41.100000000000136,cutoff,1.5717222809257692
416_lower,2025-01-13,2025-01-10 10:00:00-05:00,2025-02-07 10:00:00-05:00,2025-01-13 07:19:00-05:00,lower,executed,,flat,inactive,2025-01-13 07:19:00-05:00,2025-01-13 08:06:00-05:00,2691.2995998511415,2691.2995998511415,8.400000000000091,12.600000000000136,BE,0.0
418_upper,2025-01-15,2025-01-14 10:00:00-05:00,2025-02-11 10:00:00-05:00,2025-01-15 04:07:00-05:00,upper,executed,,flat,inactive,2025-01-15 04:07:00-05:00,2025-01-15 05:33:00-05:00,2703.4229815340545,2710.9229815340545,5.0,7.5,SL,-7.5
417_upper,2025-01-13,2025-01-13 10:00:00-05:00,2025-02-10 10:00:00-05:00,2025-01-15 08:58:00-05:00,upper,skipped,SAL,n/a,active,,,,,,,,
419_upper,2025-01-16,2025-01-15 10:00:00-05:00,2025-02-12 10:00:00-05:00,2025-01-16 08:43:00-05:00,upper,executed,,flat,inactive,2025-01-16 08:43:00-05:00,2025-01-16 10:59:00-05:00,2744.0858958961903,2751.7358958961904,5.099999999999909,7.649999999999864,SL,-7.650000000000091
420_lower,2025-01-16,2025-01-16 10:00:00-05:00,2025-02-13 10:00:00-05:00,2025-01-20 11:24:00-05:00,lower,skipped,blocked_time,n/a,n/a,,,,,,,,
422_upper,2025-01-20,2025-01-20 10:00:00-05:00,2025-02-17 10:00:00-05:00,2025-01-21 11:19:00-05:00,upper,skipped,blocked_time,n/a,n/a,,,,,,,,
416_upper,2025-01-22,2025-01-10 10:00:00-05:00,2025-02-07 10:00:00-05:00,2025-01-21 19:57:00-05:00,upper,executed,,flat,inactive,2025-01-21 19:57:00-05:00,2025-01-21 20:46:00-05:00,2763.3004001488584,2763.3004001488584,3.200000000000273,4.800000000000409,BE,-0.0
421_upper,2025-01-22,2025-01-17 10:00:00-05:00,2025-02-14 10:00:00-05:00,2025-01-21 23:52:00-05:00,upper,executed,,flat,inactive,2025-01-21 23:52:00-05:00,2025-01-22 01:18:00-05:00,2769.1413118372634,2764.3413118372628,3.200000000000273,4.800000000000409,TP,4.800000000000409
420_upper,2025-01-16,2025-01-16 10:00:00-05:00,2025-02-13 10:00:00-05:00,2025-01-22 00:54:00-05:00,upper,skipped,position_open,open,inactive,,,,,,,,
425_upper,2025-01-23,2025-01-23 10:00:00-05:00,2025-02-20 10:00:00-05:00,2025-01-23 21:09:00-05:00,upper,skipped,simultaneous_collision,flat,inactive,,,,,,,,
423_upper,2025-01-24,2025-01-21 10:00:00-05:00,2025-02-18 10:00:00-05:00,2025-01-23 21:09:00-05:00,upper,executed,,flat,inactive,2025-01-23 21:09:00-05:00,2025-01-23 21:49:00-05:00,2775.6977951101603,2782.4477951101603,4.5,6.75,SL,-6.75
424_upper,2025-01-22,2025-01-22 10:00:00-05:00,2025-02-19 10:00:00-05:00,2025-01-24 08:42:00-05:00,upper,skipped,SAL,n/a,active,,,,,,,,
426_lower,2025-01-27,2025-01-24 10:00:00-05:00,2025-02-21 10:00:00-05:00,2025-01-27 01:22:00-05:00,lower,executed,,flat,inactive,2025-01-27 01:22:00-05:00,2025-01-27 02:22:00-05:00,2756.4854804274414,2756.4854804274414,5.099999999999909,7.649999999999864,BE,0.0
424_lower,2025-01-22,2025-01-22 10:00:00-05:00,2025-02-19 10:00:00-05:00,2025-01-27 11:50:00-05:00,lower,skipped,blocked_time,n/a,n/a,,,,,,,,
428_upper,2025-01-28,2025-01-28 10:00:00-05:00,2025-02-25 10:00:00-05:00,2025-01-28 19:00:00-05:00,upper,skipped,simultaneous_collision,flat,inactive,,,,,,,,
427_upper,2025-01-29,2025-01-27 10:00:00-05:00,2025-02-24 10:00:00-05:00,2025-01-28 19:00:00-05:00,upper,executed,,flat,inactive,2025-01-28 19:00:00-05:00,2025-01-28 20:16:00-05:00,2797.0,2800.0,2.0,3.0,SL,-3.0
426_upper,2025-01-30,2025-01-24 10:00:00-05:00,2025-02-21 10:00:00-05:00,2025-01-30 03:32:00-05:00,upper,executed,,flat,inactive,2025-01-30 03:32:00-05:00,2025-01-30 06:19:00-05:00,2810.114519572559,2817.614519572559,5.0,7.5,SL,-7.5
429_upper,2025-01-29,2025-01-29 10:00:00-05:00,2025-02-26 10:00:00-05:00,2025-01-30 08:02:00-05:00,upper,skipped,SAL,n/a,active,,,,,,,,
430_upper,2025-01-31,2025-01-30 10:00:00-05:00,2025-02-27 10:00:00-05:00,2025-01-30 19:05:00-05:00,upper,executed,,flat,inactive,2025-01-30 19:05:00-05:00,2025-01-30 21:40:00-05:00,2858.432249815662,2847.182249815662,7.5,11.25,TP,11.25
431_lower,2025-01-31,2025-01-31 10:00:00-05:00,2025-02-28 10:00:00-05:00,2025-02-02 18:38:00-05:00,lower,skipped,no_anchor,n/a,n/a,,,,,,,,
431_upper,2025-02-05,2025-01-31 10:00:00-05:00,2025-02-28 10:00:00-05:00,2025-02-04 21:11:00-05:00,upper,executed,,flat,inactive,2025-02-04 21:11:00-05:00,2025-02-05 03:43:00-05:00,2880.280865795021,2894.530865795021,9.5,14.25,SL,-14.25
432_upper,2025-02-03,2025-02-03 10:00:00-05:00,2025-03-03 10:00:00-05:00,2025-02-05 03:42:00-05:00,upper,skipped,position_open,open,active,,,,,,,,
433_upper,2025-02-04,2025-02-04 10:00:00-05:00,2025-03-04 10:00:00-05:00,2025-02-05 04:43:00-05:00,upper,skipped,SAL,n/a,active,,,,,,,,
434_lower,2025-02-06,2025-02-05 10:00:00-05:00,2025-03-05 10:00:00-05:00,2025-02-06 10:00:00-05:00,lower,executed,,flat,inactive,2025-02-06 10:00:00-05:00,2025-02-06 15:00:00-05:00,2858.0895748069356,2878.1,23.59999999999991,35.399999999999864,cutoff,20.010425193064293
435_upper,2025-02-10,2025-02-06 10:00:00-05:00,2025-03-06 10:00:00-05:00,2025-02-10 01:48:00-05:00,upper,executed,,flat,inactive,2025-02-10 01:48:00-05:00,2025-02-10 02:30:00-05:00,2914.1978013125645,2918.6978013125645,3.0,4.5,SL,-4.5
434_upper,2025-02-05,2025-02-05 10:00:00-05:00,2025-03-05 10:00:00-05:00,2025-02-10 03:38:00-05:00,upper,skipped,SAL,n/a,active,,,,,,,,
436_upper,2025-02-07,2025-02-07 10:00:00-05:00,2025-03-07 10:00:00-05:00,2025-02-10 03:43:00-05:00,upper,skipped,SAL,n/a,active,,,,,,,,
437_upper,2025-02-11,2025-02-10 10:00:00-05:00,2025-03-10 10:00:00-04:00,2025-02-10 20:13:00-05:00,upper,executed,,flat,inactive,2025-02-10 20:13:00-05:00,2025-02-10 21:13:00-05:00,2955.7461697902922,2966.9961697902922,7.5,11.25,SL,-11.25
437_lower,2025-02-12,2025-02-10 10:00:00-05:00,2025-03-10 10:00:00-04:00,2025-02-12 06:11:00-05:00,lower,executed,,flat,inactive,2025-02-12 06:11:00-05:00,2025-02-12 08:14:00-05:00,2904.4538302097076,2904.4538302097076,11.0,16.5,BE,0.0
438_lower,2025-02-12,2025-02-11 10:00:00-05:00,2025-03-11 10:00:00-04:00,2025-02-12 08:18:00-05:00,lower,executed,,flat,inactive,2025-02-12 08:18:00-05:00,2025-02-12 08:31:00-05:00,2899.1514686595506,2887.1514686595506,8.0,12.0,SL,-12.0
439_upper,2025-02-13,2025-02-12 10:00:00-05:00,2025-03-12 10:00:00-04:00,2025-02-13 00:15:00-05:00,upper,executed,,flat,inactive,2025-02-13 00:15:00-05:00,2025-02-13 01:04:00-05:00,2948.848137585248,2942.5481375852482,4.199999999999818,6.299999999999727,TP,6.299999999999727
438_upper,2025-02-11,2025-02-11 10:00:00-05:00,2025-03-11 10:00:00-04:00,2025-02-13 14:15:00-05:00,upper,skipped,blocked_time,n/a,n/a,,,,,,,,
441_lower,2025-02-14,2025-02-14 10:00:00-05:00,2025-03-14 10:00:00-04:00,2025-02-14 10:25:00-05:00,lower,executed,,flat,inactive,2025-02-14 10:25:00-05:00,2025-02-14 11:16:00-05:00,2915.5730373219044,2915.5730373219044,15.699999999999818,23.549999999999727,BE,0.0
440_lower,2025-02-13,2025-02-13 10:00:00-05:00,2025-03-13 10:00:00-04:00,2025-02-14 10:29:00-05:00,lower,skipped,position_open,open,inactive,,,,,,,,
439_lower,2025-02-12,2025-02-12 10:00:00-05:00,2025-03-12 10:00:00-04:00,2025-02-14 14:27:00-05:00,lower,skipped,blocked_time,n/a,n/a,,,,,,,,
442_upper,2025-02-18,2025-02-17 10:00:00-05:00,2025-03-17 10:00:00-04:00,2025-02-18 09:05:00-05:00,upper,executed,,flat,inactive,2025-02-18 09:05:00-05:00,2025-02-18 13:51:00-05:00,2937.3712288434335,2952.6712288434333,10.199999999999818,15.299999999999727,SL,-15.299999999999727
443_upper,2025-02-20,2025-02-18 10:00:00-05:00,2025-03-18 10:00:00-04:00,2025-02-20 01:31:00-05:00,upper,executed,,flat,inactive,2025-02-20 01:31:00-05:00,2025-02-20 02:18:00-05:00,2965.813445548712,2965.813445548712,5.699999999999818,8.549999999999727,BE,-0.0
440_upper,2025-02-13,2025-02-13 10:00:00-05:00,2025-03-13 10:00:00-04:00,2025-02-20 02:13:00-05:00,upper,skipped,position_open,open,inactive,,,,,,,,
441_upper,2025-02-20,2025-02-14 10:00:00-05:00,2025-03-14 10:00:00-04:00,2025-02-20 02:37:00-05:00,upper,executed,,flat,inactive,2025-02-20 02:37:00-05:00,2025-02-20 02:43:00-05:00,2972.7769626780955,2966.476962678096,4.199999999999818,6.299999999999727,TP,6.299999999999727
447_lower,2025-02-24,2025-02-24 10:00:00-05:00,2025-03-24 10:00:00-04:00,2025-02-25 10:24:00-05:00,lower,skipped,simultaneous_collision,flat,inactive,,,,,,,,
448_lower,2025-02-25,2025-02-25 10:00:00-05:00,2025-03-25 10:00:00-04:00,2025-02-25 10:24:00-05:00,lower,skipped,simultaneous_collision,flat,inactive,,,,,,,,
444_lower,2025-02-25,2025-02-19 10:00:00-05:00,2025-03-19 10:00:00-04:00,2025-02-25 10:24:00-05:00,lower,executed,,flat,inactive,2025-02-25 10:24:00-05:00,2025-02-25 11:08:00-05:00,2923.657028884201,2902.5070288842007,14.099999999999909,21.149999999999864,SL,-21.15000000000009
445_lower,2025-02-20,2025-02-20 10:00:00-05:00,2025-03-20 10:00:00-04:00,2025-02-25 10:30:00-05:00,lower,skipped,position_open,open,active,,,,,,,,
446_lower,2025-02-21,2025-02-21 10:00:00-05:00,2025-03-21 10:00:00-04:00,2025-02-25 10:30:00-05:00,lower,skipped,position_open,open,active,,,,,,,,
443_lower,2025-02-18,2025-02-18 10:00:00-05:00,2025-03-18 10:00:00-04:00,2025-02-25 10:31:00-05:00,lower,skipped,position_open,open,active,,,,,,,,
442_lower,2025-02-27,2025-02-17 10:00:00-05:00,2025-03-17 10:00:00-04:00,2025-02-27 09:46:00-05:00,lower,executed,,flat,inactive,2025-02-27 09:46:00-05:00,2025-02-27 10:49:00-05:00,2886.0787711565667,2886.0787711565667,10.599999999999909,15.899999999999864,BE,0.0
449_lower,2025-02-28,2025-02-26 10:00:00-05:00,2025-03-26 10:00:00-04:00,2025-02-27 23:03:00-05:00,lower,executed,,flat,inactive,2025-02-27 23:03:00-05:00,2025-02-28 00:00:00-05:00,2874.023871244175,2874.023871244175,12.900000000000091,19.350000000000136,BE,0.0
436_lower,2025-02-07,2025-02-07 10:00:00-05:00,2025-03-07 10:00:00-05:00,2025-02-27 23:09:00-05:00,lower,skipped,position_open,open,inactive,,,,,,,,
450_lower,2025-02-28,2025-02-27 10:00:00-05:00,2025-03-27 10:00:00-04:00,2025-02-28 09:08:00-05:00,lower,executed,,flat,inactive,2025-02-28 09:08:00-05:00,2025-02-28 15:00:00-05:00,2854.873658499947,2859.4,15.0,22.5,cutoff,4.5263415000531495
451_upper,2025-03-03,2025-02-28 10:00:00-05:00,2025-03-28 10:00:00-04:00,2025-03-03 09:34:00-05:00,upper,executed,,flat,inactive,2025-03-03 09:34:00-05:00,2025-03-03 11:40:00-05:00,2891.7436341044054,2902.8436341044053,7.400000000000091,11.100000000000136,SL,-11.099999999999909
452_upper,2025-03-04,2025-03-03 10:00:00-05:00,2025-03-31 10:00:00-04:00,2025-03-04 03:19:00-05:00,upper,executed,,flat,inactive,2025-03-04 03:19:00-05:00,2025-03-04 08:09:00-05:00,2919.0725820035714,2939.6225820035716,13.700000000000273,20.55000000000041,SL,-20.550000000000182
450_upper,2025-02-27,2025-02-27 10:00:00-05:00,2025-03-27 10:00:00-04:00,2025-03-04 08:07:00-05:00,upper,skipped,position_open,open,active,,,,,,,,
456_lower,2025-03-07,2025-03-07 10:00:00-05:00,2025-04-04 10:00:00-04:00,2025-03-10 14:05:00-04:00,lower,skipped,blocked_time,n/a,n/a,,,,,,,,
455_lower,2025-03-11,2025-03-06 10:00:00-05:00,2025-04-03 10:00:00-04:00,2025-03-10 21:04:00-04:00,lower,executed,,flat,inactive,2025-03-10 21:04:00-04:00,2025-03-10 21:06:00-04:00,2883.0808254231456,2890.1308254231462,4.700000000000273,7.050000000000409,TP,7.050000000000409
457_upper,2025-03-10,2025-03-10 10:00:00-04:00,2025-04-07 10:00:00-04:00,2025-03-12 12:09:00-04:00,upper,skipped,blocked_time,n/a,n/a,,,,,,,,
449_upper,2025-02-26,2025-02-26 10:00:00-05:00,2025-03-26 10:00:00-04:00,2025-03-12 12:27:00-04:00,upper,skipped,blocked_time,n/a,n/a,,,,,,,,
459_upper,2025-03-13,2025-03-12 10:00:00-04:00,2025-04-09 10:00:00-04:00,2025-03-12 23:51:00-04:00,upper,executed,,flat,inactive,2025-03-12 23:51:00-04:00,2025-03-13 03:48:00-04:00,2954.627759553378,2942.627759553378,8.0,12.0,TP,12.0
454_upper,2025-03-05,2025-03-05 10:00:00-05:00,2025-04-02 10:00:00-04:00,2025-03-12 23:53:00-04:00,upper,skipped,position_open,open,inactive,,,,,,,,
455_upper,2025-03-06,2025-03-06 10:00:00-05:00,2025-04-03 10:00:00-04:00,2025-03-12 23:53:00-04:00,upper,skipped,position_open,open,inactive,,,,,,,,
458_upper,2025-03-13,2025-03-11 10:00:00-04:00,2025-04-08 10:00:00-04:00,2025-03-13 09:38:00-04:00,upper,executed,,flat,inactive,2025-03-13 09:38:00-04:00,2025-03-13 10:44:00-04:00,2960.2191486241886,2973.2691486241893,8.700000000000273,13.05000000000041,SL,-13.050000000000637
453_upper,2025-03-04,2025-03-04 10:00:00-05:00,2025-04-01 10:00:00-04:00,2025-03-13 10:35:00-04:00,upper,skipped,position_open,open,active,,,,,,,,
456_upper,2025-03-07,2025-03-07 10:00:00-05:00,2025-04-04 10:00:00-04:00,2025-03-13 10:38:00-04:00,upper,skipped,position_open,open,active,,,,,,,,
445_upper,2025-02-20,2025-02-20 10:00:00-05:00,2025-03-20 10:00:00-04:00,2025-03-13 10:44:00-04:00,upper,skipped,SAL,n/a,active,,,,,,,,
444_upper,2025-02-19,2025-02-19 10:00:00-05:00,2025-03-19 10:00:00-04:00,2025-03-13 10:48:00-04:00,upper,skipped,SAL,n/a,active,,,,,,,,
446_upper,2025-02-21,2025-02-21 10:00:00-05:00,2025-03-21 10:00:00-04:00,2025-03-13 10:48:00-04:00,upper,skipped,SAL,n/a,active,,,,,,,,
447_upper,2025-02-24,2025-02-24 10:00:00-05:00,2025-03-24 10:00:00-04:00,2025-03-13 11:39:00-04:00,upper,skipped,blocked_time,n/a,n/a,,,,,,,,
448_upper,2025-02-25,2025-02-25 10:00:00-05:00,2025-03-25 10:00:00-04:00,2025-03-13 11:39:00-04:00,upper,skipped,blocked_time,n/a,n/a,,,,,,,,
460_upper,2025-03-13,2025-03-13 10:00:00-04:00,2025-04-10 10:00:00-04:00,2025-03-13 12:09:00-04:00,upper,skipped,blocked_time,n/a,n/a,,,,,,,,
462_upper,2025-03-18,2025-03-17 10:00:00-04:00,2025-04-14 10:00:00-04:00,2025-03-18 03:12:00-04:00,upper,executed,,flat,inactive,2025-03-18 03:12:00-04:00,2025-03-18 04:02:00-04:00,3027.3799235011443,3027.3799235011443,6.400000000000091,9.600000000000136,BE,-0.0
461_upper,2025-03-18,2025-03-14 10:00:00-04:00,2025-04-11 10:00:00-04:00,2025-03-18 08:44:00-04:00,upper,executed,,flat,inactive,2025-03-18 08:44:00-04:00,2025-03-18 10:12:00-04:00,3043.520343338147,3032.420343338147,7.400000000000091,11.100000000000136,TP,11.100000000000136
465_lower,2025-03-21,2025-03-20 10:00:00-04:00,2025-04-17 10:00:00-04:00,2025-03-21 10:04:00-04:00,lower,executed,,flat,inactive,2025-03-21 10:04:00-04:00,2025-03-21 15:00:00-04:00,3008.018409224932,3023.8,35.5,53.25,cutoff,15.781590775068253
464_lower,2025-03-19,2025-03-19 10:00:00-04:00,2025-04-16 10:00:00-04:00,2025-03-21 10:07:00-04:00,lower,skipped,position_open,open,inactive,,,,,,,,
463_lower,2025-03-18,2025-03-18 10:00:00-04:00,2025-04-15 10:00:00-04:00,2025-03-21 10:09:00-04:00,lower,skipped,position_open,open,inactive,,,,,,,,
467_upper,2025-03-27,2025-03-24 10:00:00-04:00,2025-04-22 10:00:00-04:00,2025-03-26 20:56:00-04:00,upper,executed,,flat,inactive,2025-03-26 20:56:00-04:00,2025-03-26 22:32:00-04:00,3058.5821642739775,3063.0821642739775,3.0,4.5,SL,-4.5
469_upper,2025-03-26,2025-03-26 10:00:00-04:00,2025-04-24 10:00:00-04:00,2025-03-26 21:00:00-04:00,upper,skipped,position_open,open,active,,,,,,,,
468_upper,2025-03-25,2025-03-25 10:00:00-04:00,2025-04-23 10:00:00-04:00,2025-03-26 21:23:00-04:00,upper,skipped,position_open,open,active,,,,,,,,
465_upper,2025-03-20,2025-03-20 10:00:00-04:00,2025-04-17 10:00:00-04:00,2025-03-27 00:29:00-04:00,upper,skipped,SAL,n/a,active,,,,,,,,
464_upper,2025-03-19,2025-03-19 10:00:00-04:00,2025-04-16 10:00:00-04:00,2025-03-27 03:52:00-04:00,upper,skipped,SAL,n/a,active,,,,,,,,
466_upper,2025-03-21,2025-03-21 10:00:00-04:00,2025-04-21 10:00:00-04:00,2025-03-27 04:20:00-04:00,upper,skipped,SAL,n/a,active,,,,,,,,
463_upper,2025-03-18,2025-03-18 10:00:00-04:00,2025-04-15 10:00:00-04:00,2025-03-27 06:02:00-04:00,upper,skipped,SAL,n/a,active,,,,,,,,
470_upper,2025-03-28,2025-03-27 10:00:00-04:00,2025-04-25 10:00:00-04:00,2025-03-27 21:47:00-04:00,upper,executed,,flat,inactive,2025-03-27 21:47:00-04:00,2025-03-28 02:47:00-04:00,3112.172623312998,3122.3726233129983,6.800000000000182,10.200000000000273,SL,-10.200000000000273
471_upper,2025-03-31,2025-03-28 10:00:00-04:00,2025-04-28 10:00:00-04:00,2025-03-31 01:53:00-04:00,upper,executed,,flat,inactive,2025-03-31 01:53:00-04:00,2025-03-31 09:45:00-04:00,3147.9516180520627,3134.4516180520627,9.0,13.5,TP,13.5
472_upper,2025-03-31,2025-03-31 10:00:00-04:00,2025-04-29 10:00:00-04:00,2025-04-02 16:28:00-04:00,upper,skipped,no_cutoff,n/a,n/a,,,,,,,,
473_upper,2025-04-01,2025-04-01 10:00:00-04:00,2025-04-30 10:00:00-04:00,2025-04-02 16:28:00-04:00,upper,skipped,no_cutoff,n/a,n/a,,,,,,,,
473_lower,2025-04-03,2025-04-01 10:00:00-04:00,2025-04-30 10:00:00-04:00,2025-04-03 06:26:00-04:00,lower,executed,,flat,inactive,2025-04-03 06:26:00-04:00,2025-04-03 07:01:00-04:00,3125.994047393759,3111.294047393759,9.800000000000182,14.700000000000273,SL,-14.700000000000273
474_lower,2025-04-02,2025-04-02 10:00:00-04:00,2025-05-01 10:00:00-04:00,2025-04-03 06:58:00-04:00,lower,skipped,position_open,open,active,,,,,,,,
472_lower,2025-03-31,2025-03-31 10:00:00-04:00,2025-04-29 10:00:00-04:00,2025-04-03 08:24:00-04:00,lower,skipped,SAL,n/a,active,,,,,,,,
471_lower,2025-03-28,2025-03-28 10:00:00-04:00,2025-04-28 10:00:00-04:00,2025-04-03 09:12:00-04:00,lower,skipped,SAL,n/a,active,,,,,,,,
475_upper,2025-04-03,2025-04-03 10:00:00-04:00,2025-05-02 10:00:00-04:00,2025-04-03 10:25:00-04:00,upper,skipped,SAL,n/a,active,,,,,,,,
470_lower,2025-04-04,2025-03-27 10:00:00-04:00,2025-04-25 10:00:00-04:00,2025-04-04 10:50:00-04:00,lower,executed,,flat,inactive,2025-04-04 10:50:00-04:00,2025-04-04 15:00:00-04:00,3045.7773766870023,3045.7,29.0,43.5,cutoff,-0.07737668700247013
475_lower,2025-04-03,2025-04-03 10:00:00-04:00,2025-05-02 10:00:00-04:00,2025-04-04 11:28:00-04:00,lower,skipped,blocked_time,n/a,n/a,,,,,,,,
476_lower,2025-04-04,2025-04-04 10:00:00-04:00,2025-05-05 10:00:00-04:00,2025-04-04 11:36:00-04:00,lower,skipped,blocked_time,n/a,n/a,,,,,,,,
467_lower,2025-03-24,2025-03-24 10:00:00-04:00,2025-04-22 10:00:00-04:00,2025-04-06 18:06:00-04:00,lower,skipped,no_anchor,n/a,n/a,,,,,,,,
468_lower,2025-03-25,2025-03-25 10:00:00-04:00,2025-04-23 10:00:00-04:00,2025-04-06 18:06:00-04:00,lower,skipped,no_anchor,n/a,n/a,,,,,,,,
469_lower,2025-03-26,2025-03-26 10:00:00-04:00,2025-04-24 10:00:00-04:00,2025-04-06 18:06:00-04:00,lower,skipped,no_anchor,n/a,n/a,,,,,,,,
466_lower,2025-03-21,2025-03-21 10:00:00-04:00,2025-04-21 10:00:00-04:00,2025-04-07 13:04:00-04:00,lower,skipped,blocked_time,n/a,n/a,,,,,,,,
477_lower,2025-04-07,2025-04-07 10:00:00-04:00,2025-05-06 10:00:00-04:00,2025-04-07 13:11:00-04:00,lower,skipped,blocked_time,n/a,n/a,,,,,,,,
478_upper,2025-04-09,2025-04-08 10:00:00-04:00,2025-05-07 10:00:00-04:00,2025-04-09 07:38:00-04:00,upper,executed,,flat,inactive,2025-04-09 07:38:00-04:00,2025-04-09 08:22:00-04:00,3084.461999129965,3070.211999129965,9.5,14.25,TP,14.25
477_upper,2025-04-09,2025-04-07 10:00:00-04:00,2025-05-06 10:00:00-04:00,2025-04-09 10:23:00-04:00,upper,executed,,flat,inactive,2025-04-09 10:23:00-04:00,2025-04-09 11:20:00-04:00,3099.5114405544778,3099.5114405544778,31.800000000000182,47.70000000000027,BE,-0.0
479_upper,2025-04-09,2025-04-09 10:00:00-04:00,2025-05-08 10:00:00-04:00,2025-04-09 23:21:00-04:00,upper,skipped,simultaneous_collision,flat,inactive,,,,,,,,
476_upper,2025-04-10,2025-04-04 10:00:00-04:00,2025-05-05 10:00:00-04:00,2025-04-09 23:21:00-04:00,upper,executed,,flat,inactive,2025-04-09 23:21:00-04:00,2025-04-10 00:25:00-04:00,3144.3402690782796,3144.3402690782796,27.59999999999991,41.399999999999864,BE,-0.0
480_upper,2025-04-10,2025-04-10 10:00:00-04:00,2025-05-09 10:00:00-04:00,2025-04-10 18:03:00-04:00,upper,skipped,no_anchor,n/a,n/a,,,,,,,,
474_upper,2025-04-02,2025-04-02 10:00:00-04:00,2025-05-01 10:00:00-04:00,2025-04-10 18:33:00-04:00,upper,skipped,no_anchor,n/a,n/a,,,,,,,,
482_upper,2025-04-16,2025-04-14 10:00:00-04:00,2025-05-13 10:00:00-04:00,2025-04-15 20:02:00-04:00,upper,executed,,flat,inactive,2025-04-15 20:02:00-04:00,2025-04-16 00:02:00-04:00,3276.270751894505,3298.920751894505,15.099999999999909,22.649999999999864,SL,-22.65000000000009
483_upper,2025-04-15,2025-04-15 10:00:00-04:00,2025-05-14 10:00:00-04:00,2025-04-15 20:48:00-04:00,upper,skipped,position_open,open,active,,,,,,,,
481_upper,2025-04-11,2025-04-11 10:00:00-04:00,2025-05-12 10:00:00-04:00,2025-04-16 03:49:00-04:00,upper,skipped,SAL,n/a,active,,,,,,,,
484_upper,2025-04-21,2025-04-16 10:00:00-04:00,2025-05-15 10:00:00-04:00,2025-04-20 20:38:00-04:00,upper,executed,,flat,inactive,2025-04-20 20:38:00-04:00,2025-04-20 21:08:00-04:00,3378.0829439960244,3391.5829439960244,9.0,13.5,SL,-13.5
485_upper,2025-04-17,2025-04-17 10:00:00-04:00,2025-05-16 10:00:00-04:00,2025-04-20 22:01:00-04:00,upper,skipped,SAL,n/a,active,,,,,,,,
486_upper,2025-04-22,2025-04-21 10:00:00-04:00,2025-05-19 10:00:00-04:00,2025-04-21 22:55:00-04:00,upper,executed,,flat,inactive,2025-04-21 22:55:00-04:00,2025-04-22 09:05:00-04:00,3483.4847394209337,3434.284739420934,32.79999999999973,49.19999999999959,TP,49.19999999999959
486_lower,2025-04-21,2025-04-21 10:00:00-04:00,2025-05-19 10:00:00-04:00,2025-04-22 18:00:00-04:00,lower,skipped,no_anchor,n/a,n/a,,,,,,,,
487_lower,2025-04-22,2025-04-22 10:00:00-04:00,2025-05-20 10:00:00-04:00,2025-04-22 18:00:00-04:00,lower,skipped,no_anchor,n/a,n/a,,,,,,,,
485_lower,2025-04-23,2025-04-17 10:00:00-04:00,2025-05-16 10:00:00-04:00,2025-04-23 10:00:00-04:00,lower,executed,,flat,inactive,2025-04-23 10:00:00-04:00,2025-04-23 15:00:00-04:00,3276.447527334716,3297.4,43.90000000000009,65.85000000000014,cutoff,20.95247266528395
488_upper,2025-04-24,2025-04-23 10:00:00-04:00,2025-05-21 10:00:00-04:00,2025-04-23 21:39:00-04:00,upper,executed,,flat,inactive,2025-04-23 21:39:00-04:00,2025-04-23 23:34:00-04:00,3372.6096300449194,3335.2596300449195,24.90000000000009,37.350000000000136,TP,37.350000000000136
489_lower,2025-04-25,2025-04-24 10:00:00-04:00,2025-05-22 10:00:00-04:00,2025-04-25 09:17:00-04:00,lower,executed,,flat,inactive,2025-04-25 09:17:00-04:00,2025-04-25 10:52:00-04:00,3285.2178496216807,3285.2178496216807,12.599999999999909,18.899999999999864,BE,0.0
490_upper,2025-04-25,2025-04-25 10:00:00-04:00,2025-05-23 10:00:00-04:00,2025-04-27 18:00:00-04:00,upper,skipped,no_anchor,n/a,n/a,,,,,,,,
491_upper,2025-04-28,2025-04-28 10:00:00-04:00,2025-05-26 10:00:00-04:00,2025-04-28 14:24:00-04:00,upper,skipped,blocked_time,n/a,n/a,,,,,,,,
493_lower,2025-04-30,2025-04-30 10:00:00-04:00,2025-05-28 10:00:00-04:00,2025-04-30 20:20:00-04:00,lower,skipped,simultaneous_collision,flat,inactive,,,,,,,,
492_lower,2025-05-01,2025-04-29 10:00:00-04:00,2025-05-27 10:00:00-04:00,2025-04-30 20:20:00-04:00,lower,executed,,flat,inactive,2025-04-30 20:20:00-04:00,2025-04-30 20:54:00-04:00,3273.0777035904075,3249.677703590408,15.599999999999909,23.399999999999864,SL,-23.399999999999636
484_lower,2025-04-16,2025-04-16 10:00:00-04:00,2025-05-15 10:00:00-04:00,2025-04-30 20:24:00-04:00,lower,skipped,position_open,open,active,,,,,,,,
491_lower,2025-04-28,2025-04-28 10:00:00-04:00,2025-05-26 10:00:00-04:00,2025-04-30 20:24:00-04:00,lower,skipped,position_open,open,active,,,,,,,,
488_lower,2025-04-23,2025-04-23 10:00:00-04:00,2025-05-21 10:00:00-04:00,2025-05-01 00:02:00-04:00,lower,skipped,SAL,n/a,active,,,,,,,,
490_lower,2025-04-25,2025-04-25 10:00:00-04:00,2025-05-23 10:00:00-04:00,2025-05-01 00:02:00-04:00,lower,skipped,SAL,n/a,active,,,,,,,,
494_upper,2025-05-05,2025-05-01 10:00:00-04:00,2025-05-29 10:00:00-04:00,2025-05-04 22:49:00-04:00,upper,executed,,flat,inactive,2025-05-04 22:49:00-04:00,2025-05-05 04:29:00-04:00,3279.7282701265085,3279.7282701265085,25.200000000000273,37.80000000000041,BE,-0.0
495_upper,2025-05-05,2025-05-02 10:00:00-04:00,2025-05-30 10:00:00-04:00,2025-05-05 05:22:00-04:00,upper,executed,,flat,inactive,2025-05-05 05:22:00-04:00,2025-05-05 10:07:00-04:00,3307.239078712924,3337.3890787129244,20.100000000000364,30.150000000000546,SL,-30.150000000000546
496_upper,2025-05-05,2025-05-05 10:00:00-04:00,2025-06-02 10:00:00-04:00,2025-05-05 21:08:00-04:00,upper,skipped,simultaneous_collision,flat,inactive,,,,,,,,
493_upper,2025-05-06,2025-04-30 10:00:00-04:00,2025-05-28 10:00:00-04:00,2025-05-05 21:08:00-04:00,upper,executed,,flat,inactive,2025-05-05 21:08:00-04:00,2025-05-05 21:40:00-04:00,3362.904865615767,3378.9548656157676,10.700000000000273,16.05000000000041,SL,-16.050000000000637
492_upper,2025-04-29,2025-04-29 10:00:00-04:00,2025-05-27 10:00:00-04:00,2025-05-05 21:36:00-04:00,upper,skipped,position_open,open,active,,,,,,,,
489_upper,2025-04-24,2025-04-24 10:00:00-04:00,2025-05-22 10:00:00-04:00,2025-05-05 22:08:00-04:00,upper,skipped,SAL,n/a,active,,,,,,,,
497_upper,2025-05-06,2025-05-06 10:00:00-04:00,2025-06-03 10:00:00-04:00,2025-05-06 16:54:00-04:00,upper,skipped,no_cutoff,n/a,n/a,,,,,,,,
497_lower,2025-05-08,2025-05-06 10:00:00-04:00,2025-06-03 10:00:00-04:00,2025-05-08 01:59:00-04:00,lower,executed,,flat,inactive,2025-05-08 01:59:00-04:00,2025-05-08 02:33:00-04:00,3363.206549147763,3336.5065491477626,17.800000000000182,26.700000000000273,SL,-26.700000000000273
498_lower,2025-05-07,2025-05-07 10:00:00-04:00,2025-06-04 10:00:00-04:00,2025-05-08 02:14:00-04:00,lower,skipped,position_open,open,active,,,,,,,,
499_lower,2025-05-08,2025-05-08 10:00:00-04:00,2025-06-05 10:00:00-04:00,2025-05-08 12:11:00-04:00,lower,skipped,blocked_time,n/a,n/a,,,,,,,,
496_lower,2025-05-09,2025-05-05 10:00:00-04:00,2025-06-02 10:00:00-04:00,2025-05-08 22:10:00-04:00,lower,executed,,flat,inactive,2025-05-08 22:10:00-04:00,2025-05-09 09:29:00-04:00,3287.556098364469,3342.9060983644695,36.90000000000009,55.350000000000136,TP,55.350000000000136
500_lower,2025-05-09,2025-05-09 10:00:00-04:00,2025-06-06 10:00:00-04:00,2025-05-11 18:00:00-04:00,lower,skipped,no_anchor,n/a,n/a,,,,,,,,
495_lower,2025-05-12,2025-05-02 10:00:00-04:00,2025-05-30 10:00:00-04:00,2025-05-12 05:55:00-04:00,lower,executed,,flat,inactive,2025-05-12 05:55:00-04:00,2025-05-12 09:00:00-04:00,3217.510921287076,3239.260921287076,14.5,21.75,TP,21.75
502_lower,2025-05-14,2025-05-13 10:00:00-04:00,2025-06-10 10:00:00-04:00,2025-05-14 08:37:00-04:00,lower,executed,,flat,inactive,2025-05-14 08:37:00-04:00,2025-05-14 14:56:00-04:00,3206.2340891907365,3175.7840891907363,20.300000000000182,30.450000000000273,SL,-30.450000000000273
501_lower,2025-05-12,2025-05-12 10:00:00-04:00,2025-06-09 10:00:00-04:00,2025-05-14 08:45:00-04:00,lower,skipped,position_open,open,active,,,,,,,,
494_lower,2025-05-01,2025-05-01 10:00:00-04:00,2025-05-29 10:00:00-04:00,2025-05-14 08:58:00-04:00,lower,skipped,position_open,open,active,,,,,,,,
483_lower,2025-04-15,2025-04-15 10:00:00-04:00,2025-05-14 10:00:00-04:00,2025-05-14 09:01:00-04:00,lower,skipped,position_open,open,active,,,,,,,,
503_lower,2025-05-15,2025-05-14 10:00:00-04:00,2025-06-11 10:00:00-04:00,2025-05-14 22:41:00-04:00,lower,executed,,flat,inactive,2025-05-14 22:41:00-04:00,2025-05-15 02:03:00-04:00,3157.727298191356,3124.577298191356,22.09999999999991,33.149999999999864,SL,-33.15000000000009
503_upper,2025-05-14,2025-05-14 10:00:00-04:00,2025-06-11 10:00:00-04:00,2025-05-15 13:00:00-04:00,upper,skipped,blocked_time,n/a,n/a,,,,,,,,
504_upper,2025-05-15,2025-05-15 10:00:00-04:00,2025-06-12 10:00:00-04:00,2025-05-15 13:00:00-04:00,upper,skipped,blocked_time,n/a,n/a,,,,,,,,
504_lower,2025-05-16,2025-05-15 10:00:00-04:00,2025-06-12 10:00:00-04:00,2025-05-16 07:54:00-04:00,lower,executed,,flat,inactive,2025-05-16 07:54:00-04:00,2025-05-16 15:00:00-04:00,3163.858574740569,3191.2,42.19999999999982,63.29999999999973,cutoff,27.341425259430707
505_upper,2025-05-16,2025-05-16 10:00:00-04:00,2025-06-13 10:00:00-04:00,2025-05-18 18:00:00-04:00,upper,skipped,no_anchor,n/a,n/a,,,,,,,,
506_upper,2025-05-20,2025-05-19 10:00:00-04:00,2025-06-16 10:00:00-04:00,2025-05-20 10:00:00-04:00,upper,executed,,flat,inactive,2025-05-20 10:00:00-04:00,2025-05-20 15:00:00-04:00,3266.108403920791,3291.2,30.100000000000364,45.150000000000546,cutoff,-25.091596079209012
502_upper,2025-05-13,2025-05-13 10:00:00-04:00,2025-06-10 10:00:00-04:00,2025-05-20 10:14:00-04:00,upper,skipped,position_open,open,active,,,,,,,,
501_upper,2025-05-12,2025-05-12 10:00:00-04:00,2025-06-09 10:00:00-04:00,2025-05-20 10:19:00-04:00,upper,skipped,position_open,open,active,,,,,,,,
507_upper,2025-05-20,2025-05-20 10:00:00-04:00,2025-06-17 10:00:00-04:00,2025-05-20 15:18:00-04:00,upper,skipped,no_cutoff,n/a,n/a,,,,,,,,
508_upper,2025-05-22,2025-05-21 10:00:00-04:00,2025-06-18 10:00:00-04:00,2025-05-21 21:39:00-04:00,upper,executed,,flat,inactive,2025-05-21 21:39:00-04:00,2025-05-21 22:41:00-04:00,3342.5208586094986,3342.5208586094986,7.199999999999818,10.799999999999727,BE,-0.0
509_upper,2025-05-23,2025-05-22 10:00:00-04:00,2025-06-19 10:00:00-04:00,2025-05-23 08:40:00-04:00,upper,executed,,flat,inactive,2025-05-23 08:40:00-04:00,2025-05-23 10:56:00-04:00,3360.187993600831,3360.187993600831,26.09999999999991,39.149999999999864,BE,-0.0
510_lower,2025-05-27,2025-05-23 10:00:00-04:00,2025-06-20 10:00:00-04:00,2025-05-27 02:46:00-04:00,lower,executed,,flat,inactive,2025-05-27 02:46:00-04:00,2025-05-27 03:48:00-04:00,3305.423618519373,3305.423618519373,17.09999999999991,25.649999999999864,BE,0.0
511_lower,2025-05-26,2025-05-26 10:00:00-04:00,2025-06-23 10:00:00-04:00,2025-05-27 03:05:00-04:00,lower,skipped,position_open,open,inactive,,,,,,,,
512_upper,2025-05-28,2025-05-27 10:00:00-04:00,2025-06-24 10:00:00-04:00,2025-05-27 20:31:00-04:00,upper,executed,,flat,inactive,2025-05-27 20:31:00-04:00,2025-05-27 23:28:00-04:00,3341.088113487808,3318.588113487808,15.0,22.5,TP,22.5
513_lower,2025-05-29,2025-05-28 10:00:00-04:00,2025-06-25 10:00:00-04:00,2025-05-28 19:11:00-04:00,lower,executed,,flat,inactive,2025-05-28 19:11:00-04:00,2025-05-28 19:44:00-04:00,3293.1655628236053,3272.7655628236053,13.599999999999909,20.399999999999864,SL,-20.40000000000009
514_lower,2025-05-30,2025-05-29 10:00:00-04:00,2025-06-26 10:00:00-04:00,2025-05-30 09:53:00-04:00,lower,executed,,flat,inactive,2025-05-30 09:53:00-04:00,2025-05-30 15:00:00-04:00,3306.731520112398,3317.6,24.699999999999818,37.04999999999973,cutoff,10.868479887602007
515_upper,2025-06-02,2025-05-30 10:00:00-04:00,2025-06-27 10:00:00-04:00,2025-06-02 02:30:00-04:00,upper,executed,,flat,inactive,2025-06-02 02:30:00-04:00,2025-06-02 03:16:00-04:00,3362.574468452249,3381.174468452249,12.400000000000091,18.600000000000136,SL,-18.59999999999991
513_upper,2025-05-28,2025-05-28 10:00:00-04:00,2025-06-25 10:00:00-04:00,2025-06-02 02:41:00-04:00,upper,skipped,position_open,open,active,,,,,,,,
511_upper,2025-05-26,2025-05-26 10:00:00-04:00,2025-06-23 10:00:00-04:00,2025-06-02 03:06:00-04:00,upper,skipped,position_open,open,active,,,,,,,,
514_upper,2025-05-29,2025-05-29 10:00:00-04:00,2025-06-26 10:00:00-04:00,2025-06-02 03:15:00-04:00,upper,skipped,position_open,open,active,,,,,,,,
500_upper,2025-05-09,2025-05-09 10:00:00-04:00,2025-06-06 10:00:00-04:00,2025-06-02 03:17:00-04:00,upper,skipped,SAL,n/a,active,,,,,,,,
510_upper,2025-05-23,2025-05-23 10:00:00-04:00,2025-06-20 10:00:00-04:00,2025-06-02 09:43:00-04:00,upper,skipped,SAL,n/a,active,,,,,,,,
499_upper,2025-05-08,2025-05-08 10:00:00-04:00,2025-06-05 10:00:00-04:00,2025-06-02 18:00:00-04:00,upper,skipped,no_anchor,n/a,n/a,,,,,,,,
518_upper,2025-06-05,2025-06-04 10:00:00-04:00,2025-07-02 10:00:00-04:00,2025-06-05 05:58:00-04:00,upper,executed,,flat,inactive,2025-06-05 05:58:00-04:00,2025-06-05 07:05:00-04:00,3414.708289247277,3425.358289247277,7.099999999999909,10.649999999999864,SL,-10.649999999999636
517_upper,2025-06-03,2025-06-03 10:00:00-04:00,2025-07-01 10:00:00-04:00,2025-06-05 06:31:00-04:00,upper,skipped,position_open,open,active,,,,,,,,
519_lower,2025-06-05,2025-06-05 10:00:00-04:00,2025-07-03 10:00:00-04:00,2025-06-05 11:47:00-04:00,lower,skipped,blocked_time,n/a,n/a,,,,,,,,
518_lower,2025-06-06,2025-06-04 10:00:00-04:00,2025-07-02 10:00:00-04:00,2025-06-06 10:19:00-04:00,lower,executed,,flat,inactive,2025-06-06 10:19:00-04:00,2025-06-06 11:06:00-04:00,3346.691710752723,3346.691710752723,19.5,29.25,BE,0.0
516_lower,2025-06-02,2025-06-02 10:00:00-04:00,2025-06-30 10:00:00-04:00,2025-06-06 14:13:00-04:00,lower,skipped,blocked_time,n/a,n/a,,,,,,,,
517_lower,2025-06-03,2025-06-03 10:00:00-04:00,2025-07-01 10:00:00-04:00,2025-06-06 15:57:00-04:00,lower,skipped,no_cutoff,n/a,n/a,,,,,,,,
520_lower,2025-06-06,2025-06-06 10:00:00-04:00,2025-07-04 10:00:00-04:00,2025-06-06 16:04:00-04:00,lower,skipped,no_cutoff,n/a,n/a,,,,,,,,
521_upper,2025-06-10,2025-06-09 10:00:00-04:00,2025-07-07 10:00:00-04:00,2025-06-10 09:45:00-04:00,upper,executed,,flat,inactive,2025-06-10 09:45:00-04:00,2025-06-10 10:43:00-04:00,3370.048862388288,3350.998862388288,12.699999999999818,19.049999999999727,TP,19.049999999999727
523_upper,2025-06-12,2025-06-11 10:00:00-04:00,2025-07-09 10:00:00-04:00,2025-06-11 19:01:00-04:00,upper,executed,,flat,inactive,2025-06-11 19:01:00-04:00,2025-06-11 21:22:00-04:00,3392.443008744155,3392.443008744155,14.0,21.0,BE,-0.0
522_upper,2025-06-12,2025-06-10 10:00:00-04:00,2025-07-08 10:00:00-04:00,2025-06-12 06:28:00-04:00,upper,executed,,flat,inactive,2025-06-12 06:28:00-04:00,2025-06-12 15:00:00-04:00,3400.2813291980474,3405.8,13.199999999999818,19.799999999999727,cutoff,-5.518670801952794
520_upper,2025-06-06,2025-06-06 10:00:00-04:00,2025-07-04 10:00:00-04:00,2025-06-12 09:05:00-04:00,upper,skipped,position_open,open,active,,,,,,,,
516_upper,2025-06-13,2025-06-02 10:00:00-04:00,2025-06-30 10:00:00-04:00,2025-06-12 20:07:00-04:00,upper,executed,,flat,inactive,2025-06-12 20:07:00-04:00,2025-06-12 21:44:00-04:00,3431.7468058134814,3452.7468058134814,14.0,21.0,SL,-21.0
519_upper,2025-06-05,2025-06-05 10:00:00-04:00,2025-07-03 10:00:00-04:00,2025-06-12 21:02:00-04:00,upper,skipped,position_open,open,active,,,,,,,,
524_upper,2025-06-12,2025-06-12 10:00:00-04:00,2025-07-10 10:00:00-04:00,2025-06-12 21:15:00-04:00,upper,skipped,position_open,open,active,,,,,,,,
525_lower,2025-06-16,2025-06-13 10:00:00-04:00,2025-07-11 10:00:00-04:00,2025-06-16 09:42:00-04:00,lower,executed,,flat,inactive,2025-06-16 09:42:00-04:00,2025-06-16 09:54:00-04:00,3424.941843661839,3414.141843661839,7.199999999999818,10.799999999999727,SL,-10.799999999999727
528_lower,2025-06-18,2025-06-18 10:00:00-04:00,2025-07-16 10:00:00-04:00,2025-06-19 02:03:00-04:00,lower,skipped,simultaneous_collision,flat,inactive,,,,,,,,
527_lower,2025-06-19,2025-06-17 10:00:00-04:00,2025-07-15 10:00:00-04:00,2025-06-19 02:03:00-04:00,lower,executed,,flat,inactive,2025-06-19 02:03:00-04:00,2025-06-19 14:29:00-04:00,3376.4295665698387,3387.4,15.799999999999727,23.69999999999959,cutoff,10.970433430161393
526_lower,2025-06-16,2025-06-16 10:00:00-04:00,2025-07-14 10:00:00-04:00,2025-06-19 02:10:00-04:00,lower,skipped,position_open,open,inactive,,,,,,,,
524_lower,2025-06-12,2025-06-12 10:00:00-04:00,2025-07-10 10:00:00-04:00,2025-06-19 02:26:00-04:00,lower,skipped,position_open,open,inactive,,,,,,,,
531_lower,2025-06-24,2025-06-23 10:00:00-04:00,2025-07-21 10:00:00-04:00,2025-06-24 01:47:00-04:00,lower,executed,,flat,inactive,2025-06-24 01:47:00-04:00,2025-06-24 02:34:00-04:00,3344.9041493581344,3334.8541493581342,6.700000000000273,10.05000000000041,SL,-10.050000000000182
529_lower,2025-06-19,2025-06-19 10:00:00-04:00,2025-07-17 10:00:00-04:00,2025-06-24 01:51:00-04:00,lower,skipped,position_open,open,active,,,,,,,,
530_lower,2025-06-20,2025-06-20 10:00:00-04:00,2025-07-18 10:00:00-04:00,2025-06-24 02:34:00-04:00,lower,skipped,SAL,n/a,active,,,,,,,,
522_lower,2025-06-10,2025-06-10 10:00:00-04:00,2025-07-08 10:00:00-04:00,2025-06-24 02:35:00-04:00,lower,skipped,SAL,n/a,active,,,,,,,,
523_lower,2025-06-11,2025-06-11 10:00:00-04:00,2025-07-09 10:00:00-04:00,2025-06-24 08:35:00-04:00,lower,skipped,SAL,n/a,active,,,,,,,,
533_upper,2025-06-26,2025-06-25 10:00:00-04:00,2025-07-23 10:00:00-04:00,2025-06-26 03:24:00-04:00,upper,executed,,flat,inactive,2025-06-26 03:24:00-04:00,2025-06-26 08:36:00-04:00,3358.9716238897117,3344.4216238897116,9.700000000000273,14.55000000000041,TP,14.55000000000041
532_upper,2025-06-24,2025-06-24 10:00:00-04:00,2025-07-22 10:00:00-04:00,2025-06-26 04:57:00-04:00,upper,skipped,position_open,open,inactive,,,,,,,,
521_lower,2025-06-27,2025-06-09 10:00:00-04:00,2025-07-07 10:00:00-04:00,2025-06-27 01:12:00-04:00,lower,executed,,flat,inactive,2025-06-27 01:12:00-04:00,2025-06-27 01:19:00-04:00,3301.701137611712,3311.001137611712,6.199999999999818,9.299999999999727,TP,9.299999999999727
533_lower,2025-06-27,2025-06-25 10:00:00-04:00,2025-07-23 10:00:00-04:00,2025-06-27 03:20:00-04:00,lower,executed,,flat,inactive,2025-06-27 03:20:00-04:00,2025-06-27 04:11:00-04:00,3297.428376110289,3297.428376110289,14.5,21.75,BE,0.0
534_lower,2025-06-27,2025-06-26 10:00:00-04:00,2025-07-24 10:00:00-04:00,2025-06-27 06:53:00-04:00,lower,executed,,flat,inactive,2025-06-27 06:53:00-04:00,2025-06-27 07:48:00-04:00,3291.7724669087315,3291.7724669087315,8.5,12.75,BE,0.0
532_lower,2025-06-27,2025-06-24 10:00:00-04:00,2025-07-22 10:00:00-04:00,2025-06-27 09:01:00-04:00,lower,executed,,flat,inactive,2025-06-27 09:01:00-04:00,2025-06-27 15:00:00-04:00,3278.615867930159,3288.0,13.899999999999636,20.849999999999454,cutoff,9.384132069841144
515_lower,2025-05-30,2025-05-30 10:00:00-04:00,2025-06-27 10:00:00-04:00,2025-06-27 09:30:00-04:00,lower,skipped,position_open,open,inactive,,,,,,,,
535_upper,2025-06-27,2025-06-27 10:00:00-04:00,2025-07-25 10:00:00-04:00,2025-06-30 15:08:00-04:00,upper,skipped,no_cutoff,n/a,n/a,,,,,,,,
536_upper,2025-07-01,2025-06-30 10:00:00-04:00,2025-07-28 10:00:00-04:00,2025-06-30 21:05:00-04:00,upper,executed,,flat,inactive,2025-06-30 21:05:00-04:00,2025-07-01 01:01:00-04:00,3328.211898158274,3336.0118981582746,5.200000000000273,7.800000000000409,SL,-7.800000000000637
534_upper,2025-06-26,2025-06-26 10:00:00-04:00,2025-07-24 10:00:00-04:00,2025-07-02 18:15:00-04:00,upper,skipped,no_anchor,n/a,n/a,,,,,,,,
537_lower,2025-07-03,2025-07-01 10:00:00-04:00,2025-07-29 10:00:00-04:00,2025-07-03 08:38:00-04:00,lower,executed,,flat,inactive,2025-07-03 08:38:00-04:00,2025-07-03 09:32:00-04:00,3327.9657326195284,3344.4657326195284,11.0,16.5,TP,16.5
538_lower,2025-07-07,2025-07-02 10:00:00-04:00,2025-07-30 10:00:00-04:00,2025-07-06 21:15:00-04:00,lower,executed,,flat,inactive,2025-07-06 21:15:00-04:00,2025-07-06 22:37:00-04:00,3317.4884797910486,3317.4884797910486,8.099999999999909,12.149999999999864,BE,0.0
540_lower,2025-07-07,2025-07-04 10:00:00-04:00,2025-08-01 10:00:00-04:00,2025-07-07 00:27:00-04:00,lower,executed,,flat,inactive,2025-07-07 00:27:00-04:00,2025-07-07 03:45:00-04:00,3313.904047447846,3313.904047447846,8.400000000000091,12.600000000000136,BE,0.0
539_lower,2025-07-07,2025-07-03 10:00:00-04:00,2025-07-31 10:00:00-04:00,2025-07-07 03:57:00-04:00,lower,executed,,flat,inactive,2025-07-07 03:57:00-04:00,2025-07-07 04:32:00-04:00,3309.7706316908702,3320.7206316908705,7.300000000000182,10.950000000000273,TP,10.950000000000273
542_lower,2025-07-09,2025-07-08 10:00:00-04:00,2025-08-05 10:00:00-04:00,2025-07-08 22:50:00-04:00,lower,executed,,flat,inactive,2025-07-08 22:50:00-04:00,2025-07-09 02:23:00-04:00,3294.686810754934,3294.686810754934,8.099999999999909,12.149999999999864,BE,0.0
543_upper,2025-07-11,2025-07-09 10:00:00-04:00,2025-08-06 10:00:00-04:00,2025-07-10 20:32:00-04:00,upper,executed,,flat,inactive,2025-07-10 20:32:00-04:00,2025-07-10 21:10:00-04:00,3343.122064925132,3337.722064925132,3.599999999999909,5.399999999999864,TP,5.399999999999864
541_upper,2025-07-11,2025-07-07 10:00:00-04:00,2025-08-04 10:00:00-04:00,2025-07-11 06:27:00-04:00,upper,executed,,flat,inactive,2025-07-11 06:27:00-04:00,2025-07-11 08:49:00-04:00,3355.7177824146092,3368.617782414609,8.599999999999909,12.899999999999864,SL,-12.899999999999636
542_upper,2025-07-08,2025-07-08 10:00:00-04:00,2025-08-05 10:00:00-04:00,2025-07-11 09:10:00-04:00,upper,skipped,SAL,n/a,active,,,,,,,,
544_upper,2025-07-10,2025-07-10 10:00:00-04:00,2025-08-07 10:00:00-04:00,2025-07-11 09:18:00-04:00,upper,skipped,SAL,n/a,active,,,,,,,,
539_upper,2025-07-03,2025-07-03 10:00:00-04:00,2025-07-31 10:00:00-04:00,2025-07-11 10:54:00-04:00,upper,skipped,SAL,n/a,active,,,,,,,,
540_upper,2025-07-04,2025-07-04 10:00:00-04:00,2025-08-01 10:00:00-04:00,2025-07-11 10:54:00-04:00,upper,skipped,SAL,n/a,active,,,,,,,,
538_upper,2025-07-14,2025-07-02 10:00:00-04:00,2025-07-30 10:00:00-04:00,2025-07-13 19:18:00-04:00,upper,executed,,flat,inactive,2025-07-13 19:18:00-04:00,2025-07-13 21:50:00-04:00,3388.761520208951,3372.1115202089513,11.099999999999909,16.649999999999864,TP,16.649999999999864
546_lower,2025-07-14,2025-07-14 10:00:00-04:00,2025-08-11 10:00:00-04:00,2025-07-15 11:32:00-04:00,lower,skipped,blocked_time,n/a,n/a,,,,,,,,
545_lower,2025-07-11,2025-07-11 10:00:00-04:00,2025-08-08 10:00:00-04:00,2025-07-15 11:35:00-04:00,lower,skipped,blocked_time,n/a,n/a,,,,,,,,
548_upper,2025-07-16,2025-07-16 10:00:00-04:00,2025-08-13 10:00:00-04:00,2025-07-16 11:16:00-04:00,upper,skipped,blocked_time,n/a,n/a,,,,,,,,
549_upper,2025-07-18,2025-07-17 10:00:00-04:00,2025-08-14 10:00:00-04:00,2025-07-18 05:07:00-04:00,upper,executed,,flat,inactive,2025-07-18 05:07:00-04:00,2025-07-18 07:46:00-04:00,3356.6367137017874,3363.2367137017873,4.400000000000091,6.600000000000136,SL,-6.599999999999909
547_upper,2025-07-21,2025-07-15 10:00:00-04:00,2025-08-12 10:00:00-04:00,2025-07-21 08:23:00-04:00,upper,executed,,flat,inactive,2025-07-21 08:23:00-04:00,2025-07-21 09:47:00-04:00,3388.178580149697,3404.828580149697,11.099999999999909,16.649999999999864,SL,-16.649999999999636
537_upper,2025-07-01,2025-07-01 10:00:00-04:00,2025-07-29 10:00:00-04:00,2025-07-21 08:41:00-04:00,upper,skipped,position_open,open,active,,,,,,,,
546_upper,2025-07-14,2025-07-14 10:00:00-04:00,2025-08-11 10:00:00-04:00,2025-07-21 08:42:00-04:00,upper,skipped,position_open,open,active,,,,,,,,
550_upper,2025-07-18,2025-07-18 10:00:00-04:00,2025-08-15 10:00:00-04:00,2025-07-21 08:43:00-04:00,upper,skipped,position_open,open,active,,,,,,,,
545_upper,2025-07-11,2025-07-11 10:00:00-04:00,2025-08-08 10:00:00-04:00,2025-07-21 09:44:00-04:00,upper,skipped,position_open,open,active,,,,,,,,
551_upper,2025-07-22,2025-07-21 10:00:00-04:00,2025-08-18 10:00:00-04:00,2025-07-22 10:27:00-04:00,upper,executed,,flat,inactive,2025-07-22 10:27:00-04:00,2025-07-22 15:00:00-04:00,3435.648538625222,3441.7,15.0,22.5,cutoff,-6.051461374777773
552_lower,2025-07-24,2025-07-22 10:00:00-04:00,2025-08-19 10:00:00-04:00,2025-07-23 23:06:00-04:00,lower,executed,,flat,inactive,2025-07-23 23:06:00-04:00,2025-07-24 01:14:00-04:00,3383.3699434259293,3383.3699434259293,8.699999999999818,13.049999999999727,BE,0.0
553_lower,2025-07-23,2025-07-23 10:00:00-04:00,2025-08-20 10:00:00-04:00,2025-07-23 23:08:00-04:00,lower,skipped,position_open,open,inactive,,,,,,,,
551_lower,2025-07-24,2025-07-21 10:00:00-04:00,2025-08-18 10:00:00-04:00,2025-07-24 08:49:00-04:00,lower,executed,,flat,inactive,2025-07-24 08:49:00-04:00,2025-07-24 09:40:00-04:00,3359.351461374778,3367.9014613747777,5.699999999999818,8.549999999999727,TP,8.549999999999727
550_lower,2025-07-18,2025-07-18 10:00:00-04:00,2025-08-15 10:00:00-04:00,2025-07-25 11:00:00-04:00,lower,skipped,blocked_time,n/a,n/a,,,,,,,,
554_lower,2025-07-24,2025-07-24 10:00:00-04:00,2025-08-21 10:00:00-04:00,2025-07-25 11:43:00-04:00,lower,skipped,blocked_time,n/a,n/a,,,,,,,,
547_lower,2025-07-15,2025-07-15 10:00:00-04:00,2025-08-12 10:00:00-04:00,2025-07-27 18:00:00-04:00,lower,skipped,no_anchor,n/a,n/a,,,,,,,,
555_lower,2025-07-25,2025-07-25 10:00:00-04:00,2025-08-22 10:00:00-04:00,2025-07-27 18:00:00-04:00,lower,skipped,no_anchor,n/a,n/a,,,,,,,,
548_lower,2025-07-28,2025-07-16 10:00:00-04:00,2025-08-13 10:00:00-04:00,2025-07-28 10:00:00-04:00,lower,executed,,flat,inactive,2025-07-28 10:00:00-04:00,2025-07-28 15:00:00-04:00,3300.2121730626427,3313.4,30.09999999999991,45.149999999999864,cutoff,13.187826937357386
556_upper,2025-07-29,2025-07-28 10:00:00-04:00,2025-08-25 10:00:00-04:00,2025-07-28 20:02:00-04:00,upper,executed,,flat,inactive,2025-07-28 20:02:00-04:00,2025-07-28 21:20:00-04:00,3368.38043450489,3368.38043450489,4.0,6.0,BE,-0.0
555_upper,2025-07-29,2025-07-25 10:00:00-04:00,2025-08-22 10:00:00-04:00,2025-07-29 02:54:00-04:00,upper,executed,,flat,inactive,2025-07-29 02:54:00-04:00,2025-07-29 03:11:00-04:00,3376.6563965741993,3368.1063965741996,5.699999999999818,8.549999999999727,TP,8.549999999999727
557_lower,2025-07-29,2025-07-29 10:00:00-04:00,2025-08-26 10:00:00-04:00,2025-07-30 14:49:00-04:00,lower,skipped,blocked_time,n/a,n/a,,,,,,,,
558_lower,2025-07-30,2025-07-30 10:00:00-04:00,2025-08-27 10:00:00-04:00,2025-07-30 15:26:00-04:00,lower,skipped,no_cutoff,n/a,n/a,,,,,,,,
558_upper,2025-08-01,2025-07-30 10:00:00-04:00,2025-08-27 10:00:00-04:00,2025-08-01 08:43:00-04:00,upper,executed,,flat,inactive,2025-08-01 08:43:00-04:00,2025-08-01 09:10:00-04:00,3392.522567120649,3399.8725671206485,4.899999999999636,7.349999999999454,SL,-7.349999999999454
559_upper,2025-07-31,2025-07-31 10:00:00-04:00,2025-08-28 10:00:00-04:00,2025-08-01 08:45:00-04:00,upper,skipped,position_open,open,active,,,,,,,,
554_upper,2025-07-24,2025-07-24 10:00:00-04:00,2025-08-21 10:00:00-04:00,2025-08-01 09:14:00-04:00,upper,skipped,SAL,n/a,active,,,,,,,,
557_upper,2025-07-29,2025-07-29 10:00:00-04:00,2025-08-26 10:00:00-04:00,2025-08-01 09:16:00-04:00,upper,skipped,SAL,n/a,active,,,,,,,,
560_upper,2025-08-01,2025-08-01 10:00:00-04:00,2025-08-29 10:00:00-04:00,2025-08-05 11:46:00-04:00,upper,skipped,blocked_time,n/a,n/a,,,,,,,,
553_upper,2025-08-07,2025-07-23 10:00:00-04:00,2025-08-20 10:00:00-04:00,2025-08-07 02:42:00-04:00,upper,executed,,flat,inactive,2025-08-07 02:42:00-04:00,2025-08-07 03:49:00-04:00,3455.030954599589,3469.130954599589,9.400000000000091,14.100000000000136,SL,-14.099999999999909
563_upper,2025-08-06,2025-08-06 10:00:00-04:00,2025-09-03 10:00:00-04:00,2025-08-07 03:26:00-04:00,upper,skipped,position_open,open,active,,,,,,,,
562_upper,2025-08-05,2025-08-05 10:00:00-04:00,2025-09-02 10:00:00-04:00,2025-08-07 03:32:00-04:00,upper,skipped,position_open,open,active,,,,,,,,
552_upper,2025-07-22,2025-07-22 10:00:00-04:00,2025-08-19 10:00:00-04:00,2025-08-07 03:39:00-04:00,upper,skipped,position_open,open,active,,,,,,,,
561_upper,2025-08-04,2025-08-04 10:00:00-04:00,2025-09-01 10:00:00-04:00,2025-08-07 16:20:00-04:00,upper,skipped,no_cutoff,n/a,n/a,,,,,,,,
564_upper,2025-08-07,2025-08-07 10:00:00-04:00,2025-09-04 10:00:00-04:00,2025-08-07 18:01:00-04:00,upper,skipped,no_anchor,n/a,n/a,,,,,,,,
565_lower,2025-08-11,2025-08-08 10:00:00-04:00,2025-09-05 10:00:00-04:00,2025-08-10 21:00:00-04:00,lower,executed,,flat,inactive,2025-08-10 21:00:00-04:00,2025-08-11 02:31:00-04:00,3442.1579110298258,3423.4079110298258,12.5,18.75,SL,-18.75
564_lower,2025-08-07,2025-08-07 10:00:00-04:00,2025-09-04 10:00:00-04:00,2025-08-11 03:38:00-04:00,lower,skipped,SAL,n/a,active,,,,,,,,
562_lower,2025-08-05,2025-08-05 10:00:00-04:00,2025-09-02 10:00:00-04:00,2025-08-12 07:20:00-04:00,lower,skipped,simultaneous_collision,flat,inactive,,,,,,,,
561_lower,2025-08-12,2025-08-04 10:00:00-04:00,2025-09-01 10:00:00-04:00,2025-08-12 07:20:00-04:00,lower,executed,,flat,inactive,2025-08-12 07:20:00-04:00,2025-08-12 08:20:00-04:00,3389.8282446982353,3389.8282446982353,7.099999999999909,10.649999999999864,BE,0.0
563_lower,2025-08-06,2025-08-06 10:00:00-04:00,2025-09-03 10:00:00-04:00,2025-08-12 07:35:00-04:00,lower,skipped,position_open,open,inactive,,,,,,,,
568_lower,2025-08-18,2025-08-13 10:00:00-04:00,2025-09-10 10:00:00-04:00,2025-08-17 19:12:00-04:00,lower,executed,,flat,inactive,2025-08-17 19:12:00-04:00,2025-08-17 20:21:00-04:00,3375.3727049980025,3386.022704998002,7.099999999999909,10.649999999999864,TP,10.649999999999864
566_lower,2025-08-11,2025-08-11 10:00:00-04:00,2025-09-08 10:00:00-04:00,2025-08-17 19:17:00-04:00,lower,skipped,position_open,open,inactive,,,,,,,,
569_lower,2025-08-14,2025-08-14 10:00:00-04:00,2025-09-11 10:00:00-04:00,2025-08-19 12:23:00-04:00,lower,skipped,blocked_time,n/a,n/a,,,,,,,,
560_lower,2025-08-01,2025-08-01 10:00:00-04:00,2025-08-29 10:00:00-04:00,2025-08-19 12:38:00-04:00,lower,skipped,blocked_time,n/a,n/a,,,,,,,,
567_lower,2025-08-20,2025-08-12 10:00:00-04:00,2025-09-09 10:00:00-04:00,2025-08-19 19:53:00-04:00,lower,executed,,flat,inactive,2025-08-19 19:53:00-04:00,2025-08-19 20:39:00-04:00,3355.4787128364896,3355.4787128364896,2.400000000000091,3.6000000000001364,BE,0.0
572_upper,2025-08-22,2025-08-19 10:00:00-04:00,2025-09-16 10:00:00-04:00,2025-08-22 10:19:00-04:00,upper,executed,,flat,inactive,2025-08-22 10:19:00-04:00,2025-08-22 15:00:00-04:00,3410.4282172013027,3417.4,13.799999999999727,20.69999999999959,cutoff,-6.971782798697404
570_upper,2025-08-15,2025-08-15 10:00:00-04:00,2025-09-12 10:00:00-04:00,2025-08-22 10:31:00-04:00,upper,skipped,position_open,open,active,,,,,,,,
575_upper,2025-08-22,2025-08-22 10:00:00-04:00,2025-09-19 10:00:00-04:00,2025-08-22 10:34:00-04:00,upper,skipped,position_open,open,active,,,,,,,,
571_upper,2025-08-18,2025-08-18 10:00:00-04:00,2025-09-15 10:00:00-04:00,2025-08-22 10:47:00-04:00,upper,skipped,position_open,open,active,,,,,,,,
573_upper,2025-08-20,2025-08-20 10:00:00-04:00,2025-09-17 10:00:00-04:00,2025-08-22 10:47:00-04:00,upper,skipped,position_open,open,active,,,,,,,,
574_upper,2025-08-26,2025-08-21 10:00:00-04:00,2025-09-18 10:00:00-04:00,2025-08-25 20:22:00-04:00,upper,executed,,flat,inactive,2025-08-25 20:22:00-04:00,2025-08-26 15:00:00-04:00,3423.6282318174217,3434.0,11.699999999999818,17.549999999999727,cutoff,-10.371768182578307
569_upper,2025-08-14,2025-08-14 10:00:00-04:00,2025-09-11 10:00:00-04:00,2025-08-25 20:23:00-04:00,upper,skipped,position_open,open,active,,,,,,,,
567_upper,2025-08-12,2025-08-12 10:00:00-04:00,2025-09-09 10:00:00-04:00,2025-08-26 16:15:00-04:00,upper,skipped,no_cutoff,n/a,n/a,,,,,,,,
568_upper,2025-08-13,2025-08-13 10:00:00-04:00,2025-09-10 10:00:00-04:00,2025-08-26 16:52:00-04:00,upper,skipped,no_cutoff,n/a,n/a,,,,,,,,
576_upper,2025-08-25,2025-08-25 10:00:00-04:00,2025-09-22 10:00:00-04:00,2025-08-26 18:00:00-04:00,upper,skipped,no_anchor,n/a,n/a,,,,,,,,
566_upper,2025-08-11,2025-08-11 10:00:00-04:00,2025-09-08 10:00:00-04:00,2025-08-27 12:35:00-04:00,upper,skipped,blocked_time,n/a,n/a,,,,,,,,
577_upper,2025-08-26,2025-08-26 10:00:00-04:00,2025-09-23 10:00:00-04:00,2025-08-27 18:00:00-04:00,upper,skipped,no_anchor,n/a,n/a,,,,,,,,
578_upper,2025-08-28,2025-08-27 10:00:00-04:00,2025-09-24 10:00:00-04:00,2025-08-28 07:30:00-04:00,upper,executed,,flat,inactive,2025-08-28 07:30:00-04:00,2025-08-28 09:07:00-04:00,3461.5784670595503,3453.478467059551,5.399999999999636,8.099999999999454,TP,8.099999999999454
579_upper,2025-08-29,2025-08-28 10:00:00-04:00,2025-09-25 10:00:00-04:00,2025-08-29 10:12:00-04:00,upper,executed,,flat,inactive,2025-08-29 10:12:00-04:00,2025-08-29 15:00:00-04:00,3497.6300053432547,3508.5,16.09999999999991,24.149999999999864,cutoff,-10.869994656745348
580_upper,2025-08-29,2025-08-29 10:00:00-04:00,2025-09-26 10:00:00-04:00,2025-08-29 13:02:00-04:00,upper,skipped,blocked_time,n/a,n/a,,,,,,,,
565_upper,2025-09-01,2025-08-08 10:00:00-04:00,2025-09-05 10:00:00-04:00,2025-08-31 22:05:00-04:00,upper,executed,,flat,inactive,2025-08-31 22:05:00-04:00,2025-09-01 14:29:00-04:00,3529.0920889701742,3545.8,22.59999999999991,33.899999999999864,cutoff,-16.707911029825937
581_upper,2025-09-02,2025-09-01 10:00:00-04:00,2025-09-29 10:00:00-04:00,2025-09-02 10:47:00-04:00,upper,executed,,flat,inactive,2025-09-02 10:47:00-04:00,2025-09-02 11:38:00-04:00,3579.605591896457,3579.605591896457,16.200000000000273,24.30000000000041,BE,-0.0
582_upper,2025-09-02,2025-09-02 10:00:00-04:00,2025-09-30 10:00:00-04:00,2025-09-02 12:11:00-04:00,upper,skipped,blocked_time,n/a,n/a,,,,,,,,
583_lower,2025-09-04,2025-09-03 10:00:00-04:00,2025-10-01 10:00:00-04:00,2025-09-03 23:12:00-04:00,lower,executed,,flat,inactive,2025-09-03 23:12:00-04:00,2025-09-04 01:51:00-04:00,3582.4862635310064,3582.4862635310064,25.09999999999991,37.649999999999864,BE,0.0
584_upper,2025-09-04,2025-09-04 10:00:00-04:00,2025-10-02 10:00:00-04:00,2025-09-05 12:24:00-04:00,upper,skipped,blocked_time,n/a,n/a,,,,,,,,
583_upper,2025-09-08,2025-09-03 10:00:00-04:00,2025-10-01 10:00:00-04:00,2025-09-08 08:56:00-04:00,upper,executed,,flat,inactive,2025-09-08 08:56:00-04:00,2025-09-08 09:46:00-04:00,3664.5137364689936,3674.5637364689933,6.699999999999818,10.049999999999727,SL,-10.049999999999727
585_upper,2025-09-05,2025-09-05 10:00:00-04:00,2025-10-03 10:00:00-04:00,2025-09-08 11:01:00-04:00,upper,skipped,blocked_time,n/a,n/a,,,,,,,,
586_upper,2025-09-09,2025-09-08 10:00:00-04:00,2025-10-06 10:00:00-04:00,2025-09-09 09:36:00-04:00,upper,executed,,flat,inactive,2025-09-09 09:36:00-04:00,2025-09-09 10:07:00-04:00,3705.4078335825407,3686.8078335825403,12.400000000000091,18.600000000000136,TP,18.600000000000136
587_lower,2025-09-09,2025-09-09 10:00:00-04:00,2025-10-07 10:00:00-04:00,2025-09-09 18:00:00-04:00,lower,skipped,no_anchor,n/a,n/a,,,,,,,,
588_lower,2025-09-11,2025-09-10 10:00:00-04:00,2025-10-08 10:00:00-04:00,2025-09-11 05:15:00-04:00,lower,executed,,flat,inactive,2025-09-11 05:15:00-04:00,2025-09-11 06:36:00-04:00,3654.1673343741395,3662.86733437414,5.800000000000182,8.700000000000273,TP,8.700000000000273
589_upper,2025-09-15,2025-09-11 10:00:00-04:00,2025-10-09 10:00:00-04:00,2025-09-15 09:40:00-04:00,upper,executed,,flat,inactive,2025-09-15 09:40:00-04:00,2025-09-15 10:48:00-04:00,3701.000856995464,3701.000856995464,14.700000000000273,22.05000000000041,BE,-0.0
590_upper,2025-09-12,2025-09-12 10:00:00-04:00,2025-10-10 10:00:00-04:00,2025-09-15 11:56:00-04:00,upper,skipped,blocked_time,n/a,n/a,,,,,,,,
588_upper,2025-09-10,2025-09-10 10:00:00-04:00,2025-10-08 10:00:00-04:00,2025-09-15 12:29:00-04:00,upper,skipped,blocked_time,n/a,n/a,,,,,,,,
591_upper,2025-09-16,2025-09-15 10:00:00-04:00,2025-10-13 10:00:00-04:00,2025-09-16 02:58:00-04:00,upper,executed,,flat,inactive,2025-09-16 02:58:00-04:00,2025-09-16 03:57:00-04:00,3731.008857897352,3724.5588578973516,4.300000000000182,6.450000000000273,TP,6.450000000000273
592_lower,2025-09-17,2025-09-16 10:00:00-04:00,2025-10-14 10:00:00-04:00,2025-09-17 06:13:00-04:00,lower,executed,,flat,inactive,2025-09-17 06:13:00-04:00,2025-09-17 06:59:00-04:00,3696.8447891492146,3696.8447891492146,7.299999999999727,10.94999999999959,BE,0.0
593_lower,2025-09-18,2025-09-17 10:00:00-04:00,2025-10-15 10:00:00-04:00,2025-09-18 02:04:00-04:00,lower,executed,,flat,inactive,2025-09-18 02:04:00-04:00,2025-09-18 04:37:00-04:00,3677.796726759092,3693.8467267590922,10.700000000000273,16.05000000000041,TP,16.05000000000041
595_upper,2025-09-19,2025-09-19 10:00:00-04:00,2025-10-17 10:00:00-04:00,2025-09-21 18:26:00-04:00,upper,skipped,no_anchor,n/a,n/a,,,,,,,,
594_upper,2025-09-22,2025-09-18 10:00:00-04:00,2025-10-16 10:00:00-04:00,2025-09-21 21:15:00-04:00,upper,executed,,flat,inactive,2025-09-21 21:15:00-04:00,2025-09-21 21:42:00-04:00,3731.807772676959,3723.557772676959,5.5,8.25,TP,8.25
587_upper,2025-09-22,2025-09-09 10:00:00-04:00,2025-10-07 10:00:00-04:00,2025-09-22 02:37:00-04:00,upper,executed,,flat,inactive,2025-09-22 02:37:00-04:00,2025-09-22 03:25:00-04:00,3744.9940388210503,3744.9940388210503,8.700000000000273,13.05000000000041,BE,-0.0
593_upper,2025-09-17,2025-09-17 10:00:00-04:00,2025-10-15 10:00:00-04:00,2025-09-22 02:40:00-04:00,upper,skipped,position_open,open,inactive,,,,,,,,
592_upper,2025-09-16,2025-09-16 10:00:00-04:00,2025-10-14 10:00:00-04:00,2025-09-22 11:39:00-04:00,upper,skipped,blocked_time,n/a,n/a,,,,,,,,
596_upper,2025-09-23,2025-09-22 10:00:00-04:00,2025-10-20 10:00:00-04:00,2025-09-22 21:16:00-04:00,upper,executed,,flat,inactive,2025-09-22 21:16:00-04:00,2025-09-22 21:27:00-04:00,3792.3155775070345,3783.915577507035,5.599999999999909,8.399999999999864,TP,8.399999999999864
597_lower,2025-09-23,2025-09-23 10:00:00-04:00,2025-10-21 10:00:00-04:00,2025-09-24 11:58:00-04:00,lower,skipped,blocked_time,n/a,n/a,,,,,,,,
598_lower,2025-09-24,2025-09-24 10:00:00-04:00,2025-10-22 10:00:00-04:00,2025-09-24 14:18:00-04:00,lower,skipped,blocked_time,n/a,n/a,,,,,,,,
599_upper,2025-09-26,2025-09-25 10:00:00-04:00,2025-10-23 10:00:00-04:00,2025-09-26 10:26:00-04:00,upper,executed,,flat,inactive,2025-09-26 10:26:00-04:00,2025-09-26 15:00:00-04:00,3814.3653470371405,3807.2,16.0,24.0,cutoff,7.165347037140691
600_upper,2025-09-29,2025-09-26 10:00:00-04:00,2025-10-24 10:00:00-04:00,2025-09-28 23:12:00-04:00,upper,executed,,flat,inactive,2025-09-28 23:12:00-04:00,2025-09-29 00:23:00-04:00,3828.115732197221,3828.115732197221,21.5,32.25,BE,-0.0
598_upper,2025-09-29,2025-09-24 10:00:00-04:00,2025-10-22 10:00:00-04:00,2025-09-29 00:49:00-04:00,upper,executed,,flat,inactive,2025-09-29 00:49:00-04:00,2025-09-29 01:52:00-04:00,3836.609866407192,3836.609866407192,7.0,10.5,BE,-0.0
597_upper,2025-09-29,2025-09-23 10:00:00-04:00,2025-10-21 10:00:00-04:00,2025-09-29 07:42:00-04:00,upper,executed,,flat,inactive,2025-09-29 07:42:00-04:00,2025-09-29 09:40:00-04:00,3856.756282136697,3856.756282136697,12.199999999999818,18.299999999999727,BE,-0.0
601_upper,2025-09-30,2025-09-29 10:00:00-04:00,2025-10-27 10:00:00-04:00,2025-09-29 23:36:00-04:00,upper,executed,,flat,inactive,2025-09-29 23:36:00-04:00,2025-09-30 03:48:00-04:00,3888.727397708438,3873.8773977084375,9.900000000000091,14.850000000000136,TP,14.850000000000136
602_upper,2025-10-01,2025-09-30 10:00:00-04:00,2025-10-28 10:00:00-04:00,2025-09-30 19:09:00-04:00,upper,executed,,flat,inactive,2025-09-30 19:09:00-04:00,2025-09-30 19:58:00-04:00,3890.29117448095,3890.29117448095,7.299999999999727,10.94999999999959,BE,-0.0
604_lower,2025-10-02,2025-10-02 10:00:00-04:00,2025-10-30 10:00:00-04:00,2025-10-02 10:40:00-04:00,lower,executed,,flat,inactive,2025-10-02 10:40:00-04:00,2025-10-02 15:00:00-04:00,3864.3296232844136,3875.5,25.200000000000273,37.80000000000041,cutoff,11.170376715586372
603_lower,2025-10-01,2025-10-01 10:00:00-04:00,2025-10-29 10:00:00-04:00,2025-10-02 10:46:00-04:00,lower,skipped,position_open,open,inactive,,,,,,,,
603_upper,2025-10-06,2025-10-01 10:00:00-04:00,2025-10-29 10:00:00-04:00,2025-10-05 19:03:00-04:00,upper,executed,,flat,inactive,2025-10-05 19:03:00-04:00,2025-10-05 19:50:00-04:00,3936.3680087860153,3936.3680087860153,21.100000000000364,31.650000000000546,BE,-0.0
605_upper,2025-10-06,2025-10-03 10:00:00-04:00,2025-10-31 10:00:00-04:00,2025-10-05 23:11:00-04:00,upper,executed,,flat,inactive,2025-10-05 23:11:00-04:00,2025-10-06 00:41:00-04:00,3950.352201578077,3961.302201578077,7.300000000000182,10.950000000000273,SL,-10.950000000000273
604_upper,2025-10-02,2025-10-02 10:00:00-04:00,2025-10-30 10:00:00-04:00,2025-10-06 01:05:00-04:00,upper,skipped,SAL,n/a,active,,,,,,,,
606_upper,2025-10-07,2025-10-06 10:00:00-04:00,2025-11-03 10:00:00-05:00,2025-10-07 09:02:00-04:00,upper,executed,,flat,inactive,2025-10-07 09:02:00-04:00,2025-10-07 10:34:00-04:00,4005.0816391367475,4005.0816391367475,17.09999999999991,25.649999999999864,BE,-0.0
607_upper,2025-10-08,2025-10-07 10:00:00-04:00,2025-11-04 10:00:00-05:00,2025-10-08 00:47:00-04:00,upper,executed,,flat,inactive,2025-10-08 00:47:00-04:00,2025-10-08 01:23:00-04:00,4043.7880976687325,4054.738097668732,7.299999999999727,10.94999999999959,SL,-10.949999999999363
608_lower,2025-10-08,2025-10-08 10:00:00-04:00,2025-11-05 10:00:00-05:00,2025-10-09 12:34:00-04:00,lower,skipped,blocked_time,n/a,n/a,,,,,,,,
609_lower,2025-10-09,2025-10-09 10:00:00-04:00,2025-11-06 10:00:00-05:00,2025-10-09 12:40:00-04:00,lower,skipped,blocked_time,n/a,n/a,,,,,,,,
607_lower,2025-10-07,2025-10-07 10:00:00-04:00,2025-11-04 10:00:00-05:00,2025-10-09 13:16:00-04:00,lower,skipped,blocked_time,n/a,n/a,,,,,,,,
610_upper,2025-10-10,2025-10-10 10:00:00-04:00,2025-11-07 10:00:00-05:00,2025-10-12 18:24:00-04:00,upper,skipped,no_anchor,n/a,n/a,,,,,,,,
608_upper,2025-10-13,2025-10-08 10:00:00-04:00,2025-11-05 10:00:00-05:00,2025-10-13 06:50:00-04:00,upper,executed,,flat,inactive,2025-10-13 06:50:00-04:00,2025-10-13 08:22:00-04:00,4101.135766703476,4101.135766703476,9.900000000000546,14.850000000000819,BE,-0.0
609_upper,2025-10-09,2025-10-09 10:00:00-04:00,2025-11-06 10:00:00-05:00,2025-10-13 12:08:00-04:00,upper,skipped,blocked_time,n/a,n/a,,,,,,,,
611_upper,2025-10-14,2025-10-13 10:00:00-04:00,2025-11-10 10:00:00-05:00,2025-10-13 21:12:00-04:00,upper,executed,,flat,inactive,2025-10-13 21:12:00-04:00,2025-10-13 22:02:00-04:00,4157.791286396349,4157.791286396349,11.399999999999636,17.099999999999454,BE,-0.0
612_upper,2025-10-15,2025-10-14 10:00:00-04:00,2025-11-11 10:00:00-05:00,2025-10-14 19:37:00-04:00,upper,executed,,flat,inactive,2025-10-14 19:37:00-04:00,2025-10-15 03:09:00-04:00,4183.444433140793,4218.244433140793,23.199999999999818,34.79999999999973,SL,-34.80000000000018
613_upper,2025-10-16,2025-10-15 10:00:00-04:00,2025-11-12 10:00:00-05:00,2025-10-16 05:58:00-04:00,upper,executed,,flat,inactive,2025-10-16 05:58:00-04:00,2025-10-16 06:45:00-04:00,4256.895191061449,4256.895191061449,6.900000000000546,10.350000000000819,BE,-0.0
614_upper,2025-10-16,2025-10-16 10:00:00-04:00,2025-11-13 10:00:00-05:00,2025-10-16 13:37:00-04:00,upper,skipped,blocked_time,n/a,n/a,,,,,,,,
615_lower,2025-10-17,2025-10-17 10:00:00-04:00,2025-11-14 10:00:00-05:00,2025-10-17 12:30:00-04:00,lower,skipped,blocked_time,n/a,n/a,,,,,,,,
614_lower,2025-10-16,2025-10-16 10:00:00-04:00,2025-11-13 10:00:00-05:00,2025-10-17 12:34:00-04:00,lower,skipped,blocked_time,n/a,n/a,,,,,,,,
616_upper,2025-10-20,2025-10-20 10:00:00-04:00,2025-11-17 10:00:00-05:00,2025-10-20 15:55:00-04:00,upper,skipped,no_cutoff,n/a,n/a,,,,,,,,
616_lower,2025-10-21,2025-10-20 10:00:00-04:00,2025-11-17 10:00:00-05:00,2025-10-21 04:13:00-04:00,lower,executed,,flat,inactive,2025-10-21 04:13:00-04:00,2025-10-21 05:12:00-04:00,4271.440208622168,4271.440208622168,50.100000000000364,75.15000000000055,BE,0.0
613_lower,2025-10-21,2025-10-15 10:00:00-04:00,2025-11-12 10:00:00-05:00,2025-10-21 10:28:00-04:00,lower,executed,,flat,inactive,2025-10-21 10:28:00-04:00,2025-10-21 15:00:00-04:00,4159.1548089385515,4131.7,59.79999999999927,89.69999999999891,cutoff,-27.45480893855165
617_lower,2025-10-21,2025-10-21 10:00:00-04:00,2025-11-18 10:00:00-05:00,2025-10-21 10:38:00-04:00,lower,skipped,position_open,open,active,,,,,,,,
612_lower,2025-10-22,2025-10-14 10:00:00-04:00,2025-11-11 10:00:00-05:00,2025-10-21 20:02:00-04:00,lower,executed,,flat,inactive,2025-10-21 20:02:00-04:00,2025-10-21 20:57:00-04:00,4076.955566859208,4076.955566859208,37.30000000000018,55.95000000000027,BE,0.0
611_lower,2025-10-13,2025-10-13 10:00:00-04:00,2025-11-10 10:00:00-05:00,2025-10-21 20:06:00-04:00,lower,skipped,position_open,open,inactive,,,,,,,,
618_upper,2025-10-23,2025-10-22 10:00:00-04:00,2025-11-19 10:00:00-05:00,2025-10-23 02:04:00-04:00,upper,executed,,flat,inactive,2025-10-23 02:04:00-04:00,2025-10-23 05:15:00-04:00,4137.183707767655,4137.183707767655,26.100000000000364,39.150000000000546,BE,-0.0
619_lower,2025-10-24,2025-10-23 10:00:00-04:00,2025-11-20 10:00:00-05:00,2025-10-24 02:03:00-04:00,lower,executed,,flat,inactive,2025-10-24 02:03:00-04:00,2025-10-24 02:49:00-04:00,4109.131046034143,4109.131046034143,15.100000000000364,22.650000000000546,BE,0.0
620_lower,2025-10-24,2025-10-24 10:00:00-04:00,2025-11-21 10:00:00-05:00,2025-10-26 18:00:00-04:00,lower,skipped,no_anchor,n/a,n/a,,,,,,,,
618_lower,2025-10-27,2025-10-22 10:00:00-04:00,2025-11-19 10:00:00-05:00,2025-10-27 10:16:00-04:00,lower,executed,,flat,inactive,2025-10-27 10:16:00-04:00,2025-10-27 15:00:00-04:00,4011.516292232346,4012.5,37.90000000000009,56.850000000000136,cutoff,0.9837077676538684
621_lower,2025-10-27,2025-10-27 10:00:00-04:00,2025-11-24 10:00:00-05:00,2025-10-27 11:00:00-04:00,lower,skipped,blocked_time,n/a,n/a,,,,,,,,
610_lower,2025-10-28,2025-10-10 10:00:00-04:00,2025-11-07 10:00:00-05:00,2025-10-28 02:54:00-04:00,lower,executed,,flat,inactive,2025-10-28 02:54:00-04:00,2025-10-28 04:37:00-04:00,3955.150794586188,3922.000794586188,22.09999999999991,33.149999999999864,SL,-33.15000000000009
606_lower,2025-10-06,2025-10-06 10:00:00-04:00,2025-11-03 10:00:00-05:00,2025-10-28 04:58:00-04:00,lower,skipped,SAL,n/a,active,,,,,,,,
622_upper,2025-10-29,2025-10-28 10:00:00-04:00,2025-11-25 10:00:00-05:00,2025-10-29 02:46:00-04:00,upper,executed,,flat,inactive,2025-10-29 02:46:00-04:00,2025-10-29 04:05:00-04:00,3997.6149969752837,4021.314996975283,15.799999999999727,23.69999999999959,SL,-23.699999999999363
623_lower,2025-10-29,2025-10-29 10:00:00-04:00,2025-11-26 10:00:00-05:00,2025-10-29 14:35:00-04:00,lower,skipped,blocked_time,n/a,n/a,,,,,,,,
624_upper,2025-10-30,2025-10-30 10:00:00-04:00,2025-11-27 10:00:00-05:00,2025-10-30 18:50:00-04:00,upper,skipped,no_anchor,n/a,n/a,,,,,,,,
625_lower,2025-10-31,2025-10-31 10:00:00-04:00,2025-11-28 10:00:00-05:00,2025-10-31 12:15:00-04:00,lower,skipped,blocked_time,n/a,n/a,,,,,,,,
626_lower,2025-11-04,2025-11-03 10:00:00-05:00,2025-12-01 10:00:00-05:00,2025-11-04 09:29:00-05:00,lower,executed,,flat,inactive,2025-11-04 09:29:00-05:00,2025-11-04 15:00:00-05:00,3968.9342467843444,3947.8,24.90000000000009,37.350000000000136,cutoff,-21.134246784344214
627_upper,2025-11-06,2025-11-04 10:00:00-05:00,2025-12-02 10:00:00-05:00,2025-11-06 02:20:00-05:00,upper,executed,,flat,inactive,2025-11-06 02:20:00-05:00,2025-11-06 10:01:00-05:00,4014.4536435268633,3997.0536435268627,11.600000000000364,17.400000000000546,TP,17.400000000000546
628_upper,2025-11-10,2025-11-05 10:00:00-05:00,2025-12-03 10:00:00-05:00,2025-11-09 20:18:00-05:00,upper,executed,,flat,inactive,2025-11-09 20:18:00-05:00,2025-11-09 20:26:00-05:00,4040.4518501820603,4059.8018501820607,12.900000000000091,19.350000000000136,SL,-19.350000000000364
629_upper,2025-11-06,2025-11-06 10:00:00-05:00,2025-12-04 10:00:00-05:00,2025-11-09 20:20:00-05:00,upper,skipped,position_open,open,active,,,,,,,,
630_upper,2025-11-07,2025-11-07 10:00:00-05:00,2025-12-05 10:00:00-05:00,2025-11-09 20:22:00-05:00,upper,skipped,position_open,open,active,,,,,,,,
623_upper,2025-10-29,2025-10-29 10:00:00-04:00,2025-11-26 10:00:00-05:00,2025-11-10 00:50:00-05:00,upper,skipped,SAL,n/a,active,,,,,,,,
626_upper,2025-11-03,2025-11-03 10:00:00-05:00,2025-12-01 10:00:00-05:00,2025-11-10 01:23:00-05:00,upper,skipped,SAL,n/a,active,,,,,,,,
625_upper,2025-10-31,2025-10-31 10:00:00-04:00,2025-11-28 10:00:00-05:00,2025-11-10 01:31:00-05:00,upper,skipped,SAL,n/a,active,,,,,,,,
621_upper,2025-10-27,2025-10-27 10:00:00-04:00,2025-11-24 10:00:00-05:00,2025-11-10 07:01:00-05:00,upper,skipped,SAL,n/a,active,,,,,,,,
631_upper,2025-11-11,2025-11-10 10:00:00-05:00,2025-12-08 10:00:00-05:00,2025-11-10 19:51:00-05:00,upper,executed,,flat,inactive,2025-11-10 19:51:00-05:00,2025-11-10 22:16:00-05:00,4138.062423966668,4150.362423966668,8.199999999999818,12.299999999999727,SL,-12.300000000000182
620_upper,2025-11-12,2025-10-24 10:00:00-04:00,2025-11-21 10:00:00-05:00,2025-11-12 10:17:00-05:00,upper,executed,,flat,inactive,2025-11-12 10:17:00-05:00,2025-11-12 11:34:00-05:00,4177.6113131282145,4201.761313128215,16.100000000000364,24.150000000000546,SL,-24.150000000000546
632_upper,2025-11-11,2025-11-11 10:00:00-05:00,2025-12-09 10:00:00-05:00,2025-11-12 10:33:00-05:00,upper,skipped,position_open,open,active,,,,,,,,
633_upper,2025-11-12,2025-11-12 10:00:00-05:00,2025-12-10 10:00:00-05:00,2025-11-12 10:34:00-05:00,upper,skipped,position_open,open,active,,,,,,,,
619_upper,2025-10-23,2025-10-23 10:00:00-04:00,2025-11-20 10:00:00-05:00,2025-11-12 12:39:00-05:00,upper,skipped,blocked_time,n/a,n/a,,,,,,,,
634_lower,2025-11-13,2025-11-13 10:00:00-05:00,2025-12-11 10:00:00-05:00,2025-11-13 13:38:00-05:00,lower,skipped,blocked_time,n/a,n/a,,,,,,,,
633_lower,2025-11-14,2025-11-12 10:00:00-05:00,2025-12-10 10:00:00-05:00,2025-11-14 08:12:00-05:00,lower,executed,,flat,inactive,2025-11-14 08:12:00-05:00,2025-11-14 09:02:00-05:00,4092.0504669896236,4040.450466989624,34.399999999999636,51.599999999999454,SL,-51.599999999999454
632_lower,2025-11-11,2025-11-11 10:00:00-05:00,2025-12-09 10:00:00-05:00,2025-11-14 08:13:00-05:00,lower,skipped,position_open,open,active,,,,,,,,
631_lower,2025-11-10,2025-11-10 10:00:00-05:00,2025-12-08 10:00:00-05:00,2025-11-14 08:50:00-05:00,lower,skipped,position_open,open,active,,,,,,,,
636_lower,2025-11-17,2025-11-17 10:00:00-05:00,2025-12-15 10:00:00-05:00,2025-11-17 14:42:00-05:00,lower,skipped,blocked_time,n/a,n/a,,,,,,,,
636_upper,2025-11-19,2025-11-17 10:00:00-05:00,2025-12-15 10:00:00-05:00,2025-11-19 07:11:00-05:00,upper,executed,,flat,inactive,2025-11-19 07:11:00-05:00,2025-11-19 08:11:00-05:00,4120.782021224289,4103.682021224289,11.399999999999636,17.099999999999454,TP,17.099999999999454
637_upper,2025-11-19,2025-11-18 10:00:00-05:00,2025-12-16 10:00:00-05:00,2025-11-19 10:00:00-05:00,upper,executed,,flat,inactive,2025-11-19 10:00:00-05:00,2025-11-19 11:01:00-05:00,4130.9857492244355,4088.385749224436,28.399999999999636,42.599999999999454,TP,42.599999999999454
635_upper,2025-11-14,2025-11-14 10:00:00-05:00,2025-12-12 10:00:00-05:00,2025-11-19 10:15:00-05:00,upper,skipped,position_open,open,inactive,,,,,,,,
638_lower,2025-11-20,2025-11-19 10:00:00-05:00,2025-12-17 10:00:00-05:00,2025-11-19 21:18:00-05:00,lower,executed,,flat,inactive,2025-11-19 21:18:00-05:00,2025-11-20 03:04:00-05:00,4048.9083542324265,4048.9083542324265,27.199999999999818,40.79999999999973,BE,0.0
639_lower,2025-11-21,2025-11-20 10:00:00-05:00,2025-12-18 10:00:00-05:00,2025-11-21 03:03:00-05:00,lower,executed,,flat,inactive,2025-11-21 03:03:00-05:00,2025-11-21 03:17:00-05:00,4019.9194149386035,4042.8694149386038,15.300000000000182,22.950000000000273,TP,22.950000000000273
640_upper,2025-11-21,2025-11-21 10:00:00-05:00,2025-12-19 10:00:00-05:00,2025-11-24 13:53:00-05:00,upper,skipped,blocked_time,n/a,n/a,,,,,,,,
641_upper,2025-11-24,2025-11-24 10:00:00-05:00,2025-12-22 10:00:00-05:00,2025-11-24 15:31:00-05:00,upper,skipped,no_cutoff,n/a,n/a,,,,,,,,
639_upper,2025-11-20,2025-11-20 10:00:00-05:00,2025-12-18 10:00:00-05:00,2025-11-24 19:00:00-05:00,upper,skipped,simultaneous_collision,flat,inactive,,,,,,,,
638_upper,2025-11-25,2025-11-19 10:00:00-05:00,2025-12-17 10:00:00-05:00,2025-11-24 19:00:00-05:00,upper,executed,,flat,inactive,2025-11-24 19:00:00-05:00,2025-11-24 21:05:00-05:00,4175.641645767574,4175.641645767574,18.199999999999818,27.299999999999727,BE,-0.0
642_upper,2025-11-28,2025-11-25 10:00:00-05:00,2025-12-23 10:00:00-05:00,2025-11-27 20:01:00-05:00,upper,executed,,flat,inactive,2025-11-27 20:01:00-05:00,2025-11-28 13:29:00-05:00,4220.344417367522,4255.894417367521,23.699999999999818,35.54999999999973,SL,-35.54999999999927
643_upper,2025-11-26,2025-11-26 10:00:00-05:00,2025-12-24 10:00:00-05:00,2025-11-27 20:42:00-05:00,upper,skipped,position_open,open,active,,,,,,,,
644_upper,2025-11-27,2025-11-27 10:00:00-05:00,2025-12-26 10:00:00-05:00,2025-11-27 20:42:00-05:00,upper,skipped,position_open,open,active,,,,,,,,
634_upper,2025-12-01,2025-11-13 10:00:00-05:00,2025-12-11 10:00:00-05:00,2025-11-30 20:28:00-05:00,upper,executed,,flat,inactive,2025-11-30 20:28:00-05:00,2025-12-01 00:26:00-05:00,4272.895442599074,4248.595442599075,16.199999999999818,24.299999999999727,TP,24.299999999999727
645_upper,2025-11-28,2025-11-28 10:00:00-05:00,2025-12-29 10:00:00-05:00,2025-11-30 20:54:00-05:00,upper,skipped,position_open,open,inactive,,,,,,,,
646_lower,2025-12-02,2025-12-01 10:00:00-05:00,2025-12-30 10:00:00-05:00,2025-12-01 20:09:00-05:00,lower,executed,,flat,inactive,2025-12-01 20:09:00-05:00,2025-12-01 20:10:00-05:00,4220.200648455023,4232.950648455023,8.5,12.75,TP,12.75
647_lower,2025-12-02,2025-12-02 10:00:00-05:00,2025-12-31 10:00:00-05:00,2025-12-02 10:36:00-05:00,lower,executed,,flat,inactive,2025-12-02 10:36:00-05:00,2025-12-02 15:00:00-05:00,4211.6494163540265,4230.5,19.199999999999818,28.799999999999727,cutoff,18.85058364597353
649_upper,2025-12-05,2025-12-04 10:00:00-05:00,2026-01-05 10:00:00-05:00,2025-12-05 10:32:00-05:00,upper,executed,,flat,inactive,2025-12-05 10:32:00-05:00,2025-12-05 11:10:00-05:00,4283.067819902057,4255.317819902057,18.5,27.75,TP,27.75
650_lower,2025-12-08,2025-12-05 10:00:00-05:00,2026-01-06 10:00:00-05:00,2025-12-08 10:00:00-05:00,lower,executed,,flat,inactive,2025-12-08 10:00:00-05:00,2025-12-08 15:00:00-05:00,4219.424214162168,4216.2,17.600000000000364,26.400000000000546,cutoff,-3.2242141621682094
653_upper,2025-12-10,2025-12-10 10:00:00-05:00,2026-01-09 10:00:00-05:00,2025-12-10 15:15:00-05:00,upper,skipped,no_cutoff,n/a,n/a,,,,,,,,
652_upper,2025-12-11,2025-12-09 10:00:00-05:00,2026-01-08 10:00:00-05:00,2025-12-10 19:14:00-05:00,upper,executed,,flat,inactive,2025-12-10 19:14:00-05:00,2025-12-10 20:02:00-05:00,4273.030760621988,4273.030760621988,9.800000000000182,14.700000000000273,BE,-0.0
651_upper,2025-12-11,2025-12-08 10:00:00-05:00,2026-01-07 10:00:00-05:00,2025-12-11 10:41:00-05:00,upper,executed,,flat,inactive,2025-12-11 10:41:00-05:00,2025-12-11 15:00:00-05:00,4281.254800600177,4302.6,28.0,42.0,cutoff,-21.345199399823287
647_upper,2025-12-02,2025-12-02 10:00:00-05:00,2025-12-31 10:00:00-05:00,2025-12-11 11:48:00-05:00,upper,skipped,blocked_time,n/a,n/a,,,,,,,,
654_upper,2025-12-11,2025-12-11 10:00:00-05:00,2026-01-12 10:00:00-05:00,2025-12-11 11:49:00-05:00,upper,skipped,blocked_time,n/a,n/a,,,,,,,,
650_upper,2025-12-05,2025-12-05 10:00:00-05:00,2026-01-06 10:00:00-05:00,2025-12-11 12:08:00-05:00,upper,skipped,blocked_time,n/a,n/a,,,,,,,,
648_upper,2025-12-03,2025-12-03 10:00:00-05:00,2026-01-02 10:00:00-05:00,2025-12-11 13:10:00-05:00,upper,skipped,blocked_time,n/a,n/a,,,,,,,,
646_upper,2025-12-12,2025-12-01 10:00:00-05:00,2025-12-30 10:00:00-05:00,2025-12-12 03:35:00-05:00,upper,executed,,flat,inactive,2025-12-12 03:35:00-05:00,2025-12-12 04:01:00-05:00,4328.149351544977,4342.399351544977,9.5,14.25,SL,-14.25
655_lower,2025-12-12,2025-12-12 10:00:00-05:00,2026-01-13 10:00:00-05:00,2025-12-12 10:30:00-05:00,lower,skipped,SAL,n/a,active,,,,,,,,
656_lower,2025-12-16,2025-12-15 10:00:00-05:00,2026-01-14 10:00:00-05:00,2025-12-15 21:57:00-05:00,lower,executed,,flat,inactive,2025-12-15 21:57:00-05:00,2025-12-15 22:43:00-05:00,4313.191253389198,4313.191253389198,18.900000000000546,28.35000000000082,BE,0.0
657_upper,2025-12-16,2025-12-16 10:00:00-05:00,2026-01-15 10:00:00-05:00,2025-12-18 11:13:00-05:00,upper,skipped,blocked_time,n/a,n/a,,,,,,,,
656_upper,2025-12-15,2025-12-15 10:00:00-05:00,2026-01-14 10:00:00-05:00,2025-12-18 11:15:00-05:00,upper,skipped,blocked_time,n/a,n/a,,,,,,,,
658_upper,2025-12-17,2025-12-17 10:00:00-05:00,2026-01-16 10:00:00-05:00,2025-12-18 11:18:00-05:00,upper,skipped,blocked_time,n/a,n/a,,,,,,,,
660_upper,2025-12-22,2025-12-19 10:00:00-05:00,2026-01-20 10:00:00-05:00,2025-12-21 20:38:00-05:00,upper,executed,,flat,inactive,2025-12-21 20:38:00-05:00,2025-12-21 22:20:00-05:00,4404.61849276974,4422.468492769742,11.900000000000546,17.85000000000082,SL,-17.850000000001273
659_upper,2025-12-18,2025-12-18 10:00:00-05:00,2026-01-19 10:00:00-05:00,2025-12-21 21:52:00-05:00,upper,skipped,position_open,open,active,,,,,,,,
655_upper,2025-12-12,2025-12-12 10:00:00-05:00,2026-01-13 10:00:00-05:00,2025-12-21 22:45:00-05:00,upper,skipped,SAL,n/a,active,,,,,,,,
661_upper,2025-12-23,2025-12-22 10:00:00-05:00,2026-01-21 10:00:00-05:00,2025-12-22 19:15:00-05:00,upper,executed,,flat,inactive,2025-12-22 19:15:00-05:00,2025-12-22 20:55:00-05:00,4500.9176882549,4522.517688254899,14.399999999999636,21.599999999999454,SL,-21.599999999999454
662_upper,2025-12-23,2025-12-23 10:00:00-05:00,2026-01-22 10:00:00-05:00,2025-12-23 18:39:00-05:00,upper,skipped,no_anchor,n/a,n/a,,,,,,,,
663_upper,2025-12-26,2025-12-24 10:00:00-05:00,2026-01-23 10:00:00-05:00,2025-12-25 20:05:00-05:00,upper,executed,,flat,inactive,2025-12-25 20:05:00-05:00,2025-12-25 21:31:00-05:00,4560.216059828977,4524.066059828977,24.100000000000364,36.150000000000546,TP,36.150000000000546
664_lower,2025-12-29,2025-12-26 10:00:00-05:00,2026-01-26 10:00:00-05:00,2025-12-28 19:22:00-05:00,lower,executed,,flat,inactive,2025-12-28 19:22:00-05:00,2025-12-29 01:28:00-05:00,4512.771451933174,4512.771451933174,31.800000000000182,47.70000000000027,BE,0.0
663_lower,2025-12-29,2025-12-24 10:00:00-05:00,2026-01-23 10:00:00-05:00,2025-12-29 06:40:00-05:00,lower,executed,,flat,inactive,2025-12-29 06:40:00-05:00,2025-12-29 07:39:00-05:00,4456.033940171022,4481.533940171022,17.0,25.5,TP,25.5
662_lower,2025-12-29,2025-12-23 10:00:00-05:00,2026-01-22 10:00:00-05:00,2025-12-29 08:46:00-05:00,lower,executed,,flat,inactive,2025-12-29 08:46:00-05:00,2025-12-29 09:06:00-05:00,4441.427468934814,4410.8274689348145,20.399999999999636,30.599999999999454,SL,-30.599999999999454
661_lower,2025-12-22,2025-12-22 10:00:00-05:00,2026-01-21 10:00:00-05:00,2025-12-29 09:04:00-05:00,lower,skipped,position_open,open,active,,,,,,,,
665_lower,2025-12-29,2025-12-29 10:00:00-05:00,2026-01-27 10:00:00-05:00,2025-12-29 10:21:00-05:00,lower,skipped,SAL,n/a,active,,,,,,,,
657_lower,2025-12-16,2025-12-16 10:00:00-05:00,2026-01-15 10:00:00-05:00,2025-12-29 10:22:00-05:00,lower,skipped,SAL,n/a,active,,,,,,,,
658_lower,2025-12-17,2025-12-17 10:00:00-05:00,2026-01-16 10:00:00-05:00,2025-12-29 10:22:00-05:00,lower,skipped,SAL,n/a,active,,,,,,,,
666_lower,2025-12-30,2025-12-30 10:00:00-05:00,2026-01-28 10:00:00-05:00,2025-12-30 18:35:00-05:00,lower,skipped,no_anchor,n/a,n/a,,,,,,,,
660_lower,2025-12-31,2025-12-19 10:00:00-05:00,2026-01-20 10:00:00-05:00,2025-12-31 00:50:00-05:00,lower,executed,,flat,inactive,2025-12-31 00:50:00-05:00,2025-12-31 02:19:00-05:00,4313.531507230259,4344.43150723026,20.600000000000364,30.900000000000546,TP,30.900000000000546
659_lower,2025-12-18,2025-12-18 10:00:00-05:00,2026-01-19 10:00:00-05:00,2025-12-31 00:53:00-05:00,lower,skipped,position_open,open,inactive,,,,,,,,
667_upper,2026-01-02,2025-12-31 10:00:00-05:00,2026-01-29 10:00:00-05:00,2026-01-02 03:33:00-05:00,upper,executed,,flat,inactive,2026-01-02 03:33:00-05:00,2026-01-02 08:32:00-05:00,4399.356830109156,4382.406830109156,11.300000000000182,16.950000000000273,TP,16.950000000000273
668_lower,2026-01-02,2026-01-02 10:00:00-05:00,2026-01-30 10:00:00-05:00,2026-01-02 11:17:00-05:00,lower,skipped,blocked_time,n/a,n/a,,,,,,,,
668_upper,2026-01-05,2026-01-02 10:00:00-05:00,2026-01-30 10:00:00-05:00,2026-01-04 20:04:00-05:00,upper,executed,,flat,inactive,2026-01-04 20:04:00-05:00,2026-01-04 22:05:00-05:00,4422.354965714568,4422.354965714568,27.099999999999454,40.64999999999918,BE,-0.0
666_upper,2026-01-05,2025-12-30 10:00:00-05:00,2026-01-28 10:00:00-05:00,2026-01-05 10:00:00-05:00,upper,executed,,flat,inactive,2026-01-05 10:00:00-05:00,2026-01-05 15:00:00-05:00,4455.096464542256,4451.8,26.0,39.0,cutoff,3.296464542256217
665_upper,2025-12-29,2025-12-29 10:00:00-05:00,2026-01-27 10:00:00-05:00,2026-01-05 10:03:00-05:00,upper,skipped,position_open,open,inactive,,,,,,,,
669_upper,2026-01-06,2026-01-05 10:00:00-05:00,2026-02-02 10:00:00-05:00,2026-01-06 09:33:00-05:00,upper,executed,,flat,inactive,2026-01-06 09:33:00-05:00,2026-01-06 15:00:00-05:00,4487.822931227102,4491.4,16.899999999999636,25.349999999999454,cutoff,-3.5770687728972916
670_lower,2026-01-08,2026-01-06 10:00:00-05:00,2026-02-03 10:00:00-05:00,2026-01-08 00:16:00-05:00,lower,executed,,flat,inactive,2026-01-08 00:16:00-05:00,2026-01-08 01:04:00-05:00,4431.536152738474,4431.536152738474,10.300000000000182,15.450000000000273,BE,0.0
672_upper,2026-01-08,2026-01-08 10:00:00-05:00,2026-02-05 10:00:00-05:00,2026-01-08 15:27:00-05:00,upper,skipped,no_cutoff,n/a,n/a,,,,,,,,
671_upper,2026-01-09,2026-01-07 10:00:00-05:00,2026-02-04 10:00:00-05:00,2026-01-09 08:40:00-05:00,upper,executed,,flat,inactive,2026-01-09 08:40:00-05:00,2026-01-09 15:00:00-05:00,4498.500669696688,4507.5,20.100000000000364,30.150000000000546,cutoff,-8.99933030331158
670_upper,2026-01-06,2026-01-06 10:00:00-05:00,2026-02-03 10:00:00-05:00,2026-01-11 18:06:00-05:00,upper,skipped,no_anchor,n/a,n/a,,,,,,,,
673_upper,2026-01-09,2026-01-09 10:00:00-05:00,2026-02-06 10:00:00-05:00,2026-01-11 18:29:00-05:00,upper,skipped,no_anchor,n/a,n/a,,,,,,,,
664_upper,2026-01-12,2025-12-26 10:00:00-05:00,2026-01-26 10:00:00-05:00,2026-01-11 19:48:00-05:00,upper,executed,,flat,inactive,2026-01-11 19:48:00-05:00,2026-01-12 03:51:00-05:00,4607.378548066826,4607.378548066826,34.19999999999982,51.29999999999973,BE,-0.0
675_lower,2026-01-13,2026-01-13 10:00:00-05:00,2026-02-10 10:00:00-05:00,2026-01-13 15:34:00-05:00,lower,skipped,no_cutoff,n/a,n/a,,,,,,,,
676_lower,2026-01-16,2026-01-14 10:00:00-05:00,2026-02-11 10:00:00-05:00,2026-01-16 10:28:00-05:00,lower,executed,,flat,inactive,2026-01-16 10:28:00-05:00,2026-01-16 10:33:00-05:00,4581.078139613182,4552.578139613182,19.0,28.5,SL,-28.5
677_lower,2026-01-15,2026-01-15 10:00:00-05:00,2026-02-12 10:00:00-05:00,2026-01-16 10:30:00-05:00,lower,skipped,position_open,open,active,,,,,,,,
678_lower,2026-01-16,2026-01-16 10:00:00-05:00,2026-02-13 10:00:00-05:00,2026-01-16 10:31:00-05:00,lower,skipped,position_open,open,active,,,,,,,,
674_lower,2026-01-12,2026-01-12 10:00:00-05:00,2026-02-09 10:00:00-05:00,2026-01-16 10:33:00-05:00,lower,skipped,SAL,n/a,active,,,,,,,,
674_upper,2026-01-12,2026-01-12 10:00:00-05:00,2026-02-09 10:00:00-05:00,2026-01-18 18:02:00-05:00,upper,skipped,no_anchor,n/a,n/a,,,,,,,,
677_upper,2026-01-15,2026-01-15 10:00:00-05:00,2026-02-12 10:00:00-05:00,2026-01-18 18:02:00-05:00,upper,skipped,no_anchor,n/a,n/a,,,,,,,,
678_upper,2026-01-16,2026-01-16 10:00:00-05:00,2026-02-13 10:00:00-05:00,2026-01-18 18:02:00-05:00,upper,skipped,no_anchor,n/a,n/a,,,,,,,,
675_upper,2026-01-13,2026-01-13 10:00:00-05:00,2026-02-10 10:00:00-05:00,2026-01-18 18:22:00-05:00,upper,skipped,no_anchor,n/a,n/a,,,,,,,,
676_upper,2026-01-14,2026-01-14 10:00:00-05:00,2026-02-11 10:00:00-05:00,2026-01-18 18:28:00-05:00,upper,skipped,no_anchor,n/a,n/a,,,,,,,,
679_upper,2026-01-20,2026-01-19 10:00:00-05:00,2026-02-16 10:00:00-05:00,2026-01-20 00:34:00-05:00,upper,executed,,flat,inactive,2026-01-20 00:34:00-05:00,2026-01-20 04:29:00-05:00,4710.802397228073,4739.302397228073,19.0,28.5,SL,-28.5
680_upper,2026-01-21,2026-01-20 10:00:00-05:00,2026-02-17 10:00:00-05:00,2026-01-20 20:06:00-05:00,upper,executed,,flat,inactive,2026-01-20 20:06:00-05:00,2026-01-20 20:29:00-05:00,4801.487314041126,4829.087314041126,18.399999999999636,27.599999999999454,SL,-27.599999999999454
681_lower,2026-01-21,2026-01-21 10:00:00-05:00,2026-02-18 10:00:00-05:00,2026-01-21 14:35:00-05:00,lower,skipped,blocked_time,n/a,n/a,,,,,,,,
682_upper,2026-01-22,2026-01-22 10:00:00-05:00,2026-02-19 10:00:00-05:00,2026-01-22 12:22:00-05:00,upper,skipped,blocked_time,n/a,n/a,,,,,,,,
681_upper,2026-01-21,2026-01-21 10:00:00-05:00,2026-02-18 10:00:00-05:00,2026-01-22 13:55:00-05:00,upper,skipped,blocked_time,n/a,n/a,,,,,,,,
683_upper,2026-01-23,2026-01-23 10:00:00-05:00,2026-02-20 10:00:00-05:00,2026-01-25 18:00:00-05:00,upper,skipped,no_anchor,n/a,n/a,,,,,,,,
684_lower,2026-01-26,2026-01-26 10:00:00-05:00,2026-02-23 10:00:00-05:00,2026-01-26 14:21:00-05:00,lower,skipped,blocked_time,n/a,n/a,,,,,,,,
685_upper,2026-01-27,2026-01-27 10:00:00-05:00,2026-02-24 10:00:00-05:00,2026-01-27 15:03:00-05:00,upper,skipped,no_cutoff,n/a,n/a,,,,,,,,
684_upper,2026-01-26,2026-01-26 10:00:00-05:00,2026-02-23 10:00:00-05:00,2026-01-27 15:10:00-05:00,upper,skipped,no_cutoff,n/a,n/a,,,,,,,,
686_upper,2026-01-28,2026-01-28 10:00:00-05:00,2026-02-25 10:00:00-05:00,2026-01-28 15:06:00-05:00,upper,skipped,no_cutoff,n/a,n/a,,,,,,,,
687_lower,2026-01-29,2026-01-29 10:00:00-05:00,2026-02-26 10:00:00-05:00,2026-01-29 10:04:00-05:00,lower,executed,,flat,inactive,2026-01-29 10:04:00-05:00,2026-01-29 10:15:00-05:00,5465.484143885884,5372.484143885884,62.0,93.0,SL,-93.0
686_lower,2026-01-28,2026-01-28 10:00:00-05:00,2026-02-25 10:00:00-05:00,2026-01-29 10:27:00-05:00,lower,skipped,SAL,n/a,active,,,,,,,,
685_lower,2026-01-30,2026-01-27 10:00:00-05:00,2026-02-24 10:00:00-05:00,2026-01-30 04:45:00-05:00,lower,executed,,flat,inactive,2026-01-30 04:45:00-05:00,2026-01-30 11:35:00-05:00,4992.3856690391485,4992.3856690391485,133.69999999999982,200.0,BE,0.0
688_lower,2026-01-30,2026-01-30 10:00:00-05:00,2026-02-27 10:00:00-05:00,2026-01-30 11:52:00-05:00,lower,skipped,blocked_time,n/a,n/a,,,,,,,,
683_lower,2026-01-23,2026-01-23 10:00:00-05:00,2026-02-20 10:00:00-05:00,2026-01-30 12:43:00-05:00,lower,skipped,blocked_time,n/a,n/a,,,,,,,,
682_lower,2026-01-22,2026-01-22 10:00:00-05:00,2026-02-19 10:00:00-05:00,2026-01-30 13:18:00-05:00,lower,skipped,blocked_time,n/a,n/a,,,,,,,,
680_lower,2026-02-02,2026-01-20 10:00:00-05:00,2026-02-17 10:00:00-05:00,2026-02-01 20:09:00-05:00,lower,executed,,flat,inactive,2026-02-01 20:09:00-05:00,2026-02-01 22:15:00-05:00,4699.412685958873,4699.412685958873,142.30000000000018,200.0,BE,0.0
679_lower,2026-01-19,2026-01-19 10:00:00-05:00,2026-02-16 10:00:00-05:00,2026-02-01 20:10:00-05:00,lower,skipped,position_open,open,inactive,,,,,,,,
673_lower,2026-02-02,2026-01-09 10:00:00-05:00,2026-02-06 10:00:00-05:00,2026-02-02 01:37:00-05:00,lower,executed,,flat,inactive,2026-02-02 01:37:00-05:00,2026-02-02 03:19:00-05:00,4454.18684530712,4654.18684530712,202.10000000000036,200.0,TP,200.0
689_lower,2026-02-02,2026-02-02 10:00:00-05:00,2026-03-02 10:00:00-05:00,2026-02-02 10:57:00-05:00,lower,executed,,flat,inactive,2026-02-02 10:57:00-05:00,2026-02-02 13:16:00-05:00,4645.637781566803,4645.637781566803,114.60000000000036,171.90000000000055,BE,0.0
689_upper,2026-02-03,2026-02-02 10:00:00-05:00,2026-03-02 10:00:00-05:00,2026-02-02 20:15:00-05:00,upper,executed,,flat,inactive,2026-02-02 20:15:00-05:00,2026-02-02 21:47:00-05:00,4868.912218433197,4770.512218433198,65.59999999999945,98.39999999999918,TP,98.39999999999918
690_upper,2026-02-03,2026-02-03 10:00:00-05:00,2026-03-03 10:00:00-05:00,2026-02-03 11:35:00-05:00,upper,skipped,blocked_time,n/a,n/a,,,,,,,,
691_lower,2026-02-04,2026-02-04 10:00:00-05:00,2026-03-04 10:00:00-05:00,2026-02-04 10:33:00-05:00,lower,executed,,flat,inactive,2026-02-04 10:33:00-05:00,2026-02-04 11:19:00-05:00,4944.30438024363,4944.30438024363,94.10000000000036,141.15000000000055,BE,0.0
690_lower,2026-02-03,2026-02-03 10:00:00-05:00,2026-03-03 10:00:00-05:00,2026-02-04 11:48:00-05:00,lower,skipped,blocked_time,n/a,n/a,,,,,,,,
692_lower,2026-02-05,2026-02-05 10:00:00-05:00,2026-03-05 10:00:00-05:00,2026-02-05 18:26:00-05:00,lower,skipped,no_anchor,n/a,n/a,,,,,,,,
692_upper,2026-02-06,2026-02-05 10:00:00-05:00,2026-03-05 10:00:00-05:00,2026-02-06 08:01:00-05:00,upper,executed,,flat,inactive,2026-02-06 08:01:00-05:00,2026-02-06 15:00:00-05:00,4947.008784616985,4980.0,34.0,51.0,cutoff,-32.991215383014605
693_upper,2026-02-06,2026-02-06 10:00:00-05:00,2026-03-06 10:00:00-05:00,2026-02-08 18:26:00-05:00,upper,skipped,no_anchor,n/a,n/a,,,,,,,,
694_upper,2026-02-09,2026-02-09 10:00:00-05:00,2026-03-09 10:00:00-04:00,2026-02-09 15:33:00-05:00,upper,skipped,no_cutoff,n/a,n/a,,,,,,,,
691_upper,2026-02-11,2026-02-04 10:00:00-05:00,2026-03-04 10:00:00-05:00,2026-02-11 06:44:00-05:00,upper,executed,,flat,inactive,2026-02-11 06:44:00-05:00,2026-02-11 08:30:00-05:00,5134.74561975637,5070.545619756369,42.80000000000018,64.20000000000027,TP,64.20000000000027
696_lower,2026-02-11,2026-02-11 10:00:00-05:00,2026-03-11 10:00:00-04:00,2026-02-12 11:13:00-05:00,lower,skipped,blocked_time,n/a,n/a,,,,,,,,
697_lower,2026-02-12,2026-02-12 10:00:00-05:00,2026-03-12 10:00:00-04:00,2026-02-12 11:13:00-05:00,lower,skipped,blocked_time,n/a,n/a,,,,,,,,
694_lower,2026-02-09,2026-02-09 10:00:00-05:00,2026-03-09 10:00:00-04:00,2026-02-12 11:14:00-05:00,lower,skipped,blocked_time,n/a,n/a,,,,,,,,
695_lower,2026-02-10,2026-02-10 10:00:00-05:00,2026-03-10 10:00:00-04:00,2026-02-12 11:14:00-05:00,lower,skipped,blocked_time,n/a,n/a,,,,,,,,
699_lower,2026-02-17,2026-02-16 10:00:00-05:00,2026-03-16 10:00:00-04:00,2026-02-16 19:58:00-05:00,lower,executed,,flat,inactive,2026-02-16 19:58:00-05:00,2026-02-16 20:35:00-05:00,4955.5143414205995,4979.064341420599,15.699999999999818,23.549999999999727,TP,23.549999999999727
698_lower,2026-02-17,2026-02-13 10:00:00-05:00,2026-03-13 10:00:00-04:00,2026-02-17 00:15:00-05:00,lower,executed,,flat,inactive,2026-02-17 00:15:00-05:00,2026-02-17 00:20:00-05:00,4934.063568307901,4913.213568307901,13.899999999999636,20.849999999999454,SL,-20.849999999999454
700_upper,2026-02-18,2026-02-17 10:00:00-05:00,2026-03-17 10:00:00-04:00,2026-02-18 09:32:00-05:00,upper,executed,,flat,inactive,2026-02-18 09:32:00-05:00,2026-02-18 15:00:00-05:00,4995.071511299027,5002.5,26.900000000000546,40.35000000000082,cutoff,-7.4284887009725935
701_upper,2026-02-20,2026-02-18 10:00:00-05:00,2026-03-18 10:00:00-04:00,2026-02-20 08:50:00-05:00,upper,executed,,flat,inactive,2026-02-20 08:50:00-05:00,2026-02-20 10:03:00-05:00,5064.309242235024,5034.459242235023,19.900000000000546,29.85000000000082,TP,29.85000000000082
699_upper,2026-02-16,2026-02-16 10:00:00-05:00,2026-03-16 10:00:00-04:00,2026-02-20 08:51:00-05:00,upper,skipped,position_open,open,inactive,,,,,,,,
702_upper,2026-02-19,2026-02-19 10:00:00-05:00,2026-03-19 10:00:00-04:00,2026-02-20 10:01:00-05:00,upper,skipped,position_open,open,inactive,,,,,,,,
698_upper,2026-02-13,2026-02-13 10:00:00-05:00,2026-03-13 10:00:00-04:00,2026-02-20 14:56:00-05:00,upper,skipped,blocked_time,n/a,n/a,,,,,,,,
703_upper,2026-02-20,2026-02-20 10:00:00-05:00,2026-03-20 10:00:00-04:00,2026-02-20 16:53:00-05:00,upper,skipped,no_cutoff,n/a,n/a,,,,,,,,
697_upper,2026-02-12,2026-02-12 10:00:00-05:00,2026-03-12 10:00:00-04:00,2026-02-22 18:06:00-05:00,upper,skipped,no_anchor,n/a,n/a,,,,,,,,
696_upper,2026-02-11,2026-02-11 10:00:00-05:00,2026-03-11 10:00:00-04:00,2026-02-22 18:08:00-05:00,upper,skipped,no_anchor,n/a,n/a,,,,,,,,
695_upper,2026-02-10,2026-02-10 10:00:00-05:00,2026-03-10 10:00:00-04:00,2026-02-22 18:15:00-05:00,upper,skipped,no_anchor,n/a,n/a,,,,,,,,
688_upper,2026-02-23,2026-01-30 10:00:00-05:00,2026-02-27 10:00:00-05:00,2026-02-23 09:45:00-05:00,upper,executed,,flat,inactive,2026-02-23 09:45:00-05:00,2026-02-23 15:00:00-05:00,5212.356525281834,5236.9,22.299999999999272,33.44999999999891,cutoff,-24.54347471816527
704_upper,2026-02-23,2026-02-23 10:00:00-05:00,2026-03-23 10:00:00-04:00,2026-02-23 18:11:00-05:00,upper,skipped,no_anchor,n/a,n/a,,,,,,,,
704_lower,2026-02-24,2026-02-23 10:00:00-05:00,2026-03-23 10:00:00-04:00,2026-02-24 09:13:00-05:00,lower,executed,,flat,inactive,2026-02-24 09:13:00-05:00,2026-02-24 15:00:00-05:00,5120.965381917301,5172.6,53.20000000000073,79.80000000000109,cutoff,51.63461808269949
705_upper,2026-02-25,2026-02-24 10:00:00-05:00,2026-03-24 10:00:00-04:00,2026-02-24 21:15:00-05:00,upper,executed,,flat,inactive,2026-02-24 21:15:00-05:00,2026-02-25 00:06:00-05:00,5208.576156159119,5208.576156159119,45.19999999999982,67.79999999999973,BE,-0.0
707_upper,2026-02-27,2026-02-26 10:00:00-05:00,2026-03-26 10:00:00-04:00,2026-02-27 08:23:00-05:00,upper,executed,,flat,inactive,2026-02-27 08:23:00-05:00,2026-02-27 08:31:00-05:00,5252.08954985424,5240.989549854241,7.399999999999636,11.099999999999454,TP,11.099999999999454
706_upper,2026-02-25,2026-02-25 10:00:00-05:00,2026-03-25 10:00:00-04:00,2026-02-27 11:11:00-05:00,upper,skipped,blocked_time,n/a,n/a,,,,,,,,
708_upper,2026-02-27,2026-02-27 10:00:00-05:00,2026-03-27 10:00:00-04:00,2026-03-01 18:00:00-05:00,upper,skipped,no_anchor,n/a,n/a,,,,,,,,
709_lower,2026-03-03,2026-03-02 10:00:00-05:00,2026-03-30 10:00:00-04:00,2026-03-03 04:25:00-05:00,lower,executed,,flat,inactive,2026-03-03 04:25:00-05:00,2026-03-03 05:49:00-05:00,5259.055619838879,5259.055619838879,46.19999999999982,69.29999999999973,BE,0.0
708_lower,2026-03-03,2026-02-27 10:00:00-05:00,2026-03-27 10:00:00-04:00,2026-03-03 06:09:00-05:00,lower,executed,,flat,inactive,2026-03-03 06:09:00-05:00,2026-03-03 06:31:00-05:00,5184.224758381218,5103.224758381218,54.0,81.0,SL,-81.0
706_lower,2026-02-25,2026-02-25 10:00:00-05:00,2026-03-25 10:00:00-04:00,2026-03-03 06:31:00-05:00,lower,skipped,SAL,n/a,active,,,,,,,,
707_lower,2026-02-26,2026-02-26 10:00:00-05:00,2026-03-26 10:00:00-04:00,2026-03-03 06:31:00-05:00,lower,skipped,SAL,n/a,active,,,,,,,,
705_lower,2026-02-24,2026-02-24 10:00:00-05:00,2026-03-24 10:00:00-04:00,2026-03-03 09:45:00-05:00,lower,skipped,SAL,n/a,active,,,,,,,,
711_lower,2026-03-05,2026-03-04 10:00:00-05:00,2026-04-01 10:00:00-04:00,2026-03-05 08:23:00-05:00,lower,executed,,flat,inactive,2026-03-05 08:23:00-05:00,2026-03-05 08:24:00-05:00,5087.86905078013,5104.66905078013,11.199999999999818,16.799999999999727,TP,16.799999999999727
712_upper,2026-03-05,2026-03-05 10:00:00-05:00,2026-04-02 10:00:00-04:00,2026-03-08 18:00:00-04:00,upper,skipped,no_anchor,n/a,n/a,,,,,,,,
713_upper,2026-03-06,2026-03-06 10:00:00-05:00,2026-04-06 10:00:00-04:00,2026-03-08 18:00:00-04:00,upper,skipped,no_anchor,n/a,n/a,,,,,,,,
712_lower,2026-03-09,2026-03-05 10:00:00-05:00,2026-04-02 10:00:00-04:00,2026-03-08 19:43:00-04:00,lower,executed,,flat,inactive,2026-03-08 19:43:00-04:00,2026-03-08 20:29:00-04:00,5050.141944728354,5050.141944728354,96.89999999999964,145.34999999999945,BE,0.0
713_lower,2026-03-09,2026-03-06 10:00:00-05:00,2026-04-06 10:00:00-04:00,2026-03-08 21:00:00-04:00,lower,executed,,flat,inactive,2026-03-08 21:00:00-04:00,2026-03-08 22:57:00-04:00,5024.358755132261,5104.45875513226,53.399999999999636,80.09999999999945,TP,80.09999999999945
714_upper,2026-03-10,2026-03-09 10:00:00-04:00,2026-04-07 10:00:00-04:00,2026-03-09 21:59:00-04:00,upper,executed,,flat,inactive,2026-03-09 21:59:00-04:00,2026-03-09 22:45:00-04:00,5191.408215925642,5191.408215925642,16.300000000000182,24.450000000000273,BE,-0.0
715_lower,2026-03-10,2026-03-10 10:00:00-04:00,2026-04-08 10:00:00-04:00,2026-03-11 18:56:00-04:00,lower,skipped,no_anchor,n/a,n/a,,,,,,,,
716_lower,2026-03-11,2026-03-11 10:00:00-04:00,2026-04-09 10:00:00-04:00,2026-03-12 14:47:00-04:00,lower,skipped,blocked_time,n/a,n/a,,,,,,,,
717_lower,2026-03-12,2026-03-12 10:00:00-04:00,2026-04-10 10:00:00-04:00,2026-03-12 14:49:00-04:00,lower,skipped,blocked_time,n/a,n/a,,,,,,,,
718_lower,2026-03-13,2026-03-13 10:00:00-04:00,2026-04-13 10:00:00-04:00,2026-03-13 11:55:00-04:00,lower,skipped,blocked_time,n/a,n/a,,,,,,,,
714_lower,2026-03-09,2026-03-09 10:00:00-04:00,2026-04-07 10:00:00-04:00,2026-03-15 18:00:00-04:00,lower,skipped,no_anchor,n/a,n/a,,,,,,,,
703_lower,2026-03-16,2026-02-20 10:00:00-05:00,2026-03-20 10:00:00-04:00,2026-03-15 19:20:00-04:00,lower,executed,,flat,inactive,2026-03-15 19:20:00-04:00,2026-03-15 21:13:00-04:00,5000.289360385776,5000.289360385776,34.0,51.0,BE,0.0
710_lower,2026-03-03,2026-03-03 10:00:00-05:00,2026-03-31 10:00:00-04:00,2026-03-15 19:22:00-04:00,lower,skipped,position_open,open,inactive,,,,,,,,
719_lower,2026-03-18,2026-03-16 10:00:00-04:00,2026-04-14 10:00:00-04:00,2026-03-18 07:05:00-04:00,lower,executed,,flat,inactive,2026-03-18 07:05:00-04:00,2026-03-18 08:16:00-04:00,4958.265358494628,4907.565358494629,33.79999999999927,50.69999999999891,SL,-50.69999999999891
720_lower,2026-03-17,2026-03-17 10:00:00-04:00,2026-04-15 10:00:00-04:00,2026-03-18 07:40:00-04:00,lower,skipped,position_open,open,active,,,,,,,,
702_lower,2026-02-19,2026-02-19 10:00:00-05:00,2026-03-19 10:00:00-04:00,2026-03-18 08:07:00-04:00,lower,skipped,position_open,open,active,,,,,,,,
701_lower,2026-02-18,2026-02-18 10:00:00-05:00,2026-03-18 10:00:00-04:00,2026-03-18 08:10:00-04:00,lower,skipped,position_open,open,active,,,,,,,,
721_lower,2026-03-19,2026-03-18 10:00:00-04:00,2026-04-16 10:00:00-04:00,2026-03-19 02:41:00-04:00,lower,executed,,flat,inactive,2026-03-19 02:41:00-04:00,2026-03-19 02:53:00-04:00,4792.04567763103,4750.6456776310315,27.599999999999454,41.39999999999918,SL,-41.39999999999873
722_upper,2026-03-20,2026-03-19 10:00:00-04:00,2026-04-17 10:00:00-04:00,2026-03-19 23:05:00-04:00,upper,executed,,flat,inactive,2026-03-19 23:05:00-04:00,2026-03-20 02:42:00-04:00,4710.130169409843,4661.680169409843,32.30000000000018,48.45000000000027,TP,48.45000000000027
723_lower,2026-03-20,2026-03-20 10:00:00-04:00,2026-04-20 10:00:00-04:00,2026-03-20 10:25:00-04:00,lower,executed,,flat,inactive,2026-03-20 10:25:00-04:00,2026-03-20 11:25:00-04:00,4555.447853039564,4555.447853039564,67.39999999999964,101.09999999999945,BE,0.0
722_lower,2026-03-19,2026-03-19 10:00:00-04:00,2026-04-17 10:00:00-04:00,2026-03-22 18:00:00-04:00,lower,skipped,no_anchor,n/a,n/a,,,,,,,,
724_lower,2026-03-24,2026-03-23 10:00:00-04:00,2026-04-21 10:00:00-04:00,2026-03-23 21:44:00-04:00,lower,executed,,flat,inactive,2026-03-23 21:44:00-04:00,2026-03-24 01:05:00-04:00,4323.724197752926,4323.724197752926,119.39999999999964,179.09999999999945,BE,0.0
725_upper,2026-03-24,2026-03-24 10:00:00-04:00,2026-04-22 10:00:00-04:00,2026-03-24 16:24:00-04:00,upper,skipped,no_cutoff,n/a,n/a,,,,,,,,
724_upper,2026-03-25,2026-03-23 10:00:00-04:00,2026-04-21 10:00:00-04:00,2026-03-24 19:36:00-04:00,upper,executed,,flat,inactive,2026-03-24 19:36:00-04:00,2026-03-24 21:10:00-04:00,4526.875802247075,4578.025802247075,34.100000000000364,51.150000000000546,SL,-51.150000000000546
726_lower,2026-03-26,2026-03-25 10:00:00-04:00,2026-04-23 10:00:00-04:00,2026-03-26 01:45:00-04:00,lower,executed,,flat,inactive,2026-03-26 01:45:00-04:00,2026-03-26 01:55:00-04:00,4474.305176614143,4454.955176614144,12.899999999999636,19.349999999999454,SL,-19.349999999999454
727_lower,2026-03-26,2026-03-26 10:00:00-04:00,2026-04-24 10:00:00-04:00,2026-03-26 12:37:00-04:00,lower,skipped,blocked_time,n/a,n/a,,,,,,,,
728_upper,2026-03-27,2026-03-27 10:00:00-04:00,2026-04-27 10:00:00-04:00,2026-03-27 10:51:00-04:00,upper,skipped,simultaneous_collision,flat,inactive,,,,,,,,
727_upper,2026-03-27,2026-03-26 10:00:00-04:00,2026-04-24 10:00:00-04:00,2026-03-27 10:51:00-04:00,upper,executed,,flat,inactive,2026-03-27 10:51:00-04:00,2026-03-27 11:13:00-04:00,4516.486731319293,4561.786731319293,30.199999999999818,45.29999999999973,SL,-45.30000000000018
726_upper,2026-03-31,2026-03-25 10:00:00-04:00,2026-04-23 10:00:00-04:00,2026-03-30 21:43:00-04:00,upper,executed,,flat,inactive,2026-03-30 21:43:00-04:00,2026-03-31 10:00:00-04:00,4646.694823385857,4646.694823385857,67.30000000000018,100.95000000000027,BE,-0.0
729_upper,2026-03-30,2026-03-30 10:00:00-04:00,2026-04-28 10:00:00-04:00,2026-03-31 13:03:00-04:00,upper,skipped,blocked_time,n/a,n/a,,,,,,,,
730_upper,2026-03-31,2026-03-31 10:00:00-04:00,2026-04-29 10:00:00-04:00,2026-03-31 15:02:00-04:00,upper,skipped,no_cutoff,n/a,n/a,,,,,,,,
723_upper,2026-04-01,2026-03-20 10:00:00-04:00,2026-04-20 10:00:00-04:00,2026-03-31 20:24:00-04:00,upper,executed,,flat,inactive,2026-03-31 20:24:00-04:00,2026-04-01 00:10:00-04:00,4742.452146960437,4699.702146960437,28.5,42.75,TP,42.75
731_lower,2026-04-02,2026-04-01 10:00:00-04:00,2026-04-30 10:00:00-04:00,2026-04-01 21:32:00-04:00,lower,executed,,flat,inactive,2026-04-01 21:32:00-04:00,2026-04-01 21:40:00-04:00,4693.373333444758,4729.223333444757,23.899999999999636,35.849999999999454,TP,35.849999999999454
732_upper,2026-04-02,2026-04-02 10:00:00-04:00,2026-05-01 10:00:00-04:00,2026-04-07 15:45:00-04:00,upper,skipped,no_cutoff,n/a,n/a,,,,,,,,
733_upper,2026-04-06,2026-04-06 10:00:00-04:00,2026-05-04 10:00:00-04:00,2026-04-07 18:00:00-04:00,upper,skipped,no_anchor,n/a,n/a,,,,,,,,
734_upper,2026-04-07,2026-04-07 10:00:00-04:00,2026-05-05 10:00:00-04:00,2026-04-07 18:00:00-04:00,upper,skipped,no_anchor,n/a,n/a,,,,,,,,
731_upper,2026-04-01,2026-04-01 10:00:00-04:00,2026-04-30 10:00:00-04:00,2026-04-07 18:55:00-04:00,upper,skipped,no_anchor,n/a,n/a,,,,,,,,
735_lower,2026-04-08,2026-04-08 10:00:00-04:00,2026-05-06 10:00:00-04:00,2026-04-08 14:41:00-04:00,lower,skipped,blocked_time,n/a,n/a,,,,,,,,
733_lower,2026-04-06,2026-04-06 10:00:00-04:00,2026-05-04 10:00:00-04:00,2026-04-12 18:00:00-04:00,lower,skipped,no_anchor,n/a,n/a,,,,,,,,
736_lower,2026-04-09,2026-04-09 10:00:00-04:00,2026-05-07 10:00:00-04:00,2026-04-12 18:00:00-04:00,lower,skipped,no_anchor,n/a,n/a,,,,,,,,
737_lower,2026-04-10,2026-04-10 10:00:00-04:00,2026-05-08 10:00:00-04:00,2026-04-12 18:00:00-04:00,lower,skipped,no_anchor,n/a,n/a,,,,,,,,
738_upper,2026-04-14,2026-04-13 10:00:00-04:00,2026-05-11 10:00:00-04:00,2026-04-14 03:06:00-04:00,upper,executed,,flat,inactive,2026-04-14 03:06:00-04:00,2026-04-14 06:39:00-04:00,4815.8806684657875,4780.030668465786,23.900000000000546,35.85000000000082,TP,35.85000000000082
736_upper,2026-04-09,2026-04-09 10:00:00-04:00,2026-05-07 10:00:00-04:00,2026-04-14 13:05:00-04:00,upper,skipped,blocked_time,n/a,n/a,,,,,,,,
737_upper,2026-04-10,2026-04-10 10:00:00-04:00,2026-05-08 10:00:00-04:00,2026-04-14 13:06:00-04:00,upper,skipped,blocked_time,n/a,n/a,,,,,,,,
739_upper,2026-04-14,2026-04-14 10:00:00-04:00,2026-05-12 10:00:00-04:00,2026-04-14 18:02:00-04:00,upper,skipped,no_anchor,n/a,n/a,,,,,,,,
735_upper,2026-04-15,2026-04-08 10:00:00-04:00,2026-05-06 10:00:00-04:00,2026-04-14 21:16:00-04:00,upper,executed,,flat,inactive,2026-04-14 21:16:00-04:00,2026-04-14 21:23:00-04:00,4887.235422094723,4868.485422094723,12.5,18.75,TP,18.75
740_lower,2026-04-16,2026-04-15 10:00:00-04:00,2026-05-13 10:00:00-04:00,2026-04-16 10:40:00-04:00,lower,executed,,flat,inactive,2026-04-16 10:40:00-04:00,2026-04-16 15:00:00-04:00,4793.59272246009,4813.7,40.899999999999636,61.349999999999454,cutoff,20.107277539909774
740_upper,2026-04-17,2026-04-15 10:00:00-04:00,2026-05-13 10:00:00-04:00,2026-04-17 09:10:00-04:00,upper,executed,,flat,inactive,2026-04-17 09:10:00-04:00,2026-04-17 15:00:00-04:00,4896.707277539909,4878.8,51.0,76.5,cutoff,17.907277539909046
741_upper,2026-04-16,2026-04-16 10:00:00-04:00,2026-05-14 10:00:00-04:00,2026-04-17 09:11:00-04:00,upper,skipped,position_open,open,inactive,,,,,,,,
742_lower,2026-04-17,2026-04-17 10:00:00-04:00,2026-05-15 10:00:00-04:00,2026-04-19 18:00:00-04:00,lower,skipped,no_anchor,n/a,n/a,,,,,,,,
741_lower,2026-04-20,2026-04-16 10:00:00-04:00,2026-05-14 10:00:00-04:00,2026-04-19 19:43:00-04:00,lower,executed,,flat,inactive,2026-04-19 19:43:00-04:00,2026-04-19 21:23:00-04:00,4761.098915314753,4816.598915314753,37.0,55.5,TP,55.5
743_lower,2026-04-21,2026-04-20 10:00:00-04:00,2026-05-18 10:00:00-04:00,2026-04-21 02:52:00-04:00,lower,executed,,flat,inactive,2026-04-21 02:52:00-04:00,2026-04-21 07:42:00-04:00,4793.265306819231,4814.265306819231,14.0,21.0,TP,21.0
739_lower,2026-04-21,2026-04-14 10:00:00-04:00,2026-05-12 10:00:00-04:00,2026-04-21 10:46:00-04:00,lower,executed,,flat,inactive,2026-04-21 10:46:00-04:00,2026-04-21 12:11:00-04:00,4750.191629125396,4750.191629125396,36.5,54.75,BE,0.0
744_lower,2026-04-21,2026-04-21 10:00:00-04:00,2026-05-19 10:00:00-04:00,2026-04-21 12:51:00-04:00,lower,skipped,blocked_time,n/a,n/a,,,,,,,,
738_lower,2026-04-13,2026-04-13 10:00:00-04:00,2026-05-11 10:00:00-04:00,2026-04-21 15:42:00-04:00,lower,skipped,no_cutoff,n/a,n/a,,,,,,,,
745_lower,2026-04-23,2026-04-22 10:00:00-04:00,2026-05-20 10:00:00-04:00,2026-04-22 20:16:00-04:00,lower,executed,,flat,inactive,2026-04-22 20:16:00-04:00,2026-04-22 20:17:00-04:00,4711.568133704493,4720.868133704493,6.199999999999818,9.299999999999727,TP,9.299999999999727
746_lower,2026-04-23,2026-04-23 10:00:00-04:00,2026-05-21 10:00:00-04:00,2026-04-23 13:46:00-04:00,lower,skipped,blocked_time,n/a,n/a,,,,,,,,
748_lower,2026-04-28,2026-04-27 10:00:00-04:00,2026-05-25 10:00:00-04:00,2026-04-28 01:06:00-04:00,lower,executed,,flat,inactive,2026-04-28 01:06:00-04:00,2026-04-28 01:20:00-04:00,4661.675305701156,4669.775305701156,5.400000000000546,8.100000000000819,TP,8.100000000000819
747_lower,2026-04-28,2026-04-24 10:00:00-04:00,2026-05-22 10:00:00-04:00,2026-04-28 01:36:00-04:00,lower,executed,,flat,inactive,2026-04-28 01:36:00-04:00,2026-04-28 01:40:00-04:00,4652.699774019339,4644.599774019338,5.400000000000546,8.100000000000819,SL,-8.100000000001273
734_lower,2026-04-07,2026-04-07 10:00:00-04:00,2026-05-05 10:00:00-04:00,2026-04-28 07:18:00-04:00,lower,skipped,SAL,n/a,active,,,,,,,,
749_lower,2026-04-29,2026-04-28 10:00:00-04:00,2026-05-26 10:00:00-04:00,2026-04-29 09:39:00-04:00,lower,executed,,flat,inactive,2026-04-29 09:39:00-04:00,2026-04-29 14:31:00-04:00,4538.973408579065,4538.973408579065,29.200000000000728,43.80000000000109,BE,0.0
732_lower,2026-04-02,2026-04-02 10:00:00-04:00,2026-05-01 10:00:00-04:00,2026-04-29 09:40:00-04:00,lower,skipped,position_open,open,inactive,,,,,,,,
750_upper,2026-04-30,2026-04-29 10:00:00-04:00,2026-05-27 10:00:00-04:00,2026-04-30 03:06:00-04:00,upper,executed,,flat,inactive,2026-04-30 03:06:00-04:00,2026-04-30 06:29:00-04:00,4604.278012596095,4653.478012596095,32.80000000000018,49.20000000000027,SL,-49.19999999999982
749_upper,2026-04-28,2026-04-28 10:00:00-04:00,2026-05-26 10:00:00-04:00,2026-04-30 06:27:00-04:00,upper,skipped,position_open,open,active,,,,,,,,
751_lower,2026-05-01,2026-04-30 10:00:00-04:00,2026-05-28 10:00:00-04:00,2026-05-01 04:22:00-04:00,lower,executed,,flat,inactive,2026-05-01 04:22:00-04:00,2026-05-01 08:25:00-04:00,4580.538743785365,4614.888743785365,22.899999999999636,34.349999999999454,TP,34.349999999999454
752_lower,2026-05-04,2026-05-01 10:00:00-04:00,2026-05-29 10:00:00-04:00,2026-05-04 06:22:00-04:00,lower,executed,,flat,inactive,2026-05-04 06:22:00-04:00,2026-05-04 06:30:00-04:00,4535.975927616348,4555.925927616348,13.300000000000182,19.950000000000273,TP,19.950000000000273
753_lower,2026-05-04,2026-05-04 10:00:00-04:00,2026-05-31 19:59:00-04:00,2026-05-04 11:22:00-04:00,lower,skipped,blocked_time,n/a,n/a,,,,,,,,
753_upper,2026-05-06,2026-05-04 10:00:00-04:00,2026-05-31 19:59:00-04:00,2026-05-05 20:41:00-04:00,upper,executed,,flat,inactive,2026-05-05 20:41:00-04:00,2026-05-05 23:39:00-04:00,4621.118432741308,4661.318432741309,26.800000000000182,40.20000000000027,SL,-40.20000000000073
754_upper,2026-05-05,2026-05-05 10:00:00-04:00,2026-05-31 19:59:00-04:00,2026-05-05 21:31:00-04:00,upper,skipped,position_open,open,active,,,,,,,,
752_upper,2026-05-01,2026-05-01 10:00:00-04:00,2026-05-29 10:00:00-04:00,2026-05-06 03:46:00-04:00,upper,skipped,SAL,n/a,active,,,,,,,,
751_upper,2026-04-30,2026-04-30 10:00:00-04:00,2026-05-28 10:00:00-04:00,2026-05-06 04:50:00-04:00,upper,skipped,SAL,n/a,active,,,,,,,,
755_upper,2026-05-07,2026-05-06 10:00:00-04:00,2026-05-31 19:59:00-04:00,2026-05-07 03:12:00-04:00,upper,executed,,flat,inactive,2026-05-07 03:12:00-04:00,2026-05-07 04:01:00-04:00,4759.870208814871,4759.870208814871,49.899999999999636,74.84999999999945,BE,-0.0
748_upper,2026-05-07,2026-04-27 10:00:00-04:00,2026-05-25 10:00:00-04:00,2026-05-07 09:32:00-04:00,upper,executed,,flat,inactive,2026-05-07 09:32:00-04:00,2026-05-07 10:20:00-04:00,4764.474694298844,4764.474694298844,21.0,31.5,BE,-0.0
756_lower,2026-05-07,2026-05-07 10:00:00-04:00,2026-05-31 19:59:00-04:00,2026-05-07 13:27:00-04:00,lower,skipped,blocked_time,n/a,n/a,,,,,,,,
757_lower,2026-05-08,2026-05-08 10:00:00-04:00,2026-05-31 19:59:00-04:00,2026-05-10 18:00:00-04:00,lower,skipped,no_anchor,n/a,n/a,,,,,,,,
747_upper,2026-05-12,2026-04-24 10:00:00-04:00,2026-05-22 10:00:00-04:00,2026-05-11 19:53:00-04:00,upper,executed,,flat,inactive,2026-05-11 19:53:00-04:00,2026-05-11 21:26:00-04:00,4780.20022598066,4747.80022598066,21.600000000000364,32.400000000000546,TP,32.400000000000546
758_lower,2026-05-12,2026-05-11 10:00:00-04:00,2026-05-31 19:59:00-04:00,2026-05-12 09:16:00-04:00,lower,executed,,flat,inactive,2026-05-12 09:16:00-04:00,2026-05-12 10:02:00-04:00,4690.194713653001,4690.194713653001,22.400000000000546,33.60000000000082,BE,0.0
759_lower,2026-05-12,2026-05-12 10:00:00-04:00,2026-05-31 19:59:00-04:00,2026-05-14 20:25:00-04:00,lower,skipped,simultaneous_collision,flat,inactive,,,,,,,,
760_lower,2026-05-13,2026-05-13 10:00:00-04:00,2026-05-31 19:59:00-04:00,2026-05-14 20:25:00-04:00,lower,skipped,simultaneous_collision,flat,inactive,,,,,,,,
761_lower,2026-05-14,2026-05-14 10:00:00-04:00,2026-05-31 19:59:00-04:00,2026-05-14 20:25:00-04:00,lower,skipped,simultaneous_collision,flat,inactive,,,,,,,,
755_lower,2026-05-15,2026-05-06 10:00:00-04:00,2026-05-31 19:59:00-04:00,2026-05-14 20:25:00-04:00,lower,executed,,flat,inactive,2026-05-14 20:25:00-04:00,2026-05-14 21:13:00-04:00,4641.179791185129,4612.5297911851285,19.100000000000364,28.650000000000546,SL,-28.650000000000546
754_lower,2026-05-05,2026-05-05 10:00:00-04:00,2026-05-31 19:59:00-04:00,2026-05-15 05:50:00-04:00,lower,skipped,SAL,n/a,active,,,,,,,,
750_lower,2026-05-18,2026-04-29 10:00:00-04:00,2026-05-27 10:00:00-04:00,2026-05-17 20:44:00-04:00,lower,executed,,flat,inactive,2026-05-17 20:44:00-04:00,2026-05-17 20:56:00-04:00,4483.971987403905,4508.421987403904,16.299999999999272,24.44999999999891,TP,24.44999999999891
763_lower,2026-05-19,2026-05-18 10:00:00-04:00,2026-05-31 19:59:00-04:00,2026-05-19 09:07:00-04:00,lower,executed,,flat,inactive,2026-05-19 09:07:00-04:00,2026-05-19 09:30:00-04:00,4521.236926593489,4490.336926593491,20.599999999999454,30.89999999999918,SL,-30.899999999998727
762_lower,2026-05-15,2026-05-15 10:00:00-04:00,2026-05-31 19:59:00-04:00,2026-05-19 09:31:00-04:00,lower,skipped,SAL,n/a,active,,,,,,,,
765_upper,2026-05-20,2026-05-20 10:00:00-04:00,2026-05-31 19:59:00-04:00,2026-05-20 10:55:00-04:00,upper,executed,,flat,inactive,2026-05-20 10:55:00-04:00,2026-05-20 15:00:00-04:00,4538.558990817989,4547.5,24.399999999999636,36.599999999999454,cutoff,-8.94100918201093
764_upper,2026-05-21,2026-05-19 10:00:00-04:00,2026-05-31 19:59:00-04:00,2026-05-20 21:23:00-04:00,upper,executed,,flat,inactive,2026-05-20 21:23:00-04:00,2026-05-20 22:28:00-04:00,4566.404176767012,4542.554176767011,15.900000000000546,23.85000000000082,TP,23.85000000000082
766_upper,2026-05-21,2026-05-21 10:00:00-04:00,2026-05-31 19:59:00-04:00,2026-05-24 18:48:00-04:00,upper,skipped,no_anchor,n/a,n/a,,,,,,,,
767_upper,2026-05-25,2026-05-22 10:00:00-04:00,2026-05-31 19:59:00-04:00,2026-05-24 19:08:00-04:00,upper,executed,,flat,inactive,2026-05-24 19:08:00-04:00,2026-05-25 14:29:00-04:00,4574.76964817429,4573.6,36.399999999999636,54.599999999999454,cutoff,1.1696481742892502
768_lower,2026-05-26,2026-05-25 10:00:00-04:00,2026-05-31 19:59:00-04:00,2026-05-26 04:29:00-04:00,lower,executed,,flat,inactive,2026-05-26 04:29:00-04:00,2026-05-26 13:55:00-04:00,4521.141129214297,4493.991129214297,18.099999999999454,27.14999999999918,SL,-27.149999999999636
769_lower,2026-05-26,2026-05-26 10:00:00-04:00,2026-05-31 19:59:00-04:00,2026-05-27 07:30:00-04:00,lower,skipped,simultaneous_collision,flat,inactive,,,,,,,,
767_lower,2026-05-27,2026-05-22 10:00:00-04:00,2026-05-31 19:59:00-04:00,2026-05-27 07:30:00-04:00,lower,executed,,flat,inactive,2026-05-27 07:30:00-04:00,2026-05-27 15:00:00-04:00,4464.680351825711,4485.7,49.600000000000364,74.40000000000055,cutoff,21.019648174288704
765_lower,2026-05-20,2026-05-20 10:00:00-04:00,2026-05-31 19:59:00-04:00,2026-05-27 09:07:00-04:00,lower,skipped,position_open,open,inactive,,,,,,,,
766_lower,2026-05-21,2026-05-21 10:00:00-04:00,2026-05-31 19:59:00-04:00,2026-05-27 09:20:00-04:00,lower,skipped,position_open,open,inactive,,,,,,,,
764_lower,2026-05-28,2026-05-19 10:00:00-04:00,2026-05-31 19:59:00-04:00,2026-05-27 23:15:00-04:00,lower,executed,,flat,inactive,2026-05-27 23:15:00-04:00,2026-05-28 08:51:00-04:00,4418.795823232988,4449.095823232989,20.199999999999818,30.299999999999727,TP,30.299999999999727
770_upper,2026-05-28,2026-05-27 10:00:00-04:00,2026-05-31 19:59:00-04:00,2026-05-28 10:19:00-04:00,upper,executed,,flat,inactive,2026-05-28 10:19:00-04:00,2026-05-28 12:42:00-04:00,4503.305539992033,4535.405539992033,21.399999999999636,32.099999999999454,SL,-32.099999999999454
771_upper,2026-05-28,2026-05-28 10:00:00-04:00,2026-05-31 19:59:00-04:00,2026-05-28 10:45:00-04:00,upper,skipped,position_open,open,active,,,,,,,,
769_upper,2026-05-29,2026-05-26 10:00:00-04:00,2026-05-31 19:59:00-04:00,2026-05-29 10:01:00-04:00,upper,executed,,flat,inactive,2026-05-29 10:01:00-04:00,2026-05-29 10:51:00-04:00,4576.367903176154,4576.367903176154,23.5,35.25,BE,-0.0
768_upper,2026-05-25,2026-05-25 10:00:00-04:00,2026-05-31 19:59:00-04:00,2026-05-29 11:03:00-04:00,upper,skipped,blocked_time,n/a,n/a,,,,,,,,
762_upper,2026-05-15,2026-05-15 10:00:00-04:00,2026-05-31 19:59:00-04:00,2026-05-29 11:05:00-04:00,upper,skipped,blocked_time,n/a,n/a,,,,,,,,
772_upper,2026-05-29,2026-05-29 10:00:00-04:00,2026-05-31 19:59:00-04:00,2026-05-29 11:05:00-04:00,upper,skipped,blocked_time,n/a,n/a,,,,,,,,
