exit,cap_pct_of_price,pnl_pct_of_price,cap_pts,pnl_pts,price_level,month,year
BE,0.001321001957871287,-0.0,8.625,-0.0,6529.134910517963,1,2018
TP,0.001365423071707041,0.001365423071707041,9.0,9.0,6591.363648739487,1,2018
TP,0.0012871495757232397,0.0012871495757232397,8.625,8.625,6700.852925468027,1,2018
TP,0.0015802863536124865,0.0015802863536124865,10.5,10.5,6644.365418961772,1,2018
cutoff,0.008031950329719166,0.004861091015757453,53.25,32.227925468027024,6629.772074531973,1,2018
BE,0.0013905865208198739,-0.0,9.375,-0.0,6741.759581038228,1,2018
SL,0.0024229890921693294,-0.0024229890921693294,16.5,-16.5,6809.770647884909,1,2018
SL,0.005191198018398908,-0.005191198018398908,35.625,-35.625,6862.577746742863,1,2018
TP,0.0060550804672541226,0.0060550804672541226,42.375,42.375,6998.255469793344,1,2018
TP,0.0011859639241120937,0.0011859639241120937,8.25,8.25,6956.366742923148,1,2018
TP,0.007977888996614597,0.007977888996614597,55.125,55.125,6909.722612509674,1,2018
SL,0.007139248853767105,-0.007139248853767105,49.125,-49.125,6880.975997086674,2,2018
TP,0.01004122011117064,0.01004122011117064,67.125,67.125,6684.944584107352,2,2018
BE,0.01594821132164375,0.0,103.5,0.0,6489.755992857791,2,2018
TP,0.007657140621594571,0.007657140621594571,49.875,49.875,6513.528021066135,2,2018
TP,0.0018207834114026143,0.0018207834114026143,12.0,12.0,6590.569710186437,2,2018
TP,0.0018177659298191644,0.0018177659298191644,12.0,12.0,6601.510020156329,2,2018
BE,0.0075804867443937905,0.0,51.0,0.0,6727.800168995409,2,2018
BE,0.010000532771228598,0.0,66.75,0.0,6674.644394150568,3,2018
TP,0.006818173405353664,0.006818173405353664,45.375,45.375,6655.008211491266,3,2018
SL,0.002375584092187931,-0.002375584092187931,16.5,-16.5,6945.66025015068,3,2018
SL,0.003433668781198519,-0.003433668781198519,24.0,-24.0,6989.60835460164,3,2018
TP,0.007072329937895931,0.007072329937895931,51.0,51.0,7211.202029295153,3,2018
TP,0.009657897063775225,0.009657897063775225,67.875,67.875,7027.927462033644,3,2018
SL,0.001869781534681741,-0.001869781534681741,13.125,-13.125,7019.536644549242,3,2018
BE,0.005887027898893389,0.0,40.125,0.0,6815.833165584705,3,2018
BE,0.005884947797884115,0.0,40.125,0.0,6818.242298500356,3,2018
BE,0.008386713107172919,0.0,57.0,0.0,6796.46474984932,3,2018
SL,0.003586647302835719,-0.003586647302835719,24.375,-24.375,6796.0404081907745,3,2018
BE,0.015979110689300923,-0.0,105.75,-0.0,6618.015361193202,4,2018
TP,0.0026407973613692833,0.0026407973613692833,17.625,17.625,6674.120573515432,4,2018
cutoff,0.010593769139080509,0.001831530006636446,70.875,12.253399853833798,6690.253399853834,4,2018
TP,0.0018910669879772044,0.0018910669879772044,12.75,12.75,6742.225463751627,4,2018
BE,0.0025010066794714267,-0.0,16.875,-0.0,6747.283059462454,4,2018
SL,0.006515564542108699,-0.006515564542108699,44.25,-44.25,6791.429923534902,4,2018
TP,0.003164326468577508,0.003164326468577508,21.375,21.375,6754.992006121582,4,2018
BE,0.0031691151895895187,0.0,21.375,0.0,6744.784812561076,4,2018
SL,0.010883440704600835,-0.010883440704600835,72.0,-72.0,6615.554947578565,4,2018
SL,0.00810237850225327,-0.00810237850225327,53.625,-53.625,6618.426920574853,4,2018
TP,0.003379903327054315,0.003379903327054315,22.875,22.875,6767.945052421435,4,2018
SL,0.011990432350657016,-0.011990432350657016,80.25,-80.25,6692.836225843241,5,2018
TP,0.0018672662846198535,0.0018672662846198535,12.75,12.75,6828.16377343615,5,2018
BE,0.005833161145832845,-0.0,40.875,-0.0,7007.349699090812,5,2018
SL,0.004546410375746159,-0.004546410375746159,31.5,-31.5,6928.543047509258,5,2018
TP,0.004202243258751633,0.004202243258751633,29.25,29.25,6960.568010688974,5,2018
BE,0.002235348780427642,0.0,15.375,0.0,6878.121273342689,5,2018
BE,0.0022382757990236112,0.0,15.375,0.0,6869.126676304564,5,2018
SL,0.0026230847179398507,-0.0026230847179398507,18.0,-18.0,6862.149696078842,5,2018
TP,0.0035490356905918947,0.0035490356905918947,24.75,24.75,6973.725303921158,5,2018
BE,0.0035500333220311133,-0.0,24.75,-0.0,6971.765545524388,5,2018
BE,0.0025219990844063352,-0.0,17.625,-0.0,6988.503726657311,5,2018
TP,0.002516554529763065,0.002516554529763065,17.625,17.625,7003.623323695436,5,2018
TP,0.002757390801082474,0.002757390801082474,19.125,19.125,6935.904766379892,5,2018
TP,0.006358766867941614,0.006358766867941614,43.875,43.875,6899.922722627305,5,2018
SL,0.004636484051528983,-0.004636484051528983,32.625,-32.625,7036.581952490742,6,2018
SL,0.00327813998593858,-0.00327813998593858,23.25,-23.25,7092.43659505992,6,2018
SL,0.003353531264914312,-0.003353531264914312,24.0,-24.0,7156.635231374005,6,2018
TP,0.0006741501529056731,0.0006741501529056731,4.875,4.875,7231.326699234774,6,2018
BE,0.005746077523027847,0.0,40.875,0.0,7113.548300765226,6,2018
TP,0.0022934224354410663,0.0022934224354410663,16.5,16.5,7194.487916844135,6,2018
BE,0.0010855627902121086,-0.0,7.875,-0.0,7254.301705073458,6,2018
TP,0.0030950480129607505,0.0030950480129607505,22.5,22.5,7269.677208812118,6,2018
BE,0.006777767599773222,-0.0,49.5,-0.0,7303.289655676041,6,2018
TP,0.003118701137937732,0.003118701137937732,22.5,22.5,7214.541889345101,6,2018
SL,0.0027574213774895313,-0.0027574213774895313,19.875,-19.875,7207.821104982877,6,2018
TP,0.002943034750144046,0.002943034750144046,21.375,21.375,7262.911183414944,6,2018
SL,0.0021096599607927057,-0.0021096599607927057,15.375,-15.375,7287.904347496284,6,2018
SL,0.0019918476854335126,-0.0019918476854335126,14.625,-14.625,7342.428895017123,6,2018
cutoff,0.011356445703958048,0.005826851614779727,81.75,41.944912336632115,7198.555087663368,6,2018
SL,0.004241604324127269,-0.004241604324127269,30.375,-30.375,7161.205449367277,6,2018
SL,0.003921265773242631,-0.003921265773242631,27.75,-27.75,7076.796525590399,6,2018
TP,0.005180192902927438,0.005180192902927438,36.375,36.375,7021.939275551633,7,2018
TP,0.0029322705307091,0.0029322705307091,21.0,21.0,7161.685724448367,7,2018
BE,0.007861656330882953,-0.0,56.25,-0.0,7154.980786813723,7,2018
cutoff,0.0082114967144074,-0.007660482164158956,58.875,-54.9243217285275,7169.8256782714725,7,2018
SL,0.0017080310791575814,-0.0017080310791575814,12.375,-12.375,7245.184324224052,7,2018
TP,0.0014317976083606397,0.0014317976083606397,10.5,10.5,7333.438705783388,7,2018
SL,0.006345261150102885,-0.006345261150102885,46.5,-46.5,7328.303579632185,7,2018
TP,0.0011645066612594732,0.0011645066612594732,8.625,8.625,7406.569912336632,7,2018
SL,0.0037772133510581805,-0.0037772133510581805,27.75,-27.75,7346.6858821268015,7,2018
BE,0.0021174756429194652,-0.0,15.75,-0.0,7438.102087580435,7,2018
TP,0.0015114311863924416,0.0015114311863924416,11.25,11.25,7443.276347136951,7,2018
TP,0.001511581871518624,0.001511581871518624,11.25,11.25,7442.534348931817,7,2018
TP,0.002971037088045453,0.002971037088045453,22.125,22.125,7446.894584057618,7,2018
TP,0.0037610001140240155,0.0037610001140240155,28.125,28.125,7478.0641178731985,7,2018
BE,0.004252908927578462,0.0,30.75,0.0,7230.34528216633,7,2018
BE,0.004254931553772734,0.0,30.75,0.0,7226.908261951898,7,2018
BE,0.0011059822742480075,-0.0,8.25,-0.0,7459.432390640652,8,2018
TP,0.0010023143433508758,0.0010023143433508758,7.5,7.5,7482.682503501307,8,2018
BE,0.0042425842184958,0.0,31.5,0.0,7424.720023865139,8,2018
BE,0.005817363883621212,0.0,43.125,0.0,7413.1515343948895,8,2018
cutoff,0.009053400022436592,-0.0028035907871246132,66.75,-20.67065241531236,7372.920652415312,8,2018
BE,0.002088945206854388,0.0,15.375,0.0,7360.173904777643,8,2018
TP,0.0037740227597601633,0.0037740227597601633,27.75,27.75,7352.896833553673,8,2018
SL,0.001459252142987613,-0.001459252142987613,10.875,-10.875,7452.447510363063,8,2018
cutoff,0.0038099926722079853,-0.001660441918820439,28.5,-12.420652415312361,7480.329347584688,8,2018
BE,0.003738610464983988,-0.0,28.125,-0.0,7522.8484656051105,8,2018
TP,0.0016423564781765751,0.0016423564781765751,12.375,12.375,7534.904976134861,8,2018
BE,0.001036190797379902,-0.0,7.875,-0.0,7599.9516883498845,8,2018
cutoff,0.00594353010626208,-0.0036215465384034458,45.375,-27.648160477377132,7634.351839522623,8,2018
BE,0.0028494465744368686,0.0,21.75,0.0,7633.061168833607,9,2018
SL,0.001873890286235026,-0.001873890286235026,14.25,-14.25,7604.500703523443,9,2018
cutoff,0.0138081485042752,-0.0016410613815412876,104.25,-12.389832639235465,7549.8898326392355,9,2018
cutoff,0.011091150665735605,-0.0036031433596619648,82.875,-26.923311650115465,7472.1733116501155,9,2018
TP,0.008156772849385437,0.008156772849385437,60.375,60.375,7401.824362995334,9,2018
SL,0.0013949048768410303,-0.0013949048768410303,10.5,-10.5,7527.395003291416,9,2018
SL,0.004074130546017984,-0.004074130546017984,30.75,-30.75,7547.622652900693,9,2018
TP,0.002069022851812507,0.002069022851812507,15.75,15.75,7612.28905045813,9,2018
TP,0.0020678952529319984,0.0020678952529319984,15.75,15.75,7616.4399418532485,9,2018
SL,0.0017397609163677487,-0.0017397609163677487,13.125,-13.125,7544.14004620946,9,2018
cutoff,0.004251927653472994,-0.0029605160273623436,32.25,-22.454907435795576,7584.795092564204,9,2018
TP,0.0017198782549903674,0.0017198782549903674,13.125,13.125,7631.354115860666,9,2018
SL,0.0018502168118066048,-0.0018502168118066048,13.875,-13.875,7499.12113621541,9,2018
BE,0.0031214402576216827,-0.0,24.0,-0.0,7688.758399715875,9,2018
BE,0.0031197805301770667,-0.0,24.0,-0.0,7692.848829541818,9,2018
SL,0.0015578559235408197,-0.0015578559235408197,12.0,-12.0,7702.894612183031,9,2018
TP,0.0029934748024475085,0.0029934748024475085,22.875,22.875,7641.621028945046,10,2018
SL,0.0031948256833463154,-0.0031948256833463154,24.375,-24.375,7629.524241982807,10,2018
SL,0.004837896473804127,-0.004837896473804127,35.25,-35.25,7286.224538054712,10,2018
TP,0.003732749534465088,0.003732749534465088,26.25,26.25,7032.3496815496055,10,2018
TP,0.0043923795989186075,0.0043923795989186075,30.75,30.75,7000.761047057629,10,2018
TP,0.008262341386847557,0.008262341386847557,55.875,55.875,6762.610909414232,10,2018
BE,0.004626482248039202,-0.0,31.875,-0.0,6889.683844244571,10,2018
TP,0.013488128931498257,0.013488128931498257,95.625,95.625,7089.567462295751,11,2018
TP,0.007600663744046919,0.007600663744046919,54.0,54.0,7104.642675752431,11,2018
SL,0.0038565345328992117,-0.0038565345328992117,26.625,-26.625,6903.866612075746,11,2018
SL,0.004660355572886294,-0.004660355572886294,33.0,-33.0,7081.0047610942565,11,2018
BE,0.005232955659857107,0.0,37.125,0.0,7094.461029890275,11,2018
SL,0.0089761531407662,-0.0089761531407662,62.625,-62.625,6976.819470200613,11,2018
TP,0.004792951658388705,0.004792951658388705,32.625,32.625,6806.8702389057435,11,2018
TP,0.0047890382502040075,0.0047890382502040075,32.625,32.625,6812.432537704249,11,2018
BE,0.017107172760884807,0.0,115.125,0.0,6729.6333303671845,11,2018
SL,0.012446816805694856,-0.012446816805694856,81.375,-81.375,6537.816155755429,11,2018
TP,0.005648875943543688,0.005648875943543688,37.5,37.5,6638.488855974993,11,2018
TP,0.0040388409124629465,0.0040388409124629465,26.25,26.25,6499.389445867615,11,2018
SL,0.005491493240338048,-0.005491493240338048,36.375,-36.375,6623.8814122187305,11,2018
TP,0.0015588249474192968,0.0015588249474192968,10.5,10.5,6735.842929241806,11,2018
SL,0.006564045973171321,-0.006564045973171321,44.25,-44.25,6741.269055832232,12,2018
BE,0.01034094812065017,0.0,69.375,0.0,6708.7658878650445,12,2018
BE,0.01034155317439334,0.0,69.375,0.0,6708.373377780335,12,2018
TP,0.006548552215969775,0.006548552215969775,42.75,42.75,6528.160513975401,12,2018
TP,0.0042584371543112785,0.0042584371543112785,27.0,27.0,6340.354224240451,12,2018
SL,0.006913085171895163,-0.006913085171895163,43.125,-43.125,6238.169923802291,1,2019
SL,0.003535954091363983,-0.003535954091363983,22.875,-22.875,6469.258199892534,1,2019
SL,0.004246055168153251,-0.004246055168153251,28.125,-28.125,6623.795237270195,1,2019
SL,0.001847370358849289,-0.001847370358849289,12.375,-12.375,6698.710922106751,1,2019
TP,0.004308267601248252,0.004308267601248252,28.5,28.5,6615.187968301361,1,2019
TP,0.00281848429218654,0.00281848429218654,19.125,19.125,6785.562031698639,1,2019
cutoff,0.006808999716310967,-0.0019378498543437676,46.125,-13.127232817691038,6774.122767182309,1,2019
SL,0.0028628216169211567,-0.0028628216169211567,19.125,-19.125,6680.472121266195,1,2019
cutoff,0.009854634171020709,0.0011326630061843218,65.25,7.499645331417923,6621.250354668582,1,2019
BE,0.0033560003436063908,0.0,23.25,0.0,6927.889636332791,2,2019
cutoff,0.007380259456547378,-0.0007560516223592645,51.75,-5.3013951186203485,7011.94860488138,2,2019
BE,0.002875081633577647,-0.0,20.25,-0.0,7043.27827199871,2,2019
TP,0.0017531991891201017,0.0017531991891201017,12.375,12.375,7058.524825242923,2,2019
cutoff,0.012461923096879188,0.007840125398183528,87.0,54.73400087124446,6981.2659991287555,2,2019
BE,0.00583290668222674,-0.0,41.25,-0.0,7071.945814887033,2,2019
TP,0.004592573379800792,0.004592573379800792,32.625,32.625,7103.860363667209,2,2019
TP,0.006117819559213757,0.006117819559213757,43.5,43.5,7110.376430518732,2,2019
TP,0.006117042070875419,0.006117042070875419,43.5,43.5,7111.280173650113,2,2019
TP,0.004429660049343439,0.004429660049343439,31.125,31.125,7026.498569481268,2,2019
TP,0.0044283592837990595,0.0044283592837990595,31.125,31.125,7028.562500307805,2,2019
BE,0.002259253745817548,-0.0,16.125,-0.0,7137.312499692195,2,2019
SL,0.0017320311940071066,-0.0017320311940071066,12.375,-12.375,7144.790488080103,2,2019
SL,0.002482030821723785,-0.002482030821723785,17.625,-17.625,7101.039941058964,2,2019
BE,0.0026416830219407766,0.0,18.75,0.0,7097.747854027111,3,2019
TP,0.0010580215048047958,0.0010580215048047958,7.5,7.5,7088.7027966258065,3,2019
TP,0.004528367123368544,0.004528367123368544,31.875,31.875,7038.961093836613,3,2019
TP,0.0045278242225998125,0.0045278242225998125,31.875,31.875,7039.805088038031,3,2019
SL,0.0025173507692561486,-0.0025173507692561486,17.625,-17.625,7001.408073618603,3,2019
BE,0.0032012427675431644,-0.0,23.25,-0.0,7262.804382013026,3,2019
BE,0.0035800721049369672,-0.0,26.25,-0.0,7332.254555376385,3,2019
TP,0.002240562066713952,0.002240562066713952,16.5,16.5,7364.223578148492,3,2019
SL,0.0020442031549846693,-0.0020442031549846693,15.0,-15.0,7337.82254636648,3,2019
TP,0.003228621578882701,0.003228621578882701,24.0,24.0,7433.512851730817,3,2019
BE,0.0052308241746291595,-0.0,39.0,-0.0,7455.804037375222,3,2019
cutoff,0.008237735644679361,-0.0010337555691090196,62.25,-7.811768543288963,7556.688231456711,4,2019
BE,0.0013221388315765863,-0.0,10.125,-0.0,7658.0460071098805,4,2019
BE,0.0013222156860187477,-0.0,10.125,-0.0,7657.600879389686,4,2019
TP,0.00384896111668585,0.00384896111668585,29.25,29.25,7599.4532325090695,4,2019
BE,0.003165858623020322,-0.0,24.375,-0.0,7699.333072790703,4,2019
SL,0.0017025679608058128,-0.0017025679608058128,13.125,-13.125,7708.943373859822,4,2019
SL,0.0018334644174285552,-0.0018334644174285552,14.25,-14.25,7772.171559230863,4,2019
cutoff,0.007428673705941357,0.006279778929051877,57.75,48.81857078507801,7773.931429214922,4,2019
TP,0.0018779448529243326,0.0018779448529243326,14.625,14.625,7787.768622292595,4,2019
SL,0.004502622251668548,-0.004502622251668548,34.125,-34.125,7578.916927209297,5,2019
TP,0.005538076872000596,0.005538076872000596,42.375,42.375,7651.573096473161,5,2019
SL,0.00712368079702825,-0.00712368079702825,52.875,-52.875,7422.426903526839,5,2019
cutoff,0.011679136482266643,-0.005341405061493488,87.375,-39.96059708323719,7481.289402916763,5,2019
SL,0.00402878289074521,-0.00402878289074521,30.0,-30.0,7446.417643630048,5,2019
SL,0.0027978821642841937,-0.0027978821642841937,20.625,-20.625,7371.647120555797,5,2019
TP,0.004786369992600087,0.004786369992600087,35.25,35.25,7364.662584484247,5,2019
SL,0.002885199283396955,-0.002885199283396955,21.0,-21.0,7278.526693405793,5,2019
SL,0.003291996697344399,-0.003291996697344399,23.625,-23.625,7176.495656589786,5,2019
SL,0.0027508855487419024,-0.0027508855487419024,19.875,-19.875,7224.946166549782,6,2019
SL,0.003130896130640039,-0.003130896130640039,22.875,-22.875,7306.2149127648445,6,2019
SL,0.003103747029570455,-0.003103747029570455,23.25,-23.25,7490.945550165439,6,2019
SL,0.0021260844276358147,-0.0021260844276358147,16.125,-16.125,7584.364849485702,6,2019
cutoff,0.003422206523029258,0.000318917707569221,25.875,2.4113085016415425,7560.9113085016415,6,2019
cutoff,0.003417680260128717,0.0016411112586315836,25.875,12.424729812347323,7570.924729812347,6,2019
SL,0.00509232961230517,-0.00509232961230517,38.625,-38.625,7584.937138920871,6,2019
BE,0.0029038856985636684,-0.0,22.5,-0.0,7748.238854969065,6,2019
BE,0.0031871513387441244,-0.0,24.75,-0.0,7765.55530926014,6,2019
SL,0.008422497185889676,-0.008422497185889676,64.875,-64.875,7702.584942229007,6,2019
BE,0.002634338471025042,-0.0,20.625,-0.0,7829.290057770993,7,2019
SL,0.0013861044579086066,-0.0013861044579086066,10.875,-10.875,7845.729041524407,7,2019
TP,0.0020521060991834186,0.0020521060991834186,16.125,16.125,7857.780845939943,7,2019
BE,0.0017808264192296177,0.0,13.875,0.0,7791.326459544721,7,2019
SL,0.0023187754627040104,-0.0023187754627040104,18.0,-18.0,7762.717990386845,7,2019
SL,0.0020480892085027167,-0.0020480892085027167,16.125,-16.125,7873.192209136437,7,2019
BE,0.0009850696859066846,-0.0,7.875,-0.0,7994.358280096334,7,2019
TP,0.0019315350708227184,0.0019315350708227184,15.375,15.375,7959.990078487765,7,2019
BE,0.002597098122148056,0.0,20.625,0.0,7941.555932796677,7,2019
BE,0.003438952646716088,0.0,26.625,0.0,7742.182790863563,8,2019
cutoff,0.016547685222256518,-0.002791063488565089,127.5,-21.505158577310794,7705.005158577311,8,2019
SL,0.003879372324889318,-0.003879372324889318,29.625,-29.625,7636.544656962058,8,2019
SL,0.003956592600811793,-0.003956592600811793,30.0,-30.0,7582.281783028347,8,2019
BE,0.005434320092414338,0.0,40.875,0.0,7521.640114106753,8,2019
SL,0.004971093005865276,-0.004971093005865276,38.25,-38.25,7694.484885893247,8,2019
BE,0.007278750864138106,-0.0,55.5,-0.0,7624.934694968692,8,2019
BE,0.001467757290433143,-0.0,11.25,-0.0,7664.75497912878,8,2019
BE,0.005748073220156257,-0.0,44.25,-0.0,7698.231790929952,8,2019
TP,0.004693510954278089,0.004693510954278089,36.0,36.0,7670.164265236528,8,2019
TP,0.0034320334141731035,0.0034320334141731035,26.25,26.25,7648.5269320504385,8,2019
BE,0.01994981780081745,0.0,152.25,0.0,7631.648645621291,8,2019
BE,0.019950052389252827,0.0,152.25,0.0,7631.558906683257,8,2019
TP,0.006869472066492062,0.006869472066492062,52.5,52.5,7642.508695258361,8,2019
SL,0.0021088873565066513,-0.0021088873565066513,16.125,-16.125,7646.212089161028,8,2019
BE,0.00439629291939548,-0.0,34.125,-0.0,7762.221632104627,8,2019
SL,0.0013575902700713506,-0.0013575902700713506,10.5,-10.5,7734.292320353883,9,2019
TP,0.0028391213169457557,0.0028391213169457557,22.125,22.125,7792.904046735641,9,2019
BE,0.00800496743011399,-0.0,63.0,-0.0,7870.113220323607,9,2019
SL,0.0015622392014287524,-0.0015622392014287524,12.375,-12.375,7921.3221564805135,9,2019
cutoff,0.007410609930047392,0.0017546547308135193,58.875,13.940188223614314,7944.690188223614,9,2019
cutoff,0.007415800163598331,0.0010555049264125162,58.875,8.379790605412381,7939.129790605412,9,2019
cutoff,0.007401541466786603,0.002976221015408053,58.875,23.674124244043924,7954.424124244044,9,2019
TP,0.001613068511097273,0.001613068511097273,12.75,12.75,7904.190003267094,9,2019
TP,0.005942514044371826,0.005942514044371826,45.75,45.75,7698.761779676393,9,2019
TP,0.004851946060492125,0.004851946060492125,37.875,37.875,7806.146137609452,9,2019
SL,0.0033162615716957286,-0.0033162615716957286,25.5,-25.5,7689.38138584795,10,2019
TP,0.0030735127853730782,0.0030735127853730782,23.625,23.625,7686.64445205237,10,2019
SL,0.003718096381996571,-0.003718096381996571,28.5,-28.5,7665.2128056712345,10,2019
cutoff,0.014586940160734465,0.0029037481740779225,113.25,22.544102950359047,7763.794102950359,10,2019
cutoff,0.014568821153817425,0.004142280291486601,113.25,32.19980793627474,7773.449807936275,10,2019
SL,0.0035980191726252006,-0.0035980191726252006,28.125,-28.125,7816.801037077112,10,2019
SL,0.005822185766512068,-0.005822185766512068,46.125,-46.125,7922.282429616186,10,2019
TP,0.0035279925487012543,0.0035279925487012543,28.125,28.125,7971.955612648202,10,2019
TP,0.003522122676870344,0.003522122676870344,28.125,28.125,7985.241452461576,10,2019
TP,0.0035213685959105913,0.0035213685959105913,28.125,28.125,7986.951446281968,10,2019
BE,0.0044549640149149005,0.0,35.25,0.0,7912.521825537877,10,2019
TP,0.001925147484994761,0.001925147484994761,15.375,15.375,7986.401104246743,10,2019
BE,0.002646740603098522,-0.0,21.0,-0.0,7934.28716641723,10,2019
cutoff,0.008663473499641994,-0.002059491596429222,69.375,-16.49191049158071,8007.758089508419,10,2019
BE,0.0065845744313345516,0.0,52.875,0.0,8030.131719428886,10,2019
TP,0.0065917846759853595,0.0065917846759853595,52.875,52.875,8021.348177926654,10,2019
cutoff,0.00653883554496596,-0.00031904334608358803,53.25,-2.598177926653989,8143.651822073346,11,2019
SL,0.0020563159820438217,-0.0020563159820438217,16.875,-16.875,8206.423598005367,11,2019
TP,0.004900205729642167,0.004900205729642167,40.5,40.5,8264.95911284065,11,2019
TP,0.003939466549716582,0.003939466549716582,32.625,32.625,8281.578124415639,11,2019
TP,0.0039390955717517676,0.0039390955717517676,32.625,32.625,8282.358070710947,11,2019
TP,0.003936296397870451,0.003936296397870451,32.625,32.625,8288.247810213234,11,2019
BE,0.006232444142104692,-0.0,51.75,-0.0,8303.323514829619,11,2019
TP,0.0019411627897851556,0.0019411627897851556,16.125,16.125,8306.876726080602,11,2019
TP,0.0021212960607898965,0.0021212960607898965,17.625,17.625,8308.599787545481,11,2019
SL,0.0009008729605426582,-0.0009008729605426582,7.5,-7.5,8325.258197873129,11,2019
TP,0.0011209165931608195,0.0011209165931608195,9.375,9.375,8363.69098040014,11,2019
BE,0.004474548831479668,0.0,37.125,0.0,8296.92587972569,11,2019
SL,0.002608763646738053,-0.002608763646738053,21.75,-21.75,8337.282692203938,11,2019
TP,0.003787957959002585,0.003787957959002585,31.875,31.875,8414.82412027431,11,2019
TP,0.00379422428978421,0.00379422428978421,31.875,31.875,8400.926662617732,11,2019
SL,0.003525270919478963,-0.003525270919478963,29.625,-29.625,8403.609446385071,12,2019
SL,0.0038130182602419925,-0.0038130182602419925,31.5,-31.5,8261.172082087238,12,2019
cutoff,0.004931351986393067,-0.0029796878013151847,40.875,-24.698042081527092,8288.801957918473,12,2019
SL,0.0024185258556425958,-0.0024185258556425958,20.25,-20.25,8372.8689328482,12,2019
SL,0.0010804539012130537,-0.0010804539012130537,9.0,-9.0,8329.83248049312,12,2019
SL,0.003907092270606708,-0.003907092270606708,33.0,-33.0,8446.178824150378,12,2019
TP,0.0015799822032308522,0.0015799822032308522,13.5,13.5,8544.400039693046,12,2019
SL,0.0016579593628115302,-0.0016579593628115302,14.25,-14.25,8594.903059526845,12,2019
SL,0.0021840781558833088,-0.0021840781558833088,19.125,-19.125,8756.55477276877,12,2019
SL,0.002273254320784739,-0.002273254320784739,19.875,-19.875,8742.97249466529,12,2019
TP,0.005746984894021085,0.005746984894021085,50.25,50.25,8743.715344071625,1,2020
BE,0.0023645963431271288,-0.0,21.0,-0.0,8881.00840595395,1,2020
TP,0.020740824670077995,0.020740824670077995,180.375,180.375,8696.61659404605,1,2020
TP,0.020767674901324078,0.020767674901324078,180.375,180.375,8685.372862250453,1,2020
TP,0.020757151881476917,0.020757151881476917,180.375,180.375,8689.775988051686,1,2020
TP,0.0029056203672751745,0.0029056203672751745,26.625,26.625,9163.275526241003,1,2020
BE,0.00653641541710746,0.0,59.625,0.0,9121.972242453598,1,2020
SL,0.0018705369117256315,-0.0018705369117256315,17.25,-17.25,9221.951137059525,1,2020
TP,0.002907460813145135,0.002907460813145135,26.625,26.625,9157.475099792833,1,2020
SL,0.001132129305687963,-0.001132129305687963,10.5,-10.5,9274.55896358009,1,2020
cutoff,0.008007165384134525,-0.0019958033718997575,72.0,-17.94615645900194,8991.946156459002,1,2020
SL,0.006420502832729236,-0.006420502832729236,58.125,-58.125,9053.02925865888,1,2020
BE,0.0032454966189724662,0.0,29.25,0.0,9012.488205660382,1,2020
BE,0.0045559052221945204,-0.0,42.0,-0.0,9218.804595713065,2,2020
SL,0.003080411118524114,-0.003080411118524114,28.5,-28.5,9252.011794339618,2,2020
cutoff,0.005095270747715357,0.003312782559720021,48.75,31.695695436550523,9567.69569543655,2,2020
BE,0.0032642223576165637,-0.0,31.5,-0.0,9650.077889608092,2,2020
BE,0.002054681536521954,-0.0,19.875,-0.0,9673.031877068039,2,2020
SL,0.000658791605990402,-0.000658791605990402,6.375,-6.375,9676.808177323495,2,2020
BE,0.001471407488163314,-0.0,14.25,-0.0,9684.604784625351,2,2020
SL,0.00135212977268284,-0.00135212977268284,13.125,-13.125,9706.908512159982,2,2020
TP,0.003398638793212235,0.003398638793212235,32.25,32.25,9489.093122931961,2,2020
TP,0.003394595621433652,0.003394595621433652,32.25,32.25,9500.395215374649,2,2020
SL,0.0031515475839836624,-0.0031515475839836624,29.25,-29.25,9281.154486973353,2,2020
TP,0.008639208628608772,0.008639208628608772,75.375,75.375,8724.757467992544,2,2020
SL,0.01299471307139108,-0.01299471307139108,109.875,-109.875,8455.361761076416,3,2020
SL,0.0098669488004866,-0.0098669488004866,84.375,-84.375,8551.275749585217,3,2020
SL,0.0008393017091641509,-0.0008393017091641509,6.375,-6.375,7595.5999259774835,3,2020
TP,0.02662598664465843,0.02662598664465843,200.0,200.0,7511.458736501807,3,2020
TP,0.0264463757332763,0.0264463757332763,200.0,200.0,7562.472908087322,3,2020
BE,0.012392735017908448,-0.0,90.75,-0.0,7322.838733246481,3,2020
TP,0.020107754822736443,0.020107754822736443,153.75,153.75,7646.30369503761,3,2020
TP,0.02264249373868184,0.02264249373868184,173.625,173.625,7668.104140993251,3,2020
TP,0.022594471492302686,0.022594471492302686,173.625,173.625,7684.401914829,3,2020
TP,0.02256830576108475,0.02256830576108475,174.375,174.375,7726.54366907242,3,2020
BE,0.005894493578394254,-0.0,46.5,-0.0,7888.718408387388,3,2020
BE,0.005499521905053432,-0.0,43.5,-0.0,7909.778477294267,3,2020
TP,0.0070758059618304244,0.0070758059618304244,56.25,56.25,7949.624439029813,3,2020
TP,0.007521520898234606,0.007521520898234606,57.0,57.0,7578.254553993011,4,2020
TP,0.027070538075917045,0.027070538075917045,200.0,200.0,7388.1058233536705,4,2020
SL,0.006328512818150719,-0.006328512818150719,48.75,-48.75,7703.231612359354,4,2020
SL,0.01334049660385228,-0.01334049660385228,108.75,-108.75,8151.870446006989,4,2020
cutoff,0.02404735822306684,0.017214528621037003,200.0,143.17188991283365,8316.921889912834,4,2020
SL,0.008414921842088937,-0.008414921842088937,70.5,-70.5,8377.974427210953,4,2020
TP,0.010076302754583178,0.010076302754583178,87.75,87.75,8708.551354323605,4,2020
TP,0.008649278666927203,0.008649278666927203,74.625,74.625,8627.887119112991,4,2020
SL,0.005680403261054389,-0.005680403261054389,48.75,-48.75,8582.137175759435,4,2020
TP,0.013924509328157345,0.013924509328157345,121.875,121.875,8752.552576739732,4,2020
BE,0.006927297134463015,-0.0,61.125,-0.0,8823.787808365498,4,2020
SL,0.003477326831563644,-0.003477326831563644,30.75,-30.75,8842.999663098304,4,2020
SL,0.0036664029620350064,-0.0036664029620350064,32.625,-32.625,8898.367238360446,4,2020
BE,0.00400622629733877,-0.0,35.625,-0.0,8892.408305458119,5,2020
BE,0.003918273627279369,-0.0,35.625,-0.0,9092.014338145143,5,2020
SL,0.004709329306130511,-0.004709329306130511,43.125,-43.125,9157.354943061793,5,2020
TP,0.007383680230208896,0.007383680230208896,68.25,68.25,9243.358037197813,5,2020
TP,0.007826022312844887,0.007826022312844887,70.5,70.5,9008.407743009884,5,2020
BE,0.004230244368774007,-0.0,38.625,-0.0,9130.678190866347,5,2020
BE,0.009446589067436374,-0.0,86.625,-0.0,9169.976526088944,5,2020
BE,0.009725416106463184,-0.0,90.75,-0.0,9331.220279581725,5,2020
SL,0.003222525275455426,-0.003222525275455426,30.375,-30.375,9425.837628444118,5,2020
SL,0.00708352312621753,-0.00708352312621753,66.0,-66.0,9317.397405779739,5,2020
BE,0.002561617112835081,-0.0,24.375,-0.0,9515.473595904761,5,2020
SL,0.0023897103151471364,-0.0023897103151471364,22.875,-22.875,9572.289936151348,5,2020
BE,0.021435495980778378,0.0,197.25,0.0,9202.026404095239,5,2020
TP,0.02148013011349466,0.02148013011349466,197.25,197.25,9182.905269092378,5,2020
BE,0.004215148366229883,-0.0,40.5,-0.0,9608.202720566167,6,2020
BE,0.002337869406178408,-0.0,22.5,-0.0,9624.147499658488,6,2020
TP,0.005216184862478757,0.005216184862478757,50.25,50.25,9633.477594220261,6,2020
BE,0.005810169546811578,-0.0,56.25,-0.0,9681.300958053465,6,2020
BE,0.007536722354420192,-0.0,73.125,-0.0,9702.493545767029,6,2020
TP,0.006283169475963022,0.006283169475963022,61.125,61.125,9728.37040825345,6,2020
cutoff,0.009654450987394314,-0.0038617682934378866,96.0,-38.39987966732588,9943.600120332674,6,2020
TP,0.002548659025814216,0.002548659025814216,25.5,25.5,10005.261489168231,6,2020
BE,0.006889628619492078,0.0,68.25,0.0,9906.19433490329,6,2020
SL,0.00681763799858724,-0.00681763799858724,64.5,-64.5,9460.75459174655,6,2020
TP,0.00551333794908194,0.00551333794908194,55.125,55.125,9998.480141994416,6,2020
BE,0.0031944628642399018,-0.0,32.25,-0.0,10095.593960731061,6,2020
TP,0.0032634108481918744,0.0032634108481918744,33.0,33.0,10112.119354596121,6,2020
SL,0.008374949687538066,-0.008374949687538066,85.125,-85.125,10164.240165724947,6,2020
TP,0.006647739892832225,0.006647739892832225,64.875,64.875,9758.955832485262,6,2020
TP,0.0008229579985708671,0.0008229579985708671,8.25,8.25,10024.81294832396,6,2020
cutoff,0.010083989902739605,-0.007221298022545596,102.75,-73.58083248526236,10189.419167514738,7,2020
BE,0.00424754648107032,-0.0,43.875,-0.0,10329.492613096521,7,2020
SL,0.003987706224412636,-0.003987706224412636,41.25,-41.25,10344.29260296773,7,2020
BE,0.004012288746130817,-0.0,42.0,-0.0,10467.840840343804,7,2020
SL,0.007620564371009036,-0.007620564371009036,80.25,-80.25,10530.716111433376,7,2020
TP,0.004297731896479278,0.004297731896479278,45.75,45.75,10645.149837633802,7,2020
SL,0.0029516453366274166,-0.0029516453366274166,32.25,-32.25,10926.109448111816,7,2020
BE,0.011722603001714765,0.0,123.75,0.0,10556.529124282211,7,2020
BE,0.019055984530658442,0.0,200.0,0.0,10495.390551888184,7,2020
TP,0.019199934794272008,0.019199934794272008,200.0,200.0,10416.702043158333,7,2020
TP,0.019226224555576557,0.019226224555576557,200.0,200.0,10402.458341307061,7,2020
BE,0.00973764916259068,0.0,102.375,0.0,10513.317772147313,7,2020
cutoff,0.012434787077476837,-0.011362682301449344,133.875,-122.33254044710156,10766.167459552898,7,2020
SL,0.004886172307670867,-0.004886172307670867,51.0,-51.0,10437.617993932472,7,2020
SL,0.0026874051509798665,-0.0026874051509798665,29.625,-29.625,11023.64486768893,8,2020
SL,0.002296019611375013,-0.002296019611375013,25.5,-25.5,11106.176913153135,8,2020
BE,0.008337880413275154,-0.0,93.375,-0.0,11198.889330594502,8,2020
BE,0.008317466603126352,-0.0,93.375,-0.0,11226.37510379692,8,2020
BE,0.0015254349850051916,-0.0,17.25,-0.0,11308.249889090679,8,2020
TP,0.005515954973468941,0.005515954973468941,62.625,62.625,11353.428427392624,8,2020
TP,0.005505108133259755,0.005505108133259755,62.625,62.625,11375.79834656539,8,2020
TP,0.005507927049648026,0.005507927049648026,62.625,62.625,11369.976296981264,8,2020
SL,0.0016952011579085418,-0.0016952011579085418,19.5,-19.5,11503.059627482893,8,2020
SL,0.0048575201095722945,-0.0048575201095722945,56.625,-56.625,11657.182826359074,8,2020
TP,0.0022613610226611207,0.0022613610226611207,26.625,26.625,11773.882955083516,8,2020
SL,0.0023099613726611915,-0.0023099613726611915,28.125,-28.125,12175.52827197218,9,2020
TP,0.003551845559398589,0.003551845559398589,44.25,44.25,12458.311956416417,9,2020
SL,0.016546293169477897,-0.016546293169477897,200.0,-200.0,12087.299430239142,9,2020
TP,0.015390904109351457,0.015390904109351457,178.875,178.875,11622.124257880094,9,2020
SL,0.017455537243619527,-0.017455537243619527,200.0,-200.0,11457.682293514365,9,2020
BE,0.016894243736866515,0.0,190.125,0.0,11253.833137562138,9,2020
TP,0.013674265909479483,0.013674265909479483,152.25,152.25,11134.052899648159,9,2020
TP,0.0035196546599992116,0.0035196546599992116,40.5,40.5,11506.810727848246,9,2020
TP,0.003520131856042576,0.003520131856042576,40.5,40.5,11505.250841805442,9,2020
TP,0.011119004546098885,0.011119004546098885,122.25,122.25,10994.689272151754,9,2020
TP,0.010225674778549297,0.010225674778549297,111.75,111.75,10928.374158194558,9,2020
BE,0.017233864542230682,0.0,184.875,0.0,10727.425618727215,9,2020
SL,0.004600276269582052,-0.004600276269582052,51.75,-51.75,11249.324381272785,9,2020
TP,0.012522469453993455,0.012522469453993455,139.875,139.875,11169.921437132627,9,2020
cutoff,0.007381417704658574,-0.004588187523004332,85.125,-52.9125269051292,11532.33747309487,10,2020
BE,0.015387018348917824,0.0,174.375,0.0,11332.60493006846,10,2020
TP,0.0016861062847105268,0.0016861062847105268,19.5,19.5,11565.107239575818,10,2020
TP,0.0021666482076921232,0.0021666482076921232,25.125,25.125,11596.252640737981,10,2020
SL,0.004648603109340284,-0.004648603109340284,54.0,-54.0,11616.392866816183,10,2020
BE,0.007308886924720659,-0.0,85.875,-0.0,11749.39506993154,10,2020
BE,0.0034742560084974955,-0.0,40.875,-0.0,11765.108817550014,10,2020
SL,0.002066659391610746,-0.002066659391610746,24.375,-24.375,11794.396357206313,10,2020
SL,0.009622441786058696,-0.009622441786058696,114.375,-114.375,11886.27611815851,10,2020
BE,0.007688771865579983,0.0,88.875,0.0,11559.063209803786,10,2020
SL,0.009028859662519052,-0.009028859662519052,102.375,-102.375,11338.641182449986,10,2020
SL,0.003755122822051598,-0.003755122822051598,41.625,-41.625,11084.857133183817,10,2020
SL,0.015075372831978611,-0.015075372831978611,171.75,-171.75,11392.75306250971,11,2020
SL,0.008304752525185578,-0.008304752525185578,98.625,-98.625,11875.730155823774,11,2020
TP,0.01630671338730898,0.01630671338730898,200.0,200.0,12264.887181720746,11,2020
TP,0.016287135400689552,0.016287135400689552,200.0,200.0,12279.630216098809,11,2020
BE,0.011154754870812368,-0.0,137.625,-0.0,12337.787929352962,11,2020
SL,0.004005713561485489,-0.004005713561485489,49.5,-49.5,12357.34888184149,11,2020
TP,0.00651973700623074,0.00651973700623074,76.875,76.875,11791.119783901191,11,2020
BE,0.017041054634788746,0.0,200.0,0.0,11736.362818279254,11,2020
BE,0.004489872218095714,-0.0,53.625,-0.0,11943.547030998563,11,2020
TP,0.00215359982928074,0.00215359982928074,25.5,25.5,11840.639868789596,11,2020
TP,0.004262131174586417,0.004262131174586417,51.75,51.75,12141.813069613383,11,2020
BE,0.004259235306758318,-0.0,51.75,-0.0,12150.068327496718,11,2020
SL,0.0020920956707562582,-0.0020920956707562582,25.5,-25.5,12188.735131210404,11,2020
cutoff,0.004889800275887396,-0.00022902060058309638,60.0,-2.8101834961944405,12270.439816503806,11,2020
BE,0.0073730550779015835,-0.0,91.5,-0.0,12410.052418330972,12,2020
SL,0.0018472225069762586,-0.0018472225069762586,23.25,-23.25,12586.464225177839,12,2020
TP,0.0027120261117626145,0.0027120261117626145,33.375,33.375,12306.297441328374,12,2020
cutoff,0.005693848249763285,-0.00011945046719311632,71.25,-1.494744049046858,12513.505255950953,12,2020
BE,0.002655219949013754,-0.0,33.375,-0.0,12569.580163178834,12,2020
SL,0.0008842723347898704,-0.0008842723347898704,11.25,-11.25,12722.324964145053,12,2020
BE,0.003670146595109964,-0.0,46.875,-0.0,12771.969398294714,12,2020
TP,0.0036069477068077873,0.0036069477068077873,46.125,46.125,12787.820547812002,12,2020
TP,0.010082960901240185,0.010082960901240185,126.75,126.75,12570.712238347565,12,2020
TP,0.010094775393684377,0.010094775393684377,126.75,126.75,12556.000015542591,12,2020
BE,0.002516228958049764,-0.0,32.25,-0.0,12816.798684725329,12,2020
SL,0.0013101725023001334,-0.0013101725023001334,16.875,-16.875,12879.983338357597,12,2020
TP,0.0035317276559280685,0.0035317276559280685,45.75,45.75,12953.999984457409,1,2021
BE,0.012070309306935506,0.0,151.125,0.0,12520.391661642403,1,2021
BE,0.012085500460750477,0.0,151.125,0.0,12504.65386111247,1,2021
cutoff,0.015217516153322466,-0.004414370778874064,195.75,-56.784107948913515,12863.465892051086,1,2021
SL,0.0028617367719447097,-0.0028617367719447097,37.125,-37.125,12972.891274962194,1,2021
cutoff,0.007044041441939685,-0.0002917118154479302,90.375,-3.742660451163829,12829.992660451164,1,2021
TP,0.0019779106559668475,0.0019779106559668475,25.875,25.875,13081.986247428205,1,2021
TP,0.0019773205702499834,0.0019773205702499834,25.875,25.875,13085.890264484906,1,2021
SL,0.003175321168107971,-0.003175321168107971,41.625,-41.625,13108.910184604236,1,2021
BE,0.005075308277602275,-0.0,67.875,-0.0,13373.571867454353,1,2021
TP,0.003437329812555208,0.003437329812555208,46.5,46.5,13527.942483189676,1,2021
TP,0.003436596377643359,0.003436596377643359,46.5,46.5,13530.829602947819,1,2021
SL,0.005195050504672454,-0.005195050504672454,69.0,-69.0,13281.87280141763,1,2021
SL,0.00351881072298458,-0.00351881072298458,46.875,-46.875,13321.262122402999,2,2021
TP,0.0021223232715636585,0.0021223232715636585,28.875,28.875,13605.373124295926,2,2021
BE,0.004276510483683608,-0.0,58.5,-0.0,13679.37719858237,2,2021
TP,0.004520120056201215,0.004520120056201215,61.875,61.875,13688.795702475387,2,2021
TP,0.0012810627013490124,0.0012810627013490124,17.625,17.625,13758.10878065542,2,2021
TP,0.001281101076444129,0.001281101076444129,17.625,17.625,13757.696659595818,2,2021
cutoff,0.00368153899707507,-0.0013786072044190644,51.0,-19.097710897869547,13852.90228910213,2,2021
TP,0.0029430491207420337,0.0029430491207420337,40.875,40.875,13888.65707742389,2,2021
TP,0.004457001221922537,0.004457001221922537,61.125,61.125,13714.378111306329,2,2021
SL,0.00277121632905466,-0.00277121632905466,37.875,-37.875,13667.283785427255,2,2021
BE,0.0057057524947072445,0.0,77.25,0.0,13538.96792257611,2,2021
BE,0.006773860343626804,0.0,91.5,0.0,13507.807270648547,2,2021
BE,0.006778714026959721,0.0,91.5,0.0,13498.135433371881,2,2021
TP,0.006788162302989149,0.006788162302989149,91.5,91.5,13479.34771089787,2,2021
SL,0.003557141233605004,-0.003557141233605004,48.0,-48.0,13493.982062487335,2,2021
SL,0.011977811838042165,-0.011977811838042165,157.875,-157.875,13180.62114639175,2,2021
TP,0.007164398198553539,0.007164398198553539,95.25,95.25,13294.905916763611,2,2021
SL,0.005877200561902666,-0.005877200561902666,76.5,-76.5,13016.401124013051,3,2021
TP,0.010403611430262118,0.010403611430262118,130.5,130.5,12543.721079432133,3,2021
TP,0.00963023381751591,0.00963023381751591,118.5,118.5,12304.997183398267,3,2021
TP,0.004540366457702003,0.004540366457702003,58.5,58.5,12884.42255597324,3,2021
cutoff,0.015492896464262903,0.006750407676105328,200.0,87.14197105333187,12909.141971053332,3,2021
TP,0.015466384866760012,0.015466384866760012,200.0,200.0,12931.270088192054,3,2021
BE,0.0088872625469608,-0.0,115.5,-0.0,12996.127816601733,3,2021
SL,0.003265763951024661,-0.003265763951024661,42.75,-42.75,13090.352101714769,3,2021
TP,0.005011559627704902,0.005011559627704902,64.875,64.875,12945.071957511602,3,2021
TP,0.0051511902644952754,0.0051511902644952754,65.625,65.625,12739.774038695905,3,2021
TP,0.005156357100895277,0.005156357100895277,65.625,65.625,12727.008373529017,3,2021
cutoff,0.010740845630366308,-0.009255544817243886,139.875,-120.53234688075827,13022.717653119242,3,2021
BE,0.015482393741113838,0.0,200.0,0.0,12917.899088749797,3,2021
SL,0.0028254782362929056,-0.0028254782362929056,36.0,-36.0,12741.205908997852,3,2021
cutoff,0.011860959068315663,-0.005242606816538503,154.875,-68.45557142848338,13057.544428571517,3,2021
SL,0.004893088544611124,-0.004893088544611124,64.5,-64.5,13181.85833179647,4,2021
SL,0.0025997399954021845,-0.0025997399954021845,34.875,-34.875,13414.803042488398,4,2021
BE,0.0034117386012052055,-0.0,46.875,-0.0,13739.329262634976,4,2021
TP,0.0028632069700651763,0.0028632069700651763,39.375,39.375,13752.062079921416,4,2021
SL,0.003649048439513188,-0.003649048439513188,50.625,-50.625,13873.479850750839,4,2021
TP,0.0025427948498714555,0.0025427948498714555,34.875,34.875,13715.223625595678,4,2021
TP,0.0006405852899948973,0.0006405852899948973,9.0,9.0,14049.651374404322,4,2021
BE,0.002855588571751477,-0.0,40.125,-0.0,14051.393956724412,4,2021
TP,0.002853611831877333,0.002853611831877333,40.125,40.125,14061.127568847576,4,2021
SL,0.002698824960121905,-0.002698824960121905,37.125,-37.125,13755.986604749303,5,2021
TP,0.0094667487128955,0.0094667487128955,126.75,126.75,13388.96846679183,5,2021
SL,0.0018643782462699175,-0.0018643782462699175,25.5,-25.5,13677.48205119757,5,2021
cutoff,0.014820107780621004,-0.007886409761052615,200.0,-106.4285075087646,13495.178507508765,5,2021
SL,0.0018104813815521036,-0.0018104813815521036,24.0,-24.0,13256.14294880243,5,2021
TP,0.013382671972436784,0.013382671972436784,172.875,172.875,12917.82391110361,5,2021
BE,0.0064401298334001225,0.0,84.75,0.0,13159.67258306895,5,2021
TP,0.0024890311031429625,0.0024890311031429625,32.625,32.625,13107.509969965256,5,2021
BE,0.010241800779630723,0.0,133.5,0.0,13034.817106139166,5,2021
SL,0.002993469266303596,-0.002993469266303596,40.5,-40.5,13529.45241693105,5,2021
TP,0.0033615233609750723,0.0033615233609750723,46.125,46.125,13721.457519968146,5,2021
SL,0.003923292910445952,-0.003923292910445952,53.25,-53.25,13572.782154047016,6,2021
cutoff,0.012273937352185084,-0.004203073374097489,168.375,-57.658146612397104,13718.091853387603,6,2021
BE,0.0015452125774170677,-0.0,21.375,-0.0,13833.048159451191,6,2021
BE,0.0015451107023221262,-0.0,21.375,-0.0,13833.96022555264,6,2021
TP,0.002843403152246727,0.002843403152246727,39.375,39.375,13847.842845952984,6,2021
TP,0.00284053330709102,0.00284053330709102,39.375,39.375,13861.83358656822,6,2021
TP,0.006733174864533654,0.006733174864533654,93.375,93.375,13867.900638054682,6,2021
TP,0.00672904958004308,0.00672904958004308,93.375,93.375,13876.402438307223,6,2021
cutoff,0.011786795207534966,-0.0012676215034003139,164.25,-17.66441414035944,13935.08558585964,6,2021
TP,0.00112265625116604,0.00112265625116604,15.75,15.75,14029.2275428399,6,2021
BE,0.0043719677514534585,-0.0,61.875,-0.0,14152.666148882203,6,2021
BE,0.002191954684748359,-0.0,31.125,-0.0,14199.654863564487,6,2021
SL,0.0010239609845739206,-0.0010239609845739206,14.625,-14.625,14282.770750377364,6,2021
cutoff,0.005813279160891636,-0.003161988063643986,85.125,-46.30161849588694,14643.198381504113,7,2021
TP,0.001878812120002111,0.001878812120002111,27.75,27.75,14769.97071956765,7,2021
SL,0.0015956245182361128,-0.0015956245182361128,23.625,-23.625,14806.114928665245,7,2021
SL,0.003527356116875264,-0.003527356116875264,51.75,-51.75,14671.044908797909,7,2021
TP,0.0017655038879658897,0.0017655038879658897,26.25,26.25,14868.276518067436,7,2021
TP,0.0035768521462487997,0.0035768521462487997,53.25,53.25,14887.391992382349,7,2021
TP,0.0032907498238517476,0.0032907498238517476,48.75,48.75,14814.252863178532,7,2021
BE,0.003181127349567611,0.0,46.5,0.0,14617.459438183269,7,2021
BE,0.0033817276674301382,0.0,49.125,0.0,14526.598481932564,7,2021
cutoff,0.00535297600293411,-0.0010191708018680507,77.625,-14.779280432350788,14501.27928043235,7,2021
SL,0.0024693652845707618,-0.0024693652845707618,36.75,-36.75,14882.366829089071,7,2021
TP,0.0019234367467449139,0.0019234367467449139,28.875,28.875,15012.191094334647,7,2021
SL,0.005968418600213003,-0.005968418600213003,89.625,-89.625,15016.540561816731,7,2021
BE,0.0018352874624927274,-0.0,27.75,-0.0,15120.247136821468,7,2021
SL,0.008594694765582223,-0.008594694765582223,128.25,-128.25,14921.995893743886,7,2021
BE,0.006247373799128145,0.0,92.625,0.0,14826.22986524775,7,2021
TP,0.0042623829107737475,0.0042623829107737475,63.75,63.75,14956.42257734829,8,2021
TP,0.004264201549033168,0.004264201549033168,63.75,63.75,14950.043816398447,8,2021
BE,0.009084901322151279,0.0,135.75,0.0,14942.374736532061,8,2021
BE,0.003129223164253886,0.0,46.125,0.0,14740.080070638804,8,2021
BE,0.0031272766691737785,0.0,46.125,0.0,14749.254664502118,8,2021
cutoff,0.005893216191432803,-0.0032617903296550776,88.5,-48.98317570533436,15017.266824294666,8,2021
TP,0.0005939331140192173,0.0005939331140192173,9.0,9.0,15153.221444576327,8,2021
SL,0.0016572942777486532,-0.0016572942777486532,25.125,-25.125,15160.25267047382,8,2021
TP,0.0019525827069833384,0.0019525827069833384,30.0,30.0,15364.265950275054,8,2021
SL,0.0014288338440799195,-0.0014288338440799195,22.125,-22.125,15484.655610356942,8,2021
TP,0.002536420528853876,0.002536420528853876,39.75,39.75,15671.691483257986,8,2021
BE,0.0057800187051300364,0.0,90.0,0.0,15570.883865846456,9,2021
TP,0.0008757487211503617,0.0008757487211503617,13.5,13.5,15415.380775283047,9,2021
BE,0.012596482687645263,0.0,193.875,0.0,15391.201243038602,9,2021
SL,0.0029498204891255657,-0.0029498204891255657,45.0,-45.0,15255.1655824113,9,2021
TP,0.0020344385582347075,0.0020344385582347075,31.125,31.125,15299.061195048975,9,2021
TP,0.002034839275652634,0.002034839275652634,31.125,31.125,15296.048377097144,9,2021
cutoff,0.011898393512616245,-0.0005585973990584537,182.25,-8.556144648473492,15317.193855351527,9,2021
TP,0.005753321348896803,0.005753321348896803,88.5,88.5,15382.419064245358,9,2021
SL,0.012682445377100891,-0.012682445377100891,190.875,-190.875,15050.330935754642,9,2021
TP,0.005256227114042551,0.005256227114042551,76.875,76.875,14625.509577891058,9,2021
BE,0.005265612307375312,0.0,76.875,0.0,14599.441719688431,9,2021
BE,0.0034133696008919992,-0.0,50.625,-0.0,14831.385381404469,10,2021
cutoff,0.0032344924247822127,0.0024892224864157316,48.375,37.22875863234367,14955.978758632344,10,2021
cutoff,0.009702186201159493,0.002621943920425937,145.125,39.21895576548923,14957.96895576549,10,2021
BE,0.007922837507891177,0.0,116.625,0.0,14720.10499822078,10,2021
BE,0.004593744573665151,-0.0,68.625,-0.0,14938.793156548334,10,2021
SL,0.004137722707515219,-0.004137722707515219,61.875,-61.875,14953.877863206815,10,2021
TP,0.002581495837530379,0.002581495837530379,39.0,39.0,15107.52000177922,10,2021
BE,0.0054391985392710455,-0.0,83.625,-0.0,15374.50773238502,10,2021
SL,0.0017357166686451336,-0.0017357166686451336,27.0,-27.0,15555.53419964312,10,2021
TP,0.006187063417218409,0.006187063417218409,101.625,101.625,16425.401381401833,11,2021
BE,0.004548854163988053,0.0,73.875,0.0,16240.353578456474,11,2021
TP,0.007567120861200387,0.007567120861200387,121.5,121.5,16056.304931374681,11,2021
TP,0.0013596116960510494,0.0013596116960510494,22.125,22.125,16273.028589163645,11,2021
TP,0.0018501355768198592,0.0018501355768198592,30.375,30.375,16417.715750437408,11,2021
SL,0.0010660272518170971,-0.0010660272518170971,17.625,-17.625,16533.348439223577,11,2021
TP,0.00930954631108589,0.00930954631108589,156.0,156.0,16756.992745632924,11,2021
SL,0.0038970250696222725,-0.0038970250696222725,63.75,-63.75,16358.632254367074,11,2021
SL,0.006563464479964324,-0.006563464479964324,106.5,-106.5,16226.186692272446,11,2021
TP,0.00905108261415305,0.00905108261415305,148.875,148.875,16448.308599813936,11,2021
SL,0.003804448531243867,-0.003804448531243867,61.125,-61.125,16066.717553940765,12,2021
TP,0.002923259795782765,0.002923259795782765,48.0,48.0,16420.0253666291,12,2021
SL,0.002500342653088859,-0.002500342653088859,40.125,-40.125,16047.80046864001,12,2021
TP,0.003511897763625737,0.003511897763625737,57.75,57.75,16444.1005652676,12,2021
TP,0.005938630303233757,0.005938630303233757,93.0,93.0,15660.17671606175,12,2021
TP,0.012775794461919232,0.012775794461919232,200.0,200.0,15654.603758391648,12,2021
TP,0.008583481982430669,0.008583481982430669,133.125,133.125,15509.440140084233,12,2021
TP,0.0019907303914586815,0.0019907303914586815,31.5,31.5,15823.338074885565,12,2021
BE,0.004847276438737497,-0.0,77.625,-0.0,16014.14752821853,12,2021
TP,0.004842552999205032,0.004842552999205032,77.625,77.625,16029.767771822662,12,2021
BE,0.0014814483553005858,-0.0,24.0,-0.0,16200.362242887906,12,2021
SL,0.0022175293091626557,-0.0022175293091626557,36.375,-36.375,16403.39085923301,12,2021
SL,0.0019888333626429462,-0.0019888333626429462,33.0,-33.0,16592.642008049654,12,2021
TP,0.0014209942619277853,0.0014209942619277853,23.25,23.25,16361.783170368326,12,2021
SL,0.0076930330529568075,-0.0076930330529568075,125.25,-125.25,16280.964755748751,1,2022
TP,0.004321718484328312,0.004321718484328312,69.75,69.75,16139.413118399969,1,2022
TP,0.004326887979759552,0.004326887979759552,69.75,69.75,16120.130755933289,1,2022
SL,0.0052439140346383535,-0.0052439140346383535,81.0,-81.0,15446.47747178147,1,2022
TP,0.005848312679890586,0.005848312679890586,91.5,91.5,15645.538295963997,1,2022
SL,0.0033853332345132243,-0.0033853332345132243,52.125,-52.125,15397.302536893398,1,2022
TP,0.006396279579461685,0.006396279579461685,96.75,96.75,15125.980470062965,1,2022
BE,0.0064121324629194685,0.0,96.75,0.0,15088.58411136899,1,2022
BE,0.009078196731947116,0.0,130.125,0.0,14333.793796523118,1,2022
cutoff,0.013643493921738628,-0.010897627763821447,200.0,-159.74834344240662,14659.001656557593,1,2022
TP,0.0035152897955149304,0.0035152897955149304,52.5,52.5,14934.757318438846,2,2022
BE,0.0035477124442225196,-0.0,54.0,-0.0,15221.075791511645,2,2022
TP,0.012143012076258433,0.012143012076258433,175.5,175.5,14452.756770548807,2,2022
BE,0.0021683834278778,-0.0,32.25,-0.0,14872.83087731542,2,2022
TP,0.008151095903446957,0.008151095903446957,115.125,115.125,14123.867681561154,2,2022
BE,0.013770568574378582,-0.0,200.0,-0.0,14523.728553381487,2,2022
TP,0.012897700068671036,0.012897700068671036,178.125,178.125,13810.601816727918,2,2022
TP,0.006632569840333689,0.006632569840333689,93.375,93.375,14078.253565031777,2,2022
BE,0.0053747735115270675,-0.0,76.875,-0.0,14302.928269466458,3,2022
TP,0.00536787506316279,0.00536787506316279,76.875,76.875,14321.309474498965,3,2022
TP,0.013920482581447185,0.013920482581447185,200.0,200.0,14367.318002793538,3,2022
SL,0.00386999172130423,-0.00386999172130423,54.0,-54.0,13953.51822142953,3,2022
TP,0.005208289655650914,0.005208289655650914,72.0,72.0,13824.115930626305,3,2022
TP,0.004455117479499031,0.004455117479499031,57.75,57.75,12962.621135300313,3,2022
BE,0.002513163478099782,-0.0,34.125,-0.0,13578.503864699687,3,2022
BE,0.014096676294023083,-0.0,200.0,-0.0,14187.741551871979,3,2022
BE,0.014092546230642137,-0.0,200.0,-0.0,14191.899513881308,3,2022
BE,0.014054402648472757,-0.0,200.0,-0.0,14230.416261891665,3,2022
TP,0.004695978558441323,0.004695978558441323,67.875,67.875,14453.856455113139,3,2022
TP,0.0027395794335343406,0.0027395794335343406,41.25,41.25,15057.055654262684,3,2022
BE,0.013359581438067553,0.0,200.0,0.0,14970.528899214507,3,2022
BE,0.006008420419987415,0.0,89.25,0.0,14854.153631311128,4,2022
BE,0.006022214161904253,0.0,89.25,0.0,14820.130536802219,4,2022
SL,0.006752815304619281,-0.006752815304619281,99.0,-99.0,14660.552011881444,4,2022
BE,0.005827348083766412,0.0,83.25,0.0,14286.08670759079,4,2022
SL,0.005824083549946474,-0.005824083549946474,83.25,-83.25,14294.094390312293,4,2022
BE,0.002992646731349211,-0.0,42.75,-0.0,14285.013848168608,4,2022
TP,0.012110697312455572,0.012110697312455572,166.5,166.5,13748.176154048422,4,2022
TP,0.003575416776258888,0.003575416776258888,51.0,51.0,14264.07134928854,4,2022
SL,0.014695886187383529,-0.014695886187383529,200.0,-200.0,13609.250742000215,4,2022
BE,0.015816637816073047,0.0,200.0,0.0,12644.912422332749,5,2022
BE,0.011721685640523576,0.0,146.25,0.0,12476.874443244957,5,2022
cutoff,0.01625003511602441,-0.00037908983775847857,200.0,-4.665710997567658,12307.665710997568,5,2022
TP,0.004459976742794209,0.004459976742794209,54.0,54.0,12107.686455371198,5,2022
TP,0.0052895702661691505,0.0052895702661691505,64.125,64.125,12122.912972747228,5,2022
TP,0.009935018820926426,0.009935018820926426,117.75,117.75,11852.015796082807,5,2022
SL,0.004187617279423802,-0.004187617279423802,51.375,-51.375,12268.313117446343,5,2022
BE,0.0046797132593357675,0.0,55.125,0.0,11779.567880580866,5,2022
TP,0.017265443396506007,0.017265443396506007,200.0,200.0,11583.832248436425,5,2022
SL,0.007712091439746663,-0.007712091439746663,93.0,-93.0,12058.985649560062,5,2022
BE,0.012507271178405837,-0.0,154.5,-0.0,12352.814438592224,5,2022
BE,0.01588281021609017,-0.0,200.0,-0.0,12592.230044868815,5,2022
SL,0.005683700097846561,-0.005683700097846561,72.375,-72.375,12733.78235199662,5,2022
TP,0.01007429391792291,0.01007429391792291,126.75,126.75,12581.52690726071,5,2022
BE,0.0074725548291756,0.0,93.375,0.0,12495.726312429277,6,2022
BE,0.008652050244820726,0.0,107.625,0.0,12439.248149815852,6,2022
BE,0.007403357879745737,-0.0,94.5,-0.0,12764.47816450088,6,2022
SL,0.005640582165541153,-0.005640582165541153,69.0,-69.0,12232.779875369513,6,2022
BE,0.007882963027130598,0.0,91.5,0.0,11607.310561407776,6,2022
TP,0.009780711988091292,0.009780711988091292,112.125,112.125,11463.889350439938,6,2022
cutoff,0.015048850609399568,-0.0014090935506577969,171.75,-16.081747610300226,11412.8317476103,6,2022
SL,0.014323203178325824,-0.014323203178325824,161.25,-161.25,11257.956617134842,6,2022
SL,0.006582878555805457,-0.006582878555805457,75.75,-75.75,11507.124027557198,6,2022
SL,0.008090898138803669,-0.008090898138803669,95.625,-95.625,11818.83622306228,6,2022
TP,0.004566140952229331,0.004566140952229331,55.875,55.875,12236.810160825215,6,2022
TP,0.011081526924842964,0.011081526924842964,128.25,128.25,11573.314839174785,6,2022
TP,0.017577051447694114,0.017577051447694114,200.0,200.0,11378.472697492016,6,2022
TP,0.017573727479146494,0.017573727479146494,200.0,200.0,11380.624869557465,6,2022
TP,0.013171828942366437,0.013171828942366437,154.5,154.5,11729.578380953579,7,2022
BE,0.016576969418027825,-0.0,200.0,-0.0,12064.931469469657,7,2022
TP,0.0026096049541675806,0.0026096049541675806,30.75,30.75,11783.392712713761,7,2022
TP,0.0042749552668666,0.0042749552668666,49.5,49.5,11579.068530530343,7,2022
SL,0.004227427918409322,-0.004227427918409322,49.5,-49.5,11709.247550843076,7,2022
SL,0.004826058610150205,-0.004826058610150205,57.375,-57.375,11888.583341969457,7,2022
BE,0.003915690878050854,-0.0,47.625,-0.0,12162.60462922617,7,2022
BE,0.003520976637262075,-0.0,43.5,-0.0,12354.526735464444,7,2022
cutoff,0.011362321705957785,-0.000909028792726911,141.375,-11.31053572478777,12442.439464275212,7,2022
TP,0.0029595012351861564,0.0029595012351861564,37.125,37.125,12544.34347200561,7,2022
SL,0.006173179811674912,-0.006173179811674912,75.375,-75.375,12210.07686467328,7,2022
BE,0.015280951814583183,-0.0,200.0,-0.0,13088.189952220942,8,2022
BE,0.005263561674291217,-0.0,69.0,-0.0,13108.99430266321,8,2022
TP,0.006056181834279023,0.006056181834279023,80.625,80.625,13312.843340278974,8,2022
SL,0.004565024232089146,-0.004565024232089146,59.625,-59.625,13061.266921843504,8,2022
SL,0.004059236395875885,-0.004059236395875885,54.0,-54.0,13302.994635853946,8,2022
SL,0.003041349225691184,-0.003041349225691184,40.875,-40.875,13439.758793471228,8,2022
BE,0.005374365959943257,-0.0,73.125,-0.0,13606.256169569082,8,2022
BE,0.0035351034092845402,0.0,47.25,0.0,13365.945639921973,8,2022
SL,0.003828534208184783,-0.003828534208184783,51.0,-51.0,13321.025025966936,8,2022
SL,0.004363450421905905,-0.004363450421905905,57.375,-57.375,13148.997800446936,8,2022
TP,0.005110680652264279,0.005110680652264279,65.625,65.625,12840.755364146054,8,2022
TP,0.005112258326713996,0.005112258326713996,65.625,65.625,12836.79262784472,8,2022
cutoff,0.009964480807817458,0.0025783779899042746,130.5,33.76777317073356,13096.517773170734,8,2022
TP,0.008969627043234231,0.008969627043234231,118.125,118.125,13169.443883299631,8,2022
BE,0.015445698019616507,0.0,189.75,0.0,12284.974091751095,8,2022
TP,0.005503692059100209,0.005503692059100209,68.25,68.25,12400.766479503596,9,2022
TP,0.016745520439484723,0.016745520439484723,200.0,200.0,11943.492632717136,9,2022
TP,0.016762550522342278,0.016762550522342278,200.0,200.0,11931.358520496404,9,2022
TP,0.002176242674159369,0.002176242674159369,27.0,27.0,12406.704601741834,9,2022
BE,0.004246206657255849,-0.0,52.875,-0.0,12452.290778087321,9,2022
TP,0.002331545711486677,0.002331545711486677,29.625,29.625,12706.163063434018,9,2022
SL,0.005788204186928247,-0.005788204186928247,73.875,-73.875,12763.025908248905,9,2022
TP,0.002890539319677355,0.002890539319677355,37.5,37.5,12973.35751315287,9,2022
SL,0.0029918281238107136,-0.0029918281238107136,37.5,-37.5,12534.14248684713,9,2022
SL,0.004718464336517215,-0.004718464336517215,55.875,-55.875,11841.776479599794,9,2022
TP,0.002888252016372059,0.002888252016372059,34.875,34.875,12074.777340173583,9,2022
SL,0.007758646821956507,-0.007758646821956507,88.5,-88.5,11406.62824728022,9,2022
BE,0.016465355042601663,0.0,184.5,0.0,11205.345983893674,9,2022
BE,0.01647254711267519,0.0,184.5,0.0,11200.453623716281,9,2022
TP,0.00975865788497052,0.00975865788497052,106.875,106.875,10951.813380464959,10,2022
BE,0.00631900961083042,-0.0,72.0,-0.0,11394.19061439567,10,2022
SL,0.0038339498637939506,-0.0038339498637939506,43.875,-43.875,11443.811619535041,10,2022
TP,0.0030145517760741835,0.0030145517760741835,34.125,34.125,11320.090857567091,10,2022
SL,0.017709856941383037,-0.017709856941383037,200.0,-200.0,11293.145995587087,10,2022
TP,0.008752863916404428,0.008752863916404428,94.875,94.875,10839.30938560433,10,2022
TP,0.00876126804893095,0.00876126804893095,94.875,94.875,10828.911918928978,10,2022
SL,0.011222421185048705,-0.011222421185048705,119.25,-119.25,10626.049230701945,10,2022
BE,0.01417937598124054,-0.0,158.25,-0.0,11160.575769298055,10,2022
SL,0.002027542150555927,-0.002027542150555927,22.875,-22.875,11282.132898557971,10,2022
SL,0.0044098683189371666,-0.0044098683189371666,51.0,-51.0,11564.971176348332,10,2022
TP,0.013777858731264222,0.013777858731264222,155.625,155.625,11295.296535945847,10,2022
SL,0.005888352102150489,-0.005888352102150489,64.125,-64.125,10890.143606830316,11,2022
TP,0.013171895079310719,0.013171895079310719,146.625,146.625,11131.65562868064,11,2022
TP,0.00365007402259165,0.00365007402259165,40.875,40.875,11198.403031557606,11,2022
SL,0.0036284576320517975,-0.0036284576320517975,40.875,-40.875,11265.117067630265,11,2022
SL,0.003909887103796491,-0.003909887103796491,45.75,-45.75,11701.105117735204,11,2022
SL,0.0032425556639883043,-0.0032425556639883043,38.625,-38.625,11911.900365803349,11,2022
TP,0.008572390871946844,0.008572390871946844,99.375,99.375,11592.448534422849,11,2022
TP,0.010189741930019784,0.010189741930019784,117.75,117.75,11555.739174620234,11,2022
TP,0.008010317119709126,0.008010317119709126,94.5,94.5,11797.285748835813,11,2022
TP,0.004091188388030264,0.004091188388030264,47.25,47.25,11549.211504960516,11,2022
TP,0.00403939155076137,0.00403939155076137,47.625,47.625,11790.142005674923,11,2022
TP,0.005728195241678442,0.005728195241678442,67.875,67.875,11849.28186562853,11,2022
BE,0.004422171300927311,0.0,52.125,0.0,11787.196029486602,11,2022
TP,0.008341538181627159,0.008341538181627159,97.125,97.125,11643.535986435312,11,2022
BE,0.007614660337922153,0.0,88.125,0.0,11573.070378612196,11,2022
TP,0.004230497182478854,0.004230497182478854,49.875,49.875,11789.394449088326,12,2022
SL,0.00559220682087711,-0.00559220682087711,65.625,-65.625,11735.080997899688,12,2022
SL,0.0028038965635740812,-0.0028038965635740812,32.25,-32.25,11501.850823944607,12,2022
TP,0.0058455245517545565,0.0058455245517545565,68.625,68.625,11739.750537768581,12,2022
BE,0.003004901534639926,-0.0,35.625,-0.0,11855.629740050335,12,2022
TP,0.006090946045141895,0.006090946045141895,73.125,73.125,12005.524176055393,12,2022
SL,0.006062024573828367,-0.006062024573828367,73.125,-73.125,12062.801644800851,12,2022
BE,0.017346437019274887,0.0,200.0,0.0,11529.745259949665,12,2022
TP,0.008302608696685775,0.008302608696685775,94.5,94.5,11381.964807967212,12,2022
TP,0.014680701100161158,0.014680701100161158,166.125,166.125,11315.876460299049,12,2022
SL,0.00259636236831476,-0.00259636236831476,28.875,-28.875,11121.328961004048,12,2022
cutoff,0.01569819463090472,-0.005101431184220419,173.25,-56.300929721321154,11036.300929721321,12,2022
TP,0.0033744840655613073,0.0033744840655613073,36.375,36.375,10779.425622787592,1,2023
SL,0.006789726841441816,-0.006789726841441816,76.125,-76.125,11211.791251359777,1,2023
BE,0.00951611645236733,-0.0,108.375,-0.0,11388.574377212408,1,2023
TP,0.004496292784522074,0.004496292784522074,51.75,51.75,11509.481806465741,1,2023
TP,0.004489344233455422,0.004489344233455422,51.75,51.75,11527.296038995952,1,2023
TP,0.003256246629904614,0.003256246629904614,37.875,37.875,11631.48996521479,1,2023
BE,0.010015545629093776,-0.0,116.625,-0.0,11644.39805068837,1,2023
TP,0.003968912858729839,0.003968912858729839,46.5,46.5,11716.054661598511,1,2023
TP,0.003971361593126966,0.003971361593126966,46.5,46.5,11708.830563420666,1,2023
SL,0.0054541396618930415,-0.0054541396618930415,62.25,-62.25,11413.349099754087,1,2023
SL,0.004924741101915413,-0.004924741101915413,58.125,-58.125,11802.650900245913,1,2023
TP,0.007824970261394632,0.007824970261394632,91.5,91.5,11693.33517488565,1,2023
TP,0.009948978467089075,0.009948978467089075,120.0,120.0,12061.53982511435,1,2023
TP,0.0031208304824769917,0.0031208304824769917,37.125,37.125,11895.872014981738,1,2023
TP,0.005489956635851593,0.005489956635851593,68.625,68.625,12500.098735179718,2,2023
SL,0.005591495608127216,-0.005591495608127216,69.0,-69.0,12340.168862818882,2,2023
TP,0.0030916425904303014,0.0030916425904303014,39.0,39.0,12614.653492198106,2,2023
BE,0.0032418632225441834,0.0,40.125,0.0,12377.141552724202,2,2023
TP,0.0048605269581026254,0.0048605269581026254,60.0,60.0,12344.34054521155,2,2023
BE,0.00437406450953797,0.0,53.625,0.0,12259.764318305486,2,2023
cutoff,0.009036813760407202,-0.005950486355207874,110.25,-72.5965078018944,12200.096507801894,2,2023
TP,0.0073493177909147046,0.0073493177909147046,88.5,88.5,12041.934029496524,2,2023
TP,0.0025966562899088375,0.0025966562899088375,31.125,31.125,11986.569081537058,2,2023
TP,0.0055709134415108585,0.0055709134415108585,67.875,67.875,12183.818814027736,2,2023
BE,0.009466740614203543,0.0,113.25,0.0,11962.934722229944,3,2023
BE,0.00583148305958151,0.0,69.375,0.0,11896.630632581931,3,2023
BE,0.005833490758411978,0.0,69.375,0.0,11892.536197123522,3,2023
SL,0.00407362064394225,-0.00407362064394225,50.25,-50.25,12335.463802876478,3,2023
TP,0.006114948786941938,0.006114948786941938,74.625,74.625,12203.699916401045,3,2023
BE,0.003991362246275212,-0.0,48.75,-0.0,12213.8751113092,3,2023
cutoff,0.016373304054854432,-0.002209941197639671,200.0,-26.994444007585116,12215.005555992415,3,2023
TP,0.0027615907965319224,0.0027615907965319224,34.125,34.125,12357.00815734723,3,2023
BE,0.0044012519571270305,-0.0,54.75,-0.0,12439.642295720492,3,2023
TP,0.0068909612534317774,0.0068909612534317774,85.875,85.875,12461.976905940846,3,2023
SL,0.012522983087632616,-0.012522983087632616,156.75,-156.75,12516.985681694514,3,2023
TP,0.00412928026706627,0.00412928026706627,52.875,52.875,12804.894940581522,3,2023
SL,0.0045635228375467025,-0.0045635228375467025,58.125,-58.125,12736.870630244797,3,2023
SL,0.0019026197630209894,-0.0019026197630209894,24.75,-24.75,13008.379541218379,3,2023
cutoff,0.01007560756045873,-0.0020568693527467214,132.0,-26.946936245123652,13100.946936245124,4,2023
TP,0.006476637750981091,0.006476637750981091,84.0,84.0,12969.69249010037,4,2023
TP,0.003069307722482578,0.003069307722482578,40.5,40.5,13195.157886365982,4,2023
cutoff,0.015091931781031099,0.006611320343080567,200.0,87.61397068320002,13252.1139706832,4,2023
TP,0.008362665964632546,0.008362665964632546,109.125,109.125,13049.068378614229,4,2023
BE,0.002996058922030968,0.0,39.0,0.0,13017.100469293404,4,2023
SL,0.005728194616091515,-0.005728194616091515,74.25,-74.25,12962.19925758433,4,2023
SL,0.005612511425530891,-0.005612511425530891,73.5,-73.5,13095.741714779244,4,2023
BE,0.001630794497501097,-0.0,21.75,-0.0,13337.05750989963,4,2023
TP,0.0024991576214546444,0.0024991576214546444,33.375,33.375,13354.499817652139,5,2023
TP,0.002497557703085554,0.002497557703085554,33.375,33.375,13363.054618825254,5,2023
cutoff,0.00540750254925849,0.002228419848884069,71.25,29.361967523207568,13176.138032476792,5,2023
TP,0.004514111023631056,0.004514111023631056,58.875,58.875,13042.435086729922,5,2023
SL,0.009187685217333295,-0.009187685217333295,121.5,-121.5,13224.223199417047,5,2023
cutoff,0.014914170907710356,0.0014962577287916626,200.0,20.06491327007825,13410.064913270078,5,2023
cutoff,0.014912909723410054,0.0015806940176969033,200.0,21.1990020326557,13411.199002032656,5,2023
TP,0.01070151592538657,0.01070151592538657,143.625,143.625,13420.995773064913,5,2023
TP,0.01069554599467215,0.01069554599467215,143.625,143.625,13428.486967523208,5,2023
BE,0.002452646180357279,-0.0,33.0,-0.0,13454.855520657635,5,2023
BE,0.004235341861446122,-0.0,57.0,-0.0,13458.181621385771,5,2023
SL,0.0022708905075239385,-0.0022708905075239385,31.125,-31.125,13706.076931880389,5,2023
TP,0.005044588971304365,0.005044588971304365,70.5,70.5,13975.37052097448,5,2023
BE,0.006224524187412059,-0.0,87.375,-0.0,14037.217523662237,5,2023
BE,0.006223823405396642,-0.0,87.375,-0.0,14038.798068119611,5,2023
SL,0.011601918313443609,-0.011601918313443609,163.875,-163.875,14124.819324931072,5,2023
BE,0.006439387085608316,-0.0,93.375,-0.0,14500.603669049202,5,2023
BE,0.002757567725319631,-0.0,40.125,-0.0,14550.866559532675,6,2023
SL,0.0024735505126736415,-0.0024735505126736415,36.375,-36.375,14705.582042342263,6,2023
BE,0.0008129161742655675,0.0,12.375,0.0,15222.97180417187,6,2023
cutoff,0.010535196788497642,0.00810678351675793,159.375,122.63829987437202,15127.861700125628,6,2023
BE,0.002654328194424032,0.0,39.75,0.0,14975.540735129565,6,2023
BE,0.0018929374788954044,-0.0,28.875,-0.0,15254.069572783555,6,2023
TP,0.0018927252047049787,0.0018927252047049787,28.875,28.875,15255.780357455948,6,2023
TP,0.0018925803425872533,0.0018925803425872533,28.875,28.875,15256.948067275396,6,2023
cutoff,0.008583945318112324,-0.0030462732004508104,131.25,-46.578041068776656,15290.171958931223,6,2023
TP,0.0017792405106457079,0.0017792405106457079,27.375,27.375,15385.778277982936,7,2023
SL,0.0022142497286886543,-0.0022142497286886543,33.75,-33.75,15242.18319312509,7,2023
SL,0.003075466292913973,-0.003075466292913973,47.25,-47.25,15363.52393419702,7,2023
TP,0.0017871066838185895,0.0017871066838185895,27.75,27.75,15527.892235680834,7,2023
SL,0.0023778344568709383,-0.0023778344568709383,37.5,-37.5,15770.652112320444,7,2023
BE,0.002654594991767539,0.0,41.625,0.0,15680.358069343134,8,2023
TP,0.006172160185493085,0.006172160185493085,96.375,96.375,15614.468371465435,8,2023
SL,0.009541935551598277,-0.009541935551598277,148.5,-148.5,15562.880214080487,8,2023
BE,0.006567768545893429,0.0,100.875,0.0,15359.097887679556,8,2023
cutoff,0.011206845811159223,0.004798586346435125,171.0,73.21937671555497,15258.530623284445,8,2023
cutoff,0.01122219870506036,0.006175116937480532,171.0,94.09430576496743,15237.655694235033,8,2023
SL,0.002775311434200745,-0.002775311434200745,42.0,-42.0,15133.43673161332,8,2023
BE,0.0016350556679101947,0.0,24.375,0.0,14907.749306880967,8,2023
BE,0.0016357365865030651,0.0,24.375,0.0,14901.54356216347,8,2023
BE,0.010712806428893202,0.0,159.375,0.0,14877.054024812234,8,2023
SL,0.008145805429043695,-0.008145805429043695,120.75,-120.75,14823.580191280835,8,2023
SL,0.0037383607271514988,-0.0037383607271514988,56.25,-56.25,15046.702045487342,8,2023
cutoff,0.012353224946202291,-0.0018300721704109354,187.5,-27.777243063766946,15178.222756936233,8,2023
SL,0.011364338483131916,-0.011364338483131916,172.5,-172.5,15179.062138640245,8,2023
BE,0.005553032930970869,-0.0,86.25,-0.0,15532.052676827978,8,2023
cutoff,0.004965510346633969,-0.0006065784914478333,77.25,-9.436731613319353,15557.31326838668,8,2023
TP,0.002231349994025976,0.002231349994025976,34.875,34.875,15629.551658579476,9,2023
TP,0.0022313645158389952,0.0022313645158389952,34.875,34.875,15629.449940807615,9,2023
BE,0.004493380388209788,0.0,69.375,0.0,15439.378375806675,9,2023
cutoff,0.005239035880611229,-0.0012691878942705254,80.625,-19.53189027665576,15389.281890276656,9,2023
SL,0.003708679095001058,-0.003708679095001058,56.625,-56.625,15268.239324433607,9,2023
BE,0.004881164497096406,-0.0,75.0,-0.0,15365.185919182659,9,2023
SL,0.0014761433059519023,-0.0014761433059519023,22.875,-22.875,15496.462916416425,9,2023
TP,0.004863421880128146,0.004863421880128146,75.0,75.0,15421.240815329766,9,2023
TP,0.004858407395334056,0.004858407395334056,75.0,75.0,15437.157466874622,9,2023
BE,0.012964915239418433,0.0,200.0,0.0,15426.248171057954,9,2023
SL,0.004478308357215863,-0.004478308357215863,68.625,-68.625,15323.86663134196,9,2023
SL,0.0022340766804802917,-0.0022340766804802917,33.75,-33.75,15106.912083583575,9,2023
TP,0.0032437054378774074,0.0032437054378774074,48.0,48.0,14797.891152351334,9,2023
BE,0.008386252479284493,0.0,123.75,0.0,14756.293148302426,9,2023
BE,0.0040730675705477806,-0.0,61.125,-0.0,15007.11661205743,9,2023
TP,0.008682511379347233,0.008682511379347233,130.5,130.5,15030.213529050536,9,2023
TP,0.005134003432595434,0.005134003432595434,75.0,75.0,14608.482636343826,10,2023
BE,0.0013858866733851066,-0.0,21.375,-0.0,15423.339015007881,10,2023
TP,0.002954491565081943,0.002954491565081943,44.25,44.25,14977.196253654805,10,2023
TP,0.0029578520146536238,0.0029578520146536238,44.25,44.25,14960.180489348062,10,2023
BE,0.002329278123306043,0.0,34.5,0.0,14811.455813199624,10,2023
TP,0.001870212842516351,0.001870212842516351,27.375,27.375,14637.371414457424,10,2023
SL,0.004312120177584144,-0.004312120177584144,63.0,-63.0,14609.982422914665,10,2023
TP,0.00802401506818885,0.00802401506818885,119.25,119.25,14861.637096466304,10,2023
BE,0.013701531653253236,0.0,200.0,0.0,14596.908218834995,10,2023
BE,0.008001052636734292,0.0,114.75,0.0,14341.862903533696,10,2023
cutoff,0.011762864706529786,-0.005493784411880118,171.75,-80.21493881644528,14601.035061183555,11,2023
BE,0.00293762501624217,-0.0,43.875,-0.0,14935.534575520875,11,2023
cutoff,0.012490965550788033,-0.009412675605581153,188.25,-141.85742291466522,15070.892577085335,11,2023
SL,0.003315641260553311,-0.003315641260553311,50.625,-50.625,15268.539634336601,11,2023
SL,0.0018911283263809105,-0.0018911283263809105,29.625,-29.625,15665.251049723287,11,2023
SL,0.002250029976740849,-0.002250029976740849,36.0,-36.0,15999.786834905073,11,2023
TP,0.003047974183224802,0.003047974183224802,48.75,48.75,15994.229960445984,11,2023
TP,0.0024832040142711742,0.0024832040142711742,40.125,40.125,16158.55957440403,11,2023
TP,0.0018093506906437162,0.0018093506906437162,28.875,28.875,15958.763632343205,11,2023
SL,0.004098577694921209,-0.004098577694921209,66.0,-66.0,16103.147216602607,11,2023
SL,0.004650084061157477,-0.004650084061157477,74.25,-74.25,15967.453281160262,11,2023
SL,0.00614973069743355,-0.00614973069743355,97.5,-97.5,15854.352783397393,12,2023
TP,0.00793546218151869,0.00793546218151869,127.125,127.125,16019.860859026965,12,2023
TP,0.00792945440613416,0.00792945440613416,127.125,127.125,16031.998355606553,12,2023
cutoff,0.008159388974931625,-0.0013512983901801357,131.25,-21.736666097920534,16085.76333390208,12,2023
BE,0.002967625451136797,-0.0,48.375,-0.0,16300.91155252398,12,2023
SL,0.0029866821563268218,-0.0029866821563268218,48.375,-48.375,16196.902605630494,12,2023
BE,0.0013881843364021036,-0.0,22.875,-0.0,16478.359105597912,12,2023
BE,0.002186343663355131,-0.0,37.125,-0.0,16980.404600724352,12,2023
cutoff,0.00450017003941826,-0.0001554380416895596,76.5,-2.6423468635839527,16999.357653136416,12,2023
TP,0.0013560225360345576,0.0013560225360345576,23.25,23.25,17145.732745703783,12,2023
BE,0.001355325409819004,-0.0,23.25,-0.0,17154.551837927178,12,2023
BE,0.0008084881708055795,-0.0,13.875,-0.0,17161.66111147293,12,2023
SL,0.0029773079108091787,-0.0029773079108091787,50.625,-50.625,17003.61585585585,12,2023
SL,0.0025982757977189483,-0.0025982757977189483,43.875,-43.875,16886.198162072822,1,2024
BE,0.002687147685244647,0.0,44.625,0.0,16606.828216044698,1,2024
TP,0.002842881982586066,0.002842881982586066,46.875,46.875,16488.54939710143,1,2024
SL,0.0014374399735498223,-0.0014374399735498223,23.625,-23.625,16435.46891329104,1,2024
cutoff,0.012019786244087284,-0.008234694886846528,200.0,-137.01899051486544,16639.231009485135,1,2024
BE,0.002428294867117656,-0.0,41.25,-0.0,16987.228593438093,1,2024
TP,0.0011000989231041154,0.0011000989231041154,18.75,18.75,17043.921783955302,1,2024
BE,0.0024721866518769274,0.0,41.625,0.0,16837.32090714007,1,2024
TP,0.002474154202823677,0.002474154202823677,41.625,41.625,16823.93116504002,1,2024
cutoff,0.007649645335920157,0.006537790896254834,127.875,109.2887283195887,16716.46127168041,1,2024
cutoff,0.011982849135040781,0.008102119169562142,200.0,135.2285934380925,16690.521406561907,1,2024
cutoff,0.011976230421041697,0.007545295034211733,200.0,126.00450674287276,16699.745493257127,1,2024
SL,0.005113548220379738,-0.005113548220379738,87.0,-87.0,17013.626595573453,1,2024
BE,0.002424425731468616,-0.0,41.625,-0.0,17169.014278191687,1,2024
BE,0.001812444057298842,-0.0,31.125,-0.0,17172.94383495998,1,2024
BE,0.003399295604361095,-0.0,58.5,-0.0,17209.447723507175,1,2024
SL,0.0037241369562989366,-0.0037241369562989366,64.125,-64.125,17218.754506742873,1,2024
SL,0.0016165926646572939,-0.0016165926646572939,28.5,-28.5,17629.672967767547,1,2024
SL,0.0018188596598368524,-0.0018188596598368524,31.875,-31.875,17524.716559417848,1,2024
SL,0.0023698259157519915,-0.0023698259157519915,41.25,-41.25,17406.34184385252,1,2024
cutoff,0.005115775357456719,-0.002341093836725618,91.125,-41.70084903369934,17812.5491509663,2,2024
SL,0.0021365545353384994,-0.0021365545353384994,38.25,-38.25,17902.655592144743,2,2024
SL,0.0015928289391534396,-0.0015928289391534396,28.5,-28.5,17892.693496105894,2,2024
TP,0.0022720165022397493,0.0022720165022397493,40.875,40.875,17990.626370761616,2,2024
BE,0.006343158653804738,0.0,112.125,0.0,17676.52460225718,2,2024
TP,0.0023580091545183837,0.0023580091545183837,41.625,41.625,17652.603222612077,2,2024
SL,0.0036662051241887535,-0.0036662051241887535,64.5,-64.5,17593.123629238384,2,2024
SL,0.0030330989452675146,-0.0030330989452675146,54.375,-54.375,17927.209425475638,2,2024
TP,0.004224512249784702,0.004224512249784702,76.5,76.5,18108.59940195433,2,2024
BE,0.004042836635861591,0.0,72.375,0.0,17902.034269207063,2,2024
TP,0.0026906669940145954,0.0026906669940145954,48.0,48.0,17839.442824688555,2,2024
TP,0.0013226703906471687,0.0013226703906471687,24.0,24.0,18145.110202593296,3,2024
SL,0.005222616540502063,-0.005222616540502063,94.875,-94.875,18166.181503894106,3,2024
BE,0.002146440041425162,0.0,39.0,0.0,18169.62004403596,3,2024
BE,0.010181606560208698,0.0,182.625,0.0,17936.756730880457,3,2024
BE,0.00831941316560852,-0.0,153.0,-0.0,18390.720229220504,3,2024
cutoff,0.010862117440244281,-0.001541538577724,200.0,-28.383758253479755,18412.61624174652,3,2024
TP,0.004231650208505106,0.004231650208505106,76.5,76.5,18078.053768774233,3,2024
TP,0.0021862311099339017,0.0021862311099339017,40.125,40.125,18353.50334997892,3,2024
SL,0.0027960072820798,-0.0027960072820798,50.625,-50.625,18106.176019092043,3,2024
BE,0.0031317669496711267,-0.0,57.375,-0.0,18320.328722424594,3,2024
SL,0.002928115220715272,-0.002928115220715272,54.375,-54.375,18569.96596831918,3,2024
BE,0.006344294294150513,0.0,117.375,0.0,18500.875677885975,3,2024
BE,0.010244727105234783,0.0,188.625,0.0,18411.910640705857,3,2024
SL,0.0035918068537668453,-0.0035918068537668453,66.0,-66.0,18375.152865133503,4,2024
BE,0.008049267419159937,-0.0,149.25,-0.0,18542.060069309577,4,2024
SL,0.0014088713165550336,-0.0014088713165550336,25.5,-25.5,18099.594831948525,4,2024
SL,0.006569280885472947,-0.006569280885472947,114.375,-114.375,17410.581461499758,4,2024
SL,0.005798787238321463,-0.005798787238321463,101.625,-101.625,17525.21619148364,4,2024
TP,0.0028568437303505253,0.0028568437303505253,50.625,50.625,17720.605247732077,4,2024
TP,0.0028557637891433152,0.0028557637891433152,50.625,50.625,17727.306506392364,4,2024
TP,0.0031375499287472834,0.0031375499287472834,56.25,56.25,17928.001554531023,4,2024
SL,0.002672614084673557,-0.002672614084673557,47.625,-47.625,17819.63219946777,5,2024
BE,0.002921342777378177,-0.0,52.875,-0.0,18099.553537313353,5,2024
BE,0.005547768722071868,-0.0,100.5,-0.0,18115.39107608424,5,2024
TP,0.003947191064905982,0.003947191064905982,72.0,72.0,18240.819564105637,5,2024
TP,0.004278485579832404,0.004278485579832404,78.375,78.375,18318.397605320453,5,2024
TP,0.004271688888429872,0.004271688888429872,78.375,78.375,18347.544038678338,5,2024
BE,0.006229608584599307,-0.0,114.375,-0.0,18359.901500514046,5,2024
SL,0.001156715358036607,-0.001156715358036607,21.375,-21.375,18479.049190011305,5,2024
BE,0.003325670272334919,-0.0,62.625,-0.0,18830.790448757154,5,2024
SL,0.003741788686753021,-0.003741788686753021,70.875,-70.875,18941.475837723636,5,2024
TP,0.00245269799800882,0.00245269799800882,46.5,46.5,18958.714051933915,5,2024
TP,0.00499750773135819,0.00499750773135819,93.75,93.75,18759.350668282255,5,2024
TP,0.0019247680253264715,0.0019247680253264715,35.625,35.625,18508.723924773964,5,2024
SL,0.01035061776542621,-0.01035061776542621,191.25,-191.25,18477.15801455111,5,2024
BE,0.001874283431788928,-0.0,35.25,-0.0,18807.187537455473,6,2024
BE,0.003998987761003696,-0.0,75.375,-0.0,18848.519801691473,6,2024
SL,0.00363164191879442,-0.00363164191879442,68.625,-68.625,18896.411467455782,6,2024
SL,0.002024888029801835,-0.002024888029801835,39.0,-39.0,19260.324238183544,6,2024
TP,0.0023838373151009594,0.0023838373151009594,46.875,46.875,19663.67406997938,6,2024
SL,0.001461321107012212,-0.001461321107012212,28.875,-28.875,19759.517508809033,6,2024
TP,0.0019163871100687296,0.0019163871100687296,39.0,39.0,20350.794364611073,6,2024
SL,0.0013475929736273026,-0.0013475929736273026,27.0,-27.0,20035.72334406313,6,2024
SL,0.0008006225633392118,-0.0008006225633392118,16.125,-16.125,20140.576519285627,6,2024
TP,0.010088322689089636,0.010088322689089636,200.0,200.0,19824.90114202006,7,2024
TP,0.01009463140186792,0.01009463140186792,200.0,200.0,19812.511426914687,7,2024
SL,0.0010638692847217217,-0.0010638692847217217,21.75,-21.75,20444.240953614135,7,2024
TP,0.004058095823836135,0.004058095823836135,84.375,84.375,20791.771230340233,7,2024
SL,0.0005552079897614091,-0.0005552079897614091,11.625,-11.625,20938.09926077548,7,2024
SL,0.007182370229208264,-0.007182370229208264,146.625,-146.625,20414.57002644139,7,2024
cutoff,0.010021734480503627,-0.00467891290068162,200.0,-93.37531162462983,19956.62531162463,7,2024
TP,0.006206789723093852,0.006206789723093852,122.625,122.625,19756.5900361896,7,2024
SL,0.002240808897931839,-0.002240808897931839,44.25,-44.25,19747.333224551483,7,2024
cutoff,0.008014769009576162,-0.007260118756902705,155.625,-140.97174605943292,19417.278253940567,7,2024
TP,0.004728231372635422,0.004728231372635422,93.0,93.0,19669.08822149362,7,2024
TP,0.0042468734921035966,0.0042468734921035966,79.5,79.5,18719.653445721407,8,2024
SL,0.01101030209640365,-0.01101030209640365,200.0,-200.0,18164.805856265015,8,2024
TP,0.007637351544618997,0.007637351544618997,139.875,139.875,18314.59494601252,8,2024
TP,0.005548108351652538,0.005548108351652538,102.75,102.75,18519.82576537015,8,2024
TP,0.0044953806610356995,0.0044953806610356995,84.375,84.375,18769.267023665285,8,2024
TP,0.0044931353742113204,0.0044931353742113204,84.375,84.375,18778.646306602845,8,2024
cutoff,0.010298327393237845,-0.007511114698941431,200.0,-145.87057513579202,19420.629424864208,8,2024
BE,0.0027872064191203777,-0.0,54.75,-0.0,19643.32445003435,8,2024
TP,0.007241843466871759,0.007241843466871759,141.0,141.0,19470.180575569306,8,2024
SL,0.003510644271862128,-0.003510644271862128,68.25,-68.25,19440.876008721498,9,2024
TP,0.0046507306411274355,0.0046507306411274355,87.375,87.375,18787.370575135792,9,2024
cutoff,0.010749342193901851,-0.006290497562485752,200.0,-117.03967459616979,18605.78967459617,9,2024
TP,0.010572820327366164,0.010572820327366164,200.0,200.0,18916.42852213519,9,2024
TP,0.0032033945342707193,0.0032033945342707193,61.875,61.875,19315.447828247725,9,2024
SL,0.003657597361489577,-0.003657597361489577,72.0,-72.0,19685.053570433898,9,2024
TP,0.002784882210687155,0.002784882210687155,55.125,55.125,19794.373991278502,9,2024
TP,0.0027849199093705436,0.0027849199093705436,55.125,55.125,19794.106040363484,9,2024
TP,0.00905217325275612,0.00905217325275612,179.625,179.625,19843.30115923372,9,2024
SL,0.0036743820228371978,-0.0036743820228371978,73.125,-73.125,19901.305728557876,9,2024
cutoff,0.007106028542346356,0.003416507501248284,144.0,69.23376077762077,20264.48376077762,9,2024
SL,0.0031421958016636083,-0.0031421958016636083,63.75,-63.75,20288.360122640388,9,2024
TP,0.0026993834741133975,0.0026993834741133975,54.375,54.375,20143.4885118941,9,2024
cutoff,0.010028816013301526,0.0054013413534945215,200.0,107.71643125829723,19942.533568741703,10,2024
cutoff,0.010032051470306584,0.005725699962572825,200.0,114.14813768689419,19936.101862313106,10,2024
BE,0.0031336884497073342,-0.0,63.375,-0.0,20223.771768351384,10,2024
BE,0.0018467254744672884,-0.0,37.875,-0.0,20509.27467220082,10,2024
SL,0.002810306161360216,-0.002810306161360216,57.75,-57.75,20549.36248371189,10,2024
SL,0.0037163498295486766,-0.0037163498295486766,76.5,-76.5,20584.71443989178,10,2024
SL,0.00200792515024648,-0.00200792515024648,40.875,-40.875,20356.834513967042,10,2024
SL,0.0033957109945721587,-0.0033957109945721587,69.375,-69.375,20430.183873389637,11,2024
BE,0.0026079983136755845,-0.0,54.75,-0.0,20993.111733587757,11,2024
SL,0.0030848805913568176,-0.0030848805913568176,64.5,-64.5,20908.426789910554,11,2024
TP,0.002806698331315444,0.002806698331315444,58.5,58.5,20842.995254350048,11,2024
SL,0.002090215171068503,-0.002090215171068503,43.875,-43.875,20990.661921935727,11,2024
cutoff,0.008422806863469787,0.002651411019252393,174.75,55.009462181053095,20747.240537818947,11,2024
BE,0.0033177423494164873,-0.0,69.75,-0.0,21023.332330874753,12,2024
SL,0.0026827533434940704,-0.0026827533434940704,56.625,-56.625,21107.046660596272,12,2024
SL,0.0013522523074190591,-0.0013522523074190591,28.875,-28.875,21353.263619206915,12,2024
cutoff,0.006216423554791622,-0.001492459954725518,134.25,-32.23119325057269,21596.018806749427,12,2024
SL,0.0005878954154180954,-0.0005878954154180954,12.75,-12.75,21687.530920669866,12,2024
TP,0.002040527868442709,0.002040527868442709,44.625,44.625,21869.341110276982,12,2024
TP,0.0020401157003993014,0.0020401157003993014,44.625,44.625,21873.75941044215,12,2024
SL,0.004667274974307145,-0.004667274974307145,99.375,-99.375,21291.86742736369,12,2024
cutoff,0.0074096744793669235,-0.006050121073828312,162.375,-132.58185796129692,21913.918142038703,12,2024
TP,0.0016287728080499413,0.0016287728080499413,36.0,36.0,22102.530090185646,12,2024
SL,0.0038336672626033182,-0.0038336672626033182,83.25,-83.25,21715.499624103435,12,2024
TP,0.009359254436308372,0.009359254436308372,200.0,200.0,21369.223516791924,12,2024
TP,0.009397852850716886,0.009397852850716886,200.0,200.0,21281.456857961297,12,2024
SL,0.0025505495398458846,-0.0025505495398458846,55.125,-55.125,21612.9893337931,1,2025
BE,0.0077272292540263255,0.0,166.125,0.0,21498.6503620867,1,2025
TP,0.004739347433655968,0.004739347433655968,99.75,99.75,21047.201412505878,1,2025
BE,0.00950937082742662,0.0,200.0,0.0,21031.8856662069,1,2025
BE,0.009538935705105509,0.0,200.0,0.0,20966.699659476093,1,2025
SL,0.0035315108073804085,-0.0035315108073804085,73.5,-73.5,20812.622135091402,1,2025
cutoff,0.009368787111292362,-0.003596186345526898,200.0,-76.76951782141259,21347.480482178587,1,2025
BE,0.007233995541664849,-0.0,155.625,-0.0,21513.00745261229,1,2025
BE,0.009257557811720584,-0.0,200.0,-0.0,21603.9698663063,1,2025
BE,0.009247625409343811,-0.0,200.0,-0.0,21627.173587494122,1,2025
BE,0.00920614500456514,-0.0,200.0,-0.0,21724.619794802715,1,2025
SL,0.0046737476295180035,-0.0046737476295180035,100.5,-100.5,21503.086594849883,1,2025
SL,0.0018160526291996102,-0.0018160526291996102,39.75,-39.75,21888.13218343735,1,2025
TP,0.0024462496549402797,0.0024462496549402797,54.0,54.0,22074.607099461522,1,2025
SL,0.006719083348983105,-0.006719083348983105,143.625,-143.625,21375.683637223643,1,2025
TP,0.0043855869288776895,0.0043855869288776895,95.25,95.25,21718.871737055117,1,2025
SL,0.0036429716726392976,-0.0036429716726392976,79.5,-79.5,21822.843311433993,1,2025
BE,0.005873537774588424,-0.0,128.25,-0.0,21835.221789986164,2,2025
BE,0.003603630937625709,0.0,77.625,0.0,21540.774109111204,2,2025
cutoff,0.007933495740824366,-0.0035559321988167495,174.375,-78.15793912611844,21979.59206087388,2,2025
TP,0.0011676810098415504,0.0011676810098415504,25.875,25.875,22159.305308485862,2,2025
TP,0.001803328479933539,0.001803328479933539,40.125,40.125,22250.5219911343,2,2025
BE,0.003546060442893719,-0.0,79.125,-0.0,22313.494446651624,2,2025
SL,0.0017857554066703287,-0.0017857554066703287,39.375,-39.375,22049.49225012711,2,2025
SL,0.0031905567375421083,-0.0031905567375421083,69.0,-69.0,21626.319691514138,2,2025
TP,0.002515784079419855,0.002515784079419855,53.625,53.625,21315.422272791406,2,2025
TP,0.005775057764673232,0.005775057764673232,123.0,123.0,21298.48825970309,2,2025
SL,0.004165123669118386,-0.004165123669118386,88.5,-88.5,21247.86849815972,2,2025
TP,0.009544794954008387,0.009544794954008387,200.0,200.0,20953.828863134346,2,2025
BE,0.00990284770381307,0.0,200.0,0.0,20196.21082559822,3,2025
TP,0.01001828219659555,0.01001828219659555,200.0,200.0,19963.50233256204,3,2025
SL,0.01013693415219146,-0.01013693415219146,200.0,-200.0,19729.831228780633,3,2025
TP,0.010345239708307783,0.010345239708307783,200.0,200.0,19332.563153600902,3,2025
TP,0.008944560637604942,0.008944560637604942,177.375,177.375,19830.48773287708,3,2025
SL,0.0024124717791233663,-0.0024124717791233663,48.75,-48.75,20207.49026863832,3,2025
BE,0.0038528257226018306,-0.0,78.75,-0.0,20439.543771219367,3,2025
SL,0.009580132205436447,-0.009580132205436447,189.0,-189.0,19728.32899871131,3,2025
BE,0.0077100651204614805,0.0,147.75,0.0,19163.26226712292,3,2025
TP,0.003802517738728055,0.003802517738728055,72.75,72.75,19132.060649987903,3,2025
TP,0.005877870820398435,0.005877870820398435,111.75,111.75,19011.986383264026,3,2025
BE,0.010643523538858106,0.0,200.0,0.0,18790.769736152346,4,2025
TP,0.011326233434870015,0.011326233434870015,200.0,200.0,17658.120958752366,4,2025
SL,0.005537830912473344,-0.005537830912473344,103.5,-103.5,18689.628057598842,4,2025
SL,0.004738495353471222,-0.004738495353471222,85.5,-85.5,18043.702403837182,4,2025
BE,0.006125721249235227,-0.0,115.5,-0.0,18854.922596162818,4,2025
BE,0.0071077531928957285,-0.0,134.625,-0.0,18940.5845063049,4,2025
TP,0.01042031479431238,0.01042031479431238,200.0,200.0,19193.2781252601,4,2025
TP,0.010463556490182824,0.010463556490182824,200.0,200.0,19113.959979825704,4,2025
TP,0.0039260869601037696,0.0039260869601037696,77.625,77.625,19771.59466634644,5,2025
TP,0.003930794428204466,0.003930794428204466,77.625,77.625,19747.916462641893,5,2025
BE,0.005477936395768857,-0.0,110.625,-0.0,20194.64849673071,5,2025
BE,0.0049321817613566825,-0.0,101.25,-0.0,20528.440535847047,5,2025
cutoff,0.009423784979367167,-0.004304544982383132,200.0,-91.35490658599883,21222.895093414,5,2025
TP,0.002810149152746508,0.002810149152746508,59.625,59.625,21217.734988096745,5,2025
TP,0.0015314521264728966,0.0015314521264728966,33.0,33.0,21548.17602820053,5,2025
TP,0.009497903496476216,0.009497903496476216,200.0,200.0,21057.278595660748,5,2025
TP,0.009500533681454426,0.009500533681454426,200.0,200.0,21051.44897179947,5,2025
SL,0.00331722616485472,-0.00331722616485472,69.75,-69.75,21026.60371456908,5,2025
BE,0.0016908136657525052,-0.0,36.375,-0.0,21513.310861378166,5,2025
TP,0.002593383072078643,0.002593383072078643,55.875,55.875,21545.216594328733,5,2025
SL,0.007495556147494249,-0.007495556147494249,162.0,-162.0,21612.80588287719,5,2025
TP,0.0031435590847680287,0.0031435590847680287,66.75,66.75,21233.893876349917,5,2025
BE,0.006673478279679876,-0.0,144.375,-0.0,21634.145485961726,6,2025
cutoff,0.006670542478866243,-0.0033419946047400636,144.375,-72.3330182796999,21643.6669817203,6,2025
SL,0.0014617398247912523,-0.0014617398247912523,31.875,-31.875,21806.20617937395,6,2025
SL,0.003970671165206146,-0.003970671165206146,87.375,-87.375,22005.095955978955,6,2025
BE,0.007742557325028969,0.0,168.375,0.0,21746.69078079703,6,2025
SL,0.007367610397755991,-0.007367610397755991,159.375,-159.375,21631.84416599201,6,2025
SL,0.003564610159593502,-0.003564610159593502,78.375,-78.375,21986.976553121214,6,2025
BE,0.007199710677748787,0.0,157.125,0.0,21823.793626264163,6,2025
cutoff,0.005709124111105097,-0.0017714353811567715,124.125,-38.51368658431966,21741.51368658432,6,2025
TP,0.0075074849292308555,0.0075074849292308555,165.375,165.375,22028.016247638705,6,2025
BE,0.008991479707444903,-0.0,200.0,-0.0,22243.279916919673,6,2025
BE,0.008988740121077499,-0.0,200.0,-0.0,22250.05921920297,6,2025
SL,0.0019504570764874224,-0.0019504570764874224,43.5,-43.5,22302.46465015223,6,2025
TP,0.0019319206044182877,0.0019319206044182877,43.5,43.5,22516.453264443597,6,2025
SL,0.0019968966448253083,-0.0019968966448253083,45.375,-45.375,22722.758394924076,6,2025
SL,0.005552273755056235,-0.005552273755056235,127.5,-127.5,22963.565131112424,7,2025
SL,0.0014435285137831028,-0.0014435285137831028,33.375,-33.375,23120.43003053195,7,2025
TP,0.0027784648601386157,0.0027784648601386157,63.75,63.75,22944.324729310974,7,2025
TP,0.0011740949927829107,0.0011740949927829107,27.375,27.375,23315.830634039354,7,2025
SL,0.003070119770765691,-0.003070119770765691,71.625,-71.625,23329.70872407908,7,2025
TP,0.0014566183662273432,0.0014566183662273432,34.125,34.125,23427.550270689026,7,2025
TP,0.0012884740186500207,0.0012884740186500207,30.375,30.375,23574.398521302704,7,2025
TP,0.0012882854999046495,0.0012882854999046495,30.375,30.375,23577.8482349201,7,2025
BE,0.0008584793413819577,-0.0,20.25,-0.0,23588.220500917443,7,2025
TP,0.0026031773283521297,0.0026031773283521297,61.5,61.5,23624.97526779357,7,2025
TP,0.0018415194375031468,0.0018415194375031468,43.875,43.875,23825.434098859478,7,2025
SL,0.002655953398250743,-0.002655953398250743,61.5,-61.5,23155.5267650799,8,2025
TP,0.002195649083366383,0.002195649083366383,51.375,51.375,23398.54778671259,8,2025
TP,0.00427407212573192,0.00427407212573192,100.875,100.875,23601.613878410044,8,2025
TP,0.0012204186639899533,0.0012204186639899533,29.25,29.25,23967.18508415141,8,2025
SL,0.0012178477621892384,-0.0012178477621892384,29.25,-29.25,24017.78030730159,8,2025
TP,0.0022854962553075556,0.0022854962553075556,54.375,54.375,23791.33191477614,8,2025
TP,0.0027910542757544994,0.0027910542757544994,66.0,66.0,23646.978338376586,8,2025
cutoff,0.008381184950473406,-0.007485686231185811,198.0,-176.84442981908796,23624.344429819088,8,2025
SL,0.0025590883078537826,-0.0025590883078537826,59.625,-59.625,23299.313203460883,8,2025
cutoff,0.008486115510784752,-0.000926716852673042,200.0,-21.840778657686315,23567.909221342314,8,2025
TP,0.0038093789846240364,0.0038093789846240364,90.375,90.375,23724.339417208048,8,2025
TP,0.0038070757612505314,0.0038070757612505314,90.375,90.375,23738.692284472432,8,2025
SL,0.0026162835512429537,-0.0026162835512429537,61.125,-61.125,23363.293313891954,9,2025
TP,0.005558974492008141,0.005558974492008141,130.5,130.5,23475.55294373329,9,2025
BE,0.0010579047259442061,-0.0,25.125,-0.0,23749.775744290502,9,2025
SL,0.0019981138261827747,-0.0019981138261827747,47.625,-47.625,23834.97845614906,9,2025
TP,0.0005171694143034199,0.0005171694143034199,12.375,12.375,23928.329204595364,9,2025
TP,0.0010497472972927438,0.0010497472972927438,25.125,25.125,23934.331686108046,9,2025
TP,0.0021883605738385143,0.0021883605738385143,52.5,52.5,23990.56198856292,9,2025
TP,0.0021885133085910373,0.0021885133085910373,52.5,52.5,23988.887704685447,9,2025
TP,0.0021839124444887697,0.0021839124444887697,52.5,52.5,24039.42526747664,9,2025
TP,0.002183739622809645,0.002183739622809645,52.5,52.5,24041.327753375834,9,2025
SL,0.0017675424076741741,-0.0017675424076741741,42.75,-42.75,24186.124086410302,9,2025
SL,0.0023865109798550835,-0.0023865109798550835,58.875,-58.875,24669.905354290502,9,2025
SL,0.0027589605333635135,-0.0027589605333635135,67.875,-67.875,24601.656739631573,9,2025
BE,0.002635995532119977,-0.0,65.625,-0.0,24895.717462472956,9,2025
SL,0.0015413902062542035,-0.0015413902062542035,38.625,-38.625,25058.547694982582,10,2025
BE,0.0034197820799158323,-0.0,86.25,-0.0,25220.90530462186,10,2025
TP,0.0017131712809290503,0.0017131712809290503,43.5,43.5,25391.50666616943,10,2025
TP,0.006503258630208203,0.006503258630208203,159.0,159.0,24449.281358953056,10,2025
TP,0.007577482429008868,0.007577482429008868,189.75,189.75,25041.29858138374,10,2025
TP,0.0024524372085263377,0.0024524372085263377,60.375,60.375,24618.367308282344,10,2025
SL,0.0033489493746470945,-0.0033489493746470945,84.375,-84.375,25194.468641046944,10,2025
TP,0.0017296572803212377,0.0017296572803212377,43.875,43.875,25366.29683763213,10,2025
BE,0.0028063049682324026,-0.0,71.25,-0.0,25389.257691717656,10,2025
SL,0.001370113923151703,-0.001370113923151703,34.875,-34.875,25454.087730001516,10,2025
BE,0.0022410517657151068,-0.0,57.75,-0.0,25769.150397814352,10,2025
TP,0.0018693126186787989,0.0018693126186787989,48.75,48.75,26079.10496771575,10,2025
TP,0.0021672785683731544,0.0021672785683731544,57.0,57.0,26300.264687610725,10,2025
BE,0.00768643122689535,0.0,200.0,0.0,26019.877638426828,10,2025
SL,0.0021033024230843727,-0.0021033024230843727,54.375,-54.375,25852.202423778017,11,2025
TP,0.005658366487396947,0.005658366487396947,143.625,143.625,25382.76732691323,11,2025
TP,0.004676086615953038,0.004676086615953038,117.75,117.75,25181.312852136136,11,2025
TP,0.0046752293911777485,0.0046752293911777485,117.75,117.75,25185.929961468115,11,2025
TP,0.004675105090001187,0.004675105090001187,117.75,117.75,25186.599602185648,11,2025
SL,0.002357276793864604,-0.002357276793864604,60.0,-60.0,25453.09916771965,11,2025
BE,0.00622878374675684,0.0,157.875,0.0,25346.039679448055,11,2025
TP,0.006240373299621648,0.006240373299621648,157.875,157.875,25298.96729248103,11,2025
BE,0.007927078917634904,0.0,200.0,0.0,25229.97463227871,11,2025
TP,0.008096014483086484,0.008096014483086484,200.0,200.0,24703.513119674288,11,2025
TP,0.006647021139365979,0.006647021139365979,163.875,163.875,24653.90083228035,11,2025
TP,0.0025036132067964394,0.0025036132067964394,63.375,63.375,25313.414958811893,11,2025
SL,0.004667431132935664,-0.004667431132935664,114.75,-114.75,24585.258299853253,11,2025
BE,0.005795654106238035,-0.0,146.25,-0.0,25234.4251950072,11,2025
BE,0.007909081046783648,-0.0,200.0,-0.0,25287.387854159508,11,2025
SL,0.004435883886871055,-0.004435883886871055,109.5,-109.5,24685.046496390183,11,2025
TP,0.0031198474322010603,0.0031198474322010603,78.75,78.75,25241.61892892361,11,2025
TP,0.0020063168811680237,0.0020063168811680237,51.375,51.375,25606.62300268882,12,2025
TP,0.002006241543042011,0.002006241543042011,51.375,51.375,25607.58457932311,12,2025
BE,0.007799707014070154,-0.0,200.0,-0.0,25641.988813068652,12,2025
BE,0.00775044208045654,-0.0,200.0,-0.0,25804.97962875158,12,2025
cutoff,0.007747116005931826,0.003188267411759325,200.0,82.30849800927535,25816.058498009275,12,2025
TP,0.007862052869663133,0.007862052869663133,200.0,200.0,25438.648571256614,12,2025
TP,0.007876770137604513,0.007876770137604513,200.0,200.0,25391.117997106376,12,2025
SL,0.0077334457660705675,-0.0077334457660705675,196.125,-196.125,25360.622668419237,12,2025
TP,0.0019126395206740417,0.0019126395206740417,48.0,48.0,25096.208397431896,12,2025
TP,0.0019129213350714497,0.0019129213350714497,48.0,48.0,25092.511186931348,12,2025
TP,0.0019129219572205228,0.0019129219572205228,48.0,48.0,25092.503025969778,12,2025
cutoff,0.007976745758161279,-0.004282768873122912,200.0,-107.3813558302536,25072.881355830254,12,2025
cutoff,0.007813257815247011,0.0009089565920955434,200.0,23.26703184737562,25597.517031847376,12,2025
BE,0.0020701651779806143,-0.0,53.25,-0.0,25722.585118518815,12,2025
TP,0.001526546480197698,0.001526546480197698,39.375,39.375,25793.515304493496,12,2025
BE,0.001939686194546296,-0.0,50.25,-0.0,25906.252331580763,12,2025
TP,0.0016202818173077372,0.0016202818173077372,42.0,42.0,25921.416602568104,12,2025
TP,0.002111965243557945,0.002111965243557945,54.75,54.75,25923.7220721326,12,2025
BE,0.0030615888890744083,0.0,78.375,0.0,25599.45271544758,12,2025
cutoff,0.007870830872757216,-0.00014867715646886271,200.0,-3.77792786739883,25410.2779278674,1,2026
TP,0.0017581796274500252,0.0017581796274500252,45.75,45.75,26021.232009355885,1,2026
TP,0.004280338979788992,0.004280338979788992,109.5,109.5,25582.086025672208,1,2026
BE,0.007829684206210146,0.0,200.0,0.0,25543.814377771352,1,2026
BE,0.00785162909111469,0.0,200.0,0.0,25472.4207777887,1,2026
cutoff,0.007803564565974671,0.003333559614485856,200.0,85.43684328623203,25629.313156713768,1,2026
BE,0.0019361020645416271,0.0,49.125,0.0,25373.145816891818,1,2026
TP,0.001967203206580652,0.001967203206580652,49.875,49.875,25353.252695582778,1,2026
TP,0.001967433537942929,0.001967433537942929,49.875,49.875,25350.284539800687,1,2026
TP,0.001968680067455694,0.001968680067455694,49.875,49.875,25334.233238038545,1,2026
TP,0.0037177383517393034,0.0037177383517393034,94.125,94.125,25317.811823945234,1,2026
SL,0.0037921134652439104,-0.0037921134652439104,95.625,-95.625,25216.808747005507,1,2026
BE,0.0018336384145776607,-0.0,47.625,-0.0,25972.950621766613,1,2026
TP,0.0021756440075929935,0.0021756440075929935,56.625,56.625,26026.77634869439,1,2026
BE,0.007670936574467383,-0.0,200.0,-0.0,26072.435622228648,1,2026
cutoff,0.00766803153731061,-0.0004289045940719871,200.0,-11.18682394523421,26082.313176054766,1,2026
SL,0.0021051141623232832,-0.0021051141623232832,55.125,-55.125,26186.22827522189,1,2026
SL,0.0030595637924553188,-0.0030595637924553188,79.5,-79.5,25984.096228371418,1,2026
SL,0.005476294843140103,-0.005476294843140103,138.75,-138.75,25336.47365130561,2,2026
BE,0.00795413501004084,0.0,200.0,0.0,25144.154549493003,2,2026
TP,0.007902394638925546,0.007902394638925546,200.0,200.0,25308.784126629384,2,2026
TP,0.004384292696118737,0.004384292696118737,108.0,108.0,24633.391857165167,2,2026
TP,0.007976440110430704,0.007976440110430704,200.0,200.0,25073.84211892498,2,2026
SL,0.002683414612863334,-0.002683414612863334,67.5,-67.5,25154.51755998832,2,2026
BE,0.0058003974165213015,0.0,144.0,0.0,24825.88513501576,2,2026
TP,0.0059479170822936,0.0059479170822936,146.25,146.25,24588.439612813825,3,2026
TP,0.008172160668677212,0.008172160668677212,200.0,200.0,24473.331852930034,3,2026
TP,0.008171285420932276,0.008171285420932276,200.0,200.0,24475.95325548935,3,2026
BE,0.008185304528869106,0.0,200.0,0.0,24434.03288107502,3,2026
TP,0.005598453798678502,0.005598453798678502,136.5,136.5,24381.73197610748,3,2026
SL,0.008005649554056247,-0.008005649554056247,200.0,-200.0,24982.357602534,3,2026
TP,0.0030173553829005973,0.0030173553829005973,76.125,76.125,25229.04674451065,3,2026
TP,0.008283723342980488,0.008283723342980488,200.0,200.0,24143.73244001168,3,2026
TP,0.008312805069911009,0.008312805069911009,200.0,200.0,24059.267397466,3,2026
BE,0.007961801982695006,-0.0,200.0,-0.0,25119.94149499076,3,2026
TP,0.003742014498110267,0.003742014498110267,92.25,92.25,24652.496682358294,3,2026
cutoff,0.00813332957650599,0.0009485376566509772,200.0,23.32470724882296,24590.175292751177,3,2026
cutoff,0.007620676231355418,0.003713632352525385,191.25,93.1980530150613,25096.19805301506,3,2026
SL,0.0010730630074709162,-0.0010730630074709162,27.0,-27.0,25161.616617122825,3,2026
TP,0.0039866849716491595,0.0039866849716491595,97.875,97.875,24550.4725595392,3,2026
TP,0.005386786038680296,0.005386786038680296,132.0,132.0,24504.40746154799,3,2026
BE,0.008244897549814485,0.0,200.0,0.0,24257.42694698494,3,2026
BE,0.005593255861540775,0.0,134.625,0.0,24069.165318483185,3,2026
TP,0.005139598276085946,0.005139598276085946,118.125,118.125,22983.31380287526,3,2026
BE,0.005868376389606651,-0.0,141.0,-0.0,24027.08869351358,3,2026
TP,0.004156187273317249,0.004156187273317249,98.625,98.625,23729.68143980739,4,2026
TP,0.0034737802313482133,0.0034737802313482133,84.375,84.375,24289.10131924296,4,2026
SL,0.008004975995056536,-0.008004975995056536,200.0,-200.0,24984.459681516815,4,2026
TP,0.002670824708028961,0.002670824708028961,67.5,67.5,25273.09253845201,4,2026
BE,0.004390340430808971,-0.0,111.0,-0.0,25282.7774404608,4,2026
TP,0.0023937400170619366,0.0023937400170619366,60.75,60.75,25378.695918099,4,2026
TP,0.001947378939008522,0.001947378939008522,49.875,49.875,25611.34815671422,4,2026
BE,0.0022197860643081756,-0.0,57.75,-0.0,26016.020610526048,4,2026
BE,0.007476395526928657,-0.0,200.0,-0.0,26750.85865637195,4,2026
TP,0.004662206004639848,0.004662206004639848,127.125,127.125,27267.134887108085,4,2026
TP,0.004645970878075808,0.004645970878075808,127.125,127.125,27362.418606603605,4,2026
TP,0.004574963964695199,0.004574963964695199,126.0,126.0,27541.200536733537,4,2026
TP,0.007393767607419883,0.007393767607419883,200.0,200.0,27049.808787510927,4,2026
TP,0.007264951350148258,0.007264951350148258,200.0,200.0,27529.434177961637,4,2026
TP,0.0072591490302515846,0.0072591490302515846,200.0,200.0,27551.438765966275,4,2026
SL,0.004260181603104202,-0.004260181603104202,118.125,-118.125,27727.691212489073,5,2026
BE,0.007107810170504798,-0.0,200.0,-0.0,28138.06154108305,5,2026
cutoff,0.006855264621251734,-0.0027709706351505136,200.0,-80.84212027527974,29174.65787972472,5,2026
TP,0.004792175611862132,0.004792175611862132,141.0,141.0,29422.9618069465,5,2026
BE,0.004110951255054962,-0.0,121.875,-0.0,29646.42303898361,5,2026
TP,0.0029462114981260064,0.0029462114981260064,87.375,87.375,29656.73036561582,5,2026
cutoff,0.006732076758415524,-0.0005549082195072007,200.0,-16.485498886017012,29708.514501113983,5,2026
TP,0.006876484587065647,0.006876484587065647,200.0,200.0,29084.62855805579,5,2026
TP,0.005557672834754054,0.005557672834754054,160.125,160.125,28811.51963438418,5,2026
TP,0.0069503445787951,0.0069503445787951,200.0,200.0,28775.551734540284,5,2026
BE,0.0069590749423924245,0.0,200.0,0.0,28739.45196101639,5,2026
TP,0.0028678622102300704,0.0028678622102300704,84.375,84.375,29420.86955887296,5,2026
TP,0.0029729658854633417,0.0029729658854633417,88.125,88.125,29642.116120772633,5,2026
cutoff,0.0028910418691726783,2.4911918194763602e-05,86.625,0.7464419442112558,29963.24644194421,5,2026
cutoff,0.006664566056112044,-9.806012042042662e-06,200.0,-0.29427308423328213,30009.455726915767,5,2026
SL,0.0017976097196954481,-0.0017976097196954481,54.375,-54.375,30248.501331652922,5,2026
TP,0.002654486051737233,0.002654486051737233,81.0,81.0,30514.38147395403,5,2026
BE,0.006592782440070149,0.0,199.125,0.0,30203.484160153974,6,2026
BE,0.006636946946676435,0.0,199.875,0.0,30115.50365037811,6,2026
SL,0.005747877732006643,-0.005747877732006643,172.5,-172.5,30011.076790907744,6,2026
