level_id,session_date,created_at,expiry_at,physical_touch,side,eligibility,skip_reason,position_state,sal_state,entry_time,exit_time,entry_price,exit_price,anchor,cap,exit_reason,pnl
0_lower,2023-06-01,2023-06-01 10:00:00-04:00,2023-06-29 10:00:00-04:00,2023-06-02 13:00:00-04:00,lower,skipped,blocked_time,n/a,n/a,,,,,,,,
1_lower,2023-06-02,2023-06-02 10:00:00-04:00,2023-06-30 10:00:00-04:00,2023-06-02 14:02:00-04:00,lower,skipped,blocked_time,n/a,n/a,,,,,,,,
2_upper,2023-06-06,2023-06-05 10:00:00-04:00,2023-07-03 10:00:00-04:00,2023-06-06 08:18:00-04:00,upper,executed,,flat,inactive,2023-06-06 08:18:00-04:00,2023-06-06 08:30:00-04:00,1981.3752904161047,1978.2252904161048,2.099999999999909,3.1499999999998636,TP,3.1499999999998636
3_lower,2023-06-06,2023-06-06 10:00:00-04:00,2023-07-04 10:00:00-04:00,2023-06-07 12:16:00-04:00,lower,skipped,blocked_time,n/a,n/a,,,,,,,,
4_lower,2023-06-07,2023-06-07 10:00:00-04:00,2023-07-05 10:00:00-04:00,2023-06-07 12:18:00-04:00,lower,skipped,blocked_time,n/a,n/a,,,,,,,,
6_lower,2023-06-09,2023-06-09 10:00:00-04:00,2023-07-07 10:00:00-04:00,2023-06-13 08:30:00-04:00,lower,skipped,simultaneous_collision,flat,inactive,,,,,,,,
5_lower,2023-06-13,2023-06-08 10:00:00-04:00,2023-07-06 10:00:00-04:00,2023-06-13 08:30:00-04:00,lower,executed,,flat,inactive,2023-06-13 08:30:00-04:00,2023-06-13 08:31:00-04:00,1960.0171769056587,1964.5171769056587,3.0,4.5,TP,4.5
8_lower,2023-06-13,2023-06-13 10:00:00-04:00,2023-07-11 10:00:00-04:00,2023-06-13 13:50:00-04:00,lower,skipped,blocked_time,n/a,n/a,,,,,,,,
7_lower,2023-06-12,2023-06-12 10:00:00-04:00,2023-07-10 10:00:00-04:00,2023-06-13 15:07:00-04:00,lower,skipped,no_cutoff,n/a,n/a,,,,,,,,
9_lower,2023-06-14,2023-06-14 10:00:00-04:00,2023-07-12 10:00:00-04:00,2023-06-14 14:01:00-04:00,lower,skipped,blocked_time,n/a,n/a,,,,,,,,
2_lower,2023-06-15,2023-06-05 10:00:00-04:00,2023-07-03 10:00:00-04:00,2023-06-14 21:33:00-04:00,lower,executed,,flat,inactive,2023-06-14 21:33:00-04:00,2023-06-15 09:47:00-04:00,1946.5747095838951,1960.9747095838952,9.600000000000136,14.400000000000205,TP,14.400000000000205
10_upper,2023-06-16,2023-06-15 10:00:00-04:00,2023-07-13 10:00:00-04:00,2023-06-16 02:33:00-04:00,upper,executed,,flat,inactive,2023-06-16 02:33:00-04:00,2023-06-16 04:34:00-04:00,1975.2185278669162,1975.2185278669162,3.7000000000000455,5.550000000000068,BE,-0.0
11_lower,2023-06-20,2023-06-16 10:00:00-04:00,2023-07-14 10:00:00-04:00,2023-06-19 21:53:00-04:00,lower,executed,,flat,inactive,2023-06-19 21:53:00-04:00,2023-06-19 22:15:00-04:00,1956.2922145872571,1960.0422145872571,2.5,3.75,TP,3.75
12_lower,2023-06-20,2023-06-19 10:00:00-04:00,2023-07-17 10:00:00-04:00,2023-06-20 09:02:00-04:00,lower,executed,,flat,inactive,2023-06-20 09:02:00-04:00,2023-06-20 15:00:00-04:00,1954.0351305541128,1949.6,10.899999999999864,16.349999999999795,cutoff,-4.435130554112902
10_lower,2023-06-21,2023-06-15 10:00:00-04:00,2023-07-13 10:00:00-04:00,2023-06-21 08:36:00-04:00,lower,executed,,flat,inactive,2023-06-21 08:36:00-04:00,2023-06-21 08:38:00-04:00,1937.1314721330837,1940.4314721330838,2.2000000000000455,3.300000000000068,TP,3.300000000000068
13_lower,2023-06-21,2023-06-20 10:00:00-04:00,2023-07-18 10:00:00-04:00,2023-06-21 09:39:00-04:00,lower,executed,,flat,inactive,2023-06-21 09:39:00-04:00,2023-06-21 14:15:00-04:00,1932.9962576144392,1947.5462576144391,9.700000000000045,14.550000000000068,TP,14.550000000000068
14_lower,2023-06-23,2023-06-21 10:00:00-04:00,2023-07-19 10:00:00-04:00,2023-06-22 22:58:00-04:00,lower,executed,,flat,inactive,2023-06-22 22:58:00-04:00,2023-06-23 01:04:00-04:00,1919.714895122812,1926.9148951228121,4.7999999999999545,7.199999999999932,TP,7.199999999999932
15_upper,2023-06-23,2023-06-22 10:00:00-04:00,2023-07-20 10:00:00-04:00,2023-06-23 09:45:00-04:00,upper,executed,,flat,inactive,2023-06-23 09:45:00-04:00,2023-06-23 12:00:00-04:00,1947.2611215774748,1930.6111215774745,11.100000000000136,16.650000000000205,TP,16.650000000000205
16_lower,2023-06-23,2023-06-23 10:00:00-04:00,2023-07-21 10:00:00-04:00,2023-06-23 12:42:00-04:00,lower,skipped,blocked_time,n/a,n/a,,,,,,,,
17_lower,2023-06-27,2023-06-26 10:00:00-04:00,2023-07-24 10:00:00-04:00,2023-06-27 10:16:00-04:00,lower,executed,,flat,inactive,2023-06-27 10:16:00-04:00,2023-06-27 12:05:00-04:00,1922.276021688214,1922.276021688214,8.099999999999909,12.149999999999864,BE,0.0
18_lower,2023-06-28,2023-06-27 10:00:00-04:00,2023-07-25 10:00:00-04:00,2023-06-28 02:43:00-04:00,lower,executed,,flat,inactive,2023-06-28 02:43:00-04:00,2023-06-28 03:07:00-04:00,1918.3857119991135,1921.0857119991133,1.7999999999999545,2.699999999999932,TP,2.699999999999932
15_lower,2023-06-28,2023-06-22 10:00:00-04:00,2023-07-20 10:00:00-04:00,2023-06-28 05:48:00-04:00,lower,executed,,flat,inactive,2023-06-28 05:48:00-04:00,2023-06-28 11:25:00-04:00,1916.6888784225252,1922.088878422525,3.599999999999909,5.399999999999864,TP,5.399999999999864
19_lower,2023-06-29,2023-06-28 10:00:00-04:00,2023-07-26 10:00:00-04:00,2023-06-29 09:27:00-04:00,lower,executed,,flat,inactive,2023-06-29 09:27:00-04:00,2023-06-29 15:00:00-04:00,1901.264465093733,1915.2,17.100000000000136,25.650000000000205,cutoff,13.935534906267094
20_upper,2023-06-29,2023-06-29 10:00:00-04:00,2023-07-27 10:00:00-04:00,2023-06-29 10:12:00-04:00,upper,skipped,position_open,open,inactive,,,,,,,,
21_upper,2023-06-30,2023-06-30 10:00:00-04:00,2023-07-28 10:00:00-04:00,2023-07-03 09:16:00-04:00,upper,skipped,simultaneous_collision,flat,inactive,,,,,,,,
19_upper,2023-07-03,2023-06-28 10:00:00-04:00,2023-07-26 10:00:00-04:00,2023-07-03 09:16:00-04:00,upper,executed,,flat,inactive,2023-07-03 09:16:00-04:00,2023-07-03 15:00:00-04:00,1932.485534906267,1928.9,10.600000000000136,15.900000000000205,cutoff,3.5855349062669575
23_lower,2023-07-05,2023-07-04 10:00:00-04:00,2023-08-01 10:00:00-04:00,2023-07-05 10:38:00-04:00,lower,executed,,flat,inactive,2023-07-05 10:38:00-04:00,2023-07-05 13:50:00-04:00,1926.680494658171,1926.680494658171,13.0,19.5,BE,0.0
24_lower,2023-07-06,2023-07-05 10:00:00-04:00,2023-08-02 10:00:00-04:00,2023-07-06 08:18:00-04:00,lower,executed,,flat,inactive,2023-07-06 08:18:00-04:00,2023-07-06 08:21:00-04:00,1921.462550908204,1916.6625509082041,3.2000000000000455,4.800000000000068,SL,-4.7999999999999545
22_lower,2023-07-03,2023-07-03 10:00:00-04:00,2023-07-31 10:00:00-04:00,2023-07-06 08:20:00-04:00,lower,skipped,position_open,open,active,,,,,,,,
21_lower,2023-06-30,2023-06-30 10:00:00-04:00,2023-07-28 10:00:00-04:00,2023-07-06 08:52:00-04:00,lower,skipped,SAL,n/a,active,,,,,,,,
25_upper,2023-07-07,2023-07-06 10:00:00-04:00,2023-08-03 10:00:00-04:00,2023-07-07 08:30:00-04:00,upper,executed,,flat,inactive,2023-07-07 08:30:00-04:00,2023-07-07 08:30:00-04:00,1933.0548126226213,1936.8048126226213,2.5,3.75,SL,-3.75
27_upper,2023-07-11,2023-07-10 10:00:00-04:00,2023-08-07 10:00:00-04:00,2023-07-11 02:37:00-04:00,upper,executed,,flat,inactive,2023-07-11 02:37:00-04:00,2023-07-11 02:40:00-04:00,1938.612426003414,1941.462426003414,1.900000000000091,2.8500000000001364,SL,-2.8500000000001364
26_upper,2023-07-07,2023-07-07 10:00:00-04:00,2023-08-04 10:00:00-04:00,2023-07-11 02:40:00-04:00,upper,skipped,SAL,n/a,active,,,,,,,,
23_upper,2023-07-12,2023-07-04 10:00:00-04:00,2023-08-01 10:00:00-04:00,2023-07-11 22:22:00-04:00,upper,executed,,flat,inactive,2023-07-11 22:22:00-04:00,2023-07-12 01:19:00-04:00,1945.019505341829,1945.019505341829,3.400000000000091,5.100000000000136,BE,-0.0
22_upper,2023-07-03,2023-07-03 10:00:00-04:00,2023-07-31 10:00:00-04:00,2023-07-12 08:30:00-04:00,upper,skipped,simultaneous_collision,flat,inactive,,,,,,,,
28_upper,2023-07-11,2023-07-11 10:00:00-04:00,2023-08-08 10:00:00-04:00,2023-07-12 08:30:00-04:00,upper,skipped,simultaneous_collision,flat,inactive,,,,,,,,
17_upper,2023-07-12,2023-06-26 10:00:00-04:00,2023-07-24 10:00:00-04:00,2023-07-12 08:30:00-04:00,upper,executed,,flat,inactive,2023-07-12 08:30:00-04:00,2023-07-12 08:36:00-04:00,1950.0239783117859,1954.6739783117857,3.099999999999909,4.649999999999864,SL,-4.649999999999864
18_upper,2023-06-27,2023-06-27 10:00:00-04:00,2023-07-25 10:00:00-04:00,2023-07-12 08:36:00-04:00,upper,skipped,SAL,n/a,active,,,,,,,,
24_upper,2023-07-05,2023-07-05 10:00:00-04:00,2023-08-02 10:00:00-04:00,2023-07-12 08:36:00-04:00,upper,skipped,SAL,n/a,active,,,,,,,,
14_upper,2023-06-21,2023-06-21 10:00:00-04:00,2023-07-19 10:00:00-04:00,2023-07-12 09:29:00-04:00,upper,skipped,SAL,n/a,active,,,,,,,,
16_upper,2023-06-23,2023-06-23 10:00:00-04:00,2023-07-21 10:00:00-04:00,2023-07-12 09:40:00-04:00,upper,skipped,SAL,n/a,active,,,,,,,,
13_upper,2023-06-20,2023-06-20 10:00:00-04:00,2023-07-18 10:00:00-04:00,2023-07-12 10:47:00-04:00,upper,skipped,SAL,n/a,active,,,,,,,,
30_lower,2023-07-17,2023-07-13 10:00:00-04:00,2023-08-10 10:00:00-04:00,2023-07-17 08:55:00-04:00,lower,executed,,flat,inactive,2023-07-17 08:55:00-04:00,2023-07-17 09:19:00-04:00,1951.5907187798355,1953.8407187798355,1.5,2.25,TP,2.25
32_upper,2023-07-18,2023-07-17 10:00:00-04:00,2023-08-14 10:00:00-04:00,2023-07-18 01:30:00-04:00,upper,executed,,flat,inactive,2023-07-18 01:30:00-04:00,2023-07-18 01:56:00-04:00,1964.9781886373669,1962.8781886373672,1.3999999999998636,2.0999999999997954,TP,2.0999999999997954
30_upper,2023-07-13,2023-07-13 10:00:00-04:00,2023-08-10 10:00:00-04:00,2023-07-18 07:16:00-04:00,upper,skipped,simultaneous_collision,flat,inactive,,,,,,,,
31_upper,2023-07-14,2023-07-14 10:00:00-04:00,2023-08-11 10:00:00-04:00,2023-07-18 07:16:00-04:00,upper,skipped,simultaneous_collision,flat,inactive,,,,,,,,
29_upper,2023-07-18,2023-07-12 10:00:00-04:00,2023-08-09 10:00:00-04:00,2023-07-18 07:16:00-04:00,upper,executed,,flat,inactive,2023-07-18 07:16:00-04:00,2023-07-18 07:17:00-04:00,1971.9469715820699,1975.9969715820698,2.7000000000000455,4.050000000000068,SL,-4.0499999999999545
33_upper,2023-07-20,2023-07-18 10:00:00-04:00,2023-08-15 10:00:00-04:00,2023-07-19 23:18:00-04:00,upper,executed,,flat,inactive,2023-07-19 23:18:00-04:00,2023-07-20 01:40:00-04:00,1989.3607712338012,1984.710771233801,3.1000000000001364,4.650000000000205,TP,4.650000000000205
34_lower,2023-07-20,2023-07-19 10:00:00-04:00,2023-08-16 10:00:00-04:00,2023-07-20 10:44:00-04:00,lower,executed,,flat,inactive,2023-07-20 10:44:00-04:00,2023-07-20 12:23:00-04:00,1968.1674365487875,1968.1674365487875,7.7000000000000455,11.550000000000068,BE,0.0
35_lower,2023-07-21,2023-07-20 10:00:00-04:00,2023-08-17 10:00:00-04:00,2023-07-21 04:00:00-04:00,lower,executed,,flat,inactive,2023-07-21 04:00:00-04:00,2023-07-21 15:00:00-04:00,1966.1688896756166,1964.8,7.0,10.5,cutoff,-1.3688896756166287
33_lower,2023-07-18,2023-07-18 10:00:00-04:00,2023-08-15 10:00:00-04:00,2023-07-24 14:19:00-04:00,lower,skipped,blocked_time,n/a,n/a,,,,,,,,
38_upper,2023-07-26,2023-07-25 10:00:00-04:00,2023-08-22 10:00:00-04:00,2023-07-26 07:01:00-04:00,upper,executed,,flat,inactive,2023-07-26 07:01:00-04:00,2023-07-26 08:29:00-04:00,1974.6080828823235,1974.6080828823235,2.5,3.75,BE,-0.0
36_upper,2023-07-21,2023-07-21 10:00:00-04:00,2023-08-18 10:00:00-04:00,2023-07-26 11:26:00-04:00,upper,skipped,blocked_time,n/a,n/a,,,,,,,,
37_upper,2023-07-24,2023-07-24 10:00:00-04:00,2023-08-21 10:00:00-04:00,2023-07-26 14:40:00-04:00,upper,skipped,blocked_time,n/a,n/a,,,,,,,,
39_upper,2023-07-27,2023-07-26 10:00:00-04:00,2023-08-23 10:00:00-04:00,2023-07-26 22:11:00-04:00,upper,executed,,flat,inactive,2023-07-26 22:11:00-04:00,2023-07-27 03:38:00-04:00,1980.5503143305248,1980.5503143305248,5.7999999999999545,8.699999999999932,BE,-0.0
39_lower,2023-07-27,2023-07-26 10:00:00-04:00,2023-08-23 10:00:00-04:00,2023-07-27 09:04:00-04:00,lower,executed,,flat,inactive,2023-07-27 09:04:00-04:00,2023-07-27 15:00:00-04:00,1956.0996856694753,1944.3,22.09999999999991,33.149999999999864,cutoff,-11.799685669475366
36_lower,2023-07-21,2023-07-21 10:00:00-04:00,2023-08-18 10:00:00-04:00,2023-07-27 09:36:00-04:00,lower,skipped,position_open,open,active,,,,,,,,
37_lower,2023-07-24,2023-07-24 10:00:00-04:00,2023-08-21 10:00:00-04:00,2023-07-27 09:36:00-04:00,lower,skipped,position_open,open,active,,,,,,,,
31_lower,2023-07-14,2023-07-14 10:00:00-04:00,2023-08-11 10:00:00-04:00,2023-07-27 09:38:00-04:00,lower,skipped,position_open,open,active,,,,,,,,
29_lower,2023-07-12,2023-07-12 10:00:00-04:00,2023-08-09 10:00:00-04:00,2023-07-27 09:40:00-04:00,lower,skipped,position_open,open,active,,,,,,,,
40_upper,2023-07-28,2023-07-27 10:00:00-04:00,2023-08-24 10:00:00-04:00,2023-07-27 20:00:00-04:00,upper,executed,,flat,inactive,2023-07-27 20:00:00-04:00,2023-07-27 21:03:00-04:00,1986.3,1986.3,3.2000000000000455,4.800000000000068,BE,-0.0
34_upper,2023-07-28,2023-07-19 10:00:00-04:00,2023-08-16 10:00:00-04:00,2023-07-27 23:28:00-04:00,upper,executed,,flat,inactive,2023-07-27 23:28:00-04:00,2023-07-28 03:57:00-04:00,1992.2325634512126,1986.5325634512124,3.800000000000182,5.700000000000273,TP,5.700000000000273
35_upper,2023-07-20,2023-07-20 10:00:00-04:00,2023-08-17 10:00:00-04:00,2023-07-28 00:19:00-04:00,upper,skipped,position_open,open,inactive,,,,,,,,
41_upper,2023-07-31,2023-07-28 10:00:00-04:00,2023-08-25 10:00:00-04:00,2023-07-31 09:34:00-04:00,upper,executed,,flat,inactive,2023-07-31 09:34:00-04:00,2023-07-31 15:00:00-04:00,2006.4148007166184,2005.4,9.900000000000091,14.850000000000136,cutoff,1.0148007166183106
42_lower,2023-08-01,2023-07-31 10:00:00-04:00,2023-08-28 10:00:00-04:00,2023-08-01 07:12:00-04:00,lower,executed,,flat,inactive,2023-08-01 07:12:00-04:00,2023-08-01 08:32:00-04:00,1991.6477818271533,1987.1477818271533,3.0,4.5,SL,-4.5
41_lower,2023-07-28,2023-07-28 10:00:00-04:00,2023-08-25 10:00:00-04:00,2023-08-01 10:31:00-04:00,lower,skipped,SAL,n/a,active,,,,,,,,
44_lower,2023-08-02,2023-08-02 10:00:00-04:00,2023-08-30 10:00:00-04:00,2023-08-02 10:48:00-04:00,lower,executed,,flat,inactive,2023-08-02 10:48:00-04:00,2023-08-02 15:00:00-04:00,1970.7029195962964,1972.9,4.2999999999999545,6.449999999999932,cutoff,2.197080403703694
43_lower,2023-08-01,2023-08-01 10:00:00-04:00,2023-08-29 10:00:00-04:00,2023-08-02 11:19:00-04:00,lower,skipped,blocked_time,n/a,n/a,,,,,,,,
45_lower,2023-08-04,2023-08-03 10:00:00-04:00,2023-08-31 10:00:00-04:00,2023-08-04 08:30:00-04:00,lower,executed,,flat,inactive,2023-08-04 08:30:00-04:00,2023-08-04 08:31:00-04:00,1956.2303385563182,1959.6803385563185,2.300000000000182,3.450000000000273,TP,3.450000000000273
45_upper,2023-08-04,2023-08-03 10:00:00-04:00,2023-08-31 10:00:00-04:00,2023-08-04 09:36:00-04:00,upper,executed,,flat,inactive,2023-08-04 09:36:00-04:00,2023-08-04 15:00:00-04:00,1982.8196614436815,1976.9,24.40000000000009,36.600000000000136,cutoff,5.919661443681434
46_lower,2023-08-08,2023-08-04 10:00:00-04:00,2023-09-01 10:00:00-04:00,2023-08-08 03:57:00-04:00,lower,executed,,flat,inactive,2023-08-08 03:57:00-04:00,2023-08-08 04:50:00-04:00,1964.9082990142838,1968.358299014284,2.300000000000182,3.450000000000273,TP,3.450000000000273
47_lower,2023-08-08,2023-08-07 10:00:00-04:00,2023-09-04 10:00:00-04:00,2023-08-08 08:12:00-04:00,lower,executed,,flat,inactive,2023-08-08 08:12:00-04:00,2023-08-08 09:03:00-04:00,1958.1587473370603,1958.1587473370603,6.099999999999909,9.149999999999864,BE,0.0
49_lower,2023-08-09,2023-08-09 10:00:00-04:00,2023-09-06 10:00:00-04:00,2023-08-10 10:52:00-04:00,lower,skipped,simultaneous_collision,flat,inactive,,,,,,,,
48_lower,2023-08-10,2023-08-08 10:00:00-04:00,2023-09-05 10:00:00-04:00,2023-08-10 10:52:00-04:00,lower,executed,,flat,inactive,2023-08-10 10:52:00-04:00,2023-08-10 13:37:00-04:00,1946.6185360629843,1946.6185360629843,8.700000000000045,13.050000000000068,BE,0.0
50_lower,2023-08-10,2023-08-10 10:00:00-04:00,2023-09-07 10:00:00-04:00,2023-08-14 08:11:00-04:00,lower,skipped,simultaneous_collision,flat,inactive,,,,,,,,
38_lower,2023-08-14,2023-07-25 10:00:00-04:00,2023-08-22 10:00:00-04:00,2023-08-14 08:11:00-04:00,lower,executed,,flat,inactive,2023-08-14 08:11:00-04:00,2023-08-14 08:24:00-04:00,1941.3419171176765,1938.9419171176764,1.6000000000001364,2.4000000000002046,SL,-2.400000000000091
32_lower,2023-07-17,2023-07-17 10:00:00-04:00,2023-08-14 10:00:00-04:00,2023-08-14 08:17:00-04:00,lower,skipped,position_open,open,active,,,,,,,,
40_lower,2023-07-27,2023-07-27 10:00:00-04:00,2023-08-24 10:00:00-04:00,2023-08-14 09:49:00-04:00,lower,skipped,SAL,n/a,active,,,,,,,,
51_lower,2023-08-15,2023-08-11 10:00:00-04:00,2023-09-08 10:00:00-04:00,2023-08-15 07:12:00-04:00,lower,executed,,flat,inactive,2023-08-15 07:12:00-04:00,2023-08-15 08:10:00-04:00,1933.4908718760419,1933.4908718760419,2.5,3.75,BE,0.0
52_lower,2023-08-14,2023-08-14 10:00:00-04:00,2023-09-11 10:00:00-04:00,2023-08-16 14:03:00-04:00,lower,skipped,blocked_time,n/a,n/a,,,,,,,,
54_lower,2023-08-16,2023-08-16 10:00:00-04:00,2023-09-13 10:00:00-04:00,2023-08-16 15:19:00-04:00,lower,skipped,no_cutoff,n/a,n/a,,,,,,,,
53_lower,2023-08-15,2023-08-15 10:00:00-04:00,2023-09-12 10:00:00-04:00,2023-08-16 15:29:00-04:00,lower,skipped,no_cutoff,n/a,n/a,,,,,,,,
55_lower,2023-08-17,2023-08-17 10:00:00-04:00,2023-09-14 10:00:00-04:00,2023-08-17 13:02:00-04:00,lower,skipped,blocked_time,n/a,n/a,,,,,,,,
58_upper,2023-08-23,2023-08-22 10:00:00-04:00,2023-09-19 10:00:00-04:00,2023-08-23 08:27:00-04:00,upper,executed,,flat,inactive,2023-08-23 08:27:00-04:00,2023-08-23 09:00:00-04:00,1934.9304732946573,1931.7804732946574,2.099999999999909,3.1499999999998636,TP,3.1499999999998636
56_upper,2023-08-18,2023-08-18 10:00:00-04:00,2023-09-15 10:00:00-04:00,2023-08-23 08:30:00-04:00,upper,skipped,position_open,open,inactive,,,,,,,,
57_upper,2023-08-21,2023-08-21 10:00:00-04:00,2023-09-18 10:00:00-04:00,2023-08-23 08:30:00-04:00,upper,skipped,position_open,open,inactive,,,,,,,,
55_upper,2023-08-17,2023-08-17 10:00:00-04:00,2023-09-14 10:00:00-04:00,2023-08-23 09:47:00-04:00,upper,skipped,simultaneous_collision,flat,inactive,,,,,,,,
54_upper,2023-08-23,2023-08-16 10:00:00-04:00,2023-09-13 10:00:00-04:00,2023-08-23 09:47:00-04:00,upper,executed,,flat,inactive,2023-08-23 09:47:00-04:00,2023-08-23 10:33:00-04:00,1945.9887154640705,1945.9887154640705,6.2999999999999545,9.449999999999932,BE,-0.0
52_upper,2023-08-14,2023-08-14 10:00:00-04:00,2023-09-11 10:00:00-04:00,2023-08-23 09:48:00-04:00,upper,skipped,position_open,open,inactive,,,,,,,,
53_upper,2023-08-15,2023-08-15 10:00:00-04:00,2023-09-12 10:00:00-04:00,2023-08-23 09:48:00-04:00,upper,skipped,position_open,open,inactive,,,,,,,,
61_upper,2023-08-25,2023-08-25 10:00:00-04:00,2023-09-22 10:00:00-04:00,2023-08-28 11:44:00-04:00,upper,skipped,blocked_time,n/a,n/a,,,,,,,,
60_upper,2023-08-24,2023-08-24 10:00:00-04:00,2023-09-21 10:00:00-04:00,2023-08-29 10:00:00-04:00,upper,skipped,simultaneous_collision,flat,inactive,,,,,,,,
62_upper,2023-08-28,2023-08-28 10:00:00-04:00,2023-09-25 10:00:00-04:00,2023-08-29 10:00:00-04:00,upper,skipped,simultaneous_collision,flat,inactive,,,,,,,,
59_upper,2023-08-29,2023-08-23 10:00:00-04:00,2023-09-20 10:00:00-04:00,2023-08-29 10:00:00-04:00,upper,executed,,flat,inactive,2023-08-29 10:00:00-04:00,2023-08-29 13:17:00-04:00,1957.9820363465744,1965.9320363465745,5.2999999999999545,7.949999999999932,SL,-7.9500000000000455
51_upper,2023-08-11,2023-08-11 10:00:00-04:00,2023-09-08 10:00:00-04:00,2023-08-29 10:29:00-04:00,upper,skipped,position_open,open,active,,,,,,,,
50_upper,2023-08-30,2023-08-10 10:00:00-04:00,2023-09-07 10:00:00-04:00,2023-08-30 07:51:00-04:00,upper,executed,,flat,inactive,2023-08-30 07:51:00-04:00,2023-08-30 08:15:00-04:00,1967.1185209062744,1969.8185209062744,1.7999999999999545,2.699999999999932,SL,-2.7000000000000455
63_upper,2023-08-29,2023-08-29 10:00:00-04:00,2023-09-26 10:00:00-04:00,2023-08-30 07:52:00-04:00,upper,skipped,position_open,open,active,,,,,,,,
49_upper,2023-08-09,2023-08-09 10:00:00-04:00,2023-09-06 10:00:00-04:00,2023-08-30 08:15:00-04:00,upper,skipped,SAL,n/a,active,,,,,,,,
48_upper,2023-08-08,2023-08-08 10:00:00-04:00,2023-09-05 10:00:00-04:00,2023-08-30 08:30:00-04:00,upper,skipped,SAL,n/a,active,,,,,,,,
64_lower,2023-09-01,2023-08-30 10:00:00-04:00,2023-09-27 10:00:00-04:00,2023-09-01 10:33:00-04:00,lower,executed,,flat,inactive,2023-09-01 10:33:00-04:00,2023-09-01 15:00:00-04:00,1961.57319713136,1967.4,12.100000000000136,18.150000000000205,cutoff,5.826802868640016
65_lower,2023-09-05,2023-08-31 10:00:00-04:00,2023-09-28 10:00:00-04:00,2023-09-05 04:37:00-04:00,lower,executed,,flat,inactive,2023-09-05 04:37:00-04:00,2023-09-05 08:25:00-04:00,1957.8655736706733,1953.665573670673,2.800000000000182,4.200000000000273,SL,-4.200000000000273
66_lower,2023-09-01,2023-09-01 10:00:00-04:00,2023-09-29 10:00:00-04:00,2023-09-05 07:29:00-04:00,lower,skipped,position_open,open,active,,,,,,,,
67_lower,2023-09-04,2023-09-04 10:00:00-04:00,2023-10-02 10:00:00-04:00,2023-09-05 08:19:00-04:00,lower,skipped,position_open,open,active,,,,,,,,
68_lower,2023-09-06,2023-09-05 10:00:00-04:00,2023-10-03 10:00:00-04:00,2023-09-06 10:28:00-04:00,lower,executed,,flat,inactive,2023-09-06 10:28:00-04:00,2023-09-06 15:00:00-04:00,1943.7766945197968,1942.5,8.5,12.75,cutoff,-1.2766945197968198
72_lower,2023-09-12,2023-09-11 10:00:00-04:00,2023-10-09 10:00:00-04:00,2023-09-12 06:35:00-04:00,lower,executed,,flat,inactive,2023-09-12 06:35:00-04:00,2023-09-12 06:35:00-04:00,1939.8467715155314,1937.5967715155314,1.5,2.25,SL,-2.25
69_lower,2023-09-06,2023-09-06 10:00:00-04:00,2023-10-04 10:00:00-04:00,2023-09-12 07:30:00-04:00,lower,skipped,SAL,n/a,active,,,,,,,,
70_lower,2023-09-07,2023-09-07 10:00:00-04:00,2023-10-05 10:00:00-04:00,2023-09-12 07:30:00-04:00,lower,skipped,SAL,n/a,active,,,,,,,,
71_lower,2023-09-08,2023-09-08 10:00:00-04:00,2023-10-06 10:00:00-04:00,2023-09-12 07:30:00-04:00,lower,skipped,SAL,n/a,active,,,,,,,,
61_lower,2023-08-25,2023-08-25 10:00:00-04:00,2023-09-22 10:00:00-04:00,2023-09-12 08:25:00-04:00,lower,skipped,SAL,n/a,active,,,,,,,,
63_lower,2023-08-29,2023-08-29 10:00:00-04:00,2023-09-26 10:00:00-04:00,2023-09-12 09:01:00-04:00,lower,skipped,SAL,n/a,active,,,,,,,,
62_lower,2023-08-28,2023-08-28 10:00:00-04:00,2023-09-25 10:00:00-04:00,2023-09-13 08:30:00-04:00,lower,skipped,simultaneous_collision,flat,inactive,,,,,,,,
60_lower,2023-09-13,2023-08-24 10:00:00-04:00,2023-09-21 10:00:00-04:00,2023-09-13 08:30:00-04:00,lower,executed,,flat,inactive,2023-09-13 08:30:00-04:00,2023-09-13 08:33:00-04:00,1929.4471784196746,1932.147178419675,1.800000000000182,2.700000000000273,TP,2.700000000000273
73_lower,2023-09-12,2023-09-12 10:00:00-04:00,2023-10-10 10:00:00-04:00,2023-09-14 08:30:00-04:00,lower,skipped,simultaneous_collision,flat,inactive,,,,,,,,
74_lower,2023-09-13,2023-09-13 10:00:00-04:00,2023-10-11 10:00:00-04:00,2023-09-14 08:30:00-04:00,lower,skipped,simultaneous_collision,flat,inactive,,,,,,,,
59_lower,2023-09-14,2023-08-23 10:00:00-04:00,2023-09-20 10:00:00-04:00,2023-09-14 08:30:00-04:00,lower,executed,,flat,inactive,2023-09-14 08:30:00-04:00,2023-09-14 08:30:00-04:00,1924.5679636534257,1921.717963653426,1.8999999999998636,2.8499999999997954,SL,-2.8499999999996817
75_upper,2023-09-15,2023-09-14 10:00:00-04:00,2023-10-12 10:00:00-04:00,2023-09-14 21:37:00-04:00,upper,executed,,flat,inactive,2023-09-14 21:37:00-04:00,2023-09-15 00:47:00-04:00,1935.7971680210956,1938.4971680210956,1.7999999999999545,2.699999999999932,SL,-2.7000000000000455
73_upper,2023-09-12,2023-09-12 10:00:00-04:00,2023-10-10 10:00:00-04:00,2023-09-15 08:07:00-04:00,upper,skipped,SAL,n/a,active,,,,,,,,
74_upper,2023-09-13,2023-09-13 10:00:00-04:00,2023-10-11 10:00:00-04:00,2023-09-15 09:24:00-04:00,upper,skipped,SAL,n/a,active,,,,,,,,
70_upper,2023-09-19,2023-09-07 10:00:00-04:00,2023-10-05 10:00:00-04:00,2023-09-19 03:53:00-04:00,upper,executed,,flat,inactive,2023-09-19 03:53:00-04:00,2023-09-19 05:19:00-04:00,1956.194419063449,1956.194419063449,1.3999999999998636,2.0999999999997954,BE,-0.0
76_upper,2023-09-19,2023-09-15 10:00:00-04:00,2023-10-13 10:00:00-04:00,2023-09-19 06:32:00-04:00,upper,executed,,flat,inactive,2023-09-19 06:32:00-04:00,2023-09-19 08:05:00-04:00,1957.705014128896,1957.705014128896,1.900000000000091,2.8500000000001364,BE,-0.0
77_upper,2023-09-19,2023-09-18 10:00:00-04:00,2023-10-16 10:00:00-04:00,2023-09-19 08:15:00-04:00,upper,executed,,flat,inactive,2023-09-19 08:15:00-04:00,2023-09-19 08:32:00-04:00,1958.4460768070069,1955.7460768070068,1.7999999999999545,2.699999999999932,TP,2.699999999999932
71_upper,2023-09-20,2023-09-08 10:00:00-04:00,2023-10-06 10:00:00-04:00,2023-09-20 09:44:00-04:00,upper,executed,,flat,inactive,2023-09-20 09:44:00-04:00,2023-09-20 12:43:00-04:00,1961.909131915143,1967.159131915143,3.5,5.25,SL,-5.25
69_upper,2023-09-06,2023-09-06 10:00:00-04:00,2023-10-04 10:00:00-04:00,2023-09-20 09:45:00-04:00,upper,skipped,position_open,open,active,,,,,,,,
72_upper,2023-09-11,2023-09-11 10:00:00-04:00,2023-10-09 10:00:00-04:00,2023-09-20 09:48:00-04:00,upper,skipped,position_open,open,active,,,,,,,,
78_upper,2023-09-19,2023-09-19 10:00:00-04:00,2023-10-17 10:00:00-04:00,2023-09-20 11:11:00-04:00,upper,skipped,blocked_time,n/a,n/a,,,,,,,,
78_lower,2023-09-21,2023-09-19 10:00:00-04:00,2023-10-17 10:00:00-04:00,2023-09-20 20:43:00-04:00,lower,executed,,flat,inactive,2023-09-20 20:43:00-04:00,2023-09-21 02:11:00-04:00,1945.708088331659,1948.8580883316588,2.099999999999909,3.1499999999998636,TP,3.1499999999998636
79_lower,2023-09-21,2023-09-20 10:00:00-04:00,2023-10-18 10:00:00-04:00,2023-09-21 07:24:00-04:00,lower,executed,,flat,inactive,2023-09-21 07:24:00-04:00,2023-09-21 08:08:00-04:00,1941.0238455760477,1937.4238455760476,2.400000000000091,3.6000000000001364,SL,-3.6000000000001364
77_lower,2023-09-18,2023-09-18 10:00:00-04:00,2023-10-16 10:00:00-04:00,2023-09-21 08:08:00-04:00,lower,skipped,SAL,n/a,active,,,,,,,,
76_lower,2023-09-15,2023-09-15 10:00:00-04:00,2023-10-13 10:00:00-04:00,2023-09-21 08:19:00-04:00,lower,skipped,SAL,n/a,active,,,,,,,,
80_upper,2023-09-22,2023-09-21 10:00:00-04:00,2023-10-19 10:00:00-04:00,2023-09-22 03:15:00-04:00,upper,executed,,flat,inactive,2023-09-22 03:15:00-04:00,2023-09-22 06:09:00-04:00,1947.272204013611,1944.572204013611,1.7999999999999545,2.699999999999932,TP,2.699999999999932
81_lower,2023-09-25,2023-09-22 10:00:00-04:00,2023-10-20 10:00:00-04:00,2023-09-25 10:20:00-04:00,lower,executed,,flat,inactive,2023-09-25 10:20:00-04:00,2023-09-25 15:00:00-04:00,1935.7920333587765,1934.9,4.300000000000182,6.450000000000273,cutoff,-0.8920333587764162
82_lower,2023-09-26,2023-09-25 10:00:00-04:00,2023-10-23 10:00:00-04:00,2023-09-25 20:57:00-04:00,lower,executed,,flat,inactive,2023-09-25 20:57:00-04:00,2023-09-25 21:01:00-04:00,1932.6170828137506,1933.6670828137508,0.7000000000000455,1.0500000000000682,TP,1.0500000000000682
80_lower,2023-09-26,2023-09-21 10:00:00-04:00,2023-10-19 10:00:00-04:00,2023-09-26 08:38:00-04:00,lower,executed,,flat,inactive,2023-09-26 08:38:00-04:00,2023-09-26 11:07:00-04:00,1926.4277959863891,1921.6277959863892,3.2000000000000455,4.800000000000068,SL,-4.7999999999999545
83_lower,2023-09-26,2023-09-26 10:00:00-04:00,2023-10-24 10:00:00-04:00,2023-09-27 01:23:00-04:00,lower,skipped,simultaneous_collision,flat,inactive,,,,,,,,
75_lower,2023-09-27,2023-09-14 10:00:00-04:00,2023-10-12 10:00:00-04:00,2023-09-27 01:23:00-04:00,lower,executed,,flat,inactive,2023-09-27 01:23:00-04:00,2023-09-27 04:22:00-04:00,1913.5028319789042,1913.5028319789042,3.6000000000001364,5.400000000000205,BE,0.0
84_lower,2023-09-27,2023-09-27 10:00:00-04:00,2023-10-25 10:00:00-04:00,2023-09-27 13:17:00-04:00,lower,skipped,blocked_time,n/a,n/a,,,,,,,,
85_lower,2023-09-28,2023-09-28 10:00:00-04:00,2023-10-26 10:00:00-04:00,2023-09-28 11:11:00-04:00,lower,skipped,blocked_time,n/a,n/a,,,,,,,,
86_lower,2023-09-29,2023-09-29 10:00:00-04:00,2023-10-27 10:00:00-04:00,2023-09-29 10:18:00-04:00,lower,executed,,flat,inactive,2023-09-29 10:18:00-04:00,2023-09-29 15:00:00-04:00,1876.8440299720444,1864.7,10.200000000000045,15.300000000000068,cutoff,-12.144029972044336
87_lower,2023-10-03,2023-10-02 10:00:00-04:00,2023-10-30 10:00:00-04:00,2023-10-02 19:20:00-04:00,lower,executed,,flat,inactive,2023-10-02 19:20:00-04:00,2023-10-02 19:39:00-04:00,1837.325991298825,1840.175991298825,1.8999999999998636,2.8499999999997954,TP,2.8499999999997954
88_lower,2023-10-06,2023-10-03 10:00:00-04:00,2023-10-31 10:00:00-04:00,2023-10-06 08:30:00-04:00,lower,executed,,flat,inactive,2023-10-06 08:30:00-04:00,2023-10-06 08:31:00-04:00,1824.164680198976,1827.6146801989757,2.2999999999999545,3.449999999999932,TP,3.449999999999932
90_upper,2023-10-05,2023-10-05 10:00:00-04:00,2023-11-02 10:00:00-04:00,2023-10-06 11:25:00-04:00,upper,skipped,blocked_time,n/a,n/a,,,,,,,,
88_upper,2023-10-03,2023-10-03 10:00:00-04:00,2023-10-31 10:00:00-04:00,2023-10-08 18:00:00-04:00,upper,skipped,no_anchor,n/a,n/a,,,,,,,,
89_upper,2023-10-04,2023-10-04 10:00:00-04:00,2023-11-01 10:00:00-04:00,2023-10-08 18:00:00-04:00,upper,skipped,no_anchor,n/a,n/a,,,,,,,,
91_upper,2023-10-06,2023-10-06 10:00:00-04:00,2023-11-03 10:00:00-04:00,2023-10-08 18:00:00-04:00,upper,skipped,no_anchor,n/a,n/a,,,,,,,,
87_upper,2023-10-02,2023-10-02 10:00:00-04:00,2023-10-30 10:00:00-04:00,2023-10-08 18:01:00-04:00,upper,skipped,no_anchor,n/a,n/a,,,,,,,,
92_upper,2023-10-09,2023-10-09 10:00:00-04:00,2023-11-06 10:00:00-05:00,2023-10-09 14:56:00-04:00,upper,skipped,blocked_time,n/a,n/a,,,,,,,,
93_upper,2023-10-11,2023-10-10 10:00:00-04:00,2023-11-07 10:00:00-05:00,2023-10-11 04:05:00-04:00,upper,executed,,flat,inactive,2023-10-11 04:05:00-04:00,2023-10-11 15:00:00-04:00,1881.9670117729024,1886.7,6.2000000000000455,9.300000000000068,cutoff,-4.732988227097621
94_upper,2023-10-12,2023-10-11 10:00:00-04:00,2023-11-08 10:00:00-05:00,2023-10-12 08:29:00-04:00,upper,executed,,flat,inactive,2023-10-12 08:29:00-04:00,2023-10-12 08:36:00-04:00,1897.4998267238252,1892.0998267238253,3.599999999999909,5.399999999999864,TP,5.399999999999864
95_upper,2023-10-13,2023-10-12 10:00:00-04:00,2023-11-09 10:00:00-05:00,2023-10-13 06:01:00-04:00,upper,executed,,flat,inactive,2023-10-13 06:01:00-04:00,2023-10-13 06:51:00-04:00,1902.5989479906514,1902.5989479906514,6.2999999999999545,9.449999999999932,BE,-0.0
86_upper,2023-10-13,2023-09-29 10:00:00-04:00,2023-10-27 10:00:00-04:00,2023-10-13 07:08:00-04:00,upper,executed,,flat,inactive,2023-10-13 07:08:00-04:00,2023-10-13 07:51:00-04:00,1904.0559700279557,1908.7059700279556,3.099999999999909,4.649999999999864,SL,-4.649999999999864
85_upper,2023-09-28,2023-09-28 10:00:00-04:00,2023-10-26 10:00:00-04:00,2023-10-13 07:20:00-04:00,upper,skipped,position_open,open,active,,,,,,,,
84_upper,2023-09-27,2023-09-27 10:00:00-04:00,2023-10-25 10:00:00-04:00,2023-10-13 08:27:00-04:00,upper,skipped,SAL,n/a,active,,,,,,,,
96_upper,2023-10-13,2023-10-13 10:00:00-04:00,2023-11-10 10:00:00-05:00,2023-10-13 11:56:00-04:00,upper,skipped,blocked_time,n/a,n/a,,,,,,,,
83_upper,2023-09-26,2023-09-26 10:00:00-04:00,2023-10-24 10:00:00-04:00,2023-10-13 12:00:00-04:00,upper,skipped,blocked_time,n/a,n/a,,,,,,,,
97_upper,2023-10-18,2023-10-16 10:00:00-04:00,2023-11-13 10:00:00-05:00,2023-10-17 21:28:00-04:00,upper,executed,,flat,inactive,2023-10-17 21:28:00-04:00,2023-10-18 05:33:00-04:00,1948.310393062572,1956.4103930625722,5.400000000000091,8.100000000000136,SL,-8.100000000000136
82_upper,2023-09-25,2023-09-25 10:00:00-04:00,2023-10-23 10:00:00-04:00,2023-10-17 22:06:00-04:00,upper,skipped,position_open,open,active,,,,,,,,
81_upper,2023-09-22,2023-09-22 10:00:00-04:00,2023-10-20 10:00:00-04:00,2023-10-18 05:33:00-04:00,upper,skipped,SAL,n/a,active,,,,,,,,
98_upper,2023-10-17,2023-10-17 10:00:00-04:00,2023-11-14 10:00:00-05:00,2023-10-18 05:33:00-04:00,upper,skipped,SAL,n/a,active,,,,,,,,
79_upper,2023-09-20,2023-09-20 10:00:00-04:00,2023-10-18 10:00:00-04:00,2023-10-18 09:39:00-04:00,upper,skipped,SAL,n/a,active,,,,,,,,
100_upper,2023-10-19,2023-10-19 10:00:00-04:00,2023-11-16 10:00:00-05:00,2023-10-19 13:21:00-04:00,upper,skipped,blocked_time,n/a,n/a,,,,,,,,
99_upper,2023-10-18,2023-10-18 10:00:00-04:00,2023-11-15 10:00:00-05:00,2023-10-19 14:04:00-04:00,upper,skipped,blocked_time,n/a,n/a,,,,,,,,
101_lower,2023-10-24,2023-10-20 10:00:00-04:00,2023-11-17 10:00:00-05:00,2023-10-24 07:00:00-04:00,lower,executed,,flat,inactive,2023-10-24 07:00:00-04:00,2023-10-24 11:54:00-04:00,1969.904037302874,1979.804037302874,6.599999999999909,9.899999999999864,TP,9.899999999999864
102_lower,2023-10-23,2023-10-23 10:00:00-04:00,2023-11-20 10:00:00-05:00,2023-10-24 07:04:00-04:00,lower,skipped,position_open,open,inactive,,,,,,,,
103_upper,2023-10-25,2023-10-24 10:00:00-04:00,2023-11-21 10:00:00-05:00,2023-10-25 09:31:00-04:00,upper,executed,,flat,inactive,2023-10-25 09:31:00-04:00,2023-10-25 09:53:00-04:00,1991.0787129776763,1997.9787129776762,4.599999999999909,6.899999999999864,SL,-6.899999999999864
105_upper,2023-10-26,2023-10-26 10:00:00-04:00,2023-11-23 10:00:00-05:00,2023-10-27 13:39:00-04:00,upper,skipped,blocked_time,n/a,n/a,,,,,,,,
102_upper,2023-10-23,2023-10-23 10:00:00-04:00,2023-11-20 10:00:00-05:00,2023-10-27 14:02:00-04:00,upper,skipped,blocked_time,n/a,n/a,,,,,,,,
106_upper,2023-10-27,2023-10-27 10:00:00-04:00,2023-11-24 10:00:00-05:00,2023-10-27 14:03:00-04:00,upper,skipped,blocked_time,n/a,n/a,,,,,,,,
104_upper,2023-10-25,2023-10-25 10:00:00-04:00,2023-11-22 10:00:00-05:00,2023-10-27 14:06:00-04:00,upper,skipped,blocked_time,n/a,n/a,,,,,,,,
101_upper,2023-10-20,2023-10-20 10:00:00-04:00,2023-11-17 10:00:00-05:00,2023-10-27 14:15:00-04:00,upper,skipped,blocked_time,n/a,n/a,,,,,,,,
107_lower,2023-10-30,2023-10-30 10:00:00-04:00,2023-11-27 10:00:00-05:00,2023-10-31 13:25:00-04:00,lower,skipped,blocked_time,n/a,n/a,,,,,,,,
108_lower,2023-10-31,2023-10-31 10:00:00-04:00,2023-11-28 10:00:00-05:00,2023-10-31 14:34:00-04:00,lower,skipped,blocked_time,n/a,n/a,,,,,,,,
110_upper,2023-11-03,2023-11-02 10:00:00-04:00,2023-11-30 10:00:00-05:00,2023-11-03 08:32:00-04:00,upper,executed,,flat,inactive,2023-11-03 08:32:00-04:00,2023-11-03 08:36:00-04:00,2007.7058697019422,2010.4058697019423,1.7999999999999545,2.699999999999932,SL,-2.7000000000000455
112_lower,2023-11-07,2023-11-06 10:00:00-05:00,2023-12-04 10:00:00-05:00,2023-11-06 21:39:00-05:00,lower,executed,,flat,inactive,2023-11-06 21:39:00-05:00,2023-11-07 02:00:00-05:00,1980.4695654626405,1977.3195654626406,2.099999999999909,3.1499999999998636,SL,-3.1499999999998636
111_lower,2023-11-03,2023-11-03 10:00:00-04:00,2023-12-01 10:00:00-05:00,2023-11-06 22:02:00-05:00,lower,skipped,position_open,open,active,,,,,,,,
110_lower,2023-11-02,2023-11-02 10:00:00-04:00,2023-11-30 10:00:00-05:00,2023-11-06 23:27:00-05:00,lower,skipped,position_open,open,active,,,,,,,,
106_lower,2023-10-27,2023-10-27 10:00:00-04:00,2023-11-24 10:00:00-05:00,2023-11-07 02:10:00-05:00,lower,skipped,SAL,n/a,active,,,,,,,,
105_lower,2023-10-26,2023-10-26 10:00:00-04:00,2023-11-23 10:00:00-05:00,2023-11-07 03:55:00-05:00,lower,skipped,SAL,n/a,active,,,,,,,,
104_lower,2023-10-25,2023-10-25 10:00:00-04:00,2023-11-22 10:00:00-05:00,2023-11-07 04:03:00-05:00,lower,skipped,SAL,n/a,active,,,,,,,,
109_lower,2023-11-01,2023-11-01 10:00:00-04:00,2023-11-29 10:00:00-05:00,2023-11-07 04:03:00-05:00,lower,skipped,SAL,n/a,active,,,,,,,,
103_lower,2023-11-08,2023-10-24 10:00:00-04:00,2023-11-21 10:00:00-05:00,2023-11-08 10:42:00-05:00,lower,executed,,flat,inactive,2023-11-08 10:42:00-05:00,2023-11-08 13:35:00-05:00,1956.8712870223237,1956.8712870223237,6.899999999999864,10.349999999999795,BE,0.0
113_lower,2023-11-07,2023-11-07 10:00:00-05:00,2023-12-05 10:00:00-05:00,2023-11-08 14:05:00-05:00,lower,skipped,blocked_time,n/a,n/a,,,,,,,,
114_lower,2023-11-08,2023-11-08 10:00:00-05:00,2023-12-06 10:00:00-05:00,2023-11-08 14:25:00-05:00,lower,skipped,blocked_time,n/a,n/a,,,,,,,,
100_lower,2023-11-10,2023-10-19 10:00:00-04:00,2023-11-16 10:00:00-05:00,2023-11-10 08:24:00-05:00,lower,executed,,flat,inactive,2023-11-10 08:24:00-05:00,2023-11-10 09:54:00-05:00,1947.4666643845314,1947.4666643845314,6.0,9.0,BE,0.0
99_lower,2023-11-10,2023-10-18 10:00:00-04:00,2023-11-15 10:00:00-05:00,2023-11-10 10:00:00-05:00,lower,executed,,flat,inactive,2023-11-10 10:00:00-05:00,2023-11-10 10:47:00-05:00,1945.3131488345073,1945.3131488345073,6.599999999999909,9.899999999999864,BE,0.0
115_lower,2023-11-09,2023-11-09 10:00:00-05:00,2023-12-07 10:00:00-05:00,2023-11-10 11:22:00-05:00,lower,skipped,blocked_time,n/a,n/a,,,,,,,,
117_upper,2023-11-13,2023-11-13 10:00:00-05:00,2023-12-11 10:00:00-05:00,2023-11-13 12:22:00-05:00,upper,skipped,blocked_time,n/a,n/a,,,,,,,,
116_upper,2023-11-14,2023-11-10 10:00:00-05:00,2023-12-08 10:00:00-05:00,2023-11-14 09:19:00-05:00,upper,executed,,flat,inactive,2023-11-14 09:19:00-05:00,2023-11-14 15:00:00-05:00,1964.892334923492,1967.6,25.600000000000136,38.400000000000205,cutoff,-2.707665076507965
115_upper,2023-11-09,2023-11-09 10:00:00-05:00,2023-12-07 10:00:00-05:00,2023-11-14 09:39:00-05:00,upper,skipped,position_open,open,active,,,,,,,,
114_upper,2023-11-16,2023-11-08 10:00:00-05:00,2023-12-06 10:00:00-05:00,2023-11-16 09:42:00-05:00,upper,executed,,flat,inactive,2023-11-16 09:42:00-05:00,2023-11-16 15:00:00-05:00,1980.2253885176124,1986.8,9.599999999999909,14.399999999999864,cutoff,-6.574611482387581
119_upper,2023-11-15,2023-11-15 10:00:00-05:00,2023-12-13 10:00:00-05:00,2023-11-16 09:43:00-05:00,upper,skipped,position_open,open,active,,,,,,,,
113_upper,2023-11-07,2023-11-07 10:00:00-05:00,2023-12-05 10:00:00-05:00,2023-11-16 09:49:00-05:00,upper,skipped,position_open,open,active,,,,,,,,
118_upper,2023-11-14,2023-11-14 10:00:00-05:00,2023-12-12 10:00:00-05:00,2023-11-16 09:49:00-05:00,upper,skipped,position_open,open,active,,,,,,,,
120_upper,2023-11-17,2023-11-16 10:00:00-05:00,2023-12-14 10:00:00-05:00,2023-11-17 04:41:00-05:00,upper,executed,,flat,inactive,2023-11-17 04:41:00-05:00,2023-11-17 08:44:00-05:00,1995.0126101292408,1987.8126101292405,4.800000000000182,7.200000000000273,TP,7.200000000000273
121_lower,2023-11-20,2023-11-17 10:00:00-05:00,2023-12-15 10:00:00-05:00,2023-11-20 08:33:00-05:00,lower,executed,,flat,inactive,2023-11-20 08:33:00-05:00,2023-11-20 09:30:00-05:00,1971.8917080510275,1967.2417080510277,3.099999999999909,4.649999999999864,SL,-4.649999999999864
122_upper,2023-11-21,2023-11-20 10:00:00-05:00,2023-12-18 10:00:00-05:00,2023-11-20 19:27:00-05:00,upper,executed,,flat,inactive,2023-11-20 19:27:00-05:00,2023-11-20 20:16:00-05:00,1984.5248703577124,1989.9248703577123,3.599999999999909,5.399999999999864,SL,-5.399999999999864
121_upper,2023-11-17,2023-11-17 10:00:00-05:00,2023-12-15 10:00:00-05:00,2023-11-21 08:30:00-05:00,upper,skipped,SAL,n/a,active,,,,,,,,
112_upper,2023-11-06,2023-11-06 10:00:00-05:00,2023-12-04 10:00:00-05:00,2023-11-21 09:30:00-05:00,upper,skipped,SAL,n/a,active,,,,,,,,
123_lower,2023-11-21,2023-11-21 10:00:00-05:00,2023-12-19 10:00:00-05:00,2023-11-22 12:06:00-05:00,lower,skipped,blocked_time,n/a,n/a,,,,,,,,
124_lower,2023-11-22,2023-11-22 10:00:00-05:00,2023-12-20 10:00:00-05:00,2023-11-22 13:48:00-05:00,lower,skipped,blocked_time,n/a,n/a,,,,,,,,
125_upper,2023-11-27,2023-11-23 10:00:00-05:00,2023-12-21 10:00:00-05:00,2023-11-26 20:03:00-05:00,upper,executed,,flat,inactive,2023-11-26 20:03:00-05:00,2023-11-26 20:17:00-05:00,2005.1535060672786,2008.6035060672784,2.2999999999999545,3.449999999999932,SL,-3.449999999999818
126_upper,2023-11-24,2023-11-24 10:00:00-05:00,2023-12-22 10:00:00-05:00,2023-11-26 20:26:00-05:00,upper,skipped,SAL,n/a,active,,,,,,,,
109_upper,2023-11-01,2023-11-01 10:00:00-04:00,2023-11-29 10:00:00-05:00,2023-11-26 20:27:00-05:00,upper,skipped,SAL,n/a,active,,,,,,,,
111_upper,2023-11-03,2023-11-03 10:00:00-04:00,2023-12-01 10:00:00-05:00,2023-11-26 20:27:00-05:00,upper,skipped,SAL,n/a,active,,,,,,,,
123_upper,2023-11-21,2023-11-21 10:00:00-05:00,2023-12-19 10:00:00-05:00,2023-11-26 20:27:00-05:00,upper,skipped,SAL,n/a,active,,,,,,,,
124_upper,2023-11-22,2023-11-22 10:00:00-05:00,2023-12-20 10:00:00-05:00,2023-11-26 20:27:00-05:00,upper,skipped,SAL,n/a,active,,,,,,,,
127_upper,2023-11-27,2023-11-27 10:00:00-05:00,2023-12-26 10:00:00-05:00,2023-11-27 19:00:00-05:00,upper,skipped,simultaneous_collision,flat,inactive,,,,,,,,
108_upper,2023-11-28,2023-10-31 10:00:00-04:00,2023-11-28 10:00:00-05:00,2023-11-27 19:00:00-05:00,upper,executed,,flat,inactive,2023-11-27 19:00:00-05:00,2023-11-27 20:29:00-05:00,2037.3,2034.4499999999998,1.900000000000091,2.8500000000001364,TP,2.8500000000001364
128_upper,2023-11-28,2023-11-28 10:00:00-05:00,2023-12-27 10:00:00-05:00,2023-11-28 11:46:00-05:00,upper,skipped,blocked_time,n/a,n/a,,,,,,,,
130_upper,2023-12-01,2023-11-30 10:00:00-05:00,2023-12-29 10:00:00-05:00,2023-12-01 10:22:00-05:00,upper,executed,,flat,inactive,2023-12-01 10:22:00-05:00,2023-12-01 11:09:00-05:00,2071.8698840458974,2071.8698840458974,8.599999999999909,12.899999999999864,BE,-0.0
131_upper,2023-12-01,2023-12-01 10:00:00-05:00,2024-01-02 10:00:00-05:00,2023-12-01 11:13:00-05:00,upper,skipped,blocked_time,n/a,n/a,,,,,,,,
129_upper,2023-11-29,2023-11-29 10:00:00-05:00,2023-12-28 10:00:00-05:00,2023-12-01 11:46:00-05:00,upper,skipped,blocked_time,n/a,n/a,,,,,,,,
132_lower,2023-12-04,2023-12-04 10:00:00-05:00,2024-01-03 10:00:00-05:00,2023-12-04 10:26:00-05:00,lower,skipped,simultaneous_collision,flat,inactive,,,,,,,,
129_lower,2023-12-04,2023-11-29 10:00:00-05:00,2023-12-28 10:00:00-05:00,2023-12-04 10:26:00-05:00,lower,executed,,flat,inactive,2023-12-04 10:26:00-05:00,2023-12-04 15:00:00-05:00,2047.1503100759774,2049.7,15.599999999999909,23.399999999999864,cutoff,2.5496899240224593
130_lower,2023-11-30,2023-11-30 10:00:00-05:00,2023-12-29 10:00:00-05:00,2023-12-04 10:37:00-05:00,lower,skipped,position_open,open,inactive,,,,,,,,
131_lower,2023-12-01,2023-12-01 10:00:00-05:00,2024-01-02 10:00:00-05:00,2023-12-04 10:37:00-05:00,lower,skipped,position_open,open,inactive,,,,,,,,
128_lower,2023-12-05,2023-11-28 10:00:00-05:00,2023-12-27 10:00:00-05:00,2023-12-05 10:35:00-05:00,lower,executed,,flat,inactive,2023-12-05 10:35:00-05:00,2023-12-05 15:00:00-05:00,2033.16889772121,2038.1,14.900000000000091,22.350000000000136,cutoff,4.931102278789922
135_lower,2023-12-07,2023-12-07 10:00:00-05:00,2024-01-08 10:00:00-05:00,2023-12-08 09:04:00-05:00,lower,skipped,simultaneous_collision,flat,inactive,,,,,,,,
134_lower,2023-12-08,2023-12-06 10:00:00-05:00,2024-01-05 10:00:00-05:00,2023-12-08 09:04:00-05:00,lower,executed,,flat,inactive,2023-12-08 09:04:00-05:00,2023-12-08 15:00:00-05:00,2030.1722866006228,2016.0,17.59999999999991,26.399999999999864,cutoff,-14.172286600622783
133_lower,2023-12-05,2023-12-05 10:00:00-05:00,2024-01-04 10:00:00-05:00,2023-12-08 09:23:00-05:00,lower,skipped,position_open,open,active,,,,,,,,
136_lower,2023-12-11,2023-12-08 10:00:00-05:00,2024-01-09 10:00:00-05:00,2023-12-11 08:51:00-05:00,lower,executed,,flat,inactive,2023-12-11 08:51:00-05:00,2023-12-11 10:02:00-05:00,2006.0445530714817,2001.6945530714816,2.900000000000091,4.350000000000136,SL,-4.350000000000136
127_lower,2023-11-27,2023-11-27 10:00:00-05:00,2023-12-26 10:00:00-05:00,2023-12-11 10:02:00-05:00,lower,skipped,SAL,n/a,active,,,,,,,,
137_lower,2023-12-11,2023-12-11 10:00:00-05:00,2024-01-10 10:00:00-05:00,2023-12-11 12:55:00-05:00,lower,skipped,blocked_time,n/a,n/a,,,,,,,,
126_lower,2023-12-13,2023-11-24 10:00:00-05:00,2023-12-22 10:00:00-05:00,2023-12-13 01:23:00-05:00,lower,executed,,flat,inactive,2023-12-13 01:23:00-05:00,2023-12-13 02:17:00-05:00,1989.7572878669184,1991.8572878669186,1.400000000000091,2.1000000000001364,TP,2.1000000000001364
139_upper,2023-12-13,2023-12-13 10:00:00-05:00,2024-01-12 10:00:00-05:00,2023-12-13 14:01:00-05:00,upper,skipped,blocked_time,n/a,n/a,,,,,,,,
138_upper,2023-12-12,2023-12-12 10:00:00-05:00,2024-01-11 10:00:00-05:00,2023-12-13 14:03:00-05:00,upper,skipped,blocked_time,n/a,n/a,,,,,,,,
137_upper,2023-12-11,2023-12-11 10:00:00-05:00,2024-01-10 10:00:00-05:00,2023-12-13 14:12:00-05:00,upper,skipped,blocked_time,n/a,n/a,,,,,,,,
136_upper,2023-12-08,2023-12-08 10:00:00-05:00,2024-01-09 10:00:00-05:00,2023-12-13 16:07:00-05:00,upper,skipped,no_cutoff,n/a,n/a,,,,,,,,
133_upper,2023-12-14,2023-12-05 10:00:00-05:00,2024-01-04 10:00:00-05:00,2023-12-14 09:35:00-05:00,upper,executed,,flat,inactive,2023-12-14 09:35:00-05:00,2023-12-14 10:21:00-05:00,2060.377621995199,2060.377621995199,11.900000000000091,17.850000000000136,BE,-0.0
140_lower,2023-12-14,2023-12-14 10:00:00-05:00,2024-01-15 10:00:00-05:00,2023-12-15 13:20:00-05:00,lower,skipped,blocked_time,n/a,n/a,,,,,,,,
141_lower,2023-12-15,2023-12-15 10:00:00-05:00,2024-01-16 10:00:00-05:00,2023-12-15 13:28:00-05:00,lower,skipped,blocked_time,n/a,n/a,,,,,,,,
142_upper,2023-12-19,2023-12-18 10:00:00-05:00,2024-01-17 10:00:00-05:00,2023-12-19 09:42:00-05:00,upper,executed,,flat,inactive,2023-12-19 09:42:00-05:00,2023-12-19 10:04:00-05:00,2050.0085896730675,2056.3085896730677,4.2000000000000455,6.300000000000068,SL,-6.300000000000182
141_upper,2023-12-15,2023-12-15 10:00:00-05:00,2024-01-16 10:00:00-05:00,2023-12-21 18:00:00-05:00,upper,skipped,no_anchor,n/a,n/a,,,,,,,,
144_upper,2023-12-20,2023-12-20 10:00:00-05:00,2024-01-19 10:00:00-05:00,2023-12-21 18:42:00-05:00,upper,skipped,no_anchor,n/a,n/a,,,,,,,,
134_upper,2023-12-06,2023-12-06 10:00:00-05:00,2024-01-05 10:00:00-05:00,2023-12-21 18:47:00-05:00,upper,skipped,no_anchor,n/a,n/a,,,,,,,,
143_upper,2023-12-19,2023-12-19 10:00:00-05:00,2024-01-18 10:00:00-05:00,2023-12-21 18:47:00-05:00,upper,skipped,no_anchor,n/a,n/a,,,,,,,,
135_upper,2023-12-22,2023-12-07 10:00:00-05:00,2024-01-08 10:00:00-05:00,2023-12-22 05:18:00-05:00,upper,executed,,flat,inactive,2023-12-22 05:18:00-05:00,2023-12-22 06:24:00-05:00,2066.988489852717,2071.788489852717,3.199999999999818,4.799999999999727,SL,-4.799999999999727
145_upper,2023-12-21,2023-12-21 10:00:00-05:00,2024-01-22 10:00:00-05:00,2023-12-22 05:26:00-05:00,upper,skipped,position_open,open,active,,,,,,,,
140_upper,2023-12-14,2023-12-14 10:00:00-05:00,2024-01-15 10:00:00-05:00,2023-12-22 06:26:00-05:00,upper,skipped,SAL,n/a,active,,,,,,,,
146_lower,2023-12-22,2023-12-22 10:00:00-05:00,2024-01-23 10:00:00-05:00,2023-12-22 11:48:00-05:00,lower,skipped,blocked_time,n/a,n/a,,,,,,,,
132_upper,2023-12-27,2023-12-04 10:00:00-05:00,2024-01-03 10:00:00-05:00,2023-12-27 10:13:00-05:00,upper,executed,,flat,inactive,2023-12-27 10:13:00-05:00,2023-12-27 10:39:00-05:00,2084.288501730902,2093.7385017309016,6.299999999999727,9.44999999999959,SL,-9.449999999999363
147_upper,2023-12-26,2023-12-26 10:00:00-05:00,2024-01-24 10:00:00-05:00,2023-12-27 10:27:00-05:00,upper,skipped,position_open,open,active,,,,,,,,
146_upper,2023-12-22,2023-12-22 10:00:00-05:00,2024-01-23 10:00:00-05:00,2023-12-27 13:02:00-05:00,upper,skipped,blocked_time,n/a,n/a,,,,,,,,
148_upper,2023-12-28,2023-12-27 10:00:00-05:00,2024-01-25 10:00:00-05:00,2023-12-27 20:54:00-05:00,upper,executed,,flat,inactive,2023-12-27 20:54:00-05:00,2023-12-27 21:55:00-05:00,2096.9132940490704,2096.9132940490704,1.900000000000091,2.8500000000001364,BE,-0.0
149_lower,2023-12-29,2023-12-28 10:00:00-05:00,2024-01-26 10:00:00-05:00,2023-12-29 08:56:00-05:00,lower,executed,,flat,inactive,2023-12-29 08:56:00-05:00,2023-12-29 10:33:00-05:00,2068.186978629394,2074.6369786293935,4.299999999999727,6.449999999999591,TP,6.449999999999591
150_upper,2024-01-02,2023-12-29 10:00:00-05:00,2024-01-29 10:00:00-05:00,2024-01-02 04:38:00-05:00,upper,executed,,flat,inactive,2024-01-02 04:38:00-05:00,2024-01-02 05:18:00-05:00,2087.4166272398566,2083.2166272398563,2.800000000000182,4.200000000000273,TP,4.200000000000273
148_lower,2024-01-02,2023-12-27 10:00:00-05:00,2024-01-25 10:00:00-05:00,2024-01-02 10:37:00-05:00,lower,executed,,flat,inactive,2024-01-02 10:37:00-05:00,2024-01-02 15:00:00-05:00,2064.4367059509295,2069.7,8.400000000000091,12.600000000000136,cutoff,5.263294049070282
151_lower,2024-01-03,2024-01-02 10:00:00-05:00,2024-01-30 10:00:00-05:00,2024-01-03 06:41:00-05:00,lower,executed,,flat,inactive,2024-01-03 06:41:00-05:00,2024-01-03 07:27:00-05:00,2057.0526376542703,2049.85263765427,4.800000000000182,7.200000000000273,SL,-7.200000000000273
147_lower,2023-12-26,2023-12-26 10:00:00-05:00,2024-01-24 10:00:00-05:00,2024-01-03 07:04:00-05:00,lower,skipped,position_open,open,active,,,,,,,,
150_lower,2023-12-29,2023-12-29 10:00:00-05:00,2024-01-29 10:00:00-05:00,2024-01-03 07:04:00-05:00,lower,skipped,position_open,open,active,,,,,,,,
145_lower,2023-12-21,2023-12-21 10:00:00-05:00,2024-01-22 10:00:00-05:00,2024-01-03 09:36:00-05:00,lower,skipped,SAL,n/a,active,,,,,,,,
144_lower,2024-01-05,2023-12-20 10:00:00-05:00,2024-01-19 10:00:00-05:00,2024-01-05 08:30:00-05:00,lower,executed,,flat,inactive,2024-01-05 08:30:00-05:00,2024-01-05 08:31:00-05:00,2035.6499741714147,2031.7499741714146,2.6000000000001364,3.9000000000002046,SL,-3.900000000000091
153_lower,2024-01-04,2024-01-04 10:00:00-05:00,2024-02-01 10:00:00-05:00,2024-01-05 08:31:00-05:00,lower,skipped,SAL,n/a,active,,,,,,,,
153_upper,2024-01-04,2024-01-04 10:00:00-05:00,2024-02-01 10:00:00-05:00,2024-01-05 10:00:00-05:00,upper,skipped,SAL,n/a,active,,,,,,,,
152_upper,2024-01-03,2024-01-03 10:00:00-05:00,2024-01-31 10:00:00-05:00,2024-01-05 10:09:00-05:00,upper,skipped,SAL,n/a,active,,,,,,,,
154_lower,2024-01-08,2024-01-05 10:00:00-05:00,2024-02-02 10:00:00-05:00,2024-01-08 00:39:00-05:00,lower,executed,,flat,inactive,2024-01-08 00:39:00-05:00,2024-01-08 01:00:00-05:00,2034.103283329322,2037.4032833293222,2.2000000000000455,3.300000000000068,TP,3.300000000000068
143_lower,2023-12-19,2023-12-19 10:00:00-05:00,2024-01-18 10:00:00-05:00,2024-01-08 06:18:00-05:00,lower,skipped,simultaneous_collision,flat,inactive,,,,,,,,
152_lower,2024-01-03,2024-01-03 10:00:00-05:00,2024-01-31 10:00:00-05:00,2024-01-08 06:18:00-05:00,lower,skipped,simultaneous_collision,flat,inactive,,,,,,,,
142_lower,2024-01-08,2023-12-18 10:00:00-05:00,2024-01-17 10:00:00-05:00,2024-01-08 06:18:00-05:00,lower,executed,,flat,inactive,2024-01-08 06:18:00-05:00,2024-01-08 06:19:00-05:00,2024.3414103269326,2028.0914103269326,2.5,3.75,TP,3.75
155_upper,2024-01-09,2024-01-08 10:00:00-05:00,2024-02-05 10:00:00-05:00,2024-01-09 05:25:00-05:00,upper,executed,,flat,inactive,2024-01-09 05:25:00-05:00,2024-01-09 08:24:00-05:00,2044.3343729744136,2038.6343729744135,3.7999999999999545,5.699999999999932,TP,5.699999999999932
156_lower,2024-01-10,2024-01-09 10:00:00-05:00,2024-02-06 10:00:00-05:00,2024-01-10 01:53:00-05:00,lower,executed,,flat,inactive,2024-01-10 01:53:00-05:00,2024-01-10 02:42:00-05:00,2029.565950712053,2036.765950712053,4.7999999999999545,7.199999999999932,TP,7.199999999999932
157_upper,2024-01-10,2024-01-10 10:00:00-05:00,2024-02-07 10:00:00-05:00,2024-01-11 08:30:00-05:00,upper,skipped,simultaneous_collision,flat,inactive,,,,,,,,
156_upper,2024-01-11,2024-01-09 10:00:00-05:00,2024-02-06 10:00:00-05:00,2024-01-11 08:30:00-05:00,upper,executed,,flat,inactive,2024-01-11 08:30:00-05:00,2024-01-11 08:31:00-05:00,2054.934049287947,2049.684049287947,3.5,5.25,TP,5.25
157_lower,2024-01-10,2024-01-10 10:00:00-05:00,2024-02-07 10:00:00-05:00,2024-01-11 11:26:00-05:00,lower,skipped,blocked_time,n/a,n/a,,,,,,,,
158_lower,2024-01-11,2024-01-11 10:00:00-05:00,2024-02-08 10:00:00-05:00,2024-01-11 11:36:00-05:00,lower,skipped,blocked_time,n/a,n/a,,,,,,,,
158_upper,2024-01-12,2024-01-11 10:00:00-05:00,2024-02-08 10:00:00-05:00,2024-01-12 05:58:00-05:00,upper,executed,,flat,inactive,2024-01-12 05:58:00-05:00,2024-01-12 07:03:00-05:00,2050.2799314699996,2053.7299314699994,2.2999999999999545,3.449999999999932,SL,-3.449999999999818
159_lower,2024-01-12,2024-01-12 10:00:00-05:00,2024-02-09 10:00:00-05:00,2024-01-12 12:15:00-05:00,lower,skipped,blocked_time,n/a,n/a,,,,,,,,
160_lower,2024-01-16,2024-01-15 10:00:00-05:00,2024-02-12 10:00:00-05:00,2024-01-16 04:06:00-05:00,lower,executed,,flat,inactive,2024-01-16 04:06:00-05:00,2024-01-16 12:06:00-05:00,2045.1017999584114,2032.8017999584113,8.200000000000045,12.300000000000068,SL,-12.300000000000182
161_lower,2024-01-16,2024-01-16 10:00:00-05:00,2024-02-13 10:00:00-05:00,2024-01-16 12:07:00-05:00,lower,skipped,blocked_time,n/a,n/a,,,,,,,,
155_lower,2024-01-17,2024-01-08 10:00:00-05:00,2024-02-05 10:00:00-05:00,2024-01-17 10:29:00-05:00,lower,executed,,flat,inactive,2024-01-17 10:29:00-05:00,2024-01-17 11:21:00-05:00,2011.8656270255863,2011.8656270255863,11.900000000000091,17.850000000000136,BE,0.0
163_upper,2024-01-18,2024-01-18 10:00:00-05:00,2024-02-15 10:00:00-05:00,2024-01-18 18:00:00-05:00,upper,skipped,no_anchor,n/a,n/a,,,,,,,,
162_upper,2024-01-19,2024-01-17 10:00:00-05:00,2024-02-14 10:00:00-05:00,2024-01-19 08:32:00-05:00,upper,executed,,flat,inactive,2024-01-19 08:32:00-05:00,2024-01-19 09:08:00-05:00,2041.3921097700556,2035.8421097700557,3.7000000000000455,5.550000000000068,TP,5.550000000000068
164_lower,2024-01-22,2024-01-19 10:00:00-05:00,2024-02-16 10:00:00-05:00,2024-01-22 09:44:00-05:00,lower,executed,,flat,inactive,2024-01-22 09:44:00-05:00,2024-01-22 15:00:00-05:00,2018.5405074384753,2022.1,8.700000000000045,13.050000000000068,cutoff,3.559492561524621
165_upper,2024-01-23,2024-01-22 10:00:00-05:00,2024-02-19 10:00:00-05:00,2024-01-23 02:02:00-05:00,upper,executed,,flat,inactive,2024-01-23 02:02:00-05:00,2024-01-23 05:45:00-05:00,2037.655595292988,2027.005595292988,7.100000000000136,10.650000000000205,TP,10.650000000000205
166_upper,2024-01-24,2024-01-23 10:00:00-05:00,2024-02-20 10:00:00-05:00,2024-01-24 08:06:00-05:00,upper,executed,,flat,inactive,2024-01-24 08:06:00-05:00,2024-01-24 08:37:00-05:00,2036.8815212108245,2032.3815212108245,3.0,4.5,TP,4.5
167_lower,2024-01-24,2024-01-24 10:00:00-05:00,2024-02-21 10:00:00-05:00,2024-01-24 11:06:00-05:00,lower,skipped,blocked_time,n/a,n/a,,,,,,,,
166_lower,2024-01-23,2024-01-23 10:00:00-05:00,2024-02-20 10:00:00-05:00,2024-01-24 14:25:00-05:00,lower,skipped,blocked_time,n/a,n/a,,,,,,,,
165_lower,2024-01-25,2024-01-22 10:00:00-05:00,2024-02-19 10:00:00-05:00,2024-01-25 08:30:00-05:00,lower,executed,,flat,inactive,2024-01-25 08:30:00-05:00,2024-01-25 08:31:00-05:00,2006.2944047070123,2012.744404707012,4.2999999999999545,6.449999999999932,TP,6.449999999999932
169_upper,2024-01-26,2024-01-26 10:00:00-05:00,2024-02-23 10:00:00-05:00,2024-01-28 19:00:00-05:00,upper,skipped,simultaneous_collision,flat,inactive,,,,,,,,
168_upper,2024-01-29,2024-01-25 10:00:00-05:00,2024-02-22 10:00:00-05:00,2024-01-28 19:00:00-05:00,upper,executed,,flat,inactive,2024-01-28 19:00:00-05:00,2024-01-28 19:47:00-05:00,2039.7,2039.7,7.900000000000091,11.850000000000136,BE,-0.0
164_upper,2024-01-29,2024-01-19 10:00:00-05:00,2024-02-16 10:00:00-05:00,2024-01-29 02:04:00-05:00,upper,executed,,flat,inactive,2024-01-29 02:04:00-05:00,2024-01-29 08:43:00-05:00,2047.8094925615246,2054.109492561525,4.2000000000000455,6.300000000000068,SL,-6.300000000000182
167_upper,2024-01-24,2024-01-24 10:00:00-05:00,2024-02-21 10:00:00-05:00,2024-01-29 02:08:00-05:00,upper,skipped,position_open,open,active,,,,,,,,
161_upper,2024-01-30,2024-01-16 10:00:00-05:00,2024-02-13 10:00:00-05:00,2024-01-30 02:35:00-05:00,upper,executed,,flat,inactive,2024-01-30 02:35:00-05:00,2024-01-30 06:17:00-05:00,2058.3958487210316,2052.3958487210316,4.0,6.0,TP,6.0
170_upper,2024-01-30,2024-01-29 10:00:00-05:00,2024-02-26 10:00:00-05:00,2024-01-30 09:25:00-05:00,upper,executed,,flat,inactive,2024-01-30 09:25:00-05:00,2024-01-30 10:05:00-05:00,2066.042739525623,2058.992739525623,4.699999999999818,7.049999999999727,TP,7.049999999999727
160_upper,2024-01-15,2024-01-15 10:00:00-05:00,2024-02-12 10:00:00-05:00,2024-01-30 10:00:00-05:00,upper,skipped,position_open,open,inactive,,,,,,,,
171_lower,2024-01-30,2024-01-30 10:00:00-05:00,2024-02-27 10:00:00-05:00,2024-01-30 10:22:00-05:00,lower,executed,,flat,inactive,2024-01-30 10:22:00-05:00,2024-01-30 15:00:00-05:00,2048.552198199633,2054.4,11.699999999999818,17.549999999999727,cutoff,5.847801800367051
172_lower,2024-02-01,2024-01-31 10:00:00-05:00,2024-02-28 10:00:00-05:00,2024-02-01 06:09:00-05:00,lower,executed,,flat,inactive,2024-02-01 06:09:00-05:00,2024-02-01 07:20:00-05:00,2047.3893799822094,2047.3893799822094,10.900000000000091,16.350000000000136,BE,0.0
154_upper,2024-01-05,2024-01-05 10:00:00-05:00,2024-02-02 10:00:00-05:00,2024-02-01 11:10:00-05:00,upper,skipped,blocked_time,n/a,n/a,,,,,,,,
159_upper,2024-01-12,2024-01-12 10:00:00-05:00,2024-02-09 10:00:00-05:00,2024-02-01 11:15:00-05:00,upper,skipped,blocked_time,n/a,n/a,,,,,,,,
171_upper,2024-01-30,2024-01-30 10:00:00-05:00,2024-02-27 10:00:00-05:00,2024-02-01 11:43:00-05:00,upper,skipped,blocked_time,n/a,n/a,,,,,,,,
173_upper,2024-02-01,2024-02-01 10:00:00-05:00,2024-02-29 10:00:00-05:00,2024-02-01 11:45:00-05:00,upper,skipped,blocked_time,n/a,n/a,,,,,,,,
173_lower,2024-02-02,2024-02-01 10:00:00-05:00,2024-02-29 10:00:00-05:00,2024-02-02 09:03:00-05:00,lower,executed,,flat,inactive,2024-02-02 09:03:00-05:00,2024-02-02 10:26:00-05:00,2045.6490144406714,2045.6490144406714,28.59999999999991,42.899999999999864,BE,0.0
174_lower,2024-02-02,2024-02-02 10:00:00-05:00,2024-03-01 10:00:00-05:00,2024-02-05 08:53:00-05:00,lower,skipped,simultaneous_collision,flat,inactive,,,,,,,,
170_lower,2024-02-05,2024-01-29 10:00:00-05:00,2024-02-26 10:00:00-05:00,2024-02-05 08:53:00-05:00,lower,executed,,flat,inactive,2024-02-05 08:53:00-05:00,2024-02-05 09:48:00-05:00,2031.257260474377,2039.507260474377,5.5,8.25,TP,8.25
175_upper,2024-02-06,2024-02-05 10:00:00-05:00,2024-03-04 10:00:00-05:00,2024-02-06 09:47:00-05:00,upper,executed,,flat,inactive,2024-02-06 09:47:00-05:00,2024-02-06 15:00:00-05:00,2049.3505820465484,2052.7,5.7999999999999545,8.699999999999932,cutoff,-3.3494179534513933
176_upper,2024-02-07,2024-02-06 10:00:00-05:00,2024-03-05 10:00:00-05:00,2024-02-07 09:46:00-05:00,upper,executed,,flat,inactive,2024-02-07 09:46:00-05:00,2024-02-07 10:16:00-05:00,2059.380375079543,2052.630375079543,4.5,6.75,TP,6.75
177_lower,2024-02-07,2024-02-07 10:00:00-05:00,2024-03-06 10:00:00-05:00,2024-02-09 11:02:00-05:00,lower,skipped,blocked_time,n/a,n/a,,,,,,,,
176_lower,2024-02-12,2024-02-06 10:00:00-05:00,2024-03-05 10:00:00-05:00,2024-02-12 09:09:00-05:00,lower,executed,,flat,inactive,2024-02-12 09:09:00-05:00,2024-02-12 15:00:00-05:00,2031.9196249204567,2032.6,9.599999999999909,14.399999999999864,cutoff,0.6803750795431824
178_lower,2024-02-08,2024-02-08 10:00:00-05:00,2024-03-07 10:00:00-05:00,2024-02-12 09:16:00-05:00,lower,skipped,position_open,open,inactive,,,,,,,,
179_lower,2024-02-09,2024-02-09 10:00:00-05:00,2024-03-08 10:00:00-05:00,2024-02-12 09:23:00-05:00,lower,skipped,position_open,open,inactive,,,,,,,,
180_upper,2024-02-13,2024-02-12 10:00:00-05:00,2024-03-11 10:00:00-04:00,2024-02-13 05:45:00-05:00,upper,executed,,flat,inactive,2024-02-13 05:45:00-05:00,2024-02-13 08:27:00-05:00,2041.1926300998578,2043.892630099858,1.800000000000182,2.700000000000273,SL,-2.700000000000273
175_lower,2024-02-05,2024-02-05 10:00:00-05:00,2024-03-04 10:00:00-05:00,2024-02-13 08:47:00-05:00,lower,skipped,SAL,n/a,active,,,,,,,,
180_lower,2024-02-12,2024-02-12 10:00:00-05:00,2024-03-11 10:00:00-04:00,2024-02-13 08:58:00-05:00,lower,skipped,SAL,n/a,active,,,,,,,,
168_lower,2024-01-25,2024-01-25 10:00:00-05:00,2024-02-22 10:00:00-05:00,2024-02-13 09:32:00-05:00,lower,skipped,SAL,n/a,active,,,,,,,,
169_lower,2024-01-26,2024-01-26 10:00:00-05:00,2024-02-23 10:00:00-05:00,2024-02-13 09:32:00-05:00,lower,skipped,SAL,n/a,active,,,,,,,,
162_lower,2024-01-17,2024-01-17 10:00:00-05:00,2024-02-14 10:00:00-05:00,2024-02-13 10:08:00-05:00,lower,skipped,SAL,n/a,active,,,,,,,,
163_lower,2024-02-14,2024-01-18 10:00:00-05:00,2024-02-15 10:00:00-05:00,2024-02-13 20:15:00-05:00,lower,executed,,flat,inactive,2024-02-13 20:15:00-05:00,2024-02-13 21:10:00-05:00,2002.2255009400865,2005.9755009400865,2.5,3.75,TP,3.75
181_lower,2024-02-14,2024-02-13 10:00:00-05:00,2024-03-12 10:00:00-04:00,2024-02-14 10:11:00-05:00,lower,executed,,flat,inactive,2024-02-14 10:11:00-05:00,2024-02-14 11:54:00-05:00,1996.9829988204197,2006.4329988204195,6.2999999999999545,9.449999999999932,TP,9.449999999999932
182_upper,2024-02-15,2024-02-14 10:00:00-05:00,2024-03-13 10:00:00-04:00,2024-02-15 08:30:00-05:00,upper,executed,,flat,inactive,2024-02-15 08:30:00-05:00,2024-02-15 08:34:00-05:00,2015.3554664929732,2011.1554664929731,2.7999999999999545,4.199999999999932,TP,4.199999999999932
184_upper,2024-02-16,2024-02-16 10:00:00-05:00,2024-03-15 10:00:00-04:00,2024-02-16 10:36:00-05:00,upper,executed,,flat,inactive,2024-02-16 10:36:00-05:00,2024-02-16 15:00:00-05:00,2021.5823065733198,2023.2,8.199999999999818,12.299999999999727,cutoff,-1.6176934266802618
181_upper,2024-02-13,2024-02-13 10:00:00-05:00,2024-03-12 10:00:00-04:00,2024-02-16 12:49:00-05:00,upper,skipped,blocked_time,n/a,n/a,,,,,,,,
183_upper,2024-02-19,2024-02-15 10:00:00-05:00,2024-03-14 10:00:00-04:00,2024-02-18 19:26:00-05:00,upper,executed,,flat,inactive,2024-02-18 19:26:00-05:00,2024-02-19 14:29:00-05:00,2029.6703533949994,2029.4,4.099999999999909,6.149999999999864,cutoff,0.2703533949993471
185_upper,2024-02-20,2024-02-19 10:00:00-05:00,2024-03-18 10:00:00-04:00,2024-02-20 05:28:00-05:00,upper,executed,,flat,inactive,2024-02-20 05:28:00-05:00,2024-02-20 08:45:00-05:00,2038.032669970833,2042.2326699708328,2.7999999999999545,4.199999999999932,SL,-4.199999999999818
187_lower,2024-02-23,2024-02-21 10:00:00-05:00,2024-03-20 10:00:00-04:00,2024-02-23 01:24:00-05:00,lower,executed,,flat,inactive,2024-02-23 01:24:00-05:00,2024-02-23 03:41:00-05:00,2028.877709871366,2028.877709871366,4.099999999999909,6.149999999999864,BE,0.0
186_lower,2024-02-20,2024-02-20 10:00:00-05:00,2024-03-19 10:00:00-04:00,2024-02-23 01:29:00-05:00,lower,skipped,position_open,open,inactive,,,,,,,,
188_upper,2024-02-22,2024-02-22 10:00:00-05:00,2024-03-21 10:00:00-04:00,2024-02-23 11:33:00-05:00,upper,skipped,blocked_time,n/a,n/a,,,,,,,,
189_upper,2024-02-23,2024-02-23 10:00:00-05:00,2024-03-22 10:00:00-04:00,2024-02-23 11:33:00-05:00,upper,skipped,blocked_time,n/a,n/a,,,,,,,,
179_upper,2024-02-09,2024-02-09 10:00:00-05:00,2024-03-08 10:00:00-05:00,2024-02-23 13:50:00-05:00,upper,skipped,blocked_time,n/a,n/a,,,,,,,,
186_upper,2024-02-20,2024-02-20 10:00:00-05:00,2024-03-19 10:00:00-04:00,2024-02-23 13:50:00-05:00,upper,skipped,blocked_time,n/a,n/a,,,,,,,,
187_upper,2024-02-21,2024-02-21 10:00:00-05:00,2024-03-20 10:00:00-04:00,2024-02-23 13:50:00-05:00,upper,skipped,blocked_time,n/a,n/a,,,,,,,,
190_upper,2024-02-27,2024-02-26 10:00:00-05:00,2024-03-25 10:00:00-04:00,2024-02-27 03:37:00-05:00,upper,executed,,flat,inactive,2024-02-27 03:37:00-05:00,2024-02-27 06:53:00-05:00,2048.0915644941247,2048.0915644941247,3.1000000000001364,4.650000000000205,BE,-0.0
191_lower,2024-02-28,2024-02-27 10:00:00-05:00,2024-03-26 10:00:00-04:00,2024-02-28 04:09:00-05:00,lower,executed,,flat,inactive,2024-02-28 04:09:00-05:00,2024-02-28 04:57:00-05:00,2034.374864305783,2034.374864305783,2.6000000000001364,3.9000000000002046,BE,0.0
192_upper,2024-02-28,2024-02-28 10:00:00-05:00,2024-03-27 10:00:00-04:00,2024-02-29 08:45:00-05:00,upper,skipped,simultaneous_collision,flat,inactive,,,,,,,,
191_upper,2024-02-29,2024-02-27 10:00:00-05:00,2024-03-26 10:00:00-04:00,2024-02-29 08:45:00-05:00,upper,executed,,flat,inactive,2024-02-29 08:45:00-05:00,2024-02-29 11:31:00-05:00,2056.6751356942173,2052.625135694217,2.7000000000000455,4.050000000000068,TP,4.050000000000068
178_upper,2024-02-08,2024-02-08 10:00:00-05:00,2024-03-07 10:00:00-05:00,2024-02-29 09:09:00-05:00,upper,skipped,position_open,open,inactive,,,,,,,,
174_upper,2024-03-01,2024-02-02 10:00:00-05:00,2024-03-01 10:00:00-05:00,2024-03-01 06:09:00-05:00,upper,executed,,flat,inactive,2024-03-01 06:09:00-05:00,2024-03-01 06:59:00-05:00,2064.0689413688874,2064.0689413688874,9.599999999999909,14.399999999999864,BE,-0.0
193_upper,2024-03-01,2024-02-29 10:00:00-05:00,2024-03-28 10:00:00-04:00,2024-03-01 10:15:00-05:00,upper,executed,,flat,inactive,2024-03-01 10:15:00-05:00,2024-03-01 11:53:00-05:00,2067.9085349416814,2089.208534941681,14.199999999999818,21.299999999999727,SL,-21.299999999999727
177_upper,2024-02-07,2024-02-07 10:00:00-05:00,2024-03-06 10:00:00-05:00,2024-03-01 10:27:00-05:00,upper,skipped,position_open,open,active,,,,,,,,
194_upper,2024-03-01,2024-03-01 10:00:00-05:00,2024-04-01 10:00:00-04:00,2024-03-01 10:49:00-05:00,upper,skipped,position_open,open,active,,,,,,,,
195_upper,2024-03-04,2024-03-04 10:00:00-05:00,2024-04-02 10:00:00-04:00,2024-03-04 11:12:00-05:00,upper,skipped,blocked_time,n/a,n/a,,,,,,,,
196_upper,2024-03-07,2024-03-05 10:00:00-05:00,2024-04-03 10:00:00-04:00,2024-03-06 23:01:00-05:00,upper,executed,,flat,inactive,2024-03-06 23:01:00-05:00,2024-03-06 23:03:00-05:00,2161.3324520237547,2165.382452023755,2.700000000000273,4.050000000000409,SL,-4.050000000000182
197_upper,2024-03-06,2024-03-06 10:00:00-05:00,2024-04-04 10:00:00-04:00,2024-03-06 23:06:00-05:00,upper,skipped,SAL,n/a,active,,,,,,,,
198_upper,2024-03-08,2024-03-07 10:00:00-05:00,2024-04-05 10:00:00-04:00,2024-03-08 08:30:00-05:00,upper,executed,,flat,inactive,2024-03-08 08:30:00-05:00,2024-03-08 08:31:00-05:00,2178.617112422139,2183.5671124221394,3.300000000000182,4.950000000000273,SL,-4.950000000000273
199_upper,2024-03-08,2024-03-08 10:00:00-05:00,2024-04-08 10:00:00-04:00,2024-03-08 12:05:00-05:00,upper,skipped,blocked_time,n/a,n/a,,,,,,,,
200_lower,2024-03-12,2024-03-11 10:00:00-04:00,2024-04-09 10:00:00-04:00,2024-03-12 08:30:00-04:00,lower,executed,,flat,inactive,2024-03-12 08:30:00-04:00,2024-03-12 08:32:00-04:00,2168.684422428795,2177.9844224287954,6.200000000000273,9.30000000000041,TP,9.30000000000041
199_lower,2024-03-08,2024-03-08 10:00:00-05:00,2024-04-08 10:00:00-04:00,2024-03-12 15:01:00-04:00,lower,skipped,no_cutoff,n/a,n/a,,,,,,,,
202_lower,2024-03-18,2024-03-13 10:00:00-04:00,2024-04-11 10:00:00-04:00,2024-03-17 21:21:00-04:00,lower,executed,,flat,inactive,2024-03-17 21:21:00-04:00,2024-03-17 22:34:00-04:00,2154.453750363214,2154.453750363214,2.600000000000364,3.9000000000005457,BE,0.0
203_lower,2024-03-14,2024-03-14 10:00:00-04:00,2024-04-12 10:00:00-04:00,2024-03-17 22:46:00-04:00,lower,skipped,simultaneous_collision,flat,inactive,,,,,,,,
201_lower,2024-03-18,2024-03-12 10:00:00-04:00,2024-04-10 10:00:00-04:00,2024-03-17 22:46:00-04:00,lower,executed,,flat,inactive,2024-03-17 22:46:00-04:00,2024-03-17 23:39:00-04:00,2149.9895437659334,2149.9895437659334,6.599999999999909,9.899999999999864,BE,0.0
205_upper,2024-03-18,2024-03-18 10:00:00-04:00,2024-04-16 10:00:00-04:00,2024-03-20 14:03:00-04:00,upper,skipped,blocked_time,n/a,n/a,,,,,,,,
206_upper,2024-03-19,2024-03-19 10:00:00-04:00,2024-04-17 10:00:00-04:00,2024-03-20 14:03:00-04:00,upper,skipped,blocked_time,n/a,n/a,,,,,,,,
207_upper,2024-03-20,2024-03-20 10:00:00-04:00,2024-04-18 10:00:00-04:00,2024-03-20 14:03:00-04:00,upper,skipped,blocked_time,n/a,n/a,,,,,,,,
204_upper,2024-03-15,2024-03-15 10:00:00-04:00,2024-04-15 10:00:00-04:00,2024-03-20 14:06:00-04:00,upper,skipped,blocked_time,n/a,n/a,,,,,,,,
203_upper,2024-03-14,2024-03-14 10:00:00-04:00,2024-04-12 10:00:00-04:00,2024-03-20 14:47:00-04:00,upper,skipped,blocked_time,n/a,n/a,,,,,,,,
201_upper,2024-03-12,2024-03-12 10:00:00-04:00,2024-04-10 10:00:00-04:00,2024-03-20 14:58:00-04:00,upper,skipped,blocked_time,n/a,n/a,,,,,,,,
202_upper,2024-03-13,2024-03-13 10:00:00-04:00,2024-04-11 10:00:00-04:00,2024-03-20 15:08:00-04:00,upper,skipped,no_cutoff,n/a,n/a,,,,,,,,
200_upper,2024-03-11,2024-03-11 10:00:00-04:00,2024-04-09 10:00:00-04:00,2024-03-20 18:16:00-04:00,upper,skipped,no_anchor,n/a,n/a,,,,,,,,
208_lower,2024-03-21,2024-03-21 10:00:00-04:00,2024-04-19 10:00:00-04:00,2024-03-21 10:25:00-04:00,lower,executed,,flat,inactive,2024-03-21 10:25:00-04:00,2024-03-21 15:00:00-04:00,2181.3535964136686,2185.3,16.600000000000364,24.900000000000546,cutoff,3.9464035863315985
209_lower,2024-03-22,2024-03-22 10:00:00-04:00,2024-04-22 10:00:00-04:00,2024-03-22 13:23:00-04:00,lower,skipped,blocked_time,n/a,n/a,,,,,,,,
210_upper,2024-03-25,2024-03-25 10:00:00-04:00,2024-04-23 10:00:00-04:00,2024-03-25 20:00:00-04:00,upper,skipped,simultaneous_collision,flat,inactive,,,,,,,,
209_upper,2024-03-26,2024-03-22 10:00:00-04:00,2024-04-22 10:00:00-04:00,2024-03-25 20:00:00-04:00,upper,executed,,flat,inactive,2024-03-25 20:00:00-04:00,2024-03-25 21:42:00-04:00,2194.9,2191.9,2.0,3.0,TP,3.0
208_upper,2024-03-26,2024-03-21 10:00:00-04:00,2024-04-19 10:00:00-04:00,2024-03-26 06:53:00-04:00,upper,executed,,flat,inactive,2024-03-26 06:53:00-04:00,2024-03-26 11:37:00-04:00,2221.0964035863317,2195.7464035863313,16.90000000000009,25.350000000000136,TP,25.350000000000136
212_upper,2024-03-27,2024-03-27 10:00:00-04:00,2024-04-25 10:00:00-04:00,2024-03-28 06:22:00-04:00,upper,skipped,simultaneous_collision,flat,inactive,,,,,,,,
211_upper,2024-03-28,2024-03-26 10:00:00-04:00,2024-04-24 10:00:00-04:00,2024-03-28 06:22:00-04:00,upper,executed,,flat,inactive,2024-03-28 06:22:00-04:00,2024-03-28 08:07:00-04:00,2227.197302955715,2235.7473029557145,5.699999999999818,8.549999999999727,SL,-8.549999999999727
213_upper,2024-03-28,2024-03-28 10:00:00-04:00,2024-04-26 10:00:00-04:00,2024-03-28 12:38:00-04:00,upper,skipped,blocked_time,n/a,n/a,,,,,,,,
214_upper,2024-04-02,2024-04-01 10:00:00-04:00,2024-04-29 10:00:00-04:00,2024-04-02 10:24:00-04:00,upper,executed,,flat,inactive,2024-04-02 10:24:00-04:00,2024-04-02 11:04:00-04:00,2296.4317311907234,2276.781731190724,13.099999999999909,19.649999999999864,TP,19.649999999999864
215_upper,2024-04-02,2024-04-02 10:00:00-04:00,2024-04-30 10:00:00-04:00,2024-04-02 16:46:00-04:00,upper,skipped,no_cutoff,n/a,n/a,,,,,,,,
216_upper,2024-04-03,2024-04-03 10:00:00-04:00,2024-05-01 10:00:00-04:00,2024-04-03 15:03:00-04:00,upper,skipped,no_cutoff,n/a,n/a,,,,,,,,
217_lower,2024-04-05,2024-04-04 10:00:00-04:00,2024-05-02 10:00:00-04:00,2024-04-04 21:23:00-04:00,lower,executed,,flat,inactive,2024-04-04 21:23:00-04:00,2024-04-05 01:37:00-04:00,2288.779083733699,2300.3290837336986,7.699999999999818,11.549999999999727,TP,11.549999999999727
217_upper,2024-04-05,2024-04-04 10:00:00-04:00,2024-05-02 10:00:00-04:00,2024-04-05 10:24:00-04:00,upper,executed,,flat,inactive,2024-04-05 10:24:00-04:00,2024-04-05 15:00:00-04:00,2326.9209162663014,2343.7,16.90000000000009,25.350000000000136,cutoff,-16.77908373369837
218_upper,2024-04-05,2024-04-05 10:00:00-04:00,2024-05-03 10:00:00-04:00,2024-04-05 10:33:00-04:00,upper,skipped,position_open,open,active,,,,,,,,
219_upper,2024-04-09,2024-04-08 10:00:00-04:00,2024-05-06 10:00:00-04:00,2024-04-09 03:14:00-04:00,upper,executed,,flat,inactive,2024-04-09 03:14:00-04:00,2024-04-09 04:00:00-04:00,2373.1615330099526,2373.1615330099526,3.800000000000182,5.700000000000273,BE,-0.0
220_lower,2024-04-10,2024-04-09 10:00:00-04:00,2024-05-07 10:00:00-04:00,2024-04-10 08:30:00-04:00,lower,executed,,flat,inactive,2024-04-10 08:30:00-04:00,2024-04-10 08:41:00-04:00,2352.2349433530235,2359.284943353023,4.699999999999818,7.049999999999727,TP,7.049999999999727
221_upper,2024-04-10,2024-04-10 10:00:00-04:00,2024-05-08 10:00:00-04:00,2024-04-11 13:22:00-04:00,upper,skipped,blocked_time,n/a,n/a,,,,,,,,
222_upper,2024-04-11,2024-04-11 10:00:00-04:00,2024-05-09 10:00:00-04:00,2024-04-11 14:35:00-04:00,upper,skipped,blocked_time,n/a,n/a,,,,,,,,
220_upper,2024-04-09,2024-04-09 10:00:00-04:00,2024-05-07 10:00:00-04:00,2024-04-11 16:35:00-04:00,upper,skipped,no_cutoff,n/a,n/a,,,,,,,,
223_upper,2024-04-12,2024-04-12 10:00:00-04:00,2024-05-10 10:00:00-04:00,2024-04-12 10:55:00-04:00,upper,executed,,flat,inactive,2024-04-12 10:55:00-04:00,2024-04-12 11:23:00-04:00,2441.8582306858834,2421.3082306858832,13.700000000000273,20.55000000000041,TP,20.55000000000041
223_lower,2024-04-12,2024-04-12 10:00:00-04:00,2024-05-10 10:00:00-04:00,2024-04-12 12:30:00-04:00,lower,skipped,blocked_time,n/a,n/a,,,,,,,,
224_lower,2024-04-15,2024-04-15 10:00:00-04:00,2024-05-13 10:00:00-04:00,2024-04-15 10:09:00-04:00,lower,executed,,flat,inactive,2024-04-15 10:09:00-04:00,2024-04-15 12:41:00-04:00,2342.14707746921,2370.0470774692103,18.59999999999991,27.899999999999864,TP,27.899999999999864
222_lower,2024-04-11,2024-04-11 10:00:00-04:00,2024-05-09 10:00:00-04:00,2024-04-15 10:10:00-04:00,lower,skipped,position_open,open,inactive,,,,,,,,
224_upper,2024-04-15,2024-04-15 10:00:00-04:00,2024-05-13 10:00:00-04:00,2024-04-15 14:57:00-04:00,upper,skipped,blocked_time,n/a,n/a,,,,,,,,
226_lower,2024-04-17,2024-04-17 10:00:00-04:00,2024-05-15 10:00:00-04:00,2024-04-17 12:43:00-04:00,lower,skipped,blocked_time,n/a,n/a,,,,,,,,
225_upper,2024-04-19,2024-04-16 10:00:00-04:00,2024-05-14 10:00:00-04:00,2024-04-18 21:34:00-04:00,upper,executed,,flat,inactive,2024-04-18 21:34:00-04:00,2024-04-18 21:43:00-04:00,2419.9791044414783,2429.279104441478,6.199999999999818,9.299999999999727,SL,-9.299999999999727
226_upper,2024-04-17,2024-04-17 10:00:00-04:00,2024-05-15 10:00:00-04:00,2024-04-18 21:43:00-04:00,upper,skipped,SAL,n/a,active,,,,,,,,
227_upper,2024-04-18,2024-04-18 10:00:00-04:00,2024-05-16 10:00:00-04:00,2024-04-18 21:46:00-04:00,upper,skipped,SAL,n/a,active,,,,,,,,
228_lower,2024-04-22,2024-04-19 10:00:00-04:00,2024-05-17 10:00:00-04:00,2024-04-21 23:18:00-04:00,lower,executed,,flat,inactive,2024-04-21 23:18:00-04:00,2024-04-21 23:42:00-04:00,2374.2220020747677,2382.7720020747684,5.700000000000273,8.55000000000041,TP,8.55000000000041
227_lower,2024-04-22,2024-04-18 10:00:00-04:00,2024-05-16 10:00:00-04:00,2024-04-22 02:44:00-04:00,lower,executed,,flat,inactive,2024-04-22 02:44:00-04:00,2024-04-22 07:18:00-04:00,2373.41051963082,2359.0105196308205,9.599999999999909,14.399999999999864,SL,-14.399999999999636
225_lower,2024-04-16,2024-04-16 10:00:00-04:00,2024-05-14 10:00:00-04:00,2024-04-22 07:07:00-04:00,lower,skipped,position_open,open,active,,,,,,,,
229_lower,2024-04-22,2024-04-22 10:00:00-04:00,2024-05-20 10:00:00-04:00,2024-04-22 21:38:00-04:00,lower,skipped,simultaneous_collision,flat,inactive,,,,,,,,
219_lower,2024-04-23,2024-04-08 10:00:00-04:00,2024-05-06 10:00:00-04:00,2024-04-22 21:38:00-04:00,lower,executed,,flat,inactive,2024-04-22 21:38:00-04:00,2024-04-22 21:42:00-04:00,2327.3384669900474,2320.888466990047,4.300000000000182,6.450000000000273,SL,-6.450000000000273
221_lower,2024-04-10,2024-04-10 10:00:00-04:00,2024-05-08 10:00:00-04:00,2024-04-22 21:52:00-04:00,lower,skipped,SAL,n/a,active,,,,,,,,
232_upper,2024-04-25,2024-04-25 10:00:00-04:00,2024-05-23 10:00:00-04:00,2024-04-25 10:35:00-04:00,upper,skipped,simultaneous_collision,flat,inactive,,,,,,,,
231_upper,2024-04-25,2024-04-24 10:00:00-04:00,2024-05-22 10:00:00-04:00,2024-04-25 10:35:00-04:00,upper,executed,,flat,inactive,2024-04-25 10:35:00-04:00,2024-04-25 15:00:00-04:00,2356.012214613664,2345.7,19.899999999999636,29.849999999999454,cutoff,10.31221461366431
230_upper,2024-04-26,2024-04-23 10:00:00-04:00,2024-05-21 10:00:00-04:00,2024-04-26 04:01:00-04:00,upper,executed,,flat,inactive,2024-04-26 04:01:00-04:00,2024-04-26 10:37:00-04:00,2360.839495443216,2346.139495443216,9.799999999999727,14.69999999999959,TP,14.69999999999959
233_lower,2024-04-29,2024-04-26 10:00:00-04:00,2024-05-24 10:00:00-04:00,2024-04-28 21:35:00-04:00,lower,executed,,flat,inactive,2024-04-28 21:35:00-04:00,2024-04-28 21:56:00-04:00,2333.3444507190575,2341.744450719058,5.600000000000364,8.400000000000546,TP,8.400000000000546
234_lower,2024-04-30,2024-04-29 10:00:00-04:00,2024-05-27 10:00:00-04:00,2024-04-30 04:28:00-04:00,lower,executed,,flat,inactive,2024-04-30 04:28:00-04:00,2024-04-30 07:45:00-04:00,2321.5763263306367,2321.5763263306367,8.100000000000364,12.150000000000546,BE,0.0
231_lower,2024-04-30,2024-04-24 10:00:00-04:00,2024-05-22 10:00:00-04:00,2024-04-30 10:11:00-04:00,lower,executed,,flat,inactive,2024-04-30 10:11:00-04:00,2024-04-30 15:00:00-04:00,2311.337785386336,2301.6,11.300000000000182,16.950000000000273,cutoff,-9.737785386335872
232_lower,2024-04-25,2024-04-25 10:00:00-04:00,2024-05-23 10:00:00-04:00,2024-04-30 10:35:00-04:00,lower,skipped,position_open,open,active,,,,,,,,
230_lower,2024-04-23,2024-04-23 10:00:00-04:00,2024-05-21 10:00:00-04:00,2024-04-30 16:33:00-04:00,lower,skipped,no_cutoff,n/a,n/a,,,,,,,,
235_lower,2024-04-30,2024-04-30 10:00:00-04:00,2024-05-28 10:00:00-04:00,2024-04-30 16:35:00-04:00,lower,skipped,no_cutoff,n/a,n/a,,,,,,,,
218_lower,2024-05-01,2024-04-05 10:00:00-04:00,2024-05-03 10:00:00-04:00,2024-04-30 23:56:00-04:00,lower,executed,,flat,inactive,2024-04-30 23:56:00-04:00,2024-05-01 00:56:00-04:00,2293.6061020870843,2293.6061020870843,2.0,3.0,BE,0.0
236_upper,2024-05-01,2024-05-01 10:00:00-04:00,2024-05-29 10:00:00-04:00,2024-05-01 14:41:00-04:00,upper,skipped,blocked_time,n/a,n/a,,,,,,,,
235_upper,2024-04-30,2024-04-30 10:00:00-04:00,2024-05-28 10:00:00-04:00,2024-05-01 14:55:00-04:00,upper,skipped,blocked_time,n/a,n/a,,,,,,,,
237_upper,2024-05-03,2024-05-02 10:00:00-04:00,2024-05-30 10:00:00-04:00,2024-05-03 08:30:00-04:00,upper,executed,,flat,inactive,2024-05-03 08:30:00-04:00,2024-05-03 08:30:00-04:00,2320.9652361317703,2326.66523613177,3.799999999999727,5.699999999999591,SL,-5.699999999999818
236_lower,2024-05-01,2024-05-01 10:00:00-04:00,2024-05-29 10:00:00-04:00,2024-05-03 09:33:00-04:00,lower,skipped,SAL,n/a,active,,,,,,,,
238_upper,2024-05-06,2024-05-03 10:00:00-04:00,2024-05-31 10:00:00-04:00,2024-05-06 08:46:00-04:00,upper,executed,,flat,inactive,2024-05-06 08:46:00-04:00,2024-05-06 09:40:00-04:00,2338.259985640602,2338.259985640602,6.599999999999909,9.899999999999864,BE,-0.0
239_lower,2024-05-08,2024-05-06 10:00:00-04:00,2024-06-03 10:00:00-04:00,2024-05-07 21:35:00-04:00,lower,executed,,flat,inactive,2024-05-07 21:35:00-04:00,2024-05-07 21:42:00-04:00,2314.2337255916354,2318.133725591636,2.600000000000364,3.9000000000005457,TP,3.9000000000005457
241_upper,2024-05-09,2024-05-08 10:00:00-04:00,2024-06-05 10:00:00-04:00,2024-05-09 08:39:00-04:00,upper,executed,,flat,inactive,2024-05-09 08:39:00-04:00,2024-05-09 09:10:00-04:00,2333.902433678819,2325.0524336788185,5.900000000000091,8.850000000000136,TP,8.850000000000136
240_upper,2024-05-09,2024-05-07 10:00:00-04:00,2024-06-04 10:00:00-04:00,2024-05-09 10:21:00-04:00,upper,executed,,flat,inactive,2024-05-09 10:21:00-04:00,2024-05-09 11:11:00-04:00,2344.201226709757,2344.201226709757,15.599999999999909,23.399999999999864,BE,-0.0
242_upper,2024-05-09,2024-05-09 10:00:00-04:00,2024-06-06 10:00:00-04:00,2024-05-09 10:22:00-04:00,upper,skipped,position_open,open,inactive,,,,,,,,
239_upper,2024-05-10,2024-05-06 10:00:00-04:00,2024-06-03 10:00:00-04:00,2024-05-09 21:01:00-04:00,upper,executed,,flat,inactive,2024-05-09 21:01:00-04:00,2024-05-09 21:17:00-04:00,2356.116274408365,2360.7662744083646,3.099999999999909,4.649999999999864,SL,-4.649999999999636
234_upper,2024-04-29,2024-04-29 10:00:00-04:00,2024-05-27 10:00:00-04:00,2024-05-10 02:11:00-04:00,upper,skipped,SAL,n/a,active,,,,,,,,
229_upper,2024-04-22,2024-04-22 10:00:00-04:00,2024-05-20 10:00:00-04:00,2024-05-10 02:42:00-04:00,upper,skipped,SAL,n/a,active,,,,,,,,
233_upper,2024-04-26,2024-04-26 10:00:00-04:00,2024-05-24 10:00:00-04:00,2024-05-10 02:42:00-04:00,upper,skipped,SAL,n/a,active,,,,,,,,
243_lower,2024-05-13,2024-05-10 10:00:00-04:00,2024-06-07 10:00:00-04:00,2024-05-13 02:14:00-04:00,lower,executed,,flat,inactive,2024-05-13 02:14:00-04:00,2024-05-13 04:29:00-04:00,2356.288650303034,2350.1386503030335,4.100000000000364,6.150000000000546,SL,-6.150000000000546
244_upper,2024-05-15,2024-05-13 10:00:00-04:00,2024-06-10 10:00:00-04:00,2024-05-15 03:34:00-04:00,upper,executed,,flat,inactive,2024-05-15 03:34:00-04:00,2024-05-15 04:30:00-04:00,2370.2695528818695,2374.7695528818695,3.0,4.5,SL,-4.5
245_upper,2024-05-14,2024-05-14 10:00:00-04:00,2024-06-11 10:00:00-04:00,2024-05-15 04:42:00-04:00,upper,skipped,SAL,n/a,active,,,,,,,,
243_upper,2024-05-10,2024-05-10 10:00:00-04:00,2024-06-07 10:00:00-04:00,2024-05-15 11:21:00-04:00,upper,skipped,blocked_time,n/a,n/a,,,,,,,,
246_upper,2024-05-16,2024-05-15 10:00:00-04:00,2024-06-12 10:00:00-04:00,2024-05-15 20:14:00-04:00,upper,executed,,flat,inactive,2024-05-15 20:14:00-04:00,2024-05-15 21:00:00-04:00,2397.77744120264,2402.27744120264,3.0,4.5,SL,-4.5
247_upper,2024-05-17,2024-05-16 10:00:00-04:00,2024-06-13 10:00:00-04:00,2024-05-17 09:02:00-04:00,upper,executed,,flat,inactive,2024-05-17 09:02:00-04:00,2024-05-17 10:40:00-04:00,2401.5585724793336,2413.108572479334,7.700000000000273,11.55000000000041,SL,-11.550000000000182
248_upper,2024-05-17,2024-05-17 10:00:00-04:00,2024-06-14 10:00:00-04:00,2024-05-17 16:32:00-04:00,upper,skipped,no_cutoff,n/a,n/a,,,,,,,,
250_lower,2024-05-22,2024-05-21 10:00:00-04:00,2024-06-18 10:00:00-04:00,2024-05-22 07:42:00-04:00,lower,executed,,flat,inactive,2024-05-22 07:42:00-04:00,2024-05-22 09:08:00-04:00,2412.746126847016,2412.746126847016,5.099999999999909,7.649999999999864,BE,0.0
249_lower,2024-05-22,2024-05-20 10:00:00-04:00,2024-06-17 10:00:00-04:00,2024-05-22 10:14:00-04:00,lower,executed,,flat,inactive,2024-05-22 10:14:00-04:00,2024-05-22 10:31:00-04:00,2397.9125048934357,2386.2125048934354,7.800000000000182,11.700000000000273,SL,-11.700000000000273
251_lower,2024-05-22,2024-05-22 10:00:00-04:00,2024-06-19 10:00:00-04:00,2024-05-22 10:19:00-04:00,lower,skipped,position_open,open,active,,,,,,,,
248_lower,2024-05-17,2024-05-17 10:00:00-04:00,2024-06-14 10:00:00-04:00,2024-05-22 14:22:00-04:00,lower,skipped,blocked_time,n/a,n/a,,,,,,,,
247_lower,2024-05-23,2024-05-16 10:00:00-04:00,2024-06-13 10:00:00-04:00,2024-05-23 01:57:00-04:00,lower,executed,,flat,inactive,2024-05-23 01:57:00-04:00,2024-05-23 02:01:00-04:00,2361.8414275206665,2358.391427520666,2.300000000000182,3.450000000000273,SL,-3.450000000000273
246_lower,2024-05-15,2024-05-15 10:00:00-04:00,2024-06-12 10:00:00-04:00,2024-05-23 11:25:00-04:00,lower,skipped,blocked_time,n/a,n/a,,,,,,,,
252_lower,2024-05-23,2024-05-23 10:00:00-04:00,2024-06-20 10:00:00-04:00,2024-05-23 13:29:00-04:00,lower,skipped,blocked_time,n/a,n/a,,,,,,,,
245_lower,2024-05-14,2024-05-14 10:00:00-04:00,2024-06-11 10:00:00-04:00,2024-05-23 13:56:00-04:00,lower,skipped,blocked_time,n/a,n/a,,,,,,,,
244_lower,2024-05-13,2024-05-13 10:00:00-04:00,2024-06-10 10:00:00-04:00,2024-05-23 16:31:00-04:00,lower,skipped,no_cutoff,n/a,n/a,,,,,,,,
254_upper,2024-05-27,2024-05-27 10:00:00-04:00,2024-06-24 10:00:00-04:00,2024-05-28 20:00:00-04:00,upper,skipped,simultaneous_collision,flat,inactive,,,,,,,,
255_upper,2024-05-28,2024-05-28 10:00:00-04:00,2024-06-25 10:00:00-04:00,2024-05-28 20:00:00-04:00,upper,skipped,simultaneous_collision,flat,inactive,,,,,,,,
253_upper,2024-05-29,2024-05-24 10:00:00-04:00,2024-06-21 10:00:00-04:00,2024-05-28 20:00:00-04:00,upper,executed,,flat,inactive,2024-05-28 20:00:00-04:00,2024-05-28 21:43:00-04:00,2383.3,2379.55,2.5,3.75,TP,3.75
256_lower,2024-05-30,2024-05-29 10:00:00-04:00,2024-06-26 10:00:00-04:00,2024-05-30 01:34:00-04:00,lower,executed,,flat,inactive,2024-05-30 01:34:00-04:00,2024-05-30 01:52:00-04:00,2347.9732769065618,2343.6232769065623,2.899999999999636,4.349999999999454,SL,-4.349999999999454
258_lower,2024-05-31,2024-05-31 10:00:00-04:00,2024-06-28 10:00:00-04:00,2024-05-31 11:14:00-04:00,lower,skipped,blocked_time,n/a,n/a,,,,,,,,
257_lower,2024-05-30,2024-05-30 10:00:00-04:00,2024-06-27 10:00:00-04:00,2024-05-31 13:26:00-04:00,lower,skipped,blocked_time,n/a,n/a,,,,,,,,
255_lower,2024-06-03,2024-05-28 10:00:00-04:00,2024-06-25 10:00:00-04:00,2024-06-03 01:43:00-04:00,lower,executed,,flat,inactive,2024-06-03 01:43:00-04:00,2024-06-03 02:58:00-04:00,2338.199424972189,2342.099424972189,2.599999999999909,3.8999999999998636,TP,3.8999999999998636
260_upper,2024-06-04,2024-06-04 10:00:00-04:00,2024-07-02 10:00:00-04:00,2024-06-05 21:04:00-04:00,upper,skipped,simultaneous_collision,flat,inactive,,,,,,,,
259_upper,2024-06-06,2024-06-03 10:00:00-04:00,2024-07-01 10:00:00-04:00,2024-06-05 21:04:00-04:00,upper,executed,,flat,inactive,2024-06-05 21:04:00-04:00,2024-06-05 21:14:00-04:00,2378.5105613464207,2380.7605613464207,1.5,2.25,SL,-2.25
261_upper,2024-06-05,2024-06-05 10:00:00-04:00,2024-07-03 10:00:00-04:00,2024-06-05 21:14:00-04:00,upper,skipped,SAL,n/a,active,,,,,,,,
256_upper,2024-05-29,2024-05-29 10:00:00-04:00,2024-06-26 10:00:00-04:00,2024-06-05 21:26:00-04:00,upper,skipped,SAL,n/a,active,,,,,,,,
257_upper,2024-05-30,2024-05-30 10:00:00-04:00,2024-06-27 10:00:00-04:00,2024-06-05 21:26:00-04:00,upper,skipped,SAL,n/a,active,,,,,,,,
252_upper,2024-05-23,2024-05-23 10:00:00-04:00,2024-06-20 10:00:00-04:00,2024-06-05 21:31:00-04:00,upper,skipped,SAL,n/a,active,,,,,,,,
258_upper,2024-05-31,2024-05-31 10:00:00-04:00,2024-06-28 10:00:00-04:00,2024-06-06 11:30:00-04:00,upper,skipped,blocked_time,n/a,n/a,,,,,,,,
262_upper,2024-06-07,2024-06-06 10:00:00-04:00,2024-07-04 10:00:00-04:00,2024-06-07 00:20:00-04:00,upper,executed,,flat,inactive,2024-06-07 00:20:00-04:00,2024-06-07 04:01:00-04:00,2400.880041859219,2390.9800418592195,6.599999999999909,9.899999999999864,TP,9.899999999999864
262_lower,2024-06-07,2024-06-06 10:00:00-04:00,2024-07-04 10:00:00-04:00,2024-06-07 04:41:00-04:00,lower,executed,,flat,inactive,2024-06-07 04:41:00-04:00,2024-06-07 06:50:00-04:00,2361.569958140781,2351.5199581407815,6.699999999999818,10.049999999999727,SL,-10.049999999999727
254_lower,2024-05-27,2024-05-27 10:00:00-04:00,2024-06-24 10:00:00-04:00,2024-06-07 08:30:00-04:00,lower,skipped,SAL,n/a,active,,,,,,,,
259_lower,2024-06-03,2024-06-03 10:00:00-04:00,2024-07-01 10:00:00-04:00,2024-06-07 08:30:00-04:00,lower,skipped,SAL,n/a,active,,,,,,,,
261_lower,2024-06-05,2024-06-05 10:00:00-04:00,2024-07-03 10:00:00-04:00,2024-06-07 08:30:00-04:00,lower,skipped,SAL,n/a,active,,,,,,,,
260_lower,2024-06-04,2024-06-04 10:00:00-04:00,2024-07-02 10:00:00-04:00,2024-06-07 09:50:00-04:00,lower,skipped,SAL,n/a,active,,,,,,,,
253_lower,2024-05-24,2024-05-24 10:00:00-04:00,2024-06-21 10:00:00-04:00,2024-06-07 09:56:00-04:00,lower,skipped,SAL,n/a,active,,,,,,,,
263_lower,2024-06-07,2024-06-07 10:00:00-04:00,2024-07-05 10:00:00-04:00,2024-06-07 15:49:00-04:00,lower,skipped,no_cutoff,n/a,n/a,,,,,,,,
264_upper,2024-06-12,2024-06-10 10:00:00-04:00,2024-07-08 10:00:00-04:00,2024-06-12 08:30:00-04:00,upper,executed,,flat,inactive,2024-06-12 08:30:00-04:00,2024-06-12 08:30:00-04:00,2339.701531162882,2343.6015311628817,2.599999999999909,3.8999999999998636,SL,-3.899999999999636
265_upper,2024-06-11,2024-06-11 10:00:00-04:00,2024-07-09 10:00:00-04:00,2024-06-12 08:49:00-04:00,upper,skipped,SAL,n/a,active,,,,,,,,
266_lower,2024-06-13,2024-06-12 10:00:00-04:00,2024-07-10 10:00:00-04:00,2024-06-12 21:25:00-04:00,lower,executed,,flat,inactive,2024-06-12 21:25:00-04:00,2024-06-12 22:36:00-04:00,2327.990391251072,2327.990391251072,5.700000000000273,8.55000000000041,BE,0.0
268_lower,2024-06-18,2024-06-14 10:00:00-04:00,2024-07-12 10:00:00-04:00,2024-06-18 06:25:00-04:00,lower,executed,,flat,inactive,2024-06-18 06:25:00-04:00,2024-06-18 08:19:00-04:00,2323.8311071045828,2329.2311071045824,3.599999999999909,5.399999999999864,TP,5.399999999999864
269_upper,2024-06-20,2024-06-17 10:00:00-04:00,2024-07-15 10:00:00-04:00,2024-06-20 01:30:00-04:00,upper,executed,,flat,inactive,2024-06-20 01:30:00-04:00,2024-06-20 10:07:00-04:00,2356.289067230023,2367.539067230023,7.5,11.25,SL,-11.25
270_upper,2024-06-18,2024-06-18 10:00:00-04:00,2024-07-16 10:00:00-04:00,2024-06-20 01:36:00-04:00,upper,skipped,position_open,open,active,,,,,,,,
267_upper,2024-06-13,2024-06-13 10:00:00-04:00,2024-07-11 10:00:00-04:00,2024-06-20 02:51:00-04:00,upper,skipped,position_open,open,active,,,,,,,,
271_upper,2024-06-19,2024-06-19 10:00:00-04:00,2024-07-17 10:00:00-04:00,2024-06-20 09:48:00-04:00,upper,skipped,position_open,open,active,,,,,,,,
268_upper,2024-06-14,2024-06-14 10:00:00-04:00,2024-07-12 10:00:00-04:00,2024-06-20 09:59:00-04:00,upper,skipped,position_open,open,active,,,,,,,,
263_upper,2024-06-07,2024-06-07 10:00:00-04:00,2024-07-05 10:00:00-04:00,2024-06-20 10:20:00-04:00,upper,skipped,SAL,n/a,active,,,,,,,,
272_upper,2024-06-20,2024-06-20 10:00:00-04:00,2024-07-18 10:00:00-04:00,2024-06-20 10:57:00-04:00,upper,skipped,SAL,n/a,active,,,,,,,,
266_upper,2024-06-21,2024-06-12 10:00:00-04:00,2024-07-10 10:00:00-04:00,2024-06-21 04:16:00-04:00,upper,executed,,flat,inactive,2024-06-21 04:16:00-04:00,2024-06-21 09:32:00-04:00,2379.7096087489276,2365.4596087489276,9.5,14.25,TP,14.25
273_lower,2024-06-21,2024-06-21 10:00:00-04:00,2024-07-19 10:00:00-04:00,2024-06-21 13:10:00-04:00,lower,skipped,blocked_time,n/a,n/a,,,,,,,,
272_lower,2024-06-20,2024-06-20 10:00:00-04:00,2024-07-18 10:00:00-04:00,2024-06-21 13:25:00-04:00,lower,skipped,blocked_time,n/a,n/a,,,,,,,,
271_lower,2024-06-19,2024-06-19 10:00:00-04:00,2024-07-17 10:00:00-04:00,2024-06-25 11:32:00-04:00,lower,skipped,blocked_time,n/a,n/a,,,,,,,,
274_lower,2024-06-26,2024-06-24 10:00:00-04:00,2024-07-22 10:00:00-04:00,2024-06-25 21:39:00-04:00,lower,executed,,flat,inactive,2024-06-25 21:39:00-04:00,2024-06-26 01:47:00-04:00,2324.7076796688166,2324.7076796688166,6.300000000000182,9.450000000000273,BE,0.0
275_lower,2024-06-25,2024-06-25 10:00:00-04:00,2024-07-23 10:00:00-04:00,2024-06-26 06:23:00-04:00,lower,skipped,simultaneous_collision,flat,inactive,,,,,,,,
269_lower,2024-06-26,2024-06-17 10:00:00-04:00,2024-07-15 10:00:00-04:00,2024-06-26 06:23:00-04:00,lower,executed,,flat,inactive,2024-06-26 06:23:00-04:00,2024-06-26 07:48:00-04:00,2319.6609327699766,2323.860932769976,2.799999999999727,4.199999999999591,TP,4.199999999999591
270_lower,2024-06-18,2024-06-18 10:00:00-04:00,2024-07-16 10:00:00-04:00,2024-06-26 09:26:00-04:00,lower,skipped,simultaneous_collision,flat,inactive,,,,,,,,
265_lower,2024-06-26,2024-06-11 10:00:00-04:00,2024-07-09 10:00:00-04:00,2024-06-26 09:26:00-04:00,lower,executed,,flat,inactive,2024-06-26 09:26:00-04:00,2024-06-26 15:00:00-04:00,2310.2292143408017,2310.5,8.0,12.0,cutoff,0.2707856591982818
267_lower,2024-06-13,2024-06-13 10:00:00-04:00,2024-07-11 10:00:00-04:00,2024-06-26 09:30:00-04:00,lower,skipped,position_open,open,inactive,,,,,,,,
276_upper,2024-06-27,2024-06-26 10:00:00-04:00,2024-07-24 10:00:00-04:00,2024-06-27 06:35:00-04:00,upper,executed,,flat,inactive,2024-06-27 06:35:00-04:00,2024-06-27 07:26:00-04:00,2325.1063951086994,2325.1063951086994,6.0,9.0,BE,-0.0
277_upper,2024-06-28,2024-06-27 10:00:00-04:00,2024-07-25 10:00:00-04:00,2024-06-28 08:34:00-04:00,upper,executed,,flat,inactive,2024-06-28 08:34:00-04:00,2024-06-28 09:23:00-04:00,2349.235932453561,2343.535932453561,3.799999999999727,5.699999999999591,TP,5.699999999999591
275_upper,2024-07-03,2024-06-25 10:00:00-04:00,2024-07-23 10:00:00-04:00,2024-07-03 03:16:00-04:00,upper,executed,,flat,inactive,2024-07-03 03:16:00-04:00,2024-07-03 09:45:00-04:00,2353.3534780442114,2367.3034780442117,9.300000000000182,13.950000000000273,SL,-13.950000000000273
278_upper,2024-06-28,2024-06-28 10:00:00-04:00,2024-07-26 10:00:00-04:00,2024-07-03 06:39:00-04:00,upper,skipped,position_open,open,active,,,,,,,,
279_upper,2024-07-01,2024-07-01 10:00:00-04:00,2024-07-29 10:00:00-04:00,2024-07-03 06:48:00-04:00,upper,skipped,position_open,open,active,,,,,,,,
280_upper,2024-07-02,2024-07-02 10:00:00-04:00,2024-07-30 10:00:00-04:00,2024-07-03 08:20:00-04:00,upper,skipped,position_open,open,active,,,,,,,,
274_upper,2024-06-24,2024-06-24 10:00:00-04:00,2024-07-22 10:00:00-04:00,2024-07-03 08:31:00-04:00,upper,skipped,position_open,open,active,,,,,,,,
282_upper,2024-07-04,2024-07-04 10:00:00-04:00,2024-08-01 10:00:00-04:00,2024-07-05 08:32:00-04:00,upper,skipped,simultaneous_collision,flat,inactive,,,,,,,,
281_upper,2024-07-05,2024-07-03 10:00:00-04:00,2024-07-31 10:00:00-04:00,2024-07-05 08:32:00-04:00,upper,executed,,flat,inactive,2024-07-05 08:32:00-04:00,2024-07-05 08:33:00-04:00,2384.9361203749713,2379.236120374971,3.800000000000182,5.700000000000273,TP,5.700000000000273
273_upper,2024-07-05,2024-06-21 10:00:00-04:00,2024-07-19 10:00:00-04:00,2024-07-05 09:42:00-04:00,upper,executed,,flat,inactive,2024-07-05 09:42:00-04:00,2024-07-05 11:17:00-04:00,2393.3297449479646,2393.3297449479646,29.199999999999818,43.79999999999973,BE,-0.0
283_lower,2024-07-05,2024-07-05 10:00:00-04:00,2024-08-02 10:00:00-04:00,2024-07-08 11:48:00-04:00,lower,skipped,blocked_time,n/a,n/a,,,,,,,,
284_lower,2024-07-08,2024-07-08 10:00:00-04:00,2024-08-05 10:00:00-04:00,2024-07-08 11:48:00-04:00,lower,skipped,blocked_time,n/a,n/a,,,,,,,,
285_upper,2024-07-10,2024-07-09 10:00:00-04:00,2024-08-06 10:00:00-04:00,2024-07-10 09:53:00-04:00,upper,executed,,flat,inactive,2024-07-10 09:53:00-04:00,2024-07-10 10:31:00-04:00,2391.339251133037,2384.1392511330378,4.799999999999727,7.199999999999591,TP,7.199999999999591
284_upper,2024-07-11,2024-07-08 10:00:00-04:00,2024-08-05 10:00:00-04:00,2024-07-11 08:30:00-04:00,upper,executed,,flat,inactive,2024-07-11 08:30:00-04:00,2024-07-11 08:33:00-04:00,2400.111425509281,2406.861425509281,4.5,6.75,SL,-6.75
283_upper,2024-07-05,2024-07-05 10:00:00-04:00,2024-08-02 10:00:00-04:00,2024-07-11 08:33:00-04:00,upper,skipped,SAL,n/a,active,,,,,,,,
286_upper,2024-07-10,2024-07-10 10:00:00-04:00,2024-08-07 10:00:00-04:00,2024-07-11 08:33:00-04:00,upper,skipped,SAL,n/a,active,,,,,,,,
288_upper,2024-07-15,2024-07-12 10:00:00-04:00,2024-08-09 10:00:00-04:00,2024-07-15 08:14:00-04:00,upper,executed,,flat,inactive,2024-07-15 08:14:00-04:00,2024-07-15 09:09:00-04:00,2425.741255424685,2416.8912554246845,5.900000000000091,8.850000000000136,TP,8.850000000000136
287_upper,2024-07-15,2024-07-11 10:00:00-04:00,2024-08-08 10:00:00-04:00,2024-07-15 10:53:00-04:00,upper,executed,,flat,inactive,2024-07-15 10:53:00-04:00,2024-07-15 15:00:00-04:00,2434.0173197953063,2426.6,7.699999999999818,11.549999999999727,cutoff,7.417319795306412
289_upper,2024-07-15,2024-07-15 10:00:00-04:00,2024-08-12 10:00:00-04:00,2024-07-15 11:06:00-04:00,upper,skipped,blocked_time,n/a,n/a,,,,,,,,
290_upper,2024-07-16,2024-07-16 10:00:00-04:00,2024-08-13 10:00:00-04:00,2024-07-16 11:23:00-04:00,upper,skipped,blocked_time,n/a,n/a,,,,,,,,
291_lower,2024-07-17,2024-07-17 10:00:00-04:00,2024-08-14 10:00:00-04:00,2024-07-17 13:58:00-04:00,lower,skipped,blocked_time,n/a,n/a,,,,,,,,
292_lower,2024-07-18,2024-07-18 10:00:00-04:00,2024-08-15 10:00:00-04:00,2024-07-18 15:16:00-04:00,lower,skipped,no_cutoff,n/a,n/a,,,,,,,,
290_lower,2024-07-19,2024-07-16 10:00:00-04:00,2024-08-13 10:00:00-04:00,2024-07-19 02:06:00-04:00,lower,executed,,flat,inactive,2024-07-19 02:06:00-04:00,2024-07-19 06:08:00-04:00,2422.552364997801,2414.752364997801,5.199999999999818,7.799999999999727,SL,-7.799999999999727
289_lower,2024-07-15,2024-07-15 10:00:00-04:00,2024-08-12 10:00:00-04:00,2024-07-19 09:06:00-04:00,lower,skipped,SAL,n/a,active,,,,,,,,
288_lower,2024-07-22,2024-07-12 10:00:00-04:00,2024-08-09 10:00:00-04:00,2024-07-22 10:28:00-04:00,lower,executed,,flat,inactive,2024-07-22 10:28:00-04:00,2024-07-22 11:18:00-04:00,2388.3087445753154,2388.3087445753154,9.0,13.5,BE,0.0
287_lower,2024-07-11,2024-07-11 10:00:00-04:00,2024-08-08 10:00:00-04:00,2024-07-22 10:29:00-04:00,lower,skipped,position_open,open,inactive,,,,,,,,
294_upper,2024-07-24,2024-07-22 10:00:00-04:00,2024-08-19 10:00:00-04:00,2024-07-23 22:18:00-04:00,upper,executed,,flat,inactive,2024-07-23 22:18:00-04:00,2024-07-24 10:05:00-04:00,2416.598017628655,2427.698017628655,7.400000000000091,11.100000000000136,SL,-11.100000000000364
295_upper,2024-07-23,2024-07-23 10:00:00-04:00,2024-08-20 10:00:00-04:00,2024-07-24 08:55:00-04:00,upper,skipped,position_open,open,active,,,,,,,,
293_upper,2024-07-19,2024-07-19 10:00:00-04:00,2024-08-16 10:00:00-04:00,2024-07-24 09:00:00-04:00,upper,skipped,position_open,open,active,,,,,,,,
296_lower,2024-07-24,2024-07-24 10:00:00-04:00,2024-08-21 10:00:00-04:00,2024-07-24 15:59:00-04:00,lower,skipped,no_cutoff,n/a,n/a,,,,,,,,
295_lower,2024-07-25,2024-07-23 10:00:00-04:00,2024-08-20 10:00:00-04:00,2024-07-24 21:26:00-04:00,lower,executed,,flat,inactive,2024-07-24 21:26:00-04:00,2024-07-24 21:38:00-04:00,2386.8609457648136,2381.460945764814,3.599999999999909,5.399999999999864,SL,-5.399999999999636
293_lower,2024-07-19,2024-07-19 10:00:00-04:00,2024-08-16 10:00:00-04:00,2024-07-24 21:40:00-04:00,lower,skipped,SAL,n/a,active,,,,,,,,
294_lower,2024-07-22,2024-07-22 10:00:00-04:00,2024-08-19 10:00:00-04:00,2024-07-24 21:40:00-04:00,lower,skipped,SAL,n/a,active,,,,,,,,
286_lower,2024-07-10,2024-07-10 10:00:00-04:00,2024-08-07 10:00:00-04:00,2024-07-24 22:41:00-04:00,lower,skipped,SAL,n/a,active,,,,,,,,
282_lower,2024-07-04,2024-07-04 10:00:00-04:00,2024-08-01 10:00:00-04:00,2024-07-25 13:28:00-04:00,lower,skipped,blocked_time,n/a,n/a,,,,,,,,
285_lower,2024-07-09,2024-07-09 10:00:00-04:00,2024-08-06 10:00:00-04:00,2024-07-25 13:28:00-04:00,lower,skipped,blocked_time,n/a,n/a,,,,,,,,
297_upper,2024-07-26,2024-07-25 10:00:00-04:00,2024-08-22 10:00:00-04:00,2024-07-26 10:15:00-04:00,upper,executed,,flat,inactive,2024-07-26 10:15:00-04:00,2024-07-26 12:47:00-04:00,2388.6864404974663,2388.6864404974663,9.800000000000182,14.700000000000273,BE,-0.0
298_upper,2024-07-26,2024-07-26 10:00:00-04:00,2024-08-23 10:00:00-04:00,2024-07-28 18:15:00-04:00,upper,skipped,no_anchor,n/a,n/a,,,,,,,,
296_upper,2024-07-29,2024-07-24 10:00:00-04:00,2024-08-21 10:00:00-04:00,2024-07-28 20:00:00-04:00,upper,executed,,flat,inactive,2024-07-28 20:00:00-04:00,2024-07-28 21:33:00-04:00,2443.7,2437.25,4.299999999999727,6.449999999999591,TP,6.449999999999591
299_lower,2024-07-29,2024-07-29 10:00:00-04:00,2024-08-26 10:00:00-04:00,2024-07-29 11:15:00-04:00,lower,skipped,blocked_time,n/a,n/a,,,,,,,,
299_upper,2024-07-29,2024-07-29 10:00:00-04:00,2024-08-26 10:00:00-04:00,2024-07-30 13:01:00-04:00,upper,skipped,blocked_time,n/a,n/a,,,,,,,,
300_upper,2024-07-31,2024-07-30 10:00:00-04:00,2024-08-27 10:00:00-04:00,2024-07-30 23:13:00-04:00,upper,executed,,flat,inactive,2024-07-30 23:13:00-04:00,2024-07-31 01:31:00-04:00,2459.1903089520906,2466.6903089520906,5.0,7.5,SL,-7.5
292_upper,2024-07-18,2024-07-18 10:00:00-04:00,2024-08-15 10:00:00-04:00,2024-07-31 15:24:00-04:00,upper,skipped,no_cutoff,n/a,n/a,,,,,,,,
301_upper,2024-07-31,2024-07-31 10:00:00-04:00,2024-08-28 10:00:00-04:00,2024-07-31 15:25:00-04:00,upper,skipped,no_cutoff,n/a,n/a,,,,,,,,
291_upper,2024-08-01,2024-07-17 10:00:00-04:00,2024-08-14 10:00:00-04:00,2024-08-01 10:02:00-04:00,upper,executed,,flat,inactive,2024-08-01 10:02:00-04:00,2024-08-01 10:22:00-04:00,2504.762720972886,2490.962720972886,9.200000000000273,13.80000000000041,TP,13.80000000000041
302_upper,2024-08-02,2024-08-01 10:00:00-04:00,2024-08-29 10:00:00-04:00,2024-08-02 08:35:00-04:00,upper,executed,,flat,inactive,2024-08-02 08:35:00-04:00,2024-08-02 09:03:00-04:00,2522.1647586234685,2511.064758623469,7.399999999999636,11.099999999999454,TP,11.099999999999454
303_lower,2024-08-02,2024-08-02 10:00:00-04:00,2024-08-30 10:00:00-04:00,2024-08-02 10:37:00-04:00,lower,executed,,flat,inactive,2024-08-02 10:37:00-04:00,2024-08-02 11:13:00-04:00,2488.097153617946,2459.297153617946,19.199999999999818,28.799999999999727,SL,-28.799999999999727
302_lower,2024-08-01,2024-08-01 10:00:00-04:00,2024-08-29 10:00:00-04:00,2024-08-02 10:45:00-04:00,lower,skipped,position_open,open,active,,,,,,,,
301_lower,2024-08-05,2024-07-31 10:00:00-04:00,2024-08-28 10:00:00-04:00,2024-08-05 07:00:00-04:00,lower,executed,,flat,inactive,2024-08-05 07:00:00-04:00,2024-08-05 08:20:00-04:00,2446.4542678502735,2419.754267850273,17.800000000000182,26.700000000000273,SL,-26.700000000000273
300_lower,2024-07-30,2024-07-30 10:00:00-04:00,2024-08-27 10:00:00-04:00,2024-08-05 08:20:00-04:00,lower,skipped,SAL,n/a,active,,,,,,,,
304_upper,2024-08-06,2024-08-05 10:00:00-04:00,2024-09-02 10:00:00-04:00,2024-08-05 20:30:00-04:00,upper,executed,,flat,inactive,2024-08-05 20:30:00-04:00,2024-08-06 01:43:00-04:00,2455.110147200727,2446.2601472007273,5.900000000000091,8.850000000000136,TP,8.850000000000136
305_upper,2024-08-08,2024-08-06 10:00:00-04:00,2024-09-03 10:00:00-04:00,2024-08-08 10:21:00-04:00,upper,executed,,flat,inactive,2024-08-08 10:21:00-04:00,2024-08-08 12:23:00-04:00,2460.946400496196,2460.946400496196,13.700000000000273,20.55000000000041,BE,-0.0
306_upper,2024-08-07,2024-08-07 10:00:00-04:00,2024-09-04 10:00:00-04:00,2024-08-08 10:26:00-04:00,upper,skipped,position_open,open,inactive,,,,,,,,
307_upper,2024-08-09,2024-08-08 10:00:00-04:00,2024-09-05 10:00:00-04:00,2024-08-09 07:02:00-04:00,upper,executed,,flat,inactive,2024-08-09 07:02:00-04:00,2024-08-09 09:30:00-04:00,2471.515201647385,2471.515201647385,9.300000000000182,13.950000000000273,BE,-0.0
308_upper,2024-08-12,2024-08-09 10:00:00-04:00,2024-09-06 10:00:00-04:00,2024-08-12 09:41:00-04:00,upper,executed,,flat,inactive,2024-08-12 09:41:00-04:00,2024-08-12 10:13:00-04:00,2494.290962950153,2487.8409629501525,4.300000000000182,6.450000000000273,TP,6.450000000000273
309_upper,2024-08-12,2024-08-12 10:00:00-04:00,2024-09-09 10:00:00-04:00,2024-08-12 16:55:00-04:00,upper,skipped,no_cutoff,n/a,n/a,,,,,,,,
310_lower,2024-08-13,2024-08-13 10:00:00-04:00,2024-09-10 10:00:00-04:00,2024-08-14 11:33:00-04:00,lower,skipped,blocked_time,n/a,n/a,,,,,,,,
312_upper,2024-08-16,2024-08-15 10:00:00-04:00,2024-09-12 10:00:00-04:00,2024-08-16 08:06:00-04:00,upper,executed,,flat,inactive,2024-08-16 08:06:00-04:00,2024-08-16 08:53:00-04:00,2512.3854184582738,2524.2354184582737,7.900000000000091,11.850000000000136,SL,-11.849999999999909
311_upper,2024-08-14,2024-08-14 10:00:00-04:00,2024-09-11 10:00:00-04:00,2024-08-16 08:50:00-04:00,upper,skipped,position_open,open,active,,,,,,,,
303_upper,2024-08-02,2024-08-02 10:00:00-04:00,2024-08-30 10:00:00-04:00,2024-08-16 09:41:00-04:00,upper,skipped,SAL,n/a,active,,,,,,,,
310_upper,2024-08-13,2024-08-13 10:00:00-04:00,2024-09-10 10:00:00-04:00,2024-08-16 09:42:00-04:00,upper,skipped,SAL,n/a,active,,,,,,,,
314_upper,2024-08-20,2024-08-19 10:00:00-04:00,2024-09-16 10:00:00-04:00,2024-08-20 04:01:00-04:00,upper,executed,,flat,inactive,2024-08-20 04:01:00-04:00,2024-08-20 15:00:00-04:00,2554.7075921264855,2551.7,14.399999999999636,21.599999999999454,cutoff,3.0075921264856333
313_upper,2024-08-16,2024-08-16 10:00:00-04:00,2024-09-13 10:00:00-04:00,2024-08-20 04:03:00-04:00,upper,skipped,position_open,open,inactive,,,,,,,,
315_lower,2024-08-20,2024-08-20 10:00:00-04:00,2024-09-17 10:00:00-04:00,2024-08-20 12:03:00-04:00,lower,skipped,blocked_time,n/a,n/a,,,,,,,,
316_lower,2024-08-22,2024-08-21 10:00:00-04:00,2024-09-18 10:00:00-04:00,2024-08-22 10:14:00-04:00,lower,executed,,flat,inactive,2024-08-22 10:14:00-04:00,2024-08-22 11:33:00-04:00,2511.169718847646,2511.169718847646,19.200000000000273,28.80000000000041,BE,0.0
317_upper,2024-08-23,2024-08-22 10:00:00-04:00,2024-09-19 10:00:00-04:00,2024-08-23 10:06:00-04:00,upper,executed,,flat,inactive,2024-08-23 10:06:00-04:00,2024-08-23 11:09:00-04:00,2551.0742598417014,2551.0742598417014,9.5,14.25,BE,-0.0
318_upper,2024-08-26,2024-08-23 10:00:00-04:00,2024-09-20 10:00:00-04:00,2024-08-26 08:15:00-04:00,upper,executed,,flat,inactive,2024-08-26 08:15:00-04:00,2024-08-26 09:50:00-04:00,2562.7105429673265,2553.560542967327,6.099999999999909,9.149999999999864,TP,9.149999999999864
319_lower,2024-08-28,2024-08-26 10:00:00-04:00,2024-09-23 10:00:00-04:00,2024-08-28 08:11:00-04:00,lower,executed,,flat,inactive,2024-08-28 08:11:00-04:00,2024-08-28 09:29:00-04:00,2534.2881531923626,2541.938153192363,5.100000000000364,7.650000000000546,TP,7.650000000000546
323_lower,2024-08-30,2024-08-30 10:00:00-04:00,2024-09-27 10:00:00-04:00,2024-08-30 13:00:00-04:00,lower,skipped,blocked_time,n/a,n/a,,,,,,,,
322_lower,2024-09-02,2024-08-29 10:00:00-04:00,2024-09-26 10:00:00-04:00,2024-09-01 22:30:00-04:00,lower,executed,,flat,inactive,2024-09-01 22:30:00-04:00,2024-09-02 04:40:00-04:00,2523.3726645675415,2535.3726645675415,8.0,12.0,TP,12.0
320_lower,2024-09-03,2024-08-27 10:00:00-04:00,2024-09-24 10:00:00-04:00,2024-09-03 07:49:00-04:00,lower,executed,,flat,inactive,2024-09-03 07:49:00-04:00,2024-09-03 08:13:00-04:00,2520.593042560729,2533.6430425607286,8.699999999999818,13.049999999999727,TP,13.049999999999727
321_lower,2024-08-28,2024-08-28 10:00:00-04:00,2024-09-25 10:00:00-04:00,2024-09-03 07:52:00-04:00,lower,skipped,position_open,open,inactive,,,,,,,,
324_lower,2024-09-03,2024-09-02 10:00:00-04:00,2024-09-30 10:00:00-04:00,2024-09-03 09:39:00-04:00,lower,executed,,flat,inactive,2024-09-03 09:39:00-04:00,2024-09-03 15:00:00-04:00,2514.7373786362978,2520.5,15.199999999999818,22.799999999999727,cutoff,5.762621363702237
318_lower,2024-08-23,2024-08-23 10:00:00-04:00,2024-09-20 10:00:00-04:00,2024-09-03 09:49:00-04:00,lower,skipped,position_open,open,inactive,,,,,,,,
313_lower,2024-09-04,2024-08-16 10:00:00-04:00,2024-09-13 10:00:00-04:00,2024-09-04 05:00:00-04:00,lower,executed,,flat,inactive,2024-09-04 05:00:00-04:00,2024-09-04 06:40:00-04:00,2502.7084972999896,2519.2084972999896,11.0,16.5,TP,16.5
326_upper,2024-09-05,2024-09-04 10:00:00-04:00,2024-10-02 10:00:00-04:00,2024-09-05 04:26:00-04:00,upper,executed,,flat,inactive,2024-09-05 04:26:00-04:00,2024-09-05 08:21:00-04:00,2543.566088312545,2550.316088312545,4.5,6.75,SL,-6.75
324_upper,2024-09-02,2024-09-02 10:00:00-04:00,2024-09-30 10:00:00-04:00,2024-09-05 08:15:00-04:00,upper,skipped,position_open,open,active,,,,,,,,
325_upper,2024-09-03,2024-09-03 10:00:00-04:00,2024-10-01 10:00:00-04:00,2024-09-05 08:15:00-04:00,upper,skipped,position_open,open,active,,,,,,,,
327_lower,2024-09-05,2024-09-05 10:00:00-04:00,2024-10-03 10:00:00-04:00,2024-09-06 12:05:00-04:00,lower,skipped,blocked_time,n/a,n/a,,,,,,,,
328_lower,2024-09-06,2024-09-06 10:00:00-04:00,2024-10-04 10:00:00-04:00,2024-09-06 12:41:00-04:00,lower,skipped,blocked_time,n/a,n/a,,,,,,,,
329_upper,2024-09-11,2024-09-09 10:00:00-04:00,2024-10-07 10:00:00-04:00,2024-09-10 21:34:00-04:00,upper,executed,,flat,inactive,2024-09-10 21:34:00-04:00,2024-09-11 01:05:00-04:00,2549.4474524659536,2549.4474524659536,3.0,4.5,BE,-0.0
331_upper,2024-09-12,2024-09-11 10:00:00-04:00,2024-10-09 10:00:00-04:00,2024-09-12 08:40:00-04:00,upper,executed,,flat,inactive,2024-09-12 08:40:00-04:00,2024-09-12 09:09:00-04:00,2556.058119666138,2567.158119666138,7.400000000000091,11.100000000000136,SL,-11.100000000000364
328_upper,2024-09-06,2024-09-06 10:00:00-04:00,2024-10-04 10:00:00-04:00,2024-09-12 08:45:00-04:00,upper,skipped,position_open,open,active,,,,,,,,
330_upper,2024-09-10,2024-09-10 10:00:00-04:00,2024-10-08 10:00:00-04:00,2024-09-12 08:46:00-04:00,upper,skipped,position_open,open,active,,,,,,,,
320_upper,2024-08-27,2024-08-27 10:00:00-04:00,2024-09-24 10:00:00-04:00,2024-09-12 09:09:00-04:00,upper,skipped,SAL,n/a,active,,,,,,,,
321_upper,2024-08-28,2024-08-28 10:00:00-04:00,2024-09-25 10:00:00-04:00,2024-09-12 09:09:00-04:00,upper,skipped,SAL,n/a,active,,,,,,,,
322_upper,2024-08-29,2024-08-29 10:00:00-04:00,2024-09-26 10:00:00-04:00,2024-09-12 09:09:00-04:00,upper,skipped,SAL,n/a,active,,,,,,,,
323_upper,2024-08-30,2024-08-30 10:00:00-04:00,2024-09-27 10:00:00-04:00,2024-09-12 09:09:00-04:00,upper,skipped,SAL,n/a,active,,,,,,,,
327_upper,2024-09-05,2024-09-05 10:00:00-04:00,2024-10-03 10:00:00-04:00,2024-09-12 09:09:00-04:00,upper,skipped,SAL,n/a,active,,,,,,,,
316_upper,2024-08-21,2024-08-21 10:00:00-04:00,2024-09-18 10:00:00-04:00,2024-09-12 09:10:00-04:00,upper,skipped,SAL,n/a,active,,,,,,,,
319_upper,2024-08-26,2024-08-26 10:00:00-04:00,2024-09-23 10:00:00-04:00,2024-09-12 11:08:00-04:00,upper,skipped,blocked_time,n/a,n/a,,,,,,,,
315_upper,2024-09-13,2024-08-20 10:00:00-04:00,2024-09-17 10:00:00-04:00,2024-09-12 21:01:00-04:00,upper,executed,,flat,inactive,2024-09-12 21:01:00-04:00,2024-09-12 22:14:00-04:00,2591.7474278888535,2591.7474278888535,6.400000000000091,9.600000000000136,BE,-0.0
332_upper,2024-09-12,2024-09-12 10:00:00-04:00,2024-10-10 10:00:00-04:00,2024-09-12 21:10:00-04:00,upper,skipped,position_open,open,inactive,,,,,,,,
334_lower,2024-09-16,2024-09-16 10:00:00-04:00,2024-10-14 10:00:00-04:00,2024-09-17 11:34:00-04:00,lower,skipped,blocked_time,n/a,n/a,,,,,,,,
335_upper,2024-09-17,2024-09-17 10:00:00-04:00,2024-10-15 10:00:00-04:00,2024-09-18 14:22:00-04:00,upper,skipped,blocked_time,n/a,n/a,,,,,,,,
336_upper,2024-09-18,2024-09-18 10:00:00-04:00,2024-10-16 10:00:00-04:00,2024-09-18 14:33:00-04:00,upper,skipped,blocked_time,n/a,n/a,,,,,,,,
333_lower,2024-09-13,2024-09-13 10:00:00-04:00,2024-10-11 10:00:00-04:00,2024-09-18 15:07:00-04:00,lower,skipped,no_cutoff,n/a,n/a,,,,,,,,
335_lower,2024-09-17,2024-09-17 10:00:00-04:00,2024-10-15 10:00:00-04:00,2024-09-18 15:21:00-04:00,lower,skipped,no_cutoff,n/a,n/a,,,,,,,,
336_lower,2024-09-18,2024-09-18 10:00:00-04:00,2024-10-16 10:00:00-04:00,2024-09-18 15:23:00-04:00,lower,skipped,no_cutoff,n/a,n/a,,,,,,,,
337_upper,2024-09-19,2024-09-19 10:00:00-04:00,2024-10-17 10:00:00-04:00,2024-09-20 02:49:00-04:00,upper,skipped,simultaneous_collision,flat,inactive,,,,,,,,
333_upper,2024-09-20,2024-09-13 10:00:00-04:00,2024-10-11 10:00:00-04:00,2024-09-20 02:49:00-04:00,upper,executed,,flat,inactive,2024-09-20 02:49:00-04:00,2024-09-20 02:51:00-04:00,2627.745999248421,2632.0959992484204,2.899999999999636,4.349999999999454,SL,-4.349999999999454
334_upper,2024-09-16,2024-09-16 10:00:00-04:00,2024-10-14 10:00:00-04:00,2024-09-20 03:08:00-04:00,upper,skipped,SAL,n/a,active,,,,,,,,
338_upper,2024-09-23,2024-09-20 10:00:00-04:00,2024-10-18 10:00:00-04:00,2024-09-23 01:45:00-04:00,upper,executed,,flat,inactive,2024-09-23 01:45:00-04:00,2024-09-23 02:26:00-04:00,2656.0382439230707,2651.38824392307,3.100000000000364,4.650000000000546,TP,4.650000000000546
339_upper,2024-09-23,2024-09-23 10:00:00-04:00,2024-10-21 10:00:00-04:00,2024-09-24 12:40:00-04:00,upper,skipped,blocked_time,n/a,n/a,,,,,,,,
340_upper,2024-09-24,2024-09-24 10:00:00-04:00,2024-10-22 10:00:00-04:00,2024-09-24 14:22:00-04:00,upper,skipped,blocked_time,n/a,n/a,,,,,,,,
343_lower,2024-09-27,2024-09-27 10:00:00-04:00,2024-10-25 10:00:00-04:00,2024-09-27 13:38:00-04:00,lower,skipped,blocked_time,n/a,n/a,,,,,,,,
341_lower,2024-09-30,2024-09-25 10:00:00-04:00,2024-10-23 10:00:00-04:00,2024-09-30 06:32:00-04:00,lower,executed,,flat,inactive,2024-09-30 06:32:00-04:00,2024-09-30 07:01:00-04:00,2664.8966463137735,2656.9466463137733,5.300000000000182,7.950000000000273,SL,-7.950000000000273
342_lower,2024-09-26,2024-09-26 10:00:00-04:00,2024-10-24 10:00:00-04:00,2024-09-30 06:50:00-04:00,lower,skipped,position_open,open,active,,,,,,,,
344_upper,2024-10-01,2024-09-30 10:00:00-04:00,2024-10-28 10:00:00-04:00,2024-10-01 09:34:00-04:00,upper,executed,,flat,inactive,2024-10-01 09:34:00-04:00,2024-10-01 10:27:00-04:00,2685.6539561989593,2685.6539561989593,6.600000000000364,9.900000000000546,BE,-0.0
346_lower,2024-10-04,2024-10-02 10:00:00-04:00,2024-10-30 10:00:00-04:00,2024-10-04 08:31:00-04:00,lower,executed,,flat,inactive,2024-10-04 08:31:00-04:00,2024-10-04 08:34:00-04:00,2656.1049388192564,2664.0549388192558,5.299999999999727,7.949999999999591,TP,7.949999999999591
348_lower,2024-10-08,2024-10-04 10:00:00-04:00,2024-11-01 10:00:00-04:00,2024-10-08 04:19:00-04:00,lower,executed,,flat,inactive,2024-10-08 04:19:00-04:00,2024-10-08 06:08:00-04:00,2649.3751618959523,2661.3751618959523,8.0,12.0,TP,12.0
345_lower,2024-10-01,2024-10-01 10:00:00-04:00,2024-10-29 10:00:00-04:00,2024-10-08 04:22:00-04:00,lower,skipped,position_open,open,inactive,,,,,,,,
349_lower,2024-10-08,2024-10-07 10:00:00-04:00,2024-11-04 10:00:00-05:00,2024-10-08 10:32:00-04:00,lower,executed,,flat,inactive,2024-10-08 10:32:00-04:00,2024-10-08 11:33:00-04:00,2643.554198380364,2626.604198380364,11.300000000000182,16.950000000000273,SL,-16.950000000000273
347_lower,2024-10-03,2024-10-03 10:00:00-04:00,2024-10-31 10:00:00-04:00,2024-10-08 10:36:00-04:00,lower,skipped,position_open,open,active,,,,,,,,
340_lower,2024-09-24,2024-09-24 10:00:00-04:00,2024-10-22 10:00:00-04:00,2024-10-08 11:01:00-04:00,lower,skipped,blocked_time,n/a,n/a,,,,,,,,
350_lower,2024-10-08,2024-10-08 10:00:00-04:00,2024-11-05 10:00:00-05:00,2024-10-08 11:01:00-04:00,lower,skipped,blocked_time,n/a,n/a,,,,,,,,
344_lower,2024-09-30,2024-09-30 10:00:00-04:00,2024-10-28 10:00:00-04:00,2024-10-08 11:06:00-04:00,lower,skipped,blocked_time,n/a,n/a,,,,,,,,
339_lower,2024-09-23,2024-09-23 10:00:00-04:00,2024-10-21 10:00:00-04:00,2024-10-08 11:07:00-04:00,lower,skipped,blocked_time,n/a,n/a,,,,,,,,
351_upper,2024-10-11,2024-10-09 10:00:00-04:00,2024-11-06 10:00:00-05:00,2024-10-10 19:22:00-04:00,upper,executed,,flat,inactive,2024-10-10 19:22:00-04:00,2024-10-10 19:33:00-04:00,2649.4612236401927,2652.6112236401923,2.099999999999909,3.1499999999998636,SL,-3.149999999999636
352_upper,2024-10-10,2024-10-10 10:00:00-04:00,2024-11-07 10:00:00-05:00,2024-10-11 02:21:00-04:00,upper,skipped,SAL,n/a,active,,,,,,,,
350_upper,2024-10-08,2024-10-08 10:00:00-04:00,2024-11-05 10:00:00-05:00,2024-10-11 12:29:00-04:00,upper,skipped,blocked_time,n/a,n/a,,,,,,,,
353_upper,2024-10-11,2024-10-11 10:00:00-04:00,2024-11-08 10:00:00-05:00,2024-10-16 02:03:00-04:00,upper,skipped,simultaneous_collision,flat,inactive,,,,,,,,
349_upper,2024-10-16,2024-10-07 10:00:00-04:00,2024-11-04 10:00:00-05:00,2024-10-16 02:03:00-04:00,upper,executed,,flat,inactive,2024-10-16 02:03:00-04:00,2024-10-16 02:29:00-04:00,2687.5458016196358,2693.995801619636,4.300000000000182,6.450000000000273,SL,-6.450000000000273
355_upper,2024-10-15,2024-10-15 10:00:00-04:00,2024-11-12 10:00:00-05:00,2024-10-16 02:13:00-04:00,upper,skipped,position_open,open,active,,,,,,,,
347_upper,2024-10-03,2024-10-03 10:00:00-04:00,2024-10-31 10:00:00-04:00,2024-10-16 04:51:00-04:00,upper,skipped,SAL,n/a,active,,,,,,,,
348_upper,2024-10-04,2024-10-04 10:00:00-04:00,2024-11-01 10:00:00-04:00,2024-10-16 04:51:00-04:00,upper,skipped,SAL,n/a,active,,,,,,,,
354_upper,2024-10-14,2024-10-14 10:00:00-04:00,2024-11-11 10:00:00-05:00,2024-10-16 04:51:00-04:00,upper,skipped,SAL,n/a,active,,,,,,,,
346_upper,2024-10-02,2024-10-02 10:00:00-04:00,2024-10-30 10:00:00-04:00,2024-10-16 09:37:00-04:00,upper,skipped,SAL,n/a,active,,,,,,,,
345_upper,2024-10-01,2024-10-01 10:00:00-04:00,2024-10-29 10:00:00-04:00,2024-10-17 10:45:00-04:00,upper,skipped,simultaneous_collision,flat,inactive,,,,,,,,
341_upper,2024-10-17,2024-09-25 10:00:00-04:00,2024-10-23 10:00:00-04:00,2024-10-17 10:45:00-04:00,upper,executed,,flat,inactive,2024-10-17 10:45:00-04:00,2024-10-17 11:39:00-04:00,2711.6033536862265,2711.6033536862265,12.800000000000182,19.200000000000273,BE,-0.0
343_upper,2024-09-27,2024-09-27 10:00:00-04:00,2024-10-25 10:00:00-04:00,2024-10-17 10:46:00-04:00,upper,skipped,position_open,open,inactive,,,,,,,,
342_upper,2024-10-18,2024-09-26 10:00:00-04:00,2024-10-24 10:00:00-04:00,2024-10-17 21:34:00-04:00,upper,executed,,flat,inactive,2024-10-17 21:34:00-04:00,2024-10-17 21:49:00-04:00,2717.1972123705914,2721.3972123705917,2.800000000000182,4.200000000000273,SL,-4.200000000000273
356_upper,2024-10-16,2024-10-16 10:00:00-04:00,2024-11-13 10:00:00-05:00,2024-10-17 22:25:00-04:00,upper,skipped,SAL,n/a,active,,,,,,,,
357_upper,2024-10-17,2024-10-17 10:00:00-04:00,2024-11-14 10:00:00-05:00,2024-10-17 22:25:00-04:00,upper,skipped,SAL,n/a,active,,,,,,,,
358_upper,2024-10-21,2024-10-18 10:00:00-04:00,2024-11-15 10:00:00-05:00,2024-10-21 05:10:00-04:00,upper,executed,,flat,inactive,2024-10-21 05:10:00-04:00,2024-10-21 06:28:00-04:00,2748.520628395796,2743.1206283957963,3.599999999999909,5.399999999999864,TP,5.399999999999864
359_lower,2024-10-21,2024-10-21 10:00:00-04:00,2024-11-18 10:00:00-05:00,2024-10-21 15:01:00-04:00,lower,skipped,no_cutoff,n/a,n/a,,,,,,,,
360_lower,2024-10-23,2024-10-22 10:00:00-04:00,2024-11-19 10:00:00-05:00,2024-10-23 10:40:00-04:00,lower,executed,,flat,inactive,2024-10-23 10:40:00-04:00,2024-10-23 15:00:00-04:00,2730.288382409094,2727.5,12.599999999999909,18.899999999999864,cutoff,-2.7883824090940834
361_lower,2024-10-23,2024-10-23 10:00:00-04:00,2024-11-20 10:00:00-05:00,2024-10-23 11:12:00-04:00,lower,skipped,blocked_time,n/a,n/a,,,,,,,,
363_upper,2024-10-29,2024-10-25 10:00:00-04:00,2024-11-22 10:00:00-05:00,2024-10-28 21:37:00-04:00,upper,executed,,flat,inactive,2024-10-28 21:37:00-04:00,2024-10-28 22:06:00-04:00,2763.281888710456,2768.8318887104556,3.699999999999818,5.549999999999727,SL,-5.549999999999727
359_upper,2024-10-21,2024-10-21 10:00:00-04:00,2024-11-18 10:00:00-05:00,2024-10-29 09:46:00-04:00,upper,skipped,SAL,n/a,active,,,,,,,,
364_upper,2024-10-28,2024-10-28 10:00:00-04:00,2024-11-25 10:00:00-05:00,2024-10-29 09:46:00-04:00,upper,skipped,SAL,n/a,active,,,,,,,,
360_upper,2024-10-22,2024-10-22 10:00:00-04:00,2024-11-19 10:00:00-05:00,2024-10-29 09:51:00-04:00,upper,skipped,SAL,n/a,active,,,,,,,,
361_upper,2024-10-23,2024-10-23 10:00:00-04:00,2024-11-20 10:00:00-05:00,2024-10-29 10:00:00-04:00,upper,skipped,SAL,n/a,active,,,,,,,,
362_upper,2024-10-24,2024-10-24 10:00:00-04:00,2024-11-21 10:00:00-05:00,2024-10-29 10:17:00-04:00,upper,skipped,SAL,n/a,active,,,,,,,,
365_upper,2024-10-30,2024-10-29 10:00:00-04:00,2024-11-26 10:00:00-05:00,2024-10-30 02:10:00-04:00,upper,executed,,flat,inactive,2024-10-30 02:10:00-04:00,2024-10-30 08:15:00-04:00,2797.3432263583045,2787.143226358304,6.800000000000182,10.200000000000273,TP,10.200000000000273
366_lower,2024-10-31,2024-10-30 10:00:00-04:00,2024-11-27 10:00:00-05:00,2024-10-31 10:00:00-04:00,lower,executed,,flat,inactive,2024-10-31 10:00:00-04:00,2024-10-31 15:00:00-04:00,2763.985697149568,2758.2,19.699999999999818,29.549999999999727,cutoff,-5.785697149568023
367_lower,2024-10-31,2024-10-31 10:00:00-04:00,2024-11-28 10:00:00-05:00,2024-10-31 10:59:00-04:00,lower,skipped,position_open,open,active,,,,,,,,
365_lower,2024-10-29,2024-10-29 10:00:00-04:00,2024-11-26 10:00:00-05:00,2024-11-03 18:03:00-05:00,lower,skipped,no_anchor,n/a,n/a,,,,,,,,
368_lower,2024-11-01,2024-11-01 10:00:00-04:00,2024-11-29 10:00:00-05:00,2024-11-03 18:03:00-05:00,lower,skipped,no_anchor,n/a,n/a,,,,,,,,
370_lower,2024-11-05,2024-11-05 10:00:00-05:00,2024-12-03 10:00:00-05:00,2024-11-06 01:27:00-05:00,lower,skipped,simultaneous_collision,flat,inactive,,,,,,,,
364_lower,2024-11-06,2024-10-28 10:00:00-04:00,2024-11-25 10:00:00-05:00,2024-11-06 01:27:00-05:00,lower,executed,,flat,inactive,2024-11-06 01:27:00-05:00,2024-11-06 01:34:00-05:00,2730.0892972162355,2719.439297216236,7.099999999999909,10.649999999999864,SL,-10.649999999999636
369_lower,2024-11-04,2024-11-04 10:00:00-05:00,2024-12-02 10:00:00-05:00,2024-11-06 01:28:00-05:00,lower,skipped,position_open,open,active,,,,,,,,
362_lower,2024-10-24,2024-10-24 10:00:00-04:00,2024-11-21 10:00:00-05:00,2024-11-06 01:33:00-05:00,lower,skipped,position_open,open,active,,,,,,,,
363_lower,2024-10-25,2024-10-25 10:00:00-04:00,2024-11-22 10:00:00-05:00,2024-11-06 01:34:00-05:00,lower,skipped,SAL,n/a,active,,,,,,,,
358_lower,2024-10-18,2024-10-18 10:00:00-04:00,2024-11-15 10:00:00-05:00,2024-11-06 08:00:00-05:00,lower,skipped,SAL,n/a,active,,,,,,,,
357_lower,2024-10-17,2024-10-17 10:00:00-04:00,2024-11-14 10:00:00-05:00,2024-11-06 08:33:00-05:00,lower,skipped,SAL,n/a,active,,,,,,,,
356_lower,2024-10-16,2024-10-16 10:00:00-04:00,2024-11-13 10:00:00-05:00,2024-11-06 08:38:00-05:00,lower,skipped,SAL,n/a,active,,,,,,,,
371_upper,2024-11-07,2024-11-06 10:00:00-05:00,2024-12-04 10:00:00-05:00,2024-11-07 09:00:00-05:00,upper,executed,,flat,inactive,2024-11-07 09:00:00-05:00,2024-11-07 15:00:00-05:00,2692.671076564467,2700.8,12.800000000000182,19.200000000000273,cutoff,-8.128923435533125
373_lower,2024-11-11,2024-11-08 10:00:00-05:00,2024-12-06 10:00:00-05:00,2024-11-10 21:33:00-05:00,lower,executed,,flat,inactive,2024-11-10 21:33:00-05:00,2024-11-10 22:19:00-05:00,2676.8771926131953,2676.8771926131953,13.599999999999909,20.399999999999864,BE,0.0
372_lower,2024-11-07,2024-11-07 10:00:00-05:00,2024-12-05 10:00:00-05:00,2024-11-10 21:34:00-05:00,lower,skipped,position_open,open,inactive,,,,,,,,
354_lower,2024-11-11,2024-10-14 10:00:00-04:00,2024-11-11 10:00:00-05:00,2024-11-11 08:34:00-05:00,lower,executed,,flat,inactive,2024-11-11 08:34:00-05:00,2024-11-11 09:00:00-05:00,2649.477027766515,2639.1270277665153,6.900000000000091,10.350000000000136,SL,-10.349999999999909
355_lower,2024-10-15,2024-10-15 10:00:00-04:00,2024-11-12 10:00:00-05:00,2024-11-11 08:35:00-05:00,lower,skipped,position_open,open,active,,,,,,,,
371_lower,2024-11-06,2024-11-06 10:00:00-05:00,2024-12-04 10:00:00-05:00,2024-11-11 08:54:00-05:00,lower,skipped,position_open,open,active,,,,,,,,
374_lower,2024-11-12,2024-11-11 10:00:00-05:00,2024-12-09 10:00:00-05:00,2024-11-12 02:24:00-05:00,lower,executed,,flat,inactive,2024-11-12 02:24:00-05:00,2024-11-12 03:17:00-05:00,2609.1952781492155,2609.1952781492155,6.800000000000182,10.200000000000273,BE,0.0
375_lower,2024-11-12,2024-11-12 10:00:00-05:00,2024-12-10 10:00:00-05:00,2024-11-13 11:33:00-05:00,lower,skipped,blocked_time,n/a,n/a,,,,,,,,
376_lower,2024-11-13,2024-11-13 10:00:00-05:00,2024-12-11 10:00:00-05:00,2024-11-13 12:05:00-05:00,lower,skipped,blocked_time,n/a,n/a,,,,,,,,
377_upper,2024-11-18,2024-11-14 10:00:00-05:00,2024-12-12 10:00:00-05:00,2024-11-17 20:21:00-05:00,upper,executed,,flat,inactive,2024-11-17 20:21:00-05:00,2024-11-17 20:34:00-05:00,2589.209564888282,2600.459564888282,7.5,11.25,SL,-11.25
378_upper,2024-11-15,2024-11-15 10:00:00-05:00,2024-12-13 10:00:00-05:00,2024-11-17 20:30:00-05:00,upper,skipped,position_open,open,active,,,,,,,,
379_upper,2024-11-19,2024-11-18 10:00:00-05:00,2024-12-16 10:00:00-05:00,2024-11-19 03:43:00-05:00,upper,executed,,flat,inactive,2024-11-19 03:43:00-05:00,2024-11-19 07:56:00-05:00,2630.6592334195348,2642.3592334195346,7.799999999999727,11.69999999999959,SL,-11.699999999999818
375_upper,2024-11-12,2024-11-12 10:00:00-05:00,2024-12-10 10:00:00-05:00,2024-11-19 07:55:00-05:00,upper,skipped,position_open,open,active,,,,,,,,
376_upper,2024-11-20,2024-11-13 10:00:00-05:00,2024-12-11 10:00:00-05:00,2024-11-19 20:01:00-05:00,upper,executed,,flat,inactive,2024-11-19 20:01:00-05:00,2024-11-19 20:51:00-05:00,2643.8309727355504,2643.8309727355504,4.900000000000091,7.350000000000136,BE,-0.0
380_upper,2024-11-19,2024-11-19 10:00:00-05:00,2024-12-17 10:00:00-05:00,2024-11-20 11:04:00-05:00,upper,skipped,blocked_time,n/a,n/a,,,,,,,,
374_upper,2024-11-11,2024-11-11 10:00:00-05:00,2024-12-09 10:00:00-05:00,2024-11-20 12:00:00-05:00,upper,skipped,blocked_time,n/a,n/a,,,,,,,,
381_upper,2024-11-21,2024-11-20 10:00:00-05:00,2024-12-18 10:00:00-05:00,2024-11-21 03:21:00-05:00,upper,executed,,flat,inactive,2024-11-21 03:21:00-05:00,2024-11-21 06:16:00-05:00,2667.643455920255,2674.9934559202543,4.899999999999636,7.349999999999454,SL,-7.349999999999454
382_upper,2024-11-22,2024-11-21 10:00:00-05:00,2024-12-19 10:00:00-05:00,2024-11-21 23:50:00-05:00,upper,executed,,flat,inactive,2024-11-21 23:50:00-05:00,2024-11-22 01:54:00-05:00,2693.9186996716544,2693.9186996716544,9.5,14.25,BE,-0.0
383_upper,2024-11-22,2024-11-22 10:00:00-05:00,2024-12-20 10:00:00-05:00,2024-11-22 16:53:00-05:00,upper,skipped,no_cutoff,n/a,n/a,,,,,,,,
372_upper,2024-11-07,2024-11-07 10:00:00-05:00,2024-12-05 10:00:00-05:00,2024-11-24 18:31:00-05:00,upper,skipped,no_anchor,n/a,n/a,,,,,,,,
383_lower,2024-11-25,2024-11-22 10:00:00-05:00,2024-12-20 10:00:00-05:00,2024-11-24 22:28:00-05:00,lower,executed,,flat,inactive,2024-11-24 22:28:00-05:00,2024-11-25 00:32:00-05:00,2665.4077459181567,2665.4077459181567,12.400000000000091,18.600000000000136,BE,0.0
382_lower,2024-11-25,2024-11-21 10:00:00-05:00,2024-12-19 10:00:00-05:00,2024-11-25 09:21:00-05:00,lower,executed,,flat,inactive,2024-11-25 09:21:00-05:00,2024-11-25 12:20:00-05:00,2644.531300328346,2627.281300328346,11.5,17.25,SL,-17.25
381_lower,2024-11-20,2024-11-20 10:00:00-05:00,2024-12-18 10:00:00-05:00,2024-11-25 13:21:00-05:00,lower,skipped,blocked_time,n/a,n/a,,,,,,,,
384_lower,2024-11-25,2024-11-25 10:00:00-05:00,2024-12-23 10:00:00-05:00,2024-11-25 13:23:00-05:00,lower,skipped,blocked_time,n/a,n/a,,,,,,,,
380_lower,2024-11-19,2024-11-19 10:00:00-05:00,2024-12-17 10:00:00-05:00,2024-11-25 18:43:00-05:00,lower,skipped,no_anchor,n/a,n/a,,,,,,,,
385_upper,2024-11-27,2024-11-26 10:00:00-05:00,2024-12-24 10:00:00-05:00,2024-11-26 19:00:00-05:00,upper,executed,,flat,inactive,2024-11-26 19:00:00-05:00,2024-11-26 19:48:00-05:00,2657.7,2652.5999999999995,3.400000000000091,5.100000000000136,TP,5.100000000000136
384_upper,2024-11-27,2024-11-25 10:00:00-05:00,2024-12-23 10:00:00-05:00,2024-11-27 00:42:00-05:00,upper,executed,,flat,inactive,2024-11-27 00:42:00-05:00,2024-11-27 01:09:00-05:00,2670.7315440874604,2664.7315440874604,4.0,6.0,TP,6.0
386_lower,2024-11-28,2024-11-27 10:00:00-05:00,2024-12-26 10:00:00-05:00,2024-11-27 20:02:00-05:00,lower,executed,,flat,inactive,2024-11-27 20:02:00-05:00,2024-11-27 20:08:00-05:00,2656.140462386254,2651.0404623862546,3.399999999999636,5.099999999999454,SL,-5.099999999999454
387_upper,2024-11-29,2024-11-28 10:00:00-05:00,2024-12-27 10:00:00-05:00,2024-11-29 01:07:00-05:00,upper,executed,,flat,inactive,2024-11-29 01:07:00-05:00,2024-11-29 01:59:00-05:00,2689.2431917048016,2689.2431917048016,4.800000000000182,7.200000000000273,BE,-0.0
388_lower,2024-12-02,2024-11-29 10:00:00-05:00,2024-12-30 10:00:00-05:00,2024-12-01 19:43:00-05:00,lower,executed,,flat,inactive,2024-12-01 19:43:00-05:00,2024-12-02 15:00:00-05:00,2658.051872954378,2659.7,12.900000000000091,19.350000000000136,cutoff,1.6481270456220045
387_lower,2024-11-28,2024-11-28 10:00:00-05:00,2024-12-27 10:00:00-05:00,2024-12-01 20:20:00-05:00,lower,skipped,position_open,open,inactive,,,,,,,,
391_lower,2024-12-05,2024-12-04 10:00:00-05:00,2025-01-03 10:00:00-05:00,2024-12-05 10:41:00-05:00,lower,executed,,flat,inactive,2024-12-05 10:41:00-05:00,2024-12-05 12:12:00-05:00,2655.8860219808957,2655.8860219808957,11.0,16.5,BE,0.0
389_lower,2024-12-02,2024-12-02 10:00:00-05:00,2024-12-31 10:00:00-05:00,2024-12-05 12:20:00-05:00,lower,skipped,blocked_time,n/a,n/a,,,,,,,,
390_lower,2024-12-03,2024-12-03 10:00:00-05:00,2025-01-02 10:00:00-05:00,2024-12-05 12:20:00-05:00,lower,skipped,blocked_time,n/a,n/a,,,,,,,,
392_lower,2024-12-05,2024-12-05 10:00:00-05:00,2025-01-06 10:00:00-05:00,2024-12-05 12:43:00-05:00,lower,skipped,blocked_time,n/a,n/a,,,,,,,,
393_upper,2024-12-09,2024-12-06 10:00:00-05:00,2025-01-07 10:00:00-05:00,2024-12-09 04:19:00-05:00,upper,executed,,flat,inactive,2024-12-09 04:19:00-05:00,2024-12-09 08:32:00-05:00,2674.616152873711,2682.7161528737115,5.400000000000091,8.100000000000136,SL,-8.100000000000364
392_upper,2024-12-05,2024-12-05 10:00:00-05:00,2025-01-06 10:00:00-05:00,2024-12-09 08:58:00-05:00,upper,skipped,SAL,n/a,active,,,,,,,,
389_upper,2024-12-02,2024-12-02 10:00:00-05:00,2024-12-31 10:00:00-05:00,2024-12-09 09:27:00-05:00,upper,skipped,SAL,n/a,active,,,,,,,,
391_upper,2024-12-04,2024-12-04 10:00:00-05:00,2025-01-03 10:00:00-05:00,2024-12-09 09:32:00-05:00,upper,skipped,SAL,n/a,active,,,,,,,,
386_upper,2024-11-27,2024-11-27 10:00:00-05:00,2024-12-26 10:00:00-05:00,2024-12-09 09:55:00-05:00,upper,skipped,SAL,n/a,active,,,,,,,,
390_upper,2024-12-03,2024-12-03 10:00:00-05:00,2025-01-02 10:00:00-05:00,2024-12-09 09:58:00-05:00,upper,skipped,SAL,n/a,active,,,,,,,,
388_upper,2024-12-10,2024-11-29 10:00:00-05:00,2024-12-30 10:00:00-05:00,2024-12-10 07:09:00-05:00,upper,executed,,flat,inactive,2024-12-10 07:09:00-05:00,2024-12-10 07:55:00-05:00,2701.1981270456217,2701.1981270456217,6.0,9.0,BE,-0.0
394_upper,2024-12-10,2024-12-09 10:00:00-05:00,2025-01-08 10:00:00-05:00,2024-12-10 09:42:00-05:00,upper,executed,,flat,inactive,2024-12-10 09:42:00-05:00,2024-12-10 10:58:00-05:00,2714.0020318419247,2714.0020318419247,10.400000000000091,15.600000000000136,BE,-0.0
395_upper,2024-12-11,2024-12-10 10:00:00-05:00,2025-01-09 10:00:00-05:00,2024-12-10 19:51:00-05:00,upper,executed,,flat,inactive,2024-12-10 19:51:00-05:00,2024-12-11 04:07:00-05:00,2732.418128296842,2723.418128296842,6.0,9.0,TP,9.0
396_lower,2024-12-12,2024-12-11 10:00:00-05:00,2025-01-10 10:00:00-05:00,2024-12-12 09:35:00-05:00,lower,executed,,flat,inactive,2024-12-12 09:35:00-05:00,2024-12-12 10:33:00-05:00,2707.5870705733946,2707.5870705733946,16.699999999999818,25.049999999999727,BE,0.0
395_lower,2024-12-13,2024-12-10 10:00:00-05:00,2025-01-09 10:00:00-05:00,2024-12-13 04:52:00-05:00,lower,executed,,flat,inactive,2024-12-13 04:52:00-05:00,2024-12-13 15:00:00-05:00,2689.681871703158,2671.4,12.800000000000182,19.200000000000273,cutoff,-18.281871703157776
397_lower,2024-12-12,2024-12-12 10:00:00-05:00,2025-01-13 10:00:00-05:00,2024-12-13 05:06:00-05:00,lower,skipped,position_open,open,active,,,,,,,,
394_lower,2024-12-09,2024-12-09 10:00:00-05:00,2025-01-08 10:00:00-05:00,2024-12-13 13:41:00-05:00,lower,skipped,blocked_time,n/a,n/a,,,,,,,,
399_lower,2024-12-16,2024-12-16 10:00:00-05:00,2025-01-15 10:00:00-05:00,2024-12-17 03:57:00-05:00,lower,skipped,simultaneous_collision,flat,inactive,,,,,,,,
398_lower,2024-12-17,2024-12-13 10:00:00-05:00,2025-01-14 10:00:00-05:00,2024-12-17 03:57:00-05:00,lower,executed,,flat,inactive,2024-12-17 03:57:00-05:00,2024-12-17 08:52:00-05:00,2660.3403344448857,2648.490334444886,7.900000000000091,11.850000000000136,SL,-11.849999999999909
401_lower,2024-12-18,2024-12-18 10:00:00-05:00,2025-01-17 10:00:00-05:00,2024-12-18 14:06:00-05:00,lower,skipped,blocked_time,n/a,n/a,,,,,,,,
400_lower,2024-12-17,2024-12-17 10:00:00-05:00,2025-01-16 10:00:00-05:00,2024-12-18 14:09:00-05:00,lower,skipped,blocked_time,n/a,n/a,,,,,,,,
393_lower,2024-12-06,2024-12-06 10:00:00-05:00,2025-01-07 10:00:00-05:00,2024-12-18 14:38:00-05:00,lower,skipped,blocked_time,n/a,n/a,,,,,,,,
385_lower,2024-11-26,2024-11-26 10:00:00-05:00,2024-12-24 10:00:00-05:00,2024-12-18 16:54:00-05:00,lower,skipped,no_cutoff,n/a,n/a,,,,,,,,
402_upper,2024-12-20,2024-12-19 10:00:00-05:00,2025-01-20 10:00:00-05:00,2024-12-20 09:31:00-05:00,upper,executed,,flat,inactive,2024-12-20 09:31:00-05:00,2024-12-20 15:00:00-05:00,2633.745653390768,2646.5,15.099999999999909,22.649999999999864,cutoff,-12.754346609232016
403_upper,2024-12-20,2024-12-20 10:00:00-05:00,2025-01-21 10:00:00-05:00,2024-12-20 10:55:00-05:00,upper,skipped,position_open,open,active,,,,,,,,
404_upper,2024-12-26,2024-12-23 10:00:00-05:00,2025-01-22 10:00:00-05:00,2024-12-26 10:08:00-05:00,upper,executed,,flat,inactive,2024-12-26 10:08:00-05:00,2024-12-26 15:00:00-05:00,2649.7746249731954,2653.6,7.900000000000091,11.850000000000136,cutoff,-3.8253750268045223
405_upper,2024-12-24,2024-12-24 10:00:00-05:00,2025-01-23 10:00:00-05:00,2024-12-26 10:09:00-05:00,upper,skipped,position_open,open,active,,,,,,,,
406_lower,2024-12-30,2024-12-26 10:00:00-05:00,2025-01-24 10:00:00-05:00,2024-12-30 03:50:00-05:00,lower,executed,,flat,inactive,2024-12-30 03:50:00-05:00,2024-12-30 04:47:00-05:00,2625.1594567771253,2625.1594567771253,4.300000000000182,6.450000000000273,BE,0.0
403_lower,2024-12-30,2024-12-20 10:00:00-05:00,2025-01-21 10:00:00-05:00,2024-12-30 10:07:00-05:00,lower,executed,,flat,inactive,2024-12-30 10:07:00-05:00,2024-12-30 10:59:00-05:00,2613.5333557962053,2613.5333557962053,10.0,15.0,BE,0.0
404_lower,2024-12-23,2024-12-23 10:00:00-05:00,2025-01-22 10:00:00-05:00,2024-12-30 10:34:00-05:00,lower,skipped,position_open,open,inactive,,,,,,,,
405_lower,2024-12-24,2024-12-24 10:00:00-05:00,2025-01-23 10:00:00-05:00,2024-12-30 11:22:00-05:00,lower,skipped,blocked_time,n/a,n/a,,,,,,,,
407_lower,2024-12-27,2024-12-27 10:00:00-05:00,2025-01-27 10:00:00-05:00,2024-12-30 11:22:00-05:00,lower,skipped,blocked_time,n/a,n/a,,,,,,,,
409_upper,2024-12-31,2024-12-31 10:00:00-05:00,2025-01-29 10:00:00-05:00,2025-01-01 20:06:00-05:00,upper,skipped,simultaneous_collision,flat,inactive,,,,,,,,
408_upper,2025-01-02,2024-12-30 10:00:00-05:00,2025-01-28 10:00:00-05:00,2025-01-01 20:06:00-05:00,upper,executed,,flat,inactive,2025-01-01 20:06:00-05:00,2025-01-02 04:01:00-05:00,2642.6138318333346,2650.4138318333353,5.200000000000273,7.800000000000409,SL,-7.800000000000637
407_upper,2024-12-27,2024-12-27 10:00:00-05:00,2025-01-27 10:00:00-05:00,2025-01-01 21:23:00-05:00,upper,skipped,position_open,open,active,,,,,,,,
406_upper,2024-12-26,2024-12-26 10:00:00-05:00,2025-01-24 10:00:00-05:00,2025-01-02 09:15:00-05:00,upper,skipped,SAL,n/a,active,,,,,,,,
401_upper,2024-12-18,2024-12-18 10:00:00-05:00,2025-01-17 10:00:00-05:00,2025-01-02 11:46:00-05:00,upper,skipped,blocked_time,n/a,n/a,,,,,,,,
400_upper,2024-12-17,2024-12-17 10:00:00-05:00,2025-01-16 10:00:00-05:00,2025-01-02 11:56:00-05:00,upper,skipped,blocked_time,n/a,n/a,,,,,,,,
410_upper,2025-01-03,2025-01-02 10:00:00-05:00,2025-01-30 10:00:00-05:00,2025-01-02 22:08:00-05:00,upper,executed,,flat,inactive,2025-01-02 22:08:00-05:00,2025-01-02 23:19:00-05:00,2678.593775083694,2678.593775083694,8.099999999999909,12.149999999999864,BE,-0.0
411_lower,2025-01-03,2025-01-03 10:00:00-05:00,2025-01-31 10:00:00-05:00,2025-01-06 00:33:00-05:00,lower,skipped,simultaneous_collision,flat,inactive,,,,,,,,
410_lower,2025-01-06,2025-01-02 10:00:00-05:00,2025-01-30 10:00:00-05:00,2025-01-06 00:33:00-05:00,lower,executed,,flat,inactive,2025-01-06 00:33:00-05:00,2025-01-06 01:22:00-05:00,2643.0062249163066,2643.0062249163066,7.700000000000273,11.55000000000041,BE,0.0
412_upper,2025-01-07,2025-01-06 10:00:00-05:00,2025-02-03 10:00:00-05:00,2025-01-07 07:08:00-05:00,upper,executed,,flat,inactive,2025-01-07 07:08:00-05:00,2025-01-07 08:20:00-05:00,2662.4073964896875,2672.3073964896876,6.599999999999909,9.899999999999864,SL,-9.900000000000091
411_upper,2025-01-08,2025-01-03 10:00:00-05:00,2025-01-31 10:00:00-05:00,2025-01-08 09:37:00-05:00,upper,executed,,flat,inactive,2025-01-08 09:37:00-05:00,2025-01-08 10:37:00-05:00,2683.383789927542,2683.383789927542,11.400000000000091,17.100000000000136,BE,-0.0
413_upper,2025-01-09,2025-01-07 10:00:00-05:00,2025-02-04 10:00:00-05:00,2025-01-09 08:27:00-05:00,upper,executed,,flat,inactive,2025-01-09 08:27:00-05:00,2025-01-09 09:52:00-05:00,2694.7961929178114,2694.7961929178114,6.200000000000273,9.30000000000041,BE,-0.0
399_upper,2024-12-16,2024-12-16 10:00:00-05:00,2025-01-15 10:00:00-05:00,2025-01-09 08:35:00-05:00,upper,skipped,position_open,open,inactive,,,,,,,,
414_upper,2025-01-08,2025-01-08 10:00:00-05:00,2025-02-05 10:00:00-05:00,2025-01-09 22:32:00-05:00,upper,skipped,simultaneous_collision,flat,inactive,,,,,,,,
398_upper,2025-01-10,2024-12-13 10:00:00-05:00,2025-01-14 10:00:00-05:00,2025-01-09 22:32:00-05:00,upper,executed,,flat,inactive,2025-01-09 22:32:00-05:00,2025-01-10 00:29:00-05:00,2698.4096655551148,2698.4096655551148,4.5,6.75,BE,-0.0
415_upper,2025-01-10,2025-01-09 10:00:00-05:00,2025-02-06 10:00:00-05:00,2025-01-10 03:44:00-05:00,upper,executed,,flat,inactive,2025-01-10 03:44:00-05:00,2025-01-10 05:18:00-05:00,2708.929476759919,2708.929476759919,6.0,9.0,BE,-0.0
397_upper,2025-01-10,2024-12-12 10:00:00-05:00,2025-01-13 10:00:00-05:00,2025-01-10 09:33:00-05:00,upper,executed,,flat,inactive,2025-01-10 09:33:00-05:00,2025-01-10 10:33:00-05:00,2733.1295218746345,2733.1295218746345,27.40000000000009,41.100000000000136,BE,-0.0
416_lower,2025-01-13,2025-01-10 10:00:00-05:00,2025-02-07 10:00:00-05:00,2025-01-13 07:00:00-05:00,lower,executed,,flat,inactive,2025-01-13 07:00:00-05:00,2025-01-13 07:29:00-05:00,2699.3611976705597,2686.7611976705593,8.400000000000091,12.600000000000136,SL,-12.600000000000364
418_upper,2025-01-14,2025-01-14 10:00:00-05:00,2025-02-11 10:00:00-05:00,2025-01-14 18:00:00-05:00,upper,skipped,no_anchor,n/a,n/a,,,,,,,,
417_upper,2025-01-15,2025-01-13 10:00:00-05:00,2025-02-10 10:00:00-05:00,2025-01-15 04:45:00-05:00,upper,executed,,flat,inactive,2025-01-15 04:45:00-05:00,2025-01-15 05:32:00-05:00,2708.90585155006,2708.90585155006,5.0,7.5,BE,-0.0
419_upper,2025-01-16,2025-01-15 10:00:00-05:00,2025-02-12 10:00:00-05:00,2025-01-16 04:20:00-05:00,upper,executed,,flat,inactive,2025-01-16 04:20:00-05:00,2025-01-16 08:52:00-05:00,2735.1787182633393,2745.97871826334,7.200000000000273,10.80000000000041,SL,-10.800000000000637
416_upper,2025-01-10,2025-01-10 10:00:00-05:00,2025-02-07 10:00:00-05:00,2025-01-16 11:37:00-05:00,upper,skipped,blocked_time,n/a,n/a,,,,,,,,
420_lower,2025-01-20,2025-01-16 10:00:00-05:00,2025-02-13 10:00:00-05:00,2025-01-20 08:37:00-05:00,lower,executed,,flat,inactive,2025-01-20 08:37:00-05:00,2025-01-20 08:46:00-05:00,2727.2257965787676,2733.675796578768,4.300000000000182,6.450000000000273,TP,6.450000000000273
422_upper,2025-01-21,2025-01-20 10:00:00-05:00,2025-02-17 10:00:00-05:00,2025-01-21 09:54:00-05:00,upper,executed,,flat,inactive,2025-01-21 09:54:00-05:00,2025-01-21 10:50:00-05:00,2753.322347830474,2753.322347830474,7.099999999999909,10.649999999999864,BE,-0.0
421_upper,2025-01-22,2025-01-17 10:00:00-05:00,2025-02-14 10:00:00-05:00,2025-01-21 19:58:00-05:00,upper,executed,,flat,inactive,2025-01-21 19:58:00-05:00,2025-01-21 21:05:00-05:00,2763.742214937921,2763.742214937921,3.200000000000273,4.800000000000409,BE,-0.0
420_upper,2025-01-22,2025-01-16 10:00:00-05:00,2025-02-13 10:00:00-05:00,2025-01-21 22:37:00-05:00,upper,executed,,flat,inactive,2025-01-21 22:37:00-05:00,2025-01-22 04:28:00-05:00,2765.924203421232,2772.8242034212317,4.599999999999909,6.899999999999864,SL,-6.899999999999636
423_upper,2025-01-21,2025-01-21 10:00:00-05:00,2025-02-18 10:00:00-05:00,2025-01-22 00:47:00-05:00,upper,skipped,position_open,open,active,,,,,,,,
424_lower,2025-01-23,2025-01-22 10:00:00-05:00,2025-02-19 10:00:00-05:00,2025-01-23 08:26:00-05:00,lower,executed,,flat,inactive,2025-01-23 08:26:00-05:00,2025-01-23 11:36:00-05:00,2743.1114063690875,2760.3614063690875,11.5,17.25,TP,17.25
425_upper,2025-01-24,2025-01-23 10:00:00-05:00,2025-02-20 10:00:00-05:00,2025-01-23 20:59:00-05:00,upper,executed,,flat,inactive,2025-01-23 20:59:00-05:00,2025-01-23 21:46:00-05:00,2770.8513886009955,2781.3513886009955,7.0,10.5,SL,-10.5
424_upper,2025-01-22,2025-01-22 10:00:00-05:00,2025-02-19 10:00:00-05:00,2025-01-24 08:01:00-05:00,upper,skipped,SAL,n/a,active,,,,,,,,
426_lower,2025-01-27,2025-01-24 10:00:00-05:00,2025-02-21 10:00:00-05:00,2025-01-26 21:18:00-05:00,lower,executed,,flat,inactive,2025-01-26 21:18:00-05:00,2025-01-27 10:04:00-05:00,2761.56172198266,2745.81172198266,10.5,15.75,SL,-15.75
428_upper,2025-01-28,2025-01-28 10:00:00-05:00,2025-02-25 10:00:00-05:00,2025-01-28 19:00:00-05:00,upper,skipped,simultaneous_collision,flat,inactive,,,,,,,,
427_upper,2025-01-29,2025-01-27 10:00:00-05:00,2025-02-24 10:00:00-05:00,2025-01-28 19:00:00-05:00,upper,executed,,flat,inactive,2025-01-28 19:00:00-05:00,2025-01-28 20:16:00-05:00,2797.0,2800.0,2.0,3.0,SL,-3.0
426_upper,2025-01-30,2025-01-24 10:00:00-05:00,2025-02-21 10:00:00-05:00,2025-01-30 02:02:00-05:00,upper,executed,,flat,inactive,2025-01-30 02:02:00-05:00,2025-01-30 05:24:00-05:00,2805.0382780173404,2816.13827801734,7.399999999999636,11.099999999999454,SL,-11.099999999999454
429_upper,2025-01-29,2025-01-29 10:00:00-05:00,2025-02-26 10:00:00-05:00,2025-01-30 06:19:00-05:00,upper,skipped,SAL,n/a,active,,,,,,,,
430_upper,2025-01-30,2025-01-30 10:00:00-05:00,2025-02-27 10:00:00-05:00,2025-01-30 11:00:00-05:00,upper,skipped,blocked_time,n/a,n/a,,,,,,,,
431_lower,2025-01-31,2025-01-31 10:00:00-05:00,2025-02-28 10:00:00-05:00,2025-01-31 15:00:00-05:00,lower,skipped,no_cutoff,n/a,n/a,,,,,,,,
430_lower,2025-02-03,2025-01-30 10:00:00-05:00,2025-02-27 10:00:00-05:00,2025-02-02 21:10:00-05:00,lower,executed,,flat,inactive,2025-02-02 21:10:00-05:00,2025-02-02 22:23:00-05:00,2807.964983824248,2807.964983824248,15.900000000000091,23.850000000000136,BE,0.0
431_upper,2025-01-31,2025-01-31 10:00:00-05:00,2025-02-28 10:00:00-05:00,2025-02-04 12:32:00-05:00,upper,skipped,blocked_time,n/a,n/a,,,,,,,,
432_upper,2025-02-05,2025-02-03 10:00:00-05:00,2025-03-03 10:00:00-05:00,2025-02-05 01:24:00-05:00,upper,executed,,flat,inactive,2025-02-05 01:24:00-05:00,2025-02-05 02:47:00-05:00,2888.1891833126183,2888.1891833126183,5.099999999999909,7.649999999999864,BE,-0.0
433_upper,2025-02-05,2025-02-04 10:00:00-05:00,2025-03-04 10:00:00-05:00,2025-02-05 03:11:00-05:00,upper,executed,,flat,inactive,2025-02-05 03:11:00-05:00,2025-02-05 08:51:00-05:00,2891.9007181357347,2879.3007181357343,8.400000000000091,12.600000000000136,TP,12.600000000000136
434_lower,2025-02-06,2025-02-05 10:00:00-05:00,2025-03-05 10:00:00-05:00,2025-02-06 09:59:00-05:00,lower,executed,,flat,inactive,2025-02-06 09:59:00-05:00,2025-02-06 15:00:00-05:00,2862.2283180078584,2878.1,11.0,16.5,cutoff,15.871681992141475
435_upper,2025-02-10,2025-02-06 10:00:00-05:00,2025-03-06 10:00:00-05:00,2025-02-10 01:46:00-05:00,upper,executed,,flat,inactive,2025-02-10 01:46:00-05:00,2025-02-10 01:48:00-05:00,2911.1657774536134,2915.6657774536134,3.0,4.5,SL,-4.5
434_upper,2025-02-05,2025-02-05 10:00:00-05:00,2025-03-05 10:00:00-05:00,2025-02-10 02:29:00-05:00,upper,skipped,SAL,n/a,active,,,,,,,,
436_upper,2025-02-07,2025-02-07 10:00:00-05:00,2025-03-07 10:00:00-05:00,2025-02-10 02:31:00-05:00,upper,skipped,SAL,n/a,active,,,,,,,,
437_upper,2025-02-11,2025-02-10 10:00:00-05:00,2025-03-10 10:00:00-04:00,2025-02-10 20:11:00-05:00,upper,executed,,flat,inactive,2025-02-10 20:11:00-05:00,2025-02-10 21:02:00-05:00,2951.372821253485,2962.622821253485,7.5,11.25,SL,-11.25
437_lower,2025-02-10,2025-02-10 10:00:00-05:00,2025-03-10 10:00:00-04:00,2025-02-11 08:19:00-05:00,lower,skipped,SAL,n/a,active,,,,,,,,
438_lower,2025-02-12,2025-02-11 10:00:00-05:00,2025-03-11 10:00:00-04:00,2025-02-12 08:14:00-05:00,lower,executed,,flat,inactive,2025-02-12 08:14:00-05:00,2025-02-12 08:30:00-05:00,2901.741641835064,2889.741641835064,8.0,12.0,SL,-12.0
439_upper,2025-02-13,2025-02-12 10:00:00-05:00,2025-03-12 10:00:00-04:00,2025-02-12 23:14:00-05:00,upper,executed,,flat,inactive,2025-02-12 23:14:00-05:00,2025-02-13 15:00:00-05:00,2946.262740879067,2954.9,11.400000000000091,17.100000000000136,cutoff,-8.637259120932868
438_upper,2025-02-11,2025-02-11 10:00:00-05:00,2025-03-11 10:00:00-04:00,2025-02-13 13:59:00-05:00,upper,skipped,blocked_time,n/a,n/a,,,,,,,,
440_upper,2025-02-14,2025-02-13 10:00:00-05:00,2025-03-13 10:00:00-04:00,2025-02-13 20:21:00-05:00,upper,executed,,flat,inactive,2025-02-13 20:21:00-05:00,2025-02-13 20:52:00-05:00,2963.60515474111,2959.55515474111,2.699999999999818,4.049999999999727,TP,4.049999999999727
441_lower,2025-02-14,2025-02-14 10:00:00-05:00,2025-03-14 10:00:00-04:00,2025-02-14 10:22:00-05:00,lower,executed,,flat,inactive,2025-02-14 10:22:00-05:00,2025-02-14 14:51:00-05:00,2917.7565781467133,2894.2065781467136,15.699999999999818,23.549999999999727,SL,-23.549999999999727
440_lower,2025-02-13,2025-02-13 10:00:00-05:00,2025-03-13 10:00:00-04:00,2025-02-14 10:27:00-05:00,lower,skipped,position_open,open,active,,,,,,,,
439_lower,2025-02-12,2025-02-12 10:00:00-05:00,2025-03-12 10:00:00-04:00,2025-02-14 12:43:00-05:00,lower,skipped,blocked_time,n/a,n/a,,,,,,,,
442_upper,2025-02-18,2025-02-17 10:00:00-05:00,2025-03-17 10:00:00-04:00,2025-02-18 08:42:00-05:00,upper,executed,,flat,inactive,2025-02-18 08:42:00-05:00,2025-02-18 10:08:00-05:00,2935.478956153607,2946.128956153607,7.099999999999909,10.649999999999864,SL,-10.649999999999636
443_upper,2025-02-19,2025-02-18 10:00:00-05:00,2025-03-18 10:00:00-04:00,2025-02-19 04:19:00-05:00,upper,executed,,flat,inactive,2025-02-19 04:19:00-05:00,2025-02-19 05:05:00-05:00,2963.902444568062,2963.902444568062,6.400000000000091,9.600000000000136,BE,-0.0
441_upper,2025-02-20,2025-02-14 10:00:00-05:00,2025-03-14 10:00:00-04:00,2025-02-20 02:37:00-05:00,upper,executed,,flat,inactive,2025-02-20 02:37:00-05:00,2025-02-20 06:50:00-05:00,2970.5934218532866,2964.293421853287,4.199999999999818,6.299999999999727,TP,6.299999999999727
448_lower,2025-02-25,2025-02-25 10:00:00-05:00,2025-03-25 10:00:00-04:00,2025-02-25 10:21:00-05:00,lower,skipped,simultaneous_collision,flat,inactive,,,,,,,,
447_lower,2025-02-25,2025-02-24 10:00:00-05:00,2025-03-24 10:00:00-04:00,2025-02-25 10:21:00-05:00,lower,executed,,flat,inactive,2025-02-25 10:21:00-05:00,2025-02-25 11:07:00-05:00,2930.1362638428473,2908.9862638428476,14.099999999999909,21.149999999999864,SL,-21.149999999999636
444_lower,2025-02-19,2025-02-19 10:00:00-05:00,2025-03-19 10:00:00-04:00,2025-02-25 10:24:00-05:00,lower,skipped,position_open,open,active,,,,,,,,
445_lower,2025-02-20,2025-02-20 10:00:00-05:00,2025-03-20 10:00:00-04:00,2025-02-25 10:24:00-05:00,lower,skipped,position_open,open,active,,,,,,,,
446_lower,2025-02-21,2025-02-21 10:00:00-05:00,2025-03-21 10:00:00-04:00,2025-02-25 10:24:00-05:00,lower,skipped,position_open,open,active,,,,,,,,
443_lower,2025-02-18,2025-02-18 10:00:00-05:00,2025-03-18 10:00:00-04:00,2025-02-25 10:31:00-05:00,lower,skipped,position_open,open,active,,,,,,,,
442_lower,2025-02-27,2025-02-17 10:00:00-05:00,2025-03-17 10:00:00-04:00,2025-02-27 09:46:00-05:00,lower,executed,,flat,inactive,2025-02-27 09:46:00-05:00,2025-02-27 10:33:00-05:00,2887.9710438463926,2887.9710438463926,10.599999999999909,15.899999999999864,BE,0.0
449_lower,2025-02-26,2025-02-26 10:00:00-05:00,2025-03-26 10:00:00-04:00,2025-02-27 09:47:00-05:00,lower,skipped,position_open,open,inactive,,,,,,,,
436_lower,2025-02-28,2025-02-07 10:00:00-05:00,2025-03-07 10:00:00-05:00,2025-02-27 23:03:00-05:00,lower,executed,,flat,inactive,2025-02-27 23:03:00-05:00,2025-02-28 09:07:00-05:00,2875.221079412238,2855.871079412238,12.900000000000091,19.350000000000136,SL,-19.34999999999991
450_lower,2025-02-27,2025-02-27 10:00:00-05:00,2025-03-27 10:00:00-04:00,2025-02-28 08:55:00-05:00,lower,skipped,position_open,open,active,,,,,,,,
433_lower,2025-02-04,2025-02-04 10:00:00-05:00,2025-03-04 10:00:00-05:00,2025-02-28 09:59:00-05:00,lower,skipped,SAL,n/a,active,,,,,,,,
451_upper,2025-02-28,2025-02-28 10:00:00-05:00,2025-03-28 10:00:00-04:00,2025-03-02 18:02:00-05:00,upper,skipped,no_anchor,n/a,n/a,,,,,,,,
452_upper,2025-03-04,2025-03-03 10:00:00-05:00,2025-03-31 10:00:00-04:00,2025-03-04 03:09:00-05:00,upper,executed,,flat,inactive,2025-03-04 03:09:00-05:00,2025-03-04 04:31:00-05:00,2911.105111606092,2931.6551116060928,13.700000000000273,20.55000000000041,SL,-20.550000000000637
450_upper,2025-02-27,2025-02-27 10:00:00-05:00,2025-03-27 10:00:00-04:00,2025-03-04 07:20:00-05:00,upper,skipped,SAL,n/a,active,,,,,,,,
449_upper,2025-02-26,2025-02-26 10:00:00-05:00,2025-03-26 10:00:00-04:00,2025-03-04 08:07:00-05:00,upper,skipped,SAL,n/a,active,,,,,,,,
456_lower,2025-03-07,2025-03-07 10:00:00-05:00,2025-04-04 10:00:00-04:00,2025-03-10 13:00:00-04:00,lower,skipped,blocked_time,n/a,n/a,,,,,,,,
455_lower,2025-03-06,2025-03-06 10:00:00-05:00,2025-04-03 10:00:00-04:00,2025-03-10 13:38:00-04:00,lower,skipped,blocked_time,n/a,n/a,,,,,,,,
453_lower,2025-03-04,2025-03-04 10:00:00-05:00,2025-04-01 10:00:00-04:00,2025-03-10 13:42:00-04:00,lower,skipped,blocked_time,n/a,n/a,,,,,,,,
454_lower,2025-03-05,2025-03-05 10:00:00-05:00,2025-04-02 10:00:00-04:00,2025-03-10 13:42:00-04:00,lower,skipped,blocked_time,n/a,n/a,,,,,,,,
457_lower,2025-03-11,2025-03-10 10:00:00-04:00,2025-04-07 10:00:00-04:00,2025-03-10 21:04:00-04:00,lower,executed,,flat,inactive,2025-03-10 21:04:00-04:00,2025-03-10 21:22:00-04:00,2885.1432395448837,2892.193239544884,4.700000000000273,7.050000000000409,TP,7.050000000000409
457_upper,2025-03-12,2025-03-10 10:00:00-04:00,2025-04-07 10:00:00-04:00,2025-03-12 05:00:00-04:00,upper,executed,,flat,inactive,2025-03-12 05:00:00-04:00,2025-03-12 09:18:00-04:00,2929.6067604551163,2916.8567604551163,8.5,12.75,TP,12.75
459_upper,2025-03-12,2025-03-12 10:00:00-04:00,2025-04-09 10:00:00-04:00,2025-03-12 12:09:00-04:00,upper,skipped,blocked_time,n/a,n/a,,,,,,,,
454_upper,2025-03-05,2025-03-05 10:00:00-05:00,2025-04-02 10:00:00-04:00,2025-03-12 12:27:00-04:00,upper,skipped,blocked_time,n/a,n/a,,,,,,,,
455_upper,2025-03-06,2025-03-06 10:00:00-05:00,2025-04-03 10:00:00-04:00,2025-03-12 12:27:00-04:00,upper,skipped,blocked_time,n/a,n/a,,,,,,,,
458_upper,2025-03-11,2025-03-11 10:00:00-04:00,2025-04-08 10:00:00-04:00,2025-03-12 12:30:00-04:00,upper,skipped,blocked_time,n/a,n/a,,,,,,,,
456_upper,2025-03-07,2025-03-07 10:00:00-05:00,2025-04-04 10:00:00-04:00,2025-03-12 23:53:00-04:00,upper,skipped,simultaneous_collision,flat,inactive,,,,,,,,
453_upper,2025-03-13,2025-03-04 10:00:00-05:00,2025-04-01 10:00:00-04:00,2025-03-12 23:53:00-04:00,upper,executed,,flat,inactive,2025-03-12 23:53:00-04:00,2025-03-13 03:20:00-04:00,2956.1562805126923,2944.1562805126923,8.0,12.0,TP,12.0
445_upper,2025-02-20,2025-02-20 10:00:00-05:00,2025-03-20 10:00:00-04:00,2025-03-13 10:44:00-04:00,upper,skipped,simultaneous_collision,flat,inactive,,,,,,,,
446_upper,2025-02-21,2025-02-21 10:00:00-05:00,2025-03-21 10:00:00-04:00,2025-03-13 10:44:00-04:00,upper,skipped,simultaneous_collision,flat,inactive,,,,,,,,
444_upper,2025-03-13,2025-02-19 10:00:00-05:00,2025-03-19 10:00:00-04:00,2025-03-13 10:44:00-04:00,upper,executed,,flat,inactive,2025-03-13 10:44:00-04:00,2025-03-13 15:00:00-04:00,2977.2475021987993,2997.4,15.700000000000273,23.55000000000041,cutoff,-20.152497801200752
447_upper,2025-02-24,2025-02-24 10:00:00-05:00,2025-03-24 10:00:00-04:00,2025-03-13 10:49:00-04:00,upper,skipped,position_open,open,active,,,,,,,,
460_upper,2025-03-13,2025-03-13 10:00:00-04:00,2025-04-10 10:00:00-04:00,2025-03-13 10:49:00-04:00,upper,skipped,position_open,open,active,,,,,,,,
448_upper,2025-02-25,2025-02-25 10:00:00-05:00,2025-03-25 10:00:00-04:00,2025-03-13 10:50:00-04:00,upper,skipped,position_open,open,active,,,,,,,,
462_upper,2025-03-18,2025-03-17 10:00:00-04:00,2025-04-14 10:00:00-04:00,2025-03-17 22:47:00-04:00,upper,executed,,flat,inactive,2025-03-17 22:47:00-04:00,2025-03-18 04:25:00-04:00,3017.9356822017053,3032.1856822017053,9.5,14.25,SL,-14.25
461_upper,2025-03-14,2025-03-14 10:00:00-04:00,2025-04-11 10:00:00-04:00,2025-03-18 04:26:00-04:00,upper,skipped,SAL,n/a,active,,,,,,,,
465_lower,2025-03-21,2025-03-20 10:00:00-04:00,2025-04-17 10:00:00-04:00,2025-03-21 09:48:00-04:00,lower,executed,,flat,inactive,2025-03-21 09:48:00-04:00,2025-03-21 09:59:00-04:00,3016.5169026040967,3008.7169026040965,5.200000000000273,7.800000000000409,SL,-7.800000000000182
463_lower,2025-03-18,2025-03-18 10:00:00-04:00,2025-04-15 10:00:00-04:00,2025-03-21 09:50:00-04:00,lower,skipped,position_open,open,active,,,,,,,,
464_lower,2025-03-19,2025-03-19 10:00:00-04:00,2025-04-16 10:00:00-04:00,2025-03-21 09:50:00-04:00,lower,skipped,position_open,open,active,,,,,,,,
468_upper,2025-03-25,2025-03-25 10:00:00-04:00,2025-04-23 10:00:00-04:00,2025-03-26 20:00:00-04:00,upper,skipped,simultaneous_collision,flat,inactive,,,,,,,,
469_upper,2025-03-26,2025-03-26 10:00:00-04:00,2025-04-24 10:00:00-04:00,2025-03-26 20:00:00-04:00,upper,skipped,simultaneous_collision,flat,inactive,,,,,,,,
467_upper,2025-03-27,2025-03-24 10:00:00-04:00,2025-04-22 10:00:00-04:00,2025-03-26 20:00:00-04:00,upper,executed,,flat,inactive,2025-03-26 20:00:00-04:00,2025-03-26 21:00:00-04:00,3055.0,3059.5,3.0,4.5,SL,-4.5
465_upper,2025-03-20,2025-03-20 10:00:00-04:00,2025-04-17 10:00:00-04:00,2025-03-26 22:34:00-04:00,upper,skipped,SAL,n/a,active,,,,,,,,
464_upper,2025-03-19,2025-03-19 10:00:00-04:00,2025-04-16 10:00:00-04:00,2025-03-26 22:42:00-04:00,upper,skipped,SAL,n/a,active,,,,,,,,
466_upper,2025-03-21,2025-03-21 10:00:00-04:00,2025-04-21 10:00:00-04:00,2025-03-26 23:43:00-04:00,upper,skipped,SAL,n/a,active,,,,,,,,
463_upper,2025-03-18,2025-03-18 10:00:00-04:00,2025-04-15 10:00:00-04:00,2025-03-27 00:27:00-04:00,upper,skipped,SAL,n/a,active,,,,,,,,
470_upper,2025-03-28,2025-03-27 10:00:00-04:00,2025-04-25 10:00:00-04:00,2025-03-27 20:23:00-04:00,upper,executed,,flat,inactive,2025-03-27 20:23:00-04:00,2025-03-27 21:13:00-04:00,3103.9527461238413,3107.852746123841,2.599999999999909,3.8999999999998636,SL,-3.899999999999636
471_upper,2025-03-31,2025-03-28 10:00:00-04:00,2025-04-28 10:00:00-04:00,2025-03-30 23:06:00-04:00,upper,executed,,flat,inactive,2025-03-30 23:06:00-04:00,2025-03-31 00:09:00-04:00,3140.8918040884873,3140.8918040884873,13.5,20.25,BE,-0.0
473_lower,2025-04-01,2025-04-01 10:00:00-04:00,2025-04-30 10:00:00-04:00,2025-04-01 12:17:00-04:00,lower,skipped,blocked_time,n/a,n/a,,,,,,,,
472_upper,2025-03-31,2025-03-31 10:00:00-04:00,2025-04-29 10:00:00-04:00,2025-04-02 16:27:00-04:00,upper,skipped,no_cutoff,n/a,n/a,,,,,,,,
473_upper,2025-04-01,2025-04-01 10:00:00-04:00,2025-04-30 10:00:00-04:00,2025-04-02 16:28:00-04:00,upper,skipped,no_cutoff,n/a,n/a,,,,,,,,
474_upper,2025-04-02,2025-04-02 10:00:00-04:00,2025-05-01 10:00:00-04:00,2025-04-02 16:28:00-04:00,upper,skipped,no_cutoff,n/a,n/a,,,,,,,,
474_lower,2025-04-03,2025-04-02 10:00:00-04:00,2025-05-01 10:00:00-04:00,2025-04-03 06:26:00-04:00,lower,executed,,flat,inactive,2025-04-03 06:26:00-04:00,2025-04-03 06:58:00-04:00,3127.963368659966,3113.2633686599656,9.800000000000182,14.700000000000273,SL,-14.700000000000273
472_lower,2025-03-31,2025-03-31 10:00:00-04:00,2025-04-29 10:00:00-04:00,2025-04-03 06:58:00-04:00,lower,skipped,SAL,n/a,active,,,,,,,,
471_lower,2025-03-28,2025-03-28 10:00:00-04:00,2025-04-28 10:00:00-04:00,2025-04-03 08:40:00-04:00,lower,skipped,SAL,n/a,active,,,,,,,,
475_upper,2025-04-03,2025-04-03 10:00:00-04:00,2025-05-02 10:00:00-04:00,2025-04-03 10:11:00-04:00,upper,skipped,SAL,n/a,active,,,,,,,,
476_lower,2025-04-04,2025-04-04 10:00:00-04:00,2025-05-05 10:00:00-04:00,2025-04-04 10:45:00-04:00,lower,executed,,flat,inactive,2025-04-04 10:45:00-04:00,2025-04-04 15:00:00-04:00,3055.5826439563025,3045.7,29.0,43.5,cutoff,-9.882643956302672
470_lower,2025-03-27,2025-03-27 10:00:00-04:00,2025-04-25 10:00:00-04:00,2025-04-04 10:47:00-04:00,lower,skipped,position_open,open,active,,,,,,,,
475_lower,2025-04-03,2025-04-03 10:00:00-04:00,2025-05-02 10:00:00-04:00,2025-04-04 10:49:00-04:00,lower,skipped,position_open,open,active,,,,,,,,
468_lower,2025-03-25,2025-03-25 10:00:00-04:00,2025-04-23 10:00:00-04:00,2025-04-06 18:00:00-04:00,lower,skipped,no_anchor,n/a,n/a,,,,,,,,
466_lower,2025-03-21,2025-03-21 10:00:00-04:00,2025-04-21 10:00:00-04:00,2025-04-06 18:06:00-04:00,lower,skipped,no_anchor,n/a,n/a,,,,,,,,
467_lower,2025-03-24,2025-03-24 10:00:00-04:00,2025-04-22 10:00:00-04:00,2025-04-06 18:06:00-04:00,lower,skipped,no_anchor,n/a,n/a,,,,,,,,
469_lower,2025-03-26,2025-03-26 10:00:00-04:00,2025-04-24 10:00:00-04:00,2025-04-06 18:06:00-04:00,lower,skipped,no_anchor,n/a,n/a,,,,,,,,
477_lower,2025-04-07,2025-04-07 10:00:00-04:00,2025-05-06 10:00:00-04:00,2025-04-07 12:11:00-04:00,lower,skipped,blocked_time,n/a,n/a,,,,,,,,
461_lower,2025-03-14,2025-03-14 10:00:00-04:00,2025-04-11 10:00:00-04:00,2025-04-07 13:09:00-04:00,lower,skipped,blocked_time,n/a,n/a,,,,,,,,
462_lower,2025-03-17,2025-03-17 10:00:00-04:00,2025-04-14 10:00:00-04:00,2025-04-07 13:29:00-04:00,lower,skipped,blocked_time,n/a,n/a,,,,,,,,
478_lower,2025-04-08,2025-04-08 10:00:00-04:00,2025-05-07 10:00:00-04:00,2025-04-08 13:02:00-04:00,lower,skipped,blocked_time,n/a,n/a,,,,,,,,
478_upper,2025-04-09,2025-04-08 10:00:00-04:00,2025-05-07 10:00:00-04:00,2025-04-09 02:58:00-04:00,upper,executed,,flat,inactive,2025-04-09 02:58:00-04:00,2025-04-09 07:39:00-04:00,3058.6374890600796,3085.7874890600797,18.09999999999991,27.149999999999864,SL,-27.15000000000009
477_upper,2025-04-07,2025-04-07 10:00:00-04:00,2025-05-06 10:00:00-04:00,2025-04-09 07:20:00-04:00,upper,skipped,position_open,open,active,,,,,,,,
479_upper,2025-04-09,2025-04-09 10:00:00-04:00,2025-05-08 10:00:00-04:00,2025-04-09 22:09:00-04:00,upper,skipped,simultaneous_collision,flat,inactive,,,,,,,,
476_upper,2025-04-10,2025-04-04 10:00:00-04:00,2025-05-05 10:00:00-04:00,2025-04-09 22:09:00-04:00,upper,executed,,flat,inactive,2025-04-09 22:09:00-04:00,2025-04-10 10:10:00-04:00,3128.6173560436973,3161.917356043697,22.199999999999818,33.29999999999973,SL,-33.29999999999973
480_upper,2025-04-10,2025-04-10 10:00:00-04:00,2025-05-09 10:00:00-04:00,2025-04-10 11:26:00-04:00,upper,skipped,blocked_time,n/a,n/a,,,,,,,,
482_upper,2025-04-16,2025-04-14 10:00:00-04:00,2025-05-13 10:00:00-04:00,2025-04-15 19:37:00-04:00,upper,executed,,flat,inactive,2025-04-15 19:37:00-04:00,2025-04-15 20:32:00-04:00,3263.275767480733,3282.3257674807337,12.700000000000273,19.05000000000041,SL,-19.050000000000637
483_upper,2025-04-15,2025-04-15 10:00:00-04:00,2025-05-14 10:00:00-04:00,2025-04-15 20:00:00-04:00,upper,skipped,position_open,open,active,,,,,,,,
481_upper,2025-04-11,2025-04-11 10:00:00-04:00,2025-05-12 10:00:00-04:00,2025-04-15 23:53:00-04:00,upper,skipped,SAL,n/a,active,,,,,,,,
484_upper,2025-04-16,2025-04-16 10:00:00-04:00,2025-05-15 10:00:00-04:00,2025-04-16 18:01:00-04:00,upper,skipped,no_anchor,n/a,n/a,,,,,,,,
485_upper,2025-04-21,2025-04-17 10:00:00-04:00,2025-05-16 10:00:00-04:00,2025-04-20 20:44:00-04:00,upper,executed,,flat,inactive,2025-04-20 20:44:00-04:00,2025-04-21 02:03:00-04:00,3384.5239386105845,3398.0239386105845,9.0,13.5,SL,-13.5
486_upper,2025-04-22,2025-04-21 10:00:00-04:00,2025-05-19 10:00:00-04:00,2025-04-21 22:40:00-04:00,upper,executed,,flat,inactive,2025-04-21 22:40:00-04:00,2025-04-22 09:44:00-04:00,3473.3814893958042,3424.1814893958044,32.79999999999973,49.19999999999959,TP,49.19999999999959
487_lower,2025-04-22,2025-04-22 10:00:00-04:00,2025-05-20 10:00:00-04:00,2025-04-22 12:38:00-04:00,lower,skipped,blocked_time,n/a,n/a,,,,,,,,
486_lower,2025-04-21,2025-04-21 10:00:00-04:00,2025-05-19 10:00:00-04:00,2025-04-22 15:32:00-04:00,lower,skipped,no_cutoff,n/a,n/a,,,,,,,,
485_lower,2025-04-23,2025-04-17 10:00:00-04:00,2025-05-16 10:00:00-04:00,2025-04-23 09:50:00-04:00,lower,executed,,flat,inactive,2025-04-23 09:50:00-04:00,2025-04-23 10:36:00-04:00,3285.2760613894156,3285.2760613894156,23.899999999999636,35.849999999999454,BE,0.0
484_lower,2025-04-16,2025-04-16 10:00:00-04:00,2025-05-15 10:00:00-04:00,2025-04-23 10:00:00-04:00,lower,skipped,position_open,open,inactive,,,,,,,,
488_upper,2025-04-24,2025-04-23 10:00:00-04:00,2025-05-21 10:00:00-04:00,2025-04-23 21:18:00-04:00,upper,executed,,flat,inactive,2025-04-23 21:18:00-04:00,2025-04-24 02:00:00-04:00,3367.9315849284944,3330.5815849284945,24.90000000000009,37.350000000000136,TP,37.350000000000136
489_upper,2025-04-24,2025-04-24 10:00:00-04:00,2025-05-22 10:00:00-04:00,2025-04-24 18:36:00-04:00,upper,skipped,no_anchor,n/a,n/a,,,,,,,,
489_lower,2025-04-25,2025-04-24 10:00:00-04:00,2025-05-22 10:00:00-04:00,2025-04-25 09:01:00-04:00,lower,executed,,flat,inactive,2025-04-25 09:01:00-04:00,2025-04-25 09:47:00-04:00,3292.3216335341745,3292.3216335341745,12.599999999999909,18.899999999999864,BE,0.0
490_upper,2025-04-25,2025-04-25 10:00:00-04:00,2025-05-23 10:00:00-04:00,2025-04-25 16:54:00-04:00,upper,skipped,no_cutoff,n/a,n/a,,,,,,,,
491_upper,2025-04-28,2025-04-28 10:00:00-04:00,2025-05-26 10:00:00-04:00,2025-04-28 11:18:00-04:00,upper,skipped,blocked_time,n/a,n/a,,,,,,,,
492_lower,2025-04-30,2025-04-29 10:00:00-04:00,2025-05-27 10:00:00-04:00,2025-04-30 07:02:00-04:00,lower,executed,,flat,inactive,2025-04-30 07:02:00-04:00,2025-04-30 07:58:00-04:00,3279.952901525274,3279.952901525274,9.0,13.5,BE,0.0
493_lower,2025-04-30,2025-04-30 10:00:00-04:00,2025-05-28 10:00:00-04:00,2025-04-30 18:40:00-04:00,lower,skipped,no_anchor,n/a,n/a,,,,,,,,
491_lower,2025-05-01,2025-04-28 10:00:00-04:00,2025-05-26 10:00:00-04:00,2025-04-30 20:24:00-04:00,lower,executed,,flat,inactive,2025-04-30 20:24:00-04:00,2025-04-30 21:06:00-04:00,3269.1588764821545,3245.758876482155,15.599999999999909,23.399999999999864,SL,-23.399999999999636
488_lower,2025-04-23,2025-04-23 10:00:00-04:00,2025-05-21 10:00:00-04:00,2025-04-30 23:13:00-04:00,lower,skipped,SAL,n/a,active,,,,,,,,
490_lower,2025-04-25,2025-04-25 10:00:00-04:00,2025-05-23 10:00:00-04:00,2025-04-30 23:13:00-04:00,lower,skipped,SAL,n/a,active,,,,,,,,
494_upper,2025-05-02,2025-05-01 10:00:00-04:00,2025-05-29 10:00:00-04:00,2025-05-02 03:35:00-04:00,upper,executed,,flat,inactive,2025-05-02 03:35:00-04:00,2025-05-02 05:37:00-04:00,3271.8901185631794,3271.8901185631794,17.0,25.5,BE,-0.0
495_upper,2025-05-05,2025-05-02 10:00:00-04:00,2025-05-30 10:00:00-04:00,2025-05-05 05:16:00-04:00,upper,executed,,flat,inactive,2025-05-05 05:16:00-04:00,2025-05-05 08:23:00-04:00,3299.3051680644767,3329.455168064477,20.100000000000364,30.150000000000546,SL,-30.150000000000546
496_upper,2025-05-05,2025-05-05 10:00:00-04:00,2025-06-02 10:00:00-04:00,2025-05-05 21:02:00-04:00,upper,skipped,simultaneous_collision,flat,inactive,,,,,,,,
493_upper,2025-05-06,2025-04-30 10:00:00-04:00,2025-05-28 10:00:00-04:00,2025-05-05 21:02:00-04:00,upper,executed,,flat,inactive,2025-05-05 21:02:00-04:00,2025-05-05 21:14:00-04:00,3355.9065220365474,3371.9565220365475,10.700000000000273,16.05000000000041,SL,-16.050000000000182
492_upper,2025-04-29,2025-04-29 10:00:00-04:00,2025-05-27 10:00:00-04:00,2025-05-05 21:10:00-04:00,upper,skipped,position_open,open,active,,,,,,,,
497_upper,2025-05-06,2025-05-06 10:00:00-04:00,2025-06-03 10:00:00-04:00,2025-05-06 16:37:00-04:00,upper,skipped,no_cutoff,n/a,n/a,,,,,,,,
497_lower,2025-05-07,2025-05-06 10:00:00-04:00,2025-06-03 10:00:00-04:00,2025-05-06 20:49:00-04:00,lower,executed,,flat,inactive,2025-05-06 20:49:00-04:00,2025-05-07 15:00:00-04:00,3367.7784001563646,3394.3,29.5,44.25,cutoff,26.521599843635613
498_lower,2025-05-08,2025-05-07 10:00:00-04:00,2025-06-04 10:00:00-04:00,2025-05-08 02:14:00-04:00,lower,executed,,flat,inactive,2025-05-08 02:14:00-04:00,2025-05-08 13:04:00-04:00,3354.870691052676,3309.2706910526767,30.399999999999636,45.599999999999454,SL,-45.599999999999454
499_lower,2025-05-08,2025-05-08 10:00:00-04:00,2025-06-05 10:00:00-04:00,2025-05-08 12:06:00-04:00,lower,skipped,blocked_time,n/a,n/a,,,,,,,,
496_lower,2025-05-05,2025-05-05 10:00:00-04:00,2025-06-02 10:00:00-04:00,2025-05-08 15:21:00-04:00,lower,skipped,no_cutoff,n/a,n/a,,,,,,,,
500_lower,2025-05-09,2025-05-09 10:00:00-04:00,2025-06-06 10:00:00-04:00,2025-05-11 18:00:00-04:00,lower,skipped,no_anchor,n/a,n/a,,,,,,,,
495_lower,2025-05-12,2025-05-02 10:00:00-04:00,2025-05-30 10:00:00-04:00,2025-05-12 03:27:00-04:00,lower,executed,,flat,inactive,2025-05-12 03:27:00-04:00,2025-05-12 03:33:00-04:00,3225.4448319355233,3238.794831935523,8.899999999999636,13.349999999999454,TP,13.349999999999454
502_lower,2025-05-13,2025-05-13 10:00:00-04:00,2025-06-10 10:00:00-04:00,2025-05-14 08:37:00-04:00,lower,skipped,simultaneous_collision,flat,inactive,,,,,,,,
501_lower,2025-05-14,2025-05-12 10:00:00-04:00,2025-06-09 10:00:00-04:00,2025-05-14 08:37:00-04:00,lower,executed,,flat,inactive,2025-05-14 08:37:00-04:00,2025-05-14 15:00:00-04:00,3205.224120035067,3174.7741200350665,20.300000000000182,30.450000000000273,SL,-30.450000000000273
483_lower,2025-04-15,2025-04-15 10:00:00-04:00,2025-05-14 10:00:00-04:00,2025-05-14 08:46:00-04:00,lower,skipped,position_open,open,active,,,,,,,,
494_lower,2025-05-01,2025-05-01 10:00:00-04:00,2025-05-29 10:00:00-04:00,2025-05-14 08:46:00-04:00,lower,skipped,position_open,open,active,,,,,,,,
503_lower,2025-05-15,2025-05-14 10:00:00-04:00,2025-06-11 10:00:00-04:00,2025-05-14 22:40:00-04:00,lower,executed,,flat,inactive,2025-05-14 22:40:00-04:00,2025-05-15 02:03:00-04:00,3159.4114745655174,3126.2614745655173,22.09999999999991,33.149999999999864,SL,-33.15000000000009
503_upper,2025-05-14,2025-05-14 10:00:00-04:00,2025-06-11 10:00:00-04:00,2025-05-15 12:40:00-04:00,upper,skipped,blocked_time,n/a,n/a,,,,,,,,
504_upper,2025-05-15,2025-05-15 10:00:00-04:00,2025-06-12 10:00:00-04:00,2025-05-15 12:40:00-04:00,upper,skipped,blocked_time,n/a,n/a,,,,,,,,
504_lower,2025-05-16,2025-05-15 10:00:00-04:00,2025-06-12 10:00:00-04:00,2025-05-16 07:54:00-04:00,lower,executed,,flat,inactive,2025-05-16 07:54:00-04:00,2025-05-16 15:00:00-04:00,3164.6852780255126,3191.2,42.19999999999982,63.29999999999973,cutoff,26.514721974487202
505_upper,2025-05-16,2025-05-16 10:00:00-04:00,2025-06-13 10:00:00-04:00,2025-05-18 18:00:00-04:00,upper,skipped,no_anchor,n/a,n/a,,,,,,,,
506_upper,2025-05-20,2025-05-19 10:00:00-04:00,2025-06-16 10:00:00-04:00,2025-05-20 10:00:00-04:00,upper,executed,,flat,inactive,2025-05-20 10:00:00-04:00,2025-05-20 15:00:00-04:00,3266.3798131031267,3291.2,30.100000000000364,45.150000000000546,cutoff,-24.82018689687311
501_upper,2025-05-12,2025-05-12 10:00:00-04:00,2025-06-09 10:00:00-04:00,2025-05-20 10:08:00-04:00,upper,skipped,position_open,open,active,,,,,,,,
502_upper,2025-05-13,2025-05-13 10:00:00-04:00,2025-06-10 10:00:00-04:00,2025-05-20 10:12:00-04:00,upper,skipped,position_open,open,active,,,,,,,,
507_upper,2025-05-20,2025-05-20 10:00:00-04:00,2025-06-17 10:00:00-04:00,2025-05-20 14:27:00-04:00,upper,skipped,blocked_time,n/a,n/a,,,,,,,,
508_upper,2025-05-22,2025-05-21 10:00:00-04:00,2025-06-18 10:00:00-04:00,2025-05-21 21:39:00-04:00,upper,executed,,flat,inactive,2025-05-21 21:39:00-04:00,2025-05-21 22:40:00-04:00,3341.977468620807,3341.977468620807,7.199999999999818,10.799999999999727,BE,-0.0
509_upper,2025-05-23,2025-05-22 10:00:00-04:00,2025-06-19 10:00:00-04:00,2025-05-23 08:34:00-04:00,upper,executed,,flat,inactive,2025-05-23 08:34:00-04:00,2025-05-23 09:22:00-04:00,3355.083055470964,3355.083055470964,26.09999999999991,39.149999999999864,BE,-0.0
511_lower,2025-05-26,2025-05-26 10:00:00-04:00,2025-06-23 10:00:00-04:00,2025-05-27 02:46:00-04:00,lower,skipped,simultaneous_collision,flat,inactive,,,,,,,,
510_lower,2025-05-27,2025-05-23 10:00:00-04:00,2025-06-20 10:00:00-04:00,2025-05-27 02:46:00-04:00,lower,executed,,flat,inactive,2025-05-27 02:46:00-04:00,2025-05-27 10:00:00-04:00,3310.298209999708,3284.6482099997083,17.09999999999991,25.649999999999864,SL,-25.649999999999636
512_upper,2025-05-28,2025-05-27 10:00:00-04:00,2025-06-24 10:00:00-04:00,2025-05-27 20:00:00-04:00,upper,executed,,flat,inactive,2025-05-27 20:00:00-04:00,2025-05-28 12:45:00-04:00,3337.3,3314.8,15.0,22.5,TP,22.5
513_lower,2025-05-29,2025-05-28 10:00:00-04:00,2025-06-25 10:00:00-04:00,2025-05-28 19:10:00-04:00,lower,executed,,flat,inactive,2025-05-28 19:10:00-04:00,2025-05-28 19:44:00-04:00,3295.7512290845993,3275.3512290845993,13.599999999999909,20.399999999999864,SL,-20.40000000000009
508_lower,2025-05-21,2025-05-21 10:00:00-04:00,2025-06-18 10:00:00-04:00,2025-05-28 21:19:00-04:00,lower,skipped,SAL,n/a,active,,,,,,,,
514_lower,2025-05-30,2025-05-29 10:00:00-04:00,2025-06-26 10:00:00-04:00,2025-05-30 03:13:00-04:00,lower,executed,,flat,inactive,2025-05-30 03:13:00-04:00,2025-05-30 07:51:00-04:00,3311.582786535785,3311.582786535785,13.700000000000273,20.55000000000041,BE,0.0
515_upper,2025-06-02,2025-05-30 10:00:00-04:00,2025-06-27 10:00:00-04:00,2025-06-02 02:19:00-04:00,upper,executed,,flat,inactive,2025-06-02 02:19:00-04:00,2025-06-02 03:13:00-04:00,3357.748017853284,3376.3480178532845,12.400000000000091,18.600000000000136,SL,-18.600000000000364
513_upper,2025-05-28,2025-05-28 10:00:00-04:00,2025-06-25 10:00:00-04:00,2025-06-02 02:39:00-04:00,upper,skipped,position_open,open,active,,,,,,,,
511_upper,2025-05-26,2025-05-26 10:00:00-04:00,2025-06-23 10:00:00-04:00,2025-06-02 02:41:00-04:00,upper,skipped,position_open,open,active,,,,,,,,
514_upper,2025-05-29,2025-05-29 10:00:00-04:00,2025-06-26 10:00:00-04:00,2025-06-02 03:06:00-04:00,upper,skipped,position_open,open,active,,,,,,,,
500_upper,2025-05-09,2025-05-09 10:00:00-04:00,2025-06-06 10:00:00-04:00,2025-06-02 03:15:00-04:00,upper,skipped,SAL,n/a,active,,,,,,,,
510_upper,2025-05-23,2025-05-23 10:00:00-04:00,2025-06-20 10:00:00-04:00,2025-06-02 08:22:00-04:00,upper,skipped,SAL,n/a,active,,,,,,,,
499_upper,2025-05-08,2025-05-08 10:00:00-04:00,2025-06-05 10:00:00-04:00,2025-06-02 15:52:00-04:00,upper,skipped,no_cutoff,n/a,n/a,,,,,,,,
518_upper,2025-06-05,2025-06-04 10:00:00-04:00,2025-07-02 10:00:00-04:00,2025-06-05 05:28:00-04:00,upper,executed,,flat,inactive,2025-06-05 05:28:00-04:00,2025-06-05 06:31:00-04:00,3410.6170464291285,3421.2670464291286,7.099999999999909,10.649999999999864,SL,-10.650000000000091
517_upper,2025-06-03,2025-06-03 10:00:00-04:00,2025-07-01 10:00:00-04:00,2025-06-05 06:27:00-04:00,upper,skipped,position_open,open,active,,,,,,,,
516_upper,2025-06-02,2025-06-02 10:00:00-04:00,2025-06-30 10:00:00-04:00,2025-06-05 07:07:00-04:00,upper,skipped,SAL,n/a,active,,,,,,,,
519_lower,2025-06-05,2025-06-05 10:00:00-04:00,2025-07-03 10:00:00-04:00,2025-06-05 11:45:00-04:00,lower,skipped,blocked_time,n/a,n/a,,,,,,,,
518_lower,2025-06-06,2025-06-04 10:00:00-04:00,2025-07-02 10:00:00-04:00,2025-06-06 10:16:00-04:00,lower,executed,,flat,inactive,2025-06-06 10:16:00-04:00,2025-06-06 15:00:00-04:00,3350.782953570871,3339.5,19.5,29.25,cutoff,-11.282953570871086
516_lower,2025-06-02,2025-06-02 10:00:00-04:00,2025-06-30 10:00:00-04:00,2025-06-06 10:20:00-04:00,lower,skipped,position_open,open,active,,,,,,,,
517_lower,2025-06-03,2025-06-03 10:00:00-04:00,2025-07-01 10:00:00-04:00,2025-06-06 14:13:00-04:00,lower,skipped,blocked_time,n/a,n/a,,,,,,,,
520_lower,2025-06-06,2025-06-06 10:00:00-04:00,2025-07-04 10:00:00-04:00,2025-06-06 14:13:00-04:00,lower,skipped,blocked_time,n/a,n/a,,,,,,,,
521_upper,2025-06-10,2025-06-09 10:00:00-04:00,2025-07-07 10:00:00-04:00,2025-06-10 09:25:00-04:00,upper,executed,,flat,inactive,2025-06-10 09:25:00-04:00,2025-06-10 10:51:00-04:00,3366.3880360250937,3347.338036025094,12.699999999999818,19.049999999999727,TP,19.049999999999727
522_lower,2025-06-11,2025-06-10 10:00:00-04:00,2025-07-08 10:00:00-04:00,2025-06-10 19:21:00-04:00,lower,executed,,flat,inactive,2025-06-10 19:21:00-04:00,2025-06-10 19:39:00-04:00,3336.753540449301,3346.203540449301,6.299999999999727,9.44999999999959,TP,9.44999999999959
523_upper,2025-06-11,2025-06-11 10:00:00-04:00,2025-07-09 10:00:00-04:00,2025-06-11 18:55:00-04:00,upper,skipped,no_anchor,n/a,n/a,,,,,,,,
522_upper,2025-06-12,2025-06-10 10:00:00-04:00,2025-07-08 10:00:00-04:00,2025-06-11 21:28:00-04:00,upper,executed,,flat,inactive,2025-06-11 21:28:00-04:00,2025-06-11 22:28:00-04:00,3396.1964595506993,3396.1964595506993,9.400000000000091,14.100000000000136,BE,-0.0
520_upper,2025-06-12,2025-06-06 10:00:00-04:00,2025-07-04 10:00:00-04:00,2025-06-12 07:04:00-04:00,upper,executed,,flat,inactive,2025-06-12 07:04:00-04:00,2025-06-12 08:38:00-04:00,3409.1416306070946,3409.1416306070946,24.0,36.0,BE,-0.0
519_upper,2025-06-13,2025-06-05 10:00:00-04:00,2025-07-03 10:00:00-04:00,2025-06-12 20:32:00-04:00,upper,executed,,flat,inactive,2025-06-12 20:32:00-04:00,2025-06-12 22:32:00-04:00,3437.9294020167745,3458.9294020167745,14.0,21.0,SL,-21.0
524_upper,2025-06-12,2025-06-12 10:00:00-04:00,2025-07-10 10:00:00-04:00,2025-06-12 21:13:00-04:00,upper,skipped,position_open,open,active,,,,,,,,
525_lower,2025-06-16,2025-06-13 10:00:00-04:00,2025-07-11 10:00:00-04:00,2025-06-16 09:16:00-04:00,lower,executed,,flat,inactive,2025-06-16 09:16:00-04:00,2025-06-16 09:54:00-04:00,3428.4418468410017,3417.641846841002,7.199999999999818,10.799999999999727,SL,-10.799999999999727
528_lower,2025-06-18,2025-06-18 10:00:00-04:00,2025-07-16 10:00:00-04:00,2025-06-18 15:29:00-04:00,lower,skipped,no_cutoff,n/a,n/a,,,,,,,,
527_lower,2025-06-17,2025-06-17 10:00:00-04:00,2025-07-15 10:00:00-04:00,2025-06-18 15:31:00-04:00,lower,skipped,no_cutoff,n/a,n/a,,,,,,,,
526_lower,2025-06-19,2025-06-16 10:00:00-04:00,2025-07-14 10:00:00-04:00,2025-06-19 02:03:00-04:00,lower,executed,,flat,inactive,2025-06-19 02:03:00-04:00,2025-06-19 14:29:00-04:00,3374.684519255915,3387.4,15.799999999999727,23.69999999999959,cutoff,12.715480744085198
524_lower,2025-06-12,2025-06-12 10:00:00-04:00,2025-07-10 10:00:00-04:00,2025-06-19 02:10:00-04:00,lower,skipped,position_open,open,inactive,,,,,,,,
529_upper,2025-06-19,2025-06-19 10:00:00-04:00,2025-07-17 10:00:00-04:00,2025-06-22 18:00:00-04:00,upper,skipped,no_anchor,n/a,n/a,,,,,,,,
530_upper,2025-06-20,2025-06-20 10:00:00-04:00,2025-07-18 10:00:00-04:00,2025-06-22 18:00:00-04:00,upper,skipped,no_anchor,n/a,n/a,,,,,,,,
531_lower,2025-06-24,2025-06-23 10:00:00-04:00,2025-07-21 10:00:00-04:00,2025-06-23 20:01:00-04:00,lower,executed,,flat,inactive,2025-06-23 20:01:00-04:00,2025-06-24 01:28:00-04:00,3351.8975360655777,3351.8975360655777,16.90000000000009,25.350000000000136,BE,0.0
529_lower,2025-06-19,2025-06-19 10:00:00-04:00,2025-07-17 10:00:00-04:00,2025-06-23 20:03:00-04:00,lower,skipped,position_open,open,inactive,,,,,,,,
530_lower,2025-06-24,2025-06-20 10:00:00-04:00,2025-07-18 10:00:00-04:00,2025-06-24 02:10:00-04:00,lower,executed,,flat,inactive,2025-06-24 02:10:00-04:00,2025-06-24 15:00:00-04:00,3340.4121701671115,3331.4,22.40000000000009,33.600000000000136,cutoff,-9.012170167111435
523_lower,2025-06-11,2025-06-11 10:00:00-04:00,2025-07-09 10:00:00-04:00,2025-06-24 08:30:00-04:00,lower,skipped,position_open,open,active,,,,,,,,
533_upper,2025-06-26,2025-06-25 10:00:00-04:00,2025-07-23 10:00:00-04:00,2025-06-25 19:56:00-04:00,upper,executed,,flat,inactive,2025-06-25 19:56:00-04:00,2025-06-25 20:03:00-04:00,3353.968613140121,3347.218613140121,4.5,6.75,TP,6.75
532_upper,2025-06-26,2025-06-24 10:00:00-04:00,2025-07-22 10:00:00-04:00,2025-06-26 03:15:00-04:00,upper,executed,,flat,inactive,2025-06-26 03:15:00-04:00,2025-06-26 08:48:00-04:00,3357.405657400758,3342.855657400758,9.700000000000273,14.55000000000041,TP,14.55000000000041
521_lower,2025-06-27,2025-06-09 10:00:00-04:00,2025-07-07 10:00:00-04:00,2025-06-26 23:57:00-04:00,lower,executed,,flat,inactive,2025-06-26 23:57:00-04:00,2025-06-27 01:05:00-04:00,3305.361963974906,3305.361963974906,12.200000000000273,18.30000000000041,BE,0.0
533_lower,2025-06-27,2025-06-25 10:00:00-04:00,2025-07-23 10:00:00-04:00,2025-06-27 01:12:00-04:00,lower,executed,,flat,inactive,2025-06-27 01:12:00-04:00,2025-06-27 01:19:00-04:00,3302.4313868598792,3311.731386859879,6.199999999999818,9.299999999999727,TP,9.299999999999727
534_lower,2025-06-27,2025-06-26 10:00:00-04:00,2025-07-24 10:00:00-04:00,2025-06-27 03:20:00-04:00,lower,executed,,flat,inactive,2025-06-27 03:20:00-04:00,2025-06-27 04:11:00-04:00,3297.6094382958067,3297.6094382958067,14.5,21.75,BE,0.0
532_lower,2025-06-27,2025-06-24 10:00:00-04:00,2025-07-22 10:00:00-04:00,2025-06-27 08:10:00-04:00,lower,executed,,flat,inactive,2025-06-27 08:10:00-04:00,2025-06-27 15:00:00-04:00,3284.694342599242,3288.0,12.200000000000273,18.30000000000041,cutoff,3.3056574007578092
515_lower,2025-05-30,2025-05-30 10:00:00-04:00,2025-06-27 10:00:00-04:00,2025-06-27 09:17:00-04:00,lower,skipped,position_open,open,inactive,,,,,,,,
535_upper,2025-06-30,2025-06-27 10:00:00-04:00,2025-07-25 10:00:00-04:00,2025-06-30 02:35:00-04:00,upper,executed,,flat,inactive,2025-06-30 02:35:00-04:00,2025-06-30 03:21:00-04:00,3305.969944935698,3305.969944935698,6.5,9.75,BE,-0.0
536_upper,2025-06-30,2025-06-30 10:00:00-04:00,2025-07-28 10:00:00-04:00,2025-06-30 18:50:00-04:00,upper,skipped,no_anchor,n/a,n/a,,,,,,,,
534_upper,2025-07-01,2025-06-26 10:00:00-04:00,2025-07-24 10:00:00-04:00,2025-07-01 08:20:00-04:00,upper,executed,,flat,inactive,2025-07-01 08:20:00-04:00,2025-07-01 09:34:00-04:00,3366.9405617041934,3357.3405617041935,6.400000000000091,9.600000000000136,TP,9.600000000000136
537_lower,2025-07-03,2025-07-01 10:00:00-04:00,2025-07-29 10:00:00-04:00,2025-07-03 08:37:00-04:00,lower,executed,,flat,inactive,2025-07-03 08:37:00-04:00,2025-07-03 10:22:00-04:00,3334.606024897388,3334.606024897388,11.0,16.5,BE,0.0
538_lower,2025-07-02,2025-07-02 10:00:00-04:00,2025-07-30 10:00:00-04:00,2025-07-03 08:39:00-04:00,lower,skipped,position_open,open,inactive,,,,,,,,
540_lower,2025-07-07,2025-07-04 10:00:00-04:00,2025-08-01 10:00:00-04:00,2025-07-06 21:12:00-04:00,lower,executed,,flat,inactive,2025-07-06 21:12:00-04:00,2025-07-06 22:32:00-04:00,3321.222517959048,3321.222517959048,8.099999999999909,12.149999999999864,BE,0.0
539_lower,2025-07-03,2025-07-03 10:00:00-04:00,2025-07-31 10:00:00-04:00,2025-07-06 21:15:00-04:00,lower,skipped,position_open,open,inactive,,,,,,,,
541_upper,2025-07-07,2025-07-07 10:00:00-04:00,2025-08-04 10:00:00-04:00,2025-07-07 15:27:00-04:00,upper,skipped,no_cutoff,n/a,n/a,,,,,,,,
542_lower,2025-07-08,2025-07-08 10:00:00-04:00,2025-08-05 10:00:00-04:00,2025-07-08 10:50:00-04:00,lower,executed,,flat,inactive,2025-07-08 10:50:00-04:00,2025-07-08 15:00:00-04:00,3303.2333939713667,3314.5,14.599999999999909,21.899999999999864,cutoff,11.266606028633305
541_lower,2025-07-09,2025-07-07 10:00:00-04:00,2025-08-04 10:00:00-04:00,2025-07-08 22:50:00-04:00,lower,executed,,flat,inactive,2025-07-08 22:50:00-04:00,2025-07-09 01:09:00-04:00,3293.7510068021147,3305.9010068021144,8.099999999999909,12.149999999999864,TP,12.149999999999864
543_upper,2025-07-10,2025-07-09 10:00:00-04:00,2025-08-06 10:00:00-04:00,2025-07-09 21:39:00-04:00,upper,executed,,flat,inactive,2025-07-09 21:39:00-04:00,2025-07-09 23:17:00-04:00,3334.665452882106,3325.2154528821065,6.299999999999727,9.44999999999959,TP,9.44999999999959
542_upper,2025-07-11,2025-07-08 10:00:00-04:00,2025-08-05 10:00:00-04:00,2025-07-11 07:45:00-04:00,upper,executed,,flat,inactive,2025-07-11 07:45:00-04:00,2025-07-11 10:54:00-04:00,3361.5666060286335,3375.366606028634,9.200000000000273,13.80000000000041,SL,-13.800000000000637
544_upper,2025-07-10,2025-07-10 10:00:00-04:00,2025-08-07 10:00:00-04:00,2025-07-11 08:30:00-04:00,upper,skipped,position_open,open,active,,,,,,,,
540_upper,2025-07-04,2025-07-04 10:00:00-04:00,2025-08-01 10:00:00-04:00,2025-07-11 08:49:00-04:00,upper,skipped,position_open,open,active,,,,,,,,
539_upper,2025-07-03,2025-07-03 10:00:00-04:00,2025-07-31 10:00:00-04:00,2025-07-11 09:03:00-04:00,upper,skipped,position_open,open,active,,,,,,,,
538_upper,2025-07-02,2025-07-02 10:00:00-04:00,2025-07-30 10:00:00-04:00,2025-07-11 11:20:00-04:00,upper,skipped,blocked_time,n/a,n/a,,,,,,,,
537_upper,2025-07-14,2025-07-01 10:00:00-04:00,2025-07-29 10:00:00-04:00,2025-07-13 19:12:00-04:00,upper,executed,,flat,inactive,2025-07-13 19:12:00-04:00,2025-07-13 20:32:00-04:00,3387.743975102612,3387.743975102612,11.099999999999909,16.649999999999864,BE,-0.0
545_lower,2025-07-11,2025-07-11 10:00:00-04:00,2025-08-08 10:00:00-04:00,2025-07-15 11:29:00-04:00,lower,skipped,blocked_time,n/a,n/a,,,,,,,,
546_lower,2025-07-14,2025-07-14 10:00:00-04:00,2025-08-11 10:00:00-04:00,2025-07-15 11:29:00-04:00,lower,skipped,blocked_time,n/a,n/a,,,,,,,,
548_upper,2025-07-16,2025-07-16 10:00:00-04:00,2025-08-13 10:00:00-04:00,2025-07-16 11:16:00-04:00,upper,skipped,blocked_time,n/a,n/a,,,,,,,,
547_upper,2025-07-15,2025-07-15 10:00:00-04:00,2025-08-12 10:00:00-04:00,2025-07-16 11:20:00-04:00,upper,skipped,blocked_time,n/a,n/a,,,,,,,,
547_lower,2025-07-17,2025-07-15 10:00:00-04:00,2025-08-12 10:00:00-04:00,2025-07-17 08:31:00-04:00,lower,executed,,flat,inactive,2025-07-17 08:31:00-04:00,2025-07-17 10:07:00-04:00,3317.609926184323,3327.6599261843226,6.699999999999818,10.049999999999727,TP,10.049999999999727
549_upper,2025-07-17,2025-07-17 10:00:00-04:00,2025-08-14 10:00:00-04:00,2025-07-17 18:37:00-04:00,upper,skipped,no_anchor,n/a,n/a,,,,,,,,
550_upper,2025-07-18,2025-07-18 10:00:00-04:00,2025-08-15 10:00:00-04:00,2025-07-21 08:22:00-04:00,upper,skipped,simultaneous_collision,flat,inactive,,,,,,,,
546_upper,2025-07-21,2025-07-14 10:00:00-04:00,2025-08-11 10:00:00-04:00,2025-07-21 08:22:00-04:00,upper,executed,,flat,inactive,2025-07-21 08:22:00-04:00,2025-07-21 09:46:00-04:00,3387.7209691325043,3404.370969132504,11.099999999999909,16.649999999999864,SL,-16.649999999999636
545_upper,2025-07-11,2025-07-11 10:00:00-04:00,2025-08-08 10:00:00-04:00,2025-07-21 08:33:00-04:00,upper,skipped,position_open,open,active,,,,,,,,
551_upper,2025-07-22,2025-07-21 10:00:00-04:00,2025-08-18 10:00:00-04:00,2025-07-22 09:27:00-04:00,upper,executed,,flat,inactive,2025-07-22 09:27:00-04:00,2025-07-22 15:00:00-04:00,3427.1123558193967,3441.7,19.100000000000364,28.650000000000546,cutoff,-14.587644180603093
552_lower,2025-07-22,2025-07-22 10:00:00-04:00,2025-08-19 10:00:00-04:00,2025-07-23 12:21:00-04:00,lower,skipped,blocked_time,n/a,n/a,,,,,,,,
553_lower,2025-07-24,2025-07-23 10:00:00-04:00,2025-08-20 10:00:00-04:00,2025-07-23 22:11:00-04:00,lower,executed,,flat,inactive,2025-07-23 22:11:00-04:00,2025-07-23 22:59:00-04:00,3388.7968962662167,3388.7968962662167,10.5,15.75,BE,0.0
551_lower,2025-07-24,2025-07-21 10:00:00-04:00,2025-08-18 10:00:00-04:00,2025-07-24 05:29:00-04:00,lower,executed,,flat,inactive,2025-07-24 05:29:00-04:00,2025-07-24 15:00:00-04:00,3367.8876441806033,3375.0,9.300000000000182,13.950000000000273,cutoff,7.112355819396726
550_lower,2025-07-25,2025-07-18 10:00:00-04:00,2025-08-15 10:00:00-04:00,2025-07-25 08:42:00-04:00,lower,executed,,flat,inactive,2025-07-25 08:42:00-04:00,2025-07-25 09:36:00-04:00,3338.3083980078145,3348.3583980078142,6.699999999999818,10.049999999999727,TP,10.049999999999727
554_lower,2025-07-25,2025-07-24 10:00:00-04:00,2025-08-21 10:00:00-04:00,2025-07-25 10:52:00-04:00,lower,executed,,flat,inactive,2025-07-25 10:52:00-04:00,2025-07-25 11:38:00-04:00,3331.870230113797,3331.870230113797,11.199999999999818,16.799999999999727,BE,0.0
548_lower,2025-07-16,2025-07-16 10:00:00-04:00,2025-08-13 10:00:00-04:00,2025-07-27 18:00:00-04:00,lower,skipped,no_anchor,n/a,n/a,,,,,,,,
555_lower,2025-07-25,2025-07-25 10:00:00-04:00,2025-08-22 10:00:00-04:00,2025-07-27 18:00:00-04:00,lower,skipped,no_anchor,n/a,n/a,,,,,,,,
544_lower,2025-07-28,2025-07-10 10:00:00-04:00,2025-08-07 10:00:00-04:00,2025-07-28 09:59:00-04:00,lower,executed,,flat,inactive,2025-07-28 09:59:00-04:00,2025-07-28 15:00:00-04:00,3300.4148741888666,3313.4,13.099999999999909,19.649999999999864,cutoff,12.985125811133457
556_upper,2025-07-29,2025-07-28 10:00:00-04:00,2025-08-25 10:00:00-04:00,2025-07-28 20:00:00-04:00,upper,executed,,flat,inactive,2025-07-28 20:00:00-04:00,2025-07-28 20:49:00-04:00,3366.4,3366.4,4.0,6.0,BE,-0.0
555_upper,2025-07-29,2025-07-25 10:00:00-04:00,2025-08-22 10:00:00-04:00,2025-07-28 21:35:00-04:00,upper,executed,,flat,inactive,2025-07-28 21:35:00-04:00,2025-07-29 04:19:00-04:00,3370.7774830176036,3382.6274830176035,7.900000000000091,11.850000000000136,SL,-11.849999999999909
557_lower,2025-07-29,2025-07-29 10:00:00-04:00,2025-08-26 10:00:00-04:00,2025-07-30 11:20:00-04:00,lower,skipped,blocked_time,n/a,n/a,,,,,,,,
558_lower,2025-07-30,2025-07-30 10:00:00-04:00,2025-08-27 10:00:00-04:00,2025-07-30 15:01:00-04:00,lower,skipped,no_cutoff,n/a,n/a,,,,,,,,
559_lower,2025-08-01,2025-07-31 10:00:00-04:00,2025-08-28 10:00:00-04:00,2025-07-31 21:57:00-04:00,lower,executed,,flat,inactive,2025-07-31 21:57:00-04:00,2025-07-31 22:56:00-04:00,3331.583229969229,3342.083229969229,7.0,10.5,TP,10.5
559_upper,2025-07-31,2025-07-31 10:00:00-04:00,2025-08-28 10:00:00-04:00,2025-08-01 08:37:00-04:00,upper,skipped,simultaneous_collision,flat,inactive,,,,,,,,
558_upper,2025-08-01,2025-07-30 10:00:00-04:00,2025-08-27 10:00:00-04:00,2025-08-01 08:37:00-04:00,upper,executed,,flat,inactive,2025-08-01 08:37:00-04:00,2025-08-01 08:43:00-04:00,3384.806766172303,3392.1567661723025,4.899999999999636,7.349999999999454,SL,-7.349999999999454
554_upper,2025-07-24,2025-07-24 10:00:00-04:00,2025-08-21 10:00:00-04:00,2025-08-01 09:10:00-04:00,upper,skipped,SAL,n/a,active,,,,,,,,
557_upper,2025-07-29,2025-07-29 10:00:00-04:00,2025-08-26 10:00:00-04:00,2025-08-01 09:10:00-04:00,upper,skipped,SAL,n/a,active,,,,,,,,
560_upper,2025-08-04,2025-08-01 10:00:00-04:00,2025-08-29 10:00:00-04:00,2025-08-04 09:46:00-04:00,upper,executed,,flat,inactive,2025-08-04 09:46:00-04:00,2025-08-04 15:00:00-04:00,3432.393637935182,3431.0,11.099999999999909,16.649999999999864,cutoff,1.3936379351821415
553_upper,2025-08-07,2025-07-23 10:00:00-04:00,2025-08-20 10:00:00-04:00,2025-08-07 02:22:00-04:00,upper,executed,,flat,inactive,2025-08-07 02:22:00-04:00,2025-08-07 03:32:00-04:00,3449.103103733784,3463.203103733784,9.400000000000091,14.100000000000136,SL,-14.099999999999909
563_upper,2025-08-06,2025-08-06 10:00:00-04:00,2025-09-03 10:00:00-04:00,2025-08-07 02:37:00-04:00,upper,skipped,position_open,open,active,,,,,,,,
562_upper,2025-08-05,2025-08-05 10:00:00-04:00,2025-09-02 10:00:00-04:00,2025-08-07 02:43:00-04:00,upper,skipped,position_open,open,active,,,,,,,,
552_upper,2025-07-22,2025-07-22 10:00:00-04:00,2025-08-19 10:00:00-04:00,2025-08-07 03:25:00-04:00,upper,skipped,position_open,open,active,,,,,,,,
561_upper,2025-08-04,2025-08-04 10:00:00-04:00,2025-09-01 10:00:00-04:00,2025-08-07 03:26:00-04:00,upper,skipped,position_open,open,active,,,,,,,,
564_upper,2025-08-07,2025-08-07 10:00:00-04:00,2025-09-04 10:00:00-04:00,2025-08-07 18:00:00-04:00,upper,skipped,no_anchor,n/a,n/a,,,,,,,,
565_lower,2025-08-08,2025-08-08 10:00:00-04:00,2025-09-05 10:00:00-04:00,2025-08-08 14:01:00-04:00,lower,skipped,blocked_time,n/a,n/a,,,,,,,,
564_lower,2025-08-11,2025-08-07 10:00:00-04:00,2025-09-04 10:00:00-04:00,2025-08-11 02:30:00-04:00,lower,executed,,flat,inactive,2025-08-11 02:30:00-04:00,2025-08-11 03:47:00-04:00,3425.593446426618,3413.293446426618,8.199999999999818,12.299999999999727,SL,-12.299999999999727
561_lower,2025-08-04,2025-08-04 10:00:00-04:00,2025-09-01 10:00:00-04:00,2025-08-11 08:29:00-04:00,lower,skipped,SAL,n/a,active,,,,,,,,
562_lower,2025-08-05,2025-08-05 10:00:00-04:00,2025-09-02 10:00:00-04:00,2025-08-11 08:30:00-04:00,lower,skipped,SAL,n/a,active,,,,,,,,
563_lower,2025-08-06,2025-08-06 10:00:00-04:00,2025-09-03 10:00:00-04:00,2025-08-11 16:45:00-04:00,lower,skipped,no_cutoff,n/a,n/a,,,,,,,,
566_lower,2025-08-12,2025-08-11 10:00:00-04:00,2025-09-08 10:00:00-04:00,2025-08-12 10:19:00-04:00,lower,executed,,flat,inactive,2025-08-12 10:19:00-04:00,2025-08-12 11:28:00-04:00,3379.1662900290667,3406.9162900290667,18.5,27.75,TP,27.75
568_lower,2025-08-14,2025-08-13 10:00:00-04:00,2025-09-10 10:00:00-04:00,2025-08-14 10:11:00-04:00,lower,executed,,flat,inactive,2025-08-14 10:11:00-04:00,2025-08-14 12:12:00-04:00,3381.9241980191,3381.9241980191,12.699999999999818,19.049999999999727,BE,0.0
569_lower,2025-08-14,2025-08-14 10:00:00-04:00,2025-09-11 10:00:00-04:00,2025-08-17 19:17:00-04:00,lower,skipped,simultaneous_collision,flat,inactive,,,,,,,,
560_lower,2025-08-18,2025-08-01 10:00:00-04:00,2025-08-29 10:00:00-04:00,2025-08-17 19:17:00-04:00,lower,executed,,flat,inactive,2025-08-17 19:17:00-04:00,2025-08-17 20:20:00-04:00,3371.8563620648183,3382.506362064818,7.099999999999909,10.649999999999864,TP,10.649999999999864
567_lower,2025-08-12,2025-08-12 10:00:00-04:00,2025-09-09 10:00:00-04:00,2025-08-19 12:23:00-04:00,lower,skipped,blocked_time,n/a,n/a,,,,,,,,
571_lower,2025-08-18,2025-08-18 10:00:00-04:00,2025-09-15 10:00:00-04:00,2025-08-19 12:52:00-04:00,lower,skipped,blocked_time,n/a,n/a,,,,,,,,
570_lower,2025-08-15,2025-08-15 10:00:00-04:00,2025-09-12 10:00:00-04:00,2025-08-19 13:28:00-04:00,lower,skipped,blocked_time,n/a,n/a,,,,,,,,
572_lower,2025-08-20,2025-08-19 10:00:00-04:00,2025-09-16 10:00:00-04:00,2025-08-19 21:07:00-04:00,lower,executed,,flat,inactive,2025-08-19 21:07:00-04:00,2025-08-19 22:43:00-04:00,3354.8108142532583,3354.8108142532583,4.300000000000182,6.450000000000273,BE,0.0
572_upper,2025-08-22,2025-08-19 10:00:00-04:00,2025-09-16 10:00:00-04:00,2025-08-22 10:10:00-04:00,upper,executed,,flat,inactive,2025-08-22 10:10:00-04:00,2025-08-22 10:52:00-04:00,3401.539185746741,3422.239185746741,13.799999999999727,20.69999999999959,SL,-20.699999999999818
570_upper,2025-08-15,2025-08-15 10:00:00-04:00,2025-09-12 10:00:00-04:00,2025-08-22 10:18:00-04:00,upper,skipped,position_open,open,active,,,,,,,,
573_upper,2025-08-20,2025-08-20 10:00:00-04:00,2025-09-17 10:00:00-04:00,2025-08-22 10:18:00-04:00,upper,skipped,position_open,open,active,,,,,,,,
575_upper,2025-08-22,2025-08-22 10:00:00-04:00,2025-09-19 10:00:00-04:00,2025-08-22 10:18:00-04:00,upper,skipped,position_open,open,active,,,,,,,,
571_upper,2025-08-18,2025-08-18 10:00:00-04:00,2025-09-15 10:00:00-04:00,2025-08-22 10:19:00-04:00,upper,skipped,position_open,open,active,,,,,,,,
574_upper,2025-08-21,2025-08-21 10:00:00-04:00,2025-09-18 10:00:00-04:00,2025-08-22 10:30:00-04:00,upper,skipped,position_open,open,active,,,,,,,,
569_upper,2025-08-14,2025-08-14 10:00:00-04:00,2025-09-11 10:00:00-04:00,2025-08-22 10:35:00-04:00,upper,skipped,position_open,open,active,,,,,,,,
567_upper,2025-08-26,2025-08-12 10:00:00-04:00,2025-09-09 10:00:00-04:00,2025-08-25 20:46:00-04:00,upper,executed,,flat,inactive,2025-08-25 20:46:00-04:00,2025-08-26 03:19:00-04:00,3431.769373361883,3414.2193733618833,11.699999999999818,17.549999999999727,TP,17.549999999999727
568_upper,2025-08-13,2025-08-13 10:00:00-04:00,2025-09-10 10:00:00-04:00,2025-08-26 11:56:00-04:00,upper,skipped,blocked_time,n/a,n/a,,,,,,,,
576_upper,2025-08-25,2025-08-25 10:00:00-04:00,2025-09-22 10:00:00-04:00,2025-08-26 11:56:00-04:00,upper,skipped,blocked_time,n/a,n/a,,,,,,,,
566_upper,2025-08-11,2025-08-11 10:00:00-04:00,2025-09-08 10:00:00-04:00,2025-08-26 15:49:00-04:00,upper,skipped,no_cutoff,n/a,n/a,,,,,,,,
577_upper,2025-08-26,2025-08-26 10:00:00-04:00,2025-09-23 10:00:00-04:00,2025-08-26 18:01:00-04:00,upper,skipped,no_anchor,n/a,n/a,,,,,,,,
578_upper,2025-08-28,2025-08-27 10:00:00-04:00,2025-09-24 10:00:00-04:00,2025-08-28 04:37:00-04:00,upper,executed,,flat,inactive,2025-08-28 04:37:00-04:00,2025-08-28 07:28:00-04:00,3453.94919320619,3460.5491932061905,4.400000000000091,6.600000000000136,SL,-6.600000000000364
579_upper,2025-08-29,2025-08-28 10:00:00-04:00,2025-09-25 10:00:00-04:00,2025-08-29 10:00:00-04:00,upper,executed,,flat,inactive,2025-08-29 10:00:00-04:00,2025-08-29 11:52:00-04:00,3489.84662270299,3513.99662270299,16.09999999999991,24.149999999999864,SL,-24.15000000000009
580_upper,2025-08-29,2025-08-29 10:00:00-04:00,2025-09-26 10:00:00-04:00,2025-08-29 11:48:00-04:00,upper,skipped,blocked_time,n/a,n/a,,,,,,,,
565_upper,2025-09-01,2025-08-08 10:00:00-04:00,2025-09-05 10:00:00-04:00,2025-08-31 21:55:00-04:00,upper,executed,,flat,inactive,2025-08-31 21:55:00-04:00,2025-08-31 21:59:00-04:00,3520.583183293419,3528.083183293419,5.0,7.5,SL,-7.5
581_upper,2025-09-02,2025-09-01 10:00:00-04:00,2025-09-29 10:00:00-04:00,2025-09-01 21:46:00-04:00,upper,executed,,flat,inactive,2025-09-01 21:46:00-04:00,2025-09-01 21:50:00-04:00,3573.8243194140314,3563.3243194140314,7.0,10.5,TP,10.5
582_upper,2025-09-02,2025-09-02 10:00:00-04:00,2025-09-30 10:00:00-04:00,2025-09-02 11:47:00-04:00,upper,skipped,blocked_time,n/a,n/a,,,,,,,,
583_lower,2025-09-04,2025-09-03 10:00:00-04:00,2025-10-01 10:00:00-04:00,2025-09-03 22:46:00-04:00,lower,executed,,flat,inactive,2025-09-03 22:46:00-04:00,2025-09-04 09:37:00-04:00,3587.5831674590536,3616.233167459053,19.09999999999991,28.649999999999864,TP,28.649999999999864
584_upper,2025-09-05,2025-09-04 10:00:00-04:00,2025-10-02 10:00:00-04:00,2025-09-05 09:48:00-04:00,upper,executed,,flat,inactive,2025-09-05 09:48:00-04:00,2025-09-05 11:47:00-04:00,3650.0675975939475,3650.0675975939475,40.59999999999991,60.899999999999864,BE,-0.0
583_upper,2025-09-08,2025-09-03 10:00:00-04:00,2025-10-01 10:00:00-04:00,2025-09-08 06:14:00-04:00,upper,executed,,flat,inactive,2025-09-08 06:14:00-04:00,2025-09-08 08:00:00-04:00,3659.4168325409464,3659.4168325409464,6.900000000000091,10.350000000000136,BE,-0.0
585_upper,2025-09-08,2025-09-05 10:00:00-04:00,2025-10-03 10:00:00-04:00,2025-09-08 10:45:00-04:00,upper,executed,,flat,inactive,2025-09-08 10:45:00-04:00,2025-09-08 11:34:00-04:00,3677.6980367872134,3677.6980367872134,16.5,24.75,BE,-0.0
586_upper,2025-09-09,2025-09-08 10:00:00-04:00,2025-10-06 10:00:00-04:00,2025-09-09 09:27:00-04:00,upper,executed,,flat,inactive,2025-09-09 09:27:00-04:00,2025-09-09 10:08:00-04:00,3701.3864904179336,3682.7864904179332,12.400000000000091,18.600000000000136,TP,18.600000000000136
587_lower,2025-09-09,2025-09-09 10:00:00-04:00,2025-10-07 10:00:00-04:00,2025-09-09 11:17:00-04:00,lower,skipped,blocked_time,n/a,n/a,,,,,,,,
588_lower,2025-09-11,2025-09-10 10:00:00-04:00,2025-10-08 10:00:00-04:00,2025-09-11 05:09:00-04:00,lower,executed,,flat,inactive,2025-09-11 05:09:00-04:00,2025-09-11 08:30:00-04:00,3659.7101994343097,3651.0101994343095,5.800000000000182,8.700000000000273,SL,-8.700000000000273
589_upper,2025-09-12,2025-09-11 10:00:00-04:00,2025-10-09 10:00:00-04:00,2025-09-12 00:49:00-04:00,upper,executed,,flat,inactive,2025-09-12 00:49:00-04:00,2025-09-12 01:41:00-04:00,3694.923593400145,3694.923593400145,5.400000000000091,8.100000000000136,BE,-0.0
590_upper,2025-09-12,2025-09-12 10:00:00-04:00,2025-10-10 10:00:00-04:00,2025-09-15 11:50:00-04:00,upper,skipped,blocked_time,n/a,n/a,,,,,,,,
588_upper,2025-09-10,2025-09-10 10:00:00-04:00,2025-10-08 10:00:00-04:00,2025-09-15 11:54:00-04:00,upper,skipped,blocked_time,n/a,n/a,,,,,,,,
591_upper,2025-09-15,2025-09-15 10:00:00-04:00,2025-10-13 10:00:00-04:00,2025-09-15 12:29:00-04:00,upper,skipped,blocked_time,n/a,n/a,,,,,,,,
592_lower,2025-09-17,2025-09-16 10:00:00-04:00,2025-10-14 10:00:00-04:00,2025-09-17 03:29:00-04:00,lower,executed,,flat,inactive,2025-09-17 03:29:00-04:00,2025-09-17 09:37:00-04:00,3703.746473728803,3718.296473728803,9.700000000000273,14.55000000000041,TP,14.55000000000041
587_upper,2025-09-09,2025-09-09 10:00:00-04:00,2025-10-07 10:00:00-04:00,2025-09-17 14:09:00-04:00,upper,skipped,blocked_time,n/a,n/a,,,,,,,,
593_upper,2025-09-17,2025-09-17 10:00:00-04:00,2025-10-15 10:00:00-04:00,2025-09-17 14:09:00-04:00,upper,skipped,blocked_time,n/a,n/a,,,,,,,,
593_lower,2025-09-17,2025-09-17 10:00:00-04:00,2025-10-15 10:00:00-04:00,2025-09-17 14:51:00-04:00,lower,skipped,blocked_time,n/a,n/a,,,,,,,,
591_lower,2025-09-18,2025-09-15 10:00:00-04:00,2025-10-13 10:00:00-04:00,2025-09-18 09:44:00-04:00,lower,executed,,flat,inactive,2025-09-18 09:44:00-04:00,2025-09-18 10:01:00-04:00,3663.2614989753156,3678.2614989753156,10.0,15.0,TP,15.0
590_lower,2025-09-12,2025-09-12 10:00:00-04:00,2025-10-10 10:00:00-04:00,2025-09-18 09:45:00-04:00,lower,skipped,position_open,open,inactive,,,,,,,,
595_upper,2025-09-19,2025-09-19 10:00:00-04:00,2025-10-17 10:00:00-04:00,2025-09-19 16:45:00-04:00,upper,skipped,no_cutoff,n/a,n/a,,,,,,,,
594_upper,2025-09-18,2025-09-18 10:00:00-04:00,2025-10-16 10:00:00-04:00,2025-09-21 18:24:00-04:00,upper,skipped,no_anchor,n/a,n/a,,,,,,,,
592_upper,2025-09-22,2025-09-16 10:00:00-04:00,2025-10-14 10:00:00-04:00,2025-09-22 05:23:00-04:00,upper,executed,,flat,inactive,2025-09-22 05:23:00-04:00,2025-09-22 06:23:00-04:00,3760.503526271197,3760.503526271197,10.200000000000273,15.30000000000041,BE,-0.0
596_upper,2025-09-23,2025-09-22 10:00:00-04:00,2025-10-20 10:00:00-04:00,2025-09-22 21:05:00-04:00,upper,executed,,flat,inactive,2025-09-22 21:05:00-04:00,2025-09-22 21:43:00-04:00,3785.813868218236,3794.213868218236,5.599999999999909,8.399999999999864,SL,-8.399999999999636
597_lower,2025-09-23,2025-09-23 10:00:00-04:00,2025-10-21 10:00:00-04:00,2025-09-24 11:34:00-04:00,lower,skipped,blocked_time,n/a,n/a,,,,,,,,
598_lower,2025-09-24,2025-09-24 10:00:00-04:00,2025-10-22 10:00:00-04:00,2025-09-24 12:50:00-04:00,lower,skipped,blocked_time,n/a,n/a,,,,,,,,
599_upper,2025-09-26,2025-09-25 10:00:00-04:00,2025-10-23 10:00:00-04:00,2025-09-26 10:17:00-04:00,upper,executed,,flat,inactive,2025-09-26 10:17:00-04:00,2025-09-26 11:03:00-04:00,3808.0870707189797,3808.0870707189797,16.0,24.0,BE,-0.0
600_upper,2025-09-29,2025-09-26 10:00:00-04:00,2025-10-24 10:00:00-04:00,2025-09-28 22:21:00-04:00,upper,executed,,flat,inactive,2025-09-28 22:21:00-04:00,2025-09-29 07:35:00-04:00,3822.752682223226,3855.002682223226,21.5,32.25,SL,-32.25
598_upper,2025-09-24,2025-09-24 10:00:00-04:00,2025-10-22 10:00:00-04:00,2025-09-29 00:32:00-04:00,upper,skipped,position_open,open,active,,,,,,,,
597_upper,2025-09-23,2025-09-23 10:00:00-04:00,2025-10-21 10:00:00-04:00,2025-09-29 07:15:00-04:00,upper,skipped,position_open,open,active,,,,,,,,
601_upper,2025-09-30,2025-09-29 10:00:00-04:00,2025-10-27 10:00:00-04:00,2025-09-29 23:25:00-04:00,upper,executed,,flat,inactive,2025-09-29 23:25:00-04:00,2025-09-30 03:56:00-04:00,3884.6336719093783,3869.7836719093784,9.900000000000091,14.850000000000136,TP,14.850000000000136
602_upper,2025-09-30,2025-09-30 10:00:00-04:00,2025-10-28 10:00:00-04:00,2025-09-30 15:52:00-04:00,upper,skipped,no_cutoff,n/a,n/a,,,,,,,,
604_lower,2025-10-02,2025-10-02 10:00:00-04:00,2025-10-30 10:00:00-04:00,2025-10-02 10:37:00-04:00,lower,executed,,flat,inactive,2025-10-02 10:37:00-04:00,2025-10-02 15:00:00-04:00,3868.796652782075,3875.5,25.200000000000273,37.80000000000041,cutoff,6.703347217925057
603_lower,2025-10-01,2025-10-01 10:00:00-04:00,2025-10-29 10:00:00-04:00,2025-10-02 10:40:00-04:00,lower,skipped,position_open,open,inactive,,,,,,,,
603_upper,2025-10-06,2025-10-01 10:00:00-04:00,2025-10-29 10:00:00-04:00,2025-10-05 19:02:00-04:00,upper,executed,,flat,inactive,2025-10-05 19:02:00-04:00,2025-10-06 00:45:00-04:00,3932.730339313926,3964.3803393139265,21.100000000000364,31.650000000000546,SL,-31.650000000000546
605_upper,2025-10-03,2025-10-03 10:00:00-04:00,2025-10-31 10:00:00-04:00,2025-10-05 19:05:00-04:00,upper,skipped,position_open,open,active,,,,,,,,
604_upper,2025-10-02,2025-10-02 10:00:00-04:00,2025-10-30 10:00:00-04:00,2025-10-06 00:35:00-04:00,upper,skipped,position_open,open,active,,,,,,,,
606_upper,2025-10-06,2025-10-06 10:00:00-04:00,2025-11-03 10:00:00-05:00,2025-10-06 18:28:00-04:00,upper,skipped,no_anchor,n/a,n/a,,,,,,,,
607_upper,2025-10-08,2025-10-07 10:00:00-04:00,2025-11-04 10:00:00-05:00,2025-10-08 00:02:00-04:00,upper,executed,,flat,inactive,2025-10-08 00:02:00-04:00,2025-10-08 01:05:00-04:00,4040.076411801307,4051.0264118013065,7.299999999999727,10.94999999999959,SL,-10.949999999999363
608_lower,2025-10-08,2025-10-08 10:00:00-04:00,2025-11-05 10:00:00-05:00,2025-10-09 12:34:00-04:00,lower,skipped,blocked_time,n/a,n/a,,,,,,,,
609_lower,2025-10-09,2025-10-09 10:00:00-04:00,2025-11-06 10:00:00-05:00,2025-10-09 12:40:00-04:00,lower,skipped,blocked_time,n/a,n/a,,,,,,,,
607_lower,2025-10-07,2025-10-07 10:00:00-04:00,2025-11-04 10:00:00-05:00,2025-10-09 13:14:00-04:00,lower,skipped,blocked_time,n/a,n/a,,,,,,,,
610_upper,2025-10-10,2025-10-10 10:00:00-04:00,2025-11-07 10:00:00-05:00,2025-10-12 18:24:00-04:00,upper,skipped,no_anchor,n/a,n/a,,,,,,,,
608_upper,2025-10-13,2025-10-08 10:00:00-04:00,2025-11-05 10:00:00-05:00,2025-10-13 04:52:00-04:00,upper,executed,,flat,inactive,2025-10-13 04:52:00-04:00,2025-10-13 05:51:00-04:00,4097.104441969592,4097.104441969592,10.899999999999636,16.349999999999454,BE,-0.0
609_upper,2025-10-09,2025-10-09 10:00:00-04:00,2025-11-06 10:00:00-05:00,2025-10-13 12:05:00-04:00,upper,skipped,blocked_time,n/a,n/a,,,,,,,,
611_upper,2025-10-14,2025-10-13 10:00:00-04:00,2025-11-10 10:00:00-05:00,2025-10-13 21:11:00-04:00,upper,executed,,flat,inactive,2025-10-13 21:11:00-04:00,2025-10-13 21:58:00-04:00,4155.075098967868,4155.075098967868,11.399999999999636,17.099999999999454,BE,-0.0
612_upper,2025-10-15,2025-10-14 10:00:00-04:00,2025-11-11 10:00:00-05:00,2025-10-14 19:38:00-04:00,upper,executed,,flat,inactive,2025-10-14 19:38:00-04:00,2025-10-14 20:24:00-04:00,4184.0358808019755,4184.0358808019755,23.199999999999818,34.79999999999973,BE,-0.0
613_upper,2025-10-16,2025-10-15 10:00:00-04:00,2025-11-12 10:00:00-05:00,2025-10-16 06:01:00-04:00,upper,executed,,flat,inactive,2025-10-16 06:01:00-04:00,2025-10-16 06:49:00-04:00,4257.778261019774,4257.778261019774,20.300000000000182,30.450000000000273,BE,-0.0
614_upper,2025-10-16,2025-10-16 10:00:00-04:00,2025-11-13 10:00:00-05:00,2025-10-16 15:53:00-04:00,upper,skipped,no_cutoff,n/a,n/a,,,,,,,,
615_lower,2025-10-17,2025-10-17 10:00:00-04:00,2025-11-14 10:00:00-05:00,2025-10-17 12:34:00-04:00,lower,skipped,blocked_time,n/a,n/a,,,,,,,,
614_lower,2025-10-16,2025-10-16 10:00:00-04:00,2025-11-13 10:00:00-05:00,2025-10-17 12:55:00-04:00,lower,skipped,blocked_time,n/a,n/a,,,,,,,,
616_upper,2025-10-20,2025-10-20 10:00:00-04:00,2025-11-17 10:00:00-05:00,2025-10-20 15:57:00-04:00,upper,skipped,no_cutoff,n/a,n/a,,,,,,,,
616_lower,2025-10-21,2025-10-20 10:00:00-04:00,2025-11-17 10:00:00-05:00,2025-10-21 04:14:00-04:00,lower,executed,,flat,inactive,2025-10-21 04:14:00-04:00,2025-10-21 06:16:00-04:00,4263.843948415871,4263.843948415871,50.100000000000364,75.15000000000055,BE,0.0
613_lower,2025-10-21,2025-10-15 10:00:00-04:00,2025-11-12 10:00:00-05:00,2025-10-21 10:28:00-04:00,lower,executed,,flat,inactive,2025-10-21 10:28:00-04:00,2025-10-21 15:00:00-04:00,4158.271738980226,4131.7,59.79999999999927,89.69999999999891,cutoff,-26.571738980225746
617_lower,2025-10-21,2025-10-21 10:00:00-04:00,2025-11-18 10:00:00-05:00,2025-10-21 10:42:00-04:00,lower,skipped,position_open,open,active,,,,,,,,
612_lower,2025-10-22,2025-10-14 10:00:00-04:00,2025-11-11 10:00:00-05:00,2025-10-21 20:02:00-04:00,lower,executed,,flat,inactive,2025-10-21 20:02:00-04:00,2025-10-21 20:57:00-04:00,4076.3641191980255,4076.3641191980255,37.30000000000018,55.95000000000027,BE,0.0
611_lower,2025-10-13,2025-10-13 10:00:00-04:00,2025-11-10 10:00:00-05:00,2025-10-21 20:06:00-04:00,lower,skipped,position_open,open,inactive,,,,,,,,
618_upper,2025-10-23,2025-10-22 10:00:00-04:00,2025-11-19 10:00:00-05:00,2025-10-23 02:10:00-04:00,upper,executed,,flat,inactive,2025-10-23 02:10:00-04:00,2025-10-23 03:37:00-04:00,4145.700846228764,4106.5508462287635,26.100000000000364,39.150000000000546,TP,39.150000000000546
619_lower,2025-10-24,2025-10-23 10:00:00-04:00,2025-11-20 10:00:00-05:00,2025-10-24 02:06:00-04:00,lower,executed,,flat,inactive,2025-10-24 02:06:00-04:00,2025-10-24 03:24:00-04:00,4105.725196847821,4105.725196847821,15.100000000000364,22.650000000000546,BE,0.0
620_lower,2025-10-27,2025-10-24 10:00:00-04:00,2025-11-21 10:00:00-05:00,2025-10-27 00:05:00-04:00,lower,executed,,flat,inactive,2025-10-27 00:05:00-04:00,2025-10-27 01:27:00-04:00,4071.6346420093064,4096.834642009306,16.799999999999727,25.19999999999959,TP,25.19999999999959
618_lower,2025-10-27,2025-10-22 10:00:00-04:00,2025-11-19 10:00:00-05:00,2025-10-27 10:17:00-04:00,lower,executed,,flat,inactive,2025-10-27 10:17:00-04:00,2025-10-27 15:00:00-04:00,4002.9991537712363,4012.5,37.90000000000009,56.850000000000136,cutoff,9.500846228763749
621_lower,2025-10-27,2025-10-27 10:00:00-04:00,2025-11-24 10:00:00-05:00,2025-10-27 11:00:00-04:00,lower,skipped,blocked_time,n/a,n/a,,,,,,,,
610_lower,2025-10-28,2025-10-10 10:00:00-04:00,2025-11-07 10:00:00-05:00,2025-10-28 02:54:00-04:00,lower,executed,,flat,inactive,2025-10-28 02:54:00-04:00,2025-10-28 04:37:00-04:00,3955.473182142582,3922.3231821425825,22.09999999999991,33.149999999999864,SL,-33.149999999999636
606_lower,2025-10-06,2025-10-06 10:00:00-04:00,2025-11-03 10:00:00-05:00,2025-10-28 04:42:00-04:00,lower,skipped,SAL,n/a,active,,,,,,,,
622_upper,2025-10-29,2025-10-28 10:00:00-04:00,2025-11-25 10:00:00-05:00,2025-10-29 03:10:00-04:00,upper,executed,,flat,inactive,2025-10-29 03:10:00-04:00,2025-10-29 05:45:00-04:00,3999.1882468240483,4037.588246824049,25.600000000000364,38.400000000000546,SL,-38.400000000000546
623_lower,2025-10-29,2025-10-29 10:00:00-04:00,2025-11-26 10:00:00-05:00,2025-10-29 14:35:00-04:00,lower,skipped,blocked_time,n/a,n/a,,,,,,,,
624_upper,2025-10-30,2025-10-30 10:00:00-04:00,2025-11-27 10:00:00-05:00,2025-10-30 18:50:00-04:00,upper,skipped,no_anchor,n/a,n/a,,,,,,,,
625_lower,2025-10-31,2025-10-31 10:00:00-04:00,2025-11-28 10:00:00-05:00,2025-10-31 12:15:00-04:00,lower,skipped,blocked_time,n/a,n/a,,,,,,,,
626_lower,2025-11-04,2025-11-03 10:00:00-05:00,2025-12-01 10:00:00-05:00,2025-11-04 09:29:00-05:00,lower,executed,,flat,inactive,2025-11-04 09:29:00-05:00,2025-11-04 15:00:00-05:00,3969.988788215858,3947.8,24.90000000000009,37.350000000000136,cutoff,-22.18878821585804
627_upper,2025-11-06,2025-11-04 10:00:00-05:00,2025-12-02 10:00:00-05:00,2025-11-06 02:20:00-05:00,upper,executed,,flat,inactive,2025-11-06 02:20:00-05:00,2025-11-06 06:52:00-05:00,4011.1577398402496,4028.55773984025,11.600000000000364,17.400000000000546,SL,-17.400000000000546
628_upper,2025-11-05,2025-11-05 10:00:00-05:00,2025-12-03 10:00:00-05:00,2025-11-07 11:39:00-05:00,upper,skipped,blocked_time,n/a,n/a,,,,,,,,
629_upper,2025-11-10,2025-11-06 10:00:00-05:00,2025-12-04 10:00:00-05:00,2025-11-09 20:18:00-05:00,upper,executed,,flat,inactive,2025-11-09 20:18:00-05:00,2025-11-09 20:26:00-05:00,4040.430550242267,4059.780550242267,12.900000000000091,19.350000000000136,SL,-19.34999999999991
630_upper,2025-11-07,2025-11-07 10:00:00-05:00,2025-12-05 10:00:00-05:00,2025-11-09 20:20:00-05:00,upper,skipped,position_open,open,active,,,,,,,,
623_upper,2025-10-29,2025-10-29 10:00:00-04:00,2025-11-26 10:00:00-05:00,2025-11-10 00:51:00-05:00,upper,skipped,SAL,n/a,active,,,,,,,,
626_upper,2025-11-03,2025-11-03 10:00:00-05:00,2025-12-01 10:00:00-05:00,2025-11-10 01:01:00-05:00,upper,skipped,SAL,n/a,active,,,,,,,,
625_upper,2025-10-31,2025-10-31 10:00:00-04:00,2025-11-28 10:00:00-05:00,2025-11-10 01:35:00-05:00,upper,skipped,SAL,n/a,active,,,,,,,,
621_upper,2025-10-27,2025-10-27 10:00:00-04:00,2025-11-24 10:00:00-05:00,2025-11-10 07:17:00-05:00,upper,skipped,SAL,n/a,active,,,,,,,,
631_upper,2025-11-11,2025-11-10 10:00:00-05:00,2025-12-08 10:00:00-05:00,2025-11-10 19:28:00-05:00,upper,executed,,flat,inactive,2025-11-10 19:28:00-05:00,2025-11-10 20:29:00-05:00,4131.5926427637205,4143.89264276372,8.199999999999818,12.299999999999727,SL,-12.299999999999272
632_upper,2025-11-11,2025-11-11 10:00:00-05:00,2025-12-09 10:00:00-05:00,2025-11-12 10:33:00-05:00,upper,skipped,simultaneous_collision,flat,inactive,,,,,,,,
620_upper,2025-11-12,2025-10-24 10:00:00-04:00,2025-11-21 10:00:00-05:00,2025-11-12 10:33:00-05:00,upper,executed,,flat,inactive,2025-11-12 10:33:00-05:00,2025-11-12 12:01:00-05:00,4182.115357990693,4206.265357990694,16.100000000000364,24.150000000000546,SL,-24.150000000000546
633_upper,2025-11-12,2025-11-12 10:00:00-05:00,2025-12-10 10:00:00-05:00,2025-11-12 10:34:00-05:00,upper,skipped,position_open,open,active,,,,,,,,
619_upper,2025-10-23,2025-10-23 10:00:00-04:00,2025-11-20 10:00:00-05:00,2025-11-12 13:26:00-05:00,upper,skipped,blocked_time,n/a,n/a,,,,,,,,
634_lower,2025-11-14,2025-11-13 10:00:00-05:00,2025-12-11 10:00:00-05:00,2025-11-14 06:17:00-05:00,lower,executed,,flat,inactive,2025-11-14 06:17:00-05:00,2025-11-14 07:12:00-05:00,4146.245296151252,4128.6952961512525,11.699999999999818,17.549999999999727,SL,-17.549999999999272
633_lower,2025-11-12,2025-11-12 10:00:00-05:00,2025-12-10 10:00:00-05:00,2025-11-14 08:12:00-05:00,lower,skipped,SAL,n/a,active,,,,,,,,
632_lower,2025-11-11,2025-11-11 10:00:00-05:00,2025-12-09 10:00:00-05:00,2025-11-14 08:13:00-05:00,lower,skipped,SAL,n/a,active,,,,,,,,
631_lower,2025-11-10,2025-11-10 10:00:00-05:00,2025-12-08 10:00:00-05:00,2025-11-14 08:35:00-05:00,lower,skipped,SAL,n/a,active,,,,,,,,
636_lower,2025-11-17,2025-11-17 10:00:00-05:00,2025-12-15 10:00:00-05:00,2025-11-17 14:42:00-05:00,lower,skipped,blocked_time,n/a,n/a,,,,,,,,
636_upper,2025-11-19,2025-11-17 10:00:00-05:00,2025-12-15 10:00:00-05:00,2025-11-19 05:06:00-05:00,upper,executed,,flat,inactive,2025-11-19 05:06:00-05:00,2025-11-19 07:10:00-05:00,4118.56365014177,4118.56365014177,36.59999999999991,54.899999999999864,BE,-0.0
637_upper,2025-11-19,2025-11-18 10:00:00-05:00,2025-12-16 10:00:00-05:00,2025-11-19 09:56:00-05:00,upper,executed,,flat,inactive,2025-11-19 09:56:00-05:00,2025-11-19 10:53:00-05:00,4125.243967396162,4098.693967396162,17.699999999999818,26.549999999999727,TP,26.549999999999727
635_upper,2025-11-14,2025-11-14 10:00:00-05:00,2025-12-12 10:00:00-05:00,2025-11-19 10:00:00-05:00,upper,skipped,position_open,open,inactive,,,,,,,,
638_lower,2025-11-19,2025-11-19 10:00:00-05:00,2025-12-17 10:00:00-05:00,2025-11-19 12:08:00-05:00,lower,skipped,blocked_time,n/a,n/a,,,,,,,,
639_lower,2025-11-21,2025-11-20 10:00:00-05:00,2025-12-18 10:00:00-05:00,2025-11-21 02:01:00-05:00,lower,executed,,flat,inactive,2025-11-21 02:01:00-05:00,2025-11-21 03:00:00-05:00,4025.524903770066,4025.524903770066,37.40000000000009,56.100000000000136,BE,0.0
637_lower,2025-11-21,2025-11-18 10:00:00-05:00,2025-12-16 10:00:00-05:00,2025-11-21 03:03:00-05:00,lower,executed,,flat,inactive,2025-11-21 03:03:00-05:00,2025-11-21 03:27:00-05:00,4020.056032603839,4043.0060326038392,15.300000000000182,22.950000000000273,TP,22.950000000000273
640_upper,2025-11-21,2025-11-21 10:00:00-05:00,2025-12-19 10:00:00-05:00,2025-11-24 13:39:00-05:00,upper,skipped,blocked_time,n/a,n/a,,,,,,,,
641_upper,2025-11-24,2025-11-24 10:00:00-05:00,2025-12-22 10:00:00-05:00,2025-11-24 13:52:00-05:00,upper,skipped,blocked_time,n/a,n/a,,,,,,,,
639_upper,2025-11-20,2025-11-20 10:00:00-05:00,2025-12-18 10:00:00-05:00,2025-11-24 19:00:00-05:00,upper,skipped,simultaneous_collision,flat,inactive,,,,,,,,
638_upper,2025-11-25,2025-11-19 10:00:00-05:00,2025-12-17 10:00:00-05:00,2025-11-24 19:00:00-05:00,upper,executed,,flat,inactive,2025-11-24 19:00:00-05:00,2025-11-24 21:05:00-05:00,4175.5,4175.5,18.199999999999818,27.299999999999727,BE,-0.0
642_upper,2025-11-28,2025-11-25 10:00:00-05:00,2025-12-23 10:00:00-05:00,2025-11-27 19:34:00-05:00,upper,executed,,flat,inactive,2025-11-27 19:34:00-05:00,2025-11-27 20:41:00-05:00,4216.861532142646,4226.011532142646,6.099999999999454,9.149999999999181,SL,-9.149999999999636
643_upper,2025-11-26,2025-11-26 10:00:00-05:00,2025-12-24 10:00:00-05:00,2025-11-27 20:05:00-05:00,upper,skipped,position_open,open,active,,,,,,,,
644_upper,2025-11-27,2025-11-27 10:00:00-05:00,2025-12-26 10:00:00-05:00,2025-11-27 20:42:00-05:00,upper,skipped,SAL,n/a,active,,,,,,,,
634_upper,2025-12-01,2025-11-13 10:00:00-05:00,2025-12-11 10:00:00-05:00,2025-11-30 20:31:00-05:00,upper,executed,,flat,inactive,2025-11-30 20:31:00-05:00,2025-12-01 00:26:00-05:00,4275.754703848748,4251.454703848749,16.199999999999818,24.299999999999727,TP,24.299999999999727
645_upper,2025-11-28,2025-11-28 10:00:00-05:00,2025-12-29 10:00:00-05:00,2025-11-30 20:54:00-05:00,upper,skipped,position_open,open,inactive,,,,,,,,
646_lower,2025-12-02,2025-12-01 10:00:00-05:00,2025-12-30 10:00:00-05:00,2025-12-01 20:09:00-05:00,lower,executed,,flat,inactive,2025-12-01 20:09:00-05:00,2025-12-01 20:10:00-05:00,4218.120220212587,4230.870220212587,8.5,12.75,TP,12.75
647_lower,2025-12-02,2025-12-02 10:00:00-05:00,2025-12-31 10:00:00-05:00,2025-12-02 10:54:00-05:00,lower,executed,,flat,inactive,2025-12-02 10:54:00-05:00,2025-12-02 15:00:00-05:00,4210.145471460052,4230.5,19.199999999999818,28.799999999999727,cutoff,20.35452853994775
649_upper,2025-12-05,2025-12-04 10:00:00-05:00,2026-01-05 10:00:00-05:00,2025-12-05 10:33:00-05:00,upper,executed,,flat,inactive,2025-12-05 10:33:00-05:00,2025-12-05 11:09:00-05:00,4284.342242893326,4256.592242893326,18.5,27.75,TP,27.75
650_lower,2025-12-08,2025-12-05 10:00:00-05:00,2026-01-06 10:00:00-05:00,2025-12-08 10:00:00-05:00,lower,executed,,flat,inactive,2025-12-08 10:00:00-05:00,2025-12-08 15:00:00-05:00,4220.4971388123895,4216.2,17.600000000000364,26.400000000000546,cutoff,-4.297138812389676
653_upper,2025-12-10,2025-12-10 10:00:00-05:00,2026-01-09 10:00:00-05:00,2025-12-10 15:13:00-05:00,upper,skipped,no_cutoff,n/a,n/a,,,,,,,,
652_upper,2025-12-11,2025-12-09 10:00:00-05:00,2026-01-08 10:00:00-05:00,2025-12-10 19:12:00-05:00,upper,executed,,flat,inactive,2025-12-10 19:12:00-05:00,2025-12-10 20:00:00-05:00,4269.457876953569,4269.457876953569,9.800000000000182,14.700000000000273,BE,-0.0
651_upper,2025-12-11,2025-12-08 10:00:00-05:00,2026-01-07 10:00:00-05:00,2025-12-11 10:41:00-05:00,upper,executed,,flat,inactive,2025-12-11 10:41:00-05:00,2025-12-11 15:00:00-05:00,4279.965710820372,4302.6,28.0,42.0,cutoff,-22.634289179628468
647_upper,2025-12-02,2025-12-02 10:00:00-05:00,2025-12-31 10:00:00-05:00,2025-12-11 11:48:00-05:00,upper,skipped,blocked_time,n/a,n/a,,,,,,,,
654_upper,2025-12-11,2025-12-11 10:00:00-05:00,2026-01-12 10:00:00-05:00,2025-12-11 11:48:00-05:00,upper,skipped,blocked_time,n/a,n/a,,,,,,,,
650_upper,2025-12-05,2025-12-05 10:00:00-05:00,2026-01-06 10:00:00-05:00,2025-12-11 12:07:00-05:00,upper,skipped,blocked_time,n/a,n/a,,,,,,,,
648_upper,2025-12-03,2025-12-03 10:00:00-05:00,2026-01-02 10:00:00-05:00,2025-12-11 13:10:00-05:00,upper,skipped,blocked_time,n/a,n/a,,,,,,,,
646_upper,2025-12-12,2025-12-01 10:00:00-05:00,2025-12-30 10:00:00-05:00,2025-12-12 03:38:00-05:00,upper,executed,,flat,inactive,2025-12-12 03:38:00-05:00,2025-12-12 04:03:00-05:00,4330.229779787413,4344.479779787413,9.5,14.25,SL,-14.25
655_lower,2025-12-12,2025-12-12 10:00:00-05:00,2026-01-13 10:00:00-05:00,2025-12-12 10:55:00-05:00,lower,skipped,SAL,n/a,active,,,,,,,,
656_lower,2025-12-16,2025-12-15 10:00:00-05:00,2026-01-14 10:00:00-05:00,2025-12-15 22:11:00-05:00,lower,executed,,flat,inactive,2025-12-15 22:11:00-05:00,2025-12-16 00:15:00-05:00,4311.499867210427,4311.499867210427,27.399999999999636,41.099999999999454,BE,0.0
657_upper,2025-12-16,2025-12-16 10:00:00-05:00,2026-01-15 10:00:00-05:00,2025-12-18 11:13:00-05:00,upper,skipped,blocked_time,n/a,n/a,,,,,,,,
656_upper,2025-12-15,2025-12-15 10:00:00-05:00,2026-01-14 10:00:00-05:00,2025-12-18 11:17:00-05:00,upper,skipped,blocked_time,n/a,n/a,,,,,,,,
658_upper,2025-12-17,2025-12-17 10:00:00-05:00,2026-01-16 10:00:00-05:00,2025-12-18 11:18:00-05:00,upper,skipped,blocked_time,n/a,n/a,,,,,,,,
660_upper,2025-12-22,2025-12-19 10:00:00-05:00,2026-01-20 10:00:00-05:00,2025-12-21 20:38:00-05:00,upper,executed,,flat,inactive,2025-12-21 20:38:00-05:00,2025-12-21 22:38:00-05:00,4405.867841919139,4423.7178419191405,11.900000000000546,17.85000000000082,SL,-17.850000000001273
659_upper,2025-12-18,2025-12-18 10:00:00-05:00,2026-01-19 10:00:00-05:00,2025-12-21 21:51:00-05:00,upper,skipped,position_open,open,active,,,,,,,,
655_upper,2025-12-12,2025-12-12 10:00:00-05:00,2026-01-13 10:00:00-05:00,2025-12-21 22:46:00-05:00,upper,skipped,SAL,n/a,active,,,,,,,,
661_upper,2025-12-23,2025-12-22 10:00:00-05:00,2026-01-21 10:00:00-05:00,2025-12-22 19:31:00-05:00,upper,executed,,flat,inactive,2025-12-22 19:31:00-05:00,2025-12-22 21:32:00-05:00,4503.725924981054,4525.3259249810535,14.399999999999636,21.599999999999454,SL,-21.599999999999454
662_upper,2025-12-24,2025-12-23 10:00:00-05:00,2026-01-22 10:00:00-05:00,2025-12-23 19:30:00-05:00,upper,executed,,flat,inactive,2025-12-23 19:30:00-05:00,2025-12-23 20:19:00-05:00,4544.653223079263,4544.653223079263,28.400000000000546,42.60000000000082,BE,-0.0
663_upper,2025-12-26,2025-12-24 10:00:00-05:00,2026-01-23 10:00:00-05:00,2025-12-26 10:32:00-05:00,upper,executed,,flat,inactive,2025-12-26 10:32:00-05:00,2025-12-26 15:00:00-05:00,4569.85740757898,4554.2,24.5,36.75,cutoff,15.657407578980383
664_lower,2025-12-29,2025-12-26 10:00:00-05:00,2026-01-26 10:00:00-05:00,2025-12-28 19:22:00-05:00,lower,executed,,flat,inactive,2025-12-28 19:22:00-05:00,2025-12-29 01:46:00-05:00,4503.708343658514,4503.708343658514,31.800000000000182,47.70000000000027,BE,0.0
663_lower,2025-12-29,2025-12-24 10:00:00-05:00,2026-01-23 10:00:00-05:00,2025-12-29 08:43:00-05:00,lower,executed,,flat,inactive,2025-12-29 08:43:00-05:00,2025-12-29 09:06:00-05:00,4446.39259242102,4415.79259242102,20.399999999999636,30.599999999999454,SL,-30.599999999999454
662_lower,2025-12-23,2025-12-23 10:00:00-05:00,2026-01-22 10:00:00-05:00,2025-12-29 08:50:00-05:00,lower,skipped,position_open,open,active,,,,,,,,
661_lower,2025-12-22,2025-12-22 10:00:00-05:00,2026-01-21 10:00:00-05:00,2025-12-29 09:06:00-05:00,lower,skipped,SAL,n/a,active,,,,,,,,
657_lower,2025-12-16,2025-12-16 10:00:00-05:00,2026-01-15 10:00:00-05:00,2025-12-29 10:22:00-05:00,lower,skipped,SAL,n/a,active,,,,,,,,
658_lower,2025-12-17,2025-12-17 10:00:00-05:00,2026-01-16 10:00:00-05:00,2025-12-29 10:22:00-05:00,lower,skipped,SAL,n/a,active,,,,,,,,
665_lower,2025-12-29,2025-12-29 10:00:00-05:00,2026-01-27 10:00:00-05:00,2025-12-29 10:22:00-05:00,lower,skipped,SAL,n/a,active,,,,,,,,
666_lower,2025-12-31,2025-12-30 10:00:00-05:00,2026-01-28 10:00:00-05:00,2025-12-31 00:40:00-05:00,lower,executed,,flat,inactive,2025-12-31 00:40:00-05:00,2025-12-31 00:53:00-05:00,4330.144181262699,4299.2441812626985,20.600000000000364,30.900000000000546,SL,-30.900000000000546
660_lower,2025-12-19,2025-12-19 10:00:00-05:00,2026-01-20 10:00:00-05:00,2025-12-31 00:50:00-05:00,lower,skipped,position_open,open,active,,,,,,,,
659_lower,2025-12-18,2025-12-18 10:00:00-05:00,2026-01-19 10:00:00-05:00,2025-12-31 00:53:00-05:00,lower,skipped,SAL,n/a,active,,,,,,,,
667_upper,2026-01-02,2025-12-31 10:00:00-05:00,2026-01-29 10:00:00-05:00,2026-01-02 03:47:00-05:00,upper,executed,,flat,inactive,2026-01-02 03:47:00-05:00,2026-01-02 05:41:00-05:00,4407.768398529033,4407.768398529033,11.300000000000182,16.950000000000273,BE,-0.0
668_lower,2026-01-02,2026-01-02 10:00:00-05:00,2026-01-30 10:00:00-05:00,2026-01-02 13:15:00-05:00,lower,skipped,blocked_time,n/a,n/a,,,,,,,,
668_upper,2026-01-05,2026-01-02 10:00:00-05:00,2026-01-30 10:00:00-05:00,2026-01-04 20:05:00-05:00,upper,executed,,flat,inactive,2026-01-04 20:05:00-05:00,2026-01-05 01:21:00-05:00,4429.23092022092,4429.23092022092,27.099999999999454,40.64999999999918,BE,-0.0
666_upper,2026-01-05,2025-12-30 10:00:00-05:00,2026-01-28 10:00:00-05:00,2026-01-05 10:04:00-05:00,upper,executed,,flat,inactive,2026-01-05 10:04:00-05:00,2026-01-05 11:51:00-05:00,4465.1558187373,4465.1558187373,26.0,39.0,BE,-0.0
665_upper,2025-12-29,2025-12-29 10:00:00-05:00,2026-01-27 10:00:00-05:00,2026-01-05 18:10:00-05:00,upper,skipped,no_anchor,n/a,n/a,,,,,,,,
669_upper,2026-01-06,2026-01-05 10:00:00-05:00,2026-02-02 10:00:00-05:00,2026-01-06 09:45:00-05:00,upper,executed,,flat,inactive,2026-01-06 09:45:00-05:00,2026-01-06 11:27:00-05:00,4494.780671320819,4494.780671320819,16.899999999999636,25.349999999999454,BE,-0.0
670_lower,2026-01-08,2026-01-06 10:00:00-05:00,2026-02-03 10:00:00-05:00,2026-01-08 00:43:00-05:00,lower,executed,,flat,inactive,2026-01-08 00:43:00-05:00,2026-01-08 01:32:00-05:00,4424.7430288251135,4440.193028825113,10.300000000000182,15.450000000000273,TP,15.450000000000273
672_upper,2026-01-08,2026-01-08 10:00:00-05:00,2026-02-05 10:00:00-05:00,2026-01-08 16:00:00-05:00,upper,skipped,no_cutoff,n/a,n/a,,,,,,,,
671_upper,2026-01-09,2026-01-07 10:00:00-05:00,2026-02-04 10:00:00-05:00,2026-01-09 09:11:00-05:00,upper,executed,,flat,inactive,2026-01-09 09:11:00-05:00,2026-01-09 10:02:00-05:00,4506.053911961532,4506.053911961532,33.80000000000018,50.70000000000027,BE,-0.0
670_upper,2026-01-06,2026-01-06 10:00:00-05:00,2026-02-03 10:00:00-05:00,2026-01-11 18:18:00-05:00,upper,skipped,no_anchor,n/a,n/a,,,,,,,,
673_upper,2026-01-09,2026-01-09 10:00:00-05:00,2026-02-06 10:00:00-05:00,2026-01-11 18:42:00-05:00,upper,skipped,no_anchor,n/a,n/a,,,,,,,,
664_upper,2026-01-12,2025-12-26 10:00:00-05:00,2026-01-26 10:00:00-05:00,2026-01-12 08:12:00-05:00,upper,executed,,flat,inactive,2026-01-12 08:12:00-05:00,2026-01-12 09:26:00-05:00,4616.441656341485,4597.241656341486,12.799999999999272,19.19999999999891,TP,19.19999999999891
676_lower,2026-01-16,2026-01-14 10:00:00-05:00,2026-02-11 10:00:00-05:00,2026-01-16 10:28:00-05:00,lower,executed,,flat,inactive,2026-01-16 10:28:00-05:00,2026-01-16 10:33:00-05:00,4575.331879189378,4546.831879189378,19.0,28.5,SL,-28.5
675_lower,2026-01-13,2026-01-13 10:00:00-05:00,2026-02-10 10:00:00-05:00,2026-01-16 10:29:00-05:00,lower,skipped,position_open,open,active,,,,,,,,
677_lower,2026-01-15,2026-01-15 10:00:00-05:00,2026-02-12 10:00:00-05:00,2026-01-16 10:31:00-05:00,lower,skipped,position_open,open,active,,,,,,,,
678_lower,2026-01-16,2026-01-16 10:00:00-05:00,2026-02-13 10:00:00-05:00,2026-01-16 10:31:00-05:00,lower,skipped,position_open,open,active,,,,,,,,
674_lower,2026-01-12,2026-01-12 10:00:00-05:00,2026-02-09 10:00:00-05:00,2026-01-16 10:33:00-05:00,lower,skipped,SAL,n/a,active,,,,,,,,
674_upper,2026-01-12,2026-01-12 10:00:00-05:00,2026-02-09 10:00:00-05:00,2026-01-18 18:02:00-05:00,upper,skipped,no_anchor,n/a,n/a,,,,,,,,
677_upper,2026-01-15,2026-01-15 10:00:00-05:00,2026-02-12 10:00:00-05:00,2026-01-18 18:02:00-05:00,upper,skipped,no_anchor,n/a,n/a,,,,,,,,
678_upper,2026-01-16,2026-01-16 10:00:00-05:00,2026-02-13 10:00:00-05:00,2026-01-18 18:02:00-05:00,upper,skipped,no_anchor,n/a,n/a,,,,,,,,
675_upper,2026-01-13,2026-01-13 10:00:00-05:00,2026-02-10 10:00:00-05:00,2026-01-18 18:28:00-05:00,upper,skipped,no_anchor,n/a,n/a,,,,,,,,
676_upper,2026-01-14,2026-01-14 10:00:00-05:00,2026-02-11 10:00:00-05:00,2026-01-18 18:32:00-05:00,upper,skipped,no_anchor,n/a,n/a,,,,,,,,
679_upper,2026-01-20,2026-01-19 10:00:00-05:00,2026-02-16 10:00:00-05:00,2026-01-20 00:50:00-05:00,upper,executed,,flat,inactive,2026-01-20 00:50:00-05:00,2026-01-20 04:49:00-05:00,4714.070058842317,4742.570058842317,19.0,28.5,SL,-28.5
680_upper,2026-01-21,2026-01-20 10:00:00-05:00,2026-02-17 10:00:00-05:00,2026-01-20 20:11:00-05:00,upper,executed,,flat,inactive,2026-01-20 20:11:00-05:00,2026-01-20 20:30:00-05:00,4804.812802329918,4832.412802329917,18.399999999999636,27.599999999999454,SL,-27.599999999999454
681_lower,2026-01-21,2026-01-21 10:00:00-05:00,2026-02-18 10:00:00-05:00,2026-01-21 14:35:00-05:00,lower,skipped,blocked_time,n/a,n/a,,,,,,,,
682_upper,2026-01-22,2026-01-22 10:00:00-05:00,2026-02-19 10:00:00-05:00,2026-01-22 12:27:00-05:00,upper,skipped,blocked_time,n/a,n/a,,,,,,,,
681_upper,2026-01-21,2026-01-21 10:00:00-05:00,2026-02-18 10:00:00-05:00,2026-01-22 14:07:00-05:00,upper,skipped,blocked_time,n/a,n/a,,,,,,,,
683_upper,2026-01-23,2026-01-23 10:00:00-05:00,2026-02-20 10:00:00-05:00,2026-01-25 18:00:00-05:00,upper,skipped,no_anchor,n/a,n/a,,,,,,,,
684_lower,2026-01-26,2026-01-26 10:00:00-05:00,2026-02-23 10:00:00-05:00,2026-01-26 14:48:00-05:00,lower,skipped,blocked_time,n/a,n/a,,,,,,,,
685_upper,2026-01-27,2026-01-27 10:00:00-05:00,2026-02-24 10:00:00-05:00,2026-01-27 15:14:00-05:00,upper,skipped,no_cutoff,n/a,n/a,,,,,,,,
684_upper,2026-01-26,2026-01-26 10:00:00-05:00,2026-02-23 10:00:00-05:00,2026-01-27 15:21:00-05:00,upper,skipped,no_cutoff,n/a,n/a,,,,,,,,
686_upper,2026-01-28,2026-01-28 10:00:00-05:00,2026-02-25 10:00:00-05:00,2026-01-28 15:30:00-05:00,upper,skipped,no_cutoff,n/a,n/a,,,,,,,,
687_lower,2026-01-29,2026-01-29 10:00:00-05:00,2026-02-26 10:00:00-05:00,2026-01-29 10:09:00-05:00,lower,executed,,flat,inactive,2026-01-29 10:09:00-05:00,2026-01-29 10:16:00-05:00,5429.774425665246,5336.774425665246,62.0,93.0,SL,-93.0
686_lower,2026-01-28,2026-01-28 10:00:00-05:00,2026-02-25 10:00:00-05:00,2026-01-29 10:27:00-05:00,lower,skipped,SAL,n/a,active,,,,,,,,
685_lower,2026-01-30,2026-01-27 10:00:00-05:00,2026-02-24 10:00:00-05:00,2026-01-30 04:51:00-05:00,lower,executed,,flat,inactive,2026-01-30 04:51:00-05:00,2026-01-30 06:57:00-05:00,4973.1565250953345,5173.1565250953345,133.69999999999982,200.0,TP,200.0
688_lower,2026-01-30,2026-01-30 10:00:00-05:00,2026-02-27 10:00:00-05:00,2026-01-30 12:12:00-05:00,lower,skipped,blocked_time,n/a,n/a,,,,,,,,
683_lower,2026-01-23,2026-01-23 10:00:00-05:00,2026-02-20 10:00:00-05:00,2026-01-30 12:44:00-05:00,lower,skipped,blocked_time,n/a,n/a,,,,,,,,
682_lower,2026-01-22,2026-01-22 10:00:00-05:00,2026-02-19 10:00:00-05:00,2026-01-30 13:19:00-05:00,lower,skipped,blocked_time,n/a,n/a,,,,,,,,
680_lower,2026-02-02,2026-01-20 10:00:00-05:00,2026-02-17 10:00:00-05:00,2026-02-01 20:09:00-05:00,lower,executed,,flat,inactive,2026-02-01 20:09:00-05:00,2026-02-01 22:15:00-05:00,4696.087197670082,4696.087197670082,142.30000000000018,200.0,BE,0.0
679_lower,2026-01-19,2026-01-19 10:00:00-05:00,2026-02-16 10:00:00-05:00,2026-02-01 20:10:00-05:00,lower,skipped,position_open,open,inactive,,,,,,,,
673_lower,2026-02-02,2026-01-09 10:00:00-05:00,2026-02-06 10:00:00-05:00,2026-02-02 01:37:00-05:00,lower,executed,,flat,inactive,2026-02-02 01:37:00-05:00,2026-02-02 03:09:00-05:00,4448.297558610055,4648.297558610055,202.10000000000036,200.0,TP,200.0
689_upper,2026-02-03,2026-02-02 10:00:00-05:00,2026-03-02 10:00:00-05:00,2026-02-03 01:40:00-05:00,upper,executed,,flat,inactive,2026-02-03 01:40:00-05:00,2026-02-03 02:40:00-05:00,4904.136568426055,4955.436568426056,34.19999999999982,51.29999999999973,SL,-51.30000000000018
690_upper,2026-02-04,2026-02-03 10:00:00-05:00,2026-03-03 10:00:00-05:00,2026-02-03 19:55:00-05:00,upper,executed,,flat,inactive,2026-02-03 19:55:00-05:00,2026-02-04 10:35:00-05:00,5034.271712410927,4933.1717124109255,67.40000000000055,101.10000000000082,TP,101.10000000000082
691_lower,2026-02-04,2026-02-04 10:00:00-05:00,2026-03-04 10:00:00-05:00,2026-02-04 10:36:00-05:00,lower,executed,,flat,inactive,2026-02-04 10:36:00-05:00,2026-02-04 11:46:00-05:00,4912.4794513764045,4912.4794513764045,94.10000000000036,141.15000000000055,BE,0.0
690_lower,2026-02-05,2026-02-03 10:00:00-05:00,2026-03-03 10:00:00-05:00,2026-02-04 21:49:00-05:00,lower,executed,,flat,inactive,2026-02-04 21:49:00-05:00,2026-02-05 00:32:00-05:00,4850.178287589074,4850.178287589074,76.69999999999982,115.04999999999973,BE,0.0
692_lower,2026-02-05,2026-02-05 10:00:00-05:00,2026-03-05 10:00:00-05:00,2026-02-05 18:46:00-05:00,lower,skipped,no_anchor,n/a,n/a,,,,,,,,
692_upper,2026-02-06,2026-02-05 10:00:00-05:00,2026-03-05 10:00:00-05:00,2026-02-06 09:37:00-05:00,upper,executed,,flat,inactive,2026-02-06 09:37:00-05:00,2026-02-06 15:00:00-05:00,4968.761770974513,4980.0,42.80000000000018,64.20000000000027,cutoff,-11.238229025487271
693_upper,2026-02-06,2026-02-06 10:00:00-05:00,2026-03-06 10:00:00-05:00,2026-02-08 18:28:00-05:00,upper,skipped,no_anchor,n/a,n/a,,,,,,,,
694_upper,2026-02-11,2026-02-09 10:00:00-05:00,2026-03-09 10:00:00-04:00,2026-02-11 05:44:00-05:00,upper,executed,,flat,inactive,2026-02-11 05:44:00-05:00,2026-02-11 07:41:00-05:00,5126.624341566993,5088.374341566993,25.5,38.25,TP,38.25
696_lower,2026-02-11,2026-02-11 10:00:00-05:00,2026-03-11 10:00:00-04:00,2026-02-12 11:13:00-05:00,lower,skipped,blocked_time,n/a,n/a,,,,,,,,
697_lower,2026-02-12,2026-02-12 10:00:00-05:00,2026-03-12 10:00:00-04:00,2026-02-12 11:13:00-05:00,lower,skipped,blocked_time,n/a,n/a,,,,,,,,
694_lower,2026-02-09,2026-02-09 10:00:00-05:00,2026-03-09 10:00:00-04:00,2026-02-12 11:14:00-05:00,lower,skipped,blocked_time,n/a,n/a,,,,,,,,
695_lower,2026-02-10,2026-02-10 10:00:00-05:00,2026-03-10 10:00:00-04:00,2026-02-12 11:14:00-05:00,lower,skipped,blocked_time,n/a,n/a,,,,,,,,
699_lower,2026-02-17,2026-02-16 10:00:00-05:00,2026-03-16 10:00:00-04:00,2026-02-16 20:03:00-05:00,lower,executed,,flat,inactive,2026-02-16 20:03:00-05:00,2026-02-17 00:14:00-05:00,4946.401025328053,4946.401025328053,62.0,93.0,BE,0.0
698_lower,2026-02-17,2026-02-13 10:00:00-05:00,2026-03-13 10:00:00-04:00,2026-02-17 00:16:00-05:00,lower,executed,,flat,inactive,2026-02-17 00:16:00-05:00,2026-02-17 00:31:00-05:00,4926.89643097315,4906.046430973151,13.899999999999636,20.849999999999454,SL,-20.849999999999454
700_upper,2026-02-18,2026-02-17 10:00:00-05:00,2026-03-17 10:00:00-04:00,2026-02-18 09:36:00-05:00,upper,executed,,flat,inactive,2026-02-18 09:36:00-05:00,2026-02-18 15:00:00-05:00,5004.00957131287,5002.5,26.900000000000546,40.35000000000082,cutoff,1.509571312870321
701_upper,2026-02-18,2026-02-18 10:00:00-05:00,2026-03-18 10:00:00-04:00,2026-02-20 09:44:00-05:00,upper,skipped,simultaneous_collision,flat,inactive,,,,,,,,
699_upper,2026-02-20,2026-02-16 10:00:00-05:00,2026-03-16 10:00:00-04:00,2026-02-20 09:44:00-05:00,upper,executed,,flat,inactive,2026-02-20 09:44:00-05:00,2026-02-20 10:06:00-05:00,5074.598974671947,5028.098974671947,31.0,46.5,TP,46.5
702_upper,2026-02-19,2026-02-19 10:00:00-05:00,2026-03-19 10:00:00-04:00,2026-02-20 12:52:00-05:00,upper,skipped,blocked_time,n/a,n/a,,,,,,,,
698_upper,2026-02-13,2026-02-13 10:00:00-05:00,2026-03-13 10:00:00-04:00,2026-02-20 15:21:00-05:00,upper,skipped,no_cutoff,n/a,n/a,,,,,,,,
703_upper,2026-02-20,2026-02-20 10:00:00-05:00,2026-03-20 10:00:00-04:00,2026-02-22 18:04:00-05:00,upper,skipped,no_anchor,n/a,n/a,,,,,,,,
697_upper,2026-02-12,2026-02-12 10:00:00-05:00,2026-03-12 10:00:00-04:00,2026-02-22 18:08:00-05:00,upper,skipped,no_anchor,n/a,n/a,,,,,,,,
691_upper,2026-02-04,2026-02-04 10:00:00-05:00,2026-03-04 10:00:00-05:00,2026-02-22 18:14:00-05:00,upper,skipped,no_anchor,n/a,n/a,,,,,,,,
696_upper,2026-02-11,2026-02-11 10:00:00-05:00,2026-03-11 10:00:00-04:00,2026-02-22 18:15:00-05:00,upper,skipped,no_anchor,n/a,n/a,,,,,,,,
695_upper,2026-02-10,2026-02-10 10:00:00-05:00,2026-03-10 10:00:00-04:00,2026-02-22 18:51:00-05:00,upper,skipped,no_anchor,n/a,n/a,,,,,,,,
688_upper,2026-01-30,2026-01-30 10:00:00-05:00,2026-02-27 10:00:00-05:00,2026-02-23 15:52:00-05:00,upper,skipped,no_cutoff,n/a,n/a,,,,,,,,
705_upper,2026-02-25,2026-02-24 10:00:00-05:00,2026-03-24 10:00:00-04:00,2026-02-25 00:49:00-05:00,upper,executed,,flat,inactive,2026-02-25 00:49:00-05:00,2026-02-25 01:07:00-05:00,5228.5116623722015,5206.611662372203,14.599999999999454,21.89999999999918,TP,21.89999999999918
707_upper,2026-02-26,2026-02-26 10:00:00-05:00,2026-03-26 10:00:00-04:00,2026-02-27 11:11:00-05:00,upper,skipped,blocked_time,n/a,n/a,,,,,,,,
704_upper,2026-02-23,2026-02-23 10:00:00-05:00,2026-03-23 10:00:00-04:00,2026-02-27 16:39:00-05:00,upper,skipped,no_cutoff,n/a,n/a,,,,,,,,
706_upper,2026-02-25,2026-02-25 10:00:00-05:00,2026-03-25 10:00:00-04:00,2026-02-27 16:40:00-05:00,upper,skipped,no_cutoff,n/a,n/a,,,,,,,,
708_upper,2026-02-27,2026-02-27 10:00:00-05:00,2026-03-27 10:00:00-04:00,2026-03-01 18:00:00-05:00,upper,skipped,no_anchor,n/a,n/a,,,,,,,,
709_lower,2026-03-03,2026-03-02 10:00:00-05:00,2026-03-30 10:00:00-04:00,2026-03-03 04:27:00-05:00,lower,executed,,flat,inactive,2026-03-03 04:27:00-05:00,2026-03-03 06:07:00-05:00,5245.369287813428,5245.369287813428,46.19999999999982,69.29999999999973,BE,0.0
708_lower,2026-03-03,2026-02-27 10:00:00-05:00,2026-03-27 10:00:00-04:00,2026-03-03 06:09:00-05:00,lower,executed,,flat,inactive,2026-03-03 06:09:00-05:00,2026-03-03 06:32:00-05:00,5168.663064646884,5087.663064646884,54.0,81.0,SL,-81.0
704_lower,2026-02-23,2026-02-23 10:00:00-05:00,2026-03-23 10:00:00-04:00,2026-03-03 06:31:00-05:00,lower,skipped,position_open,open,active,,,,,,,,
706_lower,2026-02-25,2026-02-25 10:00:00-05:00,2026-03-25 10:00:00-04:00,2026-03-03 06:31:00-05:00,lower,skipped,position_open,open,active,,,,,,,,
707_lower,2026-02-26,2026-02-26 10:00:00-05:00,2026-03-26 10:00:00-04:00,2026-03-03 06:32:00-05:00,lower,skipped,SAL,n/a,active,,,,,,,,
705_lower,2026-02-24,2026-02-24 10:00:00-05:00,2026-03-24 10:00:00-04:00,2026-03-03 09:50:00-05:00,lower,skipped,SAL,n/a,active,,,,,,,,
711_lower,2026-03-05,2026-03-04 10:00:00-05:00,2026-04-01 10:00:00-04:00,2026-03-05 10:08:00-05:00,lower,executed,,flat,inactive,2026-03-05 10:08:00-05:00,2026-03-05 11:26:00-05:00,5068.88432103061,5068.88432103061,40.0,60.0,BE,0.0
712_lower,2026-03-09,2026-03-05 10:00:00-05:00,2026-04-02 10:00:00-04:00,2026-03-08 21:00:00-04:00,lower,executed,,flat,inactive,2026-03-08 21:00:00-04:00,2026-03-09 01:23:00-04:00,5031.692216253928,5111.792216253927,53.399999999999636,80.09999999999945,TP,80.09999999999945
714_upper,2026-03-10,2026-03-09 10:00:00-04:00,2026-04-07 10:00:00-04:00,2026-03-09 21:59:00-04:00,upper,executed,,flat,inactive,2026-03-09 21:59:00-04:00,2026-03-09 23:35:00-04:00,5194.315950892202,5169.865950892201,16.300000000000182,24.450000000000273,TP,24.450000000000273
712_upper,2026-03-10,2026-03-05 10:00:00-05:00,2026-04-02 10:00:00-04:00,2026-03-10 09:01:00-04:00,upper,executed,,flat,inactive,2026-03-10 09:01:00-04:00,2026-03-10 09:47:00-04:00,5212.6077837460725,5212.6077837460725,27.5,41.25,BE,-0.0
713_upper,2026-03-06,2026-03-06 10:00:00-05:00,2026-04-06 10:00:00-04:00,2026-03-10 09:18:00-04:00,upper,skipped,position_open,open,inactive,,,,,,,,
715_lower,2026-03-10,2026-03-10 10:00:00-04:00,2026-04-08 10:00:00-04:00,2026-03-11 18:56:00-04:00,lower,skipped,no_anchor,n/a,n/a,,,,,,,,
716_lower,2026-03-11,2026-03-11 10:00:00-04:00,2026-04-09 10:00:00-04:00,2026-03-12 14:49:00-04:00,lower,skipped,blocked_time,n/a,n/a,,,,,,,,
717_lower,2026-03-12,2026-03-12 10:00:00-04:00,2026-04-10 10:00:00-04:00,2026-03-12 14:50:00-04:00,lower,skipped,blocked_time,n/a,n/a,,,,,,,,
718_lower,2026-03-13,2026-03-13 10:00:00-04:00,2026-04-13 10:00:00-04:00,2026-03-13 11:55:00-04:00,lower,skipped,blocked_time,n/a,n/a,,,,,,,,
713_lower,2026-03-06,2026-03-06 10:00:00-05:00,2026-04-06 10:00:00-04:00,2026-03-15 18:00:00-04:00,lower,skipped,no_anchor,n/a,n/a,,,,,,,,
714_lower,2026-03-09,2026-03-09 10:00:00-04:00,2026-04-07 10:00:00-04:00,2026-03-15 18:00:00-04:00,lower,skipped,no_anchor,n/a,n/a,,,,,,,,
703_lower,2026-03-16,2026-02-20 10:00:00-05:00,2026-03-20 10:00:00-04:00,2026-03-15 19:20:00-04:00,lower,executed,,flat,inactive,2026-03-15 19:20:00-04:00,2026-03-15 21:15:00-04:00,4987.620868732827,4987.620868732827,34.0,51.0,BE,0.0
710_lower,2026-03-18,2026-03-03 10:00:00-05:00,2026-03-31 10:00:00-04:00,2026-03-18 07:04:00-04:00,lower,executed,,flat,inactive,2026-03-18 07:04:00-04:00,2026-03-18 08:12:00-04:00,4962.229150371969,4911.52915037197,33.79999999999927,50.69999999999891,SL,-50.69999999999891
719_lower,2026-03-16,2026-03-16 10:00:00-04:00,2026-04-14 10:00:00-04:00,2026-03-18 07:05:00-04:00,lower,skipped,position_open,open,active,,,,,,,,
720_lower,2026-03-17,2026-03-17 10:00:00-04:00,2026-04-15 10:00:00-04:00,2026-03-18 07:40:00-04:00,lower,skipped,position_open,open,active,,,,,,,,
702_lower,2026-02-19,2026-02-19 10:00:00-05:00,2026-03-19 10:00:00-04:00,2026-03-18 08:16:00-04:00,lower,skipped,SAL,n/a,active,,,,,,,,
701_lower,2026-02-18,2026-02-18 10:00:00-05:00,2026-03-18 10:00:00-04:00,2026-03-18 08:22:00-04:00,lower,skipped,SAL,n/a,active,,,,,,,,
721_lower,2026-03-19,2026-03-18 10:00:00-04:00,2026-04-16 10:00:00-04:00,2026-03-19 02:41:00-04:00,lower,executed,,flat,inactive,2026-03-19 02:41:00-04:00,2026-03-19 02:53:00-04:00,4792.964062416418,4751.564062416419,27.599999999999454,41.39999999999918,SL,-41.39999999999873
722_upper,2026-03-20,2026-03-19 10:00:00-04:00,2026-04-17 10:00:00-04:00,2026-03-19 23:04:00-04:00,upper,executed,,flat,inactive,2026-03-19 23:04:00-04:00,2026-03-20 06:01:00-04:00,4707.552500291252,4659.102500291252,32.30000000000018,48.45000000000027,TP,48.45000000000027
723_lower,2026-03-20,2026-03-20 10:00:00-04:00,2026-04-20 10:00:00-04:00,2026-03-20 10:27:00-04:00,lower,executed,,flat,inactive,2026-03-20 10:27:00-04:00,2026-03-20 11:25:00-04:00,4553.801991906739,4553.801991906739,67.39999999999964,101.09999999999945,BE,0.0
722_lower,2026-03-19,2026-03-19 10:00:00-04:00,2026-04-17 10:00:00-04:00,2026-03-22 18:00:00-04:00,lower,skipped,no_anchor,n/a,n/a,,,,,,,,
724_lower,2026-03-24,2026-03-23 10:00:00-04:00,2026-04-21 10:00:00-04:00,2026-03-23 21:45:00-04:00,lower,executed,,flat,inactive,2026-03-23 21:45:00-04:00,2026-03-24 01:06:00-04:00,4320.067867116503,4320.067867116503,119.39999999999964,179.09999999999945,BE,0.0
725_upper,2026-03-24,2026-03-24 10:00:00-04:00,2026-04-22 10:00:00-04:00,2026-03-24 16:24:00-04:00,upper,skipped,no_cutoff,n/a,n/a,,,,,,,,
724_upper,2026-03-25,2026-03-23 10:00:00-04:00,2026-04-21 10:00:00-04:00,2026-03-24 19:36:00-04:00,upper,executed,,flat,inactive,2026-03-24 19:36:00-04:00,2026-03-24 21:31:00-04:00,4530.532132883497,4581.682132883498,34.100000000000364,51.150000000000546,SL,-51.150000000000546
726_lower,2026-03-26,2026-03-25 10:00:00-04:00,2026-04-23 10:00:00-04:00,2026-03-26 01:52:00-04:00,lower,executed,,flat,inactive,2026-03-26 01:52:00-04:00,2026-03-26 01:58:00-04:00,4460.140884048823,4440.7908840488235,12.899999999999636,19.349999999999454,SL,-19.349999999999454
727_lower,2026-03-26,2026-03-26 10:00:00-04:00,2026-04-24 10:00:00-04:00,2026-03-26 15:55:00-04:00,lower,skipped,no_cutoff,n/a,n/a,,,,,,,,
727_upper,2026-03-27,2026-03-26 10:00:00-04:00,2026-04-24 10:00:00-04:00,2026-03-27 10:52:00-04:00,upper,executed,,flat,inactive,2026-03-27 10:52:00-04:00,2026-03-27 11:21:00-04:00,4527.365313285644,4572.6653132856445,30.199999999999818,45.29999999999973,SL,-45.30000000000018
728_upper,2026-03-27,2026-03-27 10:00:00-04:00,2026-04-27 10:00:00-04:00,2026-03-27 10:59:00-04:00,upper,skipped,position_open,open,active,,,,,,,,
726_upper,2026-03-31,2026-03-25 10:00:00-04:00,2026-04-23 10:00:00-04:00,2026-03-31 10:34:00-04:00,upper,executed,,flat,inactive,2026-03-31 10:34:00-04:00,2026-03-31 12:39:00-04:00,4660.859115951177,4660.859115951177,42.19999999999982,63.29999999999973,BE,-0.0
729_upper,2026-03-30,2026-03-30 10:00:00-04:00,2026-04-28 10:00:00-04:00,2026-03-31 15:00:00-04:00,upper,skipped,no_cutoff,n/a,n/a,,,,,,,,
730_upper,2026-03-31,2026-03-31 10:00:00-04:00,2026-04-29 10:00:00-04:00,2026-03-31 18:38:00-04:00,upper,skipped,no_anchor,n/a,n/a,,,,,,,,
723_upper,2026-04-01,2026-03-20 10:00:00-04:00,2026-04-20 10:00:00-04:00,2026-03-31 20:25:00-04:00,upper,executed,,flat,inactive,2026-03-31 20:25:00-04:00,2026-04-01 00:09:00-04:00,4744.098008093261,4701.348008093261,28.5,42.75,TP,42.75
731_lower,2026-04-02,2026-04-01 10:00:00-04:00,2026-04-30 10:00:00-04:00,2026-04-01 21:32:00-04:00,lower,executed,,flat,inactive,2026-04-01 21:32:00-04:00,2026-04-01 21:36:00-04:00,4679.83390564586,4715.683905645859,23.899999999999636,35.849999999999454,TP,35.849999999999454
732_upper,2026-04-02,2026-04-02 10:00:00-04:00,2026-05-01 10:00:00-04:00,2026-04-07 15:46:00-04:00,upper,skipped,no_cutoff,n/a,n/a,,,,,,,,
734_upper,2026-04-07,2026-04-07 10:00:00-04:00,2026-05-05 10:00:00-04:00,2026-04-07 18:00:00-04:00,upper,skipped,no_anchor,n/a,n/a,,,,,,,,
733_upper,2026-04-06,2026-04-06 10:00:00-04:00,2026-05-04 10:00:00-04:00,2026-04-07 18:32:00-04:00,upper,skipped,no_anchor,n/a,n/a,,,,,,,,
731_upper,2026-04-08,2026-04-01 10:00:00-04:00,2026-04-30 10:00:00-04:00,2026-04-07 19:00:00-04:00,upper,executed,,flat,inactive,2026-04-07 19:00:00-04:00,2026-04-07 19:52:00-04:00,4847.616094354141,4847.616094354141,106.60000000000036,159.90000000000055,BE,-0.0
735_lower,2026-04-08,2026-04-08 10:00:00-04:00,2026-05-06 10:00:00-04:00,2026-04-08 15:00:00-04:00,lower,skipped,no_cutoff,n/a,n/a,,,,,,,,
736_lower,2026-04-09,2026-04-09 10:00:00-04:00,2026-05-07 10:00:00-04:00,2026-04-12 18:00:00-04:00,lower,skipped,no_anchor,n/a,n/a,,,,,,,,
737_lower,2026-04-10,2026-04-10 10:00:00-04:00,2026-05-08 10:00:00-04:00,2026-04-12 18:00:00-04:00,lower,skipped,no_anchor,n/a,n/a,,,,,,,,
738_upper,2026-04-14,2026-04-13 10:00:00-04:00,2026-05-11 10:00:00-04:00,2026-04-14 09:38:00-04:00,upper,executed,,flat,inactive,2026-04-14 09:38:00-04:00,2026-04-14 10:24:00-04:00,4825.7099658439065,4825.7099658439065,16.0,24.0,BE,-0.0
736_upper,2026-04-09,2026-04-09 10:00:00-04:00,2026-05-07 10:00:00-04:00,2026-04-14 13:38:00-04:00,upper,skipped,blocked_time,n/a,n/a,,,,,,,,
737_upper,2026-04-10,2026-04-10 10:00:00-04:00,2026-05-08 10:00:00-04:00,2026-04-14 13:38:00-04:00,upper,skipped,blocked_time,n/a,n/a,,,,,,,,
739_upper,2026-04-15,2026-04-14 10:00:00-04:00,2026-05-12 10:00:00-04:00,2026-04-14 21:16:00-04:00,upper,executed,,flat,inactive,2026-04-14 21:16:00-04:00,2026-04-14 22:21:00-04:00,4880.500456929697,4861.750456929697,12.5,18.75,TP,18.75
735_upper,2026-04-17,2026-04-08 10:00:00-04:00,2026-05-06 10:00:00-04:00,2026-04-17 09:10:00-04:00,upper,executed,,flat,inactive,2026-04-17 09:10:00-04:00,2026-04-17 15:00:00-04:00,4897.695238597229,4878.8,51.0,76.5,cutoff,18.895238597228854
740_upper,2026-04-15,2026-04-15 10:00:00-04:00,2026-05-13 10:00:00-04:00,2026-04-17 09:13:00-04:00,upper,skipped,position_open,open,inactive,,,,,,,,
741_upper,2026-04-16,2026-04-16 10:00:00-04:00,2026-05-14 10:00:00-04:00,2026-04-17 09:13:00-04:00,upper,skipped,position_open,open,inactive,,,,,,,,
742_lower,2026-04-17,2026-04-17 10:00:00-04:00,2026-05-15 10:00:00-04:00,2026-04-19 18:00:00-04:00,lower,skipped,no_anchor,n/a,n/a,,,,,,,,
740_lower,2026-04-15,2026-04-15 10:00:00-04:00,2026-05-13 10:00:00-04:00,2026-04-19 18:01:00-04:00,lower,skipped,no_anchor,n/a,n/a,,,,,,,,
743_lower,2026-04-21,2026-04-20 10:00:00-04:00,2026-05-18 10:00:00-04:00,2026-04-21 08:30:00-04:00,lower,executed,,flat,inactive,2026-04-21 08:30:00-04:00,2026-04-21 10:34:00-04:00,4783.711738842418,4783.711738842418,23.699999999999818,35.54999999999973,BE,0.0
741_lower,2026-04-21,2026-04-16 10:00:00-04:00,2026-05-14 10:00:00-04:00,2026-04-21 10:46:00-04:00,lower,executed,,flat,inactive,2026-04-21 10:46:00-04:00,2026-04-21 12:11:00-04:00,4750.409407694848,4750.409407694848,36.5,54.75,BE,0.0
739_lower,2026-04-14,2026-04-14 10:00:00-04:00,2026-05-12 10:00:00-04:00,2026-04-21 12:28:00-04:00,lower,skipped,blocked_time,n/a,n/a,,,,,,,,
744_lower,2026-04-21,2026-04-21 10:00:00-04:00,2026-05-19 10:00:00-04:00,2026-04-21 12:53:00-04:00,lower,skipped,blocked_time,n/a,n/a,,,,,,,,
738_lower,2026-04-13,2026-04-13 10:00:00-04:00,2026-05-11 10:00:00-04:00,2026-04-21 15:44:00-04:00,lower,skipped,no_cutoff,n/a,n/a,,,,,,,,
745_lower,2026-04-23,2026-04-22 10:00:00-04:00,2026-05-20 10:00:00-04:00,2026-04-23 01:30:00-04:00,lower,executed,,flat,inactive,2026-04-23 01:30:00-04:00,2026-04-23 01:32:00-04:00,4705.832779237678,4718.432779237677,8.399999999999636,12.599999999999454,TP,12.599999999999454
746_lower,2026-04-23,2026-04-23 10:00:00-04:00,2026-05-21 10:00:00-04:00,2026-04-23 13:46:00-04:00,lower,skipped,blocked_time,n/a,n/a,,,,,,,,
748_lower,2026-04-28,2026-04-27 10:00:00-04:00,2026-05-25 10:00:00-04:00,2026-04-28 01:30:00-04:00,lower,executed,,flat,inactive,2026-04-28 01:30:00-04:00,2026-04-28 01:38:00-04:00,4659.383724440421,4651.28372444042,5.400000000000546,8.100000000000819,SL,-8.100000000001273
747_lower,2026-04-24,2026-04-24 10:00:00-04:00,2026-05-22 10:00:00-04:00,2026-04-28 01:40:00-04:00,lower,skipped,SAL,n/a,active,,,,,,,,
733_lower,2026-04-06,2026-04-06 10:00:00-04:00,2026-05-04 10:00:00-04:00,2026-04-28 07:11:00-04:00,lower,skipped,SAL,n/a,active,,,,,,,,
734_lower,2026-04-07,2026-04-07 10:00:00-04:00,2026-05-05 10:00:00-04:00,2026-04-28 07:36:00-04:00,lower,skipped,SAL,n/a,active,,,,,,,,
749_lower,2026-04-29,2026-04-28 10:00:00-04:00,2026-05-26 10:00:00-04:00,2026-04-29 09:39:00-04:00,lower,executed,,flat,inactive,2026-04-29 09:39:00-04:00,2026-04-29 14:34:00-04:00,4536.949538600203,4536.949538600203,29.200000000000728,43.80000000000109,BE,0.0
732_lower,2026-04-02,2026-04-02 10:00:00-04:00,2026-05-01 10:00:00-04:00,2026-04-29 09:45:00-04:00,lower,skipped,position_open,open,inactive,,,,,,,,
750_upper,2026-04-30,2026-04-29 10:00:00-04:00,2026-05-27 10:00:00-04:00,2026-04-30 03:43:00-04:00,upper,executed,,flat,inactive,2026-04-30 03:43:00-04:00,2026-04-30 06:30:00-04:00,4608.66927656388,4657.869276563881,32.80000000000018,49.20000000000027,SL,-49.20000000000073
749_upper,2026-04-28,2026-04-28 10:00:00-04:00,2026-05-26 10:00:00-04:00,2026-04-30 06:27:00-04:00,upper,skipped,position_open,open,active,,,,,,,,
751_lower,2026-05-01,2026-04-30 10:00:00-04:00,2026-05-28 10:00:00-04:00,2026-05-01 05:13:00-04:00,lower,executed,,flat,inactive,2026-05-01 05:13:00-04:00,2026-05-01 08:20:00-04:00,4575.243570580154,4602.393570580154,18.100000000000364,27.150000000000546,TP,27.150000000000546
752_lower,2026-05-01,2026-05-01 10:00:00-04:00,2026-05-29 10:00:00-04:00,2026-05-04 11:21:00-04:00,lower,skipped,blocked_time,n/a,n/a,,,,,,,,
753_lower,2026-05-04,2026-05-04 10:00:00-04:00,2026-05-31 19:59:00-04:00,2026-05-04 12:07:00-04:00,lower,skipped,blocked_time,n/a,n/a,,,,,,,,
753_upper,2026-05-06,2026-05-04 10:00:00-04:00,2026-05-31 19:59:00-04:00,2026-05-05 20:55:00-04:00,upper,executed,,flat,inactive,2026-05-05 20:55:00-04:00,2026-05-06 01:09:00-04:00,4626.697021680591,4666.897021680592,26.800000000000182,40.20000000000027,SL,-40.20000000000073
754_upper,2026-05-05,2026-05-05 10:00:00-04:00,2026-05-31 19:59:00-04:00,2026-05-05 22:08:00-04:00,upper,skipped,position_open,open,active,,,,,,,,
752_upper,2026-05-01,2026-05-01 10:00:00-04:00,2026-05-29 10:00:00-04:00,2026-05-06 04:00:00-04:00,upper,skipped,SAL,n/a,active,,,,,,,,
751_upper,2026-04-30,2026-04-30 10:00:00-04:00,2026-05-28 10:00:00-04:00,2026-05-06 04:50:00-04:00,upper,skipped,SAL,n/a,active,,,,,,,,
755_upper,2026-05-06,2026-05-06 10:00:00-04:00,2026-05-31 19:59:00-04:00,2026-05-07 09:33:00-04:00,upper,skipped,simultaneous_collision,flat,inactive,,,,,,,,
748_upper,2026-05-07,2026-04-27 10:00:00-04:00,2026-05-25 10:00:00-04:00,2026-05-07 09:33:00-04:00,upper,executed,,flat,inactive,2026-05-07 09:33:00-04:00,2026-05-07 10:21:00-04:00,4766.766275559579,4766.766275559579,21.0,31.5,BE,-0.0
756_lower,2026-05-07,2026-05-07 10:00:00-04:00,2026-05-31 19:59:00-04:00,2026-05-07 16:57:00-04:00,lower,skipped,no_cutoff,n/a,n/a,,,,,,,,
757_lower,2026-05-11,2026-05-08 10:00:00-04:00,2026-05-31 19:59:00-04:00,2026-05-10 20:53:00-04:00,lower,executed,,flat,inactive,2026-05-10 20:53:00-04:00,2026-05-10 21:04:00-04:00,4679.785578650306,4695.085578650305,10.199999999999818,15.299999999999727,TP,15.299999999999727
758_lower,2026-05-12,2026-05-11 10:00:00-04:00,2026-05-31 19:59:00-04:00,2026-05-12 10:00:00-04:00,lower,executed,,flat,inactive,2026-05-12 10:00:00-04:00,2026-05-12 10:50:00-04:00,4683.436250782655,4683.436250782655,32.600000000000364,48.900000000000546,BE,0.0
759_lower,2026-05-12,2026-05-12 10:00:00-04:00,2026-05-31 19:59:00-04:00,2026-05-14 20:25:00-04:00,lower,skipped,simultaneous_collision,flat,inactive,,,,,,,,
760_lower,2026-05-13,2026-05-13 10:00:00-04:00,2026-05-31 19:59:00-04:00,2026-05-14 20:25:00-04:00,lower,skipped,simultaneous_collision,flat,inactive,,,,,,,,
755_lower,2026-05-15,2026-05-06 10:00:00-04:00,2026-05-31 19:59:00-04:00,2026-05-14 20:25:00-04:00,lower,executed,,flat,inactive,2026-05-14 20:25:00-04:00,2026-05-15 01:01:00-04:00,4635.614437701822,4606.964437701821,19.100000000000364,28.650000000000546,SL,-28.650000000000546
761_lower,2026-05-14,2026-05-14 10:00:00-04:00,2026-05-31 19:59:00-04:00,2026-05-14 20:37:00-04:00,lower,skipped,position_open,open,active,,,,,,,,
754_lower,2026-05-05,2026-05-05 10:00:00-04:00,2026-05-31 19:59:00-04:00,2026-05-15 09:37:00-04:00,lower,skipped,SAL,n/a,active,,,,,,,,
763_lower,2026-05-19,2026-05-18 10:00:00-04:00,2026-05-31 19:59:00-04:00,2026-05-19 09:07:00-04:00,lower,executed,,flat,inactive,2026-05-19 09:07:00-04:00,2026-05-19 09:31:00-04:00,4519.109082226009,4488.209082226011,20.599999999999454,30.89999999999918,SL,-30.899999999998727
750_lower,2026-04-29,2026-04-29 10:00:00-04:00,2026-05-27 10:00:00-04:00,2026-05-19 09:31:00-04:00,lower,skipped,SAL,n/a,active,,,,,,,,
762_lower,2026-05-15,2026-05-15 10:00:00-04:00,2026-05-31 19:59:00-04:00,2026-05-19 09:31:00-04:00,lower,skipped,SAL,n/a,active,,,,,,,,
765_upper,2026-05-20,2026-05-20 10:00:00-04:00,2026-05-31 19:59:00-04:00,2026-05-20 11:15:00-04:00,upper,skipped,blocked_time,n/a,n/a,,,,,,,,
764_upper,2026-05-21,2026-05-19 10:00:00-04:00,2026-05-31 19:59:00-04:00,2026-05-20 21:23:00-04:00,upper,executed,,flat,inactive,2026-05-20 21:23:00-04:00,2026-05-20 22:28:00-04:00,4568.8713126794855,4545.021312679484,15.900000000000546,23.85000000000082,TP,23.85000000000082
766_upper,2026-05-25,2026-05-21 10:00:00-04:00,2026-05-31 19:59:00-04:00,2026-05-24 19:00:00-04:00,upper,executed,,flat,inactive,2026-05-24 19:00:00-04:00,2026-05-25 14:29:00-04:00,4568.868744782109,4573.6,36.399999999999636,54.599999999999454,cutoff,-4.7312552178909755
767_upper,2026-05-22,2026-05-22 10:00:00-04:00,2026-05-31 19:59:00-04:00,2026-05-24 19:08:00-04:00,upper,skipped,position_open,open,active,,,,,,,,
768_lower,2026-05-26,2026-05-25 10:00:00-04:00,2026-05-31 19:59:00-04:00,2026-05-26 04:29:00-04:00,lower,executed,,flat,inactive,2026-05-26 04:29:00-04:00,2026-05-26 13:55:00-04:00,4521.683567894757,4494.533567894758,18.099999999999454,27.14999999999918,SL,-27.149999999999636
769_lower,2026-05-26,2026-05-26 10:00:00-04:00,2026-05-31 19:59:00-04:00,2026-05-27 07:30:00-04:00,lower,skipped,simultaneous_collision,flat,inactive,,,,,,,,
767_lower,2026-05-27,2026-05-22 10:00:00-04:00,2026-05-31 19:59:00-04:00,2026-05-27 07:30:00-04:00,lower,executed,,flat,inactive,2026-05-27 07:30:00-04:00,2026-05-27 15:00:00-04:00,4463.968821515917,4485.7,49.600000000000364,74.40000000000055,cutoff,21.731178484083102
765_lower,2026-05-20,2026-05-20 10:00:00-04:00,2026-05-31 19:59:00-04:00,2026-05-27 09:18:00-04:00,lower,skipped,position_open,open,inactive,,,,,,,,
766_lower,2026-05-21,2026-05-21 10:00:00-04:00,2026-05-31 19:59:00-04:00,2026-05-27 09:20:00-04:00,lower,skipped,position_open,open,inactive,,,,,,,,
764_lower,2026-05-28,2026-05-19 10:00:00-04:00,2026-05-31 19:59:00-04:00,2026-05-27 23:15:00-04:00,lower,executed,,flat,inactive,2026-05-27 23:15:00-04:00,2026-05-28 08:51:00-04:00,4416.328687320514,4446.628687320514,20.199999999999818,30.299999999999727,TP,30.299999999999727
770_upper,2026-05-28,2026-05-27 10:00:00-04:00,2026-05-31 19:59:00-04:00,2026-05-28 10:19:00-04:00,upper,executed,,flat,inactive,2026-05-28 10:19:00-04:00,2026-05-28 12:42:00-04:00,4503.522563431688,4535.622563431687,21.399999999999636,32.099999999999454,SL,-32.099999999999454
771_upper,2026-05-28,2026-05-28 10:00:00-04:00,2026-05-31 19:59:00-04:00,2026-05-28 10:46:00-04:00,upper,skipped,position_open,open,active,,,,,,,,
769_upper,2026-05-29,2026-05-26 10:00:00-04:00,2026-05-31 19:59:00-04:00,2026-05-29 10:01:00-04:00,upper,executed,,flat,inactive,2026-05-29 10:01:00-04:00,2026-05-29 10:51:00-04:00,4575.830254949712,4575.830254949712,23.5,35.25,BE,-0.0
768_upper,2026-05-25,2026-05-25 10:00:00-04:00,2026-05-31 19:59:00-04:00,2026-05-29 11:03:00-04:00,upper,skipped,blocked_time,n/a,n/a,,,,,,,,
762_upper,2026-05-15,2026-05-15 10:00:00-04:00,2026-05-31 19:59:00-04:00,2026-05-29 11:07:00-04:00,upper,skipped,blocked_time,n/a,n/a,,,,,,,,
772_upper,2026-05-29,2026-05-29 10:00:00-04:00,2026-05-31 19:59:00-04:00,2026-05-29 11:07:00-04:00,upper,skipped,blocked_time,n/a,n/a,,,,,,,,
