level_id,side,session_date,year,created_at,expiry_at,touched_at,entry_price,minutes_elapsed,window_allowed,hmm_state,hmm_prob,hmm_prob_low,hmm_prob_mid,hmm_prob_high,hmm_last_bar_ts,hmm_n_train_sessions,hmm_earliest_train_session,hmm_latest_train_session,hmm_param_hash,hmm_allowed,position_available,tp_dist,sl_dist,skip_reason,entry_time,profit_lock_trigger_ts,profit_lock_activation_ts,exit_time,exit_reason,pnl_pts,r_multiple
1540_lower,lower,2024-01-02,2024,2023-12-26 10:30:00-05:00,2024-01-24 10:30:00-05:00,2024-01-02 11:27:00+00:00,16886.198162072822,747,True,HIGH_VOL,0.9999956313127447,,,,,,,,,True,True,56.5,53.25,,2024-01-02 11:27:00+00:00,,,2024-01-02 12:53:00+00:00,SL,-53.25,-1.0
1539_lower,lower,2024-01-02,2024,2023-12-22 10:30:00-05:00,2024-01-23 10:30:00-05:00,2024-01-02 11:34:00+00:00,16868.892254296217,754,True,HIGH_VOL,0.999999999868671,,,,,,,,,True,False,56.5,57.25,position_open,,,,,,,
1538_lower,lower,2024-01-02,2024,2023-12-21 10:30:00-05:00,2024-01-22 10:30:00-05:00,2024-01-02 14:56:00+00:00,16727.620588496313,956,True,HIGH_VOL,1.0,,,,,,,,,True,True,53.5,52.0,,2024-01-02 14:56:00+00:00,,,2024-01-02 15:00:00+00:00,TP,53.5,1.0288461538461537
1535_lower,lower,2024-01-02,2024,2023-12-18 10:30:00-05:00,2024-01-17 10:30:00-05:00,2024-01-02 15:30:00+00:00,16716.142346863584,990,True,HIGH_VOL,0.9999999959468464,,,,,,,,,True,True,55.5,55.25,,2024-01-02 15:30:00+00:00,2024-01-02 16:20:00+00:00,2024-01-02 16:21:00+00:00,2024-01-02 16:37:00+00:00,TP,55.5,1.004524886877828
1534_lower,lower,2024-01-02,2024,2023-12-15 10:30:00-05:00,2024-01-16 10:30:00-05:00,2024-01-02 20:00:00+00:00,16653.707174633542,1260,False,MID_VOL,0.785405404934051,,,,,,,,,True,True,57.75,56.25,blocked_window,,,,,,,
1544_lower,lower,2024-01-03,2024,2024-01-02 10:30:00-05:00,2024-01-30 10:30:00-05:00,2024-01-03 12:35:00+00:00,16606.828216044698,815,True,MID_VOL,0.6771658400045469,,,,,,,,,True,True,107.5,83.0,,2024-01-03 12:35:00+00:00,,,2024-01-03 20:50:00+00:00,SL,-83.0,-1.0
1532_lower,lower,2024-01-04,2024,2023-12-13 10:30:00-05:00,2024-01-12 10:30:00-05:00,2024-01-04 13:21:00+00:00,16488.54939710143,861,True,MID_VOL,0.6846129561582218,,,,,,,,,True,True,65.25,57.5,,2024-01-04 13:21:00+00:00,2024-01-04 15:18:00+00:00,2024-01-04 15:19:00+00:00,2024-01-04 16:10:00+00:00,TP,65.25,1.1347826086956523
1545_lower,lower,2024-01-05,2024,2024-01-03 10:30:00-05:00,2024-01-31 10:30:00-05:00,2024-01-05 05:20:00+00:00,16435.46891329104,380,False,LOW_VOL,0.6602233155425379,,,,,,,,,False,True,46.25,45.0,blocked_window,,,,,,,
1546_upper,upper,2024-01-08,2024,2024-01-04 10:30:00-05:00,2024-02-01 10:30:00-05:00,2024-01-08 15:04:00+00:00,16639.231009485135,964,True,HIGH_VOL,0.9999999999999999,,,,,,,,,True,True,66.0,64.0,,2024-01-08 15:04:00+00:00,,,2024-01-08 17:38:00+00:00,SL,-64.0,-1.0
1547_upper,upper,2024-01-08,2024,2024-01-05 10:30:00-05:00,2024-02-02 10:30:00-05:00,2024-01-08 15:48:00+00:00,16661.23570688657,1008,True,MID_VOL,0.48045950216035266,,,,,,,,,True,False,66.0,59.0,position_open,,,,,,,
1548_upper,upper,2024-01-08,2024,2024-01-08 10:30:00-05:00,2024-02-05 10:30:00-05:00,2024-01-08 19:14:00+00:00,16751.6119350137,1214,False,LOW_VOL,0.52689595980491,,,,,,,,,False,True,58.5,53.75,blocked_window,,,,,,,
1545_upper,upper,2024-01-08,2024,2024-01-03 10:30:00-05:00,2024-01-31 10:30:00-05:00,2024-01-08 19:51:00+00:00,16779.531086708965,1251,False,MID_VOL,0.6723235667946377,,,,,,,,,True,True,58.5,53.25,blocked_window,,,,,,,
1549_upper,upper,2024-01-09,2024,2024-01-09 10:30:00-05:00,2024-02-06 10:30:00-05:00,2024-01-09 17:54:00+00:00,16846.275503128818,1134,False,LOW_VOL,0.7793840203384559,,,,,,,,,False,True,107.75,81.0,blocked_window,,,,,,,
1550_upper,upper,2024-01-11,2024,2024-01-10 10:30:00-05:00,2024-02-07 10:30:00-05:00,2024-01-11 01:07:00+00:00,16987.228593438093,127,False,LOW_VOL,0.5480783256660505,,,,,,,,,False,True,51.25,49.0,blocked_window,,,,,,,
1544_upper,upper,2024-01-11,2024,2024-01-02 10:30:00-05:00,2024-01-30 10:30:00-05:00,2024-01-11 08:26:00+00:00,17043.921783955302,566,False,LOW_VOL,0.5045445088693041,,,,,,,,,False,True,50.0,46.0,blocked_window,,,,,,,
1553_lower,lower,2024-01-16,2024,2024-01-15 10:30:00-05:00,2024-02-12 10:30:00-05:00,2024-01-16 08:03:00+00:00,16837.32090714007,543,False,MID_VOL,0.6042407629070096,,,,,,,,,True,True,29.25,33.25,blocked_window,,,,,,,
1552_lower,lower,2024-01-16,2024,2024-01-12 10:30:00-05:00,2024-02-09 10:30:00-05:00,2024-01-16 08:04:00+00:00,16823.93116504002,544,False,MID_VOL,0.6042407629070096,,,,,,,,,True,True,29.25,33.25,blocked_window,,,,,,,
1554_lower,lower,2024-01-17,2024,2024-01-16 10:30:00-05:00,2024-02-13 10:30:00-05:00,2024-01-17 14:48:00+00:00,16716.46127168041,948,True,HIGH_VOL,1.0,,,,,,,,,True,True,72.25,64.25,,2024-01-17 14:48:00+00:00,2024-01-17 15:38:00+00:00,2024-01-17 15:39:00+00:00,2024-01-17 16:02:00+00:00,TP,72.25,1.1245136186770428
1550_lower,lower,2024-01-17,2024,2024-01-10 10:30:00-05:00,2024-02-07 10:30:00-05:00,2024-01-17 15:00:00+00:00,16690.521406561907,960,True,HIGH_VOL,1.0,,,,,,,,,True,False,64.5,63.75,position_open,,,,,,,
1551_lower,lower,2024-01-17,2024,2024-01-11 10:30:00-05:00,2024-02-08 10:30:00-05:00,2024-01-17 15:00:00+00:00,16699.745493257127,960,True,HIGH_VOL,1.0,,,,,,,,,True,False,64.5,63.75,position_open,,,,,,,
1555_upper,upper,2024-01-18,2024,2024-01-17 10:30:00-05:00,2024-02-14 10:30:00-05:00,2024-01-18 12:37:00+00:00,17013.626595573453,817,True,LOW_VOL,0.6696931694513549,,,,,,,,,False,True,94.0,74.5,blocked_low_vol,,,,,,,
1553_upper,upper,2024-01-18,2024,2024-01-15 10:30:00-05:00,2024-02-12 10:30:00-05:00,2024-01-18 15:48:00+00:00,17071.67909285993,1008,True,HIGH_VOL,0.9340105141051815,,,,,,,,,True,True,79.0,69.0,,2024-01-18 15:48:00+00:00,2024-01-18 17:05:00+00:00,2024-01-18 17:06:00+00:00,2024-01-18 17:13:00+00:00,TP,79.0,1.144927536231884
1556_upper,upper,2024-01-19,2024,2024-01-18 10:30:00-05:00,2024-02-15 10:30:00-05:00,2024-01-19 02:48:00+00:00,17169.014278191687,228,False,LOW_VOL,0.7169746586499117,,,,,,,,,False,True,87.5,68.75,blocked_window,,,,,,,
1552_upper,upper,2024-01-19,2024,2024-01-12 10:30:00-05:00,2024-02-09 10:30:00-05:00,2024-01-19 03:00:00+00:00,17172.94383495998,240,False,LOW_VOL,0.551057772907553,,,,,,,,,False,True,89.0,71.75,blocked_window,,,,,,,
1543_upper,upper,2024-01-19,2024,2023-12-29 10:30:00-05:00,2024-01-29 10:30:00-05:00,2024-01-19 08:59:00+00:00,17209.447723507175,599,False,LOW_VOL,0.6696166808964448,,,,,,,,,False,True,94.25,75.0,blocked_window,,,,,,,
1551_upper,upper,2024-01-19,2024,2024-01-11 10:30:00-05:00,2024-02-08 10:30:00-05:00,2024-01-19 09:13:00+00:00,17218.754506742873,613,False,MID_VOL,0.5152621715081266,,,,,,,,,True,True,80.75,69.25,blocked_window,,,,,,,
1541_upper,upper,2024-01-19,2024,2023-12-27 10:30:00-05:00,2024-01-25 10:30:00-05:00,2024-01-19 10:51:00+00:00,17241.52214873588,711,True,MID_VOL,0.6680061913006974,,,,,,,,,True,True,88.0,69.5,,2024-01-19 10:51:00+00:00,2024-01-19 14:29:00+00:00,2024-01-19 14:30:00+00:00,2024-01-19 15:55:00+00:00,LOCK,6.950000000000728,0.10000000000001047
1542_upper,upper,2024-01-19,2024,2023-12-28 10:30:00-05:00,2024-01-26 10:30:00-05:00,2024-01-19 17:24:00+00:00,17275.50914414415,1104,False,MID_VOL,0.5474762027245004,,,,,,,,,True,True,79.75,68.5,blocked_window,,,,,,,
1557_upper,upper,2024-01-19,2024,2024-01-19 10:30:00-05:00,2024-02-16 10:30:00-05:00,2024-01-19 18:16:00+00:00,17350.739583414455,1156,False,MID_VOL,0.6648170932954587,,,,,,,,,True,True,85.75,72.25,blocked_window,,,,,,,
1559_upper,upper,2024-01-24,2024,2024-01-23 10:30:00-05:00,2024-02-20 10:30:00-05:00,2024-01-24 06:52:00+00:00,17629.672967767547,472,False,LOW_VOL,0.709171528047645,,,,,,,,,False,True,46.75,46.25,blocked_window,,,,,,,
1558_upper,upper,2024-01-24,2024,2024-01-22 10:30:00-05:00,2024-02-19 10:30:00-05:00,2024-01-24 15:29:00+00:00,17717.829133271625,989,True,HIGH_VOL,0.98278454561876,,,,,,,,,True,True,41.5,44.5,,2024-01-24 15:29:00+00:00,,,2024-01-24 15:43:00+00:00,SL,-44.5,-1.0
1560_lower,lower,2024-01-26,2024,2024-01-24 10:30:00-05:00,2024-02-21 10:30:00-05:00,2024-01-26 01:00:00+00:00,17524.716559417848,120,False,MID_VOL,0.5959655413092525,,,,,,,,,True,True,62.0,54.75,blocked_window,,,,,,,
1563_upper,upper,2024-01-29,2024,2024-01-29 10:30:00-05:00,2024-02-26 10:30:00-05:00,2024-01-29 20:18:00+00:00,17696.40815614748,1278,False,HIGH_VOL,0.9967236714423015,,,,,,,,,True,True,44.0,43.25,blocked_window,,,,,,,
1562_upper,upper,2024-01-29,2024,2024-01-26 10:30:00-05:00,2024-02-23 10:30:00-05:00,2024-01-29 20:26:00+00:00,17715.938450363836,1286,False,HIGH_VOL,0.999998786645165,,,,,,,,,True,True,44.0,43.25,blocked_window,,,,,,,
1563_lower,lower,2024-01-31,2024,2024-01-29 10:30:00-05:00,2024-02-26 10:30:00-05:00,2024-01-31 09:15:00+00:00,17406.34184385252,615,False,MID_VOL,0.953154810200332,,,,,,,,,True,True,62.0,54.25,blocked_window,,,,,,,
1562_lower,lower,2024-01-31,2024,2024-01-26 10:30:00-05:00,2024-02-23 10:30:00-05:00,2024-01-31 09:17:00+00:00,17386.561549636164,617,False,MID_VOL,0.953154810200332,,,,,,,,,True,True,62.0,54.25,blocked_window,,,,,,,
1558_lower,lower,2024-01-31,2024,2024-01-22 10:30:00-05:00,2024-02-19 10:30:00-05:00,2024-01-31 11:01:00+00:00,17338.545866728375,721,True,MID_VOL,0.5730678010158571,,,,,,,,,True,True,77.0,65.25,,2024-01-31 11:01:00+00:00,2024-01-31 11:47:00+00:00,2024-01-31 11:48:00+00:00,2024-01-31 12:52:00+00:00,TP,77.0,1.1800766283524904
1559_lower,lower,2024-01-31,2024,2024-01-23 10:30:00-05:00,2024-02-20 10:30:00-05:00,2024-01-31 15:32:00+00:00,17306.577032232453,992,True,HIGH_VOL,0.9999998354756358,,,,,,,,,True,True,69.25,63.25,,2024-01-31 15:32:00+00:00,2024-01-31 17:02:00+00:00,2024-01-31 17:03:00+00:00,2024-01-31 18:01:00+00:00,TP,69.25,1.0948616600790513
1567_upper,upper,2024-02-02,2024,2024-02-02 10:30:00-05:00,2024-03-01 10:30:00-05:00,2024-02-02 17:29:00+00:00,17748.83118594841,1109,False,LOW_VOL,0.5777628945755264,,,,,,,,,False,True,95.5,77.25,blocked_window,,,,,,,
1564_upper,upper,2024-02-07,2024,2024-01-30 10:30:00-05:00,2024-02-27 10:30:00-05:00,2024-02-07 15:14:00+00:00,17812.5491509663,974,True,HIGH_VOL,0.9999974618488827,,,,,,,,,True,True,56.5,55.0,,2024-02-07 15:14:00+00:00,,,2024-02-07 15:29:00+00:00,SL,-55.0,-1.0
1560_upper,upper,2024-02-07,2024,2024-01-24 10:30:00-05:00,2024-02-21 10:30:00-05:00,2024-02-07 15:27:00+00:00,17846.033440582152,987,True,HIGH_VOL,0.9999999999999973,,,,,,,,,True,False,56.5,55.0,position_open,,,,,,,
1561_upper,upper,2024-02-07,2024,2024-01-25 10:30:00-05:00,2024-02-22 10:30:00-05:00,2024-02-07 15:52:00+00:00,17875.211386513845,1012,True,HIGH_VOL,0.9995733365412984,,,,,,,,,True,True,56.5,58.0,,2024-02-07 15:52:00+00:00,2024-02-07 15:59:00+00:00,2024-02-07 16:00:00+00:00,2024-02-07 16:00:00+00:00,TP,56.5,0.9741379310344828
1568_upper,upper,2024-02-09,2024,2024-02-05 10:30:00-05:00,2024-03-04 10:30:00-05:00,2024-02-09 08:02:00+00:00,17902.655592144743,542,False,LOW_VOL,0.6889707833992712,,,,,,,,,False,True,26.5,29.25,blocked_window,,,,,,,
1569_upper,upper,2024-02-09,2024,2024-02-06 10:30:00-05:00,2024-03-05 10:30:00-05:00,2024-02-09 13:31:00+00:00,17946.099026789314,871,True,LOW_VOL,0.7231759789007277,,,,,,,,,False,True,30.25,33.0,blocked_low_vol,,,,,,,
1571_upper,upper,2024-02-09,2024,2024-02-08 10:30:00-05:00,2024-03-07 10:30:00-05:00,2024-02-09 15:34:00+00:00,17983.080504427424,994,True,HIGH_VOL,0.5979117056438367,,,,,,,,,True,True,30.25,35.5,,2024-02-09 15:34:00+00:00,,,2024-02-09 17:52:00+00:00,SL,-35.5,-1.0
1570_upper,upper,2024-02-09,2024,2024-02-07 10:30:00-05:00,2024-03-06 10:30:00-05:00,2024-02-09 16:03:00+00:00,18002.50445409766,1023,False,LOW_VOL,0.5908777553136952,,,,,,,,,False,False,28.75,33.5,blocked_window,,,,,,,
1572_upper,upper,2024-02-12,2024,2024-02-09 10:30:00-05:00,2024-03-08 10:30:00-05:00,2024-02-12 16:27:00+00:00,18095.335055077107,1047,False,MID_VOL,0.7760218574648361,,,,,,,,,True,True,50.25,49.5,blocked_window,,,,,,,
1573_lower,lower,2024-02-13,2024,2024-02-12 10:30:00-05:00,2024-03-11 10:30:00-04:00,2024-02-13 08:46:00+00:00,17892.693496105894,586,False,MID_VOL,0.9643252058040824,,,,,,,,,True,True,51.25,48.75,blocked_window,,,,,,,
1572_lower,lower,2024-02-13,2024,2024-02-09 10:30:00-05:00,2024-03-08 10:30:00-05:00,2024-02-13 13:30:00+00:00,17738.414944922893,870,True,MID_VOL,0.5367646780869767,,,,,,,,,True,True,62.75,56.75,,2024-02-13 13:30:00+00:00,,,2024-02-13 13:32:00+00:00,SL,-56.75,-1.0
1571_lower,lower,2024-02-13,2024,2024-02-08 10:30:00-05:00,2024-03-07 10:30:00-05:00,2024-02-13 13:32:00+00:00,17689.669495572576,872,True,MID_VOL,0.5367646780869767,,,,,,,,,True,False,62.75,56.75,same_bar_reentry,,,,,,,
1570_lower,lower,2024-02-13,2024,2024-02-07 10:30:00-05:00,2024-03-06 10:30:00-05:00,2024-02-13 20:14:00+00:00,17565.24554590234,1274,False,HIGH_VOL,0.9999075110758344,,,,,,,,,True,True,66.75,63.75,blocked_window,,,,,,,
1575_upper,upper,2024-02-16,2024,2024-02-14 10:30:00-05:00,2024-03-13 10:30:00-04:00,2024-02-16 08:18:00+00:00,17990.626370761616,558,False,LOW_VOL,0.5921883827754334,,,,,,,,,False,True,50.75,48.0,blocked_window,,,,,,,
1576_lower,lower,2024-02-20,2024,2024-02-15 10:30:00-05:00,2024-03-14 10:30:00-04:00,2024-02-20 02:00:00+00:00,17676.52460225718,180,False,HIGH_VOL,0.9992022089145178,,,,,,,,,True,True,31.5,38.75,blocked_window,,,,,,,
1578_lower,lower,2024-02-20,2024,2024-02-19 10:30:00-05:00,2024-03-18 10:30:00-04:00,2024-02-20 08:21:00+00:00,17652.603222612077,561,False,MID_VOL,0.9380187183353267,,,,,,,,,True,True,27.0,32.0,blocked_window,,,,,,,
1575_lower,lower,2024-02-20,2024,2024-02-14 10:30:00-05:00,2024-03-13 10:30:00-04:00,2024-02-20 14:40:00+00:00,17593.123629238384,940,True,HIGH_VOL,0.9999999999999994,,,,,,,,,True,True,24.5,30.0,,2024-02-20 14:40:00+00:00,,,2024-02-20 14:41:00+00:00,SL,-30.0,-1.0
1577_lower,lower,2024-02-20,2024,2024-02-16 10:30:00-05:00,2024-03-15 10:30:00-04:00,2024-02-20 14:40:00+00:00,17605.139797406704,940,True,HIGH_VOL,0.9999999999999994,,,,,,,,,True,False,24.5,30.0,position_open,,,,,,,
1568_lower,lower,2024-02-20,2024,2024-02-05 10:30:00-05:00,2024-03-04 10:30:00-05:00,2024-02-20 15:30:00+00:00,17489.094407855257,990,True,HIGH_VOL,0.9991144443567502,,,,,,,,,True,True,28.5,35.5,,2024-02-20 15:30:00+00:00,,,2024-02-20 15:34:00+00:00,TP,28.5,0.8028169014084507
1569_lower,lower,2024-02-20,2024,2024-02-06 10:30:00-05:00,2024-03-05 10:30:00-05:00,2024-02-20 17:08:00+00:00,17477.900973210686,1088,False,HIGH_VOL,0.9702807815570252,,,,,,,,,True,True,26.5,33.5,blocked_window,,,,,,,
1574_lower,lower,2024-02-21,2024,2024-02-13 10:30:00-05:00,2024-03-12 10:30:00-04:00,2024-02-21 19:24:00+00:00,17414.8236579624,1224,False,MID_VOL,0.9265897836418022,,,,,,,,,True,True,85.0,68.5,blocked_window,,,,,,,
1579_upper,upper,2024-02-22,2024,2024-02-20 10:30:00-05:00,2024-03-19 10:30:00-04:00,2024-02-22 14:45:00+00:00,17927.209425475638,945,True,HIGH_VOL,0.9993406445469569,,,,,,,,,True,True,84.0,68.5,,2024-02-22 14:45:00+00:00,,,2024-02-22 17:33:00+00:00,SL,-68.5,-1.0
1578_upper,upper,2024-02-22,2024,2024-02-19 10:30:00-05:00,2024-03-18 10:30:00-04:00,2024-02-22 14:45:00+00:00,17928.521777387923,945,True,HIGH_VOL,0.9993406445469569,,,,,,,,,True,False,84.0,68.5,position_open,,,,,,,
1576_upper,upper,2024-02-22,2024,2024-02-15 10:30:00-05:00,2024-03-14 10:30:00-04:00,2024-02-22 19:03:00+00:00,18061.60039774282,1203,False,LOW_VOL,0.6332366290371043,,,,,,,,,False,True,79.5,66.75,blocked_window,,,,,,,
1581_upper,upper,2024-02-23,2024,2024-02-22 10:30:00-05:00,2024-03-21 10:30:00-04:00,2024-02-23 14:20:00+00:00,18108.59940195433,920,True,MID_VOL,0.8626968001108265,,,,,,,,,True,True,96.25,75.0,,2024-02-23 14:20:00+00:00,2024-02-23 15:23:00+00:00,2024-02-23 15:24:00+00:00,2024-02-23 16:00:00+00:00,TP,96.25,1.2833333333333334
1582_lower,lower,2024-02-28,2024,2024-02-23 10:30:00-05:00,2024-03-22 10:30:00-04:00,2024-02-28 09:41:00+00:00,17902.034269207063,641,False,MID_VOL,0.5516708215257753,,,,,,,,,True,True,40.25,42.75,blocked_window,,,,,,,
1583_lower,lower,2024-02-29,2024,2024-02-26 10:30:00-05:00,2024-03-25 10:30:00-04:00,2024-02-29 08:10:00+00:00,17839.442824688555,550,False,HIGH_VOL,0.6018928861080312,,,,,,,,,True,True,48.75,47.75,blocked_window,,,,,,,
1585_upper,upper,2024-02-29,2024,2024-02-28 10:30:00-05:00,2024-03-27 10:30:00-04:00,2024-02-29 20:50:00+00:00,18078.683776453363,1310,False,MID_VOL,0.9626895309323356,,,,,,,,,True,True,45.75,45.75,blocked_window,,,,,,,
1577_upper,upper,2024-03-01,2024,2024-02-16 10:30:00-05:00,2024-03-15 10:30:00-04:00,2024-03-01 07:03:00+00:00,18145.110202593296,483,False,LOW_VOL,0.6745604383106784,,,,,,,,,False,True,74.75,60.75,blocked_window,,,,,,,
1573_upper,upper,2024-03-01,2024,2024-02-12 10:30:00-05:00,2024-03-11 10:30:00-04:00,2024-03-01 15:00:00+00:00,18166.181503894102,960,True,HIGH_VOL,0.9994871348247814,,,,,,,,,True,True,67.5,60.75,,2024-03-01 15:00:00+00:00,,,2024-03-01 16:07:00+00:00,SL,-60.75,-1.0
1584_upper,upper,2024-03-01,2024,2024-02-27 10:30:00-05:00,2024-03-26 10:30:00-04:00,2024-03-01 15:10:00+00:00,18181.861360565214,970,True,HIGH_VOL,0.9999999996325581,,,,,,,,,True,False,67.5,60.75,position_open,,,,,,,
1583_upper,upper,2024-03-01,2024,2024-02-26 10:30:00-05:00,2024-03-25 10:30:00-04:00,2024-03-01 15:13:00+00:00,18186.182175311445,973,True,HIGH_VOL,0.9999999996325581,,,,,,,,,True,False,67.5,60.75,position_open,,,,,,,
1586_upper,upper,2024-03-01,2024,2024-02-29 10:30:00-05:00,2024-03-28 10:30:00-04:00,2024-03-01 16:03:00+00:00,18208.031808653133,1023,False,MID_VOL,0.5221097640393111,,,,,,,,,True,False,72.0,64.5,blocked_window,,,,,,,
1582_upper,upper,2024-03-01,2024,2024-02-23 10:30:00-05:00,2024-03-22 10:30:00-04:00,2024-03-01 18:04:00+00:00,18294.340730792937,1144,False,LOW_VOL,0.7723424335832487,,,,,,,,,False,True,72.0,62.5,blocked_window,,,,,,,
1587_upper,upper,2024-03-01,2024,2024-03-01 10:30:00-05:00,2024-04-01 10:30:00-04:00,2024-03-01 18:08:00+00:00,18304.993269119543,1148,False,MID_VOL,0.5923297720909212,,,,,,,,,True,True,72.0,62.5,blocked_window,,,,,,,
1588_lower,lower,2024-03-05,2024,2024-03-04 10:30:00-05:00,2024-04-02 10:30:00-04:00,2024-03-05 06:31:00+00:00,18169.62004403596,451,False,LOW_VOL,0.7053968974060205,,,,,,,,,False,True,45.0,45.25,blocked_window,,,,,,,
1587_lower,lower,2024-03-05,2024,2024-03-01 10:30:00-05:00,2024-04-01 10:30:00-04:00,2024-03-05 15:32:00+00:00,17936.756730880457,992,True,HIGH_VOL,1.0,,,,,,,,,True,True,44.0,49.0,,2024-03-05 15:32:00+00:00,2024-03-05 17:27:00+00:00,2024-03-05 17:28:00+00:00,2024-03-05 17:40:00+00:00,LOCK,4.900000000001455,0.1000000000000297
1586_lower,lower,2024-03-05,2024,2024-02-29 10:30:00-05:00,2024-03-28 10:30:00-04:00,2024-03-05 20:14:00+00:00,17848.718191346867,1274,False,MID_VOL,0.9464294290961154,,,,,,,,,True,True,43.5,46.0,blocked_window,,,,,,,
1589_lower,lower,2024-03-05,2024,2024-03-05 10:30:00-05:00,2024-04-03 10:30:00-04:00,2024-03-05 20:22:00+00:00,17836.844920798598,1282,False,MID_VOL,0.8038504613742843,,,,,,,,,True,True,43.5,46.0,blocked_window,,,,,,,
1590_upper,upper,2024-03-07,2024,2024-03-06 10:30:00-05:00,2024-04-04 10:30:00-04:00,2024-03-07 17:10:00+00:00,18312.70562963195,1090,False,MID_VOL,0.6409929934613176,,,,,,,,,True,True,60.75,56.75,blocked_window,,,,,,,
1589_upper,upper,2024-03-07,2024,2024-03-05 10:30:00-05:00,2024-04-03 10:30:00-04:00,2024-03-07 18:36:00+00:00,18338.2800792014,1176,False,MID_VOL,0.5413509925899023,,,,,,,,,True,True,61.0,56.25,blocked_window,,,,,,,
1591_upper,upper,2024-03-08,2024,2024-03-07 10:30:00-05:00,2024-04-05 10:30:00-04:00,2024-03-08 15:00:00+00:00,18390.720229220504,960,True,HIGH_VOL,0.9999999999999821,,,,,,,,,True,True,110.25,89.25,,2024-03-08 15:00:00+00:00,2024-03-08 16:03:00+00:00,2024-03-08 16:04:00+00:00,2024-03-08 16:09:00+00:00,TP,110.25,1.2352941176470589
1592_lower,lower,2024-03-08,2024,2024-03-08 10:30:00-05:00,2024-04-08 10:30:00-04:00,2024-03-08 17:52:00+00:00,18110.28403168082,1132,False,HIGH_VOL,0.9999999362708106,,,,,,,,,True,True,146.25,110.5,blocked_window,,,,,,,
1593_upper,upper,2024-03-12,2024,2024-03-11 10:30:00-04:00,2024-04-09 10:30:00-04:00,2024-03-12 14:41:00+00:00,18412.61624174652,1001,True,HIGH_VOL,0.9999999950892231,,,,,,,,,True,True,88.0,76.5,,2024-03-12 14:41:00+00:00,2024-03-12 16:37:00+00:00,2024-03-12 16:38:00+00:00,2024-03-12 16:45:00+00:00,TP,88.0,1.1503267973856208
1588_upper,upper,2024-03-12,2024,2024-03-04 10:30:00-05:00,2024-04-02 10:30:00-04:00,2024-03-12 19:27:00+00:00,18468.12995596404,1287,False,MID_VOL,0.8906602114705299,,,,,,,,,True,True,77.75,67.25,blocked_window,,,,,,,
1595_lower,lower,2024-03-14,2024,2024-03-13 10:30:00-04:00,2024-04-11 10:30:00-04:00,2024-03-14 19:13:00+00:00,18186.20885245448,1273,False,HIGH_VOL,0.9999999999901933,,,,,,,,,True,True,66.75,62.25,blocked_window,,,,,,,
1596_lower,lower,2024-03-15,2024,2024-03-14 10:30:00-04:00,2024-04-12 10:30:00-04:00,2024-03-15 13:45:00+00:00,18078.053768774236,945,True,HIGH_VOL,1.0,,,,,,,,,True,True,72.5,68.25,,2024-03-15 13:45:00+00:00,2024-03-15 14:36:00+00:00,2024-03-15 14:37:00+00:00,2024-03-15 14:38:00+00:00,TP,72.5,1.0622710622710623
1594_lower,lower,2024-03-15,2024,2024-03-12 10:30:00-04:00,2024-04-10 10:30:00-04:00,2024-03-15 16:55:00+00:00,18010.22745417015,1135,False,HIGH_VOL,0.5392345960385435,,,,,,,,,True,True,68.25,61.75,blocked_window,,,,,,,
1597_upper,upper,2024-03-18,2024,2024-03-15 10:30:00-04:00,2024-04-15 10:30:00-04:00,2024-03-18 13:46:00+00:00,18353.50334997892,946,True,HIGH_VOL,0.9619180844062059,,,,,,,,,True,True,79.25,65.75,,2024-03-18 13:46:00+00:00,2024-03-18 13:57:00+00:00,2024-03-18 13:58:00+00:00,2024-03-18 14:11:00+00:00,LOCK,6.575000000000728,0.10000000000001107
1598_lower,lower,2024-03-19,2024,2024-03-18 10:30:00-04:00,2024-04-16 10:30:00-04:00,2024-03-19 11:37:00+00:00,18106.176019092043,817,True,HIGH_VOL,0.8160089675418697,,,,,,,,,True,True,82.75,71.0,,2024-03-19 11:37:00+00:00,2024-03-19 15:36:00+00:00,2024-03-19 15:37:00+00:00,2024-03-19 16:20:00+00:00,TP,82.75,1.1654929577464788
1599_upper,upper,2024-03-20,2024,2024-03-19 10:30:00-04:00,2024-04-17 10:30:00-04:00,2024-03-20 11:29:00+00:00,18320.328722424598,809,True,MID_VOL,0.8470758263099538,,,,,,,,,True,True,62.75,57.0,,2024-03-20 11:29:00+00:00,2024-03-20 13:38:00+00:00,2024-03-20 13:39:00+00:00,2024-03-20 13:44:00+00:00,TP,62.75,1.1008771929824561
1600_upper,upper,2024-03-20,2024,2024-03-20 10:30:00-04:00,2024-04-18 10:30:00-04:00,2024-03-20 19:27:00+00:00,18490.31701475152,1287,False,HIGH_VOL,0.9999999989000622,,,,,,,,,True,True,88.75,82.5,blocked_window,,,,,,,
1592_upper,upper,2024-03-21,2024,2024-03-08 10:30:00-05:00,2024-04-08 10:30:00-04:00,2024-03-20 23:07:00+00:00,18569.96596831918,67,False,LOW_VOL,0.5702084876906477,,,,,,,,,False,True,87.75,71.0,blocked_window,,,,,,,
1594_upper,upper,2024-03-21,2024,2024-03-12 10:30:00-04:00,2024-04-10 10:30:00-04:00,2024-03-20 23:22:00+00:00,18583.89754582985,82,False,LOW_VOL,0.6042692049683688,,,,,,,,,False,True,87.75,71.0,blocked_window,,,,,,,
1596_upper,upper,2024-03-21,2024,2024-03-14 10:30:00-04:00,2024-04-12 10:30:00-04:00,2024-03-21 04:31:00+00:00,18597.821231225767,391,False,LOW_VOL,0.7342110986636449,,,,,,,,,False,True,83.0,63.5,blocked_window,,,,,,,
1595_upper,upper,2024-03-21,2024,2024-03-13 10:30:00-04:00,2024-04-11 10:30:00-04:00,2024-03-21 05:39:00+00:00,18608.29114754552,459,False,LOW_VOL,0.6826938228355675,,,,,,,,,False,True,85.5,65.5,blocked_window,,,,,,,
1601_lower,lower,2024-03-22,2024,2024-03-21 10:30:00-04:00,2024-04-19 10:30:00-04:00,2024-03-22 12:17:00+00:00,18500.87567788597,857,True,MID_VOL,0.5027860906394492,,,,,,,,,True,True,57.5,56.5,,2024-03-22 12:17:00+00:00,2024-03-22 13:06:00+00:00,2024-03-22 13:07:00+00:00,2024-03-22 13:44:00+00:00,LOCK,5.650000000001455,0.10000000000002575
1604_lower,lower,2024-03-27,2024,2024-03-26 10:30:00-04:00,2024-04-24 10:30:00-04:00,2024-03-27 14:02:00+00:00,18411.910640705857,962,True,HIGH_VOL,0.9999999999999994,,,,,,,,,True,True,48.5,51.5,,2024-03-27 14:02:00+00:00,2024-03-27 16:32:00+00:00,2024-03-27 16:33:00+00:00,2024-03-27 17:07:00+00:00,LOCK,5.150000000001455,0.10000000000002826
1602_lower,lower,2024-04-02,2024,2024-03-22 10:30:00-04:00,2024-04-22 10:30:00-04:00,2024-04-02 12:40:00+00:00,18375.152865133503,880,True,MID_VOL,0.8915978940314184,,,,,,,,,True,True,57.75,52.75,,2024-04-02 12:40:00+00:00,,,2024-04-02 13:00:00+00:00,SL,-52.75,-1.0
1606_lower,lower,2024-04-02,2024,2024-03-28 10:30:00-04:00,2024-04-26 10:30:00-04:00,2024-04-02 12:50:00+00:00,18332.64289858705,890,True,HIGH_VOL,0.9977098177867701,,,,,,,,,True,False,57.75,52.75,position_open,,,,,,,
1607_lower,lower,2024-04-02,2024,2024-04-01 10:30:00-04:00,2024-04-29 10:30:00-04:00,2024-04-02 13:00:00+00:00,18323.650439996607,900,True,HIGH_VOL,0.9994171806753973,,,,,,,,,True,False,59.5,58.75,same_bar_reentry,,,,,,,
1605_lower,lower,2024-04-02,2024,2024-03-27 10:30:00-04:00,2024-04-25 10:30:00-04:00,2024-04-02 13:33:00+00:00,18266.626181235515,933,True,HIGH_VOL,0.9722007674226603,,,,,,,,,True,True,59.5,58.25,,2024-04-02 13:33:00+00:00,,,2024-04-02 14:12:00+00:00,SL,-58.25,-1.0
1603_lower,lower,2024-04-02,2024,2024-03-25 10:30:00-04:00,2024-04-23 10:30:00-04:00,2024-04-02 13:33:00+00:00,18265.28429594975,933,True,HIGH_VOL,0.9722007674226603,,,,,,,,,True,False,59.5,58.25,position_open,,,,,,,
1608_upper,upper,2024-04-03,2024,2024-04-02 10:30:00-04:00,2024-04-30 10:30:00-04:00,2024-04-03 15:11:00+00:00,18445.6824589368,1031,False,MID_VOL,0.5445831732182596,,,,,,,,,True,True,77.5,65.5,blocked_window,,,,,,,
1609_upper,upper,2024-04-04,2024,2024-04-03 10:30:00-04:00,2024-05-01 10:30:00-04:00,2024-04-04 13:00:00+00:00,18542.060069309577,900,True,HIGH_VOL,0.9999221108789731,,,,,,,,,True,True,62.25,60.75,,2024-04-04 13:00:00+00:00,2024-04-04 14:23:00+00:00,2024-04-04 14:24:00+00:00,2024-04-04 15:15:00+00:00,TP,62.25,1.0246913580246915
1610_lower,lower,2024-04-04,2024,2024-04-04 10:30:00-04:00,2024-05-02 10:30:00-04:00,2024-04-04 18:27:00+00:00,18357.43423760349,1227,False,HIGH_VOL,0.9999999999987809,,,,,,,,,True,True,57.5,55.25,blocked_window,,,,,,,
1600_lower,lower,2024-04-04,2024,2024-03-20 10:30:00-04:00,2024-04-18 10:30:00-04:00,2024-04-04 19:28:00+00:00,18117.807985248484,1288,False,HIGH_VOL,0.9999999999999936,,,,,,,,,True,True,90.75,83.25,blocked_window,,,,,,,
1608_lower,lower,2024-04-04,2024,2024-04-02 10:30:00-04:00,2024-04-30 10:30:00-04:00,2024-04-04 19:41:00+00:00,18088.567541063203,1301,False,HIGH_VOL,1.0,,,,,,,,,True,True,90.75,83.0,blocked_window,,,,,,,
1611_upper,upper,2024-04-05,2024,2024-04-05 10:30:00-04:00,2024-05-03 10:30:00-04:00,2024-04-05 16:59:00+00:00,18396.966272373546,1139,False,MID_VOL,0.9772615772189489,,,,,,,,,True,True,135.75,95.75,blocked_window,,,,,,,
1613_lower,lower,2024-04-10,2024,2024-04-09 10:30:00-04:00,2024-05-07 10:30:00-04:00,2024-04-10 12:36:00+00:00,18104.71379025402,876,True,HIGH_VOL,1.0,,,,,,,,,True,True,59.5,57.75,,2024-04-10 12:36:00+00:00,2024-04-10 13:30:00+00:00,2024-04-10 13:31:00+00:00,2024-04-10 13:32:00+00:00,TP,59.5,1.0303030303030303
1612_lower,lower,2024-04-10,2024,2024-04-08 10:30:00-04:00,2024-05-06 10:30:00-04:00,2024-04-10 12:36:00+00:00,18099.594831948525,876,True,HIGH_VOL,1.0,,,,,,,,,True,False,59.5,57.75,position_open,,,,,,,
1614_upper,upper,2024-04-11,2024,2024-04-10 10:30:00-04:00,2024-05-08 10:30:00-04:00,2024-04-11 17:04:00+00:00,18340.929656633278,1144,False,MID_VOL,0.6539414234633523,,,,,,,,,True,True,100.25,78.25,blocked_window,,,,,,,
1615_upper,upper,2024-04-11,2024,2024-04-11 10:30:00-04:00,2024-05-09 10:30:00-04:00,2024-04-11 17:53:00+00:00,18442.687144256237,1193,False,HIGH_VOL,0.690927906992918,,,,,,,,,True,True,100.25,84.5,blocked_window,,,,,,,
1616_lower,lower,2024-04-15,2024,2024-04-12 10:30:00-04:00,2024-05-10 10:30:00-04:00,2024-04-15 16:30:00+00:00,18118.82569679723,1110,False,HIGH_VOL,0.9999999841673144,,,,,,,,,True,True,94.25,79.75,blocked_window,,,,,,,
1617_lower,lower,2024-04-15,2024,2024-04-15 10:30:00-04:00,2024-05-13 10:30:00-04:00,2024-04-15 17:19:00+00:00,18057.92912530915,1159,False,HIGH_VOL,0.5605780278720992,,,,,,,,,True,True,104.5,83.5,blocked_window,,,,,,,
1615_lower,lower,2024-04-15,2024,2024-04-11 10:30:00-04:00,2024-05-09 10:30:00-04:00,2024-04-15 17:20:00+00:00,18044.312855743767,1160,False,HIGH_VOL,0.9999999999999427,,,,,,,,,True,True,104.5,83.5,blocked_window,,,,,,,
1609_lower,lower,2024-04-15,2024,2024-04-03 10:30:00-04:00,2024-05-01 10:30:00-04:00,2024-04-15 17:21:00+00:00,18031.564930690423,1161,False,HIGH_VOL,0.9999999999999427,,,,,,,,,True,True,104.5,83.5,blocked_window,,,,,,,
1614_lower,lower,2024-04-15,2024,2024-04-10 10:30:00-04:00,2024-05-08 10:30:00-04:00,2024-04-15 17:28:00+00:00,17956.945343366726,1168,False,HIGH_VOL,1.0,,,,,,,,,True,True,104.5,83.5,blocked_window,,,,,,,
1599_lower,lower,2024-04-15,2024,2024-03-19 10:30:00-04:00,2024-04-17 10:30:00-04:00,2024-04-15 17:30:00+00:00,17925.796277575406,1170,False,HIGH_VOL,1.0,,,,,,,,,True,True,104.5,89.75,blocked_window,,,,,,,
1611_lower,lower,2024-04-15,2024,2024-04-05 10:30:00-04:00,2024-05-03 10:30:00-04:00,2024-04-15 17:30:00+00:00,17918.533727626454,1170,False,HIGH_VOL,1.0,,,,,,,,,True,True,104.5,89.75,blocked_window,,,,,,,
1619_lower,lower,2024-04-17,2024,2024-04-17 10:30:00-04:00,2024-05-15 10:30:00-04:00,2024-04-17 16:33:00+00:00,17667.264240308767,1113,False,HIGH_VOL,0.9999999887267238,,,,,,,,,True,True,62.5,61.0,blocked_window,,,,,,,
1618_lower,lower,2024-04-17,2024,2024-04-16 10:30:00-04:00,2024-05-14 10:30:00-04:00,2024-04-17 16:42:00+00:00,17645.446462686647,1122,False,HIGH_VOL,0.9937746732422863,,,,,,,,,True,True,62.5,61.0,blocked_window,,,,,,,
1620_lower,lower,2024-04-19,2024,2024-04-18 10:30:00-04:00,2024-05-16 10:30:00-04:00,2024-04-19 01:04:00+00:00,17410.581461499758,184,False,MID_VOL,0.6236985248263685,,,,,,,,,True,True,103.75,85.75,blocked_window,,,,,,,
1621_lower,lower,2024-04-19,2024,2024-04-19 10:30:00-04:00,2024-05-17 10:30:00-04:00,2024-04-19 18:37:00+00:00,17196.693493607636,1237,False,HIGH_VOL,0.9999949541950535,,,,,,,,,True,True,80.0,72.0,blocked_window,,,,,,,
1622_upper,upper,2024-04-23,2024,2024-04-22 10:30:00-04:00,2024-05-20 10:30:00-04:00,2024-04-23 13:56:00+00:00,17525.21619148364,956,True,HIGH_VOL,0.9999999748474644,,,,,,,,,True,True,70.5,60.0,,2024-04-23 13:56:00+00:00,2024-04-23 14:03:00+00:00,2024-04-23 14:04:00+00:00,2024-04-23 14:07:00+00:00,LOCK,6.0,0.1
1623_upper,upper,2024-04-24,2024,2024-04-23 10:30:00-04:00,2024-05-21 10:30:00-04:00,2024-04-24 01:19:00+00:00,17720.605247732077,199,False,LOW_VOL,0.702421602292058,,,,,,,,,False,True,96.0,72.75,blocked_window,,,,,,,
1621_upper,upper,2024-04-24,2024,2024-04-19 10:30:00-04:00,2024-05-17 10:30:00-04:00,2024-04-24 01:48:00+00:00,17727.306506392364,228,False,LOW_VOL,0.7085282939567475,,,,,,,,,False,True,96.0,73.0,blocked_window,,,,,,,
1625_upper,upper,2024-04-25,2024,2024-04-25 10:30:00-04:00,2024-05-23 10:30:00-04:00,2024-04-25 19:19:00+00:00,17593.585869677037,1279,False,HIGH_VOL,0.9999864585351255,,,,,,,,,True,True,78.0,67.5,blocked_window,,,,,,,
1620_upper,upper,2024-04-26,2024,2024-04-18 10:30:00-04:00,2024-05-16 10:30:00-04:00,2024-04-26 15:02:00+00:00,17878.293538500242,1022,False,HIGH_VOL,0.9839914921695528,,,,,,,,,True,True,119.0,91.75,blocked_window,,,,,,,
1624_upper,upper,2024-04-29,2024,2024-04-24 10:30:00-04:00,2024-05-22 10:30:00-04:00,2024-04-29 12:54:00+00:00,17928.001554531023,894,True,LOW_VOL,0.8411536389823033,,,,,,,,,False,True,56.25,51.25,blocked_low_vol,,,,,,,
1627_lower,lower,2024-04-30,2024,2024-04-29 10:30:00-04:00,2024-05-27 10:30:00-04:00,2024-04-30 16:41:00+00:00,17695.60892391576,1121,False,HIGH_VOL,0.9999999032324375,,,,,,,,,True,True,48.25,48.5,blocked_window,,,,,,,
1628_lower,lower,2024-04-30,2024,2024-04-30 10:30:00-04:00,2024-05-28 10:30:00-04:00,2024-04-30 18:50:00+00:00,17672.78018092033,1250,False,HIGH_VOL,0.99631874908212,,,,,,,,,True,True,41.25,44.0,blocked_window,,,,,,,
1629_upper,upper,2024-05-01,2024,2024-05-01 10:30:00-04:00,2024-05-29 10:30:00-04:00,2024-05-01 18:41:00+00:00,17666.744983307515,1241,False,HIGH_VOL,1.0,,,,,,,,,True,True,86.5,73.5,blocked_window,,,,,,,
1630_upper,upper,2024-05-03,2024,2024-05-02 10:30:00-04:00,2024-05-30 10:30:00-04:00,2024-05-03 12:30:00+00:00,17819.63219946777,870,True,MID_VOL,0.9861786109609632,,,,,,,,,True,True,74.25,64.5,,2024-05-03 12:30:00+00:00,,,2024-05-03 12:30:00+00:00,SL,-64.5,-1.0
1626_upper,upper,2024-05-03,2024,2024-04-26 10:30:00-04:00,2024-05-24 10:30:00-04:00,2024-05-03 13:45:00+00:00,17980.92676687437,945,True,HIGH_VOL,0.999999999713756,,,,,,,,,True,True,108.75,86.75,,2024-05-03 13:45:00+00:00,2024-05-03 14:13:00+00:00,2024-05-03 14:14:00+00:00,2024-05-03 14:44:00+00:00,LOCK,8.674999999999272,0.09999999999999161
1628_upper,upper,2024-05-03,2024,2024-04-30 10:30:00-04:00,2024-05-28 10:30:00-04:00,2024-05-03 14:00:00+00:00,18021.84481907967,960,True,HIGH_VOL,0.9999852203559249,,,,,,,,,True,False,89.0,76.5,position_open,,,,,,,
1618_upper,upper,2024-05-06,2024,2024-04-16 10:30:00-04:00,2024-05-14 10:30:00-04:00,2024-05-06 13:38:00+00:00,18099.553537313357,938,True,LOW_VOL,0.7321206576767614,,,,,,,,,False,True,63.25,54.25,blocked_low_vol,,,,,,,
1627_upper,upper,2024-05-06,2024,2024-04-29 10:30:00-04:00,2024-05-27 10:30:00-04:00,2024-05-06 14:06:00+00:00,18115.39107608424,966,True,MID_VOL,0.91103210015642,,,,,,,,,True,True,72.75,64.25,,2024-05-06 14:06:00+00:00,,,2024-05-06 19:55:00+00:00,SL,-64.25,-1.0
1619_upper,upper,2024-05-06,2024,2024-04-17 10:30:00-04:00,2024-05-15 10:30:00-04:00,2024-05-06 19:54:00+00:00,18173.860759691237,1314,False,MID_VOL,0.8449811111563993,,,,,,,,,True,False,66.5,55.75,blocked_window,,,,,,,
1632_upper,upper,2024-05-07,2024,2024-05-06 10:30:00-04:00,2024-06-03 10:30:00-04:00,2024-05-07 14:56:00+00:00,18240.81956410564,1016,True,MID_VOL,0.5807721818174323,,,,,,,,,True,True,52.5,50.5,,2024-05-07 14:56:00+00:00,2024-05-07 17:49:00+00:00,2024-05-07 17:50:00+00:00,2024-05-07 17:59:00+00:00,TP,52.5,1.0396039603960396
1634_upper,upper,2024-05-10,2024,2024-05-08 10:30:00-04:00,2024-06-05 10:30:00-04:00,2024-05-10 13:35:00+00:00,18318.397605320453,935,True,HIGH_VOL,0.9999057568921976,,,,,,,,,True,True,34.0,37.0,,2024-05-10 13:35:00+00:00,,,2024-05-10 14:01:00+00:00,TP,34.0,0.918918918918919
1635_upper,upper,2024-05-10,2024,2024-05-09 10:30:00-04:00,2024-06-06 10:30:00-04:00,2024-05-10 13:49:00+00:00,18347.544038678338,949,True,HIGH_VOL,0.998218157924034,,,,,,,,,True,False,34.0,37.0,position_open,,,,,,,
1633_upper,upper,2024-05-14,2024,2024-05-07 10:30:00-04:00,2024-06-04 10:30:00-04:00,2024-05-14 14:26:00+00:00,18359.901500514046,986,True,HIGH_VOL,0.9999999999999977,,,,,,,,,True,True,31.25,36.75,,2024-05-14 14:26:00+00:00,,,2024-05-14 14:36:00+00:00,TP,31.25,0.8503401360544217
1638_upper,upper,2024-05-15,2024,2024-05-14 10:30:00-04:00,2024-06-11 10:30:00-04:00,2024-05-15 12:30:00+00:00,18484.564685290257,870,True,LOW_VOL,0.693508157754483,,,,,,,,,False,True,57.5,51.25,blocked_low_vol,,,,,,,
1636_upper,upper,2024-05-15,2024,2024-05-10 10:30:00-04:00,2024-06-07 10:30:00-04:00,2024-05-15 12:30:00+00:00,18479.93747753404,870,True,LOW_VOL,0.693508157754483,,,,,,,,,False,True,57.5,51.25,blocked_low_vol,,,,,,,
1637_upper,upper,2024-05-15,2024,2024-05-13 10:30:00-04:00,2024-06-10 10:30:00-04:00,2024-05-15 12:30:00+00:00,18479.049190011305,870,True,LOW_VOL,0.693508157754483,,,,,,,,,False,True,57.5,51.25,blocked_low_vol,,,,,,,
1639_upper,upper,2024-05-15,2024,2024-05-15 10:30:00-04:00,2024-06-12 10:30:00-04:00,2024-05-15 18:02:00+00:00,18684.124682415186,1202,False,LOW_VOL,0.726857014088808,,,,,,,,,False,True,71.75,62.75,blocked_window,,,,,,,
1640_lower,lower,2024-05-17,2024,2024-05-16 10:30:00-04:00,2024-06-13 10:30:00-04:00,2024-05-17 18:23:00+00:00,18545.45955124285,1223,False,HIGH_VOL,0.9792781913178895,,,,,,,,,True,True,33.25,35.75,blocked_window,,,,,,,
1641_upper,upper,2024-05-20,2024,2024-05-17 10:30:00-04:00,2024-06-14 10:30:00-04:00,2024-05-20 16:53:00+00:00,18786.52607522604,1133,False,MID_VOL,0.6627451778348853,,,,,,,,,True,True,37.0,37.75,blocked_window,,,,,,,
1640_upper,upper,2024-05-22,2024,2024-05-16 10:30:00-04:00,2024-06-13 10:30:00-04:00,2024-05-22 14:00:00+00:00,18830.790448757158,960,True,MID_VOL,0.594008631056225,,,,,,,,,True,True,35.5,39.0,,2024-05-22 14:00:00+00:00,2024-05-22 14:28:00+00:00,2024-05-22 14:29:00+00:00,2024-05-22 15:04:00+00:00,LOCK,3.900000000001455,0.10000000000003731
1644_upper,upper,2024-05-23,2024,2024-05-22 10:30:00-04:00,2024-06-19 10:30:00-04:00,2024-05-23 02:59:00+00:00,18941.47583772364,299,False,LOW_VOL,0.7046742210667852,,,,,,,,,False,True,73.0,60.0,blocked_window,,,,,,,
1645_lower,lower,2024-05-23,2024,2024-05-23 10:30:00-04:00,2024-06-20 10:30:00-04:00,2024-05-23 17:56:00+00:00,18730.6884868419,1196,False,HIGH_VOL,0.9999999998678347,,,,,,,,,True,True,63.75,59.5,blocked_window,,,,,,,
1644_lower,lower,2024-05-23,2024,2024-05-22 10:30:00-04:00,2024-06-19 10:30:00-04:00,2024-05-23 18:19:00+00:00,18677.274162276364,1219,False,HIGH_VOL,0.9990931465102371,,,,,,,,,True,True,73.0,70.75,blocked_window,,,,,,,
1646_upper,upper,2024-05-28,2024,2024-05-24 10:30:00-04:00,2024-06-21 10:30:00-04:00,2024-05-28 08:14:00+00:00,18958.714051933915,614,False,MID_VOL,0.5526211353871967,,,,,,,,,True,True,36.25,37.25,blocked_window,,,,,,,
1647_lower,lower,2024-05-29,2024,2024-05-27 10:30:00-04:00,2024-06-24 10:30:00-04:00,2024-05-29 13:27:00+00:00,18759.35066828225,927,True,LOW_VOL,0.7309538472645243,,,,,,,,,False,True,45.25,46.5,blocked_low_vol,,,,,,,
1649_lower,lower,2024-05-30,2024,2024-05-29 10:30:00-04:00,2024-06-26 10:30:00-04:00,2024-05-30 19:35:00+00:00,18603.078808509206,1295,False,HIGH_VOL,0.9999987260550236,,,,,,,,,True,True,55.75,54.5,blocked_window,,,,,,,
1646_lower,lower,2024-05-30,2024,2024-05-24 10:30:00-04:00,2024-06-21 10:30:00-04:00,2024-05-30 19:47:00+00:00,18588.785948066085,1307,False,HIGH_VOL,0.9999886424317354,,,,,,,,,True,True,55.75,54.5,blocked_window,,,,,,,
1650_lower,lower,2024-05-30,2024,2024-05-30 10:30:00-04:00,2024-06-27 10:30:00-04:00,2024-05-30 19:48:00+00:00,18568.41017804794,1308,False,HIGH_VOL,0.9999886424317354,,,,,,,,,True,True,55.75,54.5,blocked_window,,,,,,,
1643_lower,lower,2024-05-30,2024,2024-05-21 10:30:00-04:00,2024-06-18 10:30:00-04:00,2024-05-30 19:49:00+00:00,18551.377817406425,1309,False,HIGH_VOL,0.9999886424317354,,,,,,,,,True,True,55.75,54.5,blocked_window,,,,,,,
1641_lower,lower,2024-05-31,2024,2024-05-17 10:30:00-04:00,2024-06-14 10:30:00-04:00,2024-05-31 00:35:00+00:00,18508.723924773964,155,False,HIGH_VOL,0.7497583738623816,,,,,,,,,True,True,71.5,65.25,blocked_window,,,,,,,
1642_lower,lower,2024-05-31,2024,2024-05-20 10:30:00-04:00,2024-06-17 10:30:00-04:00,2024-05-31 14:15:00+00:00,18477.15801455111,975,True,HIGH_VOL,1.0,,,,,,,,,True,True,66.0,63.25,,2024-05-31 14:15:00+00:00,,,2024-05-31 14:30:00+00:00,SL,-63.25,-1.0
1639_lower,lower,2024-05-31,2024,2024-05-15 10:30:00-04:00,2024-06-12 10:30:00-04:00,2024-05-31 15:30:00+00:00,18320.00031758481,1050,False,HIGH_VOL,0.9510009076143914,,,,,,,,,True,True,76.25,68.75,blocked_window,,,,,,,
1651_lower,lower,2024-05-31,2024,2024-05-31 10:30:00-04:00,2024-06-28 10:30:00-04:00,2024-05-31 16:16:00+00:00,18267.605198308527,1096,False,MID_VOL,0.9185335718593667,,,,,,,,,True,True,72.0,65.0,blocked_window,,,,,,,
1652_lower,lower,2024-06-03,2024,2024-06-03 10:30:00-04:00,2024-07-01 10:30:00-04:00,2024-06-03 16:14:00+00:00,18516.838532544218,1094,False,MID_VOL,0.8982223087743336,,,,,,,,,True,True,110.75,85.75,blocked_window,,,,,,,
1653_upper,upper,2024-06-05,2024,2024-06-04 10:30:00-04:00,2024-07-02 10:30:00-04:00,2024-06-05 11:40:00+00:00,18807.187537455477,820,True,MID_VOL,0.906106286820141,,,,,,,,,True,True,66.75,58.75,,2024-06-05 11:40:00+00:00,,,2024-06-05 14:23:00+00:00,SL,-58.75,-1.0
1651_upper,upper,2024-06-05,2024,2024-05-31 10:30:00-04:00,2024-06-28 10:30:00-04:00,2024-06-05 13:29:00+00:00,18848.519801691476,929,True,MID_VOL,0.5579483074576037,,,,,,,,,True,False,66.0,60.75,position_open,,,,,,,
1652_upper,upper,2024-06-05,2024,2024-06-03 10:30:00-04:00,2024-07-01 10:30:00-04:00,2024-06-05 14:30:00+00:00,18896.411467455782,990,True,HIGH_VOL,0.9999975108297806,,,,,,,,,True,True,60.5,58.75,,2024-06-05 14:30:00+00:00,,,2024-06-05 15:13:00+00:00,SL,-58.75,-1.0
1650_upper,upper,2024-06-05,2024,2024-05-30 10:30:00-04:00,2024-06-27 10:30:00-04:00,2024-06-05 14:34:00+00:00,18923.21482195206,994,True,HIGH_VOL,0.9999975108297806,,,,,,,,,True,False,60.5,58.75,position_open,,,,,,,
1649_upper,upper,2024-06-05,2024,2024-05-29 10:30:00-04:00,2024-06-26 10:30:00-04:00,2024-06-05 15:18:00+00:00,18976.546191490797,1038,False,HIGH_VOL,0.9863865655469228,,,,,,,,,True,True,67.0,61.0,blocked_window,,,,,,,
1647_upper,upper,2024-06-05,2024,2024-05-27 10:30:00-04:00,2024-06-24 10:30:00-04:00,2024-06-05 17:04:00+00:00,19013.149331717745,1144,False,LOW_VOL,0.7677364944774998,,,,,,,,,False,True,62.75,57.75,blocked_window,,,,,,,
1654_upper,upper,2024-06-05,2024,2024-06-05 10:30:00-04:00,2024-07-03 10:30:00-04:00,2024-06-05 18:33:00+00:00,19039.743026956778,1233,False,MID_VOL,0.7451325224612566,,,,,,,,,True,True,64.0,56.25,blocked_window,,,,,,,
1648_upper,upper,2024-06-05,2024,2024-05-28 10:30:00-04:00,2024-06-25 10:30:00-04:00,2024-06-05 19:56:00+00:00,19078.028660465738,1316,False,HIGH_VOL,0.9980461033410545,,,,,,,,,True,True,57.75,52.25,blocked_window,,,,,,,
1657_upper,upper,2024-06-11,2024,2024-06-10 10:30:00-04:00,2024-07-08 10:30:00-04:00,2024-06-11 17:52:00+00:00,19149.97074819228,1192,False,MID_VOL,0.5930573266159013,,,,,,,,,True,True,41.5,44.25,blocked_window,,,,,,,
1645_upper,upper,2024-06-11,2024,2024-05-23 10:30:00-04:00,2024-06-20 10:30:00-04:00,2024-06-11 17:54:00+00:00,19161.0615131581,1194,False,MID_VOL,0.5930573266159013,,,,,,,,,True,True,41.5,44.25,blocked_window,,,,,,,
1656_upper,upper,2024-06-11,2024,2024-06-07 10:30:00-04:00,2024-07-05 10:30:00-04:00,2024-06-11 18:16:00+00:00,19196.41736975556,1216,False,HIGH_VOL,0.9653645530674265,,,,,,,,,True,True,45.0,46.75,blocked_window,,,,,,,
1658_upper,upper,2024-06-11,2024,2024-06-11 10:30:00-04:00,2024-07-09 10:30:00-04:00,2024-06-11 18:33:00+00:00,19228.554115443498,1233,False,HIGH_VOL,0.9895004601566816,,,,,,,,,True,True,45.0,47.25,blocked_window,,,,,,,
1655_upper,upper,2024-06-12,2024,2024-06-06 10:30:00-04:00,2024-07-04 10:30:00-04:00,2024-06-11 23:00:00+00:00,19260.324238183544,60,False,LOW_VOL,0.6247535646554171,,,,,,,,,False,True,69.5,58.5,blocked_window,,,,,,,
1659_upper,upper,2024-06-13,2024,2024-06-12 10:30:00-04:00,2024-07-10 10:30:00-04:00,2024-06-13 07:14:00+00:00,19663.67406997938,554,False,MID_VOL,0.8735240457854841,,,,,,,,,True,True,94.0,73.25,blocked_window,,,,,,,
1660_upper,upper,2024-06-17,2024,2024-06-13 10:30:00-04:00,2024-07-11 10:30:00-04:00,2024-06-17 00:00:00+00:00,19973.0,120,False,LOW_VOL,0.7491156173707911,,,,,,,,,False,True,46.75,43.5,blocked_window,,,,,,,
1661_upper,upper,2024-06-17,2024,2024-06-14 10:30:00-04:00,2024-07-12 10:30:00-04:00,2024-06-17 00:00:00+00:00,19973.0,120,False,LOW_VOL,0.7491156173707911,,,,,,,,,False,True,46.75,43.5,blocked_window,,,,,,,
1662_upper,upper,2024-06-17,2024,2024-06-17 10:30:00-04:00,2024-07-15 10:30:00-04:00,2024-06-17 17:15:00+00:00,20121.3664627391,1155,False,HIGH_VOL,0.6024017692946134,,,,,,,,,True,True,56.5,54.5,blocked_window,,,,,,,
1663_upper,upper,2024-06-20,2024,2024-06-18 10:30:00-04:00,2024-07-16 10:30:00-04:00,2024-06-20 07:30:00+00:00,20350.794364611076,570,False,MID_VOL,0.64910998796765,,,,,,,,,True,True,17.25,24.5,blocked_window,,,,,,,
1664_lower,lower,2024-06-20,2024,2024-06-19 10:30:00-04:00,2024-07-17 10:30:00-04:00,2024-06-20 16:22:00+00:00,20112.028771407706,1102,False,HIGH_VOL,0.952649294993626,,,,,,,,,True,True,16.75,24.5,blocked_window,,,,,,,
1663_lower,lower,2024-06-20,2024,2024-06-18 10:30:00-04:00,2024-07-16 10:30:00-04:00,2024-06-20 16:31:00+00:00,20032.580635388927,1111,False,HIGH_VOL,0.9999999992556072,,,,,,,,,True,True,16.75,25.5,blocked_window,,,,,,,
1665_lower,lower,2024-06-20,2024,2024-06-20 10:30:00-04:00,2024-07-18 10:30:00-04:00,2024-06-20 17:32:00+00:00,19992.384046385865,1172,False,HIGH_VOL,0.9999999997055977,,,,,,,,,True,True,21.25,30.25,blocked_window,,,,,,,
1666_lower,lower,2024-06-24,2024,2024-06-21 10:30:00-04:00,2024-07-19 10:30:00-04:00,2024-06-24 17:34:00+00:00,19788.474749843637,1174,False,HIGH_VOL,0.9943865246282558,,,,,,,,,True,True,49.0,50.25,blocked_window,,,,,,,
1662_lower,lower,2024-06-24,2024,2024-06-17 10:30:00-04:00,2024-07-15 10:30:00-04:00,2024-06-24 18:18:00+00:00,19780.6335372609,1218,False,MID_VOL,0.8952173091461307,,,,,,,,,True,True,51.75,51.5,blocked_window,,,,,,,
1668_upper,upper,2024-06-26,2024,2024-06-25 10:30:00-04:00,2024-07-23 10:30:00-04:00,2024-06-26 07:24:00+00:00,20035.72334406313,564,False,MID_VOL,0.977434221599073,,,,,,,,,True,True,63.5,54.5,blocked_window,,,,,,,
1667_upper,upper,2024-06-28,2024,2024-06-24 10:30:00-04:00,2024-07-22 10:30:00-04:00,2024-06-28 12:16:00+00:00,20140.576519285627,856,True,LOW_VOL,0.5645657157513497,,,,,,,,,False,True,52.75,46.25,blocked_low_vol,,,,,,,
1669_upper,upper,2024-06-28,2024,2024-06-26 10:30:00-04:00,2024-07-24 10:30:00-04:00,2024-06-28 12:16:00+00:00,20144.2849638104,856,True,LOW_VOL,0.5645657157513497,,,,,,,,,False,True,52.75,46.25,blocked_low_vol,,,,,,,
1666_upper,upper,2024-06-28,2024,2024-06-21 10:30:00-04:00,2024-07-19 10:30:00-04:00,2024-06-28 14:02:00+00:00,20199.650250156366,962,True,HIGH_VOL,0.9999999786196097,,,,,,,,,True,True,65.75,63.25,,2024-06-28 14:02:00+00:00,,,2024-06-28 14:14:00+00:00,SL,-63.25,-1.0
1670_upper,upper,2024-06-28,2024,2024-06-27 10:30:00-04:00,2024-07-25 10:30:00-04:00,2024-06-28 14:05:00+00:00,20231.238573085317,965,True,HIGH_VOL,1.0,,,,,,,,,True,False,65.75,63.25,position_open,,,,,,,
1671_lower,lower,2024-07-01,2024,2024-06-28 10:30:00-04:00,2024-07-26 10:30:00-04:00,2024-07-01 14:14:00+00:00,19824.90114202006,974,True,HIGH_VOL,0.9999999999995769,,,,,,,,,True,True,93.5,81.25,,2024-07-01 14:14:00+00:00,2024-07-01 14:18:00+00:00,2024-07-01 14:19:00+00:00,2024-07-01 14:19:00+00:00,TP,93.5,1.1507692307692308
1670_lower,lower,2024-07-01,2024,2024-06-27 10:30:00-04:00,2024-07-25 10:30:00-04:00,2024-07-01 14:15:00+00:00,19812.511426914687,975,True,HIGH_VOL,1.0,,,,,,,,,True,False,93.5,81.25,position_open,,,,,,,
1672_upper,upper,2024-07-02,2024,2024-07-01 10:30:00-04:00,2024-07-29 10:30:00-04:00,2024-07-02 17:13:00+00:00,20177.69735058826,1153,False,HIGH_VOL,0.7351242702305195,,,,,,,,,True,True,65.5,58.0,blocked_window,,,,,,,
1673_upper,upper,2024-07-02,2024,2024-07-02 10:30:00-04:00,2024-07-30 10:30:00-04:00,2024-07-02 17:56:00+00:00,20211.505724295486,1196,False,MID_VOL,0.989253374016522,,,,,,,,,True,True,65.5,61.0,blocked_window,,,,,,,
1664_upper,upper,2024-07-03,2024,2024-06-19 10:30:00-04:00,2024-07-17 10:30:00-04:00,2024-07-03 15:56:00+00:00,20374.096228592294,1076,False,MID_VOL,0.9943216913235353,,,,,,,,,True,True,85.25,72.5,blocked_window,,,,,,,
1671_upper,upper,2024-07-03,2024,2024-06-28 10:30:00-04:00,2024-07-26 10:30:00-04:00,2024-07-03 16:16:00+00:00,20401.84885797994,1096,False,MID_VOL,0.4604375496429223,,,,,,,,,True,True,87.25,73.25,blocked_window,,,,,,,
1674_upper,upper,2024-07-03,2024,2024-07-03 10:30:00-04:00,2024-07-31 10:30:00-04:00,2024-07-03 16:20:00+00:00,20412.28256021576,1100,False,HIGH_VOL,0.8256950373448829,,,,,,,,,True,True,87.25,73.25,blocked_window,,,,,,,
1665_upper,upper,2024-07-05,2024,2024-06-20 10:30:00-04:00,2024-07-18 10:30:00-04:00,2024-07-05 06:19:00+00:00,20444.24095361413,499,False,LOW_VOL,0.7355015459402807,,,,,,,,,False,True,17.0,22.5,blocked_window,,,,,,,
1675_upper,upper,2024-07-05,2024,2024-07-04 10:30:00-04:00,2024-08-01 10:30:00-04:00,2024-07-05 14:01:00+00:00,20537.91546560341,961,True,HIGH_VOL,0.9999978582350381,,,,,,,,,True,True,18.0,26.5,,2024-07-05 14:01:00+00:00,,,2024-07-05 14:06:00+00:00,TP,18.0,0.6792452830188679
1676_upper,upper,2024-07-08,2024,2024-07-05 10:30:00-04:00,2024-08-02 10:30:00-04:00,2024-07-08 15:23:00+00:00,20666.147815335866,1043,False,MID_VOL,0.670679981822601,,,,,,,,,True,True,69.25,61.75,blocked_window,,,,,,,
1677_upper,upper,2024-07-10,2024,2024-07-08 10:30:00-04:00,2024-08-05 10:30:00-04:00,2024-07-10 14:10:00+00:00,20791.771230340237,970,True,MID_VOL,0.86842885619549,,,,,,,,,True,True,44.25,46.5,,2024-07-10 14:10:00+00:00,2024-07-10 14:21:00+00:00,2024-07-10 14:22:00+00:00,2024-07-10 14:35:00+00:00,TP,44.25,0.9516129032258065
1678_upper,upper,2024-07-10,2024,2024-07-09 10:30:00-04:00,2024-08-06 10:30:00-04:00,2024-07-10 19:52:00+00:00,20912.572993183458,1312,False,MID_VOL,0.9890785814141205,,,,,,,,,True,True,41.5,42.25,blocked_window,,,,,,,
1679_upper,upper,2024-07-11,2024,2024-07-10 10:30:00-04:00,2024-08-07 10:30:00-04:00,2024-07-11 12:30:00+00:00,20938.09926077548,870,True,MID_VOL,0.9792018463102745,,,,,,,,,True,True,50.25,47.0,,2024-07-11 12:30:00+00:00,,,2024-07-11 12:52:00+00:00,TP,50.25,1.0691489361702127
1679_lower,lower,2024-07-11,2024,2024-07-10 10:30:00-04:00,2024-08-07 10:30:00-04:00,2024-07-11 15:23:00+00:00,20578.90073922452,1043,False,HIGH_VOL,0.9999999998053577,,,,,,,,,True,True,72.5,69.25,blocked_window,,,,,,,
1678_lower,lower,2024-07-11,2024,2024-07-09 10:30:00-04:00,2024-08-06 10:30:00-04:00,2024-07-11 15:24:00+00:00,20540.552006816542,1044,False,HIGH_VOL,0.9999999998053577,,,,,,,,,True,True,72.5,69.25,blocked_window,,,,,,,
1680_lower,lower,2024-07-11,2024,2024-07-11 10:30:00-04:00,2024-08-08 10:30:00-04:00,2024-07-11 15:30:00+00:00,20526.722178088112,1050,False,HIGH_VOL,0.9999999999999871,,,,,,,,,True,True,72.5,69.0,blocked_window,,,,,,,
1677_lower,lower,2024-07-11,2024,2024-07-08 10:30:00-04:00,2024-08-05 10:30:00-04:00,2024-07-11 16:02:00+00:00,20465.853769659767,1082,False,HIGH_VOL,0.9811548768095771,,,,,,,,,True,True,78.25,71.25,blocked_window,,,,,,,
1681_upper,upper,2024-07-12,2024,2024-07-12 10:30:00-04:00,2024-08-09 10:30:00-04:00,2024-07-12 17:47:00+00:00,20724.48401525386,1187,False,HIGH_VOL,0.9673458014585945,,,,,,,,,True,True,146.0,103.0,blocked_window,,,,,,,
1682_lower,lower,2024-07-17,2024,2024-07-15 10:30:00-04:00,2024-08-12 10:30:00-04:00,2024-07-17 07:06:00+00:00,20414.57002644139,546,False,MID_VOL,0.7898912588544643,,,,,,,,,True,True,82.75,70.75,blocked_window,,,,,,,
1683_lower,lower,2024-07-17,2024,2024-07-16 10:30:00-04:00,2024-08-13 10:30:00-04:00,2024-07-17 08:13:00+00:00,20334.44173532563,613,False,HIGH_VOL,0.523939077874311,,,,,,,,,True,True,82.0,74.25,blocked_window,,,,,,,
1676_lower,lower,2024-07-17,2024,2024-07-05 10:30:00-04:00,2024-08-02 10:30:00-04:00,2024-07-17 11:34:00+00:00,20261.602184664134,814,True,HIGH_VOL,0.8883329228129088,,,,,,,,,True,True,73.75,68.75,,2024-07-17 11:34:00+00:00,2024-07-17 12:16:00+00:00,2024-07-17 12:17:00+00:00,2024-07-17 13:28:00+00:00,LOCK,6.875,0.1
1675_lower,lower,2024-07-17,2024,2024-07-04 10:30:00-04:00,2024-08-01 10:30:00-04:00,2024-07-17 13:29:00+00:00,20256.45953439659,929,True,LOW_VOL,0.6860929932622346,,,,,,,,,False,True,65.5,60.5,blocked_low_vol,,,,,,,
1681_lower,lower,2024-07-17,2024,2024-07-12 10:30:00-04:00,2024-08-09 10:30:00-04:00,2024-07-17 13:41:00+00:00,20224.89098474614,941,True,HIGH_VOL,0.9843347357596806,,,,,,,,,True,True,65.5,60.25,,2024-07-17 13:41:00+00:00,,,2024-07-17 14:02:00+00:00,SL,-60.25,-1.0
1674_lower,lower,2024-07-17,2024,2024-07-03 10:30:00-04:00,2024-07-31 10:30:00-04:00,2024-07-17 15:50:00+00:00,20061.96743978424,1070,False,HIGH_VOL,0.9896555067721126,,,,,,,,,True,True,65.5,61.5,blocked_window,,,,,,,
1684_lower,lower,2024-07-18,2024,2024-07-17 10:30:00-04:00,2024-08-14 10:30:00-04:00,2024-07-18 14:35:00+00:00,19956.62531162463,995,True,HIGH_VOL,1.0,,,,,,,,,True,True,146.5,105.0,,2024-07-18 14:35:00+00:00,,,2024-07-18 15:17:00+00:00,SL,-105.0,-1.0
1685_lower,lower,2024-07-18,2024,2024-07-18 10:30:00-04:00,2024-08-15 10:30:00-04:00,2024-07-18 15:14:00+00:00,19869.377816091837,1034,False,HIGH_VOL,1.0,,,,,,,,,True,False,159.0,117.75,blocked_window,,,,,,,
1673_lower,lower,2024-07-18,2024,2024-07-02 10:30:00-04:00,2024-07-30 10:30:00-04:00,2024-07-18 15:32:00+00:00,19808.119275704517,1052,False,HIGH_VOL,1.0,,,,,,,,,True,True,159.0,119.0,blocked_window,,,,,,,
1669_lower,lower,2024-07-19,2024,2024-06-26 10:30:00-04:00,2024-07-24 10:30:00-04:00,2024-07-19 07:44:00+00:00,19756.5900361896,584,False,HIGH_VOL,0.9904324395061851,,,,,,,,,True,True,112.75,91.0,blocked_window,,,,,,,
1667_lower,lower,2024-07-19,2024,2024-06-24 10:30:00-04:00,2024-07-22 10:30:00-04:00,2024-07-19 15:38:00+00:00,19713.048480714373,1058,False,HIGH_VOL,1.0,,,,,,,,,True,True,99.5,84.0,blocked_window,,,,,,,
1672_lower,lower,2024-07-19,2024,2024-07-01 10:30:00-04:00,2024-07-29 10:30:00-04:00,2024-07-19 16:38:00+00:00,19692.80264941174,1118,False,HIGH_VOL,0.9999999965813854,,,,,,,,,True,True,109.0,88.5,blocked_window,,,,,,,
1688_lower,lower,2024-07-24,2024,2024-07-23 10:30:00-04:00,2024-08-20 10:30:00-04:00,2024-07-24 04:20:00+00:00,19747.333224551483,380,False,MID_VOL,0.7023664497773148,,,,,,,,,True,True,59.0,52.5,blocked_window,,,,,,,
1687_lower,lower,2024-07-24,2024,2024-07-22 10:30:00-04:00,2024-08-19 10:30:00-04:00,2024-07-24 08:24:00+00:00,19693.507880417463,624,False,MID_VOL,0.6844599946506215,,,,,,,,,True,True,66.5,60.75,blocked_window,,,,,,,
1686_lower,lower,2024-07-24,2024,2024-07-19 10:30:00-04:00,2024-08-16 10:30:00-04:00,2024-07-24 13:34:00+00:00,19594.19393318252,934,True,MID_VOL,0.584362263957319,,,,,,,,,True,True,71.25,63.5,,2024-07-24 13:34:00+00:00,,,2024-07-24 13:39:00+00:00,SL,-63.5,-1.0
1689_lower,lower,2024-07-24,2024,2024-07-24 10:30:00-04:00,2024-08-21 10:30:00-04:00,2024-07-24 16:41:00+00:00,19320.56594139004,1121,False,HIGH_VOL,0.8331818789863221,,,,,,,,,True,True,60.0,56.5,blocked_window,,,,,,,
1692_lower,lower,2024-07-30,2024,2024-07-29 10:30:00-04:00,2024-08-26 10:30:00-04:00,2024-07-30 15:03:00+00:00,19021.59415438462,1023,False,HIGH_VOL,0.9986821849214034,,,,,,,,,True,True,68.0,63.25,blocked_window,,,,,,,
1693_lower,lower,2024-07-30,2024,2024-07-30 10:30:00-04:00,2024-08-27 10:30:00-04:00,2024-07-30 15:06:00+00:00,18981.005437052467,1026,False,HIGH_VOL,1.0,,,,,,,,,True,True,68.0,63.25,blocked_window,,,,,,,
1691_lower,lower,2024-07-30,2024,2024-07-26 10:30:00-04:00,2024-08-23 10:30:00-04:00,2024-07-30 16:52:00+00:00,18864.471746059437,1132,False,HIGH_VOL,0.9999999999999662,,,,,,,,,True,True,77.25,69.25,blocked_window,,,,,,,
1691_upper,upper,2024-07-31,2024,2024-07-26 10:30:00-04:00,2024-08-23 10:30:00-04:00,2024-07-31 14:01:00+00:00,19417.278253940567,961,True,HIGH_VOL,1.0,,,,,,,,,True,True,142.75,106.25,,2024-07-31 14:01:00+00:00,,,2024-07-31 18:33:00+00:00,SL,-106.25,-1.0
1693_upper,upper,2024-07-31,2024,2024-07-30 10:30:00-04:00,2024-08-27 10:30:00-04:00,2024-07-31 18:48:00+00:00,19544.119562947533,1248,False,HIGH_VOL,0.9999999999999994,,,,,,,,,True,True,121.75,93.25,blocked_window,,,,,,,
1692_upper,upper,2024-07-31,2024,2024-07-29 10:30:00-04:00,2024-08-26 10:30:00-04:00,2024-07-31 18:49:00+00:00,19563.28084561538,1249,False,HIGH_VOL,0.9999999999999994,,,,,,,,,True,True,121.75,93.25,blocked_window,,,,,,,
1690_upper,upper,2024-07-31,2024,2024-07-25 10:30:00-04:00,2024-08-22 10:30:00-04:00,2024-07-31 18:49:00+00:00,19552.346554278596,1249,False,HIGH_VOL,0.9999999999999994,,,,,,,,,True,True,121.75,93.25,blocked_window,,,,,,,
1694_upper,upper,2024-08-01,2024,2024-07-31 10:30:00-04:00,2024-08-28 10:30:00-04:00,2024-07-31 23:16:00+00:00,19669.08822149362,76,False,MID_VOL,0.9864506437630365,,,,,,,,,True,True,188.75,121.75,blocked_window,,,,,,,
1695_lower,lower,2024-08-01,2024,2024-08-01 10:30:00-04:00,2024-08-29 10:30:00-04:00,2024-08-01 15:40:00+00:00,19203.401275547105,1060,False,HIGH_VOL,0.9998270679515273,,,,,,,,,True,True,178.5,123.5,blocked_window,,,,,,,
1694_lower,lower,2024-08-01,2024,2024-07-31 10:30:00-04:00,2024-08-28 10:30:00-04:00,2024-08-01 16:40:00+00:00,19093.91177850638,1120,False,HIGH_VOL,1.0,,,,,,,,,True,True,188.75,130.0,blocked_window,,,,,,,
1690_lower,lower,2024-08-02,2024,2024-07-25 10:30:00-04:00,2024-08-22 10:30:00-04:00,2024-08-02 02:22:00+00:00,18719.653445721407,262,False,HIGH_VOL,1.0,,,,,,,,,True,True,176.5,115.75,blocked_window,,,,,,,
1696_lower,lower,2024-08-05,2024,2024-08-02 10:30:00-04:00,2024-08-30 10:30:00-04:00,2024-08-05 00:52:00+00:00,18164.80585626501,172,False,HIGH_VOL,1.0,,,,,,,,,True,True,173.0,124.0,blocked_window,,,,,,,
1697_upper,upper,2024-08-06,2024,2024-08-05 10:30:00-04:00,2024-09-02 10:30:00-04:00,2024-08-06 00:48:00+00:00,18314.59494601252,168,False,HIGH_VOL,0.651615699765596,,,,,,,,,True,True,238.0,148.0,blocked_window,,,,,,,
1698_upper,upper,2024-08-07,2024,2024-08-06 10:30:00-04:00,2024-09-03 10:30:00-04:00,2024-08-07 13:32:00+00:00,18519.82576537015,932,True,HIGH_VOL,0.9997350232432278,,,,,,,,,True,True,107.0,82.75,,2024-08-07 13:32:00+00:00,2024-08-07 13:33:00+00:00,2024-08-07 13:34:00+00:00,2024-08-07 13:35:00+00:00,LOCK,8.275000000001455,0.10000000000001759
1699_lower,lower,2024-08-07,2024,2024-08-07 10:30:00-04:00,2024-09-04 10:30:00-04:00,2024-08-07 17:19:00+00:00,18156.728693397155,1159,False,HIGH_VOL,0.9999999996633923,,,,,,,,,True,True,114.5,91.75,blocked_window,,,,,,,
1700_upper,upper,2024-08-09,2024,2024-08-08 10:30:00-04:00,2024-09-05 10:30:00-04:00,2024-08-09 17:30:00+00:00,18663.84995837113,1170,False,HIGH_VOL,1.0,,,,,,,,,True,True,144.25,104.5,blocked_window,,,,,,,
1701_upper,upper,2024-08-13,2024,2024-08-09 10:30:00-04:00,2024-09-06 10:30:00-04:00,2024-08-13 07:06:00+00:00,18769.267023665285,546,False,MID_VOL,0.7701245107753729,,,,,,,,,True,True,56.5,53.25,blocked_window,,,,,,,
1699_upper,upper,2024-08-13,2024,2024-08-07 10:30:00-04:00,2024-09-04 10:30:00-04:00,2024-08-13 07:08:00+00:00,18778.646306602845,548,False,MID_VOL,0.7701245107753729,,,,,,,,,True,True,56.5,53.25,blocked_window,,,,,,,
1702_upper,upper,2024-08-13,2024,2024-08-12 10:30:00-04:00,2024-09-09 10:30:00-04:00,2024-08-13 15:04:00+00:00,18954.167203917663,1024,False,HIGH_VOL,0.9999724414374961,,,,,,,,,True,True,56.0,55.0,blocked_window,,,,,,,
1696_upper,upper,2024-08-13,2024,2024-08-02 10:30:00-04:00,2024-08-30 10:30:00-04:00,2024-08-13 16:50:00+00:00,19059.069143734985,1130,False,MID_VOL,0.6502913940934497,,,,,,,,,True,True,54.25,52.25,blocked_window,,,,,,,
1703_upper,upper,2024-08-13,2024,2024-08-13 10:30:00-04:00,2024-09-10 10:30:00-04:00,2024-08-13 19:48:00+00:00,19094.24046455224,1308,False,MID_VOL,0.9769527300517554,,,,,,,,,True,True,54.0,51.5,blocked_window,,,,,,,
1704_upper,upper,2024-08-15,2024,2024-08-14 10:30:00-04:00,2024-09-11 10:30:00-04:00,2024-08-15 13:52:00+00:00,19420.629424864208,952,True,HIGH_VOL,0.9999996481615891,,,,,,,,,True,True,86.0,72.75,,2024-08-15 13:52:00+00:00,,,2024-08-15 14:35:00+00:00,SL,-72.75,-1.0
1705_upper,upper,2024-08-16,2024,2024-08-15 10:30:00-04:00,2024-09-12 10:30:00-04:00,2024-08-16 02:19:00+00:00,19643.32445003435,259,False,LOW_VOL,0.7172856587305624,,,,,,,,,False,True,93.5,71.0,blocked_window,,,,,,,
1706_upper,upper,2024-08-19,2024,2024-08-16 10:30:00-04:00,2024-09-13 10:30:00-04:00,2024-08-19 18:33:00+00:00,19751.725691121064,1233,False,MID_VOL,0.7908461198678371,,,,,,,,,True,True,52.5,48.75,blocked_window,,,,,,,
1707_upper,upper,2024-08-19,2024,2024-08-19 10:30:00-04:00,2024-09-16 10:30:00-04:00,2024-08-19 19:52:00+00:00,19801.40781865498,1312,False,MID_VOL,0.7336497206096401,,,,,,,,,True,True,57.5,53.0,blocked_window,,,,,,,
1710_lower,lower,2024-08-22,2024,2024-08-22 10:30:00-04:00,2024-09-19 10:30:00-04:00,2024-08-22 15:43:00+00:00,19718.05409777092,1063,False,HIGH_VOL,0.9999999999999993,,,,,,,,,True,True,55.0,55.75,blocked_window,,,,,,,
1709_lower,lower,2024-08-22,2024,2024-08-21 10:30:00-04:00,2024-09-18 10:30:00-04:00,2024-08-22 17:49:00+00:00,19629.212552148038,1189,False,HIGH_VOL,0.9999965685156073,,,,,,,,,True,True,62.75,59.75,blocked_window,,,,,,,
1708_lower,lower,2024-08-22,2024,2024-08-20 10:30:00-04:00,2024-09-17 10:30:00-04:00,2024-08-22 17:53:00+00:00,19609.87105978644,1193,False,HIGH_VOL,0.9999999999998839,,,,,,,,,True,True,62.75,59.75,blocked_window,,,,,,,
1711_lower,lower,2024-08-27,2024,2024-08-23 10:30:00-04:00,2024-09-20 10:30:00-04:00,2024-08-27 13:38:00+00:00,19470.180575569306,938,True,HIGH_VOL,0.9146750336635152,,,,,,,,,True,True,76.25,65.75,,2024-08-27 13:38:00+00:00,2024-08-27 13:50:00+00:00,2024-08-27 13:51:00+00:00,2024-08-27 13:53:00+00:00,TP,76.25,1.1596958174904943
1712_lower,lower,2024-08-28,2024,2024-08-26 10:30:00-04:00,2024-09-23 10:30:00-04:00,2024-08-28 15:00:00+00:00,19436.24414338785,1020,False,HIGH_VOL,1.0,,,,,,,,,True,True,59.75,59.0,blocked_window,,,,,,,
1707_lower,lower,2024-08-28,2024,2024-08-19 10:30:00-04:00,2024-09-16 10:30:00-04:00,2024-08-28 15:12:00+00:00,19380.34218134502,1032,False,HIGH_VOL,0.9999999999999937,,,,,,,,,True,True,59.75,59.0,blocked_window,,,,,,,
1714_lower,lower,2024-08-28,2024,2024-08-28 10:30:00-04:00,2024-09-25 10:30:00-04:00,2024-08-28 15:15:00+00:00,19352.055255224528,1035,False,HIGH_VOL,1.0,,,,,,,,,True,True,59.75,59.0,blocked_window,,,,,,,
1706_lower,lower,2024-08-28,2024,2024-08-16 10:30:00-04:00,2024-09-13 10:30:00-04:00,2024-08-28 18:01:00+00:00,19278.649308878936,1201,False,HIGH_VOL,1.0,,,,,,,,,True,True,68.0,65.75,blocked_window,,,,,,,
1717_lower,lower,2024-09-03,2024,2024-09-02 10:30:00-04:00,2024-09-30 10:30:00-04:00,2024-09-03 13:31:00+00:00,19440.876008721498,931,True,HIGH_VOL,0.9060540375477535,,,,,,,,,True,True,41.5,43.75,,2024-09-03 13:31:00+00:00,,,2024-09-03 13:35:00+00:00,SL,-43.75,-1.0
1716_lower,lower,2024-09-03,2024,2024-08-30 10:30:00-04:00,2024-09-27 10:30:00-04:00,2024-09-03 13:54:00+00:00,19336.51895963652,954,True,HIGH_VOL,0.999999999999798,,,,,,,,,True,True,41.5,43.75,,2024-09-03 13:54:00+00:00,2024-09-03 13:58:00+00:00,2024-09-03 13:59:00+00:00,2024-09-03 14:00:00+00:00,LOCK,4.375,0.1
1715_lower,lower,2024-09-03,2024,2024-08-29 10:30:00-04:00,2024-09-26 10:30:00-04:00,2024-09-03 14:43:00+00:00,19227.162012840792,1003,True,HIGH_VOL,0.9999999999999996,,,,,,,,,True,True,48.0,51.25,,2024-09-03 14:43:00+00:00,,,2024-09-03 14:52:00+00:00,SL,-51.25,-1.0
1718_lower,lower,2024-09-03,2024,2024-09-03 10:30:00-04:00,2024-10-01 10:30:00-04:00,2024-09-03 15:56:00+00:00,19148.19496612309,1076,False,HIGH_VOL,0.9960928863125843,,,,,,,,,True,True,46.75,49.75,blocked_window,,,,,,,
1705_lower,lower,2024-09-03,2024,2024-08-15 10:30:00-04:00,2024-09-12 10:30:00-04:00,2024-09-03 17:47:00+00:00,19121.67554996565,1187,False,HIGH_VOL,0.9999999958653121,,,,,,,,,True,True,44.5,46.5,blocked_window,,,,,,,
1704_lower,lower,2024-09-06,2024,2024-08-14 10:30:00-04:00,2024-09-11 10:30:00-04:00,2024-09-06 07:14:00+00:00,18787.370575135792,554,False,MID_VOL,0.5457922873194683,,,,,,,,,True,True,86.0,71.5,blocked_window,,,,,,,
1719_lower,lower,2024-09-06,2024,2024-09-04 10:30:00-04:00,2024-10-02 10:30:00-04:00,2024-09-06 14:35:00+00:00,18605.78967459617,995,True,HIGH_VOL,1.0,,,,,,,,,True,True,89.5,79.75,,2024-09-06 14:35:00+00:00,,,2024-09-06 14:52:00+00:00,SL,-79.75,-1.0
1703_lower,lower,2024-09-06,2024,2024-08-13 10:30:00-04:00,2024-09-10 10:30:00-04:00,2024-09-06 14:40:00+00:00,18596.88453544776,1000,True,HIGH_VOL,1.0,,,,,,,,,True,False,89.5,79.75,position_open,,,,,,,
1720_lower,lower,2024-09-06,2024,2024-09-05 10:30:00-04:00,2024-10-03 10:30:00-04:00,2024-09-06 14:40:00+00:00,18588.802171752275,1000,True,HIGH_VOL,1.0,,,,,,,,,True,False,89.5,79.75,position_open,,,,,,,
1721_lower,lower,2024-09-06,2024,2024-09-06 10:30:00-04:00,2024-10-04 10:30:00-04:00,2024-09-06 15:50:00+00:00,18453.808997324013,1070,False,HIGH_VOL,0.9981564820082497,,,,,,,,,True,True,88.25,79.5,blocked_window,,,,,,,
1722_upper,upper,2024-09-11,2024,2024-09-09 10:30:00-04:00,2024-10-07 10:30:00-04:00,2024-09-11 13:21:00+00:00,18916.42852213519,921,True,HIGH_VOL,0.9999997875254621,,,,,,,,,True,True,102.0,89.25,,2024-09-11 13:21:00+00:00,2024-09-11 13:34:00+00:00,2024-09-11 13:35:00+00:00,2024-09-11 13:40:00+00:00,TP,102.0,1.1428571428571428
1723_upper,upper,2024-09-11,2024,2024-09-10 10:30:00-04:00,2024-10-08 10:30:00-04:00,2024-09-11 17:45:00+00:00,19018.40797311944,1185,False,HIGH_VOL,0.979619676067642,,,,,,,,,True,True,87.25,76.5,blocked_window,,,,,,,
1719_upper,upper,2024-09-11,2024,2024-09-04 10:30:00-04:00,2024-10-02 10:30:00-04:00,2024-09-11 19:31:00+00:00,19203.58532540383,1291,False,HIGH_VOL,0.999956086353857,,,,,,,,,True,True,87.5,77.5,blocked_window,,,,,,,
1724_upper,upper,2024-09-11,2024,2024-09-11 10:30:00-04:00,2024-10-09 10:30:00-04:00,2024-09-11 19:49:00+00:00,19210.90417203048,1309,False,HIGH_VOL,0.494070194446294,,,,,,,,,True,True,87.5,77.5,blocked_window,,,,,,,
1721_upper,upper,2024-09-11,2024,2024-09-06 10:30:00-04:00,2024-10-04 10:30:00-04:00,2024-09-11 19:57:00+00:00,19275.691002675987,1317,False,HIGH_VOL,0.9999999935211098,,,,,,,,,True,True,87.5,77.5,blocked_window,,,,,,,
1720_upper,upper,2024-09-12,2024,2024-09-05 10:30:00-04:00,2024-10-03 10:30:00-04:00,2024-09-12 04:34:00+00:00,19315.447828247725,394,False,LOW_VOL,0.7288173746994969,,,,,,,,,False,True,162.75,102.0,blocked_window,,,,,,,
1725_upper,upper,2024-09-13,2024,2024-09-12 10:30:00-04:00,2024-10-10 10:30:00-04:00,2024-09-13 15:21:00+00:00,19539.151428225923,1041,False,LOW_VOL,0.5339802977185142,,,,,,,,,False,True,71.75,66.5,blocked_window,,,,,,,
1726_upper,upper,2024-09-16,2024,2024-09-13 10:30:00-04:00,2024-10-11 10:30:00-04:00,2024-09-16 00:00:00+00:00,19778.25,120,False,LOW_VOL,0.6473844591555711,,,,,,,,,False,True,50.5,48.75,blocked_window,,,,,,,
1718_upper,upper,2024-09-16,2024,2024-09-03 10:30:00-04:00,2024-10-01 10:30:00-04:00,2024-09-16 00:00:00+00:00,19778.25,120,False,LOW_VOL,0.6473844591555711,,,,,,,,,False,True,50.5,48.75,blocked_window,,,,,,,
1717_upper,upper,2024-09-17,2024,2024-09-02 10:30:00-04:00,2024-09-30 10:30:00-04:00,2024-09-17 11:52:00+00:00,19794.373991278502,832,True,MID_VOL,0.49879405330315046,,,,,,,,,True,True,71.5,60.0,,2024-09-17 11:52:00+00:00,2024-09-17 13:49:00+00:00,2024-09-17 13:50:00+00:00,2024-09-17 13:53:00+00:00,TP,71.5,1.1916666666666667
1716_upper,upper,2024-09-17,2024,2024-08-30 10:30:00-04:00,2024-09-27 10:30:00-04:00,2024-09-17 11:52:00+00:00,19794.106040363484,832,True,MID_VOL,0.49879405330315046,,,,,,,,,True,False,71.5,60.0,position_open,,,,,,,
1713_upper,upper,2024-09-17,2024,2024-08-27 10:30:00-04:00,2024-09-24 10:30:00-04:00,2024-09-17 14:45:00+00:00,19843.30115923372,1005,True,HIGH_VOL,0.9116837323512355,,,,,,,,,True,True,71.75,64.75,,2024-09-17 14:45:00+00:00,2024-09-17 14:57:00+00:00,2024-09-17 14:58:00+00:00,2024-09-17 14:59:00+00:00,TP,71.75,1.1081081081081081
1715_upper,upper,2024-09-18,2024,2024-08-29 10:30:00-04:00,2024-09-26 10:30:00-04:00,2024-09-18 18:00:00+00:00,19852.462987159208,1200,False,HIGH_VOL,0.9060257965919781,,,,,,,,,True,True,62.25,57.25,blocked_window,,,,,,,
1714_upper,upper,2024-09-18,2024,2024-08-28 10:30:00-04:00,2024-09-25 10:30:00-04:00,2024-09-18 18:00:00+00:00,19858.569744775472,1200,False,HIGH_VOL,0.9060257965919781,,,,,,,,,True,True,62.25,57.25,blocked_window,,,,,,,
1727_upper,upper,2024-09-19,2024,2024-09-16 10:30:00-04:00,2024-10-14 10:30:00-04:00,2024-09-19 06:25:00+00:00,19901.30572855788,505,False,MID_VOL,0.9925075604300005,,,,,,,,,True,True,104.5,84.25,blocked_window,,,,,,,
1729_upper,upper,2024-09-19,2024,2024-09-18 10:30:00-04:00,2024-10-16 10:30:00-04:00,2024-09-19 07:58:00+00:00,19938.759423010662,598,False,MID_VOL,0.9449917660855671,,,,,,,,,True,True,108.75,86.25,blocked_window,,,,,,,
1728_upper,upper,2024-09-19,2024,2024-09-17 10:30:00-04:00,2024-10-15 10:30:00-04:00,2024-09-19 13:12:00+00:00,20031.68721405465,912,True,MID_VOL,0.9905365695921383,,,,,,,,,True,True,87.0,70.5,,2024-09-19 13:12:00+00:00,2024-09-19 13:50:00+00:00,2024-09-19 13:51:00+00:00,2024-09-19 14:02:00+00:00,LOCK,7.049999999999272,0.09999999999998968
1712_upper,upper,2024-09-19,2024,2024-08-26 10:30:00-04:00,2024-09-23 10:30:00-04:00,2024-09-19 13:12:00+00:00,20029.50585661215,912,True,MID_VOL,0.9905365695921383,,,,,,,,,True,False,87.0,70.5,position_open,,,,,,,
1711_upper,upper,2024-09-19,2024,2024-08-23 10:30:00-04:00,2024-09-20 10:30:00-04:00,2024-09-19 14:20:00+00:00,20090.44442443069,980,True,HIGH_VOL,0.9999920239027431,,,,,,,,,True,True,88.5,77.25,,2024-09-19 14:20:00+00:00,,,2024-09-19 16:30:00+00:00,SL,-77.25,-1.0
1731_upper,upper,2024-09-25,2024,2024-09-20 10:30:00-04:00,2024-10-18 10:30:00-04:00,2024-09-25 14:15:00+00:00,20264.48376077762,975,True,HIGH_VOL,0.9997467404014974,,,,,,,,,True,True,64.25,61.25,,2024-09-25 14:15:00+00:00,2024-09-25 14:30:00+00:00,2024-09-25 14:31:00+00:00,2024-09-25 15:30:00+00:00,TP,64.25,1.0489795918367346
1732_upper,upper,2024-09-26,2024,2024-09-23 10:30:00-04:00,2024-10-21 10:30:00-04:00,2024-09-26 00:01:00+00:00,20288.360122640388,121,False,MID_VOL,0.5361825329825907,,,,,,,,,True,True,63.75,58.75,blocked_window,,,,,,,
1730_upper,upper,2024-09-26,2024,2024-09-19 10:30:00-04:00,2024-10-17 10:30:00-04:00,2024-09-26 03:39:00+00:00,20354.416612917437,339,False,MID_VOL,0.6569624038485782,,,,,,,,,True,True,55.75,49.5,blocked_window,,,,,,,
1733_upper,upper,2024-09-26,2024,2024-09-24 10:30:00-04:00,2024-10-22 10:30:00-04:00,2024-09-26 04:53:00+00:00,20378.651620315424,413,False,LOW_VOL,0.7702255697617925,,,,,,,,,False,True,60.75,53.75,blocked_window,,,,,,,
1734_upper,upper,2024-09-26,2024,2024-09-25 10:30:00-04:00,2024-10-23 10:30:00-04:00,2024-09-26 05:52:00+00:00,20409.39813768689,472,False,LOW_VOL,0.6524915992822935,,,,,,,,,False,True,64.0,58.75,blocked_window,,,,,,,
1735_lower,lower,2024-09-26,2024,2024-09-26 10:30:00-04:00,2024-10-24 10:30:00-04:00,2024-09-26 15:00:00+00:00,20192.811289334968,1020,False,HIGH_VOL,1.0,,,,,,,,,True,True,57.0,58.5,blocked_window,,,,,,,
1736_lower,lower,2024-09-30,2024,2024-09-27 10:30:00-04:00,2024-10-25 10:30:00-04:00,2024-09-30 11:38:00+00:00,20143.4885118941,818,True,HIGH_VOL,0.5900037317941781,,,,,,,,,True,True,56.0,53.75,,2024-09-30 11:38:00+00:00,2024-09-30 13:10:00+00:00,2024-09-30 13:11:00+00:00,2024-09-30 13:31:00+00:00,TP,56.0,1.041860465116279
1737_lower,lower,2024-10-01,2024,2024-09-30 10:30:00-04:00,2024-10-28 10:30:00-04:00,2024-10-01 14:10:00+00:00,19942.533568741703,970,True,HIGH_VOL,1.0,,,,,,,,,True,True,68.5,69.25,,2024-10-01 14:10:00+00:00,,,2024-10-01 14:31:00+00:00,SL,-69.25,-1.0
1734_lower,lower,2024-10-01,2024,2024-09-25 10:30:00-04:00,2024-10-23 10:30:00-04:00,2024-10-01 14:10:00+00:00,19936.101862313106,970,True,HIGH_VOL,1.0,,,,,,,,,True,False,68.5,69.25,position_open,,,,,,,
1732_lower,lower,2024-10-01,2024,2024-09-23 10:30:00-04:00,2024-10-21 10:30:00-04:00,2024-10-01 15:08:00+00:00,19864.63987735961,1028,False,HIGH_VOL,0.9998219438018637,,,,,,,,,True,True,66.25,63.5,blocked_window,,,,,,,
1739_upper,upper,2024-10-04,2024,2024-10-02 10:30:00-04:00,2024-10-30 10:30:00-04:00,2024-10-04 12:52:00+00:00,20223.771768351384,892,True,HIGH_VOL,0.9999999999999997,,,,,,,,,True,True,66.75,58.25,,2024-10-04 12:52:00+00:00,2024-10-04 13:53:00+00:00,2024-10-04 13:54:00+00:00,2024-10-04 13:54:00+00:00,TP,66.75,1.145922746781116
1740_upper,upper,2024-10-08,2024,2024-10-03 10:30:00-04:00,2024-10-31 10:30:00-04:00,2024-10-08 18:56:00+00:00,20274.00074291042,1256,False,MID_VOL,0.8228413413107055,,,,,,,,,True,True,79.25,64.5,blocked_window,,,,,,,
1742_upper,upper,2024-10-09,2024,2024-10-07 10:30:00-04:00,2024-11-04 10:30:00-05:00,2024-10-09 15:00:00+00:00,20367.316211444588,1020,False,HIGH_VOL,0.9720763308441868,,,,,,,,,True,True,95.5,76.5,blocked_window,,,,,,,
1743_upper,upper,2024-10-09,2024,2024-10-08 10:30:00-04:00,2024-11-05 10:30:00-05:00,2024-10-09 15:21:00+00:00,20396.14892815338,1041,False,HIGH_VOL,0.9935838891300954,,,,,,,,,True,True,95.5,76.5,blocked_window,,,,,,,
1737_upper,upper,2024-10-09,2024,2024-09-30 10:30:00-04:00,2024-10-28 10:30:00-04:00,2024-10-09 15:51:00+00:00,20431.966431258297,1071,False,MID_VOL,0.607522343631812,,,,,,,,,True,True,95.5,75.5,blocked_window,,,,,,,
1741_upper,upper,2024-10-14,2024,2024-10-04 10:30:00-04:00,2024-11-01 10:30:00-04:00,2024-10-14 10:16:00+00:00,20509.27467220082,736,True,LOW_VOL,0.6768753055814568,,,,,,,,,False,True,46.25,43.25,blocked_low_vol,,,,,,,
1744_upper,upper,2024-10-14,2024,2024-10-09 10:30:00-04:00,2024-11-06 10:30:00-05:00,2024-10-14 13:01:00+00:00,20549.36248371189,901,True,LOW_VOL,0.5163629546236221,,,,,,,,,False,True,41.5,42.0,blocked_low_vol,,,,,,,
1736_upper,upper,2024-10-14,2024,2024-09-27 10:30:00-04:00,2024-10-25 10:30:00-04:00,2024-10-14 13:32:00+00:00,20568.1364881059,932,True,MID_VOL,0.5656436725251738,,,,,,,,,True,True,41.5,42.0,,2024-10-14 13:32:00+00:00,,,2024-10-14 13:45:00+00:00,SL,-42.0,-1.0
1738_upper,upper,2024-10-14,2024,2024-10-01 10:30:00-04:00,2024-10-29 10:30:00-04:00,2024-10-14 13:35:00+00:00,20596.23447517919,935,True,MID_VOL,0.6182722411191295,,,,,,,,,True,False,41.5,42.0,position_open,,,,,,,
1745_upper,upper,2024-10-14,2024,2024-10-10 10:30:00-04:00,2024-11-07 10:30:00-05:00,2024-10-14 13:46:00+00:00,20616.47541862654,946,True,MID_VOL,0.6831556564950143,,,,,,,,,True,True,41.5,42.0,,2024-10-14 13:46:00+00:00,,,2024-10-14 13:56:00+00:00,SL,-42.0,-1.0
1746_upper,upper,2024-10-14,2024,2024-10-11 10:30:00-04:00,2024-11-08 10:30:00-05:00,2024-10-14 13:59:00+00:00,20667.24401157799,959,True,HIGH_VOL,0.9999205725981992,,,,,,,,,True,True,41.5,42.0,,2024-10-14 13:59:00+00:00,2024-10-14 14:10:00+00:00,2024-10-14 14:11:00+00:00,2024-10-14 14:13:00+00:00,TP,41.5,0.9880952380952381
1747_lower,lower,2024-10-15,2024,2024-10-14 10:30:00-04:00,2024-11-11 10:30:00-05:00,2024-10-15 19:04:00+00:00,20303.56062921643,1264,False,MID_VOL,0.9081647311551847,,,,,,,,,True,True,73.5,64.75,blocked_window,,,,,,,
1748_lower,lower,2024-10-15,2024,2024-10-15 10:30:00-04:00,2024-11-12 10:30:00-05:00,2024-10-15 19:05:00+00:00,20288.071921444243,1265,False,HIGH_VOL,0.9975182388899628,,,,,,,,,True,True,73.5,64.75,blocked_window,,,,,,,
1751_lower,lower,2024-10-23,2024,2024-10-18 10:30:00-04:00,2024-11-15 10:30:00-05:00,2024-10-23 16:31:00+00:00,20235.883113021868,1111,False,HIGH_VOL,0.9999999978567033,,,,,,,,,True,True,72.5,68.25,blocked_window,,,,,,,
1752_lower,lower,2024-10-23,2024,2024-10-21 10:30:00-04:00,2024-11-18 10:30:00-05:00,2024-10-23 17:12:00+00:00,20200.11648618619,1152,False,HIGH_VOL,0.9994474217382663,,,,,,,,,True,True,74.5,66.75,blocked_window,,,,,,,
1750_lower,lower,2024-10-23,2024,2024-10-17 10:30:00-04:00,2024-11-14 10:30:00-05:00,2024-10-23 17:12:00+00:00,20189.39204918327,1152,False,HIGH_VOL,0.9994474217382663,,,,,,,,,True,True,74.5,66.75,blocked_window,,,,,,,
1754_lower,lower,2024-10-23,2024,2024-10-23 10:30:00-04:00,2024-11-20 10:30:00-05:00,2024-10-23 17:14:00+00:00,20170.632078589184,1154,False,HIGH_VOL,0.9994474217382663,,,,,,,,,True,True,74.5,66.75,blocked_window,,,,,,,
1753_lower,lower,2024-10-23,2024,2024-10-22 10:30:00-04:00,2024-11-19 10:30:00-05:00,2024-10-23 17:40:00+00:00,20150.224109696886,1180,False,HIGH_VOL,0.9999987160558772,,,,,,,,,True,True,74.5,68.75,blocked_window,,,,,,,
1745_lower,lower,2024-10-23,2024,2024-10-10 10:30:00-04:00,2024-11-07 10:30:00-05:00,2024-10-23 18:06:00+00:00,20101.14958137346,1206,False,HIGH_VOL,0.9996196985686251,,,,,,,,,True,True,75.75,69.0,blocked_window,,,,,,,
1755_upper,upper,2024-10-25,2024,2024-10-24 10:30:00-04:00,2024-11-21 10:30:00-05:00,2024-10-25 13:43:00+00:00,20584.71443989178,943,True,HIGH_VOL,0.99998051802616,,,,,,,,,True,True,48.75,47.25,,2024-10-25 13:43:00+00:00,,,2024-10-25 13:54:00+00:00,SL,-47.25,-1.0
1749_upper,upper,2024-10-25,2024,2024-10-16 10:30:00-04:00,2024-11-13 10:30:00-05:00,2024-10-25 13:46:00+00:00,20611.26509934869,946,True,HIGH_VOL,0.9999999877093602,,,,,,,,,True,False,48.75,47.25,position_open,,,,,,,
1754_upper,upper,2024-10-25,2024,2024-10-23 10:30:00-04:00,2024-11-20 10:30:00-05:00,2024-10-25 14:00:00+00:00,20668.742921410816,960,True,HIGH_VOL,0.9999999999999721,,,,,,,,,True,True,51.25,55.25,,2024-10-25 14:00:00+00:00,2024-10-25 14:49:00+00:00,2024-10-25 14:50:00+00:00,2024-10-25 14:50:00+00:00,LOCK,5.525000000001455,0.10000000000002633
1753_upper,upper,2024-10-25,2024,2024-10-22 10:30:00-04:00,2024-11-19 10:30:00-05:00,2024-10-25 14:22:00+00:00,20697.275890303117,982,True,HIGH_VOL,0.96237984098871,,,,,,,,,True,False,51.25,55.25,position_open,,,,,,,
1751_upper,upper,2024-10-29,2024,2024-10-18 10:30:00-04:00,2024-11-15 10:30:00-05:00,2024-10-29 18:39:00+00:00,20707.99188697813,1239,False,LOW_VOL,0.6932341010796074,,,,,,,,,False,True,55.0,53.0,blocked_window,,,,,,,
1752_upper,upper,2024-10-29,2024,2024-10-21 10:30:00-04:00,2024-11-18 10:30:00-05:00,2024-10-29 19:09:00+00:00,20716.25851381381,1269,False,LOW_VOL,0.7280047474926137,,,,,,,,,False,True,52.0,49.0,blocked_window,,,,,,,
1759_lower,lower,2024-10-31,2024,2024-10-30 10:30:00-04:00,2024-11-27 10:30:00-05:00,2024-10-31 06:48:00+00:00,20356.83451396704,528,False,LOW_VOL,0.7278502233864282,,,,,,,,,False,True,89.25,71.5,blocked_window,,,,,,,
1757_lower,lower,2024-10-31,2024,2024-10-28 10:30:00-04:00,2024-11-25 10:30:00-05:00,2024-10-31 06:48:00+00:00,20354.781234151604,528,False,LOW_VOL,0.7278502233864282,,,,,,,,,False,True,89.25,71.5,blocked_window,,,,,,,
1758_lower,lower,2024-10-31,2024,2024-10-29 10:30:00-04:00,2024-11-26 10:30:00-05:00,2024-10-31 13:47:00+00:00,20216.82999338545,947,True,HIGH_VOL,1.0,,,,,,,,,True,True,89.5,73.5,,2024-10-31 13:47:00+00:00,,,2024-10-31 14:00:00+00:00,SL,-73.5,-1.0
1756_lower,lower,2024-10-31,2024,2024-10-25 10:30:00-04:00,2024-11-22 10:30:00-05:00,2024-10-31 13:48:00+00:00,20216.71943003478,948,True,HIGH_VOL,1.0,,,,,,,,,True,False,89.5,73.5,position_open,,,,,,,
1755_lower,lower,2024-10-31,2024,2024-10-24 10:30:00-04:00,2024-11-21 10:30:00-05:00,2024-10-31 14:12:00+00:00,20125.16056010822,972,True,HIGH_VOL,0.9999999999999994,,,,,,,,,True,True,90.5,82.5,,2024-10-31 14:12:00+00:00,2024-10-31 14:17:00+00:00,2024-10-31 14:18:00+00:00,2024-10-31 14:30:00+00:00,LOCK,8.25,0.1
1746_lower,lower,2024-10-31,2024,2024-10-11 10:30:00-04:00,2024-11-08 10:30:00-05:00,2024-10-31 14:52:00+00:00,20071.00598842201,1012,True,HIGH_VOL,0.9999999999926302,,,,,,,,,True,True,90.5,78.0,,2024-10-31 14:52:00+00:00,2024-10-31 19:49:00+00:00,2024-10-31 19:50:00+00:00,2024-10-31 19:53:00+00:00,LOCK,7.799999999999272,0.09999999999999067
1744_lower,lower,2024-10-31,2024,2024-10-09 10:30:00-04:00,2024-11-06 10:30:00-05:00,2024-10-31 15:51:00+00:00,20029.26251628811,1071,False,HIGH_VOL,0.9997615588063498,,,,,,,,,True,False,86.25,74.0,blocked_window,,,,,,,
1749_lower,lower,2024-10-31,2024,2024-10-16 10:30:00-04:00,2024-11-13 10:30:00-05:00,2024-10-31 18:01:00+00:00,20022.984900651318,1201,False,MID_VOL,0.4527500818386805,,,,,,,,,True,False,85.0,72.25,blocked_window,,,,,,,
1762_upper,upper,2024-11-06,2024,2024-11-04 10:30:00-05:00,2024-12-02 10:30:00-05:00,2024-11-06 02:09:00+00:00,20430.18387338964,189,False,LOW_VOL,0.6423967596542772,,,,,,,,,False,True,107.75,85.25,blocked_window,,,,,,,
1761_upper,upper,2024-11-06,2024,2024-11-01 10:30:00-04:00,2024-11-29 10:30:00-05:00,2024-11-06 02:21:00+00:00,20462.67945644694,201,False,HIGH_VOL,0.9895251015903722,,,,,,,,,True,True,107.75,85.25,blocked_window,,,,,,,
1763_upper,upper,2024-11-06,2024,2024-11-05 10:30:00-05:00,2024-12-03 10:30:00-05:00,2024-11-06 02:30:00+00:00,20497.59375280246,210,False,HIGH_VOL,0.9999907631029759,,,,,,,,,True,True,107.75,90.0,blocked_window,,,,,,,
1760_upper,upper,2024-11-06,2024,2024-10-31 10:30:00-04:00,2024-11-28 10:30:00-05:00,2024-11-06 06:37:00+00:00,20662.14390613933,457,False,HIGH_VOL,0.9576511668908776,,,,,,,,,True,True,153.25,116.5,blocked_window,,,,,,,
1758_upper,upper,2024-11-06,2024,2024-10-29 10:30:00-04:00,2024-11-26 10:30:00-05:00,2024-11-06 15:31:00+00:00,20811.795006614542,991,True,HIGH_VOL,0.9999999976324006,,,,,,,,,True,True,91.5,80.25,,2024-11-06 15:31:00+00:00,2024-11-06 15:40:00+00:00,2024-11-06 15:41:00+00:00,2024-11-06 15:51:00+00:00,TP,91.5,1.1401869158878504
1757_upper,upper,2024-11-06,2024,2024-10-28 10:30:00-04:00,2024-11-25 10:30:00-05:00,2024-11-06 18:10:00+00:00,20848.0937658484,1150,False,MID_VOL,0.9239560071668799,,,,,,,,,True,True,81.75,68.0,blocked_window,,,,,,,
1747_upper,upper,2024-11-06,2024,2024-10-14 10:30:00-04:00,2024-11-11 10:30:00-05:00,2024-11-06 18:28:00+00:00,20857.43937078357,1168,False,MID_VOL,0.7425865317925836,,,,,,,,,True,True,81.75,68.0,blocked_window,,,,,,,
1750_upper,upper,2024-11-06,2024,2024-10-17 10:30:00-04:00,2024-11-14 10:30:00-05:00,2024-11-06 18:28:00+00:00,20855.10795081673,1168,False,MID_VOL,0.7425865317925836,,,,,,,,,True,True,81.75,68.0,blocked_window,,,,,,,
1756_upper,upper,2024-11-06,2024,2024-10-25 10:30:00-04:00,2024-11-22 10:30:00-05:00,2024-11-06 18:46:00+00:00,20873.28056996522,1186,False,LOW_VOL,0.5725565490189851,,,,,,,,,False,True,81.75,69.25,blocked_window,,,,,,,
1748_upper,upper,2024-11-06,2024,2024-10-15 10:30:00-04:00,2024-11-12 10:30:00-05:00,2024-11-06 20:13:00+00:00,20911.05307855576,1273,False,MID_VOL,0.9847078786147823,,,,,,,,,True,True,85.5,69.75,blocked_window,,,,,,,
1759_upper,upper,2024-11-06,2024,2024-10-30 10:30:00-04:00,2024-11-27 10:30:00-05:00,2024-11-06 20:47:00+00:00,20925.54048603296,1307,False,MID_VOL,0.7838397939551168,,,,,,,,,True,True,85.5,70.25,blocked_window,,,,,,,
1764_upper,upper,2024-11-07,2024,2024-11-06 10:30:00-05:00,2024-12-04 10:30:00-05:00,2024-11-07 13:10:00+00:00,20993.11173358776,850,True,MID_VOL,0.6081425947455418,,,,,,,,,True,True,143.5,97.5,,2024-11-07 13:10:00+00:00,,,2024-11-07 14:42:00+00:00,SL,-97.5,-1.0
1768_lower,lower,2024-11-14,2024,2024-11-12 10:30:00-05:00,2024-12-10 10:30:00-05:00,2024-11-14 17:33:00+00:00,21023.067767020017,1113,False,MID_VOL,0.5966741875079979,,,,,,,,,True,True,53.5,52.5,blocked_window,,,,,,,
1767_lower,lower,2024-11-14,2024,2024-11-11 10:30:00-05:00,2024-12-09 10:30:00-05:00,2024-11-14 20:04:00+00:00,21016.301449034858,1264,False,HIGH_VOL,0.8359678527500704,,,,,,,,,True,True,62.0,57.75,blocked_window,,,,,,,
1766_lower,lower,2024-11-14,2024,2024-11-08 10:30:00-05:00,2024-12-06 10:30:00-05:00,2024-11-14 20:06:00+00:00,21000.567525575563,1266,False,HIGH_VOL,0.9999999999178947,,,,,,,,,True,True,62.0,57.75,blocked_window,,,,,,,
1769_lower,lower,2024-11-15,2024,2024-11-13 10:30:00-05:00,2024-12-11 10:30:00-05:00,2024-11-15 01:07:00+00:00,20908.426789910554,127,False,LOW_VOL,0.5439916235320598,,,,,,,,,False,True,74.5,65.25,blocked_window,,,,,,,
1770_lower,lower,2024-11-15,2024,2024-11-14 10:30:00-05:00,2024-12-12 10:30:00-05:00,2024-11-15 01:11:00+00:00,20892.111380793085,131,False,MID_VOL,0.9487651352362552,,,,,,,,,True,True,74.5,65.25,blocked_window,,,,,,,
1765_lower,lower,2024-11-15,2024,2024-11-07 10:30:00-05:00,2024-12-05 10:30:00-05:00,2024-11-15 08:24:00+00:00,20802.5159054236,564,False,MID_VOL,0.591756756501615,,,,,,,,,True,True,75.0,64.75,blocked_window,,,,,,,
1771_lower,lower,2024-11-15,2024,2024-11-15 10:30:00-05:00,2024-12-13 10:30:00-05:00,2024-11-15 18:35:00+00:00,20446.338078064276,1175,False,HIGH_VOL,0.9138560787988562,,,,,,,,,True,True,70.75,63.5,blocked_window,,,,,,,
1764_lower,lower,2024-11-15,2024,2024-11-06 10:30:00-05:00,2024-12-04 10:30:00-05:00,2024-11-15 18:57:00+00:00,20416.263266412243,1197,False,HIGH_VOL,0.9970314308055278,,,,,,,,,True,True,70.75,63.5,blocked_window,,,,,,,
1773_upper,upper,2024-11-19,2024,2024-11-19 10:30:00-05:00,2024-12-17 10:30:00-05:00,2024-11-19 18:45:00+00:00,20761.733323628352,1185,False,LOW_VOL,0.5837377292469667,,,,,,,,,False,True,62.25,57.75,blocked_window,,,,,,,
1772_upper,upper,2024-11-20,2024,2024-11-18 10:30:00-05:00,2024-12-16 10:30:00-05:00,2024-11-20 08:22:00+00:00,20842.995254350048,562,False,MID_VOL,0.8988200223702434,,,,,,,,,True,True,115.25,88.0,blocked_window,,,,,,,
1771_upper,upper,2024-11-25,2024,2024-11-15 10:30:00-05:00,2024-12-13 10:30:00-05:00,2024-11-25 13:45:00+00:00,20990.661921935727,885,True,MID_VOL,0.9609983536964315,,,,,,,,,True,True,49.75,47.0,,2024-11-25 13:45:00+00:00,,,2024-11-25 14:16:00+00:00,SL,-47.0,-1.0
1774_upper,upper,2024-11-25,2024,2024-11-20 10:30:00-05:00,2024-12-18 10:30:00-05:00,2024-11-25 14:16:00+00:00,21041.58280563,916,True,HIGH_VOL,0.9464781534979778,,,,,,,,,True,False,55.25,55.75,same_bar_reentry,,,,,,,
1776_upper,upper,2024-11-25,2024,2024-11-22 10:30:00-05:00,2024-12-20 10:30:00-05:00,2024-11-25 14:39:00+00:00,21057.184712607195,939,True,MID_VOL,0.9025106127431572,,,,,,,,,True,True,55.25,54.5,,2024-11-25 14:39:00+00:00,2024-11-25 14:49:00+00:00,2024-11-25 14:50:00+00:00,2024-11-25 14:51:00+00:00,TP,55.25,1.0137614678899083
1778_lower,lower,2024-11-27,2024,2024-11-26 10:30:00-05:00,2024-12-24 10:30:00-05:00,2024-11-27 15:37:00+00:00,20747.240537818947,997,True,HIGH_VOL,0.9993045300630016,,,,,,,,,True,True,66.5,62.5,,2024-11-27 15:37:00+00:00,,,2024-11-27 17:08:00+00:00,SL,-62.5,-1.0
1777_lower,lower,2024-11-27,2024,2024-11-25 10:30:00-05:00,2024-12-23 10:30:00-05:00,2024-11-27 16:11:00+00:00,20699.093111125418,1031,False,HIGH_VOL,0.9999954818732901,,,,,,,,,True,False,74.0,66.5,blocked_window,,,,,,,
1780_upper,upper,2024-12-02,2024,2024-11-28 10:30:00-05:00,2024-12-27 10:30:00-05:00,2024-12-02 13:11:00+00:00,21023.332330874757,851,True,MID_VOL,0.6704606418702932,,,,,,,,,True,True,57.5,52.5,,2024-12-02 13:11:00+00:00,,,2024-12-02 14:31:00+00:00,SL,-52.5,-1.0
1781_upper,upper,2024-12-02,2024,2024-11-29 10:30:00-05:00,2024-12-30 10:30:00-05:00,2024-12-02 14:32:00+00:00,21107.046660596272,932,True,MID_VOL,0.5027265272539879,,,,,,,,,True,True,57.0,52.25,,2024-12-02 14:32:00+00:00,,,2024-12-02 14:53:00+00:00,SL,-52.25,-1.0
1779_upper,upper,2024-12-02,2024,2024-11-27 10:30:00-05:00,2024-12-26 10:30:00-05:00,2024-12-02 14:49:00+00:00,21147.60527092688,949,True,HIGH_VOL,0.9999999974125754,,,,,,,,,True,False,57.0,52.25,position_open,,,,,,,
1778_upper,upper,2024-12-02,2024,2024-11-26 10:30:00-05:00,2024-12-24 10:30:00-05:00,2024-12-02 14:54:00+00:00,21163.634462181053,954,True,HIGH_VOL,0.9999999999999983,,,,,,,,,True,True,57.0,52.25,,2024-12-02 14:54:00+00:00,,,2024-12-02 16:39:00+00:00,SL,-52.25,-1.0
1775_upper,upper,2024-12-02,2024,2024-11-21 10:30:00-05:00,2024-12-19 10:30:00-05:00,2024-12-02 17:02:00+00:00,21242.244331425536,1082,False,HIGH_VOL,0.869539647760746,,,,,,,,,True,True,56.5,55.0,blocked_window,,,,,,,
1770_upper,upper,2024-12-04,2024,2024-11-14 10:30:00-05:00,2024-12-12 10:30:00-05:00,2024-12-04 04:56:00+00:00,21353.263619206915,356,False,LOW_VOL,0.7482056968394505,,,,,,,,,False,True,51.75,46.5,blocked_window,,,,,,,
1783_upper,upper,2024-12-04,2024,2024-12-03 10:30:00-05:00,2025-01-03 10:30:00-05:00,2024-12-04 05:38:00+00:00,21364.40750052978,398,False,LOW_VOL,0.6672127447127796,,,,,,,,,False,True,49.0,45.5,blocked_window,,,,,,,
1769_upper,upper,2024-12-04,2024,2024-11-13 10:30:00-05:00,2024-12-11 10:30:00-05:00,2024-12-04 08:35:00+00:00,21370.82321008945,575,False,LOW_VOL,0.7580988978803699,,,,,,,,,False,True,48.0,45.5,blocked_window,,,,,,,
1766_upper,upper,2024-12-04,2024,2024-11-08 10:30:00-05:00,2024-12-06 10:30:00-05:00,2024-12-04 08:53:00+00:00,21381.68247442444,593,False,LOW_VOL,0.7016180442232595,,,,,,,,,False,True,48.0,45.5,blocked_window,,,,,,,
1768_upper,upper,2024-12-04,2024,2024-11-12 10:30:00-05:00,2024-12-10 10:30:00-05:00,2024-12-04 10:50:00+00:00,21406.807232979983,710,True,LOW_VOL,0.7991389848866085,,,,,,,,,False,True,56.25,51.25,blocked_low_vol,,,,,,,
1767_upper,upper,2024-12-04,2024,2024-11-11 10:30:00-05:00,2024-12-09 10:30:00-05:00,2024-12-04 15:38:00+00:00,21490.698550965142,998,True,MID_VOL,0.7785045461553356,,,,,,,,,True,True,51.25,51.75,,2024-12-04 15:38:00+00:00,2024-12-04 16:41:00+00:00,2024-12-04 16:42:00+00:00,2024-12-04 17:24:00+00:00,LOCK,5.174999999999272,0.09999999999998593
1784_upper,upper,2024-12-06,2024,2024-12-04 10:30:00-05:00,2025-01-06 10:30:00-05:00,2024-12-06 14:49:00+00:00,21596.018806749427,949,True,HIGH_VOL,0.5545937213384047,,,,,,,,,True,True,44.75,46.0,,2024-12-06 14:49:00+00:00,,,2024-12-06 15:19:00+00:00,SL,-46.0,-1.0
1785_upper,upper,2024-12-09,2024,2024-12-05 10:30:00-05:00,2025-01-07 10:30:00-05:00,2024-12-09 07:36:00+00:00,21687.530920669866,516,False,LOW_VOL,0.6714049659164789,,,,,,,,,False,True,54.5,49.75,blocked_window,,,,,,,
1787_lower,lower,2024-12-10,2024,2024-12-09 10:30:00-05:00,2025-01-10 10:30:00-05:00,2024-12-10 19:47:00+00:00,21414.94689223173,1247,False,LOW_VOL,0.7305389340288865,,,,,,,,,False,True,65.5,57.25,blocked_window,,,,,,,
1785_lower,lower,2024-12-10,2024,2024-12-05 10:30:00-05:00,2025-01-07 10:30:00-05:00,2024-12-10 20:28:00+00:00,21372.34407933013,1288,False,MID_VOL,0.6066958888493275,,,,,,,,,True,True,73.75,65.75,blocked_window,,,,,,,
1788_upper,upper,2024-12-11,2024,2024-12-10 10:30:00-05:00,2025-01-13 10:30:00-05:00,2024-12-11 16:15:00+00:00,21744.93131652934,1035,False,HIGH_VOL,0.5646692399082431,,,,,,,,,True,True,70.75,64.0,blocked_window,,,,,,,
1786_upper,upper,2024-12-11,2024,2024-12-06 10:30:00-05:00,2025-01-08 10:30:00-05:00,2024-12-11 16:31:00+00:00,21764.75757263631,1051,False,HIGH_VOL,0.9121041517378607,,,,,,,,,True,True,70.75,65.0,blocked_window,,,,,,,
1787_upper,upper,2024-12-11,2024,2024-12-09 10:30:00-05:00,2025-01-10 10:30:00-05:00,2024-12-11 18:25:00+00:00,21796.928107768268,1165,False,LOW_VOL,0.7258378759523219,,,,,,,,,False,True,66.25,58.75,blocked_window,,,,,,,
1789_upper,upper,2024-12-13,2024,2024-12-11 10:30:00-05:00,2025-01-14 10:30:00-05:00,2024-12-13 14:43:00+00:00,21869.341110276982,943,True,MID_VOL,0.960297164549387,,,,,,,,,True,True,45.0,46.25,,2024-12-13 14:43:00+00:00,2024-12-13 15:07:00+00:00,2024-12-13 15:08:00+00:00,2024-12-13 15:08:00+00:00,TP,45.0,0.972972972972973
1790_upper,upper,2024-12-13,2024,2024-12-12 10:30:00-05:00,2025-01-15 10:30:00-05:00,2024-12-13 14:43:00+00:00,21873.75941044215,943,True,MID_VOL,0.960297164549387,,,,,,,,,True,False,45.0,46.25,position_open,,,,,,,
1791_upper,upper,2024-12-16,2024,2024-12-13 10:30:00-05:00,2025-01-16 10:30:00-05:00,2024-12-16 16:09:00+00:00,22035.26136122768,1029,False,MID_VOL,0.9914540478443826,,,,,,,,,True,True,54.75,51.75,blocked_window,,,,,,,
1792_upper,upper,2024-12-16,2024,2024-12-16 10:30:00-05:00,2025-01-17 10:30:00-05:00,2024-12-16 19:14:00+00:00,22130.71337999421,1214,False,LOW_VOL,0.6502898541732905,,,,,,,,,False,True,54.25,48.75,blocked_window,,,,,,,
1793_lower,lower,2024-12-18,2024,2024-12-17 10:30:00-05:00,2025-01-20 10:30:00-05:00,2024-12-18 19:18:00+00:00,22082.46412570889,1218,False,HIGH_VOL,1.0,,,,,,,,,True,True,69.25,59.0,blocked_window,,,,,,,
1794_lower,lower,2024-12-18,2024,2024-12-18 10:30:00-05:00,2025-01-21 10:30:00-05:00,2024-12-18 19:30:00+00:00,22038.71993713732,1230,False,HIGH_VOL,1.0,,,,,,,,,True,True,69.25,66.0,blocked_window,,,,,,,
1792_lower,lower,2024-12-18,2024,2024-12-16 10:30:00-05:00,2025-01-17 10:30:00-05:00,2024-12-18 20:29:00+00:00,21717.536620005794,1289,False,HIGH_VOL,1.0,,,,,,,,,True,True,124.0,105.5,blocked_window,,,,,,,
1791_lower,lower,2024-12-18,2024,2024-12-13 10:30:00-05:00,2025-01-16 10:30:00-05:00,2024-12-18 20:37:00+00:00,21608.988638772324,1297,False,HIGH_VOL,1.0,,,,,,,,,True,True,124.0,105.25,blocked_window,,,,,,,
1790_lower,lower,2024-12-18,2024,2024-12-12 10:30:00-05:00,2025-01-15 10:30:00-05:00,2024-12-18 20:40:00+00:00,21492.24058955785,1300,False,HIGH_VOL,1.0,,,,,,,,,True,True,124.0,105.25,blocked_window,,,,,,,
1786_lower,lower,2024-12-20,2024,2024-12-06 10:30:00-05:00,2025-01-08 10:30:00-05:00,2024-12-20 00:16:00+00:00,21291.86742736369,76,False,HIGH_VOL,0.7853750639818168,,,,,,,,,True,True,94.0,76.5,blocked_window,,,,,,,
1795_lower,lower,2024-12-20,2024,2024-12-19 10:30:00-05:00,2025-01-22 10:30:00-05:00,2024-12-20 00:53:00+00:00,21266.566315075303,113,False,MID_VOL,0.4883920379965232,,,,,,,,,True,True,94.0,80.5,blocked_window,,,,,,,
1784_lower,lower,2024-12-20,2024,2024-12-04 10:30:00-05:00,2025-01-06 10:30:00-05:00,2024-12-20 02:07:00+00:00,21247.731193250573,187,False,MID_VOL,0.5344218274467452,,,,,,,,,True,True,113.5,88.5,blocked_window,,,,,,,
1796_upper,upper,2024-12-20,2024,2024-12-20 10:30:00-05:00,2025-01-23 10:30:00-05:00,2024-12-20 16:36:00+00:00,21727.1278649086,1056,False,HIGH_VOL,0.9994056296235105,,,,,,,,,True,True,97.25,85.25,blocked_window,,,,,,,
1797_upper,upper,2024-12-24,2024,2024-12-23 10:30:00-05:00,2025-01-24 10:30:00-05:00,2024-12-24 15:01:00+00:00,21913.918142038703,961,True,HIGH_VOL,0.9839900343430671,,,,,,,,,True,True,67.25,62.75,,2024-12-24 15:01:00+00:00,,,2024-12-24 16:12:00+00:00,SL,-62.75,-1.0
1795_upper,upper,2024-12-24,2024,2024-12-19 10:30:00-05:00,2025-01-22 10:30:00-05:00,2024-12-24 17:54:00+00:00,22007.808684924697,1134,False,MID_VOL,0.6652119010194716,,,,,,,,,True,True,67.75,60.0,blocked_window,,,,,,,
1798_upper,upper,2024-12-26,2024,2024-12-24 10:30:00-05:00,2025-01-27 10:30:00-05:00,2024-12-26 03:23:00+00:00,22102.530090185646,263,False,LOW_VOL,0.6164591822339578,,,,,,,,,False,True,76.0,61.75,blocked_window,,,,,,,
1799_lower,lower,2024-12-27,2024,2024-12-26 10:30:00-05:00,2025-01-28 10:30:00-05:00,2024-12-27 14:39:00+00:00,21715.499624103435,939,True,HIGH_VOL,1.0,,,,,,,,,True,True,59.75,56.5,,2024-12-27 14:39:00+00:00,,,2024-12-27 15:00:00+00:00,SL,-56.5,-1.0
1798_lower,lower,2024-12-27,2024,2024-12-24 10:30:00-05:00,2025-01-27 10:30:00-05:00,2024-12-27 15:05:00+00:00,21593.969909814357,965,True,HIGH_VOL,1.0,,,,,,,,,True,True,66.75,66.0,,2024-12-27 15:05:00+00:00,,,2024-12-27 15:17:00+00:00,SL,-66.0,-1.0
1800_lower,lower,2024-12-30,2024,2024-12-27 10:30:00-05:00,2025-01-29 10:30:00-05:00,2024-12-30 13:54:00+00:00,21369.223516791924,894,True,HIGH_VOL,0.9999640972514952,,,,,,,,,True,True,164.75,116.5,,2024-12-30 13:54:00+00:00,2024-12-30 16:42:00+00:00,2024-12-30 16:43:00+00:00,2024-12-30 17:44:00+00:00,TP,164.75,1.4141630901287554
1797_lower,lower,2024-12-30,2024,2024-12-23 10:30:00-05:00,2025-01-24 10:30:00-05:00,2024-12-30 15:00:00+00:00,21281.456857961297,960,True,HIGH_VOL,0.9999999999999973,,,,,,,,,True,False,120.5,95.75,position_open,,,,,,,
1801_lower,lower,2025-01-02,2025,2024-12-30 10:30:00-05:00,2025-01-30 10:30:00-05:00,2025-01-02 17:31:00+00:00,21108.976305194254,1111,False,HIGH_VOL,1.0,,,,,,,,,True,True,17.25,26.75,blocked_window,,,,,,,
1803_upper,upper,2025-01-06,2025,2025-01-03 10:30:00-05:00,2025-02-03 10:30:00-05:00,2025-01-06 08:47:00+00:00,21612.9893337931,587,False,MID_VOL,0.5399874763695401,,,,,,,,,True,True,102.25,78.75,blocked_window,,,,,,,
1801_upper,upper,2025-01-06,2025,2024-12-30 10:30:00-05:00,2025-01-30 10:30:00-05:00,2025-01-06 09:02:00+00:00,21634.523694805743,602,False,MID_VOL,0.6326650248682762,,,,,,,,,True,True,111.0,87.0,blocked_window,,,,,,,
1802_upper,upper,2025-01-06,2025,2025-01-02 10:30:00-05:00,2025-01-31 10:30:00-05:00,2025-01-06 10:19:00+00:00,21686.300340523907,679,True,LOW_VOL,0.6065148952638847,,,,,,,,,False,True,111.75,85.75,blocked_low_vol,,,,,,,
1804_lower,lower,2025-01-07,2025,2025-01-06 10:30:00-05:00,2025-02-04 10:30:00-05:00,2025-01-07 15:32:00+00:00,21498.6503620867,992,True,HIGH_VOL,1.0,,,,,,,,,True,True,97.0,83.75,,2025-01-07 15:32:00+00:00,,,2025-01-07 15:47:00+00:00,SL,-83.75,-1.0
1805_lower,lower,2025-01-07,2025,2025-01-07 10:30:00-05:00,2025-02-05 10:30:00-05:00,2025-01-07 20:11:00+00:00,21370.86079292784,1271,False,HIGH_VOL,0.9950674180444377,,,,,,,,,True,True,100.0,80.25,blocked_window,,,,,,,
1806_lower,lower,2025-01-10,2025,2025-01-08 10:30:00-05:00,2025-02-06 10:30:00-05:00,2025-01-10 13:35:00+00:00,21047.20141250588,875,True,HIGH_VOL,1.0,,,,,,,,,True,True,40.75,44.25,,2025-01-10 13:35:00+00:00,,,2025-01-10 13:36:00+00:00,TP,40.75,0.9209039548022598
1803_lower,lower,2025-01-10,2025,2025-01-03 10:30:00-05:00,2025-02-03 10:30:00-05:00,2025-01-10 14:48:00+00:00,21031.8856662069,948,True,HIGH_VOL,0.9999999999973753,,,,,,,,,True,True,54.25,58.0,,2025-01-10 14:48:00+00:00,,,2025-01-10 15:00:00+00:00,SL,-58.0,-1.0
1802_lower,lower,2025-01-10,2025,2025-01-02 10:30:00-05:00,2025-01-31 10:30:00-05:00,2025-01-10 15:01:00+00:00,20966.699659476093,961,True,HIGH_VOL,1.0,,,,,,,,,True,True,39.0,46.0,,2025-01-10 15:01:00+00:00,,,2025-01-10 15:06:00+00:00,SL,-46.0,-1.0
1796_lower,lower,2025-01-13,2025,2024-12-20 10:30:00-05:00,2025-01-23 10:30:00-05:00,2025-01-13 08:42:00+00:00,20812.6221350914,582,False,HIGH_VOL,0.9965116549340696,,,,,,,,,True,True,116.5,91.75,blocked_window,,,,,,,
1807_lower,lower,2025-01-13,2025,2025-01-10 10:30:00-05:00,2025-02-07 10:30:00-05:00,2025-01-13 09:04:00+00:00,20715.49254738771,604,False,MID_VOL,0.6395542026580024,,,,,,,,,True,True,138.5,101.75,blocked_window,,,,,,,
1809_upper,upper,2025-01-15,2025,2025-01-14 10:30:00-05:00,2025-02-11 10:30:00-05:00,2025-01-15 15:00:00+00:00,21347.480482178587,960,True,HIGH_VOL,0.9999999992089474,,,,,,,,,True,True,92.5,81.0,,2025-01-15 15:00:00+00:00,2025-01-15 16:32:00+00:00,2025-01-15 16:33:00+00:00,2025-01-15 16:53:00+00:00,TP,92.5,1.1419753086419753
1807_upper,upper,2025-01-16,2025,2025-01-10 10:30:00-05:00,2025-02-07 10:30:00-05:00,2025-01-16 07:30:00+00:00,21513.00745261229,510,False,HIGH_VOL,0.7565629718257739,,,,,,,,,True,True,183.25,128.75,blocked_window,,,,,,,
1810_upper,upper,2025-01-17,2025,2025-01-15 10:30:00-05:00,2025-02-12 10:30:00-05:00,2025-01-17 14:12:00+00:00,21603.9698663063,912,True,HIGH_VOL,0.9999968607195296,,,,,,,,,True,True,118.0,95.25,,2025-01-17 14:12:00+00:00,2025-01-17 14:38:00+00:00,2025-01-17 14:39:00+00:00,2025-01-17 15:27:00+00:00,TP,118.0,1.2388451443569555
1806_upper,upper,2025-01-17,2025,2025-01-08 10:30:00-05:00,2025-02-06 10:30:00-05:00,2025-01-17 14:26:00+00:00,21627.17358749412,926,True,HIGH_VOL,0.9999980703201339,,,,,,,,,True,False,118.0,95.25,position_open,,,,,,,
1811_upper,upper,2025-01-20,2025,2025-01-16 10:30:00-05:00,2025-02-13 10:30:00-05:00,2025-01-20 14:26:00+00:00,21724.619794802715,926,True,HIGH_VOL,0.9999892834110514,,,,,,,,,True,True,116.5,94.75,,2025-01-20 14:26:00+00:00,2025-01-20 15:43:00+00:00,2025-01-20 15:44:00+00:00,2025-01-20 16:30:00+00:00,LOCK,9.474999999998545,0.09999999999998464
1813_lower,lower,2025-01-21,2025,2025-01-20 10:30:00-05:00,2025-02-17 10:30:00-05:00,2025-01-21 00:53:00+00:00,21503.086594849883,113,False,MID_VOL,0.9283629028143787,,,,,,,,,True,True,70.5,62.75,blocked_window,,,,,,,
1812_upper,upper,2025-01-22,2025,2025-01-17 10:30:00-05:00,2025-02-14 10:30:00-05:00,2025-01-22 08:47:00+00:00,21888.13218343735,587,False,LOW_VOL,0.5722117553546795,,,,,,,,,False,True,84.5,68.0,blocked_window,,,,,,,
1813_upper,upper,2025-01-22,2025,2025-01-20 10:30:00-05:00,2025-02-17 10:30:00-05:00,2025-01-22 14:31:00+00:00,21948.53840515012,931,True,MID_VOL,0.6906536539797111,,,,,,,,,True,True,83.75,67.75,,2025-01-22 14:31:00+00:00,,,2025-01-22 14:56:00+00:00,SL,-67.75,-1.0
1814_upper,upper,2025-01-22,2025,2025-01-21 10:30:00-05:00,2025-02-18 10:30:00-05:00,2025-01-22 14:32:00+00:00,21957.06636277636,932,True,MID_VOL,0.6906536539797111,,,,,,,,,True,False,83.75,67.75,position_open,,,,,,,
1804_upper,upper,2025-01-22,2025,2025-01-06 10:30:00-05:00,2025-02-04 10:30:00-05:00,2025-01-22 15:37:00+00:00,22039.2246379133,997,True,MID_VOL,0.9309206672445853,,,,,,,,,True,True,99.5,80.5,,2025-01-22 15:37:00+00:00,,,2025-01-22 20:59:00+00:00,cutoff,41.474637913299375,0.5152128933329115
1805_upper,upper,2025-01-22,2025,2025-01-07 10:30:00-05:00,2025-02-05 10:30:00-05:00,2025-01-22 17:04:00+00:00,22086.514207072163,1084,False,LOW_VOL,0.7000834587540674,,,,,,,,,False,False,95.0,74.75,blocked_window,,,,,,,
1816_upper,upper,2025-01-24,2025,2025-01-23 10:30:00-05:00,2025-02-20 10:30:00-05:00,2025-01-24 14:53:00+00:00,22074.60709946152,953,True,HIGH_VOL,0.9375219933601643,,,,,,,,,True,True,44.5,45.0,,2025-01-24 14:53:00+00:00,2025-01-24 15:02:00+00:00,2025-01-24 15:03:00+00:00,2025-01-24 15:03:00+00:00,TP,44.5,0.9888888888888889
1814_lower,lower,2025-01-27,2025,2025-01-21 10:30:00-05:00,2025-02-18 10:30:00-05:00,2025-01-27 06:37:00+00:00,21375.683637223643,457,False,MID_VOL,0.8971961071472943,,,,,,,,,True,True,101.75,83.75,blocked_window,,,,,,,
1812_lower,lower,2025-01-27,2025,2025-01-17 10:30:00-05:00,2025-02-14 10:30:00-05:00,2025-01-27 07:16:00+00:00,21326.61781656265,496,False,HIGH_VOL,0.9922630799599633,,,,,,,,,True,True,96.75,83.5,blocked_window,,,,,,,
1810_lower,lower,2025-01-27,2025,2025-01-15 10:30:00-05:00,2025-02-12 10:30:00-05:00,2025-01-27 10:44:00+00:00,20944.6551336937,704,True,HIGH_VOL,0.9999999999999629,,,,,,,,,True,True,96.5,87.25,,2025-01-27 10:44:00+00:00,,,2025-01-27 10:51:00+00:00,SL,-87.25,-1.0
1809_lower,lower,2025-01-27,2025,2025-01-14 10:30:00-05:00,2025-02-11 10:30:00-05:00,2025-01-27 10:52:00+00:00,20772.019517821413,712,True,HIGH_VOL,1.0,,,,,,,,,True,True,96.5,87.25,,2025-01-27 10:52:00+00:00,2025-01-27 10:54:00+00:00,2025-01-27 10:55:00+00:00,2025-01-27 10:55:00+00:00,TP,96.5,1.1060171919770774
1818_upper,upper,2025-01-28,2025,2025-01-27 10:30:00-05:00,2025-02-24 10:30:00-05:00,2025-01-28 17:09:00+00:00,21522.02838072801,1089,False,HIGH_VOL,0.9999879376058051,,,,,,,,,True,True,216.5,138.5,blocked_window,,,,,,,
1819_upper,upper,2025-01-30,2025,2025-01-28 10:30:00-05:00,2025-02-25 10:30:00-05:00,2025-01-30 14:49:00+00:00,21718.87173705512,949,True,HIGH_VOL,0.9999672552436295,,,,,,,,,True,True,78.0,68.25,,2025-01-30 14:49:00+00:00,2025-01-30 14:58:00+00:00,2025-01-30 14:59:00+00:00,2025-01-30 15:00:00+00:00,TP,78.0,1.1428571428571428
1820_upper,upper,2025-01-31,2025,2025-01-29 10:30:00-05:00,2025-02-26 10:30:00-05:00,2025-01-31 14:31:00+00:00,21822.843311433997,931,True,MID_VOL,0.8966995854595736,,,,,,,,,True,True,78.5,66.5,,2025-01-31 14:31:00+00:00,2025-01-31 14:36:00+00:00,2025-01-31 14:37:00+00:00,2025-01-31 14:40:00+00:00,LOCK,6.650000000001455,0.10000000000002188
1822_lower,lower,2025-01-31,2025,2025-01-31 10:30:00-05:00,2025-02-28 10:30:00-05:00,2025-01-31 20:40:00+00:00,21536.26041381233,1300,False,HIGH_VOL,0.9943457780355579,,,,,,,,,True,True,100.5,86.25,blocked_window,,,,,,,
1824_upper,upper,2025-02-06,2025,2025-02-04 10:30:00-05:00,2025-03-04 10:30:00-05:00,2025-02-06 15:12:00+00:00,21835.221789986164,972,True,HIGH_VOL,0.9999390414072681,,,,,,,,,True,True,81.5,70.75,,2025-02-06 15:12:00+00:00,2025-02-06 15:30:00+00:00,2025-02-06 15:31:00+00:00,2025-02-06 15:38:00+00:00,LOCK,7.075000000000728,0.10000000000001029
1826_lower,lower,2025-02-07,2025,2025-02-06 10:30:00-05:00,2025-03-06 10:30:00-05:00,2025-02-07 20:17:00+00:00,21553.677828565866,1277,False,MID_VOL,0.9629679858616422,,,,,,,,,True,True,47.75,48.75,blocked_window,,,,,,,
1828_lower,lower,2025-02-12,2025,2025-02-10 10:30:00-05:00,2025-03-10 10:30:00-04:00,2025-02-12 13:36:00+00:00,21540.774109111204,876,True,HIGH_VOL,1.0,,,,,,,,,True,True,51.0,49.25,,2025-02-12 13:36:00+00:00,2025-02-12 13:46:00+00:00,2025-02-12 13:47:00+00:00,2025-02-12 13:59:00+00:00,LOCK,4.924999999999272,0.09999999999998523
1821_upper,upper,2025-02-13,2025,2025-01-30 10:30:00-05:00,2025-02-27 10:30:00-05:00,2025-02-13 15:20:00+00:00,21979.59206087388,980,True,HIGH_VOL,0.9999999995021158,,,,,,,,,True,True,88.75,77.5,,2025-02-13 15:20:00+00:00,,,2025-02-13 15:44:00+00:00,SL,-77.5,-1.0
1829_upper,upper,2025-02-13,2025,2025-02-11 10:30:00-05:00,2025-03-11 10:30:00-04:00,2025-02-13 15:22:00+00:00,21993.130402007595,982,True,HIGH_VOL,0.9999999995021158,,,,,,,,,True,False,88.75,77.5,position_open,,,,,,,
1828_upper,upper,2025-02-13,2025,2025-02-10 10:30:00-05:00,2025-03-10 10:30:00-04:00,2025-02-13 15:39:00+00:00,22032.2258908888,999,True,HIGH_VOL,0.9999589079392003,,,,,,,,,True,False,88.75,77.5,position_open,,,,,,,
1826_upper,upper,2025-02-13,2025,2025-02-06 10:30:00-05:00,2025-03-06 10:30:00-05:00,2025-02-13 15:39:00+00:00,22016.82217143413,999,True,HIGH_VOL,0.9999589079392003,,,,,,,,,True,False,88.75,77.5,position_open,,,,,,,
1822_upper,upper,2025-02-13,2025,2025-01-31 10:30:00-05:00,2025-02-28 10:30:00-05:00,2025-02-13 20:08:00+00:00,22081.989586187665,1268,False,MID_VOL,0.6755674605059883,,,,,,,,,True,True,89.25,74.5,blocked_window,,,,,,,
1831_upper,upper,2025-02-14,2025,2025-02-13 10:30:00-05:00,2025-03-13 10:30:00-04:00,2025-02-14 07:16:00+00:00,22159.305308485866,496,False,LOW_VOL,0.5617492021049115,,,,,,,,,False,True,82.5,64.25,blocked_window,,,,,,,
1815_upper,upper,2025-02-14,2025,2025-01-22 10:30:00-05:00,2025-02-19 10:30:00-05:00,2025-02-14 18:36:00+00:00,22187.695846409435,1176,False,MID_VOL,0.994475719143735,,,,,,,,,True,True,87.25,70.25,blocked_window,,,,,,,
1827_upper,upper,2025-02-14,2025,2025-02-07 10:30:00-05:00,2025-03-07 10:30:00-05:00,2025-02-14 20:50:00+00:00,22212.350190881843,1310,False,LOW_VOL,0.7952470511639573,,,,,,,,,False,True,85.0,69.25,blocked_window,,,,,,,
1817_upper,upper,2025-02-17,2025,2025-01-24 10:30:00-05:00,2025-02-21 10:30:00-05:00,2025-02-17 01:36:00+00:00,22250.5219911343,156,False,MID_VOL,0.5190736814621087,,,,,,,,,True,True,56.75,53.25,blocked_window,,,,,,,
1832_upper,upper,2025-02-18,2025,2025-02-14 10:30:00-05:00,2025-03-14 10:30:00-04:00,2025-02-18 07:07:00+00:00,22313.494446651624,487,False,MID_VOL,0.8885324864386356,,,,,,,,,True,True,30.5,36.0,blocked_window,,,,,,,
1833_lower,lower,2025-02-20,2025,2025-02-17 10:30:00-05:00,2025-03-17 10:30:00-04:00,2025-02-20 14:53:00+00:00,22049.49225012711,953,True,HIGH_VOL,0.9999997439750247,,,,,,,,,True,True,40.75,40.5,,2025-02-20 14:53:00+00:00,,,2025-02-20 14:59:00+00:00,SL,-40.5,-1.0
1834_lower,lower,2025-02-20,2025,2025-02-18 10:30:00-05:00,2025-03-18 10:30:00-04:00,2025-02-20 15:00:00+00:00,21982.87512247588,960,True,HIGH_VOL,1.0,,,,,,,,,True,True,54.75,58.75,,2025-02-20 15:00:00+00:00,2025-02-20 15:04:00+00:00,2025-02-20 15:05:00+00:00,2025-02-20 15:05:00+00:00,TP,54.75,0.9319148936170213
1835_lower,lower,2025-02-20,2025,2025-02-19 10:30:00-05:00,2025-03-19 10:30:00-04:00,2025-02-20 15:01:00+00:00,21958.49167465195,961,True,HIGH_VOL,1.0,,,,,,,,,True,False,54.75,58.75,position_open,,,,,,,
1832_lower,lower,2025-02-21,2025,2025-02-14 10:30:00-05:00,2025-03-14 10:30:00-04:00,2025-02-21 17:19:00+00:00,21919.505553348376,1099,False,HIGH_VOL,0.9035310206849752,,,,,,,,,True,True,77.5,68.5,blocked_window,,,,,,,
1837_lower,lower,2025-02-21,2025,2025-02-21 10:30:00-05:00,2025-03-21 10:30:00-04:00,2025-02-21 17:57:00+00:00,21842.03322201153,1137,False,HIGH_VOL,0.9865220847447096,,,,,,,,,True,True,77.5,70.75,blocked_window,,,,,,,
1836_lower,lower,2025-02-21,2025,2025-02-20 10:30:00-05:00,2025-03-20 10:30:00-04:00,2025-02-21 18:11:00+00:00,21792.610794476383,1151,False,HIGH_VOL,0.9996317808176315,,,,,,,,,True,True,86.0,76.5,blocked_window,,,,,,,
1831_lower,lower,2025-02-24,2025,2025-02-13 10:30:00-05:00,2025-03-13 10:30:00-04:00,2025-02-24 14:53:00+00:00,21626.319691514134,953,True,HIGH_VOL,0.9999976903494774,,,,,,,,,True,True,114.5,87.25,,2025-02-24 14:53:00+00:00,,,2025-02-24 15:01:00+00:00,SL,-87.25,-1.0
1829_lower,lower,2025-02-24,2025,2025-02-11 10:30:00-05:00,2025-03-11 10:30:00-04:00,2025-02-24 15:04:00+00:00,21485.869597992405,964,True,HIGH_VOL,1.0,,,,,,,,,True,True,143.25,112.0,,2025-02-24 15:04:00+00:00,2025-02-24 15:14:00+00:00,2025-02-24 15:15:00+00:00,2025-02-24 15:36:00+00:00,LOCK,11.200000000000728,0.1000000000000065
1825_lower,lower,2025-02-25,2025,2025-02-05 10:30:00-05:00,2025-03-05 10:30:00-05:00,2025-02-25 07:53:00+00:00,21315.42227279141,533,False,HIGH_VOL,0.9999979293970992,,,,,,,,,True,True,98.0,80.5,blocked_window,,,,,,,
1830_lower,lower,2025-02-25,2025,2025-02-12 10:30:00-05:00,2025-03-12 10:30:00-04:00,2025-02-25 10:51:00+00:00,21298.48825970309,711,True,MID_VOL,0.8106780239306158,,,,,,,,,True,True,116.0,89.25,,2025-02-25 10:51:00+00:00,2025-02-25 11:44:00+00:00,2025-02-25 11:45:00+00:00,2025-02-25 12:56:00+00:00,TP,116.0,1.2997198879551821
1838_lower,lower,2025-02-25,2025,2025-02-24 10:30:00-05:00,2025-03-24 10:30:00-04:00,2025-02-25 14:52:00+00:00,21247.86849815972,952,True,HIGH_VOL,1.0,,,,,,,,,True,True,104.0,83.0,,2025-02-25 14:52:00+00:00,,,2025-02-25 15:14:00+00:00,SL,-83.0,-1.0
1824_lower,lower,2025-02-25,2025,2025-02-04 10:30:00-05:00,2025-03-04 10:30:00-05:00,2025-02-25 15:17:00+00:00,21120.40321001384,977,True,HIGH_VOL,1.0,,,,,,,,,True,True,107.0,91.0,,2025-02-25 15:17:00+00:00,,,2025-02-25 15:20:00+00:00,SL,-91.0,-1.0
1840_lower,lower,2025-02-27,2025,2025-02-26 10:30:00-05:00,2025-03-26 10:30:00-04:00,2025-02-27 15:00:00+00:00,20953.828863134346,960,True,HIGH_VOL,1.0,,,,,,,,,True,True,98.75,90.25,,2025-02-27 15:00:00+00:00,2025-02-27 15:11:00+00:00,2025-02-27 15:12:00+00:00,2025-02-27 15:13:00+00:00,TP,98.75,1.0941828254847645
1823_lower,lower,2025-02-27,2025,2025-02-03 10:30:00-05:00,2025-03-03 10:30:00-05:00,2025-02-27 19:30:00+00:00,20887.52482498202,1230,False,HIGH_VOL,1.0,,,,,,,,,True,True,96.75,84.5,blocked_window,,,,,,,
1839_lower,lower,2025-02-27,2025,2025-02-25 10:30:00-05:00,2025-03-25 10:30:00-04:00,2025-02-27 19:32:00+00:00,20860.015719810144,1232,False,HIGH_VOL,1.0,,,,,,,,,True,True,96.75,84.5,blocked_window,,,,,,,
1841_lower,lower,2025-02-27,2025,2025-02-27 10:30:00-05:00,2025-03-27 10:30:00-04:00,2025-02-27 20:19:00+00:00,20707.532251260134,1279,False,HIGH_VOL,0.9999999999989092,,,,,,,,,True,True,109.5,91.0,blocked_window,,,,,,,
1843_lower,lower,2025-03-03,2025,2025-03-03 10:30:00-05:00,2025-03-31 10:30:00-04:00,2025-03-03 20:01:00+00:00,20555.152591279133,1261,False,HIGH_VOL,1.0,,,,,,,,,True,True,134.75,108.25,blocked_window,,,,,,,
1842_lower,lower,2025-03-04,2025,2025-02-28 10:30:00-05:00,2025-03-28 10:30:00-04:00,2025-03-04 15:00:00+00:00,20196.21082559822,960,True,HIGH_VOL,1.0,,,,,,,,,True,True,193.5,136.25,,2025-03-04 15:00:00+00:00,2025-03-04 16:50:00+00:00,2025-03-04 16:51:00+00:00,2025-03-04 17:26:00+00:00,TP,193.5,1.420183486238532
1845_lower,lower,2025-03-06,2025,2025-03-05 10:30:00-05:00,2025-04-02 10:30:00-04:00,2025-03-06 18:43:00+00:00,20045.35339468761,1183,False,HIGH_VOL,1.0,,,,,,,,,True,True,138.25,104.25,blocked_window,,,,,,,
1846_lower,lower,2025-03-07,2025,2025-03-06 10:30:00-05:00,2025-04-03 10:30:00-04:00,2025-03-07 15:32:00+00:00,19963.50233256204,992,True,HIGH_VOL,1.0,,,,,,,,,True,True,144.75,108.75,,2025-03-07 15:32:00+00:00,2025-03-07 15:49:00+00:00,2025-03-07 15:50:00+00:00,2025-03-07 16:02:00+00:00,LOCK,10.875,0.1
1844_lower,lower,2025-03-07,2025,2025-03-04 10:30:00-05:00,2025-04-01 10:30:00-04:00,2025-03-07 16:36:00+00:00,19847.34270773561,1056,False,HIGH_VOL,0.9999999999999991,,,,,,,,,True,True,144.75,110.0,blocked_window,,,,,,,
1847_lower,lower,2025-03-10,2025,2025-03-07 10:30:00-05:00,2025-04-04 10:30:00-04:00,2025-03-10 14:02:00+00:00,19729.831228780637,962,True,HIGH_VOL,1.0,,,,,,,,,True,True,115.25,93.25,,2025-03-10 14:02:00+00:00,,,2025-03-10 14:34:00+00:00,SL,-93.25,-1.0
1848_lower,lower,2025-03-10,2025,2025-03-10 10:30:00-04:00,2025-04-07 10:30:00-04:00,2025-03-10 17:37:00+00:00,19447.50973136168,1177,False,HIGH_VOL,0.9999986402838368,,,,,,,,,True,True,121.0,94.25,blocked_window,,,,,,,
1850_lower,lower,2025-03-13,2025,2025-03-12 10:30:00-04:00,2025-04-09 10:30:00-04:00,2025-03-13 14:00:00+00:00,19332.563153600902,960,True,HIGH_VOL,1.0,,,,,,,,,True,True,95.0,84.0,,2025-03-13 14:00:00+00:00,2025-03-13 14:03:00+00:00,2025-03-13 14:04:00+00:00,2025-03-13 14:05:00+00:00,TP,95.0,1.130952380952381
1852_upper,upper,2025-03-17,2025,2025-03-14 10:30:00-04:00,2025-04-11 10:30:00-04:00,2025-03-17 13:40:00+00:00,19830.48773287708,940,True,HIGH_VOL,1.0,,,,,,,,,True,True,96.5,78.5,,2025-03-17 13:40:00+00:00,2025-03-17 13:49:00+00:00,2025-03-17 13:50:00+00:00,2025-03-17 13:50:00+00:00,TP,96.5,1.2292993630573248
1849_upper,upper,2025-03-17,2025,2025-03-11 10:30:00-04:00,2025-04-08 10:30:00-04:00,2025-03-17 18:13:00+00:00,19872.26361673597,1213,False,HIGH_VOL,0.9527016294558542,,,,,,,,,True,True,84.5,71.25,blocked_window,,,,,,,
1851_upper,upper,2025-03-17,2025,2025-03-13 10:30:00-04:00,2025-04-10 10:30:00-04:00,2025-03-17 18:17:00+00:00,19892.689350012097,1217,False,HIGH_VOL,0.999929853927267,,,,,,,,,True,True,84.5,71.25,blocked_window,,,,,,,
1853_upper,upper,2025-03-19,2025,2025-03-17 10:30:00-04:00,2025-04-14 10:30:00-04:00,2025-03-19 19:00:00+00:00,20041.808934430937,1260,False,HIGH_VOL,1.0,,,,,,,,,True,True,107.5,90.0,blocked_window,,,,,,,
1850_upper,upper,2025-03-19,2025,2025-03-12 10:30:00-04:00,2025-04-09 10:30:00-04:00,2025-03-19 19:00:00+00:00,20042.811846399098,1260,False,HIGH_VOL,1.0,,,,,,,,,True,True,107.5,90.0,blocked_window,,,,,,,
1855_upper,upper,2025-03-19,2025,2025-03-19 10:30:00-04:00,2025-04-16 10:30:00-04:00,2025-03-19 19:09:00+00:00,20127.77717174545,1269,False,HIGH_VOL,1.0,,,,,,,,,True,True,107.5,90.0,blocked_window,,,,,,,
1848_upper,upper,2025-03-24,2025,2025-03-10 10:30:00-04:00,2025-04-07 10:30:00-04:00,2025-03-24 08:09:00+00:00,20207.49026863832,609,False,MID_VOL,0.9952816275355886,,,,,,,,,True,True,90.25,69.0,blocked_window,,,,,,,
1854_upper,upper,2025-03-24,2025,2025-03-18 10:30:00-04:00,2025-04-15 10:30:00-04:00,2025-03-24 08:09:00+00:00,20212.41589944504,609,False,MID_VOL,0.9952816275355886,,,,,,,,,True,True,90.25,69.0,blocked_window,,,,,,,
1856_upper,upper,2025-03-24,2025,2025-03-20 10:30:00-04:00,2025-04-17 10:30:00-04:00,2025-03-24 12:32:00+00:00,20270.254580858167,872,True,LOW_VOL,0.7912660888770979,,,,,,,,,False,True,95.5,74.5,blocked_low_vol,,,,,,,
1847_upper,upper,2025-03-25,2025,2025-03-07 10:30:00-05:00,2025-04-04 10:30:00-04:00,2025-03-25 12:31:00+00:00,20439.543771219367,871,True,MID_VOL,0.6389081605404696,,,,,,,,,True,True,82.0,66.0,,2025-03-25 12:31:00+00:00,2025-03-25 13:30:00+00:00,2025-03-25 13:31:00+00:00,2025-03-25 14:00:00+00:00,LOCK,6.599999999998545,0.09999999999997795
1859_lower,lower,2025-03-26,2025,2025-03-25 10:30:00-04:00,2025-04-23 10:30:00-04:00,2025-03-26 15:56:00+00:00,20179.40431123468,1076,False,HIGH_VOL,0.9999998465203896,,,,,,,,,True,True,59.75,57.0,blocked_window,,,,,,,
1860_lower,lower,2025-03-26,2025,2025-03-26 10:30:00-04:00,2025-04-24 10:30:00-04:00,2025-03-26 18:47:00+00:00,20059.221158373388,1247,False,MID_VOL,0.6850160997038348,,,,,,,,,True,True,63.5,60.25,blocked_window,,,,,,,
1861_lower,lower,2025-03-28,2025,2025-03-27 10:30:00-04:00,2025-04-25 10:30:00-04:00,2025-03-28 14:12:00+00:00,19728.32899871131,972,True,HIGH_VOL,1.0,,,,,,,,,True,True,68.25,64.25,,2025-03-28 14:12:00+00:00,,,2025-03-28 14:26:00+00:00,SL,-64.25,-1.0
1855_lower,lower,2025-03-28,2025,2025-03-19 10:30:00-04:00,2025-04-16 10:30:00-04:00,2025-03-28 17:06:00+00:00,19464.72282825455,1146,False,HIGH_VOL,0.9756240912970162,,,,,,,,,True,True,68.5,61.5,blocked_window,,,,,,,
1862_lower,lower,2025-03-28,2025,2025-03-28 10:30:00-04:00,2025-04-28 10:30:00-04:00,2025-03-28 17:10:00+00:00,19456.073094486837,1150,False,HIGH_VOL,0.9999310579868094,,,,,,,,,True,True,68.5,61.5,blocked_window,,,,,,,
1854_lower,lower,2025-03-28,2025,2025-03-18 10:30:00-04:00,2025-04-15 10:30:00-04:00,2025-03-28 17:15:00+00:00,19452.95910055496,1155,False,HIGH_VOL,0.9966541520966345,,,,,,,,,True,True,68.5,61.5,blocked_window,,,,,,,
1856_lower,lower,2025-03-28,2025,2025-03-20 10:30:00-04:00,2025-04-17 10:30:00-04:00,2025-03-28 19:33:00+00:00,19437.620419141836,1293,False,MID_VOL,0.9678170455604775,,,,,,,,,True,True,62.75,57.75,blocked_window,,,,,,,
1853_lower,lower,2025-03-28,2025,2025-03-17 10:30:00-04:00,2025-04-14 10:30:00-04:00,2025-03-28 19:35:00+00:00,19426.441065569063,1295,False,HIGH_VOL,0.9984924709167835,,,,,,,,,True,True,62.75,57.75,blocked_window,,,,,,,
1852_lower,lower,2025-03-31,2025,2025-03-14 10:30:00-04:00,2025-04-11 10:30:00-04:00,2025-03-31 00:20:00+00:00,19163.26226712292,140,False,HIGH_VOL,0.9999999289037648,,,,,,,,,True,True,193.5,129.5,blocked_window,,,,,,,
1851_lower,lower,2025-03-31,2025,2025-03-13 10:30:00-04:00,2025-04-10 10:30:00-04:00,2025-03-31 11:32:00+00:00,19132.060649987903,812,True,HIGH_VOL,0.9999987651672729,,,,,,,,,True,True,145.5,106.0,,2025-03-31 11:32:00+00:00,2025-03-31 12:38:00+00:00,2025-03-31 12:39:00+00:00,2025-03-31 13:31:00+00:00,LOCK,10.599999999998545,0.09999999999998627
1849_lower,lower,2025-03-31,2025,2025-03-11 10:30:00-04:00,2025-04-08 10:30:00-04:00,2025-03-31 13:44:00+00:00,19011.986383264026,944,True,HIGH_VOL,1.0,,,,,,,,,True,True,140.75,102.25,,2025-03-31 13:44:00+00:00,2025-03-31 13:55:00+00:00,2025-03-31 13:56:00+00:00,2025-03-31 14:08:00+00:00,TP,140.75,1.3765281173594133
1863_upper,upper,2025-03-31,2025,2025-03-31 10:30:00-04:00,2025-04-29 10:30:00-04:00,2025-03-31 19:42:00+00:00,19459.98026384765,1302,False,HIGH_VOL,0.9999999999999856,,,,,,,,,True,True,163.5,116.5,blocked_window,,,,,,,
1864_upper,upper,2025-04-02,2025,2025-04-01 10:30:00-04:00,2025-04-30 10:30:00-04:00,2025-04-02 15:25:00+00:00,19699.95710401039,1045,False,HIGH_VOL,1.0,,,,,,,,,True,True,93.75,78.5,blocked_window,,,,,,,
1865_upper,upper,2025-04-02,2025,2025-04-02 10:30:00-04:00,2025-05-01 10:30:00-04:00,2025-04-02 16:49:00+00:00,19799.47017533093,1129,False,HIGH_VOL,0.998339341148289,,,,,,,,,True,True,95.75,81.25,blocked_window,,,,,,,
1863_lower,lower,2025-04-03,2025,2025-03-31 10:30:00-04:00,2025-04-29 10:30:00-04:00,2025-04-03 14:49:00+00:00,18790.769736152342,1009,True,HIGH_VOL,0.9999999999918918,,,,,,,,,True,True,217.0,143.75,,2025-04-03 14:49:00+00:00,2025-04-03 15:38:00+00:00,2025-04-03 15:39:00+00:00,2025-04-03 18:05:00+00:00,LOCK,14.375,0.1
1867_lower,lower,2025-04-04,2025,2025-04-04 10:30:00-04:00,2025-05-05 10:30:00-04:00,2025-04-04 14:50:00+00:00,17658.120958752366,1010,True,HIGH_VOL,1.0,,,,,,,,,True,True,143.5,113.75,,2025-04-04 14:50:00+00:00,2025-04-04 14:51:00+00:00,2025-04-04 14:52:00+00:00,2025-04-04 14:52:00+00:00,TP,143.5,1.2615384615384615
1869_lower,lower,2025-04-08,2025,2025-04-08 10:30:00-04:00,2025-05-07 10:30:00-04:00,2025-04-08 16:41:00+00:00,17695.50017662563,1121,False,HIGH_VOL,1.0,,,,,,,,,True,True,283.5,210.5,blocked_window,,,,,,,
1870_upper,upper,2025-04-09,2025,2025-04-09 10:30:00-04:00,2025-05-08 10:30:00-04:00,2025-04-09 17:19:00+00:00,17852.90231829632,1159,False,HIGH_VOL,1.0,,,,,,,,,True,True,253.5,156.75,blocked_window,,,,,,,
1867_upper,upper,2025-04-09,2025,2025-04-04 10:30:00-04:00,2025-05-05 10:30:00-04:00,2025-04-09 17:25:00+00:00,18574.754041247637,1165,False,HIGH_VOL,1.0,,,,,,,,,True,True,253.5,156.75,blocked_window,,,,,,,
1868_upper,upper,2025-04-09,2025,2025-04-07 10:30:00-04:00,2025-05-06 10:30:00-04:00,2025-04-09 17:27:00+00:00,18722.38426409377,1167,False,HIGH_VOL,1.0,,,,,,,,,True,True,253.5,156.75,blocked_window,,,,,,,
1869_upper,upper,2025-04-09,2025,2025-04-08 10:30:00-04:00,2025-05-07 10:30:00-04:00,2025-04-09 17:27:00+00:00,18663.24982337437,1167,False,HIGH_VOL,1.0,,,,,,,,,True,True,253.5,156.75,blocked_window,,,,,,,
1866_upper,upper,2025-04-09,2025,2025-04-03 10:30:00-04:00,2025-05-02 10:30:00-04:00,2025-04-09 19:33:00+00:00,19268.709598530542,1293,False,HIGH_VOL,1.0,,,,,,,,,True,True,283.5,213.25,blocked_window,,,,,,,
1871_lower,lower,2025-04-10,2025,2025-04-10 10:30:00-04:00,2025-05-09 10:30:00-04:00,2025-04-10 15:58:00+00:00,18286.41895350092,1078,False,HIGH_VOL,0.9999999999999999,,,,,,,,,True,True,283.5,225.75,blocked_window,,,,,,,
1873_lower,lower,2025-04-16,2025,2025-04-14 10:30:00-04:00,2025-05-13 10:30:00-04:00,2025-04-16 00:13:00+00:00,18689.62805759884,133,False,MID_VOL,0.9918568618800003,,,,,,,,,True,True,89.25,73.75,blocked_window,,,,,,,
1874_lower,lower,2025-04-16,2025,2025-04-15 10:30:00-04:00,2025-05-14 10:30:00-04:00,2025-04-16 05:18:00+00:00,18604.621901765408,438,False,HIGH_VOL,0.9995023371452921,,,,,,,,,True,True,82.0,67.25,blocked_window,,,,,,,
1875_lower,lower,2025-04-16,2025,2025-04-16 10:30:00-04:00,2025-05-15 10:30:00-04:00,2025-04-16 18:50:00+00:00,18238.0404936951,1250,False,HIGH_VOL,0.9999999999999994,,,,,,,,,True,True,89.0,77.5,blocked_window,,,,,,,
1876_lower,lower,2025-04-21,2025,2025-04-17 10:30:00-04:00,2025-05-16 10:30:00-04:00,2025-04-21 13:56:00+00:00,18043.702403837186,956,True,HIGH_VOL,1.0,,,,,,,,,True,True,77.25,64.5,,2025-04-21 13:56:00+00:00,,,2025-04-21 14:00:00+00:00,SL,-64.5,-1.0
1872_lower,lower,2025-04-21,2025,2025-04-11 10:30:00-04:00,2025-05-12 10:30:00-04:00,2025-04-21 15:30:00+00:00,17856.044265047567,1050,False,HIGH_VOL,0.9999999979367089,,,,,,,,,True,True,81.75,70.75,blocked_window,,,,,,,
1877_upper,upper,2025-04-22,2025,2025-04-21 10:30:00-04:00,2025-05-19 10:30:00-04:00,2025-04-22 16:24:00+00:00,18498.33140246976,1104,False,HIGH_VOL,1.0,,,,,,,,,True,True,139.25,103.0,blocked_window,,,,,,,
1876_upper,upper,2025-04-23,2025,2025-04-17 10:30:00-04:00,2025-05-16 10:30:00-04:00,2025-04-23 08:40:00+00:00,18854.922596162814,640,False,HIGH_VOL,0.9992960956735067,,,,,,,,,True,True,140.0,101.0,blocked_window,,,,,,,
1875_upper,upper,2025-04-23,2025,2025-04-16 10:30:00-04:00,2025-05-15 10:30:00-04:00,2025-04-23 11:05:00+00:00,18940.5845063049,785,True,MID_VOL,0.512503783179402,,,,,,,,,True,True,145.5,103.75,,2025-04-23 11:05:00+00:00,2025-04-23 11:59:00+00:00,2025-04-23 12:00:00+00:00,2025-04-23 12:32:00+00:00,LOCK,10.375,0.1
1881_upper,upper,2025-04-29,2025,2025-04-25 10:30:00-04:00,2025-05-23 10:30:00-04:00,2025-04-29 17:48:00+00:00,19650.804460678333,1188,False,HIGH_VOL,0.9999998059672912,,,,,,,,,True,True,86.75,74.75,blocked_window,,,,,,,
1873_upper,upper,2025-04-29,2025,2025-04-14 10:30:00-04:00,2025-05-13 10:30:00-04:00,2025-04-29 17:53:00+00:00,19663.62194240116,1193,False,HIGH_VOL,0.9999999999996654,,,,,,,,,True,True,86.75,74.75,blocked_window,,,,,,,
1882_lower,lower,2025-04-30,2025,2025-04-28 10:30:00-04:00,2025-05-26 10:30:00-04:00,2025-04-30 13:39:00+00:00,19193.2781252601,939,True,HIGH_VOL,0.9754341467382138,,,,,,,,,True,True,100.0,84.25,,2025-04-30 13:39:00+00:00,,,2025-04-30 13:59:00+00:00,SL,-84.25,-1.0
1883_lower,lower,2025-04-30,2025,2025-04-29 10:30:00-04:00,2025-05-27 10:30:00-04:00,2025-04-30 13:58:00+00:00,19113.959979825704,958,True,HIGH_VOL,1.0,,,,,,,,,True,False,100.0,84.25,position_open,,,,,,,
1884_upper,upper,2025-04-30,2025,2025-04-30 10:30:00-04:00,2025-05-28 10:30:00-04:00,2025-04-30 19:50:00+00:00,19616.73662295809,1310,False,HIGH_VOL,0.9999999999972701,,,,,,,,,True,True,85.25,73.0,blocked_window,,,,,,,
1885_upper,upper,2025-05-02,2025,2025-05-01 10:30:00-04:00,2025-05-29 10:30:00-04:00,2025-05-02 16:37:00+00:00,20263.83700653757,1117,False,HIGH_VOL,0.9424660580203281,,,,,,,,,True,True,79.0,68.0,blocked_window,,,,,,,
1886_lower,lower,2025-05-06,2025,2025-05-02 10:30:00-04:00,2025-05-30 10:30:00-04:00,2025-05-06 13:51:00+00:00,19771.59466634644,951,True,HIGH_VOL,0.9999999999999988,,,,,,,,,True,True,56.0,54.0,,2025-05-06 13:51:00+00:00,2025-05-06 14:08:00+00:00,2025-05-06 14:09:00+00:00,2025-05-06 14:10:00+00:00,TP,56.0,1.037037037037037
1887_lower,lower,2025-05-06,2025,2025-05-05 10:30:00-04:00,2025-06-02 10:30:00-04:00,2025-05-06 13:55:00+00:00,19747.916462641893,955,True,HIGH_VOL,1.0,,,,,,,,,True,False,56.0,54.0,position_open,,,,,,,
1889_upper,upper,2025-05-08,2025,2025-05-07 10:30:00-04:00,2025-06-04 10:30:00-04:00,2025-05-08 04:41:00+00:00,20194.64849673071,401,False,LOW_VOL,0.5966827452676104,,,,,,,,,False,True,123.75,92.0,blocked_window,,,,,,,
1887_upper,upper,2025-05-08,2025,2025-05-05 10:30:00-04:00,2025-06-02 10:30:00-04:00,2025-05-08 15:45:00+00:00,20310.458537358107,1065,False,HIGH_VOL,1.0,,,,,,,,,True,True,101.75,87.0,blocked_window,,,,,,,
1891_upper,upper,2025-05-12,2025,2025-05-09 10:30:00-04:00,2025-06-06 10:30:00-04:00,2025-05-12 01:07:00+00:00,20528.440535847047,187,False,MID_VOL,0.9805221771981334,,,,,,,,,True,True,64.0,58.75,blocked_window,,,,,,,
1892_upper,upper,2025-05-13,2025,2025-05-12 10:30:00-04:00,2025-06-09 10:30:00-04:00,2025-05-13 14:17:00+00:00,21222.895093414,977,True,HIGH_VOL,0.9999999999999725,,,,,,,,,True,True,137.25,105.0,,2025-05-13 14:17:00+00:00,,,2025-05-13 16:47:00+00:00,SL,-105.0,-1.0
1893_upper,upper,2025-05-15,2025,2025-05-13 10:30:00-04:00,2025-06-10 10:30:00-04:00,2025-05-15 15:43:00+00:00,21430.874914375905,1063,False,HIGH_VOL,0.6645566516387708,,,,,,,,,True,True,47.25,49.75,blocked_window,,,,,,,
1896_lower,lower,2025-05-19,2025,2025-05-16 10:30:00-04:00,2025-06-13 10:30:00-04:00,2025-05-19 03:41:00+00:00,21217.734988096745,341,False,MID_VOL,0.8451414308523825,,,,,,,,,True,True,54.25,51.75,blocked_window,,,,,,,
1895_upper,upper,2025-05-20,2025,2025-05-15 10:30:00-04:00,2025-06-12 10:30:00-04:00,2025-05-19 23:32:00+00:00,21548.17602820053,92,False,LOW_VOL,0.5916403251775928,,,,,,,,,False,True,91.0,72.0,blocked_window,,,,,,,
1898_lower,lower,2025-05-21,2025,2025-05-20 10:30:00-04:00,2025-06-17 10:30:00-04:00,2025-05-21 17:30:00+00:00,21172.07384349611,1170,False,HIGH_VOL,1.0,,,,,,,,,True,True,62.75,64.25,blocked_window,,,,,,,
1894_lower,lower,2025-05-22,2025,2025-05-14 10:30:00-04:00,2025-06-11 10:30:00-04:00,2025-05-22 12:16:00+00:00,21057.278595660748,856,True,HIGH_VOL,0.9999999999999702,,,,,,,,,True,True,132.25,103.0,,2025-05-22 12:16:00+00:00,2025-05-22 12:44:00+00:00,2025-05-22 12:45:00+00:00,2025-05-22 12:59:00+00:00,TP,132.25,1.2839805825242718
1895_lower,lower,2025-05-22,2025,2025-05-15 10:30:00-04:00,2025-06-12 10:30:00-04:00,2025-05-22 12:16:00+00:00,21051.44897179947,856,True,HIGH_VOL,0.9999999999999702,,,,,,,,,True,False,132.25,103.0,position_open,,,,,,,
1899_lower,lower,2025-05-23,2025,2025-05-21 10:30:00-04:00,2025-06-18 10:30:00-04:00,2025-05-23 11:43:00+00:00,21026.60371456908,823,True,HIGH_VOL,0.9999999901769562,,,,,,,,,True,True,68.5,64.5,,2025-05-23 11:43:00+00:00,,,2025-05-23 11:44:00+00:00,SL,-64.5,-1.0
1897_lower,lower,2025-05-23,2025,2025-05-19 10:30:00-04:00,2025-06-16 10:30:00-04:00,2025-05-23 11:44:00+00:00,20911.397499358634,824,True,HIGH_VOL,0.9999999901769562,,,,,,,,,True,False,68.5,64.5,same_bar_reentry,,,,,,,
1900_lower,lower,2025-05-23,2025,2025-05-22 10:30:00-04:00,2025-06-19 10:30:00-04:00,2025-05-23 11:49:00+00:00,20848.158405671267,829,True,HIGH_VOL,1.0,,,,,,,,,True,True,68.5,64.5,,2025-05-23 11:49:00+00:00,2025-05-23 11:54:00+00:00,2025-05-23 11:55:00+00:00,2025-05-23 11:56:00+00:00,LOCK,6.450000000000728,0.10000000000001127
1902_upper,upper,2025-05-28,2025,2025-05-26 10:30:00-04:00,2025-06-23 10:30:00-04:00,2025-05-28 10:54:00+00:00,21513.31086137817,774,True,MID_VOL,0.7113438947607275,,,,,,,,,True,True,78.25,65.5,,2025-05-28 10:54:00+00:00,2025-05-28 13:57:00+00:00,2025-05-28 13:58:00+00:00,2025-05-28 14:37:00+00:00,TP,78.25,1.1946564885496183
1900_upper,upper,2025-05-28,2025,2025-05-22 10:30:00-04:00,2025-06-19 10:30:00-04:00,2025-05-28 13:39:00+00:00,21545.216594328733,939,True,MID_VOL,0.9944397568209089,,,,,,,,,True,False,77.0,64.25,position_open,,,,,,,
1899_upper,upper,2025-05-29,2025,2025-05-21 10:30:00-04:00,2025-06-18 10:30:00-04:00,2025-05-28 23:00:00+00:00,21611.27128543092,60,False,HIGH_VOL,0.9846351975370948,,,,,,,,,True,True,76.75,70.75,blocked_window,,,,,,,
1897_upper,upper,2025-05-29,2025,2025-05-19 10:30:00-04:00,2025-06-16 10:30:00-04:00,2025-05-28 23:00:00+00:00,21624.22750064137,60,False,HIGH_VOL,0.9846351975370948,,,,,,,,,True,True,76.75,70.75,blocked_window,,,,,,,
1903_upper,upper,2025-05-29,2025,2025-05-27 10:30:00-04:00,2025-06-24 10:30:00-04:00,2025-05-28 23:00:00+00:00,21612.80588287719,60,False,HIGH_VOL,0.9846351975370948,,,,,,,,,True,True,76.75,70.75,blocked_window,,,,,,,
1898_upper,upper,2025-05-29,2025,2025-05-20 10:30:00-04:00,2025-06-17 10:30:00-04:00,2025-05-28 23:01:00+00:00,21638.17615650389,61,False,HIGH_VOL,0.9846351975370948,,,,,,,,,True,True,76.75,70.75,blocked_window,,,,,,,
1896_upper,upper,2025-05-29,2025,2025-05-16 10:30:00-04:00,2025-06-13 10:30:00-04:00,2025-05-28 23:07:00+00:00,21678.89001190325,67,False,HIGH_VOL,0.9999999999999978,,,,,,,,,True,True,76.75,70.75,blocked_window,,,,,,,
1904_upper,upper,2025-05-29,2025,2025-05-28 10:30:00-04:00,2025-06-25 10:30:00-04:00,2025-05-28 23:16:00+00:00,21774.231123650083,76,False,HIGH_VOL,1.0,,,,,,,,,True,True,76.75,70.75,blocked_window,,,,,,,
1904_lower,lower,2025-05-30,2025,2025-05-28 10:30:00-04:00,2025-06-25 10:30:00-04:00,2025-05-30 12:11:00+00:00,21233.89387634992,851,True,HIGH_VOL,0.8629775572602851,,,,,,,,,True,True,109.75,79.0,,2025-05-30 12:11:00+00:00,2025-05-30 12:14:00+00:00,2025-05-30 12:15:00+00:00,2025-05-30 12:33:00+00:00,TP,109.75,1.389240506329114
1905_lower,lower,2025-05-30,2025,2025-05-29 10:30:00-04:00,2025-06-26 10:30:00-04:00,2025-05-30 16:28:00+00:00,21199.279044021045,1108,False,HIGH_VOL,0.9999999871426266,,,,,,,,,True,True,127.5,97.0,blocked_window,,,,,,,
1906_upper,upper,2025-06-03,2025,2025-05-30 10:30:00-04:00,2025-06-27 10:30:00-04:00,2025-06-03 14:03:00+00:00,21634.14548596173,963,True,HIGH_VOL,0.9933354478224196,,,,,,,,,True,True,93.25,78.25,,2025-06-03 14:03:00+00:00,2025-06-03 14:08:00+00:00,2025-06-03 14:09:00+00:00,2025-06-03 14:19:00+00:00,LOCK,7.825000000000728,0.1000000000000093
1907_upper,upper,2025-06-03,2025,2025-06-02 10:30:00-04:00,2025-06-30 10:30:00-04:00,2025-06-03 14:51:00+00:00,21643.6669817203,1011,True,HIGH_VOL,0.7176661012533193,,,,,,,,,True,True,93.25,77.5,,2025-06-03 14:51:00+00:00,,,2025-06-03 16:31:00+00:00,SL,-77.5,-1.0
1908_upper,upper,2025-06-05,2025,2025-06-03 10:30:00-04:00,2025-07-01 10:30:00-04:00,2025-06-05 07:27:00+00:00,21806.20617937395,567,False,MID_VOL,0.9889858145560378,,,,,,,,,True,True,38.75,38.5,blocked_window,,,,,,,
1910_lower,lower,2025-06-05,2025,2025-06-05 10:30:00-04:00,2025-07-03 10:30:00-04:00,2025-06-05 19:17:00+00:00,21529.87156208933,1277,False,HIGH_VOL,0.9999999993047388,,,,,,,,,True,True,52.0,52.75,blocked_window,,,,,,,
1909_upper,upper,2025-06-10,2025,2025-06-04 10:30:00-04:00,2025-07-02 10:30:00-04:00,2025-06-10 19:05:00+00:00,21980.171524408102,1265,False,HIGH_VOL,0.9998268998362061,,,,,,,,,True,True,52.0,54.0,blocked_window,,,,,,,
1912_upper,upper,2025-06-11,2025,2025-06-09 10:30:00-04:00,2025-07-07 10:30:00-04:00,2025-06-11 12:30:00+00:00,22043.883602389964,870,True,MID_VOL,0.969841003085589,,,,,,,,,True,True,62.0,59.5,,2025-06-11 12:30:00+00:00,,,2025-06-11 12:30:00+00:00,SL,-59.5,-1.0
1911_upper,upper,2025-06-11,2025,2025-06-06 10:30:00-04:00,2025-07-04 10:30:00-04:00,2025-06-11 12:30:00+00:00,22050.342588744585,870,True,MID_VOL,0.969841003085589,,,,,,,,,True,False,62.0,59.5,same_bar_reentry,,,,,,,
1913_upper,upper,2025-06-11,2025,2025-06-10 10:30:00-04:00,2025-07-08 10:30:00-04:00,2025-06-11 12:30:00+00:00,22060.03083400799,870,True,MID_VOL,0.969841003085589,,,,,,,,,True,False,62.0,59.5,same_bar_reentry,,,,,,,
1905_upper,upper,2025-06-11,2025,2025-05-29 10:30:00-04:00,2025-06-26 10:30:00-04:00,2025-06-11 12:30:00+00:00,22005.095955978955,870,True,MID_VOL,0.969841003085589,,,,,,,,,True,False,62.0,59.5,same_bar_reentry,,,,,,,
1910_upper,upper,2025-06-11,2025,2025-06-05 10:30:00-04:00,2025-07-03 10:30:00-04:00,2025-06-11 12:30:00+00:00,22048.378437910666,870,True,MID_VOL,0.969841003085589,,,,,,,,,True,False,62.0,59.5,same_bar_reentry,,,,,,,
1914_lower,lower,2025-06-12,2025,2025-06-11 10:30:00-04:00,2025-07-09 10:30:00-04:00,2025-06-12 08:02:00+00:00,21746.69078079703,602,False,HIGH_VOL,0.9891147907713207,,,,,,,,,True,True,74.75,67.0,blocked_window,,,,,,,
1913_lower,lower,2025-06-13,2025,2025-06-10 10:30:00-04:00,2025-07-08 10:30:00-04:00,2025-06-13 00:05:00+00:00,21631.84416599201,125,False,HIGH_VOL,1.0,,,,,,,,,True,True,67.0,63.25,blocked_window,,,,,,,
1915_lower,lower,2025-06-13,2025,2025-06-12 10:30:00-04:00,2025-07-10 10:30:00-04:00,2025-06-13 00:05:00+00:00,21608.59291976779,125,False,HIGH_VOL,1.0,,,,,,,,,True,True,67.0,63.25,blocked_window,,,,,,,
1912_lower,lower,2025-06-13,2025,2025-06-09 10:30:00-04:00,2025-07-07 10:30:00-04:00,2025-06-13 00:32:00+00:00,21562.11639761004,152,False,HIGH_VOL,1.0,,,,,,,,,True,True,67.0,66.0,blocked_window,,,,,,,
1911_lower,lower,2025-06-13,2025,2025-06-06 10:30:00-04:00,2025-07-04 10:30:00-04:00,2025-06-13 00:32:00+00:00,21560.90741125541,152,False,HIGH_VOL,1.0,,,,,,,,,True,True,67.0,66.0,blocked_window,,,,,,,
1916_upper,upper,2025-06-16,2025,2025-06-13 10:30:00-04:00,2025-07-11 10:30:00-04:00,2025-06-16 07:07:00+00:00,21986.97655312121,547,False,MID_VOL,0.9152735892145606,,,,,,,,,True,True,81.5,65.25,blocked_window,,,,,,,
1915_upper,upper,2025-06-16,2025,2025-06-12 10:30:00-04:00,2025-07-10 10:30:00-04:00,2025-06-16 13:32:00+00:00,22095.40708023221,932,True,MID_VOL,0.9845496422413798,,,,,,,,,True,True,90.0,71.5,,2025-06-16 13:32:00+00:00,,,2025-06-16 13:56:00+00:00,SL,-71.5,-1.0
1918_lower,lower,2025-06-19,2025,2025-06-17 10:30:00-04:00,2025-07-15 10:30:00-04:00,2025-06-19 01:04:00+00:00,21823.793626264163,184,False,LOW_VOL,0.6709606406355779,,,,,,,,,False,True,63.75,56.5,blocked_window,,,,,,,
1917_lower,lower,2025-06-19,2025,2025-06-16 10:30:00-04:00,2025-07-14 10:30:00-04:00,2025-06-19 13:05:00+00:00,21741.51368658432,905,True,MID_VOL,0.5046181691841629,,,,,,,,,True,True,49.25,49.0,,2025-06-19 13:05:00+00:00,2025-06-19 13:23:00+00:00,2025-06-19 13:24:00+00:00,2025-06-19 13:35:00+00:00,LOCK,4.900000000001455,0.1000000000000297
1919_lower,lower,2025-06-19,2025,2025-06-18 10:30:00-04:00,2025-07-16 10:30:00-04:00,2025-06-19 13:47:00+00:00,21695.16034984777,947,True,HIGH_VOL,0.6619470139096421,,,,,,,,,True,True,49.25,48.25,,2025-06-19 13:47:00+00:00,2025-06-19 14:55:00+00:00,2025-06-19 14:56:00+00:00,2025-06-19 15:35:00+00:00,LOCK,4.825000000000728,0.10000000000001508
1920_upper,upper,2025-06-20,2025,2025-06-19 10:30:00-04:00,2025-07-17 10:30:00-04:00,2025-06-20 12:51:00+00:00,22028.016247638705,891,True,MID_VOL,0.8666595210293747,,,,,,,,,True,True,94.25,76.0,,2025-06-20 12:51:00+00:00,,,2025-06-20 13:35:00+00:00,SL,-76.0,-1.0
1922_upper,upper,2025-06-24,2025,2025-06-23 10:30:00-04:00,2025-07-21 10:30:00-04:00,2025-06-23 23:18:00+00:00,22243.279916919677,78,False,MID_VOL,0.6520983260058486,,,,,,,,,True,True,159.25,111.0,blocked_window,,,,,,,
1914_upper,upper,2025-06-24,2025,2025-06-11 10:30:00-04:00,2025-07-09 10:30:00-04:00,2025-06-23 23:22:00+00:00,22250.05921920297,82,False,MID_VOL,0.8699093586052977,,,,,,,,,True,True,159.25,111.0,blocked_window,,,,,,,
1919_upper,upper,2025-06-24,2025,2025-06-18 10:30:00-04:00,2025-07-16 10:30:00-04:00,2025-06-24 05:45:00+00:00,22302.46465015223,465,False,MID_VOL,0.8150291273750061,,,,,,,,,True,True,125.25,87.75,blocked_window,,,,,,,
1918_upper,upper,2025-06-24,2025,2025-06-17 10:30:00-04:00,2025-07-15 10:30:00-04:00,2025-06-24 06:08:00+00:00,22319.95637373584,488,False,MID_VOL,0.7589016781881038,,,,,,,,,True,True,141.75,102.25,blocked_window,,,,,,,
1917_upper,upper,2025-06-24,2025,2025-06-16 10:30:00-04:00,2025-07-14 10:30:00-04:00,2025-06-24 07:07:00+00:00,22381.23631341568,547,False,LOW_VOL,0.6719450797579031,,,,,,,,,False,True,152.25,105.5,blocked_window,,,,,,,
1921_upper,upper,2025-06-24,2025,2025-06-20 10:30:00-04:00,2025-07-18 10:30:00-04:00,2025-06-24 16:38:00+00:00,22400.42347961277,1118,False,LOW_VOL,0.7823584057714007,,,,,,,,,False,True,122.25,90.0,blocked_window,,,,,,,
1923_upper,upper,2025-06-25,2025,2025-06-24 10:30:00-04:00,2025-07-22 10:30:00-04:00,2025-06-25 13:30:00+00:00,22516.4532644436,930,True,LOW_VOL,0.6344114193253454,,,,,,,,,False,True,88.5,68.75,blocked_low_vol,,,,,,,
1924_upper,upper,2025-06-27,2025,2025-06-25 10:30:00-04:00,2025-07-23 10:30:00-04:00,2025-06-27 06:11:00+00:00,22722.75839492408,491,False,LOW_VOL,0.6667243896379632,,,,,,,,,False,True,64.75,56.5,blocked_window,,,,,,,
1925_upper,upper,2025-06-27,2025,2025-06-26 10:30:00-04:00,2025-07-24 10:30:00-04:00,2025-06-27 11:38:00+00:00,22773.328162960443,818,True,LOW_VOL,0.5960250014193034,,,,,,,,,False,True,56.5,52.0,blocked_low_vol,,,,,,,
1927_lower,lower,2025-07-01,2025,2025-06-30 10:30:00-04:00,2025-07-28 10:30:00-04:00,2025-07-01 15:08:00+00:00,22638.022347378952,1028,False,HIGH_VOL,0.9639143727676206,,,,,,,,,True,True,56.25,57.5,blocked_window,,,,,,,
1929_upper,upper,2025-07-03,2025,2025-07-02 10:30:00-04:00,2025-07-30 10:30:00-04:00,2025-07-03 13:30:00+00:00,22963.565131112424,930,True,LOW_VOL,0.5283308293812289,,,,,,,,,False,True,86.0,73.75,blocked_low_vol,,,,,,,
1926_upper,upper,2025-07-03,2025,2025-06-27 10:30:00-04:00,2025-07-25 10:30:00-04:00,2025-07-03 13:51:00+00:00,22990.650113436637,951,True,HIGH_VOL,0.49740062863683704,,,,,,,,,True,True,86.0,73.75,,2025-07-03 13:51:00+00:00,,,2025-07-03 14:21:00+00:00,SL,-73.75,-1.0
1928_upper,upper,2025-07-03,2025,2025-07-01 10:30:00-04:00,2025-07-29 10:30:00-04:00,2025-07-03 14:02:00+00:00,23034.85071845072,962,True,HIGH_VOL,0.9761326130384314,,,,,,,,,True,False,72.5,65.75,position_open,,,,,,,
1927_upper,upper,2025-07-03,2025,2025-06-30 10:30:00-04:00,2025-07-28 10:30:00-04:00,2025-07-03 15:08:00+00:00,23068.602652621048,1028,False,LOW_VOL,0.6694228214862608,,,,,,,,,False,True,69.25,60.5,blocked_window,,,,,,,
1931_upper,upper,2025-07-15,2025,2025-07-04 10:30:00-04:00,2025-08-01 10:30:00-04:00,2025-07-15 01:50:00+00:00,23120.43003053195,230,False,HIGH_VOL,0.999999999969589,,,,,,,,,True,True,58.25,49.75,blocked_window,,,,,,,
1933_upper,upper,2025-07-15,2025,2025-07-08 10:30:00-04:00,2025-08-05 10:30:00-04:00,2025-07-15 01:52:00+00:00,23157.74049259964,232,False,HIGH_VOL,0.999999999969589,,,,,,,,,True,True,58.25,49.75,blocked_window,,,,,,,
1932_upper,upper,2025-07-15,2025,2025-07-07 10:30:00-04:00,2025-08-04 10:30:00-04:00,2025-07-15 01:52:00+00:00,23158.99858672232,232,False,HIGH_VOL,0.999999999969589,,,,,,,,,True,True,58.25,49.75,blocked_window,,,,,,,
1936_upper,upper,2025-07-15,2025,2025-07-11 10:30:00-04:00,2025-08-08 10:30:00-04:00,2025-07-15 10:31:00+00:00,23184.128315938666,751,True,LOW_VOL,0.7121770315385846,,,,,,,,,False,True,62.0,54.0,blocked_low_vol,,,,,,,
1937_upper,upper,2025-07-15,2025,2025-07-14 10:30:00-04:00,2025-08-11 10:30:00-04:00,2025-07-15 12:30:00+00:00,23195.73563913029,870,True,MID_VOL,0.6232385452168046,,,,,,,,,True,True,72.75,64.0,,2025-07-15 12:30:00+00:00,2025-07-15 13:40:00+00:00,2025-07-15 13:41:00+00:00,2025-07-15 14:00:00+00:00,TP,72.75,1.13671875
1938_lower,lower,2025-07-16,2025,2025-07-15 10:30:00-04:00,2025-08-12 10:30:00-04:00,2025-07-16 07:07:00+00:00,22944.32472931097,547,False,LOW_VOL,0.6649139077806991,,,,,,,,,False,True,60.75,55.75,blocked_window,,,,,,,
1930_upper,upper,2025-07-17,2025,2025-07-03 10:30:00-04:00,2025-07-31 10:30:00-04:00,2025-07-17 15:05:00+00:00,23231.100082062927,1025,False,MID_VOL,0.9523263450776464,,,,,,,,,True,True,69.5,62.75,blocked_window,,,,,,,
1934_upper,upper,2025-07-17,2025,2025-07-09 10:30:00-04:00,2025-08-06 10:30:00-04:00,2025-07-17 16:25:00+00:00,23273.31354959769,1105,False,MID_VOL,0.9721354060384376,,,,,,,,,True,True,71.5,63.25,blocked_window,,,,,,,
1939_upper,upper,2025-07-18,2025,2025-07-16 10:30:00-04:00,2025-08-13 10:30:00-04:00,2025-07-18 13:28:00+00:00,23315.830634039357,928,True,LOW_VOL,0.8409288592072884,,,,,,,,,False,True,60.75,53.0,blocked_low_vol,,,,,,,
1935_upper,upper,2025-07-21,2025,2025-07-10 10:30:00-04:00,2025-08-07 10:30:00-04:00,2025-07-21 13:39:00+00:00,23329.70872407908,939,True,HIGH_VOL,0.9993176089097107,,,,,,,,,True,True,41.25,42.75,,2025-07-21 13:39:00+00:00,,,2025-07-21 13:46:00+00:00,SL,-42.75,-1.0
1940_upper,upper,2025-07-21,2025,2025-07-17 10:30:00-04:00,2025-08-14 10:30:00-04:00,2025-07-21 13:45:00+00:00,23354.46373998964,945,True,HIGH_VOL,0.99998928957276,,,,,,,,,True,False,41.25,42.75,position_open,,,,,,,
1938_upper,upper,2025-07-25,2025,2025-07-15 10:30:00-04:00,2025-08-12 10:30:00-04:00,2025-07-25 01:43:00+00:00,23427.550270689026,223,False,LOW_VOL,0.7320484216454444,,,,,,,,,False,True,37.75,38.5,blocked_window,,,,,,,
1942_upper,upper,2025-07-28,2025,2025-07-21 10:30:00-04:00,2025-08-18 10:30:00-04:00,2025-07-28 05:53:00+00:00,23574.398521302704,473,False,LOW_VOL,0.7619329792719676,,,,,,,,,False,True,40.5,39.75,blocked_window,,,,,,,
1946_upper,upper,2025-07-28,2025,2025-07-25 10:30:00-04:00,2025-08-22 10:30:00-04:00,2025-07-28 05:54:00+00:00,23577.8482349201,474,False,LOW_VOL,0.7619329792719676,,,,,,,,,False,True,40.5,39.75,blocked_window,,,,,,,
1945_upper,upper,2025-07-29,2025,2025-07-24 10:30:00-04:00,2025-08-21 10:30:00-04:00,2025-07-29 07:46:00+00:00,23588.220500917443,586,False,LOW_VOL,0.6444280519743566,,,,,,,,,False,True,38.5,39.0,blocked_window,,,,,,,
1943_upper,upper,2025-07-29,2025,2025-07-22 10:30:00-04:00,2025-08-19 10:30:00-04:00,2025-07-29 13:31:00+00:00,23624.97526779357,931,True,LOW_VOL,0.797778392454806,,,,,,,,,False,True,41.75,42.75,blocked_low_vol,,,,,,,
1948_lower,lower,2025-07-30,2025,2025-07-29 10:30:00-04:00,2025-08-26 10:30:00-04:00,2025-07-30 19:00:00+00:00,23365.44090114052,1260,False,HIGH_VOL,1.0,,,,,,,,,True,True,82.5,78.5,blocked_window,,,,,,,
1948_upper,upper,2025-07-31,2025,2025-07-29 10:30:00-04:00,2025-08-26 10:30:00-04:00,2025-07-31 07:41:00+00:00,23825.43409885948,581,False,MID_VOL,0.5679648264773102,,,,,,,,,True,True,89.5,73.0,blocked_window,,,,,,,
1950_lower,lower,2025-07-31,2025,2025-07-31 10:30:00-04:00,2025-08-28 10:30:00-04:00,2025-07-31 17:27:00+00:00,23460.68991584859,1167,False,HIGH_VOL,0.9938945826433009,,,,,,,,,True,True,83.5,71.25,blocked_window,,,,,,,
1946_lower,lower,2025-08-01,2025,2025-07-25 10:30:00-04:00,2025-08-22 10:30:00-04:00,2025-08-01 07:36:00+00:00,23155.5267650799,576,False,HIGH_VOL,0.9938485687094785,,,,,,,,,True,True,139.25,104.25,blocked_window,,,,,,,
1945_lower,lower,2025-08-01,2025,2025-07-24 10:30:00-04:00,2025-08-21 10:30:00-04:00,2025-08-01 07:51:00+00:00,23135.40449908256,591,False,HIGH_VOL,0.9782177591556389,,,,,,,,,True,True,139.25,104.25,blocked_window,,,,,,,
1941_lower,lower,2025-08-01,2025,2025-07-18 10:30:00-04:00,2025-08-15 10:30:00-04:00,2025-08-01 13:32:00+00:00,23026.723166003285,932,True,HIGH_VOL,0.9514884277756891,,,,,,,,,True,True,198.0,134.25,,2025-08-01 13:32:00+00:00,,,2025-08-01 13:46:00+00:00,SL,-134.25,-1.0
1942_lower,lower,2025-08-01,2025,2025-07-21 10:30:00-04:00,2025-08-18 10:30:00-04:00,2025-08-01 13:33:00+00:00,23019.101478697296,933,True,HIGH_VOL,0.9514884277756891,,,,,,,,,True,False,198.0,134.25,position_open,,,,,,,
1944_lower,lower,2025-08-01,2025,2025-07-23 10:30:00-04:00,2025-08-20 10:30:00-04:00,2025-08-01 13:36:00+00:00,22987.824169929678,936,True,HIGH_VOL,1.0,,,,,,,,,True,False,198.0,134.25,position_open,,,,,,,
1943_lower,lower,2025-08-01,2025,2025-07-22 10:30:00-04:00,2025-08-19 10:30:00-04:00,2025-08-01 13:42:00+00:00,22949.89973220643,942,True,HIGH_VOL,0.9999999999980279,,,,,,,,,True,False,198.0,134.25,position_open,,,,,,,
1940_lower,lower,2025-08-01,2025,2025-07-17 10:30:00-04:00,2025-08-14 10:30:00-04:00,2025-08-01 13:49:00+00:00,22866.28626001036,949,True,HIGH_VOL,1.0,,,,,,,,,True,True,198.0,134.25,,2025-08-01 13:49:00+00:00,2025-08-01 14:24:00+00:00,2025-08-01 14:25:00+00:00,2025-08-01 16:59:00+00:00,LOCK,13.424999999999272,0.09999999999999458
1939_lower,lower,2025-08-01,2025,2025-07-16 10:30:00-04:00,2025-08-13 10:30:00-04:00,2025-08-01 18:09:00+00:00,22777.544365960646,1209,False,MID_VOL,0.9628884764143171,,,,,,,,,True,True,146.5,105.5,blocked_window,,,,,,,
1951_upper,upper,2025-08-05,2025,2025-08-01 10:30:00-04:00,2025-08-29 10:30:00-04:00,2025-08-05 12:14:00+00:00,23398.54778671259,854,True,LOW_VOL,0.7085690644036505,,,,,,,,,False,True,132.5,95.25,blocked_low_vol,,,,,,,
1953_upper,upper,2025-08-07,2025,2025-08-05 10:30:00-04:00,2025-09-02 10:30:00-04:00,2025-08-07 09:56:00+00:00,23601.613878410044,716,True,MID_VOL,0.6903266870262591,,,,,,,,,True,True,115.5,88.75,,2025-08-07 09:56:00+00:00,2025-08-07 14:55:00+00:00,2025-08-07 14:56:00+00:00,2025-08-07 15:49:00+00:00,TP,115.5,1.3014084507042254
1955_lower,lower,2025-08-07,2025,2025-08-07 10:30:00-04:00,2025-09-04 10:30:00-04:00,2025-08-07 18:14:00+00:00,23348.838773943324,1214,False,MID_VOL,0.969461190746345,,,,,,,,,True,True,108.0,85.75,blocked_window,,,,,,,
1956_upper,upper,2025-08-12,2025,2025-08-08 10:30:00-04:00,2025-09-05 10:30:00-04:00,2025-08-12 15:17:00+00:00,23850.31179653912,1037,False,MID_VOL,0.7226186194770459,,,,,,,,,True,True,58.0,55.25,blocked_window,,,,,,,
1955_upper,upper,2025-08-12,2025,2025-08-07 10:30:00-04:00,2025-09-04 10:30:00-04:00,2025-08-12 15:19:00+00:00,23858.91122605668,1039,False,MID_VOL,0.7226186194770459,,,,,,,,,True,True,58.0,55.25,blocked_window,,,,,,,
1957_upper,upper,2025-08-12,2025,2025-08-11 10:30:00-04:00,2025-09-08 10:30:00-04:00,2025-08-12 18:20:00+00:00,23930.69017765137,1220,False,LOW_VOL,0.6339847169432588,,,,,,,,,False,True,52.75,49.75,blocked_window,,,,,,,
1950_upper,upper,2025-08-13,2025,2025-07-31 10:30:00-04:00,2025-08-28 10:30:00-04:00,2025-08-12 23:49:00+00:00,23967.18508415141,109,False,LOW_VOL,0.5991083741865801,,,,,,,,,False,True,74.75,60.0,blocked_window,,,,,,,
1958_upper,upper,2025-08-13,2025,2025-08-12 10:30:00-04:00,2025-09-09 10:30:00-04:00,2025-08-13 12:36:00+00:00,24017.78030730159,876,True,LOW_VOL,0.5520915300607889,,,,,,,,,False,True,79.75,64.25,blocked_low_vol,,,,,,,
1959_lower,lower,2025-08-15,2025,2025-08-13 10:30:00-04:00,2025-09-10 10:30:00-04:00,2025-08-15 13:49:00+00:00,23791.33191477614,949,True,HIGH_VOL,0.9945137148742315,,,,,,,,,True,True,57.0,53.75,,2025-08-15 13:49:00+00:00,2025-08-15 14:01:00+00:00,2025-08-15 14:02:00+00:00,2025-08-15 14:04:00+00:00,TP,57.0,1.0604651162790697
1960_lower,lower,2025-08-19,2025,2025-08-14 10:30:00-04:00,2025-09-11 10:30:00-04:00,2025-08-19 13:47:00+00:00,23646.978338376583,947,True,HIGH_VOL,0.9999999999999958,,,,,,,,,True,True,45.0,45.0,,2025-08-19 13:47:00+00:00,2025-08-19 13:53:00+00:00,2025-08-19 13:54:00+00:00,2025-08-19 13:54:00+00:00,TP,45.0,1.0
1961_lower,lower,2025-08-19,2025,2025-08-15 10:30:00-04:00,2025-09-12 10:30:00-04:00,2025-08-19 14:28:00+00:00,23624.344429819088,988,True,HIGH_VOL,0.9652806611969047,,,,,,,,,True,True,47.5,51.5,,2025-08-19 14:28:00+00:00,,,2025-08-19 14:44:00+00:00,SL,-51.5,-1.0
1962_lower,lower,2025-08-19,2025,2025-08-18 10:30:00-04:00,2025-09-15 10:30:00-04:00,2025-08-19 14:48:00+00:00,23558.987295314557,1008,True,HIGH_VOL,0.9999999999806191,,,,,,,,,True,True,47.5,51.0,,2025-08-19 14:48:00+00:00,2025-08-19 14:56:00+00:00,2025-08-19 14:57:00+00:00,2025-08-19 14:58:00+00:00,LOCK,5.099999999998545,0.09999999999997147
1957_lower,lower,2025-08-19,2025,2025-08-11 10:30:00-04:00,2025-09-08 10:30:00-04:00,2025-08-19 16:39:00+00:00,23509.184822348638,1119,False,MID_VOL,0.5132954036176522,,,,,,,,,True,True,45.75,47.75,blocked_window,,,,,,,
1963_lower,lower,2025-08-19,2025,2025-08-19 10:30:00-04:00,2025-09-16 10:30:00-04:00,2025-08-19 17:01:00+00:00,23468.68801143708,1141,False,MID_VOL,0.6006460863379384,,,,,,,,,True,True,50.0,51.75,blocked_window,,,,,,,
1958_lower,lower,2025-08-19,2025,2025-08-12 10:30:00-04:00,2025-09-09 10:30:00-04:00,2025-08-19 19:01:00+00:00,23430.34469269841,1261,False,LOW_VOL,0.7470203405191117,,,,,,,,,False,True,47.5,47.75,blocked_window,,,,,,,
1956_lower,lower,2025-08-20,2025,2025-08-08 10:30:00-04:00,2025-09-05 10:30:00-04:00,2025-08-20 13:45:00+00:00,23299.313203460883,945,True,HIGH_VOL,0.9999999959956853,,,,,,,,,True,True,101.0,77.75,,2025-08-20 13:45:00+00:00,,,2025-08-20 13:51:00+00:00,SL,-77.75,-1.0
1965_upper,upper,2025-08-22,2025,2025-08-21 10:30:00-04:00,2025-09-18 10:30:00-04:00,2025-08-22 14:08:00+00:00,23567.909221342317,968,True,HIGH_VOL,1.0,,,,,,,,,True,True,60.25,59.5,,2025-08-22 14:08:00+00:00,,,2025-08-22 14:15:00+00:00,SL,-59.5,-1.0
1968_upper,upper,2025-08-28,2025,2025-08-26 10:30:00-04:00,2025-09-23 10:30:00-04:00,2025-08-28 13:31:00+00:00,23724.339417208048,931,True,MID_VOL,0.6980593891989586,,,,,,,,,True,True,79.0,67.25,,2025-08-28 13:31:00+00:00,2025-08-28 13:45:00+00:00,2025-08-28 13:46:00+00:00,2025-08-28 13:50:00+00:00,TP,79.0,1.174721189591078
1967_upper,upper,2025-08-28,2025,2025-08-25 10:30:00-04:00,2025-09-22 10:30:00-04:00,2025-08-28 13:33:00+00:00,23738.692284472432,933,True,MID_VOL,0.6980593891989586,,,,,,,,,True,False,79.0,67.25,position_open,,,,,,,
1964_upper,upper,2025-08-28,2025,2025-08-20 10:30:00-04:00,2025-09-17 10:30:00-04:00,2025-08-28 18:09:00+00:00,23776.463210696416,1209,False,LOW_VOL,0.6792366043413027,,,,,,,,,False,True,61.0,53.5,blocked_window,,,,,,,
1969_upper,upper,2025-08-28,2025,2025-08-27 10:30:00-04:00,2025-09-24 10:30:00-04:00,2025-08-28 18:54:00+00:00,23787.342156594877,1254,False,LOW_VOL,0.735673269680224,,,,,,,,,False,True,61.0,53.0,blocked_window,,,,,,,
1970_lower,lower,2025-09-02,2025,2025-08-28 10:30:00-04:00,2025-09-25 10:30:00-04:00,2025-09-02 07:42:00+00:00,23363.293313891954,582,False,HIGH_VOL,0.9999225125897631,,,,,,,,,True,True,48.75,50.5,blocked_window,,,,,,,
1969_lower,lower,2025-09-02,2025,2025-08-27 10:30:00-04:00,2025-09-24 10:30:00-04:00,2025-09-02 07:51:00+00:00,23301.282843405126,591,False,HIGH_VOL,0.9999999993903796,,,,,,,,,True,True,48.75,50.5,blocked_window,,,,,,,
1971_lower,lower,2025-09-02,2025,2025-08-29 10:30:00-04:00,2025-09-26 10:30:00-04:00,2025-09-02 07:54:00+00:00,23271.67079540464,594,False,HIGH_VOL,0.9999999993903796,,,,,,,,,True,True,48.75,50.5,blocked_window,,,,,,,
1972_lower,lower,2025-09-02,2025,2025-09-01 10:30:00-04:00,2025-09-29 10:30:00-04:00,2025-09-02 07:54:00+00:00,23271.494967550883,594,False,HIGH_VOL,0.9999999993903796,,,,,,,,,True,True,48.75,50.5,blocked_window,,,,,,,
1967_lower,lower,2025-09-02,2025,2025-08-25 10:30:00-04:00,2025-09-22 10:30:00-04:00,2025-09-02 10:28:00+00:00,23259.432715527568,748,True,MID_VOL,0.6989612409294503,,,,,,,,,True,True,52.75,51.5,,2025-09-02 10:28:00+00:00,,,2025-09-02 12:01:00+00:00,SL,-51.5,-1.0
1968_lower,lower,2025-09-02,2025,2025-08-26 10:30:00-04:00,2025-09-23 10:30:00-04:00,2025-09-02 10:43:00+00:00,23233.910582791952,763,True,MID_VOL,0.7641229819417457,,,,,,,,,True,False,52.75,52.75,position_open,,,,,,,
1973_upper,upper,2025-09-03,2025,2025-09-02 10:30:00-04:00,2025-09-30 10:30:00-04:00,2025-09-03 14:34:00+00:00,23475.55294373329,994,True,HIGH_VOL,0.9999999999978759,,,,,,,,,True,True,112.5,89.75,,2025-09-03 14:34:00+00:00,2025-09-03 15:32:00+00:00,2025-09-03 15:33:00+00:00,2025-09-03 17:45:00+00:00,TP,112.5,1.2534818941504178
1972_upper,upper,2025-09-04,2025,2025-09-01 10:30:00-04:00,2025-09-29 10:30:00-04:00,2025-09-04 19:57:00+00:00,23672.75503244912,1317,False,MID_VOL,0.9523624095867098,,,,,,,,,True,True,57.75,53.0,blocked_window,,,,,,,
1974_upper,upper,2025-09-04,2025,2025-09-03 10:30:00-04:00,2025-10-01 10:30:00-04:00,2025-09-04 19:57:00+00:00,23671.012700389896,1317,False,MID_VOL,0.9523624095867098,,,,,,,,,True,True,57.75,53.0,blocked_window,,,,,,,
1975_upper,upper,2025-09-05,2025,2025-09-04 10:30:00-04:00,2025-10-02 10:30:00-04:00,2025-09-05 04:25:00+00:00,23749.775744290502,385,False,LOW_VOL,0.7210187118979531,,,,,,,,,False,True,68.5,56.5,blocked_window,,,,,,,
1966_upper,upper,2025-09-05,2025,2025-08-22 10:30:00-04:00,2025-09-19 10:30:00-04:00,2025-09-05 12:35:00+00:00,23834.97845614906,875,True,HIGH_VOL,0.991574190016683,,,,,,,,,True,True,80.25,66.5,,2025-09-05 12:35:00+00:00,,,2025-09-05 13:30:00+00:00,SL,-66.5,-1.0
1971_upper,upper,2025-09-10,2025,2025-08-29 10:30:00-04:00,2025-09-26 10:30:00-04:00,2025-09-10 05:30:00+00:00,23928.329204595364,450,False,LOW_VOL,0.7440307729972383,,,,,,,,,False,True,46.25,43.0,blocked_window,,,,,,,
1970_upper,upper,2025-09-10,2025,2025-08-28 10:30:00-04:00,2025-09-25 10:30:00-04:00,2025-09-10 06:22:00+00:00,23934.33168610805,502,False,LOW_VOL,0.7532592098185796,,,,,,,,,False,True,55.75,51.0,blocked_window,,,,,,,
1963_upper,upper,2025-09-10,2025,2025-08-19 10:30:00-04:00,2025-09-16 10:30:00-04:00,2025-09-10 12:30:00+00:00,23990.56198856292,870,True,LOW_VOL,0.8018535362798864,,,,,,,,,False,True,55.25,52.25,blocked_low_vol,,,,,,,
1962_upper,upper,2025-09-10,2025,2025-08-18 10:30:00-04:00,2025-09-15 10:30:00-04:00,2025-09-10 12:30:00+00:00,23988.887704685447,870,True,LOW_VOL,0.8018535362798864,,,,,,,,,False,True,55.25,52.25,blocked_low_vol,,,,,,,
1977_upper,upper,2025-09-10,2025,2025-09-08 10:30:00-04:00,2025-10-06 10:30:00-04:00,2025-09-10 12:30:00+00:00,24039.42526747664,870,True,LOW_VOL,0.8018535362798864,,,,,,,,,False,True,55.25,52.25,blocked_low_vol,,,,,,,
1978_upper,upper,2025-09-10,2025,2025-09-09 10:30:00-04:00,2025-10-07 10:30:00-04:00,2025-09-10 12:30:00+00:00,24041.327753375837,870,True,LOW_VOL,0.8018535362798864,,,,,,,,,False,True,55.25,52.25,blocked_low_vol,,,,,,,
1981_upper,upper,2025-09-15,2025,2025-09-12 10:30:00-04:00,2025-10-10 10:30:00-04:00,2025-09-15 00:00:00+00:00,24349.0,120,False,LOW_VOL,0.7010969589567454,,,,,,,,,False,True,47.25,44.5,blocked_window,,,,,,,
1980_upper,upper,2025-09-15,2025,2025-09-11 10:30:00-04:00,2025-10-09 10:30:00-04:00,2025-09-15 00:00:00+00:00,24349.0,120,False,LOW_VOL,0.7010969589567454,,,,,,,,,False,True,47.25,44.5,blocked_window,,,,,,,
1976_upper,upper,2025-09-15,2025,2025-09-05 10:30:00-04:00,2025-10-03 10:30:00-04:00,2025-09-15 00:00:00+00:00,24349.0,120,False,LOW_VOL,0.7010969589567454,,,,,,,,,False,True,47.25,44.5,blocked_window,,,,,,,
1979_upper,upper,2025-09-15,2025,2025-09-10 10:30:00-04:00,2025-10-08 10:30:00-04:00,2025-09-15 00:00:00+00:00,24349.0,120,False,LOW_VOL,0.7010969589567454,,,,,,,,,False,True,47.25,44.5,blocked_window,,,,,,,
1983_lower,lower,2025-09-17,2025,2025-09-16 10:30:00-04:00,2025-10-14 10:30:00-04:00,2025-09-17 18:14:00+00:00,24345.279749885696,1214,False,HIGH_VOL,1.0,,,,,,,,,True,True,38.0,41.25,blocked_window,,,,,,,
1984_lower,lower,2025-09-17,2025,2025-09-17 10:30:00-04:00,2025-10-15 10:30:00-04:00,2025-09-17 18:53:00+00:00,24251.44159866411,1253,False,HIGH_VOL,0.9999999999999927,,,,,,,,,True,True,38.0,45.0,blocked_window,,,,,,,
1982_upper,upper,2025-09-18,2025,2025-09-15 10:30:00-04:00,2025-10-13 10:30:00-04:00,2025-09-18 07:55:00+00:00,24669.905354290506,595,False,MID_VOL,0.7625099187343736,,,,,,,,,True,True,86.75,71.75,blocked_window,,,,,,,
1984_upper,upper,2025-09-18,2025,2025-09-17 10:30:00-04:00,2025-10-15 10:30:00-04:00,2025-09-18 12:26:00+00:00,24757.18340133589,866,True,MID_VOL,0.5785220807723593,,,,,,,,,True,True,97.5,78.0,,2025-09-18 12:26:00+00:00,2025-09-18 12:59:00+00:00,2025-09-18 13:00:00+00:00,2025-09-18 13:03:00+00:00,TP,97.5,1.25
1983_upper,upper,2025-09-18,2025,2025-09-16 10:30:00-04:00,2025-10-14 10:30:00-04:00,2025-09-18 14:31:00+00:00,24803.595250114304,991,True,HIGH_VOL,0.9978814363873812,,,,,,,,,True,True,83.5,74.0,,2025-09-18 14:31:00+00:00,2025-09-18 14:52:00+00:00,2025-09-18 14:53:00+00:00,2025-09-18 15:18:00+00:00,LOCK,7.400000000001455,0.10000000000001967
1986_upper,upper,2025-09-22,2025,2025-09-19 10:30:00-04:00,2025-10-17 10:30:00-04:00,2025-09-22 18:11:00+00:00,25000.786126587627,1211,False,LOW_VOL,0.7533967943846729,,,,,,,,,False,True,63.75,56.5,blocked_window,,,,,,,
1985_upper,upper,2025-09-22,2025,2025-09-18 10:30:00-04:00,2025-10-16 10:30:00-04:00,2025-09-22 18:17:00+00:00,25012.18549351587,1217,False,LOW_VOL,0.6595346854523451,,,,,,,,,False,True,63.75,56.5,blocked_window,,,,,,,
1988_lower,lower,2025-09-24,2025,2025-09-23 10:30:00-04:00,2025-10-21 10:30:00-04:00,2025-09-24 15:46:00+00:00,24749.71969537814,1066,False,MID_VOL,0.7472514353565182,,,,,,,,,True,True,62.5,56.5,blocked_window,,,,,,,
1987_lower,lower,2025-09-25,2025,2025-09-22 10:30:00-04:00,2025-10-20 10:30:00-04:00,2025-09-25 11:58:00+00:00,24601.656739631573,838,True,LOW_VOL,0.6036963098608304,,,,,,,,,False,True,90.25,77.75,blocked_low_vol,,,,,,,
1989_lower,lower,2025-09-25,2025,2025-09-24 10:30:00-04:00,2025-10-22 10:30:00-04:00,2025-09-25 11:58:00+00:00,24596.023389169062,838,True,LOW_VOL,0.6036963098608304,,,,,,,,,False,True,90.25,77.75,blocked_low_vol,,,,,,,
1986_lower,lower,2025-09-25,2025,2025-09-19 10:30:00-04:00,2025-10-17 10:30:00-04:00,2025-09-25 13:09:00+00:00,24544.463873412373,909,True,MID_VOL,0.6967547162027419,,,,,,,,,True,True,96.5,82.0,,2025-09-25 13:09:00+00:00,,,2025-09-25 13:40:00+00:00,SL,-82.0,-1.0
1990_upper,upper,2025-09-29,2025,2025-09-25 10:30:00-04:00,2025-10-23 10:30:00-04:00,2025-09-29 09:28:00+00:00,24895.71746247296,688,True,LOW_VOL,0.7434115533240011,,,,,,,,,False,True,61.0,55.0,blocked_low_vol,,,,,,,
1991_upper,upper,2025-10-01,2025,2025-09-26 10:30:00-04:00,2025-10-24 10:30:00-04:00,2025-10-01 17:26:00+00:00,24984.000597118466,1166,False,LOW_VOL,0.5492663357979225,,,,,,,,,False,True,46.75,45.5,blocked_window,,,,,,,
1993_upper,upper,2025-10-02,2025,2025-09-30 10:30:00-04:00,2025-10-28 10:30:00-04:00,2025-10-02 00:50:00+00:00,25058.547694982582,170,False,LOW_VOL,0.7036183167149078,,,,,,,,,False,True,101.0,78.0,blocked_window,,,,,,,
1987_upper,upper,2025-10-02,2025,2025-09-22 10:30:00-04:00,2025-10-20 10:30:00-04:00,2025-10-02 01:54:00+00:00,25073.968260368427,234,False,LOW_VOL,0.7147590662244062,,,,,,,,,False,True,103.25,78.75,blocked_window,,,,,,,
1994_upper,upper,2025-10-02,2025,2025-10-01 10:30:00-04:00,2025-10-29 10:30:00-04:00,2025-10-02 08:03:00+00:00,25091.24029677349,603,False,LOW_VOL,0.6964140714979014,,,,,,,,,False,True,99.75,76.5,blocked_window,,,,,,,
1989_upper,upper,2025-10-02,2025,2025-09-24 10:30:00-04:00,2025-10-22 10:30:00-04:00,2025-10-02 11:12:00+00:00,25131.101610830938,792,True,LOW_VOL,0.6293846000430584,,,,,,,,,False,True,108.5,79.5,blocked_low_vol,,,,,,,
1992_upper,upper,2025-10-02,2025,2025-09-29 10:30:00-04:00,2025-10-27 10:30:00-04:00,2025-10-02 11:55:00+00:00,25150.12594001621,835,True,MID_VOL,0.6001877806681442,,,,,,,,,True,True,108.5,82.5,,2025-10-02 11:55:00+00:00,2025-10-02 13:37:00+00:00,2025-10-02 13:38:00+00:00,2025-10-02 13:43:00+00:00,TP,108.5,1.3151515151515152
1988_upper,upper,2025-10-06,2025,2025-09-23 10:30:00-04:00,2025-10-21 10:30:00-04:00,2025-10-06 12:10:00+00:00,25220.90530462186,850,True,MID_VOL,0.7942349693707272,,,,,,,,,True,True,82.5,70.5,,2025-10-06 12:10:00+00:00,2025-10-06 13:32:00+00:00,2025-10-06 13:33:00+00:00,2025-10-06 13:43:00+00:00,TP,82.5,1.1702127659574468
1998_lower,lower,2025-10-07,2025,2025-10-07 10:30:00-04:00,2025-11-04 10:30:00-05:00,2025-10-07 15:39:00+00:00,25006.67785392699,1059,False,HIGH_VOL,0.9999999999999973,,,,,,,,,True,True,66.5,64.25,blocked_window,,,,,,,
1996_upper,upper,2025-10-09,2025,2025-10-03 10:30:00-04:00,2025-10-31 10:30:00-04:00,2025-10-08 23:17:00+00:00,25391.50666616943,77,False,LOW_VOL,0.6159596128117657,,,,,,,,,False,True,80.5,63.25,blocked_window,,,,,,,
2001_lower,lower,2025-10-10,2025,2025-10-10 10:30:00-04:00,2025-11-07 10:30:00-05:00,2025-10-10 15:00:00+00:00,25072.03020890303,1020,False,HIGH_VOL,1.0,,,,,,,,,True,True,66.0,66.5,blocked_window,,,,,,,
2000_lower,lower,2025-10-10,2025,2025-10-09 10:30:00-04:00,2025-11-06 10:30:00-05:00,2025-10-10 15:02:00+00:00,25049.978420456107,1022,False,HIGH_VOL,1.0,,,,,,,,,True,True,66.0,66.5,blocked_window,,,,,,,
1997_lower,lower,2025-10-10,2025,2025-10-06 10:30:00-04:00,2025-11-03 10:30:00-05:00,2025-10-10 15:19:00+00:00,24929.412269998484,1039,False,HIGH_VOL,1.0,,,,,,,,,True,True,66.0,66.5,blocked_window,,,,,,,
1996_lower,lower,2025-10-10,2025,2025-10-03 10:30:00-04:00,2025-10-31 10:30:00-04:00,2025-10-10 15:23:00+00:00,24851.49333383057,1043,False,HIGH_VOL,1.0,,,,,,,,,True,True,66.0,66.5,blocked_window,,,,,,,
1995_lower,lower,2025-10-10,2025,2025-10-02 10:30:00-04:00,2025-10-30 10:30:00-04:00,2025-10-10 15:24:00+00:00,24831.005299050765,1044,False,HIGH_VOL,1.0,,,,,,,,,True,True,66.0,66.5,blocked_window,,,,,,,
1999_lower,lower,2025-10-10,2025,2025-10-08 10:30:00-04:00,2025-11-05 10:30:00-05:00,2025-10-10 15:26:00+00:00,24808.54367121914,1046,False,HIGH_VOL,1.0,,,,,,,,,True,True,66.0,66.5,blocked_window,,,,,,,
1992_lower,lower,2025-10-10,2025,2025-09-29 10:30:00-04:00,2025-10-27 10:30:00-04:00,2025-10-10 17:06:00+00:00,24612.49905998379,1146,False,HIGH_VOL,0.9999999999905455,,,,,,,,,True,True,84.75,80.25,blocked_window,,,,,,,
1993_lower,lower,2025-10-10,2025,2025-09-30 10:30:00-04:00,2025-10-28 10:30:00-04:00,2025-10-10 19:27:00+00:00,24538.577305017418,1287,False,HIGH_VOL,0.9989654576391895,,,,,,,,,True,True,73.75,69.75,blocked_window,,,,,,,
1994_lower,lower,2025-10-10,2025,2025-10-01 10:30:00-04:00,2025-10-29 10:30:00-04:00,2025-10-10 19:36:00+00:00,24481.50970322651,1296,False,HIGH_VOL,0.9999495204269894,,,,,,,,,True,True,73.75,70.0,blocked_window,,,,,,,
2002_lower,lower,2025-10-14,2025,2025-10-13 10:30:00-04:00,2025-11-10 10:30:00-05:00,2025-10-14 13:43:00+00:00,24449.281358953056,943,True,HIGH_VOL,1.0,,,,,,,,,True,True,125.25,95.5,,2025-10-14 13:43:00+00:00,2025-10-14 13:53:00+00:00,2025-10-14 13:54:00+00:00,2025-10-14 13:56:00+00:00,TP,125.25,1.3115183246073299
2003_upper,upper,2025-10-15,2025,2025-10-14 10:30:00-04:00,2025-11-11 10:30:00-05:00,2025-10-15 14:04:00+00:00,25041.29858138374,964,True,HIGH_VOL,0.9999999999886251,,,,,,,,,True,True,145.25,108.5,,2025-10-15 14:04:00+00:00,2025-10-15 15:41:00+00:00,2025-10-15 15:42:00+00:00,2025-10-15 15:50:00+00:00,TP,145.25,1.3387096774193548
2005_lower,lower,2025-10-16,2025,2025-10-16 10:30:00-04:00,2025-11-13 10:30:00-05:00,2025-10-16 16:46:00+00:00,24748.57816236787,1126,False,HIGH_VOL,1.0,,,,,,,,,True,True,116.0,94.0,blocked_window,,,,,,,
2004_lower,lower,2025-10-17,2025,2025-10-15 10:30:00-04:00,2025-11-12 10:30:00-05:00,2025-10-17 05:43:00+00:00,24618.367308282344,463,False,HIGH_VOL,0.9535843859139788,,,,,,,,,True,True,143.5,104.75,blocked_window,,,,,,,
2002_upper,upper,2025-10-20,2025,2025-10-13 10:30:00-04:00,2025-11-10 10:30:00-05:00,2025-10-20 13:32:00+00:00,25194.468641046944,932,True,MID_VOL,0.9832297889863593,,,,,,,,,True,True,131.25,92.5,,2025-10-20 13:32:00+00:00,,,2025-10-20 14:32:00+00:00,SL,-92.5,-1.0
2006_upper,upper,2025-10-20,2025,2025-10-17 10:30:00-04:00,2025-11-14 10:30:00-05:00,2025-10-20 14:08:00+00:00,25252.09866226461,968,True,HIGH_VOL,0.9732361388088212,,,,,,,,,True,False,136.5,102.75,position_open,,,,,,,
2005_upper,upper,2025-10-21,2025,2025-10-16 10:30:00-04:00,2025-11-13 10:30:00-05:00,2025-10-21 02:30:00+00:00,25366.29683763213,270,False,LOW_VOL,0.6718581988432194,,,,,,,,,False,True,88.0,69.25,blocked_window,,,,,,,
2008_lower,lower,2025-10-22,2025,2025-10-21 10:30:00-04:00,2025-11-18 10:30:00-05:00,2025-10-22 16:30:00+00:00,24993.60266830834,1110,False,HIGH_VOL,0.9953119106301183,,,,,,,,,True,True,50.0,52.75,blocked_window,,,,,,,
2009_lower,lower,2025-10-22,2025,2025-10-22 10:30:00-04:00,2025-11-19 10:30:00-05:00,2025-10-22 16:32:00+00:00,24881.414235082484,1112,False,HIGH_VOL,0.9953119106301183,,,,,,,,,True,True,50.0,52.75,blocked_window,,,,,,,
2004_upper,upper,2025-10-24,2025,2025-10-15 10:30:00-04:00,2025-11-12 10:30:00-05:00,2025-10-24 09:37:00+00:00,25389.257691717656,697,True,LOW_VOL,0.5580362492736636,,,,,,,,,False,True,89.25,71.75,blocked_low_vol,,,,,,,
2007_upper,upper,2025-10-24,2025,2025-10-20 10:30:00-04:00,2025-11-17 10:30:00-05:00,2025-10-24 12:30:00+00:00,25518.070219511428,870,True,LOW_VOL,0.7563492528036805,,,,,,,,,False,True,78.5,63.25,blocked_low_vol,,,,,,,
2010_upper,upper,2025-10-24,2025,2025-10-23 10:30:00-04:00,2025-11-20 10:30:00-05:00,2025-10-24 12:30:00+00:00,25402.111880325712,870,True,LOW_VOL,0.7563492528036805,,,,,,,,,False,True,78.5,63.25,blocked_low_vol,,,,,,,
1998_upper,upper,2025-10-24,2025,2025-10-07 10:30:00-04:00,2025-11-04 10:30:00-05:00,2025-10-24 12:30:00+00:00,25466.44714607301,870,True,LOW_VOL,0.7563492528036805,,,,,,,,,False,True,78.5,63.25,blocked_low_vol,,,,,,,
1999_upper,upper,2025-10-24,2025,2025-10-08 10:30:00-04:00,2025-11-05 10:30:00-05:00,2025-10-24 12:30:00+00:00,25423.70632878086,870,True,LOW_VOL,0.7563492528036805,,,,,,,,,False,True,78.5,63.25,blocked_low_vol,,,,,,,
1995_upper,upper,2025-10-24,2025,2025-10-02 10:30:00-04:00,2025-10-30 10:30:00-04:00,2025-10-24 12:30:00+00:00,25425.744700949235,870,True,LOW_VOL,0.7563492528036805,,,,,,,,,False,True,78.5,63.25,blocked_low_vol,,,,,,,
1997_upper,upper,2025-10-24,2025,2025-10-06 10:30:00-04:00,2025-11-03 10:30:00-05:00,2025-10-24 12:30:00+00:00,25454.08773000152,870,True,LOW_VOL,0.7563492528036805,,,,,,,,,False,True,78.5,63.25,blocked_low_vol,,,,,,,
2008_upper,upper,2025-10-24,2025,2025-10-21 10:30:00-04:00,2025-11-18 10:30:00-05:00,2025-10-24 16:20:00+00:00,25562.02233169166,1100,False,LOW_VOL,0.7378940538024145,,,,,,,,,False,True,83.0,69.5,blocked_window,,,,,,,
2000_upper,upper,2025-10-24,2025,2025-10-09 10:30:00-04:00,2025-11-06 10:30:00-05:00,2025-10-24 17:47:00+00:00,25564.771579543893,1187,False,LOW_VOL,0.7489353252213893,,,,,,,,,False,True,80.75,64.75,blocked_window,,,,,,,
2011_upper,upper,2025-10-27,2025,2025-10-24 10:30:00-04:00,2025-11-21 10:30:00-05:00,2025-10-27 03:20:00+00:00,25769.150397814352,320,False,LOW_VOL,0.7094183847584794,,,,,,,,,False,True,76.75,64.5,blocked_window,,,,,,,
2012_upper,upper,2025-10-28,2025,2025-10-27 10:30:00-04:00,2025-11-24 10:30:00-05:00,2025-10-28 13:31:00+00:00,26079.10496771575,931,True,MID_VOL,0.6612938621659515,,,,,,,,,True,True,73.5,64.75,,2025-10-28 13:31:00+00:00,2025-10-28 13:54:00+00:00,2025-10-28 13:55:00+00:00,2025-10-28 13:56:00+00:00,LOCK,6.474999999998545,0.09999999999997752
2013_upper,upper,2025-10-29,2025,2025-10-28 10:30:00-04:00,2025-11-25 10:30:00-05:00,2025-10-29 08:03:00+00:00,26300.264687610725,603,False,LOW_VOL,0.7028065986266026,,,,,,,,,False,True,68.25,58.75,blocked_window,,,,,,,
2014_lower,lower,2025-10-30,2025,2025-10-29 10:30:00-04:00,2025-11-26 10:30:00-05:00,2025-10-30 13:36:00+00:00,26019.877638426828,936,True,HIGH_VOL,0.9999999999999444,,,,,,,,,True,True,110.25,88.75,,2025-10-30 13:36:00+00:00,2025-10-30 13:50:00+00:00,2025-10-30 13:51:00+00:00,2025-10-30 13:54:00+00:00,TP,110.25,1.2422535211267605
2016_lower,lower,2025-11-04,2025,2025-10-31 10:30:00-04:00,2025-11-28 10:30:00-05:00,2025-11-04 05:40:00+00:00,25852.202423778017,400,False,MID_VOL,0.7335684019136341,,,,,,,,,True,True,72.5,65.5,blocked_window,,,,,,,
2013_lower,lower,2025-11-04,2025,2025-10-28 10:30:00-04:00,2025-11-25 10:30:00-05:00,2025-11-04 05:49:00+00:00,25813.360312389275,409,False,HIGH_VOL,0.9999242627999986,,,,,,,,,True,True,72.5,65.5,blocked_window,,,,,,,
2017_lower,lower,2025-11-04,2025,2025-11-03 10:30:00-05:00,2025-12-01 10:30:00-05:00,2025-11-04 06:03:00+00:00,25795.98247164929,423,False,HIGH_VOL,0.9871206294510881,,,,,,,,,True,True,98.0,85.0,blocked_window,,,,,,,
2015_lower,lower,2025-11-04,2025,2025-10-30 10:30:00-04:00,2025-11-27 10:30:00-05:00,2025-11-04 09:51:00+00:00,25705.554893746776,651,False,MID_VOL,0.5149134152870009,,,,,,,,,True,True,77.75,70.0,blocked_window,,,,,,,
2012_lower,lower,2025-11-04,2025,2025-10-27 10:30:00-04:00,2025-11-24 10:30:00-05:00,2025-11-04 20:51:00+00:00,25572.77003228425,1311,False,HIGH_VOL,0.998997366173049,,,,,,,,,True,True,72.75,65.75,blocked_window,,,,,,,
2018_lower,lower,2025-11-05,2025,2025-11-04 10:30:00-05:00,2025-12-02 10:30:00-05:00,2025-11-05 01:01:00+00:00,25382.76732691323,121,False,MID_VOL,0.690900396867777,,,,,,,,,True,True,195.5,131.0,blocked_window,,,,,,,
2019_lower,lower,2025-11-07,2025,2025-11-05 10:30:00-05:00,2025-12-03 10:30:00-05:00,2025-11-07 04:02:00+00:00,25181.312852136136,302,False,LOW_VOL,0.7428649128057419,,,,,,,,,False,True,153.0,105.75,blocked_window,,,,,,,
2020_lower,lower,2025-11-07,2025,2025-11-06 10:30:00-05:00,2025-12-04 10:30:00-05:00,2025-11-07 04:02:00+00:00,25185.929961468115,302,False,LOW_VOL,0.7428649128057419,,,,,,,,,False,True,153.0,105.75,blocked_window,,,,,,,
2011_lower,lower,2025-11-07,2025,2025-10-24 10:30:00-04:00,2025-11-21 10:30:00-05:00,2025-11-07 04:02:00+00:00,25186.599602185648,302,False,LOW_VOL,0.7428649128057419,,,,,,,,,False,True,153.0,105.75,blocked_window,,,,,,,
2007_lower,lower,2025-11-07,2025,2025-10-20 10:30:00-04:00,2025-11-17 10:30:00-05:00,2025-11-07 16:11:00+00:00,24800.67978048857,1031,False,HIGH_VOL,0.9999632369284782,,,,,,,,,True,True,154.0,115.0,blocked_window,,,,,,,
2021_upper,upper,2025-11-10,2025,2025-11-07 10:30:00-05:00,2025-12-05 10:30:00-05:00,2025-11-10 03:02:00+00:00,25453.09916771965,242,False,LOW_VOL,0.6338862755966597,,,,,,,,,False,True,140.25,96.0,blocked_window,,,,,,,
2024_lower,lower,2025-11-13,2025,2025-11-12 10:30:00-05:00,2025-12-10 10:30:00-05:00,2025-11-13 14:40:00+00:00,25346.03967944805,940,True,HIGH_VOL,1.0,,,,,,,,,True,True,94.25,79.5,,2025-11-13 14:40:00+00:00,2025-11-13 14:57:00+00:00,2025-11-13 14:58:00+00:00,2025-11-13 15:02:00+00:00,LOCK,7.950000000000728,0.10000000000000915
2023_lower,lower,2025-11-13,2025,2025-11-11 10:30:00-05:00,2025-12-09 10:30:00-05:00,2025-11-13 14:44:00+00:00,25298.96729248103,944,True,HIGH_VOL,1.0,,,,,,,,,True,False,94.25,79.5,position_open,,,,,,,
2022_lower,lower,2025-11-13,2025,2025-11-10 10:30:00-05:00,2025-12-08 10:30:00-05:00,2025-11-13 15:49:00+00:00,25229.97463227871,1009,True,HIGH_VOL,0.9999999999998864,,,,,,,,,True,True,91.0,81.0,,2025-11-13 15:49:00+00:00,,,2025-11-13 17:46:00+00:00,SL,-81.0,-1.0
2025_lower,lower,2025-11-13,2025,2025-11-13 10:30:00-05:00,2025-12-11 10:30:00-05:00,2025-11-13 18:31:00+00:00,25052.316501990725,1171,False,HIGH_VOL,0.9998817864889382,,,,,,,,,True,True,92.25,79.75,blocked_window,,,,,,,
2010_lower,lower,2025-11-14,2025,2025-10-23 10:30:00-04:00,2025-11-20 10:30:00-05:00,2025-11-14 12:39:00+00:00,24703.513119674288,819,True,HIGH_VOL,0.9473957201495203,,,,,,,,,True,True,226.25,150.0,,2025-11-14 12:39:00+00:00,2025-11-14 14:38:00+00:00,2025-11-14 14:39:00+00:00,2025-11-14 14:52:00+00:00,TP,226.25,1.5083333333333333
2021_lower,lower,2025-11-14,2025,2025-11-07 10:30:00-05:00,2025-12-05 10:30:00-05:00,2025-11-14 14:32:00+00:00,24653.90083228035,932,True,HIGH_VOL,0.9992599786880159,,,,,,,,,True,False,207.0,136.5,position_open,,,,,,,
2026_upper,upper,2025-11-17,2025,2025-11-14 10:30:00-05:00,2025-12-12 10:30:00-05:00,2025-11-17 07:23:00+00:00,25313.414958811893,503,False,MID_VOL,0.8388946086524777,,,,,,,,,True,True,154.0,105.25,blocked_window,,,,,,,
2027_lower,lower,2025-11-18,2025,2025-11-17 10:30:00-05:00,2025-12-15 10:30:00-05:00,2025-11-18 14:52:00+00:00,24585.258299853253,952,True,HIGH_VOL,0.9999999999999905,,,,,,,,,True,True,147.0,105.25,,2025-11-18 14:52:00+00:00,,,2025-11-18 15:02:00+00:00,SL,-105.25,-1.0
2028_upper,upper,2025-11-20,2025,2025-11-18 10:30:00-05:00,2025-12-16 10:30:00-05:00,2025-11-20 13:31:00+00:00,25234.4251950072,871,True,LOW_VOL,0.5314425443176968,,,,,,,,,False,True,129.5,96.25,blocked_low_vol,,,,,,,
2029_upper,upper,2025-11-20,2025,2025-11-19 10:30:00-05:00,2025-12-17 10:30:00-05:00,2025-11-20 14:56:00+00:00,25287.387854159508,956,True,HIGH_VOL,0.5540111486229355,,,,,,,,,True,True,146.0,104.75,,2025-11-20 14:56:00+00:00,2025-11-20 15:06:00+00:00,2025-11-20 15:07:00+00:00,2025-11-20 15:32:00+00:00,LOCK,10.474999999998545,0.09999999999998611
2030_lower,lower,2025-11-20,2025,2025-11-20 10:30:00-05:00,2025-12-18 10:30:00-05:00,2025-11-20 16:37:00+00:00,24826.79042067689,1057,False,HIGH_VOL,1.0,,,,,,,,,True,True,130.75,106.0,blocked_window,,,,,,,
2026_lower,lower,2025-11-20,2025,2025-11-14 10:30:00-05:00,2025-12-12 10:30:00-05:00,2025-11-20 18:57:00+00:00,24237.335041188107,1197,False,HIGH_VOL,1.0,,,,,,,,,True,True,161.5,124.0,blocked_window,,,,,,,
2029_lower,lower,2025-11-20,2025,2025-11-19 10:30:00-05:00,2025-12-17 10:30:00-05:00,2025-11-20 20:49:00+00:00,24104.36214584049,1309,False,HIGH_VOL,0.9999999999999948,,,,,,,,,True,True,142.5,109.75,blocked_window,,,,,,,
2028_lower,lower,2025-11-20,2025,2025-11-18 10:30:00-05:00,2025-12-16 10:30:00-05:00,2025-11-20 20:49:00+00:00,24114.8248049928,1309,False,HIGH_VOL,0.9999999999999948,,,,,,,,,True,True,142.5,109.75,blocked_window,,,,,,,
2031_upper,upper,2025-11-24,2025,2025-11-21 10:30:00-05:00,2025-12-19 10:30:00-05:00,2025-11-24 14:35:00+00:00,24685.046496390183,935,True,HIGH_VOL,1.0,,,,,,,,,True,True,143.0,103.0,,2025-11-24 14:35:00+00:00,2025-11-24 14:50:00+00:00,2025-11-24 14:51:00+00:00,2025-11-24 14:54:00+00:00,LOCK,10.299999999999272,0.09999999999999294
2032_upper,upper,2025-11-25,2025,2025-11-24 10:30:00-05:00,2025-12-22 10:30:00-05:00,2025-11-25 17:34:00+00:00,25036.25439557884,1114,False,HIGH_VOL,0.9999646814723391,,,,,,,,,True,True,126.0,96.5,blocked_window,,,,,,,
2033_upper,upper,2025-11-26,2025,2025-11-25 10:30:00-05:00,2025-12-23 10:30:00-05:00,2025-11-26 14:30:00+00:00,25241.61892892361,930,True,MID_VOL,0.9212764544620415,,,,,,,,,True,True,114.75,87.0,,2025-11-26 14:30:00+00:00,2025-11-26 14:59:00+00:00,2025-11-26 15:00:00+00:00,2025-11-26 15:35:00+00:00,LOCK,8.700000000000728,0.10000000000000836
2030_upper,upper,2025-12-02,2025,2025-11-20 10:30:00-05:00,2025-12-18 10:30:00-05:00,2025-12-02 14:39:00+00:00,25607.58457932311,939,True,MID_VOL,0.785326420213707,,,,,,,,,True,True,73.25,62.25,,2025-12-02 14:39:00+00:00,2025-12-02 15:30:00+00:00,2025-12-02 15:31:00+00:00,2025-12-02 15:34:00+00:00,TP,73.25,1.176706827309237
2037_upper,upper,2025-12-02,2025,2025-12-01 10:30:00-05:00,2025-12-30 10:30:00-05:00,2025-12-02 14:39:00+00:00,25606.62300268882,939,True,MID_VOL,0.785326420213707,,,,,,,,,True,False,73.25,62.25,position_open,,,,,,,
2036_upper,upper,2025-12-02,2025,2025-11-28 10:30:00-05:00,2025-12-29 10:30:00-05:00,2025-12-02 15:01:00+00:00,25641.98881306865,961,True,HIGH_VOL,0.9999999997259725,,,,,,,,,True,False,81.75,73.25,position_open,,,,,,,
2039_upper,upper,2025-12-05,2025,2025-12-03 10:30:00-05:00,2026-01-02 10:30:00-05:00,2025-12-05 15:00:00+00:00,25804.97962875158,960,True,HIGH_VOL,0.9999999999999859,,,,,,,,,True,True,59.75,59.25,,2025-12-05 15:00:00+00:00,,,2025-12-05 15:17:00+00:00,SL,-59.25,-1.0
2025_upper,upper,2025-12-05,2025,2025-11-13 10:30:00-05:00,2025-12-11 10:30:00-05:00,2025-12-05 15:03:00+00:00,25816.058498009275,963,True,HIGH_VOL,0.9999999999999859,,,,,,,,,True,False,59.75,59.25,position_open,,,,,,,
2042_lower,lower,2025-12-11,2025,2025-12-08 10:30:00-05:00,2026-01-07 10:30:00-05:00,2025-12-11 03:07:00+00:00,25438.648571256614,247,False,HIGH_VOL,1.0,,,,,,,,,True,True,109.75,90.5,blocked_window,,,,,,,
2041_lower,lower,2025-12-11,2025,2025-12-05 10:30:00-05:00,2026-01-06 10:30:00-05:00,2025-12-11 03:09:00+00:00,25391.117997106376,249,False,HIGH_VOL,1.0,,,,,,,,,True,True,109.75,90.5,blocked_window,,,,,,,
2044_lower,lower,2025-12-12,2025,2025-12-10 10:30:00-05:00,2026-01-09 10:30:00-05:00,2025-12-12 15:26:00+00:00,25360.62266841924,986,True,HIGH_VOL,1.0,,,,,,,,,True,True,111.5,90.0,,2025-12-12 15:26:00+00:00,,,2025-12-12 15:58:00+00:00,SL,-90.0,-1.0
2040_lower,lower,2025-12-12,2025,2025-12-04 10:30:00-05:00,2026-01-05 10:30:00-05:00,2025-12-12 15:28:00+00:00,25326.706987981703,988,True,HIGH_VOL,1.0,,,,,,,,,True,False,111.5,90.0,position_open,,,,,,,
2043_lower,lower,2025-12-12,2025,2025-12-09 10:30:00-05:00,2026-01-08 10:30:00-05:00,2025-12-12 15:28:00+00:00,25340.70852169315,988,True,HIGH_VOL,1.0,,,,,,,,,True,False,111.5,90.0,position_open,,,,,,,
2045_lower,lower,2025-12-12,2025,2025-12-11 10:30:00-05:00,2026-01-12 10:30:00-05:00,2025-12-12 16:04:00+00:00,25204.033155766963,1024,False,HIGH_VOL,1.0,,,,,,,,,True,True,129.0,103.75,blocked_window,,,,,,,
2038_lower,lower,2025-12-12,2025,2025-12-02 10:30:00-05:00,2025-12-31 10:30:00-05:00,2025-12-12 16:04:00+00:00,25184.587604054108,1024,False,HIGH_VOL,1.0,,,,,,,,,True,True,129.0,103.75,blocked_window,,,,,,,
2039_lower,lower,2025-12-12,2025,2025-12-03 10:30:00-05:00,2026-01-02 10:30:00-05:00,2025-12-12 16:04:00+00:00,25192.52037124842,1024,False,HIGH_VOL,1.0,,,,,,,,,True,True,129.0,103.75,blocked_window,,,,,,,
2046_lower,lower,2025-12-16,2025,2025-12-12 10:30:00-05:00,2026-01-13 10:30:00-05:00,2025-12-16 07:37:00+00:00,25096.208397431896,517,False,MID_VOL,0.657339874116353,,,,,,,,,True,True,128.25,90.5,blocked_window,,,,,,,
2036_lower,lower,2025-12-16,2025,2025-11-28 10:30:00-05:00,2025-12-29 10:30:00-05:00,2025-12-16 07:38:00+00:00,25092.511186931348,518,False,MID_VOL,0.657339874116353,,,,,,,,,True,True,128.25,90.5,blocked_window,,,,,,,
2047_lower,lower,2025-12-16,2025,2025-12-15 10:30:00-05:00,2026-01-14 10:30:00-05:00,2025-12-16 07:38:00+00:00,25092.503025969778,518,False,MID_VOL,0.657339874116353,,,,,,,,,True,True,128.25,90.5,blocked_window,,,,,,,
2035_lower,lower,2025-12-17,2025,2025-11-27 10:30:00-05:00,2025-12-26 10:30:00-05:00,2025-12-17 15:52:00+00:00,25072.881355830254,1012,True,HIGH_VOL,1.0,,,,,,,,,True,True,94.0,78.25,,2025-12-17 15:52:00+00:00,,,2025-12-17 16:50:00+00:00,SL,-78.25,-1.0
2049_lower,lower,2025-12-17,2025,2025-12-17 10:30:00-05:00,2026-01-16 10:30:00-05:00,2025-12-17 15:58:00+00:00,25046.539881481185,1018,True,HIGH_VOL,1.0,,,,,,,,,True,False,94.0,78.25,position_open,,,,,,,
2037_lower,lower,2025-12-17,2025,2025-12-01 10:30:00-05:00,2025-12-30 10:30:00-05:00,2025-12-17 18:41:00+00:00,24947.50199731118,1181,False,HIGH_VOL,0.9924857398552049,,,,,,,,,True,True,98.5,82.25,blocked_window,,,,,,,
2048_lower,lower,2025-12-17,2025,2025-12-16 10:30:00-05:00,2026-01-15 10:30:00-05:00,2025-12-17 20:55:00+00:00,24900.263426424917,1315,False,HIGH_VOL,0.9999076782297295,,,,,,,,,True,True,87.25,71.75,blocked_window,,,,,,,
2050_upper,upper,2025-12-19,2025,2025-12-18 10:30:00-05:00,2026-01-19 10:30:00-05:00,2025-12-19 15:00:00+00:00,25597.517031847376,960,True,HIGH_VOL,1.0,,,,,,,,,True,True,127.5,103.0,,2025-12-19 15:00:00+00:00,2025-12-19 15:21:00+00:00,2025-12-19 15:22:00+00:00,2025-12-19 15:27:00+00:00,TP,127.5,1.2378640776699028
2049_upper,upper,2025-12-22,2025,2025-12-17 10:30:00-05:00,2026-01-16 10:30:00-05:00,2025-12-22 09:40:00+00:00,25722.58511851881,640,False,LOW_VOL,0.7461482041836951,,,,,,,,,False,True,78.75,64.75,blocked_window,,,,,,,
2051_upper,upper,2025-12-22,2025,2025-12-19 10:30:00-05:00,2026-01-20 10:30:00-05:00,2025-12-22 14:31:00+00:00,25793.515304493496,931,True,LOW_VOL,0.6166922736367945,,,,,,,,,False,True,83.5,68.25,blocked_low_vol,,,,,,,
2038_upper,upper,2025-12-24,2025,2025-12-02 10:30:00-05:00,2025-12-31 10:30:00-05:00,2025-12-24 16:37:00+00:00,25871.16239594589,1057,False,MID_VOL,0.8416482295772796,,,,,,,,,True,True,43.25,42.25,blocked_window,,,,,,,
2044_upper,upper,2025-12-26,2025,2025-12-10 10:30:00-05:00,2026-01-09 10:30:00-05:00,2025-12-26 00:13:00+00:00,25906.252331580763,73,False,LOW_VOL,0.6807516353712787,,,,,,,,,False,True,28.25,31.25,blocked_window,,,,,,,
2046_upper,upper,2025-12-26,2025,2025-12-12 10:30:00-05:00,2026-01-13 10:30:00-05:00,2025-12-26 13:40:00+00:00,25921.416602568104,880,True,LOW_VOL,0.7217198423545201,,,,,,,,,False,True,25.0,28.25,blocked_low_vol,,,,,,,
2053_upper,upper,2025-12-26,2025,2025-12-23 10:30:00-05:00,2026-01-22 10:30:00-05:00,2025-12-26 14:36:00+00:00,25923.7220721326,936,True,LOW_VOL,0.7466475823989401,,,,,,,,,False,True,29.0,32.5,blocked_low_vol,,,,,,,
2055_lower,lower,2025-12-29,2025,2025-12-26 10:30:00-05:00,2026-01-26 10:30:00-05:00,2025-12-29 17:28:00+00:00,25656.490500087966,1108,False,MID_VOL,0.517318731653155,,,,,,,,,True,True,25.75,31.0,blocked_window,,,,,,,
2054_lower,lower,2025-12-31,2025,2025-12-24 10:30:00-05:00,2026-01-23 10:30:00-05:00,2025-12-31 01:00:00+00:00,25599.45271544758,120,False,MID_VOL,0.5564594484290937,,,,,,,,,True,True,39.75,43.0,blocked_window,,,,,,,
2052_lower,lower,2025-12-31,2025,2025-12-22 10:30:00-05:00,2026-01-21 10:30:00-05:00,2025-12-31 20:10:00+00:00,25493.017990644115,1270,False,MID_VOL,0.547355786065421,,,,,,,,,True,True,35.75,40.0,blocked_window,,,,,,,
2057_lower,lower,2025-12-31,2025,2025-12-30 10:30:00-05:00,2026-01-28 10:30:00-05:00,2025-12-31 20:58:00+00:00,25462.97468318576,1318,False,LOW_VOL,0.6759739581636748,,,,,,,,,False,True,35.75,40.5,blocked_window,,,,,,,
