level_id,session_date,year,side,entry_time,exit_time,entry_price,exit_price,pnl,exit_reason
0_upper,2018-01-03,2018,upper,2018-01-03 04:06:00-05:00,2018-01-03 15:59:00-05:00,6529.134910517963,6583.75,-54.61508948203664,cutoff
1_upper,2018-01-04,2018,upper,2018-01-03 19:09:00-05:00,2018-01-04 15:59:00-05:00,6591.363648739487,6596.0,-4.636351260513038,cutoff
2_upper,2018-01-05,2018,upper,2018-01-05 11:17:00-05:00,2018-01-05 15:59:00-05:00,6647.463047114303,6660.75,-13.286952885697247,cutoff
4_upper,2018-01-09,2018,upper,2018-01-09 08:26:00-05:00,2018-01-09 15:59:00-05:00,6700.852925468027,6689.25,11.602925468027024,cutoff
5_lower,2018-01-10,2018,lower,2018-01-10 05:59:00-05:00,2018-01-10 15:59:00-05:00,6644.365418961772,6672.75,28.384581038228134,cutoff
6_upper,2018-01-11,2018,upper,2018-01-11 12:38:00-05:00,2018-01-11 15:59:00-05:00,6705.969460652561,6717.0,-11.030539347439117,cutoff
5_upper,2018-01-12,2018,upper,2018-01-12 03:25:00-05:00,2018-01-12 15:59:00-05:00,6741.759581038228,6765.5,-23.740418961771866,cutoff
9_upper,2018-01-16,2018,upper,2018-01-16 05:23:00-05:00,2018-01-16 15:59:00-05:00,6809.770647884909,6748.25,61.52064788490861,cutoff
11_upper,2018-01-17,2018,upper,2018-01-17 14:53:00-05:00,2018-01-17 15:59:00-05:00,6825.380439588893,6823.25,2.130439588892841,cutoff
12_upper,2018-01-22,2018,upper,2018-01-22 10:09:00-05:00,2018-01-22 15:59:00-05:00,6862.577746742863,6917.75,-55.17225325713662,cutoff
15_upper,2018-01-24,2018,upper,2018-01-24 10:14:00-05:00,2018-01-24 15:59:00-05:00,6998.255469793344,6929.75,68.50546979334376,cutoff
18_upper,2018-01-26,2018,upper,2018-01-26 15:19:00-05:00,2018-01-26 15:59:00-05:00,7013.902387490326,7027.25,-13.347612509674036,cutoff
17_upper,2018-01-29,2018,upper,2018-01-28 18:21:00-05:00,2018-01-29 15:59:00-05:00,7040.024002913326,6993.0,47.0240029133256,cutoff
19_lower,2018-01-30,2018,lower,2018-01-29 22:52:00-05:00,2018-01-30 15:59:00-05:00,6956.366742923148,6941.25,-15.116742923148195,cutoff
21_lower,2018-01-31,2018,lower,2018-01-31 15:08:00-05:00,2018-01-31 15:59:00-05:00,6922.845854475921,6963.0,40.15414552407856,cutoff
17_lower,2018-02-02,2018,lower,2018-02-02 04:21:00-05:00,2018-02-02 15:59:00-05:00,6880.975997086674,6765.0,-115.9759970866744,cutoff
11_lower,2018-02-05,2018,lower,2018-02-04 18:00:00-05:00,2018-02-05 15:59:00-05:00,6723.494560411107,6499.5,-223.99456041110716,cutoff
25_upper,2018-02-07,2018,upper,2018-02-07 10:08:00-05:00,2018-02-07 15:59:00-05:00,6684.944584107352,6579.5,105.44458410735206,cutoff
27_lower,2018-02-08,2018,lower,2018-02-08 10:54:00-05:00,2018-02-08 15:59:00-05:00,6489.755992857791,6302.25,-187.50599285779117,cutoff
28_lower,2018-02-09,2018,lower,2018-02-09 12:06:00-05:00,2018-02-09 15:59:00-05:00,6265.346978933865,6409.5,144.1530210661349,cutoff
28_upper,2018-02-12,2018,upper,2018-02-12 09:44:00-05:00,2018-02-12 15:59:00-05:00,6513.528021066135,6525.25,-11.721978933865103,cutoff
30_upper,2018-02-14,2018,upper,2018-02-14 02:34:00-05:00,2018-02-14 15:59:00-05:00,6590.569710186437,6680.75,-90.18028981356292,cutoff
26_upper,2018-02-15,2018,upper,2018-02-15 12:39:00-05:00,2018-02-15 15:59:00-05:00,6754.8584078021295,6802.0,-47.14159219787052,cutoff
34_lower,2018-02-20,2018,lower,2018-02-20 05:04:00-05:00,2018-02-20 15:59:00-05:00,6727.800168995409,6784.25,56.44983100459103,cutoff
35_upper,2018-02-21,2018,upper,2018-02-21 11:27:00-05:00,2018-02-21 15:59:00-05:00,6851.230605849432,6763.0,88.23060584943232,cutoff
33_lower,2018-02-22,2018,lower,2018-02-21 18:54:00-05:00,2018-02-22 15:59:00-05:00,6721.187765756946,6767.25,46.06223424305426,cutoff
37_upper,2018-02-23,2018,upper,2018-02-23 14:49:00-05:00,2018-02-23 15:59:00-05:00,6871.912614461429,6901.5,-29.587385538570743,cutoff
23_upper,2018-02-26,2018,upper,2018-02-26 12:57:00-05:00,2018-02-26 15:59:00-05:00,6971.006897687846,6992.25,-21.243102312154406,cutoff
40_lower,2018-02-27,2018,lower,2018-02-27 12:20:00-05:00,2018-02-27 15:59:00-05:00,6926.71319448983,6905.0,-21.71319448983013,cutoff
39_lower,2018-02-28,2018,lower,2018-02-28 15:45:00-05:00,2018-02-28 15:59:00-05:00,6879.299880883785,6861.25,-18.04988088378468,cutoff
38_lower,2018-03-01,2018,lower,2018-03-01 13:45:00-05:00,2018-03-01 15:59:00-05:00,6747.626726108781,6753.0,5.37327389121856,cutoff
35_lower,2018-03-02,2018,lower,2018-03-02 08:01:00-05:00,2018-03-02 15:59:00-05:00,6674.644394150568,6811.75,137.10560584943232,cutoff
44_upper,2018-03-05,2018,upper,2018-03-05 11:41:00-05:00,2018-03-05 15:59:00-05:00,6857.609340965633,6884.75,-27.140659034366763,cutoff
45_lower,2018-03-07,2018,lower,2018-03-06 18:00:00-05:00,2018-03-07 15:59:00-05:00,6847.01664539836,6930.0,82.9833546016398,cutoff
46_upper,2018-03-08,2018,upper,2018-03-08 02:11:00-05:00,2018-03-08 15:59:00-05:00,6945.66025015068,6967.25,-21.58974984931956,cutoff
45_upper,2018-03-09,2018,upper,2018-03-08 19:00:00-05:00,2018-03-09 15:59:00-05:00,7000.75,7127.5,-126.75,cutoff
49_upper,2018-03-13,2018,upper,2018-03-13 09:42:00-04:00,2018-03-13 15:59:00-04:00,7211.202029295153,7071.25,139.9520292951529,cutoff
51_lower,2018-03-15,2018,lower,2018-03-14 21:10:00-04:00,2018-03-15 15:59:00-04:00,7027.927462033644,7055.25,27.32253796635632,cutoff
53_lower,2018-03-19,2018,lower,2018-03-18 20:59:00-04:00,2018-03-19 15:59:00-04:00,7019.536644549242,6885.75,-133.78664454924183,cutoff
55_lower,2018-03-22,2018,lower,2018-03-22 03:59:00-04:00,2018-03-22 15:59:00-04:00,6815.833165584705,6698.0,-117.83316558470506,cutoff
58_lower,2018-03-23,2018,lower,2018-03-23 15:00:00-04:00,2018-03-23 15:59:00-04:00,6582.5845918092255,6520.25,-62.33459180922546,cutoff
59_lower,2018-03-26,2018,lower,2018-03-26 11:19:00-04:00,2018-03-26 15:59:00-04:00,6555.590673508264,6771.25,215.65932649173556,cutoff
58_upper,2018-03-27,2018,upper,2018-03-26 20:01:00-04:00,2018-03-27 15:59:00-04:00,6796.0404081907745,6543.75,252.29040819077454,cutoff
62_upper,2018-03-29,2018,upper,2018-03-29 14:11:00-04:00,2018-03-29 15:59:00-04:00,6618.200644567763,6589.5,28.700644567763447,cutoff
63_lower,2018-04-02,2018,lower,2018-04-02 11:36:00-04:00,2018-04-02 15:59:00-04:00,6394.937625773999,6399.5,4.562374226001339,cutoff
65_upper,2018-04-04,2018,upper,2018-04-04 11:31:00-04:00,2018-04-04 15:59:00-04:00,6467.935910178159,6568.75,-100.81408982184075,cutoff
66_lower,2018-04-06,2018,lower,2018-04-05 18:55:00-04:00,2018-04-06 15:59:00-04:00,6533.187655664731,6443.0,-90.18765566473121,cutoff
68_upper,2018-04-10,2018,upper,2018-04-09 22:42:00-04:00,2018-04-10 15:59:00-04:00,6618.015361193202,6626.5,-8.484638806798102,cutoff
67_upper,2018-04-11,2018,upper,2018-04-11 12:03:00-04:00,2018-04-11 15:59:00-04:00,6653.787367679794,6594.5,59.28736767979444,cutoff
69_upper,2018-04-12,2018,upper,2018-04-12 09:59:00-04:00,2018-04-12 15:59:00-04:00,6674.120573515432,6667.75,6.370573515431715,cutoff
71_upper,2018-04-17,2018,upper,2018-04-17 02:19:00-04:00,2018-04-17 15:59:00-04:00,6742.225463751627,6826.25,-84.0245362483729,cutoff
75_lower,2018-04-20,2018,lower,2018-04-20 03:30:00-04:00,2018-04-20 15:59:00-04:00,6754.992006121582,6673.0,-81.99200612158165,cutoff
78_lower,2018-04-24,2018,lower,2018-04-24 10:24:00-04:00,2018-04-24 15:59:00-04:00,6615.554947578565,6512.75,-102.80494757856468,cutoff
80_upper,2018-04-26,2018,upper,2018-04-26 10:04:00-04:00,2018-04-26 15:59:00-04:00,6618.426920574853,6655.25,-36.823079425146716,cutoff
78_upper,2018-04-27,2018,upper,2018-04-27 08:47:00-04:00,2018-04-27 15:59:00-04:00,6767.945052421435,6661.75,106.19505242143532,cutoff
83_lower,2018-04-30,2018,lower,2018-04-30 12:09:00-04:00,2018-04-30 15:59:00-04:00,6612.5646574806215,6610.75,-1.814657480621463,cutoff
84_upper,2018-05-01,2018,upper,2018-05-01 15:50:00-04:00,2018-05-01 15:59:00-04:00,6679.80807177099,6685.0,-5.1919282290100455,cutoff
86_upper,2018-05-04,2018,upper,2018-05-04 10:25:00-04:00,2018-05-04 15:59:00-04:00,6692.836225843241,6772.75,-79.91377415675925,cutoff
77_upper,2018-05-07,2018,upper,2018-05-07 00:30:00-04:00,2018-05-07 15:59:00-04:00,6828.16377343615,6826.75,1.4137734361502226,cutoff
76_upper,2018-05-09,2018,upper,2018-05-09 12:48:00-04:00,2018-05-09 15:59:00-04:00,6871.215187438924,6895.25,-24.03481256107625,cutoff
91_upper,2018-05-10,2018,upper,2018-05-10 13:10:00-04:00,2018-05-10 15:59:00-04:00,6969.484773303996,6967.5,1.9847733039960076,cutoff
92_upper,2018-05-14,2018,upper,2018-05-14 10:30:00-04:00,2018-05-14 15:59:00-04:00,7007.349699090812,6969.25,38.099699090811555,cutoff
93_lower,2018-05-15,2018,lower,2018-05-15 08:39:00-04:00,2018-05-15 15:59:00-04:00,6928.543047509258,6889.25,-39.29304750925803,cutoff
95_upper,2018-05-17,2018,upper,2018-05-17 10:57:00-04:00,2018-05-17 15:59:00-04:00,6960.568010688974,6907.5,53.06801068897403,cutoff
97_upper,2018-05-21,2018,upper,2018-05-20 18:00:00-04:00,2018-05-21 15:59:00-04:00,6935.473866313412,6912.0,23.473866313412145,cutoff
98_lower,2018-05-23,2018,lower,2018-05-22 21:51:00-04:00,2018-05-23 15:59:00-04:00,6878.121273342689,6960.0,81.87872665731084,cutoff
94_upper,2018-05-24,2018,upper,2018-05-24 03:19:00-04:00,2018-05-24 15:59:00-04:00,6971.765545524388,6954.25,17.515545524387562,cutoff
98_upper,2018-05-25,2018,upper,2018-05-24 21:33:00-04:00,2018-05-25 15:59:00-04:00,6988.503726657311,6963.5,25.003726657310835,cutoff
103_lower,2018-05-29,2018,lower,2018-05-29 02:47:00-04:00,2018-05-29 15:59:00-04:00,6935.904766379892,6931.75,-4.154766379891953,cutoff
104_upper,2018-05-31,2018,upper,2018-05-31 11:39:00-04:00,2018-05-31 15:59:00-04:00,7007.195181795412,6977.0,30.19518179541228,cutoff
93_upper,2018-06-01,2018,upper,2018-06-01 09:55:00-04:00,2018-06-01 15:59:00-04:00,7036.581952490742,7086.25,-49.66804750925803,cutoff
107_upper,2018-06-04,2018,upper,2018-06-03 20:18:00-04:00,2018-06-04 15:59:00-04:00,7092.43659505992,7147.0,-54.563404940079636,cutoff
108_upper,2018-06-05,2018,upper,2018-06-05 04:00:00-04:00,2018-06-05 15:59:00-04:00,7156.635231374005,7170.75,-14.114768625994657,cutoff
110_upper,2018-06-07,2018,upper,2018-06-07 02:32:00-04:00,2018-06-07 15:59:00-04:00,7231.326699234774,7152.75,78.57669923477442,cutoff
110_lower,2018-06-08,2018,lower,2018-06-08 04:10:00-04:00,2018-06-08 15:59:00-04:00,7113.548300765226,7176.0,62.45169923477442,cutoff
112_upper,2018-06-11,2018,upper,2018-06-11 09:46:00-04:00,2018-06-11 15:59:00-04:00,7194.487916844135,7193.0,1.4879168441348156,cutoff
113_upper,2018-06-12,2018,upper,2018-06-12 11:44:00-04:00,2018-06-12 15:59:00-04:00,7226.99282082399,7236.25,-9.25717917601014,cutoff
114_upper,2018-06-13,2018,upper,2018-06-12 20:23:00-04:00,2018-06-13 15:59:00-04:00,7254.301705073458,7230.75,23.551705073457924,cutoff
115_upper,2018-06-14,2018,upper,2018-06-14 10:20:00-04:00,2018-06-14 15:59:00-04:00,7303.289655676041,7310.25,-6.960344323959362,cutoff
117_lower,2018-06-18,2018,lower,2018-06-18 09:34:00-04:00,2018-06-18 15:59:00-04:00,7214.541889345101,7274.0,59.45811065489943,cutoff
116_lower,2018-06-19,2018,lower,2018-06-18 21:55:00-04:00,2018-06-19 15:59:00-04:00,7207.821104982877,7252.25,44.42889501712307,cutoff
119_upper,2018-06-20,2018,upper,2018-06-19 20:02:00-04:00,2018-06-20 15:59:00-04:00,7262.911183414944,7306.0,-43.08881658505561,cutoff
116_upper,2018-06-21,2018,upper,2018-06-20 21:57:00-04:00,2018-06-21 15:59:00-04:00,7342.428895017123,7239.75,102.67889501712307,cutoff
121_lower,2018-06-22,2018,lower,2018-06-22 10:34:00-04:00,2018-06-22 15:59:00-04:00,7198.555087663368,7216.0,17.444912336632115,cutoff
122_lower,2018-06-25,2018,lower,2018-06-25 05:03:00-04:00,2018-06-25 15:59:00-04:00,7161.205449367277,7058.0,-103.20544936727674,cutoff
125_lower,2018-06-27,2018,lower,2018-06-27 13:14:00-04:00,2018-06-27 15:59:00-04:00,7052.521768683338,6989.0,-63.52176868333845,cutoff
126_upper,2018-06-29,2018,upper,2018-06-28 22:36:00-04:00,2018-06-29 15:59:00-04:00,7076.796525590399,7064.25,12.546525590399142,cutoff
127_lower,2018-07-02,2018,lower,2018-07-02 02:24:00-04:00,2018-07-02 15:59:00-04:00,7021.939275551633,7118.75,96.81072444836718,cutoff
127_upper,2018-07-03,2018,upper,2018-07-03 07:36:00-04:00,2018-07-03 13:14:00-04:00,7161.685724448367,7023.0,138.68572444836718,cutoff
130_upper,2018-07-05,2018,upper,2018-07-05 12:04:00-04:00,2018-07-05 15:59:00-04:00,7100.0791138550085,7121.0,-20.920886144991528,cutoff
131_upper,2018-07-06,2018,upper,2018-07-06 01:32:00-04:00,2018-07-06 15:59:00-04:00,7154.980786813723,7228.5,-73.51921318627683,cutoff
123_upper,2018-07-09,2018,upper,2018-07-08 20:08:00-04:00,2018-07-09 15:59:00-04:00,7245.184324224052,7297.0,-51.815675775947966,cutoff
133_upper,2018-07-10,2018,upper,2018-07-09 20:54:00-04:00,2018-07-10 15:59:00-04:00,7333.438705783388,7300.75,32.688705783388286,cutoff
134_lower,2018-07-11,2018,lower,2018-07-10 18:21:00-04:00,2018-07-11 15:59:00-04:00,7250.612762783524,7262.5,11.887237216476024,cutoff
135_upper,2018-07-12,2018,upper,2018-07-12 10:07:00-04:00,2018-07-12 15:59:00-04:00,7328.303579632185,7384.75,-56.446420367815335,cutoff
121_upper,2018-07-13,2018,upper,2018-07-12 23:46:00-04:00,2018-07-13 15:59:00-04:00,7406.569912336632,7393.75,12.819912336632115,cutoff
139_upper,2018-07-17,2018,upper,2018-07-17 11:54:00-04:00,2018-07-17 15:59:00-04:00,7392.15471783367,7421.5,-29.345282166330435,cutoff
140_lower,2018-07-23,2018,lower,2018-07-22 21:00:00-04:00,2018-07-23 15:59:00-04:00,7346.6858821268015,7384.25,37.564117873198484,cutoff
142_upper,2018-07-24,2018,upper,2018-07-23 19:52:00-04:00,2018-07-24 15:59:00-04:00,7438.102087580435,7416.25,21.85208758043518,cutoff
145_upper,2018-07-25,2018,upper,2018-07-25 14:03:00-04:00,2018-07-25 15:59:00-04:00,7481.544416078332,7521.0,-39.45558392166822,cutoff
146_lower,2018-07-27,2018,lower,2018-07-27 12:02:00-04:00,2018-07-27 15:59:00-04:00,7351.942496498693,7305.0,-46.94249649869289,cutoff
136_lower,2018-07-30,2018,lower,2018-07-30 09:44:00-04:00,2018-07-30 15:59:00-04:00,7226.908261951898,7202.5,-24.408261951897657,cutoff
149_upper,2018-08-02,2018,upper,2018-08-02 11:35:00-04:00,2018-08-02 15:59:00-04:00,7331.653201937988,7380.0,-48.34679806201166,cutoff
153_upper,2018-08-07,2018,upper,2018-08-06 23:02:00-04:00,2018-08-07 15:59:00-04:00,7459.432390640652,7471.25,-11.817609359348353,cutoff
156_lower,2018-08-10,2018,lower,2018-08-10 06:04:00-04:00,2018-08-10 15:59:00-04:00,7424.720023865139,7418.0,-6.72002386513941,cutoff
157_lower,2018-08-15,2018,lower,2018-08-15 10:00:00-04:00,2018-08-15 15:59:00-04:00,7372.920652415312,7365.25,-7.670652415312361,cutoff
161_lower,2018-08-17,2018,lower,2018-08-17 08:08:00-04:00,2018-08-17 15:59:00-04:00,7360.173904777643,7388.75,28.576095222357253,cutoff
162_upper,2018-08-21,2018,upper,2018-08-21 11:54:00-04:00,2018-08-21 15:59:00-04:00,7436.526712365974,7407.0,29.526712365974163,cutoff
164_lower,2018-08-22,2018,lower,2018-08-21 19:14:00-04:00,2018-08-22 15:59:00-04:00,7352.896833553673,7435.5,82.60316644632712,cutoff
165_upper,2018-08-23,2018,upper,2018-08-23 09:42:00-04:00,2018-08-23 15:59:00-04:00,7452.447510363063,7422.75,29.697510363062975,cutoff
157_upper,2018-08-24,2018,upper,2018-08-24 10:35:00-04:00,2018-08-24 15:59:00-04:00,7480.329347584688,7493.0,-12.670652415312361,cutoff
166_upper,2018-08-27,2018,upper,2018-08-26 18:07:00-04:00,2018-08-27 15:59:00-04:00,7505.206854948481,7567.75,-62.54314505151888,cutoff
168_upper,2018-08-29,2018,upper,2018-08-28 22:28:00-04:00,2018-08-29 15:59:00-04:00,7599.9516883498845,7667.25,-67.29831165011547,cutoff
173_lower,2018-09-04,2018,lower,2018-09-04 07:41:00-04:00,2018-09-04 15:59:00-04:00,7633.061168833607,7628.25,-4.811168833606644,cutoff
174_lower,2018-09-05,2018,lower,2018-09-05 10:01:00-04:00,2018-09-05 15:59:00-04:00,7549.8898326392355,7528.5,-21.389832639235465,cutoff
168_lower,2018-09-06,2018,lower,2018-09-06 10:12:00-04:00,2018-09-06 15:59:00-04:00,7472.1733116501155,7458.25,-13.923311650115465,cutoff
167_lower,2018-09-07,2018,lower,2018-09-07 09:00:00-04:00,2018-09-07 15:59:00-04:00,7401.824362995334,7436.75,34.92563700466599,cutoff
179_upper,2018-09-12,2018,upper,2018-09-12 03:47:00-04:00,2018-09-12 15:59:00-04:00,7527.395003291416,7490.75,36.64500329141629,cutoff
178_upper,2018-09-13,2018,upper,2018-09-13 09:32:00-04:00,2018-09-13 15:59:00-04:00,7547.622652900693,7563.75,-16.12734709930737,cutoff
176_upper,2018-09-14,2018,upper,2018-09-14 02:25:00-04:00,2018-09-14 15:59:00-04:00,7612.28905045813,7574.0,38.28905045813008,cutoff
182_lower,2018-09-17,2018,lower,2018-09-17 09:36:00-04:00,2018-09-17 15:59:00-04:00,7544.14004620946,7465.25,-78.8900462094598,cutoff
184_upper,2018-09-20,2018,upper,2018-09-20 09:43:00-04:00,2018-09-20 15:59:00-04:00,7584.795092564204,7601.0,-16.204907435795576,cutoff
183_upper,2018-09-21,2018,upper,2018-09-21 02:47:00-04:00,2018-09-21 15:59:00-04:00,7631.354115860666,7559.5,71.85411586066584,cutoff
187_lower,2018-09-24,2018,lower,2018-09-23 18:00:00-04:00,2018-09-24 15:59:00-04:00,7532.5,7579.25,46.75,cutoff
189_upper,2018-09-26,2018,upper,2018-09-26 11:01:00-04:00,2018-09-26 15:59:00-04:00,7629.202776166338,7593.25,35.95277616633757,cutoff
187_upper,2018-10-01,2018,upper,2018-09-30 19:08:00-04:00,2018-10-01 15:59:00-04:00,7688.758399715875,7670.75,18.008399715875385,cutoff
193_lower,2018-10-02,2018,lower,2018-10-02 04:46:00-04:00,2018-10-02 15:59:00-04:00,7641.621028945046,7654.0,12.378971054953581,cutoff
195_lower,2018-10-04,2018,lower,2018-10-03 21:36:00-04:00,2018-10-04 15:59:00-04:00,7629.524241982807,7514.0,-115.52424198280733,cutoff
185_lower,2018-10-05,2018,lower,2018-10-05 11:18:00-04:00,2018-10-05 15:59:00-04:00,7425.706953110518,7420.75,-4.956953110518043,cutoff
179_lower,2018-10-08,2018,lower,2018-10-08 11:39:00-04:00,2018-10-08 15:59:00-04:00,7336.979996708584,7376.5,39.52000329141629,cutoff
198_lower,2018-10-10,2018,lower,2018-10-10 09:50:00-04:00,2018-10-10 15:59:00-04:00,7286.224538054712,7071.5,-214.72453805471196,cutoff
202_lower,2018-10-12,2018,lower,2018-10-12 12:44:00-04:00,2018-10-12 15:59:00-04:00,7048.600848404034,7176.75,128.14915159596603,cutoff
201_upper,2018-10-16,2018,upper,2018-10-16 11:18:00-04:00,2018-10-16 15:59:00-04:00,7217.811408936939,7291.0,-73.18859106306081,cutoff
205_lower,2018-10-18,2018,lower,2018-10-18 11:23:00-04:00,2018-10-18 15:59:00-04:00,7191.656377993426,7131.75,-59.90637799342585,cutoff
204_lower,2018-10-22,2018,lower,2018-10-21 18:00:00-04:00,2018-10-22 15:59:00-04:00,7072.798012908561,7155.75,82.95198709143915,cutoff
208_lower,2018-10-23,2018,lower,2018-10-23 05:17:00-04:00,2018-10-23 15:59:00-04:00,7032.3496815496055,7132.25,99.90031845039448,cutoff
210_lower,2018-10-24,2018,lower,2018-10-24 11:29:00-04:00,2018-10-24 15:59:00-04:00,6997.43029997219,6798.25,-199.18029997219037,cutoff
211_lower,2018-10-26,2018,lower,2018-10-26 05:25:00-04:00,2018-10-26 15:59:00-04:00,6762.610909414232,6858.0,95.38909058576792,cutoff
213_lower,2018-10-29,2018,lower,2018-10-29 12:06:00-04:00,2018-10-29 15:59:00-04:00,6839.862157892273,6730.25,-109.61215789227299,cutoff
214_upper,2018-10-31,2018,upper,2018-10-31 04:37:00-04:00,2018-10-31 15:59:00-04:00,6889.683844244571,6973.5,-83.81615575542855,cutoff
213_upper,2018-11-01,2018,upper,2018-11-01 13:25:00-04:00,2018-11-01 15:59:00-04:00,7064.512842107727,7073.25,-8.73715789227299,cutoff
215_upper,2018-11-02,2018,upper,2018-11-02 01:04:00-04:00,2018-11-02 15:59:00-04:00,7089.567462295751,6965.5,124.06746229575128,cutoff
217_lower,2018-11-05,2018,lower,2018-11-05 09:44:00-05:00,2018-11-05 15:59:00-05:00,6903.866612075746,6943.0,39.13338792425384,cutoff
218_upper,2018-11-07,2018,upper,2018-11-07 03:20:00-05:00,2018-11-07 15:59:00-05:00,7081.0047610942565,7210.25,-129.24523890574346,cutoff
221_lower,2018-11-09,2018,lower,2018-11-09 06:37:00-05:00,2018-11-09 15:59:00-05:00,7094.461029890275,7046.0,-48.46102989027531,cutoff
220_lower,2018-11-12,2018,lower,2018-11-12 09:32:00-05:00,2018-11-12 15:59:00-05:00,6976.819470200613,6838.25,-138.56947020061307,cutoff
215_lower,2018-11-13,2018,lower,2018-11-12 19:44:00-05:00,2018-11-13 15:59:00-05:00,6812.432537704249,6838.5,26.067462295751284,cutoff
225_lower,2018-11-14,2018,lower,2018-11-14 14:02:00-05:00,2018-11-14 15:59:00-05:00,6758.138099856673,6782.25,24.111900143327148,cutoff
226_upper,2018-11-15,2018,upper,2018-11-15 13:55:00-05:00,2018-11-15 15:59:00-05:00,6886.098901945612,6903.5,-17.401098054388058,cutoff
227_lower,2018-11-19,2018,lower,2018-11-19 10:34:00-05:00,2018-11-19 15:59:00-05:00,6729.6333303671845,6652.75,-76.8833303671845,cutoff
214_lower,2018-11-20,2018,lower,2018-11-20 08:40:00-05:00,2018-11-20 15:59:00-05:00,6537.816155755429,6536.0,-1.8161557554285537,cutoff
229_upper,2018-11-21,2018,upper,2018-11-21 09:31:00-05:00,2018-11-21 15:59:00-05:00,6638.488855974993,6583.5,54.988855974993385,cutoff
230_lower,2018-11-23,2018,lower,2018-11-23 08:43:00-05:00,2018-11-23 13:14:00-05:00,6499.389445867615,6530.5,31.110554132385005,cutoff
231_upper,2018-11-26,2018,upper,2018-11-26 03:15:00-05:00,2018-11-26 15:59:00-05:00,6623.8814122187305,6685.25,-61.368587781269525,cutoff
230_upper,2018-11-28,2018,upper,2018-11-27 18:00:00-05:00,2018-11-28 15:59:00-05:00,6728.485554132385,6919.75,-191.264445867615,cutoff
224_upper,2018-12-03,2018,upper,2018-12-02 18:00:00-05:00,2018-12-03 15:59:00-05:00,7070.5,7065.75,4.75,cutoff
238_lower,2018-12-04,2018,lower,2018-12-04 12:04:00-05:00,2018-12-04 15:59:00-05:00,6978.489854502546,6801.0,-177.48985450254622,cutoff
235_lower,2018-12-06,2018,lower,2018-12-05 18:02:00-05:00,2018-12-06 15:59:00-05:00,6672.739529536092,6843.75,171.01047046390795,cutoff
241_lower,2018-12-07,2018,lower,2018-12-07 12:36:00-05:00,2018-12-07 15:59:00-05:00,6672.481834007109,6615.5,-56.98183400710877,cutoff
240_lower,2018-12-10,2018,lower,2018-12-09 18:47:00-05:00,2018-12-10 15:59:00-05:00,6558.060391417932,6685.0,126.9396085820681,cutoff
242_upper,2018-12-11,2018,upper,2018-12-11 05:53:00-05:00,2018-12-11 15:59:00-05:00,6741.269055832232,6706.25,35.01905583223197,cutoff
245_lower,2018-12-14,2018,lower,2018-12-13 21:06:00-05:00,2018-12-14 15:59:00-05:00,6708.7658878650445,6618.0,-90.76588786504453,cutoff
234_lower,2018-12-17,2018,lower,2018-12-17 09:53:00-05:00,2018-12-17 15:59:00-05:00,6528.160513975401,6480.25,-47.910513975401045,cutoff
248_lower,2018-12-19,2018,lower,2018-12-19 14:52:00-05:00,2018-12-19 15:59:00-05:00,6434.122894312635,6353.0,-81.12289431263525,cutoff
250_lower,2018-12-20,2018,lower,2018-12-20 11:51:00-05:00,2018-12-20 15:59:00-05:00,6225.741800107466,6262.5,36.75819989253432,cutoff
251_lower,2018-12-21,2018,lower,2018-12-21 12:19:00-05:00,2018-12-21 15:59:00-05:00,6142.135416306864,6063.25,-78.88541630686359,cutoff
252_lower,2018-12-26,2018,lower,2018-12-25 18:07:00-05:00,2018-12-26 15:59:00-05:00,5854.442943088241,6277.5,423.057056911759,cutoff
254_upper,2018-12-28,2018,upper,2018-12-27 23:30:00-05:00,2018-12-28 15:59:00-05:00,6340.354224240451,6298.5,41.854224240451,cutoff
256_lower,2019-01-02,2019,lower,2019-01-02 03:03:00-05:00,2019-01-02 15:59:00-05:00,6238.169923802291,6373.25,135.08007619770888,cutoff
258_upper,2019-01-04,2019,upper,2019-01-04 11:11:00-05:00,2019-01-04 15:59:00-05:00,6408.746399434796,6435.5,-26.75360056520367,cutoff
250_upper,2019-01-07,2019,upper,2019-01-06 19:03:00-05:00,2019-01-07 15:59:00-05:00,6469.258199892534,6500.5,-31.24180010746568,cutoff
248_upper,2019-01-09,2019,upper,2019-01-09 11:52:00-05:00,2019-01-09 15:59:00-05:00,6619.752105687365,6615.0,4.752105687364747,cutoff
265_upper,2019-01-15,2019,upper,2019-01-15 09:36:00-05:00,2019-01-15 15:59:00-05:00,6623.795237270195,6681.75,-57.954762729805225,cutoff
247_upper,2019-01-16,2019,upper,2019-01-16 09:33:00-05:00,2019-01-16 15:59:00-05:00,6698.710922106751,6680.25,18.46092210675124,cutoff
267_lower,2019-01-17,2019,lower,2019-01-17 03:16:00-05:00,2019-01-17 15:59:00-05:00,6615.187968301361,6730.25,115.06203169863875,cutoff
267_upper,2019-01-18,2019,upper,2019-01-18 09:28:00-05:00,2019-01-18 15:59:00-05:00,6785.562031698639,6795.0,-9.437968301361252,cutoff
270_lower,2019-01-22,2019,lower,2019-01-22 11:42:00-05:00,2019-01-22 15:59:00-05:00,6698.293668717168,6665.75,-32.54366871716775,cutoff
272_lower,2019-01-23,2019,lower,2019-01-23 11:54:00-05:00,2019-01-23 15:59:00-05:00,6611.321732540817,6669.0,57.67826745918319,cutoff
273_upper,2019-01-25,2019,upper,2019-01-25 10:02:00-05:00,2019-01-25 15:59:00-05:00,6774.122767182309,6793.25,-19.127232817691038,cutoff
274_lower,2019-01-28,2019,lower,2019-01-28 09:33:00-05:00,2019-01-28 15:59:00-05:00,6680.472121266195,6704.25,23.777878733804755,cutoff
276_lower,2019-01-29,2019,lower,2019-01-29 10:57:00-05:00,2019-01-29 15:59:00-05:00,6621.250354668582,6638.0,16.749645331417923,cutoff
275_upper,2019-01-30,2019,upper,2019-01-30 14:00:00-05:00,2019-01-30 15:59:00-05:00,6769.707251521271,6814.5,-44.792748478728754,cutoff
269_upper,2019-01-31,2019,upper,2019-01-30 18:00:00-05:00,2019-01-31 15:59:00-05:00,6854.169002421254,6910.25,-56.080997578746064,cutoff
278_upper,2019-02-04,2019,upper,2019-02-04 13:45:00-05:00,2019-02-04 15:59:00-05:00,6950.4835546835775,6963.0,-12.516445316422505,cutoff
282_lower,2019-02-07,2019,lower,2019-02-07 09:30:00-05:00,2019-02-07 15:59:00-05:00,6927.889636332791,6910.0,-17.88963633279127,cutoff
283_upper,2019-02-12,2019,upper,2019-02-12 10:58:00-05:00,2019-02-12 15:59:00-05:00,7011.94860488138,7018.75,-6.8013951186203485,cutoff
286_upper,2019-02-13,2019,upper,2019-02-12 19:12:00-05:00,2019-02-13 15:59:00-05:00,7043.27827199871,7021.0,22.278271998709897,cutoff
287_lower,2019-02-14,2019,lower,2019-02-14 09:31:00-05:00,2019-02-14 15:59:00-05:00,6981.2659991287555,7028.0,46.73400087124446,cutoff
288_upper,2019-02-15,2019,upper,2019-02-15 09:28:00-05:00,2019-02-15 15:59:00-05:00,7071.945814887033,7059.75,12.195814887032611,cutoff
282_upper,2019-02-20,2019,upper,2019-02-20 10:40:00-05:00,2019-02-20 15:59:00-05:00,7103.860363667209,7071.75,32.11036366720873,cutoff
290_upper,2019-02-21,2019,upper,2019-02-20 22:40:00-05:00,2019-02-21 15:59:00-05:00,7110.376430518732,7042.5,67.87643051873238,cutoff
287_upper,2019-02-25,2019,upper,2019-02-24 18:00:00-05:00,2019-02-25 15:59:00-05:00,7115.3590008712445,7120.5,-5.1409991287555385,cutoff
295_lower,2019-02-26,2019,lower,2019-02-25 20:28:00-05:00,2019-02-26 15:59:00-05:00,7101.039941058964,7128.5,27.46005894103564,cutoff
298_upper,2019-03-01,2019,upper,2019-03-01 14:29:00-05:00,2019-03-01 15:59:00-05:00,7162.944911961969,7155.5,7.44491196196941,cutoff
296_upper,2019-03-04,2019,upper,2019-03-03 18:00:00-05:00,2019-03-04 15:59:00-05:00,7180.5,7155.0,25.5,cutoff
302_lower,2019-03-07,2019,lower,2019-03-06 19:05:00-05:00,2019-03-07 15:59:00-05:00,7097.747854027111,7030.5,-67.24785402711132,cutoff
289_lower,2019-03-08,2019,lower,2019-03-08 08:30:00-05:00,2019-03-08 15:59:00-05:00,6998.584511919897,7045.25,46.66548808010339,cutoff
303_upper,2019-03-11,2019,upper,2019-03-11 12:04:00-04:00,2019-03-11 15:59:00-04:00,7173.571892078411,7192.5,-18.92810792158889,cutoff
299_upper,2019-03-12,2019,upper,2019-03-11 18:56:00-04:00,2019-03-12 15:59:00-04:00,7212.4931728828615,7231.75,-19.256827117138528,cutoff
306_upper,2019-03-13,2019,upper,2019-03-13 08:00:00-04:00,2019-03-13 15:59:00-04:00,7262.804382013026,7286.25,-23.445617986973957,cutoff
308_upper,2019-03-15,2019,upper,2019-03-15 09:56:00-04:00,2019-03-15 15:59:00-04:00,7332.254555376385,7336.25,-3.9954446236151853,cutoff
309_upper,2019-03-18,2019,upper,2019-03-18 09:58:00-04:00,2019-03-18 15:59:00-04:00,7364.223578148492,7355.0,9.22357814849238,cutoff
310_upper,2019-03-19,2019,upper,2019-03-19 11:50:00-04:00,2019-03-19 15:59:00-04:00,7404.166306104591,7382.25,21.916306104591058,cutoff
312_upper,2019-03-20,2019,upper,2019-03-20 14:25:00-04:00,2019-03-20 15:59:00-04:00,7433.002185272495,7413.25,19.7521852724949,cutoff
313_upper,2019-03-21,2019,upper,2019-03-21 13:27:00-04:00,2019-03-21 15:59:00-04:00,7490.028262531559,7526.75,-36.72173746844055,cutoff
314_lower,2019-03-22,2019,lower,2019-03-22 11:52:00-04:00,2019-03-22 15:59:00-04:00,7397.189514019376,7358.25,-38.939514019375565,cutoff
311_lower,2019-03-25,2019,lower,2019-03-24 20:24:00-04:00,2019-03-25 15:59:00-04:00,7337.82254636648,7347.0,9.17745363351969,cutoff
315_upper,2019-03-26,2019,upper,2019-03-26 09:57:00-04:00,2019-03-26 15:59:00-04:00,7433.512851730817,7378.0,55.51285173081669,cutoff
316_lower,2019-03-27,2019,lower,2019-03-27 11:13:00-04:00,2019-03-27 15:59:00-04:00,7335.981281828012,7335.25,-0.7312818280115607,cutoff
318_upper,2019-04-01,2019,upper,2019-03-31 18:00:00-04:00,2019-04-01 15:59:00-04:00,7437.25,7501.25,-64.0,cutoff
320_upper,2019-04-02,2019,upper,2019-04-02 15:23:00-04:00,2019-04-02 15:59:00-04:00,7529.00992934504,7525.5,3.509929345040291,cutoff
321_upper,2019-04-03,2019,upper,2019-04-02 21:45:00-04:00,2019-04-03 15:59:00-04:00,7556.688231456711,7569.25,-12.561768543288963,cutoff
322_upper,2019-04-08,2019,upper,2019-04-08 15:41:00-04:00,2019-04-08 15:59:00-04:00,7622.528978544867,7624.0,-1.4710214551332683,cutoff
324_upper,2019-04-11,2019,upper,2019-04-10 18:29:00-04:00,2019-04-11 15:59:00-04:00,7647.411682774517,7617.0,30.41168277451743,cutoff
329_lower,2019-04-15,2019,lower,2019-04-15 10:43:00-04:00,2019-04-15 15:59:00-04:00,7599.4532325090695,7651.25,51.796767490930506,cutoff
328_upper,2019-04-17,2019,upper,2019-04-16 21:59:00-04:00,2019-04-17 15:59:00-04:00,7699.333072790703,7701.25,-1.916927209296773,cutoff
333_upper,2019-04-23,2019,upper,2019-04-23 09:44:00-04:00,2019-04-23 15:59:00-04:00,7772.171559230863,7828.75,-56.57844076913716,cutoff
336_lower,2019-04-26,2019,lower,2019-04-26 09:43:00-04:00,2019-04-26 15:59:00-04:00,7773.931429214922,7841.5,67.56857078507801,cutoff
339_lower,2019-04-30,2019,lower,2019-04-29 21:00:00-04:00,2019-04-30 15:59:00-04:00,7787.768622292595,7795.75,7.981377707405045,cutoff
341_lower,2019-05-01,2019,lower,2019-05-01 15:50:00-04:00,2019-05-01 15:59:00-04:00,7783.981204736998,7765.0,-18.981204736997825,cutoff
340_lower,2019-05-02,2019,lower,2019-05-01 18:02:00-04:00,2019-05-02 15:59:00-04:00,7733.070029493565,7736.5,3.4299705064349837,cutoff
342_upper,2019-05-03,2019,upper,2019-05-03 13:19:00-04:00,2019-05-03 15:59:00-04:00,7849.943792865013,7857.0,-7.056207134986835,cutoff
343_lower,2019-05-06,2019,lower,2019-05-05 18:01:00-04:00,2019-05-06 15:59:00-04:00,7732.533735919535,7808.5,75.96626408046541,cutoff
332_lower,2019-05-07,2019,lower,2019-05-07 11:04:00-04:00,2019-05-07 15:59:00-04:00,7643.692667452693,7654.25,10.557332547306942,cutoff
328_lower,2019-05-09,2019,lower,2019-05-09 02:52:00-04:00,2019-05-09 15:59:00-04:00,7578.916927209297,7593.0,14.083072790703227,cutoff
347_upper,2019-05-10,2019,upper,2019-05-09 20:24:00-04:00,2019-05-10 15:59:00-04:00,7651.573096473161,7600.5,51.07309647316106,cutoff
347_lower,2019-05-13,2019,lower,2019-05-13 08:14:00-04:00,2019-05-13 15:59:00-04:00,7422.426903526839,7334.5,-87.92690352683894,cutoff
349_lower,2019-05-14,2019,lower,2019-05-13 18:01:00-04:00,2019-05-14 15:59:00-04:00,7292.18812492671,7412.75,120.56187507329014,cutoff
350_upper,2019-05-15,2019,upper,2019-05-15 10:42:00-04:00,2019-05-15 15:59:00-04:00,7481.289402916763,7516.5,-35.21059708323719,cutoff
353_upper,2019-05-17,2019,upper,2019-05-17 11:08:00-04:00,2019-05-17 15:59:00-04:00,7618.332356369952,7514.25,104.08235636995232,cutoff
353_lower,2019-05-20,2019,lower,2019-05-20 06:14:00-04:00,2019-05-20 15:59:00-04:00,7446.417643630048,7388.25,-58.16764363004768,cutoff
355_lower,2019-05-23,2019,lower,2019-05-23 02:07:00-04:00,2019-05-23 15:59:00-04:00,7371.647120555797,7316.0,-55.6471205557973,cutoff
359_upper,2019-05-28,2019,upper,2019-05-28 09:39:00-04:00,2019-05-28 15:59:00-04:00,7364.662584484247,7283.5,81.16258448424742,cutoff
358_lower,2019-05-29,2019,lower,2019-05-28 20:09:00-04:00,2019-05-29 15:59:00-04:00,7278.526693405793,7224.25,-54.276693405792685,cutoff
362_lower,2019-05-31,2019,lower,2019-05-31 03:05:00-04:00,2019-05-31 15:59:00-04:00,7176.495656589786,7131.25,-45.24565658978645,cutoff
363_lower,2019-06-03,2019,lower,2019-06-02 18:21:00-04:00,2019-06-03 15:59:00-04:00,7085.460323473335,6980.25,-105.21032347333494,cutoff
365_upper,2019-06-04,2019,upper,2019-06-04 13:59:00-04:00,2019-06-04 15:59:00-04:00,7156.498340702606,7171.5,-15.001659297394326,cutoff
364_upper,2019-06-05,2019,upper,2019-06-05 05:27:00-04:00,2019-06-05 15:59:00-04:00,7224.946166549782,7226.0,-1.0538334502180078,cutoff
367_upper,2019-06-07,2019,upper,2019-06-07 04:08:00-04:00,2019-06-07 15:59:00-04:00,7306.2149127648445,7421.25,-115.03508723515552,cutoff
354_upper,2019-06-10,2019,upper,2019-06-10 09:33:00-04:00,2019-06-10 15:59:00-04:00,7490.945550165439,7506.25,-15.304449834560728,cutoff
369_upper,2019-06-11,2019,upper,2019-06-11 08:35:00-04:00,2019-06-11 15:59:00-04:00,7584.364849485702,7517.5,66.8648494857016,cutoff
373_upper,2019-06-17,2019,upper,2019-06-17 09:53:00-04:00,2019-06-17 15:59:00-04:00,7560.9113085016415,7556.0,4.9113085016415425,cutoff
372_upper,2019-06-18,2019,upper,2019-06-18 04:18:00-04:00,2019-06-18 15:59:00-04:00,7584.937138920871,7667.0,-82.0628610791291,cutoff
376_upper,2019-06-20,2019,upper,2019-06-19 21:09:00-04:00,2019-06-20 15:59:00-04:00,7748.238854969065,7763.0,-14.76114503093504,cutoff
379_lower,2019-06-25,2019,lower,2019-06-25 10:22:00-04:00,2019-06-25 15:59:00-04:00,7702.584942229007,7621.75,-80.83494222900663,cutoff
378_upper,2019-07-01,2019,upper,2019-06-30 18:00:00-04:00,2019-07-01 15:59:00-04:00,7815.97725658009,7793.25,22.727256580090398,cutoff
385_upper,2019-07-03,2019,upper,2019-07-03 03:15:00-04:00,2019-07-03 13:14:00-04:00,7845.729041524407,7888.25,-42.520958475593034,cutoff
386_upper,2019-07-04,2019,upper,2019-07-03 18:00:00-04:00,2019-07-04 12:59:00-04:00,7899.048540455279,7902.0,-2.9514595447208194,cutoff
387_lower,2019-07-05,2019,lower,2019-07-05 08:30:00-04:00,2019-07-05 15:59:00-04:00,7857.780845939943,7868.5,10.719154060057008,cutoff
386_lower,2019-07-08,2019,lower,2019-07-08 09:37:00-04:00,2019-07-08 15:59:00-04:00,7791.326459544721,7810.75,19.42354045527918,cutoff
388_lower,2019-07-09,2019,lower,2019-07-08 23:23:00-04:00,2019-07-09 15:59:00-04:00,7762.717990386845,7850.25,87.53200961315542,cutoff
389_upper,2019-07-10,2019,upper,2019-07-10 08:33:00-04:00,2019-07-10 15:59:00-04:00,7873.192209136437,7927.25,-54.05779086356324,cutoff
393_upper,2019-07-15,2019,upper,2019-07-15 15:00:00-04:00,2019-07-15 15:59:00-04:00,7987.432820639214,7988.0,-0.5671793607862128,cutoff
392_upper,2019-07-16,2019,upper,2019-07-15 19:54:00-04:00,2019-07-16 15:59:00-04:00,7994.358280096334,7948.5,45.858280096334056,cutoff
398_lower,2019-07-19,2019,lower,2019-07-19 14:16:00-04:00,2019-07-19 15:59:00-04:00,7892.595984476011,7853.25,-39.345984476010926,cutoff
399_upper,2019-07-23,2019,upper,2019-07-23 08:08:00-04:00,2019-07-23 15:59:00-04:00,7959.990078487765,7970.0,-10.00992151223545,cutoff
396_upper,2019-07-24,2019,upper,2019-07-24 14:55:00-04:00,2019-07-24 15:59:00-04:00,8005.144464454312,8025.75,-20.605535545688326,cutoff
403_lower,2019-07-30,2019,lower,2019-07-30 07:31:00-04:00,2019-07-30 15:59:00-04:00,7941.555932796677,7967.0,25.444067203323357,cutoff
406_lower,2019-07-31,2019,lower,2019-07-31 14:38:00-04:00,2019-07-31 15:59:00-04:00,7925.6219601014145,7859.25,-66.37196010141452,cutoff
407_lower,2019-08-02,2019,lower,2019-08-01 18:31:00-04:00,2019-08-02 15:59:00-04:00,7774.802374816618,7701.25,-73.55237481661788,cutoff
408_lower,2019-08-05,2019,lower,2019-08-04 21:35:00-04:00,2019-08-05 15:59:00-04:00,7636.544656962058,7423.0,-213.54465696205807,cutoff
411_upper,2019-08-08,2019,upper,2019-08-07 21:24:00-04:00,2019-08-08 15:59:00-04:00,7582.281783028347,7732.25,-149.96821697165342,cutoff
413_lower,2019-08-12,2019,lower,2019-08-12 11:13:00-04:00,2019-08-12 15:59:00-04:00,7579.728773061101,7570.75,-8.978773061100583,cutoff
414_lower,2019-08-13,2019,lower,2019-08-13 05:30:00-04:00,2019-08-13 15:59:00-04:00,7521.640114106753,7738.0,216.35988589324734,cutoff
416_lower,2019-08-14,2019,lower,2019-08-14 12:00:00-04:00,2019-08-14 15:59:00-04:00,7516.518209070048,7501.75,-14.768209070048215,cutoff
417_upper,2019-08-16,2019,upper,2019-08-16 10:59:00-04:00,2019-08-16 15:59:00-04:00,7624.934694968692,7612.5,12.434694968692384,cutoff
418_upper,2019-08-19,2019,upper,2019-08-19 01:18:00-04:00,2019-08-19 15:59:00-04:00,7664.75497912878,7728.0,-63.24502087121982,cutoff
421_lower,2019-08-22,2019,lower,2019-08-22 10:35:00-04:00,2019-08-22 15:59:00-04:00,7670.164265236528,7714.75,44.58573476347192,cutoff
422_lower,2019-08-23,2019,lower,2019-08-23 08:25:00-04:00,2019-08-23 15:59:00-04:00,7648.5269320504385,7473.75,-174.77693205043852,cutoff
410_lower,2019-08-26,2019,lower,2019-08-25 18:01:00-04:00,2019-08-26 15:59:00-04:00,7375.961757186078,7582.5,206.5382428139219,cutoff
424_upper,2019-08-27,2019,upper,2019-08-27 09:06:00-04:00,2019-08-27 15:59:00-04:00,7642.508695258361,7570.75,71.7586952583606,cutoff
426_upper,2019-08-29,2019,upper,2019-08-29 03:13:00-04:00,2019-08-29 15:59:00-04:00,7646.212089161028,7707.75,-61.537910838971584,cutoff
423_upper,2019-08-30,2019,upper,2019-08-30 05:30:00-04:00,2019-08-30 15:59:00-04:00,7762.221632104627,7691.25,70.97163210462713,cutoff
427_lower,2019-09-02,2019,lower,2019-09-01 18:00:00-04:00,2019-09-02 12:59:00-04:00,7609.409797005097,7612.25,2.8402029949029384,cutoff
429_upper,2019-09-05,2019,upper,2019-09-04 20:04:00-04:00,2019-09-05 15:59:00-04:00,7734.292320353883,7865.5,-131.20767964611696,cutoff
434_lower,2019-09-09,2019,lower,2019-09-09 14:30:00-04:00,2019-09-09 15:59:00-04:00,7799.365439025137,7837.5,38.134560974863234,cutoff
433_lower,2019-09-10,2019,lower,2019-09-10 03:41:00-04:00,2019-09-10 15:59:00-04:00,7792.904046735641,7818.75,25.845953264359196,cutoff
435_upper,2019-09-11,2019,upper,2019-09-11 10:33:00-04:00,2019-09-11 15:59:00-04:00,7870.113220323607,7889.75,-19.636779676393417,cutoff
436_upper,2019-09-12,2019,upper,2019-09-11 19:22:00-04:00,2019-09-12 15:59:00-04:00,7921.3221564805135,7920.5,0.8221564805135131,cutoff
437_lower,2019-09-16,2019,lower,2019-09-15 18:00:00-04:00,2019-09-16 15:59:00-04:00,7844.375027610928,7877.5,33.124972389072354,cutoff
441_lower,2019-09-18,2019,lower,2019-09-18 14:02:00-04:00,2019-09-18 15:59:00-04:00,7839.575875755956,7912.75,73.17412424404392,cutoff
439_upper,2019-09-19,2019,upper,2019-09-19 09:32:00-04:00,2019-09-19 15:59:00-04:00,7939.129790605412,7923.5,15.629790605412381,cutoff
443_lower,2019-09-20,2019,lower,2019-09-20 12:36:00-04:00,2019-09-20 15:59:00-04:00,7880.673553718032,7839.0,-41.67355371803205,cutoff
444_upper,2019-09-24,2019,upper,2019-09-23 19:02:00-04:00,2019-09-24 15:59:00-04:00,7904.190003267094,7732.0,172.19000326709374,cutoff
435_lower,2019-09-25,2019,lower,2019-09-25 04:49:00-04:00,2019-09-25 15:59:00-04:00,7698.761779676393,7823.25,124.48822032360658,cutoff
447_lower,2019-09-27,2019,lower,2019-09-27 11:38:00-04:00,2019-09-27 15:59:00-04:00,7714.993186351964,7698.75,-16.24318635196414,cutoff
449_upper,2019-10-01,2019,upper,2019-09-30 21:02:00-04:00,2019-10-01 15:59:00-04:00,7806.146137609452,7701.25,104.89613760945213,cutoff
450_lower,2019-10-02,2019,lower,2019-10-02 03:10:00-04:00,2019-10-02 15:59:00-04:00,7689.38138584795,7566.0,-123.38138584794979,cutoff
452_upper,2019-10-04,2019,upper,2019-10-04 08:31:00-04:00,2019-10-04 15:59:00-04:00,7686.64445205237,7765.25,-78.60554794762993,cutoff
453_upper,2019-10-07,2019,upper,2019-10-07 11:02:00-04:00,2019-10-07 15:59:00-04:00,7782.212708213681,7737.0,45.21270821368125,cutoff
454_lower,2019-10-08,2019,lower,2019-10-08 09:39:00-04:00,2019-10-08 15:59:00-04:00,7665.2128056712345,7616.5,-48.71280567123449,cutoff
453_lower,2019-10-09,2019,lower,2019-10-08 18:59:00-04:00,2019-10-09 15:59:00-04:00,7610.287291786319,7700.75,90.46270821368125,cutoff
456_lower,2019-10-10,2019,lower,2019-10-09 18:28:00-04:00,2019-10-10 15:59:00-04:00,7600.080897049641,7754.25,154.16910295035905,cutoff
454_upper,2019-10-11,2019,upper,2019-10-11 04:10:00-04:00,2019-10-11 15:59:00-04:00,7817.0371943287655,7851.25,-34.21280567123449,cutoff
459_upper,2019-10-15,2019,upper,2019-10-15 10:27:00-04:00,2019-10-15 15:59:00-04:00,7922.282429616186,7953.0,-30.717570383813836,cutoff
460_upper,2019-10-17,2019,upper,2019-10-17 05:31:00-04:00,2019-10-17 15:59:00-04:00,7971.955612648202,7954.0,17.955612648202077,cutoff
462_lower,2019-10-18,2019,lower,2019-10-18 10:35:00-04:00,2019-10-18 15:59:00-04:00,7912.521825537877,7875.75,-36.77182553787679,cutoff
464_upper,2019-10-22,2019,upper,2019-10-22 09:34:00-04:00,2019-10-22 15:59:00-04:00,7986.401104246743,7884.75,101.65110424674276,cutoff
466_upper,2019-10-24,2019,upper,2019-10-24 03:15:00-04:00,2019-10-24 15:59:00-04:00,7934.28716641723,7973.0,-38.712833582770145,cutoff
463_upper,2019-10-25,2019,upper,2019-10-25 10:50:00-04:00,2019-10-25 15:59:00-04:00,8007.758089508419,8035.75,-27.99191049158071,cutoff
462_upper,2019-10-28,2019,upper,2019-10-27 18:00:00-04:00,2019-10-28 15:59:00-04:00,8050.5,8116.5,-66.0,cutoff
470_lower,2019-10-30,2019,lower,2019-10-30 10:03:00-04:00,2019-10-30 15:59:00-04:00,8030.131719428886,8088.75,58.618280571114155,cutoff
469_upper,2019-11-01,2019,upper,2019-11-01 09:54:00-04:00,2019-11-01 15:59:00-04:00,8143.651822073346,8165.5,-21.84817792665399,cutoff
473_upper,2019-11-04,2019,upper,2019-11-04 05:02:00-05:00,2019-11-04 15:59:00-05:00,8206.423598005367,8213.5,-7.076401994632761,cutoff
476_upper,2019-11-07,2019,upper,2019-11-07 10:16:00-05:00,2019-11-07 15:59:00-05:00,8264.95911284065,8227.5,37.45911284065005,cutoff
479_upper,2019-11-12,2019,upper,2019-11-12 10:19:00-05:00,2019-11-12 15:59:00-05:00,8281.578124415639,8271.5,10.07812441563874,cutoff
482_upper,2019-11-15,2019,upper,2019-11-14 20:15:00-05:00,2019-11-15 15:59:00-05:00,8303.323514829619,8318.75,-15.426485170381056,cutoff
480_upper,2019-11-18,2019,upper,2019-11-18 02:16:00-05:00,2019-11-18 15:59:00-05:00,8325.258197873129,8333.5,-8.241802126871335,cutoff
484_upper,2019-11-19,2019,upper,2019-11-19 03:23:00-05:00,2019-11-19 15:59:00-05:00,8363.69098040014,8344.0,19.69098040014069,cutoff
485_lower,2019-11-20,2019,lower,2019-11-20 03:54:00-05:00,2019-11-20 15:59:00-05:00,8296.92587972569,8293.0,-3.9258797256898106,cutoff
487_upper,2019-11-25,2019,upper,2019-11-25 09:34:00-05:00,2019-11-25 15:59:00-05:00,8337.282692203938,8376.75,-39.467307796061505,cutoff
485_upper,2019-11-26,2019,upper,2019-11-25 20:46:00-05:00,2019-11-26 15:59:00-05:00,8414.82412027431,8392.0,22.82412027431019,cutoff
490_upper,2019-11-27,2019,upper,2019-11-27 11:00:00-05:00,2019-11-27 15:59:00-05:00,8430.878668123245,8449.25,-18.371331876754994,cutoff
492_lower,2019-12-02,2019,lower,2019-12-02 09:30:00-05:00,2019-12-02 15:59:00-05:00,8403.609446385071,8316.0,-87.60944638507135,cutoff
494_lower,2019-12-03,2019,lower,2019-12-03 07:45:00-05:00,2019-12-03 15:59:00-05:00,8261.172082087238,8258.0,-3.172082087237868,cutoff
495_upper,2019-12-04,2019,upper,2019-12-04 04:07:00-05:00,2019-12-04 15:59:00-05:00,8288.801957918473,8298.0,-9.198042081527092,cutoff
496_upper,2019-12-06,2019,upper,2019-12-06 08:41:00-05:00,2019-12-06 15:59:00-05:00,8372.8689328482,8399.75,-26.88106715180038,cutoff
499_lower,2019-12-10,2019,lower,2019-12-10 03:52:00-05:00,2019-12-10 15:59:00-05:00,8329.83248049312,8359.0,29.167519506880126,cutoff
498_upper,2019-12-12,2019,upper,2019-12-12 09:38:00-05:00,2019-12-12 15:59:00-05:00,8437.348242154314,8467.0,-29.651757845686006,cutoff
494_upper,2019-12-13,2019,upper,2019-12-12 18:55:00-05:00,2019-12-13 15:59:00-05:00,8505.952917912762,8518.25,-12.297082087237868,cutoff
503_upper,2019-12-16,2019,upper,2019-12-16 09:45:00-05:00,2019-12-16 15:59:00-05:00,8594.903059526845,8601.5,-6.596940473154973,cutoff
504_upper,2019-12-19,2019,upper,2019-12-19 11:28:00-05:00,2019-12-19 15:59:00-05:00,8649.553844100545,8671.0,-21.446155899455334,cutoff
508_upper,2019-12-26,2019,upper,2019-12-26 09:45:00-05:00,2019-12-26 15:59:00-05:00,8756.55477276877,8801.25,-44.69522723123009,cutoff
512_lower,2019-12-30,2019,lower,2019-12-30 09:38:00-05:00,2019-12-30 15:59:00-05:00,8742.97249466529,8731.5,-11.47249466528956,cutoff
513_upper,2020-01-02,2020,upper,2020-01-02 15:54:00-05:00,2020-01-02 15:59:00-05:00,8881.723339367873,8889.0,-7.276660632127459,cutoff
514_upper,2020-01-03,2020,upper,2020-01-02 18:10:00-05:00,2020-01-03 15:59:00-05:00,8904.909655928375,8809.75,95.15965592837529,cutoff
515_upper,2020-01-07,2020,upper,2020-01-06 21:23:00-05:00,2020-01-07 15:59:00-05:00,8881.00840595395,8862.5,18.508405953949477,cutoff
517_lower,2020-01-08,2020,lower,2020-01-07 18:22:00-05:00,2020-01-08 15:59:00-05:00,8784.738795236044,8929.75,145.0112047639559,cutoff
519_upper,2020-01-13,2020,upper,2020-01-13 13:20:00-05:00,2020-01-13 15:59:00-05:00,9071.2517145137,9085.25,-13.99828548629921,cutoff
520_upper,2020-01-14,2020,upper,2020-01-13 18:27:00-05:00,2020-01-14 15:59:00-05:00,9099.826386829876,9050.5,49.326386829876355,cutoff
523_upper,2020-01-16,2020,upper,2020-01-16 15:52:00-05:00,2020-01-16 15:59:00-05:00,9133.303843540998,9138.0,-4.696156459001941,cutoff
522_upper,2020-01-17,2020,upper,2020-01-16 18:17:00-05:00,2020-01-17 15:59:00-05:00,9146.7649540932,9182.5,-35.735045906800224,cutoff
526_lower,2020-01-21,2020,lower,2020-01-20 21:35:00-05:00,2020-01-21 15:59:00-05:00,9121.972242453598,9179.75,57.77775754640243,cutoff
526_upper,2020-01-22,2020,upper,2020-01-21 21:51:00-05:00,2020-01-22 15:59:00-05:00,9212.777757546402,9201.0,11.777757546402427,cutoff
528_lower,2020-01-23,2020,lower,2020-01-23 09:35:00-05:00,2020-01-23 15:59:00-05:00,9157.475099792833,9227.5,70.02490020716687,cutoff
529_upper,2020-01-24,2020,upper,2020-01-24 03:07:00-05:00,2020-01-24 15:59:00-05:00,9274.55896358009,9151.75,122.80896358008977,cutoff
525_lower,2020-01-27,2020,lower,2020-01-26 18:00:00-05:00,2020-01-27 15:59:00-05:00,9064.5,8961.0,-103.5,cutoff
531_upper,2020-01-28,2020,upper,2020-01-28 10:25:00-05:00,2020-01-28 15:59:00-05:00,9053.02925865888,9098.25,-45.22074134111972,cutoff
533_lower,2020-01-30,2020,lower,2020-01-30 02:06:00-05:00,2020-01-30 15:59:00-05:00,9012.488205660382,9144.25,131.76179433961806,cutoff
535_lower,2020-01-31,2020,lower,2020-01-31 11:39:00-05:00,2020-01-31 15:59:00-05:00,9017.085953793143,8995.25,-21.835953793142835,cutoff
536_upper,2020-02-04,2020,upper,2020-02-04 03:23:00-05:00,2020-02-04 15:59:00-05:00,9218.804595713065,9340.75,-121.94540428693472,cutoff
539_upper,2020-02-10,2020,upper,2020-02-10 14:56:00-05:00,2020-02-10 15:59:00-05:00,9488.2651886936,9525.0,-36.73481130639993,cutoff
538_upper,2020-02-11,2020,upper,2020-02-10 20:45:00-05:00,2020-02-11 15:59:00-05:00,9567.69569543655,9525.0,42.69569543655052,cutoff
544_upper,2020-02-14,2020,upper,2020-02-13 22:02:00-05:00,2020-02-14 15:59:00-05:00,9650.077889608092,9629.5,20.577889608091937,cutoff
543_upper,2020-02-17,2020,upper,2020-02-16 20:47:00-05:00,2020-02-17 12:59:00-05:00,9673.031877068039,9666.5,6.531877068038739,cutoff
546_lower,2020-02-18,2020,lower,2020-02-17 18:00:00-05:00,2020-02-18 15:59:00-05:00,9599.132847106972,9635.5,36.367152893028106,cutoff
547_upper,2020-02-19,2020,upper,2020-02-19 07:58:00-05:00,2020-02-19 15:59:00-05:00,9684.604784625351,9728.25,-43.645215374648615,cutoff
549_lower,2020-02-20,2020,lower,2020-02-20 11:26:00-05:00,2020-02-20 15:59:00-05:00,9620.132935325753,9634.0,13.867064674246649,cutoff
543_lower,2020-02-21,2020,lower,2020-02-21 09:49:00-05:00,2020-02-21 15:59:00-05:00,9489.093122931961,9452.0,-37.09312293196126,cutoff
540_lower,2020-02-24,2020,lower,2020-02-23 18:09:00-05:00,2020-02-24 15:59:00-05:00,9324.659849441374,9084.25,-240.4098494413738,cutoff
534_lower,2020-02-25,2020,lower,2020-02-25 11:17:00-05:00,2020-02-25 15:59:00-05:00,8959.006599831078,8839.75,-119.25659983107835,cutoff
553_lower,2020-02-27,2020,lower,2020-02-26 22:58:00-05:00,2020-02-27 15:59:00-05:00,8724.757467992544,8432.25,-292.50746799254375,cutoff
555_upper,2020-03-02,2020,upper,2020-03-01 20:31:00-05:00,2020-03-02 15:59:00-05:00,8455.361761076416,8876.25,-420.88823892358414,cutoff
557_lower,2020-03-03,2020,lower,2020-03-03 13:59:00-05:00,2020-03-03 15:59:00-05:00,8586.744184226147,8595.5,8.7558157738531,cutoff
559_lower,2020-03-06,2020,lower,2020-03-05 22:53:00-05:00,2020-03-06 15:59:00-05:00,8551.275749585217,8528.0,-23.275749585216545,cutoff
556_lower,2020-03-09,2020,lower,2020-03-08 18:00:00-04:00,2020-03-09 15:59:00-04:00,8297.326070855153,7933.25,-364.0760708551534,cutoff
562_lower,2020-03-10,2020,lower,2020-03-10 11:30:00-04:00,2020-03-10 15:59:00-04:00,7968.404444473295,8366.5,398.09555552670463,cutoff
563_lower,2020-03-11,2020,lower,2020-03-11 15:03:00-04:00,2020-03-11 15:59:00-04:00,7953.301705125909,7998.25,44.94829487409061,cutoff
561_lower,2020-03-12,2020,lower,2020-03-12 09:30:00-04:00,2020-03-12 15:59:00-04:00,7504.25,7260.5,-243.75,cutoff
564_upper,2020-03-13,2020,upper,2020-03-13 15:54:00-04:00,2020-03-13 15:59:00-04:00,7817.194154603514,7941.75,-124.55584539648589,cutoff
565_lower,2020-03-16,2020,lower,2020-03-16 09:45:00-04:00,2020-03-16 15:59:00-04:00,7253.384297299514,6933.75,-319.6342972995144,cutoff
568_upper,2020-03-20,2020,upper,2020-03-20 03:26:00-04:00,2020-03-20 15:59:00-04:00,7511.458736501807,6975.5,535.9587365018069,cutoff
567_lower,2020-03-23,2020,lower,2020-03-22 18:00:00-04:00,2020-03-23 15:59:00-04:00,6687.527091912678,6992.25,304.72290808732214,cutoff
571_upper,2020-03-24,2020,upper,2020-03-24 04:07:00-04:00,2020-03-24 15:59:00-04:00,7322.838733246481,7533.5,-210.66126675351916,cutoff
572_upper,2020-03-25,2020,upper,2020-03-25 03:59:00-04:00,2020-03-25 15:59:00-04:00,7646.30369503761,7462.75,183.55369503760994,cutoff
574_upper,2020-03-26,2020,upper,2020-03-26 15:54:00-04:00,2020-03-26 15:59:00-04:00,7876.498512803625,7868.0,8.49851280362509,cutoff
575_lower,2020-03-30,2020,lower,2020-03-29 18:00:00-04:00,2020-03-30 15:59:00-04:00,7401.281591612612,7867.0,465.7184083873881,cutoff
575_upper,2020-03-31,2020,upper,2020-03-30 20:01:00-04:00,2020-03-31 15:59:00-04:00,7888.718408387388,7795.75,92.96840838738808,cutoff
577_lower,2020-04-01,2020,lower,2020-04-01 01:49:00-04:00,2020-04-01 15:59:00-04:00,7578.254553993011,7466.5,-111.75455399301063,cutoff
578_lower,2020-04-02,2020,lower,2020-04-02 09:14:00-04:00,2020-04-02 15:59:00-04:00,7388.1058233536705,7617.5,229.39417664632947,cutoff
579_upper,2020-04-06,2020,upper,2020-04-05 20:17:00-04:00,2020-04-06 15:59:00-04:00,7703.231612359354,8053.5,-350.2683876406463,cutoff
577_upper,2020-04-07,2020,upper,2020-04-07 02:58:00-04:00,2020-04-07 15:59:00-04:00,8151.870446006989,8040.5,111.37044600698937,cutoff
582_lower,2020-04-08,2020,lower,2020-04-07 18:11:00-04:00,2020-04-08 15:59:00-04:00,7989.008365881183,8212.75,223.74163411881727,cutoff
583_upper,2020-04-09,2020,upper,2020-04-09 09:43:00-04:00,2020-04-09 15:59:00-04:00,8316.921889912834,8226.0,90.92188991283365,cutoff
585_upper,2020-04-14,2020,upper,2020-04-13 21:33:00-04:00,2020-04-14 15:59:00-04:00,8377.974427210953,8682.0,-304.02557278904715,cutoff
587_upper,2020-04-16,2020,upper,2020-04-16 10:58:00-04:00,2020-04-16 15:59:00-04:00,8708.551354323605,8743.25,-34.698645676395245,cutoff
588_upper,2020-04-17,2020,upper,2020-04-16 18:00:00-04:00,2020-04-17 15:59:00-04:00,8904.5,8815.75,88.75,cutoff
589_lower,2020-04-21,2020,lower,2020-04-20 22:38:00-04:00,2020-04-21 15:59:00-04:00,8627.887119112991,8390.75,-237.13711911299106,cutoff
592_upper,2020-04-23,2020,upper,2020-04-23 10:23:00-04:00,2020-04-23 15:59:00-04:00,8752.552576739732,8627.75,124.8025767397321,cutoff
594_upper,2020-04-27,2020,upper,2020-04-26 22:06:00-04:00,2020-04-27 15:59:00-04:00,8823.787808365498,8824.25,-0.4621916345022328,cutoff
593_upper,2020-04-28,2020,upper,2020-04-28 05:20:00-04:00,2020-04-28 15:59:00-04:00,8898.367238360446,8666.5,231.8672383604462,cutoff
595_upper,2020-04-29,2020,upper,2020-04-29 15:26:00-04:00,2020-04-29 15:59:00-04:00,9007.919103666587,8963.5,44.419103666587034,cutoff
598_lower,2020-05-01,2020,lower,2020-04-30 18:00:00-04:00,2020-05-01 15:59:00-04:00,8836.020056938207,8712.0,-124.02005693820684,cutoff
596_lower,2020-05-04,2020,lower,2020-05-03 18:00:00-04:00,2020-05-04 15:59:00-04:00,8615.0,8818.0,203.0,cutoff
600_upper,2020-05-05,2020,upper,2020-05-05 03:30:00-04:00,2020-05-05 15:59:00-04:00,8892.408305458119,8918.75,-26.341694541881225,cutoff
601_upper,2020-05-07,2020,upper,2020-05-07 05:36:00-04:00,2020-05-07 15:59:00-04:00,9092.014338145143,9091.0,1.0143381451434834,cutoff
598_upper,2020-05-08,2020,upper,2020-05-07 20:00:00-04:00,2020-05-08 15:59:00-04:00,9157.354943061793,9209.5,-52.145056938206835,cutoff
603_upper,2020-05-11,2020,upper,2020-05-10 19:33:00-04:00,2020-05-11 15:59:00-04:00,9243.358037197813,9286.75,-43.391962802186754,cutoff
606_lower,2020-05-12,2020,lower,2020-05-12 15:50:00-04:00,2020-05-12 15:59:00-04:00,9133.997746364592,9102.0,-31.997746364591876,cutoff
605_lower,2020-05-13,2020,lower,2020-05-12 19:45:00-04:00,2020-05-13 15:59:00-04:00,9008.407743009884,8990.75,-17.657743009884143,cutoff
608_upper,2020-05-15,2020,upper,2020-05-15 03:07:00-04:00,2020-05-15 15:59:00-04:00,9130.678190866347,9146.0,-15.321809133653005,cutoff
609_upper,2020-05-18,2020,upper,2020-05-17 19:04:00-04:00,2020-05-18 15:59:00-04:00,9169.976526088944,9320.0,-150.0234739110565,cutoff
610_upper,2020-05-20,2020,upper,2020-05-20 09:30:00-04:00,2020-05-20 15:59:00-04:00,9425.837628444118,9480.0,-54.16237155588169,cutoff
611_upper,2020-05-21,2020,upper,2020-05-20 18:02:00-04:00,2020-05-21 15:59:00-04:00,9500.094730907622,9377.5,122.59473090762185,cutoff
613_lower,2020-05-22,2020,lower,2020-05-21 22:54:00-04:00,2020-05-22 15:59:00-04:00,9317.397405779739,9406.25,88.85259422026138,cutoff
614_upper,2020-05-25,2020,upper,2020-05-25 06:50:00-04:00,2020-05-25 12:59:00-04:00,9515.473595904761,9530.5,-15.026404095238831,cutoff
612_upper,2020-05-26,2020,upper,2020-05-25 23:54:00-04:00,2020-05-26 15:59:00-04:00,9572.289936151348,9388.0,184.28993615134823,cutoff
614_lower,2020-05-27,2020,lower,2020-05-27 10:46:00-04:00,2020-05-27 15:59:00-04:00,9202.026404095239,9434.5,232.47359590476117,cutoff
617_upper,2020-05-28,2020,upper,2020-05-28 12:34:00-04:00,2020-05-28 15:59:00-04:00,9527.306698336832,9415.25,112.05669833683169,cutoff
619_upper,2020-06-02,2020,upper,2020-06-02 02:29:00-04:00,2020-06-02 15:59:00-04:00,9608.202720566167,9655.0,-46.797279433832955,cutoff
620_upper,2020-06-03,2020,upper,2020-06-02 20:45:00-04:00,2020-06-03 15:59:00-04:00,9681.300958053465,9696.75,-15.449041946534635,cutoff
621_upper,2020-06-04,2020,upper,2020-06-04 09:50:00-04:00,2020-06-04 15:59:00-04:00,9728.37040825345,9627.5,100.87040825344957,cutoff
622_upper,2020-06-05,2020,upper,2020-06-05 11:24:00-04:00,2020-06-05 15:59:00-04:00,9806.712435909762,9816.0,-9.287564090238448,cutoff
624_upper,2020-06-08,2020,upper,2020-06-08 15:39:00-04:00,2020-06-08 15:59:00-04:00,9876.439724086249,9896.5,-20.060275913750957,cutoff
625_upper,2020-06-09,2020,upper,2020-06-09 10:45:00-04:00,2020-06-09 15:59:00-04:00,9943.600120332674,9964.0,-20.399879667325877,cutoff
626_upper,2020-06-10,2020,upper,2020-06-09 21:32:00-04:00,2020-06-10 15:59:00-04:00,10005.261489168231,10089.75,-84.48851083176851,cutoff
627_lower,2020-06-11,2020,lower,2020-06-11 08:22:00-04:00,2020-06-11 15:59:00-04:00,9906.19433490329,9592.75,-313.4443349032899,cutoff
629_lower,2020-06-12,2020,lower,2020-06-12 11:04:00-04:00,2020-06-12 15:59:00-04:00,9598.269858005584,9660.0,61.730141994416044,cutoff
621_lower,2020-06-15,2020,lower,2020-06-15 01:36:00-04:00,2020-06-15 15:59:00-04:00,9460.75459174655,9765.25,304.49540825344957,cutoff
629_upper,2020-06-16,2020,upper,2020-06-16 08:57:00-04:00,2020-06-16 15:59:00-04:00,9998.480141994416,9942.0,56.480141994416044,cutoff
628_upper,2020-06-19,2020,upper,2020-06-19 08:36:00-04:00,2020-06-19 15:59:00-04:00,10095.593960731061,9990.5,105.09396073106109,cutoff
631_upper,2020-06-23,2020,upper,2020-06-22 18:30:00-04:00,2020-06-23 15:59:00-04:00,10136.379948097987,10197.5,-61.120051902013074,cutoff
636_lower,2020-06-24,2020,lower,2020-06-24 11:11:00-04:00,2020-06-24 15:59:00-04:00,10028.20739703227,9992.75,-35.45739703227082,cutoff
635_lower,2020-06-26,2020,lower,2020-06-26 15:54:00-04:00,2020-06-26 15:59:00-04:00,9831.876091355323,9841.25,9.373908644676703,cutoff
632_lower,2020-06-29,2020,lower,2020-06-28 18:00:00-04:00,2020-06-29 15:59:00-04:00,9787.75,9950.75,163.0,cutoff
640_upper,2020-06-30,2020,upper,2020-06-30 01:21:00-04:00,2020-06-30 10:10:00-04:00,10024.81294832396,10034.75,-9.937051676039118,cutoff
638_upper,2020-07-01,2020,upper,2020-07-01 09:33:00-04:00,2020-07-01 15:59:00-04:00,10189.419167514738,10265.0,-75.58083248526236,cutoff
641_upper,2020-07-02,2020,upper,2020-07-02 04:27:00-04:00,2020-07-02 15:59:00-04:00,10329.492613096521,10335.25,-5.7573869034786185,cutoff
643_upper,2020-07-06,2020,upper,2020-07-05 21:46:00-04:00,2020-07-06 15:59:00-04:00,10467.840840343804,10591.5,-123.6591596561957,cutoff
644_upper,2020-07-07,2020,upper,2020-07-06 19:33:00-04:00,2020-07-07 15:59:00-04:00,10645.149837633802,10516.75,128.39983763380224,cutoff
646_upper,2020-07-09,2020,upper,2020-07-09 15:13:00-04:00,2020-07-09 15:59:00-04:00,10760.297956841667,10741.25,19.047956841666746,cutoff
645_upper,2020-07-10,2020,upper,2020-07-10 14:59:00-04:00,2020-07-10 15:59:00-04:00,10790.166658692939,10820.75,-30.583341307061346,cutoff
647_upper,2020-07-13,2020,upper,2020-07-12 18:12:00-04:00,2020-07-13 15:59:00-04:00,10890.970875717789,10598.5,292.47087571778866,cutoff
647_lower,2020-07-14,2020,lower,2020-07-14 08:51:00-04:00,2020-07-14 15:59:00-04:00,10556.529124282211,10673.0,116.47087571778866,cutoff
651_lower,2020-07-16,2020,lower,2020-07-16 05:11:00-04:00,2020-07-16 15:59:00-04:00,10513.317772147313,10613.0,99.68222785268699,cutoff
652_upper,2020-07-20,2020,upper,2020-07-20 10:27:00-04:00,2020-07-20 15:59:00-04:00,10766.167459552898,10936.5,-170.33254044710156,cutoff
655_lower,2020-07-22,2020,lower,2020-07-22 11:14:00-04:00,2020-07-22 15:59:00-04:00,10764.240391503989,10859.75,95.50960849601142,cutoff
656_lower,2020-07-23,2020,lower,2020-07-23 12:36:00-04:00,2020-07-23 15:59:00-04:00,10674.73013231107,10572.0,-102.73013231106961,cutoff
654_lower,2020-07-24,2020,lower,2020-07-24 02:57:00-04:00,2020-07-24 15:59:00-04:00,10437.617993932472,10469.75,32.13200606752798,cutoff
658_upper,2020-07-27,2020,upper,2020-07-27 14:21:00-04:00,2020-07-27 15:59:00-04:00,10637.79850387766,10660.5,-22.70149612233945,cutoff
656_upper,2020-08-03,2020,upper,2020-08-03 09:33:00-04:00,2020-08-03 15:59:00-04:00,11023.64486768893,11038.75,-15.10513231106961,cutoff
663_upper,2020-08-05,2020,upper,2020-08-05 02:05:00-04:00,2020-08-05 15:59:00-04:00,11106.176913153135,11111.25,-5.073086846865408,cutoff
664_upper,2020-08-06,2020,upper,2020-08-06 13:21:00-04:00,2020-08-06 15:59:00-04:00,11176.195239923316,11254.25,-78.05476007668403,cutoff
668_lower,2020-08-07,2020,lower,2020-08-07 13:15:00-04:00,2020-08-07 15:59:00-04:00,11086.32665343461,11128.25,41.9233465653906,cutoff
666_lower,2020-08-10,2020,lower,2020-08-10 11:00:00-04:00,2020-08-10 15:59:00-04:00,10939.850027116816,11078.25,138.3999728831841,cutoff
669_lower,2020-08-11,2020,lower,2020-08-11 15:18:00-04:00,2020-08-11 15:59:00-04:00,10925.000110909321,10868.75,-56.25011090932094,cutoff
670_upper,2020-08-13,2020,upper,2020-08-13 09:31:00-04:00,2020-08-13 15:59:00-04:00,11198.889330594502,11170.0,28.8893305945021,cutoff
669_upper,2020-08-18,2020,upper,2020-08-17 19:31:00-04:00,2020-08-18 15:59:00-04:00,11308.249889090679,11394.0,-85.75011090932094,cutoff
677_upper,2020-08-21,2020,upper,2020-08-20 20:00:00-04:00,2020-08-21 15:59:00-04:00,11503.059627482893,11554.5,-51.44037251710688,cutoff
678_upper,2020-08-24,2020,upper,2020-08-24 04:00:00-04:00,2020-08-24 15:59:00-04:00,11657.182826359074,11626.25,30.93282635907417,cutoff
680_upper,2020-08-26,2020,upper,2020-08-26 06:54:00-04:00,2020-08-26 15:59:00-04:00,11773.882955083516,11964.75,-190.8670449164838,cutoff
683_upper,2020-09-01,2020,upper,2020-09-01 02:16:00-04:00,2020-09-01 15:59:00-04:00,12175.52827197218,12294.0,-118.47172802782006,cutoff
685_upper,2020-09-02,2020,upper,2020-09-02 05:56:00-04:00,2020-09-02 15:59:00-04:00,12458.311956416417,12410.25,48.06195641641716,cutoff
686_lower,2020-09-03,2020,lower,2020-09-03 10:19:00-04:00,2020-09-03 15:59:00-04:00,12087.299430239142,11772.75,-314.54943023914166,cutoff
681_lower,2020-09-04,2020,lower,2020-09-03 19:06:00-04:00,2020-09-04 15:59:00-04:00,11622.124257880094,11619.0,-3.1242578800938645,cutoff
689_lower,2020-09-08,2020,lower,2020-09-08 06:25:00-04:00,2020-09-08 15:59:00-04:00,11253.833137562138,11068.5,-185.3331375621383,cutoff
672_lower,2020-09-09,2020,lower,2020-09-08 18:00:00-04:00,2020-09-09 15:59:00-04:00,10995.5,11384.75,389.25,cutoff
692_lower,2020-09-10,2020,lower,2020-09-10 14:15:00-04:00,2020-09-10 15:59:00-04:00,11274.176955693692,11157.5,-116.67695569369243,cutoff
691_lower,2020-09-11,2020,lower,2020-09-11 13:08:00-04:00,2020-09-11 15:59:00-04:00,10986.003952631198,11085.5,99.49604736880246,cutoff
693_upper,2020-09-16,2020,upper,2020-09-16 04:08:00-04:00,2020-09-16 15:59:00-04:00,11505.250841805442,11235.0,270.2508418054422,cutoff
694_lower,2020-09-17,2020,lower,2020-09-17 08:30:00-04:00,2020-09-17 15:59:00-04:00,10994.689272151754,11067.25,72.56072784824573,cutoff
698_lower,2020-09-18,2020,lower,2020-09-18 12:32:00-04:00,2020-09-18 15:59:00-04:00,10865.520988728604,10918.0,52.4790112713963,cutoff
697_lower,2020-09-21,2020,lower,2020-09-21 04:48:00-04:00,2020-09-21 15:59:00-04:00,10727.425618727215,10963.75,236.3243812727851,cutoff
701_lower,2020-09-23,2020,lower,2020-09-23 14:19:00-04:00,2020-09-23 15:59:00-04:00,10889.008297915436,10820.75,-68.25829791543583,cutoff
702_upper,2020-09-25,2020,upper,2020-09-25 14:07:00-04:00,2020-09-25 15:59:00-04:00,11086.21013934764,11133.25,-47.03986065235949,cutoff
697_upper,2020-09-28,2020,upper,2020-09-28 04:10:00-04:00,2020-09-28 15:59:00-04:00,11249.324381272785,11359.5,-110.1756187272149,cutoff
705_lower,2020-09-30,2020,lower,2020-09-30 02:10:00-04:00,2020-09-30 15:59:00-04:00,11169.921437132627,11402.25,232.32856286737297,cutoff
704_upper,2020-10-01,2020,upper,2020-10-01 05:41:00-04:00,2020-10-01 15:59:00-04:00,11532.33747309487,11572.5,-40.1625269051292,cutoff
707_lower,2020-10-02,2020,lower,2020-10-02 01:30:00-04:00,2020-10-02 15:59:00-04:00,11332.60493006846,11244.25,-88.35493006846082,cutoff
710_lower,2020-10-06,2020,lower,2020-10-06 15:07:00-04:00,2020-10-06 15:59:00-04:00,11247.116288424255,11275.75,28.63371157574511,cutoff
709_upper,2020-10-08,2020,upper,2020-10-08 02:42:00-04:00,2020-10-08 15:59:00-04:00,11565.107239575818,11536.5,28.607239575818312,cutoff
711_upper,2020-10-09,2020,upper,2020-10-08 23:08:00-04:00,2020-10-09 15:59:00-04:00,11596.252640737981,11711.5,-115.24735926201902,cutoff
707_upper,2020-10-12,2020,upper,2020-10-11 19:46:00-04:00,2020-10-12 15:59:00-04:00,11749.39506993154,12073.5,-324.1049300684608,cutoff
715_lower,2020-10-15,2020,lower,2020-10-14 22:50:00-04:00,2020-10-15 15:59:00-04:00,11886.27611815851,11890.25,3.973881841489856,cutoff
718_lower,2020-10-19,2020,lower,2020-10-19 12:21:00-04:00,2020-10-19 15:59:00-04:00,11749.344189490836,11629.75,-119.59418949083556,cutoff
717_lower,2020-10-22,2020,lower,2020-10-22 10:32:00-04:00,2020-10-22 15:59:00-04:00,11559.063209803786,11654.25,95.18679019621413,cutoff
721_lower,2020-10-26,2020,lower,2020-10-26 11:44:00-04:00,2020-10-26 15:59:00-04:00,11454.4142704681,11494.25,39.83572953190014,cutoff
712_lower,2020-10-28,2020,lower,2020-10-28 09:40:00-04:00,2020-10-28 15:59:00-04:00,11338.641182449986,11137.5,-201.14118244998645,cutoff
708_lower,2020-10-30,2020,lower,2020-10-30 01:45:00-04:00,2020-10-30 15:59:00-04:00,11084.857133183817,11055.25,-29.607133183817496,cutoff
729_upper,2020-11-04,2020,upper,2020-11-03 20:52:00-05:00,2020-11-04 15:59:00-05:00,11392.75306250971,11759.75,-366.9969374902903,cutoff
723_upper,2020-11-05,2020,upper,2020-11-04 22:27:00-05:00,2020-11-05 15:59:00-05:00,11875.730155823774,12066.5,-190.7698441762259,cutoff
719_upper,2020-11-09,2020,upper,2020-11-08 18:00:00-05:00,2020-11-09 15:59:00-05:00,12149.331151681257,11825.75,323.5811516812573,cutoff
732_lower,2020-11-10,2020,lower,2020-11-09 19:24:00-05:00,2020-11-10 15:59:00-05:00,11791.119783901191,11620.0,-171.1197839011911,cutoff
735_upper,2020-11-12,2020,upper,2020-11-12 04:58:00-05:00,2020-11-12 15:59:00-05:00,11943.547030998563,11823.75,119.79703099856306,cutoff
736_upper,2020-11-16,2020,upper,2020-11-15 18:00:00-05:00,2020-11-16 15:59:00-05:00,11982.847299040208,12013.5,-30.652700959792128,cutoff
738_upper,2020-11-17,2020,upper,2020-11-16 18:00:00-05:00,2020-11-17 15:59:00-05:00,12081.69431658096,11977.0,104.69431658096073,cutoff
740_lower,2020-11-19,2020,lower,2020-11-18 22:11:00-05:00,2020-11-19 15:59:00-05:00,11840.639868789596,11981.25,140.61013121040378,cutoff
743_lower,2020-11-23,2020,lower,2020-11-23 11:10:00-05:00,2020-11-23 15:59:00-05:00,11832.25354562796,11904.25,71.9964543720398,cutoff
742_upper,2020-11-24,2020,upper,2020-11-24 12:35:00-05:00,2020-11-24 15:59:00-05:00,12052.997151594478,12075.25,-22.252848405521945,cutoff
737_upper,2020-11-25,2020,upper,2020-11-24 18:07:00-05:00,2020-11-25 15:59:00-05:00,12109.372943648514,12153.5,-44.12705635148632,cutoff
740_upper,2020-11-26,2020,upper,2020-11-25 20:33:00-05:00,2020-11-26 12:59:00-05:00,12188.735131210404,12153.75,34.98513121040378,cutoff
746_upper,2020-11-27,2020,upper,2020-11-27 10:17:00-05:00,2020-11-27 13:14:00-05:00,12270.439816503806,12273.25,-2.8101834961944405,cutoff
747_upper,2020-11-30,2020,upper,2020-11-29 18:00:00-05:00,2020-11-30 15:59:00-05:00,12329.636626829917,12274.0,55.63662682991708,cutoff
748_upper,2020-12-01,2020,upper,2020-12-01 10:02:00-05:00,2020-12-01 15:59:00-05:00,12410.052418330972,12450.25,-40.197581669028295,cutoff
750_upper,2020-12-07,2020,upper,2020-12-06 18:00:00-05:00,2020-12-07 15:59:00-05:00,12567.753382056055,12597.25,-29.49661794394524,cutoff
753_upper,2020-12-08,2020,upper,2020-12-08 14:27:00-05:00,2020-12-08 15:59:00-05:00,12650.77788791226,12637.0,13.777887912259757,cutoff
752_upper,2020-12-09,2020,upper,2020-12-08 18:00:00-05:00,2020-12-09 15:59:00-05:00,12660.327558671626,12355.25,305.0775586716263,cutoff
752_lower,2020-12-10,2020,lower,2020-12-10 01:44:00-05:00,2020-12-10 15:59:00-05:00,12306.297441328374,12398.0,91.70255867162632,cutoff
758_upper,2020-12-14,2020,upper,2020-12-14 09:57:00-05:00,2020-12-14 15:59:00-05:00,12513.505255950953,12458.5,55.00525595095314,cutoff
757_upper,2020-12-15,2020,upper,2020-12-15 09:30:00-05:00,2020-12-15 15:59:00-05:00,12569.580163178834,12597.5,-27.919836821165518,cutoff
759_upper,2020-12-16,2020,upper,2020-12-16 14:39:00-05:00,2020-12-16 15:59:00-05:00,12672.466798747515,12673.0,-0.5332012524850143,cutoff
754_upper,2020-12-17,2020,upper,2020-12-17 02:21:00-05:00,2020-12-17 15:59:00-05:00,12722.324964145053,12750.25,-27.925035854947055,cutoff
761_upper,2020-12-18,2020,upper,2020-12-18 04:09:00-05:00,2020-12-18 15:59:00-05:00,12771.969398294714,12702.5,69.46939829471376,cutoff
762_lower,2020-12-21,2020,lower,2020-12-21 05:07:00-05:00,2020-12-21 15:59:00-05:00,12570.712238347565,12684.75,114.03776165243471,cutoff
764_upper,2020-12-28,2020,upper,2020-12-28 08:45:00-05:00,2020-12-28 15:59:00-05:00,12816.798684725329,12833.75,-16.951315274671288,cutoff
766_upper,2020-12-29,2020,upper,2020-12-29 00:37:00-05:00,2020-12-29 15:59:00-05:00,12879.983338357597,12846.75,33.23333835759695,cutoff
763_upper,2021-01-04,2021,upper,2021-01-04 04:16:00-05:00,2021-01-04 15:59:00-05:00,12953.999984457409,12688.0,265.9999844574086,cutoff
766_lower,2021-01-06,2021,lower,2021-01-06 03:21:00-05:00,2021-01-06 15:59:00-05:00,12520.391661642403,12618.5,98.10833835759695,cutoff
773_upper,2021-01-07,2021,upper,2021-01-07 10:04:00-05:00,2021-01-07 15:59:00-05:00,12863.465892051086,12925.5,-62.034107948913515,cutoff
768_upper,2021-01-08,2021,upper,2021-01-07 20:31:00-05:00,2021-01-08 15:59:00-05:00,12972.891274962194,13092.0,-119.10872503780593,cutoff
775_lower,2021-01-12,2021,lower,2021-01-12 12:05:00-05:00,2021-01-12 15:59:00-05:00,12812.15602345845,12882.5,70.34397654154964,cutoff
779_lower,2021-01-15,2021,lower,2021-01-15 10:07:00-05:00,2021-01-15 15:59:00-05:00,12829.992660451164,12798.75,-31.24266045116383,cutoff
781_upper,2021-01-19,2021,upper,2021-01-19 12:58:00-05:00,2021-01-19 15:59:00-05:00,12954.255853905548,12985.0,-30.744146094451935,cutoff
782_upper,2021-01-20,2021,upper,2021-01-20 03:43:00-05:00,2021-01-20 15:59:00-05:00,13081.986247428205,13285.5,-203.5137525717946,cutoff
783_upper,2021-01-21,2021,upper,2021-01-20 20:05:00-05:00,2021-01-21 15:59:00-05:00,13373.571867454353,13397.25,-23.678132545646804,cutoff
784_upper,2021-01-25,2021,upper,2021-01-25 09:34:00-05:00,2021-01-25 15:59:00-05:00,13530.829602947819,13474.5,56.329602947818785,cutoff
787_lower,2021-01-27,2021,lower,2021-01-27 09:32:00-05:00,2021-01-27 15:59:00-05:00,13281.87280141763,13119.75,-162.1228014176304,cutoff
789_lower,2021-01-29,2021,lower,2021-01-29 12:45:00-05:00,2021-01-29 15:59:00-05:00,12876.969246151146,12913.75,36.78075384885415,cutoff
790_lower,2021-02-01,2021,lower,2021-01-31 18:02:00-05:00,2021-02-01 15:59:00-05:00,12809.579818542568,13230.5,420.9201814574317,cutoff
791_upper,2021-02-02,2021,upper,2021-02-01 20:23:00-05:00,2021-02-02 15:59:00-05:00,13321.262122402999,13448.5,-127.23787759700099,cutoff
792_upper,2021-02-05,2021,upper,2021-02-05 00:32:00-05:00,2021-02-05 15:59:00-05:00,13605.373124295926,13596.5,8.873124295925663,cutoff
794_upper,2021-02-08,2021,upper,2021-02-07 18:01:00-05:00,2021-02-08 15:59:00-05:00,13646.840190149836,13684.75,-37.90980985016358,cutoff
793_upper,2021-02-10,2021,upper,2021-02-10 02:35:00-05:00,2021-02-10 15:59:00-05:00,13758.10878065542,13650.0,108.10878065542056,cutoff
796_upper,2021-02-15,2021,upper,2021-02-14 18:00:00-05:00,2021-02-15 12:59:00-05:00,13830.989566628119,13872.0,-41.010433371880936,cutoff
799_upper,2021-02-16,2021,upper,2021-02-15 20:21:00-05:00,2021-02-16 15:59:00-05:00,13888.65707742389,13764.5,124.15707742388986,cutoff
801_lower,2021-02-17,2021,lower,2021-02-16 19:04:00-05:00,2021-02-17 15:59:00-05:00,13714.378111306329,13699.5,-14.87811130632872,cutoff
799_lower,2021-02-18,2021,lower,2021-02-18 09:04:00-05:00,2021-02-18 15:59:00-05:00,13538.96792257611,13637.75,98.78207742388986,cutoff
805_lower,2021-02-22,2021,lower,2021-02-22 02:06:00-05:00,2021-02-22 15:59:00-05:00,13493.982062487335,13227.0,-266.9820624873355,cutoff
806_lower,2021-02-23,2021,lower,2021-02-23 04:03:00-05:00,2021-02-23 15:59:00-05:00,13180.62114639175,13188.0,7.3788536082502105,cutoff
807_upper,2021-02-24,2021,upper,2021-02-24 07:56:00-05:00,2021-02-24 15:59:00-05:00,13294.905916763611,13295.25,-0.344083236388542,cutoff
809_lower,2021-02-25,2021,lower,2021-02-25 12:30:00-05:00,2021-02-25 15:59:00-05:00,12933.843969004327,12826.25,-107.59396900432694,cutoff
812_lower,2021-03-03,2021,lower,2021-03-03 08:34:00-05:00,2021-03-03 15:59:00-05:00,13016.401124013051,12680.75,-335.65112401305123,cutoff
807_lower,2021-03-04,2021,lower,2021-03-03 18:59:00-05:00,2021-03-04 15:59:00-05:00,12599.719083236389,12471.25,-128.46908323638854,cutoff
814_lower,2021-03-05,2021,lower,2021-03-04 20:14:00-05:00,2021-03-05 15:59:00-05:00,12304.997183398267,12661.5,356.5028166017328,cutoff
816_lower,2021-03-08,2021,lower,2021-03-08 15:17:00-05:00,2021-03-08 15:59:00-05:00,12345.483028946668,12300.5,-44.98302894666813,cutoff
815_upper,2021-03-10,2021,upper,2021-03-10 08:35:00-05:00,2021-03-10 15:59:00-05:00,12884.42255597324,12752.25,132.17255597324038,cutoff
814_upper,2021-03-11,2021,upper,2021-03-11 04:19:00-05:00,2021-03-11 15:59:00-05:00,12996.127816601733,13046.5,-50.372183398267225,cutoff
820_upper,2021-03-16,2021,upper,2021-03-15 21:16:00-04:00,2021-03-16 15:59:00-04:00,13090.352101714769,13138.75,-48.39789828523135,cutoff
822_lower,2021-03-17,2021,lower,2021-03-17 09:39:00-04:00,2021-03-17 15:59:00-04:00,12945.071957511602,13193.0,247.9280424883982,cutoff
823_lower,2021-03-18,2021,lower,2021-03-18 15:50:00-04:00,2021-03-18 15:59:00-04:00,12767.107598941599,12782.0,14.892401058401447,cutoff
819_lower,2021-03-19,2021,lower,2021-03-19 02:01:00-04:00,2021-03-19 15:59:00-04:00,12739.774038695905,12837.5,97.72596130409511,cutoff
825_upper,2021-03-22,2021,upper,2021-03-22 10:00:00-04:00,2021-03-22 15:59:00-04:00,13022.717653119242,13070.75,-48.03234688075827,cutoff
826_upper,2021-03-23,2021,upper,2021-03-23 11:18:00-04:00,2021-03-23 15:59:00-04:00,13166.419091002148,13005.0,161.41909100214798,cutoff
827_lower,2021-03-24,2021,lower,2021-03-24 10:17:00-04:00,2021-03-24 15:59:00-04:00,12917.899088749797,12790.0,-127.89908874979665,cutoff
828_lower,2021-03-25,2021,lower,2021-03-24 18:20:00-04:00,2021-03-25 15:59:00-04:00,12782.533366701638,12772.5,-10.033366701638442,cutoff
832_upper,2021-03-31,2021,upper,2021-03-31 10:00:00-04:00,2021-03-31 15:59:00-04:00,13057.544428571517,13084.5,-26.95557142848338,cutoff
824_upper,2021-04-01,2021,upper,2021-04-01 03:24:00-04:00,2021-04-01 15:59:00-04:00,13181.85833179647,13314.25,-132.39166820353057,cutoff
822_upper,2021-04-05,2021,upper,2021-04-05 08:40:00-04:00,2021-04-05 15:59:00-04:00,13414.803042488398,13581.75,-166.9469575116018,cutoff
835_upper,2021-04-06,2021,upper,2021-04-06 11:12:00-04:00,2021-04-06 15:59:00-04:00,13629.248871372893,13571.5,57.74887137289261,cutoff
836_upper,2021-04-08,2021,upper,2021-04-08 06:27:00-04:00,2021-04-08 15:59:00-04:00,13739.329262634976,13749.75,-10.420737365024252,cutoff
839_upper,2021-04-13,2021,upper,2021-04-13 08:39:00-04:00,2021-04-13 15:59:00-04:00,13873.479850750839,13975.5,-102.02014924916148,cutoff
842_lower,2021-04-14,2021,lower,2021-04-14 14:06:00-04:00,2021-04-14 15:59:00-04:00,13807.528061776498,13808.5,0.9719382235016383,cutoff
844_lower,2021-04-19,2021,lower,2021-04-19 12:06:00-04:00,2021-04-19 15:59:00-04:00,13849.669472478286,13904.0,54.33052752171352,cutoff
843_lower,2021-04-20,2021,lower,2021-04-20 11:16:00-04:00,2021-04-20 15:59:00-04:00,13782.34160318832,13799.5,17.158396811679268,cutoff
846_lower,2021-04-21,2021,lower,2021-04-20 22:01:00-04:00,2021-04-21 15:59:00-04:00,13715.223625595678,13918.75,203.52637440432227,cutoff
848_lower,2021-04-22,2021,lower,2021-04-22 13:53:00-04:00,2021-04-22 15:59:00-04:00,13737.106043275588,13750.5,13.39395672441242,cutoff
847_upper,2021-04-23,2021,upper,2021-04-23 13:37:00-04:00,2021-04-23 15:59:00-04:00,13960.89952263272,13925.0,35.89952263272062,cutoff
846_upper,2021-04-27,2021,upper,2021-04-27 01:51:00-04:00,2021-04-27 15:59:00-04:00,14049.651374404322,13951.5,98.15137440432227,cutoff
848_upper,2021-04-29,2021,upper,2021-04-29 08:44:00-04:00,2021-04-29 15:59:00-04:00,14051.393956724412,13955.0,96.39395672441242,cutoff
851_lower,2021-05-03,2021,lower,2021-05-03 11:11:00-04:00,2021-05-03 15:59:00-04:00,13804.24741768997,13790.5,-13.747417689970462,cutoff
852_lower,2021-05-04,2021,lower,2021-05-03 20:20:00-04:00,2021-05-04 15:59:00-04:00,13755.986604749303,13543.25,-212.7366047493033,cutoff
857_lower,2021-05-06,2021,lower,2021-05-06 10:21:00-04:00,2021-05-06 15:59:00-04:00,13388.96846679183,13596.5,207.53153320817,cutoff
858_upper,2021-05-07,2021,upper,2021-05-07 08:30:00-04:00,2021-05-07 15:59:00-04:00,13677.48205119757,13706.5,-29.0179488024296,cutoff
859_lower,2021-05-10,2021,lower,2021-05-10 10:30:00-04:00,2021-05-10 15:59:00-04:00,13495.178507508765,13356.25,-138.9285075087646,cutoff
858_lower,2021-05-11,2021,lower,2021-05-10 20:54:00-04:00,2021-05-11 15:59:00-04:00,13256.14294880243,13344.0,87.8570511975704,cutoff
862_lower,2021-05-13,2021,lower,2021-05-13 04:50:00-04:00,2021-05-13 15:59:00-04:00,12917.82391110361,13097.5,179.67608889639087,cutoff
862_upper,2021-05-14,2021,upper,2021-05-14 14:14:00-04:00,2021-05-14 15:59:00-04:00,13378.42608889639,13384.5,-6.073911103609134,cutoff
866_lower,2021-05-19,2021,lower,2021-05-18 20:07:00-04:00,2021-05-19 15:59:00-04:00,13159.67258306895,13230.5,70.82741693104981,cutoff
864_upper,2021-05-20,2021,upper,2021-05-20 11:26:00-04:00,2021-05-20 15:59:00-04:00,13456.057893860834,13486.5,-30.442106139165844,cutoff
866_upper,2021-05-21,2021,upper,2021-05-20 20:09:00-04:00,2021-05-21 15:59:00-04:00,13529.45241693105,13409.0,120.45241693104981,cutoff
869_upper,2021-05-25,2021,upper,2021-05-25 02:14:00-04:00,2021-05-25 15:59:00-04:00,13721.457519968146,13656.25,65.20751996814579,cutoff
870_upper,2021-05-28,2021,upper,2021-05-28 12:06:00-04:00,2021-05-28 15:59:00-04:00,13760.993648234806,13690.5,70.49364823480573,cutoff
874_lower,2021-06-03,2021,lower,2021-06-03 06:58:00-04:00,2021-06-03 15:59:00-04:00,13572.782154047016,13528.25,-44.532154047015865,cutoff
878_upper,2021-06-04,2021,upper,2021-06-04 10:01:00-04:00,2021-06-04 15:59:00-04:00,13718.091853387603,13766.5,-48.408146612397104,cutoff
875_upper,2021-06-07,2021,upper,2021-06-07 15:09:00-04:00,2021-06-07 15:59:00-04:00,13786.706715954968,13802.5,-15.793284045032124,cutoff
872_upper,2021-06-08,2021,upper,2021-06-07 19:24:00-04:00,2021-06-08 15:59:00-04:00,13833.96022555264,13809.0,24.960225552640622,cutoff
876_upper,2021-06-10,2021,upper,2021-06-10 09:46:00-04:00,2021-06-10 15:59:00-04:00,13935.08558585964,13959.75,-24.66441414035944,cutoff
882_upper,2021-06-14,2021,upper,2021-06-14 06:38:00-04:00,2021-06-14 15:59:00-04:00,14029.2275428399,14123.5,-94.2724571600993,cutoff
885_upper,2021-06-15,2021,upper,2021-06-14 21:15:00-04:00,2021-06-15 15:59:00-04:00,14152.666148882203,14027.25,125.41614888220283,cutoff
886_lower,2021-06-16,2021,lower,2021-06-16 14:00:00-04:00,2021-06-16 15:59:00-04:00,13953.560879002205,13975.75,22.189120997794817,cutoff
887_upper,2021-06-18,2021,upper,2021-06-17 21:45:00-04:00,2021-06-18 15:59:00-04:00,14199.654863564487,14041.75,157.90486356448673,cutoff
888_upper,2021-06-22,2021,upper,2021-06-22 11:26:00-04:00,2021-06-22 15:59:00-04:00,14212.35659944535,14257.75,-45.393400554650725,cutoff
891_upper,2021-06-23,2021,upper,2021-06-22 20:10:00-04:00,2021-06-23 15:59:00-04:00,14282.770750377364,14263.0,19.770750377363584,cutoff
892_upper,2021-06-24,2021,upper,2021-06-24 12:13:00-04:00,2021-06-24 15:59:00-04:00,14414.271197003449,14354.25,60.02119700344883,cutoff
893_upper,2021-06-28,2021,upper,2021-06-28 14:59:00-04:00,2021-06-28 15:59:00-04:00,14504.101715677834,14511.25,-7.148284322165637,cutoff
896_upper,2021-07-02,2021,upper,2021-07-02 09:01:00-04:00,2021-07-02 15:59:00-04:00,14643.198381504113,14714.75,-71.55161849588694,cutoff
899_upper,2021-07-06,2021,upper,2021-07-06 09:32:00-04:00,2021-07-06 15:59:00-04:00,14769.97071956765,14776.5,-6.529280432350788,cutoff
900_upper,2021-07-07,2021,upper,2021-07-07 03:06:00-04:00,2021-07-07 15:59:00-04:00,14806.114928665245,14802.25,3.8649286652453156,cutoff
902_lower,2021-07-08,2021,lower,2021-07-08 03:46:00-04:00,2021-07-08 15:59:00-04:00,14671.044908797909,14722.75,51.70509120209135,cutoff
903_upper,2021-07-09,2021,upper,2021-07-09 11:23:00-04:00,2021-07-09 15:59:00-04:00,14789.794842452957,14810.25,-20.4551575470432,cutoff
904_upper,2021-07-12,2021,upper,2021-07-12 08:20:00-04:00,2021-07-12 15:59:00-04:00,14868.276518067436,14868.5,-0.22348193256402737,cutoff
907_lower,2021-07-15,2021,lower,2021-07-15 09:38:00-04:00,2021-07-15 15:59:00-04:00,14814.252863178532,14790.5,-23.752863178531697,cutoff
906_lower,2021-07-16,2021,lower,2021-07-16 15:03:00-04:00,2021-07-16 15:59:00-04:00,14690.039918704464,14673.25,-16.78991870446407,cutoff
909_lower,2021-07-19,2021,lower,2021-07-18 19:34:00-04:00,2021-07-19 15:59:00-04:00,14617.459438183269,14553.5,-63.9594381832685,cutoff
910_upper,2021-07-20,2021,upper,2021-07-20 12:03:00-04:00,2021-07-20 15:59:00-04:00,14714.46651690565,14718.5,-4.033483094350231,cutoff
912_upper,2021-07-22,2021,upper,2021-07-22 09:42:00-04:00,2021-07-22 15:59:00-04:00,14882.366829089071,14929.0,-46.63317091092904,cutoff
913_upper,2021-07-23,2021,upper,2021-07-23 05:39:00-04:00,2021-07-23 15:59:00-04:00,15012.191094334647,15098.75,-86.55890566535345,cutoff
907_upper,2021-07-26,2021,upper,2021-07-25 19:21:00-04:00,2021-07-26 15:59:00-04:00,15120.247136821468,15117.0,3.2471368214683025,cutoff
915_lower,2021-07-27,2021,lower,2021-07-27 10:36:00-04:00,2021-07-27 15:59:00-04:00,14921.995893743886,14950.25,28.254106256114028,cutoff
918_lower,2021-07-30,2021,lower,2021-07-29 20:47:00-04:00,2021-07-30 15:59:00-04:00,14826.22986524775,14954.75,128.52013475225067,cutoff
919_upper,2021-08-04,2021,upper,2021-08-04 13:07:00-04:00,2021-08-04 15:59:00-04:00,15086.052130476923,15069.0,17.052130476922684,cutoff
924_lower,2021-08-11,2021,lower,2021-08-11 11:16:00-04:00,2021-08-11 15:59:00-04:00,14970.770581591882,15021.75,50.97941840811836,cutoff
925_lower,2021-08-12,2021,lower,2021-08-12 09:36:00-04:00,2021-08-12 15:59:00-04:00,14956.42257734829,15076.25,119.82742265170964,cutoff
929_lower,2021-08-16,2021,lower,2021-08-16 10:28:00-04:00,2021-08-16 15:59:00-04:00,14942.374736532061,15134.0,191.62526346793857,cutoff
927_lower,2021-08-17,2021,lower,2021-08-17 12:42:00-04:00,2021-08-17 15:59:00-04:00,14917.228597809572,15000.5,83.27140219042849,cutoff
922_lower,2021-08-18,2021,lower,2021-08-18 15:50:00-04:00,2021-08-18 15:59:00-04:00,14883.328603300117,14856.25,-27.07860330011681,cutoff
917_lower,2021-08-19,2021,lower,2021-08-19 02:58:00-04:00,2021-08-19 15:59:00-04:00,14749.254664502118,14929.0,179.74533549788248,cutoff
933_upper,2021-08-20,2021,upper,2021-08-20 09:46:00-04:00,2021-08-20 15:59:00-04:00,15017.266824294666,15083.5,-66.23317570533436,cutoff
932_upper,2021-08-23,2021,upper,2021-08-23 01:11:00-04:00,2021-08-23 15:59:00-04:00,15153.221444576327,15306.25,-153.02855542367251,cutoff
935_upper,2021-08-24,2021,upper,2021-08-24 02:36:00-04:00,2021-08-24 15:59:00-04:00,15364.265950275054,15356.0,8.26595027505391,cutoff
936_upper,2021-08-30,2021,upper,2021-08-30 09:33:00-04:00,2021-08-30 15:59:00-04:00,15484.655610356942,15599.25,-114.5943896430581,cutoff
940_upper,2021-08-31,2021,upper,2021-08-31 02:14:00-04:00,2021-08-31 15:59:00-04:00,15671.691483257986,15584.5,87.19148325798596,cutoff
945_lower,2021-09-08,2021,lower,2021-09-08 10:38:00-04:00,2021-09-08 15:59:00-04:00,15570.883865846456,15622.75,51.86613415354441,cutoff
943_lower,2021-09-10,2021,lower,2021-09-10 15:14:00-04:00,2021-09-10 15:59:00-04:00,15501.736134071361,15445.25,-56.48613407136145,cutoff
941_lower,2021-09-13,2021,lower,2021-09-13 01:07:00-04:00,2021-09-13 15:59:00-04:00,15415.380775283047,15431.0,15.619224716952886,cutoff
940_lower,2021-09-17,2021,lower,2021-09-17 11:51:00-04:00,2021-09-17 15:59:00-04:00,15298.683516742014,15322.0,23.316483257985965,cutoff
951_lower,2021-09-20,2021,lower,2021-09-19 22:16:00-04:00,2021-09-20 15:59:00-04:00,15272.996543165842,15004.5,-268.496543165842,cutoff
955_upper,2021-09-23,2021,upper,2021-09-23 05:08:00-04:00,2021-09-23 15:59:00-04:00,15299.061195048975,15299.5,-0.43880495102530404,cutoff
959_upper,2021-09-27,2021,upper,2021-09-26 21:31:00-04:00,2021-09-27 15:59:00-04:00,15382.419064245358,15194.25,188.16906424535773,cutoff
959_lower,2021-09-28,2021,lower,2021-09-28 03:19:00-04:00,2021-09-28 15:59:00-04:00,15050.330935754642,14764.25,-286.08093575464227,cutoff
961_lower,2021-09-30,2021,lower,2021-09-30 12:09:00-04:00,2021-09-30 15:59:00-04:00,14700.565788853175,14675.75,-24.815788853175036,cutoff
963_lower,2021-10-01,2021,lower,2021-09-30 21:08:00-04:00,2021-10-01 15:59:00-04:00,14625.509577891058,14770.5,144.99042210894186,cutoff
964_lower,2021-10-04,2021,lower,2021-10-04 11:38:00-04:00,2021-10-04 15:59:00-04:00,14390.90604423451,14468.0,77.09395576548923,cutoff
966_upper,2021-10-07,2021,upper,2021-10-06 18:19:00-04:00,2021-10-07 15:59:00-04:00,14790.825392440318,14886.5,-95.67460755968204,cutoff
969_lower,2021-10-11,2021,lower,2021-10-10 19:39:00-04:00,2021-10-11 15:59:00-04:00,14720.10499822078,14699.75,-20.354998220780544,cutoff
968_lower,2021-10-12,2021,lower,2021-10-11 18:09:00-04:00,2021-10-12 15:59:00-04:00,14673.4033290099,14650.0,-23.403329009899608,cutoff
972_upper,2021-10-14,2021,upper,2021-10-14 08:30:00-04:00,2021-10-14 15:59:00-04:00,14938.793156548334,15037.0,-98.20684345166592,cutoff
969_upper,2021-10-15,2021,upper,2021-10-15 01:58:00-04:00,2021-10-15 15:59:00-04:00,15107.52000177922,15135.25,-27.729998220780544,cutoff
974_upper,2021-10-18,2021,upper,2021-10-18 12:10:00-04:00,2021-10-18 15:59:00-04:00,15218.281759687754,15286.25,-67.96824031224605,cutoff
960_upper,2021-10-19,2021,upper,2021-10-19 10:58:00-04:00,2021-10-19 15:59:00-04:00,15374.50773238502,15400.0,-25.492267614979937,cutoff
976_upper,2021-10-21,2021,upper,2021-10-21 15:57:00-04:00,2021-10-21 15:59:00-04:00,15473.904434305965,15475.25,-1.345565694035031,cutoff
977_lower,2021-10-22,2021,lower,2021-10-22 11:48:00-04:00,2021-10-22 15:59:00-04:00,15274.34080035688,15342.0,67.65919964311979,cutoff
978_upper,2021-10-25,2021,upper,2021-10-25 14:34:00-04:00,2021-10-25 15:59:00-04:00,15535.16883820677,15501.25,33.91883820676958,cutoff
977_upper,2021-10-26,2021,upper,2021-10-25 20:09:00-04:00,2021-10-26 15:59:00-04:00,15555.53419964312,15545.0,10.534199643119791,cutoff
982_upper,2021-10-28,2021,upper,2021-10-28 14:36:00-04:00,2021-10-28 15:59:00-04:00,15757.057274401972,15761.5,-4.442725598028119,cutoff
981_upper,2021-10-29,2021,upper,2021-10-29 13:18:00-04:00,2021-10-29 15:59:00-04:00,15806.826487759488,15840.25,-33.42351224051163,cutoff
985_upper,2021-11-03,2021,upper,2021-11-03 14:01:00-04:00,2021-11-03 15:59:00-04:00,16020.122348729827,16129.75,-109.62765127017337,cutoff
988_upper,2021-11-05,2021,upper,2021-11-05 09:33:00-04:00,2021-11-05 15:59:00-04:00,16425.401381401833,16351.25,74.15138140183262,cutoff
989_lower,2021-11-09,2021,lower,2021-11-09 09:58:00-05:00,2021-11-09 15:59:00-05:00,16240.353578456474,16217.5,-22.85357845647377,cutoff
991_lower,2021-11-10,2021,lower,2021-11-10 09:32:00-05:00,2021-11-10 15:59:00-05:00,16056.304931374681,15978.0,-78.30493137468147,cutoff
994_upper,2021-11-15,2021,upper,2021-11-14 18:17:00-05:00,2021-11-15 15:59:00-05:00,16237.909274838707,16188.25,49.65927483870655,cutoff
992_upper,2021-11-17,2021,upper,2021-11-17 11:53:00-05:00,2021-11-17 15:59:00-05:00,16378.965303064095,16312.75,66.21530306409477,cutoff
995_upper,2021-11-18,2021,upper,2021-11-18 09:47:00-05:00,2021-11-18 15:59:00-05:00,16417.715750437408,16481.0,-63.28424956259187,cutoff
990_upper,2021-11-19,2021,upper,2021-11-18 20:47:00-05:00,2021-11-19 15:59:00-05:00,16533.348439223577,16572.75,-39.40156077642314,cutoff
999_upper,2021-11-22,2021,upper,2021-11-22 10:04:00-05:00,2021-11-22 15:59:00-05:00,16756.992745632924,16383.25,373.7427456329242,cutoff
999_lower,2021-11-23,2021,lower,2021-11-22 21:23:00-05:00,2021-11-23 15:59:00-05:00,16358.632254367074,16305.75,-52.88225436707398,cutoff
1003_lower,2021-11-26,2021,lower,2021-11-26 02:06:00-05:00,2021-11-26 13:14:00-05:00,16226.186692272446,16043.5,-182.68669227244573,cutoff
1002_upper,2021-11-30,2021,upper,2021-11-30 10:10:00-05:00,2021-11-30 15:59:00-05:00,16448.308599813936,16148.75,299.55859981393587,cutoff
1007_lower,2021-12-01,2021,lower,2021-12-01 15:04:00-05:00,2021-12-01 15:59:00-05:00,16090.80351418049,15874.75,-216.0535141804903,cutoff
1009_lower,2021-12-03,2021,lower,2021-12-03 15:01:00-05:00,2021-12-03 15:59:00-05:00,15538.9746333709,15716.0,177.02536662909915,cutoff
1010_upper,2021-12-07,2021,upper,2021-12-07 03:25:00-05:00,2021-12-07 15:59:00-05:00,16066.717553940765,16321.5,-254.78244605923464,cutoff
1009_upper,2021-12-08,2021,upper,2021-12-08 06:46:00-05:00,2021-12-08 15:59:00-05:00,16420.0253666291,16389.0,31.025366629099153,cutoff
1012_lower,2021-12-13,2021,lower,2021-12-13 15:55:00-05:00,2021-12-13 15:59:00-05:00,16088.30741470229,16087.5,-0.807414702290771,cutoff
1015_lower,2021-12-14,2021,lower,2021-12-14 04:40:00-05:00,2021-12-14 15:59:00-05:00,16047.80046864001,15926.5,-121.30046864001088,cutoff
1017_upper,2021-12-15,2021,upper,2021-12-15 15:14:00-05:00,2021-12-15 15:59:00-05:00,16120.896241608352,16282.0,-161.10375839164772,cutoff
1011_upper,2021-12-16,2021,upper,2021-12-16 06:28:00-05:00,2021-12-16 15:59:00-05:00,16444.1005652676,15862.25,581.8505652675994,cutoff
1016_lower,2021-12-17,2021,lower,2021-12-17 09:42:00-05:00,2021-12-17 15:59:00-05:00,15660.17671606175,15779.5,119.32328393825082,cutoff
1008_lower,2021-12-20,2021,lower,2021-12-20 04:06:00-05:00,2021-12-20 15:59:00-05:00,15509.440140084233,15624.75,115.30985991576745,cutoff
1020_upper,2021-12-21,2021,upper,2021-12-21 01:50:00-05:00,2021-12-21 15:59:00-05:00,15823.338074885565,15973.0,-149.66192511443478,cutoff
1019_upper,2021-12-22,2021,upper,2021-12-22 09:45:00-05:00,2021-12-22 15:59:00-05:00,16014.14752821853,16168.5,-154.35247178147074,cutoff
1022_upper,2021-12-23,2021,upper,2021-12-23 05:52:00-05:00,2021-12-23 15:59:00-05:00,16200.362242887906,16293.75,-93.38775711209382,cutoff
1023_upper,2021-12-27,2021,upper,2021-12-27 09:32:00-05:00,2021-12-27 15:59:00-05:00,16403.39085923301,16560.5,-157.10914076698828,cutoff
1013_upper,2021-12-28,2021,upper,2021-12-28 03:28:00-05:00,2021-12-28 15:59:00-05:00,16592.642008049654,16494.75,97.89200804965367,cutoff
1025_lower,2021-12-31,2021,lower,2021-12-30 19:28:00-05:00,2021-12-31 15:59:00-05:00,16361.783170368326,16325.0,-36.783170368325955,cutoff
1027_lower,2022-01-04,2022,lower,2022-01-04 10:44:00-05:00,2022-01-04 15:59:00-05:00,16280.964755748751,16272.75,-8.214755748751486,cutoff
1024_lower,2022-01-05,2022,lower,2022-01-05 09:32:00-05:00,2022-01-05 15:59:00-05:00,16139.413118399969,15763.75,-375.6631183999689,cutoff
1022_lower,2022-01-06,2022,lower,2022-01-05 18:04:00-05:00,2022-01-06 15:59:00-05:00,15750.887757112094,15758.0,7.112242887906177,cutoff
1019_lower,2022-01-10,2022,lower,2022-01-10 07:31:00-05:00,2022-01-10 15:59:00-05:00,15446.47747178147,15604.0,157.52252821852926,cutoff
1034_upper,2022-01-11,2022,upper,2022-01-11 04:16:00-05:00,2022-01-11 15:59:00-05:00,15645.538295963997,15832.25,-186.71170403600263,cutoff
1035_upper,2022-01-12,2022,upper,2022-01-11 18:06:00-05:00,2022-01-12 15:59:00-05:00,15840.54501109439,15895.25,-54.70498890561066,cutoff
1036_lower,2022-01-13,2022,lower,2022-01-13 12:15:00-05:00,2022-01-13 15:59:00-05:00,15712.513272395085,15498.0,-214.51327239508464,cutoff
1039_lower,2022-01-18,2022,lower,2022-01-18 03:10:00-05:00,2022-01-18 15:59:00-05:00,15397.302536893398,15214.5,-182.8025368933977,cutoff
1038_lower,2022-01-19,2022,lower,2022-01-18 21:47:00-05:00,2022-01-19 15:59:00-05:00,15125.980470062965,15037.0,-88.98047006296474,cutoff
1042_lower,2022-01-20,2022,lower,2022-01-20 15:36:00-05:00,2022-01-20 15:59:00-05:00,14940.191526184397,14835.25,-104.94152618439693,cutoff
1043_lower,2022-01-24,2022,lower,2022-01-24 05:26:00-05:00,2022-01-24 15:59:00-05:00,14333.793796523118,14500.25,166.45620347688237,cutoff
1044_upper,2022-01-26,2022,upper,2022-01-26 12:44:00-05:00,2022-01-26 15:59:00-05:00,14545.049395246057,14148.25,396.7993952460565,cutoff
1047_lower,2022-01-27,2022,lower,2022-01-27 13:24:00-05:00,2022-01-27 15:59:00-05:00,13994.623343442407,13988.0,-6.623343442406622,cutoff
1048_upper,2022-01-28,2022,upper,2022-01-28 15:50:00-05:00,2022-01-28 15:59:00-05:00,14393.572169981533,14433.5,-39.92783001846692,cutoff
1047_upper,2022-01-31,2022,upper,2022-01-31 10:02:00-05:00,2022-01-31 15:59:00-05:00,14659.001656557593,14898.5,-239.49834344240662,cutoff
1049_upper,2022-02-01,2022,upper,2022-02-01 02:12:00-05:00,2022-02-01 15:59:00-05:00,14934.757318438846,14991.5,-56.74268156115431,cutoff
1050_upper,2022-02-02,2022,upper,2022-02-02 04:44:00-05:00,2022-02-02 15:59:00-05:00,15221.075791511645,15113.75,107.32579151164464,cutoff
1050_lower,2022-02-03,2022,lower,2022-02-03 15:32:00-05:00,2022-02-03 15:59:00-05:00,14563.549208488355,14502.75,-60.79920848835536,cutoff
1052_lower,2022-02-04,2022,lower,2022-02-04 08:54:00-05:00,2022-02-04 15:59:00-05:00,14452.756770548807,14680.25,227.49322945119275,cutoff
1055_upper,2022-02-08,2022,upper,2022-02-08 15:55:00-05:00,2022-02-08 15:59:00-05:00,14768.196394257095,14733.5,34.69639425709465,cutoff
1053_upper,2022-02-09,2022,upper,2022-02-09 05:14:00-05:00,2022-02-09 15:59:00-05:00,14872.83087731542,15043.25,-170.41912268457963,cutoff
1056_lower,2022-02-10,2022,lower,2022-02-10 15:32:00-05:00,2022-02-10 15:59:00-05:00,14686.470129208425,14703.0,16.529870791575377,cutoff
1054_lower,2022-02-11,2022,lower,2022-02-11 13:30:00-05:00,2022-02-11 15:59:00-05:00,14461.172062692864,14237.75,-223.42206269286362,cutoff
1049_lower,2022-02-14,2022,lower,2022-02-14 03:29:00-05:00,2022-02-14 15:59:00-05:00,14123.867681561154,14255.75,131.8823184388457,cutoff
1059_upper,2022-02-15,2022,upper,2022-02-15 04:19:00-05:00,2022-02-15 15:59:00-05:00,14523.728553381487,14609.0,-85.27144661851344,cutoff
1060_lower,2022-02-17,2022,lower,2022-02-17 14:46:00-05:00,2022-02-17 15:59:00-05:00,14241.747110637427,14166.25,-75.49711063742689,cutoff
1059_lower,2022-02-18,2022,lower,2022-02-18 12:45:00-05:00,2022-02-18 15:59:00-05:00,13943.896446618513,14005.0,61.10355338148656,cutoff
1063_lower,2022-02-21,2022,lower,2022-02-20 18:01:00-05:00,2022-02-21 12:59:00-05:00,13887.148206149974,13735.5,-151.6482061499737,cutoff
1048_lower,2022-02-22,2022,lower,2022-02-21 18:00:00-05:00,2022-02-22 15:59:00-05:00,13656.177830018467,13865.0,208.82216998153308,cutoff
1066_lower,2022-02-23,2022,lower,2022-02-23 14:40:00-05:00,2022-02-23 15:59:00-05:00,13600.696730533542,13506.75,-93.946730533542,cutoff
1067_upper,2022-02-24,2022,upper,2022-02-24 13:49:00-05:00,2022-02-24 15:59:00-05:00,13656.920458119774,13965.75,-308.8295418802263,cutoff
1068_upper,2022-02-28,2022,upper,2022-02-28 11:26:00-05:00,2022-02-28 15:59:00-05:00,14266.568959055829,14234.25,32.3189590558286,cutoff
1066_upper,2022-03-01,2022,upper,2022-03-01 02:07:00-05:00,2022-03-01 15:59:00-05:00,14302.928269466458,14004.75,298.178269466458,cutoff
1071_upper,2022-03-03,2022,upper,2022-03-03 09:02:00-05:00,2022-03-03 15:59:00-05:00,14367.318002793538,14035.5,331.81800279353774,cutoff
1072_lower,2022-03-04,2022,lower,2022-03-03 19:23:00-05:00,2022-03-04 15:59:00-05:00,13953.51822142953,13833.75,-119.76822142952915,cutoff
1068_lower,2022-03-07,2022,lower,2022-03-06 18:04:00-05:00,2022-03-07 15:59:00-05:00,13650.556040944171,13320.25,-330.3060409441714,cutoff
1075_upper,2022-03-08,2022,upper,2022-03-08 13:02:00-05:00,2022-03-08 15:59:00-05:00,13635.095436638541,13254.5,380.5954366385413,cutoff
1077_upper,2022-03-11,2022,upper,2022-03-11 06:26:00-05:00,2022-03-11 15:59:00-05:00,13824.115930626305,13300.25,523.8659306263053,cutoff
1079_lower,2022-03-15,2022,lower,2022-03-15 03:13:00-04:00,2022-03-15 15:59:00-04:00,12962.621135300313,13454.5,491.87886469968726,cutoff
1079_upper,2022-03-16,2022,upper,2022-03-16 01:47:00-04:00,2022-03-16 15:59:00-04:00,13578.503864699687,13955.0,-376.49613530031274,cutoff
1074_upper,2022-03-18,2022,upper,2022-03-18 10:04:00-04:00,2022-03-18 15:59:00-04:00,14187.741551871979,14410.25,-222.50844812802097,cutoff
1070_upper,2022-03-21,2022,upper,2022-03-21 09:41:00-04:00,2022-03-21 15:59:00-04:00,14453.856455113139,14372.75,81.10645511313851,cutoff
1072_upper,2022-03-22,2022,upper,2022-03-22 11:07:00-04:00,2022-03-22 15:59:00-04:00,14638.23177857047,14655.0,-16.76822142952915,cutoff
1087_upper,2022-03-24,2022,upper,2022-03-24 15:53:00-04:00,2022-03-24 15:59:00-04:00,14750.28757388168,14766.5,-16.212426118319854,cutoff
1086_upper,2022-03-25,2022,upper,2022-03-24 18:03:00-04:00,2022-03-25 15:59:00-04:00,14773.78829240921,14755.25,18.538292409210044,cutoff
1088_upper,2022-03-28,2022,upper,2022-03-28 15:34:00-04:00,2022-03-28 15:59:00-04:00,14969.360156797778,14987.25,-17.889843202221527,cutoff
1089_upper,2022-03-29,2022,upper,2022-03-29 05:07:00-04:00,2022-03-29 15:59:00-04:00,15057.055654262684,15241.5,-184.44434573731633,cutoff
1091_lower,2022-03-31,2022,lower,2022-03-31 10:02:00-04:00,2022-03-31 15:59:00-04:00,14970.528899214507,14870.0,-100.52889921450696,cutoff
1090_lower,2022-04-01,2022,lower,2022-04-01 09:50:00-04:00,2022-04-01 15:59:00-04:00,14854.153631311128,14859.75,5.596368688871735,cutoff
1093_upper,2022-04-04,2022,upper,2022-04-04 12:28:00-04:00,2022-04-04 15:59:00-04:00,15120.949102656632,15164.75,-43.80089734336798,cutoff
1095_lower,2022-04-05,2022,lower,2022-04-05 15:50:00-04:00,2022-04-05 15:59:00-04:00,14787.237967926587,14831.5,44.26203207341314,cutoff
1094_lower,2022-04-06,2022,lower,2022-04-06 06:40:00-04:00,2022-04-06 15:59:00-04:00,14660.552011881444,14505.5,-155.05201188144383,cutoff
1086_lower,2022-04-11,2022,lower,2022-04-10 20:00:00-04:00,2022-04-11 15:59:00-04:00,14286.08670759079,14000.5,-285.58670759078996,cutoff
1100_lower,2022-04-12,2022,lower,2022-04-12 14:33:00-04:00,2022-04-12 15:59:00-04:00,13917.96324839834,13941.75,23.78675160165949,cutoff
1101_upper,2022-04-14,2022,upper,2022-04-14 00:30:00-04:00,2022-04-14 15:59:00-04:00,14285.013848168608,13893.5,391.5138481686081,cutoff
1083_lower,2022-04-18,2022,lower,2022-04-17 19:46:00-04:00,2022-04-18 15:59:00-04:00,13748.176154048422,13917.0,168.82384595157782,cutoff
1103_upper,2022-04-19,2022,upper,2022-04-19 11:15:00-04:00,2022-04-19 15:59:00-04:00,14155.749257999785,14212.25,-56.500742000214814,cutoff
1104_upper,2022-04-20,2022,upper,2022-04-20 07:55:00-04:00,2022-04-20 15:59:00-04:00,14264.07134928854,14003.5,260.57134928854066,cutoff
1106_lower,2022-04-21,2022,lower,2022-04-21 12:51:00-04:00,2022-04-21 15:59:00-04:00,13917.39032515818,13722.0,-195.39032515817962,cutoff
1103_lower,2022-04-22,2022,lower,2022-04-22 10:20:00-04:00,2022-04-22 15:59:00-04:00,13609.250742000215,13356.75,-252.5007420002148,cutoff
1110_upper,2022-04-28,2022,upper,2022-04-28 14:38:00-04:00,2022-04-28 15:59:00-04:00,13477.212577667251,13463.0,14.212577667251026,cutoff
1112_lower,2022-04-29,2022,lower,2022-04-29 14:48:00-04:00,2022-04-29 15:59:00-04:00,12973.585426461814,12855.25,-118.33542646181377,cutoff
1113_upper,2022-05-04,2022,upper,2022-05-04 14:46:00-04:00,2022-05-04 15:59:00-04:00,13243.875556755043,13533.0,-289.12444324495664,cutoff
1116_lower,2022-05-05,2022,lower,2022-05-05 11:53:00-04:00,2022-05-05 15:59:00-04:00,12850.380365345938,12858.75,8.369634654061883,cutoff
1110_lower,2022-05-06,2022,lower,2022-05-06 09:35:00-04:00,2022-05-06 15:59:00-04:00,12644.912422332749,12693.25,48.337577667251026,cutoff
1113_lower,2022-05-09,2022,lower,2022-05-09 04:31:00-04:00,2022-05-09 15:59:00-04:00,12476.874443244957,12196.75,-280.12444324495664,cutoff
1118_lower,2022-05-10,2022,lower,2022-05-09 20:16:00-04:00,2022-05-10 15:59:00-04:00,12107.686455371198,12342.5,234.81354462880154,cutoff
1119_lower,2022-05-11,2022,lower,2022-05-11 08:55:00-04:00,2022-05-11 15:59:00-04:00,12122.912972747228,11974.75,-148.1629727472282,cutoff
1120_lower,2022-05-12,2022,lower,2022-05-12 03:22:00-04:00,2022-05-12 15:59:00-04:00,11852.015796082807,11948.0,95.98420391719264,cutoff
1121_upper,2022-05-13,2022,upper,2022-05-13 09:54:00-04:00,2022-05-13 15:59:00-04:00,12268.313117446343,12384.5,-116.18688255365669,cutoff
1122_upper,2022-05-17,2022,upper,2022-05-17 15:02:00-04:00,2022-05-17 15:59:00-04:00,12554.182119419134,12563.25,-9.067880580865676,cutoff
1124_lower,2022-05-18,2022,lower,2022-05-18 11:16:00-04:00,2022-05-18 15:59:00-04:00,12212.621306538216,11940.75,-271.87130653821623,cutoff
1122_lower,2022-05-19,2022,lower,2022-05-19 03:33:00-04:00,2022-05-19 15:59:00-04:00,11779.567880580866,11876.25,96.68211941913432,cutoff
1127_lower,2022-05-20,2022,lower,2022-05-20 12:08:00-04:00,2022-05-20 15:59:00-04:00,11706.958687511058,11835.5,128.5413124889419,cutoff
1128_lower,2022-05-24,2022,lower,2022-05-24 10:15:00-04:00,2022-05-24 15:59:00-04:00,11583.832248436425,11781.75,197.9177515635747,cutoff
1130_upper,2022-05-26,2022,upper,2022-05-26 09:43:00-04:00,2022-05-26 15:59:00-04:00,12058.985649560062,12275.0,-216.01435043993843,cutoff
1131_upper,2022-05-27,2022,upper,2022-05-27 05:51:00-04:00,2022-05-27 15:59:00-04:00,12352.814438592224,12682.25,-329.4355614077758,cutoff
1132_upper,2022-05-30,2022,upper,2022-05-29 19:14:00-04:00,2022-05-30 12:59:00-04:00,12733.78235199662,12810.0,-76.21764800337951,cutoff
1133_lower,2022-05-31,2022,lower,2022-05-31 09:34:00-04:00,2022-05-31 15:59:00-04:00,12581.52690726071,12645.25,63.72309273929022,cutoff
1136_upper,2022-06-02,2022,upper,2022-06-02 13:33:00-04:00,2022-06-02 15:59:00-04:00,12807.220124630487,12894.25,-87.02987536951332,cutoff
1133_upper,2022-06-03,2022,upper,2022-06-02 18:07:00-04:00,2022-06-03 15:59:00-04:00,12932.22309273929,12554.0,378.2230927392902,cutoff
1138_lower,2022-06-07,2022,lower,2022-06-06 21:26:00-04:00,2022-06-07 15:59:00-04:00,12495.726312429277,12711.5,215.77368757072327,cutoff
1139_upper,2022-06-08,2022,upper,2022-06-08 09:49:00-04:00,2022-06-08 15:59:00-04:00,12764.47816450088,12619.0,145.47816450088067,cutoff
1140_lower,2022-06-09,2022,lower,2022-06-09 15:01:00-04:00,2022-06-09 15:59:00-04:00,12433.790880687287,12271.25,-162.54088068728743,cutoff
1132_lower,2022-06-10,2022,lower,2022-06-10 08:30:00-04:00,2022-06-10 15:59:00-04:00,12165.96764800338,11837.0,-328.9676480033795,cutoff
1142_lower,2022-06-13,2022,lower,2022-06-12 18:01:00-04:00,2022-06-13 15:59:00-04:00,11689.07406564783,11326.25,-362.82406564783014,cutoff
1144_upper,2022-06-15,2022,upper,2022-06-15 14:41:00-04:00,2022-06-15 15:59:00-04:00,11673.508306826196,11631.75,41.75830682619562,cutoff
1145_lower,2022-06-16,2022,lower,2022-06-16 09:54:00-04:00,2022-06-16 15:59:00-04:00,11257.956617134842,11166.0,-91.95661713484151,cutoff
1147_upper,2022-06-21,2022,upper,2022-06-21 03:31:00-04:00,2022-06-21 15:59:00-04:00,11507.124027557198,11579.0,-71.87597244280187,cutoff
1149_upper,2022-06-24,2022,upper,2022-06-23 22:40:00-04:00,2022-06-24 15:59:00-04:00,11818.83622306228,12147.75,-328.9137769377194,cutoff
1152_upper,2022-06-27,2022,upper,2022-06-27 03:34:00-04:00,2022-06-27 15:59:00-04:00,12236.810160825215,12044.75,192.06016082521455,cutoff
1153_lower,2022-06-28,2022,lower,2022-06-28 11:29:00-04:00,2022-06-28 15:59:00-04:00,11863.310535724788,11674.0,-189.31053572478777,cutoff
1152_lower,2022-06-29,2022,lower,2022-06-29 09:45:00-04:00,2022-06-29 15:59:00-04:00,11573.314839174785,11688.5,115.18516082521455,cutoff
1151_lower,2022-06-30,2022,lower,2022-06-30 10:02:00-04:00,2022-06-30 15:59:00-04:00,11380.624869557465,11538.0,157.375130442535,cutoff
1158_upper,2022-07-05,2022,upper,2022-07-04 19:06:00-04:00,2022-07-05 15:59:00-04:00,11729.578380953579,11813.25,-83.67161904642126,cutoff
1156_upper,2022-07-06,2022,upper,2022-07-05 18:19:00-04:00,2022-07-06 15:59:00-04:00,11834.978672108253,11885.75,-50.771327891747205,cutoff
1160_upper,2022-07-07,2022,upper,2022-07-07 10:52:00-04:00,2022-07-07 15:59:00-04:00,12064.931469469657,12136.0,-71.0685305303432,cutoff
1161_upper,2022-07-08,2022,upper,2022-07-08 11:24:00-04:00,2022-07-08 15:59:00-04:00,12194.752449156924,12155.5,39.25244915692383,cutoff
1162_lower,2022-07-12,2022,lower,2022-07-12 02:01:00-04:00,2022-07-12 15:59:00-04:00,11783.392712713761,11778.25,-5.142712713761284,cutoff
1160_lower,2022-07-13,2022,lower,2022-07-13 08:30:00-04:00,2022-07-13 15:59:00-04:00,11579.068530530343,11755.5,176.4314694696568,cutoff
1166_upper,2022-07-15,2022,upper,2022-07-15 08:48:00-04:00,2022-07-15 15:59:00-04:00,11888.583341969457,12009.0,-120.41665803054275,cutoff
1167_upper,2022-07-18,2022,upper,2022-07-18 03:37:00-04:00,2022-07-18 15:59:00-04:00,12162.60462922617,11907.0,255.6046292261708,cutoff
1164_upper,2022-07-19,2022,upper,2022-07-19 13:39:00-04:00,2022-07-19 15:59:00-04:00,12233.847106897418,12269.0,-35.15289310258231,cutoff
1168_upper,2022-07-20,2022,upper,2022-07-19 18:00:00-04:00,2022-07-20 15:59:00-04:00,12333.065894798583,12466.0,-132.93410520141697,cutoff
1170_upper,2022-07-21,2022,upper,2022-07-21 08:43:00-04:00,2022-07-21 15:59:00-04:00,12544.34347200561,12645.0,-100.65652799438976,cutoff
1172_lower,2022-07-22,2022,lower,2022-07-22 13:35:00-04:00,2022-07-22 15:59:00-04:00,12367.146538999308,12424.25,57.10346100069182,cutoff
1171_lower,2022-07-26,2022,lower,2022-07-26 09:45:00-04:00,2022-07-26 15:59:00-04:00,12210.07686467328,12110.25,-99.82686467327949,cutoff
1174_upper,2022-07-27,2022,upper,2022-07-27 12:26:00-04:00,2022-07-27 15:59:00-04:00,12473.47231091241,12615.5,-142.02768908759026,cutoff
1171_upper,2022-07-28,2022,upper,2022-07-28 13:42:00-04:00,2022-07-28 15:59:00-04:00,12730.79813532672,12738.75,-7.951864673279488,cutoff
1177_upper,2022-08-01,2022,upper,2022-08-01 10:51:00-04:00,2022-08-01 15:59:00-04:00,13088.189952220942,12963.0,125.18995222094236,cutoff
1179_upper,2022-08-03,2022,upper,2022-08-03 09:56:00-04:00,2022-08-03 15:59:00-04:00,13108.99430266321,13272.25,-163.25569733679004,cutoff
1180_upper,2022-08-04,2022,upper,2022-08-04 06:04:00-04:00,2022-08-04 15:59:00-04:00,13312.843340278974,13330.75,-17.90665972102579,cutoff
1181_lower,2022-08-09,2022,lower,2022-08-09 09:31:00-04:00,2022-08-09 15:59:00-04:00,13061.266921843504,13032.0,-29.26692184350395,cutoff
1184_upper,2022-08-10,2022,upper,2022-08-10 08:30:00-04:00,2022-08-10 15:59:00-04:00,13302.994635853946,13393.5,-90.50536414605449,cutoff
1182_upper,2022-08-11,2022,upper,2022-08-10 20:27:00-04:00,2022-08-11 15:59:00-04:00,13439.758793471228,13317.5,122.25879347122827,cutoff
1187_upper,2022-08-15,2022,upper,2022-08-15 09:54:00-04:00,2022-08-15 15:59:00-04:00,13606.256169569082,13685.25,-78.99383043091802,cutoff
1186_upper,2022-08-16,2022,upper,2022-08-16 14:02:00-04:00,2022-08-16 15:59:00-04:00,13712.848695553943,13653.75,59.09869555394289,cutoff
1189_lower,2022-08-17,2022,lower,2022-08-17 11:43:00-04:00,2022-08-17 15:59:00-04:00,13416.578272901235,13496.25,79.67172709876468,cutoff
1188_lower,2022-08-19,2022,lower,2022-08-19 06:43:00-04:00,2022-08-19 15:59:00-04:00,13365.945639921973,13263.25,-102.69563992197254,cutoff
1187_lower,2022-08-22,2022,lower,2022-08-21 18:00:00-04:00,2022-08-22 15:59:00-04:00,13207.118830430918,12916.25,-290.868830430918,cutoff
1184_lower,2022-08-23,2022,lower,2022-08-23 02:21:00-04:00,2022-08-23 15:59:00-04:00,12840.755364146054,12899.5,58.74463585394551,cutoff
1195_upper,2022-08-25,2022,upper,2022-08-25 10:25:00-04:00,2022-08-25 15:59:00-04:00,13096.517773170734,13159.0,-62.48222682926644,cutoff
1194_upper,2022-08-26,2022,upper,2022-08-26 09:03:00-04:00,2022-08-26 15:59:00-04:00,13169.443883299631,12619.0,550.4438832996311,cutoff
1198_lower,2022-08-30,2022,lower,2022-08-30 10:46:00-04:00,2022-08-30 15:59:00-04:00,12284.974091751095,12353.5,68.52590824890467,cutoff
1199_lower,2022-09-01,2022,lower,2022-08-31 18:25:00-04:00,2022-09-01 15:59:00-04:00,12227.60585793023,12285.25,57.64414206977017,cutoff
1201_upper,2022-09-02,2022,upper,2022-09-02 08:38:00-04:00,2022-09-02 15:59:00-04:00,12400.766479503596,12110.25,290.5164795035962,cutoff
1203_lower,2022-09-06,2022,lower,2022-09-06 10:12:00-04:00,2022-09-06 15:59:00-04:00,11943.492632717136,12021.75,78.25736728286392,cutoff
1205_upper,2022-09-07,2022,upper,2022-09-07 14:56:00-04:00,2022-09-07 15:59:00-04:00,12276.848520400206,12262.0,14.848520400206326,cutoff
1204_upper,2022-09-09,2022,upper,2022-09-09 00:48:00-04:00,2022-09-09 15:59:00-04:00,12406.704601741834,12589.75,-183.04539825816573,cutoff
1202_upper,2022-09-12,2022,upper,2022-09-11 18:00:00-04:00,2022-09-12 15:59:00-04:00,12628.42996861196,12825.25,-196.82003138804066,cutoff
1208_upper,2022-09-13,2022,upper,2022-09-13 08:30:00-04:00,2022-09-13 15:59:00-04:00,12973.35751315287,12119.75,853.6075131528705,cutoff
1210_lower,2022-09-16,2022,lower,2022-09-15 18:00:00-04:00,2022-09-16 15:59:00-04:00,11928.390190001148,11927.25,-1.1401900011478574,cutoff
1213_upper,2022-09-20,2022,upper,2022-09-19 19:51:00-04:00,2022-09-20 15:59:00-04:00,12074.777340173583,11925.5,149.27734017358307,cutoff
1204_lower,2022-09-21,2022,lower,2022-09-21 14:05:00-04:00,2022-09-21 15:59:00-04:00,11771.045398258166,11703.75,-67.29539825816573,cutoff
1212_lower,2022-09-22,2022,lower,2022-09-21 18:44:00-04:00,2022-09-22 15:59:00-04:00,11635.459348674045,11563.0,-72.45934867404503,cutoff
1216_lower,2022-09-23,2022,lower,2022-09-23 06:46:00-04:00,2022-09-23 15:59:00-04:00,11406.62824728022,11373.75,-32.87824728021951,cutoff
1219_lower,2022-09-28,2022,lower,2022-09-27 22:12:00-04:00,2022-09-28 15:59:00-04:00,11205.345983893674,11553.75,348.4040161063258,cutoff
1218_lower,2022-09-29,2022,lower,2022-09-29 14:03:00-04:00,2022-09-29 15:59:00-04:00,11109.481280546639,11231.75,122.26871945336097,cutoff
1220_lower,2022-09-30,2022,lower,2022-09-30 15:50:00-04:00,2022-09-30 15:59:00-04:00,11076.392827846714,11030.25,-46.14282784671377,cutoff
1221_lower,2022-10-03,2022,lower,2022-10-02 18:00:00-04:00,2022-10-03 15:59:00-04:00,11007.926225819625,11290.75,282.82377418037504,cutoff
1223_upper,2022-10-04,2022,upper,2022-10-03 20:17:00-04:00,2022-10-04 15:59:00-04:00,11394.19061439567,11643.75,-249.5593856043306,cutoff
1218_upper,2022-10-05,2022,upper,2022-10-05 15:13:00-04:00,2022-10-05 15:59:00-04:00,11682.643719453361,11636.5,46.14371945336097,cutoff
1226_lower,2022-10-07,2022,lower,2022-10-07 08:51:00-04:00,2022-10-07 15:59:00-04:00,11320.090857567091,11099.5,-220.590857567091,cutoff
1223_lower,2022-10-11,2022,lower,2022-10-11 09:56:00-04:00,2022-10-11 15:59:00-04:00,10839.30938560433,10844.0,4.6906143956693995,cutoff
1229_lower,2022-10-13,2022,lower,2022-10-13 08:30:00-04:00,2022-10-13 15:59:00-04:00,10626.049230701945,11081.25,455.2007692980551,cutoff
1229_upper,2022-10-14,2022,upper,2022-10-13 22:31:00-04:00,2022-10-14 15:59:00-04:00,11160.575769298055,10748.0,412.5757692980551,cutoff
1233_upper,2022-10-18,2022,upper,2022-10-17 23:42:00-04:00,2022-10-18 15:59:00-04:00,11282.132898557971,11202.75,79.3828985579712,cutoff
1235_upper,2022-10-24,2022,upper,2022-10-23 18:00:00-04:00,2022-10-24 15:59:00-04:00,11436.856393169684,11479.5,-42.64360683031555,cutoff
1227_upper,2022-10-25,2022,upper,2022-10-25 09:31:00-04:00,2022-10-25 15:59:00-04:00,11564.971176348332,11712.5,-147.52882365166806,cutoff
1239_lower,2022-10-27,2022,lower,2022-10-27 09:51:00-04:00,2022-10-27 15:59:00-04:00,11295.296535945847,11240.0,-55.2965359458467,cutoff
1242_upper,2022-10-28,2022,upper,2022-10-28 13:37:00-04:00,2022-10-28 15:59:00-04:00,11548.815267270762,11584.5,-35.68473272923802,cutoff
1243_lower,2022-11-02,2022,lower,2022-11-02 11:13:00-04:00,2022-11-02 15:59:00-04:00,11242.269882264796,10938.5,-303.76988226479625,cutoff
1235_lower,2022-11-03,2022,lower,2022-11-03 06:18:00-04:00,2022-11-03 15:59:00-04:00,10890.143606830316,10724.75,-165.39360683031555,cutoff
1232_lower,2022-11-04,2022,lower,2022-11-03 18:14:00-04:00,2022-11-04 15:59:00-04:00,10694.152673873432,10892.75,198.59732612656808,cutoff
1246_upper,2022-11-07,2022,upper,2022-11-07 15:18:00-05:00,2022-11-07 15:59:00-05:00,11030.237080781382,11014.5,15.737080781382247,cutoff
1248_upper,2022-11-08,2022,upper,2022-11-08 10:48:00-05:00,2022-11-08 15:59:00-05:00,11131.65562868064,11094.25,37.4056286806408,cutoff
1249_lower,2022-11-09,2022,lower,2022-11-09 13:35:00-05:00,2022-11-09 15:59:00-05:00,10870.507932369735,10831.0,-39.5079323697355,cutoff
1250_upper,2022-11-10,2022,upper,2022-11-10 08:30:00-05:00,2022-11-10 15:59:00-05:00,11198.403031557606,11628.75,-430.3469684423944,cutoff
1243_upper,2022-11-11,2022,upper,2022-11-11 00:48:00-05:00,2022-11-11 15:59:00-05:00,11701.105117735204,11847.75,-146.64488226479625,cutoff
1252_upper,2022-11-15,2022,upper,2022-11-15 07:27:00-05:00,2022-11-15 15:59:00-05:00,11911.900365803349,11905.5,6.400365803348905,cutoff
1255_lower,2022-11-17,2022,lower,2022-11-17 08:08:00-05:00,2022-11-17 15:59:00-05:00,11592.448534422849,11712.25,119.80146557715125,cutoff
1256_upper,2022-11-18,2022,upper,2022-11-18 05:40:00-05:00,2022-11-18 15:59:00-05:00,11797.285748835813,11707.5,89.78574883581314,cutoff
1257_lower,2022-11-22,2022,lower,2022-11-22 03:32:00-05:00,2022-11-22 15:59:00-05:00,11549.211504960516,11751.75,202.53849503948368,cutoff
1259_upper,2022-11-23,2022,upper,2022-11-23 07:40:00-05:00,2022-11-23 15:59:00-05:00,11790.142005674923,11868.75,-78.60799432507702,cutoff
1261_lower,2022-11-25,2022,lower,2022-11-25 09:31:00-05:00,2022-11-25 13:14:00-05:00,11787.196029486602,11786.75,-0.4460294866021286,cutoff
1262_lower,2022-11-28,2022,lower,2022-11-28 05:02:00-05:00,2022-11-28 15:59:00-05:00,11643.535986435312,11611.25,-32.285986435312225,cutoff
1260_lower,2022-11-29,2022,lower,2022-11-29 09:45:00-05:00,2022-11-29 15:59:00-05:00,11573.070378612196,11523.5,-49.57037861219578,cutoff
1265_upper,2022-11-30,2022,upper,2022-11-30 13:39:00-05:00,2022-11-30 15:59:00-05:00,11702.160192032788,12051.5,-349.3398079672115,cutoff
1266_lower,2022-12-02,2022,lower,2022-12-02 08:31:00-05:00,2022-12-02 15:59:00-05:00,11789.394449088326,12013.75,224.35555091167407,cutoff
1268_lower,2022-12-06,2022,lower,2022-12-06 09:44:00-05:00,2022-12-06 15:59:00-05:00,11735.080997899688,11562.5,-172.58099789968765,cutoff
1269_lower,2022-12-07,2022,lower,2022-12-07 06:44:00-05:00,2022-12-07 15:59:00-05:00,11501.850823944607,11508.0,6.149176055392672,cutoff
1270_upper,2022-12-09,2022,upper,2022-12-09 08:30:00-05:00,2022-12-09 15:59:00-05:00,11739.750537768581,11571.0,168.75053776858113,cutoff
1272_upper,2022-12-12,2022,upper,2022-12-12 15:23:00-05:00,2022-12-12 15:59:00-05:00,11796.899491185977,11834.0,-37.10050881402276,cutoff
1273_upper,2022-12-13,2022,upper,2022-12-13 03:01:00-05:00,2022-12-13 15:59:00-05:00,11855.629740050335,11959.0,-103.37025994966461,cutoff
1275_lower,2022-12-14,2022,lower,2022-12-14 14:34:00-05:00,2022-12-14 15:59:00-05:00,11762.843243456035,11862.75,99.90675654396546,cutoff
1273_lower,2022-12-15,2022,lower,2022-12-15 10:04:00-05:00,2022-12-15 15:59:00-05:00,11529.745259949665,11460.5,-69.24525994966461,cutoff
1265_lower,2022-12-16,2022,lower,2022-12-16 03:14:00-05:00,2022-12-16 15:59:00-05:00,11381.964807967212,11342.25,-39.71480796721153,cutoff
1277_lower,2022-12-19,2022,lower,2022-12-19 11:38:00-05:00,2022-12-19 15:59:00-05:00,11199.22694931163,11188.0,-11.226949311629141,cutoff
1278_lower,2022-12-20,2022,lower,2022-12-19 22:11:00-05:00,2022-12-20 15:59:00-05:00,11121.328961004048,11175.5,54.171038995951676,cutoff
1279_upper,2022-12-21,2022,upper,2022-12-21 11:02:00-05:00,2022-12-21 15:59:00-05:00,11365.024092128442,11336.25,28.774092128442135,cutoff
1280_lower,2022-12-22,2022,lower,2022-12-22 10:12:00-05:00,2022-12-22 15:59:00-05:00,11036.300929721321,11054.75,18.449070278678846,cutoff
1283_lower,2022-12-28,2022,lower,2022-12-28 11:48:00-05:00,2022-12-28 15:59:00-05:00,10794.935033401505,10770.25,-24.68503340150528,cutoff
1284_upper,2023-01-03,2023,upper,2023-01-02 18:00:00-05:00,2023-01-03 15:59:00-05:00,11119.219818904501,10942.75,176.46981890450115,cutoff
1287_lower,2023-01-06,2023,lower,2023-01-06 04:35:00-05:00,2023-01-06 15:59:00-05:00,10779.425622787592,11114.5,335.07437721240785,cutoff
1282_upper,2023-01-09,2023,upper,2023-01-09 09:30:00-05:00,2023-01-09 15:59:00-05:00,11211.791251359777,11188.0,23.791251359776652,cutoff
1287_upper,2023-01-11,2023,upper,2023-01-11 10:30:00-05:00,2023-01-11 15:59:00-05:00,11388.574377212408,11476.5,-87.92562278759215,cutoff
1293_upper,2023-01-12,2023,upper,2023-01-12 08:18:00-05:00,2023-01-12 15:59:00-05:00,11509.481806465741,11532.25,-22.7681935342589,cutoff
1295_upper,2023-01-16,2023,upper,2023-01-15 20:58:00-05:00,2023-01-16 12:59:00-05:00,11631.48996521479,11564.0,67.48996521479057,cutoff
1277_upper,2023-01-17,2023,upper,2023-01-17 10:00:00-05:00,2023-01-17 15:59:00-05:00,11644.39805068837,11627.5,16.89805068837086,cutoff
1294_upper,2023-01-18,2023,upper,2023-01-18 08:30:00-05:00,2023-01-18 15:59:00-05:00,11716.054661598511,11479.5,236.5546615985113,cutoff
1297_lower,2023-01-19,2023,lower,2023-01-19 05:26:00-05:00,2023-01-19 15:59:00-05:00,11413.349099754087,11360.5,-52.84909975408664,cutoff
1299_upper,2023-01-20,2023,upper,2023-01-20 13:37:00-05:00,2023-01-20 15:59:00-05:00,11574.570067525947,11676.25,-101.6799324740532,cutoff
1297_upper,2023-01-23,2023,upper,2023-01-23 09:51:00-05:00,2023-01-23 15:59:00-05:00,11802.650900245913,11931.5,-128.84909975408664,cutoff
1302_lower,2023-01-25,2023,lower,2023-01-25 09:30:00-05:00,2023-01-25 15:59:00-05:00,11693.33517488565,11876.25,182.9148251143506,cutoff
1302_upper,2023-01-26,2023,upper,2023-01-26 09:32:00-05:00,2023-01-26 15:59:00-05:00,12061.53982511435,12105.0,-43.460174885649394,cutoff
1304_upper,2023-01-27,2023,upper,2023-01-27 12:15:00-05:00,2023-01-27 15:59:00-05:00,12210.737101901372,12223.25,-12.512898098628284,cutoff
1306_lower,2023-01-31,2023,lower,2023-01-31 05:34:00-05:00,2023-01-31 15:59:00-05:00,11895.872014981738,12153.5,257.6279850182618,cutoff
1307_upper,2023-02-01,2023,upper,2023-02-01 14:07:00-05:00,2023-02-01 15:59:00-05:00,12181.878467330138,12420.75,-238.87153266986206,cutoff
1309_upper,2023-02-02,2023,upper,2023-02-02 13:40:00-05:00,2023-02-02 15:59:00-05:00,12888.276264820282,12855.25,33.02626482028245,cutoff
1309_lower,2023-02-06,2023,lower,2023-02-06 04:53:00-05:00,2023-02-06 15:59:00-05:00,12500.098735179718,12513.25,13.15126482028245,cutoff
1312_upper,2023-02-07,2023,upper,2023-02-07 12:47:00-05:00,2023-02-07 15:59:00-05:00,12679.456137181118,12772.25,-92.79386281888219,cutoff
1313_lower,2023-02-09,2023,lower,2023-02-09 13:57:00-05:00,2023-02-09 15:59:00-05:00,12498.933229015403,12427.25,-71.68322901540341,cutoff
1312_lower,2023-02-10,2023,lower,2023-02-10 04:56:00-05:00,2023-02-10 15:59:00-05:00,12340.168862818882,12346.0,5.8311371811178105,cutoff
1315_upper,2023-02-13,2023,upper,2023-02-13 13:33:00-05:00,2023-02-13 15:59:00-05:00,12565.859989102039,12544.75,21.109989102038526,cutoff
1316_upper,2023-02-14,2023,upper,2023-02-14 08:29:00-05:00,2023-02-14 15:59:00-05:00,12614.653492198106,12630.75,-16.096507801894404,cutoff
1318_lower,2023-02-17,2023,lower,2023-02-17 02:02:00-05:00,2023-02-17 15:59:00-05:00,12377.141552724202,12392.0,14.858447275797516,cutoff
1321_lower,2023-02-21,2023,lower,2023-02-21 03:46:00-05:00,2023-02-21 15:59:00-05:00,12259.764318305486,12098.0,-161.76431830548609,cutoff
1322_lower,2023-02-22,2023,lower,2023-02-22 10:16:00-05:00,2023-02-22 15:59:00-05:00,12041.934029496524,12103.0,61.06597050347591,cutoff
1324_lower,2023-02-23,2023,lower,2023-02-23 11:43:00-05:00,2023-02-23 15:59:00-05:00,12041.70740201115,12206.25,164.5425979888496,cutoff
1308_lower,2023-02-24,2023,lower,2023-02-24 08:39:00-05:00,2023-02-24 15:59:00-05:00,11986.569081537058,11998.0,11.430918462941918,cutoff
1325_upper,2023-02-27,2023,upper,2023-02-27 10:09:00-05:00,2023-02-27 15:59:00-05:00,12183.818814027736,12084.0,99.81881402773615,cutoff
1326_lower,2023-03-01,2023,lower,2023-03-01 10:11:00-05:00,2023-03-01 15:59:00-05:00,11962.934722229944,11965.25,2.3152777700561273,cutoff
1327_lower,2023-03-02,2023,lower,2023-03-01 20:39:00-05:00,2023-03-02 15:59:00-05:00,11896.630632581931,12065.75,169.11936741806858,cutoff
1328_upper,2023-03-03,2023,upper,2023-03-03 12:46:00-05:00,2023-03-03 15:59:00-05:00,12238.518763479362,12312.5,-73.98123652063805,cutoff
1323_upper,2023-03-06,2023,upper,2023-03-05 21:37:00-05:00,2023-03-06 15:59:00-05:00,12335.463802876478,12323.75,11.71380287647844,cutoff
1331_lower,2023-03-07,2023,lower,2023-03-07 10:08:00-05:00,2023-03-07 15:59:00-05:00,12203.699916401045,12169.0,-34.6999164010449,cutoff
1334_lower,2023-03-09,2023,lower,2023-03-09 14:31:00-05:00,2023-03-09 15:59:00-05:00,12076.023094059154,12006.25,-69.77309405915366,cutoff
1330_lower,2023-03-10,2023,lower,2023-03-09 18:04:00-05:00,2023-03-10 15:59:00-05:00,11958.965451778502,11841.25,-117.71545177850203,cutoff
1335_upper,2023-03-13,2023,upper,2023-03-13 02:12:00-04:00,2023-03-13 15:59:00-04:00,12213.8751113092,12054.25,159.6251113092003,cutoff
1336_upper,2023-03-14,2023,upper,2023-03-14 09:16:00-04:00,2023-03-14 15:59:00-04:00,12215.005555992415,12328.5,-113.49444400758512,cutoff
1333_upper,2023-03-15,2023,upper,2023-03-14 22:08:00-04:00,2023-03-15 15:59:00-04:00,12357.00815734723,12392.0,-34.991842652769265,cutoff
1337_upper,2023-03-16,2023,upper,2023-03-15 20:29:00-04:00,2023-03-16 15:59:00-04:00,12439.642295720492,12716.5,-276.85770427950774,cutoff
1341_upper,2023-03-21,2023,upper,2023-03-21 09:32:00-04:00,2023-03-21 15:59:00-04:00,12804.894940581522,12877.25,-72.35505941847805,cutoff
1340_upper,2023-03-22,2023,upper,2023-03-22 14:00:00-04:00,2023-03-22 15:59:00-04:00,12950.11013849888,12699.0,251.11013849887968,cutoff
1346_lower,2023-03-28,2023,lower,2023-03-28 09:33:00-04:00,2023-03-28 15:59:00-04:00,12736.870630244797,12732.5,-4.370630244797212,cutoff
1347_upper,2023-03-29,2023,upper,2023-03-29 14:47:00-04:00,2023-03-29 15:59:00-04:00,12939.231501338854,12969.0,-29.768498661145713,cutoff
1345_upper,2023-03-30,2023,upper,2023-03-30 05:27:00-04:00,2023-03-30 15:59:00-04:00,13008.379541218379,13085.25,-76.87045878162098,cutoff
1349_upper,2023-03-31,2023,upper,2023-03-31 12:25:00-04:00,2023-03-31 15:59:00-04:00,13229.398844923153,13301.5,-72.10115507684714,cutoff
1352_lower,2023-04-05,2023,lower,2023-04-05 10:19:00-04:00,2023-04-05 15:59:00-04:00,13100.946936245124,13079.5,-21.446936245123652,cutoff
1353_lower,2023-04-06,2023,lower,2023-04-06 09:34:00-04:00,2023-04-06 15:59:00-04:00,12969.69249010037,13171.25,201.55750989963053,cutoff
1354_upper,2023-04-10,2023,upper,2023-04-09 18:15:00-04:00,2023-04-10 15:59:00-04:00,13194.007949922367,13164.5,29.507949922366606,cutoff
1355_upper,2023-04-11,2023,upper,2023-04-11 05:02:00-04:00,2023-04-11 15:59:00-04:00,13195.157886365982,13076.5,118.65788636598154,cutoff
1356_lower,2023-04-12,2023,lower,2023-04-12 15:17:00-04:00,2023-04-12 15:59:00-04:00,12956.380436069092,12958.5,2.1195639309080434,cutoff
1350_lower,2023-04-13,2023,lower,2023-04-12 18:43:00-04:00,2023-04-13 15:59:00-04:00,12936.968774068857,13209.75,272.7812259311431,cutoff
1358_upper,2023-04-14,2023,upper,2023-04-14 10:04:00-04:00,2023-04-14 15:59:00-04:00,13252.1139706832,13181.0,71.11397068320002,cutoff
1361_lower,2023-04-20,2023,lower,2023-04-20 04:37:00-04:00,2023-04-20 15:59:00-04:00,13049.068378614229,13077.0,27.931621385770995,cutoff
1360_lower,2023-04-21,2023,lower,2023-04-21 06:50:00-04:00,2023-04-21 15:59:00-04:00,13017.100469293404,13088.25,71.14953070659612,cutoff
1359_lower,2023-04-24,2023,lower,2023-04-24 11:54:00-04:00,2023-04-24 15:59:00-04:00,12969.945381174746,13059.25,89.30461882525378,cutoff
1362_lower,2023-04-25,2023,lower,2023-04-25 10:07:00-04:00,2023-04-25 15:59:00-04:00,12962.19925758433,12808.5,-153.69925758433055,cutoff
1367_upper,2023-04-27,2023,upper,2023-04-27 10:34:00-04:00,2023-04-27 15:59:00-04:00,13095.741714779244,13231.25,-135.50828522075608,cutoff
1353_upper,2023-05-01,2023,upper,2023-04-30 22:55:00-04:00,2023-05-01 15:59:00-04:00,13337.05750989963,13304.0,33.05750989963053,cutoff
1370_lower,2023-05-02,2023,lower,2023-05-02 10:36:00-04:00,2023-05-02 15:59:00-04:00,13176.138032476792,13184.75,8.611967523207568,cutoff
1371_lower,2023-05-03,2023,lower,2023-05-03 15:34:00-04:00,2023-05-03 15:59:00-04:00,13101.644479342365,13100.0,-1.64447934236523,cutoff
1372_lower,2023-05-04,2023,lower,2023-05-03 18:00:00-04:00,2023-05-04 15:59:00-04:00,13069.474290547278,13048.0,-21.474290547277633,cutoff
1373_upper,2023-05-05,2023,upper,2023-05-05 10:09:00-04:00,2023-05-05 15:59:00-04:00,13224.223199417047,13324.0,-99.776800582953,cutoff
1369_upper,2023-05-10,2023,upper,2023-05-10 09:32:00-04:00,2023-05-10 15:59:00-04:00,13410.064913270078,13410.5,-0.4350867299217498,cutoff
1371_upper,2023-05-11,2023,upper,2023-05-11 03:46:00-04:00,2023-05-11 15:59:00-04:00,13454.855520657635,13447.25,7.60552065763477,cutoff
1378_upper,2023-05-16,2023,upper,2023-05-16 12:08:00-04:00,2023-05-16 15:59:00-04:00,13549.460900971866,13482.25,67.21090097186607,cutoff
1381_upper,2023-05-17,2023,upper,2023-05-17 12:54:00-04:00,2023-05-17 15:59:00-04:00,13604.1680838707,13644.75,-40.581916129300225,cutoff
1383_upper,2023-05-18,2023,upper,2023-05-18 15:44:00-04:00,2023-05-18 15:59:00-04:00,13876.997621295763,13889.75,-12.752378704237344,cutoff
1384_lower,2023-05-23,2023,lower,2023-05-23 14:18:00-04:00,2023-05-23 15:59:00-04:00,13756.407476337763,13725.5,-30.907476337763,cutoff
1385_lower,2023-05-24,2023,lower,2023-05-24 03:03:00-04:00,2023-05-24 15:59:00-04:00,13706.076931880389,13652.75,-53.326931880388656,cutoff
1386_upper,2023-05-25,2023,upper,2023-05-25 09:06:00-04:00,2023-05-25 15:59:00-04:00,13975.37052097448,13978.25,-2.879479025519686,cutoff
1384_upper,2023-05-26,2023,upper,2023-05-26 07:26:00-04:00,2023-05-26 15:59:00-04:00,14037.217523662237,14333.0,-295.782476337763,cutoff
1390_upper,2023-05-30,2023,upper,2023-05-30 05:20:00-04:00,2023-05-30 15:59:00-04:00,14500.603669049202,14397.0,103.60366904920193,cutoff
1391_lower,2023-05-31,2023,lower,2023-05-31 11:30:00-04:00,2023-05-31 15:59:00-04:00,14264.119260834668,14301.75,37.63073916533176,cutoff
1393_upper,2023-06-01,2023,upper,2023-06-01 13:49:00-04:00,2023-06-01 15:59:00-04:00,14473.770305866075,14473.25,0.5203058660754323,cutoff
1392_upper,2023-06-02,2023,upper,2023-06-02 05:14:00-04:00,2023-06-02 15:59:00-04:00,14550.866559532675,14579.5,-28.633440467325272,cutoff
1395_lower,2023-06-07,2023,lower,2023-06-07 11:57:00-04:00,2023-06-07 15:59:00-04:00,14430.858162232913,14331.75,-99.10816223291295,cutoff
1398_upper,2023-06-08,2023,upper,2023-06-08 12:29:00-04:00,2023-06-08 15:59:00-04:00,14520.941537680817,14499.75,21.19153768081742,cutoff
1391_upper,2023-06-12,2023,upper,2023-06-11 20:00:00-04:00,2023-06-12 15:59:00-04:00,14767.75,14987.5,-219.75,cutoff
1402_upper,2023-06-15,2023,upper,2023-06-15 11:34:00-04:00,2023-06-15 15:59:00-04:00,15296.722484126309,15377.5,-80.7775158736913,cutoff
1404_lower,2023-06-20,2023,lower,2023-06-20 01:20:00-04:00,2023-06-20 15:59:00-04:00,15222.97180417187,15253.5,30.528195828130265,cutoff
1406_lower,2023-06-22,2023,lower,2023-06-22 02:13:00-04:00,2023-06-22 15:59:00-04:00,14975.540735129565,15213.5,237.9592648704347,cutoff
1407_lower,2023-06-26,2023,lower,2023-06-26 12:05:00-04:00,2023-06-26 15:59:00-04:00,14963.596722017064,14857.25,-106.34672201706417,cutoff
1411_upper,2023-06-27,2023,upper,2023-06-27 13:40:00-04:00,2023-06-27 15:59:00-04:00,15097.764370310375,15108.25,-10.485629689625057,cutoff
1409_upper,2023-06-28,2023,upper,2023-06-28 12:12:00-04:00,2023-06-28 15:59:00-04:00,15212.592497052523,15139.5,73.09249705252296,cutoff
1412_upper,2023-06-30,2023,upper,2023-06-30 08:38:00-04:00,2023-06-30 15:59:00-04:00,15254.069572783555,15331.0,-76.93042721644451,cutoff
1407_upper,2023-07-03,2023,upper,2023-07-03 04:11:00-04:00,2023-07-03 13:14:00-04:00,15385.778277982936,15357.0,28.778277982935833,cutoff
1416_lower,2023-07-06,2023,lower,2023-07-06 08:30:00-04:00,2023-07-06 15:59:00-04:00,15242.18319312509,15235.75,-6.433193125090838,cutoff
1414_lower,2023-07-10,2023,lower,2023-07-10 12:07:00-04:00,2023-07-10 15:59:00-04:00,15071.896889661446,15190.0,118.10311033855396,cutoff
1418_upper,2023-07-12,2023,upper,2023-07-12 08:30:00-04:00,2023-07-12 15:59:00-04:00,15359.868794196565,15451.75,-91.88120580343457,cutoff
1417_upper,2023-07-13,2023,upper,2023-07-13 00:13:00-04:00,2023-07-13 15:59:00-04:00,15527.892235680834,15706.0,-178.10776431916565,cutoff
1425_upper,2023-07-18,2023,upper,2023-07-18 12:28:00-04:00,2023-07-18 15:59:00-04:00,15897.942584150136,15973.0,-75.0574158498639,cutoff
1427_lower,2023-07-20,2023,lower,2023-07-19 18:21:00-04:00,2023-07-20 15:59:00-04:00,15853.012583429381,15588.0,-265.01258342938127,cutoff
1430_upper,2023-07-27,2023,upper,2023-07-27 03:49:00-04:00,2023-07-27 15:59:00-04:00,15770.652112320444,15566.0,204.65211232044385,cutoff
1435_lower,2023-08-02,2023,lower,2023-08-02 02:53:00-04:00,2023-08-02 15:59:00-04:00,15680.358069343134,15468.25,-212.10806934313405,cutoff
1430_lower,2023-08-03,2023,lower,2023-08-03 03:31:00-04:00,2023-08-03 15:59:00-04:00,15359.097887679556,15430.25,71.15211232044385,cutoff
1438_upper,2023-08-04,2023,upper,2023-08-04 12:25:00-04:00,2023-08-04 15:59:00-04:00,15588.187229791503,15358.0,230.18722979150334,cutoff
1422_lower,2023-08-08,2023,lower,2023-08-08 10:11:00-04:00,2023-08-08 15:59:00-04:00,15258.530623284445,15350.25,91.71937671555497,cutoff
1438_lower,2023-08-09,2023,lower,2023-08-09 11:14:00-04:00,2023-08-09 15:59:00-04:00,15178.812770208497,15180.25,1.4372297915033414,cutoff
1442_lower,2023-08-10,2023,lower,2023-08-10 13:57:00-04:00,2023-08-10 15:59:00-04:00,15141.822323172022,15200.5,58.67767682797785,cutoff
1441_lower,2023-08-11,2023,lower,2023-08-11 08:31:00-04:00,2023-08-11 15:59:00-04:00,15133.43673161332,15101.0,-32.43673161331935,cutoff
1444_upper,2023-08-15,2023,upper,2023-08-14 18:27:00-04:00,2023-08-15 15:59:00-04:00,15303.33143783653,15105.25,198.0814378365303,cutoff
1446_lower,2023-08-16,2023,lower,2023-08-16 13:10:00-04:00,2023-08-16 15:59:00-04:00,14990.540533081286,14939.0,-51.54053308128641,cutoff
1447_lower,2023-08-17,2023,lower,2023-08-16 20:19:00-04:00,2023-08-17 15:59:00-04:00,14907.749306880967,14772.25,-135.4993068809672,cutoff
1449_upper,2023-08-21,2023,upper,2023-08-21 04:24:00-04:00,2023-08-21 15:59:00-04:00,14823.580191280835,14987.0,-163.4198087191653,cutoff
1450_upper,2023-08-22,2023,upper,2023-08-22 03:44:00-04:00,2023-08-22 15:59:00-04:00,15046.702045487342,14960.25,86.45204548734182,cutoff
1448_upper,2023-08-23,2023,upper,2023-08-23 10:51:00-04:00,2023-08-23 15:59:00-04:00,15178.222756936233,15198.0,-19.777243063766946,cutoff
1453_lower,2023-08-24,2023,lower,2023-08-24 11:52:00-04:00,2023-08-24 15:59:00-04:00,14946.907895902543,14859.25,-87.6578959025428,cutoff
1454_upper,2023-08-29,2023,upper,2023-08-29 10:00:00-04:00,2023-08-29 15:59:00-04:00,15179.062138640245,15413.5,-234.4378613597546,cutoff
1442_upper,2023-08-31,2023,upper,2023-08-31 08:16:00-04:00,2023-08-31 15:59:00-04:00,15532.052676827978,15532.25,-0.197323172022152,cutoff
1440_upper,2023-09-01,2023,upper,2023-09-01 08:32:00-04:00,2023-09-01 15:59:00-04:00,15629.551658579476,15520.0,109.55165857947577,cutoff
1460_lower,2023-09-05,2023,lower,2023-09-05 04:12:00-04:00,2023-09-05 15:59:00-04:00,15439.378375806675,15533.75,94.37162419332526,cutoff
1459_lower,2023-09-06,2023,lower,2023-09-06 10:13:00-04:00,2023-09-06 15:59:00-04:00,15389.281890276656,15398.0,8.718109723344242,cutoff
1462_lower,2023-09-07,2023,lower,2023-09-07 08:14:00-04:00,2023-09-07 15:59:00-04:00,15268.239324433607,15276.75,8.51067556639282,cutoff
1463_upper,2023-09-08,2023,upper,2023-09-08 09:50:00-04:00,2023-09-08 15:59:00-04:00,15365.185919182659,15295.25,69.93591918265884,cutoff
1464_upper,2023-09-11,2023,upper,2023-09-10 20:00:00-04:00,2023-09-11 15:59:00-04:00,15522.5,15674.0,-151.5,cutoff
1465_lower,2023-09-13,2023,lower,2023-09-13 08:30:00-04:00,2023-09-13 15:59:00-04:00,15421.240815329766,15554.5,133.2591846702344,cutoff
1467_upper,2023-09-14,2023,upper,2023-09-14 11:09:00-04:00,2023-09-14 15:59:00-04:00,15687.75836865804,15672.5,15.258368658040126,cutoff
1468_lower,2023-09-15,2023,lower,2023-09-15 10:59:00-04:00,2023-09-15 15:59:00-04:00,15426.248171057954,15390.75,-35.498171057954096,cutoff
1467_lower,2023-09-19,2023,lower,2023-09-19 09:50:00-04:00,2023-09-19 15:59:00-04:00,15323.86663134196,15377.25,53.383368658040126,cutoff
1472_lower,2023-09-20,2023,lower,2023-09-20 15:14:00-04:00,2023-09-20 15:59:00-04:00,15252.130723958366,15152.25,-99.8807239583657,cutoff
1464_lower,2023-09-21,2023,lower,2023-09-20 20:07:00-04:00,2023-09-21 15:59:00-04:00,15106.912083583575,14861.75,-245.1620835835747,cutoff
1473_lower,2023-09-25,2023,lower,2023-09-25 04:44:00-04:00,2023-09-25 15:59:00-04:00,14797.891152351334,14936.75,138.8588476486657,cutoff
1474_lower,2023-09-26,2023,lower,2023-09-26 10:13:00-04:00,2023-09-26 15:59:00-04:00,14756.293148302426,14708.75,-47.543148302425834,cutoff
1475_lower,2023-09-27,2023,lower,2023-09-27 13:20:00-04:00,2023-09-27 15:59:00-04:00,14633.786470949464,14743.75,109.96352905053573,cutoff
1478_upper,2023-09-28,2023,upper,2023-09-28 11:54:00-04:00,2023-09-28 15:59:00-04:00,14905.250582524115,14858.5,46.75058252411509,cutoff
1476_upper,2023-09-29,2023,upper,2023-09-29 08:30:00-04:00,2023-09-29 15:59:00-04:00,15007.11661205743,14868.25,138.86661205743076,cutoff
1480_lower,2023-10-03,2023,lower,2023-10-03 14:16:00-04:00,2023-10-03 15:59:00-04:00,14679.63455802968,14719.5,39.86544197031981,cutoff
1481_lower,2023-10-04,2023,lower,2023-10-04 02:18:00-04:00,2023-10-04 15:59:00-04:00,14608.482636343826,14919.75,311.267363656174,cutoff
1482_upper,2023-10-06,2023,upper,2023-10-06 11:33:00-04:00,2023-10-06 15:59:00-04:00,14966.066806426763,15113.25,-147.18319357323708,cutoff
1479_upper,2023-10-09,2023,upper,2023-10-09 13:57:00-04:00,2023-10-09 15:59:00-04:00,15187.912330014886,15190.75,-2.8376699851141893,cutoff
1486_upper,2023-10-12,2023,upper,2023-10-11 20:06:00-04:00,2023-10-12 15:59:00-04:00,15423.339015007881,15315.25,108.08901500788124,cutoff
1487_lower,2023-10-13,2023,lower,2023-10-13 11:24:00-04:00,2023-10-13 15:59:00-04:00,15157.756866683645,15121.5,-36.25686668364506,cutoff
1486_lower,2023-10-18,2023,lower,2023-10-18 15:42:00-04:00,2023-10-18 15:59:00-04:00,15016.660984992119,15023.5,6.839015007881244,cutoff
1490_lower,2023-10-19,2023,lower,2023-10-19 03:46:00-04:00,2023-10-19 15:59:00-04:00,14977.196253654805,14885.75,-91.44625365480533,cutoff
1485_lower,2023-10-20,2023,lower,2023-10-20 02:21:00-04:00,2023-10-20 15:59:00-04:00,14811.455813199624,14661.25,-150.20581319962366,cutoff
1483_lower,2023-10-23,2023,lower,2023-10-23 03:43:00-04:00,2023-10-23 15:59:00-04:00,14637.371414457424,14706.25,68.87858554257582,cutoff
1495_upper,2023-10-24,2023,upper,2023-10-24 10:38:00-04:00,2023-10-24 15:59:00-04:00,14861.637096466304,14846.25,15.387096466303774,cutoff
1496_lower,2023-10-25,2023,lower,2023-10-25 10:27:00-04:00,2023-10-25 15:59:00-04:00,14596.908218834995,14476.25,-120.65821883499484,cutoff
1495_lower,2023-10-26,2023,lower,2023-10-25 19:21:00-04:00,2023-10-26 15:59:00-04:00,14341.862903533696,14194.5,-147.36290353369623,cutoff
1499_upper,2023-10-31,2023,upper,2023-10-31 15:01:00-04:00,2023-10-31 15:59:00-04:00,14501.726369051132,14489.5,12.226369051131769,cutoff
1501_upper,2023-11-01,2023,upper,2023-11-01 10:22:00-04:00,2023-11-01 15:59:00-04:00,14601.035061183555,14742.75,-141.71493881644528,cutoff
1497_upper,2023-11-02,2023,upper,2023-11-02 08:30:00-04:00,2023-11-02 15:59:00-04:00,14935.534575520875,14999.5,-63.96542447912543,cutoff
1494_upper,2023-11-03,2023,upper,2023-11-03 09:31:00-04:00,2023-11-03 15:59:00-04:00,15070.892577085335,15174.5,-103.60742291466522,cutoff
1504_upper,2023-11-07,2023,upper,2023-11-07 09:17:00-05:00,2023-11-07 15:59:00-05:00,15268.539634336601,15375.25,-106.71036566339899,cutoff
1490_upper,2023-11-09,2023,upper,2023-11-09 11:51:00-05:00,2023-11-09 15:59:00-05:00,15442.178746345195,15258.75,183.42874634519467,cutoff
1507_lower,2023-11-10,2023,lower,2023-11-09 18:21:00-05:00,2023-11-10 15:59:00-05:00,15229.217858810895,15597.25,368.03214118910546,cutoff
1510_upper,2023-11-14,2023,upper,2023-11-14 08:30:00-05:00,2023-11-14 15:59:00-05:00,15665.251049723287,15878.75,-213.498950276713,cutoff
1511_upper,2023-11-15,2023,upper,2023-11-15 08:25:00-05:00,2023-11-15 15:59:00-05:00,15999.786834905073,15890.5,109.28683490507319,cutoff
1512_lower,2023-11-16,2023,lower,2023-11-16 11:38:00-05:00,2023-11-16 15:59:00-05:00,15801.229707511544,15897.25,96.0202924884561,cutoff
1514_upper,2023-11-20,2023,upper,2023-11-20 09:58:00-05:00,2023-11-20 15:59:00-05:00,15994.229960445984,16088.5,-94.27003955401597,cutoff
1516_upper,2023-11-22,2023,upper,2023-11-22 09:36:00-05:00,2023-11-22 15:59:00-05:00,16158.55957440403,16048.0,110.55957440402926,cutoff
1518_lower,2023-11-27,2023,lower,2023-11-26 21:04:00-05:00,2023-11-27 15:59:00-05:00,15958.763632343205,16007.5,48.736367656794755,cutoff
1521_upper,2023-11-29,2023,upper,2023-11-29 04:23:00-05:00,2023-11-29 15:59:00-05:00,16103.147216602607,16026.0,77.14721660260693,cutoff
1522_lower,2023-11-30,2023,lower,2023-11-30 09:42:00-05:00,2023-11-30 15:59:00-05:00,15967.453281160262,15981.0,13.546718839737878,cutoff
1521_lower,2023-12-04,2023,lower,2023-12-04 09:24:00-05:00,2023-12-04 15:59:00-05:00,15854.352783397393,15871.25,16.89721660260693,cutoff
1525_upper,2023-12-06,2023,upper,2023-12-06 09:00:00-05:00,2023-12-06 15:59:00-05:00,16019.860859026965,15815.0,204.86085902696504,cutoff
1524_upper,2023-12-08,2023,upper,2023-12-08 10:11:00-05:00,2023-12-08 15:59:00-05:00,16085.76333390208,16098.75,-12.986666097920534,cutoff
1517_upper,2023-12-11,2023,upper,2023-12-10 19:00:00-05:00,2023-12-11 15:59:00-05:00,16313.0,16447.75,-134.75,cutoff
1530_upper,2023-12-12,2023,upper,2023-12-11 19:21:00-05:00,2023-12-12 15:59:00-05:00,16478.359105597912,16577.5,-99.14089440208772,cutoff
1531_upper,2023-12-13,2023,upper,2023-12-12 18:08:00-05:00,2023-12-13 15:59:00-05:00,16603.712106069477,16779.5,-175.78789393052284,cutoff
1533_lower,2023-12-14,2023,lower,2023-12-14 13:49:00-05:00,2023-12-14 15:59:00-05:00,16671.720399275648,16755.5,83.77960072435235,cutoff
1534_upper,2023-12-18,2023,upper,2023-12-18 13:51:00-05:00,2023-12-18 15:59:00-05:00,16957.667825366458,16938.25,19.41782536645769,cutoff
1533_upper,2023-12-19,2023,upper,2023-12-19 07:17:00-05:00,2023-12-19 15:59:00-05:00,16980.404600724352,17021.0,-40.59539927564765,cutoff
1537_lower,2023-12-20,2023,lower,2023-12-20 14:53:00-05:00,2023-12-20 15:59:00-05:00,16841.58888852707,16764.25,-77.33888852706878,cutoff
1536_upper,2023-12-26,2023,upper,2023-12-26 15:22:00-05:00,2023-12-26 15:59:00-05:00,17091.796474788527,17084.5,7.296474788527121,cutoff
1539_upper,2023-12-28,2023,upper,2023-12-27 20:09:00-05:00,2023-12-28 15:59:00-05:00,17145.732745703783,17090.75,54.98274570378271,cutoff
1542_lower,2023-12-29,2023,lower,2023-12-29 10:48:00-05:00,2023-12-29 15:59:00-05:00,17003.61585585585,17019.0,15.384144144150923,cutoff
1540_lower,2024-01-02,2024,lower,2024-01-02 06:27:00-05:00,2024-01-02 15:59:00-05:00,16886.198162072822,16721.0,-165.19816207282202,cutoff
1544_lower,2024-01-03,2024,lower,2024-01-03 07:35:00-05:00,2024-01-03 15:59:00-05:00,16606.828216044698,16540.75,-66.07821604469791,cutoff
1532_lower,2024-01-04,2024,lower,2024-01-04 08:21:00-05:00,2024-01-04 15:59:00-05:00,16488.54939710143,16443.75,-44.79939710142935,cutoff
1545_lower,2024-01-05,2024,lower,2024-01-05 00:20:00-05:00,2024-01-05 15:59:00-05:00,16435.46891329104,16463.75,28.281086708961084,cutoff
1546_upper,2024-01-08,2024,upper,2024-01-08 10:04:00-05:00,2024-01-08 15:59:00-05:00,16639.231009485135,16801.25,-162.01899051486544,cutoff
1549_upper,2024-01-09,2024,upper,2024-01-09 12:54:00-05:00,2024-01-09 15:59:00-05:00,16846.275503128818,16831.75,14.525503128817945,cutoff
1550_upper,2024-01-11,2024,upper,2024-01-10 20:07:00-05:00,2024-01-11 15:59:00-05:00,16987.228593438093,16965.5,21.728593438092503,cutoff
1553_lower,2024-01-16,2024,lower,2024-01-16 03:03:00-05:00,2024-01-16 15:59:00-05:00,16837.32090714007,16968.0,130.67909285992937,cutoff
1554_lower,2024-01-17,2024,lower,2024-01-17 09:48:00-05:00,2024-01-17 15:59:00-05:00,16716.46127168041,16868.75,152.2887283195887,cutoff
1555_upper,2024-01-18,2024,upper,2024-01-18 07:37:00-05:00,2024-01-18 15:59:00-05:00,17013.626595573453,17109.0,-95.3734044265475,cutoff
1554_upper,2024-01-19,2024,upper,2024-01-18 18:54:00-05:00,2024-01-19 15:59:00-05:00,17130.66372831959,17442.5,-311.8362716804113,cutoff
1559_upper,2024-01-24,2024,upper,2024-01-24 01:52:00-05:00,2024-01-24 15:59:00-05:00,17629.672967767547,17624.75,4.922967767546652,cutoff
1561_lower,2024-01-26,2024,lower,2024-01-25 18:27:00-05:00,2024-01-26 15:59:00-05:00,17539.538613486155,17529.25,-10.288613486154645,cutoff
1563_upper,2024-01-29,2024,upper,2024-01-29 15:18:00-05:00,2024-01-29 15:59:00-05:00,17696.40815614748,17708.0,-11.59184385251865,cutoff
1563_lower,2024-01-31,2024,lower,2024-01-31 04:15:00-05:00,2024-01-31 15:59:00-05:00,17406.34184385252,17238.75,-167.59184385251865,cutoff
1567_upper,2024-02-02,2024,upper,2024-02-02 12:29:00-05:00,2024-02-02 15:59:00-05:00,17748.83118594841,17729.75,19.081185948409257,cutoff
1564_upper,2024-02-07,2024,upper,2024-02-07 10:14:00-05:00,2024-02-07 15:59:00-05:00,17812.5491509663,17841.25,-28.700849033699342,cutoff
1568_upper,2024-02-09,2024,upper,2024-02-09 03:02:00-05:00,2024-02-09 15:59:00-05:00,17902.655592144743,18039.0,-136.34440785525658,cutoff
1572_upper,2024-02-12,2024,upper,2024-02-12 11:27:00-05:00,2024-02-12 15:59:00-05:00,18095.335055077107,17963.5,131.83505507710652,cutoff
1573_lower,2024-02-13,2024,lower,2024-02-13 03:46:00-05:00,2024-02-13 15:59:00-05:00,17892.693496105894,17680.5,-212.19349610589416,cutoff
1575_upper,2024-02-16,2024,upper,2024-02-16 03:18:00-05:00,2024-02-16 15:59:00-05:00,17990.626370761616,17747.0,243.62637076161627,cutoff
1576_lower,2024-02-20,2024,lower,2024-02-19 21:00:00-05:00,2024-02-20 15:59:00-05:00,17676.52460225718,17612.5,-64.02460225718096,cutoff
1574_lower,2024-02-21,2024,lower,2024-02-21 14:24:00-05:00,2024-02-21 15:59:00-05:00,17414.8236579624,17537.0,122.17634203760099,cutoff
1578_upper,2024-02-22,2024,upper,2024-02-22 09:45:00-05:00,2024-02-22 15:59:00-05:00,17928.521777387923,18044.75,-116.22822261207693,cutoff
1581_upper,2024-02-23,2024,upper,2024-02-23 09:20:00-05:00,2024-02-23 15:59:00-05:00,18108.59940195433,17986.5,122.09940195432864,cutoff
1582_lower,2024-02-28,2024,lower,2024-02-28 04:41:00-05:00,2024-02-28 15:59:00-05:00,17902.034269207063,17917.5,15.465730792937393,cutoff
1583_lower,2024-02-29,2024,lower,2024-02-29 03:10:00-05:00,2024-02-29 15:59:00-05:00,17839.442824688555,18067.0,227.55717531144546,cutoff
1577_upper,2024-03-01,2024,upper,2024-03-01 02:03:00-05:00,2024-03-01 15:59:00-05:00,18145.110202593296,18335.0,-189.88979740670402,cutoff
1588_lower,2024-03-05,2024,lower,2024-03-05 01:31:00-05:00,2024-03-05 15:59:00-05:00,18169.62004403596,17931.75,-237.87004403596075,cutoff
1590_upper,2024-03-07,2024,upper,2024-03-07 12:10:00-05:00,2024-03-07 15:59:00-05:00,18312.70562963195,18309.25,3.455629631949705,cutoff
1591_upper,2024-03-08,2024,upper,2024-03-08 10:00:00-05:00,2024-03-08 15:59:00-05:00,18390.720229220504,18040.5,350.2202292205038,cutoff
1593_upper,2024-03-12,2024,upper,2024-03-12 10:41:00-04:00,2024-03-12 15:59:00-04:00,18412.61624174652,18475.75,-63.133758253479755,cutoff
1595_lower,2024-03-14,2024,lower,2024-03-14 15:13:00-04:00,2024-03-14 15:59:00-04:00,18186.20885245448,18278.25,92.04114754551847,cutoff
1596_lower,2024-03-15,2024,lower,2024-03-15 09:45:00-04:00,2024-03-15 15:59:00-04:00,18078.053768774233,18058.5,-19.553768774232594,cutoff
1597_upper,2024-03-18,2024,upper,2024-03-18 09:46:00-04:00,2024-03-18 15:59:00-04:00,18353.50334997892,18229.5,124.0033499789206,cutoff
1598_lower,2024-03-19,2024,lower,2024-03-19 07:37:00-04:00,2024-03-19 15:59:00-04:00,18106.176019092043,18270.0,163.82398090795687,cutoff
1599_upper,2024-03-20,2024,upper,2024-03-20 07:29:00-04:00,2024-03-20 15:59:00-04:00,18320.328722424594,18484.5,-164.17127757540584,cutoff
1592_upper,2024-03-21,2024,upper,2024-03-20 19:07:00-04:00,2024-03-21 15:59:00-04:00,18569.96596831918,18558.75,11.2159683191785,cutoff
1601_lower,2024-03-22,2024,lower,2024-03-22 08:17:00-04:00,2024-03-22 15:59:00-04:00,18500.875677885975,18572.0,71.12432211402484,cutoff
1604_lower,2024-03-27,2024,lower,2024-03-27 10:02:00-04:00,2024-03-27 15:59:00-04:00,18411.910640705857,18506.75,94.83935929414292,cutoff
1602_lower,2024-04-02,2024,lower,2024-04-02 08:40:00-04:00,2024-04-02 15:59:00-04:00,18375.152865133503,18330.5,-44.65286513350293,cutoff
1608_upper,2024-04-03,2024,upper,2024-04-03 11:11:00-04:00,2024-04-03 15:59:00-04:00,18445.682458936797,18370.5,75.18245893679705,cutoff
1609_upper,2024-04-04,2024,upper,2024-04-04 09:00:00-04:00,2024-04-04 15:59:00-04:00,18542.060069309577,18075.0,467.06006930957665,cutoff
1611_upper,2024-04-05,2024,upper,2024-04-05 12:59:00-04:00,2024-04-05 15:59:00-04:00,18396.966272373546,18293.25,103.71627237354551,cutoff
1612_lower,2024-04-10,2024,lower,2024-04-10 08:36:00-04:00,2024-04-10 15:59:00-04:00,18099.594831948525,18191.5,91.9051680514749,cutoff
1614_upper,2024-04-11,2024,upper,2024-04-11 13:04:00-04:00,2024-04-11 15:59:00-04:00,18340.929656633274,18482.25,-141.32034336672587,cutoff
1616_lower,2024-04-15,2024,lower,2024-04-15 12:30:00-04:00,2024-04-15 15:59:00-04:00,18118.82569679723,17876.25,-242.5756967972302,cutoff
1619_lower,2024-04-17,2024,lower,2024-04-17 12:33:00-04:00,2024-04-17 15:59:00-04:00,17667.264240308767,17654.25,-13.014240308766603,cutoff
1620_lower,2024-04-19,2024,lower,2024-04-18 21:04:00-04:00,2024-04-19 15:59:00-04:00,17410.581461499758,17181.75,-228.831461499758,cutoff
1622_upper,2024-04-23,2024,upper,2024-04-23 09:56:00-04:00,2024-04-23 15:59:00-04:00,17525.21619148364,17607.0,-81.7838085163603,cutoff
1623_upper,2024-04-24,2024,upper,2024-04-23 21:19:00-04:00,2024-04-24 15:59:00-04:00,17720.605247732077,17658.25,62.35524773207726,cutoff
1625_upper,2024-04-25,2024,upper,2024-04-25 15:19:00-04:00,2024-04-25 15:59:00-04:00,17593.585869677037,17567.25,26.335869677037408,cutoff
1620_upper,2024-04-26,2024,upper,2024-04-26 11:02:00-04:00,2024-04-26 15:59:00-04:00,17878.293538500242,17839.25,39.04353850024199,cutoff
1624_upper,2024-04-29,2024,upper,2024-04-29 08:54:00-04:00,2024-04-29 15:59:00-04:00,17928.001554531023,17905.0,23.00155453102343,cutoff
1627_lower,2024-04-30,2024,lower,2024-04-30 12:41:00-04:00,2024-04-30 15:59:00-04:00,17695.60892391576,17563.5,-132.10892391575908,cutoff
1626_lower,2024-05-01,2024,lower,2024-04-30 18:00:00-04:00,2024-05-01 15:59:00-04:00,17470.19823312563,17431.5,-38.698233125629486,cutoff
1630_upper,2024-05-03,2024,upper,2024-05-03 08:30:00-04:00,2024-05-03 15:59:00-04:00,17819.63219946777,18001.5,-181.867800532229,cutoff
1618_upper,2024-05-06,2024,upper,2024-05-06 09:38:00-04:00,2024-05-06 15:59:00-04:00,18099.553537313353,18197.25,-97.69646268664656,cutoff
1632_upper,2024-05-07,2024,upper,2024-05-07 10:56:00-04:00,2024-05-07 15:59:00-04:00,18240.819564105637,18196.5,44.319564105637255,cutoff
1634_upper,2024-05-10,2024,upper,2024-05-10 09:35:00-04:00,2024-05-10 15:59:00-04:00,18318.397605320453,18254.25,64.1476053204533,cutoff
1633_upper,2024-05-14,2024,upper,2024-05-14 10:26:00-04:00,2024-05-14 15:59:00-04:00,18359.901500514046,18411.25,-51.34849948595365,cutoff
1636_upper,2024-05-15,2024,upper,2024-05-15 08:30:00-04:00,2024-05-15 15:59:00-04:00,18479.93747753404,18692.75,-212.81252246595977,cutoff
1640_lower,2024-05-17,2024,lower,2024-05-17 14:23:00-04:00,2024-05-17 15:59:00-04:00,18545.459551242846,18638.5,93.04044875715408,cutoff
1641_upper,2024-05-20,2024,upper,2024-05-20 12:53:00-04:00,2024-05-20 15:59:00-04:00,18786.526075226036,18766.25,20.276075226036482,cutoff
1640_upper,2024-05-22,2024,upper,2024-05-22 10:00:00-04:00,2024-05-22 15:59:00-04:00,18830.790448757154,18793.75,37.04044875715408,cutoff
1644_upper,2024-05-23,2024,upper,2024-05-22 22:59:00-04:00,2024-05-23 15:59:00-04:00,18941.475837723636,18696.75,244.72583772363578,cutoff
1646_upper,2024-05-28,2024,upper,2024-05-28 04:14:00-04:00,2024-05-28 15:59:00-04:00,18958.714051933915,18943.0,15.71405193391547,cutoff
1647_lower,2024-05-29,2024,lower,2024-05-29 09:27:00-04:00,2024-05-29 15:59:00-04:00,18759.350668282255,18810.75,51.399331717744644,cutoff
1648_lower,2024-05-30,2024,lower,2024-05-29 18:37:00-04:00,2024-05-30 15:59:00-04:00,18729.971339534262,18604.0,-125.97133953426237,cutoff
1641_lower,2024-05-31,2024,lower,2024-05-30 20:35:00-04:00,2024-05-31 15:59:00-04:00,18508.723924773964,18598.5,89.77607522603648,cutoff
1652_lower,2024-06-03,2024,lower,2024-06-03 12:14:00-04:00,2024-06-03 15:59:00-04:00,18516.838532544218,18652.75,135.91146745578226,cutoff
1653_upper,2024-06-05,2024,upper,2024-06-05 07:40:00-04:00,2024-06-05 15:59:00-04:00,18807.187537455473,19077.5,-270.3124625445271,cutoff
1657_upper,2024-06-11,2024,upper,2024-06-11 13:52:00-04:00,2024-06-11 15:59:00-04:00,19149.97074819228,19242.0,-92.02925180771854,cutoff
1655_upper,2024-06-12,2024,upper,2024-06-11 19:00:00-04:00,2024-06-12 15:59:00-04:00,19260.324238183544,19492.25,-231.92576181645563,cutoff
1659_upper,2024-06-13,2024,upper,2024-06-13 03:14:00-04:00,2024-06-13 15:59:00-04:00,19663.67406997938,19592.5,71.17406997938087,cutoff
1660_upper,2024-06-17,2024,upper,2024-06-16 20:00:00-04:00,2024-06-17 15:59:00-04:00,19973.0,20196.5,-223.5,cutoff
1663_upper,2024-06-20,2024,upper,2024-06-20 03:30:00-04:00,2024-06-20 15:59:00-04:00,20350.794364611073,20035.25,315.5443646110725,cutoff
1666_lower,2024-06-24,2024,lower,2024-06-24 13:34:00-04:00,2024-06-24 15:59:00-04:00,19788.474749843634,19744.75,-43.72474984363362,cutoff
1668_upper,2024-06-26,2024,upper,2024-06-26 03:24:00-04:00,2024-06-26 15:59:00-04:00,20035.72334406313,20004.75,30.973344063131663,cutoff
1667_upper,2024-06-28,2024,upper,2024-06-28 08:16:00-04:00,2024-06-28 15:59:00-04:00,20140.576519285627,19932.5,208.076519285627,cutoff
1671_lower,2024-07-01,2024,lower,2024-07-01 10:14:00-04:00,2024-07-01 15:59:00-04:00,19824.90114202006,20048.75,223.84885797994139,cutoff
1672_upper,2024-07-02,2024,upper,2024-07-02 13:13:00-04:00,2024-07-02 15:59:00-04:00,20177.69735058826,20256.5,-78.80264941174028,cutoff
1664_upper,2024-07-03,2024,upper,2024-07-03 11:56:00-04:00,2024-07-03 13:14:00-04:00,20374.096228592298,20419.5,-45.40377140770215,cutoff
1665_upper,2024-07-05,2024,upper,2024-07-05 02:19:00-04:00,2024-07-05 15:59:00-04:00,20444.240953614135,20621.75,-177.50904638586508,cutoff
1676_upper,2024-07-08,2024,upper,2024-07-08 11:23:00-04:00,2024-07-08 15:59:00-04:00,20666.147815335862,20666.5,-0.3521846641378943,cutoff
1677_upper,2024-07-10,2024,upper,2024-07-10 10:10:00-04:00,2024-07-10 15:59:00-04:00,20791.771230340233,20894.5,-102.72876965976684,cutoff
1679_upper,2024-07-11,2024,upper,2024-07-11 08:30:00-04:00,2024-07-11 15:59:00-04:00,20938.09926077548,20429.75,508.3492607754815,cutoff
1681_upper,2024-07-12,2024,upper,2024-07-12 13:47:00-04:00,2024-07-12 15:59:00-04:00,20724.48401525386,20540.5,183.98401525385998,cutoff
1682_lower,2024-07-17,2024,lower,2024-07-17 03:06:00-04:00,2024-07-17 15:59:00-04:00,20414.57002644139,19992.0,-422.5700264413899,cutoff
1684_lower,2024-07-18,2024,lower,2024-07-18 10:35:00-04:00,2024-07-18 15:59:00-04:00,19956.62531162463,19891.25,-65.37531162462983,cutoff
1669_lower,2024-07-19,2024,lower,2024-07-19 03:44:00-04:00,2024-07-19 15:59:00-04:00,19756.5900361896,19711.75,-44.84003618959832,cutoff
1688_lower,2024-07-24,2024,lower,2024-07-24 00:20:00-04:00,2024-07-24 15:59:00-04:00,19747.333224551483,19204.5,-542.833224551483,cutoff
1692_lower,2024-07-30,2024,lower,2024-07-30 11:03:00-04:00,2024-07-30 15:59:00-04:00,19021.59415438462,18938.75,-82.8441543846202,cutoff
1691_upper,2024-07-31,2024,upper,2024-07-31 10:01:00-04:00,2024-07-31 15:59:00-04:00,19417.278253940567,19496.5,-79.22174605943292,cutoff
1694_upper,2024-08-01,2024,upper,2024-07-31 19:16:00-04:00,2024-08-01 15:59:00-04:00,19669.08822149362,19027.25,641.838221493621,cutoff
1690_lower,2024-08-02,2024,lower,2024-08-01 22:22:00-04:00,2024-08-02 15:59:00-04:00,18719.653445721407,18561.0,-158.65344572140748,cutoff
1696_lower,2024-08-05,2024,lower,2024-08-04 20:52:00-04:00,2024-08-05 15:59:00-04:00,18164.805856265015,18021.5,-143.30585626501488,cutoff
1697_upper,2024-08-06,2024,upper,2024-08-05 20:48:00-04:00,2024-08-06 15:59:00-04:00,18314.59494601252,18172.0,142.59494601251936,cutoff
1698_upper,2024-08-07,2024,upper,2024-08-07 09:32:00-04:00,2024-08-07 15:59:00-04:00,18519.82576537015,17972.5,547.3257653701512,cutoff
1700_upper,2024-08-09,2024,upper,2024-08-09 13:30:00-04:00,2024-08-09 15:59:00-04:00,18663.84995837113,18609.75,54.099958371130924,cutoff
1701_upper,2024-08-13,2024,upper,2024-08-13 03:06:00-04:00,2024-08-13 15:59:00-04:00,18769.267023665285,19101.25,-331.9829763347152,cutoff
1704_upper,2024-08-15,2024,upper,2024-08-15 09:52:00-04:00,2024-08-15 15:59:00-04:00,19420.629424864208,19587.25,-166.62057513579202,cutoff
1705_upper,2024-08-16,2024,upper,2024-08-15 22:19:00-04:00,2024-08-16 15:59:00-04:00,19643.32445003435,19603.5,39.824450034349866,cutoff
1706_upper,2024-08-19,2024,upper,2024-08-19 14:33:00-04:00,2024-08-19 15:59:00-04:00,19751.725691121064,19860.0,-108.2743088789357,cutoff
1689_upper,2024-08-20,2024,upper,2024-08-19 18:00:00-04:00,2024-08-20 15:59:00-04:00,19879.934058609964,19811.75,68.18405860996427,cutoff
1710_lower,2024-08-22,2024,lower,2024-08-22 11:43:00-04:00,2024-08-22 15:59:00-04:00,19718.054097770917,19585.5,-132.554097770917,cutoff
1711_lower,2024-08-27,2024,lower,2024-08-27 09:38:00-04:00,2024-08-27 15:59:00-04:00,19470.180575569306,19651.25,181.0694244306942,cutoff
1712_lower,2024-08-28,2024,lower,2024-08-28 11:00:00-04:00,2024-08-28 15:59:00-04:00,19436.24414338785,19421.25,-14.994143387848453,cutoff
1713_lower,2024-08-29,2024,lower,2024-08-28 18:00:00-04:00,2024-08-29 15:59:00-04:00,19209.5,19393.5,184.0,cutoff
1717_lower,2024-09-03,2024,lower,2024-09-03 09:31:00-04:00,2024-09-03 15:59:00-04:00,19440.876008721498,19012.25,-428.6260087214978,cutoff
1704_lower,2024-09-06,2024,lower,2024-09-06 03:14:00-04:00,2024-09-06 15:59:00-04:00,18787.370575135792,18458.25,-329.120575135792,cutoff
1722_upper,2024-09-11,2024,upper,2024-09-11 09:21:00-04:00,2024-09-11 15:59:00-04:00,18916.42852213519,19254.5,-338.07147786481073,cutoff
1720_upper,2024-09-12,2024,upper,2024-09-12 00:34:00-04:00,2024-09-12 15:59:00-04:00,19315.447828247725,19451.5,-136.05217175227517,cutoff
1725_upper,2024-09-13,2024,upper,2024-09-13 11:21:00-04:00,2024-09-13 15:59:00-04:00,19539.151428225923,19527.25,11.901428225923155,cutoff
1718_upper,2024-09-16,2024,upper,2024-09-15 20:00:00-04:00,2024-09-16 15:59:00-04:00,19778.25,19670.5,107.75,cutoff
1716_upper,2024-09-17,2024,upper,2024-09-17 07:52:00-04:00,2024-09-17 15:59:00-04:00,19794.106040363484,19682.5,111.60604036348377,cutoff
1714_upper,2024-09-18,2024,upper,2024-09-18 14:00:00-04:00,2024-09-18 15:59:00-04:00,19858.569744775472,19583.75,274.8197447754719,cutoff
1727_upper,2024-09-19,2024,upper,2024-09-19 02:25:00-04:00,2024-09-19 15:59:00-04:00,19901.305728557876,20081.5,-180.19427144212386,cutoff
1731_upper,2024-09-25,2024,upper,2024-09-25 10:15:00-04:00,2024-09-25 15:59:00-04:00,20264.48376077762,20195.0,69.48376077762077,cutoff
1732_upper,2024-09-26,2024,upper,2024-09-25 20:01:00-04:00,2024-09-26 15:59:00-04:00,20288.360122640388,20341.5,-53.139877359612,cutoff
1736_lower,2024-09-30,2024,lower,2024-09-30 07:38:00-04:00,2024-09-30 15:59:00-04:00,20143.4885118941,20270.25,126.76148810590166,cutoff
1734_lower,2024-10-01,2024,lower,2024-10-01 10:10:00-04:00,2024-10-01 15:59:00-04:00,19936.101862313106,19978.25,42.14813768689419,cutoff
1739_upper,2024-10-04,2024,upper,2024-10-04 08:52:00-04:00,2024-10-04 15:59:00-04:00,20223.771768351384,20227.25,-3.4782316486162017,cutoff
1742_lower,2024-10-08,2024,lower,2024-10-07 18:33:00-04:00,2024-10-08 15:59:00-04:00,19907.558788555412,20300.0,392.4412114445877,cutoff
1742_upper,2024-10-09,2024,upper,2024-10-09 11:00:00-04:00,2024-10-09 15:59:00-04:00,20367.316211444588,20458.25,-90.93378855541232,cutoff
1741_upper,2024-10-14,2024,upper,2024-10-14 06:16:00-04:00,2024-10-14 15:59:00-04:00,20509.27467220082,20621.75,-112.47532779918038,cutoff
1747_lower,2024-10-15,2024,lower,2024-10-15 15:04:00-04:00,2024-10-15 15:59:00-04:00,20303.56062921643,20343.5,39.93937078356976,cutoff
1751_lower,2024-10-23,2024,lower,2024-10-23 12:31:00-04:00,2024-10-23 15:59:00-04:00,20235.883113021868,20218.25,-17.633113021867757,cutoff
1755_upper,2024-10-25,2024,upper,2024-10-25 09:43:00-04:00,2024-10-25 15:59:00-04:00,20584.71443989178,20495.0,89.71443989178078,cutoff
1751_upper,2024-10-29,2024,upper,2024-10-29 14:39:00-04:00,2024-10-29 15:59:00-04:00,20707.991886978132,20695.0,12.991886978132243,cutoff
1757_lower,2024-10-31,2024,lower,2024-10-31 02:48:00-04:00,2024-10-31 15:59:00-04:00,20354.781234151604,20011.25,-343.5312341516037,cutoff
1762_upper,2024-11-06,2024,upper,2024-11-05 21:09:00-05:00,2024-11-06 15:59:00-05:00,20430.183873389637,20893.75,-463.5661266103634,cutoff
1764_upper,2024-11-07,2024,upper,2024-11-07 08:10:00-05:00,2024-11-07 15:59:00-05:00,20993.111733587757,21221.75,-228.63826641224296,cutoff
1765_upper,2024-11-11,2024,upper,2024-11-10 18:00:00-05:00,2024-11-11 15:59:00-05:00,21270.8590945764,21220.25,50.60909457640082,cutoff
1768_lower,2024-11-14,2024,lower,2024-11-14 12:33:00-05:00,2024-11-14 15:59:00-05:00,21023.067767020017,21008.5,-14.567767020016618,cutoff
1769_lower,2024-11-15,2024,lower,2024-11-14 20:07:00-05:00,2024-11-15 15:59:00-05:00,20908.426789910554,20491.75,-416.67678991055436,cutoff
1773_upper,2024-11-19,2024,upper,2024-11-19 13:45:00-05:00,2024-11-19 15:59:00-05:00,20761.733323628352,20765.25,-3.516676371647918,cutoff
1772_upper,2024-11-20,2024,upper,2024-11-20 03:22:00-05:00,2024-11-20 15:59:00-05:00,20842.995254350048,20752.25,90.74525435004762,cutoff
1771_upper,2024-11-25,2024,upper,2024-11-25 08:45:00-05:00,2024-11-25 15:59:00-05:00,20990.661921935727,20878.0,112.66192193572715,cutoff
1778_lower,2024-11-27,2024,lower,2024-11-27 10:37:00-05:00,2024-11-27 15:59:00-05:00,20747.240537818947,20816.25,69.0094621810531,cutoff
1780_upper,2024-12-02,2024,upper,2024-12-02 08:11:00-05:00,2024-12-02 15:59:00-05:00,21023.332330874753,21217.0,-193.6676691252469,cutoff
1770_upper,2024-12-04,2024,upper,2024-12-03 23:56:00-05:00,2024-12-04 15:59:00-05:00,21353.263619206915,21537.5,-184.23638079308512,cutoff
1784_upper,2024-12-06,2024,upper,2024-12-06 09:49:00-05:00,2024-12-06 15:59:00-05:00,21596.018806749427,21658.5,-62.48119325057269,cutoff
1785_upper,2024-12-09,2024,upper,2024-12-09 02:36:00-05:00,2024-12-09 15:59:00-05:00,21687.530920669866,21485.5,202.03092066986574,cutoff
1787_lower,2024-12-10,2024,lower,2024-12-10 14:47:00-05:00,2024-12-10 15:59:00-05:00,21414.946892231732,21408.0,-6.946892231731908,cutoff
1788_upper,2024-12-11,2024,upper,2024-12-11 11:15:00-05:00,2024-12-11 15:59:00-05:00,21744.93131652934,21791.75,-46.8186834706612,cutoff
1789_upper,2024-12-13,2024,upper,2024-12-13 09:43:00-05:00,2024-12-13 15:59:00-05:00,21869.341110276982,21797.5,71.84111027698236,cutoff
1791_upper,2024-12-16,2024,upper,2024-12-16 11:09:00-05:00,2024-12-16 15:59:00-05:00,22035.261361227676,22111.5,-76.23863877232361,cutoff
1793_lower,2024-12-18,2024,lower,2024-12-18 14:18:00-05:00,2024-12-18 15:59:00-05:00,22082.464125708895,21496.75,-585.7141257088952,cutoff
1786_lower,2024-12-20,2024,lower,2024-12-19 19:16:00-05:00,2024-12-20 15:59:00-05:00,21291.86742736369,21567.5,275.6325726363102,cutoff
1797_upper,2024-12-24,2024,upper,2024-12-24 10:01:00-05:00,2024-12-24 13:14:00-05:00,21913.918142038703,22046.5,-132.58185796129692,cutoff
1798_upper,2024-12-26,2024,upper,2024-12-25 22:23:00-05:00,2024-12-26 15:59:00-05:00,22102.530090185646,22007.25,95.28009018564626,cutoff
1799_lower,2024-12-27,2024,lower,2024-12-27 09:39:00-05:00,2024-12-27 15:59:00-05:00,21715.499624103435,21703.0,-12.499624103435053,cutoff
1800_lower,2024-12-30,2024,lower,2024-12-30 08:54:00-05:00,2024-12-30 15:59:00-05:00,21369.223516791924,21411.75,42.52648320807566,cutoff
1801_lower,2025-01-02,2025,lower,2025-01-02 12:31:00-05:00,2025-01-02 15:59:00-05:00,21108.976305194254,21169.0,60.023694805746345,cutoff
1803_upper,2025-01-06,2025,upper,2025-01-06 03:47:00-05:00,2025-01-06 15:59:00-05:00,21612.9893337931,21750.5,-137.51066620690108,cutoff
1804_lower,2025-01-07,2025,lower,2025-01-07 10:32:00-05:00,2025-01-07 15:59:00-05:00,21498.6503620867,21359.0,-139.65036208670062,cutoff
1806_lower,2025-01-10,2025,lower,2025-01-10 08:35:00-05:00,2025-01-10 15:59:00-05:00,21047.201412505878,21015.5,-31.70141250587767,cutoff
1796_lower,2025-01-13,2025,lower,2025-01-13 03:42:00-05:00,2025-01-13 15:59:00-05:00,20812.622135091402,20948.25,135.62786490859799,cutoff
1808_upper,2025-01-14,2025,upper,2025-01-13 18:31:00-05:00,2025-01-14 15:59:00-05:00,21049.283947678956,20923.0,126.28394767895588,cutoff
1809_upper,2025-01-15,2025,upper,2025-01-15 10:00:00-05:00,2025-01-15 15:59:00-05:00,21347.480482178587,21395.75,-48.26951782141259,cutoff
1807_upper,2025-01-16,2025,upper,2025-01-16 02:30:00-05:00,2025-01-16 15:59:00-05:00,21513.00745261229,21248.0,265.0074526122917,cutoff
1810_upper,2025-01-17,2025,upper,2025-01-17 09:12:00-05:00,2025-01-17 15:59:00-05:00,21603.9698663063,21600.75,3.2198663062990818,cutoff
1811_upper,2025-01-20,2025,upper,2025-01-20 09:26:00-05:00,2025-01-20 12:59:00-05:00,21724.619794802715,21683.0,41.61979480271475,cutoff
1813_lower,2025-01-21,2025,lower,2025-01-20 19:53:00-05:00,2025-01-21 15:59:00-05:00,21503.086594849883,21714.5,211.4134051501169,cutoff
1812_upper,2025-01-22,2025,upper,2025-01-22 03:47:00-05:00,2025-01-22 15:59:00-05:00,21888.13218343735,21997.75,-109.61781656265157,cutoff
1816_upper,2025-01-24,2025,upper,2025-01-24 09:53:00-05:00,2025-01-24 15:59:00-05:00,22074.607099461522,21908.5,166.107099461522,cutoff
1815_lower,2025-01-27,2025,lower,2025-01-26 18:00:00-05:00,2025-01-27 15:59:00-05:00,21695.804153590565,21258.0,-437.80415359056497,cutoff
1818_upper,2025-01-28,2025,upper,2025-01-28 12:09:00-05:00,2025-01-28 15:59:00-05:00,21522.02838072801,21575.5,-53.471619271989766,cutoff
1819_upper,2025-01-30,2025,upper,2025-01-30 09:49:00-05:00,2025-01-30 15:59:00-05:00,21718.871737055117,21623.0,95.87173705511668,cutoff
1820_upper,2025-01-31,2025,upper,2025-01-31 09:31:00-05:00,2025-01-31 15:59:00-05:00,21822.843311433993,21580.75,242.09331143399322,cutoff
1820_lower,2025-02-03,2025,lower,2025-02-02 18:00:00-05:00,2025-02-03 15:59:00-05:00,20986.5,21406.25,419.75,cutoff
1824_upper,2025-02-06,2025,upper,2025-02-06 10:12:00-05:00,2025-02-06 15:59:00-05:00,21835.221789986164,21870.75,-35.52821001383563,cutoff
1826_lower,2025-02-07,2025,lower,2025-02-07 15:17:00-05:00,2025-02-07 15:59:00-05:00,21553.677828565866,21588.25,34.57217143413436,cutoff
1827_lower,2025-02-10,2025,lower,2025-02-09 18:00:00-05:00,2025-02-10 15:59:00-05:00,21500.649809118157,21843.75,343.10019088184345,cutoff
1828_lower,2025-02-12,2025,lower,2025-02-12 08:36:00-05:00,2025-02-12 15:59:00-05:00,21540.774109111204,21802.0,261.22589088879613,cutoff
1830_upper,2025-02-13,2025,upper,2025-02-12 18:49:00-05:00,2025-02-13 15:59:00-05:00,21890.38674029691,22109.75,-219.36325970308826,cutoff
1831_upper,2025-02-14,2025,upper,2025-02-14 02:16:00-05:00,2025-02-14 15:59:00-05:00,22159.305308485862,22194.25,-34.94469151413796,cutoff
1817_upper,2025-02-17,2025,upper,2025-02-16 20:36:00-05:00,2025-02-17 12:59:00-05:00,22250.5219911343,22235.25,15.27199113430106,cutoff
1832_upper,2025-02-18,2025,upper,2025-02-18 02:07:00-05:00,2025-02-18 15:59:00-05:00,22313.494446651624,22238.75,74.74444665162446,cutoff
1833_lower,2025-02-20,2025,lower,2025-02-20 09:53:00-05:00,2025-02-20 15:59:00-05:00,22049.49225012711,22144.75,95.25774987288969,cutoff
1832_lower,2025-02-21,2025,lower,2025-02-21 12:19:00-05:00,2025-02-21 15:59:00-05:00,21919.505553348376,21682.5,-237.00555334837554,cutoff
1831_lower,2025-02-24,2025,lower,2025-02-24 09:53:00-05:00,2025-02-24 15:59:00-05:00,21626.319691514138,21421.0,-205.31969151413796,cutoff
1825_lower,2025-02-25,2025,lower,2025-02-25 02:53:00-05:00,2025-02-25 15:59:00-05:00,21315.422272791406,21149.75,-165.6722727914057,cutoff
1840_lower,2025-02-27,2025,lower,2025-02-27 10:00:00-05:00,2025-02-27 15:59:00-05:00,20953.828863134346,20608.25,-345.57886313434574,cutoff
1842_upper,2025-03-03,2025,upper,2025-03-02 18:00:00-05:00,2025-03-03 15:59:00-05:00,21004.16417440178,20473.0,531.1641744017797,cutoff
1842_lower,2025-03-04,2025,lower,2025-03-04 10:00:00-05:00,2025-03-04 15:59:00-05:00,20196.21082559822,20397.5,201.28917440177975,cutoff
1845_lower,2025-03-06,2025,lower,2025-03-06 13:43:00-05:00,2025-03-06 15:59:00-05:00,20045.353394687612,20091.75,46.39660531238769,cutoff
1846_lower,2025-03-07,2025,lower,2025-03-07 10:32:00-05:00,2025-03-07 15:59:00-05:00,19963.50233256204,20224.0,260.49766743796135,cutoff
1847_lower,2025-03-10,2025,lower,2025-03-10 10:02:00-04:00,2025-03-10 15:59:00-04:00,19729.831228780633,19463.5,-266.33122878063296,cutoff
1850_lower,2025-03-13,2025,lower,2025-03-13 10:00:00-04:00,2025-03-13 15:59:00-04:00,19332.563153600902,19251.5,-81.0631536009023,cutoff
1852_upper,2025-03-17,2025,upper,2025-03-17 09:40:00-04:00,2025-03-17 15:59:00-04:00,19830.48773287708,19831.75,-1.2622671229182743,cutoff
1850_upper,2025-03-19,2025,upper,2025-03-19 15:00:00-04:00,2025-03-19 15:59:00-04:00,20042.811846399098,19953.5,89.3118463990977,cutoff
1848_upper,2025-03-24,2025,upper,2025-03-24 04:09:00-04:00,2025-03-24 15:59:00-04:00,20207.49026863832,20365.75,-158.25973136167886,cutoff
1847_upper,2025-03-25,2025,upper,2025-03-25 08:31:00-04:00,2025-03-25 15:59:00-04:00,20439.543771219367,20487.75,-48.206228780632955,cutoff
1858_upper,2025-03-26,2025,upper,2025-03-25 18:10:00-04:00,2025-03-26 15:59:00-04:00,20528.040411304843,20112.5,415.54041130484256,cutoff
1858_lower,2025-03-27,2025,lower,2025-03-26 18:00:00-04:00,2025-03-27 15:59:00-04:00,20016.584588695157,19994.5,-22.084588695157436,cutoff
1861_lower,2025-03-28,2025,lower,2025-03-28 10:12:00-04:00,2025-03-28 15:59:00-04:00,19728.32899871131,19461.5,-266.8289987113094,cutoff
1852_lower,2025-03-31,2025,lower,2025-03-30 20:20:00-04:00,2025-03-31 15:59:00-04:00,19163.26226712292,19450.0,286.7377328770817,cutoff
1864_upper,2025-04-02,2025,upper,2025-04-02 11:25:00-04:00,2025-04-02 15:59:00-04:00,19699.95710401039,19746.5,-46.54289598960895,cutoff
1864_lower,2025-04-03,2025,lower,2025-04-02 18:02:00-04:00,2025-04-03 15:59:00-04:00,18964.75,18685.75,-279.0,cutoff
1867_lower,2025-04-04,2025,lower,2025-04-04 10:50:00-04:00,2025-04-04 15:59:00-04:00,17658.120958752366,17534.75,-123.37095875236628,cutoff
1869_lower,2025-04-08,2025,lower,2025-04-08 12:41:00-04:00,2025-04-08 15:59:00-04:00,17695.50017662563,17239.5,-456.0001766256282,cutoff
1870_upper,2025-04-09,2025,upper,2025-04-09 13:19:00-04:00,2025-04-09 15:59:00-04:00,17852.90231829632,19269.5,-1416.597681703679,cutoff
1871_lower,2025-04-10,2025,lower,2025-04-10 11:58:00-04:00,2025-04-10 15:59:00-04:00,18286.418953500917,18483.0,196.58104649908273,cutoff
1871_upper,2025-04-14,2025,upper,2025-04-13 18:00:00-04:00,2025-04-14 15:59:00-04:00,19224.331046499083,18942.25,282.08104649908273,cutoff
1873_lower,2025-04-16,2025,lower,2025-04-15 20:13:00-04:00,2025-04-16 15:59:00-04:00,18689.628057598842,18386.75,-302.87805759884213,cutoff
1876_lower,2025-04-21,2025,lower,2025-04-21 09:56:00-04:00,2025-04-21 15:59:00-04:00,18043.702403837182,17922.25,-121.45240383718192,cutoff
1877_upper,2025-04-22,2025,upper,2025-04-22 12:24:00-04:00,2025-04-22 15:59:00-04:00,18498.331402469757,18380.0,118.33140246975745,cutoff
1878_upper,2025-04-23,2025,upper,2025-04-22 18:00:00-04:00,2025-04-23 15:59:00-04:00,18680.5,18788.25,-107.75,cutoff
1881_upper,2025-04-29,2025,upper,2025-04-29 13:48:00-04:00,2025-04-29 15:59:00-04:00,19650.804460678333,19644.75,6.054460678333271,cutoff
1882_lower,2025-04-30,2025,lower,2025-04-30 09:39:00-04:00,2025-04-30 15:59:00-04:00,19193.2781252601,19642.5,449.22187473989834,cutoff
1882_upper,2025-05-01,2025,upper,2025-04-30 18:02:00-04:00,2025-05-01 15:59:00-04:00,19883.0968747399,19877.75,5.34687473989834,cutoff
1885_upper,2025-05-02,2025,upper,2025-05-02 12:37:00-04:00,2025-05-02 15:59:00-04:00,20263.837006537575,20185.75,78.08700653757478,cutoff
1886_lower,2025-05-06,2025,lower,2025-05-06 09:51:00-04:00,2025-05-06 15:59:00-04:00,19771.59466634644,19875.75,104.15533365356168,cutoff
1888_upper,2025-05-07,2025,upper,2025-05-06 18:07:00-04:00,2025-05-07 15:59:00-04:00,20128.846013962007,19949.25,179.59601396200742,cutoff
1889_upper,2025-05-08,2025,upper,2025-05-08 00:41:00-04:00,2025-05-08 15:59:00-04:00,20194.64849673071,20152.25,42.398496730711486,cutoff
1886_upper,2025-05-12,2025,upper,2025-05-11 18:00:00-04:00,2025-05-12 15:59:00-04:00,20419.65533365356,20949.75,-530.0946663464383,cutoff
1892_upper,2025-05-13,2025,upper,2025-05-13 10:17:00-04:00,2025-05-13 15:59:00-04:00,21222.895093414,21270.75,-47.85490658599883,cutoff
1893_upper,2025-05-15,2025,upper,2025-05-15 11:43:00-04:00,2025-05-15 15:59:00-04:00,21430.874914375905,21419.5,11.374914375905064,cutoff
1896_lower,2025-05-19,2025,lower,2025-05-18 23:41:00-04:00,2025-05-19 15:59:00-04:00,21217.734988096745,21523.25,305.5150119032551,cutoff
1895_upper,2025-05-20,2025,upper,2025-05-19 19:32:00-04:00,2025-05-20 15:59:00-04:00,21548.17602820053,21447.5,100.67602820053071,cutoff
1898_lower,2025-05-21,2025,lower,2025-05-21 13:30:00-04:00,2025-05-21 15:59:00-04:00,21172.07384349611,21149.0,-23.073843496109475,cutoff
1894_lower,2025-05-22,2025,lower,2025-05-22 08:16:00-04:00,2025-05-22 15:59:00-04:00,21057.278595660748,21183.5,126.22140433925233,cutoff
1899_lower,2025-05-23,2025,lower,2025-05-23 07:43:00-04:00,2025-05-23 15:59:00-04:00,21026.60371456908,20978.5,-48.103714569078875,cutoff
1901_upper,2025-05-26,2025,upper,2025-05-25 18:24:00-04:00,2025-05-26 12:59:00-04:00,21185.71737234685,21283.5,-97.78262765314867,cutoff
1902_upper,2025-05-28,2025,upper,2025-05-28 06:54:00-04:00,2025-05-28 15:59:00-04:00,21513.310861378166,21372.5,140.810861378166,cutoff
1894_upper,2025-05-29,2025,upper,2025-05-28 18:57:00-04:00,2025-05-29 15:59:00-04:00,21596.971404339252,21411.5,185.47140433925233,cutoff
1904_lower,2025-05-30,2025,lower,2025-05-30 08:11:00-04:00,2025-05-30 15:59:00-04:00,21233.893876349917,21369.5,135.60612365008274,cutoff
1906_upper,2025-06-03,2025,upper,2025-06-03 10:03:00-04:00,2025-06-03 15:59:00-04:00,21634.145485961726,21704.5,-70.35451403827392,cutoff
1908_upper,2025-06-05,2025,upper,2025-06-05 03:27:00-04:00,2025-06-05 15:59:00-04:00,21806.20617937395,21586.75,219.45617937394854,cutoff
1909_upper,2025-06-10,2025,upper,2025-06-10 15:05:00-04:00,2025-06-10 15:59:00-04:00,21980.171524408106,21964.5,15.671524408106052,cutoff
1905_upper,2025-06-11,2025,upper,2025-06-11 08:30:00-04:00,2025-06-11 15:59:00-04:00,22005.095955978955,21887.75,117.34595597895532,cutoff
1914_lower,2025-06-12,2025,lower,2025-06-12 04:02:00-04:00,2025-06-12 15:59:00-04:00,21746.69078079703,21936.5,189.80921920296896,cutoff
1913_lower,2025-06-13,2025,lower,2025-06-12 20:05:00-04:00,2025-06-13 15:59:00-04:00,21631.84416599201,21652.25,20.40583400799005,cutoff
1916_upper,2025-06-16,2025,upper,2025-06-16 03:07:00-04:00,2025-06-16 15:59:00-04:00,21986.976553121214,22176.0,-189.02344687878576,cutoff
1918_lower,2025-06-19,2025,lower,2025-06-18 21:04:00-04:00,2025-06-19 12:59:00-04:00,21823.793626264163,21703.0,-120.79362626416332,cutoff
1920_upper,2025-06-20,2025,upper,2025-06-20 08:51:00-04:00,2025-06-20 15:59:00-04:00,22028.016247638705,21842.75,185.26624763870495,cutoff
1921_lower,2025-06-23,2025,lower,2025-06-22 18:00:00-04:00,2025-06-23 15:59:00-04:00,21664.25,22072.75,408.5,cutoff
1922_upper,2025-06-24,2025,upper,2025-06-23 19:18:00-04:00,2025-06-24 15:59:00-04:00,22243.279916919673,22405.5,-162.22008308032673,cutoff
1923_upper,2025-06-25,2025,upper,2025-06-25 09:30:00-04:00,2025-06-25 15:59:00-04:00,22516.453264443597,22463.25,53.20326444359671,cutoff
1924_upper,2025-06-27,2025,upper,2025-06-27 02:11:00-04:00,2025-06-27 15:59:00-04:00,22722.758394924076,22752.0,-29.24160507592387,cutoff
1927_lower,2025-07-01,2025,lower,2025-07-01 11:08:00-04:00,2025-07-01 15:59:00-04:00,22638.022347378952,22693.0,54.97765262104804,cutoff
1929_upper,2025-07-03,2025,upper,2025-07-03 09:30:00-04:00,2025-07-03 13:14:00-04:00,22963.565131112424,23059.0,-95.43486888757616,cutoff
1931_upper,2025-07-15,2025,upper,2025-07-14 21:50:00-04:00,2025-07-15 15:59:00-04:00,23120.43003053195,23052.25,68.18003053194843,cutoff
1938_lower,2025-07-16,2025,lower,2025-07-16 03:07:00-04:00,2025-07-16 15:59:00-04:00,22944.324729310974,23074.5,130.17527068902564,cutoff
1930_upper,2025-07-17,2025,upper,2025-07-17 11:05:00-04:00,2025-07-17 15:59:00-04:00,23231.100082062927,23257.75,-26.64991793707304,cutoff
1939_upper,2025-07-18,2025,upper,2025-07-18 09:28:00-04:00,2025-07-18 15:59:00-04:00,23315.830634039354,23226.5,89.33063403935375,cutoff
1935_upper,2025-07-21,2025,upper,2025-07-21 09:39:00-04:00,2025-07-21 15:59:00-04:00,23329.70872407908,23344.75,-15.04127592092118,cutoff
1938_upper,2025-07-25,2025,upper,2025-07-24 21:43:00-04:00,2025-07-25 15:59:00-04:00,23427.550270689026,23422.5,5.050270689025638,cutoff
1941_upper,2025-07-28,2025,upper,2025-07-27 18:00:00-04:00,2025-07-28 15:59:00-04:00,23522.651833996715,23491.75,30.90183399671514,cutoff
1945_upper,2025-07-29,2025,upper,2025-07-29 03:46:00-04:00,2025-07-29 15:59:00-04:00,23588.220500917443,23457.0,131.22050091744313,cutoff
1948_lower,2025-07-30,2025,lower,2025-07-30 15:00:00-04:00,2025-07-30 15:59:00-04:00,23365.440901140522,23484.0,118.55909885947767,cutoff
1949_upper,2025-07-31,2025,upper,2025-07-30 18:00:00-04:00,2025-07-31 15:59:00-04:00,23697.015357395983,23354.25,342.7653573959833,cutoff
1949_lower,2025-08-01,2025,lower,2025-07-31 18:38:00-04:00,2025-08-01 15:59:00-04:00,23278.484642604017,22880.5,-397.9846426040167,cutoff
1951_upper,2025-08-05,2025,upper,2025-08-05 08:14:00-04:00,2025-08-05 15:59:00-04:00,23398.54778671259,23133.5,265.0477867125883,cutoff
1953_lower,2025-08-06,2025,lower,2025-08-05 18:04:00-04:00,2025-08-06 15:59:00-04:00,23076.136121589956,23424.75,348.613878410044,cutoff
1952_upper,2025-08-07,2025,upper,2025-08-06 18:26:00-04:00,2025-08-07 15:59:00-04:00,23446.975473495808,23501.0,-54.02452650419218,cutoff
1956_upper,2025-08-12,2025,upper,2025-08-12 11:17:00-04:00,2025-08-12 15:59:00-04:00,23850.311796539117,23934.5,-84.1882034608825,cutoff
1950_upper,2025-08-13,2025,upper,2025-08-12 19:49:00-04:00,2025-08-13 15:59:00-04:00,23967.18508415141,23943.0,24.185084151409683,cutoff
1959_lower,2025-08-15,2025,lower,2025-08-15 09:49:00-04:00,2025-08-15 15:59:00-04:00,23791.33191477614,23806.0,14.668085223860544,cutoff
1960_lower,2025-08-19,2025,lower,2025-08-19 09:47:00-04:00,2025-08-19 15:59:00-04:00,23646.978338376586,23470.25,-176.72833837658618,cutoff
1956_lower,2025-08-20,2025,lower,2025-08-20 09:45:00-04:00,2025-08-20 15:59:00-04:00,23299.313203460883,23324.75,25.436796539117495,cutoff
1965_upper,2025-08-22,2025,upper,2025-08-22 10:08:00-04:00,2025-08-22 15:59:00-04:00,23567.909221342314,23565.0,2.9092213423136855,cutoff
1968_upper,2025-08-28,2025,upper,2025-08-28 09:31:00-04:00,2025-08-28 15:59:00-04:00,23724.339417208048,23766.75,-42.41058279195204,cutoff
1970_lower,2025-09-02,2025,lower,2025-09-02 03:42:00-04:00,2025-09-02 15:59:00-04:00,23363.293313891954,23276.75,-86.54331389195431,cutoff
1973_upper,2025-09-03,2025,upper,2025-09-03 10:34:00-04:00,2025-09-03 15:59:00-04:00,23475.55294373329,23452.25,23.302943733291613,cutoff
1972_upper,2025-09-04,2025,upper,2025-09-04 15:57:00-04:00,2025-09-04 15:59:00-04:00,23672.755032449117,23666.5,6.2550324491166975,cutoff
1975_upper,2025-09-05,2025,upper,2025-09-05 00:25:00-04:00,2025-09-05 15:59:00-04:00,23749.775744290502,23691.0,58.77574429050219,cutoff
1971_upper,2025-09-10,2025,upper,2025-09-10 01:30:00-04:00,2025-09-10 15:59:00-04:00,23928.329204595364,23874.25,54.07920459536399,cutoff
1976_upper,2025-09-15,2025,upper,2025-09-14 20:00:00-04:00,2025-09-15 15:59:00-04:00,24349.0,24553.25,-204.25,cutoff
1983_lower,2025-09-17,2025,lower,2025-09-17 14:14:00-04:00,2025-09-17 15:59:00-04:00,24345.279749885696,24475.25,129.97025011430378,cutoff
1982_upper,2025-09-18,2025,upper,2025-09-18 03:55:00-04:00,2025-09-18 15:59:00-04:00,24669.905354290502,24698.25,-28.344645709497854,cutoff
1986_upper,2025-09-22,2025,upper,2025-09-22 14:11:00-04:00,2025-09-22 15:59:00-04:00,25000.786126587627,24998.75,2.0361265876272228,cutoff
1988_lower,2025-09-24,2025,lower,2025-09-24 11:46:00-04:00,2025-09-24 15:59:00-04:00,24749.71969537814,24739.5,-10.219695378138567,cutoff
1987_lower,2025-09-25,2025,lower,2025-09-25 07:58:00-04:00,2025-09-25 15:59:00-04:00,24601.656739631573,24632.25,30.593260368426854,cutoff
1990_upper,2025-09-29,2025,upper,2025-09-29 05:28:00-04:00,2025-09-29 15:59:00-04:00,24895.717462472956,24837.25,58.46746247295596,cutoff
1991_upper,2025-10-01,2025,upper,2025-10-01 13:26:00-04:00,2025-10-01 15:59:00-04:00,24984.000597118462,25011.75,-27.749402881538117,cutoff
1993_upper,2025-10-02,2025,upper,2025-10-01 20:50:00-04:00,2025-10-02 15:59:00-04:00,25058.547694982582,25109.5,-50.95230501741753,cutoff
1988_upper,2025-10-06,2025,upper,2025-10-06 08:10:00-04:00,2025-10-06 15:59:00-04:00,25220.90530462186,25184.25,36.65530462186143,cutoff
1998_lower,2025-10-07,2025,lower,2025-10-07 11:39:00-04:00,2025-10-07 15:59:00-04:00,25006.67785392699,25045.25,38.57214607300921,cutoff
1996_upper,2025-10-09,2025,upper,2025-10-08 19:17:00-04:00,2025-10-09 15:59:00-04:00,25391.50666616943,25294.5,97.00666616942908,cutoff
2001_lower,2025-10-10,2025,lower,2025-10-10 11:00:00-04:00,2025-10-10 15:59:00-04:00,25072.03020890303,24402.25,-669.7802089030301,cutoff
2002_lower,2025-10-14,2025,lower,2025-10-14 09:43:00-04:00,2025-10-14 15:59:00-04:00,24449.281358953056,24757.25,307.96864104694396,cutoff
2003_upper,2025-10-15,2025,upper,2025-10-15 10:04:00-04:00,2025-10-15 15:59:00-04:00,25041.29858138374,24924.5,116.79858138374038,cutoff
2005_lower,2025-10-16,2025,lower,2025-10-16 12:46:00-04:00,2025-10-16 15:59:00-04:00,24748.57816236787,24830.75,82.17183763212961,cutoff
2004_lower,2025-10-17,2025,lower,2025-10-17 01:43:00-04:00,2025-10-17 15:59:00-04:00,24618.367308282344,24989.0,370.6326917176557,cutoff
2002_upper,2025-10-20,2025,upper,2025-10-20 09:32:00-04:00,2025-10-20 15:59:00-04:00,25194.468641046944,25300.25,-105.78135895305604,cutoff
2005_upper,2025-10-21,2025,upper,2025-10-20 22:30:00-04:00,2025-10-21 15:59:00-04:00,25366.29683763213,25291.25,75.04683763212961,cutoff
2008_lower,2025-10-22,2025,lower,2025-10-22 12:30:00-04:00,2025-10-22 15:59:00-04:00,24993.60266830834,25040.5,46.89733169165993,cutoff
2004_upper,2025-10-24,2025,upper,2025-10-24 05:37:00-04:00,2025-10-24 15:59:00-04:00,25389.257691717656,25509.5,-120.24230828234431,cutoff
2001_upper,2025-10-27,2025,upper,2025-10-26 18:00:00-04:00,2025-10-27 15:59:00-04:00,25724.0,25961.0,-237.0,cutoff
2012_upper,2025-10-28,2025,upper,2025-10-28 09:31:00-04:00,2025-10-28 15:59:00-04:00,26079.10496771575,26160.0,-80.89503228425019,cutoff
2013_upper,2025-10-29,2025,upper,2025-10-29 04:03:00-04:00,2025-10-29 15:59:00-04:00,26300.264687610725,26281.25,19.01468761072465,cutoff
2014_lower,2025-10-30,2025,lower,2025-10-30 09:36:00-04:00,2025-10-30 15:59:00-04:00,26019.877638426828,25872.0,-147.87763842682762,cutoff
2016_lower,2025-11-04,2025,lower,2025-11-04 00:40:00-05:00,2025-11-04 15:59:00-05:00,25852.202423778017,25578.0,-274.20242377801696,cutoff
2018_lower,2025-11-05,2025,lower,2025-11-04 20:01:00-05:00,2025-11-05 15:59:00-05:00,25382.76732691323,25741.0,358.2326730867717,cutoff
2011_lower,2025-11-07,2025,lower,2025-11-06 23:02:00-05:00,2025-11-07 15:59:00-05:00,25186.599602185648,25164.25,-22.34960218564811,cutoff
2021_upper,2025-11-10,2025,upper,2025-11-09 22:02:00-05:00,2025-11-10 15:59:00-05:00,25453.09916771965,25713.0,-259.9008322803493,cutoff
2024_lower,2025-11-13,2025,lower,2025-11-13 09:40:00-05:00,2025-11-13 15:59:00-05:00,25346.039679448055,25100.0,-246.0396794480548,cutoff
2010_lower,2025-11-14,2025,lower,2025-11-14 07:39:00-05:00,2025-11-14 15:59:00-05:00,24703.513119674288,25105.25,401.73688032571226,cutoff
2026_upper,2025-11-17,2025,upper,2025-11-17 02:23:00-05:00,2025-11-17 15:59:00-05:00,25313.414958811893,24888.25,425.1649588118926,cutoff
2027_lower,2025-11-18,2025,lower,2025-11-18 09:52:00-05:00,2025-11-18 15:59:00-05:00,24585.258299853253,24585.0,-0.258299853252538,cutoff
2028_upper,2025-11-20,2025,upper,2025-11-20 08:31:00-05:00,2025-11-20 15:59:00-05:00,25234.4251950072,24138.25,1096.1751950071994,cutoff
2031_upper,2025-11-24,2025,upper,2025-11-24 09:35:00-05:00,2025-11-24 15:59:00-05:00,24685.046496390183,24935.25,-250.20350360981683,cutoff
2032_upper,2025-11-25,2025,upper,2025-11-25 12:34:00-05:00,2025-11-25 15:59:00-05:00,25036.254395578842,25080.0,-43.74560442115762,cutoff
2033_upper,2025-11-26,2025,upper,2025-11-26 09:30:00-05:00,2025-11-26 15:59:00-05:00,25241.61892892361,25296.5,-54.88107107639007,cutoff
2027_upper,2025-12-01,2025,upper,2025-11-30 18:00:00-05:00,2025-12-01 15:59:00-05:00,25516.991700146747,25402.25,114.74170014674746,cutoff
2030_upper,2025-12-02,2025,upper,2025-12-02 09:39:00-05:00,2025-12-02 15:59:00-05:00,25607.58457932311,25600.5,7.08457932310921,cutoff
2039_upper,2025-12-05,2025,upper,2025-12-05 10:00:00-05:00,2025-12-05 15:59:00-05:00,25804.97962875158,25725.75,79.22962875157828,cutoff
2042_lower,2025-12-11,2025,lower,2025-12-10 22:07:00-05:00,2025-12-11 15:59:00-05:00,25438.648571256614,25714.75,276.10142874338635,cutoff
2044_lower,2025-12-12,2025,lower,2025-12-12 10:26:00-05:00,2025-12-12 15:59:00-05:00,25360.622668419237,25209.5,-151.12266841923702,cutoff
2046_lower,2025-12-16,2025,lower,2025-12-16 02:37:00-05:00,2025-12-16 15:59:00-05:00,25096.208397431896,25372.25,276.0416025681043,cutoff
2035_lower,2025-12-17,2025,lower,2025-12-17 10:52:00-05:00,2025-12-17 15:59:00-05:00,25072.881355830254,24892.25,-180.6313558302536,cutoff
2050_upper,2025-12-19,2025,upper,2025-12-19 10:00:00-05:00,2025-12-19 15:59:00-05:00,25597.517031847376,25580.75,16.76703184737562,cutoff
2048_upper,2025-12-22,2025,upper,2025-12-21 18:00:00-05:00,2025-12-22 15:59:00-05:00,25657.25,25688.25,-31.0,cutoff
2038_upper,2025-12-24,2025,upper,2025-12-24 11:37:00-05:00,2025-12-24 13:14:00-05:00,25871.162395945892,25864.75,6.412395945892058,cutoff
2043_upper,2025-12-26,2025,upper,2025-12-25 18:00:00-05:00,2025-12-26 15:59:00-05:00,25892.79147830685,25866.75,26.041478306851786,cutoff
2055_lower,2025-12-29,2025,lower,2025-12-29 12:28:00-05:00,2025-12-29 15:59:00-05:00,25656.490500087966,25741.0,84.50949991203379,cutoff
2054_lower,2025-12-31,2025,lower,2025-12-30 20:00:00-05:00,2025-12-31 15:59:00-05:00,25599.45271544758,25455.25,-144.20271544757998,cutoff
2053_lower,2026-01-02,2026,lower,2026-01-02 10:57:00-05:00,2026-01-02 15:59:00-05:00,25410.2779278674,25385.5,-24.77792786739883,cutoff
2060_upper,2026-01-07,2026,upper,2026-01-07 11:00:00-05:00,2026-01-07 15:59:00-05:00,25919.391761961455,25835.0,84.3917619614549,cutoff
2056_upper,2026-01-12,2026,upper,2026-01-12 14:27:00-05:00,2026-01-12 15:59:00-05:00,26001.654387551145,25952.25,49.40438755114519,cutoff
2052_upper,2026-01-13,2026,upper,2026-01-13 08:31:00-05:00,2026-01-13 15:59:00-05:00,26021.232009355885,25903.75,117.48200935588466,cutoff
2066_lower,2026-01-14,2026,lower,2026-01-14 09:59:00-05:00,2026-01-14 15:59:00-05:00,25582.086025672208,25636.5,54.41397432779195,cutoff
2068_lower,2026-01-16,2026,lower,2026-01-16 10:36:00-05:00,2026-01-16 15:59:00-05:00,25629.313156713768,25684.5,55.18684328623203,cutoff
2069_lower,2026-01-19,2026,lower,2026-01-18 18:00:00-05:00,2026-01-19 12:59:00-05:00,25456.02172477811,25398.25,-57.77172477811109,cutoff
2059_lower,2026-01-20,2026,lower,2026-01-20 03:31:00-05:00,2026-01-20 15:59:00-05:00,25216.808747005507,25142.25,-74.55874700550703,cutoff
2070_upper,2026-01-21,2026,upper,2026-01-21 14:43:00-05:00,2026-01-21 15:59:00-05:00,25557.662556838764,25471.5,86.16255683876443,cutoff
2074_upper,2026-01-27,2026,upper,2026-01-26 21:57:00-05:00,2026-01-27 15:59:00-05:00,25972.950621766613,26076.0,-103.04937823338696,cutoff
2068_upper,2026-01-28,2026,upper,2026-01-27 19:35:00-05:00,2026-01-28 15:59:00-05:00,26192.561843286232,26149.25,43.31184328623203,cutoff
2077_lower,2026-01-29,2026,lower,2026-01-29 09:42:00-05:00,2026-01-29 15:59:00-05:00,25984.096228371418,25991.5,7.403771628582035,cutoff
2078_lower,2026-02-02,2026,lower,2026-02-01 18:00:00-05:00,2026-02-02 15:59:00-05:00,25501.661055017932,25856.5,354.8389449820679,cutoff
2081_lower,2026-02-03,2026,lower,2026-02-03 13:59:00-05:00,2026-02-03 15:59:00-05:00,25260.473700829716,25445.5,185.0262991702839,cutoff
2080_lower,2026-02-04,2026,lower,2026-02-04 10:01:00-05:00,2026-02-04 15:59:00-05:00,25144.154549493003,24994.5,-149.6545494930033,cutoff
2084_upper,2026-02-09,2026,upper,2026-02-08 18:46:00-05:00,2026-02-09 15:59:00-05:00,25282.684612141544,25337.75,-55.06538785845623,cutoff
2086_lower,2026-02-12,2026,lower,2026-02-12 11:00:00-05:00,2026-02-12 15:59:00-05:00,25002.134426505407,24763.5,-238.63442650540674,cutoff
2085_lower,2026-02-13,2026,lower,2026-02-13 06:30:00-05:00,2026-02-13 15:59:00-05:00,24633.391857165167,24802.0,168.60814283483342,cutoff
2090_upper,2026-02-18,2026,upper,2026-02-18 10:17:00-05:00,2026-02-18 15:59:00-05:00,25073.84211892498,24957.5,116.34211892497842,cutoff
2091_upper,2026-02-25,2026,upper,2026-02-25 08:55:00-05:00,2026-02-25 15:59:00-05:00,25154.51755998832,25384.5,-229.98244001168132,cutoff
2097_lower,2026-02-27,2026,lower,2026-02-27 08:30:00-05:00,2026-02-27 15:59:00-05:00,24825.88513501576,24998.25,172.36486498423983,cutoff
2098_lower,2026-03-02,2026,lower,2026-03-01 18:00:00-05:00,2026-03-02 15:59:00-05:00,24671.8667259376,25023.25,351.3832740623984,cutoff
2093_lower,2026-03-03,2026,lower,2026-03-03 04:46:00-05:00,2026-03-03 15:59:00-05:00,24473.331852930034,24757.25,283.9181470699659,cutoff
2101_upper,2026-03-04,2026,upper,2026-03-04 10:01:00-05:00,2026-03-04 15:59:00-05:00,24982.357602534,25120.0,-137.64239746599924,cutoff
2099_upper,2026-03-05,2026,upper,2026-03-04 19:15:00-05:00,2026-03-05 15:59:00-05:00,25229.04674451065,25047.75,181.29674451065148,cutoff
2103_lower,2026-03-06,2026,lower,2026-03-06 15:37:00-05:00,2026-03-06 15:59:00-05:00,24605.328886137315,24667.75,62.42111386268516,cutoff
2096_lower,2026-03-09,2026,lower,2026-03-08 18:00:00-04:00,2026-03-09 15:59:00-04:00,24344.81689536332,24992.25,647.4331046366788,cutoff
2104_upper,2026-03-10,2026,upper,2026-03-10 04:08:00-04:00,2026-03-10 15:59:00-04:00,25119.94149499076,24986.5,133.44149499075866,cutoff
2107_lower,2026-03-12,2026,lower,2026-03-12 09:55:00-04:00,2026-03-12 15:59:00-04:00,24652.496682358294,24555.25,-97.24668235829449,cutoff
2109_upper,2026-03-17,2026,upper,2026-03-17 09:46:00-04:00,2026-03-17 15:59:00-04:00,25096.19805301506,25010.25,85.9480530150613,cutoff
2108_upper,2026-03-18,2026,upper,2026-03-18 01:27:00-04:00,2026-03-18 15:59:00-04:00,25161.616617122825,24651.5,510.1166171228251,cutoff
2112_lower,2026-03-19,2026,lower,2026-03-19 03:57:00-04:00,2026-03-19 15:59:00-04:00,24550.4725595392,24574.75,24.27744046079897,cutoff
2109_lower,2026-03-20,2026,lower,2026-03-20 10:12:00-04:00,2026-03-20 15:59:00-04:00,24257.42694698494,24113.5,-143.9269469849387,cutoff
2115_lower,2026-03-26,2026,lower,2026-03-26 08:35:00-04:00,2026-03-26 15:59:00-04:00,24069.165318483185,23786.75,-282.4153184831848,cutoff
2119_lower,2026-03-30,2026,lower,2026-03-29 18:00:00-04:00,2026-03-30 15:59:00-04:00,23185.91130648642,23135.5,-50.41130648642138,cutoff
2120_lower,2026-03-31,2026,lower,2026-03-30 20:17:00-04:00,2026-03-31 15:59:00-04:00,22983.31380287526,23909.75,926.4361971247417,cutoff
2119_upper,2026-04-01,2026,upper,2026-03-31 19:58:00-04:00,2026-04-01 15:59:00-04:00,24027.08869351358,24200.75,-173.66130648642138,cutoff
2122_lower,2026-04-02,2026,lower,2026-04-02 07:28:00-04:00,2026-04-02 15:59:00-04:00,23729.68143980739,24220.75,491.06856019260886,cutoff
2123_upper,2026-04-06,2026,upper,2026-04-05 22:19:00-04:00,2026-04-06 15:59:00-04:00,24289.10131924296,24363.75,-74.64868075703998,cutoff
2116_upper,2026-04-08,2026,upper,2026-04-07 18:00:00-04:00,2026-04-08 15:59:00-04:00,24629.061985263263,25080.0,-450.9380147367374,cutoff
2110_upper,2026-04-10,2026,upper,2026-04-09 20:59:00-04:00,2026-04-10 15:59:00-04:00,25273.09253845201,25284.25,-11.15746154799126,cutoff
2128_lower,2026-04-13,2026,lower,2026-04-12 18:00:00-04:00,2026-04-13 15:59:00-04:00,24966.75,25538.25,571.5,cutoff
2128_upper,2026-04-14,2026,upper,2026-04-13 19:07:00-04:00,2026-04-14 15:59:00-04:00,25611.34815671422,26000.75,-389.40184328578107,cutoff
2130_upper,2026-04-15,2026,upper,2026-04-14 19:34:00-04:00,2026-04-15 15:59:00-04:00,26016.020610526048,26364.25,-348.2293894739523,cutoff
2132_upper,2026-04-17,2026,upper,2026-04-17 09:07:00-04:00,2026-04-17 15:59:00-04:00,26750.85865637195,26827.25,-76.39134362804907,cutoff
2133_upper,2026-04-22,2026,upper,2026-04-22 13:10:00-04:00,2026-04-22 15:59:00-04:00,27024.84370561633,27080.0,-55.156294383668865,cutoff
2135_upper,2026-04-23,2026,upper,2026-04-23 11:32:00-04:00,2026-04-23 15:59:00-04:00,27152.14330906941,26926.25,225.89330906941177,cutoff
2136_upper,2026-04-24,2026,upper,2026-04-24 07:07:00-04:00,2026-04-24 15:59:00-04:00,27267.134887108085,27434.0,-166.8651128919155,cutoff
2138_upper,2026-04-27,2026,upper,2026-04-26 22:00:00-04:00,2026-04-27 15:59:00-04:00,27541.200536733537,27445.0,96.20053673353686,cutoff
2139_lower,2026-04-28,2026,lower,2026-04-28 08:23:00-04:00,2026-04-28 15:59:00-04:00,27049.808787510927,27169.25,119.44121248907322,cutoff
2140_upper,2026-04-30,2026,upper,2026-04-29 19:48:00-04:00,2026-04-30 15:59:00-04:00,27529.434177961637,27577.5,-48.06582203836297,cutoff
2139_upper,2026-05-01,2026,upper,2026-05-01 09:33:00-04:00,2026-05-01 15:59:00-04:00,27727.691212489073,27837.25,-109.55878751092678,cutoff
2143_upper,2026-05-05,2026,upper,2026-05-05 10:36:00-04:00,2026-05-05 15:59:00-04:00,28138.06154108305,28135.75,2.3115410830505425,cutoff
2145_upper,2026-05-06,2026,upper,2026-05-05 18:52:00-04:00,2026-05-06 15:59:00-04:00,28380.887817756244,28710.25,-329.36218224375625,cutoff
2147_upper,2026-05-08,2026,upper,2026-05-08 10:58:00-04:00,2026-05-08 15:59:00-04:00,29174.65787972472,29339.75,-165.09212027527974,cutoff
2148_upper,2026-05-11,2026,upper,2026-05-11 09:32:00-04:00,2026-05-11 15:59:00-04:00,29422.9618069465,29429.25,-6.288193053500436,cutoff
2149_lower,2026-05-12,2026,lower,2026-05-12 11:15:00-04:00,2026-05-12 15:59:00-04:00,28951.360498886017,29174.25,222.889501113983,cutoff
2150_upper,2026-05-14,2026,upper,2026-05-13 19:05:00-04:00,2026-05-14 15:59:00-04:00,29646.42303898361,29686.75,-40.32696101639158,cutoff
2152_lower,2026-05-18,2026,lower,2026-05-17 19:40:00-04:00,2026-05-18 15:59:00-04:00,29084.62855805579,29098.75,14.121441944211256,cutoff
2151_lower,2026-05-19,2026,lower,2026-05-19 09:20:00-04:00,2026-05-19 15:59:00-04:00,28811.51963438418,28924.5,112.9803656158183,cutoff
2155_upper,2026-05-21,2026,upper,2026-05-21 00:59:00-04:00,2026-05-21 15:59:00-04:00,29420.86955887296,29446.25,-25.380441127039376,cutoff
2157_upper,2026-05-22,2026,upper,2026-05-22 04:18:00-04:00,2026-05-22 15:59:00-04:00,29642.116120772633,29552.5,89.61612077263271,cutoff
2152_upper,2026-05-25,2026,upper,2026-05-24 23:00:00-04:00,2026-05-25 12:59:00-04:00,29963.24644194421,29962.5,0.7464419442112558,cutoff
2158_upper,2026-05-26,2026,upper,2026-05-26 10:00:00-04:00,2026-05-26 15:59:00-04:00,30009.455726915767,30079.75,-70.29427308423328,cutoff
2159_upper,2026-05-27,2026,upper,2026-05-27 07:00:00-04:00,2026-05-27 15:59:00-04:00,30248.501331652922,30047.25,201.2513316529221,cutoff
2162_upper,2026-05-29,2026,upper,2026-05-29 09:57:00-04:00,2026-05-29 15:59:00-04:00,30514.38147395403,30397.5,116.88147395402848,cutoff
2161_upper,2026-06-01,2026,upper,2026-06-01 13:30:00-04:00,2026-06-01 15:59:00-04:00,30609.931537593537,30571.25,38.68153759353663,cutoff
2166_lower,2026-06-04,2026,lower,2026-06-04 07:36:00-04:00,2026-06-04 15:59:00-04:00,30203.484160153974,30485.5,282.0158398460262,cutoff
2165_lower,2026-06-05,2026,lower,2026-06-04 21:13:00-04:00,2026-06-05 15:59:00-04:00,30115.50365037811,29015.75,-1099.7536503781084,cutoff
