scale,a,b,gamma,gamma_PF,control_PF,delta_PF,gamma_avg_R,control_avg_R,delta_avg_R,gamma_max_dd_R,control_max_dd_R,gamma_net_pts,control_net_pts
S1_range30m,0.5,0.5,0.15,0.7863,0.7946,-0.008299999999999974,-0.1198,-0.114,-0.0058,-318.125,-308.5302,-1950.74,-1852.88
S1_range30m,0.5,0.5,0.3,0.7847,0.7946,-0.00990000000000002,-0.1206,-0.114,-0.006599999999999995,-313.0751,-308.5302,-1807.19,-1852.88
S1_range30m,0.5,0.5,-0.15,0.7801,0.7946,-0.014499999999999957,-0.1238,-0.114,-0.00979999999999999,-328.9071,-308.5302,-3365.33,-1852.88
S1_range30m,0.5,0.5,-0.3,0.7784,0.7946,-0.016199999999999992,-0.125,-0.114,-0.010999999999999996,-327.8103,-308.5302,-3416.36,-1852.88
S1_range30m,0.5,0.75,0.15,0.7783,0.8009,-0.022599999999999953,-0.0986,-0.0869,-0.011699999999999988,-255.74,-239.6511,-2862.85,-2124.84
S1_range30m,0.5,0.75,0.3,0.7808,0.8009,-0.020099999999999896,-0.0972,-0.0869,-0.01029999999999999,-249.5317,-239.6511,-2273.04,-2124.84
S1_range30m,0.5,0.75,-0.15,0.7871,0.8009,-0.013799999999999923,-0.0942,-0.0869,-0.007300000000000001,-260.4743,-239.6511,-2343.31,-2124.84
S1_range30m,0.5,0.75,-0.3,0.7963,0.8009,-0.0045999999999999375,-0.0895,-0.0869,-0.002599999999999991,-253.5565,-239.6511,-1912.54,-2124.84
S1_range30m,0.5,1.0,0.15,0.7668,0.7841,-0.017299999999999982,-0.0861,-0.0783,-0.007800000000000001,-213.549,-205.5615,-4003.79,-3111.49
S1_range30m,0.5,1.0,0.3,0.7805,0.7841,-0.0036000000000000476,-0.08,-0.0783,-0.001700000000000007,-201.0532,-205.5615,-4063.4,-3111.49
S1_range30m,0.5,1.0,-0.15,0.7853,0.7841,0.0011999999999999789,-0.0785,-0.0783,-0.00020000000000000573,-213.6357,-205.5615,-2985.05,-3111.49
S1_range30m,0.5,1.0,-0.3,0.7777,0.7841,-0.006400000000000072,-0.0818,-0.0783,-0.003500000000000003,-222.3509,-205.5615,-2972.1,-3111.49
S1_range30m,0.5,1.25,0.15,0.7798,0.7659,0.013900000000000023,-0.0682,-0.0734,0.00520000000000001,-187.5813,-187.6803,-3379.17,-4436.32
S1_range30m,0.5,1.25,0.3,0.7943,0.7659,0.02839999999999998,-0.0628,-0.0734,0.010600000000000012,-176.0164,-187.6803,-3179.1,-4436.32
S1_range30m,0.5,1.25,-0.15,0.7662,0.7659,0.00029999999999996696,-0.0738,-0.0734,-0.0003999999999999976,-188.8108,-187.6803,-4688.41,-4436.32
S1_range30m,0.5,1.25,-0.3,0.7637,0.7659,-0.0021999999999999797,-0.0748,-0.0734,-0.0013999999999999985,-193.9666,-187.6803,-4758.49,-4436.32
S1_range30m,0.5,1.5,0.15,0.7693,0.7683,0.0010000000000000009,-0.0624,-0.0627,0.0003000000000000086,-162.3518,-165.3831,-3051.27,-4083.15
S1_range30m,0.5,1.5,0.3,0.786,0.7683,0.01770000000000005,-0.0569,-0.0627,0.0058000000000000065,-152.6213,-165.3831,-2035.33,-4083.15
S1_range30m,0.5,1.5,-0.15,0.7538,0.7683,-0.014499999999999957,-0.0681,-0.0627,-0.005399999999999988,-172.1628,-165.3831,-5059.64,-4083.15
S1_range30m,0.5,1.5,-0.3,0.751,0.7683,-0.017299999999999982,-0.0692,-0.0627,-0.006499999999999992,-177.2207,-165.3831,-4849.26,-4083.15
S1_range30m,0.5,1.75,0.15,0.7771,0.7722,0.0049000000000000155,-0.0526,-0.0542,0.0015999999999999973,-136.6326,-137.7053,-2196.92,-2315.31
S1_range30m,0.5,1.75,0.3,0.8003,0.7722,0.028100000000000014,-0.046,-0.0542,0.008199999999999999,-126.7339,-137.7053,-858.8,-2315.31
S1_range30m,0.5,1.75,-0.15,0.7813,0.7722,0.009099999999999997,-0.0519,-0.0542,0.0022999999999999965,-132.4473,-137.7053,-2810.4,-2315.31
S1_range30m,0.5,1.75,-0.3,0.7729,0.7722,0.0007000000000000339,-0.0544,-0.0542,-0.0001999999999999988,-139.5122,-137.7053,-3789.72,-2315.31
S1_range30m,0.5,2.0,0.15,0.7734,0.7826,-0.009199999999999986,-0.0481,-0.0457,-0.0023999999999999994,-122.595,-116.3276,-2168.91,-2065.62
S1_range30m,0.5,2.0,0.3,0.7896,0.7826,0.007000000000000006,-0.0439,-0.0457,0.001799999999999996,-114.9948,-116.3276,-1485.53,-2065.62
S1_range30m,0.5,2.0,-0.15,0.7875,0.7826,0.0049000000000000155,-0.0449,-0.0457,0.0007999999999999952,-115.0784,-116.3276,-2531.24,-2065.62
S1_range30m,0.5,2.0,-0.3,0.7848,0.7826,0.0022000000000000908,-0.0457,-0.0457,0.0,-117.8535,-116.3276,-3080.33,-2065.62
S1_range30m,0.75,0.5,0.15,0.8333,0.841,-0.007699999999999929,-0.1081,-0.1026,-0.005500000000000005,-284.9212,-273.3922,-1838.6,-1499.1
S1_range30m,0.75,0.5,0.3,0.819,0.841,-0.02200000000000002,-0.1179,-0.1026,-0.015300000000000008,-301.9554,-273.3922,-1916.96,-1499.1
S1_range30m,0.75,0.5,-0.15,0.8239,0.841,-0.017100000000000004,-0.115,-0.1026,-0.012400000000000008,-300.2574,-273.3922,-2704.41,-1499.1
S1_range30m,0.75,0.5,-0.3,0.8378,0.841,-0.0031999999999999806,-0.1054,-0.1026,-0.002799999999999997,-269.4812,-273.3922,-2222.35,-1499.1
S1_range30m,0.75,0.75,0.15,0.8221,0.8369,-0.014799999999999924,-0.0942,-0.0857,-0.008500000000000008,-236.0429,-220.7067,-2885.48,-2581.68
S1_range30m,0.75,0.75,0.3,0.817,0.8369,-0.01990000000000003,-0.0971,-0.0857,-0.011400000000000007,-243.2082,-220.7067,-2148.09,-2581.68
S1_range30m,0.75,0.75,-0.15,0.8312,0.8369,-0.005699999999999927,-0.0893,-0.0857,-0.003600000000000006,-233.4645,-220.7067,-1774.3,-2581.68
S1_range30m,0.75,0.75,-0.3,0.8411,0.8369,0.0041999999999999815,-0.0836,-0.0857,0.0021000000000000046,-218.4372,-220.7067,-914.01,-2581.68
S1_range30m,0.75,1.0,0.15,0.8266,0.822,0.0046000000000000485,-0.077,-0.0792,0.0022000000000000075,-190.4584,-198.3285,-3121.4,-3562.68
S1_range30m,0.75,1.0,0.3,0.8244,0.822,0.0024000000000000687,-0.0779,-0.0792,0.0013000000000000095,-189.9281,-198.3285,-3415.41,-3562.68
S1_range30m,0.75,1.0,-0.15,0.8247,0.822,0.0027000000000000357,-0.0784,-0.0792,0.000800000000000009,-200.0882,-198.3285,-3182.13,-3562.68
S1_range30m,0.75,1.0,-0.3,0.8256,0.822,0.0036000000000000476,-0.0782,-0.0792,0.0010000000000000009,-199.1037,-198.3285,-2283.11,-3562.68
S1_range30m,0.75,1.25,0.15,0.8386,0.8102,0.02839999999999998,-0.0611,-0.0734,0.012300000000000005,-171.1462,-176.2531,-2743.96,-5257.08
S1_range30m,0.75,1.25,0.3,0.8351,0.8102,0.024899999999999922,-0.0624,-0.0734,0.01100000000000001,-174.2022,-176.2531,-2800.96,-5257.08
S1_range30m,0.75,1.25,-0.15,0.8072,0.8102,-0.0030000000000000027,-0.0751,-0.0734,-0.0016999999999999932,-181.1591,-176.2531,-5140.3,-5257.08
S1_range30m,0.75,1.25,-0.3,0.8115,0.8102,0.0012999999999999678,-0.0735,-0.0734,-9.999999999998899e-05,-180.3771,-176.2531,-4406.87,-5257.08
S1_range30m,0.75,1.5,0.15,0.8274,0.8092,0.018199999999999994,-0.0577,-0.0647,0.006999999999999992,-149.5384,-162.8347,-2553.91,-4617.9
S1_range30m,0.75,1.5,0.3,0.8183,0.8092,0.009099999999999997,-0.0611,-0.0647,0.003599999999999992,-156.3501,-162.8347,-2211.28,-4617.9
S1_range30m,0.75,1.5,-0.15,0.7928,0.8092,-0.01640000000000008,-0.0717,-0.0647,-0.007000000000000006,-172.4176,-162.8347,-5336.36,-4617.9
S1_range30m,0.75,1.5,-0.3,0.8016,0.8092,-0.007600000000000051,-0.0683,-0.0647,-0.003600000000000006,-163.8384,-162.8347,-4838.02,-4617.9
S1_range30m,0.75,1.75,0.15,0.8445,0.8325,0.01200000000000001,-0.0455,-0.0495,0.0040000000000000036,-120.3121,-123.0143,-1475.68,-2456.24
S1_range30m,0.75,1.75,0.3,0.8355,0.8325,0.0030000000000000027,-0.0484,-0.0495,0.0011000000000000038,-125.9044,-123.0143,-1283.6,-2456.24
S1_range30m,0.75,1.75,-0.15,0.8172,0.8325,-0.01529999999999998,-0.0551,-0.0495,-0.005600000000000001,-131.7299,-123.0143,-3295.08,-2456.24
S1_range30m,0.75,1.75,-0.3,0.8226,0.8325,-0.00990000000000002,-0.0533,-0.0495,-0.003799999999999998,-125.2548,-123.0143,-3854.88,-2456.24
S1_range30m,0.75,2.0,0.15,0.8323,0.8381,-0.005799999999999916,-0.0448,-0.043,-0.001800000000000003,-112.0596,-108.0397,-2282.65,-1917.26
S1_range30m,0.75,2.0,0.3,0.8296,0.8381,-0.008499999999999952,-0.0455,-0.043,-0.0025000000000000022,-113.2298,-108.0397,-2129.51,-1917.26
S1_range30m,0.75,2.0,-0.15,0.8248,0.8381,-0.013299999999999979,-0.0473,-0.043,-0.004300000000000005,-113.2409,-108.0397,-3111.62,-1917.26
S1_range30m,0.75,2.0,-0.3,0.8398,0.8381,0.0017000000000000348,-0.0428,-0.043,0.0001999999999999988,-103.6506,-108.0397,-2919.0,-1917.26
S1_range30m,1.0,0.5,0.15,0.8348,0.8502,-0.01539999999999997,-0.1171,-0.1054,-0.011700000000000002,-302.4377,-270.1726,-2033.09,-1513.37
S1_range30m,1.0,0.5,0.3,0.812,0.8502,-0.0381999999999999,-0.134,-0.1054,-0.028600000000000014,-341.4487,-270.1726,-2797.63,-1513.37
S1_range30m,1.0,0.5,-0.15,0.8527,0.8502,0.0025000000000000577,-0.1043,-0.1054,0.0010999999999999899,-268.6082,-270.1726,-2228.42,-1513.37
S1_range30m,1.0,0.5,-0.3,0.863,0.8502,0.012800000000000034,-0.0969,-0.1054,0.008499999999999994,-253.4578,-270.1726,-1734.41,-1513.37
S1_range30m,1.0,0.75,0.15,0.8417,0.8601,-0.018399999999999972,-0.0929,-0.0812,-0.011700000000000002,-228.3928,-202.3039,-3083.73,-2760.38
S1_range30m,1.0,0.75,0.3,0.8336,0.8601,-0.026499999999999968,-0.0978,-0.0812,-0.016600000000000004,-243.3878,-202.3039,-2246.36,-2760.38
S1_range30m,1.0,0.75,-0.15,0.862,0.8601,0.0019000000000000128,-0.0804,-0.0812,0.0007999999999999952,-198.4338,-202.3039,-1701.86,-2760.38
S1_range30m,1.0,0.75,-0.3,0.8766,0.8601,0.01650000000000007,-0.0716,-0.0812,0.009599999999999997,-183.0654,-202.3039,-360.41,-2760.38
S1_range30m,1.0,1.0,0.15,0.8488,0.8631,-0.01429999999999998,-0.0755,-0.0676,-0.007900000000000004,-183.596,-169.9611,-3049.97,-2622.74
S1_range30m,1.0,1.0,0.3,0.8428,0.8631,-0.020299999999999985,-0.0784,-0.0676,-0.010800000000000004,-195.2958,-169.9611,-3536.08,-2622.74
S1_range30m,1.0,1.0,-0.15,0.864,0.8631,0.0009000000000000119,-0.0677,-0.0676,-0.00010000000000000286,-169.1294,-169.9611,-2134.71,-2622.74
S1_range30m,1.0,1.0,-0.3,0.8492,0.8631,-0.013900000000000023,-0.076,-0.0676,-0.008400000000000005,-185.474,-169.9611,-2292.39,-2622.74
S1_range30m,1.0,1.25,0.15,0.8565,0.8486,0.007900000000000018,-0.0618,-0.0656,0.0038000000000000048,-171.165,-160.4342,-2497.29,-4113.83
S1_range30m,1.0,1.25,0.3,0.8544,0.8486,0.005800000000000027,-0.0627,-0.0656,0.0029,-177.8745,-160.4342,-2267.02,-4113.83
S1_range30m,1.0,1.25,-0.15,0.8576,0.8486,0.009000000000000008,-0.0618,-0.0656,0.0038000000000000048,-152.0232,-160.4342,-3903.87,-4113.83
S1_range30m,1.0,1.25,-0.3,0.8406,0.8486,-0.008000000000000007,-0.0703,-0.0656,-0.004699999999999996,-170.1122,-160.4342,-4076.3,-4113.83
S1_range30m,1.0,1.5,0.15,0.8512,0.8491,0.0020999999999999908,-0.057,-0.0578,0.0007999999999999952,-148.5174,-149.0431,-1748.67,-2778.57
S1_range30m,1.0,1.5,0.3,0.8539,0.8491,0.0048000000000000265,-0.0558,-0.0578,0.001999999999999995,-149.201,-149.0431,-596.34,-2778.57
S1_range30m,1.0,1.5,-0.15,0.8448,0.8491,-0.0042999999999999705,-0.0602,-0.0578,-0.0023999999999999994,-147.6887,-149.0431,-3733.74,-2778.57
S1_range30m,1.0,1.5,-0.3,0.8376,0.8491,-0.011499999999999955,-0.0634,-0.0578,-0.005600000000000001,-146.9386,-149.0431,-4041.63,-2778.57
S1_range30m,1.0,1.75,0.15,0.8859,0.8827,0.0031999999999999806,-0.0381,-0.0392,0.0010999999999999968,-108.682,-106.3129,461.6,-412.98
S1_range30m,1.0,1.75,0.3,0.8892,0.8827,0.00649999999999995,-0.0368,-0.0392,0.0023999999999999994,-111.436,-106.3129,866.57,-412.98
S1_range30m,1.0,1.75,-0.15,0.8793,0.8827,-0.0034000000000000696,-0.0408,-0.0392,-0.0016000000000000042,-103.7563,-106.3129,-1336.06,-412.98
S1_range30m,1.0,1.75,-0.3,0.8714,0.8827,-0.011300000000000088,-0.0439,-0.0392,-0.004700000000000003,-106.5737,-106.3129,-2131.6,-412.98
S1_range30m,1.0,2.0,0.15,0.8815,0.894,-0.012500000000000067,-0.036,-0.0318,-0.004199999999999995,-97.1606,-87.8984,-402.33,24.98
S1_range30m,1.0,2.0,0.3,0.8836,0.894,-0.010399999999999965,-0.0352,-0.0318,-0.0034000000000000002,-101.4585,-87.8984,215.8,24.98
S1_range30m,1.0,2.0,-0.15,0.8883,0.894,-0.005700000000000038,-0.034,-0.0318,-0.0022000000000000006,-87.942,-87.8984,-859.14,24.98
S1_range30m,1.0,2.0,-0.3,0.8844,0.894,-0.009600000000000053,-0.0355,-0.0318,-0.003699999999999995,-90.3498,-87.8984,-768.73,24.98
S1_range30m,1.25,0.5,0.15,0.8395,0.8192,0.020299999999999985,-0.1201,-0.1361,0.016,-312.5943,-345.2599,-2542.46,-3452.0
S1_range30m,1.25,0.5,0.3,0.8257,0.8192,0.00649999999999995,-0.1304,-0.1361,0.005700000000000011,-335.3669,-345.2599,-3241.83,-3452.0
S1_range30m,1.25,0.5,-0.15,0.8255,0.8192,0.006299999999999972,-0.1319,-0.1361,0.004200000000000009,-336.4773,-345.2599,-4020.48,-3452.0
S1_range30m,1.25,0.5,-0.3,0.8348,0.8192,0.015599999999999947,-0.1248,-0.1361,0.011300000000000004,-319.2652,-345.2599,-3642.51,-3452.0
S1_range30m,1.25,0.75,0.15,0.8498,0.8476,0.0021999999999999797,-0.0943,-0.0957,0.0013999999999999985,-234.512,-243.2796,-3482.5,-4159.61
S1_range30m,1.25,0.75,0.3,0.846,0.8476,-0.0016000000000000458,-0.0965,-0.0957,-0.000800000000000009,-247.7276,-243.2796,-2847.4,-4159.61
S1_range30m,1.25,0.75,-0.15,0.8485,0.8476,0.0009000000000000119,-0.0953,-0.0957,0.0003999999999999976,-237.0515,-243.2796,-3650.86,-4159.61
S1_range30m,1.25,0.75,-0.3,0.8522,0.8476,0.0045999999999999375,-0.0929,-0.0957,0.002799999999999997,-230.3535,-243.2796,-2836.2,-4159.61
S1_range30m,1.25,1.0,0.15,0.8671,0.8503,0.016800000000000037,-0.0712,-0.0809,0.0097,-180.7416,-203.754,-3175.22,-4018.34
S1_range30m,1.25,1.0,0.3,0.8586,0.8503,0.008300000000000085,-0.0758,-0.0809,0.005099999999999993,-195.1318,-203.754,-4062.42,-4018.34
S1_range30m,1.25,1.0,-0.15,0.8584,0.8503,0.008100000000000107,-0.0767,-0.0809,0.004199999999999995,-196.8685,-203.754,-3548.55,-4018.34
S1_range30m,1.25,1.0,-0.3,0.8552,0.8503,0.0049000000000000155,-0.0789,-0.0809,0.0020000000000000018,-197.6032,-203.754,-3583.0,-4018.34
S1_range30m,1.25,1.25,0.15,0.8575,0.8232,0.0343,-0.0672,-0.0852,0.018000000000000002,-182.769,-204.5219,-2989.85,-5778.06
S1_range30m,1.25,1.25,0.3,0.8598,0.8232,0.036599999999999966,-0.0658,-0.0852,0.0194,-182.3476,-204.5219,-3412.54,-5778.06
S1_range30m,1.25,1.25,-0.15,0.8488,0.8232,0.025599999999999956,-0.0722,-0.0852,0.012999999999999998,-177.9124,-204.5219,-5134.5,-5778.06
S1_range30m,1.25,1.25,-0.3,0.8482,0.8232,0.02499999999999991,-0.0727,-0.0852,0.012499999999999997,-176.8754,-204.5219,-5567.64,-5778.06
S1_range30m,1.25,1.5,0.15,0.8599,0.8394,0.020499999999999963,-0.0588,-0.0684,0.009600000000000004,-150.1012,-166.25,-2440.21,-3828.52
S1_range30m,1.25,1.5,0.3,0.8707,0.8394,0.031299999999999994,-0.0538,-0.0684,0.014600000000000002,-142.1989,-166.25,-1308.95,-3828.52
S1_range30m,1.25,1.5,-0.15,0.8442,0.8394,0.0047999999999999154,-0.0665,-0.0684,0.001899999999999999,-159.5249,-166.25,-4524.07,-3828.52
S1_range30m,1.25,1.5,-0.3,0.8493,0.8394,0.00990000000000002,-0.0642,-0.0684,0.004200000000000009,-147.52,-166.25,-4717.25,-3828.52
S1_range30m,1.25,1.75,0.15,0.8867,0.864,0.022700000000000053,-0.042,-0.0513,0.009299999999999996,-116.359,-127.7768,-200.39,-1733.72
S1_range30m,1.25,1.75,0.3,0.8985,0.864,0.034499999999999975,-0.0372,-0.0513,0.014100000000000001,-110.5746,-127.7768,363.07,-1733.72
S1_range30m,1.25,1.75,-0.15,0.8745,0.864,0.010500000000000065,-0.0472,-0.0513,0.0040999999999999995,-117.3614,-127.7768,-1925.98,-1733.72
S1_range30m,1.25,1.75,-0.3,0.8687,0.864,0.0047000000000000375,-0.0498,-0.0513,0.0015000000000000013,-115.8837,-127.7768,-3421.35,-1733.72
S1_range30m,1.25,2.0,0.15,0.8923,0.8864,0.005900000000000016,-0.0363,-0.0384,0.0020999999999999977,-99.8711,-102.4156,-764.6,-824.77
S1_range30m,1.25,2.0,0.3,0.8964,0.8864,0.010000000000000009,-0.0347,-0.0384,0.003699999999999995,-99.5179,-102.4156,-367.23,-824.77
S1_range30m,1.25,2.0,-0.15,0.8873,0.8864,0.0009000000000000119,-0.0384,-0.0384,0.0,-101.0859,-102.4156,-1088.61,-824.77
S1_range30m,1.25,2.0,-0.3,0.8893,0.8864,0.0029000000000000137,-0.0377,-0.0384,0.0006999999999999992,-96.3623,-102.4156,-1467.41,-824.77
S1_range30m,1.5,0.5,0.15,0.8615,0.8425,0.019000000000000017,-0.1068,-0.1222,0.015399999999999997,-284.2724,-315.5629,-2106.74,-2840.76
S1_range30m,1.5,0.5,0.3,0.8444,0.8425,0.0019000000000000128,-0.1201,-0.1222,0.0021000000000000046,-308.7064,-315.5629,-3425.73,-2840.76
S1_range30m,1.5,0.5,-0.15,0.8309,0.8425,-0.011600000000000055,-0.1323,-0.1222,-0.010099999999999998,-341.0822,-315.5629,-3811.92,-2840.76
S1_range30m,1.5,0.5,-0.3,0.8314,0.8425,-0.011099999999999999,-0.1322,-0.1222,-0.010000000000000009,-341.0797,-315.5629,-4366.99,-2840.76
S1_range30m,1.5,0.75,0.15,0.8699,0.8689,0.0010000000000000009,-0.0851,-0.0857,0.0006000000000000033,-216.1396,-216.7506,-2909.43,-3816.34
S1_range30m,1.5,0.75,0.3,0.8568,0.8689,-0.0121,-0.0938,-0.0857,-0.008099999999999996,-228.3392,-216.7506,-3414.25,-3816.34
S1_range30m,1.5,0.75,-0.15,0.8439,0.8689,-0.025000000000000022,-0.1032,-0.0857,-0.0175,-254.9872,-216.7506,-4269.05,-3816.34
S1_range30m,1.5,0.75,-0.3,0.8483,0.8689,-0.02059999999999995,-0.1001,-0.0857,-0.014399999999999996,-248.126,-216.7506,-4027.0,-3816.34
S1_range30m,1.5,1.0,0.15,0.8787,0.8723,0.006400000000000072,-0.0686,-0.0724,0.0038000000000000117,-170.9465,-186.2303,-2837.13,-3609.8
S1_range30m,1.5,1.0,0.3,0.8651,0.8723,-0.007199999999999984,-0.0764,-0.0724,-0.00399999999999999,-187.0894,-186.2303,-4728.31,-3609.8
S1_range30m,1.5,1.0,-0.15,0.8561,0.8723,-0.016199999999999992,-0.0827,-0.0724,-0.01029999999999999,-211.4664,-186.2303,-4148.73,-3609.8
S1_range30m,1.5,1.0,-0.3,0.8379,0.8723,-0.034399999999999986,-0.0942,-0.0724,-0.0218,-235.4195,-186.2303,-5439.22,-3609.8
S1_range30m,1.5,1.25,0.15,0.8679,0.8474,0.020499999999999963,-0.0662,-0.0774,0.011200000000000002,-179.335,-185.9826,-2715.18,-5397.72
S1_range30m,1.5,1.25,0.3,0.8688,0.8474,0.021399999999999975,-0.0653,-0.0774,0.0121,-174.5599,-185.9826,-4021.29,-5397.72
S1_range30m,1.5,1.25,-0.15,0.8421,0.8474,-0.005300000000000082,-0.0807,-0.0774,-0.0032999999999999974,-196.8942,-185.9826,-6255.3,-5397.72
S1_range30m,1.5,1.25,-0.3,0.8401,0.8474,-0.007300000000000084,-0.082,-0.0774,-0.004600000000000007,-201.6941,-185.9826,-7224.2,-5397.72
S1_range30m,1.5,1.5,0.15,0.8857,0.8674,0.018300000000000094,-0.0509,-0.0597,0.008800000000000002,-132.6401,-147.8381,-1766.04,-3479.46
S1_range30m,1.5,1.5,0.3,0.8844,0.8674,0.017000000000000015,-0.0513,-0.0597,0.008400000000000005,-133.105,-147.8381,-1793.13,-3479.46
S1_range30m,1.5,1.5,-0.15,0.8479,0.8674,-0.019499999999999962,-0.0695,-0.0597,-0.009800000000000003,-166.4785,-147.8381,-4961.34,-3479.46
S1_range30m,1.5,1.5,-0.3,0.8405,0.8674,-0.026899999999999924,-0.0734,-0.0597,-0.013700000000000004,-169.358,-147.8381,-6329.44,-3479.46
S1_range30m,1.5,1.75,0.15,0.9078,0.8897,0.018100000000000005,-0.0366,-0.0443,0.0076999999999999985,-106.9891,-109.8613,389.18,-1309.93
S1_range30m,1.5,1.75,0.3,0.9044,0.8897,0.014699999999999935,-0.0378,-0.0443,0.006499999999999999,-103.9759,-109.8613,-498.43,-1309.93
S1_range30m,1.5,1.75,-0.15,0.8758,0.8897,-0.013900000000000023,-0.0505,-0.0443,-0.006200000000000004,-120.5182,-109.8613,-2535.45,-1309.93
S1_range30m,1.5,1.75,-0.3,0.8597,0.8897,-0.030000000000000027,-0.0578,-0.0443,-0.013499999999999998,-130.8609,-109.8613,-5414.65,-1309.93
S1_range30m,1.5,2.0,0.15,0.9095,0.9073,0.0021999999999999797,-0.0329,-0.0337,0.0008000000000000021,-88.7066,-88.4451,-326.86,-650.05
S1_range30m,1.5,2.0,0.3,0.9078,0.9073,0.000500000000000056,-0.0333,-0.0337,0.0003999999999999976,-88.3957,-88.4451,-969.3,-650.05
S1_range30m,1.5,2.0,-0.15,0.8829,0.9073,-0.024399999999999977,-0.0434,-0.0337,-0.0097,-102.041,-88.4451,-2127.18,-650.05
S1_range30m,1.5,2.0,-0.3,0.8818,0.9073,-0.025499999999999967,-0.044,-0.0337,-0.010299999999999997,-105.755,-88.4451,-3133.61,-650.05
S1_range30m,1.75,0.5,0.15,0.8516,0.8371,0.014500000000000068,-0.1177,-0.1298,0.0121,-310.8291,-338.5052,-3450.5,-3669.56
S1_range30m,1.75,0.5,0.3,0.8278,0.8371,-0.009299999999999975,-0.137,-0.1298,-0.007200000000000012,-352.5829,-338.5052,-4204.76,-3669.56
S1_range30m,1.75,0.5,-0.15,0.8448,0.8371,0.00770000000000004,-0.1241,-0.1298,0.005699999999999997,-324.2639,-338.5052,-3530.71,-3669.56
S1_range30m,1.75,0.5,-0.3,0.8482,0.8371,0.011099999999999999,-0.1215,-0.1298,0.008300000000000002,-327.0788,-338.5052,-3171.66,-3669.56
S1_range30m,1.75,0.75,0.15,0.8622,0.8707,-0.008500000000000063,-0.0933,-0.0875,-0.0058,-230.9395,-222.3733,-4109.36,-4276.88
S1_range30m,1.75,0.75,0.3,0.8506,0.8707,-0.020100000000000007,-0.1015,-0.0875,-0.014000000000000012,-249.77,-222.3733,-3631.34,-4276.88
S1_range30m,1.75,0.75,-0.15,0.8603,0.8707,-0.010400000000000076,-0.095,-0.0875,-0.007500000000000007,-242.9045,-222.3733,-3771.66,-4276.88
S1_range30m,1.75,0.75,-0.3,0.866,0.8707,-0.0047000000000000375,-0.0911,-0.0875,-0.003600000000000006,-238.3514,-222.3733,-2543.09,-4276.88
S1_range30m,1.75,1.0,0.15,0.872,0.8686,0.0033999999999999586,-0.0755,-0.0778,0.0022999999999999965,-186.1779,-197.8532,-3901.01,-4393.95
S1_range30m,1.75,1.0,0.3,0.8646,0.8686,-0.0040000000000000036,-0.0799,-0.0778,-0.0021000000000000046,-200.8315,-197.8532,-4746.23,-4393.95
S1_range30m,1.75,1.0,-0.15,0.879,0.8686,0.010399999999999965,-0.0718,-0.0778,0.0059999999999999915,-191.7649,-197.8532,-3542.06,-4393.95
S1_range30m,1.75,1.0,-0.3,0.8681,0.8686,-0.000500000000000056,-0.079,-0.0778,-0.0012000000000000066,-210.1007,-197.8532,-3522.31,-4393.95
S1_range30m,1.75,1.25,0.15,0.87,0.8539,0.016100000000000003,-0.0681,-0.0775,0.009400000000000006,-182.0017,-187.3084,-3665.3,-6175.31
S1_range30m,1.75,1.25,0.3,0.8727,0.8539,0.01880000000000004,-0.0664,-0.0775,0.011099999999999999,-178.2372,-187.3084,-3931.63,-6175.31
S1_range30m,1.75,1.25,-0.15,0.8718,0.8539,0.017900000000000027,-0.0677,-0.0775,0.009800000000000003,-173.6771,-187.3084,-5429.13,-6175.31
S1_range30m,1.75,1.25,-0.3,0.8698,0.8539,0.015900000000000025,-0.0691,-0.0775,0.008400000000000005,-179.849,-187.3084,-5333.79,-6175.31
S1_range30m,1.75,1.5,0.15,0.8857,0.8783,0.007400000000000073,-0.0536,-0.0575,0.0039000000000000007,-139.9706,-145.5381,-2289.69,-3882.41
S1_range30m,1.75,1.5,0.3,0.887,0.8783,0.008700000000000041,-0.0528,-0.0575,0.004700000000000003,-137.8947,-145.5381,-1411.5,-3882.41
S1_range30m,1.75,1.5,-0.15,0.8804,0.8783,0.0020999999999999908,-0.0567,-0.0575,0.0008000000000000021,-144.7842,-145.5381,-3923.25,-3882.41
S1_range30m,1.75,1.5,-0.3,0.8759,0.8783,-0.0023999999999999577,-0.0591,-0.0575,-0.0015999999999999973,-147.4561,-145.5381,-4051.08,-3882.41
S1_range30m,1.75,1.75,0.15,0.9054,0.8959,0.009499999999999953,-0.0398,-0.0442,0.004400000000000001,-109.184,-112.7948,-89.65,-1488.84
S1_range30m,1.75,1.75,0.3,0.8965,0.8959,0.0005999999999999339,-0.0436,-0.0442,0.0006000000000000033,-119.1852,-112.7948,-262.39,-1488.84
S1_range30m,1.75,1.75,-0.15,0.909,0.8959,0.0131,-0.0386,-0.0442,0.005600000000000001,-101.7242,-112.7948,-1267.63,-1488.84
S1_range30m,1.75,1.75,-0.3,0.8951,0.8959,-0.0008000000000000229,-0.045,-0.0442,-0.0007999999999999952,-111.8528,-112.7948,-3130.26,-1488.84
S1_range30m,1.75,2.0,0.15,0.9097,0.9055,0.0041999999999999815,-0.035,-0.0366,0.0015999999999999973,-94.1745,-96.5793,-676.84,-1361.31
S1_range30m,1.75,2.0,0.3,0.905,0.9055,-0.0004999999999999449,-0.0367,-0.0366,-0.00010000000000000286,-95.7534,-96.5793,-412.9,-1361.31
S1_range30m,1.75,2.0,-0.15,0.9099,0.9055,0.0044000000000000705,-0.0351,-0.0366,0.0015000000000000013,-92.6816,-96.5793,-1417.75,-1361.31
S1_range30m,1.75,2.0,-0.3,0.9115,0.9055,0.006000000000000005,-0.0345,-0.0366,0.0020999999999999977,-94.1209,-96.5793,-1107.8,-1361.31
S1_range30m,2.0,0.5,0.15,0.8605,0.8357,0.024800000000000044,-0.1124,-0.1333,0.020900000000000002,-304.8646,-352.5729,-2728.54,-3557.1
S1_range30m,2.0,0.5,0.3,0.8425,0.8357,0.006800000000000028,-0.127,-0.1333,0.0063,-335.038,-352.5729,-3628.44,-3557.1
S1_range30m,2.0,0.5,-0.15,0.8356,0.8357,-9.999999999998899e-05,-0.1342,-0.1333,-0.0009000000000000119,-355.6879,-352.5729,-4387.02,-3557.1
S1_range30m,2.0,0.5,-0.3,0.8467,0.8357,0.01100000000000001,-0.1251,-0.1333,0.008200000000000013,-336.8967,-352.5729,-3923.67,-3557.1
S1_range30m,2.0,0.75,0.15,0.8641,0.8798,-0.015700000000000047,-0.0943,-0.0831,-0.011200000000000002,-240.6875,-222.2697,-3796.63,-3812.16
S1_range30m,2.0,0.75,0.3,0.8619,0.8798,-0.017900000000000027,-0.0958,-0.0831,-0.012700000000000003,-246.7157,-222.2697,-2762.64,-3812.16
S1_range30m,2.0,0.75,-0.15,0.8658,0.8798,-0.014000000000000012,-0.0935,-0.0831,-0.010400000000000006,-242.5486,-222.2697,-4058.88,-3812.16
S1_range30m,2.0,0.75,-0.3,0.874,0.8798,-0.005800000000000027,-0.0876,-0.0831,-0.004500000000000004,-230.2872,-222.2697,-2983.29,-3812.16
S1_range30m,2.0,1.0,0.15,0.881,0.8844,-0.0033999999999999586,-0.0721,-0.07,-0.0020999999999999908,-188.2934,-192.5765,-3774.16,-3825.76
S1_range30m,2.0,1.0,0.3,0.8793,0.8844,-0.005099999999999993,-0.073,-0.07,-0.002999999999999989,-195.9817,-192.5765,-3789.44,-3825.76
S1_range30m,2.0,1.0,-0.15,0.8836,0.8844,-0.0007999999999999119,-0.0711,-0.07,-0.0010999999999999899,-200.5142,-192.5765,-4040.88,-3825.76
S1_range30m,2.0,1.0,-0.3,0.8834,0.8844,-0.0010000000000000009,-0.0716,-0.07,-0.0015999999999999903,-195.4733,-192.5765,-4003.96,-3825.76
S1_range30m,2.0,1.25,0.15,0.8862,0.8739,0.012299999999999978,-0.0615,-0.0686,0.007099999999999995,-181.3768,-180.5015,-3165.47,-5449.35
S1_range30m,2.0,1.25,0.3,0.8926,0.8739,0.01869999999999994,-0.0577,-0.0686,0.010899999999999993,-173.4093,-180.5015,-2546.14,-5449.35
S1_range30m,2.0,1.25,-0.15,0.8813,0.8739,0.007399999999999962,-0.0648,-0.0686,0.003799999999999998,-173.7081,-180.5015,-5699.1,-5449.35
S1_range30m,2.0,1.25,-0.3,0.8968,0.8739,0.02290000000000003,-0.0561,-0.0686,0.012499999999999997,-155.499,-180.5015,-5239.19,-5449.35
S1_range30m,2.0,1.5,0.15,0.9015,0.9033,-0.0018000000000000238,-0.0478,-0.047,-0.0008000000000000021,-137.5326,-133.2688,-1195.63,-2620.4
S1_range30m,2.0,1.5,0.3,0.9131,0.9033,0.009800000000000031,-0.0419,-0.047,0.0051,-127.6151,-133.2688,652.32,-2620.4
S1_range30m,2.0,1.5,-0.15,0.8879,0.9033,-0.01539999999999997,-0.0552,-0.047,-0.008199999999999999,-148.5393,-133.2688,-4368.5,-2620.4
S1_range30m,2.0,1.5,-0.3,0.8971,0.9033,-0.006199999999999983,-0.0505,-0.047,-0.003500000000000003,-134.2453,-133.2688,-4397.69,-2620.4
S1_range30m,2.0,1.75,0.15,0.9225,0.9143,0.008199999999999985,-0.0338,-0.0376,0.0038000000000000048,-110.3328,-107.5293,999.72,-865.09
S1_range30m,2.0,1.75,0.3,0.9227,0.9143,0.008399999999999963,-0.0337,-0.0376,0.0039000000000000007,-112.2261,-107.5293,1989.32,-865.09
S1_range30m,2.0,1.75,-0.15,0.9174,0.9143,0.0030999999999999917,-0.0365,-0.0376,0.0011000000000000038,-103.479,-107.5293,-1411.53,-865.09
S1_range30m,2.0,1.75,-0.3,0.921,0.9143,0.006700000000000039,-0.035,-0.0376,0.002599999999999998,-93.9479,-107.5293,-3043.1,-865.09
S1_range30m,2.0,2.0,0.15,0.9268,0.9332,-0.006400000000000072,-0.0295,-0.0267,-0.002799999999999997,-95.376,-87.4154,427.89,-255.69
S1_range30m,2.0,2.0,0.3,0.9314,0.9332,-0.0018000000000000238,-0.0275,-0.0267,-0.0007999999999999986,-89.2179,-87.4154,1898.72,-255.69
S1_range30m,2.0,2.0,-0.15,0.9216,0.9332,-0.011600000000000055,-0.0319,-0.0267,-0.005199999999999996,-92.3034,-87.4154,-1570.96,-255.69
S1_range30m,2.0,2.0,-0.3,0.9376,0.9332,0.0043999999999999595,-0.0252,-0.0267,0.0015000000000000013,-80.1563,-87.4154,-835.32,-255.69
S2_atr60m,0.5,0.5,0.15,0.8149,0.826,-0.011099999999999999,-0.1017,-0.0949,-0.0068000000000000005,-298.9814,-279.9672,-3662.65,-3477.79
S2_atr60m,0.5,0.5,0.3,0.8177,0.826,-0.008299999999999974,-0.0999,-0.0949,-0.0050000000000000044,-289.5711,-279.9672,-3450.69,-3477.79
S2_atr60m,0.5,0.5,-0.15,0.844,0.826,0.018000000000000016,-0.0843,-0.0949,0.010599999999999998,-257.1317,-279.9672,-2383.63,-3477.79
S2_atr60m,0.5,0.5,-0.3,0.8459,0.826,0.01990000000000003,-0.0832,-0.0949,0.011700000000000002,-258.6249,-279.9672,-1972.84,-3477.79
S2_atr60m,0.5,0.75,0.15,0.8112,0.8199,-0.00869999999999993,-0.0822,-0.0779,-0.004299999999999998,-233.131,-224.5477,-4905.33,-4433.51
S2_atr60m,0.5,0.75,0.3,0.8214,0.8199,0.0015000000000000568,-0.0771,-0.0779,0.0007999999999999952,-219.4001,-224.5477,-4694.93,-4433.51
S2_atr60m,0.5,0.75,-0.15,0.83,0.8199,0.010099999999999998,-0.0731,-0.0779,0.004799999999999999,-214.7365,-224.5477,-3239.13,-4433.51
S2_atr60m,0.5,0.75,-0.3,0.8298,0.8199,0.00990000000000002,-0.0732,-0.0779,0.004699999999999996,-215.7911,-224.5477,-2891.89,-4433.51
S2_atr60m,0.5,1.0,0.15,0.7986,0.8156,-0.017000000000000015,-0.0733,-0.0662,-0.007100000000000009,-205.9764,-188.6078,-4711.41,-4096.82
S2_atr60m,0.5,1.0,0.3,0.7821,0.8156,-0.033499999999999974,-0.0802,-0.0662,-0.013999999999999999,-222.11,-188.6078,-4909.5,-4096.82
S2_atr60m,0.5,1.0,-0.15,0.8036,0.8156,-0.01200000000000001,-0.0713,-0.0662,-0.005100000000000007,-197.9276,-188.6078,-4559.46,-4096.82
S2_atr60m,0.5,1.0,-0.3,0.8062,0.8156,-0.009399999999999964,-0.0702,-0.0662,-0.0040000000000000036,-194.1264,-188.6078,-4311.47,-4096.82
S2_atr60m,0.5,1.25,0.15,0.8192,0.8338,-0.014599999999999946,-0.0551,-0.0501,-0.0050000000000000044,-155.577,-144.5722,-4632.85,-4091.98
S2_atr60m,0.5,1.25,0.3,0.8127,0.8338,-0.021100000000000008,-0.0574,-0.0501,-0.007300000000000001,-158.867,-144.5722,-4753.38,-4091.98
S2_atr60m,0.5,1.25,-0.15,0.8364,0.8338,0.0026000000000000467,-0.0493,-0.0501,0.0008000000000000021,-139.605,-144.5722,-3873.7,-4091.98
S2_atr60m,0.5,1.25,-0.3,0.8314,0.8338,-0.0023999999999999577,-0.0511,-0.0501,-0.0010000000000000009,-145.1906,-144.5722,-3771.69,-4091.98
S2_atr60m,0.5,1.5,0.15,0.8115,0.8059,0.005600000000000049,-0.0505,-0.0524,0.001899999999999999,-137.2707,-140.1838,-4476.91,-5032.44
S2_atr60m,0.5,1.5,0.3,0.8133,0.8059,0.007400000000000073,-0.0499,-0.0524,0.0025000000000000022,-135.8164,-140.1838,-3791.54,-5032.44
S2_atr60m,0.5,1.5,-0.15,0.8056,0.8059,-0.00029999999999996696,-0.0525,-0.0524,-9.999999999999593e-05,-140.0,-140.1838,-4533.32,-5032.44
S2_atr60m,0.5,1.5,-0.3,0.8099,0.8059,0.0040000000000000036,-0.0512,-0.0524,0.0011999999999999997,-137.6413,-140.1838,-4126.31,-5032.44
S2_atr60m,0.5,1.75,0.15,0.8091,0.8134,-0.0042999999999999705,-0.0454,-0.0443,-0.0011000000000000038,-119.4768,-113.7772,-4315.26,-4340.29
S2_atr60m,0.5,1.75,0.3,0.8133,0.8134,-9.999999999998899e-05,-0.0441,-0.0443,0.0001999999999999988,-119.6736,-113.7772,-4016.58,-4340.29
S2_atr60m,0.5,1.75,-0.15,0.8169,0.8134,0.0034999999999999476,-0.0434,-0.0443,0.000899999999999998,-114.4474,-113.7772,-4657.63,-4340.29
S2_atr60m,0.5,1.75,-0.3,0.8116,0.8134,-0.0018000000000000238,-0.0448,-0.0443,-0.0005000000000000004,-118.4129,-113.7772,-4202.18,-4340.29
S2_atr60m,0.5,2.0,0.15,0.8098,0.8101,-0.000300000000000078,-0.0405,-0.0405,0.0,-106.8336,-106.1504,-4144.27,-4235.84
S2_atr60m,0.5,2.0,0.3,0.8124,0.8101,0.0022999999999999687,-0.0398,-0.0405,0.0006999999999999992,-108.5392,-106.1504,-3990.95,-4235.84
S2_atr60m,0.5,2.0,-0.15,0.802,0.8101,-0.008099999999999996,-0.0425,-0.0405,-0.0020000000000000018,-106.612,-106.1504,-4894.0,-4235.84
S2_atr60m,0.5,2.0,-0.3,0.807,0.8101,-0.0030999999999999917,-0.0413,-0.0405,-0.0008000000000000021,-104.0395,-106.1504,-4665.07,-4235.84
S2_atr60m,0.75,0.5,0.15,0.8465,0.8538,-0.007299999999999973,-0.0987,-0.0938,-0.004900000000000002,-292.5889,-285.3871,-3019.52,-2781.25
S2_atr60m,0.75,0.5,0.3,0.8593,0.8538,0.005499999999999949,-0.0899,-0.0938,0.0039000000000000007,-276.2928,-285.3871,-2304.33,-2781.25
S2_atr60m,0.75,0.5,-0.15,0.8831,0.8538,0.029299999999999993,-0.0739,-0.0938,0.0199,-238.6124,-285.3871,-2019.13,-2781.25
S2_atr60m,0.75,0.5,-0.3,0.8865,0.8538,0.03269999999999995,-0.0718,-0.0938,0.021999999999999992,-235.1722,-285.3871,-1764.0,-2781.25
S2_atr60m,0.75,0.75,0.15,0.8592,0.8572,0.0020000000000000018,-0.0735,-0.0747,0.0012000000000000066,-211.7106,-215.5572,-3438.52,-3319.25
S2_atr60m,0.75,0.75,0.3,0.8709,0.8572,0.013700000000000045,-0.0669,-0.0747,0.007800000000000001,-200.5109,-215.5572,-2938.47,-3319.25
S2_atr60m,0.75,0.75,-0.15,0.8603,0.8572,0.0030999999999999917,-0.0729,-0.0747,0.001799999999999996,-216.816,-215.5572,-3294.39,-3319.25
S2_atr60m,0.75,0.75,-0.3,0.8606,0.8572,0.0034000000000000696,-0.0728,-0.0747,0.001899999999999999,-213.1324,-215.5572,-3268.35,-3319.25
S2_atr60m,0.75,1.0,0.15,0.8551,0.8687,-0.013600000000000056,-0.0642,-0.0578,-0.006399999999999996,-185.3277,-167.8141,-2535.72,-2201.52
S2_atr60m,0.75,1.0,0.3,0.8476,0.8687,-0.021100000000000008,-0.0678,-0.0578,-0.010000000000000002,-196.3919,-167.8141,-2256.72,-2201.52
S2_atr60m,0.75,1.0,-0.15,0.8511,0.8687,-0.01760000000000006,-0.0662,-0.0578,-0.008399999999999998,-186.176,-167.8141,-3895.26,-2201.52
S2_atr60m,0.75,1.0,-0.3,0.8566,0.8687,-0.0121,-0.0636,-0.0578,-0.0058000000000000065,-177.623,-167.8141,-3724.38,-2201.52
S2_atr60m,0.75,1.25,0.15,0.8656,0.8715,-0.005900000000000016,-0.0512,-0.0488,-0.0023999999999999994,-153.2925,-148.7952,-2495.94,-2149.43
S2_atr60m,0.75,1.25,0.3,0.8673,0.8715,-0.0042000000000000925,-0.0504,-0.0488,-0.0015999999999999973,-150.4848,-148.7952,-2043.82,-2149.43
S2_atr60m,0.75,1.25,-0.15,0.8717,0.8715,0.00019999999999997797,-0.0487,-0.0488,0.00010000000000000286,-147.0301,-148.7952,-3130.57,-2149.43
S2_atr60m,0.75,1.25,-0.3,0.8799,0.8715,0.008399999999999963,-0.0455,-0.0488,0.0033000000000000043,-134.3916,-148.7952,-3054.75,-2149.43
S2_atr60m,0.75,1.5,0.15,0.8585,0.8488,0.009700000000000042,-0.0479,-0.0516,0.003700000000000002,-140.4405,-147.5555,-2381.02,-3131.83
S2_atr60m,0.75,1.5,0.3,0.8737,0.8488,0.024900000000000033,-0.0421,-0.0516,0.009500000000000001,-128.8454,-147.5555,-833.05,-3131.83
S2_atr60m,0.75,1.5,-0.15,0.8447,0.8488,-0.0040999999999999925,-0.0531,-0.0516,-0.0015000000000000013,-152.6227,-147.5555,-3697.24,-3131.83
S2_atr60m,0.75,1.5,-0.3,0.8575,0.8488,0.008700000000000041,-0.0484,-0.0516,0.0032000000000000015,-137.5255,-147.5555,-3176.38,-3131.83
S2_atr60m,0.75,1.75,0.15,0.8602,0.8516,0.008599999999999941,-0.0422,-0.0451,0.0029,-128.9573,-130.2905,-1989.14,-2379.26
S2_atr60m,0.75,1.75,0.3,0.8673,0.8516,0.015699999999999936,-0.0398,-0.0451,0.005299999999999999,-124.4047,-130.2905,-1513.4,-2379.26
S2_atr60m,0.75,1.75,-0.15,0.8417,0.8516,-0.00990000000000002,-0.0486,-0.0451,-0.003499999999999996,-136.3734,-130.2905,-4331.16,-2379.26
S2_atr60m,0.75,1.75,-0.3,0.8455,0.8516,-0.006099999999999994,-0.0474,-0.0451,-0.0022999999999999965,-129.6059,-130.2905,-3899.96,-2379.26
S2_atr60m,0.75,2.0,0.15,0.8408,0.836,0.0048000000000000265,-0.0441,-0.0456,0.0015000000000000013,-125.8441,-128.4951,-2879.84,-2779.32
S2_atr60m,0.75,2.0,0.3,0.854,0.836,0.018000000000000016,-0.0399,-0.0456,0.005700000000000004,-118.9704,-128.4951,-2160.0,-2779.32
S2_atr60m,0.75,2.0,-0.15,0.8185,0.836,-0.01749999999999996,-0.0512,-0.0456,-0.005600000000000001,-133.3202,-128.4951,-4870.36,-2779.32
S2_atr60m,0.75,2.0,-0.3,0.8336,0.836,-0.0023999999999999577,-0.0464,-0.0456,-0.0007999999999999952,-121.8781,-128.4951,-3695.43,-2779.32
S2_atr60m,1.0,0.5,0.15,0.8652,0.8855,-0.020299999999999985,-0.0948,-0.0801,-0.01469999999999999,-292.0426,-244.3877,-3257.67,-2034.02
S2_atr60m,1.0,0.5,0.3,0.8793,0.8855,-0.006199999999999983,-0.0844,-0.0801,-0.004299999999999998,-268.0385,-244.3877,-2401.15,-2034.02
S2_atr60m,1.0,0.5,-0.15,0.9056,0.8855,0.020100000000000007,-0.0655,-0.0801,0.014600000000000002,-213.0314,-244.3877,-1407.07,-2034.02
S2_atr60m,1.0,0.5,-0.3,0.8938,0.8855,0.008300000000000085,-0.074,-0.0801,0.006100000000000008,-239.0335,-244.3877,-1724.7,-2034.02
S2_atr60m,1.0,0.75,0.15,0.8845,0.896,-0.011500000000000066,-0.0674,-0.0605,-0.006900000000000003,-196.4676,-177.8278,-3327.1,-2119.94
S2_atr60m,1.0,0.75,0.3,0.8917,0.896,-0.0042999999999999705,-0.0628,-0.0605,-0.0022999999999999965,-186.983,-177.8278,-3010.24,-2119.94
S2_atr60m,1.0,0.75,-0.15,0.8949,0.896,-0.0010999999999999899,-0.0611,-0.0605,-0.0006000000000000033,-183.1956,-177.8278,-2474.84,-2119.94
S2_atr60m,1.0,0.75,-0.3,0.8794,0.896,-0.01660000000000006,-0.0706,-0.0605,-0.010099999999999998,-205.2692,-177.8278,-3056.17,-2119.94
S2_atr60m,1.0,1.0,0.15,0.874,0.8954,-0.021399999999999975,-0.0636,-0.0523,-0.011300000000000004,-183.5054,-153.1777,-2855.2,-1757.82
S2_atr60m,1.0,1.0,0.3,0.874,0.8954,-0.021399999999999975,-0.0634,-0.0523,-0.011099999999999999,-187.135,-153.1777,-2327.43,-1757.82
S2_atr60m,1.0,1.0,-0.15,0.8768,0.8954,-0.01859999999999995,-0.0622,-0.0523,-0.009899999999999999,-170.4911,-153.1777,-3300.58,-1757.82
S2_atr60m,1.0,1.0,-0.3,0.866,0.8954,-0.02939999999999998,-0.0681,-0.0523,-0.015799999999999995,-180.6614,-153.1777,-3710.37,-1757.82
S2_atr60m,1.0,1.25,0.15,0.9118,0.9183,-0.00649999999999995,-0.0381,-0.0353,-0.002800000000000004,-120.1294,-115.3691,-1153.28,-317.7
S2_atr60m,1.0,1.25,0.3,0.9081,0.9183,-0.010199999999999987,-0.0397,-0.0353,-0.004400000000000001,-126.2914,-115.3691,-1517.08,-317.7
S2_atr60m,1.0,1.25,-0.15,0.9194,0.9183,0.0010999999999999899,-0.0349,-0.0353,0.0003999999999999976,-113.5064,-115.3691,-1069.44,-317.7
S2_atr60m,1.0,1.25,-0.3,0.9094,0.9183,-0.008900000000000019,-0.0395,-0.0353,-0.004200000000000002,-118.5975,-115.3691,-1902.72,-317.7
S2_atr60m,1.0,1.5,0.15,0.8922,0.9002,-0.008000000000000007,-0.042,-0.0388,-0.0032000000000000015,-120.9517,-116.5006,-2244.08,-1574.08
S2_atr60m,1.0,1.5,0.3,0.9138,0.9002,0.013599999999999945,-0.033,-0.0388,0.0058,-104.6952,-116.5006,-321.81,-1574.08
S2_atr60m,1.0,1.5,-0.15,0.8987,0.9002,-0.0014999999999999458,-0.0394,-0.0388,-0.0005999999999999964,-120.7753,-116.5006,-1586.01,-1574.08
S2_atr60m,1.0,1.5,-0.3,0.8915,0.9002,-0.008700000000000041,-0.0425,-0.0388,-0.003700000000000002,-123.6069,-116.5006,-1942.33,-1574.08
S2_atr60m,1.0,1.75,0.15,0.8928,0.9018,-0.009000000000000008,-0.0376,-0.0343,-0.0033000000000000043,-110.4939,-101.7834,-1640.86,-979.5
S2_atr60m,1.0,1.75,0.3,0.8995,0.9018,-0.0023000000000000798,-0.035,-0.0343,-0.0007000000000000062,-108.506,-101.7834,-839.31,-979.5
S2_atr60m,1.0,1.75,-0.15,0.8968,0.9018,-0.0050000000000000044,-0.0363,-0.0343,-0.0020000000000000018,-107.4819,-101.7834,-2347.43,-979.5
S2_atr60m,1.0,1.75,-0.3,0.8792,0.9018,-0.022600000000000064,-0.043,-0.0343,-0.0087,-119.0016,-101.7834,-3306.61,-979.5
S2_atr60m,1.0,2.0,0.15,0.8747,0.8779,-0.0031999999999999806,-0.0404,-0.0394,-0.0010000000000000009,-109.1854,-111.712,-2602.41,-2174.31
S2_atr60m,1.0,2.0,0.3,0.8804,0.8779,0.0024999999999999467,-0.0383,-0.0394,0.0010999999999999968,-110.6328,-111.712,-1956.29,-2174.31
S2_atr60m,1.0,2.0,-0.15,0.8723,0.8779,-0.005600000000000049,-0.0414,-0.0394,-0.0020000000000000018,-109.9295,-111.712,-2949.51,-2174.31
S2_atr60m,1.0,2.0,-0.3,0.8693,0.8779,-0.008600000000000052,-0.0424,-0.0394,-0.0030000000000000027,-111.7711,-111.712,-2370.97,-2174.31
S2_atr60m,1.25,0.5,0.15,0.8635,0.8888,-0.02529999999999999,-0.102,-0.0826,-0.019399999999999987,-298.6985,-251.605,-3812.4,-2366.3
S2_atr60m,1.25,0.5,0.3,0.8803,0.8888,-0.008500000000000063,-0.0889,-0.0826,-0.0063,-267.7442,-251.605,-3569.27,-2366.3
S2_atr60m,1.25,0.5,-0.15,0.9032,0.8888,0.014399999999999968,-0.0717,-0.0826,0.010900000000000007,-223.484,-251.605,-1253.93,-2366.3
S2_atr60m,1.25,0.5,-0.3,0.9081,0.8888,0.019299999999999984,-0.0679,-0.0826,0.014700000000000005,-231.9144,-251.605,-753.6,-2366.3
S2_atr60m,1.25,0.75,0.15,0.8839,0.8974,-0.013499999999999956,-0.0733,-0.0645,-0.008800000000000002,-198.4661,-176.7668,-4023.33,-2818.65
S2_atr60m,1.25,0.75,0.3,0.8961,0.8974,-0.0012999999999999678,-0.0651,-0.0645,-0.0006000000000000033,-178.3593,-176.7668,-3950.64,-2818.65
S2_atr60m,1.25,0.75,-0.15,0.8924,0.8974,-0.0050000000000000044,-0.0679,-0.0645,-0.0034000000000000002,-186.7626,-176.7668,-2703.45,-2818.65
S2_atr60m,1.25,0.75,-0.3,0.8966,0.8974,-0.0008000000000000229,-0.0652,-0.0645,-0.0006999999999999923,-186.5902,-176.7668,-1983.95,-2818.65
S2_atr60m,1.25,1.0,0.15,0.8757,0.8906,-0.014899999999999913,-0.0685,-0.06,-0.008500000000000008,-182.8144,-157.7241,-3845.76,-3256.0
S2_atr60m,1.25,1.0,0.3,0.8808,0.8906,-0.00979999999999992,-0.0654,-0.06,-0.005400000000000002,-184.6449,-157.7241,-3378.24,-3256.0
S2_atr60m,1.25,1.0,-0.15,0.8797,0.8906,-0.01089999999999991,-0.0665,-0.06,-0.006500000000000006,-167.1784,-157.7241,-3842.88,-3256.0
S2_atr60m,1.25,1.0,-0.3,0.8976,0.8906,0.007000000000000006,-0.0564,-0.06,0.003599999999999999,-151.2627,-157.7241,-2365.52,-3256.0
S2_atr60m,1.25,1.25,0.15,0.9176,0.9212,-0.0036000000000000476,-0.0394,-0.0376,-0.001799999999999996,-115.0944,-110.5974,-1793.74,-1388.59
S2_atr60m,1.25,1.25,0.3,0.9149,0.9212,-0.006299999999999972,-0.0406,-0.0376,-0.0029999999999999957,-121.5283,-110.5974,-2240.83,-1388.59
S2_atr60m,1.25,1.25,-0.15,0.9345,0.9212,0.013299999999999979,-0.0312,-0.0376,0.006400000000000003,-103.1227,-110.5974,-422.98,-1388.59
S2_atr60m,1.25,1.25,-0.3,0.9432,0.9212,0.02200000000000002,-0.027,-0.0376,0.010600000000000002,-101.9358,-110.5974,-126.24,-1388.59
S2_atr60m,1.25,1.5,0.15,0.8988,0.9017,-0.0028999999999999027,-0.0438,-0.0426,-0.0011999999999999997,-113.0445,-110.9316,-3323.34,-3342.08
S2_atr60m,1.25,1.5,0.3,0.9205,0.9017,0.01880000000000004,-0.0339,-0.0426,0.0087,-98.2751,-110.9316,-1761.26,-3342.08
S2_atr60m,1.25,1.5,-0.15,0.9164,0.9017,0.014700000000000046,-0.036,-0.0426,0.006600000000000002,-99.2601,-110.9316,-1392.2,-3342.08
S2_atr60m,1.25,1.5,-0.3,0.9274,0.9017,0.025700000000000056,-0.0311,-0.0426,0.0115,-96.9549,-110.9316,-371.08,-3342.08
S2_atr60m,1.25,1.75,0.15,0.9084,0.9066,0.0018000000000000238,-0.0357,-0.0365,0.0007999999999999952,-92.9365,-89.3253,-2913.83,-2926.42
S2_atr60m,1.25,1.75,0.3,0.9195,0.9066,0.012900000000000023,-0.0311,-0.0365,0.0053999999999999986,-83.1787,-89.3253,-2282.34,-2926.42
S2_atr60m,1.25,1.75,-0.15,0.9092,0.9066,0.0026000000000000467,-0.0356,-0.0365,0.000899999999999998,-91.6109,-89.3253,-2965.34,-2926.42
S2_atr60m,1.25,1.75,-0.3,0.9075,0.9066,0.0009000000000000119,-0.0364,-0.0365,9.999999999999593e-05,-99.0057,-89.3253,-2781.43,-2926.42
S2_atr60m,1.25,2.0,0.15,0.8952,0.8816,0.013599999999999945,-0.0376,-0.0429,0.005299999999999999,-91.6968,-105.1603,-3647.55,-4172.66
S2_atr60m,1.25,2.0,0.3,0.9042,0.8816,0.022599999999999953,-0.0341,-0.0429,0.008800000000000002,-84.7531,-105.1603,-3335.28,-4172.66
S2_atr60m,1.25,2.0,-0.15,0.8945,0.8816,0.012899999999999912,-0.0381,-0.0429,0.004799999999999999,-93.4995,-105.1603,-2921.6,-4172.66
S2_atr60m,1.25,2.0,-0.3,0.8939,0.8816,0.012299999999999978,-0.0383,-0.0429,0.0046,-97.1562,-105.1603,-2956.57,-4172.66
S2_atr60m,1.5,0.5,0.15,0.865,0.8829,-0.017900000000000027,-0.1053,-0.091,-0.014300000000000007,-310.0391,-277.6429,-4214.31,-2823.14
S2_atr60m,1.5,0.5,0.3,0.8794,0.8829,-0.0035000000000000586,-0.0936,-0.091,-0.002600000000000005,-281.6703,-277.6429,-3642.1,-2823.14
S2_atr60m,1.5,0.5,-0.15,0.9142,0.8829,0.031299999999999994,-0.0663,-0.091,0.0247,-211.9273,-277.6429,-1249.47,-2823.14
S2_atr60m,1.5,0.5,-0.3,0.898,0.8829,0.015100000000000002,-0.079,-0.091,0.011999999999999997,-250.5313,-277.6429,-1660.68,-2823.14
S2_atr60m,1.5,0.75,0.15,0.8966,0.9118,-0.015200000000000102,-0.0687,-0.0585,-0.010199999999999994,-191.3604,-166.4246,-4155.76,-2680.57
S2_atr60m,1.5,0.75,0.3,0.9073,0.9118,-0.0045000000000000595,-0.0612,-0.0585,-0.002699999999999994,-173.3698,-166.4246,-3369.95,-2680.57
S2_atr60m,1.5,0.75,-0.15,0.916,0.9118,0.0041999999999999815,-0.0556,-0.0585,0.0029000000000000067,-158.0866,-166.4246,-2138.09,-2680.57
S2_atr60m,1.5,0.75,-0.3,0.8981,0.9118,-0.013700000000000045,-0.068,-0.0585,-0.009500000000000001,-188.5361,-166.4246,-3014.67,-2680.57
S2_atr60m,1.5,1.0,0.15,0.9071,0.9296,-0.022499999999999964,-0.0539,-0.0406,-0.013300000000000006,-158.3046,-120.3406,-2202.01,-1166.53
S2_atr60m,1.5,1.0,0.3,0.9074,0.9296,-0.022199999999999998,-0.0536,-0.0406,-0.013000000000000005,-162.3849,-120.3406,-1410.65,-1166.53
S2_atr60m,1.5,1.0,-0.15,0.9073,0.9296,-0.022299999999999986,-0.0542,-0.0406,-0.013600000000000001,-138.5303,-120.3406,-2767.98,-1166.53
S2_atr60m,1.5,1.0,-0.3,0.914,0.9296,-0.015599999999999947,-0.0502,-0.0406,-0.009600000000000004,-130.9034,-120.3406,-2229.99,-1166.53
S2_atr60m,1.5,1.25,0.15,0.9394,0.951,-0.011599999999999944,-0.0309,-0.0249,-0.006000000000000002,-105.0867,-90.1556,-291.12,530.13
S2_atr60m,1.5,1.25,0.3,0.9273,0.951,-0.023699999999999943,-0.0371,-0.0249,-0.012200000000000003,-116.173,-90.1556,-916.35,530.13
S2_atr60m,1.5,1.25,-0.15,0.9523,0.951,0.0013000000000000789,-0.0243,-0.0249,0.0005999999999999998,-88.4157,-90.1556,674.28,530.13
S2_atr60m,1.5,1.25,-0.3,0.9466,0.951,-0.0043999999999999595,-0.0273,-0.0249,-0.002400000000000003,-91.1683,-90.1556,-104.2,530.13
S2_atr60m,1.5,1.5,0.15,0.9268,0.9294,-0.0026000000000000467,-0.0338,-0.0327,-0.0010999999999999968,-98.2029,-98.0546,-1486.63,-1460.11
S2_atr60m,1.5,1.5,0.3,0.932,0.9294,0.0026000000000000467,-0.0312,-0.0327,0.0015000000000000013,-94.4039,-98.0546,-620.18,-1460.11
S2_atr60m,1.5,1.5,-0.15,0.9258,0.9294,-0.0036000000000000476,-0.0345,-0.0327,-0.001800000000000003,-97.6349,-98.0546,-1039.19,-1460.11
S2_atr60m,1.5,1.5,-0.3,0.9239,0.9294,-0.005499999999999949,-0.0354,-0.0327,-0.002700000000000001,-100.033,-98.0546,-897.26,-1460.11
S2_atr60m,1.5,1.75,0.15,0.9248,0.9248,0.0,-0.0316,-0.0317,9.999999999999593e-05,-84.2509,-84.0098,-2043.38,-1712.87
S2_atr60m,1.5,1.75,0.3,0.9255,0.9248,0.0007000000000000339,-0.0312,-0.0317,0.0005000000000000004,-83.1171,-84.0098,-1843.86,-1712.87
S2_atr60m,1.5,1.75,-0.15,0.9077,0.9248,-0.017100000000000004,-0.0395,-0.0317,-0.007800000000000001,-97.0469,-84.0098,-3203.84,-1712.87
S2_atr60m,1.5,1.75,-0.3,0.8957,0.9248,-0.029099999999999904,-0.0449,-0.0317,-0.013200000000000003,-110.0609,-84.0098,-4097.61,-1712.87
S2_atr60m,1.5,2.0,0.15,0.9075,0.9007,0.006800000000000028,-0.036,-0.0389,0.0029,-90.1208,-98.3777,-3179.39,-3067.74
S2_atr60m,1.5,2.0,0.3,0.9098,0.9007,0.009100000000000108,-0.0349,-0.0389,0.003999999999999997,-85.5287,-98.3777,-3002.01,-3067.74
S2_atr60m,1.5,2.0,-0.15,0.8888,0.9007,-0.01189999999999991,-0.044,-0.0389,-0.0051,-105.2388,-98.3777,-3528.71,-3067.74
S2_atr60m,1.5,2.0,-0.3,0.8862,0.9007,-0.014499999999999957,-0.0451,-0.0389,-0.006200000000000004,-105.0229,-98.3777,-3881.73,-3067.74
S2_atr60m,1.75,0.5,0.15,0.8874,0.9135,-0.026100000000000012,-0.09,-0.0688,-0.021199999999999997,-289.0729,-227.3248,-2832.28,-1610.84
S2_atr60m,1.75,0.5,0.3,0.9009,0.9135,-0.012599999999999945,-0.0788,-0.0688,-0.009999999999999995,-263.9582,-227.3248,-2312.03,-1610.84
S2_atr60m,1.75,0.5,-0.15,0.9394,0.9135,0.025900000000000034,-0.0479,-0.0688,0.020900000000000002,-193.0253,-227.3248,56.16,-1610.84
S2_atr60m,1.75,0.5,-0.3,0.9486,0.9135,0.03510000000000002,-0.0405,-0.0688,0.0283,-177.4027,-227.3248,641.91,-1610.84
S2_atr60m,1.75,0.75,0.15,0.9219,0.9256,-0.0036999999999999256,-0.0535,-0.051,-0.0025000000000000022,-161.7738,-155.778,-2329.29,-1587.59
S2_atr60m,1.75,0.75,0.3,0.9329,0.9256,0.007299999999999973,-0.0458,-0.051,0.005199999999999996,-145.068,-155.778,-1846.44,-1587.59
S2_atr60m,1.75,0.75,-0.15,0.9332,0.9256,0.007600000000000051,-0.0458,-0.051,0.005199999999999996,-150.3362,-155.778,-1170.43,-1587.59
S2_atr60m,1.75,0.75,-0.3,0.9332,0.9256,0.007600000000000051,-0.0459,-0.051,0.005099999999999993,-145.3408,-155.778,-1313.49,-1587.59
S2_atr60m,1.75,1.0,0.15,0.9329,0.9391,-0.006200000000000094,-0.0406,-0.0368,-0.003799999999999998,-136.0725,-121.0549,-229.77,-254.12
S2_atr60m,1.75,1.0,0.3,0.9355,0.9391,-0.0036000000000000476,-0.0388,-0.0368,-0.0020000000000000018,-134.7802,-121.0549,-224.72,-254.12
S2_atr60m,1.75,1.0,-0.15,0.9322,0.9391,-0.006900000000000017,-0.0411,-0.0368,-0.004299999999999998,-121.8866,-121.0549,-1053.92,-254.12
S2_atr60m,1.75,1.0,-0.3,0.959,0.9391,0.019899999999999918,-0.0247,-0.0368,0.0121,-88.6933,-121.0549,461.33,-254.12
S2_atr60m,1.75,1.25,0.15,0.9673,0.9689,-0.0015999999999999348,-0.0174,-0.0166,-0.0007999999999999986,-95.9941,-102.7672,2097.56,2253.25
S2_atr60m,1.75,1.25,0.3,0.963,0.9689,-0.005900000000000016,-0.0197,-0.0166,-0.0030999999999999986,-103.0996,-102.7672,1403.49,2253.25
S2_atr60m,1.75,1.25,-0.15,0.9795,0.9689,0.010600000000000054,-0.0109,-0.0166,0.0057,-92.2213,-102.7672,2813.58,2253.25
S2_atr60m,1.75,1.25,-0.3,0.9909,0.9689,0.02200000000000002,-0.0048,-0.0166,0.011800000000000001,-77.6384,-102.7672,2585.24,2253.25
S2_atr60m,1.75,1.5,0.15,0.9584,0.9581,0.000300000000000078,-0.0201,-0.0203,0.0001999999999999988,-89.3025,-84.9387,1426.69,879.19
S2_atr60m,1.75,1.5,0.3,0.9651,0.9581,0.007000000000000006,-0.0168,-0.0203,0.0034999999999999996,-87.8606,-84.9387,1610.05,879.19
S2_atr60m,1.75,1.5,-0.15,0.956,0.9581,-0.0020999999999999908,-0.0214,-0.0203,-0.0011000000000000003,-91.2505,-84.9387,1225.93,879.19
S2_atr60m,1.75,1.5,-0.3,0.9674,0.9581,0.009300000000000086,-0.0158,-0.0203,0.004499999999999997,-83.0271,-84.9387,1786.38,879.19
S2_atr60m,1.75,1.75,0.15,0.9515,0.9521,-0.0005999999999999339,-0.0214,-0.0213,-9.99999999999994e-05,-79.7788,-78.4082,433.71,583.56
S2_atr60m,1.75,1.75,0.3,0.9589,0.9521,0.006800000000000028,-0.0181,-0.0213,0.003199999999999998,-75.6329,-78.4082,213.35,583.56
S2_atr60m,1.75,1.75,-0.15,0.9347,0.9521,-0.01739999999999997,-0.0293,-0.0213,-0.008,-85.6755,-78.4082,-1412.51,583.56
S2_atr60m,1.75,1.75,-0.3,0.9376,0.9521,-0.014499999999999957,-0.028,-0.0213,-0.006700000000000001,-81.2252,-78.4082,-1602.84,583.56
S2_atr60m,1.75,2.0,0.15,0.9419,0.9394,0.0024999999999999467,-0.0237,-0.0249,0.0011999999999999997,-76.9812,-82.8876,-43.08,83.25
S2_atr60m,1.75,2.0,0.3,0.9578,0.9394,0.018399999999999972,-0.017,-0.0249,0.007899999999999997,-73.064,-82.8876,493.08,83.25
S2_atr60m,1.75,2.0,-0.15,0.9269,0.9394,-0.012500000000000067,-0.0302,-0.0249,-0.005300000000000003,-88.6396,-82.8876,-682.97,83.25
S2_atr60m,1.75,2.0,-0.3,0.9305,0.9394,-0.008900000000000019,-0.0287,-0.0249,-0.0038000000000000013,-79.1825,-82.8876,-850.29,83.25
S2_atr60m,2.0,0.5,0.15,0.888,0.9049,-0.016900000000000026,-0.0916,-0.0776,-0.013999999999999999,-298.7388,-250.3143,-2466.86,-2049.32
S2_atr60m,2.0,0.5,0.3,0.9086,0.9049,0.0036999999999999256,-0.0742,-0.0776,0.0034000000000000002,-266.0267,-250.3143,-1449.39,-2049.32
S2_atr60m,2.0,0.5,-0.15,0.9156,0.9049,0.010699999999999932,-0.0688,-0.0776,0.008800000000000002,-223.5762,-250.3143,-1129.28,-2049.32
S2_atr60m,2.0,0.5,-0.3,0.9399,0.9049,0.03499999999999992,-0.0487,-0.0776,0.028900000000000002,-182.576,-250.3143,47.53,-2049.32
S2_atr60m,2.0,0.75,0.15,0.9202,0.9142,0.006000000000000005,-0.0565,-0.0609,0.004400000000000001,-181.2459,-187.9105,-1783.36,-2034.02
S2_atr60m,2.0,0.75,0.3,0.9443,0.9142,0.030100000000000016,-0.039,-0.0609,0.021900000000000003,-141.1871,-187.9105,-247.22,-2034.02
S2_atr60m,2.0,0.75,-0.15,0.912,0.9142,-0.0021999999999999797,-0.0626,-0.0609,-0.0017000000000000001,-191.507,-187.9105,-1828.08,-2034.02
S2_atr60m,2.0,0.75,-0.3,0.9146,0.9142,0.00039999999999995595,-0.0608,-0.0609,0.00010000000000000286,-182.3168,-187.9105,-2359.07,-2034.02
S2_atr60m,2.0,1.0,0.15,0.9341,0.9398,-0.005699999999999927,-0.0413,-0.0378,-0.003500000000000003,-140.9282,-132.0621,699.41,525.73
S2_atr60m,2.0,1.0,0.3,0.9537,0.9398,0.013900000000000023,-0.0287,-0.0378,0.0091,-120.8135,-132.0621,2244.49,525.73
S2_atr60m,2.0,1.0,-0.15,0.9096,0.9398,-0.030200000000000005,-0.0575,-0.0378,-0.019700000000000002,-157.0713,-132.0621,-1419.78,525.73
S2_atr60m,2.0,1.0,-0.3,0.9267,0.9398,-0.0131,-0.0464,-0.0378,-0.008599999999999997,-132.0402,-132.0621,-771.25,525.73
S2_atr60m,2.0,1.25,0.15,0.9733,0.9659,0.007400000000000073,-0.0148,-0.019,0.004199999999999999,-98.7019,-120.5925,3341.6,2883.44
S2_atr60m,2.0,1.25,0.3,0.9786,0.9659,0.012700000000000045,-0.0118,-0.019,0.0072,-101.1864,-120.5925,3930.58,2883.44
S2_atr60m,2.0,1.25,-0.15,0.9562,0.9659,-0.009699999999999931,-0.0245,-0.019,-0.005500000000000001,-113.4118,-120.5925,2569.13,2883.44
S2_atr60m,2.0,1.25,-0.3,0.9689,0.9659,0.0030000000000000027,-0.0174,-0.019,0.0016000000000000007,-103.1725,-120.5925,2196.82,2883.44
S2_atr60m,2.0,1.5,0.15,0.9548,0.9524,0.0023999999999999577,-0.0229,-0.0242,0.001299999999999999,-95.0806,-95.4666,1971.03,1338.44
S2_atr60m,2.0,1.5,0.3,0.9725,0.9524,0.020100000000000007,-0.0138,-0.0242,0.0104,-90.2504,-95.4666,3748.44,1338.44
S2_atr60m,2.0,1.5,-0.15,0.9397,0.9524,-0.012700000000000045,-0.0309,-0.0242,-0.006700000000000001,-102.1029,-95.4666,1149.32,1338.44
S2_atr60m,2.0,1.5,-0.3,0.9512,0.9524,-0.0011999999999999789,-0.0249,-0.0242,-0.0006999999999999992,-96.0011,-95.4666,1446.75,1338.44
S2_atr60m,2.0,1.75,0.15,0.9528,0.9402,0.012599999999999945,-0.0219,-0.028,0.006100000000000001,-81.5457,-88.3327,793.42,75.2
S2_atr60m,2.0,1.75,0.3,0.9609,0.9402,0.02069999999999994,-0.018,-0.028,0.010000000000000002,-79.6144,-88.3327,1608.29,75.2
S2_atr60m,2.0,1.75,-0.15,0.9229,0.9402,-0.017299999999999982,-0.0366,-0.028,-0.0086,-101.3807,-88.3327,-1454.21,75.2
S2_atr60m,2.0,1.75,-0.3,0.9221,0.9402,-0.018100000000000005,-0.037,-0.028,-0.008999999999999998,-99.9437,-88.3327,-2100.67,75.2
S2_atr60m,2.0,2.0,0.15,0.9461,0.932,0.014100000000000001,-0.0231,-0.0294,0.0063,-75.9258,-91.4852,345.03,-318.27
S2_atr60m,2.0,2.0,0.3,0.967,0.932,0.03499999999999992,-0.0139,-0.0294,0.0155,-74.8994,-91.4852,2125.23,-318.27
S2_atr60m,2.0,2.0,-0.15,0.9103,0.932,-0.021700000000000053,-0.0394,-0.0294,-0.009999999999999998,-106.6568,-91.4852,-1359.62,-318.27
S2_atr60m,2.0,2.0,-0.3,0.9246,0.932,-0.007400000000000073,-0.0329,-0.0294,-0.0034999999999999996,-88.4835,-91.4852,-1246.94,-318.27
S3_prevsessrange,0.5,0.5,0.15,0.9185,0.9053,0.01319999999999999,-0.0302,-0.0356,0.0053999999999999986,-69.7172,-79.1744,-498.6,-1753.79
S3_prevsessrange,0.5,0.5,0.3,0.8949,0.9053,-0.010399999999999965,-0.0393,-0.0356,-0.003700000000000002,-84.8569,-79.1744,-2081.93,-1753.79
S3_prevsessrange,0.5,0.5,-0.15,0.9308,0.9053,0.025499999999999967,-0.0259,-0.0356,0.0097,-67.9738,-79.1744,21.82,-1753.79
S3_prevsessrange,0.5,0.5,-0.3,0.937,0.9053,0.03170000000000006,-0.0236,-0.0356,0.012,-66.2485,-79.1744,-402.85,-1753.79
S3_prevsessrange,0.5,0.75,0.15,0.9433,0.9271,0.016199999999999992,-0.0149,-0.0194,0.0045000000000000005,-41.6383,-50.0557,-503.88,-1765.56
S3_prevsessrange,0.5,0.75,0.3,0.9496,0.9271,0.022499999999999964,-0.0131,-0.0194,0.0063,-37.2415,-50.0557,-99.58,-1765.56
S3_prevsessrange,0.5,0.75,-0.15,0.9132,0.9271,-0.013900000000000023,-0.0236,-0.0194,-0.004199999999999999,-60.0625,-50.0557,-2197.21,-1765.56
S3_prevsessrange,0.5,0.75,-0.3,0.9055,0.9271,-0.021600000000000064,-0.0259,-0.0194,-0.006499999999999999,-63.3885,-50.0557,-2987.18,-1765.56
S3_prevsessrange,0.5,1.0,0.15,0.9245,0.9171,0.007399999999999962,-0.0156,-0.0173,0.0017000000000000001,-35.7311,-40.6542,-1434.18,-1848.45
S3_prevsessrange,0.5,1.0,0.3,0.9166,0.9171,-0.000500000000000056,-0.0172,-0.0173,9.99999999999994e-05,-37.81,-40.6542,-2668.17,-1848.45
S3_prevsessrange,0.5,1.0,-0.15,0.9316,0.9171,0.014499999999999957,-0.0143,-0.0173,0.002999999999999999,-38.6133,-40.6542,-1058.31,-1848.45
S3_prevsessrange,0.5,1.0,-0.3,0.9147,0.9171,-0.0024000000000000687,-0.0181,-0.0173,-0.0008000000000000021,-45.6443,-40.6542,-2396.85,-1848.45
S3_prevsessrange,0.5,1.25,0.15,0.9336,0.9222,0.011399999999999966,-0.0111,-0.0131,0.002,-29.1585,-34.5472,-477.55,-1853.17
S3_prevsessrange,0.5,1.25,0.3,0.9398,0.9222,0.01759999999999995,-0.0099,-0.0131,0.0031999999999999997,-25.9966,-34.5472,-1235.86,-1853.17
S3_prevsessrange,0.5,1.25,-0.15,0.9323,0.9222,0.010099999999999998,-0.0115,-0.0131,0.0016000000000000007,-33.563,-34.5472,-334.81,-1853.17
S3_prevsessrange,0.5,1.25,-0.3,0.9288,0.9222,0.006599999999999939,-0.0122,-0.0131,0.0008999999999999998,-34.9079,-34.5472,-1327.82,-1853.17
S3_prevsessrange,0.5,1.5,0.15,0.921,0.9184,0.0026000000000000467,-0.0112,-0.0117,0.0005000000000000004,-27.4114,-30.6715,-1146.56,-923.13
S3_prevsessrange,0.5,1.5,0.3,0.9144,0.9184,-0.0040000000000000036,-0.0121,-0.0117,-0.0003999999999999993,-27.3537,-30.6715,-2309.7,-923.13
S3_prevsessrange,0.5,1.5,-0.15,0.9062,0.9184,-0.012199999999999989,-0.0137,-0.0117,-0.002,-34.2584,-30.6715,-2011.73,-923.13
S3_prevsessrange,0.5,1.5,-0.3,0.8992,0.9184,-0.019199999999999995,-0.0148,-0.0117,-0.0031000000000000003,-35.7433,-30.6715,-2568.47,-923.13
S3_prevsessrange,0.5,1.75,0.15,0.9319,0.9299,0.0020000000000000018,-0.0082,-0.0085,0.0002999999999999999,-21.7301,-23.7055,-925.04,-946.59
S3_prevsessrange,0.5,1.75,0.3,0.9181,0.9299,-0.011799999999999922,-0.0099,-0.0085,-0.0014000000000000002,-23.1521,-23.7055,-2168.73,-946.59
S3_prevsessrange,0.5,1.75,-0.15,0.9485,0.9299,0.01860000000000006,-0.0062,-0.0085,0.002300000000000001,-21.4492,-23.7055,68.0,-946.59
S3_prevsessrange,0.5,1.75,-0.3,0.9465,0.9299,0.01660000000000006,-0.0065,-0.0085,0.002000000000000001,-22.1091,-23.7055,-446.56,-946.59
S3_prevsessrange,0.5,2.0,0.15,0.9318,0.9314,0.00039999999999995595,-0.0072,-0.0073,0.00010000000000000026,-19.0371,-20.3377,-814.42,-952.47
S3_prevsessrange,0.5,2.0,0.3,0.9215,0.9314,-0.00990000000000002,-0.0083,-0.0073,-0.001,-20.0166,-20.3377,-1540.44,-952.47
S3_prevsessrange,0.5,2.0,-0.15,0.9558,0.9314,0.024399999999999977,-0.0047,-0.0073,0.0026,-17.6156,-20.3377,281.76,-952.47
S3_prevsessrange,0.5,2.0,-0.3,0.9447,0.9314,0.013299999999999979,-0.0059,-0.0073,0.0014000000000000002,-19.763,-20.3377,-765.4,-952.47
S3_prevsessrange,0.75,0.5,0.15,0.9225,0.9153,0.007199999999999984,-0.0309,-0.0342,0.003300000000000001,-69.0471,-72.9361,-862.17,-1835.78
S3_prevsessrange,0.75,0.5,0.3,0.917,0.9153,0.0017000000000000348,-0.0332,-0.0342,0.0010000000000000009,-71.0922,-72.9361,-1208.36,-1835.78
S3_prevsessrange,0.75,0.5,-0.15,0.9349,0.9153,0.01959999999999995,-0.0263,-0.0342,0.0079,-61.8428,-72.9361,-268.86,-1835.78
S3_prevsessrange,0.75,0.5,-0.3,0.9493,0.9153,0.03400000000000003,-0.0206,-0.0342,0.013600000000000001,-48.6815,-72.9361,-278.41,-1835.78
S3_prevsessrange,0.75,0.75,0.15,0.9628,0.9423,0.020499999999999963,-0.0105,-0.0166,0.0060999999999999995,-38.4747,-42.8445,671.34,-1291.05
S3_prevsessrange,0.75,0.75,0.3,0.9859,0.9423,0.04359999999999997,-0.0039,-0.0166,0.0127,-36.0782,-42.8445,2333.09,-1291.05
S3_prevsessrange,0.75,0.75,-0.15,0.9175,0.9423,-0.024800000000000044,-0.0243,-0.0166,-0.0076999999999999985,-57.1557,-42.8445,-2822.88,-1291.05
S3_prevsessrange,0.75,0.75,-0.3,0.9112,0.9423,-0.031100000000000017,-0.0265,-0.0166,-0.009899999999999999,-58.8309,-42.8445,-3161.55,-1291.05
S3_prevsessrange,0.75,1.0,0.15,0.9454,0.9357,0.009700000000000042,-0.0122,-0.0145,0.0023,-33.5831,-36.7865,-226.75,-1560.16
S3_prevsessrange,0.75,1.0,0.3,0.963,0.9357,0.02729999999999999,-0.0082,-0.0145,0.0063,-27.0125,-36.7865,78.34,-1560.16
S3_prevsessrange,0.75,1.0,-0.15,0.9451,0.9357,0.009400000000000075,-0.0125,-0.0145,0.002,-33.4875,-36.7865,-1328.4,-1560.16
S3_prevsessrange,0.75,1.0,-0.3,0.9354,0.9357,-0.00029999999999996696,-0.015,-0.0145,-0.0004999999999999987,-37.5583,-36.7865,-1670.51,-1560.16
S3_prevsessrange,0.75,1.25,0.15,0.9633,0.9476,0.015700000000000047,-0.0066,-0.0096,0.002999999999999999,-24.5115,-28.6832,935.38,-1454.55
S3_prevsessrange,0.75,1.25,0.3,0.9792,0.9476,0.03159999999999996,-0.0037,-0.0096,0.005899999999999999,-18.5877,-28.6832,1227.91,-1454.55
S3_prevsessrange,0.75,1.25,-0.15,0.9438,0.9476,-0.0038000000000000256,-0.0104,-0.0096,-0.0008000000000000004,-29.0681,-28.6832,-1246.36,-1454.55
S3_prevsessrange,0.75,1.25,-0.3,0.9421,0.9476,-0.005499999999999949,-0.0109,-0.0096,-0.0013000000000000008,-30.1782,-28.6832,-991.45,-1454.55
S3_prevsessrange,0.75,1.5,0.15,0.9443,0.9359,0.008400000000000074,-0.0086,-0.01,0.0014000000000000002,-24.9108,-26.9039,298.42,-778.35
S3_prevsessrange,0.75,1.5,0.3,0.9483,0.9359,0.012400000000000078,-0.0079,-0.01,0.0020999999999999994,-22.3132,-26.9039,164.03,-778.35
S3_prevsessrange,0.75,1.5,-0.15,0.9166,0.9359,-0.019299999999999984,-0.0133,-0.01,-0.003299999999999999,-30.8562,-26.9039,-3197.37,-778.35
S3_prevsessrange,0.75,1.5,-0.3,0.9147,0.9359,-0.021199999999999997,-0.0138,-0.01,-0.0037999999999999996,-30.9598,-26.9039,-2442.72,-778.35
S3_prevsessrange,0.75,1.75,0.15,0.952,0.9459,0.006099999999999994,-0.0063,-0.0072,0.0008999999999999998,-20.2197,-21.3497,486.6,-586.61
S3_prevsessrange,0.75,1.75,0.3,0.9563,0.9459,0.010400000000000076,-0.0057,-0.0072,0.0014999999999999996,-17.9722,-21.3497,271.74,-586.61
S3_prevsessrange,0.75,1.75,-0.15,0.9446,0.9459,-0.0012999999999999678,-0.0074,-0.0072,-0.00020000000000000052,-20.7707,-21.3497,-1408.56,-586.61
S3_prevsessrange,0.75,1.75,-0.3,0.948,0.9459,0.0020999999999999908,-0.007,-0.0072,0.00019999999999999966,-20.4108,-21.3497,-591.16,-586.61
S3_prevsessrange,0.75,2.0,0.15,0.9528,0.9502,0.0025999999999999357,-0.0054,-0.0058,0.0003999999999999993,-17.9399,-18.1969,606.44,-514.81
S3_prevsessrange,0.75,2.0,0.3,0.9576,0.9502,0.007399999999999962,-0.0048,-0.0058,0.001,-15.8634,-18.1969,859.29,-514.81
S3_prevsessrange,0.75,2.0,-0.15,0.947,0.9502,-0.0032000000000000917,-0.0062,-0.0058,-0.0004000000000000002,-18.2539,-18.1969,-1068.14,-514.81
S3_prevsessrange,0.75,2.0,-0.3,0.9437,0.9502,-0.006500000000000061,-0.0067,-0.0058,-0.0009000000000000006,-19.1422,-18.1969,-898.58,-514.81
S3_prevsessrange,1.0,0.5,0.15,0.9364,0.9407,-0.0042999999999999705,-0.026,-0.0244,-0.0015999999999999973,-57.7739,-57.935,-540.38,-558.47
S3_prevsessrange,1.0,0.5,0.3,0.925,0.9407,-0.015699999999999936,-0.0308,-0.0244,-0.0063999999999999994,-68.004,-57.935,-1360.63,-558.47
S3_prevsessrange,1.0,0.5,-0.15,0.9706,0.9407,0.029900000000000038,-0.0121,-0.0244,0.012300000000000002,-43.7588,-57.935,1527.75,-558.47
S3_prevsessrange,1.0,0.5,-0.3,0.9828,0.9407,0.042100000000000026,-0.0071,-0.0244,0.017300000000000003,-43.8552,-57.935,1443.59,-558.47
S3_prevsessrange,1.0,0.75,0.15,0.9644,0.9496,0.014800000000000035,-0.0104,-0.015,0.0046,-35.4594,-38.0964,-29.96,-911.38
S3_prevsessrange,1.0,0.75,0.3,0.9843,0.9496,0.03469999999999995,-0.0045,-0.015,0.010499999999999999,-32.851,-38.0964,1276.51,-911.38
S3_prevsessrange,1.0,0.75,-0.15,0.9377,0.9496,-0.011900000000000022,-0.0189,-0.015,-0.0039000000000000007,-50.2827,-38.0964,-1401.12,-911.38
S3_prevsessrange,1.0,0.75,-0.3,0.9336,0.9496,-0.016000000000000014,-0.0204,-0.015,-0.005400000000000002,-53.3657,-38.0964,-1742.02,-911.38
S3_prevsessrange,1.0,1.0,0.15,0.9462,0.9503,-0.0040999999999999925,-0.0125,-0.0116,-0.0009000000000000015,-32.0024,-31.2811,-809.28,-695.74
S3_prevsessrange,1.0,1.0,0.3,0.9566,0.9503,0.006299999999999972,-0.01,-0.0116,0.001599999999999999,-31.1146,-31.2811,-1078.26,-695.74
S3_prevsessrange,1.0,1.0,-0.15,0.9658,0.9503,0.015499999999999958,-0.008,-0.0116,0.003599999999999999,-28.7658,-31.2811,515.09,-695.74
S3_prevsessrange,1.0,1.0,-0.3,0.9648,0.9503,0.014499999999999957,-0.0084,-0.0116,0.0031999999999999997,-32.0684,-31.2811,549.09,-695.74
S3_prevsessrange,1.0,1.25,0.15,0.9587,0.9545,0.0041999999999999815,-0.0077,-0.0086,0.0008999999999999998,-24.3542,-27.0581,82.29,-865.51
S3_prevsessrange,1.0,1.25,0.3,0.9735,0.9545,0.019000000000000017,-0.0049,-0.0086,0.0037,-20.7945,-27.0581,3.5,-865.51
S3_prevsessrange,1.0,1.25,-0.15,0.9693,0.9545,0.014800000000000035,-0.0059,-0.0086,0.0027,-23.8863,-27.0581,655.78,-865.51
S3_prevsessrange,1.0,1.25,-0.3,0.9695,0.9545,0.015000000000000013,-0.0059,-0.0086,0.0027,-26.1651,-27.0581,701.39,-865.51
S3_prevsessrange,1.0,1.5,0.15,0.9397,0.942,-0.0022999999999999687,-0.0096,-0.0093,-0.0002999999999999999,-25.3258,-25.9283,-548.06,-182.01
S3_prevsessrange,1.0,1.5,0.3,0.9419,0.942,-9.999999999998899e-05,-0.0092,-0.0093,9.99999999999994e-05,-24.6678,-25.9283,-1064.34,-182.01
S3_prevsessrange,1.0,1.5,-0.15,0.9414,0.942,-0.0005999999999999339,-0.0096,-0.0093,-0.0002999999999999999,-27.1075,-25.9283,-1351.67,-182.01
S3_prevsessrange,1.0,1.5,-0.3,0.9477,0.942,0.005700000000000038,-0.0086,-0.0093,0.0006999999999999992,-26.1316,-25.9283,-305.03,-182.01
S3_prevsessrange,1.0,1.75,0.15,0.9494,0.9515,-0.0020999999999999908,-0.0069,-0.0067,-0.00019999999999999966,-20.1766,-20.8479,-218.65,64.82
S3_prevsessrange,1.0,1.75,0.3,0.9524,0.9515,0.0009000000000000119,-0.0065,-0.0067,0.00020000000000000052,-19.4541,-20.8479,-818.19,64.82
S3_prevsessrange,1.0,1.75,-0.15,0.9708,0.9515,0.019299999999999984,-0.004,-0.0067,0.0027,-17.5381,-20.8479,542.48,64.82
S3_prevsessrange,1.0,1.75,-0.3,0.9842,0.9515,0.03269999999999995,-0.0022,-0.0067,0.0045000000000000005,-16.323,-20.8479,1618.63,64.82
S3_prevsessrange,1.0,2.0,0.15,0.9463,0.9586,-0.012299999999999978,-0.0064,-0.005,-0.0014000000000000002,-18.5869,-17.2544,-227.66,216.53
S3_prevsessrange,1.0,2.0,0.3,0.9492,0.9586,-0.009399999999999964,-0.0061,-0.005,-0.0011000000000000003,-17.9613,-17.2544,-367.26,216.53
S3_prevsessrange,1.0,2.0,-0.15,0.9729,0.9586,0.01429999999999998,-0.0033,-0.005,0.0017000000000000001,-15.6655,-17.2544,883.79,216.53
S3_prevsessrange,1.0,2.0,-0.3,0.9795,0.9586,0.02090000000000003,-0.0025,-0.005,0.0025,-15.7591,-17.2544,1281.84,216.53
S3_prevsessrange,1.25,0.5,0.15,0.9523,0.958,-0.005699999999999927,-0.0197,-0.0174,-0.0023,-46.9408,-45.0937,-233.23,-6.31
S3_prevsessrange,1.25,0.5,0.3,0.9426,0.958,-0.01539999999999997,-0.0237,-0.0174,-0.0063,-55.749,-45.0937,-585.2,-6.31
S3_prevsessrange,1.25,0.5,-0.15,0.9881,0.958,0.030100000000000016,-0.005,-0.0174,0.012399999999999998,-40.2315,-45.0937,2604.97,-6.31
S3_prevsessrange,1.25,0.5,-0.3,0.9813,0.958,0.023299999999999987,-0.0079,-0.0174,0.009499999999999998,-38.3296,-45.0937,1157.97,-6.31
S3_prevsessrange,1.25,0.75,0.15,0.9878,0.9701,0.01770000000000005,-0.0036,-0.009,0.005399999999999999,-31.398,-30.877,862.12,-433.86
S3_prevsessrange,1.25,0.75,0.3,1.0021,0.9701,0.03200000000000003,0.0006,-0.009,0.0096,-29.2733,-30.877,2295.19,-433.86
S3_prevsessrange,1.25,0.75,-0.15,0.959,0.9701,-0.011099999999999999,-0.0126,-0.009,-0.0036000000000000008,-39.2777,-30.877,-445.67,-433.86
S3_prevsessrange,1.25,0.75,-0.3,0.9395,0.9701,-0.03059999999999996,-0.0189,-0.009,-0.0099,-47.6722,-30.877,-1805.18,-433.86
S3_prevsessrange,1.25,1.0,0.15,0.9716,0.9736,-0.0020000000000000018,-0.0066,-0.0062,-0.0004000000000000002,-24.6314,-21.7267,99.56,-137.34
S3_prevsessrange,1.25,1.0,0.3,0.97,0.9736,-0.0036000000000000476,-0.007,-0.0062,-0.0008000000000000004,-24.8717,-21.7267,-397.13,-137.34
S3_prevsessrange,1.25,1.0,-0.15,0.9965,0.9736,0.02290000000000003,-0.0008,-0.0062,0.005399999999999999,-20.2899,-21.7267,1846.55,-137.34
S3_prevsessrange,1.25,1.0,-0.3,0.9806,0.9736,0.007000000000000006,-0.0047,-0.0062,0.0014999999999999996,-25.248,-21.7267,920.72,-137.34
S3_prevsessrange,1.25,1.25,0.15,0.9817,0.9706,0.011099999999999999,-0.0035,-0.0056,0.0021,-18.5991,-19.8838,809.9,-777.4
S3_prevsessrange,1.25,1.25,0.3,0.9961,0.9706,0.025499999999999967,-0.0007,-0.0056,0.0049,-15.207,-19.8838,1133.07,-777.4
S3_prevsessrange,1.25,1.25,-0.15,0.994,0.9706,0.023399999999999976,-0.0012,-0.0056,0.0044,-17.1565,-19.8838,1865.91,-777.4
S3_prevsessrange,1.25,1.25,-0.3,0.985,0.9706,0.014399999999999968,-0.0029,-0.0056,0.0027,-19.2715,-19.8838,1030.32,-777.4
S3_prevsessrange,1.25,1.5,0.15,0.9698,0.9649,0.0049000000000000155,-0.0048,-0.0057,0.0009000000000000006,-19.9049,-19.6154,451.54,131.03
S3_prevsessrange,1.25,1.5,0.3,0.9659,0.9649,0.0010000000000000009,-0.0054,-0.0057,0.0002999999999999999,-19.6103,-19.6154,131.69,131.03
S3_prevsessrange,1.25,1.5,-0.15,0.9651,0.9649,0.00019999999999997797,-0.0058,-0.0057,-9.99999999999994e-05,-19.7747,-19.6154,-341.17,131.03
S3_prevsessrange,1.25,1.5,-0.3,0.9599,0.9649,-0.0050000000000000044,-0.0067,-0.0057,-0.001,-21.1861,-19.6154,-44.98,131.03
S3_prevsessrange,1.25,1.75,0.15,0.9764,0.974,0.0024000000000000687,-0.0032,-0.0036,0.00039999999999999975,-15.1559,-15.4983,657.46,365.23
S3_prevsessrange,1.25,1.75,0.3,0.9691,0.974,-0.0049000000000000155,-0.0042,-0.0036,-0.0005999999999999998,-16.4759,-15.4983,291.11,365.23
S3_prevsessrange,1.25,1.75,-0.15,0.9867,0.974,0.012700000000000045,-0.0019,-0.0036,0.0017,-13.8811,-15.4983,1373.6,365.23
S3_prevsessrange,1.25,1.75,-0.3,0.9868,0.974,0.012800000000000034,-0.0019,-0.0036,0.0017,-15.2858,-15.4983,1531.48,365.23
S3_prevsessrange,1.25,2.0,0.15,0.9665,0.9735,-0.007000000000000006,-0.0041,-0.0032,-0.0009000000000000002,-15.4072,-13.9498,652.1,492.94
S3_prevsessrange,1.25,2.0,0.3,0.9669,0.9735,-0.00660000000000005,-0.004,-0.0032,-0.0007999999999999999,-15.1846,-13.9498,794.71,492.94
S3_prevsessrange,1.25,2.0,-0.15,0.9881,0.9735,0.014599999999999946,-0.0015,-0.0032,0.0017000000000000001,-12.8569,-13.9498,1698.16,492.94
S3_prevsessrange,1.25,2.0,-0.3,0.9838,0.9735,0.010299999999999976,-0.002,-0.0032,0.0012000000000000001,-14.8615,-13.9498,1294.39,492.94
S3_prevsessrange,1.5,0.5,0.15,0.9463,0.9447,0.0016000000000000458,-0.0223,-0.0232,0.000899999999999998,-55.0737,-61.3163,348.48,-202.47
S3_prevsessrange,1.5,0.5,0.3,0.9425,0.9447,-0.0021999999999999797,-0.0239,-0.0232,-0.0007000000000000027,-60.0749,-61.3163,120.81,-202.47
S3_prevsessrange,1.5,0.5,-0.15,0.973,0.9447,0.028299999999999992,-0.0114,-0.0232,0.011799999999999998,-43.0684,-61.3163,1801.19,-202.47
S3_prevsessrange,1.5,0.5,-0.3,0.9821,0.9447,0.03739999999999999,-0.0076,-0.0232,0.0156,-38.8923,-61.3163,1248.53,-202.47
S3_prevsessrange,1.5,0.75,0.15,0.9713,0.9503,0.02100000000000002,-0.0086,-0.0151,0.006500000000000001,-32.5816,-38.6199,482.08,-1255.67
S3_prevsessrange,1.5,0.75,0.3,0.9931,0.9503,0.04279999999999995,-0.002,-0.0151,0.0131,-29.7135,-38.6199,2294.9,-1255.67
S3_prevsessrange,1.5,0.75,-0.15,0.9373,0.9503,-0.013000000000000012,-0.0196,-0.0151,-0.004499999999999999,-48.5774,-38.6199,-1742.3,-1255.67
S3_prevsessrange,1.5,0.75,-0.3,0.9347,0.9503,-0.015600000000000058,-0.0206,-0.0151,-0.0055,-47.9128,-38.6199,-2231.07,-1255.67
S3_prevsessrange,1.5,1.0,0.15,0.9553,0.9557,-0.00039999999999995595,-0.0106,-0.0106,0.0,-30.6617,-30.3267,-5.57,-499.67
S3_prevsessrange,1.5,1.0,0.3,0.9654,0.9557,0.009700000000000042,-0.0081,-0.0106,0.0025000000000000005,-26.8505,-30.3267,49.62,-499.67
S3_prevsessrange,1.5,1.0,-0.15,0.978,0.9557,0.022299999999999986,-0.0053,-0.0106,0.0053,-23.455,-30.3267,962.47,-499.67
S3_prevsessrange,1.5,1.0,-0.3,0.9764,0.9557,0.02070000000000005,-0.0057,-0.0106,0.0049,-23.949,-30.3267,763.72,-499.67
S3_prevsessrange,1.5,1.25,0.15,0.9559,0.9432,0.012699999999999934,-0.0085,-0.0111,0.0026,-26.2969,-29.7622,437.68,-1431.65
S3_prevsessrange,1.5,1.25,0.3,0.9865,0.9432,0.043300000000000005,-0.0025,-0.0111,0.0086,-19.5931,-29.7622,1494.24,-1431.65
S3_prevsessrange,1.5,1.25,-0.15,0.9678,0.9432,0.024599999999999955,-0.0064,-0.0111,0.0047,-23.8741,-29.7622,854.54,-1431.65
S3_prevsessrange,1.5,1.25,-0.3,0.9735,0.9432,0.030299999999999994,-0.0053,-0.0111,0.0058000000000000005,-22.4184,-29.7622,699.87,-1431.65
S3_prevsessrange,1.5,1.5,0.15,0.9433,0.9361,0.007199999999999984,-0.0093,-0.0106,0.0013000000000000008,-26.5927,-27.5781,39.57,-523.42
S3_prevsessrange,1.5,1.5,0.3,0.9621,0.9361,0.025999999999999912,-0.0061,-0.0106,0.0045,-22.1978,-27.5781,592.96,-523.42
S3_prevsessrange,1.5,1.5,-0.15,0.9362,0.9361,9.999999999998899e-05,-0.0108,-0.0106,-0.00020000000000000052,-26.974,-27.5781,-1551.05,-523.42
S3_prevsessrange,1.5,1.5,-0.3,0.9493,0.9361,0.01319999999999999,-0.0086,-0.0106,0.002,-23.8136,-27.5781,-294.27,-523.42
S3_prevsessrange,1.5,1.75,0.15,0.9657,0.9607,0.0050000000000000044,-0.0048,-0.0055,0.0007000000000000001,-18.3251,-18.9854,545.73,4.17
S3_prevsessrange,1.5,1.75,0.3,0.9693,0.9607,0.008600000000000052,-0.0042,-0.0055,0.0013,-17.7435,-18.9854,836.97,4.17
S3_prevsessrange,1.5,1.75,-0.15,0.9689,0.9607,0.008199999999999985,-0.0044,-0.0055,0.0010999999999999994,-16.768,-18.9854,346.11,4.17
S3_prevsessrange,1.5,1.75,-0.3,0.9809,0.9607,0.020199999999999996,-0.0027,-0.0055,0.0027999999999999995,-14.3251,-18.9854,1145.4,4.17
S3_prevsessrange,1.5,2.0,0.15,0.9589,0.9566,0.0022999999999999687,-0.0051,-0.0054,0.0002999999999999999,-17.6549,-17.664,635.47,29.22
S3_prevsessrange,1.5,2.0,0.3,0.9657,0.9566,0.009099999999999997,-0.0042,-0.0054,0.0012000000000000005,-16.5458,-17.664,1306.29,29.22
S3_prevsessrange,1.5,2.0,-0.15,0.9696,0.9566,0.013000000000000012,-0.0038,-0.0054,0.0016000000000000003,-15.464,-17.664,658.18,29.22
S3_prevsessrange,1.5,2.0,-0.3,0.9761,0.9566,0.019499999999999962,-0.003,-0.0054,0.0024000000000000002,-14.3259,-17.664,836.0,29.22
S3_prevsessrange,1.75,0.5,0.15,0.947,0.9568,-0.009800000000000031,-0.022,-0.0181,-0.0038999999999999972,-52.4633,-54.4113,142.75,416.89
S3_prevsessrange,1.75,0.5,0.3,0.9355,0.9568,-0.021299999999999986,-0.0269,-0.0181,-0.008799999999999999,-62.0792,-54.4113,-370.52,416.89
S3_prevsessrange,1.75,0.5,-0.15,0.9733,0.9568,0.01650000000000007,-0.0113,-0.0181,0.006800000000000002,-47.8951,-54.4113,1838.92,416.89
S3_prevsessrange,1.75,0.5,-0.3,0.9733,0.9568,0.01650000000000007,-0.0114,-0.0181,0.006700000000000001,-43.7061,-54.4113,995.59,416.89
S3_prevsessrange,1.75,0.75,0.15,0.969,0.9597,0.009299999999999975,-0.0093,-0.0123,0.003000000000000001,-31.4864,-33.9765,166.64,-671.23
S3_prevsessrange,1.75,0.75,0.3,0.9798,0.9597,0.020100000000000007,-0.006,-0.0123,0.0063,-30.8514,-33.9765,1496.91,-671.23
S3_prevsessrange,1.75,0.75,-0.15,0.9297,0.9597,-0.030000000000000027,-0.022,-0.0123,-0.009699999999999999,-51.7484,-33.9765,-2171.59,-671.23
S3_prevsessrange,1.75,0.75,-0.3,0.9262,0.9597,-0.033499999999999974,-0.0234,-0.0123,-0.0111,-51.6929,-33.9765,-2777.18,-671.23
S3_prevsessrange,1.75,1.0,0.15,0.9578,0.9638,-0.006000000000000005,-0.01,-0.0086,-0.0014000000000000002,-28.2246,-27.3853,-309.68,-348.19
S3_prevsessrange,1.75,1.0,0.3,0.9547,0.9638,-0.009099999999999997,-0.0107,-0.0086,-0.0020999999999999994,-28.5883,-27.3853,-788.91,-348.19
S3_prevsessrange,1.75,1.0,-0.15,0.9726,0.9638,0.00880000000000003,-0.0066,-0.0086,0.002,-25.2202,-27.3853,446.36,-348.19
S3_prevsessrange,1.75,1.0,-0.3,0.9691,0.9638,0.005299999999999971,-0.0076,-0.0086,0.001,-26.5416,-27.3853,189.89,-348.19
S3_prevsessrange,1.75,1.25,0.15,0.9595,0.9563,0.0031999999999999806,-0.0078,-0.0085,0.000700000000000001,-24.0464,-25.9812,171.88,-823.93
S3_prevsessrange,1.75,1.25,0.3,0.9705,0.9563,0.01419999999999999,-0.0056,-0.0085,0.0029000000000000007,-22.4571,-25.9812,416.53,-823.93
S3_prevsessrange,1.75,1.25,-0.15,0.9684,0.9563,0.0121,-0.0063,-0.0085,0.0022000000000000006,-23.5322,-25.9812,892.94,-823.93
S3_prevsessrange,1.75,1.25,-0.3,0.972,0.9563,0.015699999999999936,-0.0056,-0.0085,0.0029000000000000007,-22.7874,-25.9812,689.57,-823.93
S3_prevsessrange,1.75,1.5,0.15,0.941,0.9521,-0.011099999999999999,-0.0097,-0.0079,-0.0017999999999999995,-26.6985,-24.5626,-326.87,102.44
S3_prevsessrange,1.75,1.5,0.3,0.9468,0.9521,-0.005299999999999971,-0.0087,-0.0079,-0.0007999999999999986,-24.9192,-24.5626,-315.35,102.44
S3_prevsessrange,1.75,1.5,-0.15,0.9341,0.9521,-0.017999999999999905,-0.0112,-0.0079,-0.003299999999999999,-27.3534,-24.5626,-1699.15,102.44
S3_prevsessrange,1.75,1.5,-0.3,0.9447,0.9521,-0.007399999999999962,-0.0094,-0.0079,-0.0014999999999999996,-24.9143,-24.5626,-486.2,102.44
S3_prevsessrange,1.75,1.75,0.15,0.9601,0.9767,-0.01660000000000006,-0.0056,-0.0033,-0.0023,-18.6305,-16.1387,-42.24,640.85
S3_prevsessrange,1.75,1.75,0.3,0.953,0.9767,-0.023700000000000054,-0.0066,-0.0033,-0.0033,-19.8858,-16.1387,-245.89,640.85
S3_prevsessrange,1.75,1.75,-0.15,0.9764,0.9767,-0.00029999999999996696,-0.0034,-0.0033,-9.999999999999983e-05,-15.247,-16.1387,371.31,640.85
S3_prevsessrange,1.75,1.75,-0.3,0.9862,0.9767,0.009499999999999953,-0.002,-0.0033,0.0013,-13.3144,-16.1387,1116.69,640.85
S3_prevsessrange,1.75,2.0,0.15,0.9538,0.9725,-0.01870000000000005,-0.0057,-0.0034,-0.0023000000000000004,-17.8601,-15.1734,57.59,665.9
S3_prevsessrange,1.75,2.0,0.3,0.949,0.9725,-0.023500000000000076,-0.0063,-0.0034,-0.0029000000000000002,-18.4623,-15.1734,216.08,665.9
S3_prevsessrange,1.75,2.0,-0.15,0.9771,0.9725,0.0045999999999999375,-0.0029,-0.0034,0.0005,-13.941,-15.1734,683.37,665.9
S3_prevsessrange,1.75,2.0,-0.3,0.9811,0.9725,0.008599999999999941,-0.0024,-0.0034,0.001,-13.2667,-15.1734,781.93,665.9
S3_prevsessrange,2.0,0.5,0.15,0.9606,0.9705,-0.00990000000000002,-0.0164,-0.0123,-0.004100000000000001,-44.477,-44.084,1127.94,1394.08
S3_prevsessrange,2.0,0.5,0.3,0.9483,0.9705,-0.022199999999999998,-0.0216,-0.0123,-0.009300000000000001,-55.313,-44.084,447.37,1394.08
S3_prevsessrange,2.0,0.5,-0.15,0.991,0.9705,0.020499999999999963,-0.0038,-0.0123,0.0085,-45.335,-44.084,3007.16,1394.08
S3_prevsessrange,2.0,0.5,-0.3,0.9865,0.9705,0.016000000000000014,-0.0058,-0.0123,0.006500000000000001,-41.7113,-44.084,2050.44,1394.08
S3_prevsessrange,2.0,0.75,0.15,0.9872,0.9742,0.013000000000000012,-0.0038,-0.0078,0.004,-31.4979,-30.5054,1447.48,474.4
S3_prevsessrange,2.0,0.75,0.3,0.9959,0.9742,0.021700000000000053,-0.0012,-0.0078,0.0066,-30.8263,-30.5054,2488.15,474.4
S3_prevsessrange,2.0,0.75,-0.15,0.9482,0.9742,-0.025999999999999912,-0.0162,-0.0078,-0.0084,-43.8777,-30.5054,-894.53,474.4
S3_prevsessrange,2.0,0.75,-0.3,0.937,0.9742,-0.0371999999999999,-0.02,-0.0078,-0.0122,-48.3373,-30.5054,-1814.79,474.4
S3_prevsessrange,2.0,1.0,0.15,0.9757,0.9809,-0.005199999999999982,-0.0057,-0.0045,-0.0012000000000000005,-23.1326,-22.0332,925.16,739.98
S3_prevsessrange,2.0,1.0,0.3,0.9672,0.9809,-0.013700000000000045,-0.0078,-0.0045,-0.0033,-25.3424,-22.0332,70.54,739.98
S3_prevsessrange,2.0,1.0,-0.15,0.9912,0.9809,0.010299999999999976,-0.0021,-0.0045,0.0024,-21.3859,-22.0332,1704.53,739.98
S3_prevsessrange,2.0,1.0,-0.3,0.9815,0.9809,0.0006000000000000449,-0.0045,-0.0045,0.0,-23.8685,-22.0332,1105.72,739.98
S3_prevsessrange,2.0,1.25,0.15,0.9782,0.9747,0.0034999999999999476,-0.0042,-0.0049,0.0007000000000000001,-19.7754,-21.299,1461.97,347.23
S3_prevsessrange,2.0,1.25,0.3,0.9843,0.9747,0.009599999999999942,-0.003,-0.0049,0.0018999999999999998,-19.4292,-21.299,1286.83,347.23
S3_prevsessrange,2.0,1.25,-0.15,0.9883,0.9747,0.013599999999999945,-0.0023,-0.0049,0.0026,-18.8048,-21.299,2267.87,347.23
S3_prevsessrange,2.0,1.25,-0.3,0.985,0.9747,0.010299999999999976,-0.003,-0.0049,0.0018999999999999998,-20.4469,-21.299,1657.4,347.23
S3_prevsessrange,2.0,1.5,0.15,0.9589,0.962,-0.0030999999999999917,-0.0067,-0.0062,-0.0005000000000000004,-23.0619,-22.3857,970.47,946.32
S3_prevsessrange,2.0,1.5,0.3,0.9618,0.962,-0.00019999999999997797,-0.0062,-0.0062,0.0,-22.1479,-22.3857,623.75,946.32
S3_prevsessrange,2.0,1.5,-0.15,0.9517,0.962,-0.010299999999999976,-0.0082,-0.0062,-0.002000000000000001,-23.8731,-22.3857,-442.27,946.32
S3_prevsessrange,2.0,1.5,-0.3,0.9562,0.962,-0.005799999999999916,-0.0074,-0.0062,-0.0012000000000000005,-23.2969,-22.3857,411.37,946.32
S3_prevsessrange,2.0,1.75,0.15,0.9791,0.9859,-0.006800000000000028,-0.0029,-0.002,-0.0008999999999999998,-15.2812,-14.483,1254.35,1517.59
S3_prevsessrange,2.0,1.75,0.3,0.9681,0.9859,-0.017800000000000038,-0.0045,-0.002,-0.0024999999999999996,-17.3695,-14.483,637.21,1517.59
S3_prevsessrange,2.0,1.75,-0.15,1.0015,0.9859,0.015600000000000058,0.0002,-0.002,0.0022,-12.157,-14.483,1751.84,1517.59
S3_prevsessrange,2.0,1.75,-0.3,0.9991,0.9859,0.01319999999999999,-0.0001,-0.002,0.0019,-12.1803,-14.483,1974.22,1517.59
S3_prevsessrange,2.0,2.0,0.15,0.9733,0.9817,-0.008399999999999963,-0.0033,-0.0023,-0.001,-14.8061,-13.7027,1409.44,1553.29
S3_prevsessrange,2.0,2.0,0.3,0.9641,0.9817,-0.01760000000000006,-0.0044,-0.0023,-0.0021000000000000003,-16.2608,-13.7027,1099.18,1553.29
S3_prevsessrange,2.0,2.0,-0.15,0.9997,0.9817,0.018000000000000016,-0.0,-0.0023,0.0023,-10.903,-13.7027,2038.11,1553.29
S3_prevsessrange,2.0,2.0,-0.3,0.9939,0.9817,0.012199999999999989,-0.0008,-0.0023,0.0015,-11.8588,-13.7027,1639.46,1553.29
S4_geomean,0.5,0.5,0.15,0.7928,0.804,-0.011200000000000099,-0.116,-0.109,-0.007000000000000006,-311.6646,-294.571,-4010.5,-3526.96
S4_geomean,0.5,0.5,0.3,0.7903,0.804,-0.013700000000000045,-0.1174,-0.109,-0.008400000000000005,-315.8747,-294.571,-4052.48,-3526.96
S4_geomean,0.5,0.5,-0.15,0.8118,0.804,0.007799999999999918,-0.1043,-0.109,0.004699999999999996,-288.1989,-294.571,-2821.76,-3526.96
S4_geomean,0.5,0.5,-0.3,0.8184,0.804,0.014399999999999968,-0.1003,-0.109,0.0087,-280.0375,-294.571,-2242.01,-3526.96
S4_geomean,0.5,0.75,0.15,0.8031,0.7967,0.006400000000000072,-0.0867,-0.0901,0.0034000000000000002,-229.8345,-239.1415,-3989.32,-4164.58
S4_geomean,0.5,0.75,0.3,0.7895,0.7967,-0.007199999999999984,-0.0935,-0.0901,-0.0034000000000000002,-246.0431,-239.1415,-4560.23,-4164.58
S4_geomean,0.5,0.75,-0.15,0.8057,0.7967,0.009000000000000008,-0.0856,-0.0901,0.004500000000000004,-232.5236,-239.1415,-3444.54,-4164.58
S4_geomean,0.5,0.75,-0.3,0.8142,0.7967,0.01750000000000007,-0.0815,-0.0901,0.008599999999999997,-220.7651,-239.1415,-3125.62,-4164.58
S4_geomean,0.5,1.0,0.15,0.8179,0.8086,0.009299999999999975,-0.0655,-0.0694,0.0039000000000000007,-177.3953,-182.2683,-3374.68,-3750.18
S4_geomean,0.5,1.0,0.3,0.8095,0.8086,0.0009000000000000119,-0.0689,-0.0694,0.0005000000000000004,-182.9175,-182.2683,-3587.85,-3750.18
S4_geomean,0.5,1.0,-0.15,0.8184,0.8086,0.009800000000000031,-0.0655,-0.0694,0.0039000000000000007,-178.641,-182.2683,-2444.5,-3750.18
S4_geomean,0.5,1.0,-0.3,0.8307,0.8086,0.02210000000000001,-0.0607,-0.0694,0.008700000000000006,-168.6704,-182.2683,-2390.67,-3750.18
S4_geomean,0.5,1.25,0.15,0.8029,0.8065,-0.0036000000000000476,-0.0614,-0.0601,-0.0013000000000000025,-163.4095,-157.1383,-3134.57,-3180.61
S4_geomean,0.5,1.25,0.3,0.8084,0.8065,0.0019000000000000128,-0.0592,-0.0601,0.000899999999999998,-164.0922,-157.1383,-2895.07,-3180.61
S4_geomean,0.5,1.25,-0.15,0.8121,0.8065,0.005600000000000049,-0.0581,-0.0601,0.0020000000000000018,-150.921,-157.1383,-2881.84,-3180.61
S4_geomean,0.5,1.25,-0.3,0.8129,0.8065,0.006399999999999961,-0.058,-0.0601,0.0020999999999999977,-151.7082,-157.1383,-2729.19,-3180.61
S4_geomean,0.5,1.5,0.15,0.8036,0.7972,0.006399999999999961,-0.0532,-0.0553,0.0021000000000000046,-141.9789,-143.0199,-2799.24,-2958.49
S4_geomean,0.5,1.5,0.3,0.7949,0.7972,-0.0022999999999999687,-0.0559,-0.0553,-0.0005999999999999964,-147.8634,-143.0199,-3021.83,-2958.49
S4_geomean,0.5,1.5,-0.15,0.7982,0.7972,0.0010000000000000009,-0.0551,-0.0553,0.0001999999999999988,-141.519,-143.0199,-3197.63,-2958.49
S4_geomean,0.5,1.5,-0.3,0.8,0.7972,0.0028000000000000247,-0.0547,-0.0553,0.0006000000000000033,-140.9817,-143.0199,-3075.43,-2958.49
S4_geomean,0.5,1.75,0.15,0.7902,0.7767,0.013500000000000068,-0.0509,-0.055,0.0040999999999999995,-130.2244,-138.7736,-2902.66,-3802.17
S4_geomean,0.5,1.75,0.3,0.804,0.7767,0.027300000000000102,-0.0468,-0.055,0.008199999999999999,-123.1479,-138.7736,-2294.28,-3802.17
S4_geomean,0.5,1.75,-0.15,0.7734,0.7767,-0.0032999999999999696,-0.056,-0.055,-0.0010000000000000009,-140.2583,-138.7736,-4371.88,-3802.17
S4_geomean,0.5,1.75,-0.3,0.7693,0.7767,-0.007399999999999962,-0.0575,-0.055,-0.0025000000000000022,-145.3796,-138.7736,-4502.21,-3802.17
S4_geomean,0.5,2.0,0.15,0.8042,0.782,0.022199999999999998,-0.0419,-0.0478,0.0059000000000000025,-110.7838,-120.8406,-1496.56,-2893.6
S4_geomean,0.5,2.0,0.3,0.7902,0.782,0.008199999999999985,-0.0454,-0.0478,0.0023999999999999994,-116.5428,-120.8406,-2240.82,-2893.6
S4_geomean,0.5,2.0,-0.15,0.7796,0.782,-0.0024000000000000687,-0.0485,-0.0478,-0.0006999999999999992,-121.1157,-120.8406,-3931.05,-2893.6
S4_geomean,0.5,2.0,-0.3,0.7911,0.782,0.009099999999999997,-0.0456,-0.0478,0.0022000000000000006,-117.1593,-120.8406,-3418.27,-2893.6
S4_geomean,0.75,0.5,0.15,0.8432,0.8414,0.0017999999999999128,-0.1016,-0.1029,0.0013000000000000095,-269.626,-270.2868,-2221.59,-2894.16
S4_geomean,0.75,0.5,0.3,0.8299,0.8414,-0.011500000000000066,-0.1107,-0.1029,-0.007800000000000001,-295.1523,-270.2868,-3180.36,-2894.16
S4_geomean,0.75,0.5,-0.15,0.8459,0.8414,0.0044999999999999485,-0.0999,-0.1029,0.0030000000000000027,-263.9218,-270.2868,-2911.14,-2894.16
S4_geomean,0.75,0.5,-0.3,0.8409,0.8414,-0.000500000000000056,-0.1034,-0.1029,-0.0005000000000000004,-275.1094,-270.2868,-2596.58,-2894.16
S4_geomean,0.75,0.75,0.15,0.8574,0.8407,0.016700000000000048,-0.075,-0.0848,0.009800000000000003,-207.1323,-225.1799,-2144.29,-3436.96
S4_geomean,0.75,0.75,0.3,0.8445,0.8407,0.0038000000000000256,-0.0823,-0.0848,0.0025000000000000022,-223.7197,-225.1799,-3000.69,-3436.96
S4_geomean,0.75,0.75,-0.15,0.8399,0.8407,-0.0008000000000000229,-0.0853,-0.0848,-0.0005000000000000004,-229.5038,-225.1799,-3471.29,-3436.96
S4_geomean,0.75,0.75,-0.3,0.8312,0.8407,-0.009499999999999953,-0.0904,-0.0848,-0.005599999999999994,-236.7321,-225.1799,-4098.14,-3436.96
S4_geomean,0.75,1.0,0.15,0.8771,0.8568,0.020299999999999985,-0.0538,-0.0636,0.009800000000000003,-155.8861,-168.8369,-1117.41,-2730.89
S4_geomean,0.75,1.0,0.3,0.8665,0.8568,0.009700000000000042,-0.0589,-0.0636,0.004700000000000003,-160.7426,-168.8369,-1778.24,-2730.89
S4_geomean,0.75,1.0,-0.15,0.8504,0.8568,-0.006399999999999961,-0.0669,-0.0636,-0.0032999999999999974,-177.6916,-168.8369,-2554.53,-2730.89
S4_geomean,0.75,1.0,-0.3,0.8585,0.8568,0.0017000000000000348,-0.063,-0.0636,0.0006000000000000033,-167.4713,-168.8369,-2954.91,-2730.89
S4_geomean,0.75,1.25,0.15,0.8647,0.8578,0.006900000000000017,-0.0519,-0.0548,0.0029,-147.3634,-149.9671,-1091.34,-1868.04
S4_geomean,0.75,1.25,0.3,0.8611,0.8578,0.0032999999999999696,-0.0533,-0.0548,0.0015000000000000013,-156.6519,-149.9671,-1167.56,-1868.04
S4_geomean,0.75,1.25,-0.15,0.8447,0.8578,-0.0131,-0.0605,-0.0548,-0.005699999999999997,-155.322,-149.9671,-2864.07,-1868.04
S4_geomean,0.75,1.25,-0.3,0.8452,0.8578,-0.012600000000000056,-0.0603,-0.0548,-0.005499999999999998,-157.7033,-149.9671,-2650.2,-1868.04
S4_geomean,0.75,1.5,0.15,0.8469,0.8485,-0.0016000000000000458,-0.0523,-0.0518,-0.0005000000000000004,-142.2836,-138.6822,-1902.24,-2028.51
S4_geomean,0.75,1.5,0.3,0.849,0.8485,0.0004999999999999449,-0.0514,-0.0518,0.0003999999999999976,-144.4713,-138.6822,-1874.55,-2028.51
S4_geomean,0.75,1.5,-0.15,0.833,0.8485,-0.01550000000000007,-0.0579,-0.0518,-0.006100000000000001,-149.6805,-138.6822,-2974.28,-2028.51
S4_geomean,0.75,1.5,-0.3,0.8396,0.8485,-0.008900000000000019,-0.0554,-0.0518,-0.003599999999999999,-145.025,-138.6822,-2519.44,-2028.51
S4_geomean,0.75,1.75,0.15,0.852,0.8232,0.028799999999999937,-0.0449,-0.0551,0.0102,-121.8674,-139.4617,-1564.15,-3278.72
S4_geomean,0.75,1.75,0.3,0.8634,0.8232,0.0401999999999999,-0.041,-0.0551,0.014100000000000001,-114.8795,-139.4617,-874.53,-3278.72
S4_geomean,0.75,1.75,-0.15,0.8166,0.8232,-0.00660000000000005,-0.0575,-0.0551,-0.0023999999999999994,-139.8809,-139.4617,-3773.22,-3278.72
S4_geomean,0.75,1.75,-0.3,0.8216,0.8232,-0.0016000000000000458,-0.0559,-0.0551,-0.0007999999999999952,-139.0789,-139.4617,-3460.97,-3278.72
S4_geomean,0.75,2.0,0.15,0.8613,0.8288,0.03249999999999997,-0.0376,-0.0478,0.0102,-100.6437,-117.0867,-278.75,-2482.09
S4_geomean,0.75,2.0,0.3,0.8499,0.8288,0.021100000000000008,-0.041,-0.0478,0.0068000000000000005,-106.1972,-117.0867,-1037.55,-2482.09
S4_geomean,0.75,2.0,-0.15,0.8223,0.8288,-0.00649999999999995,-0.05,-0.0478,-0.0022000000000000006,-121.1049,-117.0867,-3599.77,-2482.09
S4_geomean,0.75,2.0,-0.3,0.8306,0.8288,0.0018000000000000238,-0.0474,-0.0478,0.0004000000000000045,-121.0128,-117.0867,-2981.12,-2482.09
S4_geomean,1.0,0.5,0.15,0.8812,0.8861,-0.0049000000000000155,-0.0833,-0.08,-0.0032999999999999974,-227.3536,-218.3659,-1014.13,-1489.03
S4_geomean,1.0,0.5,0.3,0.8739,0.8861,-0.012199999999999989,-0.0886,-0.08,-0.008599999999999997,-239.529,-218.3659,-1250.57,-1489.03
S4_geomean,1.0,0.5,-0.15,0.8683,0.8861,-0.017800000000000038,-0.0931,-0.08,-0.0131,-248.7115,-218.3659,-1976.66,-1489.03
S4_geomean,1.0,0.5,-0.3,0.8474,0.8861,-0.03869999999999996,-0.1088,-0.08,-0.028799999999999992,-283.9143,-218.3659,-3018.95,-1489.03
S4_geomean,1.0,0.75,0.15,0.8685,0.868,0.000500000000000056,-0.0775,-0.0782,0.0007000000000000062,-214.4141,-212.2728,-2053.62,-2695.9
S4_geomean,1.0,0.75,0.3,0.8713,0.868,0.0032999999999999696,-0.0756,-0.0782,0.002600000000000005,-211.66,-212.2728,-1492.07,-2695.9
S4_geomean,1.0,0.75,-0.15,0.8491,0.868,-0.018900000000000028,-0.0902,-0.0782,-0.011999999999999997,-238.9601,-212.2728,-3422.47,-2695.9
S4_geomean,1.0,0.75,-0.3,0.8378,0.868,-0.030200000000000005,-0.0974,-0.0782,-0.019199999999999995,-242.5671,-212.2728,-5080.66,-2695.9
S4_geomean,1.0,1.0,0.15,0.8807,0.8771,0.0036000000000000476,-0.0599,-0.062,0.0020999999999999977,-168.3917,-167.1979,-984.68,-1834.61
S4_geomean,1.0,1.0,0.3,0.8857,0.8771,0.008600000000000052,-0.0572,-0.062,0.004799999999999999,-162.6634,-167.1979,40.59,-1834.61
S4_geomean,1.0,1.0,-0.15,0.869,0.8771,-0.008099999999999996,-0.0664,-0.062,-0.004400000000000001,-176.5761,-167.1979,-1921.25,-1834.61
S4_geomean,1.0,1.0,-0.3,0.8652,0.8771,-0.011900000000000022,-0.0686,-0.062,-0.006599999999999995,-172.8646,-167.1979,-3894.03,-1834.61
S4_geomean,1.0,1.25,0.15,0.8861,0.8855,0.0006000000000000449,-0.0501,-0.0504,0.00030000000000000165,-143.5391,-139.3623,-109.69,-638.9
S4_geomean,1.0,1.25,0.3,0.8948,0.8855,0.009300000000000086,-0.0458,-0.0504,0.0046,-143.9195,-139.3623,1197.33,-638.9
S4_geomean,1.0,1.25,-0.15,0.8667,0.8855,-0.018799999999999928,-0.0594,-0.0504,-0.009000000000000001,-153.5182,-139.3623,-1843.23,-638.9
S4_geomean,1.0,1.25,-0.3,0.8607,0.8855,-0.024799999999999933,-0.0623,-0.0504,-0.0119,-153.0423,-139.3623,-3364.39,-638.9
S4_geomean,1.0,1.5,0.15,0.8759,0.8757,0.00019999999999997797,-0.0487,-0.049,0.00030000000000000165,-133.1267,-130.5111,-485.3,-978.6
S4_geomean,1.0,1.5,0.3,0.8787,0.8757,0.0030000000000000027,-0.0474,-0.049,0.0016000000000000042,-137.0848,-130.5111,265.37,-978.6
S4_geomean,1.0,1.5,-0.15,0.8577,0.8757,-0.018000000000000016,-0.0569,-0.049,-0.007899999999999997,-144.8973,-130.5111,-1916.62,-978.6
S4_geomean,1.0,1.5,-0.3,0.8585,0.8757,-0.017199999999999993,-0.0565,-0.049,-0.0075,-137.5159,-130.5111,-3431.01,-978.6
S4_geomean,1.0,1.75,0.15,0.8745,0.8561,0.018400000000000083,-0.0443,-0.0517,0.007400000000000004,-121.1653,-133.2543,-498.12,-2007.94
S4_geomean,1.0,1.75,0.3,0.8913,0.8561,0.03520000000000001,-0.0378,-0.0517,0.013900000000000003,-111.7349,-133.2543,813.89,-2007.94
S4_geomean,1.0,1.75,-0.15,0.8516,0.8561,-0.0044999999999999485,-0.0536,-0.0517,-0.001899999999999999,-132.7739,-133.2543,-2133.46,-2007.94
S4_geomean,1.0,1.75,-0.3,0.8537,0.8561,-0.0023999999999999577,-0.0529,-0.0517,-0.0011999999999999997,-130.244,-133.2543,-3715.47,-2007.94
S4_geomean,1.0,2.0,0.15,0.882,0.8657,0.01629999999999998,-0.0375,-0.0434,0.0059000000000000025,-100.3132,-112.665,559.76,-715.33
S4_geomean,1.0,2.0,0.3,0.8706,0.8657,0.0049000000000000155,-0.0413,-0.0434,0.0020999999999999977,-108.5278,-112.665,-72.74,-715.33
S4_geomean,1.0,2.0,-0.15,0.8508,0.8657,-0.014900000000000024,-0.0489,-0.0434,-0.005499999999999998,-121.8527,-112.665,-2147.61,-715.33
S4_geomean,1.0,2.0,-0.3,0.8506,0.8657,-0.015100000000000002,-0.0489,-0.0434,-0.005499999999999998,-117.6704,-112.665,-3889.87,-715.33
S4_geomean,1.25,0.5,0.15,0.8849,0.9033,-0.018399999999999972,-0.0857,-0.0718,-0.013899999999999996,-250.9053,-219.4397,-2096.16,-1839.34
S4_geomean,1.25,0.5,0.3,0.873,0.9033,-0.030299999999999994,-0.0947,-0.0718,-0.022900000000000004,-267.001,-219.4397,-3008.88,-1839.34
S4_geomean,1.25,0.5,-0.15,0.8903,0.9033,-0.013000000000000012,-0.082,-0.0718,-0.0102,-238.8508,-219.4397,-2233.97,-1839.34
S4_geomean,1.25,0.5,-0.3,0.8895,0.9033,-0.013800000000000034,-0.0826,-0.0718,-0.010800000000000004,-235.6737,-219.4397,-1913.39,-1839.34
S4_geomean,1.25,0.75,0.15,0.889,0.8943,-0.005299999999999971,-0.07,-0.0668,-0.0032000000000000084,-192.9637,-186.0096,-1980.43,-2693.6
S4_geomean,1.25,0.75,0.3,0.8743,0.8943,-0.020000000000000018,-0.0795,-0.0668,-0.012700000000000003,-212.1699,-186.0096,-3053.9,-2693.6
S4_geomean,1.25,0.75,-0.15,0.8871,0.8943,-0.007199999999999984,-0.0717,-0.0668,-0.004900000000000002,-195.3779,-186.0096,-2858.28,-2693.6
S4_geomean,1.25,0.75,-0.3,0.901,0.8943,0.006700000000000039,-0.0626,-0.0668,0.004199999999999995,-170.3655,-186.0096,-2787.58,-2693.6
S4_geomean,1.25,1.0,0.15,0.9059,0.9063,-0.00039999999999995595,-0.051,-0.0509,-9.999999999999593e-05,-146.5366,-139.9879,-841.11,-1870.83
S4_geomean,1.25,1.0,0.3,0.8966,0.9063,-0.009700000000000042,-0.0562,-0.0509,-0.005299999999999999,-152.4733,-139.9879,-1449.36,-1870.83
S4_geomean,1.25,1.0,-0.15,0.9126,0.9063,0.006299999999999972,-0.0474,-0.0509,0.003500000000000003,-131.8622,-139.9879,-1256.65,-1870.83
S4_geomean,1.25,1.0,-0.3,0.9322,0.9063,0.025900000000000034,-0.0366,-0.0509,0.0143,-107.5122,-139.9879,-1230.71,-1870.83
S4_geomean,1.25,1.25,0.15,0.9094,0.9172,-0.007800000000000029,-0.0434,-0.0395,-0.0039000000000000007,-129.2459,-115.7914,-557.97,-751.19
S4_geomean,1.25,1.25,0.3,0.8897,0.9172,-0.02749999999999997,-0.0531,-0.0395,-0.013600000000000001,-151.7694,-115.7914,-1511.72,-751.19
S4_geomean,1.25,1.25,-0.15,0.9008,0.9172,-0.01639999999999997,-0.0479,-0.0395,-0.008399999999999998,-125.0791,-115.7914,-2041.93,-751.19
S4_geomean,1.25,1.25,-0.3,0.9127,0.9172,-0.0045000000000000595,-0.0419,-0.0395,-0.0023999999999999994,-112.4824,-115.7914,-1308.99,-751.19
S4_geomean,1.25,1.5,0.15,0.9057,0.9152,-0.009500000000000064,-0.0404,-0.0363,-0.0040999999999999995,-114.1492,-104.8355,-637.54,-608.33
S4_geomean,1.25,1.5,0.3,0.8667,0.9152,-0.04849999999999999,-0.0582,-0.0363,-0.021900000000000003,-148.7824,-104.8355,-2652.83,-608.33
S4_geomean,1.25,1.5,-0.15,0.9055,0.9152,-0.009700000000000042,-0.0409,-0.0363,-0.0046,-108.425,-104.8355,-1248.5,-608.33
S4_geomean,1.25,1.5,-0.3,0.9067,0.9152,-0.008500000000000063,-0.0403,-0.0363,-0.0040000000000000036,-109.0386,-104.8355,-929.59,-608.33
S4_geomean,1.25,1.75,0.15,0.8964,0.8935,0.0029000000000000137,-0.0403,-0.0417,0.0013999999999999985,-108.9588,-110.1493,-958.09,-1803.75
S4_geomean,1.25,1.75,0.3,0.8931,0.8935,-0.00039999999999995595,-0.0414,-0.0417,0.00030000000000000165,-109.5522,-110.1493,-1018.04,-1803.75
S4_geomean,1.25,1.75,-0.15,0.8861,0.8935,-0.007399999999999962,-0.0449,-0.0417,-0.0032000000000000015,-112.8391,-110.1493,-2251.31,-1803.75
S4_geomean,1.25,1.75,-0.3,0.8962,0.8935,0.0027000000000000357,-0.0408,-0.0417,0.000899999999999998,-105.8748,-110.1493,-1484.12,-1803.75
S4_geomean,1.25,2.0,0.15,0.8997,0.8956,0.0041000000000001036,-0.0353,-0.0371,0.001800000000000003,-94.7587,-99.404,-47.95,-821.68
S4_geomean,1.25,2.0,0.3,0.8709,0.8956,-0.024699999999999944,-0.0462,-0.0371,-0.009099999999999997,-111.4845,-99.404,-2261.57,-821.68
S4_geomean,1.25,2.0,-0.15,0.8827,0.8956,-0.012899999999999912,-0.0422,-0.0371,-0.0051,-103.7146,-99.404,-2469.83,-821.68
S4_geomean,1.25,2.0,-0.3,0.8855,0.8956,-0.010099999999999998,-0.0412,-0.0371,-0.0040999999999999995,-102.3214,-99.404,-1964.84,-821.68
S4_geomean,1.5,0.5,0.15,0.9025,0.8908,0.011699999999999933,-0.0752,-0.0847,0.009499999999999995,-236.7715,-249.1789,-2201.17,-2887.76
S4_geomean,1.5,0.5,0.3,0.9042,0.8908,0.013399999999999967,-0.0737,-0.0847,0.010999999999999996,-233.5706,-249.1789,-2475.55,-2887.76
S4_geomean,1.5,0.5,-0.15,0.8906,0.8908,-0.000200000000000089,-0.085,-0.0847,-0.0003000000000000086,-242.7829,-249.1789,-2728.31,-2887.76
S4_geomean,1.5,0.5,-0.3,0.8741,0.8908,-0.016700000000000048,-0.0984,-0.0847,-0.013700000000000004,-276.366,-249.1789,-2771.17,-2887.76
S4_geomean,1.5,0.75,0.15,0.9045,0.9021,0.0023999999999999577,-0.0632,-0.0651,0.001899999999999999,-177.142,-173.5502,-2511.16,-2904.2
S4_geomean,1.5,0.75,0.3,0.902,0.9021,-9.999999999998899e-05,-0.0647,-0.0651,0.00040000000000001146,-186.0712,-173.5502,-2713.42,-2904.2
S4_geomean,1.5,0.75,-0.15,0.9063,0.9021,0.0041999999999999815,-0.0623,-0.0651,0.002800000000000004,-167.6838,-173.5502,-2579.35,-2904.2
S4_geomean,1.5,0.75,-0.3,0.8994,0.9021,-0.0027000000000000357,-0.0672,-0.0651,-0.0020999999999999908,-173.249,-173.5502,-3354.33,-2904.2
S4_geomean,1.5,1.0,0.15,0.9163,0.9003,0.016000000000000014,-0.0482,-0.0578,0.009599999999999997,-142.2251,-151.6917,-1626.09,-2867.37
S4_geomean,1.5,1.0,0.3,0.9188,0.9003,0.01849999999999996,-0.0465,-0.0578,0.011299999999999998,-137.6105,-151.6917,-1442.05,-2867.37
S4_geomean,1.5,1.0,-0.15,0.9276,0.9003,0.02729999999999999,-0.0415,-0.0578,0.016299999999999995,-117.9568,-151.6917,-938.05,-2867.37
S4_geomean,1.5,1.0,-0.3,0.9394,0.9003,0.039100000000000024,-0.0347,-0.0578,0.023099999999999996,-99.3629,-151.6917,-1434.86,-2867.37
S4_geomean,1.5,1.25,0.15,0.9238,0.9245,-0.0007000000000000339,-0.0389,-0.0386,-0.0002999999999999947,-123.9972,-112.5669,-1108.95,-1314.37
S4_geomean,1.5,1.25,0.3,0.9107,0.9245,-0.013800000000000034,-0.0455,-0.0386,-0.006899999999999996,-138.7654,-112.5669,-1754.58,-1314.37
S4_geomean,1.5,1.25,-0.15,0.9216,0.9245,-0.0029000000000000137,-0.0402,-0.0386,-0.0015999999999999973,-106.7426,-112.5669,-1783.17,-1314.37
S4_geomean,1.5,1.25,-0.3,0.9301,0.9245,0.005600000000000049,-0.0358,-0.0386,0.002800000000000004,-97.5674,-112.5669,-1207.5,-1314.37
S4_geomean,1.5,1.5,0.15,0.9183,0.9134,0.0049000000000000155,-0.0376,-0.0401,0.0024999999999999953,-108.1509,-109.3016,-1260.46,-1526.8
S4_geomean,1.5,1.5,0.3,0.8935,0.9134,-0.01990000000000003,-0.0493,-0.0401,-0.0092,-135.0423,-109.3016,-2584.04,-1526.8
S4_geomean,1.5,1.5,-0.15,0.9342,0.9134,0.02080000000000004,-0.0303,-0.0401,0.009799999999999996,-86.3171,-109.3016,-461.02,-1526.8
S4_geomean,1.5,1.5,-0.3,0.929,0.9134,0.015600000000000058,-0.0328,-0.0401,0.007299999999999994,-90.6713,-109.3016,-600.73,-1526.8
S4_geomean,1.5,1.75,0.15,0.9146,0.8978,0.016799999999999926,-0.0357,-0.0433,0.007599999999999996,-99.4055,-112.851,-1069.91,-2566.63
S4_geomean,1.5,1.75,0.3,0.9203,0.8978,0.022499999999999964,-0.0329,-0.0433,0.0104,-93.9839,-112.851,-834.27,-2566.63
S4_geomean,1.5,1.75,-0.15,0.9156,0.8978,0.017799999999999927,-0.0354,-0.0433,0.007899999999999997,-95.8345,-112.851,-1110.55,-2566.63
S4_geomean,1.5,1.75,-0.3,0.9201,0.8978,0.022299999999999986,-0.0337,-0.0433,0.009599999999999997,-93.4687,-112.851,-775.14,-2566.63
S4_geomean,1.5,2.0,0.15,0.9101,0.9004,0.009700000000000042,-0.0343,-0.0384,0.0040999999999999995,-89.7123,-97.7674,-429.55,-1018.28
S4_geomean,1.5,2.0,0.3,0.897,0.9004,-0.0033999999999999586,-0.0393,-0.0384,-0.000900000000000005,-97.856,-97.7674,-1919.02,-1018.28
S4_geomean,1.5,2.0,-0.15,0.9171,0.9004,0.016700000000000048,-0.0318,-0.0384,0.006599999999999995,-84.5276,-97.7674,-1102.5,-1018.28
S4_geomean,1.5,2.0,-0.3,0.9185,0.9004,0.018100000000000005,-0.0314,-0.0384,0.006999999999999999,-86.4499,-97.7674,-790.04,-1018.28
S4_geomean,1.75,0.5,0.15,0.8857,0.8929,-0.007199999999999984,-0.0911,-0.0855,-0.005599999999999994,-276.0852,-263.5905,-3086.54,-2891.12
S4_geomean,1.75,0.5,0.3,0.8944,0.8929,0.0014999999999999458,-0.0839,-0.0855,0.0016000000000000042,-252.5859,-263.5905,-2980.69,-2891.12
S4_geomean,1.75,0.5,-0.15,0.8755,0.8929,-0.017400000000000082,-0.1001,-0.0855,-0.014599999999999988,-302.6838,-263.5905,-3251.85,-2891.12
S4_geomean,1.75,0.5,-0.3,0.8463,0.8929,-0.046599999999999975,-0.1245,-0.0855,-0.03899999999999999,-352.103,-263.5905,-4353.62,-2891.12
S4_geomean,1.75,0.75,0.15,0.898,0.9061,-0.008099999999999996,-0.0702,-0.0648,-0.005400000000000002,-198.3785,-181.8551,-2930.33,-2964.46
S4_geomean,1.75,0.75,0.3,0.9058,0.9061,-0.00029999999999996696,-0.0645,-0.0648,0.0002999999999999947,-181.4943,-181.8551,-2630.44,-2964.46
S4_geomean,1.75,0.75,-0.15,0.89,0.9061,-0.016100000000000003,-0.0766,-0.0648,-0.011800000000000005,-207.0038,-181.8551,-3573.41,-2964.46
S4_geomean,1.75,0.75,-0.3,0.8862,0.9061,-0.01990000000000003,-0.0792,-0.0648,-0.01440000000000001,-209.1212,-181.8551,-4471.87,-2964.46
S4_geomean,1.75,1.0,0.15,0.9101,0.9092,0.0009000000000000119,-0.054,-0.0548,0.0008000000000000021,-155.9965,-153.4796,-2322.63,-2998.19
S4_geomean,1.75,1.0,0.3,0.9292,0.9092,0.020000000000000018,-0.0422,-0.0548,0.0126,-130.6484,-153.4796,-641.78,-2998.19
S4_geomean,1.75,1.0,-0.15,0.9155,0.9092,0.006299999999999972,-0.0511,-0.0548,0.003700000000000002,-149.0892,-153.4796,-1954.2,-2998.19
S4_geomean,1.75,1.0,-0.3,0.9144,0.9092,0.005199999999999982,-0.0519,-0.0548,0.0029,-142.5734,-153.4796,-3707.02,-2998.19
S4_geomean,1.75,1.25,0.15,0.9269,0.9417,-0.014800000000000035,-0.0391,-0.0311,-0.008000000000000004,-124.1851,-100.9298,-1310.21,-806.78
S4_geomean,1.75,1.25,0.3,0.9289,0.9417,-0.012800000000000034,-0.0378,-0.0311,-0.006700000000000001,-125.575,-100.9298,-704.97,-806.78
S4_geomean,1.75,1.25,-0.15,0.9121,0.9417,-0.02959999999999996,-0.0477,-0.0311,-0.0166,-128.5151,-100.9298,-2494.66,-806.78
S4_geomean,1.75,1.25,-0.3,0.9033,0.9417,-0.03839999999999999,-0.0527,-0.0311,-0.021599999999999998,-139.1347,-100.9298,-3434.4,-806.78
S4_geomean,1.75,1.5,0.15,0.9254,0.933,-0.007600000000000051,-0.036,-0.0324,-0.003599999999999999,-107.6213,-99.9795,-1176.74,-774.72
S4_geomean,1.75,1.5,0.3,0.9151,0.933,-0.017900000000000027,-0.0411,-0.0324,-0.0087,-120.1392,-99.9795,-1114.95,-774.72
S4_geomean,1.75,1.5,-0.15,0.9309,0.933,-0.002100000000000102,-0.0337,-0.0324,-0.0013000000000000025,-101.0107,-99.9795,-851.1,-774.72
S4_geomean,1.75,1.5,-0.3,0.9177,0.933,-0.015300000000000091,-0.0404,-0.0324,-0.008,-115.1584,-99.9795,-2236.84,-774.72
S4_geomean,1.75,1.75,0.15,0.917,0.9127,0.0043000000000000815,-0.0366,-0.0388,0.0022000000000000006,-104.5571,-110.4542,-1222.66,-1866.12
S4_geomean,1.75,1.75,0.3,0.9279,0.9127,0.015199999999999991,-0.0315,-0.0388,0.007300000000000001,-93.4766,-110.4542,-150.29,-1866.12
S4_geomean,1.75,1.75,-0.15,0.9039,0.9127,-0.008799999999999919,-0.0432,-0.0388,-0.004400000000000001,-114.2703,-110.4542,-1891.17,-1866.12
S4_geomean,1.75,1.75,-0.3,0.9081,0.9127,-0.0045999999999999375,-0.0414,-0.0388,-0.002599999999999998,-114.2194,-110.4542,-2328.54,-1866.12
S4_geomean,1.75,2.0,0.15,0.905,0.9088,-0.0038000000000000256,-0.0385,-0.0372,-0.0013000000000000025,-101.0033,-100.5078,-886.6,-393.99
S4_geomean,1.75,2.0,0.3,0.9056,0.9088,-0.0032000000000000917,-0.0382,-0.0372,-0.0010000000000000009,-98.3271,-100.5078,-1173.27,-393.99
S4_geomean,1.75,2.0,-0.15,0.9027,0.9088,-0.006100000000000105,-0.0401,-0.0372,-0.0029,-106.8463,-100.5078,-2068.28,-393.99
S4_geomean,1.75,2.0,-0.3,0.905,0.9088,-0.0038000000000000256,-0.0392,-0.0372,-0.0020000000000000018,-105.3035,-100.5078,-2531.15,-393.99
S4_geomean,2.0,0.5,0.15,0.8833,0.8845,-0.0011999999999999789,-0.0949,-0.0942,-0.0006999999999999923,-301.9131,-295.3314,-2809.5,-2901.58
S4_geomean,2.0,0.5,0.3,0.8937,0.8845,0.009200000000000097,-0.0861,-0.0942,0.00810000000000001,-261.4568,-295.3314,-2982.9,-2901.58
S4_geomean,2.0,0.5,-0.15,0.8776,0.8845,-0.006899999999999906,-0.1003,-0.0942,-0.006099999999999994,-319.006,-295.3314,-2874.02,-2901.58
S4_geomean,2.0,0.5,-0.3,0.856,0.8845,-0.02849999999999997,-0.1188,-0.0942,-0.024599999999999997,-361.3535,-295.3314,-3630.47,-2901.58
S4_geomean,2.0,0.75,0.15,0.9016,0.9054,-0.0038000000000000256,-0.0695,-0.0672,-0.0023000000000000104,-212.3274,-201.8898,-2093.9,-2507.65
S4_geomean,2.0,0.75,0.3,0.9128,0.9054,0.007399999999999962,-0.0613,-0.0672,0.0058999999999999955,-190.696,-201.8898,-1805.13,-2507.65
S4_geomean,2.0,0.75,-0.15,0.8822,0.9054,-0.0232,-0.0843,-0.0672,-0.017100000000000004,-237.6803,-201.8898,-3988.37,-2507.65
S4_geomean,2.0,0.75,-0.3,0.8882,0.9054,-0.017199999999999993,-0.08,-0.0672,-0.012800000000000006,-223.4975,-201.8898,-3979.36,-2507.65
S4_geomean,2.0,1.0,0.15,0.9136,0.9104,0.0031999999999999806,-0.0537,-0.0559,0.0022000000000000006,-169.6104,-170.4481,-1607.36,-2669.3
S4_geomean,2.0,1.0,0.3,0.9289,0.9104,0.01849999999999996,-0.0439,-0.0559,0.011999999999999997,-137.9011,-170.4481,-812.37,-2669.3
S4_geomean,2.0,1.0,-0.15,0.9071,0.9104,-0.0032999999999999696,-0.0581,-0.0559,-0.0022000000000000006,-174.2607,-170.4481,-2590.46,-2669.3
S4_geomean,2.0,1.0,-0.3,0.9056,0.9104,-0.0048000000000000265,-0.0594,-0.0559,-0.003500000000000003,-168.013,-170.4481,-3657.76,-2669.3
S4_geomean,2.0,1.25,0.15,0.9278,0.9417,-0.013900000000000023,-0.0402,-0.0323,-0.007899999999999997,-134.0451,-117.7733,-1058.75,-699.85
S4_geomean,2.0,1.25,0.3,0.9287,0.9417,-0.013000000000000012,-0.0394,-0.0323,-0.007099999999999995,-132.7563,-117.7733,-908.05,-699.85
S4_geomean,2.0,1.25,-0.15,0.9021,0.9417,-0.03959999999999997,-0.0553,-0.0323,-0.023,-147.5725,-117.7733,-3282.74,-699.85
S4_geomean,2.0,1.25,-0.3,0.8987,0.9417,-0.04299999999999993,-0.0576,-0.0323,-0.025299999999999996,-154.3728,-117.7733,-3272.48,-699.85
S4_geomean,2.0,1.5,0.15,0.9342,0.9415,-0.007299999999999973,-0.033,-0.0295,-0.003500000000000003,-109.6318,-107.1614,410.82,-235.17
S4_geomean,2.0,1.5,0.3,0.924,0.9415,-0.01749999999999996,-0.0382,-0.0295,-0.0087,-118.1232,-107.1614,-409.98,-235.17
S4_geomean,2.0,1.5,-0.15,0.9258,0.9415,-0.015700000000000047,-0.0378,-0.0295,-0.008300000000000002,-114.5095,-107.1614,-1479.76,-235.17
S4_geomean,2.0,1.5,-0.3,0.918,0.9415,-0.023499999999999965,-0.0421,-0.0295,-0.0126,-123.4345,-107.1614,-1896.17,-235.17
S4_geomean,2.0,1.75,0.15,0.9274,0.9288,-0.0013999999999999568,-0.0334,-0.033,-0.0003999999999999976,-108.3188,-110.5609,196.39,-596.07
S4_geomean,2.0,1.75,0.3,0.9408,0.9288,0.01200000000000001,-0.0269,-0.033,0.006100000000000001,-88.7168,-110.5609,667.63,-596.07
S4_geomean,2.0,1.75,-0.15,0.8991,0.9288,-0.02969999999999995,-0.0476,-0.033,-0.014600000000000002,-127.9636,-110.5609,-2510.57,-596.07
S4_geomean,2.0,1.75,-0.3,0.9041,0.9288,-0.024699999999999944,-0.0454,-0.033,-0.012400000000000001,-126.2842,-110.5609,-2087.37,-596.07
S4_geomean,2.0,2.0,0.15,0.9182,0.9249,-0.006700000000000039,-0.0347,-0.032,-0.002700000000000001,-102.4835,-101.7434,734.05,967.71
S4_geomean,2.0,2.0,0.3,0.9186,0.9249,-0.006300000000000083,-0.0343,-0.032,-0.0022999999999999965,-93.6816,-101.7434,-403.78,967.71
S4_geomean,2.0,2.0,-0.15,0.8978,0.9249,-0.027100000000000013,-0.0443,-0.032,-0.012299999999999998,-118.582,-101.7434,-2440.82,967.71
S4_geomean,2.0,2.0,-0.3,0.8927,0.9249,-0.032200000000000006,-0.0469,-0.032,-0.014899999999999997,-122.1024,-101.7434,-2814.77,967.71
