level_id,level_idx,created_at,expiry_at,touched_at,session_date,year,side,contract,level,entry_price,entry_fill_type,forced_liquidation_ts,mfe,mfe_ts,minutes_to_mfe,mae,mae_ts,minutes_to_mae,mae_before_mfe,mfe_before_mae,cutoff_pnl,path_len_minutes,mfe_5m,mae_5m,mtm_5m,mfe_15m,mae_15m,mtm_15m,mfe_30m,mae_30m,mtm_30m,mfe_45m,mae_45m,mtm_45m,mfe_60m,mae_60m,mtm_60m,mfe_90m,mae_90m,mtm_90m,mfe_120m,mae_120m,mtm_120m,mfe_180m,mae_180m,mtm_180m,signed_mfe_pts,signed_mae_pts,conventional_mfe_pts,conventional_mae_pts,touched_at_feat,range_15m,range_30m,range_60m,range_120m,prev_session_range,atr14_5m,atr14_15m,atr14_30m,atr14_60m,ewma_vol_hl30m,ewma_vol_hl60m,ewma_vol_hl120m,vxn_prior_close,vxn_prior_pct_change,rvol_30m_hist15,rvol_30m_hist20,rvol_30m_hist30,rvol_60m_hist15,rvol_60m_hist20,rvol_60m_hist30,rvol_120m_hist15,rvol_120m_hist20,rvol_120m_hist30,rvol_30m_hist15_session_anchored,rvol_30m_hist20_session_anchored,rvol_30m_hist30_session_anchored,rvol_60m_hist15_session_anchored,rvol_60m_hist20_session_anchored,rvol_60m_hist30_session_anchored,rvol_120m_hist15_session_anchored,rvol_120m_hist20_session_anchored,rvol_120m_hist30_session_anchored,S1_range30m,S2_atr60m,S3_prevsessrange,S4_geomean,rvol60_primary,tp_dist_stage2,sl_dist_stage2,minutes_elapsed,in_ef,garch_variance,hmm2_state,hmm2_prob,hmm3_state,hmm3_prob,garch_percentile
4_upper,4,2018-01-08 10:30:00-05:00,2018-02-05 10:30:00-05:00,2018-01-09 13:26:00+00:00,2018-01-09,2018,upper,NQH8,6700.852925468027,6700.852925468027,clean,2018-01-09 20:59:00+00:00,33.602925468027024,2018-01-09 09:53:00-05:00,87,-6.397074531972976,2018-01-09 13:24:00-05:00,298,False,True,11.602925468027024,453,0.3529254680270242,-1.3970745319729758,-0.1470745319729758,0.3529254680270242,-3.647074531972976,-3.397074531972976,0.3529254680270242,-4.897074531972976,-3.147074531972976,0.3529254680270242,-4.897074531972976,-3.897074531972976,0.3529254680270242,-4.897074531972976,-0.1470745319729758,33.602925468027024,-4.897074531972976,23.852925468027024,33.602925468027024,-4.897074531972976,13.602925468027024,33.602925468027024,-4.897074531972976,0.8529254680270242,33.602925468027024,-6.397074531972976,33.602925468027024,6.397074531972976,2018-01-09 08:26:00-05:00,4.25,5.75,5.75,7.75,37.5,1.5357142857142858,2.946428571428572,3.232142857142857,5.25,0.6293191074761375,0.5981884247246144,0.5739763884689074,13.84000015258789,0.026706277639223,0.7865796831314072,0.7865796831314072,0.7865796831314072,0.8061657032755298,0.8061657032755298,0.8061657032755298,0.8052863436123348,0.8052863436123348,0.8052863436123348,0.6542635658914728,0.6542635658914728,0.6542635658914728,0.6825448613376836,0.6825448613376836,0.6825448613376836,0.7002489944455085,0.7002489944455085,0.7002489944455085,5.75,5.25,37.5,5.494315243958978,0.6825448613376836,11.5,16.5,866,True,,,,,,
4_lower,4,2018-01-08 10:30:00-05:00,2018-02-05 10:30:00-05:00,2018-01-10 15:02:00+00:00,2018-01-10,2018,lower,NQH8,6629.772074531973,6629.772074531973,clean,2018-01-10 20:59:00+00:00,44.477925468027024,2018-01-10 13:55:00-05:00,233,3.227925468027024,2018-01-10 10:03:00-05:00,1,True,False,42.977925468027024,357,14.727925468027024,3.227925468027024,12.977925468027024,27.477925468027024,3.227925468027024,23.727925468027024,28.727925468027024,3.227925468027024,13.727925468027024,28.727925468027024,3.227925468027024,15.977925468027024,29.727925468027024,3.227925468027024,29.227925468027024,35.477925468027024,3.227925468027024,22.227925468027024,35.477925468027024,3.227925468027024,27.227925468027024,36.477925468027024,3.227925468027024,33.227925468027024,44.477925468027024,3.227925468027024,44.477925468027024,0.0,2018-01-10 10:02:00-05:00,31.25,35.5,35.5,35.5,40.0,8.053571428571429,7.303571428571429,9.535714285714286,10.017857142857142,3.3389392345323103,2.7156635987584017,2.172467584961496,14.630000114440918,0.0570809214698821,1.804234083994246,1.804234083994246,1.804234083994246,1.772075068021674,1.772075068021674,1.772075068021674,1.7325614520592545,1.7325614520592545,1.7325614520592545,1.451655195018027,1.451655195018027,1.451655195018027,1.4360477168648587,1.4360477168648587,1.4360477168648587,1.4012293362078188,1.4012293362078188,1.4012293362078188,35.5,10.017857142857142,40.0,18.8582588955457,1.4360477168648587,15.5,23.0,962,True,,,,,,
12_upper,12,2018-01-18 10:30:00-05:00,2018-02-15 10:30:00-05:00,2018-01-22 15:09:00+00:00,2018-01-22,2018,upper,NQH8,6862.577746742863,6862.577746742863,clean,2018-01-22 20:59:00+00:00,0.3277467428633827,2018-01-22 10:10:00-05:00,1,-55.92225325713662,2018-01-22 15:59:00-05:00,350,False,True,-55.17225325713662,350,0.3277467428633827,-6.672253257136617,-6.172253257136617,0.3277467428633827,-17.672253257136617,-14.672253257136616,0.3277467428633827,-25.172253257136617,-21.172253257136617,0.3277467428633827,-25.172253257136617,-20.672253257136617,0.3277467428633827,-25.172253257136617,-21.672253257136617,0.3277467428633827,-25.172253257136617,-21.422253257136617,0.3277467428633827,-36.17225325713662,-32.42225325713662,0.3277467428633827,-41.42225325713662,-35.42225325713662,0.3277467428633827,-55.92225325713662,0.3277467428633827,55.92225325713662,2018-01-22 10:09:00-05:00,14.25,23.75,23.75,23.75,55.5,5.017857142857143,4.892857142857143,5.660714285714286,6.428571428571429,1.6807565133536564,1.4208220336305923,1.1713265554212902,16.149999618530273,-0.0471977055103355,0.9991985522233712,0.9840235255178033,0.9840235255178033,1.0049998820782529,0.9909769540243252,0.9909769540243252,1.0342296754767482,1.000677760356077,1.000677760356077,0.824344932760294,0.824344932760294,0.824344932760294,0.7631336240474933,0.7631336240474933,0.7631336240474933,0.7244803796634003,0.7244803796634003,0.7244803796634003,23.75,6.428571428571429,55.5,12.356317065718711,0.7631336240474933,16.75,23.0,969,True,,,,,,
10_upper,10,2018-01-16 10:30:00-05:00,2018-02-13 10:30:00-05:00,2018-01-22 15:12:00+00:00,2018-01-22,2018,upper,NQH8,6869.187003432237,6869.187003432237,clean,2018-01-22 20:59:00+00:00,2.6870034322373613,2018-01-22 10:13:00-05:00,1,-49.31299656776264,2018-01-22 15:59:00-05:00,347,False,True,-48.56299656776264,347,2.6870034322373613,-8.812996567762639,-7.812996567762639,2.6870034322373613,-12.31299656776264,-8.812996567762639,2.6870034322373613,-18.56299656776264,-14.06299656776264,2.6870034322373613,-18.56299656776264,-11.56299656776264,2.6870034322373613,-18.56299656776264,-13.56299656776264,2.6870034322373613,-18.56299656776264,-14.56299656776264,2.6870034322373613,-29.56299656776264,-27.31299656776264,2.6870034322373613,-34.81299656776264,-30.56299656776264,2.6870034322373613,-49.31299656776264,2.6870034322373613,49.31299656776264,2018-01-22 10:12:00-05:00,14.25,23.75,23.75,23.75,55.5,5.125,4.892857142857143,5.660714285714286,6.428571428571429,1.9465686555147497,1.5943846761055214,1.2839071639887225,16.149999618530273,-0.0471977055103355,0.9991985522233712,0.9840235255178033,0.9840235255178033,1.0049998820782529,0.9909769540243252,0.9909769540243252,1.0342296754767482,1.000677760356077,1.000677760356077,0.824344932760294,0.824344932760294,0.824344932760294,0.7631336240474933,0.7631336240474933,0.7631336240474933,0.7244803796634003,0.7244803796634003,0.7244803796634003,23.75,6.428571428571429,55.5,12.356317065718711,0.7631336240474933,16.75,23.0,972,True,,,,,,
15_upper,15,2018-01-23 10:30:00-05:00,2018-02-20 10:30:00-05:00,2018-01-24 15:14:00+00:00,2018-01-24,2018,upper,NQH8,6998.255469793344,6998.255469793344,clean,2018-01-24 20:59:00+00:00,110.00546979334376,2018-01-24 13:21:00-05:00,187,-5.994530206656236,2018-01-24 10:37:00-05:00,23,True,False,68.50546979334376,345,9.255469793343764,-1.2445302066562365,8.505469793343764,11.005469793343764,-1.2445302066562365,2.755469793343764,11.005469793343764,-5.994530206656236,5.005469793343764,20.505469793343764,-5.994530206656236,15.005469793343764,47.25546979334376,-5.994530206656236,47.00546979334376,83.00546979334376,-5.994530206656236,56.25546979334376,83.00546979334376,-5.994530206656236,56.00546979334376,102.75546979334376,-5.994530206656236,96.00546979334376,110.00546979334376,-5.994530206656236,110.00546979334376,5.994530206656236,2018-01-24 10:14:00-05:00,20.0,28.25,28.25,30.0,61.5,8.767857142857142,7.232142857142857,7.0,8.392857142857142,2.625935967667837,2.1807510841002413,1.7512411622803754,16.75,0.0282381251454806,1.224000194846315,1.2997711078638028,1.2795182870164092,1.0812881623005712,1.2914814030630248,1.2735054631498364,1.0716043748268165,1.3084424630816385,1.3084424630816385,1.1299352459753575,1.0718894304087705,1.0718894304087705,1.0572974846885712,0.9831212672033238,0.9831212672033238,0.9954575737387197,0.962985747974982,0.962985747974982,28.25,8.392857142857142,61.5,15.39799383964399,0.9831212672033238,20.0,26.25,974,True,,,,,,
18_lower,18,2018-01-26 10:30:00-05:00,2018-02-23 10:30:00-05:00,2018-01-30 15:05:00+00:00,2018-01-30,2018,lower,NQH8,6909.722612509674,6909.722612509674,clean,2018-01-30 20:59:00+00:00,59.52738749032597,2018-01-30 11:10:00-05:00,65,-6.972612509674036,2018-01-30 10:07:00-05:00,2,True,False,31.527387490325964,354,6.027387490325964,-6.972612509674036,5.277387490325964,13.277387490325964,-6.972612509674036,7.277387490325964,35.277387490325964,-6.972612509674036,28.777387490325964,35.277387490325964,-6.972612509674036,20.277387490325964,53.02738749032597,-6.972612509674036,49.77738749032597,59.52738749032597,-6.972612509674036,39.77738749032597,59.52738749032597,-6.972612509674036,28.777387490325964,59.52738749032597,-6.972612509674036,9.777387490325964,59.52738749032597,-6.972612509674036,59.52738749032597,6.972612509674036,2018-01-30 10:05:00-05:00,25.75,36.75,36.75,51.5,67.25,11.0,10.160714285714286,11.660714285714286,17.821428571428573,3.953031825630396,3.3122138606255613,2.701315171854518,19.21999931335449,0.0970318956149052,1.5453309800580204,1.7811396637594408,1.8824430687869915,1.6301713866739986,1.7320531297472053,1.8847739241928132,1.613632759222254,1.6357220368956231,1.810717018739656,1.5157496766490897,1.5218060133852762,1.5218060133852762,1.4882607895309337,1.5513457881975334,1.5513457881975334,1.4544700803385082,1.4962867100986779,1.4962867100986779,36.75,17.821428571428573,67.25,25.59174671647092,1.5513457881975334,24.75,31.25,965,True,9.318938108350809e-07,HIGH_VOL,1.0,HIGH_VOL,1.0,
25_upper,25,2018-02-06 10:30:00-05:00,2018-03-06 10:30:00-05:00,2018-02-07 15:08:00+00:00,2018-02-07,2018,upper,NQH8,6684.944584107352,6684.944584107352,clean,2018-02-07 20:59:00+00:00,105.44458410735206,2018-02-07 15:59:00-05:00,351,-32.80541589264794,2018-02-07 11:15:00-05:00,67,True,False,105.44458410735206,351,12.694584107352055,-1.305415892647943,3.194584107352057,24.444584107352057,-4.805415892647943,21.694584107352057,34.94458410735206,-4.805415892647943,26.694584107352057,34.94458410735206,-7.805415892647943,-4.805415892647943,34.94458410735206,-23.555415892647943,-22.555415892647943,34.94458410735206,-32.80541589264794,-1.305415892647943,34.94458410735206,-32.80541589264794,3.444584107352057,76.94458410735206,-32.80541589264794,64.19458410735206,105.44458410735206,-32.80541589264794,105.44458410735206,32.80541589264794,2018-02-07 10:08:00-05:00,41.75,44.75,44.75,45.5,417.25,18.375,17.5,20.428571428571427,31.0,5.647396881644922,4.778500146087962,4.0325664843028965,26.700000762939453,-0.1913991401335144,1.1567897905994429,1.298220841570178,1.3726924676598875,1.2697619318089612,1.4297408909841758,1.469688289489749,1.4292963947737083,1.5525862202829237,1.5525862202829237,1.0923687962522914,1.1851101637955639,1.1851101637955639,1.1913455243083575,1.2882321465322082,1.2882321465322082,1.3316418944115924,1.3494253959470677,1.4020487004564353,44.75,31.0,417.25,37.24580513292739,1.2882321465322082,107.25,83.75,968,True,2.9265271570438615e-06,HIGH_VOL,1.0,HIGH_VOL,1.0,
27_lower,27,2018-02-08 10:30:00-05:00,2018-03-08 10:30:00-05:00,2018-02-08 15:54:00+00:00,2018-02-08,2018,lower,NQH8,6489.755992857791,6489.755992857791,clean,2018-02-08 20:59:00+00:00,32.99400714220883,2018-02-08 11:05:00-05:00,11,-188.7559928577912,2018-02-08 15:59:00-05:00,305,False,True,-187.5059928577912,305,14.74400714220883,-16.50599285779117,7.744007142208829,32.99400714220883,-16.50599285779117,15.74400714220883,32.99400714220883,-32.00599285779117,-24.50599285779117,32.99400714220883,-32.00599285779117,5.2440071422088295,32.99400714220883,-32.00599285779117,18.74400714220883,32.99400714220883,-40.25599285779117,-38.50599285779117,32.99400714220883,-91.00599285779116,-86.25599285779117,32.99400714220883,-102.25599285779116,-2.7559928577911705,32.99400714220883,-188.7559928577912,32.99400714220883,188.7559928577912,2018-02-08 10:54:00-05:00,27.5,44.25,69.0,72.75,185.75,22.303571428571427,23.714285714285715,26.071428571428573,31.0,5.4665261463764985,5.014409094515168,4.320666053978766,24.729999542236328,-0.0737828151464907,1.076612431230247,1.0781110345939136,1.164461606634171,1.0379253825806138,1.1156697542170355,1.168694953038775,1.1982445607113246,1.2354198293268877,1.2720733298934652,0.964983606557377,1.0007888795190556,1.0796138157701676,0.9738264537052546,1.0530232558139534,1.0379253825806138,1.1163763251824623,1.1312850481479733,1.1621123265260853,44.25,31.0,185.75,37.037143518365454,1.0530232558139534,51.5,50.75,1014,True,2.2464889065221994e-06,HIGH_VOL,1.0,HIGH_VOL,1.0,
28_upper,28,2018-02-09 10:30:00-05:00,2018-03-09 10:30:00-05:00,2018-02-12 14:44:00+00:00,2018-02-12,2018,upper,NQH8,6513.528021066135,6513.528021066135,clean,2018-02-12 20:59:00+00:00,88.5280210661349,2018-02-12 10:27:00-05:00,43,-53.9719789338651,2018-02-12 15:22:00-05:00,338,False,True,-11.721978933865104,375,18.028021066134897,-3.2219789338651026,16.028021066134897,43.0280210661349,-3.2219789338651026,37.2780210661349,51.2780210661349,-3.2219789338651026,42.5280210661349,88.5280210661349,-3.2219789338651026,64.5280210661349,88.5280210661349,-3.2219789338651026,61.2780210661349,88.5280210661349,-3.2219789338651026,24.778021066134897,88.5280210661349,-3.2219789338651026,5.778021066134897,88.5280210661349,-25.721978933865103,1.7780210661348974,88.5280210661349,-53.9719789338651,88.5280210661349,53.9719789338651,2018-02-12 09:44:00-05:00,38.75,38.75,33.25,21.25,291.5,14.339285714285714,14.053571428571429,18.142857142857142,18.392857142857142,4.258314927626395,3.5550032329262238,2.9965438422093693,29.6200008392334,-0.1259958284838238,1.5298627426734266,1.916060089824996,2.0383886646346485,0.9958632532001248,1.1882654249126892,1.6190597043334811,0.777642314545625,0.8594972790878466,1.0276366340314784,1.2221673416971253,1.46639800877089,1.8299068185179708,0.9679107874374147,1.078574749566761,1.328508954602249,0.7169289296213038,0.8594972790878466,1.0065549890750183,38.75,18.392857142857142,291.5,26.696876489314516,1.078574749566761,75.5,65.25,944,True,2.900400401959224e-06,HIGH_VOL,1.0,HIGH_VOL,0.9999999999999065,
35_lower,35,2018-02-20 10:30:00-05:00,2018-03-20 10:30:00-04:00,2018-03-02 13:01:00+00:00,2018-03-02,2018,lower,NQH8,6674.644394150568,6674.644394150568,clean,2018-03-02 20:59:00+00:00,148.60560584943232,2018-03-02 15:56:00-05:00,475,-28.64439415056768,2018-03-02 09:45:00-05:00,104,True,False,137.10560584943232,478,7.105605849432322,-1.6443941505676776,2.8556058494323224,12.855605849432322,-1.6443941505676776,8.105605849432322,12.855605849432322,-6.644394150567678,3.6056058494323215,12.855605849432322,-6.644394150567678,1.3556058494323224,23.60560584943232,-6.644394150567678,10.105605849432322,23.60560584943232,-10.144394150567678,16.855605849432322,29.60560584943232,-28.64439415056768,22.85560584943232,53.35560584943232,-28.64439415056768,36.10560584943232,148.60560584943232,-28.64439415056768,148.60560584943232,28.64439415056768,2018-03-02 08:01:00-05:00,21.5,39.0,44.5,46.5,209.75,9.767857142857142,13.446428571428571,17.107142857142858,20.839285714285715,2.677013050680407,2.507773274491205,2.3590599448737968,24.739999771118164,0.1240345076713802,5.025974025974026,5.000994035785288,4.085261875761267,3.911934552454283,3.923262548262548,3.446682213271147,3.863102832355193,4.124361506504121,3.63427954149913,3.8346036585365852,2.7001207567422516,3.3523238380809595,3.1532195500387896,2.578588421887391,2.9386353366470854,3.605930689531976,3.0023797719385223,3.208370860927152,39.0,20.839285714285715,209.75,28.508457391748557,2.578588421887391,74.75,67.25,841,True,1.1126078963154537e-06,HIGH_VOL,0.9999999999837575,HIGH_VOL,0.9999999981682419,
32_lower,32,2018-02-15 10:30:00-05:00,2018-03-15 10:30:00-04:00,2018-03-02 14:44:00+00:00,2018-03-02,2018,lower,NQH8,6655.008211491266,6655.008211491266,clean,2018-03-02 20:59:00+00:00,168.24178850873432,2018-03-02 15:56:00-05:00,372,-9.008211491265683,2018-03-02 09:45:00-05:00,1,True,False,156.74178850873432,375,14.991788508734317,-9.008211491265683,5.491788508734317,31.99178850873432,-9.008211491265683,30.24178850873432,44.99178850873432,-9.008211491265683,36.49178850873432,44.99178850873432,-9.008211491265683,31.74178850873432,72.99178850873432,-9.008211491265683,68.49178850873432,72.99178850873432,-9.008211491265683,47.24178850873432,86.74178850873432,-9.008211491265683,83.74178850873432,112.99178850873432,-9.008211491265683,104.49178850873432,168.24178850873432,-9.008211491265683,168.24178850873432,9.008211491265683,2018-03-02 09:44:00-05:00,11.0,28.25,30.25,46.5,209.75,11.321428571428571,16.928571428571427,21.0,22.428571428571427,5.742925789952456,4.55413857071084,3.667039922676693,24.739999771118164,0.1240345076713802,2.0005392773683264,1.7738284985655084,1.5704508572638114,3.1120768526989937,2.929013508422582,2.3828371278458844,3.863102832355193,4.124361506504121,3.63427954149913,1.511476300421024,1.2480654928787709,1.392953251142124,2.1778311324529813,1.9560092006900518,2.1283485198075947,3.605930689531976,3.0023797719385223,3.208370860927152,28.25,22.428571428571427,209.75,25.171554239997633,1.9560092006900518,68.75,61.75,944,True,2.6022056437213753e-06,HIGH_VOL,1.0,HIGH_VOL,1.0,
42_upper,42,2018-03-01 10:30:00-05:00,2018-03-29 10:30:00-04:00,2018-03-08 14:08:00+00:00,2018-03-08,2018,upper,NQH8,6967.241668711537,6967.241668711537,clean,2018-03-08 20:59:00+00:00,36.241668711537386,2018-03-08 13:28:00-05:00,260,-6.508331288462614,2018-03-08 11:18:00-05:00,130,True,False,-0.0083312884626138,411,6.491668711537386,0.991668711537386,4.741668711537386,6.491668711537386,0.2416687115373861,2.241668711537386,16.491668711537386,-3.758331288462614,5.491668711537386,16.491668711537386,-3.758331288462614,1.741668711537386,23.491668711537383,-3.758331288462614,21.991668711537383,23.991668711537383,-3.758331288462614,22.241668711537383,25.991668711537383,-3.758331288462614,5.991668711537386,25.991668711537383,-6.508331288462614,7.741668711537386,36.241668711537386,-6.508331288462614,36.241668711537386,6.508331288462614,2018-03-08 09:08:00-05:00,8.0,8.0,12.25,23.25,138.75,4.071428571428571,6.142857142857143,8.839285714285714,11.589285714285714,1.3524054004268915,1.2628948400556017,1.2124281817279607,20.43000030517578,-0.0082524307352375,1.0714893617021275,1.2006484836925424,0.9904806860199828,1.071248856358646,1.0748135398737808,0.8202276707530648,1.4823716251985175,1.7275587636498242,1.669966603053435,0.9389916467780429,0.8958303685783406,0.8484399218276164,0.7767642424745004,0.7142203583682806,0.7028852286796984,1.3054545454545454,1.3882994546355973,1.3092388255096317,8.0,11.589285714285714,138.75,9.628825770273638,0.7142203583682806,35.75,35.75,908,True,1.3402008873613297e-07,LOW_VOL,0.9995398326633166,MID_VOL,0.8275576877186915,
40_upper,40,2018-02-27 10:30:00-05:00,2018-03-27 10:30:00-04:00,2018-03-09 13:36:00+00:00,2018-03-09,2018,upper,NQM8,7057.28680551017,7057.28680551017,clean,2018-03-09 20:59:00+00:00,23.03680551016987,2018-03-09 09:40:00-05:00,64,-70.96319448983013,2018-03-09 15:59:00-05:00,443,False,True,-70.21319448983013,443,14.78680551016987,2.28680551016987,12.78680551016987,16.78680551016987,2.28680551016987,14.53680551016987,16.78680551016987,2.28680551016987,4.03680551016987,16.78680551016987,2.28680551016987,8.78680551016987,17.78680551016987,2.28680551016987,14.28680551016987,23.03680551016987,2.28680551016987,4.78680551016987,23.03680551016987,-16.71319448983013,-16.46319448983013,23.03680551016987,-31.46319448983013,-27.71319448983013,23.03680551016987,-70.96319448983013,23.03680551016987,70.96319448983013,2018-03-09 08:36:00-05:00,13.25,15.75,6.5,9.75,63.75,3.642857142857143,4.571428571428571,6.642857142857143,12.714285714285714,5.157697949526179,3.796034435253877,2.814653027897724,19.26000022888184,-0.0572687253459086,1.1438802083333333,1.1778112954583544,0.950114911450588,0.3902021240150736,0.5342401500938087,0.4781696053736356,0.3265268065268065,0.3934610415145216,0.4177003816793893,0.7782945736434108,0.7411156806917643,0.6710589133963525,0.39020212401507365,0.3933011049723757,0.3244090002848191,0.32652680652680655,0.34724838869608327,0.31954012500570284,15.75,12.714285714285714,63.75,14.150971698084906,0.3933011049723757,15.5,20.5,876,True,2.250527172200641e-07,HIGH_VOL,1.0,HIGH_VOL,1.0,
49_upper,49,2018-03-12 10:30:00-04:00,2018-04-10 10:30:00-04:00,2018-03-13 13:42:00+00:00,2018-03-13,2018,upper,NQM8,7211.202029295153,7211.202029295153,clean,2018-03-13 19:59:00+00:00,160.7020292951529,2018-03-13 15:40:00-04:00,358,-3.2979707048471028,2018-03-13 09:48:00-04:00,6,True,False,139.9520292951529,377,6.702029295152897,-2.0479707048471028,-1.0479707048471028,14.452029295152895,-3.2979707048471028,13.452029295152895,23.452029295152897,-3.2979707048471028,13.952029295152895,23.452029295152897,-3.2979707048471028,12.202029295152895,39.9520292951529,-3.2979707048471028,30.952029295152897,77.7020292951529,-3.2979707048471028,75.7020292951529,98.9520292951529,-3.2979707048471028,79.4520292951529,130.4520292951529,-3.2979707048471028,99.9520292951529,160.7020292951529,-3.2979707048471028,160.7020292951529,3.2979707048471028,2018-03-13 09:42:00-04:00,10.5,16.0,34.0,7.0,61.0,9.946428571428571,6.303571428571429,7.071428571428571,6.625,2.7355239618149643,2.497727706344116,2.08564204584,17.559999465942383,0.0150289156270513,1.218109610802224,1.2933040984989037,1.199624530663329,2.951052150045746,2.96087205966724,2.849538954226713,,,,1.088895200227208,1.0580930040016558,0.8257592074090028,2.3934699935070958,2.1018164046591186,1.860149942329873,0.45473193473193474,0.4846948916716359,0.44500205301336737,16.0,6.625,61.0,10.295630140987,2.1018164046591186,25.0,30.5,942,True,5.305111609527902e-07,HIGH_VOL,0.9468780046750286,MID_VOL,0.9993071416752383,
69_upper,69,2018-04-10 10:30:00-04:00,2018-05-08 10:30:00-04:00,2018-04-12 13:59:00+00:00,2018-04-12,2018,upper,NQM8,6674.120573515432,6674.120573515432,clean,2018-04-12 19:59:00+00:00,34.870573515431715,2018-04-12 13:30:00-04:00,211,-19.629426484568285,2018-04-12 15:39:00-04:00,340,False,True,6.370573515431715,360,6.370573515431715,-5.379426484568285,3.370573515431716,6.370573515431715,-9.629426484568285,-2.6294264845682846,6.370573515431715,-16.629426484568285,-8.129426484568285,6.370573515431715,-16.629426484568285,-7.129426484568285,11.370573515431715,-16.629426484568285,5.870573515431715,11.370573515431715,-16.629426484568285,-3.1294264845682846,19.620573515431715,-16.629426484568285,5.870573515431715,19.620573515431715,-16.629426484568285,-9.129426484568285,34.870573515431715,-19.629426484568285,34.870573515431715,19.629426484568285,2018-04-12 09:59:00-04:00,33.5,13.0,11.75,33.0,112.5,9.071428571428571,9.482142857142858,11.928571428571429,16.410714285714285,3.223708750158313,2.720268252923854,2.300350456022933,24.690000534057617,-0.0182902223240488,1.207628711010898,1.0802588452811162,1.0338614976272822,0.5648539584934665,0.573253376237141,0.6444505343929844,,,,0.8543134387877177,0.8577911244577912,0.8461589098808505,0.5007239587769355,0.563689534493504,0.5490031283559789,0.8399258738577545,1.012907948984703,0.973449361229402,13.0,16.410714285714285,112.5,14.606138631215495,0.563689534493504,28.0,30.75,959,True,2.5079455486157275e-06,HIGH_VOL,0.9999999999999999,HIGH_VOL,0.999999999999973,
70_upper,70,2018-04-11 10:30:00-04:00,2018-05-09 10:30:00-04:00,2018-04-12 14:22:00+00:00,2018-04-12,2018,upper,NQM8,6690.253399853834,6690.253399853834,clean,2018-04-12 19:59:00+00:00,51.0033998538338,2018-04-12 13:30:00-04:00,188,-3.4966001461662017,2018-04-12 15:39:00-04:00,317,False,True,22.5033998538338,337,9.253399853833798,-0.2466001461662017,7.753399853833798,16.2533998538338,-0.2466001461662017,14.253399853833798,27.5033998538338,-0.2466001461662017,14.253399853833798,27.5033998538338,-0.2466001461662017,20.2533998538338,27.5033998538338,-0.2466001461662017,11.503399853833798,35.7533998538338,-0.2466001461662017,34.7533998538338,35.7533998538338,-0.2466001461662017,20.2533998538338,35.7533998538338,-0.2466001461662017,29.2533998538338,51.0033998538338,-3.4966001461662017,51.0033998538338,3.4966001461662017,2018-04-12 10:22:00-04:00,16.0,47.25,47.25,48.25,112.5,11.482142857142858,11.517857142857142,12.357142857142858,16.321428571428573,3.122747136230714,2.786557806763668,2.399287503517812,24.690000534057617,-0.0182902223240488,0.8207073714295435,0.8180145656173431,0.9396114330233236,0.8669637476608836,0.8452095669516551,0.946567396762185,,,,0.7499028462172204,0.8180145656173431,0.861318169239147,0.7417774762550882,0.8225107573797129,0.8674314546839299,0.701355264682034,0.7898561122924195,0.818199631088559,47.25,16.321428571428573,112.5,27.77026287236043,0.8225107573797129,31.5,36.25,982,True,1.2691599897859389e-06,HIGH_VOL,0.999999999941914,HIGH_VOL,0.9999999911917726,
72_upper,72,2018-04-13 10:30:00-04:00,2018-05-11 10:30:00-04:00,2018-04-17 14:54:00+00:00,2018-04-17,2018,upper,NQM8,6791.429923534902,6791.429923534902,clean,2018-04-17 19:59:00+00:00,4.179923534901718,2018-04-17 10:57:00-04:00,3,-53.32007646509828,2018-04-17 15:38:00-04:00,284,False,True,-34.82007646509828,305,4.179923534901718,-2.070076465098282,-0.8200764650982819,4.179923534901718,-14.820076465098282,-12.820076465098282,4.179923534901718,-21.32007646509828,-18.57007646509828,4.179923534901718,-24.32007646509828,-18.07007646509828,4.179923534901718,-24.32007646509828,-21.82007646509828,4.179923534901718,-32.07007646509828,-30.57007646509828,4.179923534901718,-34.57007646509828,-22.82007646509828,4.179923534901718,-38.32007646509828,-32.07007646509828,4.179923534901718,-53.32007646509828,4.179923534901718,53.32007646509828,2018-04-17 10:54:00-04:00,15.25,17.25,29.5,29.5,82.75,9.482142857142858,9.535714285714286,11.410714285714286,13.428571428571429,2.2967791727139657,2.1108287198346085,1.822620848441234,20.450000762939453,-0.072982717224837,0.7231210492606722,0.7488537070680855,0.7612793527014746,0.7988113130209045,0.8262071523833918,0.8098346463509652,,,,0.6061907652084598,0.6152169535294187,0.6977925271063699,0.7019871525484781,0.7036981313754401,0.7566081076709049,0.7004923061061422,0.709054619930339,0.7573570393490134,17.25,13.428571428571429,82.75,15.219817907677383,0.7036981313754401,23.0,27.75,1014,True,4.811502875499054e-07,HIGH_VOL,0.9498386110017683,HIGH_VOL,0.9067057759847655,
78_lower,78,2018-04-23 10:30:00-04:00,2018-05-21 10:30:00-04:00,2018-04-24 14:24:00+00:00,2018-04-24,2018,lower,NQM8,6615.554947578565,6615.554947578565,clean,2018-04-24 19:59:00+00:00,14.69505242143532,2018-04-24 10:54:00-04:00,30,-148.30494757856468,2018-04-24 14:05:00-04:00,221,False,True,-102.80494757856468,335,14.19505242143532,1.1950524214353209,7.695052421435321,14.19505242143532,-14.05494757856468,-5.804947578564679,14.69505242143532,-15.30494757856468,10.19505242143532,14.69505242143532,-42.30494757856468,-29.55494757856468,14.69505242143532,-53.55494757856468,-34.55494757856468,14.69505242143532,-53.55494757856468,-29.80494757856468,14.69505242143532,-65.05494757856468,-57.80494757856468,14.69505242143532,-102.55494757856468,-96.55494757856468,14.69505242143532,-148.30494757856468,14.69505242143532,148.30494757856468,2018-04-24 10:24:00-04:00,18.5,48.0,48.0,60.25,111.25,12.464285714285714,11.785714285714286,11.607142857142858,13.089285714285714,4.322681836313153,3.6377643977212526,2.9162733082437384,22.1200008392334,0.022653800160824,1.163275434243176,1.1475521498510004,1.1248422128796018,1.1455251726975255,1.144747535591697,1.118963728632978,,,,1.0534419758876057,0.9410778965742963,1.0408525754884548,1.0504851983785777,0.9641954032245076,1.0362561559300323,1.0351870576339737,0.9341962111055738,0.9767219996183935,48.0,13.089285714285714,111.25,25.06562814464689,0.9641954032245076,32.75,37.5,984,True,3.257996682603407e-06,HIGH_VOL,1.0,HIGH_VOL,1.0,
80_upper,80,2018-04-25 10:30:00-04:00,2018-05-23 10:30:00-04:00,2018-04-26 14:04:00+00:00,2018-04-26,2018,upper,NQM8,6618.426920574853,6618.426920574853,clean,2018-04-26 19:59:00+00:00,3.926920574853284,2018-04-26 10:05:00-04:00,1,-59.82307942514672,2018-04-26 15:04:00-04:00,300,False,True,-36.82307942514672,355,3.926920574853284,-16.073079425146716,-14.073079425146716,3.926920574853284,-25.32307942514672,-11.573079425146716,3.926920574853284,-25.32307942514672,-19.82307942514672,3.926920574853284,-26.57307942514672,-8.323079425146716,3.926920574853284,-28.32307942514672,-23.32307942514672,3.926920574853284,-29.57307942514672,-7.823079425146716,3.926920574853284,-29.57307942514672,-10.823079425146716,3.926920574853284,-29.57307942514672,-27.07307942514672,3.926920574853284,-59.82307942514672,3.926920574853284,59.82307942514672,2018-04-26 10:04:00-04:00,29.75,34.0,35.75,35.75,147.0,11.25,11.642857142857142,14.107142857142858,16.053571428571427,4.026698103648799,3.3355146952814234,2.700416466152649,23.06999969482422,-0.0232853990206306,1.3431222354083503,1.3249680715197956,1.2883176554593152,1.3392717043954152,1.3383625429060415,1.272041584122426,,,,1.2163081071575121,1.132783141190708,1.1525194641683407,1.2281572990331129,1.1570342205323194,1.1570342205323194,1.2528894765497394,1.182129071081561,1.182129071081561,34.0,16.053571428571427,147.0,23.36282150279432,1.1570342205323194,43.5,45.0,964,True,1.287062377849318e-06,HIGH_VOL,1.0,HIGH_VOL,0.9999999794214526,
78_upper,78,2018-04-23 10:30:00-04:00,2018-05-21 10:30:00-04:00,2018-04-27 12:47:00+00:00,2018-04-27,2018,upper,NQM8,6767.945052421435,6767.945052421435,clean,2018-04-27 19:59:00+00:00,144.94505242143532,2018-04-27 10:55:00-04:00,128,-4.054947578564679,2018-04-27 09:03:00-04:00,16,True,False,106.19505242143532,432,0.9450524214353208,-2.804947578564679,-0.5549475785646791,1.6950524214353209,-3.554947578564679,-2.554947578564679,6.445052421435321,-4.054947578564679,5.195052421435321,27.44505242143532,-4.054947578564679,26.69505242143532,59.69505242143532,-4.054947578564679,45.19505242143532,94.44505242143532,-4.054947578564679,82.19505242143532,134.94505242143532,-4.054947578564679,119.94505242143532,144.94505242143532,-4.054947578564679,107.69505242143532,144.94505242143532,-4.054947578564679,144.94505242143532,4.054947578564679,2018-04-27 08:47:00-04:00,11.0,8.25,15.25,15.25,189.75,4.017857142857143,6.482142857142857,7.910714285714286,17.142857142857142,0.9769572407222216,0.9954842760886728,1.0397393734598184,20.36000061035156,-0.1174685357746515,1.54638783269962,1.246972252031274,1.0445614485681265,0.9565217391304348,0.9393210885662084,0.8611478444855858,,,,1.0213460572576594,0.9095381862909538,0.9095381862909538,0.7552188031544765,0.6937007314821391,0.6815517722578844,0.8080584671603038,0.7175611630587934,0.6772789554283872,8.25,17.142857142857142,189.75,11.892374507581378,0.6937007314821391,46.25,42.25,887,True,2.518780119386273e-07,LOW_VOL,0.9995976125788604,LOW_VOL,0.777826654227207,
86_upper,86,2018-05-03 10:30:00-04:00,2018-05-31 10:30:00-04:00,2018-05-04 14:25:00+00:00,2018-05-04,2018,upper,NQM8,6692.836225843241,6692.836225843241,clean,2018-05-04 19:59:00+00:00,-1.1637741567592457,2018-05-04 10:26:00-04:00,1,-95.66377415675925,2018-05-04 14:44:00-04:00,259,False,True,-79.91377415675925,334,-1.1637741567592457,-11.663774156759246,-10.413774156759246,-1.1637741567592457,-34.413774156759246,-33.413774156759246,-1.1637741567592457,-42.913774156759246,-41.913774156759246,-1.1637741567592457,-50.163774156759246,-43.413774156759246,-1.1637741567592457,-51.163774156759246,-47.663774156759246,-1.1637741567592457,-61.163774156759246,-48.413774156759246,-1.1637741567592457,-61.913774156759246,-60.163774156759246,-1.1637741567592457,-66.16377415675925,-58.663774156759246,-1.1637741567592457,-95.66377415675925,0.0,95.66377415675925,2018-05-04 10:25:00-04:00,40.75,53.5,53.5,53.5,133.5,14.571428571428571,15.553571428571429,16.071428571428573,19.321428571428573,4.152846330807618,3.791501764509612,3.22754544701709,19.64999961853028,-0.0055668324431888,1.00096608211698,1.0301851311480723,0.994418769625588,1.1452190053387934,1.167173726499727,1.118664660417387,,,,0.9849145502262817,0.9070597303238208,0.8409157072912531,1.0808155599299298,1.0359791931728681,0.9620086318445946,1.2731104557984487,1.2143359422771187,1.0954787729181463,53.5,19.321428571428573,133.5,32.15114972394345,1.0359791931728681,39.0,42.5,985,True,2.394645305729032e-06,HIGH_VOL,1.0,HIGH_VOL,1.0,
92_upper,92,2018-05-11 10:30:00-04:00,2018-06-08 10:30:00-04:00,2018-05-14 14:30:00+00:00,2018-05-14,2018,upper,NQM8,7007.349699090812,7007.349699090812,clean,2018-05-14 19:59:00+00:00,48.84969909081156,2018-05-14 14:17:00-04:00,227,-6.150300909188445,2018-05-14 10:42:00-04:00,12,True,False,38.09969909081156,329,1.849699090811555,-4.400300909188445,-2.150300909188445,2.599699090811555,-6.150300909188445,2.599699090811555,10.349699090811557,-6.150300909188445,7.349699090811555,10.349699090811557,-6.150300909188445,3.599699090811555,13.849699090811557,-6.150300909188445,11.349699090811557,21.849699090811555,-6.150300909188445,16.349699090811555,22.849699090811555,-6.150300909188445,10.099699090811557,42.84969909081156,-6.150300909188445,38.59969909081156,48.84969909081156,-6.150300909188445,48.84969909081156,6.150300909188445,2018-05-14 10:30:00-04:00,9.25,21.5,27.25,29.5,51.25,7.875,6.714285714285714,7.125,7.428571428571429,2.14518069872815,1.8446778496484455,1.499884585365108,16.190000534057617,-0.0115994283543108,0.8285816675957633,0.7745621708138691,0.7745621708138691,0.8546890092814245,0.8252552184183047,0.8396752864967456,,,,0.6471466334940134,0.6627281123602663,0.5746993109352776,0.7840274299803521,0.7814308890019487,0.7045586338812003,0.7556354021897563,0.7409918893764127,0.6815457991928581,21.5,7.428571428571429,51.25,12.637811745483699,0.7814308890019487,15.75,22.0,990,True,4.913953755263953e-07,LOW_VOL,0.8472828862857781,LOW_VOL,0.5377957030773849,
93_lower,93,2018-05-14 10:30:00-04:00,2018-06-11 10:30:00-04:00,2018-05-15 12:39:00+00:00,2018-05-15,2018,lower,NQM8,6928.543047509258,6928.543047509258,clean,2018-05-15 19:59:00+00:00,1.456952490741969,2018-05-15 08:40:00-04:00,1,-74.29304750925803,2018-05-15 14:01:00-04:00,322,False,True,-39.29304750925803,440,1.456952490741969,-3.043047509258031,-2.293047509258031,1.456952490741969,-19.54304750925803,-19.04304750925803,1.456952490741969,-24.54304750925803,-13.043047509258033,1.456952490741969,-26.04304750925803,-19.29304750925803,1.456952490741969,-42.79304750925803,-39.54304750925803,1.456952490741969,-68.54304750925803,-55.04304750925803,1.456952490741969,-68.54304750925803,-24.04304750925803,1.456952490741969,-68.54304750925803,-50.79304750925803,1.456952490741969,-74.29304750925803,1.456952490741969,74.29304750925803,2018-05-15 08:39:00-04:00,9.25,12.5,21.0,24.5,58.0,5.196428571428571,5.321428571428571,7.517857142857143,9.464285714285714,1.8317680848144735,1.5212952510547046,1.274758776969911,16.079999923706055,-0.0067943549550948,1.7440993788819876,1.7437383564479405,1.710804224207961,1.8838197789742137,1.8377332411886664,1.820372398685652,,,,1.5167446885127835,1.4989323843416371,1.0787552823665,1.5668159321234976,1.469333628025196,1.2174709275707354,1.0674568150296306,1.0650396276261165,0.8717499871286619,12.5,9.464285714285714,58.0,10.8767445234579,1.469333628025196,21.5,26.75,879,True,1.9242804781928104e-07,LOW_VOL,0.9970689848134614,MID_VOL,0.9450306090952374,
92_lower,92,2018-05-11 10:30:00-04:00,2018-06-08 10:30:00-04:00,2018-05-15 13:32:00+00:00,2018-05-15,2018,lower,NQM8,6900.775300909188,6900.775300909188,clean,2018-05-15 19:59:00+00:00,7.474699090811555,2018-05-15 10:39:00-04:00,67,-46.525300909188445,2018-05-15 14:01:00-04:00,269,False,True,-11.525300909188443,387,-2.025300909188445,-15.025300909188443,-5.525300909188445,-2.025300909188445,-26.025300909188445,-21.275300909188445,-2.025300909188445,-40.775300909188445,-30.775300909188445,-2.025300909188445,-40.775300909188445,-23.525300909188445,-2.025300909188445,-40.775300909188445,-6.775300909188445,7.474699090811555,-40.775300909188445,-17.275300909188445,7.474699090811555,-40.775300909188445,-20.025300909188445,7.474699090811555,-40.775300909188445,-23.525300909188445,7.474699090811555,-46.525300909188445,7.474699090811555,46.525300909188445,2018-05-15 09:32:00-04:00,14.75,14.75,47.75,24.5,58.0,7.589285714285714,8.714285714285714,10.678571428571429,9.553571428571429,1.97222872609635,1.767488041371498,1.506712559786777,16.079999923706055,-0.0067943549550948,2.9091986723565677,2.833949191685912,2.7603194241367675,3.845932690681549,3.686633703493556,3.5107680432265536,,,,2.297940074906367,2.2010762331838567,2.053036640455078,2.862303335431089,2.7887669385002147,2.493257318276505,1.0674568150296306,1.0650396276261165,0.8717499871286619,14.75,9.553571428571429,58.0,11.870769923279138,2.7887669385002147,26.25,31.75,932,True,4.672997351594507e-07,LOW_VOL,0.9919261466513493,MID_VOL,0.8255398251600129,
91_lower,91,2018-05-10 10:30:00-04:00,2018-06-07 10:30:00-04:00,2018-05-15 13:55:00+00:00,2018-05-15,2018,lower,NQM8,6870.515226696004,6870.515226696004,clean,2018-05-15 19:59:00+00:00,37.73477330399601,2018-05-15 10:39:00-04:00,44,-16.265226696003992,2018-05-15 14:01:00-04:00,246,False,True,18.734773303996008,364,3.234773303996008,-10.515226696003992,-2.7652266960039924,8.234773303996008,-10.515226696003992,8.234773303996008,22.484773303996008,-10.515226696003992,17.234773303996008,37.73477330399601,-10.515226696003992,29.984773303996008,37.73477330399601,-10.515226696003992,11.234773303996008,37.73477330399601,-10.515226696003992,6.734773303996008,37.73477330399601,-10.515226696003992,12.734773303996008,37.73477330399601,-10.515226696003992,13.234773303996008,37.73477330399601,-16.265226696003992,37.73477330399601,16.265226696003992,2018-05-15 09:55:00-04:00,42.5,14.75,47.75,24.5,58.0,10.446428571428571,9.535714285714286,10.678571428571429,9.553571428571429,3.127861517695795,2.621147443713844,2.1066514837674006,16.079999923706055,-0.0067943549550948,2.9091986723565677,2.833949191685912,2.7603194241367675,3.845932690681549,3.686633703493556,3.5107680432265536,,,,2.297940074906367,2.2010762331838567,2.053036640455078,2.862303335431089,2.7887669385002147,2.493257318276505,1.0674568150296306,1.0650396276261165,0.8717499871286619,14.75,9.553571428571429,58.0,11.870769923279138,2.7887669385002147,26.25,31.75,955,True,1.296057404682675e-06,HIGH_VOL,0.9999999999999999,HIGH_VOL,0.9999999999999833,
95_upper,95,2018-05-16 10:30:00-04:00,2018-06-13 10:30:00-04:00,2018-05-17 14:57:00+00:00,2018-05-17,2018,upper,NQM8,6960.568010688974,6960.568010688974,clean,2018-05-17 19:59:00+00:00,85.56801068897403,2018-05-17 14:04:00-04:00,187,-1.4319893110259727,2018-05-17 10:59:00-04:00,2,True,False,53.06801068897403,302,4.818010688974027,-1.4319893110259727,3.5680106889740277,10.318010688974027,-1.4319893110259727,7.068010688974027,13.318010688974027,-1.4319893110259727,11.318010688974027,18.818010688974027,-1.4319893110259727,14.318010688974027,24.818010688974027,-1.4319893110259727,22.568010688974027,28.318010688974027,-1.4319893110259727,19.568010688974027,46.56801068897403,-1.4319893110259727,42.31801068897403,68.31801068897403,-1.4319893110259727,61.81801068897403,85.56801068897403,-1.4319893110259727,85.56801068897403,1.4319893110259727,2018-05-17 10:57:00-04:00,22.75,26.5,19.5,27.0,78.0,9.071428571428571,10.0,7.946428571428571,9.875,2.216466576577579,2.0554204704654646,1.7646060898251172,16.709999084472656,-0.0456882429441445,1.17444453292984,1.1653036229307416,1.0978764586551526,0.9264397622906536,0.9131495148939796,0.8715655081980545,,,,0.9553964757709251,0.9393611261505144,0.896927123720902,0.8421600597179114,0.8230731571520452,0.7791752240053798,0.9101617227363141,0.872718527916677,0.8488284873170141,26.5,9.875,78.0,16.17675801883678,0.8230731571520452,23.0,28.5,1017,True,5.291254729199958e-07,HIGH_VOL,0.9998662255525856,HIGH_VOL,0.9994735794846665,35.0
93_upper,93,2018-05-14 10:30:00-04:00,2018-06-11 10:30:00-04:00,2018-06-01 13:55:00+00:00,2018-06-01,2018,upper,NQM8,7036.581952490742,7036.581952490742,clean,2018-06-01 19:59:00+00:00,16.33195249074197,2018-06-01 10:16:00-04:00,21,-53.91804750925803,2018-06-01 13:25:00-04:00,210,False,True,-49.66804750925803,364,3.331952490741969,-1.668047509258031,1.331952490741969,4.331952490741969,-4.168047509258031,0.8319524907419691,16.33195249074197,-24.91804750925803,-20.41804750925803,16.33195249074197,-24.91804750925803,-18.91804750925803,16.33195249074197,-33.91804750925803,-31.91804750925803,16.33195249074197,-38.16804750925803,-35.16804750925803,16.33195249074197,-45.41804750925803,-45.16804750925803,16.33195249074197,-49.16804750925803,-44.41804750925803,16.33195249074197,-53.91804750925803,16.33195249074197,53.91804750925803,2018-06-01 09:55:00-04:00,25.25,8.5,21.75,13.75,65.25,6.571428571428571,6.767857142857143,9.339285714285714,9.196428571428571,2.5350922727903984,2.132017501764859,1.7493511657088268,16.780000686645508,-0.0169888115619967,1.0659756826788918,1.2008532614797351,1.2351039260969976,2.1504622250557857,2.3757703821095264,2.1592382171721214,,,,0.9170096021947873,1.1019987636513497,0.9076714188730483,1.6779007586121129,1.6879769798573752,1.5989570988385873,0.9298339582217461,0.9834301090497096,0.899831540754179,8.5,9.196428571428571,65.25,8.8413597855275,1.6879769798573752,24.75,29.0,955,True,4.754495255850206e-07,HIGH_VOL,0.9999870456927975,HIGH_VOL,0.9999169666330071,23.809523809523807
106_upper,106,2018-05-31 10:30:00-04:00,2018-06-28 10:30:00-04:00,2018-06-01 13:55:00+00:00,2018-06-01,2018,upper,NQM8,7034.913711385827,7034.913711385827,clean,2018-06-01 19:59:00+00:00,14.6637113858269,2018-06-01 10:16:00-04:00,21,-55.5862886141731,2018-06-01 13:25:00-04:00,210,False,True,-51.3362886141731,364,1.6637113858269004,-3.3362886141731,-0.3362886141730996,2.6637113858269004,-5.8362886141731,-0.8362886141730996,14.6637113858269,-26.5862886141731,-22.0862886141731,14.6637113858269,-26.5862886141731,-20.5862886141731,14.6637113858269,-35.5862886141731,-33.5862886141731,14.6637113858269,-39.8362886141731,-36.8362886141731,14.6637113858269,-47.0862886141731,-46.8362886141731,14.6637113858269,-50.8362886141731,-46.0862886141731,14.6637113858269,-55.5862886141731,14.6637113858269,55.5862886141731,2018-06-01 09:55:00-04:00,25.25,8.5,21.75,13.75,65.25,6.571428571428571,6.767857142857143,9.339285714285714,9.196428571428571,2.5350922727903984,2.132017501764859,1.7493511657088268,16.780000686645508,-0.0169888115619967,1.0659756826788918,1.2008532614797351,1.2351039260969976,2.1504622250557857,2.3757703821095264,2.1592382171721214,,,,0.9170096021947873,1.1019987636513497,0.9076714188730483,1.6779007586121129,1.6879769798573752,1.5989570988385873,0.9298339582217461,0.9834301090497096,0.899831540754179,8.5,9.196428571428571,65.25,8.8413597855275,1.6879769798573752,24.75,29.0,955,True,4.754495255850206e-07,HIGH_VOL,0.9999870456927975,HIGH_VOL,0.9999169666330071,22.727272727272727
112_upper,112,2018-06-08 10:30:00-04:00,2018-07-06 10:30:00-04:00,2018-06-11 13:46:00+00:00,2018-06-11,2018,upper,NQU8,7194.487916844135,7194.487916844135,clean,2018-06-11 19:59:00+00:00,23.987916844134816,2018-06-11 10:42:00-04:00,56,-20.262083155865184,2018-06-11 12:26:00-04:00,160,False,True,1.4879168441348156,373,7.987916844134816,1.4879168441348156,3.237916844134816,9.487916844134816,-0.5120831558651844,5.987916844134816,13.737916844134816,-0.5120831558651844,11.487916844134816,21.987916844134816,-0.5120831558651844,16.737916844134816,23.987916844134816,-0.5120831558651844,17.487916844134816,23.987916844134816,-0.5120831558651844,8.237916844134816,23.987916844134816,-7.262083155865184,-3.2620831558651844,23.987916844134816,-20.262083155865184,-14.762083155865184,23.987916844134816,-20.262083155865184,23.987916844134816,20.262083155865184,2018-06-11 09:46:00-04:00,23.75,7.25,11.0,8.25,86.25,3.892857142857143,4.910714285714286,8.428571428571429,11.285714285714286,1.5394653884273397,1.3100138821621168,1.1833294000089916,16.510000228881836,0.0036473837787021,0.6281732205077153,0.6000951022349025,0.6129188926663429,0.7844220148543135,0.7411605937921727,0.7931831311380705,,,,0.5006943066851816,0.49694821815317974,0.5018890435474249,0.6565189671660823,0.5777808949361762,0.5690798563138989,0.5864162665913584,0.5919327251995439,0.5933704814973567,7.25,11.285714285714286,86.25,9.045519806590917,0.5777808949361762,22.5,25.75,946,True,3.4616366871201906e-07,HIGH_VOL,0.9999999998147371,HIGH_VOL,0.9999919133702445,17.391304347826086
111_upper,111,2018-06-07 10:30:00-04:00,2018-07-05 10:30:00-04:00,2018-06-13 14:20:00+00:00,2018-06-13,2018,upper,NQU8,7269.677208812118,7269.677208812118,clean,2018-06-13 19:59:00+00:00,50.4272088121179,2018-06-13 14:32:00-04:00,252,-20.322791187882103,2018-06-13 11:41:00-04:00,81,True,False,38.9272088121179,339,2.9272088121178967,-0.3227911878821032,1.1772088121178967,2.9272088121178967,-2.0727911878821037,-0.5727911878821033,9.677208812117897,-3.0727911878821037,5.677208812117897,9.677208812117897,-5.322791187882103,-3.3227911878821037,9.677208812117897,-12.322791187882103,-10.322791187882103,9.677208812117897,-20.322791187882103,-14.572791187882103,9.677208812117897,-20.322791187882103,1.1772088121178967,9.677208812117897,-20.322791187882103,1.6772088121178967,50.4272088121179,-20.322791187882103,50.4272088121179,20.322791187882103,2018-06-13 10:20:00-04:00,12.75,14.25,15.0,16.5,63.75,5.375,5.107142857142857,5.928571428571429,7.339285714285714,1.441361329812773,1.276970743020375,1.1087371413163665,15.699999809265137,-0.0455927610267355,0.999080187904471,1.012770775404186,0.8230184288149812,0.9753150205229772,0.9928702919089502,0.8281501340482573,,,,0.7771900235101707,0.774695603443884,0.7355729695738403,0.7860596386517685,0.7726099660068896,0.7329141636918564,0.7904795355467862,0.7403680554211738,0.6987872589129164,14.25,7.339285714285714,63.75,10.226672060282926,0.7726099660068896,19.0,24.25,980,True,2.416609922166524e-07,LOW_VOL,0.8463937479016297,MID_VOL,0.46013723896981856,12.5
115_upper,115,2018-06-13 10:30:00-04:00,2018-07-11 10:30:00-04:00,2018-06-14 14:20:00+00:00,2018-06-14,2018,upper,NQU8,7303.289655676041,7303.289655676041,clean,2018-06-14 19:59:00+00:00,31.53965567604064,2018-06-14 11:01:00-04:00,41,-17.71034432395936,2018-06-14 13:36:00-04:00,196,False,True,-6.960344323959362,339,4.539655676040638,-1.4603443239593616,0.7896556760406384,11.539655676040638,-6.460344323959362,8.289655676040638,14.289655676040638,-6.460344323959362,9.039655676040638,31.53965567604064,-6.460344323959362,19.78965567604064,31.53965567604064,-6.460344323959362,8.039655676040638,31.53965567604064,-9.460344323959362,-1.4603443239593616,31.53965567604064,-9.460344323959362,-1.9603443239593616,31.53965567604064,-9.460344323959362,-6.710344323959362,31.53965567604064,-17.71034432395936,31.53965567604064,17.71034432395936,2018-06-14 10:20:00-04:00,28.25,28.0,33.0,44.25,70.75,10.142857142857142,10.5,10.428571428571429,12.357142857142858,2.75190523528112,2.4254884394750063,2.035632546057089,16.31999969482422,0.0394904390504002,1.5802124091671326,1.6011394113041597,1.3005439341866696,1.6350392889726006,1.6440387062409374,1.3540580063368266,,,,1.258550254019798,1.2424767321613237,1.1766333288447648,1.287531865585168,1.2863841068803037,1.210088975529007,1.423160915954327,1.3687590014402304,1.2995840692838014,28.0,12.357142857142858,70.75,18.601075237738275,1.2863841068803037,24.5,30.25,980,True,1.135512460003955e-06,HIGH_VOL,0.99999999999009,HIGH_VOL,0.9999999996776272,60.0
117_lower,117,2018-06-15 10:30:00-04:00,2018-07-13 10:30:00-04:00,2018-06-18 13:34:00+00:00,2018-06-18,2018,lower,NQU8,7214.541889345101,7214.541889345101,clean,2018-06-18 19:59:00+00:00,66.20811065489943,2018-06-18 11:15:00-04:00,101,-5.791889345100572,2018-06-18 09:36:00-04:00,2,True,False,59.45811065489943,385,5.9581106548994285,-5.791889345100572,1.2081106548994285,23.95811065489943,-5.791889345100572,20.45811065489943,29.95811065489943,-5.791889345100572,23.70811065489943,31.20811065489943,-5.791889345100572,25.95811065489943,33.70811065489943,-5.791889345100572,28.95811065489943,61.70811065489943,-5.791889345100572,57.45811065489943,66.20811065489943,-5.791889345100572,52.95811065489943,66.20811065489943,-5.791889345100572,46.95811065489943,66.20811065489943,-5.791889345100572,66.20811065489943,5.791889345100572,2018-06-18 09:34:00-04:00,6.0,6.25,15.0,25.0,73.75,3.392857142857143,6.464285714285714,8.25,12.964285714285714,1.6537981432473416,1.3644861486231228,1.1893238071962844,15.420000076293944,-0.0326223034992609,1.1946158160403817,1.0128388017118402,1.262035254036439,1.388957560774619,1.2131354026090868,1.3498848733606967,,,,0.8450704225352113,0.8470868960031815,0.9323703217334208,1.0745935607268091,1.070583564906709,1.0491752256458138,1.4472926267281105,1.4324401368301025,1.4452113891285592,6.25,12.964285714285714,73.75,9.001487972234685,1.070583564906709,23.75,27.25,934,True,1.3350051641076512e-07,LOW_VOL,0.9998548827008318,LOW_VOL,0.5991067351178179,0.0
114_lower,114,2018-06-12 10:30:00-04:00,2018-07-10 10:30:00-04:00,2018-06-19 14:30:00+00:00,2018-06-19,2018,lower,NQU8,7161.698294926542,7161.698294926542,clean,2018-06-19 19:59:00+00:00,92.55170507345792,2018-06-19 15:57:00-04:00,327,-4.198294926542076,2018-06-19 10:31:00-04:00,1,True,False,90.55170507345792,329,10.301705073457924,-4.198294926542076,8.051705073457924,21.801705073457924,-4.198294926542076,20.051705073457924,42.05170507345792,-4.198294926542076,31.051705073457924,43.55170507345792,-4.198294926542076,40.55170507345792,54.05170507345792,-4.198294926542076,51.05170507345792,63.05170507345792,-4.198294926542076,56.80170507345792,63.05170507345792,-4.198294926542076,53.30170507345792,63.05170507345792,-4.198294926542076,42.55170507345792,92.55170507345792,-4.198294926542076,92.55170507345792,4.198294926542076,2018-06-19 10:30:00-04:00,27.0,28.5,45.75,55.5,80.5,15.142857142857142,16.357142857142858,19.285714285714285,23.035714285714285,3.846078160947509,3.346410827312183,2.8635654503466643,16.81999969482422,0.0907911550975006,2.203585549964054,2.117984927986871,2.086847368197098,2.1831130992671945,2.1558313232003257,1.9614479494434012,,,,1.9009651536881274,1.7664241463766028,1.8427173157489338,1.7160570939459134,1.6866949374140225,1.6157171950382803,1.8638664490403092,1.6921547479484174,1.6486293859649124,28.5,23.035714285714285,80.5,25.62260441763985,1.6866949374140225,29.5,34.75,990,True,1.873303887486525e-06,HIGH_VOL,1.0,HIGH_VOL,0.9999994708662494,74.07407407407408
118_upper,118,2018-06-18 10:30:00-04:00,2018-07-16 10:30:00-04:00,2018-06-20 12:54:00+00:00,2018-06-20,2018,upper,NQU8,7287.904347496284,7287.904347496284,clean,2018-06-20 19:59:00+00:00,7.904347496283663,2018-06-20 10:32:00-04:00,98,-48.59565250371634,2018-06-20 14:18:00-04:00,324,False,True,-18.095652503716337,425,0.9043474962836626,-3.5956525037163374,0.9043474962836626,1.1543474962836626,-3.5956525037163374,-3.3456525037163374,1.1543474962836626,-5.595652503716337,-3.8456525037163374,4.654347496283663,-13.595652503716336,-5.345652503716337,4.654347496283663,-16.345652503716337,-12.845652503716336,4.654347496283663,-20.845652503716337,-2.8456525037163374,7.904347496283663,-20.845652503716337,-13.595652503716336,7.904347496283663,-24.845652503716337,-23.595652503716337,7.904347496283663,-48.59565250371634,7.904347496283663,48.59565250371634,2018-06-20 08:54:00-04:00,4.0,10.75,10.25,13.0,121.5,2.696428571428572,4.678571428571429,7.017857142857143,13.142857142857142,0.920057531044267,0.8779784443137086,0.9344425134993354,17.290000915527344,0.0279429981706689,1.4357749469214438,1.269059347877082,1.0885311871227363,1.2095657646318438,1.1934181931077306,1.1641429436705026,,,,0.9213215258855586,0.8343615052436767,0.9507908611599297,0.9352798053527981,0.9195072359765578,0.9588426041406835,0.8671942446043166,0.8284536082474226,0.866695427092321,10.75,13.142857142857142,121.5,11.88636674033383,0.9195072359765578,34.75,35.75,894,True,1.0728092916775649e-07,LOW_VOL,0.9967791446451661,MID_VOL,0.8562240530358255,0.0
120_lower,120,2018-06-20 10:30:00-04:00,2018-07-18 10:30:00-04:00,2018-06-21 14:22:00+00:00,2018-06-21,2018,lower,NQU8,7237.780430387864,7237.780430387864,clean,2018-06-21 19:59:00+00:00,54.21956961213618,2018-06-21 11:50:00-04:00,88,-11.530430387863817,2018-06-21 15:45:00-04:00,323,False,True,1.9695696121361836,337,14.969569612136183,-0.2804303878638166,10.969569612136183,26.469569612136183,-0.2804303878638166,2.9695696121361834,26.469569612136183,-2.280430387863817,17.469569612136183,33.96956961213618,-2.280430387863817,22.219569612136183,35.46956961213618,-2.280430387863817,31.469569612136183,54.21956961213618,-2.280430387863817,47.21956961213618,54.21956961213618,-2.280430387863817,27.969569612136183,54.21956961213618,-2.280430387863817,26.469569612136183,54.21956961213618,-11.530430387863817,54.21956961213618,11.530430387863817,2018-06-21 10:22:00-04:00,41.5,32.25,32.25,32.25,109.75,10.857142857142858,10.857142857142858,12.964285714285714,14.660714285714286,5.203784903563265,4.060476412514259,3.1501041756590253,16.889999389648438,-0.0231348470039515,1.3437469202720016,1.3443652019587866,1.0900297123366154,1.3889606475501592,1.4063181144468018,1.1793809407750426,,,,1.045308187672493,0.9964191756796258,1.001481227582661,1.1194392393642862,1.03450487429451,1.0539842958735828,1.1818970682423917,0.9530433913383924,1.0359846426889783,32.25,14.660714285714286,109.75,21.74414945943588,1.03450487429451,33.0,37.0,982,True,3.0261250861646605e-06,HIGH_VOL,1.0,HIGH_VOL,1.0,96.55172413793103
121_lower,121,2018-06-21 10:30:00-04:00,2018-07-19 10:30:00-04:00,2018-06-22 14:34:00+00:00,2018-06-22,2018,lower,NQU8,7198.555087663368,7198.555087663368,clean,2018-06-22 19:59:00+00:00,51.19491233663212,2018-06-22 13:41:00-04:00,187,0.1949123366321146,2018-06-22 10:39:00-04:00,5,True,False,17.444912336632115,325,14.944912336632116,0.1949123366321146,2.4449123366321146,14.944912336632116,0.1949123366321146,8.194912336632115,24.944912336632115,0.1949123366321146,23.444912336632115,27.194912336632115,0.1949123366321146,24.194912336632115,30.944912336632115,0.1949123366321146,28.694912336632115,37.19491233663212,0.1949123366321146,31.694912336632115,42.69491233663212,0.1949123366321146,34.194912336632115,50.44491233663212,0.1949123366321146,45.44491233663212,51.19491233663212,0.1949123366321146,51.19491233663212,0.0,2018-06-22 10:34:00-04:00,36.5,36.5,54.5,59.25,132.25,11.392857142857142,9.196428571428571,10.642857142857142,9.910714285714286,4.02199677029105,3.3208881972243582,2.617869562916011,18.88999938964844,0.1184132665644597,1.66377606038821,1.5991449115760834,1.4686180022606936,1.8130256321938056,1.8356825249208053,1.4965821990024997,,,,1.2728241440945964,1.3337055179368966,1.2640688207281479,1.4612163693987554,1.3565859839780074,1.3731901387016827,1.4368917997562034,1.205017803151721,1.2664942727587274,36.5,9.910714285714286,132.25,19.01949188145076,1.3565859839780074,42.0,44.25,994,True,9.727619017658463e-07,HIGH_VOL,1.0,HIGH_VOL,1.0,53.333333333333336
113_lower,113,2018-06-11 10:30:00-04:00,2018-07-09 10:30:00-04:00,2018-06-25 13:39:00+00:00,2018-06-25,2018,lower,NQU8,7127.38217917601,7127.38217917601,clean,2018-06-25 19:59:00+00:00,6.11782082398986,2018-06-25 09:40:00-04:00,1,-131.88217917601014,2018-06-25 14:55:00-04:00,316,False,True,-69.38217917601014,380,6.11782082398986,-5.6321791760101405,4.36782082398986,6.11782082398986,-15.88217917601014,2.6178208239898595,6.11782082398986,-24.88217917601014,-22.13217917601014,6.11782082398986,-47.13217917601014,-39.38217917601014,6.11782082398986,-47.13217917601014,-32.88217917601014,6.11782082398986,-58.13217917601014,-52.88217917601014,6.11782082398986,-81.63217917601014,-79.63217917601014,6.11782082398986,-119.13217917601014,-103.88217917601014,6.11782082398986,-131.88217917601014,6.11782082398986,131.88217917601014,2018-06-25 09:39:00-04:00,5.5,8.5,15.0,21.75,75.75,3.875,8.267857142857142,12.125,16.285714285714285,3.283803735539075,2.524128314047514,2.0451158789076147,18.3799991607666,-0.0269984248470286,1.3182419909981469,1.2774855676715844,1.2774855676715844,1.5008701154880555,1.6877779754492084,1.7070625281151597,,,,1.1321055025011368,0.9803110848592242,0.9803110848592242,1.4862917123609587,1.4456380952380952,1.2884693738965096,2.1574663312120763,2.0984597668058154,2.077822120866591,8.5,16.285714285714285,75.75,11.765567195361701,1.4456380952380952,26.75,30.25,939,True,1.661384715031292e-07,LOW_VOL,0.9993787357092795,MID_VOL,0.5530213961682041,9.67741935483871
119_lower,119,2018-06-19 10:30:00-04:00,2018-07-17 10:30:00-04:00,2018-06-25 14:03:00+00:00,2018-06-25,2018,lower,NQU8,7107.463816585056,7107.463816585056,clean,2018-06-25 19:59:00+00:00,10.03618341494439,2018-06-25 10:09:00-04:00,6,-111.9638165850556,2018-06-25 14:55:00-04:00,292,False,True,-49.46381658505561,356,9.53618341494439,-3.71381658505561,9.03618341494439,10.03618341494439,-19.71381658505561,-14.46381658505561,10.03618341494439,-27.21381658505561,-12.71381658505561,10.03618341494439,-27.21381658505561,1.0361834149443894,10.03618341494439,-30.46381658505561,-25.96381658505561,10.03618341494439,-56.21381658505561,-55.21381658505561,10.03618341494439,-70.21381658505561,-69.21381658505561,10.03618341494439,-99.2138165850556,-87.21381658505561,10.03618341494439,-111.9638165850556,10.03618341494439,111.9638165850556,2018-06-25 10:03:00-04:00,21.5,58.0,58.0,61.5,75.75,10.107142857142858,10.910714285714286,11.589285714285714,16.910714285714285,3.9481659950755774,3.1934478029880795,2.553213272262937,18.3799991607666,-0.0269984248470286,2.2298544725863145,2.23088046800539,2.23088046800539,2.0912770171359685,2.117411142433665,2.117411142433665,,,,1.7346161709087191,1.6908667438877056,1.6603639743652463,1.6854743563050871,1.564785979682567,1.5364727219047218,1.7013078242185078,1.4267645045872355,1.4267645045872355,58.0,16.910714285714285,75.75,31.3180687235249,1.564785979682567,27.5,34.5,963,True,3.7578707556323e-06,HIGH_VOL,1.0,HIGH_VOL,1.0,100.0
112_lower,112,2018-06-08 10:30:00-04:00,2018-07-06 10:30:00-04:00,2018-06-25 14:12:00+00:00,2018-06-25,2018,lower,NQU8,7092.637083155865,7092.637083155865,clean,2018-06-25 19:59:00+00:00,19.862916844134816,2018-06-25 10:51:00-04:00,39,-97.13708315586518,2018-06-25 14:55:00-04:00,283,False,True,-34.637083155865184,347,9.112916844134816,-4.887083155865184,-0.3870831558651844,9.112916844134816,-12.387083155865184,3.612916844134816,13.862916844134816,-12.387083155865184,10.862916844134816,19.862916844134816,-12.387083155865184,-6.637083155865184,19.862916844134816,-23.387083155865184,-8.637083155865184,19.862916844134816,-46.887083155865184,-31.137083155865184,19.862916844134816,-80.63708315586518,-79.63708315586518,19.862916844134816,-84.38708315586518,-64.88708315586518,19.862916844134816,-97.13708315586518,19.862916844134816,97.13708315586518,2018-06-25 10:12:00-04:00,21.5,58.0,58.0,61.5,75.75,12.321428571428571,10.910714285714286,11.589285714285714,16.910714285714285,4.506991208329322,3.627364285529119,2.8651103414406816,18.3799991607666,-0.0269984248470286,2.2298544725863145,2.23088046800539,2.23088046800539,2.0912770171359685,2.117411142433665,2.117411142433665,,,,1.7346161709087191,1.6908667438877056,1.6603639743652463,1.6854743563050871,1.564785979682567,1.5364727219047218,1.7013078242185078,1.4267645045872355,1.4267645045872355,58.0,16.910714285714285,75.75,31.3180687235249,1.564785979682567,27.5,34.5,972,True,2.8044469166473036e-06,HIGH_VOL,1.0,HIGH_VOL,1.0,84.84848484848484
124_upper,124,2018-06-26 10:30:00-04:00,2018-07-24 10:30:00-04:00,2018-07-06 14:12:00+00:00,2018-07-06,2018,upper,NQU8,7169.8256782714725,7169.8256782714725,clean,2018-07-06 19:59:00+00:00,17.825678271472498,2018-07-06 10:21:00-04:00,9,-67.9243217285275,2018-07-06 15:27:00-04:00,315,False,True,-58.6743217285275,347,8.325678271472498,0.8256782714724977,6.575678271472498,17.825678271472498,0.8256782714724977,12.075678271472498,17.825678271472498,-6.424321728527502,-4.174321728527502,17.825678271472498,-8.924321728527502,-8.174321728527502,17.825678271472498,-17.924321728527502,-16.924321728527502,17.825678271472498,-43.4243217285275,-41.4243217285275,17.825678271472498,-47.1743217285275,-44.6743217285275,17.825678271472498,-53.4243217285275,-47.1743217285275,17.825678271472498,-67.9243217285275,17.825678271472498,67.9243217285275,2018-07-06 10:12:00-04:00,19.25,39.25,39.25,55.5,110.75,10.071428571428571,11.392857142857142,13.946428571428571,20.696428571428573,3.1835215419615133,2.9178792836373946,2.546945615186272,20.350000381469727,-0.0660853819896577,0.9752774498229044,0.9022062035823504,1.056126623708704,0.9483933212569898,0.9099358641339768,1.080244006369284,,,,0.7494375090724343,0.8360931174089069,0.9246043294307269,0.7625704515230194,0.8497834390409569,0.9099358641339769,0.9045700599465604,0.9713521147699398,1.0321795864204357,39.25,20.696428571428573,110.75,28.50148805639052,0.8497834390409569,31.25,35.75,972,True,8.957503147230947e-07,HIGH_VOL,0.9626915747921032,HIGH_VOL,0.9444033135267489,47.05882352941176
135_upper,135,2018-07-11 10:30:00-04:00,2018-08-08 10:30:00-04:00,2018-07-12 14:07:00+00:00,2018-07-12,2018,upper,NQU8,7328.303579632185,7328.303579632185,clean,2018-07-12 19:59:00+00:00,5.053579632184665,2018-07-12 10:08:00-04:00,1,-58.696420367815335,2018-07-12 15:59:00-04:00,352,False,True,-56.446420367815335,352,5.053579632184665,-2.196420367815336,-1.1964203678153351,5.053579632184665,-4.946420367815335,-1.4464203678153351,5.053579632184665,-17.696420367815335,-14.446420367815335,5.053579632184665,-17.696420367815335,-9.196420367815335,5.053579632184665,-17.696420367815335,-13.196420367815335,5.053579632184665,-21.446420367815332,-13.696420367815335,5.053579632184665,-36.196420367815335,-32.446420367815335,5.053579632184665,-42.446420367815335,-38.696420367815335,5.053579632184665,-58.696420367815335,5.053579632184665,58.696420367815335,2018-07-12 10:07:00-04:00,22.5,31.0,31.0,31.0,85.5,6.5,6.696428571428571,8.571428571428571,11.607142857142858,1.8537195840122755,1.571812501232326,1.3821886336755305,18.270000457763672,0.0206704383865108,0.9608503014308888,0.9488243099470433,0.9488243099470433,0.93294164054228,0.908231014097317,0.9061888725322148,,,,0.8002823149828594,0.7904711635179412,0.8921008856718968,0.7536098207248151,0.7653084685144974,0.8604170256763742,0.7545544739528665,0.7606795483206981,0.8122117319300418,31.0,11.607142857142858,85.5,18.968959606985003,0.7653084685144974,24.25,29.75,967,True,4.671309415040086e-07,HIGH_VOL,0.9999994197309571,HIGH_VOL,0.9999944003259857,25.71428571428571
122_upper,122,2018-06-22 10:30:00-04:00,2018-07-20 10:30:00-04:00,2018-07-12 14:28:00+00:00,2018-07-12,2018,upper,NQU8,7339.794550632723,7339.794550632723,clean,2018-07-12 19:59:00+00:00,8.794550632723258,2018-07-12 10:55:00-04:00,27,-47.20544936727674,2018-07-12 15:59:00-04:00,331,False,True,-44.95544936727674,331,2.044550632723258,-3.705449367276742,-1.705449367276742,2.044550632723258,-6.205449367276742,-0.7054493672767421,8.794550632723258,-6.205449367276742,5.794550632723258,8.794550632723258,-9.455449367276742,-7.455449367276742,8.794550632723258,-9.955449367276742,-6.955449367276742,8.794550632723258,-23.955449367276746,-21.705449367276746,8.794550632723258,-29.205449367276746,-24.455449367276746,8.794550632723258,-30.955449367276746,-28.455449367276746,8.794550632723258,-47.20544936727674,8.794550632723258,47.20544936727674,2018-07-12 10:28:00-04:00,13.75,31.0,31.0,31.0,85.5,7.517857142857143,7.589285714285714,8.571428571428571,11.607142857142858,1.8290431639238984,1.622121549551767,1.4355065484783345,18.270000457763672,0.0206704383865108,0.9608503014308888,0.9488243099470433,0.9488243099470433,0.93294164054228,0.908231014097317,0.9061888725322148,,,,0.8002823149828594,0.7904711635179412,0.8921008856718968,0.7536098207248151,0.7653084685144974,0.8604170256763742,0.7545544739528665,0.7606795483206981,0.8122117319300418,31.0,11.607142857142858,85.5,18.968959606985003,0.7653084685144974,24.25,29.75,988,True,4.38086502209491e-07,HIGH_VOL,0.9509193585273201,HIGH_VOL,0.933378405978366,25.0
141_lower,141,2018-07-19 10:30:00-04:00,2018-08-16 10:30:00-04:00,2018-07-23 13:40:00+00:00,2018-07-23,2018,lower,NQU8,7317.598652863049,7317.598652863049,clean,2018-07-23 19:59:00+00:00,72.90134713695079,2018-07-23 15:50:00-04:00,370,-6.09865286304921,2018-07-23 09:57:00-04:00,17,True,False,66.65134713695079,379,14.40134713695079,-2.0986528630492103,8.90134713695079,14.40134713695079,-2.5986528630492103,3.1513471369507897,31.65134713695079,-6.09865286304921,26.15134713695079,31.65134713695079,-6.09865286304921,25.90134713695079,42.15134713695079,-6.09865286304921,38.90134713695079,43.90134713695079,-6.09865286304921,30.90134713695079,52.40134713695079,-6.09865286304921,51.15134713695079,61.90134713695079,-6.09865286304921,59.40134713695079,72.90134713695079,-6.09865286304921,72.90134713695079,6.09865286304921,2018-07-23 09:40:00-04:00,5.25,7.75,11.0,19.75,63.0,4.232142857142857,5.75,8.625,12.053571428571429,2.8993959581796704,2.2134305536367918,1.7386750323757094,17.110000610351562,-0.0138328395297611,1.1050370016710431,0.9993523316062176,0.9208275313308136,0.9627615752183226,0.935029604736758,0.908003108003108,,,,0.8051835101756827,0.8014196675900277,0.8014196675900277,0.7925935973955507,0.6386490326811674,0.6829125759700795,0.86520669867666,0.7676641729010806,0.7676641729010806,7.75,12.053571428571429,63.0,9.665152796072526,0.6386490326811674,17.75,22.25,940,True,2.08897870949025e-07,HIGH_VOL,1.0,HIGH_VOL,1.0,13.513513513513514
140_upper,140,2018-07-18 10:30:00-04:00,2018-08-15 10:30:00-04:00,2018-07-24 13:36:00+00:00,2018-07-24,2018,upper,NQU8,7478.0641178731985,7478.0641178731985,clean,2018-07-24 19:59:00+00:00,91.31411787319848,2018-07-24 13:37:00-04:00,241,-11.685882126801516,2018-07-24 10:22:00-04:00,46,True,False,61.81411787319848,383,1.5641178731984835,-9.185882126801516,-6.685882126801516,5.064117873198484,-9.185882126801516,-0.4358821268015163,17.064117873198484,-9.185882126801516,2.814117873198484,17.064117873198484,-9.185882126801516,-7.185882126801516,17.064117873198484,-11.685882126801516,-0.9358821268015164,39.81411787319848,-11.685882126801516,37.06411787319848,45.06411787319848,-11.685882126801516,38.31411787319848,55.81411787319848,-11.685882126801516,43.81411787319848,91.31411787319848,-11.685882126801516,91.31411787319848,11.685882126801516,2018-07-24 09:36:00-04:00,5.5,10.75,18.75,9.5,121.25,3.5535714285714284,6.089285714285714,7.732142857142857,9.196428571428571,2.018146655776077,1.6137282454707615,1.324421790109009,16.489999771118164,-0.0362361669851898,1.2892633398142148,1.353594919482876,1.1871891784364432,1.6465645081562037,1.6537856847331402,1.5529137529137529,,,,1.1365454199200153,1.0332409972299168,1.0332409972299168,1.3555344546934347,1.2140687644271655,1.167952314165498,0.7744188847404553,0.668816309548575,0.6681213632585203,10.75,9.196428571428571,121.25,9.94291743618829,1.2140687644271655,37.75,38.25,936,True,2.0403899952545068e-07,LOW_VOL,0.9998003796884157,LOW_VOL,0.6654698575297162,13.157894736842104
136_lower,136,2018-07-12 10:30:00-04:00,2018-08-09 10:30:00-04:00,2018-07-30 13:44:00+00:00,2018-07-30,2018,lower,NQU8,7226.908261951898,7226.908261951898,clean,2018-07-30 19:59:00+00:00,23.091738048102343,2018-07-30 10:10:00-04:00,26,-60.15826195189766,2018-07-30 12:49:00-04:00,185,False,True,-24.408261951897657,375,11.841738048102345,-5.158261951897657,2.591738048102343,12.591738048102345,-16.158261951897657,-3.908261951897657,23.091738048102343,-16.158261951897657,0.0917380481023428,23.091738048102343,-16.158261951897657,15.341738048102345,23.091738048102343,-16.158261951897657,8.841738048102343,23.091738048102343,-24.908261951897657,-16.408261951897657,23.091738048102343,-24.908261951897657,-8.408261951897657,23.091738048102343,-48.90826195189766,-44.40826195189766,23.091738048102343,-60.15826195189766,23.091738048102343,60.15826195189766,2018-07-30 09:44:00-04:00,12.0,16.75,20.5,16.75,203.5,5.875,7.196428571428571,10.25,13.964285714285714,4.318246258218695,3.261933649959604,2.4852538708771843,18.71999931335449,0.1096620262056344,1.2881831929142364,1.2289777411376752,1.3524608754819687,1.4848536710593874,1.3942948975492166,1.4358295407529995,,,,1.0372238650200034,1.0323753462603877,1.013167955143998,1.1768855127509494,1.16362660944206,0.978293961774821,1.111839793886872,1.1005622210630035,1.0204213241616509,16.75,13.964285714285714,203.5,15.29384796950348,1.16362660944206,57.25,52.0,944,True,1.2931656787826652e-06,HIGH_VOL,1.0,HIGH_VOL,1.0,69.23076923076923
139_lower,139,2018-07-17 10:30:00-04:00,2018-08-14 10:30:00-04:00,2018-07-30 13:44:00+00:00,2018-07-30,2018,lower,NQU8,7230.34528216633,7230.34528216633,clean,2018-07-30 19:59:00+00:00,19.654717833669565,2018-07-30 10:10:00-04:00,26,-63.59528216633044,2018-07-30 12:49:00-04:00,185,False,True,-27.845282166330435,375,8.404717833669565,-8.595282166330435,-0.8452821663304348,9.154717833669563,-19.595282166330435,-7.345282166330435,19.654717833669565,-19.595282166330435,-3.345282166330435,19.654717833669565,-19.595282166330435,11.904717833669563,19.654717833669565,-19.595282166330435,5.404717833669565,19.654717833669565,-28.345282166330435,-19.845282166330435,19.654717833669565,-28.345282166330435,-11.845282166330437,19.654717833669565,-52.34528216633044,-47.84528216633044,19.654717833669565,-63.59528216633044,19.654717833669565,63.59528216633044,2018-07-30 09:44:00-04:00,12.0,16.75,20.5,16.75,203.5,5.875,7.196428571428571,10.25,13.964285714285714,4.318246258218695,3.261933649959604,2.4852538708771843,18.71999931335449,0.1096620262056344,1.2881831929142364,1.2289777411376752,1.3524608754819687,1.4848536710593874,1.3942948975492166,1.4358295407529995,,,,1.0372238650200034,1.0323753462603877,1.013167955143998,1.1768855127509494,1.16362660944206,0.978293961774821,1.111839793886872,1.1005622210630035,1.0204213241616509,16.75,13.964285714285714,203.5,15.29384796950348,1.16362660944206,57.25,52.0,944,True,1.2931656787826652e-06,HIGH_VOL,1.0,HIGH_VOL,1.0,67.5
146_upper,146,2018-07-26 10:30:00-04:00,2018-08-23 10:30:00-04:00,2018-08-07 13:35:00+00:00,2018-08-07,2018,upper,NQU8,7482.682503501307,7482.682503501307,clean,2018-08-07 19:59:00+00:00,32.18250350130711,2018-08-07 11:00:00-04:00,85,-3.81749649869289,2018-08-07 09:36:00-04:00,1,True,False,11.43250350130711,384,5.68250350130711,-3.81749649869289,2.18250350130711,29.43250350130711,-3.81749649869289,23.18250350130711,29.43250350130711,-3.81749649869289,12.18250350130711,29.43250350130711,-3.81749649869289,14.68250350130711,29.43250350130711,-3.81749649869289,4.93250350130711,32.18250350130711,-3.81749649869289,16.18250350130711,32.18250350130711,-3.81749649869289,26.93250350130711,32.18250350130711,-3.81749649869289,12.18250350130711,32.18250350130711,-3.81749649869289,32.18250350130711,3.81749649869289,2018-08-07 09:35:00-04:00,4.75,4.75,5.0,10.25,62.25,2.392857142857143,3.875,6.214285714285714,7.017857142857143,1.1338128483631955,0.9414845311172226,0.8436368084424685,15.470000267028809,-0.0215053854246598,0.443065571021298,0.5065184049079755,0.544517724649629,0.5509428651843512,0.5967078189300411,0.6265002400384061,,,,0.4314878327617181,0.443065571021298,0.4208346607199745,0.4755253249119398,0.5192307692307693,0.4512448132780083,0.5820937099559864,0.5837523745669907,0.5804444444444444,4.75,7.017857142857143,62.25,5.773631563285921,0.5192307692307693,16.5,20.5,935,True,1.147592505153209e-07,HIGH_VOL,0.9999999703422685,HIGH_VOL,0.9999964268141966,2.4390243902439024
154_lower,154,2018-08-07 10:30:00-04:00,2018-09-04 10:30:00-04:00,2018-08-10 14:04:00+00:00,2018-08-10,2018,lower,NQU8,7413.1515343948895,7413.1515343948895,clean,2018-08-10 19:59:00+00:00,31.848465605110505,2018-08-10 10:36:00-04:00,32,-22.40153439488949,2018-08-10 14:30:00-04:00,266,False,True,4.848465605110505,355,15.598465605110505,0.3484656051105048,15.348465605110505,29.848465605110505,0.3484656051105048,25.598465605110505,30.348465605110505,0.3484656051105048,28.598465605110505,31.848465605110505,0.3484656051105048,13.348465605110505,31.848465605110505,0.3484656051105048,22.348465605110505,31.848465605110505,0.3484656051105048,29.598465605110505,31.848465605110505,0.3484656051105048,18.848465605110505,31.848465605110505,0.3484656051105048,18.098465605110505,31.848465605110505,-22.40153439488949,31.848465605110505,22.40153439488949,2018-08-10 10:04:00-04:00,26.5,27.5,28.75,28.75,46.75,9.928571428571429,9.303571428571429,11.053571428571429,12.767857142857142,3.4000540783545814,2.759072606053787,2.206687327071441,14.90999984741211,0.0053944655507496,1.1083143553477963,1.1468970934799685,1.1697361346841102,1.234459203036053,1.239976746623972,1.239976746623972,,,,1.0366993048807833,1.1083143553477965,1.1266804760164089,1.0699208117820227,1.1122775222691446,1.1885196485010139,1.0531709552441921,1.163167338926123,1.1680579085168643,27.5,12.767857142857142,46.75,18.738091456404288,1.1122775222691446,16.5,23.0,964,True,7.532100056768238e-07,HIGH_VOL,0.9999999999999992,HIGH_VOL,0.9999999999999889,50.0
159_lower,159,2018-08-14 10:30:00-04:00,2018-09-11 10:30:00-04:00,2018-08-15 14:00:00+00:00,2018-08-15,2018,lower,NQU8,7360.378719596196,7360.378719596196,clean,2018-08-15 19:59:00+00:00,14.62128040380412,2018-08-15 15:45:00-04:00,345,-43.87871959619588,2018-08-15 10:33:00-04:00,33,True,False,4.871280403804121,359,7.621280403804121,-19.87871959619588,-11.62871959619588,7.621280403804121,-19.87871959619588,-13.87871959619588,7.621280403804121,-42.12871959619588,-33.62871959619588,7.621280403804121,-43.87871959619588,-21.62871959619588,7.621280403804121,-43.87871959619588,-24.12871959619588,7.621280403804121,-43.87871959619588,-17.12871959619588,7.621280403804121,-43.87871959619588,-33.87871959619588,7.621280403804121,-43.87871959619588,-11.12871959619588,14.62128040380412,-43.87871959619588,14.62128040380412,43.87871959619588,2018-08-15 10:00:00-04:00,34.25,44.5,44.5,44.5,68.0,8.714285714285714,12.125,11.446428571428571,12.446428571428571,3.648622822491365,3.0148231540335124,2.445693825697678,15.15999984741211,-0.0823244898708476,1.4192102050267337,1.3820876552826862,1.405790302234177,1.4457314621584882,1.4392696152709876,1.412548168655767,,,,1.2529339069512455,1.2710391373199608,1.3691767190609643,1.2418817686190988,1.2676179284874938,1.3795421743975738,1.1575518236334383,1.279783605786193,1.3407669798244264,44.5,12.446428571428571,68.0,23.534359380033514,1.2676179284874938,23.5,30.25,960,True,1.0748746701391708e-06,HIGH_VOL,1.0,HIGH_VOL,1.0,58.139534883720934
157_lower,157,2018-08-10 10:30:00-04:00,2018-09-07 10:30:00-04:00,2018-08-15 14:00:00+00:00,2018-08-15,2018,lower,NQU8,7372.920652415312,7372.920652415312,clean,2018-08-15 19:59:00+00:00,2.079347584687639,2018-08-15 15:45:00-04:00,345,-56.42065241531236,2018-08-15 10:33:00-04:00,33,True,False,-7.670652415312361,359,-4.920652415312361,-32.42065241531236,-24.17065241531236,-4.920652415312361,-32.42065241531236,-26.42065241531236,-4.920652415312361,-54.67065241531236,-46.17065241531236,-4.920652415312361,-56.42065241531236,-34.17065241531236,-4.920652415312361,-56.42065241531236,-36.67065241531236,-4.920652415312361,-56.42065241531236,-29.67065241531236,-4.920652415312361,-56.42065241531236,-46.42065241531236,-4.920652415312361,-56.42065241531236,-23.67065241531236,2.079347584687639,-56.42065241531236,2.079347584687639,56.42065241531236,2018-08-15 10:00:00-04:00,34.25,44.5,44.5,44.5,68.0,8.714285714285714,12.125,11.446428571428571,12.446428571428571,3.648622822491365,3.0148231540335124,2.445693825697678,15.15999984741211,-0.0823244898708476,1.4192102050267337,1.3820876552826862,1.405790302234177,1.4457314621584882,1.4392696152709876,1.412548168655767,,,,1.2529339069512455,1.2710391373199608,1.3691767190609643,1.2418817686190988,1.2676179284874938,1.3795421743975738,1.1575518236334383,1.279783605786193,1.3407669798244264,44.5,12.446428571428571,68.0,23.534359380033514,1.2676179284874938,23.5,30.25,960,True,1.0748746701391708e-06,HIGH_VOL,1.0,HIGH_VOL,1.0,56.81818181818182
158_lower,158,2018-08-13 10:30:00-04:00,2018-09-10 10:30:00-04:00,2018-08-15 14:00:00+00:00,2018-08-15,2018,lower,NQU8,7371.422048658076,7371.422048658076,clean,2018-08-15 19:59:00+00:00,3.577951341923836,2018-08-15 15:45:00-04:00,345,-54.92204865807616,2018-08-15 10:33:00-04:00,33,True,False,-6.172048658076164,359,-3.4220486580761644,-30.922048658076164,-22.672048658076164,-3.4220486580761644,-30.922048658076164,-24.922048658076164,-3.4220486580761644,-53.17204865807616,-44.67204865807616,-3.4220486580761644,-54.92204865807616,-32.672048658076164,-3.4220486580761644,-54.92204865807616,-35.172048658076164,-3.4220486580761644,-54.92204865807616,-28.172048658076164,-3.4220486580761644,-54.92204865807616,-44.92204865807616,-3.4220486580761644,-54.92204865807616,-22.172048658076164,3.577951341923836,-54.92204865807616,3.577951341923836,54.92204865807616,2018-08-15 10:00:00-04:00,34.25,44.5,44.5,44.5,68.0,8.714285714285714,12.125,11.446428571428571,12.446428571428571,3.648622822491365,3.0148231540335124,2.445693825697678,15.15999984741211,-0.0823244898708476,1.4192102050267337,1.3820876552826862,1.405790302234177,1.4457314621584882,1.4392696152709876,1.412548168655767,,,,1.2529339069512455,1.2710391373199608,1.3691767190609643,1.2418817686190988,1.2676179284874938,1.3795421743975738,1.1575518236334383,1.279783605786193,1.3407669798244264,44.5,12.446428571428571,68.0,23.534359380033514,1.2676179284874938,23.5,30.25,960,True,1.0748746701391708e-06,HIGH_VOL,1.0,HIGH_VOL,1.0,55.55555555555556
153_lower,153,2018-08-06 10:30:00-04:00,2018-09-03 10:30:00-04:00,2018-08-15 14:05:00+00:00,2018-08-15,2018,lower,NQU8,7345.192609359348,7345.192609359348,clean,2018-08-15 19:59:00+00:00,29.807390640651647,2018-08-15 15:45:00-04:00,340,-28.692609359348356,2018-08-15 10:33:00-04:00,28,True,False,20.057390640651647,354,10.557390640651647,-1.1926093593483529,0.8073906406516471,12.057390640651647,-10.942609359348353,0.0573906406516471,12.057390640651647,-28.692609359348356,-14.942609359348353,12.057390640651647,-28.692609359348356,-16.692609359348353,12.057390640651647,-28.692609359348356,-10.942609359348353,12.057390640651647,-28.692609359348356,9.307390640651647,12.057390640651647,-28.692609359348356,-17.942609359348353,17.557390640651647,-28.692609359348356,14.307390640651647,29.807390640651647,-28.692609359348356,29.807390640651647,28.692609359348356,2018-08-15 10:05:00-04:00,34.25,44.5,44.5,44.5,68.0,9.303571428571429,12.125,11.446428571428571,12.446428571428571,3.989628537614481,3.2674186178797453,2.6224555943512096,15.15999984741211,-0.0823244898708476,1.4192102050267337,1.3820876552826862,1.405790302234177,1.4457314621584882,1.4392696152709876,1.412548168655767,,,,1.2529339069512455,1.2710391373199608,1.3691767190609643,1.2418817686190988,1.2676179284874938,1.3795421743975738,1.1575518236334383,1.279783605786193,1.3407669798244264,44.5,12.446428571428571,68.0,23.534359380033514,1.2676179284874938,23.5,30.25,965,True,1.1209850776078843e-06,HIGH_VOL,1.0,HIGH_VOL,1.0,63.04347826086957
152_lower,152,2018-08-03 10:30:00-04:00,2018-08-31 10:30:00-04:00,2018-08-15 14:29:00+00:00,2018-08-15,2018,lower,NQU8,7324.042209470524,7324.042209470524,clean,2018-08-15 19:59:00+00:00,50.95779052947637,2018-08-15 15:45:00-04:00,316,-7.54220947052363,2018-08-15 10:33:00-04:00,4,True,False,41.20779052947637,330,7.45779052947637,-7.54220947052363,2.4577905294763696,25.45779052947637,-7.54220947052363,12.70779052947637,25.45779052947637,-7.54220947052363,0.9577905294763696,27.70779052947637,-7.54220947052363,20.20779052947637,27.70779052947637,-7.54220947052363,19.95779052947637,33.20779052947637,-7.54220947052363,-0.0422094705236304,33.20779052947637,-7.54220947052363,23.70779052947637,40.70779052947637,-7.54220947052363,20.95779052947637,50.95779052947637,-7.54220947052363,50.95779052947637,7.54220947052363,2018-08-15 10:29:00-04:00,34.0,44.5,44.5,44.5,68.0,13.178571428571429,13.178571428571429,11.446428571428571,12.446428571428571,4.244078579165315,3.619996215203444,2.9421906470225347,15.15999984741211,-0.0823244898708476,1.4192102050267337,1.3820876552826862,1.405790302234177,1.4457314621584882,1.4392696152709876,1.412548168655767,,,,1.2529339069512455,1.2710391373199608,1.3691767190609643,1.2418817686190988,1.2676179284874938,1.3795421743975738,1.1575518236334383,1.279783605786193,1.3407669798244264,44.5,12.446428571428571,68.0,23.534359380033514,1.2676179284874938,23.5,30.25,989,True,1.3960817401099113e-06,HIGH_VOL,1.0,HIGH_VOL,1.0,76.59574468085107
161_lower,161,2018-08-16 10:30:00-04:00,2018-09-13 10:30:00-04:00,2018-08-17 12:08:00+00:00,2018-08-17,2018,lower,NQU8,7360.173904777643,7360.173904777643,clean,2018-08-17 19:59:00+00:00,46.82609522235725,2018-08-17 14:55:00-04:00,407,-38.42390477764275,2018-08-17 10:26:00-04:00,138,True,False,28.576095222357253,471,1.576095222357253,-1.923904777642747,-0.1739047776427469,6.326095222357253,-1.923904777642747,4.326095222357253,6.326095222357253,-1.923904777642747,2.326095222357253,11.576095222357251,-1.923904777642747,11.076095222357251,14.326095222357251,-1.923904777642747,5.326095222357253,18.326095222357253,-11.173904777642749,17.576095222357253,22.076095222357253,-19.923904777642747,-15.673904777642749,22.076095222357253,-38.42390477764275,-16.923904777642747,46.82609522235725,-38.42390477764275,46.82609522235725,38.42390477764275,2018-08-17 08:08:00-04:00,7.5,7.5,10.25,18.25,71.25,3.9107142857142856,6.339285714285714,8.803571428571429,11.875,1.818866029700425,1.5424909206425257,1.3527477519145954,16.43000030517578,-0.0442117629592907,1.0732728541521284,0.8864553314121038,0.7757881462799495,1.0359508041627248,0.9396453089244852,0.8976636152479847,,,,0.6747093660890546,0.6793286219081273,0.7006833712984055,0.7131227613155324,0.7877697841726619,0.7588357588357588,0.9738780977896851,1.0011475786091348,1.0216653003864622,7.5,11.875,71.25,9.437293044088436,0.7877697841726619,21.0,25.0,848,True,1.7631126511556627e-07,LOW_VOL,0.995386862506639,MID_VOL,0.6044321166027374,10.416666666666668
165_upper,165,2018-08-22 10:30:00-04:00,2018-09-19 10:30:00-04:00,2018-08-23 13:42:00+00:00,2018-08-23,2018,upper,NQU8,7452.447510363063,7452.447510363063,clean,2018-08-23 19:59:00+00:00,41.197510363062975,2018-08-23 11:40:00-04:00,118,-22.552489636937025,2018-08-23 10:30:00-04:00,48,True,False,29.69751036306297,377,4.197510363062975,-8.302489636937025,-6.802489636937025,4.197510363062975,-16.552489636937025,-11.552489636937024,4.197510363062975,-16.552489636937025,-11.302489636937024,4.197510363062975,-21.052489636937025,-17.552489636937025,4.197510363062975,-22.552489636937025,-18.302489636937025,10.697510363062976,-22.552489636937025,8.947510363062975,41.197510363062975,-22.552489636937025,30.44751036306297,41.197510363062975,-22.552489636937025,10.697510363062976,41.197510363062975,-22.552489636937025,41.197510363062975,22.552489636937025,2018-08-23 09:42:00-04:00,5.75,11.5,7.25,11.75,92.75,4.142857142857143,4.660714285714286,7.089285714285714,9.535714285714286,1.7203327486705793,1.3996994967532757,1.1864565698662703,15.640000343322754,-0.0357582610718241,1.1598430987987252,1.1727813584531483,1.089966593710402,0.5567528735632183,0.6711409395973155,0.4891904686760296,,,,1.0144741074300418,0.8158303155716503,0.8158303155716503,0.40270200051961547,0.3846631095669438,0.42051003798155184,0.7689075630252101,0.6930227220564609,0.6930227220564609,11.5,9.535714285714286,92.75,10.471901178187,0.3846631095669438,21.0,24.75,942,True,7.026304483739813e-07,HIGH_VOL,0.9999999999999873,HIGH_VOL,0.9999999999997834,44.89795918367347
163_upper,163,2018-08-20 10:30:00-04:00,2018-09-17 10:30:00-04:00,2018-08-23 13:49:00+00:00,2018-08-23,2018,upper,NQU8,7463.365513188715,7463.365513188715,clean,2018-08-23 19:59:00+00:00,52.11551318871534,2018-08-23 11:40:00-04:00,111,-11.63448681128466,2018-08-23 10:30:00-04:00,41,True,False,40.61551318871534,370,6.11551318871534,-5.63448681128466,-3.13448681128466,6.11551318871534,-5.63448681128466,4.11551318871534,6.11551318871534,-5.63448681128466,-0.8844868112846598,6.11551318871534,-11.63448681128466,-7.13448681128466,6.11551318871534,-11.63448681128466,-0.8844868112846598,44.36551318871534,-11.63448681128466,42.86551318871534,52.11551318871534,-11.63448681128466,41.61551318871534,52.11551318871534,-11.63448681128466,22.61551318871534,52.11551318871534,-11.63448681128466,52.11551318871534,11.63448681128466,2018-08-23 09:49:00-04:00,31.75,11.5,7.25,11.75,92.75,4.642857142857143,4.857142857142857,7.089285714285714,9.535714285714286,1.7853746997986355,1.468241607076166,1.2368687394471434,15.640000343322754,-0.0357582610718241,1.1598430987987252,1.1727813584531483,1.089966593710402,0.5567528735632183,0.6711409395973155,0.4891904686760296,,,,1.0144741074300418,0.8158303155716503,0.8158303155716503,0.40270200051961547,0.3846631095669438,0.42051003798155184,0.7689075630252101,0.6930227220564609,0.6930227220564609,11.5,9.535714285714286,92.75,10.471901178187,0.3846631095669438,21.0,24.75,949,True,6.920629270833301e-07,HIGH_VOL,1.0,HIGH_VOL,0.9999999999999988,44.0
164_upper,164,2018-08-21 10:30:00-04:00,2018-09-18 10:30:00-04:00,2018-08-23 13:49:00+00:00,2018-08-23,2018,upper,NQU8,7463.978166446327,7463.978166446327,clean,2018-08-23 19:59:00+00:00,52.72816644632712,2018-08-23 11:40:00-04:00,111,-11.021833553672876,2018-08-23 10:30:00-04:00,41,True,False,41.22816644632712,370,6.728166446327123,-5.021833553672877,-2.5218335536728773,6.728166446327123,-5.021833553672877,4.728166446327123,6.728166446327123,-5.021833553672877,-0.2718335536728773,6.728166446327123,-11.021833553672876,-6.521833553672877,6.728166446327123,-11.021833553672876,-0.2718335536728773,44.97816644632712,-11.021833553672876,43.47816644632712,52.72816644632712,-11.021833553672876,42.22816644632712,52.72816644632712,-11.021833553672876,23.228166446327123,52.72816644632712,-11.021833553672876,52.72816644632712,11.021833553672876,2018-08-23 09:49:00-04:00,31.75,11.5,7.25,11.75,92.75,4.642857142857143,4.857142857142857,7.089285714285714,9.535714285714286,1.7853746997986355,1.468241607076166,1.2368687394471434,15.640000343322754,-0.0357582610718241,1.1598430987987252,1.1727813584531483,1.089966593710402,0.5567528735632183,0.6711409395973155,0.4891904686760296,,,,1.0144741074300418,0.8158303155716503,0.8158303155716503,0.40270200051961547,0.3846631095669438,0.42051003798155184,0.7689075630252101,0.6930227220564609,0.6930227220564609,11.5,9.535714285714286,92.75,10.471901178187,0.3846631095669438,21.0,24.75,949,True,6.920629270833301e-07,HIGH_VOL,1.0,HIGH_VOL,0.9999999999999988,43.13725490196079
161_upper,161,2018-08-16 10:30:00-04:00,2018-09-13 10:30:00-04:00,2018-08-23 13:53:00+00:00,2018-08-23,2018,upper,NQU8,7466.576095222357,7466.576095222357,clean,2018-08-23 19:59:00+00:00,55.32609522235725,2018-08-23 11:40:00-04:00,107,-8.423904777642747,2018-08-23 10:30:00-04:00,37,True,False,43.82609522235725,366,3.826095222357253,-2.173904777642747,2.076095222357253,9.326095222357251,-2.173904777642747,6.576095222357253,9.326095222357251,-6.923904777642747,-2.673904777642747,9.326095222357251,-8.423904777642747,-3.923904777642747,9.326095222357251,-8.423904777642747,8.076095222357253,51.07609522235725,-8.423904777642747,39.07609522235725,55.32609522235725,-8.423904777642747,40.82609522235725,55.32609522235725,-8.423904777642747,30.076095222357253,55.32609522235725,-8.423904777642747,55.32609522235725,8.423904777642747,2018-08-23 09:53:00-04:00,31.75,11.5,7.25,11.75,92.75,4.982142857142857,4.857142857142857,7.089285714285714,9.535714285714286,1.7869844851909074,1.484518837161933,1.2522286406680452,15.640000343322754,-0.0357582610718241,1.1598430987987252,1.1727813584531483,1.089966593710402,0.5567528735632183,0.6711409395973155,0.4891904686760296,,,,1.0144741074300418,0.8158303155716503,0.8158303155716503,0.40270200051961547,0.3846631095669438,0.42051003798155184,0.7689075630252101,0.6930227220564609,0.6930227220564609,11.5,9.535714285714286,92.75,10.471901178187,0.3846631095669438,21.0,24.75,953,True,6.998830360078475e-07,HIGH_VOL,1.0,HIGH_VOL,1.0,46.15384615384615
157_upper,157,2018-08-10 10:30:00-04:00,2018-09-07 10:30:00-04:00,2018-08-24 14:35:00+00:00,2018-08-24,2018,upper,NQU8,7480.329347584688,7480.329347584688,clean,2018-08-24 19:59:00+00:00,3.579347584687639,2018-08-24 13:42:00-04:00,187,-19.17065241531236,2018-08-24 11:35:00-04:00,60,True,False,-12.67065241531236,324,1.829347584687639,-5.170652415312361,-1.420652415312361,1.829347584687639,-15.17065241531236,-9.42065241531236,1.829347584687639,-15.17065241531236,-3.170652415312361,1.829347584687639,-15.17065241531236,-10.42065241531236,1.829347584687639,-19.17065241531236,-17.67065241531236,1.829347584687639,-19.17065241531236,-15.17065241531236,1.829347584687639,-19.17065241531236,-10.67065241531236,1.829347584687639,-19.17065241531236,-3.670652415312361,3.579347584687639,-19.17065241531236,3.579347584687639,19.17065241531236,2018-08-24 10:35:00-04:00,13.75,21.0,19.0,23.0,63.75,8.714285714285714,7.160714285714286,7.089285714285714,8.517857142857142,2.380594013413471,2.0052763693352387,1.624550522620164,15.789999961853027,0.0095907682376945,1.0995005762581636,1.3412481449660236,1.101492968136115,0.8359439076596852,0.837065822683386,0.7964853093937921,,,,1.0990431693814202,0.9836178256386757,1.0825190695328752,0.7715799774737347,0.7032648939750925,0.714459129067004,0.7677213391499106,0.7051490681322731,0.7051490681322731,21.0,8.517857142857142,63.75,13.374415875095256,0.7032648939750925,18.5,24.25,995,True,4.41051523848692e-07,HIGH_VOL,0.9999997213746086,HIGH_VOL,0.9999934131901904,26.41509433962264
160_upper,160,2018-08-15 10:30:00-04:00,2018-09-12 10:30:00-04:00,2018-08-24 14:45:00+00:00,2018-08-24,2018,upper,NQU8,7486.53136055269,7486.53136055269,clean,2018-08-24 19:59:00+00:00,9.781360552689875,2018-08-24 13:42:00-04:00,177,-12.968639447310125,2018-08-24 11:35:00-04:00,50,True,False,-6.4686394473101245,314,1.0313605526898757,-8.968639447310125,-3.2186394473101245,2.2813605526898755,-8.968639447310125,2.0313605526898755,6.531360552689876,-8.968639447310125,-3.2186394473101245,6.531360552689876,-8.968639447310125,-2.2186394473101245,6.531360552689876,-12.968639447310125,-5.2186394473101245,6.531360552689876,-12.968639447310125,-6.4686394473101245,6.531360552689876,-12.968639447310125,-7.7186394473101245,9.781360552689875,-12.968639447310125,4.031360552689876,9.781360552689875,-12.968639447310125,9.781360552689875,12.968639447310125,2018-08-24 10:45:00-04:00,16.25,21.0,19.0,23.0,63.75,9.589285714285714,7.732142857142857,7.089285714285714,8.517857142857142,2.224735056480176,1.954670425705032,1.6166468212710008,15.789999961853027,0.0095907682376945,1.0995005762581636,1.3412481449660236,1.101492968136115,0.8359439076596852,0.837065822683386,0.7964853093937921,,,,1.0990431693814202,0.9836178256386757,1.0825190695328752,0.7715799774737347,0.7032648939750925,0.714459129067004,0.7677213391499106,0.7051490681322731,0.7051490681322731,21.0,8.517857142857142,63.75,13.374415875095256,0.7032648939750925,18.5,24.25,1005,True,4.703525866484367e-07,HIGH_VOL,0.999945439147022,HIGH_VOL,0.9998595099294129,31.48148148148148
156_upper,156,2018-08-09 10:30:00-04:00,2018-09-06 10:30:00-04:00,2018-08-27 13:30:00+00:00,2018-08-27,2018,upper,NQU8,7534.904976134861,7534.904976134861,clean,2018-08-27 19:59:00+00:00,17.15497613486059,2018-08-27 09:39:00-04:00,9,-33.09502386513941,2018-08-27 15:59:00-04:00,389,False,True,-32.84502386513941,389,2.90497613486059,-5.59502386513941,-0.5950238651394102,17.15497613486059,-5.59502386513941,2.40497613486059,17.15497613486059,-9.34502386513941,-5.59502386513941,17.15497613486059,-21.84502386513941,-20.09502386513941,17.15497613486059,-29.09502386513941,-24.84502386513941,17.15497613486059,-32.34502386513941,-31.84502386513941,17.15497613486059,-32.59502386513941,-26.59502386513941,17.15497613486059,-32.59502386513941,-29.34502386513941,17.15497613486059,-33.09502386513941,17.15497613486059,33.09502386513941,2018-08-27 09:30:00-04:00,3.5,4.5,8.25,5.75,76.75,1.9107142857142856,3.4642857142857144,4.767857142857143,7.928571428571429,0.5776004571631246,0.587857706175777,0.604563732441962,15.15999984741211,-0.039898677388406,0.9433915211970076,0.9377788795240456,0.9377788795240456,1.1763975155279502,1.177714214649919,1.1592606194148611,,,,0.8220338983050848,0.7996195307545974,0.652353854112778,0.8503951149425287,0.6453591386125119,0.6422951709169832,0.6759356681196452,0.613255147961271,0.5160661005278862,4.5,7.928571428571429,76.75,5.973154227757009,0.6453591386125119,21.0,24.25,930,True,8.817341196367869e-08,LOW_VOL,0.99958524690906,LOW_VOL,0.5704995455450927,0.0
169_upper,169,2018-08-28 10:30:00-04:00,2018-09-25 10:30:00-04:00,2018-08-29 14:41:00+00:00,2018-08-29,2018,upper,NQU8,7634.351839522623,7634.351839522623,clean,2018-08-29 19:59:00+00:00,3.351839522622868,2018-08-29 10:42:00-04:00,1,-37.89816047737713,2018-08-29 15:50:00-04:00,309,False,True,-32.89816047737713,318,3.351839522622868,-5.398160477377132,-4.648160477377132,3.351839522622868,-9.148160477377132,-1.1481604773771323,3.351839522622868,-9.148160477377132,-4.648160477377132,3.351839522622868,-14.648160477377132,-13.898160477377132,3.351839522622868,-25.14816047737713,-18.14816047737713,3.351839522622868,-25.14816047737713,-18.89816047737713,3.351839522622868,-25.14816047737713,-15.898160477377132,3.351839522622868,-25.14816047737713,-18.64816047737713,3.351839522622868,-37.89816047737713,3.351839522622868,37.89816047737713,2018-08-29 10:41:00-04:00,14.5,21.5,30.25,32.25,33.0,8.196428571428571,7.232142857142857,7.107142857142857,6.142857142857143,1.906855729986228,1.7330230799809987,1.4436875876180897,15.420000076293944,-0.0115384808188592,0.8791778716865155,0.8917391869073906,0.8917391869073906,1.1751607067246623,1.223088017306999,1.1720815057251726,,,,0.8578658003248781,0.8578658003248781,0.8578658003248781,1.126487463793517,1.126487463793517,1.0728103311956427,1.1369990835624426,1.1369990835624426,1.047575915748104,21.5,6.142857142857143,33.0,11.492233402234248,1.126487463793517,12.25,18.75,1001,True,3.5552781103319184e-07,HIGH_VOL,0.999779058346339,HIGH_VOL,0.998874059424337,25.0
171_lower,171,2018-08-30 10:30:00-04:00,2018-09-27 10:30:00-04:00,2018-09-04 13:39:00+00:00,2018-09-04,2018,lower,NQU8,7604.500703523443,7604.500703523443,clean,2018-09-04 19:59:00+00:00,45.49929647655699,2018-09-04 10:57:00-04:00,78,-17.750703523443008,2018-09-04 09:42:00-04:00,3,True,False,23.749296476556992,380,-2.250703523443008,-17.750703523443008,-13.250703523443008,-2.250703523443008,-17.750703523443008,-5.000703523443008,26.249296476556992,-17.750703523443008,23.999296476556992,33.24929647655699,-17.750703523443008,26.249296476556992,33.24929647655699,-17.750703523443008,20.999296476556992,45.49929647655699,-17.750703523443008,35.99929647655699,45.49929647655699,-17.750703523443008,35.99929647655699,45.49929647655699,-17.750703523443008,0.7492964765569923,45.49929647655699,-17.750703523443008,45.49929647655699,17.750703523443008,2018-09-04 09:39:00-04:00,8.5,8.5,9.5,47.0,28.5,3.642857142857143,7.607142857142857,9.5,12.089285714285714,3.043506375941975,2.364874666162509,1.8738982535404167,16.040000915527344,0.0012484679895237,1.4565159925984668,1.4140895675606313,1.4015006994785706,2.252173913043478,2.2193658954584405,2.2193658954584405,,,,1.1646586345381527,1.1815160287337836,1.017919822649178,1.6280531609195403,1.5713295198474606,1.2756825218125527,2.691125198098257,2.656394211967149,2.3156961680076367,8.5,12.089285714285714,28.5,10.137007870739204,1.5713295198474606,12.0,17.75,939,True,1.820346055994557e-07,LOW_VOL,0.9946481524408697,MID_VOL,0.8490253778689012,12.280701754385964
172_lower,172,2018-08-31 10:30:00-04:00,2018-09-28 10:30:00-04:00,2018-09-04 13:42:00+00:00,2018-09-04,2018,lower,NQU8,7588.051325303866,7588.051325303866,clean,2018-09-04 19:59:00+00:00,61.94867469613382,2018-09-04 10:57:00-04:00,75,-0.8013253038661787,2018-09-04 09:43:00-04:00,1,True,False,40.19867469613382,377,11.44867469613382,-0.8013253038661787,7.448674696133821,21.44867469613382,-0.8013253038661787,18.94867469613382,43.44867469613382,-0.8013253038661787,37.44867469613382,49.69867469613382,-0.8013253038661787,39.69867469613382,49.69867469613382,-0.8013253038661787,42.19867469613382,61.94867469613382,-0.8013253038661787,51.19867469613382,61.94867469613382,-0.8013253038661787,46.19867469613382,61.94867469613382,-0.8013253038661787,19.94867469613382,61.94867469613382,-0.8013253038661787,61.94867469613382,0.8013253038661787,2018-09-04 09:42:00-04:00,8.5,8.5,9.5,47.0,28.5,4.428571428571429,7.607142857142857,9.5,12.089285714285714,3.692533107337959,2.822755691547232,2.1798829634980232,16.040000915527344,0.0012484679895237,1.4565159925984668,1.4140895675606313,1.4015006994785706,2.252173913043478,2.2193658954584405,2.2193658954584405,,,,1.1646586345381527,1.1815160287337836,1.017919822649178,1.6280531609195403,1.5713295198474606,1.2756825218125527,2.691125198098257,2.656394211967149,2.3156961680076367,8.5,12.089285714285714,28.5,10.137007870739204,1.5713295198474606,12.0,17.75,942,True,1.96048436196221e-07,HIGH_VOL,1.0,HIGH_VOL,1.0,15.517241379310345
174_lower,174,2018-09-04 10:30:00-04:00,2018-10-02 10:30:00-04:00,2018-09-05 14:01:00+00:00,2018-09-05,2018,lower,NQU8,7549.8898326392355,7549.8898326392355,clean,2018-09-05 19:59:00+00:00,11.610167360764535,2018-09-05 12:34:00-04:00,153,-46.639832639235465,2018-09-05 10:40:00-04:00,39,True,False,-21.389832639235465,358,5.110167360764535,-12.389832639235465,-4.389832639235465,9.360167360764535,-12.389832639235465,-5.889832639235465,9.360167360764535,-37.389832639235465,-31.639832639235465,9.360167360764535,-46.639832639235465,-21.889832639235465,9.360167360764535,-46.639832639235465,-19.889832639235465,9.360167360764535,-46.639832639235465,-40.889832639235465,9.360167360764535,-46.639832639235465,-13.639832639235465,11.610167360764535,-46.639832639235465,-10.139832639235465,11.610167360764535,-46.639832639235465,11.610167360764535,46.639832639235465,2018-09-05 10:01:00-04:00,51.25,61.0,69.5,69.5,107.0,9.125,8.410714285714286,11.053571428571429,10.928571428571429,3.7328900959781968,2.911114806248839,2.2601363729573816,17.100000381469727,0.0660847509625925,1.3774248514505418,1.3743774181243529,1.3743774181243529,1.4333567345301377,1.4314330355354352,1.4314330355354352,,,,1.3088323819408407,1.313850513637974,1.2020856767010466,1.3183772115934542,1.3307758203285038,1.2555565316700343,1.2991465888704459,1.2951077236791522,1.2559771773134716,61.0,10.928571428571429,107.0,25.81942790115337,1.3307758203285038,35.0,40.25,961,True,1.2839600614577376e-06,HIGH_VOL,1.0,HIGH_VOL,1.0,72.88135593220339
169_lower,169,2018-08-28 10:30:00-04:00,2018-09-25 10:30:00-04:00,2018-09-05 14:02:00+00:00,2018-09-05,2018,lower,NQU8,7539.273160477377,7539.273160477377,clean,2018-09-05 19:59:00+00:00,22.226839522622868,2018-09-05 12:34:00-04:00,152,-36.02316047737713,2018-09-05 10:40:00-04:00,38,True,False,-10.773160477377132,357,15.726839522622868,5.726839522622868,12.476839522622868,19.976839522622868,0.2268395226228676,7.976839522622868,19.976839522622868,-26.77316047737713,-17.773160477377132,19.976839522622868,-36.02316047737713,-4.273160477377132,19.976839522622868,-36.02316047737713,-7.273160477377132,19.976839522622868,-36.02316047737713,-27.77316047737713,19.976839522622868,-36.02316047737713,0.7268395226228677,22.226839522622868,-36.02316047737713,-0.0231604773771323,22.226839522622868,-36.02316047737713,22.226839522622868,36.02316047737713,2018-09-05 10:02:00-04:00,51.25,61.0,69.5,69.5,107.0,9.125,8.410714285714286,11.053571428571429,10.928571428571429,4.350625197599397,3.3239221704637907,2.533427855425143,17.100000381469727,0.0660847509625925,1.3774248514505418,1.3743774181243529,1.3743774181243529,1.4333567345301377,1.4314330355354352,1.4314330355354352,,,,1.3088323819408407,1.313850513637974,1.2020856767010466,1.3183772115934542,1.3307758203285038,1.2555565316700343,1.2991465888704459,1.2951077236791522,1.2559771773134716,61.0,10.928571428571429,107.0,25.81942790115337,1.3307758203285038,35.0,40.25,962,True,1.2839600614577376e-06,HIGH_VOL,1.0,HIGH_VOL,1.0,71.66666666666667
170_lower,170,2018-08-29 10:30:00-04:00,2018-09-26 10:30:00-04:00,2018-09-05 14:02:00+00:00,2018-09-05,2018,lower,NQU8,7542.660072927727,7542.660072927727,clean,2018-09-05 19:59:00+00:00,18.839927072272985,2018-09-05 12:34:00-04:00,152,-39.410072927727015,2018-09-05 10:40:00-04:00,38,True,False,-14.160072927727017,357,12.339927072272983,2.339927072272985,9.089927072272983,16.589927072272985,-3.1600729277270148,4.589927072272985,16.589927072272985,-30.16007292772701,-21.16007292772701,16.589927072272985,-39.410072927727015,-7.660072927727015,16.589927072272985,-39.410072927727015,-10.660072927727017,16.589927072272985,-39.410072927727015,-31.16007292772701,16.589927072272985,-39.410072927727015,-2.6600729277270148,18.839927072272985,-39.410072927727015,-3.4100729277270148,18.839927072272985,-39.410072927727015,18.839927072272985,39.410072927727015,2018-09-05 10:02:00-04:00,51.25,61.0,69.5,69.5,107.0,9.125,8.410714285714286,11.053571428571429,10.928571428571429,4.350625197599397,3.3239221704637907,2.533427855425143,17.100000381469727,0.0660847509625925,1.3774248514505418,1.3743774181243529,1.3743774181243529,1.4333567345301377,1.4314330355354352,1.4314330355354352,,,,1.3088323819408407,1.313850513637974,1.2020856767010466,1.3183772115934542,1.3307758203285038,1.2555565316700343,1.2991465888704459,1.2951077236791522,1.2559771773134716,61.0,10.928571428571429,107.0,25.81942790115337,1.3307758203285038,35.0,40.25,962,True,1.2839600614577376e-06,HIGH_VOL,1.0,HIGH_VOL,1.0,70.49180327868852
175_lower,175,2018-09-05 10:30:00-04:00,2018-10-03 10:30:00-04:00,2018-09-06 14:12:00+00:00,2018-09-06,2018,lower,NQU8,7476.605387816969,7476.605387816969,clean,2018-09-06 19:59:00+00:00,5.394612183031313,2018-09-06 10:29:00-04:00,17,-68.85538781696869,2018-09-06 13:02:00-04:00,170,False,True,-18.355387816968687,347,0.1446121830313131,-13.605387816968689,-1.6053878169686868,1.1446121830313132,-14.355387816968689,-7.855387816968687,5.394612183031313,-28.105387816968687,-27.355387816968687,5.394612183031313,-49.35538781696869,-29.855387816968687,5.394612183031313,-61.35538781696869,-49.60538781696869,5.394612183031313,-61.35538781696869,-28.105387816968687,5.394612183031313,-61.35538781696869,-25.605387816968687,5.394612183031313,-68.85538781696869,-47.85538781696869,5.394612183031313,-68.85538781696869,5.394612183031313,68.85538781696869,2018-09-06 10:12:00-04:00,26.0,52.0,55.25,57.25,140.0,12.696428571428571,10.732142857142858,10.464285714285714,12.089285714285714,4.587514603557189,3.7723137969077136,2.958287941138118,18.64999961853028,0.0906432282153746,1.7958755679832226,1.7919023486458503,1.7619272150542244,1.783953465048641,1.781559232402548,1.7448085770056991,,,,1.7064452516865594,1.6382785798981656,1.567269746249023,1.6408501374462667,1.6197084346345416,1.562663621189493,1.6422379826635145,1.6371324942753513,1.5876679688133175,52.0,12.089285714285714,140.0,25.07275128785944,1.6197084346345416,46.5,48.75,972,True,1.7304004284522623e-06,HIGH_VOL,1.0,HIGH_VOL,1.0,82.25806451612904
168_lower,168,2018-08-27 10:30:00-04:00,2018-09-24 10:30:00-04:00,2018-09-06 14:12:00+00:00,2018-09-06,2018,lower,NQU8,7472.1733116501155,7472.1733116501155,clean,2018-09-06 19:59:00+00:00,9.826688349884536,2018-09-06 10:29:00-04:00,17,-64.42331165011547,2018-09-06 13:02:00-04:00,170,False,True,-13.923311650115464,347,4.576688349884535,-9.173311650115464,2.8266883498845345,5.576688349884535,-9.923311650115464,-3.423311650115465,9.826688349884536,-23.673311650115465,-22.923311650115465,9.826688349884536,-44.923311650115465,-25.423311650115465,9.826688349884536,-56.923311650115465,-45.173311650115465,9.826688349884536,-56.923311650115465,-23.673311650115465,9.826688349884536,-56.923311650115465,-21.173311650115465,9.826688349884536,-64.42331165011547,-43.423311650115465,9.826688349884536,-64.42331165011547,9.826688349884536,64.42331165011547,2018-09-06 10:12:00-04:00,26.0,52.0,55.25,57.25,140.0,12.696428571428571,10.732142857142858,10.464285714285714,12.089285714285714,4.587514603557189,3.7723137969077136,2.958287941138118,18.64999961853028,0.0906432282153746,1.7958755679832226,1.7919023486458503,1.7619272150542244,1.783953465048641,1.781559232402548,1.7448085770056991,,,,1.7064452516865594,1.6382785798981656,1.567269746249023,1.6408501374462667,1.6197084346345416,1.562663621189493,1.6422379826635145,1.6371324942753513,1.5876679688133175,52.0,12.089285714285714,140.0,25.07275128785944,1.6197084346345416,46.5,48.75,972,True,1.7304004284522623e-06,HIGH_VOL,1.0,HIGH_VOL,1.0,80.95238095238095
167_lower,167,2018-08-24 10:30:00-04:00,2018-09-21 10:30:00-04:00,2018-09-07 13:00:00+00:00,2018-09-07,2018,lower,NQU8,7401.824362995334,7401.824362995334,clean,2018-09-07 19:59:00+00:00,92.925637004666,2018-09-07 11:37:00-04:00,157,-8.824362995334013,2018-09-07 09:06:00-04:00,6,True,False,34.92563700466599,419,3.9256370046659863,-8.074362995334013,-6.824362995334013,6.175637004665987,-8.824362995334013,5.675637004665987,14.925637004665989,-8.824362995334013,13.425637004665989,38.67563700466599,-8.824362995334013,30.675637004665987,80.42563700466599,-8.824362995334013,66.67563700466599,83.67563700466599,-8.824362995334013,71.92563700466599,86.92563700466599,-8.824362995334013,84.67563700466599,92.925637004666,-8.824362995334013,67.92563700466599,92.925637004666,-8.824362995334013,92.925637004666,8.824362995334013,2018-09-07 09:00:00-04:00,12.5,37.25,40.25,13.25,136.75,7.160714285714286,7.928571428571429,9.410714285714286,13.375,3.031279182896116,2.499490443503912,2.0266962373549213,19.170000076293945,0.0278820626487843,8.983092783505155,9.299466382070438,8.554486550166896,5.239915522703273,6.074427714530542,5.179749478079332,,,,6.750542299349241,5.815269620928991,5.447361840460115,4.1559463986599665,3.988586126517161,3.491556431184914,1.3166402535657686,1.1106951871657753,1.1329605891176873,37.25,13.375,136.75,22.32081427726148,3.988586126517161,60.0,58.75,900,True,9.801498366730175e-07,HIGH_VOL,1.0,HIGH_VOL,0.9999999999999999,56.25
178_upper,178,2018-09-10 10:30:00-04:00,2018-10-08 10:30:00-04:00,2018-09-13 13:32:00+00:00,2018-09-13,2018,upper,NQU8,7547.622652900693,7547.622652900693,clean,2018-09-13 19:59:00+00:00,14.872652900692628,2018-09-13 10:43:00-04:00,71,-35.62734709930737,2018-09-13 12:02:00-04:00,150,False,True,-16.12734709930737,387,5.1226529006926285,-12.127347099307372,-10.627347099307372,5.1226529006926285,-32.12734709930737,-21.87734709930737,5.1226529006926285,-32.12734709930737,-24.62734709930737,5.1226529006926285,-32.12734709930737,-6.877347099307372,7.1226529006926285,-32.12734709930737,-6.377347099307372,14.872652900692628,-32.12734709930737,4.1226529006926285,14.872652900692628,-32.12734709930737,-10.127347099307372,14.872652900692628,-35.62734709930737,-25.12734709930737,14.872652900692628,-35.62734709930737,14.872652900692628,35.62734709930737,2018-09-13 09:32:00-04:00,4.25,11.75,20.5,23.5,116.0,5.571428571428571,7.535714285714286,8.375,10.035714285714286,2.164685544184122,1.8649550764415284,1.5750252532915874,17.469999313354492,-0.0201907241666849,1.2911070780399274,1.471811316851143,1.5835281023928771,3.034688796680498,3.381229773462783,3.511764140977624,,,,1.2148224043715847,1.2851594255261494,1.2911070780399274,2.8497506234413965,2.690010298661174,2.5472276400111453,1.6630958112662495,1.6282111713410323,1.6630958112662495,11.75,10.035714285714286,116.0,10.859081123978347,2.690010298661174,46.25,45.5,932,True,2.6523601565132546e-07,LOW_VOL,0.9982202189301846,MID_VOL,0.543657426198943,23.076923076923077
180_upper,180,2018-09-12 10:30:00-04:00,2018-10-10 10:30:00-04:00,2018-09-13 13:43:00+00:00,2018-09-13,2018,upper,NQU8,7571.28304460421,7571.28304460421,clean,2018-09-13 19:59:00+00:00,38.53304460420986,2018-09-13 10:43:00-04:00,60,-11.966955395790135,2018-09-13 12:02:00-04:00,139,False,True,7.533044604209863,376,2.533044604209863,-8.466955395790137,-3.466955395790137,14.783044604209865,-8.466955395790137,14.033044604209865,17.533044604209863,-8.466955395790137,2.783044604209863,30.783044604209863,-8.466955395790137,24.283044604209863,38.53304460420986,-8.466955395790137,28.283044604209863,38.53304460420986,-8.466955395790137,5.783044604209863,38.53304460420986,-8.466955395790137,5.783044604209863,38.53304460420986,-11.966955395790135,-4.716955395790137,38.53304460420986,-11.966955395790135,38.53304460420986,11.966955395790135,2018-09-13 09:43:00-04:00,4.25,11.75,20.5,23.5,116.0,6.803571428571429,7.535714285714286,8.375,10.035714285714286,2.595966039066255,2.164993539875043,1.7773508040402275,17.469999313354492,-0.0201907241666849,1.2911070780399274,1.471811316851143,1.5835281023928771,3.034688796680498,3.381229773462783,3.511764140977624,,,,1.2148224043715847,1.2851594255261494,1.2911070780399274,2.8497506234413965,2.690010298661174,2.5472276400111453,1.6630958112662495,1.6282111713410323,1.6630958112662495,11.75,10.035714285714286,116.0,10.859081123978347,2.690010298661174,46.25,45.5,943,True,5.518460000622483e-07,HIGH_VOL,1.0,HIGH_VOL,1.0,43.93939393939394
182_lower,182,2018-09-14 10:30:00-04:00,2018-10-12 10:30:00-04:00,2018-09-17 13:36:00+00:00,2018-09-17,2018,lower,NQZ8,7544.14004620946,7544.14004620946,clean,2018-09-17 19:59:00+00:00,-5.640046209459797,2018-09-17 09:37:00-04:00,1,-86.1400462094598,2018-09-17 15:56:00-04:00,380,False,True,-78.8900462094598,383,-5.640046209459797,-24.6400462094598,-20.6400462094598,-5.640046209459797,-25.1400462094598,-14.890046209459795,-5.640046209459797,-38.8900462094598,-35.6400462094598,-5.640046209459797,-49.6400462094598,-30.8900462094598,-5.640046209459797,-49.6400462094598,-39.1400462094598,-5.640046209459797,-60.8900462094598,-46.3900462094598,-5.640046209459797,-60.8900462094598,-42.3900462094598,-5.640046209459797,-60.8900462094598,-29.3900462094598,-5.640046209459797,-86.1400462094598,0.0,86.1400462094598,2018-09-17 09:36:00-04:00,5.75,6.5,8.75,10.75,82.75,3.017857142857143,4.464285714285714,7.589285714285714,10.732142857142858,2.781201086682094,2.0869980934752124,1.6179836229932996,16.1200008392334,-0.0200607847052213,0.5800362976406533,0.5851872196283072,0.7902089257015701,0.8911203319502075,0.8952063359733222,1.216219277381357,,,,0.5194214204453113,0.5851872196283072,0.5851872196283072,0.7479799387015882,0.8631138975966562,0.7899073120494335,0.7273776546629732,0.8489828910144147,0.8082595870206489,6.5,10.732142857142858,82.75,8.35218106672913,0.8631138975966562,24.5,27.75,936,True,9.771957165909965e-08,HIGH_VOL,0.7285323835380391,HIGH_VOL,0.6047778641819621,1.4925373134328357
184_upper,184,2018-09-18 10:30:00-04:00,2018-10-16 10:30:00-04:00,2018-09-20 13:43:00+00:00,2018-09-20,2018,upper,NQZ8,7584.795092564204,7584.795092564204,clean,2018-09-20 19:59:00+00:00,20.795092564204424,2018-09-20 09:53:00-04:00,10,-28.704907435795576,2018-09-20 15:14:00-04:00,331,False,True,-16.204907435795576,376,9.795092564204424,-1.704907435795576,2.795092564204424,20.795092564204424,-1.704907435795576,3.295092564204424,20.795092564204424,-16.204907435795576,-10.454907435795576,20.795092564204424,-24.704907435795576,-9.954907435795576,20.795092564204424,-24.704907435795576,-13.704907435795576,20.795092564204424,-24.704907435795576,-3.954907435795576,20.795092564204424,-24.704907435795576,-19.704907435795576,20.795092564204424,-25.954907435795576,-12.704907435795576,20.795092564204424,-28.704907435795576,20.795092564204424,28.704907435795576,2018-09-20 09:43:00-04:00,6.25,6.75,21.5,24.75,75.25,5.732142857142857,7.375,9.142857142857142,9.625,4.405001045435914,3.349319922430722,2.5276030405888097,16.899999618530273,-0.0259366428268247,0.9174988477492704,1.2232691519868906,1.4151658767772513,2.008501742160279,2.529576970335264,2.8218131975719603,,,,0.9174988477492703,0.9945873927887418,1.0514084507042254,1.951916565081945,2.120668089176661,2.008081934090434,1.8130026809651474,2.1772083976121808,1.9402271368798565,6.75,9.625,75.25,8.060319472576754,2.120668089176661,30.0,32.75,943,True,6.189818369204634e-07,HIGH_VOL,1.0,HIGH_VOL,1.0,45.588235294117645
186_lower,186,2018-09-20 10:30:00-04:00,2018-10-18 10:30:00-04:00,2018-09-24 13:31:00+00:00,2018-09-24,2018,lower,NQZ8,7499.12113621541,7499.12113621541,clean,2018-09-24 19:59:00+00:00,84.87886378459007,2018-09-24 15:59:00-04:00,388,-25.371136215409933,2018-09-24 09:33:00-04:00,2,True,False,80.12886378459007,388,-1.1211362154099334,-25.371136215409933,-12.621136215409932,23.878863784590067,-25.371136215409933,21.878863784590067,37.62886378459007,-25.371136215409933,23.378863784590067,41.37886378459007,-25.371136215409933,35.37886378459007,41.37886378459007,-25.371136215409933,31.878863784590067,47.12886378459007,-25.371136215409933,33.62886378459007,68.37886378459007,-25.371136215409933,61.37886378459007,68.37886378459007,-25.371136215409933,54.37886378459007,84.87886378459007,-25.371136215409933,84.87886378459007,25.371136215409933,2018-09-24 09:31:00-04:00,6.25,11.75,9.25,12.0,90.0,3.928571428571429,5.357142857142857,7.25,10.642857142857142,1.1060248768977603,1.0031905212470718,0.9385609870318002,16.84000015258789,0.0395061333029413,1.5231078365706632,1.5003711340206185,1.8818661425468088,0.7096864111498258,0.6995466410221184,0.8981391657112621,,,,1.351359381964047,1.4496772651207268,1.560875160875161,0.5861632324162541,0.6994025135636289,0.7016190148122632,0.644330415534762,0.7270663033605813,0.7365999539912583,11.75,10.642857142857142,90.0,11.182735417981212,0.6994025135636289,24.75,28.5,931,True,1.9165527448083182e-07,HIGH_VOL,0.9803025458421776,HIGH_VOL,0.9774526761718333,13.043478260869565
194_lower,194,2018-10-02 10:30:00-04:00,2018-10-30 10:30:00-04:00,2018-10-04 13:40:00+00:00,2018-10-04,2018,lower,NQZ8,7588.947492919474,7588.947492919474,clean,2018-10-04 19:59:00+00:00,7.552507080526084,2018-10-04 09:55:00-04:00,15,-132.44749291947392,2018-10-04 14:21:00-04:00,281,False,True,-74.94749291947392,379,3.302507080526084,-9.947492919473916,0.3025070805260839,7.552507080526084,-12.197492919473916,5.302507080526084,7.552507080526084,-17.447492919473916,-15.447492919473916,7.552507080526084,-46.94749291947392,-39.69749291947392,7.552507080526084,-50.69749291947392,-40.19749291947392,7.552507080526084,-52.94749291947392,-37.69749291947392,7.552507080526084,-67.94749291947392,-59.94749291947392,7.552507080526084,-101.94749291947392,-82.69749291947392,7.552507080526084,-132.44749291947392,7.552507080526084,132.44749291947392,2018-10-04 09:40:00-04:00,6.75,10.0,19.0,19.75,62.25,6.517857142857143,8.178571428571429,12.285714285714286,14.196428571428571,2.7170415526922183,2.163190470030837,1.7723897450447508,17.5,-0.0028489595005202,1.2447844228094576,1.594122230880552,1.221426134425111,1.6285714285714286,1.8894009216589864,1.60530292622613,,,,1.109389525875426,1.089056201992547,1.1810309278350515,1.3451133878208819,1.3271622465784543,1.6049721859762378,0.9756776162268892,0.9772124589869208,1.178236601094673,10.0,14.196428571428571,62.25,11.914876655437341,1.3271622465784543,22.0,26.75,940,True,6.949419846050745e-07,HIGH_VOL,1.0,HIGH_VOL,1.0,50.0
192_lower,192,2018-09-28 10:30:00-04:00,2018-10-26 10:30:00-04:00,2018-10-04 13:41:00+00:00,2018-10-04,2018,lower,NQZ8,7579.776170458182,7579.776170458182,clean,2018-10-04 19:59:00+00:00,16.723829541818304,2018-10-04 09:55:00-04:00,14,-123.2761704581817,2018-10-04 14:21:00-04:00,280,False,True,-65.7761704581817,378,12.473829541818304,0.4738295418183043,6.223829541818304,16.723829541818304,-3.026170458181696,13.473829541818304,16.723829541818304,-13.276170458181696,-13.026170458181696,16.723829541818304,-37.776170458181696,-27.026170458181696,16.723829541818304,-41.526170458181696,-37.026170458181696,16.723829541818304,-43.776170458181696,-31.276170458181696,16.723829541818304,-58.776170458181696,-47.776170458181696,16.723829541818304,-92.7761704581817,-71.5261704581817,16.723829541818304,-123.2761704581817,16.723829541818304,123.2761704581817,2018-10-04 09:41:00-04:00,6.75,10.0,19.0,19.75,62.25,6.517857142857143,8.178571428571429,12.285714285714286,14.196428571428571,3.100537584418936,2.415034437318992,1.930903401939747,17.5,-0.0028489595005202,1.2447844228094576,1.594122230880552,1.221426134425111,1.6285714285714286,1.8894009216589864,1.60530292622613,,,,1.109389525875426,1.089056201992547,1.1810309278350515,1.3451133878208819,1.3271622465784543,1.6049721859762378,0.9756776162268892,0.9772124589869208,1.178236601094673,10.0,14.196428571428571,62.25,11.914876655437341,1.3271622465784543,22.0,26.75,941,True,6.949419846050745e-07,HIGH_VOL,1.0,HIGH_VOL,1.0,49.29577464788733
191_lower,191,2018-09-27 10:30:00-04:00,2018-10-25 10:30:00-04:00,2018-10-04 14:20:00+00:00,2018-10-04,2018,lower,NQZ8,7560.755566578939,7560.755566578939,clean,2018-10-04 19:59:00+00:00,1.7444334210613306,2018-10-04 10:21:00-04:00,1,-104.25556657893868,2018-10-04 14:21:00-04:00,241,False,True,-46.75556657893867,339,1.7444334210613306,-18.75556657893867,-11.50556657893867,1.7444334210613306,-22.50556657893867,-14.25556657893867,1.7444334210613306,-24.75556657893867,-5.255566578938669,1.7444334210613306,-24.75556657893867,-2.7555665789386694,1.7444334210613306,-24.75556657893867,-13.00556657893867,1.7444334210613306,-45.50556657893867,-44.25556657893867,1.7444334210613306,-59.00556657893867,-55.00556657893867,1.7444334210613306,-81.25556657893867,-80.25556657893867,1.7444334210613306,-104.25556657893868,1.7444334210613306,104.25556657893868,2018-10-04 10:20:00-04:00,26.75,56.0,56.25,56.25,62.25,12.857142857142858,12.196428571428571,12.178571428571429,14.839285714285714,3.916541850159817,3.264628844247028,2.611653561982862,17.5,-0.0028489595005202,1.4214114447267652,1.4691646861909209,1.3699931877171954,1.4454997663083395,1.4680567916931553,1.3296227486987364,,,,1.359105529701615,1.151327613194968,1.3699931877171954,1.3109237336885766,1.130073927142941,1.3296227486987364,1.32195410647513,1.1606145416327158,1.3335051966025346,56.0,14.839285714285714,62.25,28.827070610799147,1.130073927142941,21.0,28.5,980,True,8.414833536436657e-07,HIGH_VOL,1.0,HIGH_VOL,0.9999999999999967,55.55555555555556
190_lower,190,2018-09-26 10:30:00-04:00,2018-10-24 10:30:00-04:00,2018-10-04 14:25:00+00:00,2018-10-04,2018,lower,NQZ8,7545.196349324198,7545.196349324198,clean,2018-10-04 19:59:00+00:00,15.053650675801691,2018-10-04 11:04:00-04:00,39,-88.69634932419831,2018-10-04 14:21:00-04:00,236,False,True,-31.19634932419831,334,13.053650675801691,0.5536506758016912,5.803650675801691,13.053650675801691,-6.946349324198309,3.5536506758016912,13.053650675801691,-9.196349324198309,6.053650675801691,15.053650675801691,-9.196349324198309,6.053650675801691,15.053650675801691,-9.196349324198309,4.303650675801691,15.053650675801691,-29.94634932419831,-19.94634932419831,15.053650675801691,-58.19634932419831,-55.94634932419831,15.053650675801691,-66.94634932419831,-58.44634932419831,15.053650675801691,-88.69634932419831,15.053650675801691,88.69634932419831,2018-10-04 10:25:00-04:00,26.75,56.0,56.25,56.25,62.25,13.517857142857142,12.196428571428571,12.178571428571429,14.839285714285714,4.057795977610686,3.3880892117668693,2.70948919078805,17.5,-0.0028489595005202,1.4214114447267652,1.4691646861909209,1.3699931877171954,1.4454997663083395,1.4680567916931553,1.3296227486987364,,,,1.359105529701615,1.151327613194968,1.3699931877171954,1.3109237336885766,1.130073927142941,1.3296227486987364,1.32195410647513,1.1606145416327158,1.3335051966025346,56.0,14.839285714285714,62.25,28.827070610799147,1.130073927142941,21.0,28.5,985,True,9.208886914867656e-07,HIGH_VOL,1.0,HIGH_VOL,1.0,57.534246575342465
198_lower,198,2018-10-08 10:30:00-04:00,2018-11-05 10:30:00-05:00,2018-10-10 13:50:00+00:00,2018-10-10,2018,lower,NQZ8,7286.224538054712,7286.224538054712,clean,2018-10-10 19:59:00+00:00,11.275461945288043,2018-10-10 09:51:00-04:00,1,-223.724538054712,2018-10-10 15:56:00-04:00,366,False,True,-214.724538054712,369,11.275461945288043,-13.474538054711957,-12.974538054711957,11.275461945288043,-55.72453805471196,-36.47453805471196,11.275461945288043,-55.72453805471196,-16.474538054711957,11.275461945288043,-55.72453805471196,-27.47453805471196,11.275461945288043,-55.72453805471196,-11.974538054711957,11.275461945288043,-80.22453805471196,-74.72453805471196,11.275461945288043,-84.97453805471196,-39.72453805471196,11.275461945288043,-84.97453805471196,-49.97453805471196,11.275461945288043,-223.724538054712,11.275461945288043,223.724538054712,2018-10-10 09:50:00-04:00,53.75,14.25,23.5,32.5,118.75,12.071428571428571,10.357142857142858,12.446428571428571,14.785714285714286,6.204286826614694,4.753217125763478,3.5976368252401243,21.6200008392334,-0.0256872321363568,1.9149860917941584,1.879051518253156,1.8169072164948452,2.537242847008749,2.7037923648733777,2.900195959186432,,,,1.6588855421686748,1.61132241076653,1.6754125789033387,2.304553264604811,2.4373899710375375,2.5033537474482355,1.229222760725184,1.2311564564699538,1.287762681585257,14.25,14.785714285714286,118.75,14.515385925679984,2.4373899710375375,45.75,45.5,950,True,1.854094508823998e-06,HIGH_VOL,1.0,HIGH_VOL,1.0,85.13513513513513
199_lower,199,2018-10-09 10:30:00-04:00,2018-11-06 10:30:00-05:00,2018-10-10 13:50:00+00:00,2018-10-10,2018,lower,NQZ8,7283.018140223528,7283.018140223528,clean,2018-10-10 19:59:00+00:00,14.481859776472447,2018-10-10 09:51:00-04:00,1,-220.51814022352755,2018-10-10 15:56:00-04:00,366,False,True,-211.51814022352755,369,14.481859776472447,-10.268140223527553,-9.768140223527553,14.481859776472447,-52.51814022352755,-33.26814022352755,14.481859776472447,-52.51814022352755,-13.268140223527553,14.481859776472447,-52.51814022352755,-24.268140223527556,14.481859776472447,-52.51814022352755,-8.768140223527553,14.481859776472447,-77.01814022352755,-71.51814022352755,14.481859776472447,-81.76814022352755,-36.51814022352755,14.481859776472447,-81.76814022352755,-46.76814022352755,14.481859776472447,-220.51814022352755,14.481859776472447,220.51814022352755,2018-10-10 09:50:00-04:00,53.75,14.25,23.5,32.5,118.75,12.071428571428571,10.357142857142858,12.446428571428571,14.785714285714286,6.204286826614694,4.753217125763478,3.5976368252401243,21.6200008392334,-0.0256872321363568,1.9149860917941584,1.879051518253156,1.8169072164948452,2.537242847008749,2.7037923648733777,2.900195959186432,,,,1.6588855421686748,1.61132241076653,1.6754125789033387,2.304553264604811,2.4373899710375375,2.5033537474482355,1.229222760725184,1.2311564564699538,1.287762681585257,14.25,14.785714285714286,118.75,14.515385925679984,2.4373899710375375,45.75,45.5,950,True,1.854094508823998e-06,HIGH_VOL,1.0,HIGH_VOL,1.0,84.0
203_lower,203,2018-10-15 10:30:00-04:00,2018-11-12 10:30:00-05:00,2018-10-23 13:30:00+00:00,2018-10-23,2018,lower,NQZ8,7000.761047057629,7000.761047057629,clean,2018-10-23 19:59:00+00:00,163.23895294237082,2018-10-23 15:26:00-04:00,356,-56.76104705762919,2018-10-23 10:18:00-04:00,48,True,False,131.48895294237082,389,37.738952942370815,1.7389529423708154,27.988952942370812,48.488952942370815,1.7389529423708154,12.988952942370815,48.488952942370815,1.7389529423708154,14.238952942370815,48.488952942370815,-50.26104705762919,-47.01104705762919,48.488952942370815,-56.76104705762919,-23.011047057629185,48.488952942370815,-56.76104705762919,-18.261047057629185,48.488952942370815,-56.76104705762919,17.988952942370815,57.488952942370815,-56.76104705762919,56.988952942370815,163.23895294237082,-56.76104705762919,163.23895294237082,56.76104705762919,2018-10-23 09:30:00-04:00,17.0,27.5,20.5,48.5,153.5,10.785714285714286,17.232142857142858,21.071428571428573,26.821428571428573,2.837576370811846,2.7531318616134914,2.6507628335577347,25.15999984741211,-0.0236709584600642,1.79803328290469,1.8868823179202223,2.7817437097717965,1.395872801082544,1.587427384295772,2.185140073081608,,,,1.7527882754170891,1.8868823179202223,2.3013433377707853,1.348167026073319,1.587427384295772,1.8984126984126983,2.300233644859813,2.3379591836734694,2.5227418321588724,27.5,26.821428571428573,153.5,27.158595061495465,1.587427384295772,49.75,49.25,930,True,5.541888529762005e-07,HIGH_VOL,0.9999999936690409,HIGH_VOL,0.9999999429909535,42.10526315789473
217_lower,217,2018-11-02 10:30:00-04:00,2018-11-30 10:30:00-05:00,2018-11-05 14:44:00+00:00,2018-11-05,2018,lower,NQZ8,6903.866612075746,6903.866612075746,clean,2018-11-05 20:59:00+00:00,54.38338792425384,2018-11-05 14:52:00-05:00,308,-38.86661207574616,2018-11-05 10:23:00-05:00,39,True,False,39.13338792425384,375,12.88338792425384,-5.616612075746161,1.3833879242538387,16.13338792425384,-5.616612075746161,1.1333879242538387,16.13338792425384,-31.61661207574616,-26.36661207574616,16.13338792425384,-38.86661207574616,-30.86661207574616,16.13338792425384,-38.86661207574616,-18.11661207574616,19.63338792425384,-38.86661207574616,4.383387924253839,19.63338792425384,-38.86661207574616,-18.11661207574616,19.63338792425384,-38.86661207574616,-11.11661207574616,54.38338792425384,-38.86661207574616,54.38338792425384,38.86661207574616,2018-11-05 09:44:00-05:00,8.25,9.25,17.75,36.25,232.0,8.321428571428571,10.285714285714286,13.75,17.589285714285715,4.294476762080685,3.40197114657272,2.730451647234092,26.64999961853028,0.0202909173915799,0.563791435856854,0.6033403904963538,0.6111905442760461,0.8861128947522036,0.9828741623231572,0.9828741623231572,1.6150583244962884,1.7111398236054154,2.074507934345842,0.5243702976774616,0.547239054365452,0.5910222140289427,0.7697573590933293,0.7931034482758621,0.8861128947522036,0.6023810465530198,0.6508547008547009,0.8235993943326844,9.25,17.589285714285715,232.0,12.755426016293727,0.7931034482758621,56.75,49.25,944,True,2.520773794674618e-06,HIGH_VOL,1.0,HIGH_VOL,1.0,90.9090909090909
220_lower,220,2018-11-07 10:30:00-05:00,2018-12-06 10:30:00-05:00,2018-11-12 14:32:00+00:00,2018-11-12,2018,lower,NQZ8,6976.819470200613,6976.819470200613,clean,2018-11-12 20:59:00+00:00,1.4305297993869317,2018-11-12 09:33:00-05:00,1,-151.06947020061307,2018-11-12 11:33:00-05:00,121,False,True,-138.56947020061307,387,1.4305297993869317,-31.81947020061307,-23.81947020061307,1.4305297993869317,-46.81947020061307,-40.81947020061307,1.4305297993869317,-62.56947020061307,-61.06947020061307,1.4305297993869317,-66.06947020061307,-53.06947020061307,1.4305297993869317,-69.06947020061307,-58.06947020061307,1.4305297993869317,-115.56947020061308,-112.56947020061308,1.4305297993869317,-149.06947020061307,-139.31947020061307,1.4305297993869317,-151.06947020061307,-101.81947020061308,1.4305297993869317,-151.06947020061307,1.4305297993869317,151.06947020061307,2018-11-12 09:32:00-05:00,14.5,19.5,41.75,31.0,177.25,6.25,11.75,17.053571428571427,21.660714285714285,2.4856708507106653,2.2588991114784776,2.090843690679544,24.270000457763672,0.0616797817045389,1.1319257993653893,1.0528406833531982,1.0248052593779349,1.51034255599473,1.4887662337662335,1.5305073431241656,0.966499860995274,0.9796752263200535,1.5623841357227122,0.7690713101160862,0.8113191042687193,0.8155280049239426,1.214289497378317,1.4048406862745098,1.3383340143599323,0.5500138432939129,0.7520008652390223,0.7614719088818311,19.5,21.660714285714285,177.25,20.551981134952136,1.4048406862745098,54.0,50.75,932,True,4.458818446276095e-07,HIGH_VOL,0.9999920711002004,HIGH_VOL,0.9999243315853474,28.205128205128204
227_lower,227,2018-11-16 10:30:00-05:00,2018-12-17 10:30:00-05:00,2018-11-19 15:34:00+00:00,2018-11-19,2018,lower,NQZ8,6729.6333303671845,6729.6333303671845,clean,2018-11-19 20:59:00+00:00,46.8666696328155,2018-11-19 10:53:00-05:00,19,-97.3833303671845,2018-11-19 15:53:00-05:00,319,False,True,-76.8833303671845,325,15.6166696328155,-5.883330367184499,13.6166696328155,26.3666696328155,-5.883330367184499,24.8666696328155,46.8666696328155,-5.883330367184499,26.6166696328155,46.8666696328155,-5.883330367184499,11.3666696328155,46.8666696328155,-18.3833303671845,-11.6333303671845,46.8666696328155,-50.6333303671845,-46.8833303671845,46.8666696328155,-60.1333303671845,-53.8833303671845,46.8666696328155,-81.6333303671845,-70.8833303671845,46.8666696328155,-97.3833303671845,46.8666696328155,97.3833303671845,2018-11-19 10:34:00-05:00,41.75,61.5,76.75,99.75,108.75,19.446428571428573,19.267857142857142,24.196428571428573,21.0,4.955173050488327,4.304021876907189,3.5850322052919257,24.3799991607666,-0.0641074904109051,1.1828782374311495,1.1674522164069052,1.1674522164069052,1.0377612775263183,0.9732662405799868,0.980179531057672,1.073247932475062,1.2264271578626884,1.5055089623417202,1.1065715303726578,1.0819680917585264,1.044065166795966,0.9149884256015605,0.898020706120518,0.8949780701754386,0.9104634815588314,0.9097848966944015,0.9092099204593674,61.5,21.0,108.75,35.937445652132816,0.898020706120518,31.25,37.0,994,True,4.035921369116529e-06,HIGH_VOL,1.0,HIGH_VOL,1.0,100.0
214_lower,214,2018-10-30 10:30:00-04:00,2018-11-27 10:30:00-05:00,2018-11-20 13:40:00+00:00,2018-11-20,2018,lower,NQZ8,6537.816155755429,6537.816155755429,clean,2018-11-20 20:59:00+00:00,87.43384424457145,2018-11-20 12:04:00-05:00,204,-88.31615575542855,2018-11-20 10:15:00-05:00,95,True,False,-1.8161557554285537,439,1.1838442445714463,-14.816155755428554,-14.066155755428554,1.1838442445714463,-20.066155755428557,-15.066155755428554,1.1838442445714463,-27.316155755428557,-26.816155755428557,1.1838442445714463,-34.066155755428554,-23.316155755428557,13.183844244571446,-54.81615575542856,1.6838442445714463,20.183844244571446,-61.31615575542856,-50.56615575542856,37.183844244571446,-88.31615575542855,34.683844244571446,76.93384424457145,-88.31615575542855,56.433844244571446,87.43384424457145,-88.31615575542855,87.43384424457145,88.31615575542855,2018-11-20 08:40:00-05:00,16.75,20.5,54.25,64.25,302.25,11.732142857142858,17.803571428571427,23.0,23.267857142857142,3.2390300107675696,3.060246547874988,2.8324669897884065,27.440000534057617,0.1255127759895622,1.984297304370584,1.915734950413745,1.915734950413745,3.1740606344375517,3.0326007940502158,2.8677489291946485,2.9284963887065003,3.023386659436009,3.142132516115397,1.486229540331275,1.5162483751624838,1.6470077115238406,2.701469489414695,2.240251156642432,2.2592901183136145,2.3957135951012516,2.0043591587273055,2.1286211998281868,20.5,23.267857142857142,302.25,21.840125261283905,2.240251156642432,97.0,76.75,880,True,7.673128203303996e-07,HIGH_VOL,0.9999992302174061,HIGH_VOL,0.9999944240962373,52.5
229_upper,229,2018-11-20 10:30:00-05:00,2018-12-19 10:30:00-05:00,2018-11-21 14:31:00+00:00,2018-11-21,2018,upper,NQZ8,6638.488855974993,6638.488855974993,clean,2018-11-21 20:59:00+00:00,67.48885597499338,2018-11-21 09:51:00-05:00,20,-9.261144025006615,2018-11-21 11:22:00-05:00,111,False,True,54.988855974993385,388,27.988855974993385,-6.261144025006615,26.488855974993385,49.488855974993385,-6.261144025006615,32.488855974993385,67.48885597499338,-6.261144025006615,18.488855974993385,67.48885597499338,-6.261144025006615,30.738855974993385,67.48885597499338,-6.261144025006615,19.738855974993385,67.48885597499338,-6.261144025006615,35.488855974993385,67.48885597499338,-9.261144025006615,1.9888559749933847,67.48885597499338,-9.261144025006615,21.488855974993385,67.48885597499338,-9.261144025006615,67.48885597499338,9.261144025006615,2018-11-21 09:31:00-05:00,13.0,17.25,25.0,57.5,220.5,7.857142857142857,16.375,24.142857142857142,27.892857142857142,2.913712705430516,2.978682575542523,2.979524988317161,28.770000457763672,0.0484693840313634,1.068981787298292,1.2545545157539175,1.0312243969048702,1.310232843137255,1.356186972791273,1.278467011449583,2.259199522102748,2.5636523861171367,2.618409665247343,0.9908160587772238,0.9133274207852938,0.9668003755227448,1.0302329503023295,0.9848924508313758,1.117189132706374,2.031422893054735,1.6995775660614776,1.6995775660614776,17.25,27.892857142857142,220.5,21.935172342935573,0.9848924508313758,58.25,52.25,931,True,4.261104217471477e-07,HIGH_VOL,0.9999952133188833,HIGH_VOL,0.9999468036329789,24.691358024691358
230_lower,230,2018-11-21 10:30:00-05:00,2018-12-20 10:30:00-05:00,2018-11-23 13:43:00+00:00,2018-11-23,2018,lower,NQZ8,6499.389445867615,6499.389445867615,clean,2018-11-23 20:59:00+00:00,102.110554132385,2018-11-23 09:57:00-05:00,74,3.1105541323850048,2018-11-23 08:46:00-05:00,3,True,False,31.110554132385005,271,13.110554132385005,3.1105541323850048,12.610554132385005,19.360554132385005,3.1105541323850048,18.610554132385005,28.610554132385005,3.1105541323850048,20.610554132385005,33.610554132385005,3.1105541323850048,31.360554132385005,83.860554132385,3.1105541323850048,79.610554132385,102.110554132385,3.1105541323850048,72.360554132385,102.110554132385,3.1105541323850048,61.360554132385005,102.110554132385,3.1105541323850048,62.610554132385005,102.110554132385,3.1105541323850048,102.110554132385,0.0,2018-11-23 08:43:00-05:00,8.5,16.25,17.5,19.5,91.5,5.982142857142857,11.267857142857142,15.946428571428571,18.303571428571427,2.94751103634161,2.4856573279665946,2.195799912186699,26.959999084472656,-0.0629128030758365,0.4498717792160215,0.5126991858604133,0.443401335981224,0.6931991103827695,0.7107963752025446,0.6059551826460657,0.6494164280995376,0.7774335991563962,0.7991599200569086,0.37568835406893736,0.3540605478135512,0.4001303356142066,0.5899875466998755,0.493417763706049,0.493417763706049,0.6476692472409817,0.5629742757600343,0.5629742757600343,16.25,18.303571428571427,91.5,17.246247003747964,0.493417763706049,22.5,26.75,883,True,1.685623946907312e-06,HIGH_VOL,0.9999999999999744,HIGH_VOL,0.9998884887138715,79.26829268292683
232_upper,232,2018-11-23 10:30:00-05:00,2018-12-24 10:30:00-05:00,2018-11-26 14:59:00+00:00,2018-11-26,2018,upper,NQZ8,6655.437697558632,6655.437697558632,clean,2018-11-26 20:59:00+00:00,59.18769755863195,2018-11-26 12:36:00-05:00,157,-31.812302441368047,2018-11-26 15:55:00-05:00,356,False,True,-29.812302441368047,360,5.187697558631953,-10.562302441368049,-0.8123024413680469,14.937697558631951,-10.562302441368049,3.187697558631953,26.187697558631957,-10.562302441368049,17.187697558631953,26.187697558631957,-10.562302441368049,12.187697558631951,29.437697558631957,-10.562302441368049,1.9376975586319527,29.437697558631957,-10.562302441368049,9.187697558631951,37.18769755863195,-10.562302441368049,21.937697558631957,59.18769755863195,-10.562302441368049,35.43769755863195,59.18769755863195,-31.812302441368047,59.18769755863195,31.812302441368047,2018-11-26 09:59:00-05:00,34.25,11.25,18.75,16.75,106.5,10.285714285714286,9.428571428571429,14.464285714285714,17.732142857142858,3.8076644281990433,3.122949692479337,2.5831564638682365,27.93000030517578,0.0359792749867631,0.7898652291105122,0.8387429160226687,0.8629991754034633,0.6471212121212121,0.8126466670894907,0.832012987012987,1.0096361282899469,0.9517353579175704,0.9891155024833562,0.6467161016949152,0.6408327501749476,0.6408327501749476,0.6471212121212121,0.6161577302236114,0.6471212121212121,0.7729574983483815,0.7400379506641366,0.7400379506641366,11.25,17.732142857142858,106.5,14.123972781864781,0.6161577302236114,27.5,30.25,959,True,1.6202101214352533e-06,HIGH_VOL,1.0,HIGH_VOL,0.9999999846008135,78.3132530120482
234_lower,234,2018-11-27 10:30:00-05:00,2018-12-27 10:30:00-05:00,2018-12-17 14:53:00+00:00,2018-12-17,2018,lower,NQH9,6528.160513975401,6528.160513975401,clean,2018-12-17 20:59:00+00:00,120.83948602459895,2018-12-17 12:05:00-05:00,132,-104.91051397540105,2018-12-17 15:49:00-05:00,356,False,True,-47.910513975401045,366,25.339486024598955,-3.160513975401045,24.089486024598955,36.08948602459896,-3.160513975401045,30.339486024598955,71.83948602459895,-3.160513975401045,52.33948602459896,78.83948602459895,-3.160513975401045,42.33948602459896,78.83948602459895,-3.160513975401045,61.83948602459896,109.58948602459895,-3.160513975401045,97.83948602459895,109.58948602459895,-3.160513975401045,89.58948602459895,120.83948602459895,-3.160513975401045,43.33948602459896,120.83948602459895,-104.91051397540105,120.83948602459895,104.91051397540105,2018-12-17 09:53:00-05:00,67.25,19.0,28.5,30.0,179.0,13.285714285714286,11.839285714285714,15.928571428571429,18.035714285714285,4.8018100567870405,3.934378012331203,3.176968492894692,27.6200008392334,0.0705426998446767,0.7846799161090582,0.8769462581617278,1.04962928328101,1.0027577256874036,0.9217864598866686,0.983453981385729,0.8053664397276732,0.7603599516031458,0.8282195955685515,0.7565719788155995,0.734367697915693,0.7271633503007867,0.7004135743017392,0.6861471861471862,0.6861471861471862,0.6319924575738529,0.6478528397925325,0.6094493438797467,19.0,18.035714285714285,179.0,18.511579387739214,0.6861471861471862,43.75,42.75,953,True,2.4681957416364513e-06,HIGH_VOL,1.0,HIGH_VOL,1.0,88.09523809523809
528_lower,528,2020-01-22 10:30:00-05:00,2020-02-19 10:30:00-05:00,2020-01-23 14:35:00+00:00,2020-01-23,2020,lower,NQH0,9157.475099792831,9157.475099792831,clean,2020-01-23 20:59:00+00:00,76.27490020716687,2020-01-23 15:50:00-05:00,375,-3.4750997928331344,2020-01-23 09:36:00-05:00,1,True,False,70.02490020716687,384,17.274900207166866,-3.4750997928331344,15.024900207166866,20.274900207166866,-3.4750997928331344,20.024900207166866,37.02490020716687,-3.4750997928331344,35.774900207166866,46.52490020716687,-3.4750997928331344,37.52490020716687,57.52490020716687,-3.4750997928331344,52.27490020716687,57.52490020716687,-3.4750997928331344,28.524900207166866,57.52490020716687,-3.4750997928331344,31.024900207166866,57.52490020716687,-3.4750997928331344,43.77490020716687,76.27490020716687,-3.4750997928331344,76.27490020716687,3.4750997928331344,2020-01-23 09:35:00-05:00,13.5,14.25,17.75,19.0,79.75,7.107142857142857,8.714285714285714,11.142857142857142,16.089285714285715,2.8427205155215503,2.308012021659932,1.922207815954086,16.489999771118164,0.0166461448331487,1.6988538681948424,1.6469444444444443,2.2473230361034777,1.7688660990712075,1.6984532491058573,2.4230335961831555,1.33482411628107,1.2484414591963962,1.6509760119142598,1.4162187985190493,1.518504289921885,1.5712203524579302,1.4281362287142634,1.6334316090413652,1.7688660990712075,1.1242303513219847,1.1725596857056513,1.33482411628107,14.25,16.089285714285715,79.75,15.141741030296728,1.6334316090413652,29.0,33.0,935,True,2.349545156438424e-07,HIGH_VOL,1.0,HIGH_VOL,1.0,17.647058823529413
519_lower,519,2020-01-09 10:30:00-05:00,2020-02-06 10:30:00-05:00,2020-01-27 14:30:00+00:00,2020-01-27,2020,lower,NQH0,8937.7482854863,8937.7482854863,clean,2020-01-27 20:59:00+00:00,73.50171451370079,2020-01-27 12:48:00-05:00,198,-3.99828548629921,2020-01-27 09:31:00-05:00,1,True,False,23.25171451370079,389,29.25171451370079,-3.99828548629921,18.25171451370079,45.25171451370079,-3.99828548629921,43.50171451370079,52.75171451370079,-3.99828548629921,37.25171451370079,52.75171451370079,-3.99828548629921,37.50171451370079,56.50171451370079,-3.99828548629921,49.75171451370079,56.50171451370079,-3.99828548629921,27.75171451370079,56.50171451370079,-3.99828548629921,27.50171451370079,70.25171451370079,-3.99828548629921,62.00171451370079,73.50171451370079,-3.99828548629921,73.50171451370079,3.99828548629921,2020-01-27 09:30:00-05:00,27.0,35.5,21.25,56.25,177.75,9.714285714285714,16.803571428571427,25.267857142857142,37.07142857142857,3.0551770872893766,2.9289550022817563,2.8764799572254134,18.06999969482422,0.1133703145092237,3.24609375,2.63073792115776,3.273494653911086,2.348505567493651,2.3340290248992863,2.5372236585237165,4.135766170875129,4.124531068086758,4.765206994470184,2.1841051314142677,2.1841051314142677,2.3123095269643565,1.878144039993751,1.9722746288245427,2.3262383900928794,3.464396957624049,3.5228344136711844,4.135766170875129,35.5,37.07142857142857,177.75,36.277206539171594,1.9722746288245427,60.0,57.0,930,True,2.3126999866046703e-07,HIGH_VOL,1.0,HIGH_VOL,0.9994115480469289,17.441860465116278
531_upper,531,2020-01-27 10:30:00-05:00,2020-02-24 10:30:00-05:00,2020-01-28 15:25:00+00:00,2020-01-28,2020,upper,NQH0,9053.02925865888,9053.02925865888,clean,2020-01-28 20:59:00+00:00,4.529258658880281,2020-01-28 10:30:00-05:00,5,-66.47074134111972,2020-01-28 15:30:00-05:00,305,False,True,-45.22074134111972,334,4.529258658880281,-4.470741341119719,2.529258658880281,4.529258658880281,-13.97074134111972,-11.97074134111972,4.529258658880281,-25.47074134111972,-17.72074134111972,4.529258658880281,-25.47074134111972,-12.72074134111972,4.529258658880281,-33.72074134111972,-30.97074134111972,4.529258658880281,-40.47074134111972,-38.22074134111972,4.529258658880281,-52.97074134111972,-50.97074134111972,4.529258658880281,-53.97074134111972,-40.47074134111972,4.529258658880281,-66.47074134111972,4.529258658880281,66.47074134111972,2020-01-28 10:25:00-05:00,21.5,38.75,38.75,38.75,151.5,12.125,14.303571428571429,17.678571428571427,23.875,3.6441384145432343,3.2001240877288986,2.7995937698727604,21.459999084472656,0.1876037325346182,1.1714243455110191,1.2045830939263866,1.2045830939263866,1.176481754596031,1.209154691779537,1.209154691779537,1.2581268022509875,1.254509297258955,1.254509297258955,1.1279016409006757,1.0897416297202263,1.1714243455110191,1.1382052948323114,1.0631399767761005,1.1704826103379145,1.144903243705639,1.0851192041370847,1.2263165063209638,38.75,23.875,151.5,30.416381277199957,1.0631399767761005,43.5,45.0,985,True,3.5301931189907413e-07,HIGH_VOL,1.0,HIGH_VOL,1.0,24.137931034482758
535_upper,535,2020-01-31 10:30:00-05:00,2020-02-28 10:30:00-05:00,2020-02-04 15:40:00+00:00,2020-02-04,2020,upper,NQH0,9289.789046206855,9289.789046206855,clean,2020-02-04 20:59:00+00:00,10.289046206857163,2020-02-04 10:57:00-05:00,17,-69.96095379314283,2020-02-04 15:48:00-05:00,308,False,True,-50.96095379314284,319,4.289046206857165,-5.960953793142835,2.539046206857165,7.789046206857165,-5.960953793142835,0.039046206857165,10.289046206857163,-5.960953793142835,-2.710953793142835,10.289046206857163,-17.960953793142835,-15.210953793142837,10.289046206857163,-35.960953793142835,-31.710953793142835,10.289046206857163,-39.46095379314284,-35.460953793142835,10.289046206857163,-43.21095379314284,-34.460953793142835,10.289046206857163,-43.21095379314284,-36.46095379314284,10.289046206857163,-69.96095379314283,10.289046206857163,69.96095379314283,2020-02-04 10:40:00-05:00,29.0,29.0,49.0,49.0,180.75,18.160714285714285,16.25,19.375,27.375,3.922316891279769,3.66279245607619,3.185529090317956,20.39999961853028,-0.0436005770512063,0.9850367740299264,1.223596125068914,1.3512698596776065,1.301979982277488,1.3054028270352542,1.3020272675106956,1.3547458162298704,1.358641130870953,1.3235604420012217,0.9850367740299264,1.1734729845410141,1.2217998794138465,1.1261088076391506,1.1365619214283902,1.1826638868362715,1.156550898720119,1.1576930756652617,1.1751906389692348,29.0,27.375,180.75,28.17578747790379,1.1365619214283902,51.5,49.75,1000,True,8.639935260026202e-07,HIGH_VOL,1.0,HIGH_VOL,1.0,54.54545454545454
528_upper,528,2020-01-22 10:30:00-05:00,2020-02-19 10:30:00-05:00,2020-02-04 15:42:00+00:00,2020-02-04,2020,upper,NQH0,9294.399900207169,9294.399900207169,clean,2020-02-04 20:59:00+00:00,14.899900207166866,2020-02-04 10:57:00-05:00,15,-65.35009979283313,2020-02-04 15:48:00-05:00,306,False,True,-46.350099792833134,317,8.899900207166866,-1.3500997928331344,6.899900207166866,14.899900207166866,-1.3500997928331344,11.149900207166866,14.899900207166866,-3.3500997928331344,1.3999002071668656,14.899900207166866,-14.100099792833134,-11.850099792833134,14.899900207166866,-31.35009979283313,-28.10009979283313,14.899900207166866,-37.100099792833134,-36.350099792833134,14.899900207166866,-38.600099792833134,-29.35009979283313,14.899900207166866,-38.600099792833134,-30.35009979283313,14.899900207166866,-65.35009979283313,14.899900207166866,65.35009979283313,2020-02-04 10:42:00-05:00,29.0,29.0,49.0,49.0,180.75,18.160714285714285,16.25,19.375,27.375,3.883632887671359,3.647986943758669,3.1828580292996778,20.39999961853028,-0.0436005770512063,0.9850367740299264,1.223596125068914,1.3512698596776065,1.301979982277488,1.3054028270352542,1.3020272675106956,1.3547458162298704,1.358641130870953,1.3235604420012217,0.9850367740299264,1.1734729845410141,1.2217998794138465,1.1261088076391506,1.1365619214283902,1.1826638868362715,1.156550898720119,1.1576930756652617,1.1751906389692348,29.0,27.375,180.75,28.17578747790379,1.1365619214283902,51.5,49.75,1002,True,8.639935260026202e-07,HIGH_VOL,1.0,HIGH_VOL,1.0,53.93258426966292
545_upper,545,2020-02-14 10:30:00-05:00,2020-03-13 10:30:00-04:00,2020-02-19 14:36:00+00:00,2020-02-19,2020,upper,NQH0,9706.908512159982,9706.908512159982,clean,2020-02-19 20:59:00+00:00,10.65851215998191,2020-02-19 09:37:00-05:00,1,-41.84148784001809,2020-02-19 14:44:00-05:00,308,False,True,-21.34148784001809,383,10.65851215998191,-4.34148784001809,-3.0914878400180896,10.65851215998191,-4.84148784001809,-1.8414878400180896,10.65851215998191,-10.34148784001809,-7.59148784001809,10.65851215998191,-14.09148784001809,-11.84148784001809,10.65851215998191,-16.34148784001809,-9.34148784001809,10.65851215998191,-25.34148784001809,-23.59148784001809,10.65851215998191,-29.84148784001809,-29.34148784001809,10.65851215998191,-31.84148784001809,-30.09148784001809,10.65851215998191,-41.84148784001809,10.65851215998191,41.84148784001809,2020-02-19 09:36:00-05:00,6.5,14.25,8.75,23.25,120.25,4.696428571428571,7.053571428571429,9.785714285714286,13.446428571428571,3.022418601161116,2.2946985821186097,1.8086822392759447,19.1200008392334,0.0651810599757516,1.0291228475673178,1.008208321539768,1.0773697900913437,0.7403222431471019,0.6671066276986896,0.8179716399506781,1.0086923076923078,0.9714412712523612,0.9698605820790652,0.8899660203877673,0.8930004011231448,0.9800253122764541,0.5981740306582507,0.5962083976969527,0.6012405472002719,0.6453883256226006,0.654129149726885,0.8118750580441445,14.25,13.446428571428571,120.25,13.842384445710831,0.5962083976969527,30.0,32.5,936,True,1.235364503321488e-07,LOW_VOL,0.9562926642960868,MID_VOL,0.663745987687397,4.444444444444445
546_upper,546,2020-02-17 10:30:00-05:00,2020-03-16 10:30:00-04:00,2020-02-19 14:55:00+00:00,2020-02-19,2020,upper,NQH0,9717.242152893028,9717.242152893028,clean,2020-02-19 20:59:00+00:00,11.742152893028106,2020-02-19 10:13:00-05:00,18,-31.50784710697189,2020-02-19 14:44:00-05:00,289,False,True,-11.007847106971894,364,9.742152893028106,0.9921528930281056,4.742152893028106,9.742152893028106,0.9921528930281056,5.242152893028106,11.742152893028106,-6.007847106971894,-3.2578471069718944,11.742152893028106,-6.007847106971894,-0.0078471069718943,11.742152893028106,-6.007847106971894,-3.7578471069718944,11.742152893028106,-19.50784710697189,-16.007847106971894,11.742152893028106,-21.50784710697189,-16.507847106971894,11.742152893028106,-26.50784710697189,-21.75784710697189,11.742152893028106,-31.50784710697189,11.742152893028106,31.50784710697189,2020-02-19 09:55:00-05:00,30.25,14.25,8.75,23.25,120.25,7.285714285714286,7.107142857142857,9.785714285714286,13.446428571428571,2.97766154269532,2.4282410084410757,1.9533680191526888,19.1200008392334,0.0651810599757516,1.0291228475673178,1.008208321539768,1.0773697900913437,0.7403222431471019,0.6671066276986896,0.8179716399506781,1.0086923076923078,0.9714412712523612,0.9698605820790652,0.8899660203877673,0.8930004011231448,0.9800253122764541,0.5981740306582507,0.5962083976969527,0.6012405472002719,0.6453883256226006,0.654129149726885,0.8118750580441445,14.25,13.446428571428571,120.25,13.842384445710831,0.5962083976969527,30.0,32.5,955,True,2.4231597444704e-07,HIGH_VOL,0.9999842947088619,HIGH_VOL,0.9999458751797772,20.87912087912088
543_lower,543,2020-02-12 10:30:00-05:00,2020-03-11 10:30:00-04:00,2020-02-21 14:49:00+00:00,2020-02-21,2020,lower,NQH0,9489.09312293196,9489.09312293196,clean,2020-02-21 20:59:00+00:00,47.65687706803874,2020-02-21 12:05:00-05:00,136,-77.59312293196126,2020-02-21 13:55:00-05:00,246,False,True,-37.09312293196126,370,20.90687706803874,-6.593122931961261,19.40687706803874,34.65687706803874,-6.593122931961261,16.65687706803874,34.65687706803874,-6.593122931961261,15.15687706803874,41.65687706803874,-6.593122931961261,11.40687706803874,41.65687706803874,-16.34312293196126,2.906877068038739,41.65687706803874,-16.34312293196126,10.65687706803874,41.65687706803874,-16.34312293196126,20.40687706803874,47.65687706803874,-16.34312293196126,-1.5931229319612612,47.65687706803874,-77.59312293196126,47.65687706803874,77.59312293196126,2020-02-21 09:49:00-05:00,78.75,20.0,21.5,38.5,246.0,11.410714285714286,11.946428571428571,17.964285714285715,28.553571428571427,6.133588857804684,4.743011806606463,3.715799091977813,20.32999992370605,0.094187298556831,1.5144596651445967,1.5045946260323368,1.5045946260323368,1.174010167924819,1.1157802262161864,1.1157802262161864,1.809923076923077,1.802090912572282,1.692612042299115,1.301569732340511,1.3455037187288708,1.4235404171022945,0.8639532906297829,0.8614384626254062,0.8641002381222361,1.2432103983937441,1.1737210984461128,1.4899316109422491,20.0,28.553571428571427,246.0,23.897100840299196,0.8614384626254062,61.25,54.25,949,True,1.4138698414360364e-06,HIGH_VOL,1.0,HIGH_VOL,1.0,78.26086956521739
547_lower,547,2020-02-18 10:30:00-05:00,2020-03-17 10:30:00-04:00,2020-02-21 14:49:00+00:00,2020-02-21,2020,lower,NQH0,9500.395215374649,9500.395215374649,clean,2020-02-21 20:59:00+00:00,36.354784625351385,2020-02-21 12:05:00-05:00,136,-88.89521537464861,2020-02-21 13:55:00-05:00,246,False,True,-48.395215374648615,370,9.604784625351384,-17.895215374648615,8.104784625351385,23.354784625351385,-17.895215374648615,5.354784625351385,23.354784625351385,-17.895215374648615,3.854784625351385,30.354784625351385,-17.895215374648615,0.1047846253513853,30.354784625351385,-27.64521537464861,-8.395215374648615,30.354784625351385,-27.64521537464861,-0.6452153746486147,30.354784625351385,-27.64521537464861,9.104784625351384,36.354784625351385,-27.64521537464861,-12.895215374648616,36.354784625351385,-88.89521537464861,36.354784625351385,88.89521537464861,2020-02-21 09:49:00-05:00,78.75,20.0,21.5,38.5,246.0,11.410714285714286,11.946428571428571,17.964285714285715,28.553571428571427,6.133588857804684,4.743011806606463,3.715799091977813,20.32999992370605,0.094187298556831,1.5144596651445967,1.5045946260323368,1.5045946260323368,1.174010167924819,1.1157802262161864,1.1157802262161864,1.809923076923077,1.802090912572282,1.692612042299115,1.301569732340511,1.3455037187288708,1.4235404171022945,0.8639532906297829,0.8614384626254062,0.8641002381222361,1.2432103983937441,1.1737210984461128,1.4899316109422491,20.0,28.553571428571427,246.0,23.897100840299196,0.8614384626254062,61.25,54.25,949,True,1.4138698414360364e-06,HIGH_VOL,1.0,HIGH_VOL,1.0,77.41935483870968
555_lower,555,2020-02-28 10:30:00-05:00,2020-03-27 10:30:00-04:00,2020-03-09 13:30:00+00:00,2020-03-09,2020,lower,NQH0,7929.763238923582,7929.763238923582,clean,2020-03-09 19:59:00+00:00,310.4867610764177,2020-03-09 12:10:00-04:00,146,-109.76323892358232,2020-03-09 09:34:00-04:00,3,True,False,3.486761076417679,375,14.23676107641768,-109.76323892358232,-82.26323892358232,163.48676107641768,-109.76323892358232,140.73676107641768,229.23676107641768,-109.76323892358232,191.98676107641768,247.48676107641768,-109.76323892358232,161.23676107641768,247.48676107641768,-109.76323892358232,158.23676107641768,247.48676107641768,-109.76323892358232,164.48676107641768,265.9867610764177,-109.76323892358232,265.2367610764177,310.4867610764177,-109.76323892358232,183.98676107641768,310.4867610764177,-109.76323892358232,310.4867610764177,109.76323892358232,2020-03-09 09:30:00-04:00,0.0,0.0,0.0,0.0,416.0,0.0,0.1964285714285714,3.482142857142857,47.67857142857143,0.8349622521839056,1.4129049556825828,3.4599414711003176,43.970001220703125,0.0620772850266135,0.1,0.1,0.1,0.1,0.1,0.1,,,,0.1,0.1,0.1,0.1,0.1,0.1,0.1,0.1,0.1,0.0,47.67857142857143,416.0,0.0,0.1,49.25,36.0,930,True,4.915742622852689e-08,LOW_VOL,0.9994781902836718,LOW_VOL,0.9990626632073955,0.0
561_lower,561,2020-03-09 10:30:00-04:00,2020-04-06 10:30:00-04:00,2020-03-12 13:30:00+00:00,2020-03-12,2020,lower,NQH0,7595.5999259774835,7504.25,gap_through_close,2020-03-12 19:59:00+00:00,308.75,2020-03-12 13:05:00-04:00,202,-256.5,2020-03-12 15:59:00-04:00,376,False,True,-243.75,376,15.75,-61.25,-59.25,38.75,-177.0,38.75,67.75,-177.0,4.5,89.75,-177.0,31.5,89.75,-177.0,33.5,111.0,-177.0,-23.0,111.0,-177.0,-87.25,111.0,-178.75,-136.5,308.75,-256.5,308.75,256.5,2020-03-12 09:30:00-04:00,0.0,0.0,4.25,47.5,441.5,0.3035714285714285,19.375,43.410714285714285,108.96428571428572,2.01500990309904,3.5904976876458186,5.274884332376559,50.70000076293945,0.0689437157226169,0.1,0.1,0.1,0.1,0.1,0.1423487544483986,,,,0.1,0.1,0.1,0.1,0.1,0.1227023976048492,0.3818188872507178,0.5574847755275457,0.7563890703662427,0.0,108.96428571428572,441.5,0.0,0.1,51.75,37.0,930,True,2.774315982299187e-07,LOW_VOL,0.9997361850741497,LOW_VOL,0.9991025379759457,24.210526315789473
565_lower,565,2020-03-13 10:30:00-04:00,2020-04-13 10:30:00-04:00,2020-03-16 13:45:00+00:00,2020-03-16,2020,lower,NQM0,7253.384297299514,7253.384297299514,clean,2020-03-16 19:59:00+00:00,287.6157027004856,2020-03-16 11:25:00-04:00,100,-347.3842972995144,2020-03-16 15:59:00-04:00,374,False,True,-319.6342972995144,374,-112.8842972995144,-208.6342972995144,-128.1342972995144,37.6157027004856,-208.6342972995144,-10.8842972995144,37.6157027004856,-208.6342972995144,-26.8842972995144,43.6157027004856,-208.6342972995144,12.1157027004856,168.1157027004856,-208.6342972995144,131.3657027004856,237.8657027004856,-208.6342972995144,223.6157027004856,287.6157027004856,-208.6342972995144,168.6157027004856,287.6157027004856,-208.6342972995144,149.3657027004856,287.6157027004856,-347.3842972995144,287.6157027004856,347.3842972995144,2020-03-16 09:45:00-04:00,0.0,0.0,0.0,0.0,1035.5,11.410714285714286,0.0,0.0,27.071428571428573,24.91646038380545,20.771122236009,19.200319906607326,51.84000015258789,-0.2357364182046369,0.1,0.1,0.1,0.1,0.1,0.1,,,,0.1,0.1,0.1,0.1,0.1,0.1,0.1,0.1,0.1,0.0,27.071428571428573,1035.5,0.0,0.1,105.5,60.0,945,True,1.9405894510139799e-07,HIGH_VOL,1.0,HIGH_VOL,1.0,13.541666666666666
578_lower,578,2020-04-01 10:30:00-04:00,2020-04-30 10:30:00-04:00,2020-04-02 13:14:00+00:00,2020-04-02,2020,lower,NQM0,7388.1058233536705,7388.1058233536705,clean,2020-04-02 19:59:00+00:00,237.39417664632947,2020-04-02 15:56:00-04:00,402,-8.60582335367053,2020-04-02 09:15:00-04:00,1,True,False,229.39417664632947,405,18.39417664632947,-8.60582335367053,12.39417664632947,45.39417664632947,-8.60582335367053,45.39417664632947,132.64417664632947,-8.60582335367053,52.14417664632947,132.64417664632947,-8.60582335367053,82.89417664632947,140.39417664632947,-8.60582335367053,123.14417664632948,229.64417664632947,-8.60582335367053,173.39417664632947,229.64417664632947,-8.60582335367053,161.14417664632947,231.14417664632947,-8.60582335367053,217.89417664632947,237.39417664632947,-8.60582335367053,237.39417664632947,8.60582335367053,2020-04-02 09:14:00-04:00,38.5,132.25,145.0,60.0,369.25,27.696428571428573,32.607142857142854,33.089285714285715,42.17857142857143,8.628518555595724,7.483013361409683,6.282725171828106,54.290000915527344,0.0584909328611806,2.79458339499778,3.947940623039933,3.575987122431588,1.8193301573552765,2.5478898155168057,2.244634428711372,,,,2.79458339499778,2.534290699235002,1.4755802141126826,1.8193301573552765,1.7688960628816057,1.1956831119544593,0.8751671122994652,0.8443369609028617,0.7605838355965434,132.25,42.17857142857143,369.25,74.68678645803801,1.7688960628816057,106.75,90.0,914,True,4.072213058981901e-06,HIGH_VOL,1.0,HIGH_VOL,0.9999999999999971,100.0
583_upper,583,2020-04-08 10:30:00-04:00,2020-05-07 10:30:00-04:00,2020-04-09 13:43:00+00:00,2020-04-09,2020,upper,NQM0,8316.921889912834,8316.921889912834,clean,2020-04-09 19:59:00+00:00,164.67188991283365,2020-04-09 14:55:00-04:00,312,-9.328110087166351,2020-04-09 09:44:00-04:00,1,True,False,90.92188991283363,376,20.17188991283365,-9.328110087166351,12.671889912833649,41.92188991283365,-9.328110087166351,8.671889912833649,98.67188991283363,-9.328110087166351,84.67188991283365,160.17188991283365,-9.328110087166351,112.42188991283363,160.17188991283365,-9.328110087166351,106.92188991283363,160.17188991283365,-9.328110087166351,136.92188991283365,160.17188991283365,-9.328110087166351,87.92188991283365,160.17188991283365,-9.328110087166351,66.17188991283365,164.67188991283365,-9.328110087166351,164.67188991283365,9.328110087166351,2020-04-09 09:43:00-04:00,34.5,58.0,171.75,75.5,288.75,35.214285714285715,43.625,49.98214285714285,52.48214285714285,9.421479264120997,8.431207090823316,7.315127838913702,42.34000015258789,-0.0525844382710858,2.2415371641970845,2.2553939393939397,2.715161243251131,2.0368876080691645,2.038797144299416,2.517766497461929,,,,2.170925212927313,2.2553939393939393,1.9277869871529216,1.9723733779824195,2.0387971442994157,1.7998472116119175,1.5174618789965568,1.4672572158972683,1.2788227369293745,58.0,52.48214285714285,288.75,55.1721332351241,2.0387971442994157,90.75,77.5,943,True,7.543251508878859e-06,HIGH_VOL,1.0,HIGH_VOL,1.0,100.0
582_upper,582,2020-04-07 10:30:00-04:00,2020-05-06 10:30:00-04:00,2020-04-14 13:34:00+00:00,2020-04-14,2020,upper,NQM0,8503.366634118818,8503.366634118818,clean,2020-04-14 19:59:00+00:00,0.6166341188181832,2020-04-14 09:35:00-04:00,1,-206.63336588118185,2020-04-14 15:50:00-04:00,376,False,True,-178.63336588118182,385,0.6166341188181832,-15.633365881181817,-5.383365881181817,0.6166341188181832,-57.88336588118182,-57.88336588118182,0.6166341188181832,-89.88336588118182,-69.13336588118182,0.6166341188181832,-104.63336588118182,-103.88336588118182,0.6166341188181832,-106.38336588118182,-83.13336588118182,0.6166341188181832,-106.38336588118182,-72.63336588118182,0.6166341188181832,-106.38336588118182,-80.88336588118182,0.6166341188181832,-142.38336588118182,-127.38336588118182,0.6166341188181832,-206.63336588118185,0.6166341188181832,206.63336588118185,2020-04-14 09:34:00-04:00,18.25,20.25,40.5,49.0,265.5,12.392857142857142,18.446428571428573,28.517857142857142,42.17857142857143,3.6910866584466193,3.477821464041423,3.333583284203653,41.34000015258789,-0.0004835700548482,1.2653689786867068,1.2590095611669527,1.5895689855296755,1.1691259021651963,1.1358342098087335,1.4100294985250736,,,,1.1983432504958582,1.2370972598614876,1.1409686736280826,0.9880048793711033,1.0397232919697619,1.0023375730491577,0.7015494343334973,0.711945839702992,0.6131936047292759,20.25,42.17857142857143,265.5,29.22526426618879,1.0397232919697619,69.0,59.25,934,True,8.542291766072343e-07,HIGH_VOL,0.947912008762789,MID_VOL,0.999887249276193,53.535353535353536
584_upper,584,2020-04-09 10:30:00-04:00,2020-05-08 10:30:00-04:00,2020-04-14 13:35:00+00:00,2020-04-14,2020,upper,NQM0,8512.476025798893,8512.476025798893,clean,2020-04-14 19:59:00+00:00,9.226025798892806,2020-04-14 09:36:00-04:00,1,-197.5239742011072,2020-04-14 15:50:00-04:00,375,False,True,-169.5239742011072,384,9.226025798892806,-6.523974201107194,4.226025798892806,9.226025798892806,-53.0239742011072,-46.5239742011072,9.226025798892806,-80.7739742011072,-61.5239742011072,9.226025798892806,-97.2739742011072,-96.0239742011072,9.226025798892806,-97.2739742011072,-77.7739742011072,9.226025798892806,-97.2739742011072,-61.0239742011072,9.226025798892806,-97.2739742011072,-68.2739742011072,9.226025798892806,-133.2739742011072,-125.2739742011072,9.226025798892806,-197.5239742011072,9.226025798892806,197.5239742011072,2020-04-14 09:35:00-04:00,18.25,20.25,40.5,49.0,265.5,11.875,18.446428571428573,28.517857142857142,42.17857142857143,4.786592591642479,4.096742532481712,3.6700455739288342,41.34000015258789,-0.0004835700548482,1.2653689786867068,1.2590095611669527,1.5895689855296755,1.1691259021651963,1.1358342098087335,1.4100294985250736,,,,1.1983432504958582,1.2370972598614876,1.1409686736280826,0.9880048793711033,1.0397232919697619,1.0023375730491577,0.7015494343334973,0.711945839702992,0.6131936047292759,20.25,42.17857142857143,265.5,29.22526426618879,1.0397232919697619,69.0,59.25,935,True,7.505164043603127e-07,HIGH_VOL,1.0,MID_VOL,0.8218286776781184,50.0
587_upper,587,2020-04-15 10:30:00-04:00,2020-05-13 10:30:00-04:00,2020-04-16 14:58:00+00:00,2020-04-16,2020,upper,NQM0,8708.551354323605,8708.551354323605,clean,2020-04-16 19:59:00+00:00,103.30135432360476,2020-04-16 12:36:00-04:00,98,-76.94864567639524,2020-04-16 12:00:00-04:00,62,True,False,-34.698645676395245,301,15.801354323604755,-5.448645676395245,10.301354323604755,15.801354323604755,-22.948645676395245,-13.948645676395245,15.801354323604755,-55.198645676395245,-53.948645676395245,15.801354323604755,-58.948645676395245,-51.448645676395245,15.801354323604755,-74.19864567639524,-64.44864567639524,48.30135432360476,-76.94864567639524,34.801354323604755,103.30135432360476,-76.94864567639524,44.80135432360476,103.30135432360476,-76.94864567639524,53.30135432360476,103.30135432360476,-76.94864567639524,103.30135432360476,76.94864567639524,2020-04-16 10:58:00-04:00,52.0,74.5,58.5,78.5,221.0,29.928571428571427,35.732142857142854,34.160714285714285,49.07142857142857,7.198357526059674,6.763806501361199,6.013471469298229,40.84999847412109,0.0657447566575568,1.4434113865932048,1.4873149480573242,1.3756198949824971,1.151469446600865,1.249735194992778,1.1332089104264214,,,,1.361471002201451,1.1468831228054175,1.0623020063357973,1.0391528884262782,0.992932760813641,0.992932760813641,1.118531490596996,1.1013297293938547,1.1013297293938547,74.5,49.07142857142857,221.0,60.46338915882427,0.992932760813641,58.5,56.75,1018,True,6.087771784136334e-06,HIGH_VOL,1.0,HIGH_VOL,0.9999999982139756,99.00990099009901
590_lower,590,2020-04-20 10:30:00-04:00,2020-05-18 10:30:00-04:00,2020-04-21 13:37:00+00:00,2020-04-21,2020,lower,NQM0,8582.137175759435,8582.137175759435,clean,2020-04-21 19:59:00+00:00,8.112824240564805,2020-04-21 10:07:00-04:00,30,-240.1371757594352,2020-04-21 11:43:00-04:00,126,False,True,-191.3871757594352,382,-8.137175759435195,-43.8871757594352,-17.887175759435195,0.1128242405648052,-51.8871757594352,-32.137175759435195,8.112824240564805,-51.8871757594352,0.1128242405648052,8.112824240564805,-63.1371757594352,-54.8871757594352,8.112824240564805,-89.6371757594352,-87.8871757594352,8.112824240564805,-207.6371757594352,-177.3871757594352,8.112824240564805,-237.1371757594352,-226.6371757594352,8.112824240564805,-240.1371757594352,-217.8871757594352,8.112824240564805,-240.1371757594352,8.112824240564805,240.1371757594352,2020-04-21 09:37:00-04:00,20.5,34.75,32.5,72.5,159.0,13.625,24.303571428571427,34.375,51.44642857142857,6.19307765825389,5.383377841637285,4.973984648933246,43.84999847412109,0.1428199034345696,1.1431152873147814,1.1559264222195151,1.1501818181818182,1.643137897150344,1.579191752252784,1.4819245965806285,,,,1.1071053552677634,1.0145950280673617,1.1218964294159375,1.37636326222649,1.3403246276133858,1.408239174678925,1.6626498260085063,1.6138232994526973,1.5339020837668322,34.75,51.44642857142857,159.0,42.28195114770773,1.3403246276133858,48.75,48.75,937,True,9.377671828684817e-07,HIGH_VOL,1.0,HIGH_VOL,0.975772084316219,58.82352941176471
588_lower,588,2020-04-16 10:30:00-04:00,2020-05-14 10:30:00-04:00,2020-04-21 14:49:00+00:00,2020-04-21,2020,lower,NQM0,8458.051185239154,8458.051185239154,clean,2020-04-21 19:59:00+00:00,58.69881476084629,2020-04-21 14:26:00-04:00,217,-116.05118523915372,2020-04-21 11:43:00-04:00,54,True,False,-67.30118523915371,310,-7.05118523915371,-43.30118523915371,-34.55118523915371,-7.05118523915371,-83.55118523915371,-63.30118523915371,-7.05118523915371,-113.05118523915372,-83.30118523915371,-7.05118523915371,-113.05118523915372,-73.80118523915371,-7.05118523915371,-116.05118523915372,-74.55118523915371,-7.05118523915371,-116.05118523915372,-61.80118523915371,-7.05118523915371,-116.05118523915372,-86.55118523915371,19.19881476084629,-116.05118523915372,-14.55118523915371,58.69881476084629,-116.05118523915372,58.69881476084629,116.05118523915372,2020-04-21 10:49:00-04:00,64.5,75.25,121.75,121.75,159.0,34.910714285714285,33.035714285714285,40.875,49.80357142857143,7.571262217582297,7.089659037572021,6.319656842105283,43.84999847412109,0.1428199034345696,1.370854235086073,1.4216741209274473,1.4216741209274473,1.2946475039032788,1.4118289075887058,1.436219703109907,,,,1.3423684489521857,1.1547874200069923,1.1034773262063156,1.2458681665831952,1.2370633182552813,1.242887477540667,1.2964934826510006,1.2047254168858308,1.3164320999161152,75.25,49.80357142857143,159.0,61.218614407710994,1.2370633182552813,47.5,50.0,1009,True,5.0920881707337355e-06,HIGH_VOL,1.0,HIGH_VOL,0.9999999974120799,98.05825242718447
592_upper,592,2020-04-22 10:30:00-04:00,2020-05-20 10:30:00-04:00,2020-04-23 14:23:00+00:00,2020-04-23,2020,upper,NQM0,8752.552576739732,8752.552576739732,clean,2020-04-23 19:59:00+00:00,145.0525767397321,2020-04-23 14:10:00-04:00,227,-33.9474232602679,2020-04-23 10:44:00-04:00,21,True,False,124.8025767397321,336,7.052576739732103,-4.947423260267897,3.3025767397321037,7.052576739732103,-25.947423260267897,-15.947423260267897,7.052576739732103,-33.9474232602679,-13.697423260267897,7.052576739732103,-33.9474232602679,-2.4474232602678967,8.552576739732103,-33.9474232602679,0.0525767397321033,35.3025767397321,-33.9474232602679,34.8025767397321,35.3025767397321,-33.9474232602679,4.802576739732103,140.3025767397321,-33.9474232602679,77.0525767397321,145.0525767397321,-33.9474232602679,145.0525767397321,33.9474232602679,2020-04-23 10:23:00-04:00,32.75,81.25,81.25,117.0,300.0,19.303571428571427,24.178571428571427,29.910714285714285,42.375,5.785430420330963,5.181314729322055,4.532331484542061,42.369998931884766,-0.0661229903157807,0.8907884245579476,0.927741888211804,0.9864568319634348,0.8527898158179849,0.91359227325485,0.962181984872794,,,,0.8857822447123569,0.8882782812043262,0.8849155503785673,0.8450242509058145,0.8470459371426924,0.8470459371426924,0.8348593617905401,0.8554334500554246,0.884154299068257,81.25,42.375,300.0,58.676816120167935,0.8470459371426924,71.75,65.25,983,True,2.2049375381585238e-06,HIGH_VOL,1.0,HIGH_VOL,0.6507005950043118,83.65384615384616
595_lower,595,2020-04-27 10:30:00-04:00,2020-05-25 10:30:00-04:00,2020-04-28 14:58:00+00:00,2020-04-28,2020,lower,NQM0,8698.205896333413,8698.205896333413,clean,2020-04-28 19:59:00+00:00,66.04410366658703,2020-04-28 14:26:00-04:00,208,-43.705896333412966,2020-04-28 15:54:00-04:00,296,False,True,-31.70589633341297,301,21.544103666587034,-5.205896333412966,19.544103666587034,33.544103666587034,-5.205896333412966,31.294103666587034,43.54410366658704,-5.205896333412966,42.04410366658704,54.04410366658704,-5.205896333412966,34.294103666587034,54.04410366658704,-5.205896333412966,13.294103666587034,54.04410366658704,-23.20589633341297,-1.7058963334129658,54.04410366658704,-23.20589633341297,33.044103666587034,54.04410366658704,-23.20589633341297,35.544103666587034,66.04410366658703,-43.705896333412966,66.04410366658703,43.705896333412966,2020-04-28 10:58:00-04:00,54.0,88.75,96.5,107.5,168.0,24.732142857142858,23.642857142857142,30.392857142857142,35.732142857142854,6.940104984669473,6.004657896747824,5.014375786592383,35.2599983215332,-0.0339726487251177,1.5621126860887529,1.5946555171786947,1.6754588689191512,1.051843548580808,1.08985699619417,1.1786819792741463,,,,1.3767224332213817,1.5560443458980044,1.3543824977998733,1.0122125052972224,1.033941325777699,1.0144205710314473,0.9527185693641619,0.983176437692236,0.983176437692236,88.75,35.732142857142854,168.0,56.313654459388694,1.033941325777699,47.0,49.75,1018,True,4.566764202980612e-06,HIGH_VOL,1.0,HIGH_VOL,0.9999999236388468,97.14285714285714
607_upper,607,2020-05-13 10:30:00-04:00,2020-06-10 10:30:00-04:00,2020-05-18 14:59:00+00:00,2020-05-18,2020,upper,NQM0,9331.220279581725,9331.220279581725,clean,2020-05-18 19:59:00+00:00,25.470279581724757,2020-05-18 12:43:00-04:00,104,-30.279720418275247,2020-05-18 13:29:00-04:00,150,False,True,11.220279581724752,300,11.720279581724752,-1.5297204182752466,1.4702795817247534,11.720279581724752,-4.529720418275247,6.970279581724753,11.720279581724752,-13.779720418275248,2.4702795817247534,14.220279581724752,-13.779720418275248,7.470279581724753,16.970279581724753,-13.779720418275248,3.720279581724754,17.470279581724753,-13.779720418275248,3.970279581724754,25.470279581724757,-13.779720418275248,9.970279581724752,25.470279581724757,-30.279720418275247,-13.529720418275248,25.470279581724757,-30.279720418275247,25.470279581724757,30.279720418275247,2020-05-18 10:59:00-04:00,35.75,51.75,60.5,60.5,223.0,21.767857142857142,27.142857142857142,29.642857142857142,30.339285714285715,4.756391748585771,4.80347640751799,4.372602172276788,33.4900016784668,-0.0088783435611773,1.0744923331951928,1.010506828626642,1.1037871396895786,1.134119686463672,1.1397462601779966,1.1964894494637763,,,,0.9217574213426557,0.9659722437827937,0.950116806376254,1.113351337353409,1.118627687847306,1.1391207252219004,1.1985313401521112,1.2112020731491844,1.2112020731491844,51.75,30.339285714285715,223.0,39.62395785019823,1.118627687847306,61.0,57.5,1019,True,1.0901506126475941e-06,HIGH_VOL,0.9641403789797345,MID_VOL,0.9996161449748681,62.264150943396224
610_upper,610,2020-05-18 10:30:00-04:00,2020-06-15 10:30:00-04:00,2020-05-20 13:30:00+00:00,2020-05-20,2020,upper,NQM0,9425.837628444118,9425.837628444118,clean,2020-05-20 19:59:00+00:00,15.837628444118309,2020-05-20 09:33:00-04:00,3,-71.16237155588169,2020-05-20 12:00:00-04:00,150,False,True,-54.16237155588169,389,15.837628444118309,-4.662371555881691,2.087628444118309,15.837628444118309,-16.16237155588169,-8.412371555881691,15.837628444118309,-40.16237155588169,-35.16237155588169,15.837628444118309,-48.41237155588169,-41.66237155588169,15.837628444118309,-48.41237155588169,-26.41237155588169,15.837628444118309,-48.41237155588169,-33.66237155588169,15.837628444118309,-65.16237155588169,-62.91237155588169,15.837628444118309,-71.16237155588169,-38.41237155588169,15.837628444118309,-71.16237155588169,15.837628444118309,71.16237155588169,2020-05-20 09:30:00-04:00,10.75,11.75,20.25,22.0,133.5,7.071428571428571,11.214285714285714,21.267857142857142,26.160714285714285,1.795993626015904,1.9928543529762528,2.230192439313798,30.739999771118164,0.0172071631230608,0.7775245862317103,0.7590890463087642,0.7906579669492042,0.8452344701583435,0.85286323309137,0.85286323309137,,,,0.7141440846001322,0.7330807938033584,0.7243980110620705,0.5998055210415428,0.803488077577161,0.7720066750104297,0.802829251183726,0.8476469680604845,0.8431715627590017,11.75,26.160714285714285,133.5,17.532495340285788,0.803488077577161,36.0,36.75,930,True,3.264190656869659e-07,LOW_VOL,0.9999306597145584,LOW_VOL,0.999682157606552,23.364485981308412
614_lower,614,2020-05-22 10:30:00-04:00,2020-06-19 10:30:00-04:00,2020-05-27 14:46:00+00:00,2020-05-27,2020,lower,NQM0,9202.02640409524,9202.02640409524,clean,2020-05-27 19:59:00+00:00,238.4735959047612,2020-05-27 15:59:00-04:00,313,-29.52640409523883,2020-05-27 10:49:00-04:00,3,True,False,232.4735959047612,313,4.973595904761169,-29.52640409523883,-1.0264040952388314,17.97359590476117,-29.52640409523883,-3.276404095238832,27.97359590476117,-29.52640409523883,18.97359590476117,57.47359590476117,-29.52640409523883,54.47359590476117,59.97359590476117,-29.52640409523883,55.22359590476117,105.97359590476115,-29.52640409523883,101.22359590476115,122.47359590476115,-29.52640409523883,120.47359590476115,137.97359590476117,-29.52640409523883,127.72359590476115,238.4735959047612,-29.52640409523883,238.4735959047612,29.52640409523883,2020-05-27 10:46:00-04:00,89.0,61.25,131.5,172.0,231.0,32.732142857142854,34.339285714285715,35.25,34.535714285714285,8.00354341052476,7.109053252739384,5.953812710041152,29.420000076293945,0.002043578497789,1.584549899743202,1.605417446315602,1.56994231741108,1.7091293002131431,1.7325283201744643,1.6796687646212425,,,,1.4799579445393614,1.4259845510953526,1.4306040780029219,1.5870667011949244,1.5740375530870765,1.6093937575030013,1.5053378322316564,1.544640576666572,1.5728166561915289,61.25,34.535714285714285,231.0,45.99252656682388,1.5740375530870765,69.75,64.5,1006,True,4.947291277759493e-06,HIGH_VOL,1.0,HIGH_VOL,0.9999997761711202,97.22222222222221
611_lower,611,2020-05-19 10:30:00-04:00,2020-06-16 10:30:00-04:00,2020-05-27 14:49:00+00:00,2020-05-27,2020,lower,NQM0,9182.905269092378,9182.905269092378,clean,2020-05-27 19:59:00+00:00,257.59473090762185,2020-05-27 15:59:00-04:00,310,-7.155269092378148,2020-05-27 10:50:00-04:00,1,True,False,251.59473090762185,310,37.09473090762185,-7.155269092378148,31.84473090762185,37.09473090762185,-7.155269092378148,21.84473090762185,65.84473090762185,-7.155269092378148,64.84473090762185,77.84473090762185,-7.155269092378148,66.34473090762185,94.84473090762184,-7.155269092378148,91.59473090762184,125.09473090762184,-7.155269092378148,112.09473090762184,144.84473090762185,-7.155269092378148,144.09473090762185,157.09473090762185,-7.155269092378148,147.09473090762185,257.59473090762185,-7.155269092378148,257.59473090762185,7.155269092378148,2020-05-27 10:49:00-04:00,89.0,61.25,131.5,172.0,231.0,32.732142857142854,34.339285714285715,35.25,34.535714285714285,7.958298166853805,7.116891458503833,5.980637360274735,29.420000076293945,0.002043578497789,1.584549899743202,1.605417446315602,1.56994231741108,1.7091293002131431,1.7325283201744643,1.6796687646212425,,,,1.4799579445393614,1.4259845510953526,1.4306040780029219,1.5870667011949244,1.5740375530870765,1.6093937575030013,1.5053378322316564,1.544640576666572,1.5728166561915289,61.25,34.535714285714285,231.0,45.99252656682388,1.5740375530870765,69.75,64.5,1009,True,4.947291277759493e-06,HIGH_VOL,1.0,HIGH_VOL,0.9999997761711202,96.3302752293578
616_upper,616,2020-05-26 10:30:00-04:00,2020-06-23 10:30:00-04:00,2020-06-03 14:01:00+00:00,2020-06-03,2020,upper,NQM0,9702.493545767027,9702.493545767027,clean,2020-06-03 19:59:00+00:00,61.74354576702899,2020-06-03 12:17:00-04:00,136,-25.75645423297101,2020-06-03 15:50:00-04:00,349,False,True,5.743545767028991,358,19.99354576702899,1.243545767028991,16.49354576702899,40.49354576702899,1.243545767028991,34.24354576702899,41.74354576702899,1.243545767028991,22.49354576702899,41.74354576702899,1.243545767028991,21.24354576702899,41.74354576702899,1.243545767028991,13.49354576702899,41.74354576702899,1.243545767028991,28.99354576702899,41.74354576702899,1.243545767028991,33.24354576702899,61.74354576702899,1.243545767028991,37.99354576702899,61.74354576702899,-25.75645423297101,61.74354576702899,25.75645423297101,2020-06-03 10:01:00-04:00,29.0,48.75,48.75,49.75,165.25,15.714285714285714,16.642857142857142,18.607142857142858,25.339285714285715,5.763405570210095,4.732992393482069,3.786401949486861,27.68000030517578,-0.0451879777952773,1.075777948520937,1.0650248998656953,1.0650248998656953,1.0892412501742994,1.0892412501742994,1.058960231619107,,,,0.9773570088565071,0.9799864388984886,1.0024836104087889,0.9565301053073505,0.996310366503594,1.016243239727173,0.9516890366539424,0.956761552375123,1.0375751428273094,48.75,25.339285714285715,165.25,35.146695130146,0.996310366503594,46.0,47.25,961,True,8.009376671428301e-07,HIGH_VOL,0.9999785679358439,MID_VOL,0.9751403075106053,49.09090909090909
621_upper,621,2020-06-02 10:30:00-04:00,2020-07-01 10:30:00-04:00,2020-06-04 13:50:00+00:00,2020-06-04,2020,upper,NQM0,9728.37040825345,9728.37040825345,clean,2020-06-04 19:59:00+00:00,156.12040825344957,2020-06-04 15:17:00-04:00,327,-14.129591746550432,2020-06-04 09:57:00-04:00,7,True,False,100.87040825344955,369,0.3704082534495683,-10.379591746550432,-6.879591746550432,19.62040825344957,-14.129591746550432,19.37040825344957,22.37040825344957,-14.129591746550432,5.870408253449568,22.37040825344957,-14.129591746550432,-7.379591746550432,26.37040825344957,-14.129591746550432,14.370408253449568,91.12040825344955,-14.129591746550432,69.87040825344957,91.12040825344955,-14.129591746550432,67.87040825344957,96.12040825344955,-14.129591746550432,86.87040825344957,156.12040825344957,-14.129591746550432,156.12040825344957,14.129591746550432,2020-06-04 09:50:00-04:00,37.5,30.5,40.75,35.0,92.75,12.017857142857142,16.785714285714285,19.303571428571427,23.553571428571427,4.042908127154867,3.642071990367912,3.1593751552685907,27.450000762939453,-0.0083092319255979,1.318853734439834,1.3004730852832118,1.272090550934901,1.3935053885422577,1.4475418891548515,1.4784113133744547,,,,1.0297661233167965,0.9930192824017574,1.1364880719593273,1.2473186520276702,1.2407828282828284,1.3525566031243548,0.9879612351772709,0.9762959878654492,1.0633624878522838,30.5,23.553571428571427,92.75,26.802685100031088,1.2407828282828284,30.25,35.0,950,True,7.178906491824433e-07,HIGH_VOL,0.9986910410081901,MID_VOL,0.9862970888935476,45.94594594594595
625_upper,625,2020-06-08 10:30:00-04:00,2020-07-07 10:30:00-04:00,2020-06-09 14:45:00+00:00,2020-06-09,2020,upper,NQM0,9943.600120332674,9943.600120332674,clean,2020-06-09 19:59:00+00:00,8.350120332674123,2020-06-09 10:51:00-04:00,6,-61.64987966732588,2020-06-09 13:44:00-04:00,179,False,True,-20.39987966732588,314,7.600120332674123,-8.399879667325877,7.600120332674123,8.350120332674123,-25.64987966732588,-23.64987966732588,8.350120332674123,-30.64987966732588,0.6001203326741233,8.350120332674123,-30.64987966732588,-23.64987966732588,8.350120332674123,-30.64987966732588,-9.649879667325877,8.350120332674123,-30.64987966732588,-13.649879667325877,8.350120332674123,-40.39987966732588,-40.39987966732588,8.350120332674123,-61.64987966732588,-55.64987966732588,8.350120332674123,-61.64987966732588,8.350120332674123,61.64987966732588,2020-06-09 10:45:00-04:00,34.75,38.75,64.0,67.75,154.0,19.964285714285715,19.446428571428573,26.107142857142858,24.875,4.857703613407643,4.434249410494275,3.825057335269961,26.799999237060547,0.0497453394538827,1.147782448593867,1.1967449841156583,1.17500667200427,1.088980113118044,1.1381743292462003,1.1381743292462003,,,,1.142014136567019,1.0668968755206203,1.0668968755206203,1.0860672889713776,1.0411491766675969,1.0856326961203369,1.0134275520646072,0.9808474757749344,1.0080259692028362,38.75,24.875,154.0,31.04683961371914,1.0411491766675969,44.0,45.25,1005,True,1.9816402276681325e-06,HIGH_VOL,0.9999999998924461,HIGH_VOL,0.9832741337918535,81.25
627_lower,627,2020-06-10 10:30:00-04:00,2020-07-09 10:30:00-04:00,2020-06-11 12:22:00+00:00,2020-06-11,2020,lower,NQM0,9906.19433490329,9906.19433490329,clean,2020-06-11 19:59:00+00:00,74.80566509671007,2020-06-11 10:39:00-04:00,137,-321.6943349032899,2020-06-11 15:59:00-04:00,457,False,True,-313.4443349032899,457,18.805665096710072,-4.694334903289928,15.805665096710072,24.805665096710072,-10.444334903289928,9.305665096710072,24.805665096710072,-10.444334903289928,10.805665096710072,33.30566509671007,-10.444334903289928,21.305665096710072,33.30566509671007,-10.444334903289928,24.555665096710072,48.30566509671007,-30.194334903289928,4.055665096710072,65.05566509671007,-30.194334903289928,48.80566509671007,74.80566509671007,-36.94433490328993,8.305665096710072,74.80566509671007,-321.6943349032899,74.80566509671007,321.6943349032899,2020-06-11 08:22:00-04:00,18.5,25.75,45.5,74.75,197.0,13.946428571428571,23.857142857142858,36.48214285714285,43.375,3.967888102012809,3.808323366232354,3.732875506320813,29.31999969482422,0.0216027496656159,1.739246593641464,1.8105965790571548,1.6256711199900111,1.817796610169492,1.8472717486375565,1.733771154331902,,,,1.4036222509702458,1.3278939316675167,1.3814323607427055,1.5674811600822105,1.4876462938881665,1.5662293211637193,1.507212776919114,1.4627042904909222,1.4672894266637408,25.75,43.375,197.0,33.42014736652129,1.4876462938881665,60.0,55.5,862,True,8.783932142505503e-07,HIGH_VOL,0.6211619372998672,MID_VOL,0.9967858410150816,53.09734513274337
629_upper,629,2020-06-12 10:30:00-04:00,2020-07-13 10:30:00-04:00,2020-06-16 12:57:00+00:00,2020-06-16,2020,upper,NQU0,9998.480141994416,9998.480141994416,clean,2020-06-16 19:59:00+00:00,211.98014199441604,2020-06-16 11:01:00-04:00,124,-3.269858005583956,2020-06-16 10:18:00-04:00,81,True,False,56.48014199441605,422,13.980141994416044,-0.0198580055839556,8.230141994416044,19.980141994416044,-0.0198580055839556,18.980141994416044,31.480141994416044,-0.0198580055839556,24.730141994416044,57.98014199441605,-0.0198580055839556,26.480141994416044,57.98014199441605,-0.0198580055839556,15.480141994416044,57.98014199441605,-3.269858005583956,7.980141994416044,134.73014199441604,-3.269858005583956,133.48014199441604,211.98014199441604,-3.269858005583956,79.98014199441604,211.98014199441604,-3.269858005583956,211.98014199441604,3.269858005583956,2020-06-16 08:57:00-04:00,46.5,33.5,36.75,40.0,434.75,13.428571428571429,18.0,30.321428571428573,42.517857142857146,3.637594715982457,3.369764316504705,3.4548490967532164,33.66999816894531,-0.0512821477443252,1.3687326549491212,1.366583541147132,1.366583541147132,0.5841882095472576,0.5820783645655877,0.5820783645655877,,,,1.2039056143205857,1.2260523699038781,1.2143795141168745,0.4876684174469057,0.4919940099066928,0.48727895037079294,0.49710200927357034,0.49713402460230566,0.4839346728942666,33.5,42.517857142857146,434.75,37.74053807626111,0.4919940099066928,83.0,66.75,897,True,9.239798696593926e-07,HIGH_VOL,0.9799020016780294,MID_VOL,0.9988578426197886,55.26315789473685
628_upper,628,2020-06-11 10:30:00-04:00,2020-07-10 10:30:00-04:00,2020-06-19 12:36:00+00:00,2020-06-19,2020,upper,NQU0,10095.59396073106,10095.59396073106,clean,2020-06-19 19:59:00+00:00,174.0939607310611,2020-06-19 14:30:00-04:00,354,-16.906039268938912,2020-06-19 09:28:00-04:00,52,True,False,105.09396073106107,443,7.593960731061088,-0.9060392689389118,2.843960731061088,10.093960731061088,-0.9060392689389118,8.093960731061088,18.093960731061088,-0.9060392689389118,12.093960731061088,18.343960731061088,-0.9060392689389118,1.5939607310610882,19.343960731061088,-16.906039268938912,9.343960731061088,20.343960731061088,-16.906039268938912,0.3439607310610881,20.343960731061088,-16.906039268938912,2.593960731061088,40.59396073106109,-16.906039268938912,24.343960731061088,174.0939607310611,-16.906039268938912,174.0939607310611,16.906039268938912,2020-06-19 08:36:00-04:00,16.0,16.25,21.5,25.5,162.5,7.285714285714286,12.285714285714286,19.75,26.196428571428573,2.325043611169104,2.277278025784921,2.3384147731580454,31.56999969482422,-0.0407171120875365,1.6220283906276722,1.751916505033712,1.7311307839737151,0.7819120043454644,0.808026943586865,0.7847359454855196,,,,1.5730635262896002,1.420398382507114,1.4573953131002688,0.7261034047919294,0.6900767018216682,0.6569309754706217,0.7217442315213141,0.7131448444644812,0.7003352096641579,16.25,26.196428571428573,162.5,20.63230390154513,0.6900767018216682,40.5,40.25,876,True,5.909081791204441e-07,LOW_VOL,0.9998424624415527,LOW_VOL,0.9909209015625358,38.26086956521739
633_upper,633,2020-06-18 10:30:00-04:00,2020-07-17 10:30:00-04:00,2020-06-19 13:28:00+00:00,2020-06-19,2020,upper,NQU0,10112.11935459612,10112.11935459612,clean,2020-06-19 19:59:00+00:00,190.6193545961214,2020-06-19 14:30:00-04:00,302,0.3693545961214113,2020-06-19 09:29:00-04:00,1,True,False,121.6193545961214,391,35.86935459612141,0.3693545961214113,17.61935459612141,36.86935459612141,0.3693545961214113,18.11935459612141,36.86935459612141,0.3693545961214113,25.11935459612141,36.86935459612141,0.3693545961214113,12.869354596121411,36.86935459612141,0.3693545961214113,13.619354596121411,46.61935459612141,0.3693545961214113,38.86935459612141,57.11935459612141,0.3693545961214113,35.36935459612141,175.6193545961214,0.3693545961214113,144.8693545961214,190.6193545961214,0.3693545961214113,190.6193545961214,0.0,2020-06-19 09:28:00-04:00,14.25,19.0,22.0,25.5,162.5,8.803571428571429,13.071428571428571,20.142857142857142,25.857142857142858,2.4689592811766694,2.368693930131893,2.367859430953394,31.56999969482422,-0.0407171120875365,1.2915755627009646,1.4139678963672204,1.2719442685243825,1.435946462715105,1.548883512473724,1.4097177099126417,,,,1.1582468281430218,1.1664537112324311,1.1084496936917048,1.268663504645572,1.2500640204865556,1.2327020202020202,0.7217442315213141,0.7131448444644812,0.7003352096641579,19.0,25.857142857142858,162.5,22.1649659211494,1.2500640204865556,48.5,47.0,928,True,7.651027199752614e-07,LOW_VOL,0.9998389770932464,MID_VOL,0.9641256209997804,47.41379310344828
634_upper,634,2020-06-19 10:30:00-04:00,2020-07-20 10:30:00-04:00,2020-06-23 14:42:00+00:00,2020-06-23,2020,upper,NQU0,10230.51639084718,10230.51639084718,clean,2020-06-23 19:59:00+00:00,54.76639084717863,2020-06-23 15:51:00-04:00,309,-65.73360915282137,2020-06-23 13:51:00-04:00,189,True,False,33.01639084717863,317,34.51639084717863,3.016390847178627,30.266390847178627,34.51639084717863,3.016390847178627,20.016390847178627,34.51639084717863,-5.483609152821373,-1.9836091528213728,34.51639084717863,-22.483609152821373,-20.983609152821373,34.51639084717863,-25.233609152821373,-15.733609152821373,34.51639084717863,-34.73360915282137,-26.733609152821373,34.51639084717863,-37.98360915282137,-31.983609152821373,34.51639084717863,-63.23360915282137,-54.48360915282137,54.76639084717863,-65.73360915282137,54.76639084717863,65.73360915282137,2020-06-23 10:42:00-04:00,26.0,53.0,42.0,42.5,291.0,17.089285714285715,15.857142857142858,22.089285714285715,42.07142857142857,3.672322501599841,3.373691353434286,3.156369481785493,31.3799991607666,-0.035648485621499,1.18044113739038,1.1220005051780753,1.171281124044148,0.8144068956081544,0.856382404776463,0.8698431834580012,,,,1.0081706763504312,0.9119143632231101,0.9418571190573554,0.8062031252645301,0.8102842460800245,0.8102842460800245,0.7624598017982542,0.777252960460293,0.777252960460293,53.0,42.07142857142857,291.0,47.2206068818023,0.8102842460800245,69.25,62.0,1002,True,1.0402505887293245e-06,LOW_VOL,0.9986127061497602,MID_VOL,0.9962889352629929,59.82905982905983
638_lower,638,2020-06-25 10:30:00-04:00,2020-07-24 10:30:00-04:00,2020-06-29 13:41:00+00:00,2020-06-29,2020,lower,NQU0,9758.955832485262,9758.955832485262,clean,2020-06-29 19:59:00+00:00,193.29416751473764,2020-06-29 15:59:00-04:00,378,-30.205832485262363,2020-06-29 09:48:00-04:00,7,True,False,191.79416751473764,378,9.544167514737635,-21.205832485262363,-11.205832485262365,17.794167514737637,-30.205832485262363,16.044167514737637,65.54416751473764,-30.205832485262363,36.29416751473764,96.79416751473764,-30.205832485262363,91.54416751473764,117.04416751473764,-30.205832485262363,104.54416751473764,130.54416751473764,-30.205832485262363,73.54416751473764,139.54416751473764,-30.205832485262363,130.04416751473764,169.29416751473764,-30.205832485262363,169.04416751473764,193.29416751473764,-30.205832485262363,193.29416751473764,30.205832485262363,2020-06-29 09:41:00-04:00,14.25,18.75,43.25,62.0,296.25,12.125,19.428571428571427,30.178571428571427,41.17857142857143,5.644484626927889,4.559563297756686,3.9330264229911696,33.810001373291016,0.0628733712960274,1.278854795224034,1.291958495460441,1.285207405973808,1.4162259255563316,1.3314569847077586,1.2989200073219842,,,,1.2140158439975626,1.1951526786249924,1.1738156964411972,1.0436828945433152,0.979400296746144,0.9193496145624149,1.0422480918973094,0.9911290322580645,0.9167599091309803,18.75,41.17857142857143,296.25,27.786655327435763,0.979400296746144,74.25,61.75,941,True,1.0943408027509562e-06,HIGH_VOL,0.9999999999999912,HIGH_VOL,0.999355029110502,63.559322033898304
638_upper,638,2020-06-25 10:30:00-04:00,2020-07-24 10:30:00-04:00,2020-07-01 13:33:00+00:00,2020-07-01,2020,upper,NQU0,10189.419167514738,10189.419167514738,clean,2020-07-01 19:59:00+00:00,63.91916751473764,2020-07-01 09:55:00-04:00,22,-120.58083248526236,2020-07-01 15:49:00-04:00,376,False,True,-75.58083248526236,386,58.16916751473764,-3.8308324852623623,44.16916751473764,58.16916751473764,-3.8308324852623623,30.91916751473764,63.91916751473764,-3.8308324852623623,24.16916751473764,63.91916751473764,-6.830832485262363,-2.0808324852623628,63.91916751473764,-29.080832485262363,-24.580832485262363,63.91916751473764,-34.83083248526236,-28.580832485262363,63.91916751473764,-48.58083248526236,-15.330832485262365,63.91916751473764,-70.58083248526236,-68.08083248526236,63.91916751473764,-120.58083248526236,63.91916751473764,120.58083248526236,2020-07-01 09:33:00-04:00,14.75,18.5,68.5,63.0,102.75,11.303571428571429,20.625,25.767857142857142,38.32142857142857,3.894522842972609,3.417525118039252,3.1342441933413565,30.75,-0.0479875936121416,1.9514429109159348,1.973856209150327,1.9563522012578616,1.6852850198851084,1.7890045970541326,1.663235935455735,,,,1.8375472589792061,1.828904045155221,1.828904045155221,1.6201359388275276,1.311981836320479,1.260010572221488,1.7279315395883124,1.6526932861409136,1.5796039185284376,18.5,38.32142857142857,102.75,26.626047933770206,1.311981836320479,33.5,36.75,933,True,8.290521707824775e-07,LOW_VOL,0.9999029618225209,LOW_VOL,0.9513979724453151,48.739495798319325
636_upper,636,2020-06-23 10:30:00-04:00,2020-07-22 10:30:00-04:00,2020-07-02 12:30:00+00:00,2020-07-02,2020,upper,NQU0,10344.29260296773,10344.29260296773,clean,2020-07-02 19:59:00+00:00,26.79260296772918,2020-07-02 15:55:00-04:00,445,-77.95739703227082,2020-07-02 10:02:00-04:00,92,True,False,9.04260296772918,449,-12.70739703227082,-34.20739703227082,-24.45739703227082,-12.45739703227082,-34.20739703227082,-22.45739703227082,-12.45739703227082,-36.70739703227082,-34.95739703227082,-12.45739703227082,-36.70739703227082,-26.95739703227082,-12.45739703227082,-36.70739703227082,-26.45739703227082,-12.45739703227082,-75.20739703227082,-64.20739703227082,-12.45739703227082,-77.95739703227082,-28.70739703227082,15.29260296772918,-77.95739703227082,2.542602967729181,26.79260296772918,-77.95739703227082,26.79260296772918,77.95739703227082,2020-07-02 08:30:00-04:00,19.0,21.25,27.5,37.75,234.0,5.732142857142857,10.303571428571429,17.214285714285715,21.732142857142858,2.256147837958608,1.9823790058167703,1.9044650042688531,29.51000022888184,-0.0403251958087206,1.0021551724137931,0.975251677852349,0.9186092453575662,1.0197873597164795,1.1118087418497948,0.9966806176937508,,,,0.8077123501823866,0.7830919501515662,0.7830919501515662,0.9378055404671374,0.9230152365677626,0.9118637353931471,0.9357798165137615,0.8950337352062825,0.8423024877693348,21.25,21.732142857142858,234.0,21.489719302826774,0.9230152365677626,60.0,53.75,870,True,5.547522953704235e-07,LOW_VOL,0.9998030072400638,LOW_VOL,0.9730782486539775,36.666666666666664
637_upper,637,2020-06-24 10:30:00-04:00,2020-07-23 10:30:00-04:00,2020-07-02 12:53:00+00:00,2020-07-02,2020,upper,NQU0,10378.76301438694,10378.76301438694,clean,2020-07-02 19:59:00+00:00,61.263014386939176,2020-07-02 15:55:00-04:00,422,-43.48698561306082,2020-07-02 10:02:00-04:00,69,True,False,43.513014386939176,426,10.263014386939176,1.263014386939176,4.513014386939176,10.513014386939176,-1.486985613060824,7.763014386939176,11.763014386939176,-1.486985613060824,7.513014386939176,12.263014386939176,-31.986985613060824,-1.486985613060824,12.263014386939176,-34.736985613060824,-24.236985613060824,12.263014386939176,-43.48698561306082,-17.486985613060824,21.013014386939176,-43.48698561306082,1.263014386939176,49.763014386939176,-43.48698561306082,-0.4869856130608241,61.263014386939176,-43.48698561306082,61.263014386939176,43.48698561306082,2020-07-02 08:53:00-04:00,49.75,21.25,27.5,37.75,234.0,11.285714285714286,10.982142857142858,17.214285714285715,21.732142857142858,4.555558380343293,3.7587892056529713,3.066664497283365,29.51000022888184,-0.0403251958087206,1.0021551724137931,0.975251677852349,0.9186092453575662,1.0197873597164795,1.1118087418497948,0.9966806176937508,,,,0.8077123501823866,0.7830919501515662,0.7830919501515662,0.9378055404671374,0.9230152365677626,0.9118637353931471,0.9357798165137615,0.8950337352062825,0.8423024877693348,21.25,21.732142857142858,234.0,21.489719302826774,0.9230152365677626,60.0,53.75,893,True,1.605914308787523e-06,HIGH_VOL,0.9993521137894297,MID_VOL,0.5536811517866801,76.03305785123968
642_upper,642,2020-07-02 10:30:00-04:00,2020-07-30 10:30:00-04:00,2020-07-06 14:00:00+00:00,2020-07-06,2020,upper,NQU0,10530.716111433376,10530.716111433376,clean,2020-07-06 19:59:00+00:00,20.21611143337577,2020-07-06 10:07:00-04:00,7,-83.78388856662423,2020-07-06 11:41:00-04:00,101,False,True,-60.78388856662423,359,3.4661114333757723,-12.033888566624228,-2.033888566624228,20.21611143337577,-12.033888566624228,-2.533888566624228,20.21611143337577,-12.033888566624228,-3.033888566624228,20.21611143337577,-24.783888566624228,-19.783888566624228,20.21611143337577,-46.53388856662423,-43.28388856662423,20.21611143337577,-77.28388856662423,-69.78388856662423,20.21611143337577,-83.78388856662423,-62.28388856662423,20.21611143337577,-83.78388856662423,-50.53388856662423,20.21611143337577,-83.78388856662423,20.21611143337577,83.78388856662423,2020-07-06 10:00:00-04:00,38.0,49.75,53.5,53.5,81.0,11.625,11.053571428571429,15.035714285714286,24.160714285714285,3.8508127927684734,3.11302949981818,2.6154287692138656,28.600000381469727,-0.0308369989953942,1.074875373878365,0.965985327882623,0.965985327882623,1.0143605585589346,0.890715640722514,0.890715640722514,,,,0.8478628445597892,0.8256873707589799,0.8824046980827075,0.8196768317366078,0.8101187747447385,0.8212073845633898,0.6801348476743753,0.6802194657675703,0.7315715528199639,49.75,24.160714285714285,81.0,34.66980726387566,0.8101187747447385,23.75,30.25,960,True,8.6685964024053e-07,HIGH_VOL,0.8213361401529252,MID_VOL,0.9554931332821163,52.459016393442624
647_lower,647,2020-07-09 10:30:00-04:00,2020-08-06 10:30:00-04:00,2020-07-14 12:51:00+00:00,2020-07-14,2020,lower,NQU0,10556.529124282211,10556.529124282211,clean,2020-07-14 19:59:00+00:00,132.72087571778866,2020-07-14 15:58:00-04:00,427,-197.7791242822113,2020-07-14 10:14:00-04:00,83,True,False,116.47087571778866,428,17.470875717788658,-53.52912428221134,-39.52912428221134,17.470875717788658,-71.02912428221134,-70.77912428221134,17.470875717788658,-92.77912428221134,-67.27912428221134,38.47087571778866,-92.77912428221134,24.220875717788655,72.72087571778866,-103.52912428221134,-98.77912428221134,72.72087571778866,-197.7791242822113,-134.77912428221134,72.72087571778866,-197.7791242822113,-14.029124282211342,72.72087571778866,-197.7791242822113,32.22087571778866,132.72087571778866,-197.7791242822113,132.72087571778866,197.7791242822113,2020-07-14 08:51:00-04:00,59.5,45.25,82.5,82.5,497.0,19.071428571428573,23.607142857142858,35.964285714285715,43.285714285714285,6.107045851396636,5.252635130796419,4.57775614179412,37.59999847412109,0.1742660192562386,2.4782001117942984,2.44202698980997,2.071003153100549,2.641324751944221,2.815550632459087,3.171375674152781,,,,1.9068817204301076,1.6412771864877371,1.5959323254139668,2.62443378630429,2.632852178561882,2.6169378943872466,2.1666421640693914,2.2253680634201585,2.151381336447575,45.25,43.285714285714285,497.0,44.25696071160526,2.632852178561882,154.0,109.75,891,True,2.3917198045993065e-06,HIGH_VOL,0.9999982152788716,HIGH_VOL,0.7031234418133525,84.5528455284553
648_lower,648,2020-07-10 10:30:00-04:00,2020-08-07 10:30:00-04:00,2020-07-14 13:02:00+00:00,2020-07-14,2020,lower,NQU0,10495.390551888184,10495.390551888184,clean,2020-07-14 19:59:00+00:00,193.85944811181616,2020-07-14 15:58:00-04:00,416,-136.64055188818384,2020-07-14 10:14:00-04:00,72,True,False,177.60944811181616,417,15.359448111816164,-24.39055188818384,-20.89055188818384,15.359448111816164,-30.39055188818384,-27.64055188818384,62.35944811181616,-31.64055188818384,58.60944811181616,133.85944811181616,-31.64055188818384,62.10944811181616,133.85944811181616,-108.64055188818384,-75.39055188818384,133.85944811181616,-136.64055188818384,18.609448111816164,133.85944811181616,-136.64055188818384,6.109448111816164,133.85944811181616,-136.64055188818384,56.35944811181616,193.85944811181616,-136.64055188818384,193.85944811181616,136.64055188818384,2020-07-14 09:02:00-04:00,98.0,127.0,164.5,82.5,497.0,21.714285714285715,25.75,38.19642857142857,45.58928571428572,7.370452342192188,6.157882396599884,5.169284172029292,37.59999847412109,0.1742660192562386,7.105081627960451,6.362606815607948,5.89188673848794,3.9529821073558646,4.162340380992254,3.960659329714656,,,,5.138865790786629,4.4412504491555875,3.8924230018265416,3.514538223596995,3.4010690613641223,2.875623689348471,2.1666421640693914,2.2253680634201585,2.151381336447575,127.0,45.58928571428572,497.0,76.09099345989831,3.4010690613641223,166.25,123.75,902,True,2.46153507287434e-06,HIGH_VOL,1.0,HIGH_VOL,0.9999999979982954,85.48387096774194
646_lower,646,2020-07-08 10:30:00-04:00,2020-08-05 10:30:00-04:00,2020-07-14 13:52:00+00:00,2020-07-14,2020,lower,NQU0,10416.702043158331,10416.702043158331,clean,2020-07-14 19:59:00+00:00,272.54795684166675,2020-07-14 15:58:00-04:00,366,-57.95204315833325,2020-07-14 10:14:00-04:00,22,True,False,256.29795684166675,367,40.547956841666746,-29.95204315833325,39.297956841666746,68.29795684166675,-29.95204315833325,8.297956841666746,68.29795684166675,-57.95204315833325,16.047956841666746,115.29795684166676,-57.95204315833325,68.04795684166675,137.29795684166675,-57.95204315833325,131.29795684166675,154.04795684166675,-57.95204315833325,130.79795684166675,185.29795684166675,-57.95204315833325,168.04795684166675,192.29795684166675,-57.95204315833325,146.54795684166675,272.54795684166675,-57.95204315833325,272.54795684166675,57.95204315833325,2020-07-14 09:52:00-04:00,148.75,63.75,164.5,82.5,497.0,40.17857142857143,35.607142857142854,45.73214285714285,45.58928571428572,14.515890962668328,11.617303050736016,9.0619809548119,37.59999847412109,0.1742660192562386,4.061721561029615,4.622411213481376,3.918819680886575,3.9529821073558646,4.162340380992254,3.960659329714656,,,,3.577959283189077,3.5143387415434355,3.4602688045272343,3.514538223596995,3.4010690613641223,2.875623689348471,2.1666421640693914,2.2253680634201585,2.151381336447575,63.75,45.58928571428572,497.0,53.91026770742021,3.4010690613641223,166.25,119.0,952,True,8.209101942197123e-06,HIGH_VOL,1.0,HIGH_VOL,1.0,100.0
645_lower,645,2020-07-07 10:30:00-04:00,2020-08-04 10:30:00-04:00,2020-07-14 13:53:00+00:00,2020-07-14,2020,lower,NQU0,10402.45834130706,10402.45834130706,clean,2020-07-14 19:59:00+00:00,286.79165869293865,2020-07-14 15:58:00-04:00,365,-43.70834130706135,2020-07-14 10:14:00-04:00,21,True,False,270.54165869293865,366,76.54165869293865,-4.208341307061346,71.29165869293865,82.54165869293865,-4.208341307061346,21.79165869293865,82.54165869293865,-43.70834130706135,43.291658692938654,129.54165869293865,-43.70834130706135,77.79165869293865,162.79165869293865,-43.70834130706135,162.04165869293865,168.29165869293865,-43.70834130706135,134.29165869293865,199.54165869293865,-43.70834130706135,172.79165869293865,206.54165869293865,-43.70834130706135,149.04165869293865,286.79165869293865,-43.70834130706135,286.79165869293865,43.70834130706135,2020-07-14 09:53:00-04:00,148.75,63.75,164.5,82.5,497.0,40.17857142857143,35.607142857142854,45.73214285714285,45.58928571428572,16.07861546311335,12.64417888174898,9.742514502950211,37.59999847412109,0.1742660192562386,4.061721561029615,4.622411213481376,3.918819680886575,3.9529821073558646,4.162340380992254,3.960659329714656,,,,3.577959283189077,3.5143387415434355,3.4602688045272343,3.514538223596995,3.4010690613641223,2.875623689348471,2.1666421640693914,2.2253680634201585,2.151381336447575,63.75,45.58928571428572,497.0,53.91026770742021,3.4010690613641223,166.25,119.0,953,True,8.209101942197123e-06,HIGH_VOL,1.0,HIGH_VOL,1.0,99.20634920634922
652_upper,652,2020-07-16 10:30:00-04:00,2020-08-13 10:30:00-04:00,2020-07-20 14:27:00+00:00,2020-07-20,2020,upper,NQU0,10766.167459552898,10766.167459552898,clean,2020-07-20 19:59:00+00:00,19.91745955289844,2020-07-20 10:57:00-04:00,30,-198.3325404471016,2020-07-20 15:50:00-04:00,323,False,True,-170.33254044710156,332,10.417459552898436,-2.3325404471015645,4.167459552898436,14.167459552898436,-10.082540447101564,-7.5825404471015645,19.91745955289844,-10.082540447101564,14.667459552898436,19.91745955289844,-10.082540447101564,-3.832540447101565,19.91745955289844,-19.832540447101564,-13.832540447101564,19.91745955289844,-45.832540447101564,-34.832540447101564,19.91745955289844,-56.082540447101564,-39.082540447101564,19.91745955289844,-73.58254044710156,-66.58254044710156,19.91745955289844,-198.3325404471016,19.91745955289844,198.3325404471016,2020-07-20 10:27:00-04:00,61.25,89.25,89.25,89.25,146.0,26.553571428571427,23.660714285714285,21.410714285714285,30.839285714285715,6.580132646034427,5.742354453118717,4.709658704161001,30.770000457763672,-0.10604293740128,1.2189718980751865,1.337523679992228,1.4285803224936189,1.1959652370344809,1.283651701000985,1.349380957016558,,,,1.1929468850186293,1.202953254696374,1.2554415720603656,1.1343252492188662,1.16233295980363,1.2157522504923575,1.1174319230721386,1.134050423562979,1.117570946912674,89.25,30.839285714285715,146.0,52.46338008554157,1.16233295980363,43.5,47.5,987,True,1.710562390980704e-06,HIGH_VOL,0.9999722020431151,HIGH_VOL,0.8861984855370454,75.59055118110236
652_lower,652,2020-07-16 10:30:00-04:00,2020-08-13 10:30:00-04:00,2020-07-24 13:37:00+00:00,2020-07-24,2020,lower,NQU0,10357.582540447102,10357.582540447102,clean,2020-07-24 19:59:00+00:00,173.41745955289844,2020-07-24 11:28:00-04:00,111,-56.582540447101564,2020-07-24 09:40:00-04:00,3,True,False,112.16745955289844,382,1.9174595528984355,-56.582540447101564,-7.5825404471015645,10.167459552898436,-56.582540447101564,-14.582540447101564,66.66745955289844,-56.582540447101564,64.66745955289844,93.91745955289844,-56.582540447101564,89.16745955289844,104.41745955289844,-56.582540447101564,57.16745955289844,152.16745955289844,-56.582540447101564,135.66745955289844,173.41745955289844,-56.582540447101564,148.41745955289844,173.41745955289844,-56.582540447101564,102.91745955289844,173.41745955289844,-56.582540447101564,173.41745955289844,56.582540447101564,2020-07-24 09:37:00-04:00,30.5,44.25,34.5,87.5,424.0,16.482142857142858,27.625,35.25,48.55357142857143,7.983670763857812,6.440005497221734,5.356471354258631,32.75,0.0751805969913734,1.781716833890747,2.193220804171813,2.167491693225741,1.3210072056378177,1.535763601215134,1.4831310841445526,,,,1.781716833890747,1.7519320361742943,1.8793508936970837,1.3210072056378177,1.2726371195361965,1.3467608476286579,1.788749251944943,1.8565858035128886,1.9635049815700156,44.25,48.55357142857143,424.0,46.35186658284956,1.2726371195361965,108.5,84.25,937,True,1.2348916296478007e-06,LOW_VOL,0.9905631756094274,MID_VOL,0.9510691379516536,64.0625
644_lower,644,2020-07-06 10:30:00-04:00,2020-08-03 10:30:00-04:00,2020-07-24 13:38:00+00:00,2020-07-24,2020,lower,NQU0,10331.725162366198,10331.725162366198,clean,2020-07-24 19:59:00+00:00,199.27483763380224,2020-07-24 11:28:00-04:00,110,-30.725162366197765,2020-07-24 09:40:00-04:00,2,True,False,138.02483763380224,381,27.774837633802235,-30.725162366197765,21.024837633802235,36.024837633802235,-30.725162366197765,18.774837633802235,92.52483763380224,-30.725162366197765,90.02483763380224,129.77483763380224,-30.725162366197765,122.52483763380224,130.27483763380224,-30.725162366197765,78.52483763380224,178.02483763380224,-30.725162366197765,169.77483763380224,199.27483763380224,-30.725162366197765,178.27483763380224,199.27483763380224,-30.725162366197765,128.52483763380224,199.27483763380224,-30.725162366197765,199.27483763380224,30.725162366197765,2020-07-24 09:38:00-04:00,30.5,44.25,34.5,87.5,424.0,16.482142857142858,27.625,35.25,48.55357142857143,8.254104809150983,6.628553074024262,5.477315432587201,32.75,0.0751805969913734,1.781716833890747,2.193220804171813,2.167491693225741,1.3210072056378177,1.535763601215134,1.4831310841445526,,,,1.781716833890747,1.7519320361742943,1.8793508936970837,1.3210072056378177,1.2726371195361965,1.3467608476286579,1.788749251944943,1.8565858035128886,1.9635049815700156,44.25,48.55357142857143,424.0,46.35186658284956,1.2726371195361965,108.5,84.25,938,True,1.2348916296478007e-06,LOW_VOL,0.9905631756094274,MID_VOL,0.9510691379516536,63.565891472868216
657_upper,657,2020-07-23 10:30:00-04:00,2020-08-20 10:30:00-04:00,2020-08-03 13:33:00+00:00,2020-08-03,2020,upper,NQU0,11022.153653034926,11022.153653034926,clean,2020-08-03 19:59:00+00:00,30.90365303492581,2020-08-03 10:52:00-04:00,79,-50.84634696507419,2020-08-03 14:41:00-04:00,308,False,True,-16.59634696507419,386,16.40365303492581,-0.5963469650741899,14.90365303492581,17.90365303492581,-27.84634696507419,-6.34634696507419,17.90365303492581,-45.59634696507419,-28.59634696507419,17.90365303492581,-45.59634696507419,-13.59634696507419,17.90365303492581,-45.59634696507419,-10.34634696507419,30.90365303492581,-45.59634696507419,-4.59634696507419,30.90365303492581,-45.59634696507419,-20.34634696507419,30.90365303492581,-45.59634696507419,-30.09634696507419,30.90365303492581,-50.84634696507419,30.90365303492581,50.84634696507419,2020-08-03 09:33:00-04:00,19.75,23.25,19.75,64.0,248.0,7.553571428571429,14.535714285714286,21.535714285714285,32.67857142857143,3.8941325137457135,3.2179802449357897,2.9048090706701064,27.93000030517578,-0.0751655761727446,1.0420669577874817,0.9542788589709412,1.0157491486946653,0.8235908141962421,0.7643188698284561,0.8569876900796525,,,,0.6544473900722186,0.765709396224397,0.8195764167143675,0.6967400103024505,0.7105174289895313,0.7370674555291736,0.9343221595965588,1.0196179993525414,1.086855999171814,23.25,32.67857142857143,248.0,27.56404879030448,0.7105174289895313,58.25,52.25,933,True,6.479583113749095e-07,LOW_VOL,0.9997020574856829,MID_VOL,0.7465483465870405,36.15384615384615
656_upper,656,2020-07-22 10:30:00-04:00,2020-08-19 10:30:00-04:00,2020-08-03 13:33:00+00:00,2020-08-03,2020,upper,NQU0,11023.64486768893,11023.64486768893,clean,2020-08-03 19:59:00+00:00,32.39486768893039,2020-08-03 10:52:00-04:00,79,-49.35513231106961,2020-08-03 14:41:00-04:00,308,False,True,-15.10513231106961,386,17.89486768893039,0.8948676889303897,16.39486768893039,19.39486768893039,-26.35513231106961,-4.85513231106961,19.39486768893039,-44.10513231106961,-27.10513231106961,19.39486768893039,-44.10513231106961,-12.10513231106961,19.39486768893039,-44.10513231106961,-8.85513231106961,32.39486768893039,-44.10513231106961,-3.1051323110696103,32.39486768893039,-44.10513231106961,-18.85513231106961,32.39486768893039,-44.10513231106961,-28.60513231106961,32.39486768893039,-49.35513231106961,32.39486768893039,49.35513231106961,2020-08-03 09:33:00-04:00,19.75,23.25,19.75,64.0,248.0,7.553571428571429,14.535714285714286,21.535714285714285,32.67857142857143,3.8941325137457135,3.2179802449357897,2.9048090706701064,27.93000030517578,-0.0751655761727446,1.0420669577874817,0.9542788589709412,1.0157491486946653,0.8235908141962421,0.7643188698284561,0.8569876900796525,,,,0.6544473900722186,0.765709396224397,0.8195764167143675,0.6967400103024505,0.7105174289895313,0.7370674555291736,0.9343221595965588,1.0196179993525414,1.086855999171814,23.25,32.67857142857143,248.0,27.56404879030448,0.7105174289895313,58.25,52.25,933,True,6.479583113749095e-07,LOW_VOL,0.9997020574856829,MID_VOL,0.7465483465870405,35.87786259541985
670_upper,670,2020-08-11 10:30:00-04:00,2020-09-08 10:30:00-04:00,2020-08-13 13:31:00+00:00,2020-08-13,2020,upper,NQU0,11198.889330594502,11198.889330594502,clean,2020-08-13 19:59:00+00:00,69.6393305945021,2020-08-13 14:53:00-04:00,322,-67.1106694054979,2020-08-13 13:00:00-04:00,209,True,False,28.8893305945021,388,23.1393305945021,-2.8606694054979016,3.6393305945020975,23.1393305945021,-30.6106694054979,-22.3606694054979,27.3893305945021,-30.6106694054979,-6.860669405497902,27.3893305945021,-30.6106694054979,17.1393305945021,27.3893305945021,-34.8606694054979,-32.3606694054979,27.3893305945021,-51.8606694054979,-51.3606694054979,27.3893305945021,-60.8606694054979,-32.6106694054979,27.3893305945021,-60.8606694054979,-54.1106694054979,69.6393305945021,-67.1106694054979,69.6393305945021,67.1106694054979,2020-08-13 09:31:00-04:00,21.25,26.5,62.25,37.0,307.25,11.178571428571429,15.625,23.267857142857142,25.982142857142858,3.26133327031032,3.144466953171184,2.9295166133791994,30.15999984741211,-0.0536555050766174,1.165620408708428,1.1917247029905775,1.1565067585475748,0.9544459045116076,1.0647446860493526,1.0177883305437705,,,,1.1132797550707998,1.084975446012308,1.084975446012308,0.9318602993585174,0.9552129758164681,0.9552129758164681,0.4278475740959256,0.41316442120785574,0.41316442120785574,26.5,25.982142857142858,307.25,26.239793934295403,0.9552129758164681,76.0,63.75,931,True,8.230699195663815e-07,LOW_VOL,0.9994265695924547,LOW_VOL,0.9737602639863044,46.21212121212121
671_upper,671,2020-08-12 10:30:00-04:00,2020-09-09 10:30:00-04:00,2020-08-13 13:40:00+00:00,2020-08-13,2020,upper,NQU0,11226.37510379692,11226.37510379692,clean,2020-08-13 19:59:00+00:00,97.12510379691956,2020-08-13 14:53:00-04:00,313,-39.624896203080425,2020-08-13 13:00:00-04:00,200,True,False,56.375103796919575,379,24.37510379691957,0.625103796919575,7.625103796919575,54.875103796919575,0.1251037969195749,41.375103796919575,54.875103796919575,0.1251037969195749,26.87510379691957,54.875103796919575,0.1251037969195749,11.375103796919577,54.875103796919575,-16.374896203080425,-9.874896203080423,54.875103796919575,-33.374896203080425,-22.374896203080425,54.875103796919575,-33.374896203080425,-9.124896203080423,54.875103796919575,-33.374896203080425,-25.874896203080425,97.12510379691956,-39.624896203080425,97.12510379691956,39.624896203080425,2020-08-13 09:40:00-04:00,21.25,26.5,62.25,37.0,307.25,13.785714285714286,15.625,23.267857142857142,25.982142857142858,6.358329140792918,5.091141823996408,4.116841882472052,30.15999984741211,-0.0536555050766174,1.165620408708428,1.1917247029905775,1.1565067585475748,0.9544459045116076,1.0647446860493526,1.0177883305437705,,,,1.1132797550707998,1.084975446012308,1.084975446012308,0.9318602993585174,0.9552129758164681,0.9552129758164681,0.4278475740959256,0.41316442120785574,0.41316442120785574,26.5,25.982142857142858,307.25,26.239793934295403,0.9552129758164681,76.0,63.75,940,True,8.610366850314343e-07,HIGH_VOL,0.9999992946334588,MID_VOL,0.7841650665015197,48.87218045112782
672_upper,672,2020-08-13 10:30:00-04:00,2020-09-10 10:30:00-04:00,2020-08-18 13:35:00+00:00,2020-08-18,2020,upper,NQU0,11353.428427392624,11353.428427392624,clean,2020-08-18 19:59:00+00:00,85.42842739262414,2020-08-18 10:30:00-04:00,55,-61.821572607375856,2020-08-18 15:21:00-04:00,346,False,True,-40.571572607375856,384,10.678427392624144,-28.571572607375856,-18.071572607375856,10.678427392624144,-28.571572607375856,-16.321572607375856,30.178427392624144,-28.571572607375856,10.428427392624144,60.428427392624144,-28.571572607375856,26.178427392624144,85.42842739262414,-28.571572607375856,52.928427392624144,85.42842739262414,-28.571572607375856,13.678427392624144,85.42842739262414,-28.571572607375856,0.928427392624144,85.42842739262414,-30.071572607375856,-26.321572607375856,85.42842739262414,-61.821572607375856,85.42842739262414,61.821572607375856,2020-08-18 09:35:00-04:00,14.0,18.0,41.75,19.5,158.25,7.660714285714286,10.589285714285714,15.464285714285714,16.946428571428573,2.5152055153143804,2.25676825968717,2.0081959135649234,27.729999542236328,-0.0487135538551183,0.7033105182288029,0.7390283281960957,0.7177988452491268,1.2267520869734032,1.0818353021742853,1.1278893351182508,,,,0.642301313943105,0.6360535624052551,0.6259712811586996,0.9226164403562563,0.9670951943679217,0.9270493306436823,0.8709793351302785,0.7073072853963737,0.6497754541189088,18.0,16.946428571428573,158.25,17.46527166366771,0.9670951943679217,44.0,43.25,935,True,6.407802860510492e-07,LOW_VOL,0.9998091501383387,LOW_VOL,0.6749560657360644,35.07462686567165
668_upper,668,2020-08-07 10:30:00-04:00,2020-09-04 10:30:00-04:00,2020-08-18 13:38:00+00:00,2020-08-18,2020,upper,NQU0,11375.79834656539,11375.79834656539,clean,2020-08-18 19:59:00+00:00,107.7983465653906,2020-08-18 10:30:00-04:00,52,-39.4516534346094,2020-08-18 15:21:00-04:00,343,False,True,-18.2016534346094,381,8.298346565390602,-6.201653434609398,4.798346565390602,25.0483465653906,-6.201653434609398,23.7983465653906,64.5483465653906,-6.201653434609398,64.0483465653906,82.7983465653906,-6.201653434609398,51.5483465653906,107.7983465653906,-6.201653434609398,70.7983465653906,107.7983465653906,-6.201653434609398,27.0483465653906,107.7983465653906,-6.201653434609398,23.5483465653906,107.7983465653906,-7.701653434609398,-0.2016534346093976,107.7983465653906,-39.4516534346094,107.7983465653906,39.4516534346094,2020-08-18 09:38:00-04:00,14.0,18.0,41.75,19.5,158.25,7.660714285714286,10.589285714285714,15.464285714285714,16.946428571428573,3.332072629946523,2.748560194180306,2.2999971611066106,27.729999542236328,-0.0487135538551183,0.7033105182288029,0.7390283281960957,0.7177988452491268,1.2267520869734032,1.0818353021742853,1.1278893351182508,,,,0.642301313943105,0.6360535624052551,0.6259712811586996,0.9226164403562563,0.9670951943679217,0.9270493306436823,0.8709793351302785,0.7073072853963737,0.6497754541189088,18.0,16.946428571428573,158.25,17.46527166366771,0.9670951943679217,44.0,43.25,938,True,6.407802860510492e-07,LOW_VOL,0.9998091501383387,LOW_VOL,0.6749560657360644,34.81481481481482
673_upper,673,2020-08-14 10:30:00-04:00,2020-09-11 10:30:00-04:00,2020-08-18 13:38:00+00:00,2020-08-18,2020,upper,NQU0,11369.976296981264,11369.976296981264,clean,2020-08-18 19:59:00+00:00,101.97629698126366,2020-08-18 10:30:00-04:00,52,-45.27370301873634,2020-08-18 15:21:00-04:00,343,False,True,-24.02370301873634,381,2.4762969812636584,-12.023703018736342,-1.0237030187363416,19.22629698126366,-12.023703018736342,17.97629698126366,58.72629698126366,-12.023703018736342,58.22629698126366,76.97629698126366,-12.023703018736342,45.72629698126366,101.97629698126366,-12.023703018736342,64.97629698126366,101.97629698126366,-12.023703018736342,21.22629698126366,101.97629698126366,-12.023703018736342,17.72629698126366,101.97629698126366,-13.523703018736342,-6.023703018736342,101.97629698126366,-45.27370301873634,101.97629698126366,45.27370301873634,2020-08-18 09:38:00-04:00,14.0,18.0,41.75,19.5,158.25,7.660714285714286,10.589285714285714,15.464285714285714,16.946428571428573,3.332072629946523,2.748560194180306,2.2999971611066106,27.729999542236328,-0.0487135538551183,0.7033105182288029,0.7390283281960957,0.7177988452491268,1.2267520869734032,1.0818353021742853,1.1278893351182508,,,,0.642301313943105,0.6360535624052551,0.6259712811586996,0.9226164403562563,0.9670951943679217,0.9270493306436823,0.8709793351302785,0.7073072853963737,0.6497754541189088,18.0,16.946428571428573,158.25,17.46527166366771,0.9670951943679217,44.0,43.25,938,True,6.407802860510492e-07,LOW_VOL,0.9998091501383387,LOW_VOL,0.6749560657360644,34.55882352941176
676_upper,676,2020-08-19 10:30:00-04:00,2020-09-16 10:30:00-04:00,2020-08-21 14:55:00+00:00,2020-08-21,2020,upper,NQU0,11549.90659303957,11549.90659303957,clean,2020-08-21 19:59:00+00:00,63.65659303957,2020-08-21 11:59:00-04:00,64,-23.59340696043,2020-08-21 15:01:00-04:00,246,False,True,-4.593406960430002,304,13.406593039569998,-8.093406960430002,12.656593039569998,34.65659303957,-8.093406960430002,25.65659303957,39.15659303957,-8.093406960430002,12.906593039569998,43.90659303957,-8.093406960430002,36.90659303957,48.90659303957,-8.093406960430002,37.40659303957,63.65659303957,-8.093406960430002,12.656593039569998,63.65659303957,-8.093406960430002,12.906593039569998,63.65659303957,-8.093406960430002,30.90659303957,63.65659303957,-23.59340696043,63.65659303957,23.59340696043,2020-08-21 10:55:00-04:00,22.5,60.25,55.5,98.0,275.0,21.821428571428573,27.571428571428573,28.803571428571427,26.821428571428573,4.861222933957598,4.756364110162889,4.224474294069381,28.440000534057617,-0.0152354099548147,1.1125188330365705,1.105478053759782,1.0445601851851851,1.3173433029680726,1.3266224182272932,1.2803527866391442,,,,1.0268971838553684,0.896609771915058,0.8022618400908686,1.2466240345486255,1.1906843186559528,1.1136781813865146,1.359074362974519,1.31085504606531,1.2464450217754182,60.25,26.821428571428573,275.0,40.19939143107233,1.1906843186559528,74.25,66.25,1015,True,1.2517535783919257e-06,LOW_VOL,0.9237882056532077,MID_VOL,0.9993407417075167,66.42335766423358
686_lower,686,2020-09-02 10:30:00-04:00,2020-09-30 10:30:00-04:00,2020-09-03 14:19:00+00:00,2020-09-03,2020,lower,NQU0,12087.299430239142,12087.299430239142,clean,2020-09-03 19:59:00+00:00,12.450569760858343,2020-09-03 10:20:00-04:00,1,-428.79943023914166,2020-09-03 15:29:00-04:00,310,False,True,-314.54943023914166,340,12.450569760858343,-55.29943023914166,-39.54943023914166,12.450569760858343,-62.29943023914166,-49.29943023914166,12.450569760858343,-196.79943023914169,-178.04943023914166,12.450569760858343,-196.79943023914169,-160.04943023914166,12.450569760858343,-326.29943023914166,-318.04943023914166,12.450569760858343,-343.54943023914166,-177.54943023914166,12.450569760858343,-343.54943023914166,-215.29943023914169,12.450569760858343,-364.79943023914166,-294.29943023914166,12.450569760858343,-428.79943023914166,12.450569760858343,428.79943023914166,2020-09-03 10:19:00-04:00,79.75,109.5,138.0,155.75,293.0,39.375,33.625,34.5,38.517857142857146,12.352580575611436,10.477386687572372,8.457148853444112,36.79999923706055,0.0614364343988667,1.5257043325328914,1.6447628683675608,1.7050819269366695,1.5102406449774013,1.7655599190765203,1.8396904915430785,,,,1.5257043325328914,1.5332104104886608,1.5554942544589363,1.5102406449774013,1.5895827827341624,1.6510861823361824,1.5451799117127032,1.5922272697108453,1.6562245064447707,109.5,38.517857142857146,293.0,64.94386312149022,1.5895827827341624,85.25,76.25,979,True,6.577850347014141e-06,HIGH_VOL,0.99999999999006,HIGH_VOL,0.9999999991328034,97.82608695652173
685_lower,685,2020-09-01 10:30:00-04:00,2020-09-29 10:30:00-04:00,2020-09-03 14:46:00+00:00,2020-09-03,2020,lower,NQU0,11938.563043583585,11938.563043583585,clean,2020-09-03 19:59:00+00:00,59.43695641641716,2020-09-03 10:54:00-04:00,8,-280.06304358358284,2020-09-03 15:29:00-04:00,283,False,True,-165.81304358358284,313,23.18695641641716,-48.06304358358284,22.93695641641716,59.43695641641716,-48.06304358358284,2.6869564164171607,59.43695641641716,-81.06304358358284,-68.31304358358284,59.43695641641716,-194.81304358358284,-71.81304358358284,59.43695641641716,-194.81304358358284,-6.063043583582839,59.43695641641716,-194.81304358358284,-68.31304358358284,59.43695641641716,-194.81304358358284,-128.81304358358284,59.43695641641716,-216.06304358358284,-169.56304358358284,59.43695641641716,-280.06304358358284,59.43695641641716,280.06304358358284,2020-09-03 10:46:00-04:00,107.75,175.75,138.0,155.75,293.0,56.392857142857146,45.05357142857143,40.44642857142857,38.517857142857146,12.926744739491046,11.386874650653004,9.369001510938173,36.79999923706055,0.0614364343988667,2.329270088036981,2.380900787022407,2.5161495523290025,1.5102406449774013,1.7655599190765203,1.8396904915430785,,,,2.138254453063762,2.07447324601083,2.057103480555953,1.5102406449774013,1.5895827827341624,1.6510861823361824,1.5451799117127032,1.5922272697108453,1.6562245064447707,175.75,38.517857142857146,293.0,82.27705265052427,1.5895827827341624,85.25,78.25,1006,True,8.417213133481947e-06,HIGH_VOL,1.0,HIGH_VOL,1.0,100.0
679_lower,679,2020-08-24 10:30:00-04:00,2020-09-21 10:30:00-04:00,2020-09-04 14:15:00+00:00,2020-09-04,2020,lower,NQU0,11457.682293514365,11457.682293514365,clean,2020-09-04 19:59:00+00:00,293.5677064856354,2020-09-04 15:28:00-04:00,313,-315.6822935143646,2020-09-04 10:44:00-04:00,29,True,False,161.31770648563543,344,20.567706485635423,-61.932293514364574,-39.682293514364574,20.567706485635423,-106.68229351436456,-85.68229351436457,20.567706485635423,-315.6822935143646,-251.43229351436457,20.567706485635423,-315.6822935143646,-129.43229351436457,20.567706485635423,-315.6822935143646,-104.18229351436456,20.567706485635423,-315.6822935143646,-87.43229351436457,52.06770648563543,-315.6822935143646,-10.182293514364574,124.56770648563544,-315.6822935143646,-32.432293514364574,293.5677064856354,-315.6822935143646,293.5677064856354,315.6822935143646,2020-09-04 10:15:00-04:00,149.5,342.0,342.0,342.0,780.25,69.64285714285714,66.89285714285714,64.16071428571429,77.30357142857143,17.770917474843728,15.290977232107366,12.536906735183598,42.09000015258789,0.1437500278586931,2.178792458833824,2.403186747622223,2.496613707420675,2.104792613219991,2.4522994527884503,2.545168930349461,,,,2.178792458833824,2.2452516210477995,2.327286322426055,2.104792613219991,2.158162219763105,2.323410451383271,2.2053153153153153,2.2687798322443116,2.436979286572049,342.0,77.30357142857143,780.25,162.597113838381,2.158162219763105,210.75,150.75,975,True,1.7813087440000506e-05,HIGH_VOL,1.0,HIGH_VOL,1.0,100.0
680_lower,680,2020-08-25 10:30:00-04:00,2020-09-22 10:30:00-04:00,2020-09-04 14:17:00+00:00,2020-09-04,2020,lower,NQU0,11427.367044916484,11427.367044916484,clean,2020-09-04 19:59:00+00:00,323.8829550835162,2020-09-04 15:28:00-04:00,311,-285.3670449164838,2020-09-04 10:44:00-04:00,27,True,False,191.6329550835162,342,29.632955083516208,-33.86704491648379,17.882955083516208,48.13295508351621,-82.11704491648379,-81.11704491648379,48.13295508351621,-285.3670449164838,-185.8670449164838,48.13295508351621,-285.3670449164838,-144.1170449164838,48.13295508351621,-285.3670449164838,-117.8670449164838,48.13295508351621,-285.3670449164838,-33.86704491648379,82.38295508351621,-285.3670449164838,10.132955083516208,154.8829550835162,-285.3670449164838,-27.367044916483792,323.8829550835162,-285.3670449164838,323.8829550835162,285.3670449164838,2020-09-04 10:17:00-04:00,149.5,342.0,342.0,342.0,780.25,69.64285714285714,66.89285714285714,64.16071428571429,77.30357142857143,17.52929535538566,15.211015043508732,12.523111759642394,42.09000015258789,0.1437500278586931,2.178792458833824,2.403186747622223,2.496613707420675,2.104792613219991,2.4522994527884503,2.545168930349461,,,,2.178792458833824,2.2452516210477995,2.327286322426055,2.104792613219991,2.158162219763105,2.323410451383271,2.2053153153153153,2.2687798322443116,2.436979286572049,342.0,77.30357142857143,780.25,162.597113838381,2.158162219763105,210.75,150.75,977,True,1.7813087440000506e-05,HIGH_VOL,1.0,HIGH_VOL,1.0,99.29078014184397
678_lower,678,2020-08-21 10:30:00-04:00,2020-09-18 10:30:00-04:00,2020-09-04 14:35:00+00:00,2020-09-04,2020,lower,NQU0,11317.567173640926,11317.567173640926,clean,2020-09-04 19:59:00+00:00,433.68282635907417,2020-09-04 15:28:00-04:00,293,-175.56717364092583,2020-09-04 10:44:00-04:00,9,True,False,301.43282635907417,324,-1.81717364092583,-88.31717364092583,-54.81717364092583,-1.81717364092583,-175.56717364092583,-43.81717364092583,59.68282635907417,-175.56717364092583,-11.06717364092583,59.68282635907417,-175.56717364092583,13.43282635907417,59.68282635907417,-175.56717364092583,49.43282635907417,192.18282635907417,-175.56717364092583,170.18282635907417,239.18282635907417,-175.56717364092583,236.68282635907417,264.68282635907417,-175.56717364092583,68.68282635907417,433.68282635907417,-175.56717364092583,433.68282635907417,175.56717364092583,2020-09-04 10:35:00-04:00,145.25,259.25,342.0,342.0,780.25,88.57142857142857,76.73214285714286,85.92857142857143,77.30357142857143,19.186597009661448,16.74463852357434,13.7942310215149,42.09000015258789,0.1437500278586931,2.954654144219412,3.086662754126977,3.198521729638697,2.104792613219991,2.4522994527884503,2.545168930349461,,,,2.5913133559047954,2.6013696892834495,2.6668833617203855,2.104792613219991,2.158162219763105,2.323410451383271,2.2053153153153153,2.2687798322443116,2.436979286572049,259.25,77.30357142857143,780.25,141.56606547070928,2.158162219763105,210.75,148.5,995,True,2.038815533702271e-05,HIGH_VOL,1.0,HIGH_VOL,1.0,100.0
676_lower,676,2020-08-19 10:30:00-04:00,2020-09-16 10:30:00-04:00,2020-09-04 14:42:00+00:00,2020-09-04,2020,lower,NQU0,11216.34340696043,11216.34340696043,clean,2020-09-04 19:59:00+00:00,534.90659303957,2020-09-04 15:28:00-04:00,286,-74.34340696043,2020-09-04 10:44:00-04:00,2,True,False,402.65659303957,317,29.65659303957,-74.34340696043,25.15659303957,142.15659303957,-74.34340696043,132.65659303957,160.90659303957,-74.34340696043,83.65659303957,160.90659303957,-74.34340696043,22.15659303957,202.15659303957,-74.34340696043,151.40659303957,293.40659303957,-74.34340696043,213.90659303957,365.90659303957,-74.34340696043,305.15659303957,365.90659303957,-74.34340696043,229.90659303957,534.90659303957,-74.34340696043,534.90659303957,74.34340696043,2020-09-04 10:42:00-04:00,145.25,259.25,342.0,342.0,780.25,91.60714285714286,76.73214285714286,85.92857142857143,77.30357142857143,20.851911132713678,17.94950831893425,14.671363156046432,42.09000015258789,0.1437500278586931,2.954654144219412,3.086662754126977,3.198521729638697,2.104792613219991,2.4522994527884503,2.545168930349461,,,,2.5913133559047954,2.6013696892834495,2.6668833617203855,2.104792613219991,2.158162219763105,2.323410451383271,2.2053153153153153,2.2687798322443116,2.436979286572049,259.25,77.30357142857143,780.25,141.56606547070928,2.158162219763105,210.75,148.5,1002,True,1.755480409962125e-05,HIGH_VOL,1.0,HIGH_VOL,1.0,97.9020979020979
675_lower,675,2020-08-18 10:30:00-04:00,2020-09-15 10:30:00-04:00,2020-09-08 13:41:00+00:00,2020-09-08,2020,lower,NQU0,11134.05289964816,11134.05289964816,clean,2020-09-08 19:59:00+00:00,270.6971003518411,2020-09-08 10:31:00-04:00,50,-81.55289964815893,2020-09-08 15:59:00-04:00,378,False,True,-65.55289964815893,378,85.94710035184107,-17.052899648158927,73.69710035184107,146.94710035184107,-17.052899648158927,134.19710035184107,205.94710035184107,-17.052899648158927,201.94710035184107,259.6971003518411,-17.052899648158927,247.44710035184107,270.6971003518411,-17.052899648158927,162.94710035184107,270.6971003518411,-17.052899648158927,181.94710035184107,270.6971003518411,-17.052899648158927,62.94710035184107,270.6971003518411,-17.052899648158927,97.19710035184109,270.6971003518411,-81.55289964815893,270.6971003518411,81.55289964815893,2020-09-08 09:41:00-04:00,42.0,72.75,101.5,142.75,241.0,37.35714285714285,54.625,71.875,72.60714285714286,17.82056649503818,14.293656735564742,11.700953541202592,41.7400016784668,-0.008315478091049,2.3917502535782718,2.682085308056872,3.640137221269297,3.540764113934846,3.642337047109395,3.711195530726257,,,,1.865506329113924,2.411590909090909,2.6117777367546613,3.2852508308276627,3.277470792548153,3.1771502907866545,3.4269181311615946,3.5004378283712785,3.5004378283712785,72.75,72.60714285714286,241.0,72.67853632852785,3.277470792548153,90.25,79.75,941,True,7.68748166470234e-06,HIGH_VOL,1.0,HIGH_VOL,1.0,95.13888888888889
694_lower,694,2020-09-14 10:30:00-04:00,2020-10-12 10:30:00-04:00,2020-09-17 12:30:00+00:00,2020-09-17,2020,lower,NQZ0,10994.689272151754,10994.689272151754,clean,2020-09-17 19:59:00+00:00,154.81072784824573,2020-09-17 11:15:00-04:00,165,-90.43927215175428,2020-09-17 09:13:00-04:00,43,True,False,72.56072784824573,449,16.060727848245733,-7.939272151754267,-7.189272151754267,16.060727848245733,-9.939272151754269,8.060727848245733,18.310727848245733,-34.93927215175427,-29.439272151754267,18.310727848245733,-90.43927215175428,-73.68927215175427,18.310727848245733,-90.43927215175428,-35.68927215175427,81.56072784824573,-90.43927215175428,73.56072784824573,115.31072784824572,-90.43927215175428,35.06072784824573,154.81072784824573,-90.43927215175428,101.31072784824572,154.81072784824573,-90.43927215175428,154.81072784824573,90.43927215175428,2020-09-17 08:30:00-04:00,28.25,41.0,81.5,141.0,315.25,23.875,36.08928571428572,53.17857142857143,65.83928571428571,6.182920526796349,6.0046651338793815,5.677867232959961,35.47999954223633,0.0500147552802341,2.7779232111692846,2.9435968562182158,2.357711534900944,3.6323359232931054,3.4226964716878263,3.470541778549992,,,,1.9405669003352637,1.9273497805357953,2.2148012870684406,2.739650872817955,2.9362555124949887,3.238319823139278,2.7372721083289204,2.7675245707292824,3.034933948416859,41.0,65.83928571428571,315.25,51.955853513205945,2.9362555124949887,109.25,87.0,870,True,1.2713571422779517e-06,HIGH_VOL,0.998834494899579,MID_VOL,0.9835847902731147,64.13793103448275
693_lower,693,2020-09-11 10:30:00-04:00,2020-10-09 10:30:00-04:00,2020-09-17 13:10:00+00:00,2020-09-17,2020,lower,NQZ0,10928.374158194558,10928.374158194558,clean,2020-09-17 19:59:00+00:00,221.12584180544215,2020-09-17 11:15:00-04:00,125,-24.124158194557825,2020-09-17 09:13:00-04:00,3,True,False,138.87584180544218,409,11.625841805442178,-24.124158194557825,-7.374158194557822,23.375841805442175,-24.124158194557825,18.375841805442175,99.12584180544218,-24.124158194557825,69.12584180544218,140.37584180544218,-24.124158194557825,132.87584180544218,171.62584180544218,-24.124158194557825,171.62584180544218,181.62584180544215,-24.124158194557825,148.87584180544218,210.37584180544215,-24.124158194557825,206.87584180544215,221.12584180544215,-24.124158194557825,51.87584180544218,221.12584180544215,-24.124158194557825,221.12584180544215,24.124158194557825,2020-09-17 09:10:00-04:00,47.5,60.0,74.5,141.0,315.25,24.535714285714285,37.82142857142857,52.82142857142857,68.55357142857143,6.848235224664418,6.589268833936442,6.126291212271351,35.47999954223633,0.0500147552802341,2.5551206784083496,2.649844405357868,3.2138168690515263,2.963958180484226,2.856296950950066,2.7763078773301264,,,,2.3948398141354854,2.516543527144234,2.516543527144234,2.363363802559415,2.4509157092480947,2.508070774483936,2.7372721083289204,2.7675245707292824,3.034933948416859,60.0,68.55357142857143,315.25,64.1343456013569,2.4509157092480947,103.25,85.25,910,True,2.2258533918392688e-06,HIGH_VOL,0.9999999999624026,HIGH_VOL,0.9993343388200258,78.76712328767124
701_upper,701,2020-09-23 10:30:00-04:00,2020-10-21 10:30:00-04:00,2020-09-28 12:06:00+00:00,2020-09-28,2020,upper,NQZ0,11360.491702084564,11360.491702084564,clean,2020-09-28 19:59:00+00:00,134.24170208456417,2020-09-28 12:22:00-04:00,256,-5.008297915435833,2020-09-28 08:23:00-04:00,17,True,False,0.9917020845641672,473,8.991702084564167,-1.5082979154358327,6.491702084564167,12.491702084564167,-3.2582979154358327,4.241702084564167,12.491702084564167,-5.008297915435833,8.741702084564167,22.241702084564167,-5.008297915435833,17.491702084564167,22.241702084564167,-5.008297915435833,18.241702084564167,60.49170208456417,-5.008297915435833,60.49170208456417,108.99170208456415,-5.008297915435833,93.24170208456415,125.24170208456415,-5.008297915435833,94.24170208456415,134.24170208456417,-5.008297915435833,134.24170208456417,5.008297915435833,2020-09-28 08:06:00-04:00,27.0,27.0,42.25,79.5,352.5,13.428571428571429,21.25,25.285714285714285,32.607142857142854,4.308895390590991,4.145400425908986,3.827652175322844,34.93000030517578,-0.0556907618225445,0.7167438782263402,0.7049060288015622,1.099492385786802,0.9993952832090304,0.9552986512524084,1.3390952059419312,,,,0.6227717078780909,0.6827961226258964,0.9351322180248246,0.7948697394789579,0.8304857621440536,1.082828282828283,1.2274195284745397,1.2278160671979323,1.374917093759421,27.0,32.607142857142854,352.5,29.67141481532111,0.8304857621440536,81.75,66.75,846,True,7.535354282042363e-07,LOW_VOL,0.5499924488045929,MID_VOL,0.9987982055051016,41.49659863945578
690_upper,690,2020-09-08 10:30:00-04:00,2020-10-06 10:30:00-04:00,2020-10-01 12:39:00+00:00,2020-10-01,2020,upper,NQZ0,11582.995004935285,11582.995004935285,clean,2020-10-01 19:59:00+00:00,108.99500493528468,2020-10-01 11:10:00-04:00,151,-16.25499506471533,2020-10-01 15:04:00-04:00,385,False,True,10.495004935284667,440,15.495004935284667,-13.004995064715333,-1.254995064715331,25.74500493528467,-13.004995064715333,23.99500493528467,40.99500493528467,-13.004995064715333,28.74500493528467,40.99500493528467,-13.004995064715333,34.24500493528467,47.74500493528467,-13.004995064715333,37.24500493528467,80.24500493528467,-13.004995064715333,74.49500493528467,98.49500493528468,-13.004995064715333,44.49500493528467,108.99500493528468,-13.004995064715333,33.24500493528467,108.99500493528468,-16.25499506471533,108.99500493528468,16.25499506471533,2020-10-01 08:39:00-04:00,21.5,31.75,34.75,41.75,359.0,11.607142857142858,22.428571428571427,30.660714285714285,43.035714285714285,3.346094770723232,3.358141275562452,3.406646422904853,35.41999816894531,0.004822643090647,1.1272753332377812,1.658408012651555,1.3679450386990173,1.0520056440233825,1.210694194745694,1.210694194745694,,,,0.8812324929971989,0.87248322147651,1.0592592592592593,0.9630928215537922,0.8742043551088777,1.0523238229660248,1.1328234406980502,1.085270517815217,1.2233241238912316,31.75,43.035714285714285,359.0,36.96463077823757,0.8742043551088777,84.25,68.75,879,True,3.5041147713128347e-07,LOW_VOL,0.9987110792297815,LOW_VOL,0.5880649304188194,18.243243243243242
691_upper,691,2020-09-09 10:30:00-04:00,2020-10-07 10:30:00-04:00,2020-10-01 12:39:00+00:00,2020-10-01,2020,upper,NQZ0,11582.121047368802,11582.121047368802,clean,2020-10-01 19:59:00+00:00,108.12104736880246,2020-10-01 11:10:00-04:00,151,-17.128952631197535,2020-10-01 15:04:00-04:00,385,False,True,9.621047368802463,440,14.621047368802463,-13.878952631197537,-2.128952631197535,24.871047368802465,-13.878952631197537,23.121047368802465,40.12104736880247,-13.878952631197537,27.871047368802465,40.12104736880247,-13.878952631197537,33.371047368802465,46.87104736880247,-13.878952631197537,36.37104736880247,79.37104736880246,-13.878952631197537,73.62104736880246,97.62104736880246,-13.878952631197537,43.62104736880247,108.12104736880246,-13.878952631197537,32.371047368802465,108.12104736880246,-17.128952631197535,108.12104736880246,17.128952631197535,2020-10-01 08:39:00-04:00,21.5,31.75,34.75,41.75,359.0,11.607142857142858,22.428571428571427,30.660714285714285,43.035714285714285,3.346094770723232,3.358141275562452,3.406646422904853,35.41999816894531,0.004822643090647,1.1272753332377812,1.658408012651555,1.3679450386990173,1.0520056440233825,1.210694194745694,1.210694194745694,,,,0.8812324929971989,0.87248322147651,1.0592592592592593,0.9630928215537922,0.8742043551088777,1.0523238229660248,1.1328234406980502,1.085270517815217,1.2233241238912316,31.75,43.035714285714285,359.0,36.96463077823757,0.8742043551088777,84.25,68.75,879,True,3.5041147713128347e-07,LOW_VOL,0.9987110792297815,LOW_VOL,0.5880649304188194,18.120805369127517
708_upper,708,2020-10-02 10:30:00-04:00,2020-10-30 10:30:00-04:00,2020-10-09 12:56:00+00:00,2020-10-09,2020,upper,NQZ0,11616.392866816184,11616.392866816184,clean,2020-10-09 19:59:00+00:00,28.142866816182504,2020-10-09 09:32:00-04:00,36,-98.1071331838175,2020-10-09 15:59:00-04:00,423,False,True,-95.1071331838175,423,10.892866816182504,1.6428668161825044,9.892866816182504,10.892866816182504,1.6428668161825044,3.892866816182504,10.892866816182504,0.3928668161825044,8.392866816182504,28.142866816182504,-5.107133183817496,-1.857133183817496,28.142866816182504,-23.107133183817496,-14.357133183817496,28.142866816182504,-29.607133183817496,-3.607133183817496,28.142866816182504,-43.357133183817496,-36.107133183817496,28.142866816182504,-70.6071331838175,-51.357133183817496,28.142866816182504,-98.1071331838175,28.142866816182504,98.1071331838175,2020-10-09 08:56:00-04:00,14.25,24.25,36.0,37.75,109.0,7.946428571428571,12.428571428571429,16.642857142857142,20.839285714285715,2.780806598926844,2.448271796408414,2.2025021380809444,34.43000030517578,-0.0331367673392503,0.7966174573598968,0.7958190148911798,0.9939198855507868,0.7492158912702561,0.7294821224074309,0.696640136095753,,,,0.6674672751290981,0.7482498653742595,0.6872758748608878,0.577806893771417,0.5779816513761468,0.5779816513761468,0.5701463308491541,0.5889194808113727,0.5889194808113727,24.25,20.839285714285715,109.0,22.48005067991237,0.5779816513761468,27.5,31.5,896,True,3.9372914916452916e-07,LOW_VOL,0.9909919165151535,LOW_VOL,0.6363363640080478,20.666666666666668
695_upper,695,2020-09-15 10:30:00-04:00,2020-10-13 10:30:00-04:00,2020-10-09 13:35:00+00:00,2020-10-09,2020,upper,NQZ0,11618.987828672012,11618.987828672012,clean,2020-10-09 19:59:00+00:00,13.987828672012256,2020-10-09 09:36:00-04:00,1,-95.51217132798774,2020-10-09 15:59:00-04:00,384,False,True,-92.51217132798774,384,13.987828672012256,0.737828672012256,3.987828672012256,13.987828672012256,-16.762171327987744,-9.762171327987744,13.987828672012256,-27.012171327987744,-12.262171327987744,13.987828672012256,-27.012171327987744,-0.012171327987744,13.987828672012256,-28.012171327987744,-25.512171327987744,13.987828672012256,-49.762171327987744,-45.762171327987744,13.987828672012256,-53.012171327987744,-49.262171327987744,13.987828672012256,-79.26217132798774,-73.01217132798774,13.987828672012256,-95.51217132798774,13.987828672012256,95.51217132798774,2020-10-09 09:35:00-04:00,14.5,14.5,42.5,37.75,109.0,8.803571428571429,13.732142857142858,18.839285714285715,20.482142857142858,3.0822017348856914,2.69742807400342,2.384033380439587,34.43000030517578,-0.0331367673392503,1.3775735294117648,1.3640334910811795,1.3279385705847608,1.0521739130434782,1.0510475607891114,1.215048440704335,,,,1.0426676560615897,1.096041341653666,0.8813705504155559,0.9329423901829831,1.0052362147140559,0.9483124982752436,0.5701463308491541,0.5889194808113727,0.5889194808113727,14.5,20.482142857142858,109.0,17.23342889353629,1.0052362147140559,32.5,35.0,935,True,2.959970959118952e-07,LOW_VOL,0.9978615710262659,MID_VOL,0.8288268633447211,16.55629139072848
706_upper,706,2020-09-30 10:30:00-04:00,2020-10-28 10:30:00-04:00,2020-10-09 13:43:00+00:00,2020-10-09,2020,upper,NQZ0,11626.47829548424,11626.47829548424,clean,2020-10-09 19:59:00+00:00,17.978295484241244,2020-10-09 09:46:00-04:00,3,-88.02170451575876,2020-10-09 15:59:00-04:00,376,False,True,-85.02170451575876,376,17.978295484241244,0.2282954842412436,5.228295484241244,17.978295484241244,-13.021704515758756,-5.021704515758756,17.978295484241244,-19.52170451575876,2.728295484241244,17.978295484241244,-19.52170451575876,-3.5217045157587563,17.978295484241244,-25.52170451575876,-17.771704515758756,17.978295484241244,-42.27170451575876,-35.02170451575876,17.978295484241244,-45.52170451575876,-40.02170451575876,17.978295484241244,-71.77170451575876,-63.52170451575876,17.978295484241244,-88.02170451575876,17.978295484241244,88.02170451575876,2020-10-09 09:43:00-04:00,14.5,14.5,42.5,37.75,109.0,10.214285714285714,13.732142857142858,18.839285714285715,20.482142857142858,3.3497037580315965,2.891576269247898,2.5115101951180856,34.43000030517578,-0.0331367673392503,1.3775735294117648,1.3640334910811795,1.3279385705847608,1.0521739130434782,1.0510475607891114,1.215048440704335,,,,1.0426676560615897,1.096041341653666,0.8813705504155559,0.9329423901829831,1.0052362147140559,0.9483124982752436,0.5701463308491541,0.5889194808113727,0.5889194808113727,14.5,20.482142857142858,109.0,17.23342889353629,1.0052362147140559,32.5,35.0,943,True,3.704147958201478e-07,LOW_VOL,0.999282863462281,LOW_VOL,0.7132935933414831,21.052631578947366
696_upper,696,2020-09-16 10:30:00-04:00,2020-10-14 10:30:00-04:00,2020-10-09 14:37:00+00:00,2020-10-09,2020,upper,NQZ0,11647.987374097873,11647.987374097873,clean,2020-10-09 19:59:00+00:00,6.4873740978728165,2020-10-09 10:40:00-04:00,3,-66.51262590212718,2020-10-09 15:59:00-04:00,322,False,True,-63.51262590212718,322,6.4873740978728165,-4.012625902127184,-2.0126259021271835,6.4873740978728165,-11.762625902127184,-8.262625902127184,6.4873740978728165,-20.762625902127184,-15.012625902127184,6.4873740978728165,-20.762625902127184,-9.512625902127184,6.4873740978728165,-24.012625902127184,-19.762625902127184,6.4873740978728165,-41.26262590212718,-38.26262590212718,6.4873740978728165,-50.26262590212718,-42.26262590212718,6.4873740978728165,-57.51262590212718,-29.512625902127184,6.4873740978728165,-66.51262590212718,6.4873740978728165,66.51262590212718,2020-10-09 10:37:00-04:00,24.0,33.25,51.25,65.25,109.0,18.107142857142858,18.75,20.375,21.589285714285715,4.668758906004139,4.166242577850366,3.505432948846071,34.43000030517578,-0.0331367673392503,0.811134353184304,0.8066719300224319,0.8110525917899353,1.0185118941155429,1.0038960581059164,0.930907366992799,,,,0.7170067724113349,0.7729625226653217,0.704613868972689,0.7824909995328002,0.8498175604587478,0.7565179846557508,0.7959348022162093,0.9277936317212376,0.7906205337144564,33.25,21.589285714285715,109.0,26.79260625620434,0.8498175604587478,30.75,35.25,997,True,5.281524890004857e-07,LOW_VOL,0.9862425415717385,MID_VOL,0.743529159887137,29.411764705882355
710_upper,710,2020-10-06 10:30:00-04:00,2020-11-03 10:30:00-05:00,2020-10-09 14:49:00+00:00,2020-10-09,2020,upper,NQZ0,11658.258711575743,11658.258711575743,clean,2020-10-09 19:59:00+00:00,9.75871157574511,2020-10-09 11:24:00-04:00,35,-56.24128842425489,2020-10-09 15:59:00-04:00,310,False,True,-53.24128842425489,310,7.00871157574511,-0.9912884242548898,4.75871157574511,7.00871157574511,-10.49128842425489,-9.49128842425489,7.00871157574511,-10.49128842425489,1.0087115757451102,9.75871157574511,-13.74128842425489,-10.24128842425489,9.75871157574511,-27.24128842425489,-24.24128842425489,9.75871157574511,-39.99128842425489,-33.49128842425489,9.75871157574511,-39.99128842425489,-23.24128842425489,9.75871157574511,-47.24128842425489,-27.49128842425489,9.75871157574511,-56.24128842425489,9.75871157574511,56.24128842425489,2020-10-09 10:49:00-04:00,22.5,33.25,51.25,65.25,109.0,18.982142857142858,19.303571428571427,20.375,21.589285714285715,4.4062004058341016,4.082672357637257,3.503336011444784,34.43000030517578,-0.0331367673392503,0.811134353184304,0.8066719300224319,0.8110525917899353,1.0185118941155429,1.0038960581059164,0.930907366992799,,,,0.7170067724113349,0.7729625226653217,0.704613868972689,0.7824909995328002,0.8498175604587478,0.7565179846557508,0.7959348022162093,0.9277936317212376,0.7906205337144564,33.25,21.589285714285715,109.0,26.79260625620434,0.8498175604587478,30.75,35.25,1009,True,5.199239904903757e-07,LOW_VOL,0.9991029961992233,LOW_VOL,0.5730071015667239,29.22077922077922
717_lower,717,2020-10-15 10:30:00-04:00,2020-11-12 10:30:00-05:00,2020-10-22 14:32:00+00:00,2020-10-22,2020,lower,NQZ0,11559.063209803786,11559.063209803786,clean,2020-10-22 19:59:00+00:00,125.93679019621412,2020-10-22 15:38:00-04:00,306,-48.06320980378587,2020-10-22 10:50:00-04:00,18,True,False,95.18679019621412,327,18.936790196214133,-17.063209803785867,12.936790196214131,18.936790196214133,-42.81320980378587,-16.813209803785867,28.686790196214133,-48.06320980378587,21.186790196214133,48.18679019621413,-48.06320980378587,37.68679019621413,54.68679019621413,-48.06320980378587,47.43679019621413,57.93679019621413,-48.06320980378587,16.686790196214133,57.93679019621413,-48.06320980378587,5.436790196214133,94.93679019621412,-48.06320980378587,74.43679019621413,125.93679019621412,-48.06320980378587,125.93679019621412,48.06320980378587,2020-10-22 10:32:00-04:00,78.75,108.25,59.25,62.5,194.25,26.642857142857142,23.875,28.017857142857142,37.625,6.5328729991197045,5.709735534524799,4.835548251853094,35.08000183105469,-0.0048226430906471,1.3314552521063203,1.4478924377375617,1.308552091878589,0.9796386390813636,1.0598378450223738,0.9937355643807846,,,,1.2723465775960916,1.2258846980558857,1.1680816494656627,0.9502955571092608,0.9468351223837117,0.8924837893700053,1.0082313652847714,0.9536436098018409,0.9473548735046088,108.25,37.625,194.25,63.81932505127268,0.9468351223837117,51.75,53.5,992,True,2.5129020543044585e-06,HIGH_VOL,0.9999999999999999,HIGH_VOL,0.9999999999999993,83.87096774193549
712_lower,712,2020-10-08 10:30:00-04:00,2020-11-05 10:30:00-05:00,2020-10-28 13:40:00+00:00,2020-10-28,2020,lower,NQZ0,11338.641182449986,11338.641182449986,clean,2020-10-28 19:59:00+00:00,19.858817550013555,2020-10-28 09:41:00-04:00,1,-214.89118244998645,2020-10-28 15:59:00-04:00,379,False,True,-201.14118244998645,379,19.858817550013555,-9.391182449986443,12.358817550013557,19.858817550013555,-72.39118244998645,-58.141182449986445,19.858817550013555,-79.39118244998645,-50.391182449986445,19.858817550013555,-110.14118244998645,-95.14118244998645,19.858817550013555,-130.14118244998645,-88.64118244998645,19.858817550013555,-136.39118244998645,-93.39118244998645,19.858817550013555,-143.39118244998645,-124.14118244998645,19.858817550013555,-143.39118244998645,-116.89118244998645,19.858817550013555,-214.89118244998645,19.858817550013555,214.89118244998645,2020-10-28 09:40:00-04:00,16.5,23.25,68.25,47.75,144.75,17.607142857142858,20.892857142857142,35.464285714285715,34.69642857142857,6.388552584058933,5.294825356622954,4.593451336555437,36.560001373291016,-0.0227211568454441,1.4799313893653516,1.5311446317657498,1.5311446317657498,1.7819434976899189,1.7132974075152927,1.6601630032106691,,,,1.3712650985378259,1.3218261668879583,1.1753700844609936,1.3692818065417298,1.4026291471666616,1.3327857244016428,1.2790875688916106,1.1908919217474967,0.9681905092994959,23.25,34.69642857142857,144.75,28.402323219865558,1.4026291471666616,45.75,45.75,940,True,1.5724583194150602e-06,HIGH_VOL,0.999999994702626,HIGH_VOL,0.9999999802822152,71.7948717948718
725_lower,725,2020-10-27 10:30:00-04:00,2020-11-24 10:30:00-05:00,2020-10-28 13:50:00+00:00,2020-10-28,2020,lower,NQZ0,11310.353257423809,11310.353257423809,clean,2020-10-28 19:59:00+00:00,5.396742576191173,2020-10-28 09:51:00-04:00,1,-186.60325742380883,2020-10-28 15:59:00-04:00,369,False,True,-172.85325742380883,369,5.396742576191173,-44.10325742380883,-29.853257423808827,5.396742576191173,-51.10325742380883,-43.10325742380883,5.396742576191173,-79.10325742380883,-67.35325742380883,5.396742576191173,-101.85325742380884,-52.60325742380883,5.396742576191173,-101.85325742380884,-82.10325742380883,5.396742576191173,-108.10325742380884,-83.10325742380883,5.396742576191173,-115.10325742380884,-73.35325742380883,5.396742576191173,-115.10325742380884,-108.60325742380884,5.396742576191173,-186.60325742380883,5.396742576191173,186.60325742380883,2020-10-28 09:50:00-04:00,93.75,23.25,68.25,47.75,144.75,21.875,21.196428571428573,35.464285714285715,34.69642857142857,7.973690338749532,6.487412808336805,5.374009171049299,36.560001373291016,-0.0227211568454441,1.4799313893653516,1.5311446317657498,1.5311446317657498,1.7819434976899189,1.7132974075152927,1.6601630032106691,,,,1.3712650985378259,1.3218261668879583,1.1753700844609936,1.3692818065417298,1.4026291471666616,1.3327857244016428,1.2790875688916106,1.1908919217474967,0.9681905092994959,23.25,34.69642857142857,144.75,28.402323219865558,1.4026291471666616,45.75,45.75,950,True,1.9383019876795735e-06,HIGH_VOL,0.9999999999999938,HIGH_VOL,0.9999999999999442,77.70700636942675
746_upper,746,2020-11-25 10:30:00-05:00,2020-12-23 10:30:00-05:00,2020-11-27 15:17:00+00:00,2020-11-27,2020,upper,NQZ0,12270.439816503806,12270.439816503806,clean,2020-11-27 20:59:00+00:00,38.18981650380556,2020-11-27 12:20:00-05:00,123,-37.06018349619444,2020-11-27 10:33:00-05:00,16,True,False,-2.8101834961944405,177,-1.0601834961944403,-15.31018349619444,-12.81018349619444,-1.0601834961944403,-33.31018349619444,-32.31018349619444,-1.0601834961944403,-37.06018349619444,-21.56018349619444,-1.0601834961944403,-37.06018349619444,-22.06018349619444,-1.0601834961944403,-37.06018349619444,-22.56018349619444,9.18981650380556,-37.06018349619444,6.43981650380556,29.93981650380556,-37.06018349619444,20.18981650380556,38.18981650380556,-37.06018349619444,-2.8101834961944405,38.18981650380556,-37.06018349619444,38.18981650380556,37.06018349619444,2020-11-27 10:17:00-05:00,24.25,40.0,40.0,56.5,96.5,14.553571428571429,14.285714285714286,13.839285714285714,18.125,3.685330902155374,3.222051969777167,2.6663831756557195,25.690000534057617,-0.0115428718623509,0.8792049260019444,0.8533741559367529,0.7777533565865545,0.7984739519382564,0.7927725531173807,0.7307093439491469,0.7351715849913206,0.7181925502703478,0.6878814570487952,0.7185816955377796,0.7118566980372949,0.6852572198366591,0.7148735022064482,0.6517991380174402,0.6504393798671144,0.6255908553767839,0.6255908553767839,0.6255908553767839,40.0,18.125,96.5,26.92582403567252,0.6517991380174402,25.75,31.0,977,True,4.3252685392084995e-07,LOW_VOL,0.9960642918407474,MID_VOL,0.7252731132270496,22.151898734177212
748_upper,748,2020-11-27 10:30:00-05:00,2020-12-28 10:30:00-05:00,2020-12-01 15:02:00+00:00,2020-12-01,2020,upper,NQZ0,12410.052418330972,12410.052418330972,clean,2020-12-01 20:59:00+00:00,60.052418330971705,2020-12-01 10:40:00-05:00,38,-102.1975816690283,2020-12-01 14:12:00-05:00,250,False,True,-40.197581669028295,357,4.802418330971705,-9.447581669028295,1.0524183309717046,4.802418330971705,-19.697581669028292,-5.197581669028295,20.302418330971705,-22.447581669028292,19.802418330971705,60.052418330971705,-22.447581669028292,38.052418330971705,60.052418330971705,-22.447581669028292,10.052418330971705,60.052418330971705,-34.197581669028295,-9.697581669028295,60.052418330971705,-47.697581669028295,-44.697581669028295,60.052418330971705,-77.9475816690283,-56.697581669028295,60.052418330971705,-102.1975816690283,60.052418330971705,102.1975816690283,2020-12-01 10:02:00-05:00,26.5,61.0,61.0,63.75,251.25,16.464285714285715,14.464285714285714,19.696428571428573,21.928571428571427,4.876587860597158,3.94744505103521,3.259471683719911,26.68000030517578,0.0214394888188991,1.2517642868274004,1.2330160957852725,1.16796144738482,1.2263490088007822,1.2180654275749414,1.2012539184952975,1.146489703034672,1.1138911967261516,1.0580807586697192,1.082598482806423,1.0258618330429388,0.9835916453836197,1.1235523122281768,1.087263556116015,0.9876430074886525,1.0222309039811466,0.9614190214299261,0.9417180407044919,61.0,21.928571428571427,251.25,36.57380014631864,1.087263556116015,67.0,61.75,962,True,8.604545028384712e-07,HIGH_VOL,0.9999938891845718,HIGH_VOL,0.9999740138674909,48.42767295597484
751_upper,751,2020-12-02 10:30:00-05:00,2021-01-04 10:30:00-05:00,2020-12-07 14:58:00+00:00,2020-12-07,2020,upper,NQZ0,12586.46422517784,12586.46422517784,clean,2020-12-07 20:59:00+00:00,39.46422517783867,2020-12-07 13:43:00-05:00,225,-25.78577482216133,2020-12-07 11:13:00-05:00,75,True,False,-10.78577482216133,361,7.464225177838671,-7.535774822161329,1.7142251778386708,7.464225177838671,-11.53577482216133,-2.535774822161329,7.464225177838671,-14.78577482216133,-4.785774822161329,10.21422517783867,-14.78577482216133,-3.035774822161329,10.21422517783867,-14.78577482216133,-0.5357748221613292,10.21422517783867,-25.78577482216133,-13.53577482216133,10.21422517783867,-25.78577482216133,-3.535774822161329,15.21422517783867,-25.78577482216133,12.46422517783867,39.46422517783867,-25.78577482216133,39.46422517783867,25.78577482216133,2020-12-07 09:58:00-05:00,57.0,8.5,15.5,17.75,87.25,9.535714285714286,8.589285714285714,15.982142857142858,24.928571428571427,3.324159450687433,2.7148596566049426,2.3716246927817117,27.020000457763672,-0.0135085410781208,0.7603338632750397,0.6002981093590649,0.5363802046824618,0.7860777898945838,0.7267686103175937,0.7028520354269928,1.0668295487208967,1.039854311129789,1.0156666894711637,0.38099980083648677,0.35736969923407436,0.3496299003929453,0.5680325715786708,0.4952620881165727,0.4837807606263982,0.8391363328057879,0.6585928489042676,0.5566554180727409,8.5,24.928571428571427,87.25,14.556540012752246,0.4952620881165727,21.75,25.25,958,True,5.185468718024807e-07,HIGH_VOL,0.9709805706709363,HIGH_VOL,0.9644007500426348,28.749999999999996
758_upper,758,2020-12-11 10:30:00-05:00,2021-01-13 10:30:00-05:00,2020-12-14 14:57:00+00:00,2020-12-14,2020,upper,NQH1,12513.505255950951,12513.505255950951,clean,2020-12-14 20:59:00+00:00,62.25525595095314,2020-12-14 15:50:00-05:00,353,-35.99474404904686,2020-12-14 11:24:00-05:00,87,True,False,55.00525595095314,362,4.255255950953142,-16.494744049046858,0.255255950953142,9.005255950953142,-16.494744049046858,-3.244744049046858,9.005255950953142,-31.994744049046854,-22.744744049046854,9.005255950953142,-31.994744049046854,-13.994744049046858,9.005255950953142,-31.994744049046854,-13.494744049046858,15.255255950953142,-35.99474404904686,-25.994744049046854,15.255255950953142,-35.99474404904686,-19.994744049046854,21.005255950953146,-35.99474404904686,15.505255950953142,62.25525595095314,-35.99474404904686,62.25525595095314,35.99474404904686,2020-12-14 09:57:00-05:00,77.5,11.75,47.5,33.75,180.0,13.392857142857142,13.285714285714286,18.071428571428573,22.321428571428573,5.458819045942709,4.587330539136266,3.7524557018691778,29.0,-0.0051457845795279,0.7349421619465497,0.7489076313382786,0.7336253235118455,1.0963005780346822,1.0428901352688882,0.968097595834822,0.8728276976963492,0.8898502952891086,0.8898502952891086,0.5607121119902617,0.3924387646432375,0.34622069807863953,0.8128053484186166,0.7163739376770538,0.599658530416087,0.7967289719626168,0.6914990127541492,0.5044771470840146,11.75,22.321428571428573,180.0,16.194961738586656,0.7163739376770538,44.5,42.25,957,True,2.7346259393941086e-06,HIGH_VOL,1.0,HIGH_VOL,1.0,85.71428571428571
757_upper,757,2020-12-10 10:30:00-05:00,2021-01-12 10:30:00-05:00,2020-12-15 14:30:00+00:00,2020-12-15,2020,upper,NQH1,12569.580163178834,12569.580163178834,clean,2020-12-15 20:59:00+00:00,97.58016317883448,2020-12-15 11:07:00-05:00,97,-29.41983682116552,2020-12-15 15:59:00-05:00,389,False,True,-27.91983682116552,389,26.58016317883448,-15.419836821165518,15.330163178834482,27.58016317883448,-15.419836821165518,6.830163178834482,27.58016317883448,-15.419836821165518,0.8301631788344821,27.58016317883448,-15.419836821165518,16.330163178834482,27.58016317883448,-15.419836821165518,14.580163178834482,51.58016317883448,-15.419836821165518,49.58016317883448,97.58016317883448,-15.419836821165518,75.33016317883448,97.58016317883448,-15.419836821165518,43.83016317883448,97.58016317883448,-29.41983682116552,97.58016317883448,29.41983682116552,2020-12-15 09:30:00-05:00,11.5,13.75,22.25,39.5,161.5,6.178571428571429,9.964285714285714,14.517857142857142,25.339285714285715,1.8186114705969,1.788890420749548,1.8205862454572643,29.440000534057617,0.0151724322088833,1.0021938571998406,1.161446897029932,1.000398168425244,0.6211114626173152,0.6496442949318921,0.6012965137052728,0.8410346221204364,0.8857203660353267,0.857437165224557,0.8137651821862348,0.5974674514000357,0.48475786224194484,0.5352599054889131,0.47858942065491183,0.38330133732469984,0.7677078209542548,0.7353356890459364,0.5033256742048615,13.75,25.339285714285715,161.5,18.665882742892943,0.47858942065491183,36.0,36.25,930,True,1.2110973296985986e-07,LOW_VOL,0.9995384785279418,LOW_VOL,0.6069420249234521,3.0864197530864197
756_upper,756,2020-12-09 10:30:00-05:00,2021-01-11 10:30:00-05:00,2020-12-18 14:18:00+00:00,2020-12-18,2020,upper,NQH1,12787.820547812002,12787.820547812002,clean,2020-12-18 20:59:00+00:00,177.82054781200168,2020-12-18 15:40:00-05:00,382,-1.9294521879983224,2020-12-18 09:20:00-05:00,2,True,False,85.32054781200168,401,12.570547812001678,-1.9294521879983224,8.320547812001678,23.57054781200168,-1.9294521879983224,18.32054781200168,59.82054781200168,-1.9294521879983224,44.82054781200168,86.32054781200168,-1.9294521879983224,84.07054781200168,105.07054781200168,-1.9294521879983224,62.07054781200168,105.07054781200168,-1.9294521879983224,76.07054781200168,127.32054781200168,-1.9294521879983224,111.82054781200168,127.32054781200168,-1.9294521879983224,79.32054781200168,177.82054781200168,-1.9294521879983224,177.82054781200168,1.9294521879983224,2020-12-18 09:18:00-05:00,10.5,18.0,30.75,26.5,94.75,6.125,9.803571428571429,13.964285714285714,17.553571428571427,1.6954485270434445,1.5995868180669852,1.554739361071229,27.040000915527344,-0.0290843610358196,1.8009079118028537,1.42739655615523,1.088166144200627,1.14067922657412,1.100969015432468,0.9677690730322308,1.4587477237708362,1.430298035984068,1.430298035984068,0.9498888318795964,0.9100442405374406,0.7353369522044221,0.9152660367976131,0.8118742005204888,0.6297817012249367,1.3162285136501517,1.3137378579538286,0.9992803339250588,18.0,17.553571428571427,94.75,17.77538426347756,0.8118742005204888,27.0,31.0,918,True,1.4315816020518358e-07,LOW_VOL,0.9996445047515639,LOW_VOL,0.5446882796712997,5.521472392638037
764_upper,764,2020-12-21 10:30:00-05:00,2021-01-21 10:30:00-05:00,2020-12-28 13:45:00+00:00,2020-12-28,2020,upper,NQH1,12816.798684725329,12816.798684725329,clean,2020-12-28 20:59:00+00:00,76.04868472532871,2020-12-28 10:20:00-05:00,95,-38.70131527467129,2020-12-28 15:19:00-05:00,394,False,True,-16.951315274671288,434,2.2986847253287124,-5.201315274671288,-1.951315274671288,2.2986847253287124,-9.701315274671288,-2.951315274671288,2.2986847253287124,-10.701315274671288,-9.951315274671288,10.548684725328712,-10.701315274671288,7.548684725328712,28.048684725328712,-10.701315274671288,18.048684725328712,60.79868472532871,-10.701315274671288,52.04868472532871,76.04868472532871,-10.701315274671288,20.548684725328712,76.04868472532871,-10.701315274671288,-2.201315274671288,76.04868472532871,-38.70131527467129,76.04868472532871,38.70131527467129,2020-12-28 08:45:00-05:00,8.75,10.75,21.5,21.75,92.5,5.0,7.053571428571429,12.375,21.642857142857142,1.1199797451713926,1.1121276293711406,1.201156740699448,25.940000534057617,-0.050859838767974,1.158139534883721,1.1995553085047248,1.3,1.571470330312774,1.3717785149272774,1.48180815876516,1.526509690853756,1.324438885414495,1.3520607221394625,0.9605341246290802,0.8768793173506705,0.770072558582134,1.1341772151898735,1.1593702825102437,1.0607734806629834,1.1716252766166708,1.1856183130131874,1.0171300496291158,10.75,21.642857142857142,92.5,15.25321980060978,1.1593702825102437,29.5,32.5,885,True,1.1505624577196562e-07,LOW_VOL,0.9994029612299894,LOW_VOL,0.5644059666817328,3.048780487804878
762_upper,762,2020-12-17 10:30:00-05:00,2021-01-19 10:30:00-05:00,2020-12-29 14:30:00+00:00,2020-12-29,2020,upper,NQH1,12901.412761652437,12901.412761652437,clean,2020-12-29 20:59:00+00:00,93.16276165243472,2020-12-29 12:47:00-05:00,197,-16.83723834756529,2020-12-29 09:42:00-05:00,12,True,False,54.66276165243471,389,23.41276165243471,-15.33723834756529,-4.08723834756529,23.41276165243471,-16.83723834756529,-9.08723834756529,53.16276165243471,-16.83723834756529,40.41276165243471,90.66276165243472,-16.83723834756529,83.41276165243471,90.66276165243472,-16.83723834756529,46.91276165243471,90.66276165243472,-16.83723834756529,19.16276165243471,90.66276165243472,-16.83723834756529,22.41276165243471,90.66276165243472,-16.83723834756529,76.16276165243471,93.16276165243472,-16.83723834756529,93.16276165243472,16.83723834756529,2020-12-29 09:30:00-05:00,10.5,11.0,9.5,19.25,200.25,3.678571428571429,6.428571428571429,8.125,11.196428571428571,1.1065307336847945,1.0817840271911328,1.0638456889830348,25.90999984741211,-0.0011565414814127,1.012139303482587,1.1693298080239107,1.013248331507122,0.6407610880343025,0.8261921216309606,0.6381956492726545,1.1186911560425992,1.007296226808422,0.9954676555418212,0.9848954298993029,0.797741353619324,0.6830054387967501,0.5927119484382747,0.5118270362838488,0.42186052666402013,0.7605456453305351,0.8206521739130435,0.7888550282977798,11.0,11.196428571428571,200.25,11.097779700720062,0.5118270362838488,44.0,41.0,930,True,1.1285260172935725e-07,LOW_VOL,0.9995293494127951,MID_VOL,0.6132907163821946,2.4242424242424243
765_upper,765,2020-12-22 10:30:00-05:00,2021-01-22 10:30:00-05:00,2020-12-29 14:30:00+00:00,2020-12-29,2020,upper,NQH1,12900.844260317794,12900.844260317794,clean,2020-12-29 20:59:00+00:00,92.59426031779368,2020-12-29 12:47:00-05:00,197,-17.40573968220633,2020-12-29 09:42:00-05:00,12,True,False,54.09426031779367,389,22.84426031779367,-15.905739682206333,-4.655739682206331,22.84426031779367,-17.40573968220633,-9.655739682206333,52.59426031779367,-17.40573968220633,39.84426031779367,90.09426031779368,-17.40573968220633,82.84426031779367,90.09426031779368,-17.40573968220633,46.34426031779367,90.09426031779368,-17.40573968220633,18.59426031779367,90.09426031779368,-17.40573968220633,21.84426031779367,90.09426031779368,-17.40573968220633,75.59426031779367,92.59426031779368,-17.40573968220633,92.59426031779368,17.40573968220633,2020-12-29 09:30:00-05:00,10.5,11.0,9.5,19.25,200.25,3.678571428571429,6.428571428571429,8.125,11.196428571428571,1.1065307336847945,1.0817840271911328,1.0638456889830348,25.90999984741211,-0.0011565414814127,1.012139303482587,1.1693298080239107,1.013248331507122,0.6407610880343025,0.8261921216309606,0.6381956492726545,1.1186911560425992,1.007296226808422,0.9954676555418212,0.9848954298993029,0.797741353619324,0.6830054387967501,0.5927119484382747,0.5118270362838488,0.42186052666402013,0.7605456453305351,0.8206521739130435,0.7888550282977798,11.0,11.196428571428571,200.25,11.097779700720062,0.5118270362838488,44.0,41.0,930,True,1.1285260172935725e-07,LOW_VOL,0.9995293494127951,MID_VOL,0.6132907163821946,2.4096385542168677
1282_upper,1282,2022-12-23 10:30:00-05:00,2023-01-24 10:30:00-05:00,2023-01-09 14:30:00+00:00,2023-01-09,2023,upper,NQH3,11211.791251359777,11211.791251359777,clean,2023-01-09 20:59:00+00:00,52.04125135977665,2023-01-09 15:56:00-05:00,386,-173.70874864022335,2023-01-09 11:16:00-05:00,106,True,False,23.79125135977665,389,6.541251359776652,-32.70874864022335,-3.458748640223348,17.041251359776652,-48.45874864022335,-43.45874864022335,17.041251359776652,-108.20874864022336,-104.95874864022336,17.041251359776652,-113.20874864022336,-93.95874864022336,17.041251359776652,-113.20874864022336,-94.95874864022336,17.041251359776652,-152.20874864022335,-125.95874864022336,17.041251359776652,-173.70874864022335,-164.70874864022335,17.041251359776652,-173.70874864022335,-153.95874864022335,52.04125135977665,-173.70874864022335,52.04125135977665,173.70874864022335,2023-01-09 09:30:00-05:00,32.5,34.75,50.75,44.75,414.75,14.142857142857142,17.875,27.357142857142858,30.125,3.840380640667668,3.584285918964178,3.337369261826206,26.959999084472656,-0.0642138290789174,1.763589183283256,1.3619871321590549,1.5979457987872787,1.6142394822006472,1.10409815330129,1.5829895271342431,1.0603152309612984,0.9719619483584864,1.1238938053097345,1.0621863946697376,1.1185897435897436,1.1626001620599622,0.9382490460579351,0.9162140176861109,0.9742459332012612,0.8582164961475306,0.907233701639016,0.9788230209608875,34.75,30.125,414.75,32.35496484312724,0.9162140176861109,96.25,75.75,930,True,6.375591063975583e-07,LOW_VOL,0.9934685186689536,LOW_VOL,0.721645993126568,36.52694610778443
1283_upper,1283,2022-12-27 10:30:00-05:00,2023-01-25 10:30:00-05:00,2023-01-09 14:31:00+00:00,2023-01-09,2023,upper,NQH3,11232.564966598497,11232.564966598497,clean,2023-01-09 20:59:00+00:00,72.81496659849472,2023-01-09 15:56:00-05:00,385,-152.93503340150528,2023-01-09 11:16:00-05:00,105,True,False,44.56496659849472,388,37.81496659849472,-11.93503340150528,28.81496659849472,37.81496659849472,-33.18503340150528,-29.18503340150528,37.81496659849472,-87.43503340150528,-73.93503340150528,37.81496659849472,-92.43503340150528,-70.18503340150528,37.81496659849472,-92.43503340150528,-80.18503340150528,37.81496659849472,-131.43503340150528,-106.18503340150528,37.81496659849472,-152.93503340150528,-141.43503340150528,37.81496659849472,-152.93503340150528,-136.18503340150528,72.81496659849472,-152.93503340150528,72.81496659849472,152.93503340150528,2023-01-09 09:31:00-05:00,32.5,34.75,50.75,44.75,414.75,14.142857142857142,17.875,27.357142857142858,30.125,4.94814315114456,4.21483819148482,3.689695967591504,26.959999084472656,-0.0642138290789174,1.763589183283256,1.3619871321590549,1.5979457987872787,1.6142394822006472,1.10409815330129,1.5829895271342431,1.0603152309612984,0.9719619483584864,1.1238938053097345,1.0621863946697376,1.1185897435897436,1.1626001620599622,0.9382490460579351,0.9162140176861109,0.9742459332012612,0.8582164961475306,0.907233701639016,0.9788230209608875,34.75,30.125,414.75,32.35496484312724,0.9162140176861109,96.25,75.75,931,True,6.375591063975583e-07,LOW_VOL,0.9934685186689536,LOW_VOL,0.721645993126568,36.30952380952381
1288_upper,1288,2023-01-04 10:30:00-05:00,2023-02-01 10:30:00-05:00,2023-01-09 14:32:00+00:00,2023-01-09,2023,upper,NQH3,11242.204783054403,11242.204783054403,clean,2023-01-09 20:59:00+00:00,82.45478305440338,2023-01-09 15:56:00-05:00,384,-143.29521694559662,2023-01-09 11:16:00-05:00,104,True,False,54.20478305440338,387,47.45478305440338,0.7047830544033786,39.45478305440338,47.45478305440338,-23.54521694559662,-18.29521694559662,47.45478305440338,-77.79521694559662,-74.04521694559662,47.45478305440338,-82.79521694559662,-51.04521694559662,47.45478305440338,-82.79521694559662,-80.29521694559662,47.45478305440338,-121.79521694559662,-103.04521694559662,47.45478305440338,-143.29521694559662,-126.04521694559662,47.45478305440338,-143.29521694559662,-125.29521694559662,82.45478305440338,-143.29521694559662,82.45478305440338,143.29521694559662,2023-01-09 09:32:00-05:00,32.5,34.75,50.75,44.75,414.75,14.142857142857142,17.875,27.357142857142858,30.125,5.2299459646043305,4.391403986145897,3.794699288672548,26.959999084472656,-0.0642138290789174,1.763589183283256,1.3619871321590549,1.5979457987872787,1.6142394822006472,1.10409815330129,1.5829895271342431,1.0603152309612984,0.9719619483584864,1.1238938053097345,1.0621863946697376,1.1185897435897436,1.1626001620599622,0.9382490460579351,0.9162140176861109,0.9742459332012612,0.8582164961475306,0.907233701639016,0.9788230209608875,34.75,30.125,414.75,32.35496484312724,0.9162140176861109,96.25,75.75,932,True,6.375591063975583e-07,LOW_VOL,0.9934685186689536,LOW_VOL,0.721645993126568,36.09467455621302
1287_upper,1287,2023-01-03 10:30:00-05:00,2023-01-31 10:30:00-05:00,2023-01-11 15:30:00+00:00,2023-01-11,2023,upper,NQH3,11388.574377212408,11388.574377212408,clean,2023-01-11 20:59:00+00:00,75.32437721240785,2023-01-11 10:56:00-05:00,26,-90.92562278759216,2023-01-11 15:59:00-05:00,329,False,True,-87.92562278759215,329,48.32437721240785,16.074377212407853,40.07437721240785,58.57437721240785,16.074377212407853,35.57437721240785,75.32437721240785,16.074377212407853,65.57437721240785,75.32437721240785,16.074377212407853,23.574377212407853,75.32437721240785,12.824377212407851,16.824377212407853,75.32437721240785,4.074377212407853,10.074377212407851,75.32437721240785,-30.175622787592147,-20.425622787592147,75.32437721240785,-53.42562278759215,-33.42562278759215,75.32437721240785,-90.92562278759216,75.32437721240785,90.92562278759216,2023-01-11 10:30:00-05:00,39.75,66.5,72.25,72.25,194.75,27.482142857142858,26.25,29.714285714285715,25.928571428571427,6.398746333543385,5.891382936377283,5.011636984446403,26.940000534057617,-0.0330222561428125,0.7773696108509608,0.7941440280426826,0.7690341646532617,1.0043329390524809,1.0419153168513782,1.0419153168513782,0.9699359091000992,1.010377780702909,1.010377780702909,0.6888324509944198,0.68931326400945,0.6911936253836076,0.8623369681419714,0.8806677366174271,0.9217996480241355,0.8534932128306855,0.8629814178554083,0.8802770705750131,66.5,25.928571428571427,194.75,41.52408939398912,0.8806677366174271,50.75,51.25,990,True,1.0705060661793405e-06,HIGH_VOL,0.9999929170357907,HIGH_VOL,0.999930788667828,58.82352941176471
1293_upper,1293,2023-01-11 10:30:00-05:00,2023-02-08 10:30:00-05:00,2023-01-12 13:18:00+00:00,2023-01-12,2023,upper,NQH3,11509.48180646574,11509.48180646574,clean,2023-01-12 20:59:00+00:00,218.4818064657411,2023-01-12 08:30:00-05:00,12,-70.2681935342589,2023-01-12 09:04:00-05:00,46,False,True,-22.7681935342589,461,2.9818064657411014,-5.518193534258899,-4.268193534258899,218.4818064657411,-40.5181935342589,85.4818064657411,218.4818064657411,-40.5181935342589,51.4818064657411,218.4818064657411,-58.7681935342589,-57.7681935342589,218.4818064657411,-70.2681935342589,52.9818064657411,218.4818064657411,-70.2681935342589,153.9818064657411,218.4818064657411,-70.2681935342589,26.7318064657411,218.4818064657411,-70.2681935342589,60.9818064657411,218.4818064657411,-70.2681935342589,218.4818064657411,70.2681935342589,2023-01-12 08:18:00-05:00,12.5,21.5,34.5,37.5,239.75,6.857142857142857,11.696428571428571,15.446428571428571,17.25,2.058141571387504,2.0096201289093854,1.9973916764736763,27.34000015258789,0.0148477954937153,1.4680950163018165,1.6556795797767565,1.571873831193118,1.5392553886348792,1.6232263397162143,1.6232263397162143,1.1502692119432207,1.2073394495412844,1.2073394495412844,1.2592888533759488,1.3558447144854286,1.4382842801733973,1.2192673841059603,1.3103870106761566,1.4364256979153969,1.0389036251105217,1.0781229518940882,1.1273686735428161,21.5,17.25,239.75,19.258115172570758,1.3103870106761566,68.0,59.25,858,True,2.873942318769516e-07,LOW_VOL,0.9989918576488614,LOW_VOL,0.6152270039617538,17.543859649122805
1278_upper,1278,2022-12-19 10:30:00-05:00,2023-01-18 10:30:00-05:00,2023-01-12 13:28:00+00:00,2023-01-12,2023,upper,NQH3,11527.296038995952,11527.296038995952,clean,2023-01-12 20:59:00+00:00,236.29603899595168,2023-01-12 08:30:00-05:00,2,-52.45396100404832,2023-01-12 09:04:00-05:00,36,False,True,-4.953961004048324,451,236.29603899595168,-22.703961004048324,103.29603899595168,236.29603899595168,-22.703961004048324,93.29603899595168,236.29603899595168,-28.703961004048324,-15.453961004048324,236.29603899595168,-52.45396100404832,25.29603899595168,236.29603899595168,-52.45396100404832,47.54603899595168,236.29603899595168,-52.45396100404832,166.04603899595168,236.29603899595168,-52.45396100404832,65.54603899595168,236.29603899595168,-52.45396100404832,69.54603899595168,236.29603899595168,-52.45396100404832,236.29603899595168,52.45396100404832,2023-01-12 08:28:00-05:00,12.5,21.5,34.5,37.5,239.75,7.428571428571429,11.696428571428571,15.446428571428571,17.25,2.519229446222748,2.2732311587270617,2.1380207790691497,27.34000015258789,0.0148477954937153,1.4680950163018165,1.6556795797767565,1.571873831193118,1.5392553886348792,1.6232263397162143,1.6232263397162143,1.1502692119432207,1.2073394495412844,1.2073394495412844,1.2592888533759488,1.3558447144854286,1.4382842801733973,1.2192673841059603,1.3103870106761566,1.4364256979153969,1.0389036251105217,1.0781229518940882,1.1273686735428161,21.5,17.25,239.75,19.258115172570758,1.3103870106761566,68.0,59.25,868,True,3.0228552763319425e-07,LOW_VOL,0.9980454833203956,LOW_VOL,0.6737070576326587,18.6046511627907
1277_upper,1277,2022-12-16 10:30:00-05:00,2023-01-17 10:30:00-05:00,2023-01-17 15:00:00+00:00,2023-01-17,2023,upper,NQH3,11644.39805068837,11644.39805068837,clean,2023-01-17 20:59:00+00:00,89.64805068837086,2023-01-17 11:12:00-05:00,72,-40.60194931162914,2023-01-17 10:13:00-05:00,13,True,False,16.89805068837086,359,14.14805068837086,-33.10194931162914,-18.10194931162914,14.14805068837086,-40.60194931162914,-20.35194931162914,14.14805068837086,-40.60194931162914,-11.85194931162914,58.64805068837086,-40.60194931162914,45.39805068837086,58.64805068837086,-40.60194931162914,36.14805068837086,89.64805068837086,-40.60194931162914,51.14805068837086,89.64805068837086,-40.60194931162914,26.89805068837086,89.64805068837086,-40.60194931162914,13.89805068837086,89.64805068837086,-40.60194931162914,89.64805068837086,40.60194931162914,2023-01-17 10:00:00-05:00,48.25,77.75,77.75,85.0,128.5,23.767857142857142,23.410714285714285,24.946428571428573,26.857142857142858,6.543400273945252,5.450244786179263,4.446201736182803,23.81999969482422,-0.0379644800229499,1.0554039502603514,1.071766679648881,1.0901209738854862,1.0703792321138563,1.0918402832664158,1.1333608994427709,1.0511199239220606,1.066757703009333,1.111510502752058,0.864525561556772,0.9478823046248824,0.927232906536727,0.9230275817831943,0.9766250219158094,0.9799003529638751,0.8729321223629046,0.9696548312887014,0.9532236977912337,77.75,26.857142857142858,128.5,45.69620178026678,0.9766250219158094,37.0,42.0,960,True,1.1980682810113236e-06,HIGH_VOL,0.9999054718266523,HIGH_VOL,0.9998627151648067,64.16184971098265
1296_upper,1296,2023-01-16 10:30:00-05:00,2023-02-13 10:30:00-05:00,2023-01-18 13:30:00+00:00,2023-01-18,2023,upper,NQH3,11708.830563420666,11708.830563420666,clean,2023-01-18 20:59:00+00:00,238.3305634206663,2023-01-18 15:59:00-05:00,449,-50.669436579333706,2023-01-18 10:08:00-05:00,98,True,False,229.3305634206663,449,72.5805634206663,-12.919436579333706,45.08056342066629,72.5805634206663,-12.919436579333706,34.830563420666294,72.5805634206663,-12.919436579333706,21.08056342066629,72.5805634206663,-12.919436579333706,1.0805634206662944,72.5805634206663,-12.919436579333706,-6.919436579333706,72.5805634206663,-36.169436579333706,-27.419436579333706,72.5805634206663,-50.669436579333706,10.580563420666294,166.8305634206663,-50.669436579333706,156.3305634206663,238.3305634206663,-50.669436579333706,238.3305634206663,50.669436579333706,2023-01-18 08:30:00-05:00,15.25,15.25,31.0,41.0,154.5,7.125,12.267857142857142,18.392857142857142,32.285714285714285,2.4526895519341165,2.2665798181782906,2.325175505663307,24.75,0.0390428344706426,0.8717440169245009,0.973423888970914,1.3347504808178965,0.8029156465613176,0.892724573125464,0.9489675128238854,0.7665623369848722,0.8280331044197922,0.8408554466776339,0.8637495087121708,0.8908857509627728,0.9064411906234963,0.678356525009402,0.7108374384236453,0.8199329507358373,0.7424529493495011,0.7543150465190889,0.7848582968922122,15.25,32.285714285714285,154.5,22.189122174100145,0.7108374384236453,39.25,39.25,870,True,2.962465098382049e-07,LOW_VOL,0.9993812673691472,LOW_VOL,0.6756497232854799,18.39080459770115
1294_upper,1294,2023-01-12 10:30:00-05:00,2023-02-09 10:30:00-05:00,2023-01-18 13:30:00+00:00,2023-01-18,2023,upper,NQH3,11716.054661598511,11716.054661598511,clean,2023-01-18 20:59:00+00:00,245.5546615985113,2023-01-18 15:59:00-05:00,449,-43.4453384014887,2023-01-18 10:08:00-05:00,98,True,False,236.5546615985113,449,79.8046615985113,-5.695338401488698,52.3046615985113,79.8046615985113,-5.695338401488698,42.0546615985113,79.8046615985113,-5.695338401488698,28.304661598511306,79.8046615985113,-5.695338401488698,8.304661598511302,79.8046615985113,-5.695338401488698,0.3046615985113021,79.8046615985113,-28.945338401488694,-20.195338401488694,79.8046615985113,-43.4453384014887,17.804661598511302,174.0546615985113,-43.4453384014887,163.5546615985113,245.5546615985113,-43.4453384014887,245.5546615985113,43.4453384014887,2023-01-18 08:30:00-05:00,15.25,15.25,31.0,41.0,154.5,7.125,12.267857142857142,18.392857142857142,32.285714285714285,2.4526895519341165,2.2665798181782906,2.325175505663307,24.75,0.0390428344706426,0.8717440169245009,0.973423888970914,1.3347504808178965,0.8029156465613176,0.892724573125464,0.9489675128238854,0.7665623369848722,0.8280331044197922,0.8408554466776339,0.8637495087121708,0.8908857509627728,0.9064411906234963,0.678356525009402,0.7108374384236453,0.8199329507358373,0.7424529493495011,0.7543150465190889,0.7848582968922122,15.25,32.285714285714285,154.5,22.189122174100145,0.7108374384236453,39.25,39.25,870,True,2.962465098382049e-07,LOW_VOL,0.9993812673691472,LOW_VOL,0.6756497232854799,18.285714285714285
1297_upper,1297,2023-01-17 10:30:00-05:00,2023-02-14 10:30:00-05:00,2023-01-23 14:51:00+00:00,2023-01-23,2023,upper,NQH3,11802.650900245912,11802.650900245912,clean,2023-01-23 20:59:00+00:00,10.900900245913364,2023-01-23 10:06:00-05:00,15,-180.34909975408664,2023-01-23 13:48:00-05:00,237,False,True,-128.84909975408664,368,2.6509002459133626,-18.84909975408664,-5.599099754086637,10.900900245913364,-24.59909975408664,3.6509002459133626,10.900900245913364,-29.34909975408664,-23.09909975408664,10.900900245913364,-64.09909975408664,-53.34909975408664,10.900900245913364,-80.84909975408664,-72.84909975408664,10.900900245913364,-154.34909975408664,-143.09909975408664,10.900900245913364,-154.34909975408664,-130.59909975408664,10.900900245913364,-154.34909975408664,-127.09909975408664,10.900900245913364,-180.34909975408664,10.900900245913364,180.34909975408664,2023-01-23 09:51:00-05:00,79.5,35.0,38.75,51.0,321.5,18.75,18.821428571428573,24.553571428571427,24.053571428571427,8.69830041454447,6.881911209475827,5.371677959086664,24.540000915527344,-0.0292721420497855,0.7908313908313909,0.8089012517385258,1.0109759125900173,1.0828263002944063,0.9590612777053455,1.0971826317533977,0.9292810361321656,0.8379006038086391,0.9564855141071766,0.7329684574391473,0.7595805813649763,0.7895124694566187,0.8486821864424161,0.8686137132960718,0.9152795443233976,0.7760093406255761,0.8147622427253371,0.8347711122128574,35.0,24.053571428571427,321.5,29.01508228490831,0.8686137132960718,76.75,65.0,951,True,1.3351899518501378e-06,HIGH_VOL,1.0,HIGH_VOL,1.0,71.5909090909091
1298_upper,1298,2023-01-18 10:30:00-05:00,2023-02-15 10:30:00-05:00,2023-01-23 15:47:00+00:00,2023-01-23,2023,upper,NQH3,11869.08571788345,11869.08571788345,clean,2023-01-23 20:59:00+00:00,7.835717883450343,2023-01-23 14:54:00-05:00,247,-113.91428211654966,2023-01-23 13:48:00-05:00,181,True,False,-62.41428211654966,312,4.335717883450343,-14.414282116549655,-7.414282116549657,4.335717883450343,-14.414282116549655,-11.164282116549655,4.335717883450343,-64.91428211654966,-54.91428211654966,4.335717883450343,-87.91428211654966,-52.41428211654966,4.335717883450343,-87.91428211654966,-60.91428211654966,4.335717883450343,-87.91428211654966,-50.41428211654966,4.335717883450343,-87.91428211654966,-56.16428211654966,4.335717883450343,-113.41428211654966,-110.41428211654966,7.835717883450343,-113.91428211654966,7.835717883450343,113.91428211654966,2023-01-23 10:47:00-05:00,23.5,67.75,149.75,149.75,321.5,29.589285714285715,33.05357142857143,34.80357142857143,24.339285714285715,7.255178403391118,6.834437175975543,5.822990616011924,24.540000915527344,-0.0292721420497855,1.1720573381186736,1.1484375,1.2825445352460465,1.0605234122212166,1.000859935768063,1.1229251580128774,1.0328794286061145,1.00395797174844,1.0922220260923985,1.0129645795798585,1.0102905625075258,0.9916719701791072,0.913347070819231,0.9591536978068799,0.9746274438317459,0.8315970383885445,0.8822637302811516,0.9366820339916053,67.75,24.339285714285715,321.5,40.60771610350497,0.9591536978068799,79.0,69.0,1007,True,1.4195605279035002e-06,HIGH_VOL,0.9921093973392603,HIGH_VOL,0.988713228822794,73.44632768361582
1302_lower,1302,2023-01-24 10:30:00-05:00,2023-02-21 10:30:00-05:00,2023-01-25 14:30:00+00:00,2023-01-25,2023,lower,NQH3,11693.33517488565,11693.33517488565,clean,2023-01-25 20:59:00+00:00,210.1648251143506,2023-01-25 15:10:00-05:00,340,-88.8351748856494,2023-01-25 10:37:00-05:00,67,True,False,182.9148251143506,389,5.664825114350606,-35.085174885649394,-9.585174885649394,30.66482511435061,-35.085174885649394,-13.335174885649394,30.66482511435061,-78.5851748856494,-60.085174885649394,30.66482511435061,-78.5851748856494,-70.8351748856494,30.66482511435061,-78.5851748856494,-41.835174885649394,30.66482511435061,-88.8351748856494,-31.835174885649398,50.664825114350606,-88.8351748856494,33.164825114350606,95.4148251143506,-88.8351748856494,46.164825114350606,210.1648251143506,-88.8351748856494,210.1648251143506,88.8351748856494,2023-01-25 09:30:00-05:00,16.75,23.25,61.0,46.0,174.75,12.714285714285714,19.571428571428573,26.75,37.85714285714285,3.193355026134001,3.0994769302801983,2.976418721205421,24.549999237060547,-0.0024380890614758,1.0306628710858072,1.0071130538446256,1.2089872632733865,1.0454957404386442,1.0297548202808855,1.0879939639724607,1.6922711434906557,1.6302399206621658,1.6186328346903995,0.9125738153535935,1.0071130538446256,1.0071130538446256,0.8872936109117013,0.9569208649007355,0.9883199588771169,1.3644489848039842,1.3787986321698174,1.4126590646174186,23.25,37.85714285714285,174.75,29.66780361652293,0.9569208649007355,47.5,46.25,930,True,4.6942799592912925e-07,LOW_VOL,0.9992343212565349,MID_VOL,0.545791449179626,28.08988764044944
1302_upper,1302,2023-01-24 10:30:00-05:00,2023-02-21 10:30:00-05:00,2023-01-26 14:32:00+00:00,2023-01-26,2023,upper,NQH3,12061.53982511435,12061.53982511435,clean,2023-01-26 20:59:00+00:00,157.2898251143506,2023-01-26 11:25:00-05:00,113,-49.710174885649394,2023-01-26 15:59:00-05:00,387,False,True,-43.460174885649394,387,33.289825114350606,-13.460174885649394,9.539825114350606,59.289825114350606,-13.460174885649394,45.789825114350606,114.5398251143506,-13.460174885649394,81.0398251143506,114.5398251143506,-13.460174885649394,43.539825114350606,114.5398251143506,-13.460174885649394,31.03982511435061,154.5398251143506,-13.460174885649394,123.7898251143506,157.2898251143506,-13.460174885649394,112.2898251143506,157.2898251143506,-13.460174885649394,57.039825114350606,157.2898251143506,-49.710174885649394,157.2898251143506,49.710174885649394,2023-01-26 09:32:00-05:00,21.5,30.5,80.0,67.25,372.0,19.5,22.910714285714285,27.410714285714285,28.714285714285715,6.272294500711896,5.533798679247485,4.690627274961842,24.540000915527344,-0.0004072636188969,1.4106547376982512,1.3893539472103176,1.5977890373099954,1.8675004531448247,1.83938348012378,1.8714013259467803,1.656794425087108,1.596063622840142,1.535559633027523,1.2490277977819386,1.358076892960614,1.358076892960614,1.7602938663933025,1.7092849637781342,1.7653711054630608,1.3358447197037415,1.3285496570993143,1.3712151002752655,30.5,28.714285714285715,372.0,29.593676930819434,1.7092849637781342,106.25,82.5,932,True,7.075187079399872e-07,LOW_VOL,0.9990097223471323,MID_VOL,0.5922721935217066,44.6927374301676
1316_upper,1316,2023-02-13 10:30:00-05:00,2023-03-13 10:30:00-04:00,2023-02-14 13:29:00+00:00,2023-02-14,2023,upper,NQH3,12614.653492198106,12614.653492198106,clean,2023-02-14 20:59:00+00:00,224.1534921981056,2023-02-14 09:32:00-05:00,63,-72.3465078018944,2023-02-14 08:33:00-05:00,4,True,False,-16.096507801894404,450,154.6534921981056,-72.3465078018944,-1.096507801894404,154.6534921981056,-72.3465078018944,90.6534921981056,154.6534921981056,-72.3465078018944,96.4034921981056,154.6534921981056,-72.3465078018944,141.6534921981056,154.6534921981056,-72.3465078018944,141.6534921981056,224.1534921981056,-72.3465078018944,29.1534921981056,224.1534921981056,-72.3465078018944,22.6534921981056,224.1534921981056,-72.3465078018944,144.9034921981056,224.1534921981056,-72.3465078018944,224.1534921981056,72.3465078018944,2023-02-14 08:29:00-05:00,24.75,24.75,26.0,28.5,301.75,9.964285714285714,16.517857142857142,22.392857142857142,24.071428571428573,3.476585646690552,3.2030490453001983,3.034167126017771,27.26000022888184,0.0062753811493687,0.746040316774658,0.7532255133563511,0.7846663511594889,0.6931043881166531,0.7087513935340022,0.7453106682297772,0.6836288619283855,0.6936975104044658,0.9006082567620034,0.7274482274482275,0.705531914893617,0.7260465930986162,0.6285737826481008,0.6926009986382206,0.7030040545521563,0.6512868507253159,0.6743053705094353,0.729837441006817,24.75,24.071428571428573,301.75,24.408356297441603,0.6926009986382206,68.0,58.25,869,True,3.8165847936847615e-07,LOW_VOL,0.9991531694728077,MID_VOL,0.584565676115323,23.333333333333332
1316_lower,1316,2023-02-13 10:30:00-05:00,2023-03-13 10:30:00-04:00,2023-02-21 15:12:00+00:00,2023-02-21,2023,lower,NQH3,12200.096507801894,12200.096507801894,clean,2023-02-21 20:59:00+00:00,27.9034921981056,2023-02-21 10:42:00-05:00,30,-109.8465078018944,2023-02-21 15:59:00-05:00,347,False,True,-102.0965078018944,347,2.153492198105596,-16.096507801894404,-7.846507801894404,17.153492198105596,-17.346507801894404,-13.596507801894404,27.9034921981056,-19.096507801894404,21.9034921981056,27.9034921981056,-19.596507801894404,-14.846507801894404,27.9034921981056,-32.096507801894404,-26.346507801894404,27.9034921981056,-53.8465078018944,-30.846507801894404,27.9034921981056,-55.3465078018944,-49.3465078018944,27.9034921981056,-58.8465078018944,-48.8465078018944,27.9034921981056,-109.8465078018944,27.9034921981056,109.8465078018944,2023-02-21 10:12:00-05:00,73.5,73.5,73.5,73.5,71.25,23.017857142857142,22.375,33.75,34.982142857142854,6.93530688255052,5.855093911460598,4.943616966601289,25.81999969482422,-0.0092095079062384,1.078664047151277,1.102003131146883,1.064526136187374,1.0538574094210194,1.0579903506644026,1.027155744836745,1.0126548282789218,1.0189819368926267,0.9870267213938684,1.0202777034460202,0.9999854293249406,0.9751211264403745,0.9728125503413921,0.9692932635322007,0.9227848696428991,0.9510477516470434,0.9165690282997312,0.9152163887472997,73.5,34.982142857142854,71.25,50.706878231656106,0.9692932635322007,22.5,30.0,972,True,1.3658669789811564e-06,HIGH_VOL,0.999998575748537,HIGH_VOL,0.9243723386306814,71.8232044198895
1322_lower,1322,2023-02-21 10:30:00-05:00,2023-03-21 10:30:00-04:00,2023-02-22 15:16:00+00:00,2023-02-22,2023,lower,NQH3,12041.934029496524,12041.934029496524,clean,2023-02-22 20:59:00+00:00,148.5659705034759,2023-02-22 14:07:00-05:00,231,-7.93402949652409,2023-02-22 10:33:00-05:00,17,True,False,61.06597050347591,343,19.06597050347591,-1.93402949652409,17.31597050347591,47.06597050347591,-1.93402949652409,1.81597050347591,47.06597050347591,-7.93402949652409,34.31597050347591,70.81597050347591,-7.93402949652409,60.31597050347591,72.81597050347591,-7.93402949652409,39.81597050347591,75.56597050347591,-7.93402949652409,53.81597050347591,75.56597050347591,-7.93402949652409,69.06597050347591,110.06597050347592,-7.93402949652409,104.31597050347592,148.5659705034759,-7.93402949652409,148.5659705034759,7.93402949652409,2023-02-22 10:16:00-05:00,73.75,59.0,59.0,59.0,289.25,20.5,26.75,32.392857142857146,32.785714285714285,6.317908072217279,5.423250422337265,4.68034898387082,28.56999969482422,0.1065065853022164,0.9564950884086444,0.9519690274138672,0.9234959824578708,0.8959470701398637,0.910378074954598,0.89540004416789,0.8794780671511165,0.8850078995687263,0.8680683531579829,0.894311452041911,0.8905098808156338,0.8829900684111635,0.8779950321635565,0.8587910616056467,0.831006462191358,0.8375664262189085,0.8365480184657299,0.8225255972696246,59.0,32.785714285714285,289.25,43.98132720663558,0.8587910616056467,70.0,63.0,976,True,1.4806393341071624e-06,HIGH_VOL,1.0,HIGH_VOL,0.9999999999999998,74.17582417582418
1308_lower,1308,2023-02-01 10:30:00-05:00,2023-03-01 10:30:00-05:00,2023-02-24 13:39:00+00:00,2023-02-24,2023,lower,NQH3,11986.569081537058,11986.569081537058,clean,2023-02-24 20:59:00+00:00,56.43091846294192,2023-02-24 09:40:00-05:00,61,-63.56908153705808,2023-02-24 10:57:00-05:00,138,False,True,11.430918462941918,440,12.930918462941918,-12.069081537058082,-8.569081537058082,14.430918462941918,-12.319081537058082,12.680918462941918,29.68091846294192,-12.319081537058082,13.180918462941918,29.68091846294192,-13.069081537058082,-1.5690815370580822,52.68091846294192,-13.069081537058082,50.43091846294192,56.43091846294192,-42.31908153705808,-30.56908153705808,56.43091846294192,-52.56908153705808,-45.56908153705808,56.43091846294192,-63.56908153705808,-32.31908153705808,56.43091846294192,-63.56908153705808,56.43091846294192,63.56908153705808,2023-02-24 08:39:00-05:00,19.5,19.5,20.75,39.5,232.5,9.160714285714286,14.321428571428571,19.035714285714285,25.035714285714285,8.313449706675469,6.351649706180378,4.8742831087182,26.82999992370605,-0.0424696828913826,1.1892681426814269,1.1975538008979718,1.1975538008979718,0.7730489671002295,0.8130154898410783,0.7616489988221437,1.079687693642335,1.1071995933151173,1.0063532401524775,1.082726763717805,1.0647670176887605,1.0647670176887605,0.7085999824669063,0.7084136722173532,0.733817521561507,0.9554202993913473,0.8684426944451367,0.916931982633864,19.5,25.035714285714285,232.5,22.095167538885704,0.7084136722173532,55.0,50.0,879,True,2.9046749216958387e-07,HIGH_VOL,1.0,HIGH_VOL,1.0,16.939890710382514
1325_upper,1325,2023-02-24 10:30:00-05:00,2023-03-24 10:30:00-04:00,2023-02-27 15:09:00+00:00,2023-02-27,2023,upper,NQH3,12183.818814027736,12183.818814027736,clean,2023-02-27 20:59:00+00:00,125.31881402773617,2023-02-27 15:38:00-05:00,329,2.3188140277361526,2023-02-27 10:10:00-05:00,1,True,False,99.81881402773617,350,20.318814027736156,2.3188140277361526,15.068814027736153,27.068814027736156,2.3188140277361526,18.818814027736156,90.56881402773617,2.3188140277361526,79.81881402773615,107.31881402773617,2.3188140277361526,84.56881402773615,107.31881402773617,2.3188140277361526,69.06881402773615,118.31881402773617,2.3188140277361526,93.06881402773617,118.31881402773617,2.3188140277361526,99.06881402773617,118.31881402773617,2.3188140277361526,63.31881402773615,125.31881402773617,2.3188140277361526,125.31881402773617,0.0,2023-02-27 10:09:00-05:00,45.25,45.25,45.25,99.25,291.5,18.517857142857142,20.392857142857142,25.214285714285715,28.464285714285715,6.46801688293466,5.374425333934892,4.383029334838091,27.18000030517578,0.013045113025158,1.0244507616215062,1.0010838585363897,1.0010838585363897,1.0945202895817314,1.0002718057848226,1.0167111398614592,1.23902344880826,1.0965455399461976,1.110378449664357,0.9161780481711708,0.9122835256330526,0.8916045162997233,0.9609833768549774,0.9399642414388149,0.8867809201401133,1.0377644420197611,1.037057228961277,0.99730575984854,45.25,28.464285714285715,291.5,35.88884128209531,0.9399642414388149,72.5,63.75,969,True,9.67491537051122e-07,HIGH_VOL,0.9994407888548504,HIGH_VOL,0.998999654279318,57.065217391304344
1326_lower,1326,2023-02-27 10:30:00-05:00,2023-03-27 10:30:00-04:00,2023-03-01 15:11:00+00:00,2023-03-01,2023,lower,NQH3,11962.934722229944,11962.934722229944,clean,2023-03-01 20:59:00+00:00,74.81527777005613,2023-03-01 10:41:00-05:00,30,-38.18472222994387,2023-03-01 11:13:00-05:00,62,False,True,2.315277770056128,348,11.065277770056127,-9.934722229943873,3.315277770056128,23.315277770056127,-9.934722229943873,13.565277770056127,74.81527777005613,-9.934722229943873,69.31527777005613,74.81527777005613,-9.934722229943873,47.06527777005613,74.81527777005613,-37.93472222994387,-29.684722229943876,74.81527777005613,-38.18472222994387,17.315277770056127,74.81527777005613,-38.18472222994387,71.06527777005613,74.81527777005613,-38.18472222994387,23.315277770056127,74.81527777005613,-38.18472222994387,74.81527777005613,38.18472222994387,2023-03-01 10:11:00-05:00,52.0,75.5,75.5,113.25,147.0,25.375,21.196428571428573,25.267857142857142,31.589285714285715,7.625708657285756,6.223315484269708,4.968164640743755,26.39999961853028,-0.0093808631736779,1.1187264415751064,1.1322381130176458,1.107358894974994,1.1512950345961137,1.1648985394509197,1.1585820522226298,1.205314804009972,1.205877670582991,1.205877670582991,1.0249526076797602,1.032248993606441,1.0119773945720856,1.1063753901025413,1.1168963100603737,1.0471643518518519,1.1463119343805805,1.1470931201066135,1.1094738692289665,75.5,31.589285714285715,147.0,48.83637037524975,1.1168963100603737,43.25,46.75,971,True,2.6020026704029446e-06,HIGH_VOL,1.0,HIGH_VOL,1.0,86.48648648648648
1324_upper,1324,2023-02-23 10:30:00-05:00,2023-03-23 10:30:00-04:00,2023-03-06 15:17:00+00:00,2023-03-06,2023,upper,NQH3,12423.04259798885,12423.04259798885,clean,2023-03-06 20:59:00+00:00,108.7925979888496,2023-03-06 15:57:00-05:00,340,-63.20740201115041,2023-03-06 11:18:00-05:00,61,True,False,99.2925979888496,342,4.792597988849593,-15.457402011150409,-1.207402011150407,4.792597988849593,-24.707402011150407,-19.207402011150407,4.792597988849593,-50.95740201115041,-43.45740201115041,4.792597988849593,-50.95740201115041,-36.45740201115041,4.792597988849593,-55.70740201115041,-53.95740201115041,4.792597988849593,-63.20740201115041,-24.457402011150407,4.792597988849593,-63.20740201115041,-39.20740201115041,46.04259798884959,-63.20740201115041,30.542597988849597,108.7925979888496,-63.20740201115041,108.7925979888496,63.20740201115041,2023-03-06 10:17:00-05:00,50.75,49.25,49.25,73.0,317.0,22.035714285714285,21.464285714285715,25.571428571428573,33.94642857142857,6.109767636503787,5.303004400167592,4.478494700696853,24.36000061035156,-0.0521400822104345,1.2339089997863846,1.1466615766367627,1.218284323666599,1.1437024972855592,1.094766380637492,1.135656720843104,1.1112267326417278,1.062537756681981,1.1176948051948052,1.063083979840308,1.098808156337111,1.0807714450201498,0.9702035553099383,1.0586166176729228,1.0102259785410297,0.9333844685652108,1.0369951990963004,1.0000477796783471,49.25,33.94642857142857,317.0,40.88840431152648,1.0586166176729228,80.5,69.0,977,True,1.1832466241073916e-06,HIGH_VOL,0.9999999924973292,HIGH_VOL,0.9999999797369838,63.44086021505376
1322_upper,1322,2023-02-21 10:30:00-05:00,2023-03-21 10:30:00-04:00,2023-03-06 15:17:00+00:00,2023-03-06,2023,upper,NQH3,12422.565970503476,12422.565970503476,clean,2023-03-06 20:59:00+00:00,108.31597050347592,2023-03-06 15:57:00-05:00,340,-63.68402949652409,2023-03-06 11:18:00-05:00,61,True,False,98.81597050347592,342,4.31597050347591,-15.93402949652409,-1.68402949652409,4.31597050347591,-25.18402949652409,-19.68402949652409,4.31597050347591,-51.43402949652409,-43.93402949652409,4.31597050347591,-51.43402949652409,-36.93402949652409,4.31597050347591,-56.18402949652409,-54.43402949652409,4.31597050347591,-63.68402949652409,-24.93402949652409,4.31597050347591,-63.68402949652409,-39.68402949652409,45.56597050347591,-63.68402949652409,30.06597050347591,108.31597050347592,-63.68402949652409,108.31597050347592,63.68402949652409,2023-03-06 10:17:00-05:00,50.75,49.25,49.25,73.0,317.0,22.035714285714285,21.464285714285715,25.571428571428573,33.94642857142857,6.109767636503787,5.303004400167592,4.478494700696853,24.36000061035156,-0.0521400822104345,1.2339089997863846,1.1466615766367627,1.218284323666599,1.1437024972855592,1.094766380637492,1.135656720843104,1.1112267326417278,1.062537756681981,1.1176948051948052,1.063083979840308,1.098808156337111,1.0807714450201498,0.9702035553099383,1.0586166176729228,1.0102259785410297,0.9333844685652108,1.0369951990963004,1.0000477796783471,49.25,33.94642857142857,317.0,40.88840431152648,1.0586166176729228,80.5,69.0,977,True,1.1832466241073916e-06,HIGH_VOL,0.9999999924973292,HIGH_VOL,0.9999999797369838,63.101604278074866
1331_lower,1331,2023-03-06 10:30:00-05:00,2023-04-03 10:30:00-04:00,2023-03-07 15:08:00+00:00,2023-03-07,2023,lower,NQH3,12203.699916401045,12203.699916401045,clean,2023-03-07 20:59:00+00:00,115.0500835989551,2023-03-07 10:37:00-05:00,29,-61.4499164010449,2023-03-07 14:57:00-05:00,289,False,True,-34.6999164010449,351,21.050083598955094,-23.449916401044906,14.300083598955098,56.8000835989551,-23.449916401044906,48.0500835989551,115.0500835989551,-23.449916401044906,92.3000835989551,115.0500835989551,-23.449916401044906,27.550083598955094,115.0500835989551,-23.449916401044906,33.8000835989551,115.0500835989551,-23.449916401044906,27.550083598955094,115.0500835989551,-23.449916401044906,20.800083598955094,115.0500835989551,-23.449916401044906,29.800083598955094,115.0500835989551,-61.4499164010449,115.0500835989551,61.4499164010449,2023-03-07 10:08:00-05:00,32.25,49.75,49.75,51.0,210.0,15.517857142857142,16.375,18.839285714285715,21.678571428571427,9.807618599235877,7.483864703271369,5.656209353932661,24.25,-0.004515624285527,0.920972010586254,0.876778011070815,0.9116138763197588,0.9129529970043212,0.8947884661604318,0.918731450295128,0.846273802577839,0.8099499961926035,0.8466690016026152,0.7769583632156534,0.8298777976108747,0.8263960852043754,0.7929791839366307,0.835015487946074,0.8320598237422457,0.711499183917375,0.7693806299789749,0.755342618806397,49.75,21.678571428571427,210.0,32.840659685387386,0.835015487946074,53.25,51.75,968,True,6.473118340084644e-07,HIGH_VOL,1.0,HIGH_VOL,1.0,39.361702127659576
1336_upper,1336,2023-03-13 10:30:00-04:00,2023-04-11 10:30:00-04:00,2023-03-14 13:16:00+00:00,2023-03-14,2023,upper,NQM3,12215.005555992417,12215.005555992417,clean,2023-03-14 19:59:00+00:00,46.50555599241488,2023-03-14 15:17:00-04:00,361,-141.49444400758512,2023-03-14 11:40:00-04:00,144,True,False,-113.49444400758512,403,27.755555992414884,2.255555992414884,15.255555992414884,27.755555992414884,-17.244444007585116,-12.744444007585116,27.755555992414884,-67.24444400758512,-56.49444400758512,27.755555992414884,-75.99444400758512,-50.49444400758512,27.755555992414884,-75.99444400758512,-60.74444400758512,27.755555992414884,-110.99444400758512,-100.99444400758512,27.755555992414884,-116.74444400758512,-116.49444400758512,27.755555992414884,-141.49444400758512,-118.99444400758512,46.50555599241488,-141.49444400758512,46.50555599241488,141.49444400758512,2023-03-14 09:16:00-04:00,34.0,170.75,170.75,81.25,416.5,41.017857142857146,39.785714285714285,36.71428571428572,42.23214285714285,8.741277246962603,7.879778079097831,6.818635409050291,29.38999938964844,0.0518968800241552,2.810978410656867,3.006632820176875,3.556642611517412,2.176708786651705,2.182725471490424,2.4700215910978245,,,,2.0672822476211925,2.021360345729307,2.8022896393817973,1.7509516894941328,1.707985606002603,1.9251779935275082,0.7930580687613095,0.8224155578300921,0.7752050168837433,170.75,42.23214285714285,416.5,84.91842198755899,1.707985606002603,116.75,96.75,916,True,7.691312122021402e-07,HIGH_VOL,0.9777818572044414,HIGH_VOL,0.9659773505250813,47.61904761904761
1321_upper,1321,2023-02-20 10:30:00-05:00,2023-03-20 10:30:00-04:00,2023-03-16 14:54:00+00:00,2023-03-16,2023,upper,NQM3,12516.985681694514,12516.985681694514,clean,2023-03-16 19:59:00+00:00,16.735681694513914,2023-03-16 11:05:00-04:00,11,-218.76431830548609,2023-03-16 15:24:00-04:00,270,False,True,-199.51431830548609,305,6.235681694513914,-19.01431830548609,-1.7643183054860856,16.735681694513914,-39.514318305486086,-23.51431830548609,16.735681694513914,-55.764318305486086,-50.764318305486086,16.735681694513914,-93.76431830548609,-88.51431830548609,16.735681694513914,-120.51431830548609,-116.51431830548609,16.735681694513914,-150.01431830548609,-115.01431830548609,16.735681694513914,-166.51431830548609,-138.51431830548609,16.735681694513914,-171.51431830548609,-147.76431830548609,16.735681694513914,-218.76431830548609,16.735681694513914,218.76431830548609,2023-03-16 10:54:00-04:00,63.25,72.0,104.5,114.0,310.75,35.80357142857143,42.392857142857146,45.25,42.875,8.118978265329696,7.691184337381471,6.825926718630563,28.690000534057617,0.0737275924898146,0.950548604427334,0.984577655045908,0.9686347587289132,0.826007499881331,0.890278763693571,0.8731747704350444,,,,0.8262528235589391,0.8410931605079159,0.9048365078928804,0.803393351800554,0.8068764055363643,0.8181241184767278,0.8283297687886709,0.8381222087157086,0.8412725371186456,72.0,42.875,310.75,55.560777532356404,0.8068764055363643,73.0,65.25,1014,True,2.5561898945636366e-06,HIGH_VOL,1.0,HIGH_VOL,1.0,86.31578947368422
1341_upper,1341,2023-03-20 10:30:00-04:00,2023-04-18 10:30:00-04:00,2023-03-21 13:32:00+00:00,2023-03-21,2023,upper,NQM3,12804.894940581522,12804.894940581522,clean,2023-03-21 19:59:00+00:00,92.39494058152196,2023-03-21 11:46:00-04:00,134,-93.35505941847804,2023-03-21 15:44:00-04:00,372,False,True,-72.35505941847805,387,14.14494058152195,-9.85505941847805,9.64494058152195,22.89494058152195,-9.85505941847805,17.14494058152195,41.39494058152195,-32.35505941847805,-11.60505941847805,47.64494058152195,-32.35505941847805,29.64494058152195,70.89494058152195,-32.35505941847805,48.64494058152195,91.64494058152196,-32.35505941847805,67.89494058152195,91.64494058152196,-32.35505941847805,37.64494058152195,92.39494058152196,-32.35505941847805,25.64494058152195,92.39494058152196,-93.35505941847804,92.39494058152196,93.35505941847804,2023-03-21 09:32:00-04:00,17.75,26.0,35.25,81.5,224.75,10.821428571428571,21.964285714285715,25.607142857142858,28.517857142857142,4.303448893316348,3.916156767982984,3.585798165740972,27.549999237060547,-0.0282187348728248,0.5739953065415078,0.6027260126289851,0.6579245996721725,0.5496928974813471,0.591575538451301,0.6523813018272547,,,,0.5057508400103385,0.5198764571086978,0.5537122846733402,0.5233311094541031,0.5104892427838603,0.5468862140381816,1.3363412633305989,1.4843222383019778,1.5103487769627226,26.0,28.517857142857142,224.75,27.22984182315949,0.5104892427838603,48.5,46.0,932,True,3.7477127397243546e-07,LOW_VOL,0.9995176927377111,LOW_VOL,0.9919032515682172,22.5130890052356
1346_lower,1346,2023-03-27 10:30:00-04:00,2023-04-25 10:30:00-04:00,2023-03-28 13:33:00+00:00,2023-03-28,2023,lower,NQM3,12736.870630244795,12736.870630244795,clean,2023-03-28 19:59:00+00:00,3.629369755202788,2023-03-28 09:35:00-04:00,2,-102.6206302447972,2023-03-28 13:58:00-04:00,265,False,True,-4.370630244797212,386,3.629369755202788,-38.37063024479721,-38.12063024479721,3.629369755202788,-54.12063024479721,-29.37063024479721,3.629369755202788,-63.87063024479721,-39.62063024479721,3.629369755202788,-63.87063024479721,-10.870630244797212,3.629369755202788,-80.12063024479721,-79.87063024479721,3.629369755202788,-86.87063024479721,-52.62063024479721,3.629369755202788,-86.87063024479721,-34.12063024479721,3.629369755202788,-86.87063024479721,-61.37063024479721,3.629369755202788,-102.6206302447972,3.629369755202788,102.6206302447972,2023-03-28 09:33:00-04:00,17.25,18.0,38.75,44.0,219.0,9.678571428571429,13.553571428571429,21.607142857142858,23.357142857142858,4.37947041508587,3.52970092818895,3.0057041913751714,25.06999969482422,-0.0275407669864446,0.6825305259109701,0.7331784146656338,0.6578325533985081,0.718563874199833,0.6860832824001488,0.6707890566135779,,,,0.5206072161924318,0.5224655013799449,0.5022107459941283,0.5321324044684447,0.5726770623072999,0.5294153833534972,0.5860975725169166,0.6108699940816729,0.6755201657985874,18.0,23.357142857142858,219.0,20.504354938124035,0.5726770623072999,49.0,45.75,933,True,3.2638449052392204e-07,LOW_VOL,0.9993150053080644,MID_VOL,0.5752869213529875,18.75
1344_lower,1344,2023-03-23 10:30:00-04:00,2023-04-21 10:30:00-04:00,2023-03-28 14:00:00+00:00,2023-03-28,2023,lower,NQM3,12676.62259620036,12676.62259620036,clean,2023-03-28 19:59:00+00:00,58.12740379963907,2023-03-28 15:59:00-04:00,359,-42.37259620036093,2023-03-28 13:58:00-04:00,238,True,False,55.87740379963907,359,31.87740379963907,2.127403799639069,28.87740379963907,47.62740379963907,2.127403799639069,38.62740379963907,54.62740379963907,2.127403799639069,15.127403799639067,54.62740379963907,-26.62259620036093,-13.622596200360933,54.62740379963907,-26.62259620036093,-15.872596200360933,54.62740379963907,-26.62259620036093,30.12740379963907,54.62740379963907,-26.62259620036093,35.12740379963907,54.62740379963907,-26.62259620036093,7.127403799639069,58.12740379963907,-42.37259620036093,58.12740379963907,42.37259620036093,2023-03-28 10:00:00-04:00,35.0,94.5,95.5,113.0,219.0,19.321428571428573,19.803571428571427,21.446428571428573,25.071428571428573,6.133002790792892,5.045934569383976,4.0856677745061925,25.06999969482422,-0.0275407669864446,1.1417330710499116,1.1989671320407895,1.1402598916147078,0.9870460570130192,1.0341279885077128,1.0137605450570677,,,,1.0129113362419582,0.9958559318337138,0.9834154186350387,0.954513884504161,0.915124549774509,0.8884226610249177,0.8339631531828676,0.8270615557871225,0.8063159717002192,94.5,25.071428571428573,219.0,48.67494221876385,0.915124549774509,56.5,56.25,960,True,1.4818650566507214e-06,HIGH_VOL,1.0,HIGH_VOL,1.0,74.61139896373057
1348_upper,1348,2023-03-29 10:30:00-04:00,2023-04-27 10:30:00-04:00,2023-03-30 12:11:00+00:00,2023-03-30,2023,upper,NQM3,13044.435005252406,13044.435005252406,clean,2023-03-30 19:59:00+00:00,33.18500525240597,2023-03-30 13:46:00-04:00,335,-67.31499474759403,2023-03-30 11:12:00-04:00,181,True,False,-40.81499474759403,468,2.435005252405972,-2.314994747594028,-1.064994747594028,9.935005252405972,-4.564994747594028,7.185005252405972,22.68500525240597,-19.064994747594028,-15.064994747594028,22.68500525240597,-24.814994747594028,-10.564994747594028,22.68500525240597,-24.814994747594028,-1.314994747594028,22.68500525240597,-35.06499474759403,-12.814994747594028,22.68500525240597,-51.56499474759403,-5.564994747594028,22.68500525240597,-64.06499474759403,-61.56499474759403,33.18500525240597,-67.31499474759403,33.18500525240597,67.31499474759403,2023-03-30 08:11:00-04:00,10.25,15.0,16.25,35.0,252.0,8.071428571428571,12.589285714285714,16.482142857142858,20.178571428571427,2.429556125929064,2.2862784770202635,2.198609498866201,23.989999771118164,-0.020816335872728,0.8454116638078902,0.9439789322480248,0.9439789322480248,0.9333189701605084,0.9947187141216992,0.9969506932857718,,,,0.7834293661831909,0.765333850931677,0.8692680776014109,0.7440742013053934,0.7612018977332631,0.8127960973779258,0.8104038990493655,0.8282698757151312,0.9159281175861035,15.0,20.178571428571427,252.0,17.397659941169426,0.7612018977332631,60.25,52.5,851,True,2.432624764648964e-07,LOW_VOL,0.9996872027970828,LOW_VOL,0.5717302983122127,13.917525773195877
1344_upper,1344,2023-03-23 10:30:00-04:00,2023-04-21 10:30:00-04:00,2023-03-30 14:00:00+00:00,2023-03-30,2023,upper,NQM3,13081.25240379964,13081.25240379964,clean,2023-03-30 19:59:00+00:00,70.00240379963907,2023-03-30 13:46:00-04:00,226,-30.49759620036093,2023-03-30 11:12:00-04:00,72,True,False,-3.997596200360931,359,26.50240379963907,-5.747596200360931,26.00240379963907,53.00240379963907,-5.747596200360931,37.75240379963907,53.00240379963907,-22.24759620036093,-13.497596200360933,53.00240379963907,-27.24759620036093,-0.9975962003609312,53.00240379963907,-27.24759620036093,0.7524037996390689,53.00240379963907,-30.49759620036093,6.752403799639069,53.00240379963907,-30.49759620036093,8.752403799639069,53.00240379963907,-30.49759620036093,32.00240379963907,70.00240379963907,-30.49759620036093,70.00240379963907,30.49759620036093,2023-03-30 10:00:00-04:00,39.75,44.25,47.0,59.5,252.0,17.803571428571427,20.678571428571427,21.107142857142858,22.517857142857142,5.040089147759471,4.3551145332977,3.645874382803535,23.989999771118164,-0.020816335872728,0.9816957290034342,0.9454907438626912,0.9443157126706808,0.976755262148253,0.9703876030124996,0.9703876030124996,,,,0.865910862117135,0.8628594454009304,0.8589390160299888,0.9123036810953081,0.9084309479279457,0.9084309479279457,0.9189275785704188,0.9253061437511565,0.9253061437511565,44.25,22.517857142857142,252.0,31.566044709013333,0.9084309479279457,63.5,58.0,960,True,4.989662745006911e-07,HIGH_VOL,0.8977940243535502,MID_VOL,0.5475761669898359,31.28205128205128
1346_upper,1346,2023-03-27 10:30:00-04:00,2023-04-25 10:30:00-04:00,2023-03-30 14:28:00+00:00,2023-03-30,2023,upper,NQM3,13102.629369755205,13102.629369755205,clean,2023-03-30 19:59:00+00:00,91.3793697552028,2023-03-30 13:46:00-04:00,198,-9.120630244797212,2023-03-30 11:12:00-04:00,44,True,False,17.379369755202788,331,11.129369755202788,-5.870630244797212,10.629369755202788,27.629369755202788,-5.870630244797212,16.129369755202788,36.62936975520279,-5.870630244797212,14.129369755202788,36.62936975520279,-9.120630244797212,9.379369755202788,36.62936975520279,-9.120630244797212,23.129369755202788,40.12936975520279,-9.120630244797212,21.879369755202788,49.37936975520279,-9.120630244797212,34.87936975520279,64.62936975520279,-9.120630244797212,57.12936975520279,91.3793697552028,-9.120630244797212,91.3793697552028,9.120630244797212,2023-03-30 10:28:00-04:00,67.75,44.25,47.0,59.5,252.0,21.553571428571427,22.946428571428573,21.107142857142858,22.517857142857142,6.0244188204346045,5.189694229883153,4.2910250045466825,23.989999771118164,-0.020816335872728,0.9816957290034342,0.9454907438626912,0.9443157126706808,0.976755262148253,0.9703876030124996,0.9703876030124996,,,,0.865910862117135,0.8628594454009304,0.8589390160299888,0.9123036810953081,0.9084309479279457,0.9084309479279457,0.9189275785704188,0.9253061437511565,0.9253061437511565,44.25,22.517857142857142,252.0,31.566044709013333,0.9084309479279457,63.5,58.0,988,True,7.602822716759373e-07,HIGH_VOL,0.9999999999948069,HIGH_VOL,0.9999999998258667,46.93877551020408
1352_lower,1352,2023-04-04 10:30:00-04:00,2023-05-03 10:30:00-04:00,2023-04-05 14:19:00+00:00,2023-04-05,2023,lower,NQM3,13100.946936245124,13100.946936245124,clean,2023-04-05 19:59:00+00:00,24.053063754876348,2023-04-05 10:24:00-04:00,5,-94.94693624512364,2023-04-05 12:32:00-04:00,133,False,True,-21.44693624512365,340,24.053063754876348,0.803063754876348,20.803063754876348,24.053063754876348,-19.69693624512365,-18.44693624512365,24.053063754876348,-55.44693624512365,-49.19693624512365,24.053063754876348,-81.44693624512365,-68.94693624512365,24.053063754876348,-81.44693624512365,-63.69693624512365,24.053063754876348,-81.44693624512365,-56.94693624512365,24.053063754876348,-88.94693624512365,-67.44693624512365,24.053063754876348,-94.94693624512364,-59.94693624512365,24.053063754876348,-94.94693624512364,24.053063754876348,94.94693624512364,2023-04-05 10:19:00-04:00,62.75,62.0,88.0,116.0,180.5,19.660714285714285,19.392857142857142,19.767857142857142,21.160714285714285,6.497036962682559,5.398238028728157,4.361530831604029,24.280000686645508,0.0257710438692602,1.1636591871959832,1.1737272487470325,1.1613913588195377,1.1222876218922957,1.1164111713942395,1.105877091103208,,,,1.112659620578135,1.0226301193558767,0.9993935718617344,1.0140632648471297,0.9986124953586992,0.9819181030341462,1.0410637177461821,1.01826928524705,0.9873446801710016,62.0,21.160714285714285,180.5,36.22104755131035,0.9986124953586992,49.5,50.25,979,True,9.076710991960597e-07,HIGH_VOL,0.9998139622079236,HIGH_VOL,0.9994985523113131,54.82233502538071
1351_lower,1351,2023-04-03 10:30:00-04:00,2023-05-02 10:30:00-04:00,2023-04-05 14:44:00+00:00,2023-04-05,2023,lower,NQM3,13062.13261025822,13062.13261025822,clean,2023-04-05 19:59:00+00:00,30.61738974177933,2023-04-05 15:55:00-04:00,311,-56.132610258220666,2023-04-05 12:32:00-04:00,108,True,False,17.367389741779334,315,0.1173897417793341,-16.632610258220666,-10.382610258220666,0.1173897417793341,-34.882610258220666,-33.882610258220666,0.1173897417793341,-42.632610258220666,-19.382610258220662,0.1173897417793341,-42.632610258220666,-24.132610258220662,2.367389741779334,-42.632610258220666,-22.632610258220662,2.367389741779334,-42.632610258220666,-38.382610258220666,2.367389741779334,-56.132610258220666,-39.882610258220666,2.367389741779334,-56.132610258220666,-15.882610258220666,30.61738974177933,-56.132610258220666,30.61738974177933,56.132610258220666,2023-04-05 10:44:00-04:00,37.0,77.0,88.0,116.0,180.5,24.964285714285715,23.107142857142858,23.589285714285715,21.160714285714285,6.185010200524132,5.499451625803505,4.582100163906707,24.280000686645508,0.0257710438692602,1.4446189013830844,1.424278640942462,1.3459035613255743,1.1222876218922957,1.1164111713942395,1.105877091103208,,,,1.2669852777384014,1.2481546502812912,1.0800196790926901,1.0140632648471297,0.9986124953586992,0.9819181030341462,1.0410637177461821,1.01826928524705,0.9873446801710016,77.0,21.160714285714285,180.5,40.365517462309334,0.9986124953586992,49.5,51.0,1004,True,1.7922088942127698e-06,HIGH_VOL,0.9999999783927568,HIGH_VOL,0.9999998834271495,78.78787878787878
1353_lower,1353,2023-04-05 10:30:00-04:00,2023-05-04 10:30:00-04:00,2023-04-06 13:34:00+00:00,2023-04-06,2023,lower,NQM3,12969.69249010037,12969.69249010037,clean,2023-04-06 19:59:00+00:00,221.30750989963053,2023-04-06 14:33:00-04:00,299,-16.44249010036947,2023-04-06 09:57:00-04:00,23,True,False,201.55750989963053,385,14.307509899630531,-12.192490100369469,-4.942490100369469,14.307509899630531,-14.442490100369469,-7.192490100369469,48.05750989963053,-16.44249010036947,41.80750989963053,84.30750989963053,-16.44249010036947,56.05750989963053,84.30750989963053,-16.44249010036947,69.30750989963053,84.30750989963053,-16.44249010036947,74.30750989963053,114.05750989963052,-16.44249010036947,105.80750989963052,191.30750989963053,-16.44249010036947,181.30750989963053,221.30750989963053,-16.44249010036947,221.30750989963053,16.44249010036947,2023-04-06 09:34:00-04:00,14.5,23.25,56.0,83.5,241.25,12.660714285714286,20.232142857142858,25.5,25.321428571428573,4.60557165131852,3.964053045554562,3.403564234665604,24.6200008392334,0.0140033007814079,1.2246764837126285,1.2571428571428571,1.081203525877776,1.8203578898442947,1.790945812057008,1.5817319018611382,,,,1.0033817749748652,0.8354642313546423,0.8242979426340291,1.3080434177567493,1.0923924412523534,1.0243455896776443,1.3548651336960973,1.2833074706273553,1.3417934231493553,23.25,25.321428571428573,241.25,24.263619150607237,1.0923924412523534,64.75,57.25,934,True,2.6419054737361306e-07,LOW_VOL,0.9996163538406597,LOW_VOL,0.5761765566295383,14.572864321608039
1358_upper,1358,2023-04-13 10:30:00-04:00,2023-05-11 10:30:00-04:00,2023-04-14 14:04:00+00:00,2023-04-14,2023,upper,NQM3,13252.1139706832,13252.1139706832,clean,2023-04-14 19:59:00+00:00,194.1139706832,2023-04-14 12:47:00-04:00,163,2.363970683200023,2023-04-14 10:05:00-04:00,1,True,False,71.11397068320002,355,84.11397068320002,2.363970683200023,74.36397068320002,102.86397068320002,2.363970683200023,93.61397068320002,126.61397068320002,2.363970683200023,113.86397068320002,136.86397068320002,2.363970683200023,109.36397068320002,136.86397068320002,2.363970683200023,120.36397068320002,136.86397068320002,2.363970683200023,113.86397068320002,142.11397068320002,2.363970683200023,137.61397068320002,194.1139706832,2.363970683200023,167.11397068320002,194.1139706832,2.363970683200023,194.1139706832,0.0,2023-04-14 10:04:00-04:00,46.75,118.25,136.5,150.75,302.5,19.785714285714285,27.982142857142858,26.767857142857142,26.214285714285715,7.147858059749542,6.192049752746417,5.13599696555957,23.280000686645508,-0.0494078846786942,1.199652294853964,1.1855542574393512,1.1855542574393512,1.1571931553095611,1.1182033924408632,1.1136116456119802,,,,1.018058424313957,1.0205427789691637,1.015586135845169,1.0419569471624266,1.0400302114803626,1.0102459016393444,1.1322205841417776,1.131305015168606,1.1185724252779319,118.25,26.214285714285715,302.5,55.676200352702644,1.0400302114803626,77.0,70.25,964,True,1.6908274112211798e-06,HIGH_VOL,0.9999999999999994,HIGH_VOL,0.9999999999999966,77.0
1362_lower,1362,2023-04-19 10:30:00-04:00,2023-05-17 10:30:00-04:00,2023-04-25 14:07:00+00:00,2023-04-25,2023,lower,NQM3,12962.19925758433,12962.19925758433,clean,2023-04-25 19:59:00+00:00,12.800742415669449,2023-04-25 11:20:00-04:00,73,-156.19925758433055,2023-04-25 15:59:00-04:00,352,False,True,-153.69925758433055,352,11.300742415669449,-19.199257584330557,-15.949257584330551,11.300742415669449,-25.199257584330557,-15.449257584330551,11.300742415669449,-32.19925758433055,-20.949257584330557,11.300742415669449,-32.19925758433055,-0.9492575843305532,11.300742415669449,-32.19925758433055,-14.949257584330551,12.800742415669449,-32.19925758433055,-25.949257584330557,12.800742415669449,-58.69925758433055,-54.94925758433055,12.800742415669449,-74.94925758433055,-51.44925758433055,12.800742415669449,-156.19925758433055,12.800742415669449,156.19925758433055,2023-04-25 10:07:00-04:00,49.5,49.5,49.5,49.5,166.75,16.964285714285715,15.339285714285714,21.678571428571427,21.928571428571427,6.682230438911051,5.441427688899075,4.382815568102742,21.520000457763672,0.0108031720218755,1.0253845155896386,1.0418824011893166,1.0945292004216,0.983797861417875,1.0100981532785251,1.0517143296947469,,,,1.0027771120853715,1.03687831613317,1.045980560824621,0.983797861417875,0.9926660560310793,0.9938777575389597,0.8894778905198839,0.9034710947615036,0.9034525277435265,49.5,21.928571428571427,166.75,32.946385017392814,0.9926660560310793,46.25,47.5,967,True,1.2142446712854538e-06,HIGH_VOL,0.9999999345183059,HIGH_VOL,0.9999998044859288,64.6766169154229
1365_lower,1365,2023-04-24 10:30:00-04:00,2023-05-22 10:30:00-04:00,2023-04-25 14:35:00+00:00,2023-04-25,2023,lower,NQM3,12931.882433696444,12931.882433696444,clean,2023-04-25 19:59:00+00:00,43.11756630355558,2023-04-25 11:20:00-04:00,45,-125.88243369644442,2023-04-25 15:59:00-04:00,324,False,True,-123.38243369644442,324,21.367566303555577,0.6175663035555772,20.867566303555577,34.11756630355558,0.6175663035555772,30.367566303555577,34.11756630355558,0.6175663035555772,12.867566303555575,43.11756630355558,0.6175663035555772,39.86756630355558,43.11756630355558,0.6175663035555772,7.117566303555577,43.11756630355558,-20.882433696444423,-17.882433696444423,43.11756630355558,-44.63243369644442,-43.88243369644442,43.11756630355558,-77.38243369644442,-58.63243369644442,43.11756630355558,-125.88243369644442,43.11756630355558,125.88243369644442,2023-04-25 10:35:00-04:00,20.25,64.75,49.5,49.5,166.75,22.214285714285715,21.446428571428573,24.285714285714285,21.928571428571427,6.17770960714072,5.484046715303872,4.586710768245724,21.520000457763672,0.0108031720218755,1.2253029451889896,1.2326851076283416,1.371263064539668,0.983797861417875,1.0100981532785251,1.0517143296947469,,,,1.0223899960660567,1.146778827196425,1.1478349120433018,0.983797861417875,0.9926660560310793,0.9938777575389597,0.8894778905198839,0.9034710947615036,0.9034525277435265,64.75,21.928571428571427,166.75,37.681228748542686,0.9926660560310793,46.25,48.25,995,True,5.520497667377097e-07,HIGH_VOL,0.9942529543395299,HIGH_VOL,0.9898935186357709,34.15841584158416
1367_upper,1367,2023-04-26 10:30:00-04:00,2023-05-24 10:30:00-04:00,2023-04-27 14:34:00+00:00,2023-04-27,2023,upper,NQM3,13095.741714779244,13095.741714779244,clean,2023-04-27 19:59:00+00:00,12.74171477924392,2023-04-27 10:58:00-04:00,24,-157.50828522075608,2023-04-27 15:21:00-04:00,287,False,True,-135.50828522075608,325,1.241714779243921,-14.25828522075608,-10.25828522075608,1.241714779243921,-22.75828522075608,-16.25828522075608,12.74171477924392,-22.75828522075608,6.241714779243921,12.74171477924392,-22.75828522075608,-13.50828522075608,12.74171477924392,-51.75828522075608,-43.00828522075608,12.74171477924392,-53.50828522075608,-50.25828522075608,12.74171477924392,-67.00828522075608,-61.75828522075608,12.74171477924392,-99.75828522075608,-97.25828522075608,12.74171477924392,-157.50828522075608,12.74171477924392,157.50828522075608,2023-04-27 10:34:00-04:00,23.0,74.5,49.0,79.0,148.5,24.375,29.392857142857142,25.910714285714285,22.928571428571427,5.133225702808212,4.886775775715263,4.2763113505275046,22.770000457763672,-0.0087069595807318,1.2762453761946786,1.3718501175686997,1.38036149471974,1.4317481781984824,1.4478645681654152,1.511629905281874,,,,1.1692082742011782,1.1516265672653339,1.1873351384400384,1.3704547088856396,1.4446543065601214,1.452084193148989,1.435728113361438,1.498517933517267,1.5038702239789197,74.5,22.928571428571427,148.5,41.33011700235763,1.4446543065601214,47.0,50.0,994,True,1.3088796917915944e-06,HIGH_VOL,0.9999995258530183,HIGH_VOL,0.9999989648936015,70.93596059113301
1370_lower,1370,2023-05-01 10:30:00-04:00,2023-05-29 10:30:00-04:00,2023-05-02 14:36:00+00:00,2023-05-02,2023,lower,NQM3,13176.138032476792,13176.138032476792,clean,2023-05-02 19:59:00+00:00,45.36196752320757,2023-05-02 13:53:00-04:00,197,-65.88803247679243,2023-05-02 11:33:00-04:00,57,True,False,8.611967523207568,323,5.861967523207568,-13.388032476792432,0.3619675232075678,5.861967523207568,-21.888032476792432,-16.388032476792432,5.861967523207568,-59.13803247679243,-46.38803247679243,5.861967523207568,-59.38803247679243,-48.13803247679243,5.861967523207568,-65.88803247679243,-32.13803247679243,5.861967523207568,-65.88803247679243,-41.38803247679243,5.861967523207568,-65.88803247679243,-6.638032476792432,18.611967523207568,-65.88803247679243,16.861967523207568,45.36196752320757,-65.88803247679243,45.36196752320757,65.88803247679243,2023-05-02 10:36:00-04:00,47.0,103.25,47.5,47.5,111.5,22.660714285714285,19.339285714285715,19.232142857142858,21.0,7.114413297214472,5.821163018844777,4.593639055117051,20.190000534057617,0.0034791099356079,1.4442001202826642,1.443535434180247,1.5509582101300825,0.9648857099221096,0.9570052638887137,0.995221654830198,,,,1.3019823788546256,1.2581949765857812,1.3202584059240932,0.8950239064990261,0.9284891980600598,0.9589784456587735,0.8489234790640999,0.8612545610432077,0.8892148386034255,103.25,21.0,111.5,46.56447143477525,0.9284891980600598,32.25,39.0,996,True,1.681629938687028e-06,HIGH_VOL,1.0,HIGH_VOL,1.0,76.47058823529412
1369_lower,1369,2023-04-28 10:30:00-04:00,2023-05-26 10:30:00-04:00,2023-05-04 13:44:00+00:00,2023-05-04,2023,lower,NQM3,13042.435086729922,13042.435086729922,clean,2023-05-04 19:59:00+00:00,88.81491327007825,2023-05-04 13:35:00-04:00,231,-40.68508672992175,2023-05-04 10:30:00-04:00,46,True,False,5.56491327007825,375,3.56491327007825,-15.43508672992175,3.56491327007825,20.56491327007825,-15.43508672992175,-0.9350867299217498,23.81491327007825,-15.43508672992175,3.81491327007825,23.81491327007825,-37.43508672992175,-33.68508672992175,23.81491327007825,-40.68508672992175,-19.18508672992175,64.81491327007825,-40.68508672992175,49.31491327007825,64.81491327007825,-40.68508672992175,23.31491327007825,64.81491327007825,-40.68508672992175,15.31491327007825,88.81491327007825,-40.68508672992175,88.81491327007825,40.68508672992175,2023-05-04 09:44:00-04:00,19.25,29.0,39.25,40.75,234.0,16.232142857142858,19.910714285714285,29.589285714285715,30.178571428571427,5.849452762311769,4.917242485538929,4.258178752922057,22.030000686645508,0.0184929052888935,1.518418929819844,1.407790588968526,1.2416446789797713,2.039050680786687,1.8790572038513484,1.7143652118610382,,,,1.0397716810900386,1.0438077634011091,1.0438077634011091,1.4254081565205896,1.34836027136024,1.3175500229112571,1.1621850933298525,1.161805963332681,1.161805963332681,29.0,30.178571428571427,234.0,29.583417169565983,1.34836027136024,67.25,60.0,944,True,3.9448323790448313e-07,LOW_VOL,0.9883165321641839,LOW_VOL,0.8604557113540926,23.902439024390244
1373_upper,1373,2023-05-04 10:30:00-04:00,2023-06-01 10:30:00-04:00,2023-05-05 14:09:00+00:00,2023-05-05,2023,upper,NQM3,13224.223199417049,13224.223199417049,clean,2023-05-05 19:59:00+00:00,7.223199417046999,2023-05-05 10:10:00-04:00,1,-134.776800582953,2023-05-05 14:57:00-04:00,288,False,True,-99.776800582953,350,7.223199417046999,-8.526800582953001,-7.776800582953001,7.223199417046999,-17.776800582953,-6.026800582953001,7.223199417046999,-46.526800582953,-45.526800582953,7.223199417046999,-53.526800582953,-39.526800582953,7.223199417046999,-53.526800582953,-32.276800582953,7.223199417046999,-53.526800582953,-41.026800582953,7.223199417046999,-53.526800582953,-26.276800582953,7.223199417046999,-53.526800582953,-50.026800582953,7.223199417046999,-134.776800582953,7.223199417046999,134.776800582953,2023-05-05 10:09:00-04:00,39.25,68.75,81.0,107.75,171.25,15.785714285714286,21.642857142857142,23.267857142857142,23.607142857142858,4.9561149694017095,4.620826222022396,4.010158947969664,23.13999938964844,0.0503857770497397,1.0941521884754073,1.1003468638917555,1.1157636183942794,1.1758405550499256,1.176686444425378,1.148600069577766,,,,1.0588681535427098,1.0510829978915086,1.1066120825104868,1.0683861070495457,1.0668517676344575,1.1262310097596413,1.2168619083765875,1.1907412333311584,1.218962576296266,68.75,23.607142857142858,171.25,40.286363343302305,1.0668517676344575,48.25,50.0,969,True,6.214694028583629e-07,HIGH_VOL,0.9993852500392731,HIGH_VOL,0.9988840294441206,36.407766990291265
1369_upper,1369,2023-04-28 10:30:00-04:00,2023-05-26 10:30:00-04:00,2023-05-10 13:32:00+00:00,2023-05-10,2023,upper,NQM3,13410.064913270078,13410.064913270078,clean,2023-05-10 19:59:00+00:00,147.81491327007825,2023-05-10 13:39:00-04:00,247,-36.68508672992175,2023-05-10 15:34:00-04:00,362,False,True,-0.4350867299217498,387,16.06491327007825,-6.93508672992175,13.56491327007825,88.81491327007825,-6.93508672992175,51.06491327007825,88.81491327007825,-6.93508672992175,0.0649132700782502,88.81491327007825,-23.68508672992175,-4.93508672992175,88.81491327007825,-23.68508672992175,4.81491327007825,111.81491327007824,-23.68508672992175,85.56491327007825,111.81491327007824,-23.68508672992175,32.06491327007825,111.81491327007824,-23.68508672992175,58.06491327007825,147.81491327007825,-36.68508672992175,147.81491327007825,36.68508672992175,2023-05-10 09:32:00-04:00,38.0,43.5,139.25,40.0,96.5,25.696428571428573,21.375,26.732142857142858,20.839285714285715,8.108565455639965,7.264637996180168,5.958520538001356,20.850000381469727,0.0265879335168306,3.535090077977951,3.742119120472497,2.703058339758417,5.1021254078842935,5.279762719598448,4.623062170369186,,,,2.593608206746893,2.413400642496558,2.413400642496558,4.526484625616149,3.761695763841477,3.534626546509852,0.8533539152399663,0.8338132455779514,0.829547779824023,43.5,20.839285714285715,96.5,30.108286709333505,3.761695763841477,44.0,48.0,932,True,1.7992639203104825e-06,HIGH_VOL,0.9996368654847618,MID_VOL,0.5909077107928399,79.71014492753623
1376_upper,1376,2023-05-09 10:30:00-04:00,2023-06-06 10:30:00-04:00,2023-05-10 13:32:00+00:00,2023-05-10,2023,upper,NQM3,13411.199002032656,13411.199002032656,clean,2023-05-10 19:59:00+00:00,148.9490020326557,2023-05-10 13:39:00-04:00,247,-35.5509979673443,2023-05-10 15:34:00-04:00,362,False,True,0.6990020326556987,387,17.1990020326557,-5.800997967344301,14.6990020326557,89.9490020326557,-5.800997967344301,52.1990020326557,89.9490020326557,-5.800997967344301,1.1990020326556987,89.9490020326557,-22.5509979673443,-3.800997967344301,89.9490020326557,-22.5509979673443,5.949002032655699,112.9490020326557,-22.5509979673443,86.6990020326557,112.9490020326557,-22.5509979673443,33.1990020326557,112.9490020326557,-22.5509979673443,59.1990020326557,148.9490020326557,-35.5509979673443,148.9490020326557,35.5509979673443,2023-05-10 09:32:00-04:00,38.0,43.5,139.25,40.0,96.5,25.696428571428573,21.375,26.732142857142858,20.839285714285715,8.108565455639965,7.264637996180168,5.958520538001356,20.850000381469727,0.0265879335168306,3.535090077977951,3.742119120472497,2.703058339758417,5.1021254078842935,5.279762719598448,4.623062170369186,,,,2.593608206746893,2.413400642496558,2.413400642496558,4.526484625616149,3.761695763841477,3.534626546509852,0.8533539152399663,0.8338132455779514,0.829547779824023,43.5,20.839285714285715,96.5,30.108286709333505,3.761695763841477,44.0,48.0,932,True,1.7992639203104825e-06,HIGH_VOL,0.9996368654847618,MID_VOL,0.5909077107928399,79.32692307692307
1375_upper,1375,2023-05-08 10:30:00-04:00,2023-06-05 10:30:00-04:00,2023-05-10 14:04:00+00:00,2023-05-10,2023,upper,NQM3,13420.995773064911,13420.995773064911,clean,2023-05-10 19:59:00+00:00,158.745773064913,2023-05-10 13:39:00-04:00,215,-25.75422693508699,2023-05-10 15:34:00-04:00,330,False,True,10.49577306491301,355,8.74577306491301,-8.25422693508699,-2.75422693508699,51.24577306491301,-12.75422693508699,39.24577306491301,51.24577306491301,-12.75422693508699,11.74577306491301,104.495773064913,-12.75422693508699,80.99577306491301,122.745773064913,-12.75422693508699,93.995773064913,122.745773064913,-12.75422693508699,35.74577306491301,122.745773064913,-12.75422693508699,69.24577306491301,122.745773064913,-12.75422693508699,86.99577306491301,158.745773064913,-25.75422693508699,158.745773064913,25.75422693508699,2023-05-10 10:04:00-04:00,38.5,95.75,95.75,163.5,96.5,26.017857142857142,29.553571428571427,28.571428571428573,29.339285714285715,8.570435339796052,7.86942890954692,6.601449492137745,20.850000381469727,0.0265879335168306,1.4214018612759018,1.4311698054452675,1.4311698054452675,1.6214936618642777,1.6504712245360624,1.6015487017680592,,,,1.3762079760446442,1.379644411696481,1.4214018612759018,1.4791543310926125,1.4915182804762406,1.5966914183663878,1.8204750253038924,1.7675339420480676,1.9000912829875178,95.75,29.339285714285715,96.5,53.002232095854765,1.4915182804762406,33.25,40.25,964,True,1.9870693486686273e-06,HIGH_VOL,1.0,HIGH_VOL,0.9999999999999927,82.29665071770334
1370_upper,1370,2023-05-01 10:30:00-04:00,2023-05-29 10:30:00-04:00,2023-05-10 14:08:00+00:00,2023-05-10,2023,upper,NQM3,13428.486967523208,13428.486967523208,clean,2023-05-10 19:59:00+00:00,166.23696752320757,2023-05-10 13:39:00-04:00,211,-18.263032476792432,2023-05-10 15:34:00-04:00,326,False,True,17.986967523207568,351,11.736967523207568,-2.263032476792432,-0.0130324767924321,58.73696752320757,-5.263032476792432,39.48696752320757,58.73696752320757,-5.263032476792432,31.736967523207568,113.73696752320755,-5.263032476792432,96.98696752320755,130.23696752320757,-5.263032476792432,85.98696752320757,130.23696752320757,-5.263032476792432,44.73696752320757,130.23696752320757,-5.263032476792432,82.73696752320757,130.23696752320757,-5.263032476792432,91.98696752320755,166.23696752320757,-18.263032476792432,166.23696752320757,18.263032476792432,2023-05-10 10:08:00-04:00,38.5,95.75,95.75,163.5,96.5,26.553571428571427,29.553571428571427,28.571428571428573,29.339285714285715,8.249259009283167,7.725429522797435,6.546888899546266,20.850000381469727,0.0265879335168306,1.4214018612759018,1.4311698054452675,1.4311698054452675,1.6214936618642777,1.6504712245360624,1.6015487017680592,,,,1.3762079760446442,1.379644411696481,1.4214018612759018,1.4791543310926125,1.4915182804762406,1.5966914183663878,1.8204750253038924,1.7675339420480676,1.9000912829875178,95.75,29.339285714285715,96.5,53.002232095854765,1.4915182804762406,33.25,40.25,968,True,2.5417277605462283e-06,HIGH_VOL,1.0,HIGH_VOL,0.9999999999999998,87.14285714285714
1386_upper,1386,2023-05-23 10:30:00-04:00,2023-06-20 10:30:00-04:00,2023-05-25 13:06:00+00:00,2023-05-25,2023,upper,NQM3,13975.37052097448,13975.37052097448,clean,2023-05-25 19:59:00+00:00,124.12052097448031,2023-05-25 09:51:00-04:00,45,-55.879479025519686,2023-05-25 14:01:00-04:00,295,False,True,-2.879479025519686,413,10.120520974480314,1.6205209744803142,6.870520974480314,12.870520974480314,1.6205209744803142,11.870520974480314,96.87052097448031,1.6205209744803142,88.87052097448031,124.12052097448031,1.6205209744803142,113.62052097448031,124.12052097448031,1.6205209744803142,93.87052097448031,124.12052097448031,1.6205209744803142,81.37052097448031,124.12052097448031,1.6205209744803142,25.620520974480318,124.12052097448031,-11.379479025519686,19.370520974480318,124.12052097448031,-55.879479025519686,124.12052097448031,55.879479025519686,2023-05-25 09:06:00-04:00,14.25,47.0,47.0,42.5,279.25,16.285714285714285,18.928571428571427,26.446428571428573,33.142857142857146,4.521365616674804,4.031264827918596,3.5438893589208207,22.39999961853028,0.067174838627309,2.356591994124128,2.499480654375487,2.633515731874145,2.5475764354958987,2.6722202667292425,2.705980198019802,,,,1.9353573941892028,1.979639055992596,1.9955426557479008,1.930331110859984,1.997252265419468,2.1257544645634994,2.201506734647287,2.1710254774680124,2.0310306093793877,47.0,33.142857142857146,279.25,39.46788929895144,1.997252265419468,87.75,74.75,906,True,4.131828131315886e-07,HIGH_VOL,0.9757114254984688,HIGH_VOL,0.9627139437909333,23.696682464454977
1388_upper,1388,2023-05-25 10:30:00-04:00,2023-06-22 10:30:00-04:00,2023-05-26 14:00:00+00:00,2023-05-26,2023,upper,NQM3,14124.819324931072,14124.819324931072,clean,2023-05-26 19:59:00+00:00,1.3193249310716055,2023-05-26 10:02:00-04:00,2,-243.6806750689284,2023-05-26 15:11:00-04:00,311,False,True,-208.1806750689284,359,1.3193249310716055,-19.180675068928394,-3.4306750689283945,1.3193249310716055,-33.930675068928394,-33.180675068928394,1.3193249310716055,-90.1806750689284,-83.9306750689284,1.3193249310716055,-125.6806750689284,-109.1806750689284,1.3193249310716055,-144.4306750689284,-139.4306750689284,1.3193249310716055,-144.4306750689284,-135.9306750689284,1.3193249310716055,-176.6806750689284,-159.6806750689284,1.3193249310716055,-203.6806750689284,-199.6806750689284,1.3193249310716055,-243.6806750689284,1.3193249310716055,243.6806750689284,2023-05-26 10:00:00-04:00,46.5,109.25,109.25,145.5,228.25,20.857142857142858,26.375,24.714285714285715,30.232142857142858,5.922353431170476,5.18585205716969,4.335000406794984,21.690000534057617,-0.0316963882394587,1.182011722697568,1.1909258140497831,1.1909258140497831,1.1697311085131257,1.1831086851361925,1.1831086851361925,,,,1.0869048061554474,1.1273131489667934,1.1620171673819744,1.0418511701288455,1.0908550284128453,1.1349381853180105,1.109358617043204,1.1164875602595727,1.1470161734932613,109.25,30.232142857142858,228.25,57.47052816133551,1.0908550284128453,61.75,60.5,960,True,1.8135751077966562e-06,HIGH_VOL,1.0,HIGH_VOL,1.0,79.24528301886792
1405_lower,1405,2023-06-19 10:30:00-04:00,2023-07-17 10:30:00-04:00,2023-06-20 14:30:00+00:00,2023-06-20,2023,lower,NQU3,15127.861700125628,15127.861700125628,clean,2023-06-20 19:59:00+00:00,159.63829987437202,2023-06-20 15:50:00-04:00,320,0.1382998743720236,2023-06-20 10:31:00-04:00,1,True,False,125.63829987437202,329,26.888299874372024,0.1382998743720236,19.888299874372024,44.63829987437202,0.1382998743720236,43.88829987437202,45.13829987437202,0.1382998743720236,35.638299874372024,62.38829987437202,0.1382998743720236,31.388299874372024,62.38829987437202,0.1382998743720236,57.13829987437202,68.13829987437202,0.1382998743720236,41.88829987437202,119.13829987437202,0.1382998743720236,113.38829987437202,157.63829987437202,0.1382998743720236,143.88829987437202,159.63829987437202,0.1382998743720236,159.63829987437202,0.0,2023-06-20 10:30:00-04:00,83.75,120.0,106.25,106.25,92.0,33.0,30.75,32.80357142857143,26.125,7.96870632400139,6.815550048729899,5.54011699452909,19.549999237060547,-0.0359961254866066,1.2952214971831555,1.2609296085858586,1.2609296085858586,1.1593412469254625,1.089906781128345,1.0415914938135855,,,,1.1318622936884608,1.0742119549232334,1.1485408280621046,0.9457017960473388,0.9750951919329209,1.0016374172950278,0.9389197500247991,0.9650991371436097,1.0042616776155826,120.0,26.125,92.0,55.991070716677676,0.9750951919329209,28.0,35.75,990,True,2.515706597971561e-06,HIGH_VOL,1.0,HIGH_VOL,0.9999999999999999,86.3849765258216
1412_upper,1412,2023-06-28 10:30:00-04:00,2023-07-26 10:30:00-04:00,2023-06-30 12:38:00+00:00,2023-06-30,2023,upper,NQU3,15254.069572783555,15254.069572783555,clean,2023-06-30 19:59:00+00:00,28.569572783555486,2023-06-30 08:55:00-04:00,17,-122.68042721644451,2023-06-30 10:20:00-04:00,102,False,True,-76.93042721644451,441,15.569572783555486,-5.930427216444514,6.319572783555486,25.069572783555486,-5.930427216444514,25.069572783555486,28.569572783555486,-9.680427216444514,-2.9304272164445138,28.569572783555486,-9.680427216444514,3.0695727835554862,28.569572783555486,-22.430427216444517,-4.180427216444514,28.569572783555486,-83.68042721644451,-74.93042721644451,28.569572783555486,-122.68042721644451,-85.18042721644451,28.569572783555486,-122.68042721644451,-58.680427216444514,28.569572783555486,-122.68042721644451,28.569572783555486,122.68042721644451,2023-06-30 08:38:00-04:00,12.0,19.5,19.25,21.75,174.25,6.803571428571429,11.214285714285714,17.017857142857142,19.982142857142858,5.506079023910019,4.280435690086225,3.410242760380405,19.979999542236328,-0.0019980476829525,1.286476503180792,1.5711779448621557,1.2848944455831113,0.8227340267459138,0.8255553898911585,0.7806838209376101,,,,1.1418943533697632,1.114092767016172,1.020096005207062,0.7588049883513773,0.7009748069375871,0.6256143720693746,0.7969018932874354,0.7865510529109893,0.7553788110533293,19.5,19.982142857142858,174.25,19.739599431454675,0.7009748069375871,43.0,42.5,878,True,9.884970371865082e-08,HIGH_VOL,1.0,HIGH_VOL,0.9999999999999976,1.4018691588785046
1408_upper,1408,2023-06-22 10:30:00-04:00,2023-07-20 10:30:00-04:00,2023-06-30 12:39:00+00:00,2023-06-30,2023,upper,NQU3,15255.780357455948,15255.780357455948,clean,2023-06-30 19:59:00+00:00,30.280357455947524,2023-06-30 08:55:00-04:00,16,-120.96964254405248,2023-06-30 10:20:00-04:00,101,False,True,-75.21964254405248,440,17.280357455947524,2.280357455947524,13.280357455947524,28.530357455947524,2.280357455947524,28.280357455947524,30.280357455947524,-7.969642544052476,3.780357455947524,30.280357455947524,-7.969642544052476,4.030357455947524,30.280357455947524,-20.71964254405248,-13.219642544052476,30.280357455947524,-81.96964254405248,-65.96964254405248,30.280357455947524,-120.96964254405248,-96.96964254405248,30.280357455947524,-120.96964254405248,-51.46964254405248,30.280357455947524,-120.96964254405248,30.280357455947524,120.96964254405248,2023-06-30 08:39:00-04:00,12.0,19.5,19.25,21.75,174.25,6.803571428571429,11.214285714285714,17.017857142857142,19.982142857142858,5.910685405565749,4.558825531850569,3.591968075694597,19.979999542236328,-0.0019980476829525,1.286476503180792,1.5711779448621557,1.2848944455831113,0.8227340267459138,0.8255553898911585,0.7806838209376101,,,,1.1418943533697632,1.114092767016172,1.020096005207062,0.7588049883513773,0.7009748069375871,0.6256143720693746,0.7969018932874354,0.7865510529109893,0.7553788110533293,19.5,19.982142857142858,174.25,19.739599431454675,0.7009748069375871,43.0,42.5,879,True,9.884970371865082e-08,HIGH_VOL,1.0,HIGH_VOL,0.9999999999999976,1.3953488372093024
1410_upper,1410,2023-06-26 10:30:00-04:00,2023-07-24 10:30:00-04:00,2023-06-30 12:39:00+00:00,2023-06-30,2023,upper,NQU3,15256.948067275396,15256.948067275396,clean,2023-06-30 19:59:00+00:00,31.44806727539617,2023-06-30 08:55:00-04:00,16,-119.80193272460384,2023-06-30 10:20:00-04:00,101,False,True,-74.05193272460383,440,18.44806727539617,3.44806727539617,14.44806727539617,29.69806727539617,3.44806727539617,29.44806727539617,31.44806727539617,-6.80193272460383,4.94806727539617,31.44806727539617,-6.80193272460383,5.19806727539617,31.44806727539617,-19.55193272460383,-12.05193272460383,31.44806727539617,-80.80193272460383,-64.80193272460383,31.44806727539617,-119.80193272460384,-95.80193272460384,31.44806727539617,-119.80193272460384,-50.30193272460383,31.44806727539617,-119.80193272460384,31.44806727539617,119.80193272460384,2023-06-30 08:39:00-04:00,12.0,19.5,19.25,21.75,174.25,6.803571428571429,11.214285714285714,17.017857142857142,19.982142857142858,5.910685405565749,4.558825531850569,3.591968075694597,19.979999542236328,-0.0019980476829525,1.286476503180792,1.5711779448621557,1.2848944455831113,0.8227340267459138,0.8255553898911585,0.7806838209376101,,,,1.1418943533697632,1.114092767016172,1.020096005207062,0.7588049883513773,0.7009748069375871,0.6256143720693746,0.7969018932874354,0.7865510529109893,0.7553788110533293,19.5,19.982142857142858,174.25,19.739599431454675,0.7009748069375871,43.0,42.5,879,True,9.884970371865082e-08,HIGH_VOL,1.0,HIGH_VOL,0.9999999999999976,1.3888888888888888
1413_upper,1413,2023-06-29 10:30:00-04:00,2023-07-27 10:30:00-04:00,2023-06-30 13:43:00+00:00,2023-06-30,2023,upper,NQU3,15290.171958931223,15290.171958931223,clean,2023-06-30 19:59:00+00:00,6.171958931223344,2023-06-30 11:48:00-04:00,125,-86.57804106877666,2023-06-30 10:20:00-04:00,37,True,False,-40.828041068776656,376,-1.3280410687766562,-33.828041068776656,-31.078041068776656,-1.3280410687766562,-40.328041068776656,-29.578041068776656,-1.3280410687766562,-50.578041068776656,-42.078041068776656,-1.3280410687766562,-86.57804106877666,-64.32804106877666,-1.3280410687766562,-86.57804106877666,-57.828041068776656,-1.3280410687766562,-86.57804106877666,-54.828041068776656,-1.3280410687766562,-86.57804106877666,-6.078041068776656,6.171958931223344,-86.57804106877666,-49.828041068776656,6.171958931223344,-86.57804106877666,6.171958931223344,86.57804106877666,2023-06-30 09:43:00-04:00,16.75,29.5,87.5,21.75,174.25,19.75,17.642857142857142,21.25,20.035714285714285,5.818259186783609,5.051719832191853,4.193162713271408,19.979999542236328,-0.0019980476829525,1.8556500607533413,1.906021840873635,1.9008027879768497,2.277821569329989,2.5318199920350457,2.604531115572125,,,,1.3984067393095871,1.4431372549019608,1.381456354590683,2.0321570131696713,2.0928333936860124,1.9545594293795732,0.7969018932874354,0.7865510529109893,0.7553788110533293,29.5,20.035714285714285,174.25,24.31159335437666,2.0928333936860124,60.25,56.75,943,True,4.0446994435281075e-07,LOW_VOL,0.9255609260124908,MID_VOL,0.9988061321782297,24.42396313364055
1405_upper,1405,2023-06-19 10:30:00-04:00,2023-07-17 10:30:00-04:00,2023-06-30 14:20:00+00:00,2023-06-30,2023,upper,NQU3,15364.888299874372,15364.888299874372,clean,2023-06-30 19:59:00+00:00,80.88829987437202,2023-06-30 11:48:00-04:00,88,-9.361700125627976,2023-06-30 10:21:00-04:00,1,True,False,33.888299874372024,339,17.638299874372024,-9.361700125627976,15.388299874372024,17.638299874372024,-9.361700125627976,10.388299874372024,40.88829987437202,-9.361700125627976,32.388299874372024,40.88829987437202,-9.361700125627976,25.638299874372024,40.88829987437202,-9.361700125627976,24.388299874372024,80.88829987437202,-9.361700125627976,69.63829987437202,80.88829987437202,-9.361700125627976,40.13829987437202,80.88829987437202,-9.361700125627976,14.388299874372024,80.88829987437202,-9.361700125627976,80.88829987437202,9.361700125627976,2023-06-30 10:20:00-04:00,33.0,92.0,96.25,158.0,174.25,21.375,23.607142857142858,22.267857142857142,25.482142857142858,6.534565613736679,5.896186753334827,4.9512000585811125,19.979999542236328,-0.0019980476829525,0.8913510385184232,0.9585367540280756,0.8612881979395792,0.9776223776223776,1.0291982793762435,0.9365459890709172,,,,0.8331870694733299,0.8111631935300762,0.802025111381126,0.8987821984187707,0.8775302698608676,0.8677439212065251,1.0603211050972245,1.0529478032294404,1.0418658787716,92.0,25.482142857142858,174.25,48.41856196601819,0.8775302698608676,46.25,49.0,980,True,7.720113260785657e-07,HIGH_VOL,0.9999999999990027,HIGH_VOL,0.9987428218554787,48.1651376146789
1416_lower,1416,2023-07-04 10:30:00-04:00,2023-08-01 10:30:00-04:00,2023-07-06 12:30:00+00:00,2023-07-06,2023,lower,NQU3,15242.18319312509,15242.18319312509,clean,2023-07-06 19:59:00+00:00,9.816806874909162,2023-07-06 14:50:00-04:00,380,-130.68319312509084,2023-07-06 10:11:00-04:00,101,True,False,-6.433193125090838,449,4.066806874909162,-24.18319312509084,-15.433193125090838,4.066806874909162,-41.93319312509084,-38.93319312509084,4.066806874909162,-77.68319312509084,-47.43319312509084,4.066806874909162,-77.68319312509084,-60.43319312509084,4.066806874909162,-77.68319312509084,-38.43319312509084,4.066806874909162,-112.93319312509084,-97.68319312509084,4.066806874909162,-130.68319312509084,-70.43319312509084,4.066806874909162,-130.68319312509084,-101.18319312509084,9.816806874909162,-130.68319312509084,9.816806874909162,130.68319312509084,2023-07-06 08:30:00-04:00,34.75,46.5,22.5,26.25,176.75,10.446428571428571,14.035714285714286,19.142857142857142,23.517857142857142,3.996908191535373,3.4159163558175143,2.986779919296197,19.90999984741211,0.0020130350523053,2.8181818181818183,3.013936135191485,2.8147161303545807,1.2073859301083474,1.3088502894954508,1.1954370325602477,,,,2.576547842401501,2.5384473197781885,2.4405544695219477,1.1312553617386332,1.0922142462727775,1.0373672479349678,1.0638267355134825,1.0802898445180789,1.050008847991506,46.5,23.517857142857142,176.75,33.06932652992584,1.0922142462727775,50.0,50.0,870,True,3.302335941609042e-07,HIGH_VOL,0.9959959671573486,HIGH_VOL,0.9944322193545508,19.63470319634703
1415_lower,1415,2023-07-03 10:30:00-04:00,2023-07-31 10:30:00-04:00,2023-07-06 12:38:00+00:00,2023-07-06,2023,lower,NQU3,15217.434278627898,15217.434278627898,clean,2023-07-06 19:59:00+00:00,34.565721372102416,2023-07-06 14:50:00-04:00,372,-105.93427862789758,2023-07-06 10:11:00-04:00,93,True,False,18.315721372102416,441,6.815721372102416,-13.434278627897584,-12.184278627897584,6.815721372102416,-52.934278627897584,-38.434278627897584,6.815721372102416,-52.934278627897584,-27.184278627897584,6.815721372102416,-52.934278627897584,-22.184278627897584,6.815721372102416,-67.18427862789758,-54.184278627897584,6.815721372102416,-99.93427862789758,-92.68427862789758,6.815721372102416,-105.93427862789758,-65.43427862789758,6.815721372102416,-105.93427862789758,-55.684278627897584,34.565721372102416,-105.93427862789758,34.565721372102416,105.93427862789758,2023-07-06 08:38:00-04:00,34.75,46.5,22.5,26.25,176.75,10.982142857142858,14.035714285714286,19.142857142857142,23.517857142857142,4.288377491318018,3.654647893603463,3.149600983428281,19.90999984741211,0.0020130350523053,2.8181818181818183,3.013936135191485,2.8147161303545807,1.2073859301083474,1.3088502894954508,1.1954370325602477,,,,2.576547842401501,2.5384473197781885,2.4405544695219477,1.1312553617386332,1.0922142462727775,1.0373672479349678,1.0638267355134825,1.0802898445180789,1.050008847991506,46.5,23.517857142857142,176.75,33.06932652992584,1.0922142462727775,50.0,50.0,878,True,3.0156530005056333e-07,HIGH_VOL,0.9999999999999993,HIGH_VOL,0.999999999999984,18.181818181818183
1417_lower,1417,2023-07-05 10:30:00-04:00,2023-08-02 10:30:00-04:00,2023-07-06 14:05:00+00:00,2023-07-06,2023,lower,NQU3,15123.607764319166,15123.607764319166,clean,2023-07-06 19:59:00+00:00,128.39223568083435,2023-07-06 14:50:00-04:00,285,-12.107764319165652,2023-07-06 10:11:00-04:00,6,True,False,112.14223568083436,354,8.892235680834347,-3.357764319165653,-0.3577643191656534,28.142235680834347,-12.107764319165652,8.142235680834347,53.14223568083435,-12.107764319165652,40.64223568083435,53.14223568083435,-12.107764319165652,29.642235680834347,53.14223568083435,-12.107764319165652,32.14223568083435,53.14223568083435,-12.107764319165652,30.392235680834347,61.14223568083435,-12.107764319165652,58.64223568083435,99.39223568083436,-12.107764319165652,93.39223568083436,128.39223568083435,-12.107764319165652,128.39223568083435,12.107764319165652,2023-07-06 10:05:00-04:00,74.0,85.0,85.0,161.25,176.75,26.517857142857142,26.517857142857142,27.607142857142858,32.589285714285715,7.573331788833657,6.425787109042228,5.235566236585219,19.90999984741211,0.0020130350523053,1.1887688112311887,1.253575558395715,1.1294966001316078,1.2657042528287163,1.385750530730596,1.268854674110159,,,,1.0596103144492315,1.0616926001095326,0.9642855052872433,1.2373808010171647,1.2394294447274579,1.1106937945488313,1.404944143750114,1.4250975100282826,1.3713678368450544,85.0,32.589285714285715,176.75,52.63163768793714,1.2394294447274579,52.0,53.5,965,True,2.1954232438676975e-06,HIGH_VOL,1.0,HIGH_VOL,1.0,82.35294117647058
1420_upper,1420,2023-07-10 10:30:00-04:00,2023-08-07 10:30:00-04:00,2023-07-12 12:30:00+00:00,2023-07-12,2023,upper,NQU3,15363.52393419702,15363.52393419702,clean,2023-07-12 19:59:00+00:00,19.52393419701912,2023-07-12 11:57:00-04:00,207,-144.22606580298088,2023-07-12 10:21:00-04:00,111,True,False,-88.22606580298088,449,-18.226065802980884,-52.22606580298088,-34.226065802980884,-18.226065802980884,-61.22606580298088,-34.976065802980884,-9.476065802980884,-61.22606580298088,-37.22606580298088,-9.476065802980884,-64.97606580298088,-58.22606580298088,-9.476065802980884,-74.47606580298088,-61.22606580298088,-9.476065802980884,-106.47606580298088,-92.47606580298088,-9.476065802980884,-144.22606580298088,-135.97606580298088,-9.476065802980884,-144.22606580298088,-86.47606580298088,19.52393419701912,-144.22606580298088,19.52393419701912,144.22606580298088,2023-07-12 08:30:00-04:00,16.5,19.5,31.5,31.5,169.25,6.071428571428571,9.803571428571429,13.232142857142858,16.517857142857142,1.8486731163091683,1.7314948023059995,1.6519556416499792,20.89999961853028,-0.0085389139386735,1.5686435460701826,1.6776034236804565,1.6776034236804565,0.9737524797802534,0.9641157361940016,0.9641157361940016,,,,1.4341463414634146,1.384531787719616,1.327659574468085,0.9123534458106949,0.8755488474204172,0.8563376501375562,0.7621865522597825,0.7503914357499181,0.7399640933572711,19.5,16.517857142857142,169.25,17.947094870360335,0.8755488474204172,45.0,44.0,870,True,9.270610878377024e-08,LOW_VOL,0.999733811747271,LOW_VOL,0.9976100103190473,0.9009009009009009
1418_upper,1418,2023-07-06 10:30:00-04:00,2023-08-03 10:30:00-04:00,2023-07-12 12:30:00+00:00,2023-07-12,2023,upper,NQU3,15359.868794196564,15359.868794196564,clean,2023-07-12 19:59:00+00:00,15.868794196565432,2023-07-12 11:57:00-04:00,207,-147.88120580343457,2023-07-12 10:21:00-04:00,111,True,False,-91.88120580343455,449,-21.88120580343457,-55.88120580343457,-37.88120580343457,-21.88120580343457,-64.88120580343457,-38.63120580343457,-13.131205803434568,-64.88120580343457,-40.88120580343457,-13.131205803434568,-68.63120580343457,-61.88120580343457,-13.131205803434568,-78.13120580343457,-64.88120580343457,-13.131205803434568,-110.13120580343455,-96.13120580343455,-13.131205803434568,-147.88120580343457,-139.63120580343457,-13.131205803434568,-147.88120580343457,-90.13120580343455,15.868794196565432,-147.88120580343457,15.868794196565432,147.88120580343457,2023-07-12 08:30:00-04:00,16.5,19.5,31.5,31.5,169.25,6.071428571428571,9.803571428571429,13.232142857142858,16.517857142857142,1.8486731163091683,1.7314948023059995,1.6519556416499792,20.89999961853028,-0.0085389139386735,1.5686435460701826,1.6776034236804565,1.6776034236804565,0.9737524797802534,0.9641157361940016,0.9641157361940016,,,,1.4341463414634146,1.384531787719616,1.327659574468085,0.9123534458106949,0.8755488474204172,0.8563376501375562,0.7621865522597825,0.7503914357499181,0.7399640933572711,19.5,16.517857142857142,169.25,17.947094870360335,0.8755488474204172,45.0,44.0,870,True,9.270610878377024e-08,LOW_VOL,0.999733811747271,LOW_VOL,0.9976100103190473,0.8968609865470852
1419_upper,1419,2023-07-07 10:30:00-04:00,2023-08-04 10:30:00-04:00,2023-07-12 12:31:00+00:00,2023-07-12,2023,upper,NQU3,15404.626860323093,15404.626860323093,clean,2023-07-12 19:59:00+00:00,60.62686032309284,2023-07-12 11:57:00-04:00,206,-103.12313967690716,2023-07-12 10:21:00-04:00,110,True,False,-47.12313967690716,448,19.37686032309284,-11.123139676907158,-8.623139676907158,19.37686032309284,-20.12313967690716,11.126860323092842,31.62686032309284,-20.12313967690716,-3.623139676907158,31.62686032309284,-33.37313967690716,-26.37313967690716,31.62686032309284,-39.37313967690716,-19.62313967690716,31.62686032309284,-66.37313967690716,-58.12313967690716,31.62686032309284,-103.12313967690716,-86.12313967690716,31.62686032309284,-103.12313967690716,-48.87313967690716,60.62686032309284,-103.12313967690716,60.62686032309284,103.12313967690716,2023-07-12 08:31:00-04:00,16.5,19.5,31.5,31.5,169.25,6.071428571428571,9.803571428571429,13.232142857142858,16.517857142857142,10.47520066205968,7.514389496195283,5.435228204507142,20.89999961853028,-0.0085389139386735,1.5686435460701826,1.6776034236804565,1.6776034236804565,0.9737524797802534,0.9641157361940016,0.9641157361940016,,,,1.4341463414634146,1.384531787719616,1.327659574468085,0.9123534458106949,0.8755488474204172,0.8563376501375562,0.7621865522597825,0.7503914357499181,0.7399640933572711,19.5,16.517857142857142,169.25,17.947094870360335,0.8755488474204172,45.0,44.0,871,True,9.270610878377024e-08,LOW_VOL,0.999733811747271,LOW_VOL,0.9976100103190473,0.8928571428571428
1421_upper,1421,2023-07-11 10:30:00-04:00,2023-08-08 10:30:00-04:00,2023-07-12 12:31:00+00:00,2023-07-12,2023,upper,NQU3,15390.16854075785,15390.16854075785,clean,2023-07-12 19:59:00+00:00,46.16854075784977,2023-07-12 11:57:00-04:00,206,-117.58145924215025,2023-07-12 10:21:00-04:00,110,True,False,-61.58145924215023,448,4.918540757849769,-25.58145924215023,-23.08145924215023,4.918540757849769,-34.58145924215023,-3.331459242150231,17.16854075784977,-34.58145924215023,-18.08145924215023,17.16854075784977,-47.83145924215023,-40.83145924215023,17.16854075784977,-53.83145924215023,-34.08145924215023,17.16854075784977,-80.83145924215023,-72.58145924215023,17.16854075784977,-117.58145924215025,-100.58145924215025,17.16854075784977,-117.58145924215025,-63.33145924215023,46.16854075784977,-117.58145924215025,46.16854075784977,117.58145924215025,2023-07-12 08:31:00-04:00,16.5,19.5,31.5,31.5,169.25,6.071428571428571,9.803571428571429,13.232142857142858,16.517857142857142,10.47520066205968,7.514389496195283,5.435228204507142,20.89999961853028,-0.0085389139386735,1.5686435460701826,1.6776034236804565,1.6776034236804565,0.9737524797802534,0.9641157361940016,0.9641157361940016,,,,1.4341463414634146,1.384531787719616,1.327659574468085,0.9123534458106949,0.8755488474204172,0.8563376501375562,0.7621865522597825,0.7503914357499181,0.7399640933572711,19.5,16.517857142857142,169.25,17.947094870360335,0.8755488474204172,45.0,44.0,871,True,9.270610878377024e-08,LOW_VOL,0.999733811747271,LOW_VOL,0.9976100103190473,0.8888888888888888
1406_upper,1406,2023-06-20 10:30:00-04:00,2023-07-18 10:30:00-04:00,2023-07-12 13:48:00+00:00,2023-07-12,2023,upper,NQU3,15454.584264870437,15454.584264870437,clean,2023-07-12 19:59:00+00:00,110.58426487043472,2023-07-12 11:57:00-04:00,129,-53.16573512956529,2023-07-12 10:21:00-04:00,33,True,False,2.8342648704347084,371,22.08426487043471,-7.165735129565292,0.0842648704347084,22.08426487043471,-16.66573512956529,-5.665735129565292,22.08426487043471,-42.91573512956529,-41.91573512956529,22.08426487043471,-53.16573512956529,-26.91573512956529,22.08426487043471,-53.16573512956529,-37.41573512956529,22.08426487043471,-53.16573512956529,-20.66573512956529,96.58426487043472,-53.16573512956529,61.83426487043471,110.58426487043472,-53.16573512956529,35.83426487043471,110.58426487043472,-53.16573512956529,110.58426487043472,53.16573512956529,2023-07-12 09:48:00-04:00,40.0,41.0,124.75,31.5,169.25,28.839285714285715,22.928571428571427,21.285714285714285,17.589285714285715,7.928608548207412,7.406039033060349,6.203103305296373,20.89999961853028,-0.0085389139386735,2.524607577009324,2.5613362868945697,2.4825625253873382,4.583411076244594,4.710450623202301,4.198166705507652,,,,2.358694453633256,1.9719751094722286,2.0354933866209914,3.4549929676511955,3.414392216325499,3.558152549626362,0.7621865522597825,0.7503914357499181,0.7399640933572711,41.0,17.589285714285715,169.25,26.854435653830343,3.414392216325499,68.25,64.0,948,True,6.790827276044963e-07,HIGH_VOL,0.9848794274338227,MID_VOL,0.998241765436049,42.47787610619469
1414_upper,1414,2023-06-30 10:30:00-04:00,2023-07-28 10:30:00-04:00,2023-07-12 14:09:00+00:00,2023-07-12,2023,upper,NQU3,15487.728110338554,15487.728110338554,clean,2023-07-12 19:59:00+00:00,143.72811033855396,2023-07-12 11:57:00-04:00,108,-20.02188966144604,2023-07-12 10:21:00-04:00,12,True,False,35.97811033855396,350,13.97811033855396,-3.271889661446039,0.4781103385539609,13.97811033855396,-20.02188966144604,-8.771889661446039,14.47811033855396,-20.02188966144604,-4.771889661446039,17.72811033855396,-20.02188966144604,15.72811033855396,45.72811033855396,-20.02188966144604,39.47811033855396,80.72811033855396,-20.02188966144604,77.22811033855396,143.72811033855396,-20.02188966144604,115.72811033855396,143.72811033855396,-20.02188966144604,75.97811033855396,143.72811033855396,-20.02188966144604,143.72811033855396,20.02188966144604,2023-07-12 10:09:00-04:00,44.25,61.5,73.0,170.0,169.25,24.5,25.089285714285715,23.178571428571427,25.196428571428573,7.590003235873461,7.347713277323356,6.323949455690372,20.89999961853028,-0.0085389139386735,1.1548905593951548,1.21785040472278,1.1730601537368008,1.183858543417367,1.1915141049812346,1.1915141049812346,,,,1.029412899491994,0.9996190951949796,0.9588796578595858,1.1638097205011704,1.1361541261796084,1.0661614383241274,1.416689446540193,1.4068380167308363,1.382832442432382,61.5,25.196428571428573,169.25,39.36470953967344,1.1361541261796084,48.75,50.0,969,True,6.035938627702003e-07,HIGH_VOL,0.9998026962920884,MID_VOL,0.993607007790501,37.44493392070485
1416_upper,1416,2023-07-04 10:30:00-04:00,2023-08-01 10:30:00-04:00,2023-07-12 14:09:00+00:00,2023-07-12,2023,upper,NQU3,15480.31680687491,15480.31680687491,clean,2023-07-12 19:59:00+00:00,136.31680687490916,2023-07-12 11:57:00-04:00,108,-27.43319312509084,2023-07-12 10:21:00-04:00,12,True,False,28.56680687490916,350,6.566806874909162,-10.683193125090838,-6.933193125090838,6.566806874909162,-27.43319312509084,-16.18319312509084,7.066806874909162,-27.43319312509084,-12.183193125090838,10.316806874909162,-27.43319312509084,8.316806874909162,38.31680687490916,-27.43319312509084,32.06680687490916,73.31680687490916,-27.43319312509084,69.81680687490916,136.31680687490916,-27.43319312509084,108.31680687490916,136.31680687490916,-27.43319312509084,68.56680687490916,136.31680687490916,-27.43319312509084,136.31680687490916,27.43319312509084,2023-07-12 10:09:00-04:00,44.25,61.5,73.0,170.0,169.25,24.5,25.089285714285715,23.178571428571427,25.196428571428573,7.590003235873461,7.347713277323356,6.323949455690372,20.89999961853028,-0.0085389139386735,1.1548905593951548,1.21785040472278,1.1730601537368008,1.183858543417367,1.1915141049812346,1.1915141049812346,,,,1.029412899491994,0.9996190951949796,0.9588796578595858,1.1638097205011704,1.1361541261796084,1.0661614383241274,1.416689446540193,1.4068380167308363,1.382832442432382,61.5,25.196428571428573,169.25,39.36470953967344,1.1361541261796084,48.75,50.0,969,True,6.035938627702003e-07,HIGH_VOL,0.9998026962920884,MID_VOL,0.993607007790501,37.280701754385966
1415_upper,1415,2023-07-03 10:30:00-04:00,2023-07-31 10:30:00-04:00,2023-07-12 14:19:00+00:00,2023-07-12,2023,upper,NQU3,15501.440721372102,15501.440721372102,clean,2023-07-12 19:59:00+00:00,157.44072137210242,2023-07-12 11:57:00-04:00,98,-6.309278627897584,2023-07-12 10:21:00-04:00,2,True,False,49.690721372102416,340,7.190721372102416,-6.309278627897584,4.940721372102416,24.440721372102416,-6.309278627897584,20.940721372102416,28.190721372102416,-6.309278627897584,11.190721372102416,53.690721372102416,-6.309278627897584,46.940721372102416,59.440721372102416,-6.309278627897584,26.440721372102416,143.44072137210242,-6.309278627897584,111.19072137210242,157.44072137210242,-6.309278627897584,121.69072137210242,157.44072137210242,-6.309278627897584,70.94072137210242,157.44072137210242,-6.309278627897584,157.44072137210242,6.309278627897584,2023-07-12 10:19:00-04:00,37.25,61.5,73.0,170.0,169.25,24.517857142857142,27.892857142857142,23.178571428571427,25.196428571428573,7.573392122069674,7.369986803519866,6.40028841751223,20.89999961853028,-0.0085389139386735,1.1548905593951548,1.21785040472278,1.1730601537368008,1.183858543417367,1.1915141049812346,1.1915141049812346,,,,1.029412899491994,0.9996190951949796,0.9588796578595858,1.1638097205011704,1.1361541261796084,1.0661614383241274,1.416689446540193,1.4068380167308363,1.382832442432382,61.5,25.196428571428573,169.25,39.36470953967344,1.1361541261796084,48.75,50.0,979,True,7.470200662334289e-07,HIGH_VOL,0.9999995933638884,MID_VOL,0.7232690168534344,46.724890829694324
1429_upper,1429,2023-07-21 10:30:00-04:00,2023-08-18 10:30:00-04:00,2023-07-27 13:45:00+00:00,2023-07-27,2023,upper,NQU3,15897.89369544417,15897.89369544417,clean,2023-07-27 19:59:00+00:00,386.6436954441706,2023-07-27 15:46:00-04:00,361,-6.106304555829411,2023-07-27 09:46:00-04:00,1,True,False,331.8936954441706,374,21.39369544417059,-6.106304555829411,17.39369544417059,42.14369544417059,-6.106304555829411,27.14369544417059,68.14369544417059,-6.106304555829411,56.14369544417059,130.6436954441706,-6.106304555829411,123.1436954441706,132.3936954441706,-6.106304555829411,78.89369544417059,135.8936954441706,-6.106304555829411,118.6436954441706,135.8936954441706,-6.106304555829411,88.64369544417059,135.8936954441706,-6.106304555829411,48.64369544417059,386.6436954441706,-6.106304555829411,386.6436954441706,6.106304555829411,2023-07-27 09:45:00-04:00,71.5,26.25,36.5,27.5,224.25,17.321428571428573,15.625,23.625,27.017857142857142,4.941350656352593,4.187146191035395,3.603236698320196,18.989999771118164,-0.036529647224677,1.205622236260265,1.209761766414875,1.273323696208162,2.2287620840106084,2.0880019235393124,2.2190800681431004,,,,1.0933829848181036,1.12023087458423,1.12023087458423,1.5423598365993725,1.6243414284378215,1.6459438968915845,1.1254470032899442,1.13711746215269,1.1269784430280025,26.25,27.017857142857142,224.25,26.631161258946257,1.6243414284378215,68.75,61.0,945,True,7.26529555241451e-07,HIGH_VOL,0.9999999999999875,HIGH_VOL,0.9999999999997765,46.52173913043478
1434_lower,1434,2023-07-28 10:30:00-04:00,2023-08-25 10:30:00-04:00,2023-08-02 14:08:00+00:00,2023-08-02,2023,lower,NQU3,15562.880214080487,15562.880214080487,clean,2023-08-02 19:59:00+00:00,4.869785919512651,2023-08-02 10:27:00-04:00,19,-148.88021408048735,2023-08-02 12:12:00-04:00,124,False,True,-94.63021408048736,351,0.1197859195126511,-24.38021408048735,-18.13021408048735,0.1197859195126511,-38.38021408048735,-11.380214080487349,4.869785919512651,-38.38021408048735,-12.130214080487349,4.869785919512651,-58.13021408048735,-42.38021408048735,4.869785919512651,-78.38021408048735,-55.13021408048735,4.869785919512651,-78.38021408048735,-44.88021408048735,4.869785919512651,-141.63021408048735,-132.63021408048735,4.869785919512651,-148.88021408048735,-79.13021408048735,4.869785919512651,-148.88021408048735,4.869785919512651,148.88021408048735,2023-08-02 10:08:00-04:00,41.5,87.25,99.0,130.5,161.0,23.785714285714285,27.642857142857142,35.17857142857143,38.23214285714285,8.37224431772693,7.136537652930964,5.981017672418027,19.670000076293945,0.0181159620599522,1.1851695120181844,1.3067294105100382,1.3067294105100382,1.195830681094844,1.3158115916652076,1.3060087129814153,,,,1.1851695120181844,1.1865611117163575,1.1888492698782323,1.1690416925948974,1.1822844556324732,1.209450795881908,1.2327167651001847,1.2184076818049556,1.2328563598726259,87.25,38.23214285714285,161.0,57.75599072205162,1.1822844556324732,47.25,50.25,968,True,1.433126182515594e-06,HIGH_VOL,0.9999999999090096,HIGH_VOL,0.9999999997954437,73.59307359307358
1422_lower,1422,2023-07-12 10:30:00-04:00,2023-08-09 10:30:00-04:00,2023-08-08 14:11:00+00:00,2023-08-08,2023,lower,NQU3,15258.530623284443,15258.530623284443,clean,2023-08-08 19:59:00+00:00,111.46937671555496,2023-08-08 15:50:00-04:00,339,-40.53062328444503,2023-08-08 11:49:00-04:00,98,True,False,91.71937671555496,348,19.71937671555497,-7.530623284445028,-3.030623284445028,19.71937671555497,-14.530623284445028,12.219376715554972,29.46937671555497,-14.530623284445028,17.969376715554972,37.21937671555497,-20.530623284445028,-18.030623284445028,37.21937671555497,-37.53062328444503,-32.03062328444503,37.21937671555497,-37.53062328444503,-8.030623284445028,37.21937671555497,-40.53062328444503,11.719376715554972,37.21937671555497,-40.53062328444503,7.219376715554972,111.46937671555496,-40.53062328444503,111.46937671555496,40.53062328444503,2023-08-08 10:11:00-04:00,56.5,105.5,114.0,119.5,161.25,22.5,27.446428571428573,29.5,33.464285714285715,7.762552307551007,6.505749300252662,5.33045856200342,20.81999969482422,-0.0544959463212165,1.0117884606084055,1.0129764801297647,1.0731616609813024,1.0298722546672012,1.0190133634945564,1.053687629563116,,,,0.9620173129318174,0.989032158939145,1.0129764801297647,0.9735537528679121,0.9807158555082078,0.9969582546675058,1.0478102189781022,1.0795890502943348,1.0753192551901263,105.5,33.464285714285715,161.25,59.41786047020831,0.9807158555082078,44.75,48.5,971,True,1.4417353880953293e-06,HIGH_VOL,1.0,HIGH_VOL,1.0,73.70689655172413
1439_lower,1439,2023-08-04 10:30:00-04:00,2023-09-01 10:30:00-04:00,2023-08-08 14:57:00+00:00,2023-08-08,2023,lower,NQU3,15237.655694235033,15237.655694235033,clean,2023-08-08 19:59:00+00:00,132.34430576496743,2023-08-08 15:50:00-04:00,293,-19.65569423503257,2023-08-08 11:49:00-04:00,52,True,False,112.59430576496744,302,2.09430576496743,-15.40569423503257,-14.65569423503257,2.09430576496743,-16.65569423503257,-8.90569423503257,16.34430576496743,-16.65569423503257,9.84430576496743,33.34430576496743,-16.65569423503257,-0.9056942350325698,33.34430576496743,-19.65569423503257,3.34430576496743,42.09430576496743,-19.65569423503257,32.34430576496743,54.84430576496743,-19.65569423503257,24.34430576496743,68.09430576496743,-19.65569423503257,64.09430576496743,132.34430576496743,-19.65569423503257,132.34430576496743,19.65569423503257,2023-08-08 10:57:00-04:00,40.75,63.75,114.0,119.5,161.25,31.214285714285715,34.410714285714285,36.07142857142857,33.464285714285715,8.346569955903632,7.348136107143357,6.151750606687572,20.81999969482422,-0.0544959463212165,1.3515067557309852,1.347530344455692,1.4139731575603558,1.0298722546672012,1.0190133634945564,1.053687629563116,,,,1.2116608254789207,1.2380745427995272,1.2917437515870425,0.9735537528679121,0.9807158555082078,0.9969582546675058,1.0478102189781022,1.0795890502943348,1.0753192551901263,63.75,33.464285714285715,161.25,46.18818262592407,0.9807158555082078,44.75,47.25,1017,True,1.6765847114022639e-06,HIGH_VOL,1.0,HIGH_VOL,1.0,75.9656652360515
1441_lower,1441,2023-08-08 10:30:00-04:00,2023-09-05 10:30:00-04:00,2023-08-11 12:31:00+00:00,2023-08-11,2023,lower,NQU3,15133.43673161332,15133.43673161332,clean,2023-08-11 19:59:00+00:00,40.81326838668065,2023-08-11 10:24:00-04:00,113,-96.18673161331937,2023-08-11 11:34:00-04:00,183,False,True,-32.43673161331935,448,14.563268386680647,-16.686731613319353,-0.4367316133193526,14.563268386680647,-20.936731613319356,-16.936731613319353,14.563268386680647,-49.68673161331935,-27.186731613319356,14.563268386680647,-49.68673161331935,-30.436731613319356,14.563268386680647,-69.43673161331935,-65.43673161331935,14.563268386680647,-81.43673161331935,-30.186731613319356,40.81326838668065,-81.43673161331935,8.313268386680647,40.81326838668065,-81.43673161331935,-77.93673161331935,40.81326838668065,-96.18673161331937,40.81326838668065,96.18673161331937,2023-08-11 08:31:00-04:00,17.0,20.75,28.0,39.0,306.25,11.142857142857142,19.267857142857142,26.196428571428573,30.803571428571427,5.744137606363365,4.70751022581729,4.001361976487985,21.030000686645508,-0.0218604331792786,0.7253471735166223,0.8977430555555556,1.028849980103462,0.8013151239251391,1.0031661600810535,1.0830655636835989,,,,0.63408951563458,0.7515988372093023,0.8446586082979418,0.8013151239251391,0.8310339400933746,0.95890079293021,0.9129703463742835,0.9152510617037222,0.949434744582294,20.75,30.803571428571427,306.25,25.281892871042253,0.8310339400933746,72.75,60.75,871,True,1.2580275054671985e-07,LOW_VOL,0.9989289904503715,MID_VOL,0.5527429217892107,7.264957264957266
1443_lower,1443,2023-08-10 10:30:00-04:00,2023-09-07 10:30:00-04:00,2023-08-11 12:49:00+00:00,2023-08-11,2023,lower,NQU3,15088.731762423424,15088.731762423424,clean,2023-08-11 19:59:00+00:00,85.51823757657621,2023-08-11 10:24:00-04:00,95,-51.48176242342379,2023-08-11 11:34:00-04:00,165,False,True,12.268237576576212,430,21.51823757657621,-4.981762423423788,8.518237576576212,26.26823757657621,-4.981762423423788,24.76823757657621,30.26823757657621,-4.981762423423788,19.26823757657621,30.26823757657621,-31.48176242342379,-8.231762423423788,30.26823757657621,-36.73176242342379,-11.231762423423788,68.01823757657621,-36.73176242342379,54.51823757657621,85.51823757657621,-36.73176242342379,47.01823757657621,85.51823757657621,-51.48176242342379,-40.23176242342379,85.51823757657621,-51.48176242342379,85.51823757657621,51.48176242342379,2023-08-11 08:49:00-04:00,69.25,20.75,28.0,39.0,306.25,16.767857142857142,19.214285714285715,26.196428571428573,30.803571428571427,6.547544368528371,5.436187279841644,4.5259768724366936,21.030000686645508,-0.0218604331792786,0.7253471735166223,0.8977430555555556,1.028849980103462,0.8013151239251391,1.0031661600810535,1.0830655636835989,,,,0.63408951563458,0.7515988372093023,0.8446586082979418,0.8013151239251391,0.8310339400933746,0.95890079293021,0.9129703463742835,0.9152510617037222,0.949434744582294,20.75,30.803571428571427,306.25,25.281892871042253,0.8310339400933746,72.75,60.75,889,True,2.607926748853351e-06,HIGH_VOL,1.0,HIGH_VOL,1.0,89.7872340425532
1445_lower,1445,2023-08-14 10:30:00-04:00,2023-09-11 10:30:00-04:00,2023-08-17 14:33:00+00:00,2023-08-17,2023,lower,NQU3,14877.054024812234,14877.054024812234,clean,2023-08-17 19:59:00+00:00,80.44597518776573,2023-08-17 13:00:00-04:00,147,-122.55402481223427,2023-08-17 15:15:00-04:00,282,False,True,-104.80402481223427,326,0.1959751877657254,-20.304024812234275,-7.054024812234275,9.945975187765724,-20.304024812234275,5.195975187765725,43.445975187765725,-20.304024812234275,2.695975187765725,43.445975187765725,-20.304024812234275,0.6959751877657254,43.445975187765725,-20.304024812234275,-9.554024812234276,43.445975187765725,-20.304024812234275,18.445975187765725,69.44597518776573,-20.304024812234275,57.195975187765725,80.44597518776573,-20.304024812234275,15.445975187765724,80.44597518776573,-122.55402481223427,80.44597518776573,122.55402481223427,2023-08-17 10:33:00-04:00,41.0,61.75,106.25,110.25,244.5,26.517857142857142,24.928571428571427,29.714285714285715,29.714285714285715,7.506694903549534,6.531783303827303,5.3907318470122165,22.07999992370605,0.0332241018525913,0.8464843215117075,0.9619443120702568,0.9619443120702568,1.060108595194085,1.0952329800439224,1.0427139675469297,,,,0.7937692604006163,0.8168844254306998,0.8748220018927501,0.96541820094687,0.9535403287819274,0.9694469388833131,0.9795896663269376,0.9789216380898399,0.9789216380898399,61.75,29.714285714285715,244.5,42.83523249449153,0.9535403287819274,62.75,59.0,993,True,6.366743489271203e-07,HIGH_VOL,0.9999996860618834,HIGH_VOL,0.9999992455229116,38.13559322033898
1448_upper,1448,2023-08-17 10:30:00-04:00,2023-09-14 10:30:00-04:00,2023-08-23 14:51:00+00:00,2023-08-23,2023,upper,NQU3,15178.222756936231,15178.222756936231,clean,2023-08-23 19:59:00+00:00,11.972756936233054,2023-08-23 11:02:00-04:00,11,-64.27724306376695,2023-08-23 13:54:00-04:00,183,False,True,-19.777243063766942,308,3.972756936233054,-6.277243063766946,-0.5272430637669459,11.972756936233054,-8.027243063766946,7.222756936233054,11.972756936233054,-15.277243063766946,-13.777243063766946,11.972756936233054,-20.027243063766942,-6.777243063766946,11.972756936233054,-20.027243063766942,-15.527243063766946,11.972756936233054,-28.777243063766942,-0.7772430637669459,11.972756936233054,-28.777243063766942,-18.027243063766942,11.972756936233054,-60.27724306376695,-56.27724306376695,11.972756936233054,-64.27724306376695,11.972756936233054,64.27724306376695,2023-08-23 10:51:00-04:00,39.5,62.75,125.0,146.0,186.25,29.660714285714285,37.05357142857143,37.80357142857143,32.035714285714285,6.9777708318788605,6.49949204388845,5.647826679071501,21.81999969482422,-0.0031977933657377,1.191054721008638,1.1419063011026211,1.161296597064859,1.0538470425138633,1.0512177836165322,1.0365551565837916,,,,1.0157541937459593,1.0188222043992423,1.0294503069177185,0.9853527334003046,0.9723653845128899,0.963720881094501,1.0087650108565605,1.0094583508857504,1.0094583508857504,62.75,32.035714285714285,186.25,44.83571200983175,0.9723653845128899,50.5,51.0,1011,True,1.136939268928682e-06,HIGH_VOL,1.0,HIGH_VOL,0.999992748385399,62.869198312236286
1454_upper,1454,2023-08-25 10:30:00-04:00,2023-09-22 10:30:00-04:00,2023-08-29 14:00:00+00:00,2023-08-29,2023,upper,NQU3,15179.062138640244,15179.062138640244,clean,2023-08-29 19:59:00+00:00,-12.937861359754606,2023-08-29 10:01:00-04:00,1,-251.4378613597546,2023-08-29 15:43:00-04:00,343,False,True,-234.4378613597546,359,-12.937861359754606,-64.6878613597546,-60.437861359754606,-12.937861359754606,-82.6878613597546,-81.6878613597546,-12.937861359754606,-129.4378613597546,-126.9378613597546,-12.937861359754606,-148.9378613597546,-117.9378613597546,-12.937861359754606,-148.9378613597546,-127.9378613597546,-12.937861359754606,-174.9378613597546,-169.9378613597546,-12.937861359754606,-207.1878613597546,-192.6878613597546,-12.937861359754606,-211.9378613597546,-194.9378613597546,-12.937861359754606,-251.4378613597546,0.0,251.4378613597546,2023-08-29 10:00:00-04:00,47.5,112.25,115.0,125.25,153.0,21.482142857142858,22.410714285714285,28.178571428571427,27.428571428571427,6.87044334109127,5.633145484168616,4.564167424881596,20.38999938964844,-0.0234674229316478,0.9665550025090528,0.9814633743269112,0.965690592013442,0.9134298161921074,0.9434434939537314,0.9157087460314716,,,,0.8797526170254789,0.8784405083262459,0.8385388783320292,0.8659481490361038,0.8621243354670717,0.8300203687261712,0.8313377941241636,0.8277103490265112,0.8271483556938977,112.25,27.428571428571427,153.0,55.48745031858233,0.8621243354670717,41.25,45.75,960,True,2.2359251614315063e-06,HIGH_VOL,1.0,HIGH_VOL,1.0,84.03361344537815
1455_upper,1455,2023-08-28 10:30:00-04:00,2023-09-25 10:30:00-04:00,2023-08-29 14:22:00+00:00,2023-08-29,2023,upper,NQU3,15281.362425241365,15281.362425241365,clean,2023-08-29 19:59:00+00:00,10.36242524136469,2023-08-29 10:25:00-04:00,3,-149.1375747586353,2023-08-29 15:43:00-04:00,321,False,True,-132.1375747586353,337,10.36242524136469,-6.63757475863531,-5.38757475863531,10.36242524136469,-46.63757475863531,-20.13757475863531,10.36242524136469,-46.63757475863531,-38.88757475863531,10.36242524136469,-46.63757475863531,-35.38757475863531,10.36242524136469,-67.38757475863531,-65.63757475863531,10.36242524136469,-104.88757475863532,-96.63757475863532,10.36242524136469,-104.88757475863532,-91.88757475863532,10.36242524136469,-109.63757475863532,-96.38757475863532,10.36242524136469,-149.1375747586353,10.36242524136469,149.1375747586353,2023-08-29 10:22:00-04:00,97.0,112.25,115.0,125.25,153.0,29.321428571428573,24.589285714285715,28.178571428571427,27.428571428571427,9.148411357070012,7.638894720145047,6.084265248172627,20.38999938964844,-0.0234674229316478,0.9665550025090528,0.9814633743269112,0.965690592013442,0.9134298161921074,0.9434434939537314,0.9157087460314716,,,,0.8797526170254789,0.8784405083262459,0.8385388783320292,0.8659481490361038,0.8621243354670717,0.8300203687261712,0.8313377941241636,0.8277103490265112,0.8271483556938977,112.25,27.428571428571427,153.0,55.48745031858233,0.8621243354670717,41.25,45.75,982,True,3.7730241991166906e-06,HIGH_VOL,1.0,HIGH_VOL,1.0,92.88702928870293
1442_upper,1442,2023-08-09 10:30:00-04:00,2023-09-06 10:30:00-04:00,2023-08-31 12:16:00+00:00,2023-08-31,2023,upper,NQU3,15532.052676827978,15532.052676827978,clean,2023-08-31 19:59:00+00:00,50.80267682797785,2023-08-31 09:13:00-04:00,57,-74.69732317202215,2023-08-31 10:39:00-04:00,143,False,True,-0.197323172022152,463,8.052676827977848,-3.947323172022152,6.552676827977848,39.30267682797785,-11.197323172022152,-1.697323172022152,39.30267682797785,-12.197323172022152,29.552676827977848,39.30267682797785,-12.197323172022152,26.552676827977848,50.80267682797785,-12.197323172022152,40.30267682797785,50.80267682797785,-30.697323172022152,4.552676827977848,50.80267682797785,-52.19732317202215,-41.94732317202215,50.80267682797785,-74.69732317202215,-45.94732317202215,50.80267682797785,-74.69732317202215,50.80267682797785,74.69732317202215,2023-08-31 08:16:00-04:00,11.5,30.0,57.5,63.5,161.25,8.75,16.625,20.678571428571427,20.589285714285715,2.6199502521922864,2.691433645470923,2.718617631449566,19.06999969482422,-0.0134506068240057,1.488562091503268,1.4951934349355216,1.4234375,1.29009009009009,1.4045239992643903,1.2846649845808802,,,,1.327159209157128,1.2633977216443784,1.2920676729814609,1.278714142203371,1.1472635321215763,1.2175576575619087,1.1041823190583522,1.07209726443769,1.0854927063457869,30.0,20.589285714285715,161.25,24.853140071801217,1.1472635321215763,47.0,47.0,856,True,1.2447829175325198e-07,LOW_VOL,0.9991275145791039,MID_VOL,0.7741478785093938,7.083333333333333
1441_upper,1441,2023-08-08 10:30:00-04:00,2023-09-05 10:30:00-04:00,2023-08-31 13:45:00+00:00,2023-08-31,2023,upper,NQU3,15557.31326838668,15557.31326838668,clean,2023-08-31 19:59:00+00:00,64.31326838668065,2023-08-31 12:49:00-04:00,184,-49.43673161331935,2023-08-31 10:39:00-04:00,54,True,False,25.063268386680647,374,46.56326838668065,-1.4367316133193526,37.56326838668065,46.56326838668065,-15.186731613319353,-13.186731613319353,46.56326838668065,-26.936731613319356,-23.686731613319356,46.56326838668065,-38.43673161331935,-33.68673161331935,46.56326838668065,-49.43673161331935,-25.686731613319356,46.56326838668065,-49.43673161331935,-21.936731613319356,46.56326838668065,-49.43673161331935,-5.686731613319353,46.56326838668065,-49.43673161331935,39.06326838668065,64.31326838668065,-49.43673161331935,64.31326838668065,49.43673161331935,2023-08-31 09:45:00-04:00,65.0,29.25,51.5,63.5,161.25,21.053571428571427,17.732142857142858,24.375,23.107142857142858,7.807895563095486,6.248184691162893,4.98337555115255,19.06999969482422,-0.0134506068240057,1.0248060530600518,1.0380287155607295,1.0206028233498663,1.3502930539967577,1.3288742981621822,1.3288742981621822,,,,0.9446455372119714,0.9429805234863841,0.9378560785344903,1.1271534898245978,1.0357757796058924,1.1563743158456814,1.1041823190583522,1.07209726443769,1.0854927063457869,29.25,23.107142857142858,161.25,25.99776776131806,1.0357757796058924,45.5,45.75,945,True,1.144541252025734e-06,HIGH_VOL,0.999999999999994,HIGH_VOL,0.9999991243053131,62.655601659751035
1443_upper,1443,2023-08-10 10:30:00-04:00,2023-09-07 10:30:00-04:00,2023-08-31 14:00:00+00:00,2023-08-31,2023,upper,NQU3,15569.768237576576,15569.768237576576,clean,2023-08-31 19:59:00+00:00,76.76823757657621,2023-08-31 12:49:00-04:00,169,-36.98176242342379,2023-08-31 10:39:00-04:00,39,True,False,37.51823757657621,359,25.51823757657621,-6.231762423423788,18.76823757657621,33.01823757657621,-14.481762423423788,-11.231762423423788,33.01823757657621,-25.98176242342379,-21.23176242342379,33.01823757657621,-36.98176242342379,-13.231762423423788,33.01823757657621,-36.98176242342379,-7.231762423423788,33.01823757657621,-36.98176242342379,0.7682375765762117,33.01823757657621,-36.98176242342379,8.518237576576212,76.76823757657621,-36.98176242342379,48.26823757657621,76.76823757657621,-36.98176242342379,76.76823757657621,36.98176242342379,2023-08-31 10:00:00-04:00,57.25,79.25,86.75,86.75,161.25,23.857142857142858,21.142857142857142,25.071428571428573,26.196428571428573,8.985241666055684,7.354980918293166,5.83860668335851,19.06999969482422,-0.0134506068240057,1.111472370383308,1.1581931581931582,1.1209907993333244,1.0241939904188728,1.147066587271868,1.0766509366014994,,,,1.0212324708670748,1.0197093517731022,0.9943807056872066,1.0181445680720989,1.0136486926331778,0.9708419061870025,1.0199317587627952,1.015481405988732,1.014791921097997,79.25,26.196428571428573,161.25,45.56387784512765,1.0136486926331778,45.25,48.0,960,True,8.654662510008231e-07,HIGH_VOL,1.0,HIGH_VOL,0.9999999995299829,53.30578512396694
1453_upper,1453,2023-08-24 10:30:00-04:00,2023-09-21 10:30:00-04:00,2023-08-31 14:21:00+00:00,2023-08-31,2023,upper,NQU3,15589.592104097455,15589.592104097455,clean,2023-08-31 19:59:00+00:00,96.5921040974572,2023-08-31 12:49:00-04:00,148,-17.157895902542805,2023-08-31 10:39:00-04:00,18,True,False,57.3421040974572,338,21.842104097457195,-2.157895902542805,7.842104097457195,21.842104097457195,-16.407895902542805,-11.907895902542805,28.842104097457195,-17.157895902542805,26.092104097457195,40.8421040974572,-17.157895902542805,24.092104097457195,40.8421040974572,-17.157895902542805,26.092104097457195,50.3421040974572,-17.157895902542805,32.092104097457195,58.8421040974572,-17.157895902542805,58.0921040974572,96.5921040974572,-17.157895902542805,32.092104097457195,96.5921040974572,-17.157895902542805,96.5921040974572,17.157895902542805,2023-08-31 10:21:00-04:00,46.0,79.25,86.75,86.75,161.25,28.589285714285715,24.5,25.071428571428573,26.196428571428573,8.354476655414429,7.340256069206879,6.025265294808576,19.06999969482422,-0.0134506068240057,1.111472370383308,1.1581931581931582,1.1209907993333244,1.0241939904188728,1.147066587271868,1.0766509366014994,,,,1.0212324708670748,1.0197093517731022,0.9943807056872066,1.0181445680720989,1.0136486926331778,0.9708419061870025,1.0199317587627952,1.015481405988732,1.014791921097997,79.25,26.196428571428573,161.25,45.56387784512765,1.0136486926331778,45.25,48.0,981,True,9.499169416687699e-07,HIGH_VOL,0.999999999971329,HIGH_VOL,0.9993135758190967,56.79012345679012
1440_upper,1440,2023-08-07 10:30:00-04:00,2023-09-04 10:30:00-04:00,2023-09-01 12:32:00+00:00,2023-09-01,2023,upper,NQU3,15629.551658579476,15629.551658579476,clean,2023-09-01 19:59:00+00:00,175.55165857947577,2023-09-01 12:02:00-04:00,210,-31.69834142052423,2023-09-01 09:23:00-04:00,51,True,False,109.55165857947576,447,35.05165857947577,-20.19834142052423,-15.44834142052423,35.05165857947577,-20.19834142052423,0.8016585794757702,35.05165857947577,-24.19834142052423,-0.1983414205242297,35.05165857947577,-24.19834142052423,-6.94834142052423,35.05165857947577,-31.69834142052423,10.30165857947577,130.80165857947577,-31.69834142052423,75.30165857947577,130.80165857947577,-31.69834142052423,82.05165857947577,147.55165857947577,-31.69834142052423,132.80165857947577,175.55165857947577,-31.69834142052423,175.55165857947577,31.69834142052423,2023-09-01 08:32:00-04:00,13.5,16.75,23.25,34.0,146.75,7.803571428571429,12.232142857142858,18.625,20.125,5.892503754986423,4.459156567462946,3.509622161427494,18.739999771118164,-0.0173046632924498,0.8532934131736527,0.8706487659779725,0.8592510314185973,0.7804054054054054,0.8024548402037981,0.7771236333052985,,,,0.820205998182369,0.7779613533510523,0.7484450587422253,0.7450010750376264,0.694006309148265,0.7216870606612861,0.7528889429509792,0.7525227963525836,0.7619252785129562,16.75,20.125,146.75,18.36011301708135,0.694006309148265,37.25,38.0,872,True,1.5338789755958254e-07,LOW_VOL,0.9994134459878952,LOW_VOL,0.7761072918551035,9.01639344262295
1457_upper,1457,2023-08-30 10:30:00-04:00,2023-09-27 10:30:00-04:00,2023-09-01 12:32:00+00:00,2023-09-01,2023,upper,NQU3,15629.449940807615,15629.449940807615,clean,2023-09-01 19:59:00+00:00,175.44994080761535,2023-09-01 12:02:00-04:00,210,-31.80005919238465,2023-09-01 09:23:00-04:00,51,True,False,109.44994080761536,447,34.94994080761535,-20.30005919238465,-15.550059192384651,34.94994080761535,-20.30005919238465,0.6999408076153486,34.94994080761535,-24.30005919238465,-0.3000591923846514,34.94994080761535,-24.30005919238465,-7.050059192384651,34.94994080761535,-31.80005919238465,10.199940807615349,130.69994080761535,-31.80005919238465,75.19994080761535,130.69994080761535,-31.80005919238465,81.94994080761535,147.44994080761535,-31.80005919238465,132.69994080761535,175.44994080761535,-31.80005919238465,175.44994080761535,31.80005919238465,2023-09-01 08:32:00-04:00,13.5,16.75,23.25,34.0,146.75,7.803571428571429,12.232142857142858,18.625,20.125,5.892503754986423,4.459156567462946,3.509622161427494,18.739999771118164,-0.0173046632924498,0.8532934131736527,0.8706487659779725,0.8592510314185973,0.7804054054054054,0.8024548402037981,0.7771236333052985,,,,0.820205998182369,0.7779613533510523,0.7484450587422253,0.7450010750376264,0.694006309148265,0.7216870606612861,0.7528889429509792,0.7525227963525836,0.7619252785129562,16.75,20.125,146.75,18.36011301708135,0.694006309148265,37.25,38.0,872,True,1.5338789755958254e-07,LOW_VOL,0.9994134459878952,LOW_VOL,0.7761072918551035,8.979591836734693
1459_lower,1459,2023-09-01 10:30:00-04:00,2023-09-29 10:30:00-04:00,2023-09-06 14:13:00+00:00,2023-09-06,2023,lower,NQU3,15389.281890276656,15389.281890276656,clean,2023-09-06 19:59:00+00:00,43.46810972334424,2023-09-06 10:20:00-04:00,7,-78.78189027665576,2023-09-06 13:03:00-04:00,170,False,True,8.718109723344242,346,36.96810972334424,-2.2818902766557585,34.46810972334424,43.46810972334424,-2.2818902766557585,2.468109723344241,43.46810972334424,-11.031890276655758,17.96810972334424,43.46810972334424,-13.531890276655758,-3.7818902766557594,43.46810972334424,-41.03189027665576,-36.28189027665576,43.46810972334424,-41.03189027665576,-1.5318902766557585,43.46810972334424,-41.03189027665576,-21.78189027665576,43.46810972334424,-78.78189027665576,-45.03189027665576,43.46810972334424,-78.78189027665576,43.46810972334424,78.78189027665576,2023-09-06 10:13:00-04:00,44.0,53.75,53.75,53.75,168.5,24.017857142857142,16.321428571428573,23.160714285714285,24.214285714285715,7.7259240004141985,6.292171649814893,5.020284314631732,19.39999961853028,0.0537751102294188,0.99251245591446,0.972244881171898,0.9766433007863604,0.9226365795724466,0.8857092366364346,0.909885219020848,,,,0.8728246153846154,0.8930206201794428,0.857334558379071,0.8391501128790089,0.8491015607922004,0.8353108787398188,0.7930049901602474,0.800505509611334,0.7964651745573748,53.75,24.214285714285715,168.5,36.076555505519885,0.8491015607922004,44.5,46.25,973,True,5.0885563740848805e-06,HIGH_VOL,1.0,HIGH_VOL,1.0,95.1219512195122
1462_lower,1462,2023-09-06 10:30:00-04:00,2023-10-04 10:30:00-04:00,2023-09-07 12:14:00+00:00,2023-09-07,2023,lower,NQU3,15268.239324433607,15268.239324433607,clean,2023-09-07 19:59:00+00:00,43.51067556639282,2023-09-07 15:50:00-04:00,456,-110.73932443360718,2023-09-07 09:32:00-04:00,78,True,False,8.51067556639282,465,0.0106755663928197,-11.98932443360718,-11.73932443360718,0.0106755663928197,-15.73932443360718,-2.2393244336071803,0.0106755663928197,-67.98932443360718,-57.48932443360718,0.0106755663928197,-80.73932443360718,-67.73932443360718,0.0106755663928197,-80.73932443360718,-60.23932443360718,0.0106755663928197,-110.73932443360718,-40.98932443360718,0.0106755663928197,-110.73932443360718,-50.23932443360718,13.01067556639282,-110.73932443360718,-19.73932443360718,43.51067556639282,-110.73932443360718,43.51067556639282,110.73932443360718,2023-09-07 08:14:00-04:00,18.75,21.25,37.75,44.25,222.5,10.660714285714286,17.803571428571427,26.125,25.589285714285715,2.858169490573212,2.8296917325300357,2.8066041611707395,19.790000915527344,0.02010316003432,1.714079074252652,1.6940671908506075,1.6707789918928446,1.6329194931524382,1.5745757482258562,1.4773043075497916,,,,1.633356305995865,1.5749252408904642,1.4632640461000206,1.3715330036551279,1.3972947812277532,1.3227579056505963,1.2461108641818528,1.2373506509883043,1.2079524820730618,21.25,25.589285714285715,222.5,23.318926249477514,1.3972947812277532,65.25,57.75,854,True,2.2072399501937214e-07,HIGH_VOL,0.7634083029865928,MID_VOL,0.9981171270113345,13.360323886639677
1457_lower,1457,2023-08-30 10:30:00-04:00,2023-09-27 10:30:00-04:00,2023-09-07 12:32:00+00:00,2023-09-07,2023,lower,NQU3,15227.925059192385,15227.925059192385,clean,2023-09-07 19:59:00+00:00,83.82494080761535,2023-09-07 15:50:00-04:00,438,-70.42505919238465,2023-09-07 09:32:00-04:00,60,True,False,48.82494080761535,447,6.574940807615349,-14.675059192384651,-12.425059192384651,6.574940807615349,-31.42505919238465,-25.17505919238465,6.574940807615349,-40.42505919238465,-23.67505919238465,6.574940807615349,-40.42505919238465,-22.17505919238465,6.574940807615349,-70.42505919238465,-58.92505919238465,13.074940807615349,-70.42505919238465,-54.67505919238465,13.074940807615349,-70.42505919238465,-35.67505919238465,53.32494080761535,-70.42505919238465,13.324940807615349,83.82494080761535,-70.42505919238465,83.82494080761535,70.42505919238465,2023-09-07 08:32:00-04:00,15.75,34.5,37.75,44.25,222.5,10.875,17.464285714285715,26.017857142857142,25.589285714285715,4.713733187584518,3.905487388838493,3.400615880262688,19.790000915527344,0.02010316003432,1.7773661789220223,1.7747364527464398,1.6223161453930686,1.6329194931524382,1.5745757482258562,1.4773043075497916,,,,1.5121336274818784,1.5226912091399556,1.4297846979065783,1.3715330036551279,1.3972947812277532,1.3227579056505963,1.2461108641818528,1.2373506509883043,1.2079524820730618,34.5,25.589285714285715,222.5,29.7124613107507,1.3972947812277532,65.25,59.25,872,True,3.108834657281104e-07,HIGH_VOL,0.9938123550020698,MID_VOL,0.9950383578055683,20.56451612903226
1463_upper,1463,2023-09-07 10:30:00-04:00,2023-10-05 10:30:00-04:00,2023-09-08 13:50:00+00:00,2023-09-08,2023,upper,NQU3,15365.18591918266,15365.18591918266,clean,2023-09-08 19:59:00+00:00,109.43591918265884,2023-09-08 15:01:00-04:00,311,-25.564080817341164,2023-09-08 10:21:00-04:00,31,True,False,69.93591918265884,369,32.93591918265884,-6.564080817341164,26.43591918265884,51.18591918265884,-9.064080817341164,-3.814080817341164,51.18591918265884,-22.814080817341164,-18.314080817341164,51.18591918265884,-25.564080817341164,0.1859191826588357,51.18591918265884,-25.564080817341164,19.68591918265884,77.93591918265884,-25.564080817341164,22.43591918265884,77.93591918265884,-25.564080817341164,17.185919182658836,77.93591918265884,-25.564080817341164,59.68591918265884,109.43591918265884,-25.564080817341164,109.43591918265884,25.564080817341164,2023-09-08 09:50:00-04:00,88.0,17.25,50.0,45.5,238.25,17.696428571428573,17.517857142857142,29.946428571428573,30.446428571428573,5.84008534405762,4.92149173720745,4.26028124492255,19.950000762939453,0.0080848832748952,0.7002202854132746,0.7478518821603928,0.709254947613504,0.928045891008854,0.9626802923484896,0.9133249470745252,,,,0.6454489273417499,0.6621682818585273,0.6395765899746304,0.7964043019958265,0.7837396661576537,0.7283760307323399,1.3946794592237244,1.4079245283018869,1.3608510638297873,17.25,30.446428571428573,238.25,22.917261897031743,0.7837396661576537,58.0,51.5,950,True,2.5107974923789528e-06,HIGH_VOL,1.0,HIGH_VOL,1.0,86.34538152610442
1461_upper,1461,2023-09-05 10:30:00-04:00,2023-10-03 10:30:00-04:00,2023-09-11 13:33:00+00:00,2023-09-11,2023,upper,NQZ3,15639.465689431374,15639.465689431374,clean,2023-09-11 19:59:00+00:00,102.2156894313739,2023-09-11 10:17:00-04:00,44,-56.5343105686261,2023-09-11 15:34:00-04:00,361,False,True,-34.5343105686261,386,45.2156894313739,-7.284310568626097,43.7156894313739,88.7156894313739,-7.284310568626097,76.7156894313739,88.7156894313739,-7.284310568626097,60.2156894313739,102.2156894313739,-7.284310568626097,91.9656894313739,102.2156894313739,-7.284310568626097,85.9656894313739,102.2156894313739,-7.284310568626097,87.7156894313739,102.2156894313739,-7.284310568626097,47.4656894313739,102.2156894313739,-7.284310568626097,51.9656894313739,102.2156894313739,-56.5343105686261,102.2156894313739,56.5343105686261,2023-09-11 09:33:00-04:00,14.0,19.0,32.75,49.25,167.75,7.732142857142857,13.946428571428571,19.803571428571427,37.17857142857143,3.676515745900925,3.2122058283088606,3.2386004947868297,19.14999961853028,-0.0401003064568955,1.5008890712624812,1.268115104588004,1.2096791974423988,0.726886068888579,0.6742772136343057,0.6904202125898209,,,,1.0255140186915888,1.0228851083663482,0.9670397461884198,0.5579043133897035,0.5566234182284159,0.5489442367437207,0.758145909912155,0.749022866463546,0.739756838905775,19.0,37.17857142857143,167.75,26.578052169842266,0.5566234182284159,39.0,39.25,933,True,1.0419131499486942e-07,LOW_VOL,0.9995238607957202,LOW_VOL,0.7006842607941693,4.0
1465_lower,1465,2023-09-11 10:30:00-04:00,2023-10-09 10:30:00-04:00,2023-09-13 12:30:00+00:00,2023-09-13,2023,lower,NQZ3,15421.240815329766,15421.240815329766,clean,2023-09-13 19:59:00+00:00,198.5091846702344,2023-09-13 13:45:00-04:00,315,-13.49081532976561,2023-09-13 08:31:00-04:00,1,True,False,133.2591846702344,449,61.25918467023439,-13.49081532976561,57.00918467023439,82.75918467023439,-13.49081532976561,37.00918467023439,94.2591846702344,-13.49081532976561,67.25918467023439,94.2591846702344,-13.49081532976561,58.50918467023439,104.7591846702344,-13.49081532976561,103.7591846702344,140.2591846702344,-13.49081532976561,107.2591846702344,140.2591846702344,-13.49081532976561,115.7591846702344,182.5091846702344,-13.49081532976561,179.5091846702344,198.5091846702344,-13.49081532976561,198.5091846702344,13.49081532976561,2023-09-13 08:30:00-04:00,27.0,27.0,50.0,54.0,196.25,10.928571428571429,16.821428571428573,25.25,24.428571428571427,2.919987708235936,2.7903147332822136,2.787701675704599,19.209999084472656,0.0196390089643361,1.4587618048268625,1.3677685950413223,1.2184049079754602,1.2651990272622553,1.284683865098447,1.1664404979644816,,,,1.0953356445004727,1.1029831799428753,1.0698784054178851,1.1131756756756757,1.0573888859175269,1.051595744680851,1.163093415007657,1.1464150943396227,1.1219647308651095,27.0,24.428571428571427,196.25,25.68212274270623,1.0573888859175269,54.0,51.0,870,True,2.4288650087179943e-07,HIGH_VOL,0.9987727210023836,HIGH_VOL,0.9983560199587883,15.936254980079681
1466_lower,1466,2023-09-12 10:30:00-04:00,2023-10-10 10:30:00-04:00,2023-09-13 12:30:00+00:00,2023-09-13,2023,lower,NQZ3,15437.157466874622,15437.157466874622,clean,2023-09-13 19:59:00+00:00,182.5925331253784,2023-09-13 13:45:00-04:00,315,-29.407466874621605,2023-09-13 08:31:00-04:00,1,True,False,117.3425331253784,449,45.3425331253784,-29.407466874621605,41.0925331253784,66.8425331253784,-29.407466874621605,21.092533125378395,78.3425331253784,-29.407466874621605,51.3425331253784,78.3425331253784,-29.407466874621605,42.5925331253784,88.8425331253784,-29.407466874621605,87.8425331253784,124.3425331253784,-29.407466874621605,91.3425331253784,124.3425331253784,-29.407466874621605,99.8425331253784,166.5925331253784,-29.407466874621605,163.5925331253784,182.5925331253784,-29.407466874621605,182.5925331253784,29.407466874621605,2023-09-13 08:30:00-04:00,27.0,27.0,50.0,54.0,196.25,10.928571428571429,16.821428571428573,25.25,24.428571428571427,2.919987708235936,2.7903147332822136,2.787701675704599,19.209999084472656,0.0196390089643361,1.4587618048268625,1.3677685950413223,1.2184049079754602,1.2651990272622553,1.284683865098447,1.1664404979644816,,,,1.0953356445004727,1.1029831799428753,1.0698784054178851,1.1131756756756757,1.0573888859175269,1.051595744680851,1.163093415007657,1.1464150943396227,1.1219647308651095,27.0,24.428571428571427,196.25,25.68212274270623,1.0573888859175269,54.0,51.0,870,True,2.4288650087179943e-07,HIGH_VOL,0.9987727210023836,HIGH_VOL,0.9983560199587883,15.873015873015872
1468_lower,1468,2023-09-14 10:30:00-04:00,2023-10-12 10:30:00-04:00,2023-09-15 14:59:00+00:00,2023-09-15,2023,lower,NQZ3,15426.248171057954,15426.248171057954,clean,2023-09-15 19:59:00+00:00,41.751828942045904,2023-09-15 12:53:00-04:00,114,-69.4981710579541,2023-09-15 14:52:00-04:00,233,False,True,-35.498171057954096,300,9.251828942045904,-5.998171057954096,3.751828942045904,23.251828942045904,-5.998171057954096,5.251828942045904,23.251828942045904,-11.998171057954096,4.001828942045904,23.251828942045904,-14.248171057954096,13.501828942045904,23.251828942045904,-14.248171057954096,6.501828942045904,23.251828942045904,-14.248171057954096,10.501828942045904,41.751828942045904,-14.248171057954096,35.751828942045904,41.751828942045904,-61.248171057954096,-30.748171057954096,41.751828942045904,-69.4981710579541,41.751828942045904,69.4981710579541,2023-09-15 10:59:00-04:00,33.5,63.25,144.5,183.0,183.5,29.178571428571427,31.785714285714285,31.660714285714285,23.821428571428573,7.866941608148279,7.165532285531334,6.029838778202316,17.25,-0.0453790652281577,1.4396324360530832,1.4571398305084746,1.3813138920688477,1.359916864608076,1.3642347811064712,1.3538870824711795,,,,1.306479493949813,1.2087346221441124,1.185892130491758,1.2255961810163976,1.1970748740251322,1.2312034622725196,1.223787352454395,1.1757998846698237,1.193490455180365,63.25,23.821428571428573,183.5,38.8163027237636,1.1970748740251322,53.0,53.25,1019,True,4.804133203767159e-07,HIGH_VOL,1.0,HIGH_VOL,1.0,32.015810276679844
1467_lower,1467,2023-09-13 10:30:00-04:00,2023-10-11 10:30:00-04:00,2023-09-19 13:50:00+00:00,2023-09-19,2023,lower,NQZ3,15323.86663134196,15323.86663134196,clean,2023-09-19 19:59:00+00:00,84.13336865804013,2023-09-19 14:37:00-04:00,287,-75.36663134195987,2023-09-19 10:40:00-04:00,50,True,False,53.383368658040126,369,22.633368658040126,-10.866631341959874,-4.866631341959874,22.633368658040126,-50.866631341959874,-44.866631341959874,22.633368658040126,-50.866631341959874,-22.366631341959877,22.633368658040126,-50.866631341959874,-45.366631341959874,22.633368658040126,-75.36663134195987,-62.616631341959874,22.633368658040126,-75.36663134195987,-54.366631341959874,22.633368658040126,-75.36663134195987,-49.866631341959874,22.633368658040126,-75.36663134195987,-46.116631341959874,84.13336865804013,-75.36663134195987,84.13336865804013,75.36663134195987,2023-09-19 09:50:00-04:00,49.25,44.0,45.75,24.75,130.5,16.553571428571427,16.285714285714285,19.285714285714285,17.785714285714285,6.131136246369701,4.901268187034512,3.8732251959143262,18.959999084472656,0.0144461499571943,1.5649369977180276,1.5373294346978557,1.5373294346978557,1.2061699928440806,1.1048395906922546,1.0192152647137869,,,,1.4374373462134329,1.3357327348943557,1.390059046443994,0.8117074214778747,0.8117725752508361,0.7987994313095677,0.6812787136294027,0.6571877019665774,0.6571877019665774,44.0,17.785714285714285,130.5,27.974478164416734,0.8117725752508361,35.5,39.0,950,True,2.402876099330845e-07,LOW_VOL,0.893083723222734,MID_VOL,0.998783128723143,14.960629921259844
1474_lower,1474,2023-09-22 10:30:00-04:00,2023-10-20 10:30:00-04:00,2023-09-26 14:13:00+00:00,2023-09-26,2023,lower,NQZ3,14756.293148302426,14756.293148302426,clean,2023-09-26 19:59:00+00:00,49.456851697574166,2023-09-26 10:45:00-04:00,32,-90.04314830242583,2023-09-26 15:35:00-04:00,322,False,True,-47.54314830242584,346,0.2068516975741658,-31.793148302425838,-27.293148302425838,9.706851697574166,-31.793148302425838,9.706851697574166,32.706851697574166,-31.793148302425838,29.45685169757417,49.456851697574166,-31.793148302425838,2.706851697574166,49.456851697574166,-31.793148302425838,-12.793148302425834,49.456851697574166,-31.793148302425838,5.706851697574166,49.456851697574166,-34.043148302425834,3.206851697574166,49.456851697574166,-34.043148302425834,24.45685169757417,49.456851697574166,-90.04314830242583,49.456851697574166,90.04314830242583,2023-09-26 10:13:00-04:00,68.75,82.25,82.5,129.0,173.5,19.392857142857142,22.589285714285715,29.571428571428573,35.0,7.236127178935056,6.200768093304709,5.178916974358356,21.64999961853028,-0.0163562292870474,1.0563715320996874,1.0600219270855018,1.0663409186095212,1.0453325485579752,1.0589701392863955,1.0589701392863955,,,,0.9380541841672193,0.9306139356945308,0.9390690698074701,0.9140136894652874,0.9318879438354942,0.9548237950592726,0.9756379244493752,0.9650932151932894,0.9529041340444713,82.25,35.0,173.5,53.65398400864562,0.9318879438354942,46.75,49.25,973,True,7.121787007243287e-07,HIGH_VOL,1.0,HIGH_VOL,1.0,46.27450980392157
1476_upper,1476,2023-09-26 10:30:00-04:00,2023-10-24 10:30:00-04:00,2023-09-29 12:30:00+00:00,2023-09-29,2023,upper,NQZ3,15007.11661205743,15007.11661205743,clean,2023-09-29 19:59:00+00:00,196.1166120574308,2023-09-29 14:33:00-04:00,363,-53.63338794256924,2023-09-29 10:03:00-04:00,93,True,False,138.86661205743076,449,38.61661205743076,9.366612057430755,30.61661205743076,38.61661205743076,-2.633387942569243,9.116612057430755,38.61661205743076,-2.633387942569243,2.116612057430757,38.61661205743076,-2.633387942569243,8.866612057430757,38.61661205743076,-9.133387942569245,14.366612057430755,38.61661205743076,-44.38338794256924,-40.63338794256924,38.61661205743076,-53.63338794256924,15.866612057430755,57.86661205743076,-53.63338794256924,47.11661205743076,196.1166120574308,-53.63338794256924,196.1166120574308,53.63338794256924,2023-09-29 08:30:00-04:00,15.0,45.75,40.75,54.5,289.5,12.339285714285714,19.553571428571427,26.928571428571427,31.285714285714285,3.5616068032918298,3.390222770743912,3.204359982304957,21.530000686645508,-0.0362578093290009,1.3977197620621282,1.5211292932925733,1.5644534862215649,1.5320005553241705,1.622078494781714,1.4003807106598984,,,,1.2169472018414618,1.3595306975249115,1.2631028818874124,1.173561629267255,1.1740610703266305,1.1740610703266305,1.0848964607353868,1.1523533891850724,1.138788535645472,45.75,31.285714285714285,289.5,37.832808890848014,1.1740610703266305,77.0,67.0,870,True,2.5963560527737307e-07,HIGH_VOL,0.9610851861281707,HIGH_VOL,0.957959078237548,17.578125
1475_upper,1475,2023-09-25 10:30:00-04:00,2023-10-23 10:30:00-04:00,2023-09-29 13:48:00+00:00,2023-09-29,2023,upper,NQZ3,15030.213529050536,15030.213529050536,clean,2023-09-29 19:59:00+00:00,219.21352905053573,2023-09-29 14:33:00-04:00,285,-30.536470949464277,2023-09-29 10:03:00-04:00,15,True,False,161.96352905053573,371,18.96352905053573,-1.286470949464274,11.213529050535726,18.96352905053573,-30.536470949464277,-19.036470949464277,18.96352905053573,-30.536470949464277,16.963529050535726,60.213529050535726,-30.536470949464277,24.21352905053573,60.213529050535726,-30.536470949464277,20.71352905053573,64.71352905053573,-30.536470949464277,57.213529050535726,114.46352905053573,-30.536470949464277,99.71352905053573,131.46352905053573,-30.536470949464277,129.96352905053573,219.21352905053573,-30.536470949464277,219.21352905053573,30.536470949464277,2023-09-29 09:48:00-04:00,39.5,20.75,87.0,54.5,289.5,20.160714285714285,22.071428571428573,29.571428571428573,31.821428571428573,6.314705122652577,5.527470684342338,4.737617028603132,21.530000686645508,-0.0362578093290009,0.981959006328516,0.9643784786641928,0.9887768689366558,2.018089682399387,2.2221573398215733,2.2221573398215733,,,,0.8222081619740589,0.8188405797101449,0.8295894346247457,1.9448608745031233,1.8976617907801419,1.8427310879156353,1.0848964607353868,1.1523533891850724,1.138788535645472,20.75,31.821428571428573,289.5,25.69619899629404,1.8976617907801419,89.0,72.0,948,True,2.380186993247568e-07,LOW_VOL,0.9981490071627173,LOW_VOL,0.7510372921216403,14.785992217898833
1495_upper,1495,2023-10-23 10:30:00-04:00,2023-11-20 10:30:00-05:00,2023-10-24 14:38:00+00:00,2023-10-24,2023,upper,NQZ3,14861.637096466304,14861.637096466304,clean,2023-10-24 19:59:00+00:00,155.63709646630377,2023-10-24 12:55:00-04:00,137,-16.362903533696226,2023-10-24 10:48:00-04:00,10,True,False,15.387096466303774,321,19.63709646630377,-8.862903533696226,12.637096466303774,24.38709646630377,-16.362903533696226,21.38709646630377,37.137096466303774,-16.362903533696226,16.137096466303774,67.88709646630377,-16.362903533696226,51.137096466303774,76.63709646630377,-16.362903533696226,67.13709646630377,83.88709646630377,-16.362903533696226,60.887096466303774,135.38709646630377,-16.362903533696226,124.63709646630376,155.63709646630377,-16.362903533696226,88.38709646630377,155.63709646630377,-16.362903533696226,155.63709646630377,16.362903533696226,2023-10-24 10:38:00-04:00,67.75,70.25,79.5,79.5,339.5,39.375,28.767857142857142,31.178571428571427,31.375,8.806200088692789,7.935666065986575,6.592369195666809,23.96999931335449,-0.052943507738553,1.085286122294484,1.0377139660944452,1.0979808529155788,1.1751728500076335,1.2244524614379455,1.2379491774653064,,,,0.9345175484081245,0.9801191761771949,0.9920733529402513,1.0901356587186777,1.1587640395068632,1.139562304694729,0.9600771893091244,0.9907405541155556,1.0039090422642218,70.25,31.375,339.5,46.94777683767358,1.1587640395068632,87.5,74.75,998,True,3.1259963539134217e-06,HIGH_VOL,1.0,HIGH_VOL,1.0,91.86046511627907
1496_lower,1496,2023-10-24 10:30:00-04:00,2023-11-21 10:30:00-05:00,2023-10-25 14:27:00+00:00,2023-10-25,2023,lower,NQZ3,14596.908218834997,14596.908218834997,clean,2023-10-25 19:59:00+00:00,87.84178116500516,2023-10-25 11:06:00-04:00,39,-145.65821883499484,2023-10-25 14:51:00-04:00,264,False,True,-120.65821883499484,332,50.34178116500516,4.341781165005159,32.34178116500516,74.34178116500516,4.341781165005159,48.59178116500516,81.59178116500516,4.341781165005159,30.09178116500516,87.84178116500516,4.341781165005159,67.34178116500516,87.84178116500516,4.341781165005159,37.34178116500516,87.84178116500516,-20.65821883499484,-15.40821883499484,87.84178116500516,-34.65821883499484,-15.90821883499484,87.84178116500516,-88.65821883499484,-87.40821883499484,87.84178116500516,-145.65821883499484,87.84178116500516,145.65821883499484,2023-10-25 10:27:00-04:00,46.25,144.0,153.0,185.0,242.75,28.785714285714285,26.875,26.821428571428573,27.625,8.201178310714,7.023802401238187,5.742118618584118,22.34000015258789,-0.0680016356887616,1.4259631379333289,1.4616858890851674,1.4752188997191475,1.2995921394141638,1.3220839157735915,1.3540891401301025,,,,1.2659822072045464,1.3755239054948298,1.3448886099780357,1.1799710873913303,1.2602113923448266,1.2375319975284669,1.0814940975179106,1.1140369231759726,1.128509063339434,144.0,27.625,242.75,63.071388124885914,1.2602113923448266,68.0,66.0,987,True,1.798049699205439e-06,HIGH_VOL,1.0,HIGH_VOL,1.0,78.76447876447877
1501_upper,1501,2023-10-31 10:30:00-04:00,2023-11-28 10:30:00-05:00,2023-11-01 14:22:00+00:00,2023-11-01,2023,upper,NQZ3,14601.035061183557,14601.035061183557,clean,2023-11-01 19:59:00+00:00,43.03506118355472,2023-11-01 14:42:00-04:00,260,-160.96493881644528,2023-11-01 15:56:00-04:00,334,False,True,-141.71493881644528,337,-7.214938816445283,-37.46493881644528,-33.21493881644528,-7.214938816445283,-39.46493881644528,-38.46493881644528,-7.214938816445283,-48.46493881644528,-23.214938816445283,-7.214938816445283,-48.46493881644528,-30.214938816445283,18.28506118355472,-48.46493881644528,16.035061183554717,25.03506118355472,-48.46493881644528,-1.214938816445283,25.03506118355472,-48.46493881644528,6.785061183554717,38.78506118355472,-48.46493881644528,-2.214938816445283,43.03506118355472,-160.96493881644528,43.03506118355472,160.96493881644528,2023-11-01 10:22:00-04:00,50.0,66.25,114.5,164.25,192.5,25.178571428571427,26.821428571428573,30.589285714285715,30.392857142857142,7.887213478951135,6.871376294148567,5.673119249136008,22.459999084472656,-0.0487082378716541,0.7444904632152588,0.7876139357635786,0.8768493141892543,0.8374794593413691,0.8811789162285875,0.9392970905643092,,,,0.7444904632152588,0.7660011101952935,0.8661036935600441,0.8374794593413691,0.8698684872581616,0.9306270219491987,0.93605460709529,0.9662234998203377,1.008392811286069,66.25,30.392857142857142,192.5,44.87233875913184,0.8698684872581616,50.0,50.75,982,True,1.0957088789679123e-06,HIGH_VOL,1.0,HIGH_VOL,1.0,61.92307692307693
1500_upper,1500,2023-10-30 10:30:00-04:00,2023-11-27 10:30:00-05:00,2023-11-01 14:23:00+00:00,2023-11-01,2023,upper,NQZ3,14619.357213490988,14619.357213490988,clean,2023-11-01 19:59:00+00:00,61.357213490988215,2023-11-01 14:42:00-04:00,259,-142.64278650901178,2023-11-01 15:56:00-04:00,333,False,True,-123.39278650901178,336,-3.142786509011785,-19.142786509011785,-9.642786509011785,-2.142786509011785,-23.392786509011785,-10.142786509011785,4.607213490988215,-30.142786509011785,-7.892786509011785,4.607213490988215,-30.142786509011785,-19.392786509011785,36.607213490988215,-30.142786509011785,31.10721349098821,43.357213490988215,-30.142786509011785,11.607213490988215,43.357213490988215,-30.142786509011785,25.60721349098821,57.107213490988215,-30.142786509011785,19.85721349098821,61.357213490988215,-142.64278650901178,61.357213490988215,142.64278650901178,2023-11-01 10:23:00-04:00,50.0,66.25,114.5,164.25,192.5,25.178571428571427,26.821428571428573,30.589285714285715,30.392857142857142,8.151874385218225,7.037239028505714,5.781664903601274,22.459999084472656,-0.0487082378716541,0.7444904632152588,0.7876139357635786,0.8768493141892543,0.8374794593413691,0.8811789162285875,0.9392970905643092,,,,0.7444904632152588,0.7660011101952935,0.8661036935600441,0.8374794593413691,0.8698684872581616,0.9306270219491987,0.93605460709529,0.9662234998203377,1.008392811286069,66.25,30.392857142857142,192.5,44.87233875913184,0.8698684872581616,50.0,50.75,983,True,1.0957088789679123e-06,HIGH_VOL,1.0,HIGH_VOL,1.0,61.68582375478927
1497_upper,1497,2023-10-25 10:30:00-04:00,2023-11-22 10:30:00-05:00,2023-11-02 12:30:00+00:00,2023-11-02,2023,upper,NQZ3,14935.534575520876,14935.534575520876,clean,2023-11-02 19:59:00+00:00,66.03457552087457,2023-11-02 10:14:00-04:00,104,-72.96542447912543,2023-11-02 15:40:00-04:00,430,False,True,-63.96542447912543,449,21.78457552087457,6.034575520874569,14.034575520874569,21.78457552087457,-6.965424479125431,2.0345755208745686,21.78457552087457,-17.96542447912543,-6.715424479125431,21.78457552087457,-17.96542447912543,9.784575520874569,21.78457552087457,-17.96542447912543,13.784575520874569,34.78457552087457,-17.96542447912543,13.034575520874569,66.03457552087457,-17.96542447912543,5.534575520874569,66.03457552087457,-36.46542447912543,-4.465424479125431,66.03457552087457,-72.96542447912543,66.03457552087457,72.96542447912543,2023-11-02 08:30:00-04:00,15.0,42.75,29.25,40.0,351.25,10.267857142857142,15.821428571428571,18.821428571428573,21.678571428571427,3.495281284016273,3.1148559303472143,2.8134633086947414,20.68000030517578,-0.0792519524423065,2.154409805488942,2.1910439672108937,2.0644708285458955,1.25471424427038,1.2188248555727772,1.1491962269164342,,,,2.0208697825543616,2.0039655492905384,1.964645851050905,1.1210471747019182,1.0961855278164998,1.0961855278164998,1.0123707616596687,1.0156264154361807,1.0246532775835675,42.75,21.678571428571427,351.25,30.442715525580642,1.0961855278164998,88.5,73.0,870,True,1.9898566887556482e-07,HIGH_VOL,0.9249603055528247,HIGH_VOL,0.9305644770289736,12.213740458015266
1494_upper,1494,2023-10-20 10:30:00-04:00,2023-11-17 10:30:00-05:00,2023-11-03 13:31:00+00:00,2023-11-03,2023,upper,NQZ3,15070.892577085337,15070.892577085337,clean,2023-11-03 19:59:00+00:00,30.39257708533478,2023-11-03 09:39:00-04:00,8,-157.60742291466522,2023-11-03 15:07:00-04:00,336,False,True,-103.60742291466522,388,19.14257708533478,-9.60742291466522,2.1425770853347785,30.39257708533478,-42.10742291466522,-38.60742291466522,30.39257708533478,-92.35742291466522,-69.10742291466522,30.39257708533478,-92.35742291466522,-32.85742291466522,30.39257708533478,-92.35742291466522,-16.60742291466522,30.39257708533478,-92.35742291466522,-42.10742291466522,30.39257708533478,-92.35742291466522,-60.10742291466522,30.39257708533478,-120.85742291466522,-119.35742291466522,30.39257708533478,-157.60742291466522,30.39257708533478,157.60742291466522,2023-11-03 09:31:00-04:00,27.0,35.5,125.5,42.0,257.25,22.732142857142858,22.535714285714285,22.678571428571427,18.553571428571427,7.512750196317552,7.307431241356235,6.167680269707756,19.540000915527344,-0.0551256950108999,1.470492690850027,1.514236788658357,1.4588145022060235,2.5610331898347454,2.814283534259118,2.5331257726294583,,,,1.3355813136635055,1.2419649856284296,1.2419649856284296,2.3644600196589596,2.1833464877663773,2.1833464877663773,0.744043627911135,0.7539179273484917,0.76061873100738,35.5,18.553571428571427,257.25,25.664212158456873,2.1833464877663773,84.25,71.75,931,True,1.5610193166081772e-06,LOW_VOL,0.955730335865199,LOW_VOL,0.48939193068216424,74.52471482889734
1503_upper,1503,2023-11-02 10:30:00-04:00,2023-11-30 10:30:00-05:00,2023-11-03 13:43:00+00:00,2023-11-03,2023,upper,NQZ3,15083.73248435102,15083.73248435102,clean,2023-11-03 19:59:00+00:00,32.23248435102141,2023-11-03 10:27:00-04:00,44,-144.7675156489786,2023-11-03 15:07:00-04:00,324,False,True,-90.7675156489786,376,0.2324843510214123,-51.01751564897859,-37.01751564897859,0.2324843510214123,-56.01751564897859,-48.26751564897859,0.2324843510214123,-79.51751564897859,-11.017515648978588,32.23248435102141,-79.51751564897859,18.23248435102141,32.23248435102141,-79.51751564897859,-0.7675156489785877,32.23248435102141,-79.51751564897859,-21.017515648978588,32.23248435102141,-79.51751564897859,-49.26751564897859,32.23248435102141,-110.2675156489786,-100.0175156489786,32.23248435102141,-144.7675156489786,32.23248435102141,144.7675156489786,2023-11-03 09:43:00-04:00,27.0,35.5,125.5,42.0,257.25,25.125,22.535714285714285,22.678571428571427,18.553571428571427,9.156249945436588,8.283083379846584,6.854537910683114,19.540000915527344,-0.0551256950108999,1.470492690850027,1.514236788658357,1.4588145022060235,2.5610331898347454,2.814283534259118,2.5331257726294583,,,,1.3355813136635055,1.2419649856284296,1.2419649856284296,2.3644600196589596,2.1833464877663773,2.1833464877663773,0.744043627911135,0.7539179273484917,0.76061873100738,35.5,18.553571428571427,257.25,25.664212158456873,2.1833464877663773,84.25,71.75,943,True,1.2574825498393772e-06,HIGH_VOL,0.9338022689415485,HIGH_VOL,0.9002384516010583,66.66666666666666
1504_upper,1504,2023-11-03 10:30:00-04:00,2023-12-01 10:30:00-05:00,2023-11-07 14:17:00+00:00,2023-11-07,2023,upper,NQZ3,15268.5396343366,15268.5396343366,clean,2023-11-07 20:59:00+00:00,44.53963433660101,2023-11-07 09:37:00-05:00,20,-143.710365663399,2023-11-07 14:34:00-05:00,317,False,True,-106.710365663399,402,3.2896343366010115,-15.960365663398989,-9.210365663398989,4.539634336601012,-18.71036566339899,2.5396343366010115,44.53963433660101,-18.71036566339899,12.789634336601011,44.53963433660101,-51.46036566339899,-38.71036566339899,44.53963433660101,-51.46036566339899,-26.71036566339899,44.53963433660101,-101.710365663399,-99.460365663399,44.53963433660101,-126.960365663399,-110.710365663399,44.53963433660101,-134.210365663399,-84.46036566339899,44.53963433660101,-143.710365663399,44.53963433660101,143.710365663399,2023-11-07 09:17:00-05:00,10.5,27.5,33.75,49.0,119.5,11.553571428571429,15.803571428571429,19.767857142857142,21.464285714285715,3.500062424348022,3.0562503904031924,2.682574876218713,18.64999961853028,0.0016111051527814,1.0266016854502995,1.017356743975449,0.9336103416435826,1.006335029598089,0.9919131947998772,0.9858080268579276,1.4529494854375462,1.4294411540879464,1.4303877098301494,0.6916578308307966,0.606393186997721,0.6098679051812534,0.8522802234047232,0.7103845166966021,0.6740166243522415,1.015060736354879,0.9815513245785432,0.9815513245785432,27.5,21.464285714285715,119.5,24.295428729348597,0.7103845166966021,31.5,35.0,917,True,2.122178946317004e-07,LOW_VOL,0.9974931230297635,MID_VOL,0.5728760703605965,13.20754716981132
1493_upper,1493,2023-10-19 10:30:00-04:00,2023-11-16 10:30:00-05:00,2023-11-07 14:18:00+00:00,2023-11-07,2023,upper,NQZ3,15275.736996760072,15275.736996760072,clean,2023-11-07 20:59:00+00:00,51.73699676007345,2023-11-07 09:37:00-05:00,19,-136.51300323992655,2023-11-07 14:34:00-05:00,316,False,True,-99.51300323992656,401,1.4869967600734526,-8.763003239926547,-0.2630032399265474,30.236996760073453,-11.513003239926547,27.736996760073453,51.73699676007345,-11.513003239926547,15.486996760073453,51.73699676007345,-44.26300323992655,-30.263003239926547,51.73699676007345,-44.26300323992655,-16.513003239926547,51.73699676007345,-95.76300323992656,-95.01300323992656,51.73699676007345,-119.76300323992656,-102.76300323992656,51.73699676007345,-127.01300323992656,-80.76300323992655,51.73699676007345,-136.51300323992655,51.73699676007345,136.51300323992655,2023-11-07 09:18:00-05:00,10.5,27.5,33.75,49.0,119.5,11.553571428571429,15.803571428571429,19.767857142857142,21.464285714285715,3.4765304927393537,3.048200701410813,2.680283326989064,18.64999961853028,0.0016111051527814,1.0266016854502995,1.017356743975449,0.9336103416435826,1.006335029598089,0.9919131947998772,0.9858080268579276,1.4529494854375462,1.4294411540879464,1.4303877098301494,0.6916578308307966,0.606393186997721,0.6098679051812534,0.8522802234047232,0.7103845166966021,0.6740166243522415,1.015060736354879,0.9815513245785432,0.9815513245785432,27.5,21.464285714285715,119.5,24.295428729348597,0.7103845166966021,31.5,35.0,918,True,2.122178946317004e-07,LOW_VOL,0.9974931230297635,MID_VOL,0.5728760703605965,13.157894736842104
1492_upper,1492,2023-10-18 10:30:00-04:00,2023-11-15 10:30:00-05:00,2023-11-07 15:28:00+00:00,2023-11-07,2023,upper,NQZ3,15343.319510651938,15343.319510651938,clean,2023-11-07 20:59:00+00:00,14.06951065193789,2023-11-07 12:30:00-05:00,122,-68.93048934806211,2023-11-07 14:34:00-05:00,246,False,True,-31.93048934806211,331,11.56951065193789,-11.93048934806211,-6.93048934806211,11.56951065193789,-22.68048934806211,-18.18048934806211,11.56951065193789,-52.18048934806211,-39.43048934806211,11.56951065193789,-52.18048934806211,-37.18048934806211,11.56951065193789,-52.18048934806211,-41.18048934806211,11.56951065193789,-59.43048934806211,-35.93048934806211,11.56951065193789,-59.43048934806211,-5.18048934806211,14.06951065193789,-59.43048934806211,-54.68048934806211,14.06951065193789,-68.93048934806211,14.06951065193789,68.93048934806211,2023-11-07 10:28:00-05:00,47.25,79.25,79.25,83.75,119.5,25.285714285714285,24.964285714285715,23.285714285714285,22.535714285714285,6.473731838371009,5.699975777381126,4.696288199001343,18.64999961853028,0.0016111051527814,0.9272670139350504,0.9217913675547412,0.9889915825566856,0.9660672384497128,0.9648474196187764,1.0284855956886667,1.183065960995902,1.2012546067591938,1.2194415257745088,0.8464351711393662,0.8638810070711165,0.9272670139350503,0.9227269214420959,0.9389819511619677,0.9662724706882075,0.8523832486368189,0.8694832909553215,0.9145738643147681,79.25,22.535714285714285,119.5,42.26056503577368,0.9389819511619677,34.5,40.0,988,True,1.3432089951311046e-06,HIGH_VOL,0.9999999999999926,HIGH_VOL,0.9999999999999782,71.16104868913857
1491_upper,1491,2023-10-17 10:30:00-04:00,2023-11-14 10:30:00-05:00,2023-11-07 15:40:00+00:00,2023-11-07,2023,upper,NQZ3,15360.114190722345,15360.114190722345,clean,2023-11-07 20:59:00+00:00,30.864190722342755,2023-11-07 12:30:00-05:00,110,-52.135809277657245,2023-11-07 14:34:00-05:00,234,False,True,-15.135809277657245,319,2.864190722342755,-5.885809277657245,-0.3858092776572448,2.864190722342755,-35.385809277657245,-31.885809277657245,2.864190722342755,-35.385809277657245,-28.135809277657245,2.864190722342755,-35.385809277657245,-23.635809277657245,2.864190722342755,-41.885809277657245,-38.385809277657245,10.114190722342755,-42.635809277657245,4.614190722342755,30.864190722342755,-42.635809277657245,4.864190722342755,30.864190722342755,-44.635809277657245,-39.385809277657245,30.864190722342755,-52.135809277657245,30.864190722342755,52.135809277657245,2023-11-07 10:40:00-05:00,60.5,71.5,79.25,83.75,119.5,25.75,27.035714285714285,28.053571428571427,22.535714285714285,6.01712380657113,5.542644031599734,4.674948875326049,18.64999961853028,0.0016111051527814,0.9393458995862332,0.9322079229728454,0.953847392144237,0.9660672384497128,0.9648474196187764,1.0284855956886667,1.183065960995902,1.2012546067591938,1.2194415257745088,0.8453965672216753,0.8707146111004982,0.8778352271885509,0.9227269214420959,0.9389819511619677,0.9662724706882075,0.8523832486368189,0.8694832909553215,0.9145738643147681,71.5,22.535714285714285,119.5,40.141045968292495,0.9389819511619677,34.5,39.75,1000,True,1.1222770441291007e-06,HIGH_VOL,0.9999999999991857,HIGH_VOL,0.9999999999981743,62.68656716417911
1505_upper,1505,2023-11-06 10:30:00-05:00,2023-12-04 10:30:00-05:00,2023-11-07 15:41:00+00:00,2023-11-07,2023,upper,NQZ3,15362.709554818362,15362.709554818362,clean,2023-11-07 20:59:00+00:00,33.45955481836245,2023-11-07 12:30:00-05:00,109,-49.54044518163755,2023-11-07 14:34:00-05:00,233,False,True,-12.540445181637551,318,5.209554818362449,-4.290445181637551,-3.5404451816375517,5.209554818362449,-32.79044518163755,-24.79044518163755,5.209554818362449,-32.79044518163755,-17.04044518163755,5.209554818362449,-32.79044518163755,-18.04044518163755,5.209554818362449,-39.29044518163755,-38.54044518163755,12.709554818362449,-40.04044518163755,3.7095548183624487,33.45955481836245,-40.04044518163755,2.7095548183624487,33.45955481836245,-42.04044518163755,-35.79044518163755,33.45955481836245,-49.54044518163755,33.45955481836245,49.54044518163755,2023-11-07 10:41:00-05:00,60.5,71.5,79.25,83.75,119.5,25.75,27.035714285714285,28.053571428571427,22.535714285714285,5.978651877776131,5.527369977700008,4.671340687830605,18.64999961853028,0.0016111051527814,0.9393458995862332,0.9322079229728454,0.953847392144237,0.9660672384497128,0.9648474196187764,1.0284855956886667,1.183065960995902,1.2012546067591938,1.2194415257745088,0.8453965672216753,0.8707146111004982,0.8778352271885509,0.9227269214420959,0.9389819511619677,0.9662724706882075,0.8523832486368189,0.8694832909553215,0.9145738643147681,71.5,22.535714285714285,119.5,40.141045968292495,0.9389819511619677,34.5,39.75,1001,True,1.1222770441291007e-06,HIGH_VOL,0.9999999999991857,HIGH_VOL,0.9999999999981743,62.45353159851301
1510_upper,1510,2023-11-13 10:30:00-05:00,2023-12-11 10:30:00-05:00,2023-11-14 13:30:00+00:00,2023-11-14,2023,upper,NQZ3,15665.251049723289,15665.251049723289,clean,2023-11-14 20:59:00+00:00,-75.748950276713,2023-11-14 08:31:00-05:00,1,-253.498950276713,2023-11-14 15:19:00-05:00,409,False,True,-213.498950276713,449,-75.748950276713,-146.748950276713,-115.748950276713,-75.748950276713,-146.748950276713,-129.498950276713,-75.748950276713,-174.498950276713,-141.498950276713,-75.748950276713,-174.498950276713,-138.748950276713,-75.748950276713,-174.498950276713,-150.998950276713,-75.748950276713,-211.998950276713,-210.498950276713,-75.748950276713,-222.248950276713,-220.498950276713,-75.748950276713,-237.748950276713,-199.248950276713,-75.748950276713,-253.498950276713,0.0,253.498950276713,2023-11-14 08:30:00-05:00,14.0,23.5,19.75,19.75,136.0,7.178571428571429,11.892857142857142,13.839285714285714,14.785714285714286,1.9830043293824853,1.9091205120142052,1.808253252308584,18.81999969482422,0.0484679050087291,1.134275092936803,1.1092852468552317,1.0647682858738134,1.011761630946158,1.0111669823026186,0.875148363759679,0.920649409923714,0.9349754999337836,0.9349754999337836,0.9503519591353641,0.9316072300928188,0.9316072300928188,0.7145692002399742,0.6834392655367232,0.6547699594046008,0.7782830370676588,0.6869709059063929,0.6488970588235294,23.5,14.785714285714286,136.0,18.64039392594174,0.6834392655367232,34.75,37.0,870,True,1.4301169550194375e-07,LOW_VOL,0.9995635430359352,MID_VOL,0.7492841942105254,8.148148148148149
1511_upper,1511,2023-11-14 10:30:00-05:00,2023-12-12 10:30:00-05:00,2023-11-15 13:25:00+00:00,2023-11-15,2023,upper,NQZ3,15999.786834905071,15999.786834905071,clean,2023-11-15 20:59:00+00:00,167.2868349050732,2023-11-15 13:16:00-05:00,291,-49.71316509492681,2023-11-15 08:30:00-05:00,5,True,False,109.2868349050732,454,6.286834905073192,-49.71316509492681,-10.713165094926808,43.03683490507319,-49.71316509492681,30.786834905073192,62.53683490507319,-49.71316509492681,33.78683490507319,62.53683490507319,-49.71316509492681,46.53683490507319,62.53683490507319,-49.71316509492681,50.53683490507319,93.7868349050732,-49.71316509492681,90.03683490507319,93.7868349050732,-49.71316509492681,40.28683490507319,93.7868349050732,-49.71316509492681,42.78683490507319,167.2868349050732,-49.71316509492681,167.2868349050732,49.71316509492681,2023-11-15 08:25:00-05:00,12.0,18.25,24.0,36.5,366.75,9.767857142857142,13.767857142857142,18.821428571428573,23.089285714285715,2.55544165076137,2.379236902045131,2.2152672108115934,17.889999389648438,-0.0494155324259407,1.1691599539700803,1.2327105071584568,1.1245157719977863,1.6868555018927034,1.687846927447267,1.4568513612535934,1.4929178470254958,1.431238754795125,1.3958416103827307,1.0278199291856347,0.9365781710914455,0.8782849239280774,1.355322496067121,1.1408015536723164,1.116554345947814,1.243181081001386,1.108481884629542,0.9758807462617471,18.25,23.089285714285715,366.75,20.527529424792313,1.1408015536723164,93.0,72.0,865,True,1.3203021903547024e-07,LOW_VOL,0.9988427015500344,LOW_VOL,0.5785329625029467,7.380073800738007
1514_upper,1514,2023-11-17 10:30:00-05:00,2023-12-15 10:30:00-05:00,2023-11-20 14:58:00+00:00,2023-11-20,2023,upper,NQZ3,15994.229960445984,15994.229960445984,clean,2023-11-20 20:59:00+00:00,56.479960445984034,2023-11-20 10:24:00-05:00,26,-122.52003955401597,2023-11-20 15:14:00-05:00,316,False,True,-94.27003955401597,361,8.479960445984034,-5.270039554015966,1.479960445984034,22.229960445984037,-8.020039554015966,19.979960445984037,56.479960445984034,-8.020039554015966,32.979960445984034,56.479960445984034,-8.020039554015966,28.979960445984037,56.479960445984034,-8.020039554015966,0.2299604459840338,56.479960445984034,-24.27003955401597,-13.520039554015966,56.479960445984034,-27.02003955401597,-19.77003955401597,56.479960445984034,-37.770039554015966,-22.27003955401597,56.479960445984034,-122.52003955401597,56.479960445984034,122.52003955401597,2023-11-20 09:58:00-05:00,87.75,34.5,32.5,38.0,115.0,15.660714285714286,14.714285714285714,19.75,22.303571428571427,6.188592606773185,5.1263681658151565,4.109368821017524,17.40999984741211,-0.0235558092030908,1.2709730677948612,1.0233041166452042,1.04425604069521,0.6836429308565531,0.6573718028231909,0.6858015425229049,1.233781869688385,1.1828088400040735,1.2019870976644702,0.7787190997028514,0.8652616789603091,0.8131106416688672,0.5582522226435764,0.5662207786657549,0.5662207786657549,0.9985383887885823,0.9299631666043879,0.8475722487107132,34.5,22.303571428571427,115.0,27.739380207310223,0.5662207786657549,28.5,33.0,958,True,1.302931875525771e-06,HIGH_VOL,1.0,HIGH_VOL,1.0,70.58823529411765
1516_upper,1516,2023-11-21 10:30:00-05:00,2023-12-19 10:30:00-05:00,2023-11-22 14:36:00+00:00,2023-11-22,2023,upper,NQZ3,16158.55957440403,16158.55957440403,clean,2023-11-22 20:59:00+00:00,153.05957440402926,2023-11-22 10:18:00-05:00,42,-14.940425595970735,2023-11-22 09:37:00-05:00,1,True,False,110.55957440402926,383,17.059574404029263,-14.940425595970735,8.059574404029263,55.05957440402926,-14.940425595970735,53.05957440402926,141.80957440402926,-14.940425595970735,131.55957440402926,153.05957440402926,-14.940425595970735,114.30957440402926,153.05957440402926,-14.940425595970735,59.80957440402926,153.05957440402926,-14.940425595970735,92.05957440402926,153.05957440402926,-14.940425595970735,92.55957440402926,153.05957440402926,-14.940425595970735,78.30957440402926,153.05957440402926,-14.940425595970735,153.05957440402926,14.940425595970735,2023-11-22 09:36:00-05:00,17.0,25.5,26.75,41.75,210.5,12.071428571428571,16.607142857142858,22.482142857142858,22.392857142857142,6.259798396363747,4.882493089598492,3.862474327931343,17.549999237060547,0.0239206453916052,1.2266785743281643,1.2603962460896767,1.2418526281181934,1.2549806794801024,1.2724451115577378,1.2724451115577378,1.476082927959231,1.6450884213243837,1.6608998794513408,1.0324586579199124,1.0613979627678258,1.0613979627678258,1.0770257757488317,1.0390991814517805,1.0687636223770247,1.4546025223991326,1.4461843971631205,1.240099250754111,25.5,22.392857142857142,210.5,23.89597993686087,1.0390991814517805,57.0,52.75,936,True,1.4597610099880963e-07,HIGH_VOL,1.0,HIGH_VOL,1.0,9.157509157509157
1520_upper,1520,2023-11-27 10:30:00-05:00,2023-12-26 10:30:00-05:00,2023-11-29 13:06:00+00:00,2023-11-29,2023,upper,NQZ3,16150.415113714713,16150.415113714713,clean,2023-11-29 20:59:00+00:00,136.9151137147128,2023-11-29 15:39:00-05:00,453,-58.08488628528721,2023-11-29 09:38:00-05:00,92,True,False,124.4151137147128,473,2.1651137147127884,-3.584886285287212,1.1651137147127884,3.4151137147127884,-5.584886285287212,-4.084886285287212,4.415113714712788,-22.83488628528721,0.6651137147127884,12.665113714712788,-22.83488628528721,3.1651137147127884,12.665113714712788,-22.83488628528721,-10.834886285287212,12.665113714712788,-49.58488628528721,-46.58488628528721,14.665113714712788,-58.08488628528721,5.165113714712788,65.41511371471279,-58.08488628528721,50.41511371471279,136.9151137147128,-58.08488628528721,136.9151137147128,58.08488628528721,2023-11-29 08:06:00-05:00,14.5,14.5,21.5,32.5,126.25,7.678571428571429,12.75,17.517857142857142,20.357142857142858,1.9034392304995087,1.96790448527734,2.026398583773012,16.149999618530273,-0.0176399577923715,1.2207134637514383,1.4042891183478952,1.2870662460567823,1.3278125383388542,1.4053106537687463,1.4097036795831976,1.3727337110481586,1.3908083091163492,1.3422665420172433,1.0949628406275804,1.0922570016474464,1.0440944881889764,1.2946172248803827,1.1920916400484636,1.046610579247655,1.1224808895066019,1.1224808895066019,1.0346981263011796,14.5,20.357142857142858,126.25,17.180761666136092,1.1920916400484636,38.75,39.75,846,True,1.2673503902971033e-07,LOW_VOL,0.999640384434844,LOW_VOL,0.970787040369479,7.2992700729927
1518_upper,1518,2023-11-23 10:30:00-05:00,2023-12-21 10:30:00-05:00,2023-11-29 13:30:00+00:00,2023-11-29,2023,upper,NQZ3,16164.611367656797,16164.611367656797,clean,2023-11-29 20:59:00+00:00,151.11136765679476,2023-11-29 15:39:00-05:00,429,-43.888632343205245,2023-11-29 09:38:00-05:00,68,True,False,138.61136765679476,449,18.361367656794755,-8.638632343205245,16.111367656794755,26.861367656794755,-8.638632343205245,16.611367656794755,26.861367656794755,-8.638632343205245,22.111367656794755,26.861367656794755,-8.638632343205245,17.861367656794755,26.861367656794755,-8.638632343205245,5.111367656794755,26.861367656794755,-43.888632343205245,-33.638632343205245,79.61136765679476,-43.888632343205245,56.86136765679476,125.36136765679476,-43.888632343205245,113.61136765679476,151.11136765679476,-43.888632343205245,151.11136765679476,43.888632343205245,2023-11-29 08:30:00-05:00,13.0,18.75,21.5,32.5,126.25,6.732142857142857,11.339285714285714,18.017857142857142,20.357142857142858,1.9148268341383063,1.9606271318668376,2.015571299176566,16.149999618530273,-0.0176399577923715,1.513362652232747,1.5807420494699649,1.344301705356472,1.3278125383388542,1.4053106537687463,1.4097036795831976,1.3727337110481586,1.3908083091163492,1.3422665420172433,1.1729155742003146,1.1296717171717172,1.1296717171717172,1.2946172248803827,1.1920916400484636,1.046610579247655,1.1224808895066019,1.1224808895066019,1.0346981263011796,18.75,20.357142857142858,126.25,19.537052709439788,1.1920916400484636,38.75,40.25,870,True,1.2719618499183077e-07,LOW_VOL,0.9990768523479351,LOW_VOL,0.8657345107606179,7.636363636363637
1519_upper,1519,2023-11-24 10:30:00-05:00,2023-12-22 10:30:00-05:00,2023-11-29 13:30:00+00:00,2023-11-29,2023,upper,NQZ3,16161.885073242043,16161.885073242043,clean,2023-11-29 20:59:00+00:00,148.3850732420433,2023-11-29 15:39:00-05:00,429,-46.61492675795671,2023-11-29 09:38:00-05:00,68,True,False,135.8850732420433,449,15.63507324204329,-11.36492675795671,13.38507324204329,24.13507324204329,-11.36492675795671,13.88507324204329,24.13507324204329,-11.36492675795671,19.38507324204329,24.13507324204329,-11.36492675795671,15.13507324204329,24.13507324204329,-11.36492675795671,2.3850732420432905,24.13507324204329,-46.61492675795671,-36.36492675795671,76.88507324204329,-46.61492675795671,54.13507324204329,122.63507324204328,-46.61492675795671,110.88507324204328,148.3850732420433,-46.61492675795671,148.3850732420433,46.61492675795671,2023-11-29 08:30:00-05:00,13.0,18.75,21.5,32.5,126.25,6.732142857142857,11.339285714285714,18.017857142857142,20.357142857142858,1.9148268341383063,1.9606271318668376,2.015571299176566,16.149999618530273,-0.0176399577923715,1.513362652232747,1.5807420494699649,1.344301705356472,1.3278125383388542,1.4053106537687463,1.4097036795831976,1.3727337110481586,1.3908083091163492,1.3422665420172433,1.1729155742003146,1.1296717171717172,1.1296717171717172,1.2946172248803827,1.1920916400484636,1.046610579247655,1.1224808895066019,1.1224808895066019,1.0346981263011796,18.75,20.357142857142858,126.25,19.537052709439788,1.1920916400484636,38.75,40.25,870,True,1.2719618499183077e-07,LOW_VOL,0.9990768523479351,LOW_VOL,0.8657345107606179,7.608695652173914
1522_lower,1522,2023-11-29 10:30:00-05:00,2023-12-28 10:30:00-05:00,2023-11-30 14:42:00+00:00,2023-11-30,2023,lower,NQZ3,15967.453281160262,15967.453281160262,clean,2023-11-30 20:59:00+00:00,31.54671883973788,2023-11-30 10:18:00-05:00,36,-111.45328116026212,2023-11-30 13:31:00-05:00,229,False,True,13.546718839737878,377,17.046718839737878,-20.95328116026212,-4.203281160262122,17.046718839737878,-20.95328116026212,14.296718839737878,19.79671883973788,-48.70328116026212,-10.203281160262122,31.54671883973788,-48.70328116026212,-12.703281160262122,31.54671883973788,-72.20328116026212,-69.20328116026212,31.54671883973788,-85.95328116026212,-63.70328116026212,31.54671883973788,-88.70328116026212,-73.95328116026212,31.54671883973788,-106.70328116026212,-72.70328116026212,31.54671883973788,-111.45328116026212,31.54671883973788,111.45328116026212,2023-11-30 09:42:00-05:00,23.25,24.0,49.5,28.75,195.0,17.553571428571427,15.25,19.053571428571427,17.642857142857142,6.2172585227962776,4.873788659116744,3.812335210676012,16.520000457763672,0.0229102692243325,1.8086972751026504,1.8103866990472632,1.7325467059980335,2.2178277605857044,1.793073989321129,1.510512517349509,0.9217532687487298,0.9762852940121264,0.942211142273467,1.561175996778091,1.561175996778091,1.4326262103629241,1.3134274986590382,1.4416642135217348,1.3308573757869469,0.7810114229952356,0.7879314338661108,0.7263118560828484,24.0,17.642857142857142,195.0,20.577380091463816,1.4416642135217348,59.0,54.5,942,True,2.91729156686266e-07,HIGH_VOL,1.0,HIGH_VOL,1.0,22.021660649819495
1519_lower,1519,2023-11-24 10:30:00-05:00,2023-12-22 10:30:00-05:00,2023-11-30 15:48:00+00:00,2023-11-30,2023,lower,NQZ3,15888.614926757957,15888.614926757957,clean,2023-11-30 20:59:00+00:00,102.63507324204328,2023-11-30 15:59:00-05:00,311,-32.61492675795671,2023-11-30 13:31:00-05:00,163,True,False,92.38507324204328,311,11.63507324204329,-7.1149267579567095,0.1350732420432905,42.38507324204329,-7.1149267579567095,32.38507324204329,42.38507324204329,-7.1149267579567095,25.63507324204329,42.38507324204329,-7.1149267579567095,-3.8649267579567095,42.38507324204329,-16.36492675795671,-3.6149267579567095,42.38507324204329,-27.86492675795671,-5.1149267579567095,42.38507324204329,-27.86492675795671,15.13507324204329,42.38507324204329,-32.61492675795671,-20.86492675795671,102.63507324204328,-32.61492675795671,102.63507324204328,32.61492675795671,2023-11-30 10:48:00-05:00,72.75,80.25,105.0,152.0,195.0,36.642857142857146,30.625,26.517857142857142,20.25,8.231848141328744,7.269016585674888,5.928856518942914,16.520000457763672,0.0229102692243325,1.4477423557672733,1.422661438745299,1.3880626146699455,1.5873326038247095,1.531009699954767,1.467877751141415,1.5706096167826358,1.4916875853804084,1.5638856717405691,1.3477618163211158,1.320435218537636,1.154405558080644,1.4190715766426758,1.4190715766426758,1.3064922532568488,1.3918733606368783,1.3918733606368783,1.316257169464825,80.25,20.25,195.0,40.312063951130064,1.4190715766426758,58.75,58.0,1008,True,3.433393680747564e-06,HIGH_VOL,1.0,HIGH_VOL,1.0,92.80575539568345
1521_lower,1521,2023-11-28 10:30:00-05:00,2023-12-27 10:30:00-05:00,2023-12-04 14:24:00+00:00,2023-12-04,2023,lower,NQZ3,15854.352783397391,15854.352783397391,clean,2023-12-04 20:59:00+00:00,31.39721660260693,2023-12-04 15:50:00-05:00,386,-133.10278339739307,2023-12-04 10:53:00-05:00,89,True,False,16.89721660260693,395,10.647216602606932,-5.602783397393068,7.897216602606932,22.14721660260693,-18.35278339739307,5.147216602606932,22.14721660260693,-31.35278339739307,-1.6027833973930683,22.14721660260693,-31.35278339739307,-9.352783397393068,22.14721660260693,-92.35278339739308,-89.60278339739307,22.14721660260693,-133.10278339739307,-130.35278339739307,22.14721660260693,-133.10278339739307,-99.85278339739308,22.14721660260693,-133.10278339739307,-24.85278339739307,31.39721660260693,-133.10278339739307,31.39721660260693,133.10278339739307,2023-12-04 09:24:00-05:00,32.25,45.5,65.0,43.0,186.0,11.964285714285714,16.285714285714285,20.535714285714285,25.410714285714285,3.2715342991342578,3.0305995866828064,2.7611791122557023,16.209999084472656,-0.0305024072862546,1.8333802024746904,1.7125032834252691,1.8048307841373104,1.5830670926517572,1.3100234640933277,1.3735749679476073,1.3717015803013597,1.3461732669696314,1.3642311487992982,0.8102280494624993,0.972261576317948,0.931823054384335,0.8859288396209548,0.9834032102011958,0.8859288396209548,1.0712358647609208,1.0759606791778373,1.0588368794326242,45.5,25.410714285714285,186.0,34.00275724114149,0.9834032102011958,50.5,50.0,924,True,2.71725208827601e-07,HIGH_VOL,0.9999950223663189,HIGH_VOL,0.9999882933925391,20.78853046594982
1516_lower,1516,2023-11-21 10:30:00-05:00,2023-12-19 10:30:00-05:00,2023-12-04 14:51:00+00:00,2023-12-04,2023,lower,NQZ3,15825.81542559597,15825.81542559597,clean,2023-12-04 20:59:00+00:00,59.93457440402926,2023-12-04 15:50:00-05:00,359,-104.56542559597074,2023-12-04 10:53:00-05:00,62,True,False,45.43457440402926,368,31.934574404029263,6.934574404029263,22.934574404029263,45.18457440402926,1.684574404029263,28.184574404029263,45.18457440402926,-24.065425595970737,-23.565425595970737,45.18457440402926,-93.06542559597074,-89.56542559597074,45.18457440402926,-94.56542559597074,-86.31542559597074,45.18457440402926,-104.56542559597074,-76.31542559597074,45.18457440402926,-104.56542559597074,-18.315425595970737,45.18457440402926,-104.56542559597074,33.18457440402926,59.93457440402926,-104.56542559597074,59.93457440402926,104.56542559597074,2023-12-04 09:51:00-05:00,44.5,59.5,65.0,43.0,186.0,19.910714285714285,18.964285714285715,23.017857142857142,25.410714285714285,7.638122891364647,6.119574420841366,4.812732606424776,16.209999084472656,-0.0305024072862546,2.400243081525804,2.380877306871928,2.518565752685535,1.5830670926517572,1.3100234640933277,1.3735749679476073,1.3717015803013597,1.3461732669696314,1.3642311487992982,1.8182011331444758,2.0760957464014234,1.8976273190923203,0.8859288396209548,0.9834032102011958,0.8859288396209548,1.0712358647609208,1.0759606791778373,1.0588368794326242,59.5,25.410714285714285,186.0,38.88364051886089,0.9834032102011958,50.5,50.75,951,True,6.817391611514133e-07,HIGH_VOL,0.999999999999762,HIGH_VOL,0.9999999999992264,44.285714285714285
1523_lower,1523,2023-11-30 10:30:00-05:00,2023-12-29 10:30:00-05:00,2023-12-04 15:15:00+00:00,2023-12-04,2023,lower,NQZ3,15820.722394369506,15820.722394369506,clean,2023-12-04 20:59:00+00:00,65.02760563049378,2023-12-04 15:50:00-05:00,335,-99.47239436950622,2023-12-04 10:53:00-05:00,38,True,False,50.52760563049378,344,0.277605630493781,-17.22239436950622,-12.72239436950622,0.277605630493781,-73.97239436950622,-66.72239436950622,0.277605630493781,-88.47239436950622,-71.72239436950622,0.277605630493781,-99.47239436950622,-80.97239436950622,0.277605630493781,-99.47239436950622,-70.72239436950622,0.277605630493781,-99.47239436950622,-33.72239436950622,16.77760563049378,-99.47239436950622,16.02760563049378,48.27760563049378,-99.47239436950622,27.02760563049378,65.02760563049378,-99.47239436950622,65.02760563049378,99.47239436950622,2023-12-04 10:15:00-05:00,43.5,53.5,85.0,145.0,186.0,25.535714285714285,22.964285714285715,26.392857142857142,27.053571428571427,7.343274556505945,6.346254122648102,5.15704341657711,16.209999084472656,-0.0305024072862546,1.3311258278145697,1.290191680561909,1.3012806679416296,1.480839475785863,1.410552832753439,1.4463383757656356,1.4952362740576597,1.340736594197417,1.3745863666446063,1.1793069961289975,1.2083834321489282,1.1396191494076091,1.310895541416038,1.3240077959931404,1.2400833241969083,1.222877434430226,1.2355683207153447,1.1773437845976706,53.5,27.053571428571427,186.0,38.04426463251158,1.3240077959931404,55.25,54.25,975,True,7.792249699021787e-07,HIGH_VOL,0.9999999999996243,HIGH_VOL,0.9999999999967971,51.245551601423486
1524_lower,1524,2023-12-01 10:30:00-05:00,2024-01-02 10:30:00-05:00,2023-12-04 15:24:00+00:00,2023-12-04,2023,lower,NQZ3,15763.11166609792,15763.11166609792,clean,2023-12-04 20:59:00+00:00,122.63833390207948,2023-12-04 15:50:00-05:00,326,-41.86166609792053,2023-12-04 10:53:00-05:00,29,True,False,108.13833390207948,335,9.638333902079466,-16.361666097920534,-10.361666097920534,9.638333902079466,-30.861666097920534,-22.361666097920534,9.638333902079466,-41.86166609792053,-39.11166609792053,9.638333902079466,-41.86166609792053,-25.611666097920534,9.638333902079466,-41.86166609792053,-8.611666097920534,48.63833390207947,-41.86166609792053,40.63833390207947,78.38833390207947,-41.86166609792053,66.38833390207947,105.88833390207948,-41.86166609792053,67.88833390207947,122.63833390207948,-41.86166609792053,122.63833390207948,41.86166609792053,2023-12-04 10:24:00-05:00,43.5,53.5,85.0,145.0,186.0,26.107142857142858,22.964285714285715,26.392857142857142,27.053571428571427,7.609166955283532,6.61153930853223,5.389981957960352,16.209999084472656,-0.0305024072862546,1.3311258278145697,1.290191680561909,1.3012806679416296,1.480839475785863,1.410552832753439,1.4463383757656356,1.4952362740576597,1.340736594197417,1.3745863666446063,1.1793069961289975,1.2083834321489282,1.1396191494076091,1.310895541416038,1.3240077959931404,1.2400833241969083,1.222877434430226,1.2355683207153447,1.1773437845976706,53.5,27.053571428571427,186.0,38.04426463251158,1.3240077959931404,55.25,54.25,984,True,7.685359958713793e-07,HIGH_VOL,1.0,HIGH_VOL,1.0,50.35460992907801
1515_lower,1515,2023-11-20 10:30:00-05:00,2023-12-18 10:30:00-05:00,2023-12-04 15:28:00+00:00,2023-12-04,2023,lower,NQZ3,15747.922036739732,15747.922036739732,clean,2023-12-04 20:59:00+00:00,137.827963260268,2023-12-04 15:50:00-05:00,322,-26.672036739731997,2023-12-04 10:53:00-05:00,25,True,False,123.327963260268,331,15.577963260268008,-7.422036739731993,-6.172036739731993,15.577963260268008,-15.672036739731992,2.8279632602680067,15.577963260268008,-26.672036739731997,-12.422036739731992,15.577963260268008,-26.672036739731997,-6.172036739731993,20.577963260268007,-26.672036739731997,20.077963260268007,79.077963260268,-26.672036739731997,78.577963260268,103.577963260268,-26.672036739731997,93.827963260268,121.077963260268,-26.672036739731997,75.827963260268,137.827963260268,-26.672036739731997,137.827963260268,26.672036739731997,2023-12-04 10:28:00-05:00,43.5,53.5,85.0,145.0,186.0,27.375,22.964285714285715,26.392857142857142,27.053571428571427,7.656294278075521,6.690380293402275,5.470589784710472,16.209999084472656,-0.0305024072862546,1.3311258278145697,1.290191680561909,1.3012806679416296,1.480839475785863,1.410552832753439,1.4463383757656356,1.4952362740576597,1.340736594197417,1.3745863666446063,1.1793069961289975,1.2083834321489282,1.1396191494076091,1.310895541416038,1.3240077959931404,1.2400833241969083,1.222877434430226,1.2355683207153447,1.1773437845976706,53.5,27.053571428571427,186.0,38.04426463251158,1.3240077959931404,55.25,54.25,988,True,9.591502097005138e-07,HIGH_VOL,1.0,HIGH_VOL,1.0,58.303886925795055
1514_lower,1514,2023-11-17 10:30:00-05:00,2023-12-15 10:30:00-05:00,2023-12-04 15:53:00+00:00,2023-12-04,2023,lower,NQZ3,15722.395039554016,15722.395039554016,clean,2023-12-04 20:59:00+00:00,163.35496044598403,2023-12-04 15:50:00-05:00,297,0.8549604459840339,2023-12-04 10:54:00-05:00,1,True,False,148.85496044598403,306,16.854960445984034,0.8549604459840339,13.104960445984034,25.104960445984037,0.8549604459840339,16.604960445984034,38.104960445984034,0.8549604459840339,37.104960445984034,56.854960445984034,0.8549604459840339,55.104960445984034,89.35496044598403,0.8549604459840339,87.85496044598403,119.10496044598403,0.8549604459840339,109.10496044598403,141.85496044598403,0.8549604459840339,138.35496044598403,146.60496044598403,0.8549604459840339,109.60496044598403,163.35496044598403,0.8549604459840339,163.35496044598403,0.0,2023-12-04 10:53:00-05:00,31.25,124.25,85.0,145.0,186.0,29.803571428571427,30.071428571428573,28.821428571428573,27.053571428571427,7.0345770477394245,6.584970083481679,5.591707151208552,16.209999084472656,-0.0305024072862546,1.7054488660111309,1.550932223733696,1.550932223733696,1.480839475785863,1.410552832753439,1.4463383757656356,1.4952362740576597,1.340736594197417,1.3745863666446063,1.4692794602584998,1.4039840637450198,1.2584897084604896,1.310895541416038,1.3240077959931404,1.2400833241969083,1.222877434430226,1.2355683207153447,1.1773437845976706,124.25,27.053571428571427,186.0,57.97763577449498,1.3240077959931404,55.25,57.0,1013,True,1.066341481166385e-06,HIGH_VOL,1.0,HIGH_VOL,1.0,59.859154929577464
1525_upper,1525,2023-12-04 10:30:00-05:00,2024-01-03 10:30:00-05:00,2023-12-06 14:00:00+00:00,2023-12-06,2023,upper,NQZ3,16019.860859026963,16019.860859026963,clean,2023-12-06 20:59:00+00:00,217.86085902696504,2023-12-06 15:58:00-05:00,418,-17.889140973034955,2023-12-06 09:30:00-05:00,30,True,False,204.86085902696504,419,0.3608590269650449,-11.639140973034957,-2.639140973034955,0.3608590269650449,-11.639140973034957,-4.889140973034955,13.860859026965043,-17.889140973034955,10.360859026965043,83.61085902696504,-17.889140973034955,80.61085902696504,92.86085902696504,-17.889140973034955,86.86085902696504,144.11085902696504,-17.889140973034955,113.86085902696504,144.11085902696504,-17.889140973034955,80.61085902696504,156.36085902696504,-17.889140973034955,110.36085902696504,217.86085902696504,-17.889140973034955,217.86085902696504,17.889140973034955,2023-12-06 09:00:00-05:00,30.0,60.75,84.75,50.25,199.75,12.553571428571429,15.392857142857142,20.625,24.410714285714285,3.974892793424186,3.5314383345065443,3.109451590777289,16.989999771118164,-0.0127832263252692,2.968191610695729,3.0761754662463883,2.8768654424860283,1.8828924162257497,2.1169238904127696,1.838154269972452,1.4625900338086135,1.4030387422004442,1.3780686264326028,1.7963033974998082,1.746476772798449,1.6738369184592297,1.6159434914228052,1.5891240169689151,1.43161094224924,1.0663380130746973,1.1356502881926611,1.1290780141843972,60.75,24.410714285714285,199.75,38.50910142884592,1.5891240169689151,62.0,59.5,900,True,4.112755164152119e-07,HIGH_VOL,1.0,HIGH_VOL,0.9999975443741873,29.122807017543863
1526_upper,1526,2023-12-05 10:30:00-05:00,2024-01-04 10:30:00-05:00,2023-12-06 14:23:00+00:00,2023-12-06,2023,upper,NQZ3,16031.998355606553,16031.998355606553,clean,2023-12-06 20:59:00+00:00,229.99835560655265,2023-12-06 15:58:00-05:00,395,-5.75164439344735,2023-12-06 09:30:00-05:00,7,True,False,216.99835560655265,396,6.49835560655265,-5.00164439344735,5.74835560655265,89.99835560655265,-5.75164439344735,88.99835560655265,95.74835560655264,-5.75164439344735,72.99835560655265,116.99835560655264,-5.75164439344735,89.24835560655265,122.99835560655264,-5.75164439344735,118.49835560655264,156.24835560655265,-5.75164439344735,100.74835560655264,156.24835560655265,-5.75164439344735,121.49835560655264,168.49835560655265,-5.75164439344735,127.74835560655264,229.99835560655265,-5.75164439344735,229.99835560655265,5.75164439344735,2023-12-06 09:23:00-05:00,18.25,60.75,84.75,50.25,199.75,14.410714285714286,16.714285714285715,20.625,24.410714285714285,3.5850492432382817,3.400131874674015,3.086873486055444,16.989999771118164,-0.0127832263252692,2.968191610695729,3.0761754662463883,2.8768654424860283,1.8828924162257497,2.1169238904127696,1.838154269972452,1.4625900338086135,1.4030387422004442,1.3780686264326028,1.7963033974998082,1.746476772798449,1.6738369184592297,1.6159434914228052,1.5891240169689151,1.43161094224924,1.0663380130746973,1.1356502881926611,1.1290780141843972,60.75,24.410714285714285,199.75,38.50910142884592,1.5891240169689151,62.0,59.5,923,True,3.982804619074841e-07,HIGH_VOL,0.9984519417732179,MID_VOL,0.9834657513733561,28.671328671328673
1524_upper,1524,2023-12-01 10:30:00-05:00,2024-01-02 10:30:00-05:00,2023-12-08 15:11:00+00:00,2023-12-08,2023,upper,NQZ3,16085.76333390208,16085.76333390208,clean,2023-12-08 20:59:00+00:00,96.26333390207948,2023-12-08 12:15:00-05:00,124,-32.98666609792053,2023-12-08 14:52:00-05:00,281,False,True,-12.986666097920534,348,23.263333902079463,-18.486666097920534,-18.236666097920534,23.263333902079463,-27.736666097920534,-5.9866660979205335,65.51333390207947,-27.736666097920534,56.51333390207947,65.51333390207947,-27.736666097920534,-9.486666097920534,65.51333390207947,-27.736666097920534,11.513333902079466,75.76333390207947,-27.736666097920534,68.76333390207947,75.76333390207947,-27.736666097920534,63.26333390207947,96.26333390207948,-27.736666097920534,10.513333902079466,96.26333390207948,-32.98666609792053,96.26333390207948,32.98666609792053,2023-12-08 10:11:00-05:00,48.25,78.75,87.5,137.75,275.0,27.392857142857142,32.30357142857143,26.821428571428573,25.125,10.448630607798895,9.023657331738466,7.328109217850069,17.079999923706055,0.0029359503842976,0.985843628875969,0.9608080390739128,0.9352561386373266,1.073641290188109,1.0278099941387009,0.992844321836865,1.3519160868210611,1.312979409050335,1.2488104374520337,0.8782320173723042,0.8597251013375232,0.8486764073354796,0.9331740622063203,0.9181469289084215,0.9035960969191975,1.1975602800342222,1.1852445358984982,1.1671104655854112,78.75,25.125,275.0,44.481386556626134,0.9181469289084215,68.5,63.25,971,True,3.19285317449777e-06,HIGH_VOL,1.0,HIGH_VOL,1.0,92.33449477351915
1528_upper,1528,2023-12-07 10:30:00-05:00,2024-01-08 10:30:00-05:00,2023-12-08 15:24:00+00:00,2023-12-08,2023,upper,NQZ3,16111.463071266982,16111.463071266982,clean,2023-12-08 20:59:00+00:00,121.9630712669823,2023-12-08 12:15:00-05:00,111,-7.286928733017703,2023-12-08 14:52:00-05:00,268,False,True,12.713071266982295,335,25.463071266982297,-0.786928733017703,13.713071266982295,91.2130712669823,-0.786928733017703,83.7130712669823,91.2130712669823,-0.786928733017703,15.963071266982295,91.2130712669823,-0.786928733017703,37.4630712669823,91.2130712669823,-0.786928733017703,69.7130712669823,101.4630712669823,-0.786928733017703,80.7130712669823,121.9630712669823,-0.786928733017703,66.2130712669823,121.9630712669823,-0.786928733017703,36.4630712669823,121.9630712669823,-7.286928733017703,121.9630712669823,7.286928733017703,2023-12-08 10:24:00-05:00,91.0,78.75,87.5,137.75,275.0,30.428571428571427,34.857142857142854,26.821428571428573,25.125,9.612318045207008,8.741051675646842,7.289381360623499,17.079999923706055,0.0029359503842976,0.985843628875969,0.9608080390739128,0.9352561386373266,1.073641290188109,1.0278099941387009,0.992844321836865,1.3519160868210611,1.312979409050335,1.2488104374520337,0.8782320173723042,0.8597251013375232,0.8486764073354796,0.9331740622063203,0.9181469289084215,0.9035960969191975,1.1975602800342222,1.1852445358984982,1.1671104655854112,78.75,25.125,275.0,44.481386556626134,0.9181469289084215,68.5,63.25,984,True,2.951220009262945e-06,HIGH_VOL,1.0,HIGH_VOL,1.0,91.31944444444444
1522_upper,1522,2023-11-29 10:30:00-05:00,2023-12-28 10:30:00-05:00,2023-12-11 14:33:00+00:00,2023-12-11,2023,upper,NQH4,16326.546718839738,16326.546718839738,clean,2023-12-11 20:59:00+00:00,29.54671883973788,2023-12-11 09:35:00-05:00,2,-132.95328116026212,2023-12-11 14:13:00-05:00,280,False,True,-121.20328116026212,386,29.54671883973788,-24.70328116026212,-21.70328116026212,29.54671883973788,-48.20328116026212,-31.70328116026212,29.54671883973788,-52.95328116026212,-40.45328116026212,29.54671883973788,-60.95328116026212,-49.70328116026212,29.54671883973788,-60.95328116026212,-44.95328116026212,29.54671883973788,-86.20328116026212,-70.20328116026212,29.54671883973788,-86.20328116026212,-9.953281160262122,29.54671883973788,-86.20328116026212,-71.70328116026212,29.54671883973788,-132.95328116026212,29.54671883973788,132.95328116026212,2023-12-11 09:33:00-05:00,24.75,25.5,26.75,40.25,230.5,11.785714285714286,15.071428571428571,19.607142857142858,34.392857142857146,3.4701382459198347,3.1723309512462774,3.1163827688256607,15.9399995803833,-0.0667447510781601,0.8195391705069125,0.8246313641843642,0.8246313641843642,0.4817244085659827,0.4931703397612488,0.4931703397612488,0.6497527267800285,0.6762082701730885,0.6881928748250996,0.6250966608084358,0.5849615156897573,0.5885233966510027,0.4335519677093845,0.3627268889826931,0.36723791615026286,0.5505424487687274,0.5473377846259202,0.5505424487687274,25.5,34.392857142857146,230.5,29.61448728482155,0.3627268889826931,44.5,42.75,933,True,3.949020637314423e-07,HIGH_VOL,0.9991259795186687,HIGH_VOL,0.9983557937765768,28.373702422145332
1535_upper,1535,2023-12-18 10:30:00-05:00,2024-01-17 10:30:00-05:00,2023-12-19 15:31:00+00:00,2023-12-19,2023,upper,NQH4,16999.357653136416,16999.357653136416,clean,2023-12-19 20:59:00+00:00,34.10765313641605,2023-12-19 10:40:00-05:00,9,-28.142346863583956,2023-12-19 15:59:00-05:00,328,False,True,-21.642346863583956,328,15.607653136416047,-1.1423468635839529,9.857653136416047,34.10765313641605,-8.142346863583953,28.107653136416047,34.10765313641605,-8.142346863583953,9.857653136416047,34.10765313641605,-13.142346863583953,-6.142346863583953,34.10765313641605,-13.142346863583953,6.857653136416047,34.10765313641605,-13.142346863583953,21.607653136416047,34.10765313641605,-13.142346863583953,12.107653136416047,34.10765313641605,-13.142346863583953,9.107653136416047,34.10765313641605,-28.142346863583956,34.10765313641605,28.142346863583956,2023-12-19 10:31:00-05:00,16.25,43.5,51.0,51.0,171.75,21.464285714285715,20.25,18.535714285714285,16.982142857142858,5.5155766836226645,5.058365680162172,4.223986260932603,15.869999885559082,0.0258564713397446,1.036001018023646,1.0107674943566591,1.0107674943566591,1.0036345291736892,1.0246697530683555,1.0769685039370078,0.8952365582721429,0.9170830271858929,1.007125890736342,0.6867427379528235,0.741973702743233,0.7878419987683646,0.9688330086771737,1.011479908715371,0.9973453041506682,0.7670538348082596,0.8975581693236313,0.9091463664464788,43.5,16.982142857142858,171.75,27.179463097819177,1.011479908715371,47.75,48.0,991,True,2.995845401574097e-07,LOW_VOL,0.6956812765165951,LOW_VOL,0.5164474838456243,22.758620689655174
1542_lower,1542,2023-12-28 10:30:00-05:00,2024-01-26 10:30:00-05:00,2023-12-29 15:48:00+00:00,2023-12-29,2023,lower,NQH4,17003.61585585585,17003.61585585585,clean,2023-12-29 20:59:00+00:00,46.13414414415092,2023-12-29 15:10:00-05:00,262,-65.36585585584908,2023-12-29 11:32:00-05:00,44,True,False,15.384144144150923,311,19.384144144150923,0.3841441441509232,11.634144144150923,23.884144144150923,0.3841441441509232,20.134144144150923,23.884144144150923,-55.36585585584908,-30.86585585584908,23.884144144150923,-65.36585585584908,-55.36585585584908,23.884144144150923,-65.36585585584908,-32.11585585584908,23.884144144150923,-65.36585585584908,-36.61585585584908,23.884144144150923,-65.36585585584908,-22.36585585584908,28.384144144150923,-65.36585585584908,27.884144144150923,46.13414414415092,-65.36585585584908,46.13414414415092,65.36585585584908,2023-12-29 10:48:00-05:00,65.0,21.5,33.75,41.5,87.5,15.482142857142858,15.357142857142858,17.089285714285715,15.517857142857142,5.286207744961171,4.280577256097695,3.434394882130639,16.360000610351562,0.0086313996870395,0.6572094937577171,0.7657656217529613,0.5748227078008568,0.7715066174207449,0.6749408883989801,0.5114778350252512,0.8121462742236276,0.7295651540534634,0.528169162623919,0.5541750537932949,0.5249408258087139,0.4759794521228501,0.4944704040242143,0.46578015213982926,0.4694686199570401,0.46892322097378275,0.4560488093611984,0.46201463140123805,21.5,15.517857142857142,87.5,18.26564886806457,0.46578015213982926,21.25,26.25,1008,True,3.2001370723398117e-07,HIGH_VOL,1.0,HIGH_VOL,0.9999999999999984,24.054982817869416
2053_lower,2053,2025-12-23 10:30:00-05:00,2026-01-22 10:30:00-05:00,2026-01-02 15:57:00+00:00,2026-01-02,2026,lower,NQH6,25410.2779278674,25410.2779278674,clean,2026-01-02 20:59:00+00:00,46.72207213260117,2026-01-02 14:40:00-05:00,223,-145.02792786739883,2026-01-02 13:50:00-05:00,173,True,False,-24.77792786739883,302,-13.02792786739883,-77.27792786739883,-61.52792786739883,-13.02792786739883,-116.52792786739884,-79.27792786739883,-4.77792786739883,-116.52792786739884,-26.52792786739883,16.97207213260117,-116.52792786739884,-36.27792786739883,16.97207213260117,-116.52792786739884,-89.52792786739883,16.97207213260117,-116.52792786739884,-30.27792786739883,16.97207213260117,-116.52792786739884,-84.02792786739883,16.97207213260117,-145.02792786739883,-131.27792786739883,46.72207213260117,-145.02792786739883,46.72207213260117,145.02792786739883,2026-01-02 10:57:00-05:00,136.5,322.75,165.5,165.5,287.75,64.80357142857143,55.32142857142857,40.910714285714285,36.57142857142857,18.22013831758476,15.818500592432496,12.74023184581106,19.559999465942383,0.0321899038756718,2.6997476186599365,2.468438290903677,2.124615581752947,1.9395859738065064,1.780715964315864,1.3073089840118592,1.8486198652466852,1.7230167733571022,1.2575682528886885,1.6653358443188953,1.5958132820019248,1.4545893190042767,1.085267329486199,1.0701338232874458,0.99673064888957,1.046573151224314,1.033713737071742,0.9011352259062472,322.75,36.57142857142857,287.75,108.64358504499275,1.0701338232874458,74.5,73.0,1017,True,2.4631214617348125e-06,HIGH_VOL,1.0,HIGH_VOL,1.0,85.95890410958904
2058_lower,2058,2025-12-31 10:30:00-05:00,2026-01-29 10:30:00-05:00,2026-01-02 15:58:00+00:00,2026-01-02,2026,lower,NQH6,25385.539402438862,25385.539402438862,clean,2026-01-02 20:59:00+00:00,71.46059756113755,2026-01-02 14:40:00-05:00,222,-120.28940243886244,2026-01-02 13:50:00-05:00,172,True,False,-0.0394024388624529,301,0.710597561137547,-52.53940243886245,-26.539402438862453,0.710597561137547,-91.78940243886244,-30.539402438862453,20.460597561137547,-91.78940243886244,12.460597561137549,41.71059756113755,-91.78940243886244,-2.539402438862453,41.71059756113755,-91.78940243886244,-62.78940243886245,41.71059756113755,-91.78940243886244,-7.539402438862453,41.71059756113755,-91.78940243886244,-69.03940243886245,41.71059756113755,-120.28940243886244,-110.28940243886244,71.46059756113755,-120.28940243886244,71.46059756113755,120.28940243886244,2026-01-02 10:58:00-05:00,136.5,322.75,165.5,165.5,287.75,64.80357142857143,55.32142857142857,40.910714285714285,36.57142857142857,19.77353505324588,16.758400843594288,13.348167463035873,19.559999465942383,0.0321899038756718,2.6997476186599365,2.468438290903677,2.124615581752947,1.9395859738065064,1.780715964315864,1.3073089840118592,1.8486198652466852,1.7230167733571022,1.2575682528886885,1.6653358443188953,1.5958132820019248,1.4545893190042767,1.085267329486199,1.0701338232874458,0.99673064888957,1.046573151224314,1.033713737071742,0.9011352259062472,322.75,36.57142857142857,287.75,108.64358504499275,1.0701338232874458,74.5,73.0,1018,True,2.4631214617348125e-06,HIGH_VOL,1.0,HIGH_VOL,1.0,85.6655290102389
2052_upper,2052,2025-12-22 10:30:00-05:00,2026-01-21 10:30:00-05:00,2026-01-13 13:31:00+00:00,2026-01-13,2026,upper,NQH6,26021.232009355885,26021.232009355885,clean,2026-01-13 20:59:00+00:00,217.98200935588463,2026-01-13 15:34:00-05:00,423,-24.267990644115343,2026-01-13 08:32:00-05:00,1,True,False,117.48200935588466,448,19.232009355884657,-24.267990644115343,16.232009355884657,54.98200935588466,-24.267990644115343,42.48200935588466,76.98200935588466,-24.267990644115343,49.23200935588466,76.98200935588466,-24.267990644115343,51.48200935588466,90.48200935588466,-24.267990644115343,67.48200935588466,90.48200935588466,-24.267990644115343,68.23200935588466,209.23200935588463,-24.267990644115343,188.73200935588463,211.98200935588463,-24.267990644115343,92.98200935588466,217.98200935588463,-24.267990644115343,217.98200935588463,24.267990644115343,2026-01-13 08:31:00-05:00,25.0,25.0,30.5,48.25,387.75,10.392857142857142,19.946428571428573,26.0,34.017857142857146,14.456469257495932,10.520792461735956,7.800880679239957,19.530000686645508,0.0246590364046417,1.2727272727272727,1.8578199052132705,1.6594543744120414,1.2417061611374407,1.8902601101196128,1.288969445882962,1.2378272251308902,1.9714404836356056,1.53125,1.0400943396226414,0.962882096069869,0.96,1.0179959100204499,1.0011060834590246,0.9847675568743818,1.1822727840980123,1.1268394399761692,1.0604395604395604,25.0,34.017857142857146,387.75,29.162414656050494,1.0011060834590246,93.5,73.25,871,True,1.0233722224684738e-07,LOW_VOL,0.928568474433032,MID_VOL,0.953372469598116,3.4013605442176873
2066_lower,2066,2026-01-13 10:30:00-05:00,2026-02-10 10:30:00-05:00,2026-01-14 14:59:00+00:00,2026-01-14,2026,lower,NQH6,25582.086025672208,25582.086025672208,clean,2026-01-14 20:59:00+00:00,111.41397432779196,2026-01-14 10:18:00-05:00,19,-161.33602567220805,2026-01-14 13:38:00-05:00,219,False,True,54.41397432779195,360,5.413974327791948,-51.58602567220805,-24.33602567220805,93.91397432779196,-51.58602567220805,91.66397432779196,111.41397432779196,-51.58602567220805,30.913974327791948,111.41397432779196,-51.58602567220805,-23.83602567220805,111.41397432779196,-112.58602567220804,-90.08602567220804,111.41397432779196,-112.58602567220804,-3.336025672208052,111.41397432779196,-142.08602567220805,-121.83602567220804,111.41397432779196,-148.83602567220805,-132.33602567220805,111.41397432779196,-161.33602567220805,111.41397432779196,161.33602567220805,2026-01-14 09:59:00-05:00,169.5,39.25,73.0,83.25,242.25,42.392857142857146,32.30357142857143,42.60714285714285,47.07142857142857,16.131772434055986,13.252172434575666,10.514117040092753,20.049999237060547,0.0266256288854414,1.3365254923118424,1.7471568368156571,1.4859413661243157,1.776608325449385,2.1626718491326566,2.1073081778650584,1.892611576447056,2.451262953367876,2.3263926238955053,1.151004762457893,1.096128318584071,1.0735063106007259,1.5420858140012317,1.5080305159606504,1.5330373998673401,1.892611576447056,1.8038725052129878,1.6965316299658206,39.25,47.07142857142857,242.25,42.98317777257251,1.5080305159606504,71.75,63.75,959,True,3.1515424227856364e-06,HIGH_VOL,1.0,HIGH_VOL,1.0,92.20338983050847
2062_lower,2062,2026-01-07 10:30:00-05:00,2026-02-04 10:30:00-05:00,2026-01-14 15:00:00+00:00,2026-01-14,2026,lower,NQH6,25543.814377771352,25543.814377771352,clean,2026-01-14 20:59:00+00:00,149.68562222864784,2026-01-14 10:18:00-05:00,18,-123.06437777135216,2026-01-14 13:38:00-05:00,218,False,True,92.68562222864784,359,37.43562222864784,-7.814377771352156,34.685622228647844,148.68562222864784,-7.814377771352156,130.43562222864784,149.68562222864784,-7.814377771352156,40.18562222864784,149.68562222864784,-7.814377771352156,5.935622228647844,149.68562222864784,-74.31437777135216,-40.81437777135216,149.68562222864784,-74.31437777135216,41.18562222864784,149.68562222864784,-103.81437777135216,-76.81437777135216,149.68562222864784,-110.56437777135216,-86.56437777135216,149.68562222864784,-123.06437777135216,149.68562222864784,123.06437777135216,2026-01-14 10:00:00-05:00,92.5,208.25,208.25,223.5,242.25,44.642857142857146,42.392857142857146,44.160714285714285,50.33928571428572,16.062479878627517,13.246512567608692,10.528354398597012,20.049999237060547,0.0266256288854414,1.5836378538984324,1.957800295545704,1.7665961864487494,1.522161424737162,1.9352770943506497,1.705234480123594,1.5224079488705462,1.9128378103791603,1.6877214118726962,1.3753058591490812,1.361595607235142,1.361595607235142,1.349911890797191,1.31031401582844,1.31031401582844,1.4127767372616817,1.3178300650666905,1.2571364471603779,208.25,50.33928571428572,242.25,102.38728558761582,1.31031401582844,68.75,68.0,960,True,2.920512817986671e-06,HIGH_VOL,1.0,HIGH_VOL,1.0,90.54054054054053
2065_lower,2065,2026-01-12 10:30:00-05:00,2026-02-09 10:30:00-05:00,2026-01-14 15:51:00+00:00,2026-01-14,2026,lower,NQH6,25472.4207777887,25472.4207777887,clean,2026-01-14 20:59:00+00:00,171.82922221130138,2026-01-14 15:59:00-05:00,308,-51.670777788698615,2026-01-14 13:38:00-05:00,167,True,False,164.07922221130138,308,41.579222211301385,0.3292222113013849,20.829222211301385,64.07922221130138,0.3292222113013849,32.579222211301385,64.07922221130138,0.3292222113013849,61.579222211301385,119.82922221130138,0.3292222113013849,57.079222211301385,119.82922221130138,-31.17077778869861,-27.92077778869861,119.82922221130138,-36.920777788698615,-25.17077778869861,119.82922221130138,-36.920777788698615,-26.42077778869861,119.82922221130138,-51.670777788698615,27.829222211301385,171.82922221130138,-51.670777788698615,171.82922221130138,51.670777788698615,2026-01-14 10:51:00-05:00,85.5,163.0,208.25,223.5,242.25,63.660714285714285,59.82142857142857,57.85714285714285,50.33928571428572,16.660226856392832,15.1766151703151,12.671695046044787,20.049999237060547,0.0266256288854414,1.7592344109977467,2.342779117007468,2.052002893971385,1.522161424737162,1.9352770943506497,1.705234480123594,1.5224079488705462,1.9128378103791603,1.6877214118726962,1.7448336472065287,1.6897394433839532,1.6234755385262372,1.349911890797191,1.31031401582844,1.31031401582844,1.4127767372616817,1.3178300650666905,1.2571364471603779,163.0,50.33928571428572,242.25,90.58313072216356,1.31031401582844,68.75,67.0,1011,True,2.83879029758857e-06,HIGH_VOL,1.0,HIGH_VOL,1.0,89.8989898989899
2068_lower,2068,2026-01-15 10:30:00-05:00,2026-02-12 10:30:00-05:00,2026-01-16 15:36:00+00:00,2026-01-16,2026,lower,NQH6,25629.313156713768,25629.313156713768,clean,2026-01-16 20:59:00+00:00,123.43684328623203,2026-01-16 11:45:00-05:00,69,-37.81315671376797,2026-01-16 10:42:00-05:00,6,True,False,55.18684328623203,323,21.436843286232037,-24.313156713767967,-22.813156713767967,21.436843286232037,-37.81315671376797,1.6868432862320333,62.93684328623203,-37.81315671376797,49.68684328623203,87.93684328623203,-37.81315671376797,86.68684328623203,108.68684328623203,-37.81315671376797,102.18684328623203,123.43684328623203,-37.81315671376797,78.18684328623203,123.43684328623203,-37.81315671376797,81.43684328623203,123.43684328623203,-37.81315671376797,91.18684328623203,123.43684328623203,-37.81315671376797,123.43684328623203,37.81315671376797,2026-01-16 10:36:00-05:00,65.75,101.75,164.75,164.75,390.25,47.23214285714285,39.23214285714285,43.58928571428572,34.410714285714285,11.873693924061357,9.966533401159312,7.981803923578804,20.200000762939453,-0.0362594634890139,1.4029716343989194,1.562775146280301,1.6562966025366546,0.9854515509195718,1.2403485053327326,1.2630403524336893,0.9920240348119874,1.2010536807632066,1.2010536807632066,1.4029716343989194,1.3560436637936244,1.3119693106593997,0.9854515509195718,0.9779120033161603,1.0167341862555566,0.9920240348119874,0.9912503739156446,0.987894210089223,101.75,34.410714285714285,390.25,59.17170082540664,0.9779120033161603,93.5,79.25,996,True,1.7652124223272895e-06,HIGH_VOL,1.0,HIGH_VOL,1.0,78.18791946308725
2062_upper,2062,2026-01-07 10:30:00-05:00,2026-02-04 10:30:00-05:00,2026-01-27 15:10:00+00:00,2026-01-27,2026,upper,NQH6,26072.435622228648,26072.435622228648,clean,2026-01-27 20:59:00+00:00,34.435622228647844,2026-01-27 10:25:00-05:00,15,-41.81437777135216,2026-01-27 15:18:00-05:00,308,False,True,-3.564377771352156,349,21.685622228647844,1.4356222286478442,11.185622228647844,34.435622228647844,-2.314377771352156,26.685622228647844,34.435622228647844,-18.81437777135216,-11.564377771352156,34.435622228647844,-26.06437777135216,1.4356222286478442,34.435622228647844,-26.81437777135216,-24.81437777135216,34.435622228647844,-34.31437777135216,-23.06437777135216,34.435622228647844,-34.31437777135216,-2.564377771352156,34.435622228647844,-34.31437777135216,22.435622228647844,34.435622228647844,-41.81437777135216,34.435622228647844,41.81437777135216,2026-01-27 10:10:00-05:00,99.5,140.75,140.75,140.75,571.25,28.392857142857142,26.178571428571427,26.535714285714285,35.44642857142857,9.55850838395008,7.807551837258885,6.2378973610292965,20.43000030517578,0.0029454817609444,1.081585530113527,1.1407051257034475,1.2535574902431703,0.994344192806104,1.074266947544716,1.223108608373742,0.977474807350326,1.041101079613612,1.1739997152214154,0.9692793378344321,0.9775717563328182,1.0211859077378873,0.9538320341089954,0.9723811215728075,0.9870581092697119,0.8354981944137372,0.9689222682791334,0.9689222682791334,140.75,35.44642857142857,571.25,70.63345398200892,0.9723811215728075,128.0,99.5,970,True,7.279095871768152e-07,HIGH_VOL,1.0,HIGH_VOL,1.0,47.15719063545151
2067_upper,2067,2026-01-14 10:30:00-05:00,2026-02-11 10:30:00-05:00,2026-01-27 15:36:00+00:00,2026-01-27,2026,upper,NQH6,26082.31317605477,26082.31317605477,clean,2026-01-27 20:59:00+00:00,44.31317605476579,2026-01-27 13:02:00-05:00,146,-31.93682394523421,2026-01-27 15:18:00-05:00,282,False,True,6.313176054765791,323,6.063176054765791,-8.93682394523421,-3.186823945234209,11.56317605476579,-16.18682394523421,6.063176054765791,18.81317605476579,-16.18682394523421,-10.18682394523421,18.81317605476579,-24.43682394523421,-18.68682394523421,18.81317605476579,-24.43682394523421,-7.9368239452342095,18.81317605476579,-24.43682394523421,9.81317605476579,32.06317605476579,-24.43682394523421,7.5631760547657905,44.31317605476579,-24.43682394523421,-5.1868239452342095,44.31317605476579,-31.93682394523421,44.31317605476579,31.93682394523421,2026-01-27 10:36:00-05:00,36.75,53.25,140.75,140.75,571.25,33.232142857142854,33.660714285714285,34.82142857142857,35.44642857142857,8.191951700165433,7.401711499901577,6.215601914975724,20.43000030517578,0.0029454817609444,0.9821549687770424,1.0151447392276545,1.0651346826966976,0.994344192806104,1.074266947544716,1.223108608373742,0.977474807350326,1.041101079613612,1.1739997152214154,0.8247378137397384,0.9106068326954561,0.9364672301139532,0.9538320341089954,0.9723811215728075,0.9870581092697119,0.8354981944137372,0.9689222682791334,0.9689222682791334,53.25,35.44642857142857,571.25,43.44562488247316,0.9723811215728075,128.0,94.25,996,True,4.6644696916231916e-07,HIGH_VOL,0.9999648348885003,HIGH_VOL,0.9997069500077566,31.666666666666664
2077_lower,2077,2026-01-28 10:30:00-05:00,2026-02-25 10:30:00-05:00,2026-01-29 14:42:00+00:00,2026-01-29,2026,lower,NQH6,25984.096228371414,25984.096228371414,clean,2026-01-29 20:59:00+00:00,35.903771628582035,2026-01-29 15:58:00-05:00,376,-448.096228371418,2026-01-29 10:55:00-05:00,73,True,False,7.403771628582035,377,27.653771628582035,-73.59622837141796,-11.096228371417965,27.653771628582035,-83.84622837141796,-74.34622837141796,27.653771628582035,-230.846228371418,-196.096228371418,27.653771628582035,-265.846228371418,-221.346228371418,27.653771628582035,-364.096228371418,-353.596228371418,27.653771628582035,-448.096228371418,-360.596228371418,27.653771628582035,-448.096228371418,-266.596228371418,27.653771628582035,-448.096228371418,-159.59622837141796,35.903771628582035,-448.096228371418,35.903771628582035,448.096228371418,2026-01-29 09:42:00-05:00,29.0,64.75,53.0,65.25,355.75,24.535714285714285,29.5,38.44642857142857,58.017857142857146,9.73527563659645,7.781190422601028,6.485207467222515,20.3700008392334,-0.008759046448164,1.1471314003701418,1.162671946644435,1.2629612859406838,0.8919447978858764,0.8920321064996085,0.9938924637365034,1.0596517789553368,1.2403526649240175,1.510276743809678,1.1259461095973358,1.1383532292623202,1.162671946644435,0.8165770609318996,0.8806532663316583,0.8623202119606359,1.0596517789553368,1.2403526649240175,1.4823678915598857,64.75,58.017857142857146,355.75,61.291567527678716,0.8806532663316583,83.75,71.5,942,True,5.614874356071207e-07,HIGH_VOL,1.0,HIGH_VOL,1.0,38.205980066445186
2076_lower,2076,2026-01-27 10:30:00-05:00,2026-02-24 10:30:00-05:00,2026-01-29 15:36:00+00:00,2026-01-29,2026,lower,NQH6,25678.006280754824,25678.006280754824,clean,2026-01-29 20:59:00+00:00,341.9937192451762,2026-01-29 15:58:00-05:00,322,-142.00628075482382,2026-01-29 10:55:00-05:00,19,True,False,313.4937192451762,323,18.49371924517618,-48.50628075482382,-39.00628075482382,18.49371924517618,-120.75628075482382,-118.25628075482382,18.49371924517618,-142.00628075482382,-110.75628075482382,34.74371924517618,-142.00628075482382,28.24371924517618,36.24371924517618,-142.00628075482382,-2.25628075482382,85.99371924517618,-142.00628075482382,60.49371924517618,186.74371924517615,-142.00628075482382,185.99371924517615,200.74371924517615,-142.00628075482382,170.74371924517618,341.9937192451762,-142.00628075482382,341.9937192451762,142.00628075482382,2026-01-29 10:36:00-05:00,102.5,150.0,338.75,345.5,355.75,78.75,61.035714285714285,61.535714285714285,52.08928571428572,18.005585309925838,15.434313028795918,12.370837678987076,20.3700008392334,-0.008759046448164,2.169857598704577,2.223222563802274,2.295470576380492,1.5158836566612854,1.4278884256783315,1.5455927687650826,1.4318037993576196,1.3748093966041066,1.4517993886013498,1.7895636120821714,1.9758871553565427,2.131435521976094,1.287242817477375,1.3122757150470776,1.3457215208321947,1.1046779423686344,1.281088415024999,1.2872217093540008,150.0,52.08928571428572,355.75,88.39339826674195,1.3122757150470776,94.5,82.5,996,True,3.1601370443030986e-06,HIGH_VOL,1.0,HIGH_VOL,1.0,92.3841059602649
2080_lower,2080,2026-02-02 10:30:00-05:00,2026-03-02 10:30:00-05:00,2026-02-04 15:01:00+00:00,2026-02-04,2026,lower,NQH6,25144.154549493003,25144.154549493003,clean,2026-02-04 20:59:00+00:00,160.8454505069967,2026-02-04 10:26:00-05:00,25,-360.6545494930033,2026-02-04 12:50:00-05:00,169,False,True,-149.6545494930033,358,52.34545050699671,-36.15454949300329,11.595450506996713,116.34545050699673,-36.15454949300329,66.59545050699671,160.8454505069967,-36.15454949300329,64.34545050699671,160.8454505069967,-36.15454949300329,40.59545050699671,160.8454505069967,-36.15454949300329,-26.154549493003287,160.8454505069967,-102.65454949300327,-45.15454949300329,160.8454505069967,-216.1545494930033,-111.15454949300327,160.8454505069967,-360.6545494930033,-301.6545494930033,160.8454505069967,-360.6545494930033,160.8454505069967,360.6545494930033,2026-02-04 10:01:00-05:00,185.75,204.0,204.0,232.0,808.75,56.94642857142857,49.33928571428572,56.910714285714285,65.5,23.962619377110663,19.020800198691965,14.75117847985802,23.450000762939453,0.1045690658771099,1.1699259644465123,1.3073964474418676,1.1671945824913983,1.181187045540358,1.2497535390503682,1.1684568812313625,1.22834775897238,1.2772433876385816,1.1958715300886666,1.1129626495515081,1.1355892803772456,1.1671945824913985,1.058595583499798,1.0915649903201117,1.1684568812313625,1.0684486131890896,1.0542527821939587,1.1958715300886666,204.0,65.5,808.75,115.59411749738825,1.0915649903201117,176.75,126.75,961,True,1.9936446652488375e-06,HIGH_VOL,1.0,HIGH_VOL,1.0,81.84818481848185
2090_upper,2090,2026-02-16 10:30:00-05:00,2026-03-16 10:30:00-04:00,2026-02-18 15:17:00+00:00,2026-02-18,2026,upper,NQH6,25073.84211892498,25073.84211892498,clean,2026-02-18 20:59:00+00:00,217.8421189249784,2026-02-18 15:16:00-05:00,299,-54.40788107502158,2026-02-18 12:07:00-05:00,110,True,False,116.34211892497842,342,41.09211892497842,0.842118924978422,9.092118924978422,48.09211892497842,0.842118924978422,43.09211892497842,52.34211892497842,-7.407881075021578,-0.907881075021578,52.34211892497842,-25.907881075021574,-17.157881075021578,52.34211892497842,-41.90788107502158,-20.157881075021574,52.34211892497842,-43.40788107502158,-32.40788107502158,52.34211892497842,-54.40788107502158,-20.157881075021574,52.34211892497842,-54.40788107502158,-15.657881075021578,217.8421189249784,-54.40788107502158,217.8421189249784,54.40788107502158,2026-02-18 10:17:00-05:00,112.0,206.5,206.5,206.5,440.5,53.80357142857143,57.71428571428572,43.892857142857146,54.25,15.679660621011084,13.515820644579575,11.028875532157096,25.979999542236328,-0.01478958227475,1.218617712393646,1.2031698300595894,1.2190094194594292,1.1254447241823575,1.1333349203704144,1.1800149955694907,1.0802394145011704,1.094585668534828,1.188376034943608,1.0659814728814803,1.1339998439897032,1.1461741632830056,1.039351169619369,1.0533792081070017,1.0533792081070017,1.0214333744256416,1.0350045423574836,1.0144415382046859,206.5,54.25,440.5,105.84245367526208,1.0533792081070017,105.75,89.75,977,True,2.747774368026882e-06,HIGH_VOL,1.0,HIGH_VOL,1.0,89.14473684210526
2091_upper,2091,2026-02-17 10:30:00-05:00,2026-03-17 10:30:00-04:00,2026-02-25 13:55:00+00:00,2026-02-25,2026,upper,NQH6,25154.51755998832,25154.51755998832,clean,2026-02-25 20:59:00+00:00,24.76755998831868,2026-02-25 09:19:00-05:00,24,-241.9824400116813,2026-02-25 15:50:00-05:00,415,False,True,-229.9824400116813,424,5.2675599883186806,-11.23244001168132,1.7675599883186806,9.51755998831868,-22.98244001168132,-21.73244001168132,24.76755998831868,-22.98244001168132,5.0175599883186806,24.76755998831868,-109.98244001168132,-102.23244001168132,24.76755998831868,-193.9824400116813,-179.73244001168132,24.76755998831868,-207.2324400116813,-159.23244001168132,24.76755998831868,-207.2324400116813,-115.73244001168132,24.76755998831868,-207.2324400116813,-164.23244001168132,24.76755998831868,-241.9824400116813,24.76755998831868,241.9824400116813,2026-02-25 08:55:00-05:00,20.5,21.5,45.0,81.5,384.25,11.785714285714286,21.178571428571427,28.946428571428573,47.0,3.420095513479643,3.5547783395333195,3.7266301927955774,24.81999969482422,-0.0584218846687956,0.7182468694096601,0.7162448433493143,0.7412022614514826,1.10519967837041,1.0813610437291026,1.1248721271226898,0.9501758060896236,0.935375777884155,0.9431552370697656,0.5800975257359581,0.663430754931323,0.663430754931323,0.9438086518654154,0.9225348173835226,0.9838940586972083,0.9116422624174562,0.8680586406041759,0.8959193030719853,21.5,47.0,384.25,31.788362650504666,0.9225348173835226,90.5,70.75,895,True,1.2774170417233618e-07,LOW_VOL,0.9997974609399795,LOW_VOL,0.6240912993345882,7.868852459016394
2093_upper,2093,2026-02-19 10:30:00-05:00,2026-03-19 10:30:00-04:00,2026-02-25 14:31:00+00:00,2026-02-25,2026,upper,NQH6,25220.16814706997,25220.16814706997,clean,2026-02-25 20:59:00+00:00,11.668147069965926,2026-02-25 09:33:00-05:00,2,-176.33185293003407,2026-02-25 15:50:00-05:00,379,False,True,-164.33185293003407,388,11.668147069965926,-27.831852930034074,-24.581852930034074,11.668147069965926,-92.33185293003407,-90.58185293003407,11.668147069965926,-141.58185293003407,-125.08185293003407,11.668147069965926,-141.58185293003407,-71.83185293003407,11.668147069965926,-141.58185293003407,-108.58185293003407,11.668147069965926,-141.58185293003407,-79.33185293003407,11.668147069965926,-141.58185293003407,-93.83185293003407,11.668147069965926,-141.58185293003407,-102.08185293003407,11.668147069965926,-176.33185293003407,11.668147069965926,176.33185293003407,2026-02-25 09:31:00-05:00,34.5,47.75,42.0,81.5,384.25,16.035714285714285,23.142857142857142,29.982142857142858,47.75,8.859183662074637,6.859881955528311,5.591096295987835,24.81999969482422,-0.0584218846687956,1.7557442557442555,1.7508249797646471,1.583600833474123,0.6216216216216216,0.6529312310777337,0.7305763308402992,0.9501758060896236,0.935375777884155,0.9431552370697656,1.5330934467342712,1.430242612278114,1.4212787465251453,0.5755580202412311,0.5896179519954552,0.5896179519954552,0.9116422624174562,0.8680586406041759,0.8959193030719853,47.75,47.75,384.25,47.75,0.5896179519954552,79.0,66.5,931,True,1.9716080191267312e-07,LOW_VOL,0.9919736368014255,MID_VOL,0.7710575035301852,13.071895424836603
2089_upper,2089,2026-02-13 10:30:00-05:00,2026-03-13 10:30:00-04:00,2026-02-25 14:31:00+00:00,2026-02-25,2026,upper,NQH6,25224.132890528406,25224.132890528406,clean,2026-02-25 20:59:00+00:00,15.632890528406278,2026-02-25 09:33:00-05:00,2,-172.36710947159372,2026-02-25 15:50:00-05:00,379,False,True,-160.36710947159372,388,15.632890528406278,-23.86710947159372,-20.61710947159372,15.632890528406278,-88.36710947159372,-86.61710947159372,15.632890528406278,-137.61710947159372,-121.11710947159372,15.632890528406278,-137.61710947159372,-67.86710947159372,15.632890528406278,-137.61710947159372,-104.61710947159372,15.632890528406278,-137.61710947159372,-75.36710947159372,15.632890528406278,-137.61710947159372,-89.86710947159372,15.632890528406278,-137.61710947159372,-98.11710947159372,15.632890528406278,-172.36710947159372,15.632890528406278,172.36710947159372,2026-02-25 09:31:00-05:00,34.5,47.75,42.0,81.5,384.25,16.035714285714285,23.142857142857142,29.982142857142858,47.75,8.859183662074637,6.859881955528311,5.591096295987835,24.81999969482422,-0.0584218846687956,1.7557442557442555,1.7508249797646471,1.583600833474123,0.6216216216216216,0.6529312310777337,0.7305763308402992,0.9501758060896236,0.935375777884155,0.9431552370697656,1.5330934467342712,1.430242612278114,1.4212787465251453,0.5755580202412311,0.5896179519954552,0.5896179519954552,0.9116422624174562,0.8680586406041759,0.8959193030719853,47.75,47.75,384.25,47.75,0.5896179519954552,79.0,66.5,931,True,1.9716080191267312e-07,LOW_VOL,0.9919736368014255,MID_VOL,0.7710575035301852,13.029315960912053
2096_upper,2096,2026-02-24 10:30:00-05:00,2026-03-24 10:30:00-04:00,2026-02-25 14:47:00+00:00,2026-02-25,2026,upper,NQH6,25317.93310463668,25317.93310463668,clean,2026-02-25 20:59:00+00:00,53.43310463667876,2026-02-25 10:55:00-05:00,68,-78.56689536332124,2026-02-25 15:50:00-05:00,363,False,True,-66.56689536332124,372,13.933104636678763,-30.56689536332124,-8.066895363321237,14.933104636678763,-43.81689536332124,-26.81689536332124,32.68310463667876,-43.81689536332124,12.933104636678763,35.18310463667876,-43.81689536332124,-19.31689536332124,35.18310463667876,-43.81689536332124,13.183104636678763,53.43310463667876,-43.81689536332124,28.933104636678763,53.43310463667876,-43.81689536332124,-2.316895363321237,53.43310463667876,-43.81689536332124,-25.81689536332124,53.43310463667876,-78.56689536332124,53.43310463667876,78.56689536332124,2026-02-25 09:47:00-05:00,122.25,47.75,42.0,81.5,384.25,24.321428571428573,24.107142857142858,29.982142857142858,47.75,10.82470979410411,8.543506462434753,6.789235164763987,24.81999969482422,-0.0584218846687956,1.7557442557442555,1.7508249797646471,1.583600833474123,0.6216216216216216,0.6529312310777337,0.7305763308402992,0.9501758060896236,0.935375777884155,0.9431552370697656,1.5330934467342712,1.430242612278114,1.4212787465251453,0.5755580202412311,0.5896179519954552,0.5896179519954552,0.9116422624174562,0.8680586406041759,0.8959193030719853,47.75,47.75,384.25,47.75,0.5896179519954552,79.0,66.5,947,True,7.901089223588724e-07,HIGH_VOL,1.0,HIGH_VOL,1.0,51.298701298701296
2094_upper,2094,2026-02-20 10:30:00-05:00,2026-03-20 10:30:00-04:00,2026-02-25 14:51:00+00:00,2026-02-25,2026,upper,NQH6,25335.12052777034,25335.12052777034,clean,2026-02-25 20:59:00+00:00,70.62052777034114,2026-02-25 10:55:00-05:00,64,-61.37947222965886,2026-02-25 15:50:00-05:00,359,False,True,-49.37947222965886,368,18.87052777034114,-7.629472229658859,12.12052777034114,32.12052777034114,-26.62947222965886,14.12052777034114,52.37052777034114,-26.62947222965886,35.12052777034114,52.37052777034114,-26.62947222965886,35.62052777034114,52.37052777034114,-26.62947222965886,37.87052777034114,70.62052777034114,-26.62947222965886,46.62052777034114,70.62052777034114,-26.62947222965886,9.37052777034114,70.62052777034114,-26.62947222965886,-8.379472229658859,70.62052777034114,-61.37947222965886,70.62052777034114,61.37947222965886,2026-02-25 09:51:00-05:00,122.25,47.75,42.0,81.5,384.25,26.125,24.107142857142858,29.982142857142858,47.75,10.494139624346648,8.449097450676616,6.77481452087013,24.81999969482422,-0.0584218846687956,1.7557442557442555,1.7508249797646471,1.583600833474123,0.6216216216216216,0.6529312310777337,0.7305763308402992,0.9501758060896236,0.935375777884155,0.9431552370697656,1.5330934467342712,1.430242612278114,1.4212787465251453,0.5755580202412311,0.5896179519954552,0.5896179519954552,0.9116422624174562,0.8680586406041759,0.8959193030719853,47.75,47.75,384.25,47.75,0.5896179519954552,79.0,66.5,951,True,8.060485416060785e-07,HIGH_VOL,1.0,HIGH_VOL,1.0,51.7799352750809
2095_upper,2095,2026-02-23 10:30:00-05:00,2026-03-23 10:30:00-04:00,2026-02-25 14:51:00+00:00,2026-02-25,2026,upper,NQH6,25332.81038718617,25332.81038718617,clean,2026-02-25 20:59:00+00:00,68.31038718617492,2026-02-25 10:55:00-05:00,64,-63.68961281382508,2026-02-25 15:50:00-05:00,359,False,True,-51.68961281382508,368,16.56038718617492,-9.93961281382508,9.81038718617492,29.81038718617492,-28.93961281382508,11.81038718617492,50.06038718617492,-28.93961281382508,32.81038718617492,50.06038718617492,-28.93961281382508,33.31038718617492,50.06038718617492,-28.93961281382508,35.56038718617492,68.31038718617492,-28.93961281382508,44.31038718617492,68.31038718617492,-28.93961281382508,7.060387186174921,68.31038718617492,-28.93961281382508,-10.68961281382508,68.31038718617492,-63.68961281382508,68.31038718617492,63.68961281382508,2026-02-25 09:51:00-05:00,122.25,47.75,42.0,81.5,384.25,26.125,24.107142857142858,29.982142857142858,47.75,10.494139624346648,8.449097450676616,6.77481452087013,24.81999969482422,-0.0584218846687956,1.7557442557442555,1.7508249797646471,1.583600833474123,0.6216216216216216,0.6529312310777337,0.7305763308402992,0.9501758060896236,0.935375777884155,0.9431552370697656,1.5330934467342712,1.430242612278114,1.4212787465251453,0.5755580202412311,0.5896179519954552,0.5896179519954552,0.9116422624174562,0.8680586406041759,0.8959193030719853,47.75,47.75,384.25,47.75,0.5896179519954552,79.0,66.5,951,True,8.060485416060785e-07,HIGH_VOL,1.0,HIGH_VOL,1.0,51.61290322580645
2092_upper,2092,2026-02-18 10:30:00-05:00,2026-03-18 10:30:00-04:00,2026-02-25 14:51:00+00:00,2026-02-25,2026,upper,NQH6,25340.76802389252,25340.76802389252,clean,2026-02-25 20:59:00+00:00,76.26802389252043,2026-02-25 10:55:00-05:00,64,-55.73197610747957,2026-02-25 15:50:00-05:00,359,False,True,-43.73197610747957,368,24.518023892520432,-1.981976107479568,17.768023892520432,37.76802389252043,-20.981976107479568,19.768023892520432,58.01802389252043,-20.981976107479568,40.76802389252043,58.01802389252043,-20.981976107479568,41.26802389252043,58.01802389252043,-20.981976107479568,43.51802389252043,76.26802389252043,-20.981976107479568,52.26802389252043,76.26802389252043,-20.981976107479568,15.018023892520432,76.26802389252043,-20.981976107479568,-2.731976107479568,76.26802389252043,-55.73197610747957,76.26802389252043,55.73197610747957,2026-02-25 09:51:00-05:00,122.25,47.75,42.0,81.5,384.25,26.125,24.107142857142858,29.982142857142858,47.75,10.494139624346648,8.449097450676616,6.77481452087013,24.81999969482422,-0.0584218846687956,1.7557442557442555,1.7508249797646471,1.583600833474123,0.6216216216216216,0.6529312310777337,0.7305763308402992,0.9501758060896236,0.935375777884155,0.9431552370697656,1.5330934467342712,1.430242612278114,1.4212787465251453,0.5755580202412311,0.5896179519954552,0.5896179519954552,0.9116422624174562,0.8680586406041759,0.8959193030719853,47.75,47.75,384.25,47.75,0.5896179519954552,79.0,66.5,951,True,8.060485416060785e-07,HIGH_VOL,1.0,HIGH_VOL,1.0,51.446945337620576
2097_lower,2097,2026-02-25 10:30:00-05:00,2026-03-25 10:30:00-04:00,2026-02-27 13:30:00+00:00,2026-02-27,2026,lower,NQH6,24825.88513501576,24825.88513501576,clean,2026-02-27 20:59:00+00:00,210.86486498423983,2026-02-27 12:08:00-05:00,218,-43.88513501576017,2026-02-27 09:43:00-05:00,73,True,False,172.36486498423983,449,41.11486498423983,2.11486498423983,8.36486498423983,41.11486498423983,-32.13513501576017,14.61486498423983,53.36486498423983,-32.13513501576017,36.36486498423983,53.36486498423983,-32.13513501576017,6.86486498423983,53.36486498423983,-32.13513501576017,2.36486498423983,112.61486498423984,-43.88513501576017,63.11486498423983,171.61486498423983,-43.88513501576017,146.36486498423983,195.61486498423983,-43.88513501576017,163.36486498423983,210.86486498423983,-43.88513501576017,210.86486498423983,43.88513501576017,2026-02-27 08:30:00-05:00,50.0,68.75,96.0,114.75,556.5,24.803571428571427,40.660714285714285,51.32142857142857,57.17857142857143,7.619879077440562,7.386838965108954,6.886171670093503,23.61000061035156,0.0292066286266747,1.948634427461789,1.9693593314763231,1.8505651397977396,1.7450354117483682,1.7139739480324627,1.664922159655515,1.678765451539249,1.674349208842122,1.5833364274310326,1.6372631578947368,1.606320355261799,1.6989623156744948,1.501493607360497,1.4691062138305957,1.512518054886856,1.5422784810126582,1.536333177216558,1.536333177216558,68.75,57.17857142857143,556.5,62.6979009673712,1.4691062138305957,141.75,104.0,870,True,3.2416398363140494e-07,HIGH_VOL,0.9368088984655755,HIGH_VOL,0.9165460820585685,24.03846153846154
2101_upper,2101,2026-03-03 10:30:00-05:00,2026-03-31 10:30:00-04:00,2026-03-04 15:01:00+00:00,2026-03-04,2026,upper,NQH6,24982.357602534,24982.357602534,clean,2026-03-04 20:59:00+00:00,90.85760253400076,2026-03-04 10:04:00-05:00,3,-235.39239746599924,2026-03-04 14:10:00-05:00,249,False,True,-137.64239746599924,358,90.85760253400076,4.357602534000762,26.60760253400076,90.85760253400076,-27.39239746599924,-13.892397465999238,90.85760253400076,-166.14239746599924,-158.39239746599924,90.85760253400076,-166.14239746599924,-62.89239746599924,90.85760253400076,-166.14239746599924,-161.64239746599924,90.85760253400076,-175.89239746599924,-137.14239746599924,90.85760253400076,-188.14239746599924,-169.64239746599924,90.85760253400076,-200.64239746599924,-189.89239746599924,90.85760253400076,-235.39239746599924,90.85760253400076,235.39239746599924,2026-03-04 10:01:00-05:00,118.0,144.25,144.25,174.75,659.0,52.46428571428572,66.64285714285714,83.07142857142857,114.69642857142856,19.011870683384213,16.18517318458018,13.811352403330869,27.51000022888184,0.0830708914189208,0.9573558399733474,0.9647078571528488,0.9604289245552344,0.9553691114515512,0.982219323719053,0.9493978769587584,1.0553890432711392,1.1103790331001355,1.0528447034013673,0.9316708094671998,0.890665357991528,0.8966171767336644,0.9293198593615386,0.9006013561540284,0.9006013561540284,0.9722961296870286,0.9706631372370043,1.0063309107426754,144.25,114.69642857142856,659.0,128.62721260071123,0.9006013561540284,140.75,106.0,961,True,3.040756833696982e-06,HIGH_VOL,1.0,HIGH_VOL,1.0,91.69329073482429
2107_lower,2107,2026-03-11 10:30:00-04:00,2026-04-09 10:30:00-04:00,2026-03-12 13:55:00+00:00,2026-03-12,2026,lower,NQH6,24652.49668235829,24652.49668235829,clean,2026-03-12 19:59:00+00:00,95.00331764170552,2026-03-12 10:04:00-04:00,9,-109.74668235829448,2026-03-12 15:57:00-04:00,362,False,True,-97.24668235829448,364,55.25331764170551,-21.996682358294493,45.75331764170551,95.00331764170552,-21.996682358294493,49.25331764170551,95.00331764170552,-21.996682358294493,28.753317641705507,95.00331764170552,-79.99668235829449,-48.24668235829449,95.00331764170552,-79.99668235829449,-19.496682358294493,95.00331764170552,-91.49668235829448,-44.49668235829449,95.00331764170552,-91.49668235829448,4.753317641705507,95.00331764170552,-91.49668235829448,-4.246682358294493,95.00331764170552,-109.74668235829448,95.00331764170552,109.74668235829448,2026-03-12 09:55:00-04:00,92.25,102.25,61.5,80.5,306.5,41.035714285714285,41.98214285714285,51.35714285714285,77.60714285714286,13.66226381906471,11.302416131546751,9.377857550873552,26.81999969482422,-0.0186608207210223,1.3596958925750395,1.4664040038334576,1.522246172552921,0.6988134309517798,0.8528403620258039,0.7936633095587972,,,,1.2683982683982684,1.3953087795734334,1.312461281868001,0.6418550724637682,0.669124312564211,0.7140461756739327,0.7027014351374168,0.7704332176372284,0.7795322702323041,102.25,77.60714285714286,306.5,89.08047124450374,0.669124312564211,68.0,63.25,955,True,9.974146822907234e-07,HIGH_VOL,1.0,HIGH_VOL,1.0,59.23566878980891
2106_lower,2106,2026-03-10 10:30:00-04:00,2026-04-08 10:30:00-04:00,2026-03-12 14:37:00+00:00,2026-03-12,2026,lower,NQH6,24590.175292751177,24590.175292751177,clean,2026-03-12 19:59:00+00:00,145.07470724882296,2026-03-12 12:22:00-04:00,105,-47.42529275117704,2026-03-12 15:57:00-04:00,320,False,True,-34.92529275117704,322,34.32470724882296,-17.67529275117704,2.8247072488229605,129.82470724882296,-17.67529275117704,28.82470724882296,129.82470724882296,-17.67529275117704,16.07470724882296,129.82470724882296,-29.17529275117704,-12.17529275117704,129.82470724882296,-29.17529275117704,19.07470724882296,129.82470724882296,-29.17529275117704,61.57470724882296,145.07470724882296,-29.17529275117704,97.82470724882296,145.07470724882296,-29.17529275117704,97.07470724882296,145.07470724882296,-47.42529275117704,145.07470724882296,47.42529275117704,2026-03-12 10:37:00-04:00,130.75,130.75,222.25,232.25,306.5,61.892857142857146,57.67857142857143,67.85714285714286,72.51785714285714,14.03001641021556,12.59091945436947,10.691954409191002,26.81999969482422,-0.0186608207210223,0.9206124694102064,0.8809091592639935,0.8509379928612932,0.925748217932175,0.9189044673112196,0.9189044673112196,,,,0.8128816112917294,0.8067483153804534,0.7993566937959939,0.8916453496790385,0.888023649866609,0.8494330101328245,0.8376595849558831,0.8345619109825511,0.8068790982341685,130.75,72.51785714285714,306.5,97.37407160753098,0.888023649866609,74.25,68.5,997,True,2.0979305813885862e-06,HIGH_VOL,1.0,HIGH_VOL,0.9999999973914416,81.9047619047619
2109_upper,2109,2026-03-13 10:30:00-04:00,2026-04-13 10:30:00-04:00,2026-03-17 13:46:00+00:00,2026-03-17,2026,upper,NQM6,25096.19805301506,25096.19805301506,clean,2026-03-17 19:59:00+00:00,149.9480530150613,2026-03-17 12:07:00-04:00,141,-20.80194698493869,2026-03-17 09:47:00-04:00,1,True,False,85.9480530150613,373,1.948053015061305,-20.80194698493869,-1.551946984938695,20.948053015061305,-20.80194698493869,10.198053015061303,84.6980530150613,-20.80194698493869,68.1980530150613,100.4480530150613,-20.80194698493869,42.448053015061305,100.4480530150613,-20.80194698493869,12.948053015061303,100.4480530150613,-20.80194698493869,43.948053015061305,144.9480530150613,-20.80194698493869,90.1980530150613,149.9480530150613,-20.80194698493869,70.6980530150613,149.9480530150613,-20.80194698493869,149.9480530150613,20.80194698493869,2026-03-17 09:46:00-04:00,111.0,96.25,127.5,66.75,757.0,29.035714285714285,37.017857142857146,51.19642857142857,58.73214285714285,10.395933854279996,8.714570984694477,7.566955184950787,26.31999969482422,-0.11884837779269,1.2646460537021968,1.2790207272540246,1.374454208810037,0.816018682150972,1.0002320903605135,1.0759372529438689,,,,1.145251911209358,1.2458917835671344,1.1850369311412914,0.7756779457643389,0.7953371062992126,0.8118936230336902,0.5309919272524821,0.5885075202468184,0.6003304571323664,96.25,58.73214285714285,757.0,75.18622712970773,0.7953371062992126,152.0,108.5,946,True,8.029511942607883e-07,HIGH_VOL,0.9999999999989242,HIGH_VOL,0.999999999996082,50.9493670886076
2109_lower,2109,2026-03-13 10:30:00-04:00,2026-04-13 10:30:00-04:00,2026-03-20 14:12:00+00:00,2026-03-20,2026,lower,NQM6,24257.42694698494,24257.42694698494,clean,2026-03-20 19:59:00+00:00,99.3230530150613,2026-03-20 12:20:00-04:00,128,-286.1769469849387,2026-03-20 15:38:00-04:00,326,False,True,-143.9269469849387,347,39.573053015061305,-16.926946984938695,34.573053015061305,39.573053015061305,-16.926946984938695,-1.176946984938695,69.8230530150613,-16.926946984938695,30.323053015061305,69.8230530150613,-26.17694698493869,27.823053015061305,69.8230530150613,-26.17694698493869,36.073053015061305,85.8230530150613,-26.17694698493869,32.073053015061305,98.5730530150613,-26.17694698493869,78.5730530150613,99.3230530150613,-31.67694698493869,0.0730530150613049,99.3230530150613,-286.1769469849387,99.3230530150613,286.1769469849387,2026-03-20 10:12:00-04:00,190.25,211.5,247.75,247.75,398.5,49.285714285714285,54.125,72.21428571428571,74.83928571428571,17.109839220679092,14.8069764571191,12.350292734523594,26.89999961853028,-0.0295815193050585,1.1891809477343416,1.1283164077192374,0.9903918597465484,1.2072017397461186,1.1658973795394043,0.9652829730877328,,,,0.9729230769230769,0.8597758589013411,0.8300449098610135,0.9615307150050353,0.8904778188827058,0.8811586356253384,0.9502920579257021,0.9125182570593963,0.890731509304133,211.5,74.83928571428571,398.5,125.81140222003499,0.8904778188827058,92.5,81.75,972,True,2.509900465333338e-06,HIGH_VOL,1.0,HIGH_VOL,1.0,85.8044164037855
2115_lower,2115,2026-03-23 10:30:00-04:00,2026-04-21 10:30:00-04:00,2026-03-26 12:35:00+00:00,2026-03-26,2026,lower,NQM6,24069.165318483185,24069.165318483185,clean,2026-03-26 19:59:00+00:00,173.33468151681518,2026-03-26 10:07:00-04:00,92,-294.1653184831848,2026-03-26 15:59:00-04:00,444,False,True,-282.4153184831848,444,37.33468151681518,9.33468151681518,28.33468151681518,49.83468151681518,9.33468151681518,39.83468151681518,67.58468151681518,9.33468151681518,53.08468151681518,90.58468151681518,9.33468151681518,77.33468151681518,90.58468151681518,9.33468151681518,27.58468151681518,164.08468151681518,-5.165318483184819,135.83468151681518,173.33468151681518,-5.165318483184819,108.58468151681518,173.33468151681518,-38.91531848318482,2.5846815168151807,173.33468151681518,-294.1653184831848,173.33468151681518,294.1653184831848,2026-03-26 08:35:00-04:00,19.5,69.75,89.75,103.5,253.25,23.035714285714285,42.35714285714285,61.69642857142857,85.0,6.702273691836617,7.014362977733335,7.228262436103458,27.64999961853028,-0.037926240823539,1.2996330275229355,1.2442687747035572,1.1900201612903225,0.9055738907224056,0.8832260371959942,0.8506350914962325,,,,0.9530409041980624,0.9257613383871389,1.0466198743997044,0.7788992272512222,0.7824778200253485,0.8261960521913684,0.864015959914633,0.8537177959108829,0.9576038051163389,69.75,85.0,253.25,76.99837660626359,0.7824778200253485,61.0,57.75,875,True,3.269315180755056e-07,HIGH_VOL,0.9999999782124859,HIGH_VOL,0.9999994263286041,24.528301886792452
2111_upper,2111,2026-03-17 10:30:00-04:00,2026-04-15 10:30:00-04:00,2026-04-10 12:29:00+00:00,2026-04-10,2026,upper,NQM6,25378.695918099,25378.695918099,clean,2026-04-10 19:59:00+00:00,156.44591809900157,2026-04-10 12:44:00-04:00,255,-14.304081900998426,2026-04-10 11:24:00-04:00,175,True,False,94.44591809900156,450,80.19591809900157,6.945918099001574,79.94591809900157,86.94591809900157,6.945918099001574,66.19591809900157,86.94591809900157,6.945918099001574,74.19591809900157,86.94591809900157,6.945918099001574,59.94591809900157,86.94591809900157,6.945918099001574,63.44591809900157,88.19591809900157,6.945918099001574,58.19591809900157,110.69591809900156,6.945918099001574,38.19591809900157,110.69591809900156,-14.304081900998426,30.69591809900157,156.44591809900157,-14.304081900998426,156.44591809900157,14.304081900998426,2026-04-10 08:29:00-04:00,19.25,40.5,40.5,61.75,316.75,12.714285714285714,26.214285714285715,31.589285714285715,43.35714285714285,3.928279272455451,4.098488840299975,4.16858982694712,23.5,-0.0689381849008266,0.6626808100289296,0.6552250190694127,0.6570417821971508,0.6329102021626705,0.6312778429073856,0.6312778429073856,,,,0.5436708860759494,0.5723328058632464,0.5362047440699126,0.5452851587815943,0.5490435988417146,0.5341851513828816,0.60441041937503,0.6224216580721936,0.577933288828526,40.5,43.35714285714285,316.75,41.90422753988296,0.5490435988417146,66.0,58.0,869,True,1.6516074796459348e-07,LOW_VOL,0.9994975954783183,LOW_VOL,0.5118856275406477,10.344827586206897
2132_upper,2132,2026-04-16 10:30:00-04:00,2026-05-14 10:30:00-04:00,2026-04-17 13:07:00+00:00,2026-04-17,2026,upper,NQM6,26750.85865637195,26750.85865637195,clean,2026-04-17 19:59:00+00:00,121.35865637195091,2026-04-17 09:33:00-04:00,26,-133.89134362804907,2026-04-17 12:36:00-04:00,209,False,True,-76.39134362804907,412,0.8586563719509286,-56.89134362804907,-41.14134362804907,6.858656371950929,-66.89134362804907,2.8586563719509286,121.35865637195091,-66.89134362804907,37.10865637195093,121.35865637195091,-66.89134362804907,26.85865637195093,121.35865637195091,-66.89134362804907,-4.141343628049071,121.35865637195091,-66.89134362804907,-38.14134362804907,121.35865637195091,-104.89134362804909,-97.89134362804909,121.35865637195091,-126.14134362804909,-96.39134362804909,121.35865637195091,-133.89134362804907,121.35865637195091,133.89134362804907,2026-04-17 09:07:00-04:00,143.5,143.5,184.25,62.75,288.5,28.625,24.607142857142858,28.392857142857142,33.55357142857143,10.763934579146865,8.62569234883129,6.751734035579178,22.18000030517578,-0.0031460536999649,4.3964441081899,4.202874966097098,2.882083075015499,2.9387041849628104,2.8637673565627457,2.3974996344494808,,,,2.7648388247888662,2.65433367591641,2.6162417693736284,2.374067907044089,2.1754676927159347,2.106368628962328,0.6943878394007821,0.6602775595705682,0.6437086768947999,143.5,33.55357142857143,288.5,69.38975068408878,2.1754676927159347,92.5,82.75,907,True,2.265435173648884e-06,HIGH_VOL,1.0,HIGH_VOL,1.0,83.4375
2139_lower,2139,2026-04-27 10:30:00-04:00,2026-05-25 10:30:00-04:00,2026-04-28 12:23:00+00:00,2026-04-28,2026,lower,NQM6,27049.808787510927,27049.808787510927,clean,2026-04-28 19:59:00+00:00,202.1912124890732,2026-04-28 09:49:00-04:00,86,-40.30878751092678,2026-04-28 11:49:00-04:00,206,False,True,119.44121248907322,456,22.191212489073223,-6.058787510926777,-1.308787510926777,37.19121248907322,-13.308787510926775,21.441212489073223,89.19121248907322,-13.308787510926775,70.69121248907322,116.19121248907322,-13.308787510926775,76.94121248907322,116.19121248907322,-13.308787510926775,99.69121248907322,202.1912124890732,-13.308787510926775,137.94121248907322,202.1912124890732,-13.308787510926775,123.94121248907322,202.1912124890732,-37.30878751092678,3.941212489073223,202.1912124890732,-40.30878751092678,202.1912124890732,40.30878751092678,2026-04-28 08:23:00-04:00,44.75,75.25,189.25,220.25,244.0,34.875,41.73214285714285,47.535714285714285,55.910714285714285,9.08820176371682,7.794271962309549,6.628952030779456,23.07999992370605,-0.0128314477257968,3.898779612347452,3.955091637334628,3.955091637334628,3.5282084690553748,3.576910375800806,3.576910375800806,,,,3.164918414918415,3.1639965045150014,2.825212415467314,2.667881773399015,2.6056290594178493,2.503374318202829,2.132206702304995,2.1136182336182334,2.0650225463452654,75.25,55.910714285714285,244.0,64.86355872136527,2.6056290594178493,85.0,76.0,863,True,4.5610441531554803e-07,HIGH_VOL,0.9900311645895012,HIGH_VOL,0.9768399910720327,31.464174454828658
2139_upper,2139,2026-04-27 10:30:00-04:00,2026-05-25 10:30:00-04:00,2026-05-01 13:33:00+00:00,2026-05-01,2026,upper,NQM6,27727.691212489077,27727.691212489077,clean,2026-05-01 19:59:00+00:00,10.691212489073225,2026-05-01 09:34:00-04:00,1,-189.3087875109268,2026-05-01 11:50:00-04:00,137,False,True,-109.55878751092678,386,10.691212489073225,-25.558787510926777,-18.558787510926777,10.691212489073225,-67.30878751092678,-49.55878751092678,10.691212489073225,-172.30878751092678,-170.80878751092678,10.691212489073225,-181.5587875109268,-133.80878751092678,10.691212489073225,-181.5587875109268,-113.05878751092678,10.691212489073225,-181.5587875109268,-62.30878751092678,10.691212489073225,-181.5587875109268,-135.55878751092678,10.691212489073225,-189.3087875109268,-90.05878751092678,10.691212489073225,-189.3087875109268,10.691212489073225,189.3087875109268,2026-05-01 09:33:00-04:00,43.25,62.25,78.75,44.5,459.5,20.196428571428573,29.553571428571427,31.946428571428573,42.83928571428572,8.43329153807675,6.978629673566714,5.836547231428855,21.790000915527344,-0.0829124282145348,0.9487719298245614,1.028304449394252,1.031667302556276,0.8919496701685805,1.139035139035139,1.0952523813095327,,,,0.896551724137931,0.9256651017214398,0.9000903514194684,0.8919496701685805,0.9352803663496333,0.8610513281641557,0.58866127348643,0.5514438502673796,0.49064709081022295,62.25,42.83928571428572,459.5,51.64054159005583,0.9352803663496333,105.5,83.25,933,True,2.5742798397012127e-07,LOW_VOL,0.9913282432002127,MID_VOL,0.6172974481467928,18.633540372670808
2142_upper,2142,2026-04-30 10:30:00-04:00,2026-05-28 10:30:00-04:00,2026-05-01 14:03:00+00:00,2026-05-01,2026,upper,NQM6,27896.92021898806,27896.92021898806,clean,2026-05-01 19:59:00+00:00,145.9202189880598,2026-05-01 10:37:00-04:00,34,-20.079781011940213,2026-05-01 11:50:00-04:00,107,False,True,59.67021898805979,356,40.67021898805979,-3.079781011940213,24.420218988059787,40.67021898805979,-12.329781011940211,35.42021898805979,69.42021898805979,-12.329781011940211,56.17021898805979,145.9202189880598,-12.329781011940211,69.92021898805979,145.9202189880598,-12.329781011940211,106.9202189880598,145.9202189880598,-12.329781011940211,33.67021898805979,145.9202189880598,-20.079781011940213,7.920218988059787,145.9202189880598,-20.079781011940213,52.92021898805979,145.9202189880598,-20.079781011940213,145.9202189880598,20.079781011940213,2026-05-01 10:03:00-04:00,123.25,258.0,300.0,328.75,459.5,34.035714285714285,43.17857142857143,34.982142857142854,42.017857142857146,12.37195381173377,10.112489459243143,8.074676977779164,21.790000915527344,-0.0829124282145348,1.4244833378911592,1.398008185800416,1.4412625004940909,1.2922953853875836,1.310299309774484,1.3290584847678273,,,,1.3313798517544821,1.3438680549156916,1.3313798517544821,1.2702981898917636,1.2997570518079131,1.1991354592690702,1.1326342340659084,1.1952040024152506,1.1375425880642003,258.0,42.017857142857146,459.5,104.11823636067383,1.2997570518079131,116.5,98.0,963,True,1.128952487831193e-06,HIGH_VOL,1.0,HIGH_VOL,1.0,63.77708978328174
2143_upper,2143,2026-05-01 10:30:00-04:00,2026-05-29 10:30:00-04:00,2026-05-05 14:36:00+00:00,2026-05-05,2026,upper,NQM6,28138.06154108305,28138.06154108305,clean,2026-05-05 19:59:00+00:00,60.56154108305054,2026-05-05 10:47:00-04:00,11,-50.18845891694946,2026-05-05 15:11:00-04:00,275,False,True,2.3115410830505425,323,50.81154108305054,15.811541083050544,36.31154108305054,60.56154108305054,15.811541083050544,53.31154108305054,60.56154108305054,6.061541083050543,8.311541083050543,60.56154108305054,-1.1884589169494577,7.3115410830505425,60.56154108305054,-1.1884589169494577,1.8115410830505423,60.56154108305054,-11.688458916949456,-1.9384589169494573,60.56154108305054,-14.438458916949456,15.561541083050544,60.56154108305054,-14.438458916949456,-11.438458916949456,60.56154108305054,-50.18845891694946,60.56154108305054,50.18845891694946,2026-05-05 10:36:00-04:00,102.25,102.25,141.0,183.5,352.75,40.19642857142857,37.42857142857143,44.160714285714285,49.58928571428572,12.02845663438062,10.22984499582959,8.399189376538676,23.040000915527344,0.0510949286193049,1.4342644623612129,1.4348682155805712,1.4348682155805712,1.1158420663974735,1.1213477646464407,1.1456594155556092,,,,1.404898024303986,1.366897354634241,1.3665261360991128,1.095007554966234,1.1044070537741424,1.063515951990536,0.977660742228554,0.9906462434106601,0.9879924709547608,102.25,49.58928571428572,352.75,71.20747477818404,1.1044070537741424,89.0,77.0,996,True,8.023856923572955e-07,HIGH_VOL,0.9999999128723954,HIGH_VOL,0.9999997663969914,50.92592592592593
2147_upper,2147,2026-05-07 10:30:00-04:00,2026-06-04 10:30:00-04:00,2026-05-08 14:58:00+00:00,2026-05-08,2026,upper,NQM6,29174.65787972472,29174.65787972472,clean,2026-05-08 19:59:00+00:00,49.90787972472026,2026-05-08 11:18:00-04:00,20,-166.34212027527974,2026-05-08 15:59:00-04:00,301,False,True,-165.09212027527974,301,15.90787972472026,-3.34212027527974,-1.09212027527974,25.40787972472026,-12.84212027527974,22.15787972472026,49.90787972472026,-12.84212027527974,-1.09212027527974,49.90787972472026,-41.84212027527974,-4.59212027527974,49.90787972472026,-43.09212027527974,-12.59212027527974,49.90787972472026,-70.09212027527974,-64.59212027527974,49.90787972472026,-73.09212027527974,-67.84212027527974,49.90787972472026,-142.84212027527974,-96.09212027527974,49.90787972472026,-166.34212027527974,49.90787972472026,166.34212027527974,2026-05-08 10:58:00-04:00,64.5,90.5,251.75,251.75,392.75,47.10714285714285,54.23214285714285,56.160714285714285,54.375,12.190667232233572,11.464734709853827,9.838292259039823,23.14999961853028,-0.0182358060461006,1.2727420799739393,1.2720686988726548,1.2720686988726548,1.080245001408054,1.2043704523512375,1.2113303175994126,,,,1.1987420418808008,1.2059727598935088,1.1987420418808008,1.0646987801323953,1.0724155524647567,1.0879118541679962,1.1389751734124296,1.1518408077706592,1.156813558919983,90.5,54.375,392.75,70.14939415276514,1.0724155524647567,96.5,80.75,1018,True,6.083320128571143e-07,HIGH_VOL,0.9529700608966628,HIGH_VOL,0.9533569405921246,39.07692307692307
2148_upper,2148,2026-05-08 10:30:00-04:00,2026-06-05 10:30:00-04:00,2026-05-11 13:32:00+00:00,2026-05-11,2026,upper,NQM6,29422.9618069465,29422.9618069465,clean,2026-05-11 19:59:00+00:00,176.21180694649956,2026-05-11 10:31:00-04:00,59,-57.03819305350044,2026-05-11 12:10:00-04:00,158,False,True,-6.288193053500436,387,83.71180694649956,-11.788193053500436,75.21180694649956,90.71180694649956,-11.788193053500436,17.211806946499564,122.21180694649956,-11.788193053500436,78.46180694649956,122.21180694649956,-11.788193053500436,18.461806946499564,176.21180694649956,-11.788193053500436,141.96180694649956,176.21180694649956,-11.788193053500436,35.211806946499564,176.21180694649956,-20.53819305350044,4.961806946499564,176.21180694649956,-57.03819305350044,-50.03819305350044,176.21180694649956,-57.03819305350044,176.21180694649956,57.03819305350044,2026-05-11 09:32:00-04:00,28.0,31.75,94.0,99.75,845.75,21.607142857142858,36.19642857142857,49.48214285714285,67.14285714285714,10.444060656188997,8.588416701158442,7.269623371320044,23.76000022888184,0.0263499188079159,0.9894476149456228,0.986791237113402,0.9960435748739904,1.38170222817101,1.2695966720926026,1.4152990039920963,,,,0.7662608405603736,0.8628979246877642,0.8987676056338029,1.032597822889085,1.1239632369423895,1.1239632369423895,1.1128878606423516,1.0894617639221955,0.9319088319088319,31.75,67.14285714285714,845.75,46.1712650279989,1.1239632369423895,185.0,117.75,932,True,2.092562388952121e-07,LOW_VOL,0.9997100701741587,LOW_VOL,0.5543481327799219,14.11042944785276
2149_upper,2149,2026-05-11 10:30:00-04:00,2026-06-07 19:59:00-04:00,2026-05-14 14:50:00+00:00,2026-05-14,2026,upper,NQM6,29708.514501113983,29708.514501113983,clean,2026-05-14 19:59:00+00:00,113.264501113983,2026-05-14 13:26:00-04:00,156,-73.48549888601701,2026-05-14 12:12:00-04:00,82,True,False,21.764501113982988,309,26.264501113982988,-21.48549888601701,11.264501113982988,44.51450111398299,-21.48549888601701,18.014501113982988,44.51450111398299,-59.23549888601701,-53.98549888601701,44.51450111398299,-65.23549888601701,-31.23549888601701,44.51450111398299,-65.23549888601701,-40.48549888601701,44.51450111398299,-73.48549888601701,-53.73549888601701,44.51450111398299,-73.48549888601701,-9.235498886017012,113.264501113983,-73.48549888601701,-19.98549888601701,113.264501113983,-73.48549888601701,113.264501113983,73.48549888601701,2026-05-14 10:50:00-04:00,79.75,133.5,236.5,236.5,510.0,57.42857142857143,64.33928571428571,72.46428571428571,78.42857142857143,12.444098736599596,11.87598643944975,10.44394095941809,24.59000015258789,0.0190634483141305,1.2545733563929555,1.3497209046358658,1.3829732959198744,1.3139771996332237,1.323139892231578,1.4930333094890056,,,,1.2545733563929555,1.257544682097861,1.2605301157639688,1.2241616728292746,1.2376618605340672,1.3409170262985153,1.1277182108426844,1.1441805990071063,1.248566493955095,133.5,78.42857142857143,510.0,102.32406503708835,1.2376618605340672,125.25,98.75,1010,True,1.2640530369356883e-06,HIGH_VOL,0.9996801312335302,HIGH_VOL,0.9996114028003414,67.58409785932722
2151_lower,2151,2026-05-13 10:30:00-04:00,2026-06-07 19:59:00-04:00,2026-05-19 13:20:00+00:00,2026-05-19,2026,lower,NQM6,28811.51963438418,28811.51963438418,clean,2026-05-19 19:59:00+00:00,314.9803656158183,2026-05-19 13:23:00-04:00,243,-148.5196343841817,2026-05-19 10:22:00-04:00,62,True,False,112.9803656158183,399,45.2303656158183,-6.7696343841817,9.9803656158183,187.4803656158183,-8.7696343841817,174.2303656158183,256.4803656158183,-8.7696343841817,122.2303656158183,256.4803656158183,-8.7696343841817,24.9803656158183,256.4803656158183,-132.0196343841817,-118.2696343841817,256.4803656158183,-148.5196343841817,-95.7696343841817,256.4803656158183,-148.5196343841817,-26.5196343841817,256.4803656158183,-148.5196343841817,57.2303656158183,314.9803656158183,-148.5196343841817,314.9803656158183,148.5196343841817,2026-05-19 09:20:00-04:00,90.75,80.0,106.75,110.75,605.0,31.964285714285715,58.30357142857143,78.53571428571429,106.19642857142856,10.1525045030067,9.691448182190792,9.517276306957624,24.209999084472656,-0.0442163775209962,0.9440904172177468,1.2712701368088724,1.007570896958809,1.2504217144609722,1.2669851998601562,1.1798155181768857,,,,0.731371087928465,0.7585740508163462,0.842986741102582,0.8230544059755728,0.8257215189873418,0.944187123668365,1.378065039707843,1.4148068797238589,1.372258138997922,80.0,106.19642857142856,605.0,92.17219909340497,0.8257215189873418,127.75,95.5,920,True,4.987517687851123e-07,HIGH_VOL,0.9999999957482428,HIGH_VOL,0.9999999913900488,34.756097560975604
2153_lower,2153,2026-05-15 10:30:00-04:00,2026-06-07 19:59:00-04:00,2026-05-19 14:07:00+00:00,2026-05-19,2026,lower,NQM6,28775.551734540284,28775.551734540284,clean,2026-05-19 19:59:00+00:00,350.9482654597159,2026-05-19 13:23:00-04:00,196,-112.55173454028407,2026-05-19 10:22:00-04:00,15,True,False,148.9482654597159,352,53.69826545971591,-12.301734540284087,28.198265459715916,53.69826545971591,-112.55173454028407,-92.80173454028407,53.69826545971591,-112.55173454028407,-26.801734540284087,53.69826545971591,-112.55173454028407,-28.051734540284087,59.44826545971591,-112.55173454028407,-8.301734540284087,84.44826545971591,-112.55173454028407,63.44826545971591,104.94826545971593,-112.55173454028407,66.19826545971591,288.9482654597159,-112.55173454028407,270.1982654597159,350.9482654597159,-112.55173454028407,350.9482654597159,112.55173454028407,2026-05-19 10:07:00-04:00,159.25,217.75,265.25,265.25,605.0,77.125,70.19642857142857,83.0,106.85714285714286,25.90838633759777,21.14856706300775,16.999747204076147,24.209999084472656,-0.0442163775209962,1.4948418048979335,1.5051067927447237,1.684552730613615,1.504790208422946,1.5414585948140038,1.699259629962172,,,,1.3074254370929037,1.4241075429424943,1.4948535233570863,1.2903319548451995,1.465125133255495,1.526639425556393,1.2150168760028772,1.3642731777021884,1.4192505938050382,217.75,106.85714285714286,605.0,152.53898799042446,1.465125133255495,151.75,116.25,967,True,3.4187497385578137e-06,HIGH_VOL,1.0,HIGH_VOL,1.0,93.61702127659575
2150_lower,2150,2026-05-12 10:30:00-04:00,2026-06-07 19:59:00-04:00,2026-05-19 14:14:00+00:00,2026-05-19,2026,lower,NQM6,28739.45196101639,28739.45196101639,clean,2026-05-19 19:59:00+00:00,387.0480389836084,2026-05-19 13:23:00-04:00,189,-76.45196101639158,2026-05-19 10:22:00-04:00,8,True,False,185.0480389836084,345,7.548038983608421,-48.20196101639158,-29.70196101639158,15.54803898360842,-76.45196101639158,-27.70196101639158,61.54803898360842,-76.45196101639158,5.298038983608421,67.54803898360842,-76.45196101639158,64.54803898360842,96.54803898360842,-76.45196101639158,88.29803898360842,138.29803898360842,-76.45196101639158,115.54803898360842,141.04803898360842,-76.45196101639158,75.04803898360842,341.0480389836084,-76.45196101639158,334.2980389836084,387.0480389836084,-76.45196101639158,387.0480389836084,76.45196101639158,2026-05-19 10:14:00-04:00,159.25,217.75,265.25,265.25,605.0,81.44642857142857,70.19642857142857,83.0,106.85714285714286,25.638487431507823,21.40044190333374,17.345765547735684,24.209999084472656,-0.0442163775209962,1.4948418048979335,1.5051067927447237,1.684552730613615,1.504790208422946,1.5414585948140038,1.699259629962172,,,,1.3074254370929037,1.4241075429424943,1.4948535233570863,1.2903319548451995,1.465125133255495,1.526639425556393,1.2150168760028772,1.3642731777021884,1.4192505938050382,217.75,106.85714285714286,605.0,152.53898799042446,1.465125133255495,151.75,116.25,974,True,3.0348234251115334e-06,HIGH_VOL,1.0,HIGH_VOL,1.0,91.51515151515152
2158_upper,2158,2026-05-22 10:30:00-04:00,2026-06-07 19:59:00-04:00,2026-05-26 14:00:00+00:00,2026-05-26,2026,upper,NQM6,30009.455726915767,30009.455726915767,clean,2026-05-26 19:59:00+00:00,123.45572691576672,2026-05-26 11:56:00-04:00,116,-109.29427308423328,2026-05-26 10:37:00-04:00,37,True,False,-70.29427308423328,359,33.45572691576672,-3.044273084233282,29.20572691576672,33.45572691576672,-23.54427308423328,-4.294273084233282,33.45572691576672,-74.54427308423328,-62.79427308423328,33.45572691576672,-109.29427308423328,-100.79427308423328,33.45572691576672,-109.29427308423328,-53.54427308423328,35.20572691576672,-109.29427308423328,21.95572691576672,123.45572691576672,-109.29427308423328,82.70572691576672,123.45572691576672,-109.29427308423328,20.70572691576672,123.45572691576672,-109.29427308423328,123.45572691576672,109.29427308423328,2026-05-26 10:00:00-04:00,93.0,180.25,180.25,180.25,318.75,35.107142857142854,39.017857142857146,44.57142857142857,55.60714285714285,12.240397214624592,9.941978429204989,8.150959669504644,22.81999969482422,0.003518026583609,1.0494891358872138,1.1736579100820053,1.2379691842947345,0.9848977102622388,1.1267307265404496,1.1450025459397095,,,,1.0494891358872138,1.0848764379187534,1.1736579100820053,0.9394984292861449,0.9888174556789402,1.1215237662329463,0.9163485125140634,0.9199881491357201,1.0343402589832202,180.25,55.60714285714285,318.75,100.11587037028644,0.9888174556789402,79.25,73.25,960,True,1.3572644856261057e-06,HIGH_VOL,1.0,HIGH_VOL,1.0,71.29909365558912
2160_upper,2160,2026-05-26 10:30:00-04:00,2026-06-07 19:59:00-04:00,2026-05-27 12:22:00+00:00,2026-05-27,2026,upper,NQM6,30374.53042723353,30374.53042723353,clean,2026-05-27 19:59:00+00:00,497.0304272335343,2026-05-27 10:33:00-04:00,131,-4.469572766465717,2026-05-27 08:23:00-04:00,1,True,False,327.2804272335343,457,59.53042723353428,-4.469572766465717,47.28042723353428,66.28042723353428,-4.469572766465717,39.53042723353428,113.53042723353428,-4.469572766465717,102.53042723353428,140.53042723353428,-4.469572766465717,139.28042723353428,173.53042723353428,-4.469572766465717,165.03042723353428,437.5304272335343,-4.469572766465717,308.0304272335343,437.5304272335343,-4.469572766465717,406.0304272335343,497.0304272335343,-4.469572766465717,479.2804272335343,497.0304272335343,-4.469572766465717,497.0304272335343,4.469572766465717,2026-05-27 08:22:00-04:00,24.5,34.75,61.75,84.75,374.75,17.785714285714285,27.357142857142858,41.5,54.642857142857146,8.701523591216777,7.070430939681535,6.112282542906916,23.89999961853028,0.0473269035122299,1.5427498555748125,1.5275275275275275,1.5074795371154388,1.5948474576271183,1.6099096632904462,1.6194410023406305,,,,1.3369211514392991,1.3916102136529442,1.2657897855196114,1.4852885465336532,1.4876367545690254,1.4831347329928757,1.0968511158667074,1.122204497826155,1.122204497826155,34.75,54.642857142857146,374.75,43.57567309536694,1.4876367545690254,102.5,80.5,862,True,1.4432487586329094e-07,HIGH_VOL,0.9616096592362965,HIGH_VOL,0.8886688040303634,9.036144578313253
2162_upper,2162,2026-05-28 10:30:00-04:00,2026-06-07 19:59:00-04:00,2026-05-29 13:57:00+00:00,2026-05-29,2026,upper,NQM6,30514.38147395403,30514.38147395403,clean,2026-05-29 19:59:00+00:00,244.38147395402848,2026-05-29 10:45:00-04:00,48,-21.61852604597152,2026-05-29 10:00:00-04:00,3,True,False,116.88147395402848,362,17.63147395402848,-21.61852604597152,-14.11852604597152,69.88147395402848,-21.61852604597152,13.13147395402848,168.38147395402848,-21.61852604597152,127.38147395402848,199.88147395402848,-21.61852604597152,188.88147395402848,244.38147395402848,-21.61852604597152,129.88147395402848,244.38147395402848,-21.61852604597152,122.88147395402848,244.38147395402848,-21.61852604597152,152.88147395402848,244.38147395402848,-21.61852604597152,123.38147395402848,244.38147395402848,-21.61852604597152,244.38147395402848,21.61852604597152,2026-05-29 09:57:00-04:00,97.25,48.5,54.0,73.5,581.5,27.553571428571427,33.660714285714285,41.21428571428572,52.48214285714285,11.05672581100832,9.304126231872514,7.742630677023257,22.920000076293945,-0.0200940284574141,0.7977225513580057,0.891104426299957,1.102920057443753,0.639125068568294,0.6356599720394176,0.6747991022949396,,,,0.7509234446295358,0.7714572714758734,0.7954275192757682,0.535843633227939,0.5845719661335842,0.5420761849374818,0.9777438092326506,1.0003440618060118,1.0306467725822563,48.5,52.48214285714285,581.5,50.451798070746975,0.5845719661335842,111.25,83.5,957,True,6.345171280692599e-07,HIGH_VOL,0.9999999949407956,HIGH_VOL,0.9999999947376926,39.93993993993994
2163_lower,2163,2026-05-29 10:30:00-04:00,2026-06-07 19:59:00-04:00,2026-06-05 13:30:00+00:00,2026-06-05,2026,lower,NQM6,30011.076790907744,30011.076790907744,clean,2026-06-05 19:59:00+00:00,89.423209092256,2026-06-05 09:32:00-04:00,2,-1036.826790907744,2026-06-05 15:18:00-04:00,348,False,True,-995.326790907744,389,89.423209092256,0.6732090922560019,24.173209092256,89.423209092256,-105.326790907744,-99.326790907744,89.423209092256,-242.826790907744,-227.076790907744,89.423209092256,-253.076790907744,-118.076790907744,89.423209092256,-253.076790907744,-162.076790907744,89.423209092256,-253.076790907744,-175.326790907744,89.423209092256,-315.576790907744,-273.826790907744,89.423209092256,-488.576790907744,-488.326790907744,89.423209092256,-1036.826790907744,89.423209092256,1036.826790907744,2026-06-05 09:30:00-04:00,38.5,58.5,115.0,100.5,452.25,39.07142857142857,43.392857142857146,66.35714285714286,95.42857142857144,9.754382309141604,9.527400811930343,9.194720489818328,23.21999931335449,-0.0260067464456832,1.4684994272623138,1.4568181818181818,1.4324022346368714,2.5091995447647952,2.105778414517669,1.8042759232106933,,,,1.274938800489596,1.2603319847241654,1.2786067743296636,1.7808966074313408,1.659266227657573,1.659266227657573,0.8301544618848102,0.8208124652198108,0.8208124652198108,58.5,95.42857142857144,452.25,74.71660744822017,1.659266227657573,124.0,94.5,930,True,5.586371703606447e-07,LOW_VOL,0.9892436107092987,LOW_VOL,0.8231355100435829,37.72455089820359
2164_lower,2164,2026-06-01 10:30:00-04:00,2026-06-07 19:59:00-04:00,2026-06-05 13:39:00+00:00,2026-06-05,2026,lower,NQM6,29975.874536138486,29975.874536138486,clean,2026-06-05 19:59:00+00:00,33.62546386151371,2026-06-05 09:40:00-04:00,1,-1001.6245361384864,2026-06-05 15:18:00-04:00,339,False,True,-960.1245361384864,380,33.62546386151371,-47.12453613848629,-43.12453613848629,33.62546386151371,-130.1245361384863,-82.37453613848629,33.62546386151371,-217.8745361384863,-124.12453613848628,33.62546386151371,-217.8745361384863,-103.87453613848628,33.62546386151371,-217.8745361384863,-91.87453613848628,33.62546386151371,-217.8745361384863,-199.1245361384863,33.62546386151371,-338.1245361384863,-329.6245361384863,33.62546386151371,-505.8745361384863,-486.1245361384863,33.62546386151371,-1001.6245361384864,33.62546386151371,1001.6245361384864,2026-06-05 09:39:00-04:00,38.5,58.5,115.0,100.5,452.25,37.82142857142857,43.392857142857146,66.35714285714286,95.42857142857144,15.43043177468718,12.980910823494735,11.1929156400501,23.21999931335449,-0.0260067464456832,1.4684994272623138,1.4568181818181818,1.4324022346368714,2.5091995447647952,2.105778414517669,1.8042759232106933,,,,1.274938800489596,1.2603319847241654,1.2786067743296636,1.7808966074313408,1.659266227657573,1.659266227657573,0.8301544618848102,0.8208124652198108,0.8208124652198108,58.5,95.42857142857144,452.25,74.71660744822017,1.659266227657573,124.0,94.5,939,True,5.046439508004946e-07,LOW_VOL,0.9992327640075145,MID_VOL,0.7376406823256976,34.92537313432836
2167_lower,2167,2026-06-04 10:30:00-04:00,2026-06-07 19:59:00-04:00,2026-06-05 13:57:00+00:00,2026-06-05,2026,lower,NQM6,29834.523639704264,29834.523639704264,clean,2026-06-05 19:59:00+00:00,107.9763602957355,2026-06-05 10:20:00-04:00,23,-860.2736397042645,2026-06-05 15:18:00-04:00,321,False,True,-818.7736397042645,362,-1.523639704264497,-76.5236397042645,-20.273639704264497,33.4763602957355,-76.5236397042645,-14.023639704264497,107.9763602957355,-76.5236397042645,-20.773639704264497,107.9763602957355,-76.5236397042645,22.976360295735503,107.9763602957355,-76.5236397042645,24.976360295735503,107.9763602957355,-139.0236397042645,-117.7736397042645,107.9763602957355,-220.0236397042645,-163.0236397042645,107.9763602957355,-455.5236397042645,-350.0236397042645,107.9763602957355,-860.2736397042645,107.9763602957355,860.2736397042645,2026-06-05 09:57:00-04:00,171.75,58.5,115.0,100.5,452.25,48.517857142857146,43.875,66.35714285714286,95.42857142857144,16.784797923792695,14.352931672290268,12.222481546901662,23.21999931335449,-0.0260067464456832,1.4684994272623138,1.4568181818181818,1.4324022346368714,2.5091995447647952,2.105778414517669,1.8042759232106933,,,,1.274938800489596,1.2603319847241654,1.2786067743296636,1.7808966074313408,1.659266227657573,1.659266227657573,0.8301544618848102,0.8208124652198108,0.8208124652198108,58.5,95.42857142857144,452.25,74.71660744822017,1.659266227657573,124.0,94.5,957,True,1.6085368658274247e-06,HIGH_VOL,1.0,HIGH_VOL,1.0,75.29761904761905
