level_id,session_date,created_at,expiry_at,physical_touch,side,eligibility,skip_reason,position_state,sal_state,entry_time,exit_time,entry_price,exit_price,anchor,cap,exit_reason,pnl
1_lower,2023-06-02,2023-06-02 10:00:00-04:00,2023-06-30 10:00:00-04:00,2023-06-02 14:02:00-04:00,lower,skipped,blocked_time,n/a,n/a,,,,,,,,
0_lower,2023-06-01,2023-06-01 10:00:00-04:00,2023-06-29 10:00:00-04:00,2023-06-02 14:04:00-04:00,lower,skipped,blocked_time,n/a,n/a,,,,,,,,
2_upper,2023-06-06,2023-06-05 10:00:00-04:00,2023-07-03 10:00:00-04:00,2023-06-06 08:20:00-04:00,upper,executed,,flat,inactive,2023-06-06 08:20:00-04:00,2023-06-06 08:30:00-04:00,1981.5674050331797,1978.4174050331799,2.099999999999909,3.1499999999998636,TP,3.1499999999998636
3_lower,2023-06-06,2023-06-06 10:00:00-04:00,2023-07-04 10:00:00-04:00,2023-06-07 12:18:00-04:00,lower,skipped,blocked_time,n/a,n/a,,,,,,,,
4_lower,2023-06-07,2023-06-07 10:00:00-04:00,2023-07-05 10:00:00-04:00,2023-06-07 12:18:00-04:00,lower,skipped,blocked_time,n/a,n/a,,,,,,,,
6_lower,2023-06-09,2023-06-09 10:00:00-04:00,2023-07-07 10:00:00-04:00,2023-06-13 08:30:00-04:00,lower,skipped,simultaneous_collision,flat,inactive,,,,,,,,
5_lower,2023-06-13,2023-06-08 10:00:00-04:00,2023-07-06 10:00:00-04:00,2023-06-13 08:30:00-04:00,lower,executed,,flat,inactive,2023-06-13 08:30:00-04:00,2023-06-13 08:31:00-04:00,1959.9274399757337,1964.4274399757337,3.0,4.5,TP,4.5
8_lower,2023-06-13,2023-06-13 10:00:00-04:00,2023-07-11 10:00:00-04:00,2023-06-13 15:00:00-04:00,lower,skipped,no_cutoff,n/a,n/a,,,,,,,,
7_lower,2023-06-12,2023-06-12 10:00:00-04:00,2023-07-10 10:00:00-04:00,2023-06-13 15:07:00-04:00,lower,skipped,no_cutoff,n/a,n/a,,,,,,,,
9_lower,2023-06-14,2023-06-14 10:00:00-04:00,2023-07-12 10:00:00-04:00,2023-06-14 14:01:00-04:00,lower,skipped,blocked_time,n/a,n/a,,,,,,,,
2_lower,2023-06-15,2023-06-05 10:00:00-04:00,2023-07-03 10:00:00-04:00,2023-06-14 21:33:00-04:00,lower,executed,,flat,inactive,2023-06-14 21:33:00-04:00,2023-06-15 09:46:00-04:00,1946.3825949668205,1960.7825949668209,9.600000000000136,14.400000000000205,TP,14.400000000000205
10_upper,2023-06-16,2023-06-15 10:00:00-04:00,2023-07-13 10:00:00-04:00,2023-06-16 04:46:00-04:00,upper,executed,,flat,inactive,2023-06-16 04:46:00-04:00,2023-06-16 09:30:00-04:00,1975.9287513078502,1970.5287513078504,3.599999999999909,5.399999999999864,TP,5.399999999999864
11_lower,2023-06-20,2023-06-16 10:00:00-04:00,2023-07-14 10:00:00-04:00,2023-06-20 09:01:00-04:00,lower,executed,,flat,inactive,2023-06-20 09:01:00-04:00,2023-06-20 15:00:00-04:00,1955.2586239627099,1949.6,10.899999999999864,16.349999999999795,cutoff,-5.658623962709953
12_lower,2023-06-19,2023-06-19 10:00:00-04:00,2023-07-17 10:00:00-04:00,2023-06-20 09:10:00-04:00,lower,skipped,position_open,open,active,,,,,,,,
10_lower,2023-06-21,2023-06-15 10:00:00-04:00,2023-07-13 10:00:00-04:00,2023-06-21 09:08:00-04:00,lower,executed,,flat,inactive,2023-06-21 09:08:00-04:00,2023-06-21 10:04:00-04:00,1936.4212486921497,1936.4212486921497,9.700000000000045,14.550000000000068,BE,0.0
13_lower,2023-06-20,2023-06-20 10:00:00-04:00,2023-07-18 10:00:00-04:00,2023-06-21 09:39:00-04:00,lower,skipped,position_open,open,inactive,,,,,,,,
15_upper,2023-06-23,2023-06-22 10:00:00-04:00,2023-07-20 10:00:00-04:00,2023-06-23 09:45:00-04:00,upper,executed,,flat,inactive,2023-06-23 09:45:00-04:00,2023-06-23 12:00:00-04:00,1947.4096151635335,1930.7596151635335,11.100000000000136,16.650000000000205,TP,16.650000000000205
16_lower,2023-06-23,2023-06-23 10:00:00-04:00,2023-07-21 10:00:00-04:00,2023-06-23 12:42:00-04:00,lower,skipped,blocked_time,n/a,n/a,,,,,,,,
17_lower,2023-06-27,2023-06-26 10:00:00-04:00,2023-07-24 10:00:00-04:00,2023-06-27 10:16:00-04:00,lower,executed,,flat,inactive,2023-06-27 10:16:00-04:00,2023-06-27 12:06:00-04:00,1921.795029967761,1921.795029967761,8.099999999999909,12.149999999999864,BE,0.0
18_lower,2023-06-27,2023-06-27 10:00:00-04:00,2023-07-25 10:00:00-04:00,2023-06-28 02:43:00-04:00,lower,skipped,simultaneous_collision,flat,inactive,,,,,,,,
14_lower,2023-06-28,2023-06-21 10:00:00-04:00,2023-07-19 10:00:00-04:00,2023-06-28 02:43:00-04:00,lower,executed,,flat,inactive,2023-06-28 02:43:00-04:00,2023-06-28 03:30:00-04:00,1918.9348188770332,1918.9348188770332,1.7999999999999545,2.699999999999932,BE,0.0
15_lower,2023-06-28,2023-06-22 10:00:00-04:00,2023-07-20 10:00:00-04:00,2023-06-28 05:48:00-04:00,lower,executed,,flat,inactive,2023-06-28 05:48:00-04:00,2023-06-28 11:25:00-04:00,1916.5403848364663,1921.9403848364661,3.599999999999909,5.399999999999864,TP,5.399999999999864
19_lower,2023-06-29,2023-06-28 10:00:00-04:00,2023-07-26 10:00:00-04:00,2023-06-29 09:31:00-04:00,lower,executed,,flat,inactive,2023-06-29 09:31:00-04:00,2023-06-29 15:00:00-04:00,1900.6878688189358,1915.2,17.100000000000136,25.650000000000205,cutoff,14.512131181064206
20_upper,2023-06-29,2023-06-29 10:00:00-04:00,2023-07-27 10:00:00-04:00,2023-06-29 10:13:00-04:00,upper,skipped,position_open,open,inactive,,,,,,,,
21_upper,2023-06-30,2023-06-30 10:00:00-04:00,2023-07-28 10:00:00-04:00,2023-07-03 09:17:00-04:00,upper,skipped,simultaneous_collision,flat,inactive,,,,,,,,
19_upper,2023-07-03,2023-06-28 10:00:00-04:00,2023-07-26 10:00:00-04:00,2023-07-03 09:17:00-04:00,upper,executed,,flat,inactive,2023-07-03 09:17:00-04:00,2023-07-03 15:00:00-04:00,1933.0621311810644,1928.9,10.600000000000136,15.900000000000205,cutoff,4.1621311810642965
23_lower,2023-07-04,2023-07-04 10:00:00-04:00,2023-08-01 10:00:00-04:00,2023-07-05 14:14:00-04:00,lower,skipped,blocked_time,n/a,n/a,,,,,,,,
24_lower,2023-07-05,2023-07-05 10:00:00-04:00,2023-08-02 10:00:00-04:00,2023-07-06 08:20:00-04:00,lower,skipped,simultaneous_collision,flat,inactive,,,,,,,,
22_lower,2023-07-06,2023-07-03 10:00:00-04:00,2023-07-31 10:00:00-04:00,2023-07-06 08:20:00-04:00,lower,executed,,flat,inactive,2023-07-06 08:20:00-04:00,2023-07-06 08:30:00-04:00,1916.9733451691152,1912.1733451691152,3.2000000000000455,4.800000000000068,SL,-4.7999999999999545
25_upper,2023-07-07,2023-07-06 10:00:00-04:00,2023-08-03 10:00:00-04:00,2023-07-07 08:30:00-04:00,upper,executed,,flat,inactive,2023-07-07 08:30:00-04:00,2023-07-07 08:30:00-04:00,1934.2081254405114,1937.9581254405114,2.5,3.75,SL,-3.75
27_upper,2023-07-11,2023-07-10 10:00:00-04:00,2023-08-07 10:00:00-04:00,2023-07-11 02:40:00-04:00,upper,executed,,flat,inactive,2023-07-11 02:40:00-04:00,2023-07-11 02:40:00-04:00,1940.4375229068178,1943.287522906818,1.900000000000091,2.8500000000001364,SL,-2.8500000000001364
26_upper,2023-07-07,2023-07-07 10:00:00-04:00,2023-08-04 10:00:00-04:00,2023-07-11 02:42:00-04:00,upper,skipped,SAL,n/a,active,,,,,,,,
23_upper,2023-07-12,2023-07-04 10:00:00-04:00,2023-08-01 10:00:00-04:00,2023-07-11 22:22:00-04:00,upper,executed,,flat,inactive,2023-07-11 22:22:00-04:00,2023-07-12 02:38:00-04:00,1945.9330758992323,1940.8330758992322,3.400000000000091,5.100000000000136,TP,5.100000000000136
22_upper,2023-07-03,2023-07-03 10:00:00-04:00,2023-07-31 10:00:00-04:00,2023-07-12 08:30:00-04:00,upper,skipped,simultaneous_collision,flat,inactive,,,,,,,,
17_upper,2023-07-12,2023-06-26 10:00:00-04:00,2023-07-24 10:00:00-04:00,2023-07-12 08:30:00-04:00,upper,executed,,flat,inactive,2023-07-12 08:30:00-04:00,2023-07-12 08:37:00-04:00,1950.504970032239,1955.154970032239,3.099999999999909,4.649999999999864,SL,-4.649999999999864
28_upper,2023-07-11,2023-07-11 10:00:00-04:00,2023-08-08 10:00:00-04:00,2023-07-12 08:31:00-04:00,upper,skipped,position_open,open,active,,,,,,,,
24_upper,2023-07-05,2023-07-05 10:00:00-04:00,2023-08-02 10:00:00-04:00,2023-07-12 08:36:00-04:00,upper,skipped,position_open,open,active,,,,,,,,
18_upper,2023-06-27,2023-06-27 10:00:00-04:00,2023-07-25 10:00:00-04:00,2023-07-12 08:37:00-04:00,upper,skipped,SAL,n/a,active,,,,,,,,
14_upper,2023-06-21,2023-06-21 10:00:00-04:00,2023-07-19 10:00:00-04:00,2023-07-12 09:29:00-04:00,upper,skipped,SAL,n/a,active,,,,,,,,
16_upper,2023-06-23,2023-06-23 10:00:00-04:00,2023-07-21 10:00:00-04:00,2023-07-12 09:40:00-04:00,upper,skipped,SAL,n/a,active,,,,,,,,
13_upper,2023-06-20,2023-06-20 10:00:00-04:00,2023-07-18 10:00:00-04:00,2023-07-12 12:33:00-04:00,upper,skipped,blocked_time,n/a,n/a,,,,,,,,
30_lower,2023-07-17,2023-07-13 10:00:00-04:00,2023-08-10 10:00:00-04:00,2023-07-17 09:01:00-04:00,lower,executed,,flat,inactive,2023-07-17 09:01:00-04:00,2023-07-17 15:00:00-04:00,1951.302311911507,1959.5,11.900000000000091,17.850000000000136,cutoff,8.197688088492896
32_upper,2023-07-18,2023-07-17 10:00:00-04:00,2023-08-14 10:00:00-04:00,2023-07-18 03:01:00-04:00,upper,executed,,flat,inactive,2023-07-18 03:01:00-04:00,2023-07-18 03:51:00-04:00,1965.8590486657654,1965.8590486657654,4.5,6.75,BE,-0.0
30_upper,2023-07-13,2023-07-13 10:00:00-04:00,2023-08-10 10:00:00-04:00,2023-07-18 07:16:00-04:00,upper,skipped,simultaneous_collision,flat,inactive,,,,,,,,
31_upper,2023-07-14,2023-07-14 10:00:00-04:00,2023-08-11 10:00:00-04:00,2023-07-18 07:16:00-04:00,upper,skipped,simultaneous_collision,flat,inactive,,,,,,,,
29_upper,2023-07-18,2023-07-12 10:00:00-04:00,2023-08-09 10:00:00-04:00,2023-07-18 07:16:00-04:00,upper,executed,,flat,inactive,2023-07-18 07:16:00-04:00,2023-07-18 07:24:00-04:00,1973.451982458696,1969.4019824586958,2.7000000000000455,4.050000000000068,TP,4.050000000000068
34_lower,2023-07-21,2023-07-19 10:00:00-04:00,2023-08-16 10:00:00-04:00,2023-07-21 03:46:00-04:00,lower,executed,,flat,inactive,2023-07-21 03:46:00-04:00,2023-07-21 09:14:00-04:00,1967.6969022265353,1962.896902226535,3.2000000000000455,4.800000000000068,SL,-4.800000000000182
35_lower,2023-07-20,2023-07-20 10:00:00-04:00,2023-08-17 10:00:00-04:00,2023-07-21 04:05:00-04:00,lower,skipped,position_open,open,active,,,,,,,,
33_lower,2023-07-18,2023-07-18 10:00:00-04:00,2023-08-15 10:00:00-04:00,2023-07-24 15:14:00-04:00,lower,skipped,no_cutoff,n/a,n/a,,,,,,,,
38_upper,2023-07-25,2023-07-25 10:00:00-04:00,2023-08-22 10:00:00-04:00,2023-07-26 11:26:00-04:00,upper,skipped,blocked_time,n/a,n/a,,,,,,,,
36_upper,2023-07-21,2023-07-21 10:00:00-04:00,2023-08-18 10:00:00-04:00,2023-07-26 14:39:00-04:00,upper,skipped,blocked_time,n/a,n/a,,,,,,,,
37_upper,2023-07-24,2023-07-24 10:00:00-04:00,2023-08-21 10:00:00-04:00,2023-07-26 14:43:00-04:00,upper,skipped,blocked_time,n/a,n/a,,,,,,,,
39_upper,2023-07-27,2023-07-26 10:00:00-04:00,2023-08-23 10:00:00-04:00,2023-07-26 22:37:00-04:00,upper,executed,,flat,inactive,2023-07-26 22:37:00-04:00,2023-07-27 03:47:00-04:00,1981.5416551224696,1981.5416551224696,5.7999999999999545,8.699999999999932,BE,-0.0
39_lower,2023-07-27,2023-07-26 10:00:00-04:00,2023-08-23 10:00:00-04:00,2023-07-27 09:23:00-04:00,lower,executed,,flat,inactive,2023-07-27 09:23:00-04:00,2023-07-27 15:00:00-04:00,1955.10834487753,1944.3,22.09999999999991,33.149999999999864,cutoff,-10.80834487753009
36_lower,2023-07-21,2023-07-21 10:00:00-04:00,2023-08-18 10:00:00-04:00,2023-07-27 09:36:00-04:00,lower,skipped,position_open,open,active,,,,,,,,
37_lower,2023-07-24,2023-07-24 10:00:00-04:00,2023-08-21 10:00:00-04:00,2023-07-27 09:36:00-04:00,lower,skipped,position_open,open,active,,,,,,,,
31_lower,2023-07-14,2023-07-14 10:00:00-04:00,2023-08-11 10:00:00-04:00,2023-07-27 09:40:00-04:00,lower,skipped,position_open,open,active,,,,,,,,
29_lower,2023-07-12,2023-07-12 10:00:00-04:00,2023-08-09 10:00:00-04:00,2023-07-27 10:06:00-04:00,lower,skipped,position_open,open,active,,,,,,,,
40_upper,2023-07-28,2023-07-27 10:00:00-04:00,2023-08-24 10:00:00-04:00,2023-07-27 20:00:00-04:00,upper,executed,,flat,inactive,2023-07-27 20:00:00-04:00,2023-07-27 21:03:00-04:00,1986.3,1986.3,3.2000000000000455,4.800000000000068,BE,-0.0
33_upper,2023-07-28,2023-07-18 10:00:00-04:00,2023-08-15 10:00:00-04:00,2023-07-27 22:58:00-04:00,upper,executed,,flat,inactive,2023-07-27 22:58:00-04:00,2023-07-28 08:30:00-04:00,1990.1470175228233,1996.8970175228233,4.5,6.75,SL,-6.75
34_upper,2023-07-19,2023-07-19 10:00:00-04:00,2023-08-16 10:00:00-04:00,2023-07-28 00:03:00-04:00,upper,skipped,position_open,open,active,,,,,,,,
35_upper,2023-07-20,2023-07-20 10:00:00-04:00,2023-08-17 10:00:00-04:00,2023-07-28 07:23:00-04:00,upper,skipped,position_open,open,active,,,,,,,,
41_upper,2023-07-31,2023-07-28 10:00:00-04:00,2023-08-25 10:00:00-04:00,2023-07-31 09:45:00-04:00,upper,executed,,flat,inactive,2023-07-31 09:45:00-04:00,2023-07-31 11:22:00-04:00,2007.892211417939,2007.892211417939,9.900000000000091,14.850000000000136,BE,-0.0
42_lower,2023-08-01,2023-07-31 10:00:00-04:00,2023-08-28 10:00:00-04:00,2023-08-01 08:02:00-04:00,lower,executed,,flat,inactive,2023-08-01 08:02:00-04:00,2023-08-01 08:46:00-04:00,1990.5619636465158,1984.861963646516,3.7999999999999545,5.699999999999932,SL,-5.699999999999818
41_lower,2023-07-28,2023-07-28 10:00:00-04:00,2023-08-25 10:00:00-04:00,2023-08-01 11:15:00-04:00,lower,skipped,blocked_time,n/a,n/a,,,,,,,,
43_lower,2023-08-01,2023-08-01 10:00:00-04:00,2023-08-29 10:00:00-04:00,2023-08-02 11:28:00-04:00,lower,skipped,blocked_time,n/a,n/a,,,,,,,,
44_lower,2023-08-02,2023-08-02 10:00:00-04:00,2023-08-30 10:00:00-04:00,2023-08-02 11:28:00-04:00,lower,skipped,blocked_time,n/a,n/a,,,,,,,,
46_lower,2023-08-08,2023-08-04 10:00:00-04:00,2023-09-01 10:00:00-04:00,2023-08-08 07:52:00-04:00,lower,executed,,flat,inactive,2023-08-08 07:52:00-04:00,2023-08-08 08:38:00-04:00,1962.7445363805625,1962.7445363805625,5.2000000000000455,7.800000000000068,BE,0.0
47_lower,2023-08-07,2023-08-07 10:00:00-04:00,2023-09-04 10:00:00-04:00,2023-08-09 10:31:00-04:00,lower,skipped,simultaneous_collision,flat,inactive,,,,,,,,
45_lower,2023-08-09,2023-08-03 10:00:00-04:00,2023-08-31 10:00:00-04:00,2023-08-09 10:31:00-04:00,lower,executed,,flat,inactive,2023-08-09 10:31:00-04:00,2023-08-09 15:00:00-04:00,1953.7248311141498,1949.6,4.599999999999909,6.899999999999864,cutoff,-4.124831114149856
48_lower,2023-08-08,2023-08-08 10:00:00-04:00,2023-09-05 10:00:00-04:00,2023-08-10 18:50:00-04:00,lower,skipped,no_anchor,n/a,n/a,,,,,,,,
49_lower,2023-08-09,2023-08-09 10:00:00-04:00,2023-09-06 10:00:00-04:00,2023-08-10 18:50:00-04:00,lower,skipped,no_anchor,n/a,n/a,,,,,,,,
38_lower,2023-08-14,2023-07-25 10:00:00-04:00,2023-08-22 10:00:00-04:00,2023-08-14 08:11:00-04:00,lower,executed,,flat,inactive,2023-08-14 08:11:00-04:00,2023-08-14 08:24:00-04:00,1940.2735277009622,1937.8735277009619,1.6000000000001364,2.4000000000002046,SL,-2.4000000000003183
32_lower,2023-07-17,2023-07-17 10:00:00-04:00,2023-08-14 10:00:00-04:00,2023-08-14 08:24:00-04:00,lower,skipped,SAL,n/a,active,,,,,,,,
50_lower,2023-08-10,2023-08-10 10:00:00-04:00,2023-09-07 10:00:00-04:00,2023-08-14 08:24:00-04:00,lower,skipped,SAL,n/a,active,,,,,,,,
40_lower,2023-08-15,2023-07-27 10:00:00-04:00,2023-08-24 10:00:00-04:00,2023-08-15 04:22:00-04:00,lower,executed,,flat,inactive,2023-08-15 04:22:00-04:00,2023-08-15 07:03:00-04:00,1933.7790814237953,1933.7790814237953,2.099999999999909,3.1499999999998636,BE,0.0
51_lower,2023-08-15,2023-08-11 10:00:00-04:00,2023-09-08 10:00:00-04:00,2023-08-15 08:30:00-04:00,lower,executed,,flat,inactive,2023-08-15 08:30:00-04:00,2023-08-15 08:35:00-04:00,1930.7613867597352,1934.211386759735,2.2999999999999545,3.449999999999932,TP,3.449999999999932
52_lower,2023-08-14,2023-08-14 10:00:00-04:00,2023-09-11 10:00:00-04:00,2023-08-16 15:14:00-04:00,lower,skipped,no_cutoff,n/a,n/a,,,,,,,,
53_lower,2023-08-17,2023-08-15 10:00:00-04:00,2023-09-12 10:00:00-04:00,2023-08-16 20:50:00-04:00,lower,executed,,flat,inactive,2023-08-16 20:50:00-04:00,2023-08-17 02:23:00-04:00,1921.169471038712,1924.169471038712,2.0,3.0,TP,3.0
54_lower,2023-08-16,2023-08-16 10:00:00-04:00,2023-09-13 10:00:00-04:00,2023-08-16 21:13:00-04:00,lower,skipped,position_open,open,inactive,,,,,,,,
55_lower,2023-08-21,2023-08-17 10:00:00-04:00,2023-09-14 10:00:00-04:00,2023-08-20 21:38:00-04:00,lower,executed,,flat,inactive,2023-08-20 21:38:00-04:00,2023-08-20 22:13:00-04:00,1914.0640160303153,1916.0140160303154,1.2999999999999545,1.9499999999999318,TP,1.9499999999999318
58_upper,2023-08-23,2023-08-22 10:00:00-04:00,2023-09-19 10:00:00-04:00,2023-08-23 09:24:00-04:00,upper,executed,,flat,inactive,2023-08-23 09:24:00-04:00,2023-08-23 09:48:00-04:00,1937.767932419634,1947.217932419634,6.2999999999999545,9.449999999999932,SL,-9.450000000000045
56_upper,2023-08-18,2023-08-18 10:00:00-04:00,2023-09-15 10:00:00-04:00,2023-08-23 09:27:00-04:00,upper,skipped,position_open,open,active,,,,,,,,
57_upper,2023-08-21,2023-08-21 10:00:00-04:00,2023-09-18 10:00:00-04:00,2023-08-23 09:27:00-04:00,upper,skipped,position_open,open,active,,,,,,,,
55_upper,2023-08-17,2023-08-17 10:00:00-04:00,2023-09-14 10:00:00-04:00,2023-08-23 09:48:00-04:00,upper,skipped,SAL,n/a,active,,,,,,,,
53_upper,2023-08-15,2023-08-15 10:00:00-04:00,2023-09-12 10:00:00-04:00,2023-08-23 12:22:00-04:00,upper,skipped,blocked_time,n/a,n/a,,,,,,,,
54_upper,2023-08-16,2023-08-16 10:00:00-04:00,2023-09-13 10:00:00-04:00,2023-08-23 12:33:00-04:00,upper,skipped,blocked_time,n/a,n/a,,,,,,,,
52_upper,2023-08-14,2023-08-14 10:00:00-04:00,2023-09-11 10:00:00-04:00,2023-08-23 12:42:00-04:00,upper,skipped,blocked_time,n/a,n/a,,,,,,,,
61_upper,2023-08-25,2023-08-25 10:00:00-04:00,2023-09-22 10:00:00-04:00,2023-08-29 10:00:00-04:00,upper,skipped,simultaneous_collision,flat,inactive,,,,,,,,
62_upper,2023-08-28,2023-08-28 10:00:00-04:00,2023-09-25 10:00:00-04:00,2023-08-29 10:00:00-04:00,upper,skipped,simultaneous_collision,flat,inactive,,,,,,,,
60_upper,2023-08-29,2023-08-24 10:00:00-04:00,2023-09-21 10:00:00-04:00,2023-08-29 10:00:00-04:00,upper,executed,,flat,inactive,2023-08-29 10:00:00-04:00,2023-08-29 11:47:00-04:00,1957.1502832560059,1965.1002832560057,5.2999999999999545,7.949999999999932,SL,-7.949999999999818
59_upper,2023-08-23,2023-08-23 10:00:00-04:00,2023-09-20 10:00:00-04:00,2023-08-29 10:18:00-04:00,upper,skipped,position_open,open,active,,,,,,,,
51_upper,2023-08-11,2023-08-11 10:00:00-04:00,2023-09-08 10:00:00-04:00,2023-08-29 11:53:00-04:00,upper,skipped,blocked_time,n/a,n/a,,,,,,,,
63_upper,2023-08-29,2023-08-29 10:00:00-04:00,2023-09-26 10:00:00-04:00,2023-08-30 08:15:00-04:00,upper,skipped,simultaneous_collision,flat,inactive,,,,,,,,
50_upper,2023-08-30,2023-08-10 10:00:00-04:00,2023-09-07 10:00:00-04:00,2023-08-30 08:15:00-04:00,upper,executed,,flat,inactive,2023-08-30 08:15:00-04:00,2023-08-30 08:31:00-04:00,1969.5969662339126,1973.4969662339126,2.6000000000001364,3.9000000000002046,SL,-3.900000000000091
49_upper,2023-08-09,2023-08-09 10:00:00-04:00,2023-09-06 10:00:00-04:00,2023-08-30 08:30:00-04:00,upper,skipped,position_open,open,active,,,,,,,,
48_upper,2023-08-08,2023-08-08 10:00:00-04:00,2023-09-05 10:00:00-04:00,2023-08-30 08:31:00-04:00,upper,skipped,SAL,n/a,active,,,,,,,,
64_lower,2023-09-05,2023-08-30 10:00:00-04:00,2023-09-27 10:00:00-04:00,2023-09-05 04:05:00-04:00,lower,executed,,flat,inactive,2023-09-05 04:05:00-04:00,2023-09-05 05:46:00-04:00,1960.2274158838522,1956.027415883852,2.800000000000182,4.200000000000273,SL,-4.200000000000273
65_lower,2023-08-31,2023-08-31 10:00:00-04:00,2023-09-28 10:00:00-04:00,2023-09-05 05:28:00-04:00,lower,skipped,position_open,open,active,,,,,,,,
66_lower,2023-09-01,2023-09-01 10:00:00-04:00,2023-09-29 10:00:00-04:00,2023-09-05 08:25:00-04:00,lower,skipped,SAL,n/a,active,,,,,,,,
67_lower,2023-09-04,2023-09-04 10:00:00-04:00,2023-10-02 10:00:00-04:00,2023-09-05 08:25:00-04:00,lower,skipped,SAL,n/a,active,,,,,,,,
68_lower,2023-09-06,2023-09-05 10:00:00-04:00,2023-10-03 10:00:00-04:00,2023-09-06 10:36:00-04:00,lower,executed,,flat,inactive,2023-09-06 10:36:00-04:00,2023-09-06 15:00:00-04:00,1942.0375814063468,1942.5,8.5,12.75,cutoff,0.46241859365318305
72_lower,2023-09-12,2023-09-11 10:00:00-04:00,2023-10-09 10:00:00-04:00,2023-09-12 06:35:00-04:00,lower,executed,,flat,inactive,2023-09-12 06:35:00-04:00,2023-09-12 06:35:00-04:00,1937.9009843289311,1935.6509843289311,1.5,2.25,SL,-2.25
69_lower,2023-09-06,2023-09-06 10:00:00-04:00,2023-10-04 10:00:00-04:00,2023-09-12 08:20:00-04:00,lower,skipped,SAL,n/a,active,,,,,,,,
70_lower,2023-09-07,2023-09-07 10:00:00-04:00,2023-10-05 10:00:00-04:00,2023-09-12 08:21:00-04:00,lower,skipped,SAL,n/a,active,,,,,,,,
71_lower,2023-09-08,2023-09-08 10:00:00-04:00,2023-10-06 10:00:00-04:00,2023-09-12 08:25:00-04:00,lower,skipped,SAL,n/a,active,,,,,,,,
63_lower,2023-09-13,2023-08-29 10:00:00-04:00,2023-09-26 10:00:00-04:00,2023-09-13 08:30:00-04:00,lower,executed,,flat,inactive,2023-09-13 08:30:00-04:00,2023-09-13 08:33:00-04:00,1928.1391929141382,1930.8391929141385,1.800000000000182,2.700000000000273,TP,2.700000000000273
61_lower,2023-08-25,2023-08-25 10:00:00-04:00,2023-09-22 10:00:00-04:00,2023-09-13 08:31:00-04:00,lower,skipped,position_open,open,inactive,,,,,,,,
62_lower,2023-08-28,2023-08-28 10:00:00-04:00,2023-09-25 10:00:00-04:00,2023-09-14 03:07:00-04:00,lower,skipped,simultaneous_collision,flat,inactive,,,,,,,,
60_lower,2023-09-14,2023-08-24 10:00:00-04:00,2023-09-21 10:00:00-04:00,2023-09-14 03:07:00-04:00,lower,executed,,flat,inactive,2023-09-14 03:07:00-04:00,2023-09-14 06:54:00-04:00,1927.199716743994,1929.7497167439942,1.7000000000000455,2.550000000000068,TP,2.550000000000068
74_lower,2023-09-14,2023-09-13 10:00:00-04:00,2023-10-11 10:00:00-04:00,2023-09-14 08:30:00-04:00,lower,executed,,flat,inactive,2023-09-14 08:30:00-04:00,2023-09-14 08:51:00-04:00,1923.1178020801035,1925.9678020801034,1.8999999999998636,2.8499999999997954,TP,2.8499999999997954
75_upper,2023-09-15,2023-09-14 10:00:00-04:00,2023-10-12 10:00:00-04:00,2023-09-15 00:47:00-04:00,upper,executed,,flat,inactive,2023-09-15 00:47:00-04:00,2023-09-15 02:05:00-04:00,1937.9156171272382,1937.9156171272382,1.2999999999999545,1.9499999999999318,BE,-0.0
73_upper,2023-09-15,2023-09-12 10:00:00-04:00,2023-10-10 10:00:00-04:00,2023-09-15 09:11:00-04:00,upper,executed,,flat,inactive,2023-09-15 09:11:00-04:00,2023-09-15 10:07:00-04:00,1944.0679749725155,1951.1179749725152,4.699999999999818,7.049999999999727,SL,-7.049999999999727
74_upper,2023-09-13,2023-09-13 10:00:00-04:00,2023-10-11 10:00:00-04:00,2023-09-15 10:00:00-04:00,upper,skipped,position_open,open,active,,,,,,,,
70_upper,2023-09-19,2023-09-07 10:00:00-04:00,2023-10-05 10:00:00-04:00,2023-09-19 08:14:00-04:00,upper,executed,,flat,inactive,2023-09-19 08:14:00-04:00,2023-09-19 08:45:00-04:00,1958.330623825538,1955.630623825538,1.7999999999999545,2.699999999999932,TP,2.699999999999932
77_upper,2023-09-18,2023-09-18 10:00:00-04:00,2023-10-16 10:00:00-04:00,2023-09-20 09:43:00-04:00,upper,skipped,simultaneous_collision,flat,inactive,,,,,,,,
76_upper,2023-09-20,2023-09-15 10:00:00-04:00,2023-10-13 10:00:00-04:00,2023-09-20 09:43:00-04:00,upper,executed,,flat,inactive,2023-09-20 09:43:00-04:00,2023-09-20 09:55:00-04:00,1959.4743915002398,1964.7243915002398,3.5,5.25,SL,-5.25
71_upper,2023-09-08,2023-09-08 10:00:00-04:00,2023-10-06 10:00:00-04:00,2023-09-20 09:51:00-04:00,upper,skipped,position_open,open,active,,,,,,,,
69_upper,2023-09-06,2023-09-06 10:00:00-04:00,2023-10-04 10:00:00-04:00,2023-09-20 09:54:00-04:00,upper,skipped,position_open,open,active,,,,,,,,
72_upper,2023-09-11,2023-09-11 10:00:00-04:00,2023-10-09 10:00:00-04:00,2023-09-20 10:55:00-04:00,upper,skipped,SAL,n/a,active,,,,,,,,
78_upper,2023-09-19,2023-09-19 10:00:00-04:00,2023-10-17 10:00:00-04:00,2023-09-20 13:08:00-04:00,upper,skipped,blocked_time,n/a,n/a,,,,,,,,
78_lower,2023-09-21,2023-09-19 10:00:00-04:00,2023-10-17 10:00:00-04:00,2023-09-21 04:51:00-04:00,lower,executed,,flat,inactive,2023-09-21 04:51:00-04:00,2023-09-21 07:25:00-04:00,1943.724615913804,1939.974615913804,2.5,3.75,SL,-3.75
79_lower,2023-09-20,2023-09-20 10:00:00-04:00,2023-10-18 10:00:00-04:00,2023-09-21 08:00:00-04:00,lower,skipped,SAL,n/a,active,,,,,,,,
77_lower,2023-09-18,2023-09-18 10:00:00-04:00,2023-10-16 10:00:00-04:00,2023-09-21 08:21:00-04:00,lower,skipped,SAL,n/a,active,,,,,,,,
76_lower,2023-09-15,2023-09-15 10:00:00-04:00,2023-10-13 10:00:00-04:00,2023-09-21 08:52:00-04:00,lower,skipped,SAL,n/a,active,,,,,,,,
81_lower,2023-09-26,2023-09-22 10:00:00-04:00,2023-10-20 10:00:00-04:00,2023-09-26 02:17:00-04:00,lower,executed,,flat,inactive,2023-09-26 02:17:00-04:00,2023-09-26 03:00:00-04:00,1931.4178006402283,1928.8678006402283,1.7000000000000455,2.550000000000068,SL,-2.5499999999999545
82_lower,2023-09-25,2023-09-25 10:00:00-04:00,2023-10-23 10:00:00-04:00,2023-09-26 03:01:00-04:00,lower,skipped,SAL,n/a,active,,,,,,,,
80_lower,2023-09-21,2023-09-21 10:00:00-04:00,2023-10-19 10:00:00-04:00,2023-09-26 08:38:00-04:00,lower,skipped,SAL,n/a,active,,,,,,,,
73_lower,2023-09-12,2023-09-12 10:00:00-04:00,2023-10-10 10:00:00-04:00,2023-09-26 11:07:00-04:00,lower,skipped,blocked_time,n/a,n/a,,,,,,,,
75_lower,2023-09-27,2023-09-14 10:00:00-04:00,2023-10-12 10:00:00-04:00,2023-09-27 07:00:00-04:00,lower,executed,,flat,inactive,2023-09-27 07:00:00-04:00,2023-09-27 07:54:00-04:00,1911.3843828727618,1911.3843828727618,2.900000000000091,4.350000000000136,BE,0.0
83_lower,2023-09-27,2023-09-26 10:00:00-04:00,2023-10-24 10:00:00-04:00,2023-09-27 08:03:00-04:00,lower,executed,,flat,inactive,2023-09-27 08:03:00-04:00,2023-09-27 08:30:00-04:00,1909.977262179115,1907.277262179115,1.7999999999999545,2.699999999999932,SL,-2.7000000000000455
84_lower,2023-09-28,2023-09-27 10:00:00-04:00,2023-10-25 10:00:00-04:00,2023-09-28 08:45:00-04:00,lower,executed,,flat,inactive,2023-09-28 08:45:00-04:00,2023-09-28 09:05:00-04:00,1889.26967674919,1892.7196767491903,2.300000000000182,3.450000000000273,TP,3.450000000000273
85_lower,2023-09-28,2023-09-28 10:00:00-04:00,2023-10-26 10:00:00-04:00,2023-09-28 11:20:00-04:00,lower,skipped,blocked_time,n/a,n/a,,,,,,,,
86_lower,2023-09-29,2023-09-29 10:00:00-04:00,2023-10-27 10:00:00-04:00,2023-09-29 11:04:00-04:00,lower,skipped,blocked_time,n/a,n/a,,,,,,,,
87_lower,2023-10-03,2023-10-02 10:00:00-04:00,2023-10-30 10:00:00-04:00,2023-10-02 22:10:00-04:00,lower,executed,,flat,inactive,2023-10-02 22:10:00-04:00,2023-10-03 02:14:00-04:00,1834.3620840460135,1838.2620840460133,2.599999999999909,3.8999999999998636,TP,3.8999999999998636
90_upper,2023-10-05,2023-10-05 10:00:00-04:00,2023-11-02 10:00:00-04:00,2023-10-06 11:28:00-04:00,upper,skipped,blocked_time,n/a,n/a,,,,,,,,
88_upper,2023-10-03,2023-10-03 10:00:00-04:00,2023-10-31 10:00:00-04:00,2023-10-08 18:00:00-04:00,upper,skipped,no_anchor,n/a,n/a,,,,,,,,
89_upper,2023-10-04,2023-10-04 10:00:00-04:00,2023-11-01 10:00:00-04:00,2023-10-08 18:00:00-04:00,upper,skipped,no_anchor,n/a,n/a,,,,,,,,
91_upper,2023-10-06,2023-10-06 10:00:00-04:00,2023-11-03 10:00:00-04:00,2023-10-08 18:00:00-04:00,upper,skipped,no_anchor,n/a,n/a,,,,,,,,
87_upper,2023-10-02,2023-10-02 10:00:00-04:00,2023-10-30 10:00:00-04:00,2023-10-08 18:03:00-04:00,upper,skipped,no_anchor,n/a,n/a,,,,,,,,
92_upper,2023-10-09,2023-10-09 10:00:00-04:00,2023-11-06 10:00:00-05:00,2023-10-09 15:13:00-04:00,upper,skipped,no_cutoff,n/a,n/a,,,,,,,,
93_upper,2023-10-11,2023-10-10 10:00:00-04:00,2023-11-07 10:00:00-05:00,2023-10-11 05:01:00-04:00,upper,executed,,flat,inactive,2023-10-11 05:01:00-04:00,2023-10-11 06:44:00-04:00,1883.6133141225546,1888.2633141225544,3.099999999999909,4.649999999999864,SL,-4.649999999999864
94_upper,2023-10-13,2023-10-11 10:00:00-04:00,2023-11-08 10:00:00-05:00,2023-10-13 05:27:00-04:00,upper,executed,,flat,inactive,2023-10-13 05:27:00-04:00,2023-10-13 07:07:00-04:00,1899.1738474193749,1903.8238474193747,3.099999999999909,4.649999999999864,SL,-4.649999999999864
95_upper,2023-10-12,2023-10-12 10:00:00-04:00,2023-11-09 10:00:00-05:00,2023-10-13 07:07:00-04:00,upper,skipped,SAL,n/a,active,,,,,,,,
86_upper,2023-09-29,2023-09-29 10:00:00-04:00,2023-10-27 10:00:00-04:00,2023-10-13 07:37:00-04:00,upper,skipped,SAL,n/a,active,,,,,,,,
85_upper,2023-09-28,2023-09-28 10:00:00-04:00,2023-10-26 10:00:00-04:00,2023-10-13 07:40:00-04:00,upper,skipped,SAL,n/a,active,,,,,,,,
84_upper,2023-09-27,2023-09-27 10:00:00-04:00,2023-10-25 10:00:00-04:00,2023-10-13 08:30:00-04:00,upper,skipped,SAL,n/a,active,,,,,,,,
96_upper,2023-10-13,2023-10-13 10:00:00-04:00,2023-11-10 10:00:00-05:00,2023-10-13 12:05:00-04:00,upper,skipped,blocked_time,n/a,n/a,,,,,,,,
83_upper,2023-09-26,2023-09-26 10:00:00-04:00,2023-10-24 10:00:00-04:00,2023-10-13 12:59:00-04:00,upper,skipped,blocked_time,n/a,n/a,,,,,,,,
97_upper,2023-10-18,2023-10-16 10:00:00-04:00,2023-11-13 10:00:00-05:00,2023-10-17 21:28:00-04:00,upper,executed,,flat,inactive,2023-10-17 21:28:00-04:00,2023-10-18 05:33:00-04:00,1948.5870594378052,1956.6870594378054,5.400000000000091,8.100000000000136,SL,-8.100000000000136
80_upper,2023-09-21,2023-09-21 10:00:00-04:00,2023-10-19 10:00:00-04:00,2023-10-17 21:30:00-04:00,upper,skipped,position_open,open,active,,,,,,,,
98_upper,2023-10-17,2023-10-17 10:00:00-04:00,2023-11-14 10:00:00-05:00,2023-10-18 05:35:00-04:00,upper,skipped,SAL,n/a,active,,,,,,,,
82_upper,2023-09-25,2023-09-25 10:00:00-04:00,2023-10-23 10:00:00-04:00,2023-10-18 05:41:00-04:00,upper,skipped,SAL,n/a,active,,,,,,,,
81_upper,2023-09-22,2023-09-22 10:00:00-04:00,2023-10-20 10:00:00-04:00,2023-10-18 08:03:00-04:00,upper,skipped,SAL,n/a,active,,,,,,,,
79_upper,2023-09-20,2023-09-20 10:00:00-04:00,2023-10-18 10:00:00-04:00,2023-10-18 09:47:00-04:00,upper,skipped,SAL,n/a,active,,,,,,,,
100_upper,2023-10-19,2023-10-19 10:00:00-04:00,2023-11-16 10:00:00-05:00,2023-10-19 13:22:00-04:00,upper,skipped,blocked_time,n/a,n/a,,,,,,,,
99_upper,2023-10-18,2023-10-18 10:00:00-04:00,2023-11-15 10:00:00-05:00,2023-10-19 15:11:00-04:00,upper,skipped,no_cutoff,n/a,n/a,,,,,,,,
102_lower,2023-10-23,2023-10-23 10:00:00-04:00,2023-11-20 10:00:00-05:00,2023-10-24 07:04:00-04:00,lower,skipped,simultaneous_collision,flat,inactive,,,,,,,,
101_lower,2023-10-24,2023-10-20 10:00:00-04:00,2023-11-17 10:00:00-05:00,2023-10-24 07:04:00-04:00,lower,executed,,flat,inactive,2023-10-24 07:04:00-04:00,2023-10-24 11:48:00-04:00,1968.5127009423454,1978.4127009423453,6.599999999999909,9.899999999999864,TP,9.899999999999864
103_upper,2023-10-25,2023-10-24 10:00:00-04:00,2023-11-21 10:00:00-05:00,2023-10-25 09:48:00-04:00,upper,executed,,flat,inactive,2023-10-25 09:48:00-04:00,2023-10-25 10:11:00-04:00,1993.2117988052814,1986.3117988052816,4.599999999999909,6.899999999999864,TP,6.899999999999864
105_upper,2023-10-26,2023-10-26 10:00:00-04:00,2023-11-23 10:00:00-05:00,2023-10-27 13:39:00-04:00,upper,skipped,blocked_time,n/a,n/a,,,,,,,,
102_upper,2023-10-23,2023-10-23 10:00:00-04:00,2023-11-20 10:00:00-05:00,2023-10-27 14:06:00-04:00,upper,skipped,blocked_time,n/a,n/a,,,,,,,,
106_upper,2023-10-27,2023-10-27 10:00:00-04:00,2023-11-24 10:00:00-05:00,2023-10-27 14:06:00-04:00,upper,skipped,blocked_time,n/a,n/a,,,,,,,,
104_upper,2023-10-25,2023-10-25 10:00:00-04:00,2023-11-22 10:00:00-05:00,2023-10-27 14:11:00-04:00,upper,skipped,blocked_time,n/a,n/a,,,,,,,,
101_upper,2023-10-20,2023-10-20 10:00:00-04:00,2023-11-17 10:00:00-05:00,2023-10-27 14:15:00-04:00,upper,skipped,blocked_time,n/a,n/a,,,,,,,,
107_lower,2023-10-30,2023-10-30 10:00:00-04:00,2023-11-27 10:00:00-05:00,2023-10-31 14:17:00-04:00,lower,skipped,blocked_time,n/a,n/a,,,,,,,,
108_lower,2023-11-01,2023-10-31 10:00:00-04:00,2023-11-28 10:00:00-05:00,2023-10-31 23:58:00-04:00,lower,executed,,flat,inactive,2023-10-31 23:58:00-04:00,2023-11-01 01:09:00-04:00,1985.453526893554,1985.453526893554,2.699999999999818,4.049999999999727,BE,0.0
110_upper,2023-11-03,2023-11-02 10:00:00-04:00,2023-11-30 10:00:00-05:00,2023-11-03 08:32:00-04:00,upper,executed,,flat,inactive,2023-11-03 08:32:00-04:00,2023-11-03 08:33:00-04:00,2008.7583347572763,2006.0583347572765,1.7999999999999545,2.699999999999932,TP,2.699999999999932
112_lower,2023-11-07,2023-11-06 10:00:00-05:00,2023-12-04 10:00:00-05:00,2023-11-06 21:44:00-05:00,lower,executed,,flat,inactive,2023-11-06 21:44:00-05:00,2023-11-07 02:03:00-05:00,1979.8635128951546,1976.7135128951547,2.099999999999909,3.1499999999998636,SL,-3.1499999999998636
111_lower,2023-11-03,2023-11-03 10:00:00-04:00,2023-12-01 10:00:00-05:00,2023-11-06 23:00:00-05:00,lower,skipped,position_open,open,active,,,,,,,,
110_lower,2023-11-02,2023-11-02 10:00:00-04:00,2023-11-30 10:00:00-05:00,2023-11-07 02:01:00-05:00,lower,skipped,position_open,open,active,,,,,,,,
106_lower,2023-10-27,2023-10-27 10:00:00-04:00,2023-11-24 10:00:00-05:00,2023-11-07 03:55:00-05:00,lower,skipped,SAL,n/a,active,,,,,,,,
105_lower,2023-10-26,2023-10-26 10:00:00-04:00,2023-11-23 10:00:00-05:00,2023-11-07 04:08:00-05:00,lower,skipped,SAL,n/a,active,,,,,,,,
109_lower,2023-11-01,2023-11-01 10:00:00-04:00,2023-11-29 10:00:00-05:00,2023-11-07 06:38:00-05:00,lower,skipped,SAL,n/a,active,,,,,,,,
104_lower,2023-10-25,2023-10-25 10:00:00-04:00,2023-11-22 10:00:00-05:00,2023-11-07 06:39:00-05:00,lower,skipped,SAL,n/a,active,,,,,,,,
113_lower,2023-11-07,2023-11-07 10:00:00-05:00,2023-12-05 10:00:00-05:00,2023-11-08 14:26:00-05:00,lower,skipped,blocked_time,n/a,n/a,,,,,,,,
114_lower,2023-11-08,2023-11-08 10:00:00-05:00,2023-12-06 10:00:00-05:00,2023-11-08 14:33:00-05:00,lower,skipped,blocked_time,n/a,n/a,,,,,,,,
103_lower,2023-10-24,2023-10-24 10:00:00-04:00,2023-11-21 10:00:00-05:00,2023-11-08 14:34:00-05:00,lower,skipped,blocked_time,n/a,n/a,,,,,,,,
100_lower,2023-11-10,2023-10-19 10:00:00-04:00,2023-11-16 10:00:00-05:00,2023-11-10 09:55:00-05:00,lower,executed,,flat,inactive,2023-11-10 09:55:00-05:00,2023-11-10 10:44:00-05:00,1946.2032962871515,1946.2032962871515,5.900000000000091,8.850000000000136,BE,0.0
99_lower,2023-11-10,2023-10-18 10:00:00-04:00,2023-11-15 10:00:00-05:00,2023-11-10 10:49:00-05:00,lower,executed,,flat,inactive,2023-11-10 10:49:00-05:00,2023-11-10 15:00:00-05:00,1944.4277336444238,1939.1,6.599999999999909,9.899999999999864,cutoff,-5.327733644423915
115_lower,2023-11-09,2023-11-09 10:00:00-05:00,2023-12-07 10:00:00-05:00,2023-11-10 11:22:00-05:00,lower,skipped,blocked_time,n/a,n/a,,,,,,,,
117_upper,2023-11-13,2023-11-13 10:00:00-05:00,2023-12-11 10:00:00-05:00,2023-11-13 12:23:00-05:00,upper,skipped,blocked_time,n/a,n/a,,,,,,,,
116_upper,2023-11-14,2023-11-10 10:00:00-05:00,2023-12-08 10:00:00-05:00,2023-11-14 09:25:00-05:00,upper,executed,,flat,inactive,2023-11-14 09:25:00-05:00,2023-11-14 15:00:00-05:00,1965.7314936685773,1967.6,25.600000000000136,38.400000000000205,cutoff,-1.8685063314226227
115_upper,2023-11-09,2023-11-09 10:00:00-05:00,2023-12-07 10:00:00-05:00,2023-11-14 09:39:00-05:00,upper,skipped,position_open,open,active,,,,,,,,
114_upper,2023-11-16,2023-11-08 10:00:00-05:00,2023-12-06 10:00:00-05:00,2023-11-16 09:42:00-05:00,upper,executed,,flat,inactive,2023-11-16 09:42:00-05:00,2023-11-16 15:00:00-05:00,1981.2441113237687,1986.8,9.599999999999909,14.399999999999864,cutoff,-5.555888676231234
119_upper,2023-11-15,2023-11-15 10:00:00-05:00,2023-12-13 10:00:00-05:00,2023-11-16 09:43:00-05:00,upper,skipped,position_open,open,active,,,,,,,,
118_upper,2023-11-14,2023-11-14 10:00:00-05:00,2023-12-12 10:00:00-05:00,2023-11-16 09:49:00-05:00,upper,skipped,position_open,open,active,,,,,,,,
113_upper,2023-11-07,2023-11-07 10:00:00-05:00,2023-12-05 10:00:00-05:00,2023-11-16 10:15:00-05:00,upper,skipped,position_open,open,active,,,,,,,,
120_upper,2023-11-17,2023-11-16 10:00:00-05:00,2023-12-14 10:00:00-05:00,2023-11-17 05:15:00-05:00,upper,executed,,flat,inactive,2023-11-17 05:15:00-05:00,2023-11-17 08:40:00-05:00,1995.8412027451955,1989.2412027451956,4.399999999999864,6.599999999999795,TP,6.599999999999795
121_lower,2023-11-20,2023-11-17 10:00:00-05:00,2023-12-15 10:00:00-05:00,2023-11-20 08:34:00-05:00,lower,executed,,flat,inactive,2023-11-20 08:34:00-05:00,2023-11-20 11:05:00-05:00,1971.0025505591036,1975.6525505591035,3.099999999999909,4.649999999999864,TP,4.649999999999864
122_upper,2023-11-21,2023-11-20 10:00:00-05:00,2023-12-18 10:00:00-05:00,2023-11-20 19:29:00-05:00,upper,executed,,flat,inactive,2023-11-20 19:29:00-05:00,2023-11-20 20:17:00-05:00,1985.0960070112903,1990.4960070112902,3.599999999999909,5.399999999999864,SL,-5.399999999999864
121_upper,2023-11-17,2023-11-17 10:00:00-05:00,2023-12-15 10:00:00-05:00,2023-11-21 08:30:00-05:00,upper,skipped,SAL,n/a,active,,,,,,,,
112_upper,2023-11-06,2023-11-06 10:00:00-05:00,2023-12-04 10:00:00-05:00,2023-11-21 09:30:00-05:00,upper,skipped,SAL,n/a,active,,,,,,,,
123_lower,2023-11-21,2023-11-21 10:00:00-05:00,2023-12-19 10:00:00-05:00,2023-11-22 12:10:00-05:00,lower,skipped,blocked_time,n/a,n/a,,,,,,,,
124_lower,2023-11-22,2023-11-22 10:00:00-05:00,2023-12-20 10:00:00-05:00,2023-11-22 13:48:00-05:00,lower,skipped,blocked_time,n/a,n/a,,,,,,,,
125_upper,2023-11-27,2023-11-23 10:00:00-05:00,2023-12-21 10:00:00-05:00,2023-11-26 20:03:00-05:00,upper,executed,,flat,inactive,2023-11-26 20:03:00-05:00,2023-11-26 20:16:00-05:00,2004.8050601471557,2008.2550601471557,2.2999999999999545,3.449999999999932,SL,-3.4500000000000455
126_upper,2023-11-24,2023-11-24 10:00:00-05:00,2023-12-22 10:00:00-05:00,2023-11-26 20:26:00-05:00,upper,skipped,SAL,n/a,active,,,,,,,,
124_upper,2023-11-22,2023-11-22 10:00:00-05:00,2023-12-20 10:00:00-05:00,2023-11-26 20:27:00-05:00,upper,skipped,SAL,n/a,active,,,,,,,,
109_upper,2023-11-01,2023-11-01 10:00:00-04:00,2023-11-29 10:00:00-05:00,2023-11-27 19:00:00-05:00,upper,skipped,simultaneous_collision,flat,inactive,,,,,,,,
111_upper,2023-11-03,2023-11-03 10:00:00-04:00,2023-12-01 10:00:00-05:00,2023-11-27 19:00:00-05:00,upper,skipped,simultaneous_collision,flat,inactive,,,,,,,,
123_upper,2023-11-21,2023-11-21 10:00:00-05:00,2023-12-19 10:00:00-05:00,2023-11-27 19:00:00-05:00,upper,skipped,simultaneous_collision,flat,inactive,,,,,,,,
127_upper,2023-11-27,2023-11-27 10:00:00-05:00,2023-12-26 10:00:00-05:00,2023-11-27 19:00:00-05:00,upper,skipped,simultaneous_collision,flat,inactive,,,,,,,,
108_upper,2023-11-28,2023-10-31 10:00:00-04:00,2023-11-28 10:00:00-05:00,2023-11-27 19:00:00-05:00,upper,executed,,flat,inactive,2023-11-27 19:00:00-05:00,2023-11-27 20:29:00-05:00,2037.3,2034.4499999999998,1.900000000000091,2.8500000000001364,TP,2.8500000000001364
128_upper,2023-11-28,2023-11-28 10:00:00-05:00,2023-12-27 10:00:00-05:00,2023-11-28 11:46:00-05:00,upper,skipped,blocked_time,n/a,n/a,,,,,,,,
130_upper,2023-12-01,2023-11-30 10:00:00-05:00,2023-12-29 10:00:00-05:00,2023-12-01 10:22:00-05:00,upper,executed,,flat,inactive,2023-12-01 10:22:00-05:00,2023-12-01 11:08:00-05:00,2070.3879052470575,2070.3879052470575,8.599999999999909,12.899999999999864,BE,-0.0
129_upper,2023-11-29,2023-11-29 10:00:00-05:00,2023-12-28 10:00:00-05:00,2023-12-01 11:13:00-05:00,upper,skipped,blocked_time,n/a,n/a,,,,,,,,
131_upper,2023-12-01,2023-12-01 10:00:00-05:00,2024-01-02 10:00:00-05:00,2023-12-01 11:13:00-05:00,upper,skipped,blocked_time,n/a,n/a,,,,,,,,
132_lower,2023-12-04,2023-12-04 10:00:00-05:00,2024-01-03 10:00:00-05:00,2023-12-04 10:26:00-05:00,lower,skipped,simultaneous_collision,flat,inactive,,,,,,,,
129_lower,2023-12-04,2023-11-29 10:00:00-05:00,2023-12-28 10:00:00-05:00,2023-12-04 10:26:00-05:00,lower,executed,,flat,inactive,2023-12-04 10:26:00-05:00,2023-12-04 15:00:00-05:00,2049.2043072628157,2049.7,15.599999999999909,23.399999999999864,cutoff,0.49569273718407203
130_lower,2023-11-30,2023-11-30 10:00:00-05:00,2023-12-29 10:00:00-05:00,2023-12-04 10:34:00-05:00,lower,skipped,position_open,open,inactive,,,,,,,,
131_lower,2023-12-01,2023-12-01 10:00:00-05:00,2024-01-02 10:00:00-05:00,2023-12-04 10:37:00-05:00,lower,skipped,position_open,open,inactive,,,,,,,,
128_lower,2023-12-05,2023-11-28 10:00:00-05:00,2023-12-27 10:00:00-05:00,2023-12-05 09:52:00-05:00,lower,executed,,flat,inactive,2023-12-05 09:52:00-05:00,2023-12-05 10:00:00-05:00,2033.6128709302895,2043.2128709302897,6.400000000000091,9.600000000000136,TP,9.600000000000136
134_lower,2023-12-08,2023-12-06 10:00:00-05:00,2024-01-05 10:00:00-05:00,2023-12-08 08:30:00-05:00,lower,executed,,flat,inactive,2023-12-08 08:30:00-05:00,2023-12-08 08:40:00-05:00,2032.0424568446313,2036.842456844631,3.199999999999818,4.799999999999727,TP,4.799999999999727
135_lower,2023-12-07,2023-12-07 10:00:00-05:00,2024-01-08 10:00:00-05:00,2023-12-08 08:31:00-05:00,lower,skipped,position_open,open,inactive,,,,,,,,
133_lower,2023-12-08,2023-12-05 10:00:00-05:00,2024-01-04 10:00:00-05:00,2023-12-08 09:22:00-05:00,lower,executed,,flat,inactive,2023-12-08 09:22:00-05:00,2023-12-08 11:05:00-05:00,2022.913321909095,2022.913321909095,17.59999999999991,26.399999999999864,BE,0.0
136_lower,2023-12-11,2023-12-08 10:00:00-05:00,2024-01-09 10:00:00-05:00,2023-12-11 02:56:00-05:00,lower,executed,,flat,inactive,2023-12-11 02:56:00-05:00,2023-12-11 03:05:00-05:00,2007.3666351717047,2010.0666351717045,1.7999999999999545,2.699999999999932,TP,2.699999999999932
127_lower,2023-12-11,2023-11-27 10:00:00-05:00,2023-12-26 10:00:00-05:00,2023-12-11 10:02:00-05:00,lower,executed,,flat,inactive,2023-12-11 10:02:00-05:00,2023-12-11 15:00:00-05:00,2001.7326524405398,1997.5,8.100000000000136,12.150000000000205,cutoff,-4.232652440539823
137_lower,2023-12-11,2023-12-11 10:00:00-05:00,2024-01-10 10:00:00-05:00,2023-12-11 12:50:00-05:00,lower,skipped,blocked_time,n/a,n/a,,,,,,,,
126_lower,2023-12-13,2023-11-24 10:00:00-05:00,2023-12-22 10:00:00-05:00,2023-12-13 01:19:00-05:00,lower,executed,,flat,inactive,2023-12-13 01:19:00-05:00,2023-12-13 01:56:00-05:00,1990.1421936102288,1988.0421936102287,1.400000000000091,2.1000000000001364,SL,-2.1000000000001364
139_upper,2023-12-13,2023-12-13 10:00:00-05:00,2024-01-12 10:00:00-05:00,2023-12-13 14:01:00-05:00,upper,skipped,blocked_time,n/a,n/a,,,,,,,,
138_upper,2023-12-12,2023-12-12 10:00:00-05:00,2024-01-11 10:00:00-05:00,2023-12-13 14:02:00-05:00,upper,skipped,blocked_time,n/a,n/a,,,,,,,,
137_upper,2023-12-11,2023-12-11 10:00:00-05:00,2024-01-10 10:00:00-05:00,2023-12-13 14:12:00-05:00,upper,skipped,blocked_time,n/a,n/a,,,,,,,,
136_upper,2023-12-08,2023-12-08 10:00:00-05:00,2024-01-09 10:00:00-05:00,2023-12-13 15:59:00-05:00,upper,skipped,no_cutoff,n/a,n/a,,,,,,,,
133_upper,2023-12-14,2023-12-05 10:00:00-05:00,2024-01-04 10:00:00-05:00,2023-12-14 09:33:00-05:00,upper,executed,,flat,inactive,2023-12-14 09:33:00-05:00,2023-12-14 15:00:00-05:00,2057.486678090905,2047.8,11.900000000000091,17.850000000000136,cutoff,9.686678090905161
140_lower,2023-12-14,2023-12-14 10:00:00-05:00,2024-01-15 10:00:00-05:00,2023-12-15 13:19:00-05:00,lower,skipped,blocked_time,n/a,n/a,,,,,,,,
141_lower,2023-12-15,2023-12-15 10:00:00-05:00,2024-01-16 10:00:00-05:00,2023-12-15 13:26:00-05:00,lower,skipped,blocked_time,n/a,n/a,,,,,,,,
142_upper,2023-12-19,2023-12-18 10:00:00-05:00,2024-01-17 10:00:00-05:00,2023-12-19 09:37:00-05:00,upper,executed,,flat,inactive,2023-12-19 09:37:00-05:00,2023-12-19 09:48:00-05:00,2049.146736929968,2055.446736929968,4.2000000000000455,6.300000000000068,SL,-6.300000000000182
141_upper,2023-12-15,2023-12-15 10:00:00-05:00,2024-01-16 10:00:00-05:00,2023-12-19 11:19:00-05:00,upper,skipped,blocked_time,n/a,n/a,,,,,,,,
144_upper,2023-12-20,2023-12-20 10:00:00-05:00,2024-01-19 10:00:00-05:00,2023-12-21 18:39:00-05:00,upper,skipped,no_anchor,n/a,n/a,,,,,,,,
134_upper,2023-12-06,2023-12-06 10:00:00-05:00,2024-01-05 10:00:00-05:00,2023-12-21 18:42:00-05:00,upper,skipped,no_anchor,n/a,n/a,,,,,,,,
135_upper,2023-12-07,2023-12-07 10:00:00-05:00,2024-01-08 10:00:00-05:00,2023-12-21 18:42:00-05:00,upper,skipped,no_anchor,n/a,n/a,,,,,,,,
143_upper,2023-12-19,2023-12-19 10:00:00-05:00,2024-01-18 10:00:00-05:00,2023-12-21 18:47:00-05:00,upper,skipped,no_anchor,n/a,n/a,,,,,,,,
145_upper,2023-12-22,2023-12-21 10:00:00-05:00,2024-01-22 10:00:00-05:00,2023-12-22 05:26:00-05:00,upper,executed,,flat,inactive,2023-12-22 05:26:00-05:00,2023-12-22 06:27:00-05:00,2068.1147012122433,2072.914701212243,3.199999999999818,4.799999999999727,SL,-4.799999999999727
140_upper,2023-12-14,2023-12-14 10:00:00-05:00,2024-01-15 10:00:00-05:00,2023-12-22 06:24:00-05:00,upper,skipped,position_open,open,active,,,,,,,,
132_upper,2023-12-04,2023-12-04 10:00:00-05:00,2024-01-03 10:00:00-05:00,2023-12-22 08:53:00-05:00,upper,skipped,SAL,n/a,active,,,,,,,,
146_lower,2023-12-22,2023-12-22 10:00:00-05:00,2024-01-23 10:00:00-05:00,2023-12-22 11:48:00-05:00,lower,skipped,blocked_time,n/a,n/a,,,,,,,,
147_upper,2023-12-27,2023-12-26 10:00:00-05:00,2024-01-24 10:00:00-05:00,2023-12-27 10:17:00-05:00,upper,executed,,flat,inactive,2023-12-27 10:17:00-05:00,2023-12-27 13:02:00-05:00,2085.5385638667426,2094.988563866742,6.299999999999727,9.44999999999959,SL,-9.449999999999363
146_upper,2023-12-22,2023-12-22 10:00:00-05:00,2024-01-23 10:00:00-05:00,2023-12-27 10:39:00-05:00,upper,skipped,position_open,open,active,,,,,,,,
148_upper,2023-12-27,2023-12-27 10:00:00-05:00,2024-01-25 10:00:00-05:00,2023-12-27 13:02:00-05:00,upper,skipped,blocked_time,n/a,n/a,,,,,,,,
149_lower,2023-12-29,2023-12-28 10:00:00-05:00,2024-01-26 10:00:00-05:00,2023-12-29 05:22:00-05:00,lower,executed,,flat,inactive,2023-12-29 05:22:00-05:00,2023-12-29 08:53:00-05:00,2071.489129974255,2071.489129974255,5.099999999999909,7.649999999999864,BE,0.0
150_upper,2024-01-02,2023-12-29 10:00:00-05:00,2024-01-29 10:00:00-05:00,2024-01-02 01:21:00-05:00,upper,executed,,flat,inactive,2024-01-02 01:21:00-05:00,2024-01-02 02:23:00-05:00,2084.8255041545804,2084.8255041545804,5.599999999999909,8.399999999999864,BE,-0.0
148_lower,2024-01-02,2023-12-27 10:00:00-05:00,2024-01-25 10:00:00-05:00,2024-01-02 10:37:00-05:00,lower,executed,,flat,inactive,2024-01-02 10:37:00-05:00,2024-01-02 15:00:00-05:00,2066.5022621795692,2069.7,8.400000000000091,12.600000000000136,cutoff,3.197737820430575
151_lower,2024-01-03,2024-01-02 10:00:00-05:00,2024-01-30 10:00:00-05:00,2024-01-03 06:33:00-05:00,lower,executed,,flat,inactive,2024-01-03 06:33:00-05:00,2024-01-03 07:06:00-05:00,2059.5189488199157,2052.3189488199155,4.800000000000182,7.200000000000273,SL,-7.200000000000273
150_lower,2023-12-29,2023-12-29 10:00:00-05:00,2024-01-29 10:00:00-05:00,2024-01-03 06:42:00-05:00,lower,skipped,position_open,open,active,,,,,,,,
147_lower,2023-12-26,2023-12-26 10:00:00-05:00,2024-01-24 10:00:00-05:00,2024-01-03 06:58:00-05:00,lower,skipped,position_open,open,active,,,,,,,,
145_lower,2023-12-21,2023-12-21 10:00:00-05:00,2024-01-22 10:00:00-05:00,2024-01-03 09:36:00-05:00,lower,skipped,SAL,n/a,active,,,,,,,,
144_lower,2024-01-05,2023-12-20 10:00:00-05:00,2024-01-19 10:00:00-05:00,2024-01-05 08:30:00-05:00,lower,executed,,flat,inactive,2024-01-05 08:30:00-05:00,2024-01-05 08:31:00-05:00,2036.523940099478,2032.6239400994777,2.6000000000001364,3.9000000000002046,SL,-3.9000000000003183
153_lower,2024-01-04,2024-01-04 10:00:00-05:00,2024-02-01 10:00:00-05:00,2024-01-05 08:31:00-05:00,lower,skipped,SAL,n/a,active,,,,,,,,
153_upper,2024-01-04,2024-01-04 10:00:00-05:00,2024-02-01 10:00:00-05:00,2024-01-05 10:00:00-05:00,upper,skipped,SAL,n/a,active,,,,,,,,
152_upper,2024-01-03,2024-01-03 10:00:00-05:00,2024-01-31 10:00:00-05:00,2024-01-05 10:02:00-05:00,upper,skipped,SAL,n/a,active,,,,,,,,
154_lower,2024-01-08,2024-01-05 10:00:00-05:00,2024-02-02 10:00:00-05:00,2024-01-08 00:39:00-05:00,lower,executed,,flat,inactive,2024-01-08 00:39:00-05:00,2024-01-08 01:00:00-05:00,2034.1535488340369,2037.453548834037,2.2000000000000455,3.300000000000068,TP,3.300000000000068
143_lower,2023-12-19,2023-12-19 10:00:00-05:00,2024-01-18 10:00:00-05:00,2024-01-08 06:18:00-05:00,lower,skipped,simultaneous_collision,flat,inactive,,,,,,,,
152_lower,2024-01-03,2024-01-03 10:00:00-05:00,2024-01-31 10:00:00-05:00,2024-01-08 06:18:00-05:00,lower,skipped,simultaneous_collision,flat,inactive,,,,,,,,
142_lower,2024-01-08,2023-12-18 10:00:00-05:00,2024-01-17 10:00:00-05:00,2024-01-08 06:18:00-05:00,lower,executed,,flat,inactive,2024-01-08 06:18:00-05:00,2024-01-08 06:19:00-05:00,2025.203263070032,2028.953263070032,2.5,3.75,TP,3.75
155_upper,2024-01-09,2024-01-08 10:00:00-05:00,2024-02-05 10:00:00-05:00,2024-01-09 03:00:00-05:00,upper,executed,,flat,inactive,2024-01-09 03:00:00-05:00,2024-01-09 05:25:00-05:00,2044.0084633749764,2044.0084633749764,5.099999999999909,7.649999999999864,BE,-0.0
156_lower,2024-01-10,2024-01-09 10:00:00-05:00,2024-02-06 10:00:00-05:00,2024-01-10 01:12:00-05:00,lower,executed,,flat,inactive,2024-01-10 01:12:00-05:00,2024-01-10 02:50:00-05:00,2029.908748916936,2037.1087489169358,4.7999999999999545,7.199999999999932,TP,7.199999999999932
157_upper,2024-01-10,2024-01-10 10:00:00-05:00,2024-02-07 10:00:00-05:00,2024-01-11 08:30:00-05:00,upper,skipped,simultaneous_collision,flat,inactive,,,,,,,,
156_upper,2024-01-11,2024-01-09 10:00:00-05:00,2024-02-06 10:00:00-05:00,2024-01-11 08:30:00-05:00,upper,executed,,flat,inactive,2024-01-11 08:30:00-05:00,2024-01-11 08:31:00-05:00,2054.591251083064,2049.341251083064,3.5,5.25,TP,5.25
157_lower,2024-01-10,2024-01-10 10:00:00-05:00,2024-02-07 10:00:00-05:00,2024-01-11 11:24:00-05:00,lower,skipped,blocked_time,n/a,n/a,,,,,,,,
158_lower,2024-01-11,2024-01-11 10:00:00-05:00,2024-02-08 10:00:00-05:00,2024-01-11 11:34:00-05:00,lower,skipped,blocked_time,n/a,n/a,,,,,,,,
158_upper,2024-01-12,2024-01-11 10:00:00-05:00,2024-02-08 10:00:00-05:00,2024-01-12 05:57:00-05:00,upper,executed,,flat,inactive,2024-01-12 05:57:00-05:00,2024-01-12 07:03:00-05:00,2049.874572424909,2053.3245724249086,2.2999999999999545,3.449999999999932,SL,-3.449999999999818
159_lower,2024-01-12,2024-01-12 10:00:00-05:00,2024-02-09 10:00:00-05:00,2024-01-12 12:15:00-05:00,lower,skipped,blocked_time,n/a,n/a,,,,,,,,
160_lower,2024-01-16,2024-01-15 10:00:00-05:00,2024-02-12 10:00:00-05:00,2024-01-16 04:05:00-05:00,lower,executed,,flat,inactive,2024-01-16 04:05:00-05:00,2024-01-16 12:06:00-05:00,2045.6697449571407,2033.3697449571405,8.200000000000045,12.300000000000068,SL,-12.300000000000182
161_lower,2024-01-16,2024-01-16 10:00:00-05:00,2024-02-13 10:00:00-05:00,2024-01-16 12:07:00-05:00,lower,skipped,blocked_time,n/a,n/a,,,,,,,,
155_lower,2024-01-17,2024-01-08 10:00:00-05:00,2024-02-05 10:00:00-05:00,2024-01-17 10:29:00-05:00,lower,executed,,flat,inactive,2024-01-17 10:29:00-05:00,2024-01-17 11:17:00-05:00,2012.191536625024,2012.191536625024,11.900000000000091,17.850000000000136,BE,0.0
163_upper,2024-01-18,2024-01-18 10:00:00-05:00,2024-02-15 10:00:00-05:00,2024-01-18 18:00:00-05:00,upper,skipped,no_anchor,n/a,n/a,,,,,,,,
162_upper,2024-01-19,2024-01-17 10:00:00-05:00,2024-02-14 10:00:00-05:00,2024-01-19 08:32:00-05:00,upper,executed,,flat,inactive,2024-01-19 08:32:00-05:00,2024-01-19 09:08:00-05:00,2041.5974021562781,2036.0474021562782,3.7000000000000455,5.550000000000068,TP,5.550000000000068
164_lower,2024-01-22,2024-01-19 10:00:00-05:00,2024-02-16 10:00:00-05:00,2024-01-22 09:44:00-05:00,lower,executed,,flat,inactive,2024-01-22 09:44:00-05:00,2024-01-22 15:00:00-05:00,2017.8008686100577,2022.1,8.700000000000045,13.050000000000068,cutoff,4.299131389942204
165_upper,2024-01-23,2024-01-22 10:00:00-05:00,2024-02-19 10:00:00-05:00,2024-01-23 02:05:00-05:00,upper,executed,,flat,inactive,2024-01-23 02:05:00-05:00,2024-01-23 05:44:00-05:00,2037.90304381442,2027.25304381442,7.100000000000136,10.650000000000205,TP,10.650000000000205
166_upper,2024-01-24,2024-01-23 10:00:00-05:00,2024-02-20 10:00:00-05:00,2024-01-24 08:19:00-05:00,upper,executed,,flat,inactive,2024-01-24 08:19:00-05:00,2024-01-24 08:37:00-05:00,2037.1363417592188,2032.6363417592188,3.0,4.5,TP,4.5
167_lower,2024-01-24,2024-01-24 10:00:00-05:00,2024-02-21 10:00:00-05:00,2024-01-24 11:06:00-05:00,lower,skipped,blocked_time,n/a,n/a,,,,,,,,
166_lower,2024-01-23,2024-01-23 10:00:00-05:00,2024-02-20 10:00:00-05:00,2024-01-24 14:25:00-05:00,lower,skipped,blocked_time,n/a,n/a,,,,,,,,
165_lower,2024-01-25,2024-01-22 10:00:00-05:00,2024-02-19 10:00:00-05:00,2024-01-25 08:30:00-05:00,lower,executed,,flat,inactive,2024-01-25 08:30:00-05:00,2024-01-25 08:31:00-05:00,2006.0469561855798,2012.4969561855796,4.2999999999999545,6.449999999999932,TP,6.449999999999932
169_upper,2024-01-26,2024-01-26 10:00:00-05:00,2024-02-23 10:00:00-05:00,2024-01-28 19:00:00-05:00,upper,skipped,simultaneous_collision,flat,inactive,,,,,,,,
168_upper,2024-01-29,2024-01-25 10:00:00-05:00,2024-02-22 10:00:00-05:00,2024-01-28 19:00:00-05:00,upper,executed,,flat,inactive,2024-01-28 19:00:00-05:00,2024-01-28 19:47:00-05:00,2039.7,2039.7,7.900000000000091,11.850000000000136,BE,-0.0
167_upper,2024-01-24,2024-01-24 10:00:00-05:00,2024-02-21 10:00:00-05:00,2024-01-29 02:08:00-05:00,upper,skipped,simultaneous_collision,flat,inactive,,,,,,,,
164_upper,2024-01-29,2024-01-19 10:00:00-05:00,2024-02-16 10:00:00-05:00,2024-01-29 02:08:00-05:00,upper,executed,,flat,inactive,2024-01-29 02:08:00-05:00,2024-01-29 08:48:00-05:00,2048.549131389942,2054.849131389942,4.2000000000000455,6.300000000000068,SL,-6.300000000000182
161_upper,2024-01-30,2024-01-16 10:00:00-05:00,2024-02-13 10:00:00-05:00,2024-01-30 02:35:00-05:00,upper,executed,,flat,inactive,2024-01-30 02:35:00-05:00,2024-01-30 06:17:00-05:00,2058.2242398483077,2052.2242398483077,4.0,6.0,TP,6.0
170_upper,2024-01-29,2024-01-29 10:00:00-05:00,2024-02-26 10:00:00-05:00,2024-01-30 09:25:00-05:00,upper,skipped,simultaneous_collision,flat,inactive,,,,,,,,
160_upper,2024-01-30,2024-01-15 10:00:00-05:00,2024-02-12 10:00:00-05:00,2024-01-30 09:25:00-05:00,upper,executed,,flat,inactive,2024-01-30 09:25:00-05:00,2024-01-30 10:00:00-05:00,2066.93025504286,2059.8802550428604,4.699999999999818,7.049999999999727,TP,7.049999999999727
171_lower,2024-01-30,2024-01-30 10:00:00-05:00,2024-02-27 10:00:00-05:00,2024-01-30 10:22:00-05:00,lower,executed,,flat,inactive,2024-01-30 10:22:00-05:00,2024-01-30 15:00:00-05:00,2048.1765975164376,2054.4,11.699999999999818,17.549999999999727,cutoff,6.223402483562495
172_lower,2024-02-01,2024-01-31 10:00:00-05:00,2024-02-28 10:00:00-05:00,2024-02-01 06:09:00-05:00,lower,executed,,flat,inactive,2024-02-01 06:09:00-05:00,2024-02-01 07:21:00-05:00,2047.2018887021616,2047.2018887021616,10.900000000000091,16.350000000000136,BE,0.0
154_upper,2024-01-05,2024-01-05 10:00:00-05:00,2024-02-02 10:00:00-05:00,2024-02-01 11:10:00-05:00,upper,skipped,blocked_time,n/a,n/a,,,,,,,,
159_upper,2024-01-12,2024-01-12 10:00:00-05:00,2024-02-09 10:00:00-05:00,2024-02-01 11:15:00-05:00,upper,skipped,blocked_time,n/a,n/a,,,,,,,,
171_upper,2024-01-30,2024-01-30 10:00:00-05:00,2024-02-27 10:00:00-05:00,2024-02-01 11:43:00-05:00,upper,skipped,blocked_time,n/a,n/a,,,,,,,,
173_upper,2024-02-01,2024-02-01 10:00:00-05:00,2024-02-29 10:00:00-05:00,2024-02-01 11:45:00-05:00,upper,skipped,blocked_time,n/a,n/a,,,,,,,,
173_lower,2024-02-02,2024-02-01 10:00:00-05:00,2024-02-29 10:00:00-05:00,2024-02-02 09:03:00-05:00,lower,executed,,flat,inactive,2024-02-02 09:03:00-05:00,2024-02-02 15:00:00-05:00,2044.7898827677534,2054.6,28.59999999999991,42.899999999999864,cutoff,9.810117232246512
174_lower,2024-02-05,2024-02-02 10:00:00-05:00,2024-03-01 10:00:00-05:00,2024-02-05 08:53:00-05:00,lower,executed,,flat,inactive,2024-02-05 08:53:00-05:00,2024-02-05 09:48:00-05:00,2031.4165520262275,2039.6665520262275,5.5,8.25,TP,8.25
175_upper,2024-02-06,2024-02-05 10:00:00-05:00,2024-03-04 10:00:00-05:00,2024-02-06 10:09:00-05:00,upper,executed,,flat,inactive,2024-02-06 10:09:00-05:00,2024-02-06 15:00:00-05:00,2050.1966083210664,2052.7,6.400000000000091,9.600000000000136,cutoff,-2.50339167893344
176_upper,2024-02-07,2024-02-06 10:00:00-05:00,2024-03-05 10:00:00-05:00,2024-02-07 09:48:00-05:00,upper,executed,,flat,inactive,2024-02-07 09:48:00-05:00,2024-02-07 10:15:00-05:00,2060.224077448948,2053.474077448948,4.5,6.75,TP,6.75
177_lower,2024-02-12,2024-02-07 10:00:00-05:00,2024-03-06 10:00:00-05:00,2024-02-12 04:47:00-05:00,lower,executed,,flat,inactive,2024-02-12 04:47:00-05:00,2024-02-12 08:12:00-05:00,2033.8869607769248,2039.7369607769247,3.8999999999998636,5.849999999999795,TP,5.849999999999795
178_lower,2024-02-08,2024-02-08 10:00:00-05:00,2024-03-07 10:00:00-05:00,2024-02-12 09:16:00-05:00,lower,skipped,simultaneous_collision,flat,inactive,,,,,,,,
176_lower,2024-02-12,2024-02-06 10:00:00-05:00,2024-03-05 10:00:00-05:00,2024-02-12 09:16:00-05:00,lower,executed,,flat,inactive,2024-02-12 09:16:00-05:00,2024-02-12 15:00:00-05:00,2031.0759225510521,2032.6,9.599999999999909,14.399999999999864,cutoff,1.5240774489477644
170_lower,2024-01-29,2024-01-29 10:00:00-05:00,2024-02-26 10:00:00-05:00,2024-02-12 09:18:00-05:00,lower,skipped,position_open,open,inactive,,,,,,,,
179_lower,2024-02-09,2024-02-09 10:00:00-05:00,2024-03-08 10:00:00-05:00,2024-02-12 09:34:00-05:00,lower,skipped,position_open,open,inactive,,,,,,,,
180_upper,2024-02-13,2024-02-12 10:00:00-05:00,2024-03-11 10:00:00-04:00,2024-02-13 06:22:00-05:00,upper,executed,,flat,inactive,2024-02-13 06:22:00-05:00,2024-02-13 07:14:00-05:00,2042.4194827849253,2042.4194827849253,2.400000000000091,3.6000000000001364,BE,-0.0
175_lower,2024-02-13,2024-02-05 10:00:00-05:00,2024-03-04 10:00:00-05:00,2024-02-13 08:47:00-05:00,lower,executed,,flat,inactive,2024-02-13 08:47:00-05:00,2024-02-13 08:57:00-05:00,2019.7033916789337,2017.1533916789335,1.7000000000000455,2.550000000000068,SL,-2.550000000000182
180_lower,2024-02-12,2024-02-12 10:00:00-05:00,2024-03-11 10:00:00-04:00,2024-02-13 09:00:00-05:00,lower,skipped,SAL,n/a,active,,,,,,,,
168_lower,2024-01-25,2024-01-25 10:00:00-05:00,2024-02-22 10:00:00-05:00,2024-02-13 09:32:00-05:00,lower,skipped,SAL,n/a,active,,,,,,,,
169_lower,2024-01-26,2024-01-26 10:00:00-05:00,2024-02-23 10:00:00-05:00,2024-02-13 09:49:00-05:00,lower,skipped,SAL,n/a,active,,,,,,,,
162_lower,2024-01-17,2024-01-17 10:00:00-05:00,2024-02-14 10:00:00-05:00,2024-02-13 10:08:00-05:00,lower,skipped,SAL,n/a,active,,,,,,,,
163_lower,2024-02-14,2024-01-18 10:00:00-05:00,2024-02-15 10:00:00-05:00,2024-02-13 20:15:00-05:00,lower,executed,,flat,inactive,2024-02-13 20:15:00-05:00,2024-02-13 20:52:00-05:00,2001.3385187659926,2005.0885187659926,2.5,3.75,TP,3.75
182_upper,2024-02-15,2024-02-14 10:00:00-05:00,2024-03-13 10:00:00-04:00,2024-02-15 09:31:00-05:00,upper,executed,,flat,inactive,2024-02-15 09:31:00-05:00,2024-02-15 10:18:00-05:00,2017.945608552562,2017.945608552562,9.100000000000136,13.650000000000205,BE,-0.0
184_upper,2024-02-16,2024-02-16 10:00:00-05:00,2024-03-15 10:00:00-04:00,2024-02-16 10:43:00-05:00,upper,executed,,flat,inactive,2024-02-16 10:43:00-05:00,2024-02-16 12:38:00-05:00,2023.1418248593902,2023.1418248593902,8.199999999999818,12.299999999999727,BE,-0.0
181_upper,2024-02-19,2024-02-13 10:00:00-05:00,2024-03-12 10:00:00-04:00,2024-02-18 19:16:00-05:00,upper,executed,,flat,inactive,2024-02-18 19:16:00-05:00,2024-02-19 14:29:00-05:00,2028.6099768358638,2029.4,4.099999999999909,6.149999999999864,cutoff,-0.7900231641363007
183_upper,2024-02-15,2024-02-15 10:00:00-05:00,2024-03-14 10:00:00-04:00,2024-02-18 19:58:00-05:00,upper,skipped,position_open,open,active,,,,,,,,
185_upper,2024-02-20,2024-02-19 10:00:00-05:00,2024-03-18 10:00:00-04:00,2024-02-20 08:25:00-05:00,upper,executed,,flat,inactive,2024-02-20 08:25:00-05:00,2024-02-20 08:45:00-05:00,2039.798486841248,2042.498486841248,1.7999999999999545,2.699999999999932,SL,-2.7000000000000455
187_lower,2024-02-21,2024-02-21 10:00:00-05:00,2024-03-20 10:00:00-04:00,2024-02-23 04:24:00-05:00,lower,skipped,simultaneous_collision,flat,inactive,,,,,,,,
186_lower,2024-02-23,2024-02-20 10:00:00-05:00,2024-03-19 10:00:00-04:00,2024-02-23 04:24:00-05:00,lower,executed,,flat,inactive,2024-02-23 04:24:00-05:00,2024-02-23 06:22:00-05:00,2026.3034062219456,2033.0534062219456,4.5,6.75,TP,6.75
188_upper,2024-02-22,2024-02-22 10:00:00-05:00,2024-03-21 10:00:00-04:00,2024-02-23 12:00:00-05:00,upper,skipped,blocked_time,n/a,n/a,,,,,,,,
189_upper,2024-02-23,2024-02-23 10:00:00-05:00,2024-03-22 10:00:00-04:00,2024-02-23 12:01:00-05:00,upper,skipped,blocked_time,n/a,n/a,,,,,,,,
179_upper,2024-02-09,2024-02-09 10:00:00-05:00,2024-03-08 10:00:00-05:00,2024-02-23 13:50:00-05:00,upper,skipped,blocked_time,n/a,n/a,,,,,,,,
187_upper,2024-02-21,2024-02-21 10:00:00-05:00,2024-03-20 10:00:00-04:00,2024-02-23 13:50:00-05:00,upper,skipped,blocked_time,n/a,n/a,,,,,,,,
190_upper,2024-02-29,2024-02-26 10:00:00-05:00,2024-03-25 10:00:00-04:00,2024-02-29 08:36:00-05:00,upper,executed,,flat,inactive,2024-02-29 08:36:00-05:00,2024-02-29 08:45:00-05:00,2049.694261895149,2053.744261895149,2.7000000000000455,4.050000000000068,SL,-4.050000000000182
186_upper,2024-02-20,2024-02-20 10:00:00-05:00,2024-03-19 10:00:00-04:00,2024-02-29 08:45:00-05:00,upper,skipped,SAL,n/a,active,,,,,,,,
192_upper,2024-02-28,2024-02-28 10:00:00-05:00,2024-03-27 10:00:00-04:00,2024-02-29 08:45:00-05:00,upper,skipped,SAL,n/a,active,,,,,,,,
178_upper,2024-02-08,2024-02-08 10:00:00-05:00,2024-03-07 10:00:00-05:00,2024-02-29 09:10:00-05:00,upper,skipped,SAL,n/a,active,,,,,,,,
191_upper,2024-02-27,2024-02-27 10:00:00-05:00,2024-03-26 10:00:00-04:00,2024-02-29 09:10:00-05:00,upper,skipped,SAL,n/a,active,,,,,,,,
174_upper,2024-03-01,2024-02-02 10:00:00-05:00,2024-03-01 10:00:00-05:00,2024-03-01 06:09:00-05:00,upper,executed,,flat,inactive,2024-03-01 06:09:00-05:00,2024-03-01 07:00:00-05:00,2064.183447973772,2064.183447973772,9.599999999999909,14.399999999999864,BE,-0.0
193_upper,2024-03-01,2024-02-29 10:00:00-05:00,2024-03-28 10:00:00-04:00,2024-03-01 10:24:00-05:00,upper,executed,,flat,inactive,2024-03-01 10:24:00-05:00,2024-03-01 12:03:00-05:00,2070.000788983794,2091.3007889837936,14.199999999999818,21.299999999999727,SL,-21.299999999999727
177_upper,2024-02-07,2024-02-07 10:00:00-05:00,2024-03-06 10:00:00-05:00,2024-03-01 10:28:00-05:00,upper,skipped,position_open,open,active,,,,,,,,
194_upper,2024-03-01,2024-03-01 10:00:00-05:00,2024-04-01 10:00:00-04:00,2024-03-01 10:54:00-05:00,upper,skipped,position_open,open,active,,,,,,,,
195_upper,2024-03-04,2024-03-04 10:00:00-05:00,2024-04-02 10:00:00-04:00,2024-03-04 11:12:00-05:00,upper,skipped,blocked_time,n/a,n/a,,,,,,,,
196_upper,2024-03-05,2024-03-05 10:00:00-05:00,2024-04-03 10:00:00-04:00,2024-03-06 13:30:00-05:00,upper,skipped,blocked_time,n/a,n/a,,,,,,,,
197_upper,2024-03-07,2024-03-06 10:00:00-05:00,2024-04-04 10:00:00-04:00,2024-03-06 23:06:00-05:00,upper,executed,,flat,inactive,2024-03-06 23:06:00-05:00,2024-03-06 23:07:00-05:00,2168.405597436497,2164.3555974364963,2.700000000000273,4.050000000000409,TP,4.050000000000409
198_upper,2024-03-08,2024-03-07 10:00:00-05:00,2024-04-05 10:00:00-04:00,2024-03-08 08:30:00-05:00,upper,executed,,flat,inactive,2024-03-08 08:30:00-05:00,2024-03-08 08:31:00-05:00,2178.110654589388,2183.0606545893884,3.300000000000182,4.950000000000273,SL,-4.950000000000273
199_upper,2024-03-08,2024-03-08 10:00:00-05:00,2024-04-08 10:00:00-04:00,2024-03-08 12:04:00-05:00,upper,skipped,blocked_time,n/a,n/a,,,,,,,,
200_lower,2024-03-12,2024-03-11 10:00:00-04:00,2024-04-09 10:00:00-04:00,2024-03-12 08:30:00-04:00,lower,executed,,flat,inactive,2024-03-12 08:30:00-04:00,2024-03-12 08:32:00-04:00,2169.2419771558143,2178.5419771558145,6.200000000000273,9.30000000000041,TP,9.30000000000041
199_lower,2024-03-08,2024-03-08 10:00:00-05:00,2024-04-08 10:00:00-04:00,2024-03-12 15:01:00-04:00,lower,skipped,no_cutoff,n/a,n/a,,,,,,,,
202_lower,2024-03-18,2024-03-13 10:00:00-04:00,2024-04-11 10:00:00-04:00,2024-03-17 21:21:00-04:00,lower,executed,,flat,inactive,2024-03-17 21:21:00-04:00,2024-03-17 22:34:00-04:00,2154.6509861721197,2154.6509861721197,2.600000000000364,3.9000000000005457,BE,0.0
203_lower,2024-03-18,2024-03-14 10:00:00-04:00,2024-04-12 10:00:00-04:00,2024-03-17 22:45:00-04:00,lower,executed,,flat,inactive,2024-03-17 22:45:00-04:00,2024-03-18 06:54:00-04:00,2151.8779131301258,2161.777913130126,6.599999999999909,9.899999999999864,TP,9.899999999999864
201_lower,2024-03-12,2024-03-12 10:00:00-04:00,2024-04-10 10:00:00-04:00,2024-03-17 22:46:00-04:00,lower,skipped,position_open,open,inactive,,,,,,,,
205_upper,2024-03-18,2024-03-18 10:00:00-04:00,2024-04-16 10:00:00-04:00,2024-03-20 14:03:00-04:00,upper,skipped,blocked_time,n/a,n/a,,,,,,,,
206_upper,2024-03-19,2024-03-19 10:00:00-04:00,2024-04-17 10:00:00-04:00,2024-03-20 14:03:00-04:00,upper,skipped,blocked_time,n/a,n/a,,,,,,,,
207_upper,2024-03-20,2024-03-20 10:00:00-04:00,2024-04-18 10:00:00-04:00,2024-03-20 14:03:00-04:00,upper,skipped,blocked_time,n/a,n/a,,,,,,,,
204_upper,2024-03-15,2024-03-15 10:00:00-04:00,2024-04-15 10:00:00-04:00,2024-03-20 14:07:00-04:00,upper,skipped,blocked_time,n/a,n/a,,,,,,,,
203_upper,2024-03-14,2024-03-14 10:00:00-04:00,2024-04-12 10:00:00-04:00,2024-03-20 14:47:00-04:00,upper,skipped,blocked_time,n/a,n/a,,,,,,,,
201_upper,2024-03-12,2024-03-12 10:00:00-04:00,2024-04-10 10:00:00-04:00,2024-03-20 14:58:00-04:00,upper,skipped,blocked_time,n/a,n/a,,,,,,,,
202_upper,2024-03-13,2024-03-13 10:00:00-04:00,2024-04-11 10:00:00-04:00,2024-03-20 15:08:00-04:00,upper,skipped,no_cutoff,n/a,n/a,,,,,,,,
200_upper,2024-03-11,2024-03-11 10:00:00-04:00,2024-04-09 10:00:00-04:00,2024-03-20 18:16:00-04:00,upper,skipped,no_anchor,n/a,n/a,,,,,,,,
208_lower,2024-03-21,2024-03-21 10:00:00-04:00,2024-04-19 10:00:00-04:00,2024-03-21 10:25:00-04:00,lower,executed,,flat,inactive,2024-03-21 10:25:00-04:00,2024-03-21 15:00:00-04:00,2181.8005798263025,2185.3,16.600000000000364,24.900000000000546,cutoff,3.499420173697672
209_lower,2024-03-22,2024-03-22 10:00:00-04:00,2024-04-22 10:00:00-04:00,2024-03-22 13:22:00-04:00,lower,skipped,blocked_time,n/a,n/a,,,,,,,,
210_upper,2024-03-25,2024-03-25 10:00:00-04:00,2024-04-23 10:00:00-04:00,2024-03-25 20:00:00-04:00,upper,skipped,simultaneous_collision,flat,inactive,,,,,,,,
209_upper,2024-03-26,2024-03-22 10:00:00-04:00,2024-04-22 10:00:00-04:00,2024-03-25 20:00:00-04:00,upper,executed,,flat,inactive,2024-03-25 20:00:00-04:00,2024-03-25 21:42:00-04:00,2194.9,2191.9,2.0,3.0,TP,3.0
208_upper,2024-03-26,2024-03-21 10:00:00-04:00,2024-04-19 10:00:00-04:00,2024-03-26 06:53:00-04:00,upper,executed,,flat,inactive,2024-03-26 06:53:00-04:00,2024-03-26 11:40:00-04:00,2220.649420173698,2195.2994201736983,16.90000000000009,25.350000000000136,TP,25.350000000000136
212_upper,2024-03-27,2024-03-27 10:00:00-04:00,2024-04-25 10:00:00-04:00,2024-03-28 06:22:00-04:00,upper,skipped,simultaneous_collision,flat,inactive,,,,,,,,
211_upper,2024-03-28,2024-03-26 10:00:00-04:00,2024-04-24 10:00:00-04:00,2024-03-28 06:22:00-04:00,upper,executed,,flat,inactive,2024-03-28 06:22:00-04:00,2024-03-28 08:17:00-04:00,2228.0477606274508,2236.5977606274505,5.699999999999818,8.549999999999727,SL,-8.549999999999727
213_upper,2024-03-28,2024-03-28 10:00:00-04:00,2024-04-26 10:00:00-04:00,2024-03-28 12:38:00-04:00,upper,skipped,blocked_time,n/a,n/a,,,,,,,,
214_upper,2024-04-02,2024-04-01 10:00:00-04:00,2024-04-29 10:00:00-04:00,2024-04-02 10:03:00-04:00,upper,executed,,flat,inactive,2024-04-02 10:03:00-04:00,2024-04-02 11:27:00-04:00,2294.498790336225,2274.8487903362247,13.099999999999909,19.649999999999864,TP,19.649999999999864
215_upper,2024-04-02,2024-04-02 10:00:00-04:00,2024-04-30 10:00:00-04:00,2024-04-02 15:48:00-04:00,upper,skipped,no_cutoff,n/a,n/a,,,,,,,,
216_upper,2024-04-03,2024-04-03 10:00:00-04:00,2024-05-01 10:00:00-04:00,2024-04-03 14:36:00-04:00,upper,skipped,blocked_time,n/a,n/a,,,,,,,,
217_upper,2024-04-04,2024-04-04 10:00:00-04:00,2024-05-02 10:00:00-04:00,2024-04-04 14:56:00-04:00,upper,skipped,blocked_time,n/a,n/a,,,,,,,,
217_lower,2024-04-05,2024-04-04 10:00:00-04:00,2024-05-02 10:00:00-04:00,2024-04-04 21:16:00-04:00,lower,executed,,flat,inactive,2024-04-04 21:16:00-04:00,2024-04-04 22:02:00-04:00,2291.33037563773,2291.33037563773,7.699999999999818,11.549999999999727,BE,0.0
218_upper,2024-04-05,2024-04-05 10:00:00-04:00,2024-05-03 10:00:00-04:00,2024-04-05 10:33:00-04:00,upper,executed,,flat,inactive,2024-04-05 10:33:00-04:00,2024-04-05 15:00:00-04:00,2337.933096059929,2343.7,16.90000000000009,25.350000000000136,cutoff,-5.766903940070733
219_upper,2024-04-09,2024-04-08 10:00:00-04:00,2024-05-06 10:00:00-04:00,2024-04-09 03:14:00-04:00,upper,executed,,flat,inactive,2024-04-09 03:14:00-04:00,2024-04-09 04:38:00-04:00,2372.4297797960717,2378.129779796072,3.800000000000182,5.700000000000273,SL,-5.700000000000273
220_lower,2024-04-10,2024-04-09 10:00:00-04:00,2024-05-07 10:00:00-04:00,2024-04-10 08:30:00-04:00,lower,executed,,flat,inactive,2024-04-10 08:30:00-04:00,2024-04-10 08:33:00-04:00,2354.7057121371727,2347.655712137173,4.699999999999818,7.049999999999727,SL,-7.049999999999727
221_upper,2024-04-10,2024-04-10 10:00:00-04:00,2024-05-08 10:00:00-04:00,2024-04-10 10:24:00-04:00,upper,skipped,SAL,n/a,active,,,,,,,,
222_upper,2024-04-11,2024-04-11 10:00:00-04:00,2024-05-09 10:00:00-04:00,2024-04-11 14:07:00-04:00,upper,skipped,blocked_time,n/a,n/a,,,,,,,,
220_upper,2024-04-09,2024-04-09 10:00:00-04:00,2024-05-07 10:00:00-04:00,2024-04-11 15:58:00-04:00,upper,skipped,no_cutoff,n/a,n/a,,,,,,,,
223_upper,2024-04-12,2024-04-12 10:00:00-04:00,2024-05-10 10:00:00-04:00,2024-04-12 10:53:00-04:00,upper,executed,,flat,inactive,2024-04-12 10:53:00-04:00,2024-04-12 11:25:00-04:00,2438.4321148933327,2417.882114893332,13.700000000000273,20.55000000000041,TP,20.55000000000041
223_lower,2024-04-12,2024-04-12 10:00:00-04:00,2024-05-10 10:00:00-04:00,2024-04-12 12:24:00-04:00,lower,skipped,blocked_time,n/a,n/a,,,,,,,,
224_lower,2024-04-15,2024-04-15 10:00:00-04:00,2024-05-13 10:00:00-04:00,2024-04-15 10:08:00-04:00,lower,skipped,simultaneous_collision,flat,inactive,,,,,,,,
222_lower,2024-04-15,2024-04-11 10:00:00-04:00,2024-05-09 10:00:00-04:00,2024-04-15 10:08:00-04:00,lower,executed,,flat,inactive,2024-04-15 10:08:00-04:00,2024-04-15 12:41:00-04:00,2343.462371385495,2371.362371385495,18.59999999999991,27.899999999999864,TP,27.899999999999864
224_upper,2024-04-15,2024-04-15 10:00:00-04:00,2024-05-13 10:00:00-04:00,2024-04-15 14:54:00-04:00,upper,skipped,blocked_time,n/a,n/a,,,,,,,,
226_lower,2024-04-17,2024-04-17 10:00:00-04:00,2024-05-15 10:00:00-04:00,2024-04-17 12:39:00-04:00,lower,skipped,blocked_time,n/a,n/a,,,,,,,,
225_upper,2024-04-19,2024-04-16 10:00:00-04:00,2024-05-14 10:00:00-04:00,2024-04-18 21:31:00-04:00,upper,executed,,flat,inactive,2024-04-18 21:31:00-04:00,2024-04-18 21:42:00-04:00,2417.4505698161634,2426.750569816163,6.199999999999818,9.299999999999727,SL,-9.299999999999727
226_upper,2024-04-17,2024-04-17 10:00:00-04:00,2024-05-15 10:00:00-04:00,2024-04-18 21:42:00-04:00,upper,skipped,SAL,n/a,active,,,,,,,,
227_upper,2024-04-18,2024-04-18 10:00:00-04:00,2024-05-16 10:00:00-04:00,2024-04-18 21:46:00-04:00,upper,skipped,SAL,n/a,active,,,,,,,,
228_lower,2024-04-19,2024-04-19 10:00:00-04:00,2024-05-17 10:00:00-04:00,2024-04-21 23:18:00-04:00,lower,skipped,simultaneous_collision,flat,inactive,,,,,,,,
227_lower,2024-04-22,2024-04-18 10:00:00-04:00,2024-05-16 10:00:00-04:00,2024-04-21 23:18:00-04:00,lower,executed,,flat,inactive,2024-04-21 23:18:00-04:00,2024-04-21 23:42:00-04:00,2374.083406758403,2382.633406758403,5.700000000000273,8.55000000000041,TP,8.55000000000041
225_lower,2024-04-22,2024-04-16 10:00:00-04:00,2024-05-14 10:00:00-04:00,2024-04-22 02:47:00-04:00,lower,executed,,flat,inactive,2024-04-22 02:47:00-04:00,2024-04-22 07:07:00-04:00,2365.599430183837,2365.599430183837,9.599999999999909,14.399999999999864,BE,0.0
229_lower,2024-04-22,2024-04-22 10:00:00-04:00,2024-05-20 10:00:00-04:00,2024-04-22 21:38:00-04:00,lower,skipped,simultaneous_collision,flat,inactive,,,,,,,,
219_lower,2024-04-23,2024-04-08 10:00:00-04:00,2024-05-06 10:00:00-04:00,2024-04-22 21:38:00-04:00,lower,executed,,flat,inactive,2024-04-22 21:38:00-04:00,2024-04-22 21:42:00-04:00,2328.0702202039283,2321.620220203928,4.300000000000182,6.450000000000273,SL,-6.450000000000273
221_lower,2024-04-10,2024-04-10 10:00:00-04:00,2024-05-08 10:00:00-04:00,2024-04-22 21:42:00-04:00,lower,skipped,SAL,n/a,active,,,,,,,,
232_upper,2024-04-25,2024-04-25 10:00:00-04:00,2024-05-23 10:00:00-04:00,2024-04-25 10:35:00-04:00,upper,skipped,simultaneous_collision,flat,inactive,,,,,,,,
231_upper,2024-04-25,2024-04-24 10:00:00-04:00,2024-05-22 10:00:00-04:00,2024-04-25 10:35:00-04:00,upper,executed,,flat,inactive,2024-04-25 10:35:00-04:00,2024-04-25 15:00:00-04:00,2354.3482034567623,2345.7,19.899999999999636,29.849999999999454,cutoff,8.64820345676253
230_upper,2024-04-26,2024-04-23 10:00:00-04:00,2024-05-21 10:00:00-04:00,2024-04-26 04:01:00-04:00,upper,executed,,flat,inactive,2024-04-26 04:01:00-04:00,2024-04-26 10:37:00-04:00,2360.1728070274826,2345.472807027483,9.799999999999727,14.69999999999959,TP,14.69999999999959
233_lower,2024-04-29,2024-04-26 10:00:00-04:00,2024-05-24 10:00:00-04:00,2024-04-28 21:15:00-04:00,lower,executed,,flat,inactive,2024-04-28 21:15:00-04:00,2024-04-28 23:00:00-04:00,2334.949434616161,2334.949434616161,5.600000000000364,8.400000000000546,BE,0.0
234_lower,2024-04-30,2024-04-29 10:00:00-04:00,2024-05-27 10:00:00-04:00,2024-04-30 04:28:00-04:00,lower,executed,,flat,inactive,2024-04-30 04:28:00-04:00,2024-04-30 07:37:00-04:00,2323.1260451979597,2323.1260451979597,8.100000000000364,12.150000000000546,BE,0.0
231_lower,2024-04-30,2024-04-24 10:00:00-04:00,2024-05-22 10:00:00-04:00,2024-04-30 10:09:00-04:00,lower,executed,,flat,inactive,2024-04-30 10:09:00-04:00,2024-04-30 15:00:00-04:00,2313.0017965432376,2301.6,11.300000000000182,16.950000000000273,cutoff,-11.401796543237651
232_lower,2024-04-25,2024-04-25 10:00:00-04:00,2024-05-23 10:00:00-04:00,2024-04-30 10:11:00-04:00,lower,skipped,position_open,open,active,,,,,,,,
230_lower,2024-04-23,2024-04-23 10:00:00-04:00,2024-05-21 10:00:00-04:00,2024-04-30 14:56:00-04:00,lower,skipped,blocked_time,n/a,n/a,,,,,,,,
235_lower,2024-04-30,2024-04-30 10:00:00-04:00,2024-05-28 10:00:00-04:00,2024-04-30 16:33:00-04:00,lower,skipped,no_cutoff,n/a,n/a,,,,,,,,
218_lower,2024-05-01,2024-04-05 10:00:00-04:00,2024-05-03 10:00:00-04:00,2024-04-30 23:54:00-04:00,lower,executed,,flat,inactive,2024-04-30 23:54:00-04:00,2024-05-01 00:45:00-04:00,2294.366903940071,2294.366903940071,2.0,3.0,BE,0.0
236_upper,2024-05-01,2024-05-01 10:00:00-04:00,2024-05-29 10:00:00-04:00,2024-05-01 14:40:00-04:00,upper,skipped,blocked_time,n/a,n/a,,,,,,,,
235_upper,2024-04-30,2024-04-30 10:00:00-04:00,2024-05-28 10:00:00-04:00,2024-05-01 14:50:00-04:00,upper,skipped,blocked_time,n/a,n/a,,,,,,,,
237_upper,2024-05-03,2024-05-02 10:00:00-04:00,2024-05-30 10:00:00-04:00,2024-05-03 08:30:00-04:00,upper,executed,,flat,inactive,2024-05-03 08:30:00-04:00,2024-05-03 08:30:00-04:00,2320.27378363495,2325.9737836349495,3.799999999999727,5.699999999999591,SL,-5.699999999999363
236_lower,2024-05-01,2024-05-01 10:00:00-04:00,2024-05-29 10:00:00-04:00,2024-05-03 09:33:00-04:00,lower,skipped,SAL,n/a,active,,,,,,,,
238_upper,2024-05-06,2024-05-03 10:00:00-04:00,2024-05-31 10:00:00-04:00,2024-05-06 08:46:00-04:00,upper,executed,,flat,inactive,2024-05-06 08:46:00-04:00,2024-05-06 09:39:00-04:00,2337.153743875641,2337.153743875641,6.599999999999909,9.899999999999864,BE,-0.0
239_lower,2024-05-08,2024-05-06 10:00:00-04:00,2024-06-03 10:00:00-04:00,2024-05-07 21:35:00-04:00,lower,executed,,flat,inactive,2024-05-07 21:35:00-04:00,2024-05-07 22:24:00-04:00,2316.143016944483,2316.143016944483,2.600000000000364,3.9000000000005457,BE,0.0
240_lower,2024-05-08,2024-05-07 10:00:00-04:00,2024-06-04 10:00:00-04:00,2024-05-08 04:00:00-04:00,lower,executed,,flat,inactive,2024-05-08 04:00:00-04:00,2024-05-08 08:03:00-04:00,2312.2274461913357,2327.077446191336,9.900000000000091,14.850000000000136,TP,14.850000000000136
241_upper,2024-05-09,2024-05-08 10:00:00-04:00,2024-06-05 10:00:00-04:00,2024-05-09 08:37:00-04:00,upper,executed,,flat,inactive,2024-05-09 08:37:00-04:00,2024-05-09 09:12:00-04:00,2331.862044290208,2323.012044290208,5.900000000000091,8.850000000000136,TP,8.850000000000136
240_upper,2024-05-09,2024-05-07 10:00:00-04:00,2024-06-04 10:00:00-04:00,2024-05-09 10:14:00-04:00,upper,executed,,flat,inactive,2024-05-09 10:14:00-04:00,2024-05-09 11:07:00-04:00,2341.972553808664,2341.972553808664,15.599999999999909,23.399999999999864,BE,-0.0
242_upper,2024-05-09,2024-05-09 10:00:00-04:00,2024-06-06 10:00:00-04:00,2024-05-09 10:20:00-04:00,upper,skipped,position_open,open,inactive,,,,,,,,
239_upper,2024-05-06,2024-05-06 10:00:00-04:00,2024-06-03 10:00:00-04:00,2024-05-09 18:09:00-04:00,upper,skipped,no_anchor,n/a,n/a,,,,,,,,
234_upper,2024-05-10,2024-04-29 10:00:00-04:00,2024-05-27 10:00:00-04:00,2024-05-10 01:44:00-04:00,upper,executed,,flat,inactive,2024-05-10 01:44:00-04:00,2024-05-10 02:30:00-04:00,2364.573954802041,2369.5239548020413,3.300000000000182,4.950000000000273,SL,-4.950000000000273
229_upper,2024-04-22,2024-04-22 10:00:00-04:00,2024-05-20 10:00:00-04:00,2024-05-10 02:42:00-04:00,upper,skipped,SAL,n/a,active,,,,,,,,
233_upper,2024-04-26,2024-04-26 10:00:00-04:00,2024-05-24 10:00:00-04:00,2024-05-10 02:42:00-04:00,upper,skipped,SAL,n/a,active,,,,,,,,
243_lower,2024-05-13,2024-05-10 10:00:00-04:00,2024-06-07 10:00:00-04:00,2024-05-13 01:23:00-04:00,lower,executed,,flat,inactive,2024-05-13 01:23:00-04:00,2024-05-13 02:46:00-04:00,2359.2616455037182,2354.611645503718,3.099999999999909,4.649999999999864,SL,-4.650000000000091
244_upper,2024-05-15,2024-05-13 10:00:00-04:00,2024-06-10 10:00:00-04:00,2024-05-15 03:05:00-04:00,upper,executed,,flat,inactive,2024-05-15 03:05:00-04:00,2024-05-15 03:34:00-04:00,2367.2685425103373,2371.7685425103373,3.0,4.5,SL,-4.5
245_upper,2024-05-14,2024-05-14 10:00:00-04:00,2024-06-11 10:00:00-04:00,2024-05-15 04:29:00-04:00,upper,skipped,SAL,n/a,active,,,,,,,,
243_upper,2024-05-10,2024-05-10 10:00:00-04:00,2024-06-07 10:00:00-04:00,2024-05-15 11:16:00-04:00,upper,skipped,blocked_time,n/a,n/a,,,,,,,,
246_upper,2024-05-15,2024-05-15 10:00:00-04:00,2024-06-12 10:00:00-04:00,2024-05-15 13:29:00-04:00,upper,skipped,blocked_time,n/a,n/a,,,,,,,,
247_upper,2024-05-17,2024-05-16 10:00:00-04:00,2024-06-13 10:00:00-04:00,2024-05-17 08:51:00-04:00,upper,executed,,flat,inactive,2024-05-17 08:51:00-04:00,2024-05-17 09:11:00-04:00,2397.77517524236,2404.3751752423605,4.400000000000091,6.600000000000136,SL,-6.600000000000364
248_upper,2024-05-17,2024-05-17 10:00:00-04:00,2024-06-14 10:00:00-04:00,2024-05-17 11:01:00-04:00,upper,skipped,blocked_time,n/a,n/a,,,,,,,,
249_upper,2024-05-20,2024-05-20 10:00:00-04:00,2024-06-17 10:00:00-04:00,2024-05-20 13:40:00-04:00,upper,skipped,blocked_time,n/a,n/a,,,,,,,,
250_lower,2024-05-22,2024-05-21 10:00:00-04:00,2024-06-18 10:00:00-04:00,2024-05-21 23:48:00-04:00,lower,executed,,flat,inactive,2024-05-21 23:48:00-04:00,2024-05-22 00:38:00-04:00,2417.364985278228,2417.364985278228,11.099999999999909,16.649999999999864,BE,0.0
249_lower,2024-05-22,2024-05-20 10:00:00-04:00,2024-06-17 10:00:00-04:00,2024-05-22 10:10:00-04:00,lower,executed,,flat,inactive,2024-05-22 10:10:00-04:00,2024-05-22 10:23:00-04:00,2402.494680096109,2390.7946800961086,7.800000000000182,11.700000000000273,SL,-11.700000000000273
251_lower,2024-05-22,2024-05-22 10:00:00-04:00,2024-06-19 10:00:00-04:00,2024-05-22 10:14:00-04:00,lower,skipped,position_open,open,active,,,,,,,,
248_lower,2024-05-17,2024-05-17 10:00:00-04:00,2024-06-14 10:00:00-04:00,2024-05-22 10:27:00-04:00,lower,skipped,SAL,n/a,active,,,,,,,,
247_lower,2024-05-23,2024-05-16 10:00:00-04:00,2024-06-13 10:00:00-04:00,2024-05-23 01:50:00-04:00,lower,executed,,flat,inactive,2024-05-23 01:50:00-04:00,2024-05-23 01:57:00-04:00,2365.6248247576395,2362.1748247576393,2.300000000000182,3.450000000000273,SL,-3.450000000000273
246_lower,2024-05-15,2024-05-15 10:00:00-04:00,2024-06-12 10:00:00-04:00,2024-05-23 10:34:00-04:00,lower,skipped,SAL,n/a,active,,,,,,,,
252_lower,2024-05-23,2024-05-23 10:00:00-04:00,2024-06-20 10:00:00-04:00,2024-05-23 13:26:00-04:00,lower,skipped,blocked_time,n/a,n/a,,,,,,,,
245_lower,2024-05-14,2024-05-14 10:00:00-04:00,2024-06-11 10:00:00-04:00,2024-05-23 13:29:00-04:00,lower,skipped,blocked_time,n/a,n/a,,,,,,,,
244_lower,2024-05-13,2024-05-13 10:00:00-04:00,2024-06-10 10:00:00-04:00,2024-05-23 13:56:00-04:00,lower,skipped,blocked_time,n/a,n/a,,,,,,,,
253_upper,2024-05-28,2024-05-24 10:00:00-04:00,2024-06-21 10:00:00-04:00,2024-05-28 09:21:00-04:00,upper,executed,,flat,inactive,2024-05-28 09:21:00-04:00,2024-05-28 15:00:00-04:00,2363.574423506512,2358.5,11.599999999999909,17.399999999999864,cutoff,5.074423506512176
255_upper,2024-05-28,2024-05-28 10:00:00-04:00,2024-06-25 10:00:00-04:00,2024-05-28 20:00:00-04:00,upper,skipped,simultaneous_collision,flat,inactive,,,,,,,,
254_upper,2024-05-29,2024-05-27 10:00:00-04:00,2024-06-24 10:00:00-04:00,2024-05-28 20:00:00-04:00,upper,executed,,flat,inactive,2024-05-28 20:00:00-04:00,2024-05-28 21:43:00-04:00,2383.3,2379.55,2.5,3.75,TP,3.75
256_lower,2024-05-30,2024-05-29 10:00:00-04:00,2024-06-26 10:00:00-04:00,2024-05-29 22:42:00-04:00,lower,executed,,flat,inactive,2024-05-29 22:42:00-04:00,2024-05-30 01:32:00-04:00,2350.4563277407524,2350.4563277407524,7.599999999999909,11.399999999999864,BE,0.0
258_lower,2024-05-31,2024-05-31 10:00:00-04:00,2024-06-28 10:00:00-04:00,2024-05-31 11:13:00-04:00,lower,skipped,blocked_time,n/a,n/a,,,,,,,,
257_lower,2024-05-30,2024-05-30 10:00:00-04:00,2024-06-27 10:00:00-04:00,2024-05-31 13:24:00-04:00,lower,skipped,blocked_time,n/a,n/a,,,,,,,,
255_lower,2024-06-03,2024-05-28 10:00:00-04:00,2024-06-25 10:00:00-04:00,2024-06-02 23:54:00-04:00,lower,executed,,flat,inactive,2024-06-02 23:54:00-04:00,2024-06-03 00:46:00-04:00,2340.594029662926,2340.594029662926,6.0,9.0,BE,0.0
254_lower,2024-06-03,2024-05-27 10:00:00-04:00,2024-06-24 10:00:00-04:00,2024-06-03 01:44:00-04:00,lower,executed,,flat,inactive,2024-06-03 01:44:00-04:00,2024-06-03 01:55:00-04:00,2337.2399668757776,2341.1399668757776,2.599999999999909,3.8999999999998636,TP,3.8999999999998636
260_upper,2024-06-04,2024-06-04 10:00:00-04:00,2024-07-02 10:00:00-04:00,2024-06-05 11:38:00-04:00,upper,skipped,blocked_time,n/a,n/a,,,,,,,,
259_upper,2024-06-03,2024-06-03 10:00:00-04:00,2024-07-01 10:00:00-04:00,2024-06-05 11:43:00-04:00,upper,skipped,blocked_time,n/a,n/a,,,,,,,,
261_upper,2024-06-06,2024-06-05 10:00:00-04:00,2024-07-03 10:00:00-04:00,2024-06-05 21:08:00-04:00,upper,executed,,flat,inactive,2024-06-05 21:08:00-04:00,2024-06-05 21:14:00-04:00,2379.2683913260275,2381.5183913260275,1.5,2.25,SL,-2.25
256_upper,2024-05-29,2024-05-29 10:00:00-04:00,2024-06-26 10:00:00-04:00,2024-06-05 21:14:00-04:00,upper,skipped,SAL,n/a,active,,,,,,,,
257_upper,2024-05-30,2024-05-30 10:00:00-04:00,2024-06-27 10:00:00-04:00,2024-06-05 21:19:00-04:00,upper,skipped,SAL,n/a,active,,,,,,,,
252_upper,2024-05-23,2024-05-23 10:00:00-04:00,2024-06-20 10:00:00-04:00,2024-06-05 21:31:00-04:00,upper,skipped,SAL,n/a,active,,,,,,,,
258_upper,2024-05-31,2024-05-31 10:00:00-04:00,2024-06-28 10:00:00-04:00,2024-06-05 23:00:00-04:00,upper,skipped,SAL,n/a,active,,,,,,,,
262_upper,2024-06-06,2024-06-06 10:00:00-04:00,2024-07-04 10:00:00-04:00,2024-06-06 11:47:00-04:00,upper,skipped,blocked_time,n/a,n/a,,,,,,,,
262_lower,2024-06-07,2024-06-06 10:00:00-04:00,2024-07-04 10:00:00-04:00,2024-06-07 04:39:00-04:00,lower,executed,,flat,inactive,2024-06-07 04:39:00-04:00,2024-06-07 06:02:00-04:00,2364.7902770495803,2354.7402770495805,6.699999999999818,10.049999999999727,SL,-10.049999999999727
259_lower,2024-06-03,2024-06-03 10:00:00-04:00,2024-07-01 10:00:00-04:00,2024-06-07 08:30:00-04:00,lower,skipped,SAL,n/a,active,,,,,,,,
261_lower,2024-06-05,2024-06-05 10:00:00-04:00,2024-07-03 10:00:00-04:00,2024-06-07 08:30:00-04:00,lower,skipped,SAL,n/a,active,,,,,,,,
260_lower,2024-06-04,2024-06-04 10:00:00-04:00,2024-07-02 10:00:00-04:00,2024-06-07 08:31:00-04:00,lower,skipped,SAL,n/a,active,,,,,,,,
253_lower,2024-05-24,2024-05-24 10:00:00-04:00,2024-06-21 10:00:00-04:00,2024-06-07 09:51:00-04:00,lower,skipped,SAL,n/a,active,,,,,,,,
263_lower,2024-06-07,2024-06-07 10:00:00-04:00,2024-07-05 10:00:00-04:00,2024-06-07 15:23:00-04:00,lower,skipped,no_cutoff,n/a,n/a,,,,,,,,
264_upper,2024-06-11,2024-06-10 10:00:00-04:00,2024-07-08 10:00:00-04:00,2024-06-11 08:40:00-04:00,upper,executed,,flat,inactive,2024-06-11 08:40:00-04:00,2024-06-11 09:04:00-04:00,2335.716912481635,2331.366912481635,2.900000000000091,4.350000000000136,TP,4.350000000000136
265_upper,2024-06-12,2024-06-11 10:00:00-04:00,2024-07-09 10:00:00-04:00,2024-06-12 08:38:00-04:00,upper,executed,,flat,inactive,2024-06-12 08:38:00-04:00,2024-06-12 08:50:00-04:00,2346.17765962174,2350.07765962174,2.599999999999909,3.8999999999998636,SL,-3.900000000000091
266_lower,2024-06-13,2024-06-12 10:00:00-04:00,2024-07-10 10:00:00-04:00,2024-06-12 21:13:00-04:00,lower,executed,,flat,inactive,2024-06-12 21:13:00-04:00,2024-06-13 07:40:00-04:00,2330.957843621658,2322.407843621658,5.700000000000273,8.55000000000041,SL,-8.550000000000182
265_lower,2024-06-11,2024-06-11 10:00:00-04:00,2024-07-09 10:00:00-04:00,2024-06-13 11:57:00-04:00,lower,skipped,blocked_time,n/a,n/a,,,,,,,,
267_lower,2024-06-13,2024-06-13 10:00:00-04:00,2024-07-11 10:00:00-04:00,2024-06-13 12:24:00-04:00,lower,skipped,blocked_time,n/a,n/a,,,,,,,,
268_lower,2024-06-14,2024-06-14 10:00:00-04:00,2024-07-12 10:00:00-04:00,2024-06-17 11:35:00-04:00,lower,skipped,blocked_time,n/a,n/a,,,,,,,,
269_lower,2024-06-18,2024-06-17 10:00:00-04:00,2024-07-15 10:00:00-04:00,2024-06-18 06:25:00-04:00,lower,executed,,flat,inactive,2024-06-18 06:25:00-04:00,2024-06-18 07:51:00-04:00,2322.448998684997,2327.8489986849972,3.599999999999909,5.399999999999864,TP,5.399999999999864
269_upper,2024-06-20,2024-06-17 10:00:00-04:00,2024-07-15 10:00:00-04:00,2024-06-20 00:36:00-04:00,upper,executed,,flat,inactive,2024-06-20 00:36:00-04:00,2024-06-20 01:36:00-04:00,2353.501001315003,2356.8010013150033,2.200000000000273,3.3000000000004093,SL,-3.300000000000182
270_upper,2024-06-18,2024-06-18 10:00:00-04:00,2024-07-16 10:00:00-04:00,2024-06-20 00:58:00-04:00,upper,skipped,position_open,open,active,,,,,,,,
267_upper,2024-06-13,2024-06-13 10:00:00-04:00,2024-07-11 10:00:00-04:00,2024-06-20 01:04:00-04:00,upper,skipped,position_open,open,active,,,,,,,,
271_upper,2024-06-19,2024-06-19 10:00:00-04:00,2024-07-17 10:00:00-04:00,2024-06-20 01:36:00-04:00,upper,skipped,SAL,n/a,active,,,,,,,,
268_upper,2024-06-14,2024-06-14 10:00:00-04:00,2024-07-12 10:00:00-04:00,2024-06-20 09:48:00-04:00,upper,skipped,SAL,n/a,active,,,,,,,,
263_upper,2024-06-07,2024-06-07 10:00:00-04:00,2024-07-05 10:00:00-04:00,2024-06-20 10:02:00-04:00,upper,skipped,SAL,n/a,active,,,,,,,,
272_upper,2024-06-20,2024-06-20 10:00:00-04:00,2024-07-18 10:00:00-04:00,2024-06-20 10:48:00-04:00,upper,skipped,SAL,n/a,active,,,,,,,,
266_upper,2024-06-12,2024-06-12 10:00:00-04:00,2024-07-10 10:00:00-04:00,2024-06-20 10:53:00-04:00,upper,skipped,SAL,n/a,active,,,,,,,,
273_lower,2024-06-21,2024-06-21 10:00:00-04:00,2024-07-19 10:00:00-04:00,2024-06-21 11:20:00-04:00,lower,skipped,blocked_time,n/a,n/a,,,,,,,,
272_lower,2024-06-20,2024-06-20 10:00:00-04:00,2024-07-18 10:00:00-04:00,2024-06-21 13:04:00-04:00,lower,skipped,blocked_time,n/a,n/a,,,,,,,,
271_lower,2024-06-19,2024-06-19 10:00:00-04:00,2024-07-17 10:00:00-04:00,2024-06-21 13:29:00-04:00,lower,skipped,blocked_time,n/a,n/a,,,,,,,,
274_lower,2024-06-26,2024-06-24 10:00:00-04:00,2024-07-22 10:00:00-04:00,2024-06-25 21:38:00-04:00,lower,executed,,flat,inactive,2024-06-25 21:38:00-04:00,2024-06-26 00:35:00-04:00,2326.886719522596,2326.886719522596,6.300000000000182,9.450000000000273,BE,0.0
275_lower,2024-06-26,2024-06-25 10:00:00-04:00,2024-07-23 10:00:00-04:00,2024-06-26 06:23:00-04:00,lower,executed,,flat,inactive,2024-06-26 06:23:00-04:00,2024-06-26 07:26:00-04:00,2320.360983710178,2316.1609837101787,2.799999999999727,4.199999999999591,SL,-4.199999999999363
270_lower,2024-06-18,2024-06-18 10:00:00-04:00,2024-07-16 10:00:00-04:00,2024-06-26 09:19:00-04:00,lower,skipped,SAL,n/a,active,,,,,,,,
264_lower,2024-06-10,2024-06-10 10:00:00-04:00,2024-07-08 10:00:00-04:00,2024-06-26 09:32:00-04:00,lower,skipped,SAL,n/a,active,,,,,,,,
276_upper,2024-06-27,2024-06-26 10:00:00-04:00,2024-07-24 10:00:00-04:00,2024-06-27 05:24:00-04:00,upper,executed,,flat,inactive,2024-06-27 05:24:00-04:00,2024-06-27 08:39:00-04:00,2323.4603570696036,2333.360357069603,6.599999999999909,9.899999999999864,SL,-9.899999999999636
277_upper,2024-06-28,2024-06-27 10:00:00-04:00,2024-07-25 10:00:00-04:00,2024-06-28 07:03:00-04:00,upper,executed,,flat,inactive,2024-06-28 07:03:00-04:00,2024-06-28 08:30:00-04:00,2347.3356150734003,2347.3356150734003,7.5,11.25,BE,-0.0
275_upper,2024-07-03,2024-06-25 10:00:00-04:00,2024-07-23 10:00:00-04:00,2024-07-03 03:12:00-04:00,upper,executed,,flat,inactive,2024-07-03 03:12:00-04:00,2024-07-03 08:39:00-04:00,2351.589016289822,2365.5390162898225,9.300000000000182,13.950000000000273,SL,-13.950000000000273
278_upper,2024-06-28,2024-06-28 10:00:00-04:00,2024-07-26 10:00:00-04:00,2024-07-03 03:57:00-04:00,upper,skipped,position_open,open,active,,,,,,,,
279_upper,2024-07-01,2024-07-01 10:00:00-04:00,2024-07-29 10:00:00-04:00,2024-07-03 04:13:00-04:00,upper,skipped,position_open,open,active,,,,,,,,
280_upper,2024-07-02,2024-07-02 10:00:00-04:00,2024-07-30 10:00:00-04:00,2024-07-03 04:13:00-04:00,upper,skipped,position_open,open,active,,,,,,,,
274_upper,2024-06-24,2024-06-24 10:00:00-04:00,2024-07-22 10:00:00-04:00,2024-07-03 08:20:00-04:00,upper,skipped,position_open,open,active,,,,,,,,
282_upper,2024-07-05,2024-07-04 10:00:00-04:00,2024-08-01 10:00:00-04:00,2024-07-05 08:31:00-04:00,upper,executed,,flat,inactive,2024-07-05 08:31:00-04:00,2024-07-05 08:32:00-04:00,2378.3999318678807,2384.099931867881,3.800000000000182,5.700000000000273,SL,-5.700000000000273
281_upper,2024-07-03,2024-07-03 10:00:00-04:00,2024-07-31 10:00:00-04:00,2024-07-05 08:32:00-04:00,upper,skipped,SAL,n/a,active,,,,,,,,
273_upper,2024-06-21,2024-06-21 10:00:00-04:00,2024-07-19 10:00:00-04:00,2024-07-05 09:41:00-04:00,upper,skipped,SAL,n/a,active,,,,,,,,
283_lower,2024-07-05,2024-07-05 10:00:00-04:00,2024-08-02 10:00:00-04:00,2024-07-08 11:45:00-04:00,lower,skipped,blocked_time,n/a,n/a,,,,,,,,
284_lower,2024-07-08,2024-07-08 10:00:00-04:00,2024-08-05 10:00:00-04:00,2024-07-08 11:46:00-04:00,lower,skipped,blocked_time,n/a,n/a,,,,,,,,
285_upper,2024-07-10,2024-07-09 10:00:00-04:00,2024-08-06 10:00:00-04:00,2024-07-10 09:47:00-04:00,upper,executed,,flat,inactive,2024-07-10 09:47:00-04:00,2024-07-10 10:40:00-04:00,2389.051853041353,2381.851853041353,4.799999999999727,7.199999999999591,TP,7.199999999999591
284_upper,2024-07-11,2024-07-08 10:00:00-04:00,2024-08-05 10:00:00-04:00,2024-07-11 08:30:00-04:00,upper,executed,,flat,inactive,2024-07-11 08:30:00-04:00,2024-07-11 08:32:00-04:00,2397.4958124427544,2404.2458124427544,4.5,6.75,SL,-6.75
283_upper,2024-07-05,2024-07-05 10:00:00-04:00,2024-08-02 10:00:00-04:00,2024-07-11 08:32:00-04:00,upper,skipped,SAL,n/a,active,,,,,,,,
286_upper,2024-07-10,2024-07-10 10:00:00-04:00,2024-08-07 10:00:00-04:00,2024-07-11 08:32:00-04:00,upper,skipped,SAL,n/a,active,,,,,,,,
288_upper,2024-07-15,2024-07-12 10:00:00-04:00,2024-08-09 10:00:00-04:00,2024-07-15 07:10:00-04:00,upper,executed,,flat,inactive,2024-07-15 07:10:00-04:00,2024-07-15 08:00:00-04:00,2423.368933931825,2423.368933931825,5.299999999999727,7.949999999999591,BE,-0.0
287_upper,2024-07-15,2024-07-11 10:00:00-04:00,2024-08-08 10:00:00-04:00,2024-07-15 10:51:00-04:00,upper,executed,,flat,inactive,2024-07-15 10:51:00-04:00,2024-07-15 12:42:00-04:00,2432.2955379025984,2443.845537902598,7.699999999999818,11.549999999999727,SL,-11.549999999999727
289_upper,2024-07-15,2024-07-15 10:00:00-04:00,2024-08-12 10:00:00-04:00,2024-07-15 11:00:00-04:00,upper,skipped,blocked_time,n/a,n/a,,,,,,,,
290_upper,2024-07-16,2024-07-16 10:00:00-04:00,2024-08-13 10:00:00-04:00,2024-07-16 11:22:00-04:00,upper,skipped,blocked_time,n/a,n/a,,,,,,,,
291_lower,2024-07-17,2024-07-17 10:00:00-04:00,2024-08-14 10:00:00-04:00,2024-07-17 12:23:00-04:00,lower,skipped,blocked_time,n/a,n/a,,,,,,,,
292_lower,2024-07-18,2024-07-18 10:00:00-04:00,2024-08-15 10:00:00-04:00,2024-07-18 15:09:00-04:00,lower,skipped,no_cutoff,n/a,n/a,,,,,,,,
290_lower,2024-07-19,2024-07-16 10:00:00-04:00,2024-08-13 10:00:00-04:00,2024-07-18 21:28:00-04:00,lower,executed,,flat,inactive,2024-07-18 21:28:00-04:00,2024-07-19 01:33:00-04:00,2424.9949329644023,2424.9949329644023,14.800000000000182,22.200000000000273,BE,0.0
289_lower,2024-07-19,2024-07-15 10:00:00-04:00,2024-08-12 10:00:00-04:00,2024-07-19 08:47:00-04:00,lower,executed,,flat,inactive,2024-07-19 08:47:00-04:00,2024-07-19 15:00:00-04:00,2404.104003921944,2399.7,5.900000000000091,8.850000000000136,cutoff,-4.404003921943968
288_lower,2024-07-22,2024-07-12 10:00:00-04:00,2024-08-09 10:00:00-04:00,2024-07-22 08:34:00-04:00,lower,executed,,flat,inactive,2024-07-22 08:34:00-04:00,2024-07-22 10:24:00-04:00,2390.681066068175,2390.681066068175,9.799999999999727,14.69999999999959,BE,0.0
287_lower,2024-07-22,2024-07-11 10:00:00-04:00,2024-08-08 10:00:00-04:00,2024-07-22 10:27:00-04:00,lower,executed,,flat,inactive,2024-07-22 10:27:00-04:00,2024-07-22 11:13:00-04:00,2389.9044620974014,2389.9044620974014,9.0,13.5,BE,0.0
294_upper,2024-07-24,2024-07-22 10:00:00-04:00,2024-08-19 10:00:00-04:00,2024-07-23 22:18:00-04:00,upper,executed,,flat,inactive,2024-07-23 22:18:00-04:00,2024-07-23 23:04:00-04:00,2416.748913783683,2416.748913783683,7.400000000000091,11.100000000000136,BE,-0.0
295_upper,2024-07-24,2024-07-23 10:00:00-04:00,2024-08-20 10:00:00-04:00,2024-07-24 08:54:00-04:00,upper,executed,,flat,inactive,2024-07-24 08:54:00-04:00,2024-07-24 13:55:00-04:00,2421.94093384032,2410.84093384032,7.400000000000091,11.100000000000136,TP,11.100000000000136
293_upper,2024-07-19,2024-07-19 10:00:00-04:00,2024-08-16 10:00:00-04:00,2024-07-24 08:56:00-04:00,upper,skipped,position_open,open,inactive,,,,,,,,
296_lower,2024-07-24,2024-07-24 10:00:00-04:00,2024-08-21 10:00:00-04:00,2024-07-24 15:56:00-04:00,lower,skipped,no_cutoff,n/a,n/a,,,,,,,,
295_lower,2024-07-25,2024-07-23 10:00:00-04:00,2024-08-20 10:00:00-04:00,2024-07-24 21:26:00-04:00,lower,executed,,flat,inactive,2024-07-24 21:26:00-04:00,2024-07-24 21:38:00-04:00,2387.5590661596802,2382.15906615968,3.599999999999909,5.399999999999864,SL,-5.400000000000091
293_lower,2024-07-19,2024-07-19 10:00:00-04:00,2024-08-16 10:00:00-04:00,2024-07-24 21:40:00-04:00,lower,skipped,SAL,n/a,active,,,,,,,,
294_lower,2024-07-22,2024-07-22 10:00:00-04:00,2024-08-19 10:00:00-04:00,2024-07-24 21:40:00-04:00,lower,skipped,SAL,n/a,active,,,,,,,,
286_lower,2024-07-10,2024-07-10 10:00:00-04:00,2024-08-07 10:00:00-04:00,2024-07-24 21:42:00-04:00,lower,skipped,SAL,n/a,active,,,,,,,,
282_lower,2024-07-04,2024-07-04 10:00:00-04:00,2024-08-01 10:00:00-04:00,2024-07-25 13:28:00-04:00,lower,skipped,blocked_time,n/a,n/a,,,,,,,,
285_lower,2024-07-09,2024-07-09 10:00:00-04:00,2024-08-06 10:00:00-04:00,2024-07-25 13:28:00-04:00,lower,skipped,blocked_time,n/a,n/a,,,,,,,,
297_upper,2024-07-25,2024-07-25 10:00:00-04:00,2024-08-22 10:00:00-04:00,2024-07-28 18:12:00-04:00,upper,skipped,no_anchor,n/a,n/a,,,,,,,,
298_upper,2024-07-26,2024-07-26 10:00:00-04:00,2024-08-23 10:00:00-04:00,2024-07-28 18:15:00-04:00,upper,skipped,no_anchor,n/a,n/a,,,,,,,,
296_upper,2024-07-29,2024-07-24 10:00:00-04:00,2024-08-21 10:00:00-04:00,2024-07-28 20:00:00-04:00,upper,executed,,flat,inactive,2024-07-28 20:00:00-04:00,2024-07-28 21:33:00-04:00,2443.7,2437.25,4.299999999999727,6.449999999999591,TP,6.449999999999591
299_lower,2024-07-29,2024-07-29 10:00:00-04:00,2024-08-26 10:00:00-04:00,2024-07-29 11:15:00-04:00,lower,skipped,blocked_time,n/a,n/a,,,,,,,,
299_upper,2024-07-29,2024-07-29 10:00:00-04:00,2024-08-26 10:00:00-04:00,2024-07-30 16:21:00-04:00,upper,skipped,no_cutoff,n/a,n/a,,,,,,,,
300_upper,2024-07-31,2024-07-30 10:00:00-04:00,2024-08-27 10:00:00-04:00,2024-07-30 23:13:00-04:00,upper,executed,,flat,inactive,2024-07-30 23:13:00-04:00,2024-07-31 02:26:00-04:00,2460.009151445313,2467.509151445313,5.0,7.5,SL,-7.5
292_upper,2024-07-18,2024-07-18 10:00:00-04:00,2024-08-15 10:00:00-04:00,2024-07-31 15:20:00-04:00,upper,skipped,no_cutoff,n/a,n/a,,,,,,,,
301_upper,2024-07-31,2024-07-31 10:00:00-04:00,2024-08-28 10:00:00-04:00,2024-07-31 15:27:00-04:00,upper,skipped,no_cutoff,n/a,n/a,,,,,,,,
291_upper,2024-08-01,2024-07-17 10:00:00-04:00,2024-08-14 10:00:00-04:00,2024-07-31 21:22:00-04:00,upper,executed,,flat,inactive,2024-07-31 21:22:00-04:00,2024-07-31 21:57:00-04:00,2501.330862369234,2495.180862369234,4.099999999999909,6.149999999999864,TP,6.149999999999864
302_upper,2024-08-02,2024-08-01 10:00:00-04:00,2024-08-29 10:00:00-04:00,2024-08-02 08:35:00-04:00,upper,executed,,flat,inactive,2024-08-02 08:35:00-04:00,2024-08-02 09:03:00-04:00,2520.8373294787443,2509.737329478745,7.399999999999636,11.099999999999454,TP,11.099999999999454
303_lower,2024-08-02,2024-08-02 10:00:00-04:00,2024-08-30 10:00:00-04:00,2024-08-02 10:37:00-04:00,lower,executed,,flat,inactive,2024-08-02 10:37:00-04:00,2024-08-02 11:13:00-04:00,2487.2371996455204,2458.4371996455206,19.199999999999818,28.799999999999727,SL,-28.799999999999727
302_lower,2024-08-01,2024-08-01 10:00:00-04:00,2024-08-29 10:00:00-04:00,2024-08-02 10:45:00-04:00,lower,skipped,position_open,open,active,,,,,,,,
301_lower,2024-08-05,2024-07-31 10:00:00-04:00,2024-08-28 10:00:00-04:00,2024-08-05 07:00:00-04:00,lower,executed,,flat,inactive,2024-08-05 07:00:00-04:00,2024-08-05 08:20:00-04:00,2445.256502961432,2418.5565029614318,17.800000000000182,26.700000000000273,SL,-26.700000000000273
300_lower,2024-07-30,2024-07-30 10:00:00-04:00,2024-08-27 10:00:00-04:00,2024-08-05 08:20:00-04:00,lower,skipped,SAL,n/a,active,,,,,,,,
304_upper,2024-08-06,2024-08-05 10:00:00-04:00,2024-09-02 10:00:00-04:00,2024-08-05 20:48:00-04:00,upper,executed,,flat,inactive,2024-08-05 20:48:00-04:00,2024-08-05 22:14:00-04:00,2459.0879060441175,2450.237906044117,5.900000000000091,8.850000000000136,TP,8.850000000000136
306_upper,2024-08-09,2024-08-07 10:00:00-04:00,2024-09-04 10:00:00-04:00,2024-08-09 06:54:00-04:00,upper,executed,,flat,inactive,2024-08-09 06:54:00-04:00,2024-08-09 07:39:00-04:00,2471.149110429742,2466.949110429742,2.799999999999727,4.199999999999591,TP,4.199999999999591
305_upper,2024-08-09,2024-08-06 10:00:00-04:00,2024-09-03 10:00:00-04:00,2024-08-09 10:35:00-04:00,upper,executed,,flat,inactive,2024-08-09 10:35:00-04:00,2024-08-09 13:02:00-04:00,2475.1028549949106,2475.1028549949106,12.699999999999818,19.049999999999727,BE,-0.0
307_upper,2024-08-12,2024-08-08 10:00:00-04:00,2024-09-05 10:00:00-04:00,2024-08-12 03:51:00-04:00,upper,executed,,flat,inactive,2024-08-12 03:51:00-04:00,2024-08-12 04:37:00-04:00,2479.8464881832047,2479.8464881832047,3.799999999999727,5.699999999999591,BE,-0.0
308_upper,2024-08-09,2024-08-09 10:00:00-04:00,2024-09-06 10:00:00-04:00,2024-08-12 11:15:00-04:00,upper,skipped,blocked_time,n/a,n/a,,,,,,,,
309_upper,2024-08-13,2024-08-12 10:00:00-04:00,2024-09-09 10:00:00-04:00,2024-08-12 19:23:00-04:00,upper,executed,,flat,inactive,2024-08-12 19:23:00-04:00,2024-08-12 21:11:00-04:00,2515.1009880630677,2508.3509880630677,4.5,6.75,TP,6.75
310_lower,2024-08-13,2024-08-13 10:00:00-04:00,2024-09-10 10:00:00-04:00,2024-08-14 11:33:00-04:00,lower,skipped,blocked_time,n/a,n/a,,,,,,,,
312_upper,2024-08-16,2024-08-15 10:00:00-04:00,2024-09-12 10:00:00-04:00,2024-08-16 08:00:00-04:00,upper,executed,,flat,inactive,2024-08-16 08:00:00-04:00,2024-08-16 08:53:00-04:00,2510.384528114627,2522.234528114627,7.900000000000091,11.850000000000136,SL,-11.850000000000364
311_upper,2024-08-14,2024-08-14 10:00:00-04:00,2024-09-11 10:00:00-04:00,2024-08-16 08:50:00-04:00,upper,skipped,position_open,open,active,,,,,,,,
303_upper,2024-08-02,2024-08-02 10:00:00-04:00,2024-08-30 10:00:00-04:00,2024-08-16 09:41:00-04:00,upper,skipped,SAL,n/a,active,,,,,,,,
310_upper,2024-08-13,2024-08-13 10:00:00-04:00,2024-09-10 10:00:00-04:00,2024-08-16 09:42:00-04:00,upper,skipped,SAL,n/a,active,,,,,,,,
314_upper,2024-08-20,2024-08-19 10:00:00-04:00,2024-09-16 10:00:00-04:00,2024-08-20 03:44:00-04:00,upper,executed,,flat,inactive,2024-08-20 03:44:00-04:00,2024-08-20 05:23:00-04:00,2550.0317502972616,2563.0817502972623,8.700000000000273,13.05000000000041,SL,-13.050000000000637
313_upper,2024-08-16,2024-08-16 10:00:00-04:00,2024-09-13 10:00:00-04:00,2024-08-20 03:57:00-04:00,upper,skipped,position_open,open,active,,,,,,,,
315_lower,2024-08-20,2024-08-20 10:00:00-04:00,2024-09-17 10:00:00-04:00,2024-08-20 11:17:00-04:00,lower,skipped,blocked_time,n/a,n/a,,,,,,,,
316_lower,2024-08-22,2024-08-21 10:00:00-04:00,2024-09-18 10:00:00-04:00,2024-08-22 10:11:00-04:00,lower,executed,,flat,inactive,2024-08-22 10:11:00-04:00,2024-08-22 11:08:00-04:00,2513.4736943855232,2513.4736943855232,19.200000000000273,28.80000000000041,BE,0.0
314_lower,2024-08-19,2024-08-19 10:00:00-04:00,2024-09-16 10:00:00-04:00,2024-08-22 10:22:00-04:00,lower,skipped,position_open,open,inactive,,,,,,,,
317_upper,2024-08-23,2024-08-22 10:00:00-04:00,2024-09-19 10:00:00-04:00,2024-08-23 10:06:00-04:00,upper,executed,,flat,inactive,2024-08-23 10:06:00-04:00,2024-08-23 11:05:00-04:00,2548.9873434044275,2548.9873434044275,9.5,14.25,BE,-0.0
318_upper,2024-08-26,2024-08-23 10:00:00-04:00,2024-09-20 10:00:00-04:00,2024-08-26 06:22:00-04:00,upper,executed,,flat,inactive,2024-08-26 06:22:00-04:00,2024-08-26 06:33:00-04:00,2562.409112860625,2558.8091128606247,2.400000000000091,3.6000000000001364,TP,3.6000000000001364
319_lower,2024-08-28,2024-08-26 10:00:00-04:00,2024-09-23 10:00:00-04:00,2024-08-28 07:46:00-04:00,lower,executed,,flat,inactive,2024-08-28 07:46:00-04:00,2024-08-28 15:00:00-04:00,2535.747776422577,2542.7,8.100000000000364,12.150000000000546,cutoff,6.952223577422956
323_lower,2024-08-30,2024-08-30 10:00:00-04:00,2024-09-27 10:00:00-04:00,2024-08-30 12:42:00-04:00,lower,skipped,blocked_time,n/a,n/a,,,,,,,,
322_lower,2024-09-02,2024-08-29 10:00:00-04:00,2024-09-26 10:00:00-04:00,2024-09-01 22:30:00-04:00,lower,executed,,flat,inactive,2024-09-01 22:30:00-04:00,2024-09-02 04:40:00-04:00,2523.4349121507935,2535.4349121507935,8.0,12.0,TP,12.0
320_lower,2024-08-27,2024-08-27 10:00:00-04:00,2024-09-24 10:00:00-04:00,2024-09-01 22:45:00-04:00,lower,skipped,position_open,open,inactive,,,,,,,,
321_lower,2024-09-03,2024-08-28 10:00:00-04:00,2024-09-25 10:00:00-04:00,2024-09-03 07:49:00-04:00,lower,executed,,flat,inactive,2024-09-03 07:49:00-04:00,2024-09-03 08:13:00-04:00,2519.4723806379275,2532.522380637927,8.699999999999818,13.049999999999727,TP,13.049999999999727
324_lower,2024-09-03,2024-09-02 10:00:00-04:00,2024-09-30 10:00:00-04:00,2024-09-03 09:39:00-04:00,lower,executed,,flat,inactive,2024-09-03 09:39:00-04:00,2024-09-03 15:00:00-04:00,2515.9762609478335,2520.5,15.199999999999818,22.799999999999727,cutoff,4.5237390521665475
318_lower,2024-08-23,2024-08-23 10:00:00-04:00,2024-09-20 10:00:00-04:00,2024-09-03 09:48:00-04:00,lower,skipped,position_open,open,inactive,,,,,,,,
313_lower,2024-08-16,2024-08-16 10:00:00-04:00,2024-09-13 10:00:00-04:00,2024-09-03 10:20:00-04:00,lower,skipped,position_open,open,inactive,,,,,,,,
317_lower,2024-09-04,2024-08-22 10:00:00-04:00,2024-09-19 10:00:00-04:00,2024-09-04 04:54:00-04:00,lower,executed,,flat,inactive,2024-09-04 04:54:00-04:00,2024-09-04 05:57:00-04:00,2504.3126565955727,2514.3626565955724,6.699999999999818,10.049999999999727,TP,10.049999999999727
326_upper,2024-09-05,2024-09-04 10:00:00-04:00,2024-10-02 10:00:00-04:00,2024-09-05 04:39:00-04:00,upper,executed,,flat,inactive,2024-09-05 04:39:00-04:00,2024-09-05 05:30:00-04:00,2547.2362144915974,2547.2362144915974,4.5,6.75,BE,-0.0
324_upper,2024-09-05,2024-09-02 10:00:00-04:00,2024-09-30 10:00:00-04:00,2024-09-05 07:00:00-04:00,upper,executed,,flat,inactive,2024-09-05 07:00:00-04:00,2024-09-05 08:15:00-04:00,2547.7737390521665,2547.7737390521665,3.599999999999909,5.399999999999864,BE,-0.0
325_upper,2024-09-03,2024-09-03 10:00:00-04:00,2024-10-01 10:00:00-04:00,2024-09-05 07:02:00-04:00,upper,skipped,position_open,open,inactive,,,,,,,,
327_lower,2024-09-05,2024-09-05 10:00:00-04:00,2024-10-03 10:00:00-04:00,2024-09-06 12:21:00-04:00,lower,skipped,blocked_time,n/a,n/a,,,,,,,,
329_upper,2024-09-11,2024-09-09 10:00:00-04:00,2024-10-07 10:00:00-04:00,2024-09-11 02:12:00-04:00,upper,executed,,flat,inactive,2024-09-11 02:12:00-04:00,2024-09-11 03:57:00-04:00,2554.6614606542175,2550.011460654217,3.100000000000364,4.650000000000546,TP,4.650000000000546
331_upper,2024-09-12,2024-09-11 10:00:00-04:00,2024-10-09 10:00:00-04:00,2024-09-12 08:41:00-04:00,upper,executed,,flat,inactive,2024-09-12 08:41:00-04:00,2024-09-12 09:10:00-04:00,2558.718216618776,2569.818216618776,7.400000000000091,11.100000000000136,SL,-11.100000000000364
328_upper,2024-09-06,2024-09-06 10:00:00-04:00,2024-10-04 10:00:00-04:00,2024-09-12 08:46:00-04:00,upper,skipped,position_open,open,active,,,,,,,,
316_upper,2024-08-21,2024-08-21 10:00:00-04:00,2024-09-18 10:00:00-04:00,2024-09-12 09:09:00-04:00,upper,skipped,position_open,open,active,,,,,,,,
320_upper,2024-08-27,2024-08-27 10:00:00-04:00,2024-09-24 10:00:00-04:00,2024-09-12 09:09:00-04:00,upper,skipped,position_open,open,active,,,,,,,,
321_upper,2024-08-28,2024-08-28 10:00:00-04:00,2024-09-25 10:00:00-04:00,2024-09-12 09:09:00-04:00,upper,skipped,position_open,open,active,,,,,,,,
322_upper,2024-08-29,2024-08-29 10:00:00-04:00,2024-09-26 10:00:00-04:00,2024-09-12 09:09:00-04:00,upper,skipped,position_open,open,active,,,,,,,,
323_upper,2024-08-30,2024-08-30 10:00:00-04:00,2024-09-27 10:00:00-04:00,2024-09-12 09:09:00-04:00,upper,skipped,position_open,open,active,,,,,,,,
330_upper,2024-09-10,2024-09-10 10:00:00-04:00,2024-10-08 10:00:00-04:00,2024-09-12 09:09:00-04:00,upper,skipped,position_open,open,active,,,,,,,,
327_upper,2024-09-05,2024-09-05 10:00:00-04:00,2024-10-03 10:00:00-04:00,2024-09-12 09:38:00-04:00,upper,skipped,SAL,n/a,active,,,,,,,,
319_upper,2024-08-26,2024-08-26 10:00:00-04:00,2024-09-23 10:00:00-04:00,2024-09-12 10:46:00-04:00,upper,skipped,SAL,n/a,active,,,,,,,,
315_upper,2024-08-20,2024-08-20 10:00:00-04:00,2024-09-17 10:00:00-04:00,2024-09-12 16:28:00-04:00,upper,skipped,no_cutoff,n/a,n/a,,,,,,,,
332_upper,2024-09-13,2024-09-12 10:00:00-04:00,2024-10-10 10:00:00-04:00,2024-09-12 23:31:00-04:00,upper,executed,,flat,inactive,2024-09-12 23:31:00-04:00,2024-09-13 00:31:00-04:00,2597.2811424090696,2597.2811424090696,4.099999999999909,6.149999999999864,BE,-0.0
334_lower,2024-09-16,2024-09-16 10:00:00-04:00,2024-10-14 10:00:00-04:00,2024-09-17 11:33:00-04:00,lower,skipped,blocked_time,n/a,n/a,,,,,,,,
335_upper,2024-09-17,2024-09-17 10:00:00-04:00,2024-10-15 10:00:00-04:00,2024-09-18 14:23:00-04:00,upper,skipped,blocked_time,n/a,n/a,,,,,,,,
336_upper,2024-09-18,2024-09-18 10:00:00-04:00,2024-10-16 10:00:00-04:00,2024-09-18 14:33:00-04:00,upper,skipped,blocked_time,n/a,n/a,,,,,,,,
333_lower,2024-09-13,2024-09-13 10:00:00-04:00,2024-10-11 10:00:00-04:00,2024-09-18 15:07:00-04:00,lower,skipped,no_cutoff,n/a,n/a,,,,,,,,
335_lower,2024-09-17,2024-09-17 10:00:00-04:00,2024-10-15 10:00:00-04:00,2024-09-18 15:22:00-04:00,lower,skipped,no_cutoff,n/a,n/a,,,,,,,,
336_lower,2024-09-18,2024-09-18 10:00:00-04:00,2024-10-16 10:00:00-04:00,2024-09-18 15:23:00-04:00,lower,skipped,no_cutoff,n/a,n/a,,,,,,,,
337_upper,2024-09-19,2024-09-19 10:00:00-04:00,2024-10-17 10:00:00-04:00,2024-09-20 02:49:00-04:00,upper,skipped,simultaneous_collision,flat,inactive,,,,,,,,
333_upper,2024-09-20,2024-09-13 10:00:00-04:00,2024-10-11 10:00:00-04:00,2024-09-20 02:49:00-04:00,upper,executed,,flat,inactive,2024-09-20 02:49:00-04:00,2024-09-20 02:51:00-04:00,2628.046547620702,2632.3965476207013,2.899999999999636,4.349999999999454,SL,-4.349999999999454
334_upper,2024-09-16,2024-09-16 10:00:00-04:00,2024-10-14 10:00:00-04:00,2024-09-20 03:07:00-04:00,upper,skipped,SAL,n/a,active,,,,,,,,
338_upper,2024-09-23,2024-09-20 10:00:00-04:00,2024-10-18 10:00:00-04:00,2024-09-22 23:29:00-04:00,upper,executed,,flat,inactive,2024-09-22 23:29:00-04:00,2024-09-23 01:45:00-04:00,2655.6421553259993,2655.6421553259993,9.0,13.5,BE,-0.0
339_upper,2024-09-23,2024-09-23 10:00:00-04:00,2024-10-21 10:00:00-04:00,2024-09-24 12:40:00-04:00,upper,skipped,blocked_time,n/a,n/a,,,,,,,,
340_upper,2024-09-24,2024-09-24 10:00:00-04:00,2024-10-22 10:00:00-04:00,2024-09-24 12:44:00-04:00,upper,skipped,blocked_time,n/a,n/a,,,,,,,,
341_upper,2024-09-26,2024-09-25 10:00:00-04:00,2024-10-23 10:00:00-04:00,2024-09-26 07:39:00-04:00,upper,executed,,flat,inactive,2024-09-26 07:39:00-04:00,2024-09-26 08:31:00-04:00,2707.965763926845,2695.5157639268446,8.300000000000182,12.450000000000273,TP,12.450000000000273
341_lower,2024-09-25,2024-09-25 10:00:00-04:00,2024-10-23 10:00:00-04:00,2024-09-27 11:03:00-04:00,lower,skipped,blocked_time,n/a,n/a,,,,,,,,
343_lower,2024-09-27,2024-09-27 10:00:00-04:00,2024-10-25 10:00:00-04:00,2024-09-27 11:03:00-04:00,lower,skipped,blocked_time,n/a,n/a,,,,,,,,
342_lower,2024-09-30,2024-09-26 10:00:00-04:00,2024-10-24 10:00:00-04:00,2024-09-30 06:35:00-04:00,lower,executed,,flat,inactive,2024-09-30 06:35:00-04:00,2024-09-30 09:44:00-04:00,2662.202506919456,2654.2525069194558,5.300000000000182,7.950000000000273,SL,-7.950000000000273
344_upper,2024-10-01,2024-09-30 10:00:00-04:00,2024-10-28 10:00:00-04:00,2024-10-01 09:34:00-04:00,upper,executed,,flat,inactive,2024-10-01 09:34:00-04:00,2024-10-01 10:21:00-04:00,2684.136718511799,2684.136718511799,6.600000000000364,9.900000000000546,BE,-0.0
346_lower,2024-10-04,2024-10-02 10:00:00-04:00,2024-10-30 10:00:00-04:00,2024-10-04 08:55:00-04:00,lower,executed,,flat,inactive,2024-10-04 08:55:00-04:00,2024-10-04 09:05:00-04:00,2655.4585956736073,2663.408595673607,5.299999999999727,7.949999999999591,TP,7.949999999999591
345_lower,2024-10-08,2024-10-01 10:00:00-04:00,2024-10-29 10:00:00-04:00,2024-10-08 04:19:00-04:00,lower,executed,,flat,inactive,2024-10-08 04:19:00-04:00,2024-10-08 05:54:00-04:00,2649.051332010362,2661.051332010362,8.0,12.0,TP,12.0
348_lower,2024-10-04,2024-10-04 10:00:00-04:00,2024-11-01 10:00:00-04:00,2024-10-08 04:22:00-04:00,lower,skipped,position_open,open,inactive,,,,,,,,
349_lower,2024-10-08,2024-10-07 10:00:00-04:00,2024-11-04 10:00:00-05:00,2024-10-08 10:35:00-04:00,lower,executed,,flat,inactive,2024-10-08 10:35:00-04:00,2024-10-08 11:34:00-04:00,2641.941398792151,2624.991398792151,11.300000000000182,16.950000000000273,SL,-16.950000000000273
340_lower,2024-09-24,2024-09-24 10:00:00-04:00,2024-10-22 10:00:00-04:00,2024-10-08 10:36:00-04:00,lower,skipped,position_open,open,active,,,,,,,,
347_lower,2024-10-03,2024-10-03 10:00:00-04:00,2024-10-31 10:00:00-04:00,2024-10-08 10:36:00-04:00,lower,skipped,position_open,open,active,,,,,,,,
344_lower,2024-09-30,2024-09-30 10:00:00-04:00,2024-10-28 10:00:00-04:00,2024-10-08 11:03:00-04:00,lower,skipped,blocked_time,n/a,n/a,,,,,,,,
339_lower,2024-09-23,2024-09-23 10:00:00-04:00,2024-10-21 10:00:00-04:00,2024-10-08 11:07:00-04:00,lower,skipped,blocked_time,n/a,n/a,,,,,,,,
350_lower,2024-10-08,2024-10-08 10:00:00-04:00,2024-11-05 10:00:00-05:00,2024-10-08 11:07:00-04:00,lower,skipped,blocked_time,n/a,n/a,,,,,,,,
351_upper,2024-10-11,2024-10-09 10:00:00-04:00,2024-11-06 10:00:00-05:00,2024-10-10 19:33:00-04:00,upper,executed,,flat,inactive,2024-10-10 19:33:00-04:00,2024-10-10 19:34:00-04:00,2652.935057277376,2649.785057277376,2.099999999999909,3.1499999999998636,TP,3.1499999999998636
352_upper,2024-10-11,2024-10-10 10:00:00-04:00,2024-11-07 10:00:00-05:00,2024-10-11 08:32:00-04:00,upper,executed,,flat,inactive,2024-10-11 08:32:00-04:00,2024-10-11 08:47:00-04:00,2667.3663612420332,2658.2163612420327,6.100000000000364,9.150000000000546,TP,9.150000000000546
350_upper,2024-10-14,2024-10-08 10:00:00-04:00,2024-11-05 10:00:00-05:00,2024-10-14 02:27:00-04:00,upper,executed,,flat,inactive,2024-10-14 02:27:00-04:00,2024-10-14 03:27:00-04:00,2683.34211857221,2677.79211857221,3.700000000000273,5.550000000000409,TP,5.550000000000409
349_upper,2024-10-16,2024-10-07 10:00:00-04:00,2024-11-04 10:00:00-05:00,2024-10-16 02:13:00-04:00,upper,executed,,flat,inactive,2024-10-16 02:13:00-04:00,2024-10-16 04:51:00-04:00,2689.158601207849,2695.6086012078495,4.300000000000182,6.450000000000273,SL,-6.450000000000273
353_upper,2024-10-11,2024-10-11 10:00:00-04:00,2024-11-08 10:00:00-05:00,2024-10-16 02:14:00-04:00,upper,skipped,position_open,open,active,,,,,,,,
355_upper,2024-10-15,2024-10-15 10:00:00-04:00,2024-11-12 10:00:00-05:00,2024-10-16 02:14:00-04:00,upper,skipped,position_open,open,active,,,,,,,,
347_upper,2024-10-03,2024-10-03 10:00:00-04:00,2024-10-31 10:00:00-04:00,2024-10-16 04:51:00-04:00,upper,skipped,SAL,n/a,active,,,,,,,,
348_upper,2024-10-04,2024-10-04 10:00:00-04:00,2024-11-01 10:00:00-04:00,2024-10-16 04:57:00-04:00,upper,skipped,SAL,n/a,active,,,,,,,,
354_upper,2024-10-14,2024-10-14 10:00:00-04:00,2024-11-11 10:00:00-05:00,2024-10-16 05:04:00-04:00,upper,skipped,SAL,n/a,active,,,,,,,,
346_upper,2024-10-02,2024-10-02 10:00:00-04:00,2024-10-30 10:00:00-04:00,2024-10-16 09:39:00-04:00,upper,skipped,SAL,n/a,active,,,,,,,,
343_upper,2024-10-17,2024-09-27 10:00:00-04:00,2024-10-25 10:00:00-04:00,2024-10-17 10:38:00-04:00,upper,executed,,flat,inactive,2024-10-17 10:38:00-04:00,2024-10-17 11:27:00-04:00,2708.8475023748997,2708.8475023748997,12.800000000000182,19.200000000000273,BE,-0.0
345_upper,2024-10-01,2024-10-01 10:00:00-04:00,2024-10-29 10:00:00-04:00,2024-10-17 10:39:00-04:00,upper,skipped,position_open,open,inactive,,,,,,,,
342_upper,2024-10-18,2024-09-26 10:00:00-04:00,2024-10-24 10:00:00-04:00,2024-10-17 21:09:00-04:00,upper,executed,,flat,inactive,2024-10-17 21:09:00-04:00,2024-10-17 21:34:00-04:00,2713.6974930805445,2717.897493080545,2.800000000000182,4.200000000000273,SL,-4.200000000000273
356_upper,2024-10-16,2024-10-16 10:00:00-04:00,2024-11-13 10:00:00-05:00,2024-10-17 22:31:00-04:00,upper,skipped,SAL,n/a,active,,,,,,,,
357_upper,2024-10-17,2024-10-17 10:00:00-04:00,2024-11-14 10:00:00-05:00,2024-10-17 22:31:00-04:00,upper,skipped,SAL,n/a,active,,,,,,,,
358_upper,2024-10-21,2024-10-18 10:00:00-04:00,2024-11-15 10:00:00-05:00,2024-10-21 05:19:00-04:00,upper,executed,,flat,inactive,2024-10-21 05:19:00-04:00,2024-10-21 06:15:00-04:00,2749.9861814822793,2744.5861814822792,3.599999999999909,5.399999999999864,TP,5.399999999999864
359_lower,2024-10-21,2024-10-21 10:00:00-04:00,2024-11-18 10:00:00-05:00,2024-10-21 15:01:00-04:00,lower,skipped,no_cutoff,n/a,n/a,,,,,,,,
360_lower,2024-10-23,2024-10-22 10:00:00-04:00,2024-11-19 10:00:00-05:00,2024-10-23 10:40:00-04:00,lower,executed,,flat,inactive,2024-10-23 10:40:00-04:00,2024-10-23 15:00:00-04:00,2730.1150953741103,2727.5,12.599999999999909,18.899999999999864,cutoff,-2.6150953741102967
361_lower,2024-10-23,2024-10-23 10:00:00-04:00,2024-11-20 10:00:00-05:00,2024-10-23 11:12:00-04:00,lower,skipped,blocked_time,n/a,n/a,,,,,,,,
363_upper,2024-10-29,2024-10-25 10:00:00-04:00,2024-11-22 10:00:00-05:00,2024-10-28 21:37:00-04:00,upper,executed,,flat,inactive,2024-10-28 21:37:00-04:00,2024-10-28 22:11:00-04:00,2763.6843749515274,2769.234374951527,3.699999999999818,5.549999999999727,SL,-5.549999999999727
359_upper,2024-10-21,2024-10-21 10:00:00-04:00,2024-11-18 10:00:00-05:00,2024-10-29 09:46:00-04:00,upper,skipped,SAL,n/a,active,,,,,,,,
361_upper,2024-10-23,2024-10-23 10:00:00-04:00,2024-11-20 10:00:00-05:00,2024-10-29 09:50:00-04:00,upper,skipped,SAL,n/a,active,,,,,,,,
364_upper,2024-10-28,2024-10-28 10:00:00-04:00,2024-11-25 10:00:00-05:00,2024-10-29 09:50:00-04:00,upper,skipped,SAL,n/a,active,,,,,,,,
360_upper,2024-10-22,2024-10-22 10:00:00-04:00,2024-11-19 10:00:00-05:00,2024-10-29 09:51:00-04:00,upper,skipped,SAL,n/a,active,,,,,,,,
362_upper,2024-10-24,2024-10-24 10:00:00-04:00,2024-11-21 10:00:00-05:00,2024-10-29 10:18:00-04:00,upper,skipped,SAL,n/a,active,,,,,,,,
365_upper,2024-10-30,2024-10-29 10:00:00-04:00,2024-11-26 10:00:00-05:00,2024-10-30 02:18:00-04:00,upper,executed,,flat,inactive,2024-10-30 02:18:00-04:00,2024-10-30 08:15:00-04:00,2798.7557187510592,2788.555718751059,6.800000000000182,10.200000000000273,TP,10.200000000000273
366_lower,2024-10-31,2024-10-30 10:00:00-04:00,2024-11-27 10:00:00-05:00,2024-10-31 10:01:00-04:00,lower,executed,,flat,inactive,2024-10-31 10:01:00-04:00,2024-10-31 15:00:00-04:00,2763.1756824890676,2758.2,19.699999999999818,29.549999999999727,cutoff,-4.975682489067822
367_lower,2024-10-31,2024-10-31 10:00:00-04:00,2024-11-28 10:00:00-05:00,2024-10-31 11:02:00-04:00,lower,skipped,blocked_time,n/a,n/a,,,,,,,,
365_lower,2024-10-29,2024-10-29 10:00:00-04:00,2024-11-26 10:00:00-05:00,2024-11-03 18:03:00-05:00,lower,skipped,no_anchor,n/a,n/a,,,,,,,,
368_lower,2024-11-05,2024-11-01 10:00:00-04:00,2024-11-29 10:00:00-05:00,2024-11-04 21:35:00-05:00,lower,executed,,flat,inactive,2024-11-04 21:35:00-05:00,2024-11-04 22:41:00-05:00,2736.9695246498154,2742.0695246498153,3.400000000000091,5.100000000000136,TP,5.100000000000136
370_lower,2024-11-05,2024-11-05 10:00:00-05:00,2024-12-03 10:00:00-05:00,2024-11-06 01:28:00-05:00,lower,skipped,simultaneous_collision,flat,inactive,,,,,,,,
364_lower,2024-11-06,2024-10-28 10:00:00-04:00,2024-11-25 10:00:00-05:00,2024-11-06 01:28:00-05:00,lower,executed,,flat,inactive,2024-11-06 01:28:00-05:00,2024-11-06 01:34:00-05:00,2728.694539852016,2718.044539852016,7.099999999999909,10.649999999999864,SL,-10.650000000000091
369_lower,2024-11-04,2024-11-04 10:00:00-05:00,2024-12-02 10:00:00-05:00,2024-11-06 01:32:00-05:00,lower,skipped,position_open,open,active,,,,,,,,
362_lower,2024-10-24,2024-10-24 10:00:00-04:00,2024-11-21 10:00:00-05:00,2024-11-06 01:33:00-05:00,lower,skipped,position_open,open,active,,,,,,,,
363_lower,2024-10-25,2024-10-25 10:00:00-04:00,2024-11-22 10:00:00-05:00,2024-11-06 01:34:00-05:00,lower,skipped,SAL,n/a,active,,,,,,,,
358_lower,2024-10-18,2024-10-18 10:00:00-04:00,2024-11-15 10:00:00-05:00,2024-11-06 08:01:00-05:00,lower,skipped,SAL,n/a,active,,,,,,,,
357_lower,2024-10-17,2024-10-17 10:00:00-04:00,2024-11-14 10:00:00-05:00,2024-11-06 08:33:00-05:00,lower,skipped,SAL,n/a,active,,,,,,,,
356_lower,2024-10-16,2024-10-16 10:00:00-04:00,2024-11-13 10:00:00-05:00,2024-11-06 08:38:00-05:00,lower,skipped,SAL,n/a,active,,,,,,,,
371_upper,2024-11-07,2024-11-06 10:00:00-05:00,2024-12-04 10:00:00-05:00,2024-11-07 09:01:00-05:00,upper,executed,,flat,inactive,2024-11-07 09:01:00-05:00,2024-11-07 15:00:00-05:00,2693.510482838485,2700.8,12.800000000000182,19.200000000000273,cutoff,-7.28951716151505
373_lower,2024-11-11,2024-11-08 10:00:00-05:00,2024-12-06 10:00:00-05:00,2024-11-10 20:58:00-05:00,lower,executed,,flat,inactive,2024-11-10 20:58:00-05:00,2024-11-10 21:36:00-05:00,2678.9288616995145,2673.3788616995143,3.700000000000273,5.550000000000409,SL,-5.550000000000182
372_lower,2024-11-07,2024-11-07 10:00:00-05:00,2024-12-05 10:00:00-05:00,2024-11-10 21:31:00-05:00,lower,skipped,position_open,open,active,,,,,,,,
354_lower,2024-10-14,2024-10-14 10:00:00-04:00,2024-11-11 10:00:00-05:00,2024-11-11 08:35:00-05:00,lower,skipped,SAL,n/a,active,,,,,,,,
355_lower,2024-10-15,2024-10-15 10:00:00-04:00,2024-11-12 10:00:00-05:00,2024-11-11 08:41:00-05:00,lower,skipped,SAL,n/a,active,,,,,,,,
371_lower,2024-11-06,2024-11-06 10:00:00-05:00,2024-12-04 10:00:00-05:00,2024-11-11 09:00:00-05:00,lower,skipped,SAL,n/a,active,,,,,,,,
374_lower,2024-11-12,2024-11-11 10:00:00-05:00,2024-12-09 10:00:00-05:00,2024-11-12 01:22:00-05:00,lower,executed,,flat,inactive,2024-11-12 01:22:00-05:00,2024-11-12 02:23:00-05:00,2610.088746420445,2610.088746420445,13.100000000000364,19.650000000000546,BE,0.0
375_lower,2024-11-12,2024-11-12 10:00:00-05:00,2024-12-10 10:00:00-05:00,2024-11-12 12:16:00-05:00,lower,skipped,blocked_time,n/a,n/a,,,,,,,,
376_lower,2024-11-13,2024-11-13 10:00:00-05:00,2024-12-11 10:00:00-05:00,2024-11-13 12:03:00-05:00,lower,skipped,blocked_time,n/a,n/a,,,,,,,,
377_upper,2024-11-18,2024-11-14 10:00:00-05:00,2024-12-12 10:00:00-05:00,2024-11-17 20:17:00-05:00,upper,executed,,flat,inactive,2024-11-17 20:17:00-05:00,2024-11-17 20:25:00-05:00,2586.4888621544696,2597.7388621544696,7.5,11.25,SL,-11.25
378_upper,2024-11-15,2024-11-15 10:00:00-05:00,2024-12-13 10:00:00-05:00,2024-11-17 20:25:00-05:00,upper,skipped,SAL,n/a,active,,,,,,,,
379_upper,2024-11-19,2024-11-18 10:00:00-05:00,2024-12-16 10:00:00-05:00,2024-11-19 01:53:00-05:00,upper,executed,,flat,inactive,2024-11-19 01:53:00-05:00,2024-11-19 02:03:00-05:00,2629.7198618166153,2625.9698618166153,2.5,3.75,TP,3.75
375_upper,2024-11-19,2024-11-12 10:00:00-05:00,2024-12-10 10:00:00-05:00,2024-11-19 05:49:00-05:00,upper,executed,,flat,inactive,2024-11-19 05:49:00-05:00,2024-11-19 07:30:00-05:00,2640.111426844348,2640.111426844348,9.099999999999909,13.649999999999864,BE,-0.0
376_upper,2024-11-19,2024-11-13 10:00:00-05:00,2024-12-11 10:00:00-05:00,2024-11-19 07:56:00-05:00,upper,executed,,flat,inactive,2024-11-19 07:56:00-05:00,2024-11-19 09:16:00-05:00,2642.420714396305,2631.4707143963046,7.300000000000182,10.950000000000273,TP,10.950000000000273
380_upper,2024-11-20,2024-11-19 10:00:00-05:00,2024-12-17 10:00:00-05:00,2024-11-20 10:15:00-05:00,upper,executed,,flat,inactive,2024-11-20 10:15:00-05:00,2024-11-20 11:02:00-05:00,2652.236596127297,2652.236596127297,12.400000000000091,18.600000000000136,BE,-0.0
374_upper,2024-11-11,2024-11-11 10:00:00-05:00,2024-12-09 10:00:00-05:00,2024-11-20 11:51:00-05:00,upper,skipped,blocked_time,n/a,n/a,,,,,,,,
381_upper,2024-11-21,2024-11-20 10:00:00-05:00,2024-12-18 10:00:00-05:00,2024-11-21 02:29:00-05:00,upper,executed,,flat,inactive,2024-11-21 02:29:00-05:00,2024-11-21 03:19:00-05:00,2666.257451221074,2666.257451221074,5.5,8.25,BE,-0.0
382_upper,2024-11-22,2024-11-21 10:00:00-05:00,2024-12-19 10:00:00-05:00,2024-11-21 22:21:00-05:00,upper,executed,,flat,inactive,2024-11-21 22:21:00-05:00,2024-11-21 23:48:00-05:00,2692.817278427786,2692.817278427786,9.300000000000182,13.950000000000273,BE,-0.0
383_upper,2024-11-22,2024-11-22 10:00:00-05:00,2024-12-20 10:00:00-05:00,2024-11-22 16:53:00-05:00,upper,skipped,no_cutoff,n/a,n/a,,,,,,,,
372_upper,2024-11-07,2024-11-07 10:00:00-05:00,2024-12-05 10:00:00-05:00,2024-11-24 18:20:00-05:00,upper,skipped,no_anchor,n/a,n/a,,,,,,,,
383_lower,2024-11-25,2024-11-22 10:00:00-05:00,2024-12-20 10:00:00-05:00,2024-11-24 22:28:00-05:00,lower,executed,,flat,inactive,2024-11-24 22:28:00-05:00,2024-11-24 23:20:00-05:00,2666.084859217698,2666.084859217698,12.400000000000091,18.600000000000136,BE,0.0
382_lower,2024-11-25,2024-11-21 10:00:00-05:00,2024-12-19 10:00:00-05:00,2024-11-25 09:20:00-05:00,lower,executed,,flat,inactive,2024-11-25 09:20:00-05:00,2024-11-25 10:57:00-05:00,2645.6327215722145,2628.3827215722145,11.5,17.25,SL,-17.25
381_lower,2024-11-20,2024-11-20 10:00:00-05:00,2024-12-18 10:00:00-05:00,2024-11-25 13:19:00-05:00,lower,skipped,blocked_time,n/a,n/a,,,,,,,,
384_lower,2024-11-25,2024-11-25 10:00:00-05:00,2024-12-23 10:00:00-05:00,2024-11-25 13:21:00-05:00,lower,skipped,blocked_time,n/a,n/a,,,,,,,,
380_lower,2024-11-19,2024-11-19 10:00:00-05:00,2024-12-17 10:00:00-05:00,2024-11-25 18:43:00-05:00,lower,skipped,no_anchor,n/a,n/a,,,,,,,,
385_upper,2024-11-27,2024-11-26 10:00:00-05:00,2024-12-24 10:00:00-05:00,2024-11-26 19:00:00-05:00,upper,executed,,flat,inactive,2024-11-26 19:00:00-05:00,2024-11-26 19:48:00-05:00,2657.7,2652.5999999999995,3.400000000000091,5.100000000000136,TP,5.100000000000136
384_upper,2024-11-27,2024-11-25 10:00:00-05:00,2024-12-23 10:00:00-05:00,2024-11-27 00:36:00-05:00,upper,executed,,flat,inactive,2024-11-27 00:36:00-05:00,2024-11-27 01:24:00-05:00,2668.603120404384,2668.603120404384,4.0,6.0,BE,-0.0
386_lower,2024-11-27,2024-11-27 10:00:00-05:00,2024-12-26 10:00:00-05:00,2024-11-27 14:40:00-05:00,lower,skipped,blocked_time,n/a,n/a,,,,,,,,
387_upper,2024-11-29,2024-11-28 10:00:00-05:00,2024-12-27 10:00:00-05:00,2024-11-28 23:40:00-05:00,upper,executed,,flat,inactive,2024-11-28 23:40:00-05:00,2024-11-29 00:27:00-05:00,2686.9649941377093,2686.9649941377093,5.899999999999636,8.849999999999454,BE,-0.0
388_lower,2024-12-02,2024-11-29 10:00:00-05:00,2024-12-30 10:00:00-05:00,2024-12-01 19:41:00-05:00,lower,executed,,flat,inactive,2024-12-01 19:41:00-05:00,2024-12-02 15:00:00-05:00,2660.5255764247795,2659.7,12.900000000000091,19.350000000000136,cutoff,-0.8255764247796833
387_lower,2024-11-28,2024-11-28 10:00:00-05:00,2024-12-27 10:00:00-05:00,2024-12-01 20:19:00-05:00,lower,skipped,position_open,open,active,,,,,,,,
391_lower,2024-12-05,2024-12-04 10:00:00-05:00,2025-01-03 10:00:00-05:00,2024-12-05 10:13:00-05:00,lower,executed,,flat,inactive,2024-12-05 10:13:00-05:00,2024-12-05 11:50:00-05:00,2658.6082413538497,2658.6082413538497,11.0,16.5,BE,0.0
389_lower,2024-12-02,2024-12-02 10:00:00-05:00,2024-12-31 10:00:00-05:00,2024-12-05 12:12:00-05:00,lower,skipped,blocked_time,n/a,n/a,,,,,,,,
390_lower,2024-12-03,2024-12-03 10:00:00-05:00,2025-01-02 10:00:00-05:00,2024-12-05 12:12:00-05:00,lower,skipped,blocked_time,n/a,n/a,,,,,,,,
392_lower,2024-12-05,2024-12-05 10:00:00-05:00,2025-01-06 10:00:00-05:00,2024-12-05 12:20:00-05:00,lower,skipped,blocked_time,n/a,n/a,,,,,,,,
393_upper,2024-12-06,2024-12-06 10:00:00-05:00,2025-01-07 10:00:00-05:00,2024-12-08 18:00:00-05:00,upper,skipped,no_anchor,n/a,n/a,,,,,,,,
392_upper,2024-12-09,2024-12-05 10:00:00-05:00,2025-01-06 10:00:00-05:00,2024-12-09 08:48:00-05:00,upper,executed,,flat,inactive,2024-12-09 08:48:00-05:00,2024-12-09 09:32:00-05:00,2686.949633013936,2693.9996330139365,4.700000000000273,7.050000000000409,SL,-7.050000000000637
389_upper,2024-12-02,2024-12-02 10:00:00-05:00,2024-12-31 10:00:00-05:00,2024-12-09 08:50:00-05:00,upper,skipped,position_open,open,active,,,,,,,,
391_upper,2024-12-04,2024-12-04 10:00:00-05:00,2025-01-03 10:00:00-05:00,2024-12-09 09:27:00-05:00,upper,skipped,position_open,open,active,,,,,,,,
386_upper,2024-11-27,2024-11-27 10:00:00-05:00,2024-12-26 10:00:00-05:00,2024-12-09 09:43:00-05:00,upper,skipped,SAL,n/a,active,,,,,,,,
390_upper,2024-12-03,2024-12-03 10:00:00-05:00,2025-01-02 10:00:00-05:00,2024-12-09 09:43:00-05:00,upper,skipped,SAL,n/a,active,,,,,,,,
388_upper,2024-11-29,2024-11-29 10:00:00-05:00,2024-12-30 10:00:00-05:00,2024-12-09 09:58:00-05:00,upper,skipped,SAL,n/a,active,,,,,,,,
394_upper,2024-12-10,2024-12-09 10:00:00-05:00,2025-01-08 10:00:00-05:00,2024-12-10 09:32:00-05:00,upper,executed,,flat,inactive,2024-12-10 09:32:00-05:00,2024-12-10 15:00:00-05:00,2711.866053631741,2718.0,10.400000000000091,15.600000000000136,cutoff,-6.133946368258876
395_upper,2024-12-11,2024-12-10 10:00:00-05:00,2025-01-09 10:00:00-05:00,2024-12-10 19:40:00-05:00,upper,executed,,flat,inactive,2024-12-10 19:40:00-05:00,2024-12-10 22:19:00-05:00,2730.940523208393,2739.940523208393,6.0,9.0,SL,-9.0
396_upper,2024-12-11,2024-12-11 10:00:00-05:00,2025-01-10 10:00:00-05:00,2024-12-11 10:42:00-05:00,upper,skipped,SAL,n/a,active,,,,,,,,
396_lower,2024-12-12,2024-12-11 10:00:00-05:00,2025-01-10 10:00:00-05:00,2024-12-12 09:26:00-05:00,lower,executed,,flat,inactive,2024-12-12 09:26:00-05:00,2024-12-12 15:00:00-05:00,2709.650958429054,2706.8,16.699999999999818,25.049999999999727,cutoff,-2.8509584290536623
395_lower,2024-12-13,2024-12-10 10:00:00-05:00,2025-01-09 10:00:00-05:00,2024-12-13 04:20:00-05:00,lower,executed,,flat,inactive,2024-12-13 04:20:00-05:00,2024-12-13 13:41:00-05:00,2691.1594767916067,2671.9594767916064,12.800000000000182,19.200000000000273,SL,-19.200000000000273
397_lower,2024-12-12,2024-12-12 10:00:00-05:00,2025-01-13 10:00:00-05:00,2024-12-13 04:42:00-05:00,lower,skipped,position_open,open,active,,,,,,,,
394_lower,2024-12-09,2024-12-09 10:00:00-05:00,2025-01-08 10:00:00-05:00,2024-12-13 10:24:00-05:00,lower,skipped,position_open,open,active,,,,,,,,
398_lower,2024-12-16,2024-12-13 10:00:00-05:00,2025-01-14 10:00:00-05:00,2024-12-15 19:56:00-05:00,lower,executed,,flat,inactive,2024-12-15 19:56:00-05:00,2024-12-15 20:04:00-05:00,2661.755376245807,2668.6553762458075,4.600000000000364,6.900000000000546,TP,6.900000000000546
399_lower,2024-12-17,2024-12-16 10:00:00-05:00,2025-01-15 10:00:00-05:00,2024-12-17 03:57:00-05:00,lower,executed,,flat,inactive,2024-12-17 03:57:00-05:00,2024-12-17 15:00:00-05:00,2657.8268059692496,2661.7,7.900000000000091,11.850000000000136,cutoff,3.8731940307502555
401_lower,2024-12-18,2024-12-18 10:00:00-05:00,2025-01-17 10:00:00-05:00,2024-12-18 14:06:00-05:00,lower,skipped,blocked_time,n/a,n/a,,,,,,,,
393_lower,2024-12-06,2024-12-06 10:00:00-05:00,2025-01-07 10:00:00-05:00,2024-12-18 14:09:00-05:00,lower,skipped,blocked_time,n/a,n/a,,,,,,,,
400_lower,2024-12-17,2024-12-17 10:00:00-05:00,2025-01-16 10:00:00-05:00,2024-12-18 14:09:00-05:00,lower,skipped,blocked_time,n/a,n/a,,,,,,,,
385_lower,2024-11-26,2024-11-26 10:00:00-05:00,2024-12-24 10:00:00-05:00,2024-12-18 15:36:00-05:00,lower,skipped,no_cutoff,n/a,n/a,,,,,,,,
402_upper,2024-12-20,2024-12-19 10:00:00-05:00,2025-01-20 10:00:00-05:00,2024-12-20 10:22:00-05:00,upper,executed,,flat,inactive,2024-12-20 10:22:00-05:00,2024-12-20 15:00:00-05:00,2643.8580983466145,2646.5,12.299999999999727,18.44999999999959,cutoff,-2.641901653385503
405_upper,2024-12-26,2024-12-24 10:00:00-05:00,2025-01-23 10:00:00-05:00,2024-12-26 10:10:00-05:00,upper,executed,,flat,inactive,2024-12-26 10:10:00-05:00,2024-12-26 15:00:00-05:00,2651.3890669218126,2653.6,7.900000000000091,11.850000000000136,cutoff,-2.2109330781872814
404_upper,2024-12-23,2024-12-23 10:00:00-05:00,2025-01-22 10:00:00-05:00,2024-12-26 10:13:00-05:00,upper,skipped,position_open,open,active,,,,,,,,
406_lower,2024-12-27,2024-12-26 10:00:00-05:00,2025-01-24 10:00:00-05:00,2024-12-27 09:31:00-05:00,lower,executed,,flat,inactive,2024-12-27 09:31:00-05:00,2024-12-27 15:00:00-05:00,2625.5659720060894,2634.2,10.599999999999909,15.899999999999864,cutoff,8.634027993910422
404_lower,2024-12-23,2024-12-23 10:00:00-05:00,2025-01-22 10:00:00-05:00,2024-12-30 11:21:00-05:00,lower,skipped,blocked_time,n/a,n/a,,,,,,,,
407_lower,2024-12-27,2024-12-27 10:00:00-05:00,2025-01-27 10:00:00-05:00,2024-12-30 11:21:00-05:00,lower,skipped,blocked_time,n/a,n/a,,,,,,,,
405_lower,2024-12-24,2024-12-24 10:00:00-05:00,2025-01-23 10:00:00-05:00,2024-12-30 11:22:00-05:00,lower,skipped,blocked_time,n/a,n/a,,,,,,,,
408_upper,2025-01-02,2024-12-30 10:00:00-05:00,2025-01-28 10:00:00-05:00,2025-01-01 20:06:00-05:00,upper,executed,,flat,inactive,2025-01-01 20:06:00-05:00,2025-01-02 04:01:00-05:00,2643.7885901664417,2651.5885901664424,5.200000000000273,7.800000000000409,SL,-7.800000000000637
409_upper,2024-12-31,2024-12-31 10:00:00-05:00,2025-01-29 10:00:00-05:00,2025-01-01 20:30:00-05:00,upper,skipped,position_open,open,active,,,,,,,,
407_upper,2024-12-27,2024-12-27 10:00:00-05:00,2025-01-27 10:00:00-05:00,2025-01-01 21:22:00-05:00,upper,skipped,position_open,open,active,,,,,,,,
403_upper,2024-12-20,2024-12-20 10:00:00-05:00,2025-01-21 10:00:00-05:00,2025-01-02 05:23:00-05:00,upper,skipped,SAL,n/a,active,,,,,,,,
406_upper,2024-12-26,2024-12-26 10:00:00-05:00,2025-01-24 10:00:00-05:00,2025-01-02 08:55:00-05:00,upper,skipped,SAL,n/a,active,,,,,,,,
401_upper,2024-12-18,2024-12-18 10:00:00-05:00,2025-01-17 10:00:00-05:00,2025-01-02 11:46:00-05:00,upper,skipped,blocked_time,n/a,n/a,,,,,,,,
400_upper,2024-12-17,2024-12-17 10:00:00-05:00,2025-01-16 10:00:00-05:00,2025-01-02 11:48:00-05:00,upper,skipped,blocked_time,n/a,n/a,,,,,,,,
411_lower,2025-01-03,2025-01-03 10:00:00-05:00,2025-01-31 10:00:00-05:00,2025-01-06 02:32:00-05:00,lower,skipped,simultaneous_collision,flat,inactive,,,,,,,,
410_lower,2025-01-06,2025-01-02 10:00:00-05:00,2025-01-30 10:00:00-05:00,2025-01-06 02:32:00-05:00,lower,executed,,flat,inactive,2025-01-06 02:32:00-05:00,2025-01-06 06:14:00-05:00,2640.4678524143583,2648.867852414358,5.599999999999909,8.399999999999864,TP,8.399999999999864
412_upper,2025-01-07,2025-01-06 10:00:00-05:00,2025-02-03 10:00:00-05:00,2025-01-07 07:40:00-05:00,upper,executed,,flat,inactive,2025-01-07 07:40:00-05:00,2025-01-07 08:20:00-05:00,2663.919206720404,2673.8192067204036,6.599999999999909,9.899999999999864,SL,-9.899999999999636
410_upper,2025-01-08,2025-01-02 10:00:00-05:00,2025-01-30 10:00:00-05:00,2025-01-08 09:32:00-05:00,upper,executed,,flat,inactive,2025-01-08 09:32:00-05:00,2025-01-08 15:00:00-05:00,2681.132147585642,2675.8,11.400000000000091,17.100000000000136,cutoff,5.332147585641906
411_upper,2025-01-03,2025-01-03 10:00:00-05:00,2025-01-31 10:00:00-05:00,2025-01-08 11:52:00-05:00,upper,skipped,blocked_time,n/a,n/a,,,,,,,,
399_upper,2025-01-09,2024-12-16 10:00:00-05:00,2025-01-15 10:00:00-05:00,2025-01-09 08:23:00-05:00,upper,executed,,flat,inactive,2025-01-09 08:23:00-05:00,2025-01-09 09:50:00-05:00,2694.02319403075,2694.02319403075,6.200000000000273,9.30000000000041,BE,-0.0
413_upper,2025-01-07,2025-01-07 10:00:00-05:00,2025-02-04 10:00:00-05:00,2025-01-09 08:37:00-05:00,upper,skipped,position_open,open,inactive,,,,,,,,
398_upper,2025-01-10,2024-12-13 10:00:00-05:00,2025-01-14 10:00:00-05:00,2025-01-09 21:23:00-05:00,upper,executed,,flat,inactive,2025-01-09 21:23:00-05:00,2025-01-09 22:10:00-05:00,2696.994623754193,2696.994623754193,2.699999999999818,4.049999999999727,BE,-0.0
414_upper,2025-01-10,2025-01-08 10:00:00-05:00,2025-02-05 10:00:00-05:00,2025-01-10 01:42:00-05:00,upper,executed,,flat,inactive,2025-01-10 01:42:00-05:00,2025-01-10 02:29:00-05:00,2701.533169017212,2701.533169017212,5.199999999999818,7.799999999999727,BE,-0.0
415_upper,2025-01-10,2025-01-09 10:00:00-05:00,2025-02-06 10:00:00-05:00,2025-01-10 08:55:00-05:00,upper,executed,,flat,inactive,2025-01-10 08:55:00-05:00,2025-01-10 09:18:00-05:00,2711.636419612049,2722.2864196120495,7.100000000000364,10.650000000000546,SL,-10.650000000000546
397_upper,2024-12-12,2024-12-12 10:00:00-05:00,2025-01-13 10:00:00-05:00,2025-01-10 09:29:00-05:00,upper,skipped,SAL,n/a,active,,,,,,,,
416_lower,2025-01-13,2025-01-10 10:00:00-05:00,2025-02-07 10:00:00-05:00,2025-01-13 07:00:00-05:00,lower,executed,,flat,inactive,2025-01-13 07:00:00-05:00,2025-01-13 07:32:00-05:00,2696.26058312463,2683.6605831246297,8.400000000000091,12.600000000000136,SL,-12.600000000000364
418_upper,2025-01-15,2025-01-14 10:00:00-05:00,2025-02-11 10:00:00-05:00,2025-01-15 02:27:00-05:00,upper,executed,,flat,inactive,2025-01-15 02:27:00-05:00,2025-01-15 04:19:00-05:00,2698.1882620265633,2704.9382620265633,4.5,6.75,SL,-6.75
417_upper,2025-01-13,2025-01-13 10:00:00-05:00,2025-02-10 10:00:00-05:00,2025-01-15 05:35:00-05:00,upper,skipped,SAL,n/a,active,,,,,,,,
419_upper,2025-01-16,2025-01-15 10:00:00-05:00,2025-02-12 10:00:00-05:00,2025-01-16 05:07:00-05:00,upper,executed,,flat,inactive,2025-01-16 05:07:00-05:00,2025-01-16 06:11:00-05:00,2738.6979545804725,2738.6979545804725,9.5,14.25,BE,-0.0
416_upper,2025-01-10,2025-01-10 10:00:00-05:00,2025-02-07 10:00:00-05:00,2025-01-17 11:51:00-05:00,upper,skipped,blocked_time,n/a,n/a,,,,,,,,
420_lower,2025-01-20,2025-01-16 10:00:00-05:00,2025-02-13 10:00:00-05:00,2025-01-20 08:37:00-05:00,lower,executed,,flat,inactive,2025-01-20 08:37:00-05:00,2025-01-20 08:46:00-05:00,2726.371197692038,2732.8211976920384,4.300000000000182,6.450000000000273,TP,6.450000000000273
422_upper,2025-01-21,2025-01-20 10:00:00-05:00,2025-02-17 10:00:00-05:00,2025-01-21 09:56:00-05:00,upper,executed,,flat,inactive,2025-01-21 09:56:00-05:00,2025-01-21 10:54:00-05:00,2754.268884836627,2754.268884836627,7.099999999999909,10.649999999999864,BE,-0.0
421_upper,2025-01-22,2025-01-17 10:00:00-05:00,2025-02-14 10:00:00-05:00,2025-01-21 20:08:00-05:00,upper,executed,,flat,inactive,2025-01-21 20:08:00-05:00,2025-01-21 21:12:00-05:00,2764.8909589590576,2764.8909589590576,6.899999999999636,10.349999999999454,BE,-0.0
420_upper,2025-01-22,2025-01-16 10:00:00-05:00,2025-02-13 10:00:00-05:00,2025-01-21 22:40:00-05:00,upper,executed,,flat,inactive,2025-01-21 22:40:00-05:00,2025-01-22 03:04:00-05:00,2766.7788023079625,2759.8788023079624,4.599999999999909,6.899999999999864,TP,6.899999999999864
423_upper,2025-01-21,2025-01-21 10:00:00-05:00,2025-02-18 10:00:00-05:00,2025-01-22 00:52:00-05:00,upper,skipped,position_open,open,inactive,,,,,,,,
424_lower,2025-01-23,2025-01-22 10:00:00-05:00,2025-02-19 10:00:00-05:00,2025-01-23 08:26:00-05:00,lower,executed,,flat,inactive,2025-01-23 08:26:00-05:00,2025-01-23 11:39:00-05:00,2743.536889026998,2760.786889026998,11.5,17.25,TP,17.25
425_upper,2025-01-24,2025-01-23 10:00:00-05:00,2025-02-20 10:00:00-05:00,2025-01-23 20:59:00-05:00,upper,executed,,flat,inactive,2025-01-23 20:59:00-05:00,2025-01-23 21:46:00-05:00,2770.7167957923252,2781.2167957923252,7.0,10.5,SL,-10.5
424_upper,2025-01-22,2025-01-22 10:00:00-05:00,2025-02-19 10:00:00-05:00,2025-01-24 06:35:00-05:00,upper,skipped,SAL,n/a,active,,,,,,,,
426_lower,2025-01-27,2025-01-24 10:00:00-05:00,2025-02-21 10:00:00-05:00,2025-01-26 21:18:00-05:00,lower,executed,,flat,inactive,2025-01-26 21:18:00-05:00,2025-01-27 10:04:00-05:00,2761.493649777896,2745.743649777896,10.5,15.75,SL,-15.75
428_upper,2025-01-28,2025-01-28 10:00:00-05:00,2025-02-25 10:00:00-05:00,2025-01-28 19:00:00-05:00,upper,skipped,simultaneous_collision,flat,inactive,,,,,,,,
427_upper,2025-01-29,2025-01-27 10:00:00-05:00,2025-02-24 10:00:00-05:00,2025-01-28 19:00:00-05:00,upper,executed,,flat,inactive,2025-01-28 19:00:00-05:00,2025-01-28 20:16:00-05:00,2797.0,2800.0,2.0,3.0,SL,-3.0
426_upper,2025-01-30,2025-01-24 10:00:00-05:00,2025-02-21 10:00:00-05:00,2025-01-30 02:02:00-05:00,upper,executed,,flat,inactive,2025-01-30 02:02:00-05:00,2025-01-30 05:25:00-05:00,2805.106350222104,2816.2063502221035,7.399999999999636,11.099999999999454,SL,-11.099999999999454
429_upper,2025-01-29,2025-01-29 10:00:00-05:00,2025-02-26 10:00:00-05:00,2025-01-30 06:37:00-05:00,upper,skipped,SAL,n/a,active,,,,,,,,
430_upper,2025-01-30,2025-01-30 10:00:00-05:00,2025-02-27 10:00:00-05:00,2025-01-30 18:47:00-05:00,upper,skipped,no_anchor,n/a,n/a,,,,,,,,
431_lower,2025-01-31,2025-01-31 10:00:00-05:00,2025-02-28 10:00:00-05:00,2025-01-31 14:57:00-05:00,lower,skipped,blocked_time,n/a,n/a,,,,,,,,
430_lower,2025-02-03,2025-01-30 10:00:00-05:00,2025-02-27 10:00:00-05:00,2025-02-02 21:30:00-05:00,lower,executed,,flat,inactive,2025-02-02 21:30:00-05:00,2025-02-02 22:53:00-05:00,2806.2629469089998,2806.2629469089998,15.900000000000091,23.850000000000136,BE,0.0
431_upper,2025-01-31,2025-01-31 10:00:00-05:00,2025-02-28 10:00:00-05:00,2025-02-04 12:32:00-05:00,upper,skipped,blocked_time,n/a,n/a,,,,,,,,
432_upper,2025-02-05,2025-02-03 10:00:00-05:00,2025-03-03 10:00:00-05:00,2025-02-05 01:27:00-05:00,upper,executed,,flat,inactive,2025-02-05 01:27:00-05:00,2025-02-05 02:49:00-05:00,2888.797995058554,2888.797995058554,5.099999999999909,7.649999999999864,BE,-0.0
433_upper,2025-02-05,2025-02-04 10:00:00-05:00,2025-03-04 10:00:00-05:00,2025-02-05 03:42:00-05:00,upper,executed,,flat,inactive,2025-02-05 03:42:00-05:00,2025-02-05 08:44:00-05:00,2893.7151024204272,2881.1151024204273,8.400000000000091,12.600000000000136,TP,12.600000000000136
434_lower,2025-02-06,2025-02-05 10:00:00-05:00,2025-03-05 10:00:00-05:00,2025-02-06 09:59:00-05:00,lower,executed,,flat,inactive,2025-02-06 09:59:00-05:00,2025-02-06 15:00:00-05:00,2862.1273730517382,2878.1,11.0,16.5,cutoff,15.972626948261677
435_upper,2025-02-07,2025-02-06 10:00:00-05:00,2025-03-06 10:00:00-05:00,2025-02-07 10:42:00-05:00,upper,executed,,flat,inactive,2025-02-07 10:42:00-05:00,2025-02-07 15:00:00-05:00,2909.7353874603536,2884.1,26.0,39.0,cutoff,25.63538746035374
434_upper,2025-02-10,2025-02-05 10:00:00-05:00,2025-03-05 10:00:00-05:00,2025-02-10 02:30:00-05:00,upper,executed,,flat,inactive,2025-02-10 02:30:00-05:00,2025-02-10 08:19:00-05:00,2918.0226269482623,2934.5226269482623,11.0,16.5,SL,-16.5
436_upper,2025-02-07,2025-02-07 10:00:00-05:00,2025-03-07 10:00:00-05:00,2025-02-10 02:31:00-05:00,upper,skipped,position_open,open,active,,,,,,,,
437_upper,2025-02-11,2025-02-10 10:00:00-05:00,2025-03-10 10:00:00-04:00,2025-02-10 20:11:00-05:00,upper,executed,,flat,inactive,2025-02-10 20:11:00-05:00,2025-02-10 21:02:00-05:00,2951.6903243088504,2962.9403243088504,7.5,11.25,SL,-11.25
437_lower,2025-02-10,2025-02-10 10:00:00-05:00,2025-03-10 10:00:00-04:00,2025-02-11 08:19:00-05:00,lower,skipped,SAL,n/a,active,,,,,,,,
438_lower,2025-02-12,2025-02-11 10:00:00-05:00,2025-03-11 10:00:00-04:00,2025-02-12 08:14:00-05:00,lower,executed,,flat,inactive,2025-02-12 08:14:00-05:00,2025-02-12 08:30:00-05:00,2903.563977112698,2891.563977112698,8.0,12.0,SL,-12.0
439_upper,2025-02-13,2025-02-12 10:00:00-05:00,2025-03-12 10:00:00-04:00,2025-02-12 22:26:00-05:00,upper,executed,,flat,inactive,2025-02-12 22:26:00-05:00,2025-02-13 03:40:00-05:00,2944.770772819374,2936.520772819374,5.5,8.25,TP,8.25
438_upper,2025-02-11,2025-02-11 10:00:00-05:00,2025-03-11 10:00:00-04:00,2025-02-13 13:57:00-05:00,upper,skipped,blocked_time,n/a,n/a,,,,,,,,
440_upper,2025-02-14,2025-02-13 10:00:00-05:00,2025-03-13 10:00:00-04:00,2025-02-13 20:09:00-05:00,upper,executed,,flat,inactive,2025-02-13 20:09:00-05:00,2025-02-13 21:00:00-05:00,2962.116257718353,2958.0662577183534,2.699999999999818,4.049999999999727,TP,4.049999999999727
441_lower,2025-02-14,2025-02-14 10:00:00-05:00,2025-03-14 10:00:00-04:00,2025-02-14 10:19:00-05:00,lower,executed,,flat,inactive,2025-02-14 10:19:00-05:00,2025-02-14 13:36:00-05:00,2919.8474214836756,2896.297421483676,15.699999999999818,23.549999999999727,SL,-23.549999999999727
440_lower,2025-02-13,2025-02-13 10:00:00-05:00,2025-03-13 10:00:00-04:00,2025-02-14 10:25:00-05:00,lower,skipped,position_open,open,active,,,,,,,,
439_lower,2025-02-12,2025-02-12 10:00:00-05:00,2025-03-12 10:00:00-04:00,2025-02-14 12:43:00-05:00,lower,skipped,blocked_time,n/a,n/a,,,,,,,,
442_upper,2025-02-18,2025-02-17 10:00:00-05:00,2025-03-17 10:00:00-04:00,2025-02-18 08:27:00-05:00,upper,executed,,flat,inactive,2025-02-18 08:27:00-05:00,2025-02-18 09:52:00-05:00,2932.9762729186755,2943.6262729186756,7.099999999999909,10.649999999999864,SL,-10.650000000000091
443_upper,2025-02-19,2025-02-18 10:00:00-05:00,2025-03-18 10:00:00-04:00,2025-02-19 04:18:00-05:00,upper,executed,,flat,inactive,2025-02-19 04:18:00-05:00,2025-02-19 06:59:00-05:00,2961.9914435874125,2952.391443587412,6.400000000000091,9.600000000000136,TP,9.600000000000136
441_upper,2025-02-20,2025-02-14 10:00:00-05:00,2025-03-14 10:00:00-04:00,2025-02-20 02:33:00-05:00,upper,executed,,flat,inactive,2025-02-20 02:33:00-05:00,2025-02-20 07:23:00-05:00,2968.502578516324,2962.202578516324,4.199999999999818,6.299999999999727,TP,6.299999999999727
445_upper,2025-02-24,2025-02-20 10:00:00-05:00,2025-03-20 10:00:00-04:00,2025-02-24 09:00:00-05:00,upper,executed,,flat,inactive,2025-02-24 09:00:00-05:00,2025-02-24 09:27:00-05:00,2972.4734028481917,2957.6234028481913,9.900000000000091,14.850000000000136,TP,14.850000000000136
447_lower,2025-02-24,2025-02-24 10:00:00-05:00,2025-03-24 10:00:00-04:00,2025-02-25 10:21:00-05:00,lower,skipped,simultaneous_collision,flat,inactive,,,,,,,,
444_lower,2025-02-25,2025-02-19 10:00:00-05:00,2025-03-19 10:00:00-04:00,2025-02-25 10:21:00-05:00,lower,executed,,flat,inactive,2025-02-25 10:21:00-05:00,2025-02-25 11:07:00-05:00,2928.5668519827195,2907.41685198272,14.099999999999909,21.149999999999864,SL,-21.149999999999636
445_lower,2025-02-20,2025-02-20 10:00:00-05:00,2025-03-20 10:00:00-04:00,2025-02-25 10:24:00-05:00,lower,skipped,position_open,open,active,,,,,,,,
446_lower,2025-02-21,2025-02-21 10:00:00-05:00,2025-03-21 10:00:00-04:00,2025-02-25 10:24:00-05:00,lower,skipped,position_open,open,active,,,,,,,,
448_lower,2025-02-25,2025-02-25 10:00:00-05:00,2025-03-25 10:00:00-04:00,2025-02-25 10:24:00-05:00,lower,skipped,position_open,open,active,,,,,,,,
443_lower,2025-02-18,2025-02-18 10:00:00-05:00,2025-03-18 10:00:00-04:00,2025-02-25 10:30:00-05:00,lower,skipped,position_open,open,active,,,,,,,,
442_lower,2025-02-27,2025-02-17 10:00:00-05:00,2025-03-17 10:00:00-04:00,2025-02-27 04:08:00-05:00,lower,executed,,flat,inactive,2025-02-27 04:08:00-05:00,2025-02-27 09:46:00-05:00,2890.473727081325,2890.473727081325,12.0,18.0,BE,0.0
449_lower,2025-02-26,2025-02-26 10:00:00-05:00,2025-03-26 10:00:00-04:00,2025-02-27 22:42:00-05:00,lower,skipped,simultaneous_collision,flat,inactive,,,,,,,,
436_lower,2025-02-28,2025-02-07 10:00:00-05:00,2025-03-07 10:00:00-05:00,2025-02-27 22:42:00-05:00,lower,executed,,flat,inactive,2025-02-27 22:42:00-05:00,2025-02-28 03:18:00-05:00,2876.0009668647626,2864.9009668647623,7.400000000000091,11.100000000000136,SL,-11.100000000000364
450_lower,2025-02-27,2025-02-27 10:00:00-05:00,2025-03-27 10:00:00-04:00,2025-02-28 09:01:00-05:00,lower,skipped,SAL,n/a,active,,,,,,,,
451_upper,2025-02-28,2025-02-28 10:00:00-05:00,2025-03-28 10:00:00-04:00,2025-03-02 18:10:00-05:00,upper,skipped,no_anchor,n/a,n/a,,,,,,,,
452_upper,2025-03-04,2025-03-03 10:00:00-05:00,2025-03-31 10:00:00-04:00,2025-03-04 03:13:00-05:00,upper,executed,,flat,inactive,2025-03-04 03:13:00-05:00,2025-03-04 07:44:00-05:00,2914.9476511269017,2935.4976511269024,13.700000000000273,20.55000000000041,SL,-20.550000000000637
450_upper,2025-02-27,2025-02-27 10:00:00-05:00,2025-03-27 10:00:00-04:00,2025-03-04 07:44:00-05:00,upper,skipped,SAL,n/a,active,,,,,,,,
455_lower,2025-03-06,2025-03-06 10:00:00-05:00,2025-04-03 10:00:00-04:00,2025-03-10 13:42:00-04:00,lower,skipped,blocked_time,n/a,n/a,,,,,,,,
456_lower,2025-03-07,2025-03-07 10:00:00-05:00,2025-04-04 10:00:00-04:00,2025-03-10 13:42:00-04:00,lower,skipped,blocked_time,n/a,n/a,,,,,,,,
453_lower,2025-03-04,2025-03-04 10:00:00-05:00,2025-04-01 10:00:00-04:00,2025-03-10 14:05:00-04:00,lower,skipped,blocked_time,n/a,n/a,,,,,,,,
454_lower,2025-03-11,2025-03-05 10:00:00-05:00,2025-04-02 10:00:00-04:00,2025-03-10 21:04:00-04:00,lower,executed,,flat,inactive,2025-03-10 21:04:00-04:00,2025-03-10 21:20:00-04:00,2884.091804596331,2891.141804596331,4.700000000000273,7.050000000000409,TP,7.050000000000409
457_upper,2025-03-10,2025-03-10 10:00:00-04:00,2025-04-07 10:00:00-04:00,2025-03-12 11:55:00-04:00,upper,skipped,blocked_time,n/a,n/a,,,,,,,,
449_upper,2025-02-26,2025-02-26 10:00:00-05:00,2025-03-26 10:00:00-04:00,2025-03-12 12:09:00-04:00,upper,skipped,blocked_time,n/a,n/a,,,,,,,,
455_upper,2025-03-13,2025-03-06 10:00:00-05:00,2025-04-03 10:00:00-04:00,2025-03-12 22:42:00-04:00,upper,executed,,flat,inactive,2025-03-12 22:42:00-04:00,2025-03-13 03:48:00-04:00,2950.2626417296165,2942.7626417296165,5.0,7.5,TP,7.5
459_upper,2025-03-12,2025-03-12 10:00:00-04:00,2025-04-09 10:00:00-04:00,2025-03-12 22:49:00-04:00,upper,skipped,position_open,open,inactive,,,,,,,,
454_upper,2025-03-05,2025-03-05 10:00:00-05:00,2025-04-02 10:00:00-04:00,2025-03-12 22:50:00-04:00,upper,skipped,position_open,open,inactive,,,,,,,,
458_upper,2025-03-13,2025-03-11 10:00:00-04:00,2025-04-08 10:00:00-04:00,2025-03-13 07:43:00-04:00,upper,executed,,flat,inactive,2025-03-13 07:43:00-04:00,2025-03-13 09:00:00-04:00,2957.659630578528,2948.9596305785276,5.800000000000182,8.700000000000273,TP,8.700000000000273
453_upper,2025-03-13,2025-03-04 10:00:00-05:00,2025-04-01 10:00:00-04:00,2025-03-13 09:44:00-04:00,upper,executed,,flat,inactive,2025-03-13 09:44:00-04:00,2025-03-13 10:44:00-04:00,2962.2670178512267,2975.3170178512273,8.700000000000273,13.05000000000041,SL,-13.050000000000637
456_upper,2025-03-07,2025-03-07 10:00:00-05:00,2025-04-04 10:00:00-04:00,2025-03-13 10:06:00-04:00,upper,skipped,position_open,open,active,,,,,,,,
444_upper,2025-02-19,2025-02-19 10:00:00-05:00,2025-03-19 10:00:00-04:00,2025-03-13 10:44:00-04:00,upper,skipped,SAL,n/a,active,,,,,,,,
446_upper,2025-02-21,2025-02-21 10:00:00-05:00,2025-03-21 10:00:00-04:00,2025-03-13 10:44:00-04:00,upper,skipped,SAL,n/a,active,,,,,,,,
447_upper,2025-02-24,2025-02-24 10:00:00-05:00,2025-03-24 10:00:00-04:00,2025-03-13 10:50:00-04:00,upper,skipped,SAL,n/a,active,,,,,,,,
448_upper,2025-02-25,2025-02-25 10:00:00-05:00,2025-03-25 10:00:00-04:00,2025-03-13 11:15:00-04:00,upper,skipped,blocked_time,n/a,n/a,,,,,,,,
460_upper,2025-03-13,2025-03-13 10:00:00-04:00,2025-04-10 10:00:00-04:00,2025-03-13 11:39:00-04:00,upper,skipped,blocked_time,n/a,n/a,,,,,,,,
462_upper,2025-03-18,2025-03-17 10:00:00-04:00,2025-04-14 10:00:00-04:00,2025-03-17 23:15:00-04:00,upper,executed,,flat,inactive,2025-03-17 23:15:00-04:00,2025-03-18 00:28:00-04:00,3022.793917193878,3022.793917193878,10.0,15.0,BE,-0.0
461_upper,2025-03-18,2025-03-14 10:00:00-04:00,2025-04-11 10:00:00-04:00,2025-03-18 08:13:00-04:00,upper,executed,,flat,inactive,2025-03-18 08:13:00-04:00,2025-03-18 15:00:00-04:00,3040.376751056734,3043.1,7.400000000000091,11.100000000000136,cutoff,-2.723248943265844
464_lower,2025-03-19,2025-03-19 10:00:00-04:00,2025-04-16 10:00:00-04:00,2025-03-21 09:57:00-04:00,lower,skipped,simultaneous_collision,flat,inactive,,,,,,,,
465_lower,2025-03-20,2025-03-20 10:00:00-04:00,2025-04-17 10:00:00-04:00,2025-03-21 09:57:00-04:00,lower,skipped,simultaneous_collision,flat,inactive,,,,,,,,
463_lower,2025-03-21,2025-03-18 10:00:00-04:00,2025-04-15 10:00:00-04:00,2025-03-21 09:57:00-04:00,lower,executed,,flat,inactive,2025-03-21 09:57:00-04:00,2025-03-21 10:50:00-04:00,3011.370397843719,3019.170397843719,5.200000000000273,7.800000000000409,TP,7.800000000000409
469_upper,2025-03-26,2025-03-26 10:00:00-04:00,2025-04-24 10:00:00-04:00,2025-03-26 20:00:00-04:00,upper,skipped,simultaneous_collision,flat,inactive,,,,,,,,
467_upper,2025-03-27,2025-03-24 10:00:00-04:00,2025-04-22 10:00:00-04:00,2025-03-26 20:00:00-04:00,upper,executed,,flat,inactive,2025-03-26 20:00:00-04:00,2025-03-26 21:00:00-04:00,3055.0,3059.5,3.0,4.5,SL,-4.5
468_upper,2025-03-25,2025-03-25 10:00:00-04:00,2025-04-23 10:00:00-04:00,2025-03-26 20:01:00-04:00,upper,skipped,position_open,open,active,,,,,,,,
465_upper,2025-03-20,2025-03-20 10:00:00-04:00,2025-04-17 10:00:00-04:00,2025-03-26 22:43:00-04:00,upper,skipped,SAL,n/a,active,,,,,,,,
464_upper,2025-03-19,2025-03-19 10:00:00-04:00,2025-04-16 10:00:00-04:00,2025-03-27 00:09:00-04:00,upper,skipped,SAL,n/a,active,,,,,,,,
466_upper,2025-03-21,2025-03-21 10:00:00-04:00,2025-04-21 10:00:00-04:00,2025-03-27 00:29:00-04:00,upper,skipped,SAL,n/a,active,,,,,,,,
463_upper,2025-03-18,2025-03-18 10:00:00-04:00,2025-04-15 10:00:00-04:00,2025-03-27 03:48:00-04:00,upper,skipped,SAL,n/a,active,,,,,,,,
470_upper,2025-03-28,2025-03-27 10:00:00-04:00,2025-04-25 10:00:00-04:00,2025-03-27 21:06:00-04:00,upper,executed,,flat,inactive,2025-03-27 21:06:00-04:00,2025-03-28 01:33:00-04:00,3107.497096838432,3117.697096838432,6.800000000000182,10.200000000000273,SL,-10.200000000000273
471_upper,2025-03-31,2025-03-28 10:00:00-04:00,2025-04-28 10:00:00-04:00,2025-03-31 00:39:00-04:00,upper,executed,,flat,inactive,2025-03-31 00:39:00-04:00,2025-03-31 01:26:00-04:00,3143.7309588565813,3143.7309588565813,6.0,9.0,BE,-0.0
472_upper,2025-03-31,2025-03-31 10:00:00-04:00,2025-04-29 10:00:00-04:00,2025-04-02 16:28:00-04:00,upper,skipped,no_cutoff,n/a,n/a,,,,,,,,
473_upper,2025-04-01,2025-04-01 10:00:00-04:00,2025-04-30 10:00:00-04:00,2025-04-02 16:28:00-04:00,upper,skipped,no_cutoff,n/a,n/a,,,,,,,,
474_upper,2025-04-02,2025-04-02 10:00:00-04:00,2025-05-01 10:00:00-04:00,2025-04-02 16:28:00-04:00,upper,skipped,no_cutoff,n/a,n/a,,,,,,,,
473_lower,2025-04-03,2025-04-01 10:00:00-04:00,2025-04-30 10:00:00-04:00,2025-04-03 06:17:00-04:00,lower,executed,,flat,inactive,2025-04-03 06:17:00-04:00,2025-04-03 06:58:00-04:00,3129.783717461414,3115.083717461414,9.800000000000182,14.700000000000273,SL,-14.700000000000273
474_lower,2025-04-02,2025-04-02 10:00:00-04:00,2025-05-01 10:00:00-04:00,2025-04-03 06:34:00-04:00,lower,skipped,position_open,open,active,,,,,,,,
472_lower,2025-03-31,2025-03-31 10:00:00-04:00,2025-04-29 10:00:00-04:00,2025-04-03 07:41:00-04:00,lower,skipped,SAL,n/a,active,,,,,,,,
471_lower,2025-03-28,2025-03-28 10:00:00-04:00,2025-04-28 10:00:00-04:00,2025-04-03 09:12:00-04:00,lower,skipped,SAL,n/a,active,,,,,,,,
475_upper,2025-04-03,2025-04-03 10:00:00-04:00,2025-05-02 10:00:00-04:00,2025-04-03 10:14:00-04:00,upper,skipped,SAL,n/a,active,,,,,,,,
470_lower,2025-04-04,2025-03-27 10:00:00-04:00,2025-04-25 10:00:00-04:00,2025-04-04 10:49:00-04:00,lower,executed,,flat,inactive,2025-04-04 10:49:00-04:00,2025-04-04 15:00:00-04:00,3050.452903161568,3045.7,29.0,43.5,cutoff,-4.752903161568156
475_lower,2025-04-03,2025-04-03 10:00:00-04:00,2025-05-02 10:00:00-04:00,2025-04-04 10:50:00-04:00,lower,skipped,position_open,open,active,,,,,,,,
476_lower,2025-04-04,2025-04-04 10:00:00-04:00,2025-05-05 10:00:00-04:00,2025-04-04 11:28:00-04:00,lower,skipped,blocked_time,n/a,n/a,,,,,,,,
467_lower,2025-03-24,2025-03-24 10:00:00-04:00,2025-04-22 10:00:00-04:00,2025-04-06 18:06:00-04:00,lower,skipped,no_anchor,n/a,n/a,,,,,,,,
468_lower,2025-03-25,2025-03-25 10:00:00-04:00,2025-04-23 10:00:00-04:00,2025-04-06 18:06:00-04:00,lower,skipped,no_anchor,n/a,n/a,,,,,,,,
469_lower,2025-03-26,2025-03-26 10:00:00-04:00,2025-04-24 10:00:00-04:00,2025-04-06 18:06:00-04:00,lower,skipped,no_anchor,n/a,n/a,,,,,,,,
466_lower,2025-04-07,2025-03-21 10:00:00-04:00,2025-04-21 10:00:00-04:00,2025-04-06 20:10:00-04:00,lower,executed,,flat,inactive,2025-04-06 20:10:00-04:00,2025-04-06 21:05:00-04:00,2987.5300737252123,2987.5300737252123,43.30000000000018,64.95000000000027,BE,0.0
478_upper,2025-04-09,2025-04-08 10:00:00-04:00,2025-05-07 10:00:00-04:00,2025-04-09 08:00:00-04:00,upper,executed,,flat,inactive,2025-04-09 08:00:00-04:00,2025-04-09 09:34:00-04:00,3087.543152237934,3087.543152237934,33.0,49.5,BE,-0.0
477_upper,2025-04-07,2025-04-07 10:00:00-04:00,2025-05-06 10:00:00-04:00,2025-04-09 11:25:00-04:00,upper,skipped,blocked_time,n/a,n/a,,,,,,,,
476_upper,2025-04-10,2025-04-04 10:00:00-04:00,2025-05-05 10:00:00-04:00,2025-04-09 23:13:00-04:00,upper,executed,,flat,inactive,2025-04-09 23:13:00-04:00,2025-04-10 11:15:00-04:00,3141.234642071449,3182.634642071449,27.59999999999991,41.399999999999864,SL,-41.40000000000009
479_upper,2025-04-09,2025-04-09 10:00:00-04:00,2025-05-08 10:00:00-04:00,2025-04-10 08:30:00-04:00,upper,skipped,position_open,open,active,,,,,,,,
480_upper,2025-04-10,2025-04-10 10:00:00-04:00,2025-05-09 10:00:00-04:00,2025-04-10 18:00:00-04:00,upper,skipped,no_anchor,n/a,n/a,,,,,,,,
482_upper,2025-04-16,2025-04-14 10:00:00-04:00,2025-05-13 10:00:00-04:00,2025-04-15 20:00:00-04:00,upper,executed,,flat,inactive,2025-04-15 20:00:00-04:00,2025-04-15 23:51:00-04:00,3273.545633845863,3296.195633845863,15.099999999999909,22.649999999999864,SL,-22.65000000000009
483_upper,2025-04-15,2025-04-15 10:00:00-04:00,2025-05-14 10:00:00-04:00,2025-04-15 20:30:00-04:00,upper,skipped,position_open,open,active,,,,,,,,
481_upper,2025-04-11,2025-04-11 10:00:00-04:00,2025-05-12 10:00:00-04:00,2025-04-16 03:03:00-04:00,upper,skipped,SAL,n/a,active,,,,,,,,
484_upper,2025-04-21,2025-04-16 10:00:00-04:00,2025-05-15 10:00:00-04:00,2025-04-20 20:35:00-04:00,upper,executed,,flat,inactive,2025-04-20 20:35:00-04:00,2025-04-20 21:07:00-04:00,3374.6695787404797,3388.1695787404797,9.0,13.5,SL,-13.5
485_upper,2025-04-17,2025-04-17 10:00:00-04:00,2025-05-16 10:00:00-04:00,2025-04-20 21:08:00-04:00,upper,skipped,SAL,n/a,active,,,,,,,,
486_upper,2025-04-22,2025-04-21 10:00:00-04:00,2025-05-19 10:00:00-04:00,2025-04-21 22:45:00-04:00,upper,executed,,flat,inactive,2025-04-21 22:45:00-04:00,2025-04-22 09:40:00-04:00,3479.985155782336,3430.785155782336,32.79999999999973,49.19999999999959,TP,49.19999999999959
486_lower,2025-04-21,2025-04-21 10:00:00-04:00,2025-05-19 10:00:00-04:00,2025-04-22 18:00:00-04:00,lower,skipped,no_anchor,n/a,n/a,,,,,,,,
487_lower,2025-04-22,2025-04-22 10:00:00-04:00,2025-05-20 10:00:00-04:00,2025-04-22 18:00:00-04:00,lower,skipped,no_anchor,n/a,n/a,,,,,,,,
485_lower,2025-04-23,2025-04-17 10:00:00-04:00,2025-05-16 10:00:00-04:00,2025-04-23 10:00:00-04:00,lower,executed,,flat,inactive,2025-04-23 10:00:00-04:00,2025-04-23 15:00:00-04:00,3278.383507061374,3297.4,43.90000000000009,65.85000000000014,cutoff,19.016492938626016
488_upper,2025-04-24,2025-04-23 10:00:00-04:00,2025-05-21 10:00:00-04:00,2025-04-23 21:24:00-04:00,upper,executed,,flat,inactive,2025-04-23 21:24:00-04:00,2025-04-23 23:36:00-04:00,3370.3979800022535,3333.047980002253,24.90000000000009,37.350000000000136,TP,37.350000000000136
489_lower,2025-04-25,2025-04-24 10:00:00-04:00,2025-05-22 10:00:00-04:00,2025-04-25 09:01:00-04:00,lower,executed,,flat,inactive,2025-04-25 09:01:00-04:00,2025-04-25 10:00:00-04:00,3288.5594321857816,3288.5594321857816,12.599999999999909,18.899999999999864,BE,0.0
490_upper,2025-04-25,2025-04-25 10:00:00-04:00,2025-05-23 10:00:00-04:00,2025-04-25 16:56:00-04:00,upper,skipped,no_cutoff,n/a,n/a,,,,,,,,
491_upper,2025-04-28,2025-04-28 10:00:00-04:00,2025-05-26 10:00:00-04:00,2025-04-28 12:13:00-04:00,upper,skipped,blocked_time,n/a,n/a,,,,,,,,
492_lower,2025-04-30,2025-04-29 10:00:00-04:00,2025-05-27 10:00:00-04:00,2025-04-30 07:03:00-04:00,lower,executed,,flat,inactive,2025-04-30 07:03:00-04:00,2025-04-30 08:04:00-04:00,3277.7426010047584,3277.7426010047584,9.0,13.5,BE,0.0
493_lower,2025-05-01,2025-04-30 10:00:00-04:00,2025-05-28 10:00:00-04:00,2025-04-30 20:19:00-04:00,lower,executed,,flat,inactive,2025-04-30 20:19:00-04:00,2025-04-30 20:24:00-04:00,3277.695039021567,3254.2950390215674,15.599999999999909,23.399999999999864,SL,-23.399999999999636
484_lower,2025-04-16,2025-04-16 10:00:00-04:00,2025-05-15 10:00:00-04:00,2025-04-30 20:24:00-04:00,lower,skipped,SAL,n/a,active,,,,,,,,
491_lower,2025-04-28,2025-04-28 10:00:00-04:00,2025-05-26 10:00:00-04:00,2025-04-30 20:24:00-04:00,lower,skipped,SAL,n/a,active,,,,,,,,
488_lower,2025-04-23,2025-04-23 10:00:00-04:00,2025-05-21 10:00:00-04:00,2025-04-30 23:13:00-04:00,lower,skipped,SAL,n/a,active,,,,,,,,
490_lower,2025-04-25,2025-04-25 10:00:00-04:00,2025-05-23 10:00:00-04:00,2025-04-30 23:13:00-04:00,lower,skipped,SAL,n/a,active,,,,,,,,
494_upper,2025-05-02,2025-05-01 10:00:00-04:00,2025-05-29 10:00:00-04:00,2025-05-02 05:53:00-04:00,upper,executed,,flat,inactive,2025-05-02 05:53:00-04:00,2025-05-02 06:48:00-04:00,3275.4868461203782,3265.4368461203776,6.700000000000273,10.05000000000041,TP,10.05000000000041
495_upper,2025-05-05,2025-05-02 10:00:00-04:00,2025-05-30 10:00:00-04:00,2025-05-05 05:18:00-04:00,upper,executed,,flat,inactive,2025-05-05 05:18:00-04:00,2025-05-05 10:05:00-04:00,3302.8326189858726,3332.982618985873,20.100000000000364,30.150000000000546,SL,-30.150000000000546
496_upper,2025-05-05,2025-05-05 10:00:00-04:00,2025-06-02 10:00:00-04:00,2025-05-05 21:04:00-04:00,upper,skipped,simultaneous_collision,flat,inactive,,,,,,,,
493_upper,2025-05-06,2025-04-30 10:00:00-04:00,2025-05-28 10:00:00-04:00,2025-05-05 21:04:00-04:00,upper,executed,,flat,inactive,2025-05-05 21:04:00-04:00,2025-05-05 21:36:00-04:00,3358.3049609784325,3374.354960978433,10.700000000000273,16.05000000000041,SL,-16.050000000000637
492_upper,2025-04-29,2025-04-29 10:00:00-04:00,2025-05-27 10:00:00-04:00,2025-05-05 21:10:00-04:00,upper,skipped,position_open,open,active,,,,,,,,
489_upper,2025-04-24,2025-04-24 10:00:00-04:00,2025-05-22 10:00:00-04:00,2025-05-05 21:42:00-04:00,upper,skipped,SAL,n/a,active,,,,,,,,
497_upper,2025-05-06,2025-05-06 10:00:00-04:00,2025-06-03 10:00:00-04:00,2025-05-06 16:40:00-04:00,upper,skipped,no_cutoff,n/a,n/a,,,,,,,,
497_lower,2025-05-07,2025-05-06 10:00:00-04:00,2025-06-03 10:00:00-04:00,2025-05-06 20:49:00-04:00,lower,executed,,flat,inactive,2025-05-06 20:49:00-04:00,2025-05-07 15:00:00-04:00,3367.2545422282956,3394.3,29.5,44.25,cutoff,27.045457771704605
498_lower,2025-05-08,2025-05-07 10:00:00-04:00,2025-06-04 10:00:00-04:00,2025-05-08 02:14:00-04:00,lower,executed,,flat,inactive,2025-05-08 02:14:00-04:00,2025-05-08 13:04:00-04:00,3354.823232623959,3309.2232326239596,30.399999999999636,45.599999999999454,SL,-45.599999999999454
499_lower,2025-05-08,2025-05-08 10:00:00-04:00,2025-06-05 10:00:00-04:00,2025-05-08 12:06:00-04:00,lower,skipped,blocked_time,n/a,n/a,,,,,,,,
496_lower,2025-05-09,2025-05-05 10:00:00-04:00,2025-06-02 10:00:00-04:00,2025-05-08 21:37:00-04:00,lower,executed,,flat,inactive,2025-05-08 21:37:00-04:00,2025-05-08 23:00:00-04:00,3291.9651987497605,3314.015198749761,14.700000000000273,22.05000000000041,TP,22.05000000000041
500_lower,2025-05-09,2025-05-09 10:00:00-04:00,2025-06-06 10:00:00-04:00,2025-05-11 18:00:00-04:00,lower,skipped,no_anchor,n/a,n/a,,,,,,,,
495_lower,2025-05-12,2025-05-02 10:00:00-04:00,2025-05-30 10:00:00-04:00,2025-05-12 03:45:00-04:00,lower,executed,,flat,inactive,2025-05-12 03:45:00-04:00,2025-05-12 04:05:00-04:00,3221.9173810141274,3235.267381014127,8.899999999999636,13.349999999999454,TP,13.349999999999454
502_lower,2025-05-14,2025-05-13 10:00:00-04:00,2025-06-10 10:00:00-04:00,2025-05-14 08:36:00-04:00,lower,executed,,flat,inactive,2025-05-14 08:36:00-04:00,2025-05-14 09:10:00-04:00,3209.811973083456,3179.3619730834557,20.300000000000182,30.450000000000273,SL,-30.450000000000273
501_lower,2025-05-12,2025-05-12 10:00:00-04:00,2025-06-09 10:00:00-04:00,2025-05-14 08:38:00-04:00,lower,skipped,position_open,open,active,,,,,,,,
483_lower,2025-04-15,2025-04-15 10:00:00-04:00,2025-05-14 10:00:00-04:00,2025-05-14 08:54:00-04:00,lower,skipped,position_open,open,active,,,,,,,,
494_lower,2025-05-01,2025-05-01 10:00:00-04:00,2025-05-29 10:00:00-04:00,2025-05-14 08:54:00-04:00,lower,skipped,position_open,open,active,,,,,,,,
503_lower,2025-05-15,2025-05-14 10:00:00-04:00,2025-06-11 10:00:00-04:00,2025-05-14 22:37:00-04:00,lower,executed,,flat,inactive,2025-05-14 22:37:00-04:00,2025-05-15 01:55:00-04:00,3160.9283486508543,3127.7783486508542,22.09999999999991,33.149999999999864,SL,-33.15000000000009
504_upper,2025-05-15,2025-05-15 10:00:00-04:00,2025-06-12 10:00:00-04:00,2025-05-15 12:19:00-04:00,upper,skipped,blocked_time,n/a,n/a,,,,,,,,
503_upper,2025-05-14,2025-05-14 10:00:00-04:00,2025-06-11 10:00:00-04:00,2025-05-15 12:20:00-04:00,upper,skipped,blocked_time,n/a,n/a,,,,,,,,
504_lower,2025-05-16,2025-05-15 10:00:00-04:00,2025-06-12 10:00:00-04:00,2025-05-16 07:53:00-04:00,lower,executed,,flat,inactive,2025-05-16 07:53:00-04:00,2025-05-16 15:00:00-04:00,3167.0983578842656,3191.2,42.19999999999982,63.29999999999973,cutoff,24.101642115734194
505_upper,2025-05-16,2025-05-16 10:00:00-04:00,2025-06-13 10:00:00-04:00,2025-05-18 18:00:00-04:00,upper,skipped,no_anchor,n/a,n/a,,,,,,,,
506_upper,2025-05-20,2025-05-19 10:00:00-04:00,2025-06-16 10:00:00-04:00,2025-05-20 09:59:00-04:00,upper,executed,,flat,inactive,2025-05-20 09:59:00-04:00,2025-05-20 10:23:00-04:00,3261.596226264458,3287.846226264458,17.5,26.25,SL,-26.25
501_upper,2025-05-12,2025-05-12 10:00:00-04:00,2025-06-09 10:00:00-04:00,2025-05-20 10:08:00-04:00,upper,skipped,position_open,open,active,,,,,,,,
502_upper,2025-05-13,2025-05-13 10:00:00-04:00,2025-06-10 10:00:00-04:00,2025-05-20 10:08:00-04:00,upper,skipped,position_open,open,active,,,,,,,,
507_upper,2025-05-20,2025-05-20 10:00:00-04:00,2025-06-17 10:00:00-04:00,2025-05-20 10:23:00-04:00,upper,skipped,SAL,n/a,active,,,,,,,,
508_upper,2025-05-22,2025-05-21 10:00:00-04:00,2025-06-18 10:00:00-04:00,2025-05-21 21:23:00-04:00,upper,executed,,flat,inactive,2025-05-21 21:23:00-04:00,2025-05-22 02:57:00-04:00,3337.5147338200636,3326.714733820064,7.199999999999818,10.799999999999727,TP,10.799999999999727
509_upper,2025-05-23,2025-05-22 10:00:00-04:00,2025-06-19 10:00:00-04:00,2025-05-23 08:01:00-04:00,upper,executed,,flat,inactive,2025-05-23 08:01:00-04:00,2025-05-23 15:00:00-04:00,3353.508743485336,3361.8,26.09999999999991,39.149999999999864,cutoff,-8.291256514664383
511_lower,2025-05-26,2025-05-26 10:00:00-04:00,2025-06-23 10:00:00-04:00,2025-05-27 02:46:00-04:00,lower,skipped,simultaneous_collision,flat,inactive,,,,,,,,
510_lower,2025-05-27,2025-05-23 10:00:00-04:00,2025-06-20 10:00:00-04:00,2025-05-27 02:46:00-04:00,lower,executed,,flat,inactive,2025-05-27 02:46:00-04:00,2025-05-27 07:59:00-04:00,3311.7863665333675,3286.1363665333674,17.09999999999991,25.649999999999864,SL,-25.65000000000009
512_upper,2025-05-28,2025-05-27 10:00:00-04:00,2025-06-24 10:00:00-04:00,2025-05-27 20:00:00-04:00,upper,executed,,flat,inactive,2025-05-27 20:00:00-04:00,2025-05-28 12:45:00-04:00,3337.3,3314.8,15.0,22.5,TP,22.5
513_lower,2025-05-29,2025-05-28 10:00:00-04:00,2025-06-25 10:00:00-04:00,2025-05-28 19:09:00-04:00,lower,executed,,flat,inactive,2025-05-28 19:09:00-04:00,2025-05-28 19:41:00-04:00,3298.267012473674,3277.8670124736745,13.599999999999909,20.399999999999864,SL,-20.399999999999636
508_lower,2025-05-21,2025-05-21 10:00:00-04:00,2025-06-18 10:00:00-04:00,2025-05-28 19:44:00-04:00,lower,skipped,SAL,n/a,active,,,,,,,,
514_lower,2025-05-30,2025-05-29 10:00:00-04:00,2025-06-26 10:00:00-04:00,2025-05-30 03:13:00-04:00,lower,executed,,flat,inactive,2025-05-30 03:13:00-04:00,2025-05-30 07:51:00-04:00,3312.026998882987,3312.026998882987,13.700000000000273,20.55000000000041,BE,0.0
515_upper,2025-06-02,2025-05-30 10:00:00-04:00,2025-06-27 10:00:00-04:00,2025-06-02 02:19:00-04:00,upper,executed,,flat,inactive,2025-06-02 02:19:00-04:00,2025-06-02 03:13:00-04:00,3357.202721751959,3375.8027217519593,12.400000000000091,18.600000000000136,SL,-18.600000000000364
513_upper,2025-05-28,2025-05-28 10:00:00-04:00,2025-06-25 10:00:00-04:00,2025-06-02 02:29:00-04:00,upper,skipped,position_open,open,active,,,,,,,,
511_upper,2025-05-26,2025-05-26 10:00:00-04:00,2025-06-23 10:00:00-04:00,2025-06-02 02:41:00-04:00,upper,skipped,position_open,open,active,,,,,,,,
514_upper,2025-05-29,2025-05-29 10:00:00-04:00,2025-06-26 10:00:00-04:00,2025-06-02 03:06:00-04:00,upper,skipped,position_open,open,active,,,,,,,,
500_upper,2025-05-09,2025-05-09 10:00:00-04:00,2025-06-06 10:00:00-04:00,2025-06-02 03:15:00-04:00,upper,skipped,SAL,n/a,active,,,,,,,,
510_upper,2025-05-23,2025-05-23 10:00:00-04:00,2025-06-20 10:00:00-04:00,2025-06-02 07:39:00-04:00,upper,skipped,SAL,n/a,active,,,,,,,,
499_upper,2025-05-08,2025-05-08 10:00:00-04:00,2025-06-05 10:00:00-04:00,2025-06-02 15:53:00-04:00,upper,skipped,no_cutoff,n/a,n/a,,,,,,,,
518_upper,2025-06-04,2025-06-04 10:00:00-04:00,2025-07-02 10:00:00-04:00,2025-06-04 10:42:00-04:00,upper,executed,,flat,inactive,2025-06-04 10:42:00-04:00,2025-06-04 15:00:00-04:00,3407.7673657378746,3400.5,12.0,18.0,cutoff,7.26736573787457
517_upper,2025-06-05,2025-06-03 10:00:00-04:00,2025-07-01 10:00:00-04:00,2025-06-05 06:05:00-04:00,upper,executed,,flat,inactive,2025-06-05 06:05:00-04:00,2025-06-05 10:48:00-04:00,3416.3679452806846,3389.6679452806843,17.800000000000182,26.700000000000273,TP,26.700000000000273
516_upper,2025-06-02,2025-06-02 10:00:00-04:00,2025-06-30 10:00:00-04:00,2025-06-05 07:05:00-04:00,upper,skipped,position_open,open,inactive,,,,,,,,
519_lower,2025-06-05,2025-06-05 10:00:00-04:00,2025-07-03 10:00:00-04:00,2025-06-05 11:39:00-04:00,lower,skipped,blocked_time,n/a,n/a,,,,,,,,
518_lower,2025-06-06,2025-06-04 10:00:00-04:00,2025-07-02 10:00:00-04:00,2025-06-06 10:16:00-04:00,lower,executed,,flat,inactive,2025-06-06 10:16:00-04:00,2025-06-06 15:00:00-04:00,3353.632634262125,3339.5,19.5,29.25,cutoff,-14.132634262125066
516_lower,2025-06-02,2025-06-02 10:00:00-04:00,2025-06-30 10:00:00-04:00,2025-06-06 10:20:00-04:00,lower,skipped,position_open,open,active,,,,,,,,
517_lower,2025-06-03,2025-06-03 10:00:00-04:00,2025-07-01 10:00:00-04:00,2025-06-06 10:24:00-04:00,lower,skipped,position_open,open,active,,,,,,,,
520_lower,2025-06-06,2025-06-06 10:00:00-04:00,2025-07-04 10:00:00-04:00,2025-06-06 14:13:00-04:00,lower,skipped,blocked_time,n/a,n/a,,,,,,,,
521_upper,2025-06-10,2025-06-09 10:00:00-04:00,2025-07-07 10:00:00-04:00,2025-06-10 09:23:00-04:00,upper,executed,,flat,inactive,2025-06-10 09:23:00-04:00,2025-06-10 11:17:00-04:00,3363.6016108633,3344.5516108633,12.699999999999818,19.049999999999727,TP,19.049999999999727
522_lower,2025-06-11,2025-06-10 10:00:00-04:00,2025-07-08 10:00:00-04:00,2025-06-10 19:20:00-04:00,lower,executed,,flat,inactive,2025-06-10 19:20:00-04:00,2025-06-10 20:06:00-04:00,3339.449318977378,3348.8993189773773,6.299999999999727,9.44999999999959,TP,9.44999999999959
523_upper,2025-06-11,2025-06-11 10:00:00-04:00,2025-07-09 10:00:00-04:00,2025-06-11 18:24:00-04:00,upper,skipped,no_anchor,n/a,n/a,,,,,,,,
522_upper,2025-06-12,2025-06-10 10:00:00-04:00,2025-07-08 10:00:00-04:00,2025-06-11 19:02:00-04:00,upper,executed,,flat,inactive,2025-06-11 19:02:00-04:00,2025-06-11 21:22:00-04:00,3393.5006810226223,3393.5006810226223,14.0,21.0,BE,-0.0
520_upper,2025-06-12,2025-06-06 10:00:00-04:00,2025-07-04 10:00:00-04:00,2025-06-12 07:03:00-04:00,upper,executed,,flat,inactive,2025-06-12 07:03:00-04:00,2025-06-12 08:30:00-04:00,3407.713373977608,3407.713373977608,24.0,36.0,BE,-0.0
519_upper,2025-06-13,2025-06-05 10:00:00-04:00,2025-07-03 10:00:00-04:00,2025-06-12 20:29:00-04:00,upper,executed,,flat,inactive,2025-06-12 20:29:00-04:00,2025-06-12 22:24:00-04:00,3435.3002154145006,3456.3002154145006,14.0,21.0,SL,-21.0
524_upper,2025-06-12,2025-06-12 10:00:00-04:00,2025-07-10 10:00:00-04:00,2025-06-12 20:55:00-04:00,upper,skipped,position_open,open,active,,,,,,,,
525_lower,2025-06-16,2025-06-13 10:00:00-04:00,2025-07-11 10:00:00-04:00,2025-06-16 03:13:00-04:00,lower,executed,,flat,inactive,2025-06-16 03:13:00-04:00,2025-06-16 04:07:00-04:00,3430.4764507652208,3430.4764507652208,8.300000000000182,12.450000000000273,BE,0.0
527_lower,2025-06-17,2025-06-17 10:00:00-04:00,2025-07-15 10:00:00-04:00,2025-06-18 15:30:00-04:00,lower,skipped,no_cutoff,n/a,n/a,,,,,,,,
528_lower,2025-06-18,2025-06-18 10:00:00-04:00,2025-07-16 10:00:00-04:00,2025-06-18 15:30:00-04:00,lower,skipped,no_cutoff,n/a,n/a,,,,,,,,
526_lower,2025-06-16,2025-06-16 10:00:00-04:00,2025-07-14 10:00:00-04:00,2025-06-19 02:03:00-04:00,lower,skipped,simultaneous_collision,flat,inactive,,,,,,,,
524_lower,2025-06-19,2025-06-12 10:00:00-04:00,2025-07-10 10:00:00-04:00,2025-06-19 02:03:00-04:00,lower,executed,,flat,inactive,2025-06-19 02:03:00-04:00,2025-06-19 06:43:00-04:00,3372.162550968883,3395.8625509688827,15.799999999999727,23.69999999999959,TP,23.69999999999959
531_lower,2025-06-23,2025-06-23 10:00:00-04:00,2025-07-21 10:00:00-04:00,2025-06-23 20:03:00-04:00,lower,skipped,simultaneous_collision,flat,inactive,,,,,,,,
529_lower,2025-06-24,2025-06-19 10:00:00-04:00,2025-07-17 10:00:00-04:00,2025-06-23 20:03:00-04:00,lower,executed,,flat,inactive,2025-06-23 20:03:00-04:00,2025-06-24 01:37:00-04:00,3349.206075704572,3349.206075704572,16.90000000000009,25.350000000000136,BE,0.0
530_lower,2025-06-24,2025-06-20 10:00:00-04:00,2025-07-18 10:00:00-04:00,2025-06-24 02:26:00-04:00,lower,executed,,flat,inactive,2025-06-24 02:26:00-04:00,2025-06-24 15:00:00-04:00,3337.358162032935,3331.4,22.40000000000009,33.600000000000136,cutoff,-5.958162032934979
523_lower,2025-06-11,2025-06-11 10:00:00-04:00,2025-07-09 10:00:00-04:00,2025-06-24 08:13:00-04:00,lower,skipped,position_open,open,active,,,,,,,,
533_upper,2025-06-26,2025-06-25 10:00:00-04:00,2025-07-23 10:00:00-04:00,2025-06-25 19:51:00-04:00,upper,executed,,flat,inactive,2025-06-25 19:51:00-04:00,2025-06-25 20:33:00-04:00,3353.0378204425224,3346.2878204425224,4.5,6.75,TP,6.75
532_upper,2025-06-26,2025-06-24 10:00:00-04:00,2025-07-22 10:00:00-04:00,2025-06-26 03:20:00-04:00,upper,executed,,flat,inactive,2025-06-26 03:20:00-04:00,2025-06-26 08:40:00-04:00,3358.347065523503,3343.797065523502,9.700000000000273,14.55000000000041,TP,14.55000000000041
521_lower,2025-06-27,2025-06-09 10:00:00-04:00,2025-07-07 10:00:00-04:00,2025-06-26 23:50:00-04:00,lower,executed,,flat,inactive,2025-06-26 23:50:00-04:00,2025-06-27 07:51:00-04:00,3308.1483891367,3289.8483891366996,12.200000000000273,18.30000000000041,SL,-18.300000000000637
533_lower,2025-06-25,2025-06-25 10:00:00-04:00,2025-07-23 10:00:00-04:00,2025-06-27 01:11:00-04:00,lower,skipped,position_open,open,active,,,,,,,,
534_lower,2025-06-26,2025-06-26 10:00:00-04:00,2025-07-24 10:00:00-04:00,2025-06-27 02:39:00-04:00,lower,skipped,position_open,open,active,,,,,,,,
532_lower,2025-06-24,2025-06-24 10:00:00-04:00,2025-07-22 10:00:00-04:00,2025-06-27 08:10:00-04:00,lower,skipped,SAL,n/a,active,,,,,,,,
515_lower,2025-05-30,2025-05-30 10:00:00-04:00,2025-06-27 10:00:00-04:00,2025-06-27 09:15:00-04:00,lower,skipped,SAL,n/a,active,,,,,,,,
535_upper,2025-06-30,2025-06-27 10:00:00-04:00,2025-07-25 10:00:00-04:00,2025-06-30 02:35:00-04:00,upper,executed,,flat,inactive,2025-06-30 02:35:00-04:00,2025-06-30 03:21:00-04:00,3305.901404593588,3305.901404593588,6.5,9.75,BE,-0.0
536_upper,2025-06-30,2025-06-30 10:00:00-04:00,2025-07-28 10:00:00-04:00,2025-06-30 15:57:00-04:00,upper,skipped,no_cutoff,n/a,n/a,,,,,,,,
534_upper,2025-07-01,2025-06-26 10:00:00-04:00,2025-07-24 10:00:00-04:00,2025-07-01 08:20:00-04:00,upper,executed,,flat,inactive,2025-07-01 08:20:00-04:00,2025-07-01 09:45:00-04:00,3366.276475139197,3356.6764751391966,6.400000000000091,9.600000000000136,TP,9.600000000000136
537_lower,2025-07-03,2025-07-01 10:00:00-04:00,2025-07-29 10:00:00-04:00,2025-07-03 08:37:00-04:00,lower,executed,,flat,inactive,2025-07-03 08:37:00-04:00,2025-07-03 10:22:00-04:00,3335.287683219717,3335.287683219717,11.0,16.5,BE,0.0
538_lower,2025-07-02,2025-07-02 10:00:00-04:00,2025-07-30 10:00:00-04:00,2025-07-03 08:43:00-04:00,lower,skipped,position_open,open,inactive,,,,,,,,
540_lower,2025-07-07,2025-07-04 10:00:00-04:00,2025-08-01 10:00:00-04:00,2025-07-06 21:12:00-04:00,lower,executed,,flat,inactive,2025-07-06 21:12:00-04:00,2025-07-06 22:32:00-04:00,3321.0003918572706,3321.0003918572706,8.099999999999909,12.149999999999864,BE,0.0
539_lower,2025-07-03,2025-07-03 10:00:00-04:00,2025-07-31 10:00:00-04:00,2025-07-06 21:15:00-04:00,lower,skipped,position_open,open,inactive,,,,,,,,
541_upper,2025-07-07,2025-07-07 10:00:00-04:00,2025-08-04 10:00:00-04:00,2025-07-07 15:38:00-04:00,upper,skipped,no_cutoff,n/a,n/a,,,,,,,,
542_lower,2025-07-08,2025-07-08 10:00:00-04:00,2025-08-05 10:00:00-04:00,2025-07-08 11:04:00-04:00,lower,skipped,blocked_time,n/a,n/a,,,,,,,,
541_lower,2025-07-09,2025-07-07 10:00:00-04:00,2025-08-04 10:00:00-04:00,2025-07-09 04:20:00-04:00,lower,executed,,flat,inactive,2025-07-09 04:20:00-04:00,2025-07-09 06:46:00-04:00,3292.253125318157,3304.1031253181573,7.900000000000091,11.850000000000136,TP,11.850000000000136
543_upper,2025-07-10,2025-07-09 10:00:00-04:00,2025-08-06 10:00:00-04:00,2025-07-10 02:20:00-04:00,upper,executed,,flat,inactive,2025-07-10 02:20:00-04:00,2025-07-10 03:58:00-04:00,3335.370170552358,3328.4701705523585,4.599999999999909,6.899999999999864,TP,6.899999999999864
544_upper,2025-07-10,2025-07-10 10:00:00-04:00,2025-08-07 10:00:00-04:00,2025-07-11 08:30:00-04:00,upper,skipped,simultaneous_collision,flat,inactive,,,,,,,,
542_upper,2025-07-11,2025-07-08 10:00:00-04:00,2025-08-05 10:00:00-04:00,2025-07-11 08:30:00-04:00,upper,executed,,flat,inactive,2025-07-11 08:30:00-04:00,2025-07-11 10:54:00-04:00,3362.592662403866,3375.942662403866,8.900000000000091,13.350000000000136,SL,-13.349999999999909
540_upper,2025-07-04,2025-07-04 10:00:00-04:00,2025-08-01 10:00:00-04:00,2025-07-11 08:49:00-04:00,upper,skipped,position_open,open,active,,,,,,,,
539_upper,2025-07-03,2025-07-03 10:00:00-04:00,2025-07-31 10:00:00-04:00,2025-07-11 08:50:00-04:00,upper,skipped,position_open,open,active,,,,,,,,
538_upper,2025-07-02,2025-07-02 10:00:00-04:00,2025-07-30 10:00:00-04:00,2025-07-11 11:20:00-04:00,upper,skipped,blocked_time,n/a,n/a,,,,,,,,
537_upper,2025-07-01,2025-07-01 10:00:00-04:00,2025-07-29 10:00:00-04:00,2025-07-13 18:29:00-04:00,upper,skipped,no_anchor,n/a,n/a,,,,,,,,
545_lower,2025-07-11,2025-07-11 10:00:00-04:00,2025-08-08 10:00:00-04:00,2025-07-15 11:29:00-04:00,lower,skipped,blocked_time,n/a,n/a,,,,,,,,
546_lower,2025-07-14,2025-07-14 10:00:00-04:00,2025-08-11 10:00:00-04:00,2025-07-15 11:29:00-04:00,lower,skipped,blocked_time,n/a,n/a,,,,,,,,
548_upper,2025-07-16,2025-07-16 10:00:00-04:00,2025-08-13 10:00:00-04:00,2025-07-16 11:16:00-04:00,upper,skipped,blocked_time,n/a,n/a,,,,,,,,
547_upper,2025-07-15,2025-07-15 10:00:00-04:00,2025-08-12 10:00:00-04:00,2025-07-16 11:20:00-04:00,upper,skipped,blocked_time,n/a,n/a,,,,,,,,
547_lower,2025-07-17,2025-07-15 10:00:00-04:00,2025-08-12 10:00:00-04:00,2025-07-17 08:31:00-04:00,lower,executed,,flat,inactive,2025-07-17 08:31:00-04:00,2025-07-17 10:07:00-04:00,3317.3640806574663,3327.414080657466,6.699999999999818,10.049999999999727,TP,10.049999999999727
549_upper,2025-07-17,2025-07-17 10:00:00-04:00,2025-08-14 10:00:00-04:00,2025-07-17 18:37:00-04:00,upper,skipped,no_anchor,n/a,n/a,,,,,,,,
546_upper,2025-07-21,2025-07-14 10:00:00-04:00,2025-08-11 10:00:00-04:00,2025-07-21 08:20:00-04:00,upper,executed,,flat,inactive,2025-07-21 08:20:00-04:00,2025-07-21 09:46:00-04:00,3387.0859441424477,3403.735944142448,11.099999999999909,16.649999999999864,SL,-16.65000000000009
550_upper,2025-07-18,2025-07-18 10:00:00-04:00,2025-08-15 10:00:00-04:00,2025-07-21 08:21:00-04:00,upper,skipped,position_open,open,active,,,,,,,,
545_upper,2025-07-11,2025-07-11 10:00:00-04:00,2025-08-08 10:00:00-04:00,2025-07-21 08:32:00-04:00,upper,skipped,position_open,open,active,,,,,,,,
551_upper,2025-07-22,2025-07-21 10:00:00-04:00,2025-08-18 10:00:00-04:00,2025-07-22 09:27:00-04:00,upper,executed,,flat,inactive,2025-07-22 09:27:00-04:00,2025-07-22 15:00:00-04:00,3426.732442259193,3441.7,19.100000000000364,28.650000000000546,cutoff,-14.967557740807024
552_lower,2025-07-22,2025-07-22 10:00:00-04:00,2025-08-19 10:00:00-04:00,2025-07-23 12:06:00-04:00,lower,skipped,blocked_time,n/a,n/a,,,,,,,,
553_lower,2025-07-23,2025-07-23 10:00:00-04:00,2025-08-20 10:00:00-04:00,2025-07-23 12:21:00-04:00,lower,skipped,blocked_time,n/a,n/a,,,,,,,,
551_lower,2025-07-24,2025-07-21 10:00:00-04:00,2025-08-18 10:00:00-04:00,2025-07-24 05:22:00-04:00,lower,executed,,flat,inactive,2025-07-24 05:22:00-04:00,2025-07-24 06:08:00-04:00,3368.267557740807,3368.267557740807,9.300000000000182,13.950000000000273,BE,0.0
550_lower,2025-07-25,2025-07-18 10:00:00-04:00,2025-08-15 10:00:00-04:00,2025-07-25 08:41:00-04:00,lower,executed,,flat,inactive,2025-07-25 08:41:00-04:00,2025-07-25 10:16:00-04:00,3338.767163517983,3338.767163517983,6.699999999999818,10.049999999999727,BE,0.0
554_lower,2025-07-25,2025-07-24 10:00:00-04:00,2025-08-21 10:00:00-04:00,2025-07-25 10:17:00-04:00,lower,executed,,flat,inactive,2025-07-25 10:17:00-04:00,2025-07-25 15:00:00-04:00,3335.479606119797,3339.9,11.199999999999818,16.799999999999727,cutoff,4.420393880202937
548_lower,2025-07-16,2025-07-16 10:00:00-04:00,2025-08-13 10:00:00-04:00,2025-07-27 18:00:00-04:00,lower,skipped,no_anchor,n/a,n/a,,,,,,,,
555_lower,2025-07-25,2025-07-25 10:00:00-04:00,2025-08-22 10:00:00-04:00,2025-07-27 18:00:00-04:00,lower,skipped,no_anchor,n/a,n/a,,,,,,,,
544_lower,2025-07-28,2025-07-10 10:00:00-04:00,2025-08-07 10:00:00-04:00,2025-07-28 09:59:00-04:00,lower,executed,,flat,inactive,2025-07-28 09:59:00-04:00,2025-07-28 15:00:00-04:00,3300.321632696755,3313.4,13.099999999999909,19.649999999999864,cutoff,13.078367303245159
556_upper,2025-07-29,2025-07-28 10:00:00-04:00,2025-08-25 10:00:00-04:00,2025-07-28 20:00:00-04:00,upper,executed,,flat,inactive,2025-07-28 20:00:00-04:00,2025-07-28 20:49:00-04:00,3366.4,3366.4,4.0,6.0,BE,-0.0
555_upper,2025-07-25,2025-07-25 10:00:00-04:00,2025-08-22 10:00:00-04:00,2025-07-28 20:01:00-04:00,upper,skipped,position_open,open,inactive,,,,,,,,
557_lower,2025-07-29,2025-07-29 10:00:00-04:00,2025-08-26 10:00:00-04:00,2025-07-30 11:20:00-04:00,lower,skipped,blocked_time,n/a,n/a,,,,,,,,
558_lower,2025-07-30,2025-07-30 10:00:00-04:00,2025-08-27 10:00:00-04:00,2025-07-30 15:00:00-04:00,lower,skipped,no_cutoff,n/a,n/a,,,,,,,,
559_lower,2025-08-01,2025-07-31 10:00:00-04:00,2025-08-28 10:00:00-04:00,2025-07-31 21:52:00-04:00,lower,executed,,flat,inactive,2025-07-31 21:52:00-04:00,2025-07-31 23:07:00-04:00,3332.75839805362,3343.25839805362,7.0,10.5,TP,10.5
559_upper,2025-07-31,2025-07-31 10:00:00-04:00,2025-08-28 10:00:00-04:00,2025-08-01 08:37:00-04:00,upper,skipped,simultaneous_collision,flat,inactive,,,,,,,,
558_upper,2025-08-01,2025-07-30 10:00:00-04:00,2025-08-27 10:00:00-04:00,2025-08-01 08:37:00-04:00,upper,executed,,flat,inactive,2025-08-01 08:37:00-04:00,2025-08-01 08:43:00-04:00,3384.066894848489,3391.4168948484885,4.899999999999636,7.349999999999454,SL,-7.349999999999454
554_upper,2025-07-24,2025-07-24 10:00:00-04:00,2025-08-21 10:00:00-04:00,2025-08-01 08:46:00-04:00,upper,skipped,SAL,n/a,active,,,,,,,,
557_upper,2025-07-29,2025-07-29 10:00:00-04:00,2025-08-26 10:00:00-04:00,2025-08-01 08:47:00-04:00,upper,skipped,SAL,n/a,active,,,,,,,,
560_upper,2025-08-04,2025-08-01 10:00:00-04:00,2025-08-29 10:00:00-04:00,2025-08-04 09:46:00-04:00,upper,executed,,flat,inactive,2025-08-04 09:46:00-04:00,2025-08-04 15:00:00-04:00,3433.2030939074966,3431.0,11.099999999999909,16.649999999999864,cutoff,2.2030939074966227
553_upper,2025-08-07,2025-07-23 10:00:00-04:00,2025-08-20 10:00:00-04:00,2025-08-06 22:11:00-04:00,upper,executed,,flat,inactive,2025-08-06 22:11:00-04:00,2025-08-07 00:20:00-04:00,3446.019665178587,3446.019665178587,8.0,12.0,BE,-0.0
563_upper,2025-08-07,2025-08-06 10:00:00-04:00,2025-09-03 10:00:00-04:00,2025-08-07 02:41:00-04:00,upper,executed,,flat,inactive,2025-08-07 02:41:00-04:00,2025-08-07 03:36:00-04:00,3452.7692881918106,3466.8692881918105,9.400000000000091,14.100000000000136,SL,-14.099999999999909
562_upper,2025-08-05,2025-08-05 10:00:00-04:00,2025-09-02 10:00:00-04:00,2025-08-07 02:55:00-04:00,upper,skipped,position_open,open,active,,,,,,,,
552_upper,2025-07-22,2025-07-22 10:00:00-04:00,2025-08-19 10:00:00-04:00,2025-08-07 03:19:00-04:00,upper,skipped,position_open,open,active,,,,,,,,
561_upper,2025-08-04,2025-08-04 10:00:00-04:00,2025-09-01 10:00:00-04:00,2025-08-07 03:32:00-04:00,upper,skipped,position_open,open,active,,,,,,,,
564_upper,2025-08-07,2025-08-07 10:00:00-04:00,2025-09-04 10:00:00-04:00,2025-08-07 18:00:00-04:00,upper,skipped,no_anchor,n/a,n/a,,,,,,,,
565_lower,2025-08-08,2025-08-08 10:00:00-04:00,2025-09-05 10:00:00-04:00,2025-08-08 14:01:00-04:00,lower,skipped,blocked_time,n/a,n/a,,,,,,,,
564_lower,2025-08-11,2025-08-07 10:00:00-04:00,2025-09-04 10:00:00-04:00,2025-08-11 02:31:00-04:00,lower,executed,,flat,inactive,2025-08-11 02:31:00-04:00,2025-08-11 03:50:00-04:00,3425.170194675663,3412.8701946756632,8.199999999999818,12.299999999999727,SL,-12.299999999999727
561_lower,2025-08-04,2025-08-04 10:00:00-04:00,2025-09-01 10:00:00-04:00,2025-08-11 08:30:00-04:00,lower,skipped,SAL,n/a,active,,,,,,,,
562_lower,2025-08-05,2025-08-05 10:00:00-04:00,2025-09-02 10:00:00-04:00,2025-08-11 16:45:00-04:00,lower,skipped,no_cutoff,n/a,n/a,,,,,,,,
563_lower,2025-08-06,2025-08-06 10:00:00-04:00,2025-09-03 10:00:00-04:00,2025-08-11 16:45:00-04:00,lower,skipped,no_cutoff,n/a,n/a,,,,,,,,
566_lower,2025-08-12,2025-08-11 10:00:00-04:00,2025-09-08 10:00:00-04:00,2025-08-12 10:19:00-04:00,lower,executed,,flat,inactive,2025-08-12 10:19:00-04:00,2025-08-12 11:28:00-04:00,3380.6073223679923,3408.3573223679923,18.5,27.75,TP,27.75
568_lower,2025-08-14,2025-08-13 10:00:00-04:00,2025-09-10 10:00:00-04:00,2025-08-14 10:07:00-04:00,lower,executed,,flat,inactive,2025-08-14 10:07:00-04:00,2025-08-14 11:04:00-04:00,3383.853910508951,3383.853910508951,12.699999999999818,19.049999999999727,BE,0.0
569_lower,2025-08-14,2025-08-14 10:00:00-04:00,2025-09-11 10:00:00-04:00,2025-08-17 19:17:00-04:00,lower,skipped,simultaneous_collision,flat,inactive,,,,,,,,
560_lower,2025-08-18,2025-08-01 10:00:00-04:00,2025-08-29 10:00:00-04:00,2025-08-17 19:17:00-04:00,lower,executed,,flat,inactive,2025-08-17 19:17:00-04:00,2025-08-17 20:19:00-04:00,3371.046906092504,3381.696906092504,7.099999999999909,10.649999999999864,TP,10.649999999999864
567_lower,2025-08-19,2025-08-12 10:00:00-04:00,2025-09-09 10:00:00-04:00,2025-08-19 10:52:00-04:00,lower,executed,,flat,inactive,2025-08-19 10:52:00-04:00,2025-08-19 12:13:00-04:00,3364.600128858878,3364.600128858878,14.599999999999909,21.899999999999864,BE,0.0
571_lower,2025-08-18,2025-08-18 10:00:00-04:00,2025-09-15 10:00:00-04:00,2025-08-19 12:52:00-04:00,lower,skipped,blocked_time,n/a,n/a,,,,,,,,
570_lower,2025-08-15,2025-08-15 10:00:00-04:00,2025-09-12 10:00:00-04:00,2025-08-19 12:53:00-04:00,lower,skipped,blocked_time,n/a,n/a,,,,,,,,
572_lower,2025-08-20,2025-08-19 10:00:00-04:00,2025-09-16 10:00:00-04:00,2025-08-19 21:07:00-04:00,lower,executed,,flat,inactive,2025-08-19 21:07:00-04:00,2025-08-19 22:43:00-04:00,3354.7045708494197,3354.7045708494197,4.300000000000182,6.450000000000273,BE,0.0
572_upper,2025-08-22,2025-08-19 10:00:00-04:00,2025-09-16 10:00:00-04:00,2025-08-22 10:10:00-04:00,upper,executed,,flat,inactive,2025-08-22 10:10:00-04:00,2025-08-22 11:05:00-04:00,3401.6454291505806,3422.3454291505805,13.799999999999727,20.69999999999959,SL,-20.699999999999818
570_upper,2025-08-15,2025-08-15 10:00:00-04:00,2025-09-12 10:00:00-04:00,2025-08-22 10:16:00-04:00,upper,skipped,position_open,open,active,,,,,,,,
575_upper,2025-08-22,2025-08-22 10:00:00-04:00,2025-09-19 10:00:00-04:00,2025-08-22 10:18:00-04:00,upper,skipped,position_open,open,active,,,,,,,,
571_upper,2025-08-18,2025-08-18 10:00:00-04:00,2025-09-15 10:00:00-04:00,2025-08-22 10:19:00-04:00,upper,skipped,position_open,open,active,,,,,,,,
573_upper,2025-08-20,2025-08-20 10:00:00-04:00,2025-09-17 10:00:00-04:00,2025-08-22 10:19:00-04:00,upper,skipped,position_open,open,active,,,,,,,,
574_upper,2025-08-21,2025-08-21 10:00:00-04:00,2025-09-18 10:00:00-04:00,2025-08-22 10:30:00-04:00,upper,skipped,position_open,open,active,,,,,,,,
569_upper,2025-08-14,2025-08-14 10:00:00-04:00,2025-09-11 10:00:00-04:00,2025-08-22 10:32:00-04:00,upper,skipped,position_open,open,active,,,,,,,,
567_upper,2025-08-26,2025-08-12 10:00:00-04:00,2025-09-09 10:00:00-04:00,2025-08-25 20:45:00-04:00,upper,executed,,flat,inactive,2025-08-25 20:45:00-04:00,2025-08-26 03:21:00-04:00,3430.949871141121,3413.3998711411214,11.699999999999818,17.549999999999727,TP,17.549999999999727
568_upper,2025-08-13,2025-08-13 10:00:00-04:00,2025-09-10 10:00:00-04:00,2025-08-25 20:47:00-04:00,upper,skipped,position_open,open,inactive,,,,,,,,
576_upper,2025-08-25,2025-08-25 10:00:00-04:00,2025-09-22 10:00:00-04:00,2025-08-25 20:47:00-04:00,upper,skipped,position_open,open,inactive,,,,,,,,
566_upper,2025-08-11,2025-08-11 10:00:00-04:00,2025-09-08 10:00:00-04:00,2025-08-26 15:21:00-04:00,upper,skipped,no_cutoff,n/a,n/a,,,,,,,,
577_upper,2025-08-26,2025-08-26 10:00:00-04:00,2025-09-23 10:00:00-04:00,2025-08-26 18:00:00-04:00,upper,skipped,no_anchor,n/a,n/a,,,,,,,,
578_upper,2025-08-27,2025-08-27 10:00:00-04:00,2025-09-24 10:00:00-04:00,2025-08-27 16:56:00-04:00,upper,skipped,no_cutoff,n/a,n/a,,,,,,,,
579_upper,2025-08-29,2025-08-28 10:00:00-04:00,2025-09-25 10:00:00-04:00,2025-08-29 09:58:00-04:00,upper,executed,,flat,inactive,2025-08-29 09:58:00-04:00,2025-08-29 11:16:00-04:00,3488.575619316943,3506.7256193169433,12.099999999999909,18.149999999999864,SL,-18.15000000000009
580_upper,2025-08-29,2025-08-29 10:00:00-04:00,2025-09-26 10:00:00-04:00,2025-08-29 11:18:00-04:00,upper,skipped,blocked_time,n/a,n/a,,,,,,,,
565_upper,2025-09-01,2025-08-08 10:00:00-04:00,2025-09-05 10:00:00-04:00,2025-08-31 21:55:00-04:00,upper,executed,,flat,inactive,2025-08-31 21:55:00-04:00,2025-08-31 21:59:00-04:00,3520.1206104526227,3527.6206104526227,5.0,7.5,SL,-7.5
581_upper,2025-09-02,2025-09-01 10:00:00-04:00,2025-09-29 10:00:00-04:00,2025-09-01 21:44:00-04:00,upper,executed,,flat,inactive,2025-09-01 21:44:00-04:00,2025-09-01 23:17:00-04:00,3571.3058680965796,3560.8058680965796,7.0,10.5,TP,10.5
582_upper,2025-09-02,2025-09-02 10:00:00-04:00,2025-09-30 10:00:00-04:00,2025-09-02 11:45:00-04:00,upper,skipped,blocked_time,n/a,n/a,,,,,,,,
583_lower,2025-09-04,2025-09-03 10:00:00-04:00,2025-10-01 10:00:00-04:00,2025-09-03 22:45:00-04:00,lower,executed,,flat,inactive,2025-09-03 22:45:00-04:00,2025-09-04 15:00:00-04:00,3590.9303879491144,3602.4,19.09999999999991,28.649999999999864,cutoff,11.469612050885644
584_upper,2025-09-05,2025-09-04 10:00:00-04:00,2025-10-02 10:00:00-04:00,2025-09-05 09:46:00-04:00,upper,executed,,flat,inactive,2025-09-05 09:46:00-04:00,2025-09-05 10:59:00-04:00,3646.0510609657467,3646.0510609657467,40.59999999999991,60.899999999999864,BE,-0.0
583_upper,2025-09-08,2025-09-03 10:00:00-04:00,2025-10-01 10:00:00-04:00,2025-09-08 04:22:00-04:00,upper,executed,,flat,inactive,2025-09-08 04:22:00-04:00,2025-09-08 06:12:00-04:00,3656.0696120508856,3656.0696120508856,18.300000000000182,27.450000000000273,BE,-0.0
585_upper,2025-09-08,2025-09-05 10:00:00-04:00,2025-10-03 10:00:00-04:00,2025-09-08 09:45:00-04:00,upper,executed,,flat,inactive,2025-09-08 09:45:00-04:00,2025-09-08 10:36:00-04:00,3673.8468064835984,3673.8468064835984,11.400000000000091,17.100000000000136,BE,-0.0
586_upper,2025-09-09,2025-09-08 10:00:00-04:00,2025-10-06 10:00:00-04:00,2025-09-09 01:39:00-04:00,upper,executed,,flat,inactive,2025-09-09 01:39:00-04:00,2025-09-09 02:05:00-04:00,3697.3907609040566,3682.090760904056,10.200000000000273,15.30000000000041,TP,15.30000000000041
587_lower,2025-09-09,2025-09-09 10:00:00-04:00,2025-10-07 10:00:00-04:00,2025-09-09 11:15:00-04:00,lower,skipped,blocked_time,n/a,n/a,,,,,,,,
588_lower,2025-09-11,2025-09-10 10:00:00-04:00,2025-10-08 10:00:00-04:00,2025-09-11 01:32:00-04:00,lower,executed,,flat,inactive,2025-09-11 01:32:00-04:00,2025-09-11 02:10:00-04:00,3663.5128626732644,3670.562862673264,4.699999999999818,7.049999999999727,TP,7.049999999999727
589_upper,2025-09-12,2025-09-11 10:00:00-04:00,2025-10-09 10:00:00-04:00,2025-09-11 23:58:00-04:00,upper,executed,,flat,inactive,2025-09-11 23:58:00-04:00,2025-09-12 04:11:00-04:00,3692.339157092241,3682.289157092241,6.699999999999818,10.049999999999727,TP,10.049999999999727
590_lower,2025-09-15,2025-09-12 10:00:00-04:00,2025-10-10 10:00:00-04:00,2025-09-14 21:12:00-04:00,lower,executed,,flat,inactive,2025-09-14 21:12:00-04:00,2025-09-14 22:17:00-04:00,3663.338759627482,3678.938759627482,10.400000000000091,15.600000000000136,TP,15.600000000000136
590_upper,2025-09-12,2025-09-12 10:00:00-04:00,2025-10-10 10:00:00-04:00,2025-09-15 11:49:00-04:00,upper,skipped,blocked_time,n/a,n/a,,,,,,,,
588_upper,2025-09-10,2025-09-10 10:00:00-04:00,2025-10-08 10:00:00-04:00,2025-09-15 11:52:00-04:00,upper,skipped,blocked_time,n/a,n/a,,,,,,,,
591_upper,2025-09-15,2025-09-15 10:00:00-04:00,2025-10-13 10:00:00-04:00,2025-09-15 11:58:00-04:00,upper,skipped,blocked_time,n/a,n/a,,,,,,,,
587_upper,2025-09-16,2025-09-09 10:00:00-04:00,2025-10-07 10:00:00-04:00,2025-09-16 05:51:00-04:00,upper,executed,,flat,inactive,2025-09-16 05:51:00-04:00,2025-09-16 07:50:00-04:00,3736.3507997515403,3736.3507997515403,10.700000000000273,16.05000000000041,BE,-0.0
592_lower,2025-09-17,2025-09-16 10:00:00-04:00,2025-10-14 10:00:00-04:00,2025-09-17 03:03:00-04:00,lower,executed,,flat,inactive,2025-09-17 03:03:00-04:00,2025-09-17 10:49:00-04:00,3706.629786190219,3721.1797861902196,9.700000000000273,14.55000000000041,TP,14.55000000000041
593_lower,2025-09-17,2025-09-17 10:00:00-04:00,2025-10-15 10:00:00-04:00,2025-09-17 14:01:00-04:00,lower,skipped,blocked_time,n/a,n/a,,,,,,,,
593_upper,2025-09-17,2025-09-17 10:00:00-04:00,2025-10-15 10:00:00-04:00,2025-09-17 14:09:00-04:00,upper,skipped,blocked_time,n/a,n/a,,,,,,,,
591_lower,2025-09-18,2025-09-15 10:00:00-04:00,2025-10-13 10:00:00-04:00,2025-09-18 09:44:00-04:00,lower,executed,,flat,inactive,2025-09-18 09:44:00-04:00,2025-09-18 12:54:00-04:00,3665.3521199557786,3680.3521199557786,10.0,15.0,TP,15.0
595_upper,2025-09-19,2025-09-19 10:00:00-04:00,2025-10-17 10:00:00-04:00,2025-09-19 15:01:00-04:00,upper,skipped,no_cutoff,n/a,n/a,,,,,,,,
594_upper,2025-09-18,2025-09-18 10:00:00-04:00,2025-10-16 10:00:00-04:00,2025-09-21 18:12:00-04:00,upper,skipped,no_anchor,n/a,n/a,,,,,,,,
592_upper,2025-09-22,2025-09-16 10:00:00-04:00,2025-10-14 10:00:00-04:00,2025-09-22 05:18:00-04:00,upper,executed,,flat,inactive,2025-09-22 05:18:00-04:00,2025-09-22 12:11:00-04:00,3757.620213809781,3772.9202138097817,10.200000000000273,15.30000000000041,SL,-15.300000000000637
596_upper,2025-09-23,2025-09-22 10:00:00-04:00,2025-10-20 10:00:00-04:00,2025-09-22 19:22:00-04:00,upper,executed,,flat,inactive,2025-09-22 19:22:00-04:00,2025-09-22 20:30:00-04:00,3784.093213840796,3784.093213840796,8.599999999999909,12.899999999999864,BE,-0.0
597_lower,2025-09-24,2025-09-23 10:00:00-04:00,2025-10-21 10:00:00-04:00,2025-09-24 10:54:00-04:00,lower,executed,,flat,inactive,2025-09-24 10:54:00-04:00,2025-09-24 14:18:00-04:00,3782.616984849521,3760.7169848495214,14.599999999999909,21.899999999999864,SL,-21.899999999999636
598_lower,2025-09-24,2025-09-24 10:00:00-04:00,2025-10-22 10:00:00-04:00,2025-09-24 12:43:00-04:00,lower,skipped,blocked_time,n/a,n/a,,,,,,,,
599_upper,2025-09-26,2025-09-25 10:00:00-04:00,2025-10-23 10:00:00-04:00,2025-09-26 10:09:00-04:00,upper,executed,,flat,inactive,2025-09-26 10:09:00-04:00,2025-09-26 15:00:00-04:00,3805.2908636192947,3807.2,16.0,24.0,cutoff,-1.9091363807051493
600_upper,2025-09-29,2025-09-26 10:00:00-04:00,2025-10-24 10:00:00-04:00,2025-09-28 22:19:00-04:00,upper,executed,,flat,inactive,2025-09-28 22:19:00-04:00,2025-09-29 07:16:00-04:00,3819.667273225842,3851.917273225842,21.5,32.25,SL,-32.25
598_upper,2025-09-24,2025-09-24 10:00:00-04:00,2025-10-22 10:00:00-04:00,2025-09-28 23:12:00-04:00,upper,skipped,position_open,open,active,,,,,,,,
597_upper,2025-09-23,2025-09-23 10:00:00-04:00,2025-10-21 10:00:00-04:00,2025-09-29 02:43:00-04:00,upper,skipped,position_open,open,active,,,,,,,,
601_upper,2025-09-30,2025-09-29 10:00:00-04:00,2025-10-27 10:00:00-04:00,2025-09-29 22:01:00-04:00,upper,executed,,flat,inactive,2025-09-29 22:01:00-04:00,2025-09-29 23:12:00-04:00,3880.1898248248735,3880.1898248248735,13.800000000000182,20.700000000000273,BE,-0.0
601_lower,2025-09-30,2025-09-29 10:00:00-04:00,2025-10-27 10:00:00-04:00,2025-09-30 05:46:00-04:00,lower,executed,,flat,inactive,2025-09-30 05:46:00-04:00,2025-09-30 15:00:00-04:00,3824.310175175126,3876.7,40.19999999999982,60.29999999999973,cutoff,52.38982482487381
602_upper,2025-09-30,2025-09-30 10:00:00-04:00,2025-10-28 10:00:00-04:00,2025-09-30 10:54:00-04:00,upper,skipped,position_open,open,inactive,,,,,,,,
604_lower,2025-10-02,2025-10-02 10:00:00-04:00,2025-10-30 10:00:00-04:00,2025-10-02 10:37:00-04:00,lower,skipped,simultaneous_collision,flat,inactive,,,,,,,,
603_lower,2025-10-02,2025-10-01 10:00:00-04:00,2025-10-29 10:00:00-04:00,2025-10-02 10:37:00-04:00,lower,executed,,flat,inactive,2025-10-02 10:37:00-04:00,2025-10-02 15:00:00-04:00,3868.219753181418,3875.5,25.200000000000273,37.80000000000041,cutoff,7.2802468185818725
603_upper,2025-10-01,2025-10-01 10:00:00-04:00,2025-10-29 10:00:00-04:00,2025-10-05 18:59:00-04:00,upper,skipped,no_anchor,n/a,n/a,,,,,,,,
605_upper,2025-10-06,2025-10-03 10:00:00-04:00,2025-10-31 10:00:00-04:00,2025-10-05 19:04:00-04:00,upper,executed,,flat,inactive,2025-10-05 19:04:00-04:00,2025-10-05 21:58:00-04:00,3942.609422073696,3942.609422073696,21.100000000000364,31.650000000000546,BE,-0.0
604_upper,2025-10-06,2025-10-02 10:00:00-04:00,2025-10-30 10:00:00-04:00,2025-10-06 00:05:00-04:00,upper,executed,,flat,inactive,2025-10-06 00:05:00-04:00,2025-10-06 10:33:00-04:00,3956.8214449438324,3974.6714449438323,11.900000000000091,17.850000000000136,SL,-17.84999999999991
606_upper,2025-10-06,2025-10-06 10:00:00-04:00,2025-11-03 10:00:00-05:00,2025-10-06 18:26:00-04:00,upper,skipped,no_anchor,n/a,n/a,,,,,,,,
607_upper,2025-10-08,2025-10-07 10:00:00-04:00,2025-11-04 10:00:00-05:00,2025-10-07 23:06:00-04:00,upper,executed,,flat,inactive,2025-10-07 23:06:00-04:00,2025-10-08 03:10:00-04:00,4035.6784142074525,4059.5284142074524,15.900000000000091,23.850000000000136,SL,-23.84999999999991
608_lower,2025-10-09,2025-10-08 10:00:00-04:00,2025-11-05 10:00:00-05:00,2025-10-08 19:50:00-04:00,lower,executed,,flat,inactive,2025-10-08 19:50:00-04:00,2025-10-09 08:54:00-04:00,4021.8281554886776,4068.9281554886775,31.40000000000009,47.100000000000136,TP,47.100000000000136
609_lower,2025-10-09,2025-10-09 10:00:00-04:00,2025-11-06 10:00:00-05:00,2025-10-09 12:36:00-04:00,lower,skipped,blocked_time,n/a,n/a,,,,,,,,
607_lower,2025-10-07,2025-10-07 10:00:00-04:00,2025-11-04 10:00:00-05:00,2025-10-09 13:13:00-04:00,lower,skipped,blocked_time,n/a,n/a,,,,,,,,
610_upper,2025-10-10,2025-10-10 10:00:00-04:00,2025-11-07 10:00:00-05:00,2025-10-12 18:23:00-04:00,upper,skipped,no_anchor,n/a,n/a,,,,,,,,
608_upper,2025-10-13,2025-10-08 10:00:00-04:00,2025-11-05 10:00:00-05:00,2025-10-13 01:32:00-04:00,upper,executed,,flat,inactive,2025-10-13 01:32:00-04:00,2025-10-13 01:58:00-04:00,4093.2718445113223,4082.0218445113223,7.5,11.25,TP,11.25
609_upper,2025-10-13,2025-10-09 10:00:00-04:00,2025-11-06 10:00:00-05:00,2025-10-13 10:52:00-04:00,upper,executed,,flat,inactive,2025-10-13 10:52:00-04:00,2025-10-13 11:52:00-04:00,4122.020164814084,4122.020164814084,18.400000000000546,27.60000000000082,BE,-0.0
611_upper,2025-10-14,2025-10-13 10:00:00-04:00,2025-11-10 10:00:00-05:00,2025-10-13 21:11:00-04:00,upper,executed,,flat,inactive,2025-10-13 21:11:00-04:00,2025-10-13 23:09:00-04:00,4152.028370212113,4169.128370212113,11.399999999999636,17.099999999999454,SL,-17.099999999999454
612_upper,2025-10-14,2025-10-14 10:00:00-04:00,2025-11-11 10:00:00-05:00,2025-10-14 18:14:00-04:00,upper,skipped,no_anchor,n/a,n/a,,,,,,,,
613_upper,2025-10-16,2025-10-15 10:00:00-04:00,2025-11-12 10:00:00-05:00,2025-10-15 22:49:00-04:00,upper,executed,,flat,inactive,2025-10-15 22:49:00-04:00,2025-10-16 00:05:00-04:00,4249.977809721236,4249.977809721236,22.199999999999818,33.29999999999973,BE,-0.0
614_upper,2025-10-16,2025-10-16 10:00:00-04:00,2025-11-13 10:00:00-05:00,2025-10-16 12:28:00-04:00,upper,skipped,blocked_time,n/a,n/a,,,,,,,,
615_lower,2025-10-17,2025-10-17 10:00:00-04:00,2025-11-14 10:00:00-05:00,2025-10-17 10:14:00-04:00,lower,executed,,flat,inactive,2025-10-17 10:14:00-04:00,2025-10-17 12:29:00-04:00,4229.35146651681,4229.35146651681,61.80000000000018,92.70000000000027,BE,0.0
614_lower,2025-10-16,2025-10-16 10:00:00-04:00,2025-11-13 10:00:00-05:00,2025-10-17 12:30:00-04:00,lower,skipped,blocked_time,n/a,n/a,,,,,,,,
616_upper,2025-10-20,2025-10-20 10:00:00-04:00,2025-11-17 10:00:00-05:00,2025-10-20 14:39:00-04:00,upper,skipped,blocked_time,n/a,n/a,,,,,,,,
615_upper,2025-10-17,2025-10-17 10:00:00-04:00,2025-11-14 10:00:00-05:00,2025-10-20 15:57:00-04:00,upper,skipped,no_cutoff,n/a,n/a,,,,,,,,
616_lower,2025-10-21,2025-10-20 10:00:00-04:00,2025-11-17 10:00:00-05:00,2025-10-21 04:12:00-04:00,lower,executed,,flat,inactive,2025-10-21 04:12:00-04:00,2025-10-21 05:05:00-04:00,4279.642956669288,4279.642956669288,50.100000000000364,75.15000000000055,BE,0.0
613_lower,2025-10-21,2025-10-15 10:00:00-04:00,2025-11-12 10:00:00-05:00,2025-10-21 10:22:00-04:00,lower,executed,,flat,inactive,2025-10-21 10:22:00-04:00,2025-10-21 15:00:00-04:00,4166.072190278764,4131.7,59.79999999999927,89.69999999999891,cutoff,-34.37219027876381
617_lower,2025-10-21,2025-10-21 10:00:00-04:00,2025-11-18 10:00:00-05:00,2025-10-21 10:30:00-04:00,lower,skipped,position_open,open,active,,,,,,,,
612_lower,2025-10-14,2025-10-14 10:00:00-04:00,2025-11-11 10:00:00-05:00,2025-10-21 20:02:00-04:00,lower,skipped,simultaneous_collision,flat,inactive,,,,,,,,
611_lower,2025-10-22,2025-10-13 10:00:00-04:00,2025-11-10 10:00:00-05:00,2025-10-21 20:02:00-04:00,lower,executed,,flat,inactive,2025-10-21 20:02:00-04:00,2025-10-21 21:06:00-04:00,4067.4216297878875,4123.371629787887,37.30000000000018,55.95000000000027,TP,55.95000000000027
618_upper,2025-10-22,2025-10-22 10:00:00-04:00,2025-11-19 10:00:00-05:00,2025-10-22 15:32:00-04:00,upper,skipped,no_cutoff,n/a,n/a,,,,,,,,
619_lower,2025-10-24,2025-10-23 10:00:00-04:00,2025-11-20 10:00:00-05:00,2025-10-24 00:25:00-04:00,lower,executed,,flat,inactive,2025-10-24 00:25:00-04:00,2025-10-24 01:58:00-04:00,4118.227865442055,4118.227865442055,15.199999999999818,22.799999999999727,BE,0.0
620_lower,2025-10-24,2025-10-24 10:00:00-04:00,2025-11-21 10:00:00-05:00,2025-10-26 18:00:00-04:00,lower,skipped,no_anchor,n/a,n/a,,,,,,,,
618_lower,2025-10-27,2025-10-22 10:00:00-04:00,2025-11-19 10:00:00-05:00,2025-10-27 10:03:00-04:00,lower,executed,,flat,inactive,2025-10-27 10:03:00-04:00,2025-10-27 15:00:00-04:00,4019.9907739065056,4012.5,37.90000000000009,56.850000000000136,cutoff,-7.490773906505638
621_lower,2025-10-27,2025-10-27 10:00:00-04:00,2025-11-24 10:00:00-05:00,2025-10-27 10:18:00-04:00,lower,skipped,position_open,open,active,,,,,,,,
610_lower,2025-10-28,2025-10-10 10:00:00-04:00,2025-11-07 10:00:00-05:00,2025-10-28 02:39:00-04:00,lower,executed,,flat,inactive,2025-10-28 02:39:00-04:00,2025-10-28 04:19:00-04:00,3963.070314993255,3929.9203149932555,22.09999999999991,33.149999999999864,SL,-33.149999999999636
606_lower,2025-10-06,2025-10-06 10:00:00-04:00,2025-11-03 10:00:00-05:00,2025-10-28 04:41:00-04:00,lower,skipped,SAL,n/a,active,,,,,,,,
622_upper,2025-10-29,2025-10-28 10:00:00-04:00,2025-11-25 10:00:00-05:00,2025-10-28 20:39:00-04:00,upper,executed,,flat,inactive,2025-10-28 20:39:00-04:00,2025-10-29 05:48:00-04:00,3987.940890449111,4038.6408904491113,33.80000000000018,50.70000000000027,SL,-50.70000000000027
623_lower,2025-10-29,2025-10-29 10:00:00-04:00,2025-11-26 10:00:00-05:00,2025-10-29 14:01:00-04:00,lower,skipped,blocked_time,n/a,n/a,,,,,,,,
624_upper,2025-10-30,2025-10-30 10:00:00-04:00,2025-11-27 10:00:00-05:00,2025-10-30 15:18:00-04:00,upper,skipped,no_cutoff,n/a,n/a,,,,,,,,
625_lower,2025-10-31,2025-10-31 10:00:00-04:00,2025-11-28 10:00:00-05:00,2025-10-31 12:14:00-04:00,lower,skipped,blocked_time,n/a,n/a,,,,,,,,
626_lower,2025-11-04,2025-11-03 10:00:00-05:00,2025-12-01 10:00:00-05:00,2025-11-04 01:06:00-05:00,lower,executed,,flat,inactive,2025-11-04 01:06:00-05:00,2025-11-04 02:19:00-05:00,3977.328396579195,4000.4283965791956,15.400000000000091,23.100000000000136,TP,23.100000000000136
627_upper,2025-11-06,2025-11-04 10:00:00-05:00,2025-12-02 10:00:00-05:00,2025-11-06 02:00:00-05:00,upper,executed,,flat,inactive,2025-11-06 02:00:00-05:00,2025-11-06 03:17:00-05:00,4005.3275908819965,4022.727590881997,11.600000000000364,17.400000000000546,SL,-17.400000000000546
628_upper,2025-11-05,2025-11-05 10:00:00-05:00,2025-12-03 10:00:00-05:00,2025-11-07 11:37:00-05:00,upper,skipped,blocked_time,n/a,n/a,,,,,,,,
629_upper,2025-11-10,2025-11-06 10:00:00-05:00,2025-12-04 10:00:00-05:00,2025-11-09 20:11:00-05:00,upper,executed,,flat,inactive,2025-11-09 20:11:00-05:00,2025-11-09 20:26:00-05:00,4037.437677908845,4056.7876779088456,12.900000000000091,19.350000000000136,SL,-19.350000000000364
630_upper,2025-11-07,2025-11-07 10:00:00-05:00,2025-12-05 10:00:00-05:00,2025-11-09 20:19:00-05:00,upper,skipped,position_open,open,active,,,,,,,,
623_upper,2025-10-29,2025-10-29 10:00:00-04:00,2025-11-26 10:00:00-05:00,2025-11-09 23:09:00-05:00,upper,skipped,SAL,n/a,active,,,,,,,,
626_upper,2025-11-03,2025-11-03 10:00:00-05:00,2025-12-01 10:00:00-05:00,2025-11-10 00:41:00-05:00,upper,skipped,SAL,n/a,active,,,,,,,,
625_upper,2025-10-31,2025-10-31 10:00:00-04:00,2025-11-28 10:00:00-05:00,2025-11-10 00:42:00-05:00,upper,skipped,SAL,n/a,active,,,,,,,,
621_upper,2025-10-27,2025-10-27 10:00:00-04:00,2025-11-24 10:00:00-05:00,2025-11-10 01:38:00-05:00,upper,skipped,SAL,n/a,active,,,,,,,,
631_upper,2025-11-11,2025-11-10 10:00:00-05:00,2025-12-08 10:00:00-05:00,2025-11-10 19:26:00-05:00,upper,executed,,flat,inactive,2025-11-10 19:26:00-05:00,2025-11-10 20:15:00-05:00,4129.760492334568,4142.060492334567,8.199999999999818,12.299999999999727,SL,-12.299999999999272
620_upper,2025-11-12,2025-10-24 10:00:00-04:00,2025-11-21 10:00:00-05:00,2025-11-12 10:13:00-05:00,upper,executed,,flat,inactive,2025-11-12 10:13:00-05:00,2025-11-12 11:03:00-05:00,4168.574351320803,4192.724351320803,16.100000000000364,24.150000000000546,SL,-24.150000000000546
632_upper,2025-11-11,2025-11-11 10:00:00-05:00,2025-12-09 10:00:00-05:00,2025-11-12 10:16:00-05:00,upper,skipped,position_open,open,active,,,,,,,,
633_upper,2025-11-12,2025-11-12 10:00:00-05:00,2025-12-10 10:00:00-05:00,2025-11-12 10:17:00-05:00,upper,skipped,position_open,open,active,,,,,,,,
619_upper,2025-10-23,2025-10-23 10:00:00-04:00,2025-11-20 10:00:00-05:00,2025-11-12 11:34:00-05:00,upper,skipped,blocked_time,n/a,n/a,,,,,,,,
634_lower,2025-11-13,2025-11-13 10:00:00-05:00,2025-12-11 10:00:00-05:00,2025-11-13 13:35:00-05:00,lower,skipped,blocked_time,n/a,n/a,,,,,,,,
633_lower,2025-11-14,2025-11-12 10:00:00-05:00,2025-12-10 10:00:00-05:00,2025-11-14 08:11:00-05:00,lower,executed,,flat,inactive,2025-11-14 08:11:00-05:00,2025-11-14 08:35:00-05:00,4101.251356581247,4049.6513565812475,34.399999999999636,51.599999999999454,SL,-51.599999999999454
632_lower,2025-11-11,2025-11-11 10:00:00-05:00,2025-12-09 10:00:00-05:00,2025-11-14 08:12:00-05:00,lower,skipped,position_open,open,active,,,,,,,,
631_lower,2025-11-10,2025-11-10 10:00:00-05:00,2025-12-08 10:00:00-05:00,2025-11-14 08:29:00-05:00,lower,skipped,position_open,open,active,,,,,,,,
636_lower,2025-11-17,2025-11-17 10:00:00-05:00,2025-12-15 10:00:00-05:00,2025-11-17 14:40:00-05:00,lower,skipped,blocked_time,n/a,n/a,,,,,,,,
636_upper,2025-11-19,2025-11-17 10:00:00-05:00,2025-12-15 10:00:00-05:00,2025-11-19 04:57:00-05:00,upper,executed,,flat,inactive,2025-11-19 04:57:00-05:00,2025-11-19 09:59:00-05:00,4112.448909337394,4129.548909337394,11.400000000000091,17.100000000000136,SL,-17.100000000000364
637_upper,2025-11-18,2025-11-18 10:00:00-05:00,2025-12-16 10:00:00-05:00,2025-11-19 09:55:00-05:00,upper,skipped,position_open,open,active,,,,,,,,
635_upper,2025-11-14,2025-11-14 10:00:00-05:00,2025-12-12 10:00:00-05:00,2025-11-19 09:56:00-05:00,upper,skipped,position_open,open,active,,,,,,,,
638_lower,2025-11-20,2025-11-19 10:00:00-05:00,2025-12-17 10:00:00-05:00,2025-11-19 21:17:00-05:00,lower,executed,,flat,inactive,2025-11-19 21:17:00-05:00,2025-11-20 02:45:00-05:00,4055.141276817038,4055.141276817038,27.199999999999818,40.79999999999973,BE,0.0
639_lower,2025-11-21,2025-11-20 10:00:00-05:00,2025-12-18 10:00:00-05:00,2025-11-21 02:01:00-05:00,lower,executed,,flat,inactive,2025-11-21 02:01:00-05:00,2025-11-21 02:57:00-05:00,4025.852960368345,4025.852960368345,37.40000000000009,56.100000000000136,BE,0.0
637_lower,2025-11-18,2025-11-18 10:00:00-05:00,2025-12-16 10:00:00-05:00,2025-11-21 02:02:00-05:00,lower,skipped,position_open,open,inactive,,,,,,,,
640_upper,2025-11-21,2025-11-21 10:00:00-05:00,2025-12-19 10:00:00-05:00,2025-11-24 13:51:00-05:00,upper,skipped,blocked_time,n/a,n/a,,,,,,,,
641_upper,2025-11-24,2025-11-24 10:00:00-05:00,2025-12-22 10:00:00-05:00,2025-11-24 13:53:00-05:00,upper,skipped,blocked_time,n/a,n/a,,,,,,,,
639_upper,2025-11-20,2025-11-20 10:00:00-05:00,2025-12-18 10:00:00-05:00,2025-11-24 19:00:00-05:00,upper,skipped,simultaneous_collision,flat,inactive,,,,,,,,
638_upper,2025-11-25,2025-11-19 10:00:00-05:00,2025-12-17 10:00:00-05:00,2025-11-24 19:00:00-05:00,upper,executed,,flat,inactive,2025-11-24 19:00:00-05:00,2025-11-24 21:05:00-05:00,4175.5,4175.5,18.199999999999818,27.299999999999727,BE,-0.0
642_upper,2025-11-28,2025-11-25 10:00:00-05:00,2025-12-23 10:00:00-05:00,2025-11-27 19:34:00-05:00,upper,executed,,flat,inactive,2025-11-27 19:34:00-05:00,2025-11-27 20:03:00-05:00,4213.903265612732,4223.053265612731,6.099999999999454,9.149999999999181,SL,-9.149999999998727
644_upper,2025-11-27,2025-11-27 10:00:00-05:00,2025-12-26 10:00:00-05:00,2025-11-27 20:00:00-05:00,upper,skipped,position_open,open,active,,,,,,,,
643_upper,2025-11-26,2025-11-26 10:00:00-05:00,2025-12-24 10:00:00-05:00,2025-11-27 20:01:00-05:00,upper,skipped,position_open,open,active,,,,,,,,
634_upper,2025-11-13,2025-11-13 10:00:00-05:00,2025-12-11 10:00:00-05:00,2025-11-30 18:00:00-05:00,upper,skipped,no_anchor,n/a,n/a,,,,,,,,
645_upper,2025-12-01,2025-11-28 10:00:00-05:00,2025-12-29 10:00:00-05:00,2025-11-30 20:28:00-05:00,upper,executed,,flat,inactive,2025-11-30 20:28:00-05:00,2025-12-01 00:26:00-05:00,4273.569583996118,4249.269583996118,16.199999999999818,24.299999999999727,TP,24.299999999999727
646_lower,2025-12-02,2025-12-01 10:00:00-05:00,2025-12-30 10:00:00-05:00,2025-12-01 20:09:00-05:00,lower,executed,,flat,inactive,2025-12-01 20:09:00-05:00,2025-12-01 20:09:00-05:00,4227.87877570948,4215.12877570948,8.5,12.75,SL,-12.75
647_lower,2025-12-02,2025-12-02 10:00:00-05:00,2025-12-31 10:00:00-05:00,2025-12-02 10:26:00-05:00,lower,skipped,SAL,n/a,active,,,,,,,,
645_lower,2025-11-28,2025-11-28 10:00:00-05:00,2025-12-29 10:00:00-05:00,2025-12-02 10:58:00-05:00,lower,skipped,SAL,n/a,active,,,,,,,,
648_lower,2025-12-04,2025-12-03 10:00:00-05:00,2026-01-02 10:00:00-05:00,2025-12-04 00:53:00-05:00,lower,executed,,flat,inactive,2025-12-04 00:53:00-05:00,2025-12-04 01:02:00-05:00,4203.56224872616,4213.01224872616,6.300000000000182,9.450000000000273,TP,9.450000000000273
649_upper,2025-12-05,2025-12-04 10:00:00-05:00,2026-01-05 10:00:00-05:00,2025-12-05 09:50:00-05:00,upper,executed,,flat,inactive,2025-12-05 09:50:00-05:00,2025-12-05 11:10:00-05:00,4275.628746162326,4248.328746162325,18.200000000000728,27.30000000000109,TP,27.30000000000109
650_lower,2025-12-05,2025-12-05 10:00:00-05:00,2026-01-06 10:00:00-05:00,2025-12-05 16:16:00-05:00,lower,skipped,no_cutoff,n/a,n/a,,,,,,,,
653_upper,2025-12-10,2025-12-10 10:00:00-05:00,2026-01-09 10:00:00-05:00,2025-12-10 15:08:00-05:00,upper,skipped,no_cutoff,n/a,n/a,,,,,,,,
652_upper,2025-12-09,2025-12-09 10:00:00-05:00,2026-01-08 10:00:00-05:00,2025-12-10 15:14:00-05:00,upper,skipped,no_cutoff,n/a,n/a,,,,,,,,
651_upper,2025-12-11,2025-12-08 10:00:00-05:00,2026-01-07 10:00:00-05:00,2025-12-10 19:15:00-05:00,upper,executed,,flat,inactive,2025-12-10 19:15:00-05:00,2025-12-10 20:02:00-05:00,4273.283187938851,4273.283187938851,9.800000000000182,14.700000000000273,BE,-0.0
647_upper,2025-12-02,2025-12-02 10:00:00-05:00,2025-12-31 10:00:00-05:00,2025-12-11 11:45:00-05:00,upper,skipped,blocked_time,n/a,n/a,,,,,,,,
654_upper,2025-12-11,2025-12-11 10:00:00-05:00,2026-01-12 10:00:00-05:00,2025-12-11 11:47:00-05:00,upper,skipped,blocked_time,n/a,n/a,,,,,,,,
650_upper,2025-12-05,2025-12-05 10:00:00-05:00,2026-01-06 10:00:00-05:00,2025-12-11 11:48:00-05:00,upper,skipped,blocked_time,n/a,n/a,,,,,,,,
648_upper,2025-12-03,2025-12-03 10:00:00-05:00,2026-01-02 10:00:00-05:00,2025-12-11 11:51:00-05:00,upper,skipped,blocked_time,n/a,n/a,,,,,,,,
646_upper,2025-12-12,2025-12-01 10:00:00-05:00,2025-12-30 10:00:00-05:00,2025-12-12 02:36:00-05:00,upper,executed,,flat,inactive,2025-12-12 02:36:00-05:00,2025-12-12 03:38:00-05:00,4320.47122429052,4331.1212242905185,7.099999999999454,10.649999999999181,SL,-10.649999999998727
655_lower,2025-12-12,2025-12-12 10:00:00-05:00,2026-01-13 10:00:00-05:00,2025-12-12 10:25:00-05:00,lower,skipped,SAL,n/a,active,,,,,,,,
656_lower,2025-12-15,2025-12-15 10:00:00-05:00,2026-01-14 10:00:00-05:00,2025-12-15 11:36:00-05:00,lower,skipped,blocked_time,n/a,n/a,,,,,,,,
657_lower,2025-12-16,2025-12-16 10:00:00-05:00,2026-01-15 10:00:00-05:00,2025-12-16 11:41:00-05:00,lower,skipped,blocked_time,n/a,n/a,,,,,,,,
657_upper,2025-12-16,2025-12-16 10:00:00-05:00,2026-01-15 10:00:00-05:00,2025-12-18 11:11:00-05:00,upper,skipped,blocked_time,n/a,n/a,,,,,,,,
656_upper,2025-12-15,2025-12-15 10:00:00-05:00,2026-01-14 10:00:00-05:00,2025-12-18 11:12:00-05:00,upper,skipped,blocked_time,n/a,n/a,,,,,,,,
658_upper,2025-12-17,2025-12-17 10:00:00-05:00,2026-01-16 10:00:00-05:00,2025-12-18 11:13:00-05:00,upper,skipped,blocked_time,n/a,n/a,,,,,,,,
660_upper,2025-12-22,2025-12-19 10:00:00-05:00,2026-01-20 10:00:00-05:00,2025-12-21 20:00:00-05:00,upper,executed,,flat,inactive,2025-12-21 20:00:00-05:00,2025-12-21 20:47:00-05:00,4399.1030733541,4416.953073354101,11.900000000000546,17.85000000000082,SL,-17.850000000001273
659_upper,2025-12-18,2025-12-18 10:00:00-05:00,2026-01-19 10:00:00-05:00,2025-12-21 20:40:00-05:00,upper,skipped,position_open,open,active,,,,,,,,
655_upper,2025-12-12,2025-12-12 10:00:00-05:00,2026-01-13 10:00:00-05:00,2025-12-21 20:44:00-05:00,upper,skipped,position_open,open,active,,,,,,,,
661_upper,2025-12-23,2025-12-22 10:00:00-05:00,2026-01-21 10:00:00-05:00,2025-12-22 19:04:00-05:00,upper,executed,,flat,inactive,2025-12-22 19:04:00-05:00,2025-12-22 20:07:00-05:00,4494.661560881637,4516.261560881637,14.399999999999636,21.599999999999454,SL,-21.599999999999454
662_upper,2025-12-23,2025-12-23 10:00:00-05:00,2026-01-22 10:00:00-05:00,2025-12-23 18:36:00-05:00,upper,skipped,no_anchor,n/a,n/a,,,,,,,,
663_upper,2025-12-26,2025-12-24 10:00:00-05:00,2026-01-23 10:00:00-05:00,2025-12-25 20:02:00-05:00,upper,executed,,flat,inactive,2025-12-25 20:02:00-05:00,2025-12-26 05:19:00-05:00,4553.2414678396135,4553.2414678396135,24.100000000000364,36.150000000000546,BE,-0.0
664_lower,2025-12-29,2025-12-26 10:00:00-05:00,2026-01-26 10:00:00-05:00,2025-12-28 19:22:00-05:00,lower,executed,,flat,inactive,2025-12-28 19:22:00-05:00,2025-12-28 20:26:00-05:00,4520.207030200763,4520.207030200763,31.800000000000182,47.70000000000027,BE,0.0
663_lower,2025-12-29,2025-12-24 10:00:00-05:00,2026-01-23 10:00:00-05:00,2025-12-29 06:40:00-05:00,lower,executed,,flat,inactive,2025-12-29 06:40:00-05:00,2025-12-29 08:09:00-05:00,4463.008532160386,4488.508532160386,17.0,25.5,TP,25.5
662_lower,2025-12-29,2025-12-23 10:00:00-05:00,2026-01-22 10:00:00-05:00,2025-12-29 08:42:00-05:00,lower,executed,,flat,inactive,2025-12-29 08:42:00-05:00,2025-12-29 09:05:00-05:00,4448.672378951428,4418.072378951429,20.399999999999636,30.599999999999454,SL,-30.599999999999454
661_lower,2025-12-22,2025-12-22 10:00:00-05:00,2026-01-21 10:00:00-05:00,2025-12-29 09:01:00-05:00,lower,skipped,position_open,open,active,,,,,,,,
665_lower,2025-12-29,2025-12-29 10:00:00-05:00,2026-01-27 10:00:00-05:00,2025-12-29 10:20:00-05:00,lower,skipped,SAL,n/a,active,,,,,,,,
658_lower,2025-12-17,2025-12-17 10:00:00-05:00,2026-01-16 10:00:00-05:00,2025-12-29 10:22:00-05:00,lower,skipped,SAL,n/a,active,,,,,,,,
660_lower,2025-12-19,2025-12-19 10:00:00-05:00,2026-01-20 10:00:00-05:00,2025-12-29 10:22:00-05:00,lower,skipped,SAL,n/a,active,,,,,,,,
666_lower,2025-12-30,2025-12-30 10:00:00-05:00,2026-01-28 10:00:00-05:00,2025-12-30 18:26:00-05:00,lower,skipped,no_anchor,n/a,n/a,,,,,,,,
659_lower,2025-12-31,2025-12-18 10:00:00-05:00,2026-01-19 10:00:00-05:00,2025-12-31 00:53:00-05:00,lower,executed,,flat,inactive,2025-12-31 00:53:00-05:00,2025-12-31 01:58:00-05:00,4307.010491450018,4337.9104914500185,20.600000000000364,30.900000000000546,TP,30.900000000000546
667_upper,2026-01-02,2025-12-31 10:00:00-05:00,2026-01-29 10:00:00-05:00,2026-01-02 00:10:00-05:00,upper,executed,,flat,inactive,2026-01-02 00:10:00-05:00,2026-01-02 03:45:00-05:00,4391.797066086228,4403.047066086228,7.5,11.25,SL,-11.25
668_lower,2026-01-02,2026-01-02 10:00:00-05:00,2026-01-30 10:00:00-05:00,2026-01-02 11:03:00-05:00,lower,skipped,blocked_time,n/a,n/a,,,,,,,,
668_upper,2026-01-05,2026-01-02 10:00:00-05:00,2026-01-30 10:00:00-05:00,2026-01-04 20:02:00-05:00,upper,executed,,flat,inactive,2026-01-04 20:02:00-05:00,2026-01-04 21:32:00-05:00,4415.4943251380755,4415.4943251380755,27.099999999999454,40.64999999999918,BE,-0.0
666_upper,2026-01-05,2025-12-30 10:00:00-05:00,2026-01-28 10:00:00-05:00,2026-01-05 04:43:00-05:00,upper,executed,,flat,inactive,2026-01-05 04:43:00-05:00,2026-01-05 05:33:00-05:00,4447.424859045884,4447.424859045884,14.800000000000182,22.200000000000273,BE,-0.0
665_upper,2026-01-05,2025-12-29 10:00:00-05:00,2026-01-27 10:00:00-05:00,2026-01-05 09:55:00-05:00,upper,executed,,flat,inactive,2026-01-05 09:55:00-05:00,2026-01-05 10:43:00-05:00,4452.716735523483,4452.716735523483,23.600000000000364,35.400000000000546,BE,-0.0
669_upper,2026-01-06,2026-01-05 10:00:00-05:00,2026-02-02 10:00:00-05:00,2026-01-06 00:04:00-05:00,upper,executed,,flat,inactive,2026-01-06 00:04:00-05:00,2026-01-06 00:47:00-05:00,4480.3848126413895,4469.434812641391,7.299999999999272,10.949999999998909,TP,10.949999999998909
670_lower,2026-01-07,2026-01-06 10:00:00-05:00,2026-02-03 10:00:00-05:00,2026-01-07 08:09:00-05:00,lower,executed,,flat,inactive,2026-01-07 08:09:00-05:00,2026-01-07 08:56:00-05:00,4439.377984721409,4462.777984721408,15.599999999999454,23.39999999999918,TP,23.39999999999918
671_lower,2026-01-08,2026-01-07 10:00:00-05:00,2026-02-04 10:00:00-05:00,2026-01-08 07:15:00-05:00,lower,executed,,flat,inactive,2026-01-08 07:15:00-05:00,2026-01-08 07:39:00-05:00,4418.328799297639,4436.328799297639,12.0,18.0,TP,18.0
672_upper,2026-01-08,2026-01-08 10:00:00-05:00,2026-02-05 10:00:00-05:00,2026-01-08 12:02:00-05:00,upper,skipped,blocked_time,n/a,n/a,,,,,,,,
671_upper,2026-01-07,2026-01-07 10:00:00-05:00,2026-02-04 10:00:00-05:00,2026-01-08 18:00:00-05:00,upper,skipped,no_anchor,n/a,n/a,,,,,,,,
670_upper,2026-01-09,2026-01-06 10:00:00-05:00,2026-02-03 10:00:00-05:00,2026-01-09 10:40:00-05:00,upper,executed,,flat,inactive,2026-01-09 10:40:00-05:00,2026-01-09 12:54:00-05:00,4526.072015278591,4496.522015278591,19.699999999999818,29.549999999999727,TP,29.549999999999727
673_upper,2026-01-09,2026-01-09 10:00:00-05:00,2026-02-06 10:00:00-05:00,2026-01-11 18:14:00-05:00,upper,skipped,no_anchor,n/a,n/a,,,,,,,,
664_upper,2026-01-12,2025-12-26 10:00:00-05:00,2026-01-26 10:00:00-05:00,2026-01-11 19:42:00-05:00,upper,executed,,flat,inactive,2026-01-11 19:42:00-05:00,2026-01-12 03:47:00-05:00,4599.942969799236,4599.942969799236,34.19999999999982,51.29999999999973,BE,-0.0
675_lower,2026-01-13,2026-01-13 10:00:00-05:00,2026-02-10 10:00:00-05:00,2026-01-13 15:33:00-05:00,lower,skipped,no_cutoff,n/a,n/a,,,,,,,,
674_upper,2026-01-14,2026-01-12 10:00:00-05:00,2026-02-09 10:00:00-05:00,2026-01-14 00:01:00-05:00,upper,executed,,flat,inactive,2026-01-14 00:01:00-05:00,2026-01-14 00:47:00-05:00,4644.135143256798,4644.135143256798,5.600000000000364,8.400000000000546,BE,-0.0
676_lower,2026-01-15,2026-01-14 10:00:00-05:00,2026-02-11 10:00:00-05:00,2026-01-14 20:32:00-05:00,lower,executed,,flat,inactive,2026-01-14 20:32:00-05:00,2026-01-14 20:36:00-05:00,4587.960666222485,4600.5606662224845,8.399999999999636,12.599999999999454,TP,12.599999999999454
677_lower,2026-01-16,2026-01-15 10:00:00-05:00,2026-02-12 10:00:00-05:00,2026-01-16 10:29:00-05:00,lower,executed,,flat,inactive,2026-01-16 10:29:00-05:00,2026-01-16 10:34:00-05:00,4570.525691813308,4542.025691813308,19.0,28.5,SL,-28.5
678_lower,2026-01-16,2026-01-16 10:00:00-05:00,2026-02-13 10:00:00-05:00,2026-01-16 10:30:00-05:00,lower,skipped,position_open,open,active,,,,,,,,
674_lower,2026-01-12,2026-01-12 10:00:00-05:00,2026-02-09 10:00:00-05:00,2026-01-16 10:31:00-05:00,lower,skipped,position_open,open,active,,,,,,,,
677_upper,2026-01-15,2026-01-15 10:00:00-05:00,2026-02-12 10:00:00-05:00,2026-01-18 18:02:00-05:00,upper,skipped,no_anchor,n/a,n/a,,,,,,,,
678_upper,2026-01-16,2026-01-16 10:00:00-05:00,2026-02-13 10:00:00-05:00,2026-01-18 18:02:00-05:00,upper,skipped,no_anchor,n/a,n/a,,,,,,,,
675_upper,2026-01-13,2026-01-13 10:00:00-05:00,2026-02-10 10:00:00-05:00,2026-01-18 18:16:00-05:00,upper,skipped,no_anchor,n/a,n/a,,,,,,,,
676_upper,2026-01-14,2026-01-14 10:00:00-05:00,2026-02-11 10:00:00-05:00,2026-01-18 18:22:00-05:00,upper,skipped,no_anchor,n/a,n/a,,,,,,,,
679_upper,2026-01-20,2026-01-19 10:00:00-05:00,2026-02-16 10:00:00-05:00,2026-01-20 00:05:00-05:00,upper,executed,,flat,inactive,2026-01-20 00:05:00-05:00,2026-01-20 03:50:00-05:00,4703.662556600952,4732.162556600952,19.0,28.5,SL,-28.5
680_upper,2026-01-21,2026-01-20 10:00:00-05:00,2026-02-17 10:00:00-05:00,2026-01-20 20:04:00-05:00,upper,executed,,flat,inactive,2026-01-20 20:04:00-05:00,2026-01-20 20:28:00-05:00,4799.176099680417,4826.776099680416,18.399999999999636,27.599999999999454,SL,-27.599999999999454
681_lower,2026-01-21,2026-01-21 10:00:00-05:00,2026-02-18 10:00:00-05:00,2026-01-21 12:32:00-05:00,lower,skipped,blocked_time,n/a,n/a,,,,,,,,
682_upper,2026-01-22,2026-01-22 10:00:00-05:00,2026-02-19 10:00:00-05:00,2026-01-22 11:18:00-05:00,upper,skipped,blocked_time,n/a,n/a,,,,,,,,
681_upper,2026-01-21,2026-01-21 10:00:00-05:00,2026-02-18 10:00:00-05:00,2026-01-22 13:08:00-05:00,upper,skipped,blocked_time,n/a,n/a,,,,,,,,
683_upper,2026-01-23,2026-01-23 10:00:00-05:00,2026-02-20 10:00:00-05:00,2026-01-23 11:31:00-05:00,upper,skipped,blocked_time,n/a,n/a,,,,,,,,
684_lower,2026-01-26,2026-01-26 10:00:00-05:00,2026-02-23 10:00:00-05:00,2026-01-26 14:03:00-05:00,lower,skipped,blocked_time,n/a,n/a,,,,,,,,
685_upper,2026-01-27,2026-01-27 10:00:00-05:00,2026-02-24 10:00:00-05:00,2026-01-27 15:03:00-05:00,upper,skipped,no_cutoff,n/a,n/a,,,,,,,,
684_upper,2026-01-26,2026-01-26 10:00:00-05:00,2026-02-23 10:00:00-05:00,2026-01-27 15:09:00-05:00,upper,skipped,no_cutoff,n/a,n/a,,,,,,,,
686_upper,2026-01-28,2026-01-28 10:00:00-05:00,2026-02-25 10:00:00-05:00,2026-01-28 14:57:00-05:00,upper,skipped,blocked_time,n/a,n/a,,,,,,,,
687_lower,2026-01-29,2026-01-29 10:00:00-05:00,2026-02-26 10:00:00-05:00,2026-01-29 10:03:00-05:00,lower,executed,,flat,inactive,2026-01-29 10:03:00-05:00,2026-01-29 10:15:00-05:00,5475.230246020336,5382.230246020336,62.0,93.0,SL,-93.0
686_lower,2026-01-28,2026-01-28 10:00:00-05:00,2026-02-25 10:00:00-05:00,2026-01-29 10:27:00-05:00,lower,skipped,SAL,n/a,active,,,,,,,,
685_lower,2026-01-30,2026-01-27 10:00:00-05:00,2026-02-24 10:00:00-05:00,2026-01-30 04:44:00-05:00,lower,executed,,flat,inactive,2026-01-30 04:44:00-05:00,2026-01-30 11:35:00-05:00,5002.406739458399,5002.406739458399,133.69999999999982,200.0,BE,0.0
688_lower,2026-01-30,2026-01-30 10:00:00-05:00,2026-02-27 10:00:00-05:00,2026-01-30 11:36:00-05:00,lower,skipped,blocked_time,n/a,n/a,,,,,,,,
683_lower,2026-01-23,2026-01-23 10:00:00-05:00,2026-02-20 10:00:00-05:00,2026-01-30 12:42:00-05:00,lower,skipped,blocked_time,n/a,n/a,,,,,,,,
682_lower,2026-01-22,2026-01-22 10:00:00-05:00,2026-02-19 10:00:00-05:00,2026-01-30 13:18:00-05:00,lower,skipped,blocked_time,n/a,n/a,,,,,,,,
680_lower,2026-01-20,2026-01-20 10:00:00-05:00,2026-02-17 10:00:00-05:00,2026-01-30 13:39:00-05:00,lower,skipped,blocked_time,n/a,n/a,,,,,,,,
679_lower,2026-02-02,2026-01-19 10:00:00-05:00,2026-02-16 10:00:00-05:00,2026-02-01 20:10:00-05:00,lower,executed,,flat,inactive,2026-02-01 20:10:00-05:00,2026-02-01 23:01:00-05:00,4641.787443399049,4641.787443399049,142.30000000000018,200.0,BE,0.0
673_lower,2026-02-02,2026-01-09 10:00:00-05:00,2026-02-06 10:00:00-05:00,2026-02-02 01:27:00-05:00,lower,executed,,flat,inactive,2026-02-02 01:27:00-05:00,2026-02-02 03:20:00-05:00,4461.871262173881,4661.871262173881,202.10000000000036,200.0,TP,200.0
689_lower,2026-02-02,2026-02-02 10:00:00-05:00,2026-03-02 10:00:00-05:00,2026-02-02 10:53:00-05:00,lower,executed,,flat,inactive,2026-02-02 10:53:00-05:00,2026-02-02 13:14:00-05:00,4654.613934815099,4654.613934815099,114.60000000000036,171.90000000000055,BE,0.0
689_upper,2026-02-03,2026-02-02 10:00:00-05:00,2026-03-02 10:00:00-05:00,2026-02-02 20:15:00-05:00,upper,executed,,flat,inactive,2026-02-02 20:15:00-05:00,2026-02-03 03:16:00-05:00,4859.9360651849,4958.3360651849,65.59999999999945,98.39999999999918,SL,-98.39999999999964
690_upper,2026-02-03,2026-02-03 10:00:00-05:00,2026-03-03 10:00:00-05:00,2026-02-03 11:26:00-05:00,upper,skipped,blocked_time,n/a,n/a,,,,,,,,
691_lower,2026-02-04,2026-02-04 10:00:00-05:00,2026-03-04 10:00:00-05:00,2026-02-04 10:31:00-05:00,lower,executed,,flat,inactive,2026-02-04 10:31:00-05:00,2026-02-04 15:00:00-05:00,4953.1927418317555,4959.3,94.10000000000036,141.15000000000055,cutoff,6.107258168244698
690_lower,2026-02-03,2026-02-03 10:00:00-05:00,2026-03-03 10:00:00-05:00,2026-02-04 11:48:00-05:00,lower,skipped,blocked_time,n/a,n/a,,,,,,,,
692_lower,2026-02-05,2026-02-05 10:00:00-05:00,2026-03-05 10:00:00-05:00,2026-02-05 18:01:00-05:00,lower,skipped,no_anchor,n/a,n/a,,,,,,,,
692_upper,2026-02-06,2026-02-05 10:00:00-05:00,2026-03-05 10:00:00-05:00,2026-02-06 08:01:00-05:00,upper,executed,,flat,inactive,2026-02-06 08:01:00-05:00,2026-02-06 10:06:00-05:00,4937.703057432032,4988.703057432032,34.0,51.0,SL,-51.0
693_upper,2026-02-06,2026-02-06 10:00:00-05:00,2026-03-06 10:00:00-05:00,2026-02-08 18:25:00-05:00,upper,skipped,no_anchor,n/a,n/a,,,,,,,,
694_upper,2026-02-09,2026-02-09 10:00:00-05:00,2026-03-09 10:00:00-04:00,2026-02-09 11:22:00-05:00,upper,skipped,blocked_time,n/a,n/a,,,,,,,,
691_upper,2026-02-11,2026-02-04 10:00:00-05:00,2026-03-04 10:00:00-05:00,2026-02-11 05:44:00-05:00,upper,executed,,flat,inactive,2026-02-11 05:44:00-05:00,2026-02-11 07:41:00-05:00,5125.857258168245,5087.607258168245,25.5,38.25,TP,38.25
697_lower,2026-02-12,2026-02-12 10:00:00-05:00,2026-03-12 10:00:00-04:00,2026-02-12 11:12:00-05:00,lower,skipped,blocked_time,n/a,n/a,,,,,,,,
695_lower,2026-02-10,2026-02-10 10:00:00-05:00,2026-03-10 10:00:00-04:00,2026-02-12 11:13:00-05:00,lower,skipped,blocked_time,n/a,n/a,,,,,,,,
696_lower,2026-02-11,2026-02-11 10:00:00-05:00,2026-03-11 10:00:00-04:00,2026-02-12 11:13:00-05:00,lower,skipped,blocked_time,n/a,n/a,,,,,,,,
694_lower,2026-02-09,2026-02-09 10:00:00-05:00,2026-03-09 10:00:00-04:00,2026-02-12 11:14:00-05:00,lower,skipped,blocked_time,n/a,n/a,,,,,,,,
699_lower,2026-02-17,2026-02-16 10:00:00-05:00,2026-03-16 10:00:00-04:00,2026-02-16 19:57:00-05:00,lower,executed,,flat,inactive,2026-02-16 19:57:00-05:00,2026-02-16 21:19:00-05:00,4964.347247787221,4987.897247787221,15.699999999999818,23.549999999999727,TP,23.549999999999727
698_lower,2026-02-13,2026-02-13 10:00:00-05:00,2026-03-13 10:00:00-04:00,2026-02-16 20:03:00-05:00,lower,skipped,position_open,open,inactive,,,,,,,,
700_upper,2026-02-18,2026-02-17 10:00:00-05:00,2026-03-17 10:00:00-04:00,2026-02-18 08:36:00-05:00,upper,executed,,flat,inactive,2026-02-18 08:36:00-05:00,2026-02-18 09:31:00-05:00,4987.439783133361,4987.439783133361,35.600000000000364,53.400000000000546,BE,-0.0
701_upper,2026-02-20,2026-02-18 10:00:00-05:00,2026-03-18 10:00:00-04:00,2026-02-20 04:04:00-05:00,upper,executed,,flat,inactive,2026-02-20 04:04:00-05:00,2026-02-20 04:50:00-05:00,5054.486715192775,5054.486715192775,26.800000000000182,40.20000000000027,BE,-0.0
699_upper,2026-02-16,2026-02-16 10:00:00-05:00,2026-03-16 10:00:00-04:00,2026-02-20 04:06:00-05:00,upper,skipped,position_open,open,inactive,,,,,,,,
702_upper,2026-02-20,2026-02-19 10:00:00-05:00,2026-03-19 10:00:00-04:00,2026-02-20 09:32:00-05:00,upper,executed,,flat,inactive,2026-02-20 09:32:00-05:00,2026-02-20 10:06:00-05:00,5071.478234624972,5024.978234624972,31.0,46.5,TP,46.5
703_lower,2026-02-20,2026-02-20 10:00:00-05:00,2026-03-20 10:00:00-04:00,2026-02-20 10:06:00-05:00,lower,skipped,same_bar_reentry,reopen_blocked,inactive,,,,,,,,
698_upper,2026-02-13,2026-02-13 10:00:00-05:00,2026-03-13 10:00:00-04:00,2026-02-20 12:08:00-05:00,upper,skipped,blocked_time,n/a,n/a,,,,,,,,
703_upper,2026-02-20,2026-02-20 10:00:00-05:00,2026-03-20 10:00:00-04:00,2026-02-20 15:58:00-05:00,upper,skipped,no_cutoff,n/a,n/a,,,,,,,,
697_upper,2026-02-12,2026-02-12 10:00:00-05:00,2026-03-12 10:00:00-04:00,2026-02-22 18:00:00-05:00,upper,skipped,no_anchor,n/a,n/a,,,,,,,,
696_upper,2026-02-11,2026-02-11 10:00:00-05:00,2026-03-11 10:00:00-04:00,2026-02-22 18:06:00-05:00,upper,skipped,no_anchor,n/a,n/a,,,,,,,,
695_upper,2026-02-10,2026-02-10 10:00:00-05:00,2026-03-10 10:00:00-04:00,2026-02-22 18:08:00-05:00,upper,skipped,no_anchor,n/a,n/a,,,,,,,,
688_upper,2026-02-23,2026-01-30 10:00:00-05:00,2026-02-27 10:00:00-05:00,2026-02-23 09:37:00-05:00,upper,executed,,flat,inactive,2026-02-23 09:37:00-05:00,2026-02-23 11:19:00-05:00,5202.49665982853,5235.946659828529,22.299999999999272,33.44999999999891,SL,-33.44999999999891
704_upper,2026-02-23,2026-02-23 10:00:00-05:00,2026-03-23 10:00:00-04:00,2026-02-23 15:59:00-05:00,upper,skipped,no_cutoff,n/a,n/a,,,,,,,,
704_lower,2026-02-24,2026-02-23 10:00:00-05:00,2026-03-23 10:00:00-04:00,2026-02-24 08:59:00-05:00,lower,executed,,flat,inactive,2026-02-24 08:59:00-05:00,2026-02-24 12:17:00-05:00,5132.241649182192,5177.691649182192,30.300000000000182,45.45000000000027,TP,45.45000000000027
705_upper,2026-02-25,2026-02-24 10:00:00-05:00,2026-03-24 10:00:00-04:00,2026-02-24 20:15:00-05:00,upper,executed,,flat,inactive,2026-02-24 20:15:00-05:00,2026-02-25 00:49:00-05:00,5197.199818680186,5228.699818680186,21.0,31.5,SL,-31.5
707_upper,2026-02-27,2026-02-26 10:00:00-05:00,2026-03-26 10:00:00-04:00,2026-02-27 08:20:00-05:00,upper,executed,,flat,inactive,2026-02-27 08:20:00-05:00,2026-02-27 08:23:00-05:00,5240.611649995323,5251.711649995323,7.399999999999636,11.099999999999454,SL,-11.099999999999454
706_upper,2026-02-25,2026-02-25 10:00:00-05:00,2026-03-25 10:00:00-04:00,2026-02-27 08:26:00-05:00,upper,skipped,SAL,n/a,active,,,,,,,,
708_upper,2026-02-27,2026-02-27 10:00:00-05:00,2026-03-27 10:00:00-04:00,2026-02-27 16:45:00-05:00,upper,skipped,no_cutoff,n/a,n/a,,,,,,,,
709_lower,2026-03-03,2026-03-02 10:00:00-05:00,2026-03-30 10:00:00-04:00,2026-03-03 04:25:00-05:00,lower,executed,,flat,inactive,2026-03-03 04:25:00-05:00,2026-03-03 05:38:00-05:00,5270.367410652263,5270.367410652263,46.19999999999982,69.29999999999973,BE,0.0
708_lower,2026-03-03,2026-02-27 10:00:00-05:00,2026-03-27 10:00:00-04:00,2026-03-03 06:08:00-05:00,lower,executed,,flat,inactive,2026-03-03 06:08:00-05:00,2026-03-03 06:31:00-05:00,5195.1619865246885,5114.1619865246885,54.0,81.0,SL,-81.0
706_lower,2026-02-25,2026-02-25 10:00:00-05:00,2026-03-25 10:00:00-04:00,2026-03-03 06:29:00-05:00,lower,skipped,position_open,open,active,,,,,,,,
707_lower,2026-02-26,2026-02-26 10:00:00-05:00,2026-03-26 10:00:00-04:00,2026-03-03 06:31:00-05:00,lower,skipped,SAL,n/a,active,,,,,,,,
705_lower,2026-02-24,2026-02-24 10:00:00-05:00,2026-03-24 10:00:00-04:00,2026-03-03 09:44:00-05:00,lower,skipped,SAL,n/a,active,,,,,,,,
711_lower,2026-03-05,2026-03-04 10:00:00-05:00,2026-04-01 10:00:00-04:00,2026-03-05 08:23:00-05:00,lower,executed,,flat,inactive,2026-03-05 08:23:00-05:00,2026-03-05 08:24:00-05:00,5096.393176339733,5113.193176339733,11.199999999999818,16.799999999999727,TP,16.799999999999727
712_lower,2026-03-05,2026-03-05 10:00:00-05:00,2026-04-02 10:00:00-04:00,2026-03-05 13:03:00-05:00,lower,skipped,blocked_time,n/a,n/a,,,,,,,,
712_upper,2026-03-05,2026-03-05 10:00:00-05:00,2026-04-02 10:00:00-04:00,2026-03-08 18:00:00-04:00,upper,skipped,no_anchor,n/a,n/a,,,,,,,,
713_upper,2026-03-06,2026-03-06 10:00:00-05:00,2026-04-06 10:00:00-04:00,2026-03-08 18:00:00-04:00,upper,skipped,no_anchor,n/a,n/a,,,,,,,,
713_lower,2026-03-09,2026-03-06 10:00:00-05:00,2026-04-06 10:00:00-04:00,2026-03-08 21:00:00-04:00,lower,executed,,flat,inactive,2026-03-08 21:00:00-04:00,2026-03-09 01:33:00-04:00,5032.295510265739,5112.395510265738,53.399999999999636,80.09999999999945,TP,80.09999999999945
714_upper,2026-03-10,2026-03-09 10:00:00-04:00,2026-04-07 10:00:00-04:00,2026-03-09 21:56:00-04:00,upper,executed,,flat,inactive,2026-03-09 21:56:00-04:00,2026-03-10 09:01:00-04:00,5185.806812370432,5210.256812370433,16.300000000000182,24.450000000000273,SL,-24.450000000000728
715_lower,2026-03-11,2026-03-10 10:00:00-04:00,2026-04-08 10:00:00-04:00,2026-03-11 09:51:00-04:00,lower,executed,,flat,inactive,2026-03-11 09:51:00-04:00,2026-03-11 15:00:00-04:00,5157.711720644731,5179.9,35.5,53.25,cutoff,22.188279355268605
716_lower,2026-03-11,2026-03-11 10:00:00-04:00,2026-04-09 10:00:00-04:00,2026-03-12 13:55:00-04:00,lower,skipped,blocked_time,n/a,n/a,,,,,,,,
717_lower,2026-03-12,2026-03-12 10:00:00-04:00,2026-04-10 10:00:00-04:00,2026-03-12 14:21:00-04:00,lower,skipped,blocked_time,n/a,n/a,,,,,,,,
718_lower,2026-03-13,2026-03-13 10:00:00-04:00,2026-04-13 10:00:00-04:00,2026-03-13 10:56:00-04:00,lower,executed,,flat,inactive,2026-03-13 10:56:00-04:00,2026-03-13 11:53:00-04:00,5045.35419937615,5045.35419937615,25.799999999999272,38.69999999999891,BE,0.0
714_lower,2026-03-09,2026-03-09 10:00:00-04:00,2026-04-07 10:00:00-04:00,2026-03-15 18:00:00-04:00,lower,skipped,no_anchor,n/a,n/a,,,,,,,,
710_lower,2026-03-16,2026-03-03 10:00:00-05:00,2026-03-31 10:00:00-04:00,2026-03-15 19:20:00-04:00,lower,executed,,flat,inactive,2026-03-15 19:20:00-04:00,2026-03-15 21:15:00-04:00,4986.36069434324,4986.36069434324,34.0,51.0,BE,0.0
719_lower,2026-03-18,2026-03-16 10:00:00-04:00,2026-04-14 10:00:00-04:00,2026-03-18 06:35:00-04:00,lower,executed,,flat,inactive,2026-03-18 06:35:00-04:00,2026-03-18 07:24:00-04:00,4968.511935114141,4968.511935114141,11.300000000000182,16.950000000000273,BE,0.0
720_lower,2026-03-17,2026-03-17 10:00:00-04:00,2026-04-15 10:00:00-04:00,2026-03-18 07:05:00-04:00,lower,skipped,position_open,open,inactive,,,,,,,,
702_lower,2026-03-18,2026-02-19 10:00:00-05:00,2026-03-19 10:00:00-04:00,2026-03-18 07:58:00-04:00,lower,executed,,flat,inactive,2026-03-18 07:58:00-04:00,2026-03-18 08:43:00-04:00,4931.521765375028,4880.821765375029,33.79999999999927,50.69999999999891,SL,-50.69999999999891
701_lower,2026-02-18,2026-02-18 10:00:00-05:00,2026-03-18 10:00:00-04:00,2026-03-18 08:07:00-04:00,lower,skipped,position_open,open,active,,,,,,,,
721_lower,2026-03-19,2026-03-18 10:00:00-04:00,2026-04-16 10:00:00-04:00,2026-03-19 02:35:00-04:00,lower,executed,,flat,inactive,2026-03-19 02:35:00-04:00,2026-03-19 02:50:00-04:00,4802.505059909052,4761.105059909052,27.599999999999454,41.39999999999918,SL,-41.399999999999636
722_upper,2026-03-20,2026-03-19 10:00:00-04:00,2026-04-17 10:00:00-04:00,2026-03-19 21:46:00-04:00,upper,executed,,flat,inactive,2026-03-19 21:46:00-04:00,2026-03-19 22:49:00-04:00,4700.620011295293,4700.620011295293,22.700000000000728,34.05000000000109,BE,-0.0
723_lower,2026-03-20,2026-03-20 10:00:00-04:00,2026-04-20 10:00:00-04:00,2026-03-20 10:18:00-04:00,lower,executed,,flat,inactive,2026-03-20 10:18:00-04:00,2026-03-20 11:08:00-04:00,4565.192654598266,4565.192654598266,67.39999999999964,101.09999999999945,BE,0.0
722_lower,2026-03-19,2026-03-19 10:00:00-04:00,2026-04-17 10:00:00-04:00,2026-03-22 18:00:00-04:00,lower,skipped,no_anchor,n/a,n/a,,,,,,,,
724_lower,2026-03-24,2026-03-23 10:00:00-04:00,2026-04-21 10:00:00-04:00,2026-03-23 20:39:00-04:00,lower,executed,,flat,inactive,2026-03-23 20:39:00-04:00,2026-03-23 20:48:00-04:00,4333.135006563971,4372.885006563971,26.5,39.75,TP,39.75
725_upper,2026-03-24,2026-03-24 10:00:00-04:00,2026-04-22 10:00:00-04:00,2026-03-24 10:52:00-04:00,upper,executed,,flat,inactive,2026-03-24 10:52:00-04:00,2026-03-24 11:40:00-04:00,4429.8774211126065,4429.8774211126065,40.30000000000018,60.45000000000027,BE,-0.0
724_upper,2026-03-25,2026-03-23 10:00:00-04:00,2026-04-21 10:00:00-04:00,2026-03-24 19:36:00-04:00,upper,executed,,flat,inactive,2026-03-24 19:36:00-04:00,2026-03-24 20:39:00-04:00,4517.4649934360295,4568.61499343603,34.100000000000364,51.150000000000546,SL,-51.150000000000546
726_lower,2026-03-26,2026-03-25 10:00:00-04:00,2026-04-23 10:00:00-04:00,2026-03-26 01:30:00-04:00,lower,executed,,flat,inactive,2026-03-26 01:30:00-04:00,2026-03-26 01:47:00-04:00,4484.014184370304,4464.664184370305,12.899999999999636,19.349999999999454,SL,-19.349999999999454
727_lower,2026-03-26,2026-03-26 10:00:00-04:00,2026-04-24 10:00:00-04:00,2026-03-26 12:30:00-04:00,lower,skipped,blocked_time,n/a,n/a,,,,,,,,
727_upper,2026-03-27,2026-03-26 10:00:00-04:00,2026-04-24 10:00:00-04:00,2026-03-27 10:50:00-04:00,upper,executed,,flat,inactive,2026-03-27 10:50:00-04:00,2026-03-27 11:12:00-04:00,4506.664925886814,4551.964925886814,30.199999999999818,45.29999999999973,SL,-45.30000000000018
728_upper,2026-03-27,2026-03-27 10:00:00-04:00,2026-04-27 10:00:00-04:00,2026-03-27 10:51:00-04:00,upper,skipped,position_open,open,active,,,,,,,,
726_upper,2026-03-31,2026-03-25 10:00:00-04:00,2026-04-23 10:00:00-04:00,2026-03-30 21:41:00-04:00,upper,executed,,flat,inactive,2026-03-30 21:41:00-04:00,2026-03-31 09:54:00-04:00,4636.985815629696,4636.985815629696,67.30000000000018,100.95000000000027,BE,-0.0
729_upper,2026-03-30,2026-03-30 10:00:00-04:00,2026-04-28 10:00:00-04:00,2026-03-31 12:41:00-04:00,upper,skipped,blocked_time,n/a,n/a,,,,,,,,
730_upper,2026-03-31,2026-03-31 10:00:00-04:00,2026-04-29 10:00:00-04:00,2026-03-31 14:09:00-04:00,upper,skipped,blocked_time,n/a,n/a,,,,,,,,
723_upper,2026-04-01,2026-03-20 10:00:00-04:00,2026-04-20 10:00:00-04:00,2026-03-31 20:06:00-04:00,upper,executed,,flat,inactive,2026-03-31 20:06:00-04:00,2026-04-01 07:30:00-04:00,4732.7073454017345,4775.4573454017345,28.5,42.75,SL,-42.75
731_upper,2026-04-02,2026-04-01 10:00:00-04:00,2026-04-30 10:00:00-04:00,2026-04-01 19:30:00-04:00,upper,executed,,flat,inactive,2026-04-01 19:30:00-04:00,2026-04-01 21:03:00-04:00,4824.900498391413,4777.650498391413,31.5,47.25,TP,47.25
731_lower,2026-04-02,2026-04-01 10:00:00-04:00,2026-04-30 10:00:00-04:00,2026-04-01 21:31:00-04:00,lower,executed,,flat,inactive,2026-04-01 21:31:00-04:00,2026-04-01 21:51:00-04:00,4702.549501608587,4738.399501608586,23.899999999999636,35.849999999999454,TP,35.849999999999454
732_upper,2026-04-02,2026-04-02 10:00:00-04:00,2026-05-01 10:00:00-04:00,2026-04-02 10:43:00-04:00,upper,executed,,flat,inactive,2026-04-02 10:43:00-04:00,2026-04-02 15:00:00-04:00,4724.612653897647,4698.2,73.60000000000036,110.40000000000055,cutoff,26.412653897647033
733_lower,2026-04-07,2026-04-06 10:00:00-04:00,2026-05-04 10:00:00-04:00,2026-04-07 10:06:00-04:00,lower,executed,,flat,inactive,2026-04-07 10:06:00-04:00,2026-04-07 10:33:00-04:00,4636.124371515367,4679.324371515368,28.800000000000182,43.20000000000027,TP,43.20000000000027
734_upper,2026-04-07,2026-04-07 10:00:00-04:00,2026-05-05 10:00:00-04:00,2026-04-07 15:46:00-04:00,upper,skipped,no_cutoff,n/a,n/a,,,,,,,,
733_upper,2026-04-06,2026-04-06 10:00:00-04:00,2026-05-04 10:00:00-04:00,2026-04-07 18:00:00-04:00,upper,skipped,no_anchor,n/a,n/a,,,,,,,,
735_lower,2026-04-08,2026-04-08 10:00:00-04:00,2026-05-06 10:00:00-04:00,2026-04-08 14:18:00-04:00,lower,skipped,blocked_time,n/a,n/a,,,,,,,,
736_lower,2026-04-09,2026-04-09 10:00:00-04:00,2026-05-07 10:00:00-04:00,2026-04-12 18:00:00-04:00,lower,skipped,no_anchor,n/a,n/a,,,,,,,,
737_lower,2026-04-10,2026-04-10 10:00:00-04:00,2026-05-08 10:00:00-04:00,2026-04-12 18:00:00-04:00,lower,skipped,no_anchor,n/a,n/a,,,,,,,,
738_upper,2026-04-14,2026-04-13 10:00:00-04:00,2026-05-11 10:00:00-04:00,2026-04-14 03:00:00-04:00,upper,executed,,flat,inactive,2026-04-14 03:00:00-04:00,2026-04-14 04:11:00-04:00,4807.032637661795,4807.032637661795,23.900000000000546,35.85000000000082,BE,-0.0
736_upper,2026-04-14,2026-04-09 10:00:00-04:00,2026-05-07 10:00:00-04:00,2026-04-14 10:33:00-04:00,upper,executed,,flat,inactive,2026-04-14 10:33:00-04:00,2026-04-14 11:51:00-04:00,4839.297438767623,4839.297438767623,36.0,54.0,BE,-0.0
737_upper,2026-04-10,2026-04-10 10:00:00-04:00,2026-05-08 10:00:00-04:00,2026-04-14 10:35:00-04:00,upper,skipped,position_open,open,inactive,,,,,,,,
739_upper,2026-04-14,2026-04-14 10:00:00-04:00,2026-05-12 10:00:00-04:00,2026-04-14 13:38:00-04:00,upper,skipped,blocked_time,n/a,n/a,,,,,,,,
735_upper,2026-04-15,2026-04-08 10:00:00-04:00,2026-05-06 10:00:00-04:00,2026-04-14 21:16:00-04:00,upper,executed,,flat,inactive,2026-04-14 21:16:00-04:00,2026-04-14 22:25:00-04:00,4878.072555464509,4859.322555464509,12.5,18.75,TP,18.75
740_lower,2026-04-16,2026-04-15 10:00:00-04:00,2026-05-13 10:00:00-04:00,2026-04-16 10:40:00-04:00,lower,executed,,flat,inactive,2026-04-16 10:40:00-04:00,2026-04-16 13:38:00-04:00,4802.653938606801,4802.653938606801,40.899999999999636,61.349999999999454,BE,0.0
741_upper,2026-04-16,2026-04-16 10:00:00-04:00,2026-05-14 10:00:00-04:00,2026-04-17 09:10:00-04:00,upper,skipped,simultaneous_collision,flat,inactive,,,,,,,,
740_upper,2026-04-17,2026-04-15 10:00:00-04:00,2026-05-13 10:00:00-04:00,2026-04-17 09:10:00-04:00,upper,executed,,flat,inactive,2026-04-17 09:10:00-04:00,2026-04-17 15:00:00-04:00,4887.646061393199,4878.8,51.0,76.5,cutoff,8.846061393198397
742_lower,2026-04-17,2026-04-17 10:00:00-04:00,2026-05-15 10:00:00-04:00,2026-04-19 18:00:00-04:00,lower,skipped,no_anchor,n/a,n/a,,,,,,,,
741_lower,2026-04-16,2026-04-16 10:00:00-04:00,2026-05-14 10:00:00-04:00,2026-04-19 19:43:00-04:00,lower,skipped,simultaneous_collision,flat,inactive,,,,,,,,
739_lower,2026-04-20,2026-04-14 10:00:00-04:00,2026-05-12 10:00:00-04:00,2026-04-19 19:43:00-04:00,lower,executed,,flat,inactive,2026-04-19 19:43:00-04:00,2026-04-19 21:23:00-04:00,4758.978108783473,4814.478108783473,37.0,55.5,TP,55.5
743_lower,2026-04-21,2026-04-20 10:00:00-04:00,2026-05-18 10:00:00-04:00,2026-04-21 01:52:00-04:00,lower,executed,,flat,inactive,2026-04-21 01:52:00-04:00,2026-04-21 07:48:00-04:00,4803.140714852001,4817.540714852002,9.600000000000364,14.400000000000546,TP,14.400000000000546
744_lower,2026-04-21,2026-04-21 10:00:00-04:00,2026-05-19 10:00:00-04:00,2026-04-21 10:46:00-04:00,lower,executed,,flat,inactive,2026-04-21 10:46:00-04:00,2026-04-21 12:14:00-04:00,4746.729918805998,4746.729918805998,36.5,54.75,BE,0.0
738_lower,2026-04-13,2026-04-13 10:00:00-04:00,2026-05-11 10:00:00-04:00,2026-04-21 15:42:00-04:00,lower,skipped,no_cutoff,n/a,n/a,,,,,,,,
745_lower,2026-04-23,2026-04-22 10:00:00-04:00,2026-05-20 10:00:00-04:00,2026-04-22 20:13:00-04:00,lower,executed,,flat,inactive,2026-04-22 20:13:00-04:00,2026-04-22 20:15:00-04:00,4722.188542993336,4712.888542993336,6.199999999999818,9.299999999999727,SL,-9.300000000000182
746_lower,2026-04-23,2026-04-23 10:00:00-04:00,2026-05-21 10:00:00-04:00,2026-04-23 13:42:00-04:00,lower,skipped,blocked_time,n/a,n/a,,,,,,,,
748_lower,2026-04-27,2026-04-27 10:00:00-04:00,2026-05-25 10:00:00-04:00,2026-04-28 01:06:00-04:00,lower,skipped,simultaneous_collision,flat,inactive,,,,,,,,
747_lower,2026-04-28,2026-04-24 10:00:00-04:00,2026-05-22 10:00:00-04:00,2026-04-28 01:06:00-04:00,lower,executed,,flat,inactive,2026-04-28 01:06:00-04:00,2026-04-28 01:20:00-04:00,4663.031357948142,4671.131357948143,5.400000000000546,8.100000000000819,TP,8.100000000000819
734_lower,2026-04-28,2026-04-07 10:00:00-04:00,2026-05-05 10:00:00-04:00,2026-04-28 05:57:00-04:00,lower,executed,,flat,inactive,2026-04-28 05:57:00-04:00,2026-04-28 06:58:00-04:00,4617.822426831241,4617.822426831241,21.099999999999454,31.64999999999918,BE,0.0
749_lower,2026-04-29,2026-04-28 10:00:00-04:00,2026-05-26 10:00:00-04:00,2026-04-29 09:20:00-04:00,lower,executed,,flat,inactive,2026-04-29 09:20:00-04:00,2026-04-29 15:00:00-04:00,4548.755446810234,4557.3,29.200000000000728,43.80000000000109,cutoff,8.544553189765793
732_lower,2026-04-02,2026-04-02 10:00:00-04:00,2026-05-01 10:00:00-04:00,2026-04-29 09:30:00-04:00,lower,skipped,position_open,open,inactive,,,,,,,,
730_lower,2026-03-31,2026-03-31 10:00:00-04:00,2026-04-29 10:00:00-04:00,2026-04-29 09:43:00-04:00,lower,skipped,position_open,open,inactive,,,,,,,,
750_upper,2026-04-30,2026-04-29 10:00:00-04:00,2026-05-27 10:00:00-04:00,2026-04-30 02:52:00-04:00,upper,executed,,flat,inactive,2026-04-30 02:52:00-04:00,2026-04-30 04:04:00-04:00,4595.368201646965,4637.368201646965,28.0,42.0,SL,-42.0
749_upper,2026-04-28,2026-04-28 10:00:00-04:00,2026-05-26 10:00:00-04:00,2026-04-30 04:05:00-04:00,upper,skipped,SAL,n/a,active,,,,,,,,
751_lower,2026-05-01,2026-04-30 10:00:00-04:00,2026-05-28 10:00:00-04:00,2026-05-01 03:56:00-04:00,lower,executed,,flat,inactive,2026-05-01 03:56:00-04:00,2026-05-01 08:25:00-04:00,4589.797175463187,4615.597175463186,17.199999999999818,25.799999999999727,TP,25.799999999999727
752_lower,2026-05-04,2026-05-01 10:00:00-04:00,2026-05-29 10:00:00-04:00,2026-05-04 06:18:00-04:00,lower,executed,,flat,inactive,2026-05-04 06:18:00-04:00,2026-05-04 06:32:00-04:00,4545.835074606433,4565.785074606434,13.300000000000182,19.950000000000273,TP,19.950000000000273
753_lower,2026-05-04,2026-05-04 10:00:00-04:00,2026-05-31 19:59:00-04:00,2026-05-04 11:21:00-04:00,lower,skipped,blocked_time,n/a,n/a,,,,,,,,
753_upper,2026-05-06,2026-05-04 10:00:00-04:00,2026-05-31 19:59:00-04:00,2026-05-05 20:23:00-04:00,upper,executed,,flat,inactive,2026-05-05 20:23:00-04:00,2026-05-05 23:03:00-04:00,4611.607657902129,4651.807657902129,26.800000000000182,40.20000000000027,SL,-40.19999999999982
754_upper,2026-05-05,2026-05-05 10:00:00-04:00,2026-05-31 19:59:00-04:00,2026-05-05 20:55:00-04:00,upper,skipped,position_open,open,active,,,,,,,,
752_upper,2026-05-01,2026-05-01 10:00:00-04:00,2026-05-29 10:00:00-04:00,2026-05-06 02:31:00-04:00,upper,skipped,SAL,n/a,active,,,,,,,,
751_upper,2026-04-30,2026-04-30 10:00:00-04:00,2026-05-28 10:00:00-04:00,2026-05-06 03:59:00-04:00,upper,skipped,SAL,n/a,active,,,,,,,,
755_upper,2026-05-07,2026-05-06 10:00:00-04:00,2026-05-31 19:59:00-04:00,2026-05-07 02:39:00-04:00,upper,executed,,flat,inactive,2026-05-07 02:39:00-04:00,2026-05-07 03:25:00-04:00,4750.282697209408,4750.282697209408,12.299999999999272,18.44999999999891,BE,-0.0
748_upper,2026-04-27,2026-04-27 10:00:00-04:00,2026-05-25 10:00:00-04:00,2026-05-07 02:40:00-04:00,upper,skipped,position_open,open,inactive,,,,,,,,
747_upper,2026-05-07,2026-04-24 10:00:00-04:00,2026-05-22 10:00:00-04:00,2026-05-07 10:25:00-04:00,upper,executed,,flat,inactive,2026-05-07 10:25:00-04:00,2026-05-07 12:09:00-04:00,4769.868642051858,4728.618642051858,27.5,41.25,TP,41.25
756_lower,2026-05-07,2026-05-07 10:00:00-04:00,2026-05-31 19:59:00-04:00,2026-05-07 13:26:00-04:00,lower,skipped,blocked_time,n/a,n/a,,,,,,,,
757_lower,2026-05-08,2026-05-08 10:00:00-04:00,2026-05-31 19:59:00-04:00,2026-05-10 18:00:00-04:00,lower,skipped,no_anchor,n/a,n/a,,,,,,,,
758_lower,2026-05-12,2026-05-11 10:00:00-04:00,2026-05-31 19:59:00-04:00,2026-05-12 03:03:00-04:00,lower,executed,,flat,inactive,2026-05-12 03:03:00-04:00,2026-05-12 06:39:00-04:00,4698.8250057006735,4698.8250057006735,21.0,31.5,BE,0.0
755_lower,2026-05-06,2026-05-06 10:00:00-04:00,2026-05-31 19:59:00-04:00,2026-05-12 11:23:00-04:00,lower,skipped,blocked_time,n/a,n/a,,,,,,,,
759_lower,2026-05-12,2026-05-12 10:00:00-04:00,2026-05-31 19:59:00-04:00,2026-05-12 11:23:00-04:00,lower,skipped,blocked_time,n/a,n/a,,,,,,,,
761_lower,2026-05-14,2026-05-14 10:00:00-04:00,2026-05-31 19:59:00-04:00,2026-05-14 20:25:00-04:00,lower,skipped,simultaneous_collision,flat,inactive,,,,,,,,
760_lower,2026-05-15,2026-05-13 10:00:00-04:00,2026-05-31 19:59:00-04:00,2026-05-14 20:25:00-04:00,lower,executed,,flat,inactive,2026-05-14 20:25:00-04:00,2026-05-14 21:07:00-04:00,4645.463980619344,4616.813980619343,19.100000000000364,28.650000000000546,SL,-28.650000000000546
754_lower,2026-05-05,2026-05-05 10:00:00-04:00,2026-05-31 19:59:00-04:00,2026-05-15 05:15:00-04:00,lower,skipped,SAL,n/a,active,,,,,,,,
750_lower,2026-05-18,2026-04-29 10:00:00-04:00,2026-05-27 10:00:00-04:00,2026-05-17 20:34:00-04:00,lower,executed,,flat,inactive,2026-05-17 20:34:00-04:00,2026-05-17 20:59:00-04:00,4492.881798353035,4517.331798353034,16.299999999999272,24.44999999999891,TP,24.44999999999891
762_lower,2026-05-15,2026-05-15 10:00:00-04:00,2026-05-31 19:59:00-04:00,2026-05-17 20:44:00-04:00,lower,skipped,position_open,open,inactive,,,,,,,,
763_lower,2026-05-19,2026-05-18 10:00:00-04:00,2026-05-31 19:59:00-04:00,2026-05-19 06:43:00-04:00,lower,executed,,flat,inactive,2026-05-19 06:43:00-04:00,2026-05-19 07:00:00-04:00,4531.764156622072,4548.564156622071,11.199999999999818,16.799999999999727,TP,16.799999999999727
765_upper,2026-05-20,2026-05-20 10:00:00-04:00,2026-05-31 19:59:00-04:00,2026-05-20 10:32:00-04:00,upper,executed,,flat,inactive,2026-05-20 10:32:00-04:00,2026-05-20 15:00:00-04:00,4527.911609266219,4547.5,24.399999999999636,36.599999999999454,cutoff,-19.588390733781125
764_upper,2026-05-19,2026-05-19 10:00:00-04:00,2026-05-31 19:59:00-04:00,2026-05-20 11:16:00-04:00,upper,skipped,blocked_time,n/a,n/a,,,,,,,,
766_upper,2026-05-21,2026-05-21 10:00:00-04:00,2026-05-31 19:59:00-04:00,2026-05-21 13:51:00-04:00,upper,skipped,blocked_time,n/a,n/a,,,,,,,,
767_upper,2026-05-22,2026-05-22 10:00:00-04:00,2026-05-31 19:59:00-04:00,2026-05-24 18:46:00-04:00,upper,skipped,no_anchor,n/a,n/a,,,,,,,,
768_lower,2026-05-26,2026-05-25 10:00:00-04:00,2026-05-31 19:59:00-04:00,2026-05-25 21:38:00-04:00,lower,executed,,flat,inactive,2026-05-25 21:38:00-04:00,2026-05-25 22:46:00-04:00,4533.106688342097,4533.106688342097,21.300000000000182,31.950000000000273,BE,0.0
769_lower,2026-05-26,2026-05-26 10:00:00-04:00,2026-05-31 19:59:00-04:00,2026-05-26 14:05:00-04:00,lower,skipped,blocked_time,n/a,n/a,,,,,,,,
767_lower,2026-05-27,2026-05-22 10:00:00-04:00,2026-05-31 19:59:00-04:00,2026-05-27 06:48:00-04:00,lower,executed,,flat,inactive,2026-05-27 06:48:00-04:00,2026-05-27 07:56:00-04:00,4476.349448906335,4460.149448906335,10.800000000000182,16.200000000000273,SL,-16.199999999999818
765_lower,2026-05-20,2026-05-20 10:00:00-04:00,2026-05-31 19:59:00-04:00,2026-05-27 09:06:00-04:00,lower,skipped,SAL,n/a,active,,,,,,,,
766_lower,2026-05-21,2026-05-21 10:00:00-04:00,2026-05-31 19:59:00-04:00,2026-05-27 09:07:00-04:00,lower,skipped,SAL,n/a,active,,,,,,,,
770_upper,2026-05-27,2026-05-27 10:00:00-04:00,2026-05-31 19:59:00-04:00,2026-05-27 18:00:00-04:00,upper,skipped,no_anchor,n/a,n/a,,,,,,,,
764_lower,2026-05-28,2026-05-19 10:00:00-04:00,2026-05-31 19:59:00-04:00,2026-05-27 22:13:00-04:00,lower,executed,,flat,inactive,2026-05-27 22:13:00-04:00,2026-05-28 10:46:00-04:00,4429.497221681358,4507.797221681358,52.19999999999982,78.29999999999973,TP,78.29999999999973
771_upper,2026-05-28,2026-05-28 10:00:00-04:00,2026-05-31 19:59:00-04:00,2026-05-28 10:14:00-04:00,upper,skipped,position_open,open,inactive,,,,,,,,
769_upper,2026-05-29,2026-05-26 10:00:00-04:00,2026-05-31 19:59:00-04:00,2026-05-29 05:45:00-04:00,upper,executed,,flat,inactive,2026-05-29 05:45:00-04:00,2026-05-29 06:32:00-04:00,4564.334070813735,4564.334070813735,15.5,23.25,BE,-0.0
772_upper,2026-05-29,2026-05-29 10:00:00-04:00,2026-05-31 19:59:00-04:00,2026-05-29 10:53:00-04:00,upper,skipped,simultaneous_collision,flat,inactive,,,,,,,,
768_upper,2026-05-29,2026-05-25 10:00:00-04:00,2026-05-31 19:59:00-04:00,2026-05-29 10:53:00-04:00,upper,executed,,flat,inactive,2026-05-29 10:53:00-04:00,2026-05-29 15:00:00-04:00,4594.793311657903,4584.1,23.5,35.25,cutoff,10.693311657902996
762_upper,2026-05-15,2026-05-15 10:00:00-04:00,2026-05-31 19:59:00-04:00,2026-05-29 10:56:00-04:00,upper,skipped,position_open,open,inactive,,,,,,,,
763_upper,2026-05-18,2026-05-18 10:00:00-04:00,2026-05-31 19:59:00-04:00,2026-05-29 11:11:00-04:00,upper,skipped,blocked_time,n/a,n/a,,,,,,,,
